case,hash,size,primary_status,current_T,primary_T,alternate_T,chosen_T,skip_if_primary_not_longer,filtered_result_changed,filtered_raw_loss,equal_length_different_moves
0001.txt,18172111217572952075,3,primary_longer,106,109,-1,109,0,0,0,0
0001.txt,5771604285054592998,3,primary_longer,106,110,-1,110,0,0,0,0
0001.txt,3599111045546166903,4,primary_failed,106,-1,-1,-1,0,0,0,0
0001.txt,4908373834486551236,3,primary_failed,106,-1,-1,-1,0,0,0,0
0001.txt,3855653557855213384,2,primary_longer,106,110,110,110,0,0,0,1
0001.txt,13677632913460085727,4,primary_failed,106,-1,-1,-1,0,0,0,0
0001.txt,16408935982974037810,2,primary_longer,106,110,110,110,0,0,0,1
0001.txt,8117789308877648797,4,primary_failed,106,-1,-1,-1,0,0,0,0
0001.txt,4245142243975171578,3,primary_failed,106,-1,-1,-1,0,0,0,0
0001.txt,16343869421887736588,2,primary_longer,106,109,-1,109,0,0,0,0
0001.txt,586707036373972782,3,primary_failed,106,-1,-1,-1,0,0,0,0
0001.txt,16188502259084211155,3,primary_longer,106,108,109,108,0,0,0,0
0001.txt,11237389446142676845,3,primary_longer,106,109,109,109,0,0,0,1
0001.txt,9266421007504003878,3,primary_failed,106,-1,-1,-1,0,0,0,0
0001.txt,4013452041174004975,3,primary_failed,106,-1,-1,-1,0,0,0,0
0001.txt,2032169869804492676,3,primary_failed,106,-1,-1,-1,0,0,0,0
0001.txt,13050714764978852691,3,primary_longer,106,108,108,108,0,0,0,1
0001.txt,3972441366211879887,2,primary_equal_different,106,106,106,106,1,0,0,1
0001.txt,18312392819700600527,2,primary_duplicate,106,106,106,106,1,0,0,0
0001.txt,2516380969581167327,3,primary_failed,106,-1,-1,-1,0,0,0,0
0001.txt,3490266480368525850,2,primary_longer,106,109,108,108,0,0,0,0
0001.txt,16462512383696510062,2,primary_longer,106,110,-1,110,0,0,0,0
0001.txt,2410190724424693490,2,primary_longer,106,107,106,106,0,0,0,0
0001.txt,245578721211548318,4,primary_failed,106,-1,-1,-1,0,0,0,0
0001.txt,5333253007152601512,2,primary_longer,106,108,108,108,0,0,0,1
0001.txt,10602049384617509468,3,primary_equal_different,106,106,106,106,1,0,0,1
0001.txt,16497652982053585585,2,primary_longer,106,108,108,108,0,0,0,0
0001.txt,8159243634654978172,3,primary_failed,106,-1,-1,-1,0,0,0,0
0001.txt,12781201766808364974,3,primary_longer,106,110,110,110,0,0,0,0
0001.txt,16894701502643834560,4,primary_failed,106,-1,-1,-1,0,0,0,0
0001.txt,11017949633942443121,3,primary_failed,106,-1,-1,-1,0,0,0,0
0001.txt,8569805240236889795,2,primary_equal_different,106,106,106,106,1,0,0,1
0001.txt,13257300632152286574,2,primary_longer,106,109,109,109,0,0,0,1
0001.txt,15957929726345641158,3,primary_longer,106,108,108,108,0,0,0,0
0001.txt,5197651047410160957,3,primary_longer,106,109,108,108,0,0,0,0
0001.txt,16978148594304774643,2,primary_failed,106,-1,-1,-1,0,0,0,0
0001.txt,10658686399495717606,3,primary_longer,106,109,109,109,0,0,0,0
0001.txt,11593428312110884336,2,primary_longer,106,108,108,108,0,0,0,1
0001.txt,4547399057724531205,2,primary_longer,106,108,108,108,0,0,0,1
0001.txt,1463393615838020605,2,extract_failed,106,-1,-1,-1,0,0,0,0
0001.txt,17881329319550437983,3,primary_failed,106,-1,-1,-1,0,0,0,0
0001.txt,6512740723204420073,2,primary_longer,106,107,107,107,0,0,0,0
0001.txt,16913529803427533073,3,extract_failed,106,-1,-1,-1,0,0,0,0
0001.txt,11408469484792653738,4,primary_failed,106,-1,-1,-1,0,0,0,0
0001.txt,7305880059930723363,3,primary_failed,106,-1,-1,-1,0,0,0,0
0001.txt,11505240822593988327,2,extract_failed,106,-1,-1,-1,0,0,0,0
0001.txt,7303112245318989763,3,extract_failed,106,-1,-1,-1,0,0,0,0
0001.txt,17795872534835561511,2,primary_failed,106,-1,-1,-1,0,0,0,0
0001.txt,15069810092200355781,3,primary_failed,106,-1,-1,-1,0,0,0,0
0001.txt,1989644452746719000,4,primary_failed,106,-1,-1,-1,0,0,0,0
0001.txt,5802477920697570690,3,primary_longer,106,110,110,110,0,0,0,0
0001.txt,16434972953964868890,2,primary_longer,106,109,109,109,0,0,0,1
0001.txt,11717993168952927182,2,primary_longer,106,110,109,109,0,0,0,0
0001.txt,3665478720475935058,4,primary_failed,106,-1,-1,-1,0,0,0,0
0001.txt,11143248360476831961,3,primary_longer,106,110,110,110,0,0,0,0
0001.txt,3097427913080168140,2,primary_failed,106,-1,107,107,0,0,0,0
0001.txt,5522619670299619697,2,extract_failed,106,-1,-1,-1,0,0,0,0
0001.txt,10263868277788843615,2,primary_equal_different,106,106,106,106,1,0,0,0
0001.txt,18104155277529890985,3,primary_longer,106,108,108,108,0,0,0,0
0001.txt,1402657616122794772,2,primary_longer,106,108,108,108,0,0,0,1
0001.txt,3005793936448971177,2,extract_failed,106,-1,-1,-1,0,0,0,0
0001.txt,8025391895937499833,2,primary_longer,106,109,109,109,0,0,0,0
0001.txt,11534548400839178369,2,primary_longer,106,110,110,110,0,0,0,0
0001.txt,3769418459669020169,3,primary_longer,106,110,110,110,0,0,0,1
0002.txt,7775152004133877801,3,primary_longer,111,115,-1,115,0,0,0,0
0002.txt,12031824277597149034,4,primary_failed,111,-1,-1,-1,0,0,0,0
0002.txt,13059892635244316488,4,primary_longer,111,115,115,115,0,0,0,1
0002.txt,7758942436207338637,4,primary_longer,111,113,111,111,0,0,0,0
0002.txt,15150646755585837237,4,primary_failed,111,-1,-1,-1,0,0,0,0
0002.txt,10328292515446890361,4,primary_equal_different,111,111,111,111,1,0,0,0
0002.txt,3613594568242497382,2,primary_equal_different,111,111,111,111,1,0,0,0
0002.txt,8344366634736379111,3,primary_longer,111,113,113,113,0,0,0,1
0002.txt,2496248712838029464,4,primary_longer,111,115,115,115,0,0,0,0
0002.txt,15440174202960669493,3,primary_longer,111,112,111,111,0,0,0,0
0002.txt,18262038770251136524,4,primary_longer,111,112,112,112,0,0,0,0
0002.txt,8045137178111662959,3,primary_longer,111,112,111,111,0,0,0,0
0002.txt,752743755639024728,3,primary_duplicate,111,111,111,111,1,0,0,0
0002.txt,15222819112483530329,2,primary_equal_different,111,111,111,111,1,0,0,0
0002.txt,9364625451606564118,4,primary_equal_different,111,111,111,111,1,0,0,0
0002.txt,14815642860798493662,3,primary_longer,111,113,113,113,0,0,0,1
0002.txt,9936682818343456586,4,primary_longer,111,115,115,115,0,0,0,1
0002.txt,14264603380300853381,3,primary_equal_different,111,111,111,111,1,0,0,0
0002.txt,5242767859559504867,2,primary_equal_different,111,111,111,111,1,0,0,0
0002.txt,16889607475085168860,2,primary_equal_different,111,111,111,111,1,0,0,0
0002.txt,18036498758307723903,3,primary_equal_different,111,111,111,111,1,0,0,0
0002.txt,12326242798344933194,3,primary_longer,111,112,113,112,0,0,0,0
0002.txt,10967722322506026063,2,primary_equal_different,111,111,111,111,1,0,0,0
0002.txt,17066424023751641648,2,primary_equal_different,111,111,111,111,1,0,0,0
0002.txt,10259310863328500728,3,primary_failed,111,-1,-1,-1,0,0,0,0
0002.txt,12260196795106087504,2,primary_longer,111,115,115,115,0,0,0,1
0002.txt,1698526449461547109,4,primary_failed,111,-1,114,114,0,0,0,0
0002.txt,717852725038749613,4,primary_failed,111,-1,-1,-1,0,0,0,0
0002.txt,18043677539621604893,2,primary_duplicate,111,111,111,111,1,0,0,0
0002.txt,12986817203559742070,2,primary_equal_different,111,111,111,111,1,0,0,1
0002.txt,7791552459434253839,2,primary_equal_different,111,111,111,111,1,0,0,0
0002.txt,5547949381885031229,2,primary_equal_different,111,111,111,111,1,0,0,0
0002.txt,16431083962226474271,2,primary_equal_different,111,111,111,111,1,0,0,0
0002.txt,11010641068435392504,3,primary_longer,111,112,111,111,0,0,0,0
0002.txt,5337760383375031788,2,primary_equal_different,111,111,111,111,1,0,0,1
0002.txt,1077925857021765335,3,primary_equal_different,111,111,111,111,1,0,0,0
0002.txt,1647456768435805075,2,primary_longer,111,112,111,111,0,0,0,0
0002.txt,8394580025232610990,2,primary_equal_different,111,111,112,111,1,0,0,0
0002.txt,4532177299071077813,3,primary_equal_different,111,111,111,111,1,0,0,1
0002.txt,10025609404993138341,2,primary_equal_different,111,111,111,111,1,0,0,1
0002.txt,2863234846874212372,2,primary_longer,111,115,115,115,0,0,0,0
0002.txt,14470905905828559742,3,primary_equal_different,111,111,111,111,1,0,0,0
0002.txt,2281098374047680064,3,primary_equal_different,111,111,111,111,1,0,0,1
0002.txt,467773055211504218,3,primary_longer,111,112,112,112,0,0,0,0
0002.txt,16726549673278099415,3,primary_equal_different,111,111,112,111,1,0,0,0
0002.txt,7960628926315995774,3,primary_failed,111,-1,-1,-1,0,0,0,0
0002.txt,9603198504678264706,2,primary_longer,111,115,-1,115,0,0,0,0
0002.txt,18186059814345008811,2,primary_equal_different,111,111,111,111,1,0,0,0
0002.txt,8543982193907127665,3,primary_equal_different,111,111,111,111,1,0,0,0
0002.txt,12958040069868616689,2,primary_longer,111,112,112,112,0,0,0,0
0002.txt,6727525972858233681,2,primary_longer,111,113,113,113,0,0,0,0
0002.txt,11140030559958655680,2,primary_longer,111,112,112,112,0,0,0,1
0002.txt,13709637495196385908,2,primary_equal_different,111,111,112,111,1,0,0,0
0002.txt,1230349378670165155,2,primary_equal_different,111,111,111,111,1,0,0,0
0002.txt,15649560574169479353,2,primary_duplicate,111,111,111,111,1,0,0,0
0002.txt,2643303719201392527,3,primary_equal_different,111,111,111,111,1,0,0,0
0002.txt,16706162706971420047,2,primary_longer,111,112,111,111,0,0,0,0
0002.txt,434861357321785744,2,primary_equal_different,111,111,111,111,1,0,0,0
0002.txt,13599954449163814578,3,extract_failed,111,-1,-1,-1,0,0,0,0
0002.txt,16473037761413774086,3,primary_equal_different,111,111,111,111,1,0,0,0
0002.txt,18106100044469176190,3,primary_equal_different,111,111,111,111,1,0,0,0
0002.txt,16149425086021805729,4,primary_equal_different,111,111,112,111,1,0,0,0
0002.txt,12120618403179618396,3,primary_longer,111,114,115,114,0,0,0,0
0002.txt,4137485661579638838,3,primary_longer,111,115,115,115,0,0,0,0
0003.txt,6853578405336432192,4,primary_failed,132,-1,-1,-1,0,0,0,0
0003.txt,6500050001020937829,2,primary_longer,132,135,135,135,0,0,0,1
0003.txt,15646617595247076210,4,primary_longer,132,133,133,133,0,0,0,1
0003.txt,1112478730385971851,3,primary_equal_different,132,132,132,132,1,0,0,0
0003.txt,6947768662101825517,3,primary_longer,132,135,-1,135,0,0,0,0
0003.txt,18024643004376977471,4,primary_failed,132,-1,-1,-1,0,0,0,0
0003.txt,11473017201788561992,2,primary_longer,132,134,134,134,0,0,0,1
0003.txt,5284426786614487940,3,primary_failed,132,-1,136,136,0,0,0,0
0003.txt,4334779392344573928,4,primary_failed,132,-1,-1,-1,0,0,0,0
0003.txt,16970078681950151663,3,primary_longer,132,136,135,135,0,0,0,0
0003.txt,8668612376549969533,4,primary_failed,132,-1,-1,-1,0,0,0,0
0003.txt,14827043646756601679,3,primary_failed,132,-1,136,136,0,0,0,0
0003.txt,4214412415894624893,2,primary_longer,132,135,134,134,0,0,0,0
0003.txt,2308873376201069155,3,primary_equal_different,132,132,134,132,1,0,0,0
0003.txt,9191393690470445606,2,primary_longer,132,135,135,135,0,0,0,1
0003.txt,11927272091835398233,4,primary_longer,132,133,133,133,0,0,0,1
0003.txt,10687695794970145045,3,primary_longer,132,133,133,133,0,0,0,1
0003.txt,8646715591389729761,2,primary_longer,132,133,132,132,0,0,0,0
0003.txt,11359116125330048238,3,primary_longer,132,133,134,133,0,0,0,0
0003.txt,13465968542401235555,3,primary_longer,132,134,134,134,0,0,0,1
0003.txt,17971578894721786709,3,primary_failed,132,-1,136,136,0,0,0,0
0003.txt,2841029815255734474,3,extract_failed,132,-1,-1,-1,0,0,0,0
0003.txt,13417329471400618278,3,primary_longer,132,133,135,133,0,0,0,0
0003.txt,6328185766310423670,3,primary_longer,132,136,-1,136,0,0,0,0
0003.txt,7591702002082307358,3,primary_longer,132,135,135,135,0,0,0,0
0003.txt,16273306396589010341,4,primary_failed,132,-1,-1,-1,0,0,0,0
0003.txt,2365680808928634746,2,primary_equal_different,132,132,133,132,1,0,0,0
0003.txt,5242895374738741486,3,primary_longer,132,136,135,135,0,0,0,0
0003.txt,17999680677350894325,4,primary_failed,132,-1,-1,-1,0,0,0,0
0003.txt,13766876773133779624,3,primary_longer,132,136,136,136,0,0,0,0
0003.txt,13858086398627666093,4,primary_failed,132,-1,-1,-1,0,0,0,0
0003.txt,7398271387521802464,2,primary_longer,132,133,132,132,0,0,0,0
0003.txt,7475721173637772272,3,primary_failed,132,-1,-1,-1,0,0,0,0
0003.txt,894357819358638659,2,primary_longer,132,135,135,135,0,0,0,1
0003.txt,937073878715518110,3,primary_longer,132,133,133,133,0,0,0,1
0003.txt,12440813460589571020,2,primary_failed,132,-1,136,136,0,0,0,0
0003.txt,3376666052120326259,3,primary_failed,132,-1,-1,-1,0,0,0,0
0003.txt,4957469968757856720,3,primary_failed,132,-1,-1,-1,0,0,0,0
0003.txt,6218054461245166876,3,primary_failed,132,-1,-1,-1,0,0,0,0
0003.txt,15566499780350462172,2,primary_duplicate,132,132,132,132,1,0,0,0
0003.txt,2551070540407287316,2,primary_longer,132,135,135,135,0,0,0,0
0003.txt,10523194330502645526,3,primary_failed,132,-1,-1,-1,0,0,0,0
0003.txt,2557698759854563341,2,primary_longer,132,133,133,133,0,0,0,1
0003.txt,15971887738360133929,3,primary_duplicate,132,132,132,132,1,0,0,0
0003.txt,707465629139175997,2,primary_longer,132,134,134,134,0,0,0,0
0003.txt,17106585609758571038,4,primary_failed,132,-1,-1,-1,0,0,0,0
0003.txt,8475942915939222824,3,primary_longer,132,135,135,135,0,0,0,1
0003.txt,2972950996168096290,2,primary_equal_different,132,132,132,132,1,0,0,1
0003.txt,1230267931714580301,3,primary_failed,132,-1,-1,-1,0,0,0,0
0003.txt,4684691778889887230,2,primary_failed,132,-1,-1,-1,0,0,0,0
0003.txt,4336325984957757329,2,primary_longer,132,134,134,134,0,0,0,0
0003.txt,10293617425666714427,2,primary_equal_different,132,132,132,132,1,0,0,1
0003.txt,12421056727118798032,3,primary_failed,132,-1,-1,-1,0,0,0,0
0003.txt,11176673617056541295,2,primary_longer,132,133,133,133,0,0,0,0
0003.txt,10765373539777156433,3,primary_longer,132,134,134,134,0,0,0,1
0003.txt,16545750927358295025,2,primary_failed,132,-1,-1,-1,0,0,0,0
0003.txt,2885206011275293946,2,primary_longer,132,136,136,136,0,0,0,0
0003.txt,7149494368549013651,2,extract_failed,132,-1,-1,-1,0,0,0,0
0003.txt,648718398846451608,4,primary_failed,132,-1,-1,-1,0,0,0,0
0003.txt,11853881581773331423,4,primary_longer,132,133,133,133,0,0,0,0
0003.txt,15143325992079166259,3,primary_longer,132,135,135,135,0,0,0,1
0003.txt,11345281112136331692,3,primary_failed,132,-1,136,136,0,0,0,0
0003.txt,16390885186698906226,3,primary_failed,132,-1,-1,-1,0,0,0,0
0003.txt,17228346625062788694,3,primary_longer,132,134,136,134,0,0,0,0
0004.txt,11008373119936679057,4,primary_failed,255,-1,-1,-1,0,0,0,0
0004.txt,9271534197082644619,4,primary_longer,255,256,255,255,0,0,0,0
0004.txt,9021788473578279355,2,primary_equal_different,255,255,256,255,1,0,0,0
0004.txt,16091857874506501273,3,primary_longer,255,259,-1,259,0,0,0,0
0004.txt,10563049423049404373,3,primary_failed,255,-1,-1,-1,0,0,0,0
0004.txt,6070479501713310613,2,primary_failed,255,-1,-1,-1,0,0,0,0
0004.txt,1431490819522465542,4,primary_failed,255,-1,-1,-1,0,0,0,0
0004.txt,11521480121517663124,3,primary_equal_different,255,255,256,255,1,0,0,0
0004.txt,12760915624478718689,4,primary_failed,255,-1,-1,-1,0,0,0,0
0004.txt,17685833047946171608,3,primary_longer,255,258,258,258,0,0,0,1
0004.txt,7058479711393265240,2,primary_equal_different,255,255,256,255,1,0,0,0
0004.txt,299941035005801165,3,primary_shorter,255,254,255,254,1,0,0,0
0004.txt,10100816555118490101,3,primary_equal_different,255,255,256,255,1,0,0,0
0004.txt,13607085211511547434,3,primary_longer,255,257,-1,257,0,0,0,0
0004.txt,9941022224997987841,3,primary_longer,255,256,256,256,0,0,0,1
0004.txt,7359437953412738337,4,primary_failed,255,-1,-1,-1,0,0,0,0
0004.txt,15012630113973530888,2,primary_equal_different,255,255,256,255,1,0,0,0
0004.txt,930622777178315482,3,primary_longer,255,258,259,258,0,0,0,0
0004.txt,5374555785748773272,3,primary_longer,255,259,259,259,0,0,0,1
0004.txt,2047992610811161512,3,primary_longer,255,257,257,257,0,0,0,0
0004.txt,7019137607953200862,3,primary_longer,255,258,257,257,0,0,0,0
0004.txt,15112052561938805450,4,primary_failed,255,-1,-1,-1,0,0,0,0
0004.txt,2370453874923803800,2,primary_longer,255,256,-1,256,0,0,0,0
0004.txt,11883921039093123506,3,primary_failed,255,-1,-1,-1,0,0,0,0
0004.txt,6082100369724894618,4,primary_failed,255,-1,-1,-1,0,0,0,0
0004.txt,8236464968704273709,2,primary_equal_different,255,255,255,255,1,0,0,1
0004.txt,4270628074068036795,4,primary_failed,255,-1,-1,-1,0,0,0,0
0004.txt,5635606426847862577,2,primary_equal_different,255,255,259,255,1,0,0,0
0004.txt,3983347286977498641,3,primary_longer,255,259,259,259,0,0,0,1
0004.txt,13671753297420923009,4,primary_longer,255,258,258,258,0,0,0,1
0004.txt,13076507151817448171,2,primary_equal_different,255,255,256,255,1,0,0,0
0004.txt,2620998107418728588,2,primary_failed,255,-1,-1,-1,0,0,0,0
0004.txt,17811787333099554519,3,primary_longer,255,259,259,259,0,0,0,1
0004.txt,5918205631828452193,3,primary_equal_different,255,255,255,255,1,0,0,0
0004.txt,2290670919899326066,3,primary_equal_different,255,255,257,255,1,0,0,0
0004.txt,12149393560254818029,3,primary_longer,255,256,256,256,0,0,0,0
0004.txt,7782062955596124927,4,primary_longer,255,257,257,257,0,0,0,0
0004.txt,13335715582757364060,3,primary_longer,255,256,256,256,0,0,0,1
0004.txt,16417750981440183122,3,primary_failed,255,-1,-1,-1,0,0,0,0
0004.txt,16023763585113725094,3,primary_longer,255,258,-1,258,0,0,0,0
0004.txt,9843843910471554507,2,primary_longer,255,256,256,256,0,0,0,1
0004.txt,10957670740046456924,4,primary_failed,255,-1,-1,-1,0,0,0,0
0004.txt,11441499905397142310,2,primary_equal_different,255,255,255,255,1,0,0,1
0004.txt,17995436525320258789,3,primary_longer,255,257,257,257,0,0,0,1
0004.txt,7059274910728655784,2,primary_longer,255,258,259,258,0,0,0,0
0004.txt,13030654939527619602,3,primary_longer,255,259,256,256,0,0,0,0
0004.txt,12589580357475708451,4,primary_longer,255,257,256,256,0,0,0,0
0004.txt,13577629615873963225,4,primary_longer,255,258,258,258,0,0,0,0
0004.txt,5337760383375031788,2,primary_equal_different,255,255,255,255,1,0,0,0
0004.txt,8207842210221479924,3,primary_equal_different,255,255,255,255,1,0,0,0
0004.txt,4649815935314137590,2,primary_longer,255,257,257,257,0,0,0,0
0004.txt,16211006939596345970,3,primary_failed,255,-1,-1,-1,0,0,0,0
0004.txt,6404114820134456371,3,primary_longer,255,257,257,257,0,0,0,0
0004.txt,10628636970791495492,2,primary_longer,255,256,256,256,0,0,0,0
0004.txt,6967817748948813708,2,primary_longer,255,257,257,257,0,0,0,0
0004.txt,2761789983471351418,2,primary_longer,255,259,256,256,0,0,0,0
0004.txt,17603394345570651773,4,primary_longer,255,258,257,257,0,0,0,0
0004.txt,10499100835084418267,3,primary_failed,255,-1,-1,-1,0,0,0,0
0004.txt,4615389827902662100,3,primary_failed,255,-1,-1,-1,0,0,0,0
0004.txt,15617601708145378901,2,primary_longer,255,256,256,256,0,0,0,1
0004.txt,2774252158021925819,2,primary_longer,255,257,258,257,0,0,0,0
0004.txt,8345689956295351329,3,primary_longer,255,256,256,256,0,0,0,0
0004.txt,2872517429803239130,3,primary_longer,255,259,259,259,0,0,0,0
0004.txt,2263249797190815280,3,primary_longer,255,257,257,257,0,0,0,1
0005.txt,4182348739367635075,4,primary_failed,572,-1,-1,-1,0,0,0,0
0005.txt,12961369429383858827,4,primary_longer,572,575,575,575,0,0,0,0
0005.txt,17470569599079379918,4,primary_longer,572,575,575,575,0,0,0,1
0005.txt,11572408002959495036,3,primary_longer,572,575,-1,575,0,0,0,0
0005.txt,9119579912354983753,4,primary_failed,572,-1,576,576,0,0,0,0
0005.txt,17863414503840831151,2,primary_longer,572,573,573,573,0,0,0,1
0005.txt,6550798299113144784,2,primary_longer,572,576,-1,576,0,0,0,0
0005.txt,14801821795988082895,2,primary_longer,572,573,573,573,0,0,0,1
0005.txt,5998519031406994588,2,primary_failed,572,-1,576,576,0,0,0,0
0005.txt,16595646456057767166,4,primary_failed,572,-1,575,575,0,0,0,0
0005.txt,6039737180711641213,3,primary_failed,572,-1,-1,-1,0,0,0,0
0005.txt,7074776540497912914,3,primary_failed,572,-1,-1,-1,0,0,0,0
0005.txt,17590435443383677967,3,primary_failed,572,-1,-1,-1,0,0,0,0
0005.txt,4340601167519998519,3,primary_longer,572,574,574,574,0,0,0,1
0005.txt,10721155021679466890,2,primary_equal_different,572,572,572,572,1,0,0,1
0005.txt,3624063470130267334,4,primary_failed,572,-1,-1,-1,0,0,0,0
0005.txt,5413030684014477332,4,extract_failed,572,-1,-1,-1,0,0,0,0
0005.txt,3374805250892727447,2,primary_longer,572,576,576,576,0,0,0,1
0005.txt,11186148811746660301,4,extract_failed,572,-1,-1,-1,0,0,0,0
0005.txt,913388325179982677,4,primary_longer,572,576,576,576,0,0,0,0
0005.txt,16440987187144574102,4,primary_longer,572,574,575,574,0,0,0,0
0005.txt,2999483680349293892,4,primary_longer,572,574,574,574,0,0,0,0
0005.txt,11862838773289011977,4,extract_failed,572,-1,-1,-1,0,0,0,0
0005.txt,3382663731032993131,4,extract_failed,572,-1,-1,-1,0,0,0,0
0005.txt,13073511495808484199,3,primary_longer,572,576,576,576,0,0,0,1
0005.txt,14120750044893600364,3,primary_failed,572,-1,-1,-1,0,0,0,0
0005.txt,18392436617731709983,4,primary_failed,572,-1,-1,-1,0,0,0,0
0005.txt,15689273453579207087,3,primary_failed,572,-1,-1,-1,0,0,0,0
0005.txt,5812285300405170268,3,primary_equal_different,572,572,572,572,1,0,0,1
0005.txt,5819108668312714887,4,primary_failed,572,-1,-1,-1,0,0,0,0
0005.txt,6204619783684221232,3,primary_failed,572,-1,-1,-1,0,0,0,0
0005.txt,3038381383421176393,3,primary_equal_different,572,572,572,572,1,0,0,0
0005.txt,1780374399581613074,4,primary_longer,572,575,575,575,0,0,0,1
0005.txt,2438791043264463984,2,primary_longer,572,575,575,575,0,0,0,1
0005.txt,12362680400372061749,3,primary_longer,572,573,573,573,0,0,0,0
0005.txt,13255668882894449618,4,extract_failed,572,-1,-1,-1,0,0,0,0
0005.txt,17493165485437590672,2,primary_longer,572,574,573,573,0,0,0,0
0005.txt,15979961678249591491,3,primary_longer,572,576,-1,576,0,0,0,0
0005.txt,10712765157353739387,3,primary_failed,572,-1,-1,-1,0,0,0,0
0005.txt,17909186501915696415,4,extract_failed,572,-1,-1,-1,0,0,0,0
0005.txt,5676845735089562359,2,primary_longer,572,575,576,575,0,0,0,0
0005.txt,2237704466813667955,4,primary_longer,572,574,573,573,0,0,0,0
0005.txt,18246795814060234644,2,primary_longer,572,573,573,573,0,0,0,1
0005.txt,5333253007152601512,2,primary_longer,572,574,574,574,0,0,0,1
0005.txt,14804561958688377196,2,primary_longer,572,575,573,573,0,0,0,0
0005.txt,5034766139552711775,3,extract_failed,572,-1,-1,-1,0,0,0,0
0005.txt,15174451009915814378,4,primary_failed,572,-1,-1,-1,0,0,0,0
0005.txt,4944858697659113271,4,primary_failed,572,-1,-1,-1,0,0,0,0
0005.txt,18073780317202185479,2,primary_longer,572,576,-1,576,0,0,0,0
0005.txt,13750876803438085690,2,primary_equal_different,572,572,572,572,1,0,0,1
0005.txt,5849525964649475946,4,extract_failed,572,-1,-1,-1,0,0,0,0
0005.txt,8277881091797328378,2,primary_longer,572,574,573,573,0,0,0,0
0005.txt,12381439922175507195,3,primary_equal_different,572,572,572,572,1,0,0,0
0005.txt,4360483186476980175,4,primary_shorter,572,571,571,571,1,0,0,1
0005.txt,16733967826475799997,2,primary_longer,572,573,573,573,0,0,0,1
0005.txt,9280707861780425902,3,extract_failed,572,-1,-1,-1,0,0,0,0
0005.txt,17430915883666680101,4,extract_failed,572,-1,-1,-1,0,0,0,0
0005.txt,18194191427524507823,2,primary_longer,572,574,574,574,0,0,0,1
0005.txt,15864578378859207391,4,primary_failed,572,-1,574,574,0,0,0,0
0005.txt,10126836577920788625,4,primary_failed,572,-1,576,576,0,0,0,0
0005.txt,6391180783843997411,2,extract_failed,572,-1,-1,-1,0,0,0,0
0005.txt,7978803241882673752,3,primary_failed,572,-1,574,574,0,0,0,0
0005.txt,14264131443575013221,3,primary_longer,572,574,574,574,0,0,0,1
0005.txt,384522429116848106,4,primary_longer,572,574,574,574,0,0,0,1
0006.txt,17596710707795214634,4,primary_failed,114,-1,-1,-1,0,0,0,0
0006.txt,7620487180865363168,3,primary_longer,114,115,116,115,0,0,0,0
0006.txt,15212501063717812567,4,primary_longer,114,118,118,118,0,0,0,1
0006.txt,15498916247620608517,4,primary_longer,114,116,-1,116,0,0,0,0
0006.txt,17249602655937832796,4,primary_failed,114,-1,118,118,0,0,0,0
0006.txt,9218469403324389977,3,primary_longer,114,115,117,115,0,0,0,0
0006.txt,5865893598668940575,3,primary_longer,114,117,117,117,0,0,0,1
0006.txt,3912412625902073602,2,primary_longer,114,115,115,115,0,0,0,0
0006.txt,41845975182073147,2,primary_longer,114,115,114,114,0,0,0,0
0006.txt,1850261487905327737,3,primary_longer,114,118,-1,118,0,0,0,0
0006.txt,7523913401775184927,4,extract_failed,114,-1,-1,-1,0,0,0,0
0006.txt,14325646248512836336,4,primary_longer,114,116,117,116,0,0,0,0
0006.txt,7874826928172171439,3,primary_longer,114,116,117,116,0,0,0,0
0006.txt,1495175667010766170,2,primary_longer,114,116,116,116,0,0,0,1
0006.txt,8464542422379122067,3,primary_longer,114,116,117,116,0,0,0,0
0006.txt,8748226156984782648,4,primary_failed,114,-1,-1,-1,0,0,0,0
0006.txt,15546564451838027101,3,primary_longer,114,115,115,115,0,0,0,1
0006.txt,15484844797431719027,4,primary_failed,114,-1,-1,-1,0,0,0,0
0006.txt,13382572748399748968,2,primary_longer,114,115,115,115,0,0,0,0
0006.txt,489224905922914842,4,primary_longer,114,115,116,115,0,0,0,0
0006.txt,10288324361323718350,3,extract_failed,114,-1,-1,-1,0,0,0,0
0006.txt,16659559910801280549,4,primary_failed,114,-1,-1,-1,0,0,0,0
0006.txt,10262316519375915255,3,primary_longer,114,116,116,116,0,0,0,0
0006.txt,571716233330577071,3,extract_failed,114,-1,-1,-1,0,0,0,0
0006.txt,17809253613777980152,3,primary_longer,114,116,116,116,0,0,0,1
0006.txt,938729687465511817,4,primary_longer,114,116,116,116,0,0,0,0
0006.txt,14842449159403583183,3,primary_longer,114,116,117,116,0,0,0,0
0006.txt,12112636994564547825,3,extract_failed,114,-1,-1,-1,0,0,0,0
0006.txt,10444308128420972244,2,primary_longer,114,116,116,116,0,0,0,1
0006.txt,7605367528620210725,2,primary_longer,114,118,118,118,0,0,0,1
0006.txt,16491818580795468322,4,primary_longer,114,117,118,117,0,0,0,0
0006.txt,9157172408696502830,4,primary_longer,114,118,-1,118,0,0,0,0
0006.txt,127525810010826043,4,primary_failed,114,-1,-1,-1,0,0,0,0
0006.txt,17209906327325364678,3,primary_failed,114,-1,118,118,0,0,0,0
0006.txt,5242414229856795093,2,primary_longer,114,115,115,115,0,0,0,0
0006.txt,11238301172310890579,3,primary_failed,114,-1,118,118,0,0,0,0
0006.txt,13608087592791452255,3,primary_equal_different,114,114,115,114,1,0,0,0
0006.txt,17036321246171061062,2,primary_longer,114,115,115,115,0,0,0,0
0006.txt,9189661360399929415,3,primary_failed,114,-1,-1,-1,0,0,0,0
0006.txt,9911983840574966032,4,primary_failed,114,-1,-1,-1,0,0,0,0
0006.txt,15015495076671341717,3,primary_longer,114,116,116,116,0,0,0,0
0006.txt,11402629977764375373,3,primary_failed,114,-1,117,117,0,0,0,0
0006.txt,14102307717223700621,3,primary_longer,114,116,116,116,0,0,0,1
0006.txt,3494870212794689033,3,primary_longer,114,117,117,117,0,0,0,0
0006.txt,17504895139124902185,3,primary_failed,114,-1,-1,-1,0,0,0,0
0006.txt,5813376110438671897,3,extract_failed,114,-1,-1,-1,0,0,0,0
0006.txt,15885119847822118823,3,primary_longer,114,116,115,115,0,0,0,0
0006.txt,13833583967554393097,2,primary_longer,114,118,117,117,0,0,0,0
0006.txt,13559123607293482978,2,primary_longer,114,115,115,115,0,0,0,0
0006.txt,10721155021679466890,2,primary_equal_different,114,114,116,114,1,0,0,0
0006.txt,891971286361054132,2,primary_longer,114,116,116,116,0,0,0,0
0006.txt,543765404633795967,3,primary_failed,114,-1,-1,-1,0,0,0,0
0006.txt,1438866584870348633,3,primary_longer,114,117,117,117,0,0,0,0
0006.txt,1402785131302031391,3,primary_longer,114,116,117,116,0,0,0,0
0006.txt,18397309701963137574,2,primary_duplicate,114,114,115,114,1,0,0,0
0006.txt,4206055187675989788,3,primary_longer,114,118,118,118,0,0,0,0
0006.txt,17508285334108361667,3,primary_failed,114,-1,-1,-1,0,0,0,0
0006.txt,17886888126982722817,2,primary_longer,114,116,116,116,0,0,0,0
0006.txt,3822104293160331844,2,primary_equal_different,114,114,114,114,1,0,0,1
0006.txt,7148080784729587450,2,primary_equal_different,114,114,114,114,1,0,0,0
0006.txt,18004471134674779864,2,primary_equal_different,114,114,114,114,1,0,0,0
0006.txt,829732827905018207,2,primary_longer,114,118,118,118,0,0,0,0
0006.txt,14108044327815303216,2,extract_failed,114,-1,-1,-1,0,0,0,0
0006.txt,9960189214204127345,2,primary_longer,114,115,115,115,0,0,0,1
0007.txt,5457648726851257039,3,primary_equal_different,119,119,119,119,1,0,0,1
0007.txt,1331793576896313917,4,primary_longer,119,123,123,123,0,0,0,0
0007.txt,285391674930898145,4,primary_longer,119,120,120,120,0,0,0,0
0007.txt,8827018596511379162,4,primary_failed,119,-1,-1,-1,0,0,0,0
0007.txt,17041182252096201112,2,primary_longer,119,121,121,121,0,0,0,0
0007.txt,1470606156638425349,4,primary_equal_different,119,119,119,119,1,0,0,0
0007.txt,13595599057696119939,3,primary_longer,119,120,120,120,0,0,0,0
0007.txt,10506369772025653282,2,primary_duplicate,119,119,119,119,1,0,0,1
0007.txt,10050497546945869103,2,primary_longer,119,120,120,120,0,0,0,0
0007.txt,8333470225185585100,3,primary_longer,119,122,121,121,0,0,0,0
0007.txt,17801625042983275033,3,primary_longer,119,120,119,119,0,0,0,0
0007.txt,18122374611822008540,4,primary_longer,119,123,123,123,0,0,0,1
0007.txt,5635783241699217464,2,primary_equal_different,119,119,119,119,1,0,0,0
0007.txt,6213038591288069418,2,primary_longer,119,121,121,121,0,0,0,0
0007.txt,4977199313691164471,4,primary_equal_different,119,119,119,119,1,0,0,0
0007.txt,16994093812978477020,3,primary_failed,119,-1,-1,-1,0,0,0,0
0007.txt,8303190632753649627,3,primary_equal_different,119,119,119,119,1,0,0,0
0007.txt,17280678828851390595,2,primary_failed,119,-1,-1,-1,0,0,0,0
0007.txt,12164523347773790265,4,primary_longer,119,123,123,123,0,0,0,0
0007.txt,6505446653107847298,3,primary_longer,119,121,122,121,0,0,0,0
0007.txt,3709566534210568771,3,primary_longer,119,121,122,121,0,0,0,0
0007.txt,12959454588679455785,2,primary_longer,119,121,119,119,0,0,0,0
0007.txt,10443159299382871926,2,primary_longer,119,121,122,121,0,0,0,0
0007.txt,8122012613482766269,3,primary_longer,119,121,121,121,0,0,0,0
0007.txt,7391272854775702674,4,primary_longer,119,120,119,119,0,0,0,0
0007.txt,1765665838319865347,3,primary_longer,119,121,120,120,0,0,0,0
0007.txt,14364692471802557021,3,primary_longer,119,123,122,122,0,0,0,0
0007.txt,15734339478264132793,3,primary_longer,119,121,123,121,0,0,0,0
0007.txt,7924784575617565116,3,primary_failed,119,-1,-1,-1,0,0,0,0
0007.txt,8122152568266575624,2,primary_longer,119,123,-1,123,0,0,0,0
0007.txt,3858226113860259031,3,primary_equal_different,119,119,119,119,1,0,0,0
0007.txt,15586880546080762658,2,primary_equal_different,119,119,120,119,1,0,0,0
0007.txt,6422255575611323428,2,primary_longer,119,121,121,121,0,0,0,0
0007.txt,10375301006910225127,3,primary_longer,119,123,123,123,0,0,0,0
0007.txt,11140030559958655680,2,primary_equal_different,119,119,119,119,1,0,0,0
0007.txt,6878393490463846385,2,primary_equal_different,119,119,122,119,1,0,0,0
0007.txt,14564440188168885884,4,primary_failed,119,-1,-1,-1,0,0,0,0
0007.txt,17665636569327181276,4,primary_longer,119,120,119,119,0,0,0,0
0007.txt,7270356663641850076,4,primary_failed,119,-1,-1,-1,0,0,0,0
0007.txt,2731166219234980935,3,primary_longer,119,122,122,122,0,0,0,0
0007.txt,12135433725394179333,3,primary_longer,119,123,122,122,0,0,0,0
0007.txt,10188383933277593236,3,primary_failed,119,-1,-1,-1,0,0,0,0
0007.txt,405738271635918157,3,extract_failed,119,-1,-1,-1,0,0,0,0
0007.txt,14475059599031730265,3,primary_longer,119,120,120,120,0,0,0,0
0007.txt,7799016782549208962,4,primary_failed,119,-1,123,123,0,0,0,0
0007.txt,16251094400559506833,3,extract_failed,119,-1,-1,-1,0,0,0,0
0007.txt,5230053209940699396,3,primary_equal_different,119,119,122,119,1,0,0,0
0007.txt,14857509642520583582,4,primary_longer,119,123,123,123,0,0,0,0
0007.txt,11956164101818661460,2,primary_longer,119,120,119,119,0,0,0,0
0007.txt,16391271452508708398,3,primary_longer,119,122,121,121,0,0,0,0
0007.txt,11306281203884776576,3,primary_longer,119,121,121,121,0,0,0,0
0007.txt,3614920212131952587,2,primary_failed,119,-1,-1,-1,0,0,0,0
0007.txt,13616598457652624613,3,primary_failed,119,-1,-1,-1,0,0,0,0
0007.txt,5122356749237182523,2,primary_longer,119,121,121,121,0,0,0,1
0007.txt,17948074904486735653,3,primary_longer,119,122,122,122,0,0,0,1
0007.txt,10371973618701398881,3,extract_failed,119,-1,-1,-1,0,0,0,0
0007.txt,13380186215402164441,2,primary_failed,119,-1,-1,-1,0,0,0,0
0007.txt,3428912096169264360,2,extract_failed,119,-1,-1,-1,0,0,0,0
0007.txt,13106256299695318983,2,primary_equal_different,119,119,120,119,1,0,0,0
0007.txt,3054165018640642890,4,extract_failed,119,-1,-1,-1,0,0,0,0
0007.txt,1250818084330436637,2,primary_equal_different,119,119,119,119,1,0,0,0
0007.txt,9753181948027102975,2,extract_failed,119,-1,-1,-1,0,0,0,0
0007.txt,10871153421663681702,4,primary_longer,119,123,120,120,0,0,0,0
0007.txt,11172343055685465906,2,primary_longer,119,121,121,121,0,0,0,1
0008.txt,3316080995535323210,3,primary_longer,124,127,127,127,0,0,0,1
0008.txt,2108926579005285533,4,primary_longer,124,127,127,127,0,0,0,1
0008.txt,14927241539417812356,4,primary_longer,124,128,128,128,0,0,0,1
0008.txt,18256988715702332195,4,primary_longer,124,127,127,127,0,0,0,1
0008.txt,11605477302196501753,4,primary_longer,124,127,127,127,0,0,0,0
0008.txt,17705653077015203644,2,primary_equal_different,124,124,124,124,1,0,0,0
0008.txt,5605503649267281991,2,primary_longer,124,127,128,127,0,0,0,0
0008.txt,4010978360128793774,3,primary_longer,124,126,126,126,0,0,0,0
0008.txt,12044266302447141732,4,primary_longer,124,126,126,126,0,0,0,0
0008.txt,4906375151063457525,3,primary_longer,124,127,128,127,0,0,0,0
0008.txt,17453173838537986925,3,primary_longer,124,126,126,126,0,0,0,1
0008.txt,13831374249408163457,2,primary_equal_different,124,124,124,124,1,0,0,0
0008.txt,4271475867288626596,3,primary_longer,124,128,126,126,0,0,0,0
0008.txt,16909904105698771417,4,primary_longer,124,126,126,126,0,0,0,0
0008.txt,16523071568560381008,2,primary_longer,124,125,125,125,0,0,0,0
0008.txt,14683388167681041895,4,extract_failed,124,-1,-1,-1,0,0,0,0
0008.txt,13056692160260619213,3,primary_longer,124,126,126,126,0,0,0,0
0008.txt,6098263462280637406,3,primary_longer,124,125,125,125,0,0,0,0
0008.txt,14796853970870562950,3,primary_failed,124,-1,-1,-1,0,0,0,0
0008.txt,16009468261246991180,2,primary_equal_different,124,124,124,124,1,0,0,0
0008.txt,14316003937034319796,3,primary_longer,124,125,125,125,0,0,0,1
0008.txt,14424691291186990999,3,primary_longer,124,127,127,127,0,0,0,1
0008.txt,705650157569434607,3,primary_longer,124,125,125,125,0,0,0,0
0008.txt,10512327735244123864,3,primary_failed,124,-1,-1,-1,0,0,0,0
0008.txt,12316431022628763439,4,extract_failed,124,-1,-1,-1,0,0,0,0
0008.txt,12535187599921062284,2,primary_longer,124,127,125,125,0,0,0,0
0008.txt,13756746380558798193,3,extract_failed,124,-1,-1,-1,0,0,0,0
0008.txt,12578105648963617000,4,extract_failed,124,-1,-1,-1,0,0,0,0
0008.txt,2967829040274903424,4,primary_failed,124,-1,-1,-1,0,0,0,0
0008.txt,18026570063997266588,3,primary_longer,124,125,127,125,0,0,0,0
0008.txt,17706271461499239301,2,primary_equal_different,124,124,124,124,1,0,0,0
0008.txt,6273951405854650138,2,primary_longer,124,125,125,125,0,0,0,1
0008.txt,4251621985731776379,3,primary_longer,124,127,127,127,0,0,0,0
0008.txt,8722793601067348248,2,primary_longer,124,127,127,127,0,0,0,0
0008.txt,17915022709673032033,3,primary_equal_different,124,124,124,124,1,0,0,0
0008.txt,9477395943876737651,2,primary_longer,124,126,126,126,0,0,0,1
0008.txt,6599251213494285505,4,primary_longer,124,127,127,127,0,0,0,1
0008.txt,2023749660055011405,3,primary_longer,124,127,-1,127,0,0,0,0
0008.txt,11492342672863127592,4,extract_failed,124,-1,-1,-1,0,0,0,0
0008.txt,15168181822652928755,2,primary_equal_different,124,124,124,124,1,0,0,0
0008.txt,10631200318640434906,2,primary_equal_different,124,124,124,124,1,0,0,0
0008.txt,11413960475665501138,2,primary_equal_different,124,124,124,124,1,0,0,0
0008.txt,4900098595363676776,3,primary_longer,124,125,125,125,0,0,0,0
0008.txt,12777865909009226838,2,primary_longer,124,125,125,125,0,0,0,0
0008.txt,2945411566436455118,2,primary_longer,124,125,125,125,0,0,0,0
0008.txt,3064091993516310209,4,extract_failed,124,-1,-1,-1,0,0,0,0
0008.txt,6906969642786836371,3,primary_equal_different,124,124,124,124,1,0,0,0
0008.txt,14717234073852756604,3,primary_longer,124,126,126,126,0,0,0,0
0008.txt,8805510223081930419,3,primary_longer,124,126,126,126,0,0,0,0
0008.txt,13883516656600661944,3,extract_failed,124,-1,-1,-1,0,0,0,0
0008.txt,13012386743628851331,4,primary_equal_different,124,124,124,124,1,0,0,1
0008.txt,4509791967206586237,3,extract_failed,124,-1,-1,-1,0,0,0,0
0008.txt,10596243527593437474,3,primary_longer,124,126,126,126,0,0,0,0
0008.txt,14895496103879953648,3,primary_longer,124,125,125,125,0,0,0,0
0008.txt,926030824980910050,3,primary_longer,124,125,125,125,0,0,0,0
0008.txt,13775537103993586080,3,primary_equal_different,124,124,124,124,1,0,0,0
0008.txt,4428313591291664066,2,primary_failed,124,-1,125,125,0,0,0,0
0008.txt,16558565796620166305,2,primary_longer,124,125,125,125,0,0,0,1
0008.txt,6305556642176040816,2,primary_duplicate,124,124,124,124,1,0,0,1
0008.txt,14803538917955756280,3,primary_longer,124,125,125,125,0,0,0,0
0008.txt,15923225735094998928,2,primary_longer,124,125,125,125,0,0,0,1
0008.txt,12801869976705183165,2,primary_duplicate,124,124,124,124,1,0,0,0
0008.txt,15615834494623242926,2,primary_longer,124,127,-1,127,0,0,0,0
0008.txt,7211291257372368806,2,extract_failed,124,-1,-1,-1,0,0,0,0
0009.txt,5164041059189671887,3,primary_longer,83,85,85,85,0,0,0,1
0009.txt,18179595446225894473,4,primary_failed,83,-1,86,86,0,0,0,0
0009.txt,7268108857411298537,4,primary_failed,83,-1,-1,-1,0,0,0,0
0009.txt,9518726624126517241,3,primary_longer,83,85,85,85,0,0,0,1
0009.txt,5504423164832086959,3,primary_longer,83,84,84,84,0,0,0,1
0009.txt,10009092173117770582,3,primary_longer,83,84,83,83,0,0,0,0
0009.txt,13859797753396579064,2,primary_longer,83,85,85,85,0,0,0,1
0009.txt,12351021279544403837,4,primary_equal_different,83,83,84,83,1,0,0,0
0009.txt,10756472434887897300,2,primary_equal_different,83,83,84,83,1,0,0,0
0009.txt,7662877553267582428,4,primary_failed,83,-1,-1,-1,0,0,0,0
0009.txt,2855987307951487795,2,primary_longer,83,85,85,85,0,0,0,1
0009.txt,17494756819099784655,2,primary_equal_different,83,83,83,83,1,0,0,0
0009.txt,18378343455043676184,2,primary_longer,83,86,86,86,0,0,0,0
0009.txt,11043958267772590538,3,primary_longer,83,87,87,87,0,0,0,0
0009.txt,7033168813589776416,4,primary_longer,83,87,87,87,0,0,0,0
0009.txt,16086004812068031089,3,primary_longer,83,85,85,85,0,0,0,1
0009.txt,14942427445957794838,4,primary_failed,83,-1,-1,-1,0,0,0,0
0009.txt,7208463154742103509,2,primary_longer,83,87,87,87,0,0,0,1
0009.txt,12023243395570747152,3,primary_longer,83,85,85,85,0,0,0,1
0009.txt,17429159813459418772,2,primary_longer,83,85,85,85,0,0,0,1
0009.txt,8400040574095719345,4,primary_equal_different,83,83,83,83,1,0,0,1
0009.txt,7083879418637651764,3,primary_longer,83,86,86,86,0,0,0,1
0009.txt,4421987985661933580,3,primary_longer,83,84,85,84,0,0,0,0
0009.txt,2706003864602649526,2,primary_longer,83,86,86,86,0,0,0,1
0009.txt,12120957755096913401,4,primary_longer,83,87,87,87,0,0,0,1
0009.txt,414215836810159375,2,primary_longer,83,85,85,85,0,0,0,0
0009.txt,3109004746256116462,4,primary_longer,83,85,85,85,0,0,0,1
0009.txt,7722852080198976665,4,primary_failed,83,-1,-1,-1,0,0,0,0
0009.txt,3468989450945467148,4,primary_failed,83,-1,-1,-1,0,0,0,0
0009.txt,3285442932314093437,3,primary_longer,83,87,87,87,0,0,0,1
0009.txt,14294382146045377990,3,primary_equal_different,83,83,84,83,1,0,0,0
0009.txt,9939190063989791202,2,primary_duplicate,83,83,83,83,1,0,0,0
0009.txt,16466755005137614455,2,primary_equal_different,83,83,83,83,1,0,0,0
0009.txt,9883085145553449341,3,primary_duplicate,83,83,84,83,1,0,0,0
0009.txt,3489736035814461189,2,primary_longer,83,87,87,87,0,0,0,0
0009.txt,13805160463565977490,2,primary_longer,83,87,-1,87,0,0,0,0
0009.txt,12188275411225411290,3,primary_longer,83,85,85,85,0,0,0,0
0009.txt,7001809518267788913,2,primary_failed,83,-1,-1,-1,0,0,0,0
0009.txt,4464691893608223798,2,primary_equal_different,83,83,83,83,1,0,0,0
0009.txt,13388317828581663453,2,primary_longer,83,84,84,84,0,0,0,0
0009.txt,7030144147334820629,2,primary_longer,83,86,86,86,0,0,0,0
0009.txt,4518268294330696050,2,primary_longer,83,87,87,87,0,0,0,0
0009.txt,17613753410611267903,2,primary_equal_different,83,83,83,83,1,0,0,0
0009.txt,10898501079908591444,2,primary_longer,83,85,85,85,0,0,0,0
0009.txt,16261780642255464838,2,primary_longer,83,84,84,84,0,0,0,0
0009.txt,11749156835641637090,2,primary_longer,83,87,87,87,0,0,0,0
0009.txt,7006644524169291280,3,primary_equal_different,83,83,84,83,1,0,0,0
0009.txt,17607250437329295489,3,primary_equal_different,83,83,83,83,1,0,0,0
0009.txt,8369990676313931594,3,primary_equal_different,83,83,83,83,1,0,0,0
0009.txt,16558983884985310931,3,primary_equal_different,83,83,83,83,1,0,0,0
0009.txt,15197641799490524645,3,primary_failed,83,-1,-1,-1,0,0,0,0
0009.txt,10574150495788611122,3,primary_longer,83,86,86,86,0,0,0,0
0009.txt,2977988816944591227,2,primary_duplicate,83,83,83,83,1,0,0,0
0009.txt,6091655466779001643,2,primary_longer,83,87,87,87,0,0,0,0
0009.txt,14198440600487015970,2,primary_duplicate,83,83,83,83,1,0,0,0
0009.txt,8693486022822158206,2,primary_longer,83,85,85,85,0,0,0,0
0009.txt,2172279718756834331,4,primary_longer,83,85,84,84,0,0,0,0
0009.txt,11139853745107300793,2,primary_duplicate,83,83,83,83,1,0,0,0
0009.txt,17440296344120537968,2,primary_longer,83,86,86,86,0,0,0,0
0009.txt,12079226499919894214,2,primary_longer,83,87,87,87,0,0,0,0
0009.txt,2462264666406355650,2,primary_equal_different,83,83,83,83,1,0,0,0
0009.txt,12542435138843786861,2,primary_longer,83,84,84,84,0,0,0,0
0009.txt,865757500518868165,2,primary_equal_different,83,83,83,83,1,0,0,0
0009.txt,11138712158270092210,3,primary_duplicate,83,83,83,83,1,0,0,0
0010.txt,6219984856436495556,4,primary_failed,71,-1,-1,-1,0,0,0,0
0010.txt,4950218526933127563,4,primary_equal_different,71,71,71,71,1,0,0,1
0010.txt,3592099803609166383,3,primary_equal_different,71,71,71,71,1,0,0,1
0010.txt,17426666461269454350,3,primary_longer,71,73,-1,73,0,0,0,0
0010.txt,16522541124006316347,2,primary_equal_different,71,71,71,71,1,0,0,1
0010.txt,3806695903080557988,4,primary_longer,71,73,73,73,0,0,0,0
0010.txt,17538037274063806696,4,primary_failed,71,-1,-1,-1,0,0,0,0
0010.txt,8150222442552281457,2,primary_longer,71,73,73,73,0,0,0,0
0010.txt,5230099632180025312,4,primary_equal_different,71,71,71,71,1,0,0,0
0010.txt,10596060416093366570,4,primary_longer,71,75,75,75,0,0,0,1
0010.txt,13243053656183848683,3,primary_longer,71,72,72,72,0,0,0,0
0010.txt,13957707254763755173,2,primary_failed,71,-1,-1,-1,0,0,0,0
0010.txt,17569550301246063475,3,primary_failed,71,-1,-1,-1,0,0,0,0
0010.txt,9662236101796748130,3,primary_equal_different,71,71,71,71,1,0,0,0
0010.txt,10838825969301494933,2,primary_equal_different,71,71,71,71,1,0,0,0
0010.txt,2042240299089066542,2,primary_failed,71,-1,-1,-1,0,0,0,0
0010.txt,17415827820981090497,3,primary_longer,71,73,73,73,0,0,0,0
0010.txt,14776764267149796283,3,primary_equal_different,71,71,71,71,1,0,0,1
0010.txt,8448686870509147903,2,primary_equal_different,71,71,72,71,1,0,0,0
0010.txt,16948045816724194057,2,primary_longer,71,73,73,73,0,0,0,0
0010.txt,10751611428962757250,2,primary_longer,71,72,72,72,0,0,0,0
0010.txt,6903262503411999717,3,primary_equal_different,71,71,71,71,1,0,0,0
0010.txt,6568420022880742070,3,primary_failed,71,-1,-1,-1,0,0,0,0
0010.txt,10992080019904692164,2,primary_longer,71,74,72,72,0,0,0,0
0010.txt,16025973303259954734,3,primary_longer,71,73,73,73,0,0,0,1
0010.txt,11170133337539236266,2,primary_equal_different,71,71,71,71,1,0,0,0
0010.txt,3734005678564819726,2,primary_failed,71,-1,-1,-1,0,0,0,0
0010.txt,14222159992514724662,3,primary_longer,71,75,-1,75,0,0,0,0
0010.txt,16934393575778893733,4,extract_failed,71,-1,-1,-1,0,0,0,0
0010.txt,18443181133108234181,3,primary_failed,71,-1,-1,-1,0,0,0,0
0010.txt,252899127061925271,3,primary_equal_different,71,71,71,71,1,0,0,0
0010.txt,15660850980554593083,3,primary_longer,71,73,73,73,0,0,0,0
0010.txt,1319721818726912671,3,primary_failed,71,-1,-1,-1,0,0,0,0
0010.txt,8183985328849513437,3,primary_longer,71,74,74,74,0,0,0,0
0010.txt,8344603987348434226,3,primary_equal_different,71,71,71,71,1,0,0,1
0010.txt,232221459266832316,3,extract_failed,71,-1,-1,-1,0,0,0,0
0010.txt,13438712496971160634,2,primary_longer,71,75,71,71,0,0,0,0
0010.txt,7057595637136490805,2,primary_equal_different,71,71,71,71,1,0,0,0
0010.txt,10111851931145130593,2,primary_equal_different,71,71,71,71,1,0,0,0
0010.txt,7979481664643072575,3,primary_longer,71,74,74,74,0,0,0,0
0010.txt,10022427672660163270,2,primary_equal_different,71,71,71,71,1,0,0,0
0010.txt,10751434614111402363,2,primary_failed,71,-1,-1,-1,0,0,0,0
0010.txt,588380162706308858,2,primary_failed,71,-1,-1,-1,0,0,0,0
0010.txt,6302374909843065745,2,primary_longer,71,73,73,73,0,0,0,1
0010.txt,4004400232235980339,2,primary_longer,71,73,73,73,0,0,0,0
0010.txt,8056025118072145080,2,primary_longer,71,72,71,71,0,0,0,0
0010.txt,7452997552273787929,2,primary_equal_different,71,71,71,71,1,0,0,0
0010.txt,15012453299122176001,2,primary_longer,71,72,72,72,0,0,0,0
0010.txt,7272734516493014187,2,primary_longer,71,74,74,74,0,0,0,0
0010.txt,13362644982718469498,4,extract_failed,71,-1,-1,-1,0,0,0,0
0010.txt,17106374548171431757,3,primary_equal_different,71,71,71,71,1,0,0,0
0010.txt,16733330312987186910,3,primary_duplicate,71,71,71,71,1,0,0,0
0010.txt,12914547197879985097,4,primary_duplicate,71,71,71,71,1,0,0,0
0010.txt,3241736271906066916,3,primary_longer,71,73,73,73,0,0,0,0
0010.txt,4854119106976068869,3,extract_failed,71,-1,-1,-1,0,0,0,0
0010.txt,5767396871793232521,3,primary_equal_different,71,71,71,71,1,0,0,0
0010.txt,14871432540047809946,3,extract_failed,71,-1,-1,-1,0,0,0,0
0010.txt,6250248899691015247,3,primary_longer,71,75,75,75,0,0,0,0
0010.txt,389335938284876119,4,primary_failed,71,-1,-1,-1,0,0,0,0
0010.txt,164643618501980018,2,primary_longer,71,73,73,73,0,0,0,0
0010.txt,1528990621478386488,2,primary_longer,71,73,74,73,0,0,0,0
0010.txt,16161043038258023432,2,primary_duplicate,71,71,71,71,1,0,0,0
0010.txt,13619682792157353924,2,primary_duplicate,71,71,71,71,1,0,0,0
0010.txt,11078322546056684416,2,primary_duplicate,71,71,71,71,1,0,0,0
0011.txt,15226265599597831283,2,primary_equal_different,162,162,162,162,1,0,0,1
0011.txt,12887499330641555768,3,primary_failed,162,-1,-1,-1,0,0,0,0
0011.txt,4459211568207635196,2,primary_longer,162,165,166,165,0,0,0,0
0011.txt,17106825463981602760,4,primary_failed,162,-1,-1,-1,0,0,0,0
0011.txt,18076702507022250675,3,primary_longer,162,166,166,166,0,0,0,0
0011.txt,8700947433089401754,3,primary_longer,162,163,165,163,0,0,0,0
0011.txt,15562842913783682916,4,primary_failed,162,-1,-1,-1,0,0,0,0
0011.txt,13978882297628201923,4,primary_failed,162,-1,-1,-1,0,0,0,0
0011.txt,15836038964750400271,4,primary_failed,162,-1,-1,-1,0,0,0,0
0011.txt,1451764196600337894,3,primary_failed,162,-1,-1,-1,0,0,0,0
0011.txt,12753695691718522422,4,primary_failed,162,-1,-1,-1,0,0,0,0
0011.txt,8184003832418778360,4,extract_failed,162,-1,-1,-1,0,0,0,0
0011.txt,8187749573906941507,2,primary_longer,162,166,165,165,0,0,0,0
0011.txt,2221442445761710962,2,primary_equal_different,162,162,164,162,1,0,0,0
0011.txt,10013250368255819376,4,primary_failed,162,-1,-1,-1,0,0,0,0
0011.txt,3085895473735200712,4,primary_longer,162,165,165,165,0,0,0,0
0011.txt,11539121723516343433,3,primary_longer,162,164,164,164,0,0,0,1
0011.txt,11445925488949430493,3,primary_failed,162,-1,-1,-1,0,0,0,0
0011.txt,8674110517648984312,3,primary_longer,162,165,165,165,0,0,0,0
0011.txt,15912464452588207331,4,primary_failed,162,-1,-1,-1,0,0,0,0
0011.txt,6613356822670767068,4,extract_failed,162,-1,-1,-1,0,0,0,0
0011.txt,15138840679806615298,4,primary_failed,162,-1,-1,-1,0,0,0,0
0011.txt,4466547982051743664,2,primary_longer,162,164,163,163,0,0,0,0
0011.txt,13066001232036909466,3,primary_longer,162,166,-1,166,0,0,0,0
0011.txt,8534907609374087960,4,primary_longer,162,166,163,163,0,0,0,0
0011.txt,17030910666687278921,3,extract_failed,162,-1,-1,-1,0,0,0,0
0011.txt,3726916534446092886,4,extract_failed,162,-1,-1,-1,0,0,0,0
0011.txt,9617922142946790318,4,extract_failed,162,-1,-1,-1,0,0,0,0
0011.txt,6063850347274621693,2,primary_failed,162,-1,-1,-1,0,0,0,0
0011.txt,459964173162091049,3,primary_longer,162,166,-1,166,0,0,0,0
0011.txt,15842054828890769815,3,primary_failed,162,-1,-1,-1,0,0,0,0
0011.txt,17286399003950730229,3,extract_failed,162,-1,-1,-1,0,0,0,0
0011.txt,857194567487307469,3,primary_failed,162,-1,-1,-1,0,0,0,0
0011.txt,462055584285190303,3,primary_longer,162,164,165,164,0,0,0,0
0011.txt,7120256482904080091,3,primary_failed,162,-1,-1,-1,0,0,0,0
0011.txt,15084799710510170066,3,primary_equal_different,162,162,162,162,1,0,0,0
0011.txt,10540105059727995942,3,primary_failed,162,-1,-1,-1,0,0,0,0
0011.txt,15829627612777770799,3,extract_failed,162,-1,-1,-1,0,0,0,0
0011.txt,16154853686051876701,4,primary_failed,162,-1,-1,-1,0,0,0,0
0011.txt,17464858751311132908,4,primary_longer,162,165,165,165,0,0,0,0
0011.txt,16072305921865935353,3,primary_failed,162,-1,-1,-1,0,0,0,0
0011.txt,10625101608755810647,2,extract_failed,162,-1,-1,-1,0,0,0,0
0011.txt,1826129405545797729,2,primary_longer,162,163,162,162,0,0,0,0
0011.txt,3855653557855213384,2,primary_longer,162,163,164,163,0,0,0,0
0011.txt,9748001903452865675,3,primary_longer,162,164,164,164,0,0,0,0
0011.txt,5463971884199529093,4,extract_failed,162,-1,-1,-1,0,0,0,0
0011.txt,13356358962557563001,2,primary_longer,162,164,164,164,0,0,0,0
0011.txt,18288775245887209281,3,primary_equal_different,162,162,162,162,1,0,0,1
0011.txt,6092254668941909891,3,primary_failed,162,-1,-1,-1,0,0,0,0
0011.txt,5788153218045640260,2,primary_longer,162,163,162,162,0,0,0,0
0011.txt,12542435138843786861,2,primary_longer,162,166,165,165,0,0,0,0
0011.txt,15379821211733349950,3,primary_longer,162,164,164,164,0,0,0,1
0011.txt,16915910135848738718,2,primary_failed,162,-1,166,166,0,0,0,0
0011.txt,15354189938615616982,2,primary_equal_different,162,162,163,162,1,0,0,0
0011.txt,17885631240702111199,3,primary_failed,162,-1,-1,-1,0,0,0,0
0011.txt,14929746135005868594,2,primary_equal_different,162,162,162,162,1,0,0,0
0011.txt,1626694768841052101,4,primary_longer,162,166,166,166,0,0,0,1
0011.txt,7208639969593458396,2,primary_longer,162,164,-1,164,0,0,0,0
0011.txt,3732149590121299860,2,primary_equal_different,162,162,162,162,1,0,0,0
0011.txt,16976928662502700289,4,primary_failed,162,-1,-1,-1,0,0,0,0
0011.txt,2063985348966674961,3,extract_failed,162,-1,-1,-1,0,0,0,0
0011.txt,361270514677579997,4,primary_longer,162,166,-1,166,0,0,0,0
0011.txt,6301049265953610540,2,primary_failed,162,-1,-1,-1,0,0,0,0
0011.txt,17018691308397661675,4,primary_longer,162,163,162,162,0,0,0,0
0012.txt,11065468249635804806,4,primary_longer,126,128,128,128,0,0,0,0
0012.txt,9994180983523102550,2,primary_longer,126,128,128,128,0,0,0,1
0012.txt,16440930970499889451,3,primary_longer,126,128,-1,128,0,0,0,0
0012.txt,18193904161548711004,4,primary_failed,126,-1,-1,-1,0,0,0,0
0012.txt,5757692901282530637,4,primary_failed,126,-1,-1,-1,0,0,0,0
0012.txt,8469075866748302998,3,primary_failed,126,-1,-1,-1,0,0,0,0
0012.txt,17050660133016023543,4,primary_longer,126,130,-1,130,0,0,0,0
0012.txt,5289374940587254664,3,primary_failed,126,-1,-1,-1,0,0,0,0
0012.txt,13270711143196451710,3,primary_longer,126,130,130,130,0,0,0,0
0012.txt,17868075017221461618,3,primary_longer,126,129,129,129,0,0,0,0
0012.txt,8623775148970055954,3,primary_longer,126,128,-1,128,0,0,0,0
0012.txt,11406781401953612888,3,primary_failed,126,-1,-1,-1,0,0,0,0
0012.txt,9732019223575369466,4,primary_longer,126,127,127,127,0,0,0,0
0012.txt,18004647949526134751,2,primary_equal_different,126,126,126,126,1,0,0,1
0012.txt,8874633132859706383,2,primary_longer,126,128,128,128,0,0,0,1
0012.txt,508744643747989495,3,primary_equal_different,126,126,126,126,1,0,0,0
0012.txt,17212610618037456125,4,primary_failed,126,-1,-1,-1,0,0,0,0
0012.txt,3277249379228261112,2,primary_equal_different,126,126,126,126,1,0,0,0
0012.txt,12302121215508190803,3,primary_equal_different,126,126,126,126,1,0,0,0
0012.txt,9237545737418838394,2,primary_longer,126,129,128,128,0,0,0,0
0012.txt,14600803152520695757,3,primary_equal_different,126,126,126,126,1,0,0,0
0012.txt,9720052854946391767,3,primary_longer,126,129,129,129,0,0,0,1
0012.txt,652297894754509762,2,extract_failed,126,-1,-1,-1,0,0,0,0
0012.txt,14286520032761400679,3,primary_longer,126,130,-1,130,0,0,0,0
0012.txt,13063317308150906658,3,primary_failed,126,-1,-1,-1,0,0,0,0
0012.txt,10072388752183665759,3,primary_failed,126,-1,-1,-1,0,0,0,0
0012.txt,6788880357057495171,2,primary_longer,126,127,129,127,0,0,0,0
0012.txt,1089823340608962678,4,primary_equal_different,126,126,128,126,1,0,0,0
0012.txt,12346486840382846350,4,primary_failed,126,-1,-1,-1,0,0,0,0
0012.txt,6095190828814686488,2,extract_failed,126,-1,-1,-1,0,0,0,0
0012.txt,6820044023746205079,2,primary_equal_different,126,126,126,126,1,0,0,1
0012.txt,14533566464962795390,4,primary_failed,126,-1,-1,-1,0,0,0,0
0012.txt,16035632747417058879,3,primary_longer,126,128,128,128,0,0,0,1
0012.txt,4481134670986729907,3,primary_equal_different,126,126,126,126,1,0,0,0
0012.txt,18094425837713811848,2,primary_longer,126,130,130,130,0,0,0,0
0012.txt,1207312889602858829,4,primary_failed,126,-1,-1,-1,0,0,0,0
0012.txt,5671038699829290817,4,primary_failed,126,-1,-1,-1,0,0,0,0
0012.txt,6509332876347971847,3,primary_longer,126,128,128,128,0,0,0,1
0012.txt,11164485976614028769,4,extract_failed,126,-1,-1,-1,0,0,0,0
0012.txt,18190302435786113204,2,primary_equal_different,126,126,126,126,1,0,0,0
0012.txt,2646947138479588672,2,primary_longer,126,128,128,128,0,0,0,1
0012.txt,7848807664500336447,4,primary_failed,126,-1,-1,-1,0,0,0,0
0012.txt,283021825529427609,2,primary_longer,126,130,130,130,0,0,0,0
0012.txt,12958685374195679180,4,primary_longer,126,130,-1,130,0,0,0,0
0012.txt,8636086869214033383,3,primary_longer,126,128,128,128,0,0,0,1
0012.txt,3263002403259823221,3,primary_equal_different,126,126,126,126,1,0,0,0
0012.txt,8357052893877950940,2,primary_failed,126,-1,130,130,0,0,0,0
0012.txt,10207460380502523489,4,primary_failed,126,-1,-1,-1,0,0,0,0
0012.txt,6420113334367967241,3,primary_longer,126,128,128,128,0,0,0,0
0012.txt,12694839945325279462,3,primary_longer,126,127,127,127,0,0,0,1
0012.txt,4283993781169155428,3,primary_longer,126,130,130,130,0,0,0,0
0012.txt,2584068897521006652,3,extract_failed,126,-1,-1,-1,0,0,0,0
0012.txt,17668958451231266753,3,primary_failed,126,-1,-1,-1,0,0,0,0
0012.txt,3144800761341561986,3,primary_failed,126,-1,-1,-1,0,0,0,0
0012.txt,1227647064345379260,3,extract_failed,126,-1,-1,-1,0,0,0,0
0012.txt,15976106061184083613,3,primary_longer,126,130,130,130,0,0,0,0
0012.txt,9462795088463421455,3,primary_failed,126,-1,-1,-1,0,0,0,0
0012.txt,10815036564832401899,3,extract_failed,126,-1,-1,-1,0,0,0,0
0012.txt,15372448926129658824,2,primary_longer,126,128,128,128,0,0,0,0
0012.txt,5755310277764765373,2,primary_longer,126,130,130,130,0,0,0,0
0012.txt,14638563621714813060,4,primary_failed,126,-1,-1,-1,0,0,0,0
0012.txt,15160403839176139517,2,primary_equal_different,126,126,126,126,1,0,0,0
0012.txt,7242631738912433601,2,primary_longer,126,128,128,128,0,0,0,0
0012.txt,5093933245248766916,2,primary_longer,126,128,129,128,0,0,0,0
0013.txt,5126195452995496000,3,primary_failed,183,-1,187,187,0,0,0,0
0013.txt,17942068381515230701,4,primary_failed,183,-1,-1,-1,0,0,0,0
0013.txt,5036291037936545158,2,primary_longer,183,185,186,185,0,0,0,0
0013.txt,4427164762253563748,2,primary_longer,183,185,186,185,0,0,0,0
0013.txt,8864835615674031086,4,primary_longer,183,187,187,187,0,0,0,1
0013.txt,7638828853385121269,2,primary_longer,183,184,183,183,0,0,0,0
0013.txt,6531158884357539308,3,primary_longer,183,185,186,185,0,0,0,0
0013.txt,1643126207064729686,2,primary_failed,183,-1,-1,-1,0,0,0,0
0013.txt,645580800385849846,2,primary_failed,183,-1,-1,-1,0,0,0,0
0013.txt,4836742217102875714,3,primary_longer,183,185,-1,185,0,0,0,0
0013.txt,15338631542193223692,4,extract_failed,183,-1,-1,-1,0,0,0,0
0013.txt,1403364875528214320,2,primary_equal_different,183,183,183,183,1,0,0,0
0013.txt,3661669638397107698,3,extract_failed,183,-1,-1,-1,0,0,0,0
0013.txt,18232107810599291774,3,primary_equal_different,183,183,183,183,1,0,0,0
0013.txt,6310513754562745242,3,primary_failed,183,-1,-1,-1,0,0,0,0
0013.txt,16861220832388916571,4,primary_failed,183,-1,187,187,0,0,0,0
0013.txt,16448410325038129003,3,primary_failed,183,-1,-1,-1,0,0,0,0
0013.txt,8449325564932995069,4,primary_longer,183,185,187,185,0,0,0,0
0013.txt,4392562339475070433,3,primary_longer,183,187,187,187,0,0,0,0
0013.txt,15081055222244162068,2,extract_failed,183,-1,-1,-1,0,0,0,0
0013.txt,4359631958748561612,3,primary_longer,183,187,187,187,0,0,0,1
0013.txt,6426938338386441798,4,primary_longer,183,185,185,185,0,0,0,0
0013.txt,2488482872634613303,3,primary_longer,183,185,185,185,0,0,0,0
0013.txt,17523511513147886745,3,primary_longer,183,187,187,187,0,0,0,1
0013.txt,6394287555946153567,4,primary_longer,183,186,186,186,0,0,0,0
0013.txt,14965597966986648268,3,primary_longer,183,185,185,185,0,0,0,1
0013.txt,5109519307883930629,3,primary_longer,183,184,184,184,0,0,0,1
0013.txt,280938634254471714,3,primary_failed,183,-1,-1,-1,0,0,0,0
0013.txt,13227639424204386758,2,primary_longer,183,185,183,183,0,0,0,0
0013.txt,12493282148632058492,3,primary_longer,183,185,185,185,0,0,0,0
0013.txt,6877750147580685898,3,extract_failed,183,-1,-1,-1,0,0,0,0
0013.txt,1109407823793778150,2,primary_equal_different,183,183,183,183,1,0,0,0
0013.txt,6756303106549359062,2,primary_failed,183,-1,-1,-1,0,0,0,0
0013.txt,5985478653739087173,3,primary_longer,183,186,186,186,0,0,0,0
0013.txt,7186499221881202420,3,primary_failed,183,-1,-1,-1,0,0,0,0
0013.txt,11657787613791766010,2,primary_equal_different,183,183,183,183,1,0,0,0
0013.txt,11470108651171385965,3,primary_equal_different,183,183,183,183,1,0,0,0
0013.txt,16915379691294674057,2,primary_longer,183,185,-1,185,0,0,0,0
0013.txt,15228387377814089927,2,primary_equal_different,183,183,184,183,1,0,0,0
0013.txt,8182358123427736796,2,primary_longer,183,186,185,185,0,0,0,0
0013.txt,7939421552532632501,3,primary_failed,183,-1,187,187,0,0,0,0
0013.txt,17456619034285606495,3,primary_longer,183,187,187,187,0,0,0,1
0013.txt,9247177608633406981,4,primary_failed,183,-1,-1,-1,0,0,0,0
0013.txt,8766777046227626934,3,primary_longer,183,186,186,186,0,0,0,0
0013.txt,17494454197486227417,4,primary_longer,183,186,187,186,0,0,0,0
0013.txt,14322563887696378046,2,primary_equal_different,183,183,183,183,1,0,0,0
0013.txt,16050528553931595558,4,primary_failed,183,-1,-1,-1,0,0,0,0
0013.txt,9535193255250380211,4,primary_longer,183,185,184,184,0,0,0,0
0013.txt,16543077067488004001,3,primary_equal_different,183,183,183,183,1,0,0,1
0013.txt,9727316109308236935,4,primary_longer,183,184,184,184,0,0,0,1
0013.txt,4641596382204667582,2,primary_equal_different,183,183,183,183,1,0,0,1
0013.txt,3919748104754769175,2,primary_longer,183,185,184,184,0,0,0,0
0013.txt,1732735510909906505,3,primary_longer,183,184,183,183,0,0,0,0
0013.txt,13303435037888401868,3,primary_longer,183,185,185,185,0,0,0,1
0013.txt,5392928117759698023,2,primary_failed,183,-1,-1,-1,0,0,0,0
0013.txt,7014346181761352279,4,extract_failed,183,-1,-1,-1,0,0,0,0
0013.txt,6797023453969884408,4,primary_longer,183,185,183,183,0,0,0,0
0013.txt,5026137759550753353,3,primary_longer,183,186,187,186,0,0,0,0
0013.txt,10657060474779911099,2,primary_equal_different,183,183,183,183,1,0,0,1
0013.txt,12587449594842661291,3,primary_longer,183,186,185,185,0,0,0,0
0013.txt,1996654318712152542,3,primary_failed,183,-1,-1,-1,0,0,0,0
0013.txt,13502983858722071312,2,primary_longer,183,184,185,184,0,0,0,0
0013.txt,524558244721665070,3,extract_failed,183,-1,-1,-1,0,0,0,0
0013.txt,13214157476903798573,3,primary_longer,183,186,187,186,0,0,0,0
0014.txt,10511792699345643208,3,primary_longer,383,385,385,385,0,0,0,1
0014.txt,7271496812533529978,2,primary_equal_different,383,383,383,383,1,0,0,1
0014.txt,13072045229008550148,4,primary_longer,383,386,387,386,0,0,0,0
0014.txt,14465211852192520742,2,primary_longer,383,384,384,384,0,0,0,1
0014.txt,9022407915761695685,4,primary_failed,383,-1,-1,-1,0,0,0,0
0014.txt,13011332783230804180,3,primary_failed,383,-1,387,387,0,0,0,0
0014.txt,3586378645553065269,4,primary_failed,383,-1,-1,-1,0,0,0,0
0014.txt,8116150505052281882,4,primary_failed,383,-1,-1,-1,0,0,0,0
0014.txt,10812589494074117144,3,extract_failed,383,-1,-1,-1,0,0,0,0
0014.txt,8484719024405346877,3,primary_failed,383,-1,-1,-1,0,0,0,0
0014.txt,42022790033428034,2,primary_failed,383,-1,387,387,0,0,0,0
0014.txt,16068524987370052034,2,primary_equal_different,383,383,383,383,1,0,0,1
0014.txt,8974936398764647504,3,primary_equal_different,383,383,383,383,1,0,0,1
0014.txt,15542197143529888016,4,primary_failed,383,-1,-1,-1,0,0,0,0
0014.txt,15012099669419466227,2,primary_longer,383,384,384,384,0,0,0,1
0014.txt,15264478831420857724,3,primary_failed,383,-1,-1,-1,0,0,0,0
0014.txt,3870127514872617361,4,primary_failed,383,-1,-1,-1,0,0,0,0
0014.txt,16687774703935890131,4,primary_failed,383,-1,-1,-1,0,0,0,0
0014.txt,9931412080513001964,2,primary_longer,383,385,387,385,0,0,0,0
0014.txt,5370779203515848667,2,primary_longer,383,386,385,385,0,0,0,0
0014.txt,7466438180668943924,3,primary_shorter,383,381,381,381,1,0,0,0
0014.txt,3486912353570267578,3,primary_longer,383,384,384,384,0,0,0,1
0014.txt,5998519031406994588,2,primary_failed,383,-1,-1,-1,0,0,0,0
0014.txt,485824036903559982,3,primary_failed,383,-1,-1,-1,0,0,0,0
0014.txt,16192363402485547923,3,primary_equal_different,383,383,383,383,1,0,0,0
0014.txt,2285865913707020228,3,primary_failed,383,-1,-1,-1,0,0,0,0
0014.txt,6445120771651791263,3,primary_equal_different,383,383,386,383,1,0,0,0
0014.txt,7348849093840170946,3,primary_failed,383,-1,-1,-1,0,0,0,0
0014.txt,3613663325851340969,3,primary_equal_different,383,383,384,383,1,0,0,0
0014.txt,6828405597364956269,3,primary_failed,383,-1,-1,-1,0,0,0,0
0014.txt,8522341608489282750,4,primary_longer,383,386,384,384,0,0,0,0
0014.txt,9913748403910151860,4,primary_longer,383,387,385,385,0,0,0,0
0014.txt,8095740808635981613,3,primary_failed,383,-1,-1,-1,0,0,0,0
0014.txt,10934083247898347737,2,primary_equal_different,383,383,384,383,1,0,0,0
0014.txt,7558295624765006923,3,primary_longer,383,387,387,387,0,0,0,1
0014.txt,12591246151279057627,3,primary_equal_different,383,383,385,383,1,0,0,0
0014.txt,8597590492170897972,3,primary_longer,383,385,385,385,0,0,0,1
0014.txt,10062702198255298106,3,primary_equal_different,383,383,386,383,1,0,0,0
0014.txt,5942113593062844144,2,primary_longer,383,384,386,384,0,0,0,0
0014.txt,8987777771680345272,3,primary_longer,383,386,386,386,0,0,0,1
0014.txt,17544122474551041089,4,primary_longer,383,386,386,386,0,0,0,0
0014.txt,830799667847357880,3,primary_longer,383,386,386,386,0,0,0,0
0014.txt,4883221479892670382,3,primary_longer,383,384,384,384,0,0,0,1
0014.txt,10264752352045618050,2,primary_longer,383,384,384,384,0,0,0,1
0014.txt,10323101818763259356,2,primary_equal_different,383,383,387,383,1,0,0,0
0014.txt,7708491665615236658,2,primary_longer,383,386,386,386,0,0,0,1
0014.txt,17008869756369390886,2,primary_shorter,383,382,382,382,1,0,0,0
0014.txt,4426987947402208861,2,primary_longer,383,385,385,385,0,0,0,0
0014.txt,11977909651180606941,3,primary_longer,383,384,385,384,0,0,0,0
0014.txt,16863482564164366784,2,primary_longer,383,385,385,385,0,0,0,0
0014.txt,7353775903537397635,4,primary_longer,383,386,386,386,0,0,0,1
0014.txt,1523599170999181777,2,primary_equal_different,383,383,383,383,1,0,0,1
0014.txt,4150210061494726333,3,primary_longer,383,385,384,384,0,0,0,0
0014.txt,18349212691649841029,2,primary_failed,383,-1,-1,-1,0,0,0,0
0014.txt,14019644005213269079,4,primary_failed,383,-1,-1,-1,0,0,0,0
0014.txt,9327677255309225265,2,extract_failed,383,-1,-1,-1,0,0,0,0
0014.txt,230594253845055675,2,primary_longer,383,386,387,386,0,0,0,0
0014.txt,7418121708698038289,2,primary_longer,383,384,383,383,0,0,0,0
0014.txt,3626587187347136444,2,primary_longer,383,385,385,385,0,0,0,1
0014.txt,16290668380512243351,4,primary_failed,383,-1,-1,-1,0,0,0,0
0014.txt,1931198919743397630,3,primary_longer,383,386,386,386,0,0,0,0
0014.txt,17410436370501885786,3,primary_failed,383,-1,387,387,0,0,0,0
0014.txt,7762421696040418684,2,primary_failed,383,-1,-1,-1,0,0,0,0
0014.txt,17495993588067855969,2,primary_longer,383,386,386,386,0,0,0,0
0015.txt,3790056552214847501,2,primary_failed,550,-1,-1,-1,0,0,0,0
0015.txt,14846022286697777960,4,primary_failed,550,-1,554,554,0,0,0,0
0015.txt,9923193271191855924,4,primary_failed,550,-1,-1,-1,0,0,0,0
0015.txt,7340430414538828340,3,primary_failed,550,-1,-1,-1,0,0,0,0
0015.txt,2389312314342922421,3,primary_failed,550,-1,-1,-1,0,0,0,0
0015.txt,18203471869742107153,2,primary_longer,550,554,553,553,0,0,0,0
0015.txt,15814708433537179682,4,primary_longer,550,551,550,550,0,0,0,0
0015.txt,2348760282217821531,4,primary_failed,550,-1,-1,-1,0,0,0,0
0015.txt,16484042913456323761,2,primary_equal_different,550,550,550,550,1,0,0,1
0015.txt,382322947304511540,4,primary_failed,550,-1,-1,-1,0,0,0,0
0015.txt,16016164363495642428,4,primary_failed,550,-1,-1,-1,0,0,0,0
0015.txt,1548030051102123360,4,primary_failed,550,-1,-1,-1,0,0,0,0
0015.txt,2551777799812706864,2,primary_longer,550,552,551,551,0,0,0,0
0015.txt,16675795174609513578,2,primary_longer,550,552,553,552,0,0,0,0
0015.txt,15952974882972869740,2,primary_longer,550,551,550,550,0,0,0,0
0015.txt,11018470620598233018,2,primary_longer,550,552,551,551,0,0,0,0
0015.txt,7377714741931559986,2,primary_longer,550,551,550,550,0,0,0,0
0015.txt,6700054312427473222,3,primary_longer,550,551,552,551,0,0,0,0
0015.txt,4437064013453580196,3,primary_failed,550,-1,553,553,0,0,0,0
0015.txt,8225397163656870621,3,primary_longer,550,554,553,553,0,0,0,0
0015.txt,14728579176903253138,4,primary_failed,550,-1,553,553,0,0,0,0
0015.txt,9227525635021551012,4,primary_longer,550,554,554,554,0,0,0,1
0015.txt,1836437704164563492,4,primary_failed,550,-1,-1,-1,0,0,0,0
0015.txt,10936542015831594432,4,primary_longer,550,553,550,550,0,0,0,0
0015.txt,6589397111766793280,4,primary_failed,550,-1,-1,-1,0,0,0,0
0015.txt,15119339631702206020,4,primary_longer,550,554,553,553,0,0,0,0
0015.txt,495066912482946916,2,primary_longer,550,551,550,550,0,0,0,0
0015.txt,3027324466208784876,2,primary_longer,550,552,551,551,0,0,0,0
0015.txt,7382653092697649843,3,primary_longer,550,551,550,550,0,0,0,0
0015.txt,4920187007717762059,3,primary_longer,550,554,554,554,0,0,0,1
0015.txt,8719788683585728064,2,primary_longer,550,551,551,551,0,0,0,1
0015.txt,11473017201788561992,2,primary_failed,550,-1,-1,-1,0,0,0,0
0015.txt,908058903588711802,3,primary_equal_different,550,550,551,550,1,0,0,0
0015.txt,14612136104852678710,3,primary_failed,550,-1,-1,-1,0,0,0,0
0015.txt,4714103013173694452,4,primary_failed,550,-1,-1,-1,0,0,0,0
0015.txt,10289710739399492335,3,primary_longer,550,552,554,552,0,0,0,0
0015.txt,9974472682856147907,3,primary_failed,550,-1,-1,-1,0,0,0,0
0015.txt,16785132639829174184,3,primary_equal_different,550,550,552,550,1,0,0,0
0015.txt,12305972459937323580,4,primary_longer,550,553,554,553,0,0,0,0
0015.txt,827346294907433680,2,primary_longer,550,553,553,553,0,0,0,1
0015.txt,13537750656747346778,3,primary_longer,550,554,551,551,0,0,0,0
0015.txt,8154175892953110928,3,primary_failed,550,-1,-1,-1,0,0,0,0
0015.txt,3921074683635637275,2,primary_longer,550,552,552,552,0,0,0,0
0015.txt,2936869645484245619,4,primary_failed,550,-1,-1,-1,0,0,0,0
0015.txt,7012532545045336849,3,primary_failed,550,-1,-1,-1,0,0,0,0
0015.txt,13217662960669949840,3,primary_longer,550,552,551,551,0,0,0,0
0015.txt,8070358335691768938,4,extract_failed,550,-1,-1,-1,0,0,0,0
0015.txt,2341853556084033306,2,primary_equal_different,550,550,550,550,1,0,0,1
0015.txt,17298975914483109374,3,primary_failed,550,-1,550,550,0,0,0,0
0015.txt,6242119316443991962,3,primary_failed,550,-1,-1,-1,0,0,0,0
0015.txt,16980190216932129817,3,extract_failed,550,-1,-1,-1,0,0,0,0
0015.txt,9235282420654081751,3,primary_failed,550,-1,-1,-1,0,0,0,0
0015.txt,11421296889509609606,2,primary_failed,550,-1,-1,-1,0,0,0,0
0015.txt,15236230362093489808,3,primary_longer,550,554,554,554,0,0,0,0
0015.txt,14470992022912384813,3,primary_longer,550,552,551,551,0,0,0,0
0015.txt,3239150975482370454,4,primary_longer,550,551,550,550,0,0,0,0
0015.txt,6562232103020887931,3,primary_failed,550,-1,-1,-1,0,0,0,0
0015.txt,18074287875945439766,3,primary_failed,550,-1,-1,-1,0,0,0,0
0015.txt,1704550337180797637,3,primary_failed,550,-1,-1,-1,0,0,0,0
0015.txt,10595922533997820098,3,primary_longer,550,553,554,553,0,0,0,0
0015.txt,13503236942706722360,4,primary_failed,550,-1,-1,-1,0,0,0,0
0015.txt,9232458616970225189,3,primary_failed,550,-1,-1,-1,0,0,0,0
0015.txt,3798518313829520143,3,primary_longer,550,553,553,553,0,0,0,1
0015.txt,6788173097652075623,2,primary_equal_different,550,550,550,550,1,0,0,0
0016.txt,18131035542377793510,4,extract_failed,127,-1,-1,-1,0,0,0,0
0016.txt,17863849873466710205,4,primary_failed,127,-1,-1,-1,0,0,0,0
0016.txt,5515741856266436537,4,primary_failed,127,-1,-1,-1,0,0,0,0
0016.txt,5645063683916816794,2,primary_longer,127,128,129,128,0,0,0,0
0016.txt,16776389566501249747,3,primary_longer,127,129,129,129,0,0,0,0
0016.txt,8871456610735065901,4,primary_failed,127,-1,-1,-1,0,0,0,0
0016.txt,10115828862813496208,2,primary_longer,127,129,128,128,0,0,0,0
0016.txt,16850879457182731404,3,primary_longer,127,130,129,129,0,0,0,0
0016.txt,14639982606945662777,4,extract_failed,127,-1,-1,-1,0,0,0,0
0016.txt,10992167959834663160,2,primary_equal_different,127,127,127,127,1,0,0,1
0016.txt,15364122314746351640,3,extract_failed,127,-1,-1,-1,0,0,0,0
0016.txt,3341078236355078125,2,primary_failed,127,-1,-1,-1,0,0,0,0
0016.txt,10356827898309495783,2,primary_longer,127,128,128,128,0,0,0,1
0016.txt,16253887783833654026,3,primary_longer,127,128,127,127,0,0,0,0
0016.txt,3951795845700253518,2,extract_failed,127,-1,-1,-1,0,0,0,0
0016.txt,2502531960461310001,2,primary_longer,127,129,129,129,0,0,0,1
0016.txt,738753553685226642,3,primary_longer,127,130,130,130,0,0,0,1
0016.txt,10762103432007134533,3,primary_longer,127,131,131,131,0,0,0,0
0016.txt,2062510988305091251,3,extract_failed,127,-1,-1,-1,0,0,0,0
0016.txt,13937037014934461255,3,primary_longer,127,129,131,129,0,0,0,0
0016.txt,3556563389625944805,4,primary_longer,127,131,131,131,0,0,0,1
0016.txt,7031823420926985608,2,primary_longer,127,128,127,127,0,0,0,0
0016.txt,18098491644303561354,2,primary_failed,127,-1,-1,-1,0,0,0,0
0016.txt,16224341450830775784,2,primary_equal_different,127,127,129,127,1,0,0,0
0016.txt,5210052434457866599,3,primary_failed,127,-1,-1,-1,0,0,0,0
0016.txt,16353588188123064113,4,primary_failed,127,-1,-1,-1,0,0,0,0
0016.txt,488266351886937669,3,primary_longer,127,130,127,127,0,0,0,0
0016.txt,16155672893722903863,4,primary_failed,127,-1,-1,-1,0,0,0,0
0016.txt,5534231070280350803,3,primary_failed,127,-1,-1,-1,0,0,0,0
0016.txt,3877293333489083221,4,primary_failed,127,-1,131,131,0,0,0,0
0016.txt,1558739769356257300,2,primary_longer,127,131,131,131,0,0,0,1
0016.txt,15144595104756322711,3,primary_longer,127,130,128,128,0,0,0,0
0016.txt,4326572374269941367,4,primary_failed,127,-1,130,130,0,0,0,0
0016.txt,9253726278772120159,3,primary_longer,127,130,129,129,0,0,0,0
0016.txt,9135728811218645850,3,extract_failed,127,-1,-1,-1,0,0,0,0
0016.txt,12098652993742220814,4,primary_failed,127,-1,-1,-1,0,0,0,0
0016.txt,10900357168352111310,2,primary_longer,127,131,131,131,0,0,0,0
0016.txt,412713378069349283,2,primary_failed,127,-1,-1,-1,0,0,0,0
0016.txt,9133872722775125984,3,primary_failed,127,-1,-1,-1,0,0,0,0
0016.txt,12973071782183798136,3,primary_longer,127,129,129,129,0,0,0,0
0016.txt,12923783545768315601,2,primary_longer,127,128,128,128,0,0,0,0
0016.txt,3764370455218624740,4,primary_longer,127,130,-1,130,0,0,0,0
0016.txt,4754958074399705378,4,primary_failed,127,-1,-1,-1,0,0,0,0
0016.txt,10393473499815836699,4,primary_failed,127,-1,-1,-1,0,0,0,0
0016.txt,6034543704020844546,2,primary_equal_different,127,127,127,127,1,0,0,0
0016.txt,8058234836218374720,2,primary_failed,127,-1,-1,-1,0,0,0,0
0016.txt,1434970111849604998,2,primary_longer,127,129,129,129,0,0,0,1
0016.txt,14777943463281055991,3,primary_longer,127,130,131,130,0,0,0,0
0016.txt,3254394140570405103,2,primary_longer,127,128,129,128,0,0,0,0
0016.txt,12425445307494472110,3,primary_equal_different,127,127,128,127,1,0,0,0
0016.txt,12336052696808634311,3,primary_longer,127,130,130,130,0,0,0,1
0016.txt,8238437855007214545,4,primary_longer,127,129,129,129,0,0,0,1
0016.txt,107619795673793917,2,primary_longer,127,130,128,128,0,0,0,0
0016.txt,5968416253826414002,2,primary_longer,127,129,129,129,0,0,0,0
0016.txt,16921478401179298316,2,extract_failed,127,-1,-1,-1,0,0,0,0
0016.txt,4267263124117055781,3,extract_failed,127,-1,-1,-1,0,0,0,0
0016.txt,2681115722649918764,2,extract_failed,127,-1,-1,-1,0,0,0,0
0016.txt,4639604389534868120,4,primary_longer,127,131,-1,131,0,0,0,0
0016.txt,11424542341939225186,3,primary_failed,127,-1,-1,-1,0,0,0,0
0016.txt,12951713911437999162,3,primary_failed,127,-1,-1,-1,0,0,0,0
0016.txt,13392152775533743986,3,primary_equal_different,127,127,127,127,1,0,0,0
0016.txt,7967370850781274940,3,primary_failed,127,-1,-1,-1,0,0,0,0
0016.txt,12390985847079515501,3,primary_longer,127,130,129,129,0,0,0,0
0016.txt,3428743750908221363,3,primary_longer,127,128,129,128,0,0,0,0
0017.txt,15547514691884933430,4,extract_failed,211,-1,-1,-1,0,0,0,0
0017.txt,4896817153090407515,4,primary_longer,211,214,213,213,0,0,0,0
0017.txt,5701265372394561773,3,primary_longer,211,213,212,212,0,0,0,0
0017.txt,15399604774997287640,4,primary_failed,211,-1,-1,-1,0,0,0,0
0017.txt,14434501761534287022,4,primary_failed,211,-1,-1,-1,0,0,0,0
0017.txt,802547027876086809,2,primary_longer,211,213,214,213,0,0,0,0
0017.txt,2772749699281115727,2,primary_longer,211,212,212,212,0,0,0,1
0017.txt,3195338816592977334,3,primary_longer,211,215,-1,215,0,0,0,0
0017.txt,6172489390063137502,3,primary_longer,211,212,212,212,0,0,0,0
0017.txt,337963695132789220,3,primary_failed,211,-1,-1,-1,0,0,0,0
0017.txt,16048384703271196965,3,primary_longer,211,212,212,212,0,0,0,1
0017.txt,254067876986947341,2,primary_failed,211,-1,-1,-1,0,0,0,0
0017.txt,2254550140823911732,2,primary_equal_different,211,211,213,211,1,0,0,0
0017.txt,13655775234072084595,3,primary_failed,211,-1,-1,-1,0,0,0,0
0017.txt,9175841352020594494,3,primary_longer,211,212,212,212,0,0,0,1
0017.txt,5178873590193445389,4,primary_failed,211,-1,213,213,0,0,0,0
0017.txt,5556009440923207693,4,extract_failed,211,-1,-1,-1,0,0,0,0
0017.txt,5034313323237239984,4,primary_equal_different,211,211,211,211,1,0,0,1
0017.txt,9706829158792032073,3,primary_failed,211,-1,-1,-1,0,0,0,0
0017.txt,8459873247791391068,4,primary_longer,211,215,214,214,0,0,0,0
0017.txt,4826346623578781317,3,extract_failed,211,-1,-1,-1,0,0,0,0
0017.txt,5436057117190567321,3,primary_longer,211,212,213,212,0,0,0,0
0017.txt,16085741397743404534,4,primary_longer,211,215,-1,215,0,0,0,0
0017.txt,12808566900444752798,3,extract_failed,211,-1,-1,-1,0,0,0,0
0017.txt,8904355542148145169,3,primary_longer,211,215,-1,215,0,0,0,0
0017.txt,4562064686565944070,4,primary_failed,211,-1,-1,-1,0,0,0,0
0017.txt,2221442445761710962,2,primary_longer,211,215,-1,215,0,0,0,0
0017.txt,15134454808115279433,2,primary_equal_different,211,211,211,211,1,0,0,1
0017.txt,2936931732248280892,3,primary_longer,211,214,215,214,0,0,0,0
0017.txt,594658327638052494,3,primary_longer,211,213,215,213,0,0,0,0
0017.txt,5982893275523726444,4,primary_longer,211,214,215,214,0,0,0,0
0017.txt,14686716836410758756,3,primary_longer,211,212,212,212,0,0,0,1
0017.txt,14284772001560392113,2,primary_equal_different,211,211,211,211,1,0,0,1
0017.txt,6425327470511480003,3,primary_failed,211,-1,-1,-1,0,0,0,0
0017.txt,6394338599402360505,3,primary_failed,211,-1,-1,-1,0,0,0,0
0017.txt,4356717749695182494,3,primary_longer,211,214,214,214,0,0,0,1
0017.txt,18397821017512624805,3,primary_longer,211,213,213,213,0,0,0,0
0017.txt,12899425848369649500,2,primary_longer,211,213,211,211,0,0,0,0
0017.txt,11365454207098492089,3,primary_failed,211,-1,215,215,0,0,0,0
0017.txt,3882309848321493016,2,primary_longer,211,214,214,214,0,0,0,1
0017.txt,6860670452170292472,3,primary_failed,211,-1,-1,-1,0,0,0,0
0017.txt,15396813020530322359,3,primary_longer,211,213,212,212,0,0,0,0
0017.txt,16374855338733678714,2,primary_equal_different,211,211,211,211,1,0,0,1
0017.txt,12303647504528761679,4,primary_failed,211,-1,215,215,0,0,0,0
0017.txt,2952217535726498925,2,primary_longer,211,212,213,212,0,0,0,0
0017.txt,17309639769852594067,3,primary_longer,211,212,212,212,0,0,0,1
0017.txt,13229318697796551737,2,primary_longer,211,212,211,211,0,0,0,0
0017.txt,9536871799989455984,3,primary_longer,211,213,213,213,0,0,0,0
0017.txt,12414409050090717357,4,primary_longer,211,214,214,214,0,0,0,0
0017.txt,9456573608513756395,2,primary_longer,211,214,213,213,0,0,0,0
0017.txt,3933541321228122091,3,primary_longer,211,214,214,214,0,0,0,0
0017.txt,9804910490814909970,3,primary_longer,211,213,213,213,0,0,0,0
0017.txt,17975749764477453926,4,primary_failed,211,-1,-1,-1,0,0,0,0
0017.txt,17429159813459418772,2,primary_failed,211,-1,-1,-1,0,0,0,0
0017.txt,3308259693747757559,4,primary_longer,211,215,-1,215,0,0,0,0
0017.txt,12977809639999223274,3,primary_duplicate,211,211,211,211,1,0,0,1
0017.txt,13139982379241555410,2,primary_longer,211,215,215,215,0,0,0,0
0017.txt,8623124075062377920,3,primary_equal_different,211,211,211,211,1,0,0,1
0017.txt,9845611123993690482,2,primary_longer,211,212,212,212,0,0,0,1
0017.txt,17402857152695848914,2,primary_equal_different,211,211,211,211,1,0,0,0
0017.txt,5650162652717300722,3,primary_failed,211,-1,-1,-1,0,0,0,0
0017.txt,2945686517681850108,3,primary_failed,211,-1,-1,-1,0,0,0,0
0017.txt,16594695729944048602,4,extract_failed,211,-1,-1,-1,0,0,0,0
0017.txt,2432257756205882159,3,primary_longer,211,215,211,211,0,0,0,0
0018.txt,1861179589810469866,4,primary_failed,74,-1,-1,-1,0,0,0,0
0018.txt,10577234275191031068,4,primary_failed,74,-1,-1,-1,0,0,0,0
0018.txt,1045554550408012098,3,primary_failed,74,-1,78,78,0,0,0,0
0018.txt,4954208947704278102,3,primary_failed,74,-1,-1,-1,0,0,0,0
0018.txt,5934374446269526186,3,primary_failed,74,-1,-1,-1,0,0,0,0
0018.txt,5425858997970543906,2,primary_longer,74,76,76,76,0,0,0,0
0018.txt,8270456738023248914,2,primary_failed,74,-1,-1,-1,0,0,0,0
0018.txt,14110141689772612821,3,primary_longer,74,77,77,77,0,0,0,1
0018.txt,4778930012911873590,4,primary_failed,74,-1,-1,-1,0,0,0,0
0018.txt,16948399446426903831,2,primary_longer,74,77,77,77,0,0,0,0
0018.txt,9785494443753913201,2,primary_longer,74,77,77,77,0,0,0,1
0018.txt,15072809828275475148,4,primary_longer,74,77,-1,77,0,0,0,0
0018.txt,5308718494902580524,2,primary_failed,74,-1,-1,-1,0,0,0,0
0018.txt,13382749563251103855,2,primary_longer,74,78,-1,78,0,0,0,0
0018.txt,13982595396716485935,2,primary_longer,74,76,76,76,0,0,0,0
0018.txt,5342068993926709698,3,primary_longer,74,78,78,78,0,0,0,0
0018.txt,878635786818661444,3,extract_failed,74,-1,-1,-1,0,0,0,0
0018.txt,11741684962385746554,3,primary_longer,74,75,75,75,0,0,0,0
0018.txt,17723393846371725659,3,primary_longer,74,76,77,76,0,0,0,0
0018.txt,18337280961653331289,2,primary_equal_different,74,74,74,74,1,0,0,1
0018.txt,6369362670391292781,4,primary_longer,74,76,76,76,0,0,0,0
0018.txt,9569206735359289501,2,primary_longer,74,76,76,76,0,0,0,1
0018.txt,1057756811533909389,4,primary_failed,74,-1,-1,-1,0,0,0,0
0018.txt,15059294714521542312,3,primary_longer,74,76,75,75,0,0,0,0
0018.txt,15558166446451804256,4,primary_longer,74,76,78,76,0,0,0,0
0018.txt,5515195316525540233,2,primary_longer,74,76,76,76,0,0,0,1
0018.txt,16735293470365255202,2,primary_equal_different,74,74,74,74,1,0,0,1
0018.txt,6874280164392285807,3,primary_equal_different,74,74,74,74,1,0,0,1
0018.txt,12216229550560638255,3,primary_longer,74,77,77,77,0,0,0,0
0018.txt,18278224235530270435,2,primary_longer,74,76,76,76,0,0,0,1
0018.txt,7510993389288719461,2,primary_equal_different,74,74,74,74,1,0,0,0
0018.txt,8497385362659996954,3,primary_longer,74,76,76,76,0,0,0,0
0018.txt,16178163696256752573,3,primary_failed,74,-1,-1,-1,0,0,0,0
0018.txt,1567819719029347047,3,primary_longer,74,76,76,76,0,0,0,1
0018.txt,16614882360042932858,2,primary_longer,74,77,77,77,0,0,0,0
0018.txt,6877863045909781724,2,primary_equal_different,74,74,74,74,1,0,0,0
0018.txt,5922505283966192401,3,primary_longer,74,77,77,77,0,0,0,0
0018.txt,1024644078689441294,3,primary_longer,74,75,75,75,0,0,0,0
0018.txt,2360655214548684643,3,primary_longer,74,78,78,78,0,0,0,1
0018.txt,4244515193475205479,2,primary_longer,74,77,77,77,0,0,0,1
0018.txt,5661533723938220445,4,primary_longer,74,77,77,77,0,0,0,1
0018.txt,8141864964591477821,3,primary_longer,74,75,75,75,0,0,0,1
0018.txt,3055303629764827319,4,primary_equal_different,74,74,75,74,1,0,0,0
0018.txt,2948151729136749419,2,primary_equal_different,74,74,74,74,1,0,0,1
0018.txt,16404870176384288304,2,primary_longer,74,76,76,76,0,0,0,0
0018.txt,43171619071528352,2,primary_longer,74,75,75,75,0,0,0,1
0018.txt,11202092203563336718,2,primary_longer,74,76,76,76,0,0,0,0
0018.txt,6952716816074592241,3,primary_failed,74,-1,76,76,0,0,0,0
0018.txt,16319753789885204548,3,primary_failed,74,-1,-1,-1,0,0,0,0
0018.txt,1204582863552701778,3,primary_longer,74,76,76,76,0,0,0,0
0018.txt,4706728932401542321,3,primary_longer,74,78,78,78,0,0,0,0
0018.txt,8146333450813886838,2,primary_equal_different,74,74,74,74,1,0,0,0
0018.txt,5819404824664321164,2,primary_longer,74,75,75,75,0,0,0,0
0018.txt,15160207103437862878,3,primary_equal_different,74,74,75,74,1,0,0,0
0018.txt,4065754616435241829,2,primary_longer,74,78,78,78,0,0,0,0
0018.txt,4839246557639253565,3,primary_longer,74,78,78,78,0,0,0,0
0018.txt,3886881683206358144,3,primary_longer,74,76,76,76,0,0,0,0
0018.txt,1374764556688443826,2,primary_longer,74,75,75,75,0,0,0,0
0018.txt,6420733195983591584,3,primary_equal_different,74,74,75,74,1,0,0,0
0018.txt,12833475213026573843,2,primary_equal_different,74,74,75,74,1,0,0,0
0018.txt,9869880881462385587,2,primary_longer,74,78,78,78,0,0,0,0
0018.txt,801839768470667261,2,primary_longer,74,76,76,76,0,0,0,0
0018.txt,10421783830080634187,3,primary_longer,74,76,76,76,0,0,0,0
0018.txt,3786797379474689051,3,primary_equal_different,74,74,74,74,1,0,0,0
0019.txt,9622019566245133961,4,primary_failed,678,-1,-1,-1,0,0,0,0
0019.txt,14804105245278097971,3,primary_longer,678,679,679,679,0,0,0,1
0019.txt,14687447903022013174,4,primary_failed,678,-1,-1,-1,0,0,0,0
0019.txt,12960837323079478662,4,primary_failed,678,-1,-1,-1,0,0,0,0
0019.txt,16879456704794767344,3,primary_failed,678,-1,-1,-1,0,0,0,0
0019.txt,15119518160637149509,2,primary_failed,678,-1,-1,-1,0,0,0,0
0019.txt,8906287626603531736,3,primary_failed,678,-1,-1,-1,0,0,0,0
0019.txt,10474295531414568727,4,primary_longer,678,679,682,679,0,0,0,0
0019.txt,18203772987543156369,4,primary_failed,678,-1,-1,-1,0,0,0,0
0019.txt,7855529809058305069,3,primary_longer,678,679,679,679,0,0,0,1
0019.txt,8725648963725337475,4,primary_failed,678,-1,-1,-1,0,0,0,0
0019.txt,619595063433379189,3,primary_equal_different,678,678,679,678,1,0,0,0
0019.txt,13960801312506893221,4,primary_equal_different,678,678,678,678,1,0,0,0
0019.txt,9349561414771748738,2,primary_longer,678,681,680,680,0,0,0,0
0019.txt,18163803685953773996,4,primary_shorter,678,677,677,677,1,0,0,1
0019.txt,7114230117837646395,4,primary_longer,678,679,679,679,0,0,0,0
0019.txt,3667813185318094946,3,primary_failed,678,-1,-1,-1,0,0,0,0
0019.txt,18242856994640035940,4,primary_longer,678,682,682,682,0,0,0,1
0019.txt,16759009462259995581,4,primary_failed,678,-1,-1,-1,0,0,0,0
0019.txt,1655198544764176273,2,primary_equal_different,678,678,678,678,1,0,0,0
0019.txt,14399221439400845932,3,primary_shorter,678,677,677,677,1,0,0,0
0019.txt,12560635189604894975,4,primary_failed,678,-1,-1,-1,0,0,0,0
0019.txt,13558769977590773204,2,primary_longer,678,682,682,682,0,0,0,1
0019.txt,15763716314157595677,4,primary_failed,678,-1,-1,-1,0,0,0,0
0019.txt,13238775954865505954,2,primary_equal_different,678,678,677,677,1,1,1,0
0019.txt,1131378988194859724,2,primary_duplicate,678,678,678,678,1,0,0,0
0019.txt,4990540920475374704,4,primary_failed,678,-1,680,680,0,0,0,0
0019.txt,5348169193754873323,4,primary_longer,678,682,-1,682,0,0,0,0
0019.txt,12716864219521262227,2,primary_longer,678,679,679,679,0,0,0,1
0019.txt,14749163773315287752,4,primary_longer,678,681,680,680,0,0,0,0
0019.txt,9318263832581356078,4,primary_failed,678,-1,682,682,0,0,0,0
0019.txt,17671262407365880711,4,primary_longer,678,679,680,679,0,0,0,0
0019.txt,18420078971541816870,4,primary_failed,678,-1,-1,-1,0,0,0,0
0019.txt,7715744406145665993,3,primary_longer,678,680,680,680,0,0,0,0
0019.txt,7758085436868941957,4,primary_failed,678,-1,-1,-1,0,0,0,0
0019.txt,16260237970558979760,3,primary_failed,678,-1,682,682,0,0,0,0
0019.txt,9833163560150278888,4,primary_failed,678,-1,-1,-1,0,0,0,0
0019.txt,12386955434434417213,3,primary_longer,678,682,682,682,0,0,0,1
0019.txt,4738924109413185035,3,primary_failed,678,-1,-1,-1,0,0,0,0
0019.txt,13907666216076967766,2,primary_equal_different,678,678,678,678,1,0,0,1
0019.txt,6402722676989379337,2,primary_failed,678,-1,-1,-1,0,0,0,0
0019.txt,16116382169712175183,3,primary_equal_different,678,678,681,678,1,0,0,0
0019.txt,2214293292975195019,3,primary_failed,678,-1,-1,-1,0,0,0,0
0019.txt,18427390831783039191,3,primary_failed,678,-1,-1,-1,0,0,0,0
0019.txt,13846756670931892668,4,extract_failed,678,-1,-1,-1,0,0,0,0
0019.txt,3068560341453444262,4,primary_longer,678,680,679,679,0,0,0,0
0019.txt,7802366444382211372,3,primary_equal_different,678,678,680,678,1,0,0,0
0019.txt,159379155192326109,4,primary_longer,678,680,680,680,0,0,0,0
0019.txt,14064999230177031096,3,primary_longer,678,680,680,680,0,0,0,1
0019.txt,1816802227504535262,4,primary_failed,678,-1,-1,-1,0,0,0,0
0019.txt,4509696046509929163,2,primary_shorter,678,677,678,677,1,0,0,0
0019.txt,829732827905018207,2,primary_failed,678,-1,-1,-1,0,0,0,0
0019.txt,4278725468138954379,3,primary_failed,678,-1,-1,-1,0,0,0,0
0019.txt,5395204709969515875,4,primary_failed,678,-1,-1,-1,0,0,0,0
0019.txt,9512801297015139057,2,primary_longer,678,679,678,678,0,0,0,0
0019.txt,5436258831814987203,4,primary_failed,678,-1,-1,-1,0,0,0,0
0019.txt,2919992979929659695,2,primary_longer,678,679,679,679,0,0,0,1
0019.txt,14892963123124173624,3,primary_duplicate,678,678,678,678,1,0,0,0
0019.txt,598198023051788416,4,extract_failed,678,-1,-1,-1,0,0,0,0
0019.txt,187627413963585499,3,primary_failed,678,-1,-1,-1,0,0,0,0
0019.txt,13623394969044393656,2,primary_failed,678,-1,-1,-1,0,0,0,0
0019.txt,8775398922594487964,2,primary_failed,678,-1,-1,-1,0,0,0,0
0019.txt,18154809142717740802,2,primary_longer,678,682,682,682,0,0,0,1
0019.txt,6443241548210384685,4,primary_failed,678,-1,682,682,0,0,0,0
0020.txt,18209538638117749124,4,primary_longer,150,151,151,151,0,0,0,0
0020.txt,10556156341226601542,4,primary_longer,150,153,153,153,0,0,0,1
0020.txt,7954921010769991063,4,primary_failed,150,-1,-1,-1,0,0,0,0
0020.txt,16071529904851672218,2,primary_longer,150,151,151,151,0,0,0,1
0020.txt,1811350782488031422,4,primary_failed,150,-1,-1,-1,0,0,0,0
0020.txt,4396978268703465300,3,primary_longer,150,154,154,154,0,0,0,0
0020.txt,4910116730314997920,4,primary_longer,150,152,152,152,0,0,0,0
0020.txt,17144988982495529023,3,primary_longer,150,153,153,153,0,0,0,1
0020.txt,5374555785748773272,3,primary_longer,150,154,153,153,0,0,0,0
0020.txt,17100680547851942736,2,primary_longer,150,152,152,152,0,0,0,1
0020.txt,18254475217902851423,4,primary_failed,150,-1,-1,-1,0,0,0,0
0020.txt,13096986606742675801,3,primary_longer,150,152,151,151,0,0,0,0
0020.txt,5362825340179117437,2,primary_longer,150,153,153,153,0,0,0,1
0020.txt,13202390954141032752,4,primary_failed,150,-1,-1,-1,0,0,0,0
0020.txt,12549186813605348051,3,primary_longer,150,154,153,153,0,0,0,0
0020.txt,4538689437853317731,3,primary_failed,150,-1,154,154,0,0,0,0
0020.txt,790831002730953215,3,primary_longer,150,153,153,153,0,0,0,0
0020.txt,14625182997164377889,2,primary_longer,150,153,151,151,0,0,0,0
0020.txt,496551708768494316,4,primary_longer,150,153,150,150,0,0,0,0
0020.txt,9663404059839425878,2,primary_longer,150,151,150,150,0,0,0,0
0020.txt,16701016286812238019,3,primary_longer,150,152,153,152,0,0,0,0
0020.txt,6407570809312516550,4,primary_longer,150,153,153,153,0,0,0,0
0020.txt,11205455909699532705,3,primary_longer,150,152,152,152,0,0,0,0
0020.txt,4397851066270138635,4,primary_failed,150,-1,154,154,0,0,0,0
0020.txt,9222503062630672897,3,primary_longer,150,153,153,153,0,0,0,1
0020.txt,6666613158291652961,2,primary_longer,150,153,153,153,0,0,0,0
0020.txt,8722793601067348248,2,primary_equal_different,150,150,150,150,1,0,0,0
0020.txt,12201316883834381537,2,primary_longer,150,152,152,152,0,0,0,1
0020.txt,4066108246137951603,2,primary_longer,150,151,151,151,0,0,0,0
0020.txt,4783488829247785315,3,primary_failed,150,-1,-1,-1,0,0,0,0
0020.txt,1374587741837088939,2,primary_longer,150,152,152,152,0,0,0,1
0020.txt,12265273641609112802,4,primary_longer,150,154,154,154,0,0,0,1
0020.txt,11001650318026834407,4,primary_failed,150,-1,-1,-1,0,0,0,0
0020.txt,256454409984531868,2,primary_equal_different,150,150,150,150,1,0,0,0
0020.txt,16281895718213026546,2,primary_equal_different,150,150,150,150,1,0,0,1
0020.txt,2681115722649918764,2,primary_longer,150,152,152,152,0,0,0,1
0020.txt,16695299846849725707,3,primary_longer,150,153,153,153,0,0,0,1
0020.txt,1800710819039002306,2,primary_longer,150,152,152,152,0,0,0,1
0020.txt,17778768816017456150,3,primary_longer,150,152,152,152,0,0,0,0
0020.txt,16617622522743227159,2,primary_longer,150,152,152,152,0,0,0,0
0020.txt,315422261186208831,2,primary_longer,150,153,154,153,0,0,0,0
0020.txt,11380852780603300368,2,primary_longer,150,153,153,153,0,0,0,0
0020.txt,7250734492992277100,4,primary_longer,150,154,154,154,0,0,0,1
0020.txt,4121636602684050816,3,primary_longer,150,151,151,151,0,0,0,0
0020.txt,5144868065832772053,3,primary_longer,150,153,153,153,0,0,0,0
0020.txt,6638720098857302015,2,primary_duplicate,150,150,151,150,1,0,0,0
0020.txt,16370878407065313099,2,primary_longer,150,152,152,152,0,0,0,1
0020.txt,16523071568560381008,2,primary_longer,150,151,151,151,0,0,0,1
0020.txt,9431720474886816324,4,primary_failed,150,-1,-1,-1,0,0,0,0
0020.txt,9159529204034152313,3,primary_longer,150,151,151,151,0,0,0,0
0020.txt,9834042731340333811,3,primary_longer,150,154,151,151,0,0,0,0
0020.txt,11843497410372004939,4,primary_failed,150,-1,-1,-1,0,0,0,0
0020.txt,2419856369158176517,3,primary_longer,150,152,152,152,0,0,0,0
0020.txt,12953070464560789548,3,primary_failed,150,-1,-1,-1,0,0,0,0
0020.txt,15504590482021637003,3,primary_longer,150,154,153,153,0,0,0,0
0020.txt,8935987517058967873,2,primary_longer,150,152,152,152,0,0,0,0
0020.txt,5522302108782111133,3,primary_equal_different,150,150,150,150,1,0,0,0
0020.txt,10072451558958298995,3,primary_longer,150,154,154,154,0,0,0,1
0020.txt,16815211671593487102,3,primary_equal_different,150,150,151,150,1,0,0,0
0020.txt,227323646590696713,2,primary_longer,150,151,151,151,0,0,0,1
0020.txt,13210682402886645425,3,primary_failed,150,-1,-1,-1,0,0,0,0
0020.txt,8221600562454592690,4,primary_failed,150,-1,-1,-1,0,0,0,0
0020.txt,14696323602134185800,3,primary_longer,150,153,153,153,0,0,0,0
0020.txt,14093591647033939734,3,primary_longer,150,154,154,154,0,0,0,0
0021.txt,14228366563216241669,2,primary_longer,65,67,65,65,0,0,0,0
0021.txt,2892608175148518650,3,primary_longer,65,68,67,67,0,0,0,0
0021.txt,1912083010399683590,3,primary_equal_different,65,65,66,65,1,0,0,0
0021.txt,2251810913115030326,2,primary_equal_different,65,65,67,65,1,0,0,0
0021.txt,13095191544883481975,3,primary_longer,65,66,65,65,0,0,0,0
0021.txt,255923965430467207,2,primary_longer,65,66,66,66,0,0,0,0
0021.txt,16915910135848738718,2,primary_equal_different,65,65,65,65,1,0,0,1
0021.txt,14515678296431300111,3,primary_longer,65,66,66,66,0,0,0,1
0021.txt,13132891984025432499,3,primary_failed,65,-1,-1,-1,0,0,0,0
0021.txt,12807615056887097650,2,primary_failed,65,-1,-1,-1,0,0,0,0
0021.txt,14758533420370819552,3,primary_longer,65,67,67,67,0,0,0,1
0021.txt,3470391689616791007,3,primary_longer,65,66,66,66,0,0,0,0
0021.txt,8735938565447843179,3,primary_longer,65,69,69,69,0,0,0,0
0021.txt,13700402990263726752,4,primary_failed,65,-1,-1,-1,0,0,0,0
0021.txt,17306115766910422019,4,primary_failed,65,-1,-1,-1,0,0,0,0
0021.txt,8904205465886222308,2,primary_longer,65,67,67,67,0,0,0,1
0021.txt,17947624126697948650,2,primary_longer,65,68,67,67,0,0,0,0
0021.txt,8989131067481239776,3,primary_equal_different,65,65,67,65,1,0,0,0
0021.txt,16216897425911943099,3,primary_failed,65,-1,-1,-1,0,0,0,0
0021.txt,1410789229302293784,2,primary_longer,65,69,69,69,0,0,0,0
0021.txt,4914071580360473660,4,primary_longer,65,67,-1,67,0,0,0,0
0021.txt,13886737150196420580,4,primary_failed,65,-1,-1,-1,0,0,0,0
0021.txt,5485446168647669421,2,primary_equal_different,65,65,65,65,1,0,0,1
0021.txt,677047316958927616,4,primary_failed,65,-1,-1,-1,0,0,0,0
0021.txt,10803704407745899775,4,primary_failed,65,-1,-1,-1,0,0,0,0
0021.txt,5635429611996507690,2,primary_longer,65,66,66,66,0,0,0,1
0021.txt,9358496011627705820,3,primary_failed,65,-1,-1,-1,0,0,0,0
0021.txt,8201950985340088452,3,primary_longer,65,68,68,68,0,0,0,1
0021.txt,10081314813540640072,4,primary_longer,65,69,69,69,0,0,0,0
0021.txt,13258891030823067662,2,primary_longer,65,66,65,65,0,0,0,0
0021.txt,18246088554654815096,2,primary_longer,65,67,67,67,0,0,0,1
0021.txt,11649455954235544498,3,primary_failed,65,-1,-1,-1,0,0,0,0
0021.txt,2764745466835369768,4,primary_failed,65,-1,-1,-1,0,0,0,0
0021.txt,17000160625321803224,3,primary_longer,65,69,69,69,0,0,0,1
0021.txt,13014887077845447903,2,primary_equal_different,65,65,66,65,1,0,0,0
0021.txt,13563189413883232484,2,primary_longer,65,66,68,66,0,0,0,0
0021.txt,8928189862437425414,3,primary_longer,65,68,67,67,0,0,0,0
0021.txt,5758677544281575752,3,primary_failed,65,-1,-1,-1,0,0,0,0
0021.txt,16431506599280196163,3,primary_longer,65,67,68,67,0,0,0,0
0021.txt,7299125117186555041,2,primary_equal_different,65,65,65,65,1,0,0,0
0021.txt,16647371670621097971,2,primary_longer,65,68,67,67,0,0,0,0
0021.txt,14228278623286270673,2,primary_longer,65,67,66,66,0,0,0,0
0021.txt,8143425192594718071,3,primary_longer,65,67,66,66,0,0,0,0
0021.txt,13887848695103326019,3,primary_longer,65,68,68,68,0,0,0,1
0021.txt,17496612907543304521,2,primary_longer,65,66,66,66,0,0,0,0
0021.txt,1256984563515941609,3,primary_longer,65,66,66,66,0,0,0,1
0021.txt,8652460835667145926,3,primary_failed,65,-1,-1,-1,0,0,0,0
0021.txt,16643482678882703352,2,primary_longer,65,66,66,66,0,0,0,0
0021.txt,10768436965087001118,3,primary_failed,65,-1,68,68,0,0,0,0
0021.txt,14221984153379211749,4,primary_longer,65,69,69,69,0,0,0,0
0021.txt,2530601834747015834,2,primary_longer,65,66,66,66,0,0,0,0
0021.txt,3289923698249597267,3,primary_longer,65,67,67,67,0,0,0,0
0021.txt,16254533103332740261,2,primary_longer,65,66,66,66,0,0,0,1
0021.txt,6938068601070942896,2,primary_longer,65,66,66,66,0,0,0,0
0021.txt,6922761224818001495,3,primary_longer,65,67,67,67,0,0,0,0
0021.txt,4490993619380380761,2,primary_failed,65,-1,-1,-1,0,0,0,0
0021.txt,4956001187748651879,3,primary_failed,65,-1,-1,-1,0,0,0,0
0021.txt,9966464738940106491,2,primary_longer,65,67,67,67,0,0,0,1
0021.txt,256454409984531868,2,primary_longer,65,66,66,66,0,0,0,0
0021.txt,525169690063527502,2,primary_duplicate,65,65,67,65,1,0,0,0
0021.txt,15890913239368188702,2,primary_longer,65,68,67,67,0,0,0,0
0021.txt,7565345514627447588,3,primary_equal_different,65,65,67,65,1,0,0,0
0021.txt,12326155900039475051,3,primary_longer,65,68,68,68,0,0,0,0
0021.txt,9685444231591519570,3,primary_longer,65,67,67,67,0,0,0,0
0022.txt,16490356143458742740,3,primary_failed,68,-1,-1,-1,0,0,0,0
0022.txt,13168671573002709795,2,primary_failed,68,-1,-1,-1,0,0,0,0
0022.txt,1858202834576964238,4,primary_failed,68,-1,-1,-1,0,0,0,0
0022.txt,17961918462256719690,3,primary_longer,68,70,70,70,0,0,0,0
0022.txt,9359368960926380131,4,primary_failed,68,-1,70,70,0,0,0,0
0022.txt,8793185809856765132,4,primary_failed,68,-1,72,72,0,0,0,0
0022.txt,8143770102964947424,2,primary_longer,68,69,69,69,0,0,0,1
0022.txt,2356501521345514120,3,primary_longer,68,70,68,68,0,0,0,0
0022.txt,14256770884883529867,3,primary_failed,68,-1,72,72,0,0,0,0
0022.txt,6693711018390613363,2,primary_longer,68,71,70,70,0,0,0,0
0022.txt,15162328685228502970,3,primary_longer,68,71,71,71,0,0,0,1
0022.txt,13741665118829329947,3,primary_longer,68,70,72,70,0,0,0,0
0022.txt,14301244407466263269,3,primary_equal_different,68,68,68,68,1,0,0,0
0022.txt,8984920051183426178,3,primary_failed,68,-1,-1,-1,0,0,0,0
0022.txt,12711738458814796294,2,primary_longer,68,69,69,69,0,0,0,1
0022.txt,12593429009396192290,3,primary_equal_different,68,68,69,68,1,0,0,0
0022.txt,16258242442243111893,4,primary_longer,68,71,71,71,0,0,0,1
0022.txt,3052369119935422919,3,primary_longer,68,69,69,69,0,0,0,0
0022.txt,7373038032140123839,3,primary_failed,68,-1,-1,-1,0,0,0,0
0022.txt,12566792836242452962,2,primary_equal_different,68,68,69,68,1,0,0,0
0022.txt,13076507151817448171,2,primary_longer,68,69,68,68,0,0,0,0
0022.txt,12856340409067041678,3,primary_equal_different,68,68,68,68,1,0,0,0
0022.txt,2995493471739189532,3,primary_longer,68,70,70,70,0,0,0,1
0022.txt,12743697324838896746,2,primary_longer,68,69,69,69,0,0,0,0
0022.txt,348442016318438605,2,primary_equal_different,68,68,68,68,1,0,0,0
0022.txt,15472918937369106247,4,primary_longer,68,70,70,70,0,0,0,0
0022.txt,957745106852774902,2,primary_longer,68,72,72,72,0,0,0,0
0022.txt,15650798278128963562,2,primary_duplicate,68,68,68,68,1,0,0,0
0022.txt,3783467472509761266,3,primary_longer,68,70,70,70,0,0,0,1
0022.txt,636047883100019446,3,primary_longer,68,69,68,68,0,0,0,0
0022.txt,2158408787970284493,2,primary_longer,68,71,70,70,0,0,0,0
0022.txt,4767398943006194637,2,primary_equal_different,68,68,68,68,1,0,0,0
0022.txt,3971734106806460339,2,primary_longer,68,70,71,70,0,0,0,0
0022.txt,17484768391701140049,4,primary_failed,68,-1,-1,-1,0,0,0,0
0022.txt,11200363630299053471,3,primary_longer,68,72,72,72,0,0,0,0
0022.txt,10960235716887657769,4,primary_longer,68,72,72,72,0,0,0,0
0022.txt,8378180850638205086,3,primary_longer,68,69,69,69,0,0,0,0
0022.txt,17771600874381611201,4,primary_equal_different,68,68,68,68,1,0,0,0
0022.txt,6082149409522266220,3,primary_longer,68,70,70,70,0,0,0,0
0022.txt,16683459813589419907,3,primary_equal_different,68,68,68,68,1,0,0,0
0022.txt,15468502339053315067,2,primary_equal_different,68,68,68,68,1,0,0,0
0022.txt,12928026167209419994,2,primary_longer,68,70,70,70,0,0,0,1
0022.txt,9449326069591031818,2,primary_longer,68,69,69,69,0,0,0,0
0022.txt,1316238275119447633,2,primary_longer,68,70,70,70,0,0,0,0
0022.txt,16647371670621097971,2,primary_equal_different,68,68,68,68,1,0,0,0
0022.txt,11695115979475673694,3,primary_longer,68,71,71,71,0,0,0,0
0022.txt,5675406746703224245,3,primary_longer,68,69,69,69,0,0,0,0
0022.txt,7047066344231161646,4,primary_equal_different,68,68,68,68,1,0,0,0
0022.txt,4849752477419792270,2,primary_longer,68,71,70,70,0,0,0,0
0022.txt,5009723622391649417,2,primary_longer,68,69,69,69,0,0,0,0
0022.txt,1676587531829640230,2,primary_longer,68,70,70,70,0,0,0,0
0022.txt,6482991575326549261,2,primary_duplicate,68,68,68,68,1,0,0,0
0022.txt,17071638659379491472,2,primary_longer,68,70,70,70,0,0,0,0
0022.txt,1705541480372120498,2,primary_duplicate,68,68,68,68,1,0,0,0
0022.txt,12871532788935298554,2,primary_longer,68,71,71,71,0,0,0,0
0022.txt,16796647854564516692,2,primary_equal_different,68,68,68,68,1,0,0,0
0022.txt,16777098053296089450,3,extract_failed,68,-1,-1,-1,0,0,0,0
0022.txt,14407166715505470942,3,extract_failed,68,-1,-1,-1,0,0,0,0
0022.txt,7027846489258619993,2,extract_failed,68,-1,-1,-1,0,0,0,0
0022.txt,17651678969318897493,4,primary_failed,68,-1,-1,-1,0,0,0,0
0022.txt,2256141474486105715,2,primary_longer,68,71,71,71,0,0,0,0
0023.txt,4245222452880625027,2,primary_longer,84,87,87,87,0,0,0,1
0023.txt,5956761979964427638,4,primary_failed,84,-1,-1,-1,0,0,0,0
0023.txt,13507436648018011711,3,primary_failed,84,-1,-1,-1,0,0,0,0
0023.txt,13559123607293482978,2,primary_longer,84,87,87,87,0,0,0,1
0023.txt,14189201513708989459,3,primary_longer,84,88,88,88,0,0,0,0
0023.txt,8902723271464984505,4,primary_failed,84,-1,-1,-1,0,0,0,0
0023.txt,4985841782620558100,3,extract_failed,84,-1,-1,-1,0,0,0,0
0023.txt,533364437645506714,4,extract_failed,84,-1,-1,-1,0,0,0,0
0023.txt,6546802238440201739,3,primary_failed,84,-1,-1,-1,0,0,0,0
0023.txt,13239949180622607054,4,primary_failed,84,-1,-1,-1,0,0,0,0
0023.txt,10413233336653646227,2,primary_longer,84,88,-1,88,0,0,0,0
0023.txt,2011076632400356634,2,primary_longer,84,86,85,85,0,0,0,0
0023.txt,10610030793232580039,3,primary_longer,84,86,86,86,0,0,0,0
0023.txt,17213503190902028222,4,extract_failed,84,-1,-1,-1,0,0,0,0
0023.txt,6000639874631840337,2,primary_failed,84,-1,-1,-1,0,0,0,0
0023.txt,11017714061520695202,3,primary_longer,84,88,88,88,0,0,0,1
0023.txt,11563679164233013524,2,primary_longer,84,86,86,86,0,0,0,0
0023.txt,12230801276930926466,2,primary_longer,84,85,85,85,0,0,0,1
0023.txt,14824068357802346542,3,primary_longer,84,87,87,87,0,0,0,0
0023.txt,5918463914919821183,4,primary_longer,84,86,86,86,0,0,0,0
0023.txt,3764638717064015036,4,extract_failed,84,-1,-1,-1,0,0,0,0
0023.txt,15798572003331572191,2,extract_failed,84,-1,-1,-1,0,0,0,0
0023.txt,17619355627984729737,4,primary_failed,84,-1,-1,-1,0,0,0,0
0023.txt,1372731653393569073,2,primary_duplicate,84,84,85,84,1,0,0,0
0023.txt,4141964147840498410,3,primary_longer,84,86,85,85,0,0,0,0
0023.txt,10809872020759014665,2,primary_failed,84,-1,-1,-1,0,0,0,0
0023.txt,2373989236959488645,2,primary_failed,84,-1,-1,-1,0,0,0,0
0023.txt,5046429357961662688,3,primary_longer,84,86,87,86,0,0,0,0
0023.txt,8150224493769186433,4,primary_longer,84,86,86,86,0,0,0,0
0023.txt,558930057604657943,3,extract_failed,84,-1,-1,-1,0,0,0,0
0023.txt,11898256204733700924,2,primary_longer,84,88,-1,88,0,0,0,0
0023.txt,3129274422915348557,3,extract_failed,84,-1,-1,-1,0,0,0,0
0023.txt,7052496531310620467,4,extract_failed,84,-1,-1,-1,0,0,0,0
0023.txt,13951196634635730382,4,primary_failed,84,-1,-1,-1,0,0,0,0
0023.txt,15705789197662274910,2,primary_longer,84,87,87,87,0,0,0,1
0023.txt,2079138204620309491,4,primary_failed,84,-1,-1,-1,0,0,0,0
0023.txt,3175846912889485830,3,primary_longer,84,88,88,88,0,0,0,0
0023.txt,12441962289627671338,2,extract_failed,84,-1,-1,-1,0,0,0,0
0023.txt,15260908261205428963,3,primary_failed,84,-1,-1,-1,0,0,0,0
0023.txt,16132442719418252938,2,extract_failed,84,-1,-1,-1,0,0,0,0
0023.txt,4737537438939403790,3,extract_failed,84,-1,-1,-1,0,0,0,0
0023.txt,16167248172201883780,4,primary_failed,84,-1,-1,-1,0,0,0,0
0023.txt,13316445298205318424,2,primary_longer,84,86,86,86,0,0,0,0
0023.txt,980197416135802869,3,primary_longer,84,85,85,85,0,0,0,0
0023.txt,1052567255474783099,3,primary_duplicate,84,84,84,84,1,0,0,0
0023.txt,7154356309465566596,2,primary_longer,84,86,85,85,0,0,0,0
0023.txt,12079049685068539327,2,primary_longer,84,87,87,87,0,0,0,0
0023.txt,11838645552789039265,3,extract_failed,84,-1,-1,-1,0,0,0,0
0023.txt,5384985545828098732,3,primary_failed,84,-1,-1,-1,0,0,0,0
0023.txt,18363152355881389442,3,primary_longer,84,87,87,87,0,0,0,0
0023.txt,4680453078350517461,3,primary_longer,84,87,87,87,0,0,0,0
0023.txt,11102954163736943904,3,primary_failed,84,-1,-1,-1,0,0,0,0
0023.txt,12697285778033432812,3,primary_longer,84,88,-1,88,0,0,0,0
0023.txt,5014146979585843321,3,extract_failed,84,-1,-1,-1,0,0,0,0
0023.txt,2933168603801321276,3,primary_failed,84,-1,-1,-1,0,0,0,0
0023.txt,6745974001620175244,3,extract_failed,84,-1,-1,-1,0,0,0,0
0023.txt,14587125421255653178,2,primary_longer,84,87,87,87,0,0,0,1
0023.txt,13251537661015926064,3,primary_failed,84,-1,-1,-1,0,0,0,0
0023.txt,14545751695226684181,3,primary_failed,84,-1,-1,-1,0,0,0,0
0023.txt,2276256550443667423,2,primary_longer,84,88,88,88,0,0,0,0
0023.txt,9387882810470386437,2,extract_failed,84,-1,-1,-1,0,0,0,0
0023.txt,1221068936452565825,2,primary_longer,84,88,88,88,0,0,0,0
0023.txt,2791715946200577117,2,primary_longer,84,86,86,86,0,0,0,0
0023.txt,2994081418367901996,3,primary_longer,84,85,85,85,0,0,0,0
0024.txt,6936212512627423030,2,primary_equal_different,118,118,119,118,1,0,0,0
0024.txt,17838485429662995422,4,primary_failed,118,-1,-1,-1,0,0,0,0
0024.txt,4780442744158001803,4,primary_failed,118,-1,-1,-1,0,0,0,0
0024.txt,12226205025787112299,2,primary_longer,118,122,122,122,0,0,0,1
0024.txt,1862528230418358915,4,primary_failed,118,-1,-1,-1,0,0,0,0
0024.txt,17229930530759183640,2,primary_failed,118,-1,-1,-1,0,0,0,0
0024.txt,17608752949386655560,3,primary_failed,118,-1,-1,-1,0,0,0,0
0024.txt,18309484061997094698,3,primary_failed,118,-1,122,122,0,0,0,0
0024.txt,3974306716128055965,3,primary_failed,118,-1,-1,-1,0,0,0,0
0024.txt,2105282176728636370,3,primary_longer,118,120,119,119,0,0,0,0
0024.txt,11536934933836762896,2,primary_longer,118,119,119,119,0,0,0,1
0024.txt,15352727196060143044,4,primary_failed,118,-1,-1,-1,0,0,0,0
0024.txt,11549658122437298056,4,primary_failed,118,-1,-1,-1,0,0,0,0
0024.txt,14436788348204105135,2,primary_longer,118,122,122,122,0,0,0,1
0024.txt,12956803300900545375,2,primary_failed,118,-1,-1,-1,0,0,0,0
0024.txt,16044970709154919836,3,primary_failed,118,-1,-1,-1,0,0,0,0
0024.txt,14715252643171595992,4,primary_failed,118,-1,-1,-1,0,0,0,0
0024.txt,9819549182011613672,4,primary_failed,118,-1,-1,-1,0,0,0,0
0024.txt,6365231752783137327,2,primary_longer,118,122,120,120,0,0,0,0
0024.txt,12473302771167736133,2,primary_longer,118,120,121,120,0,0,0,0
0024.txt,16418921527630380208,4,primary_longer,118,119,118,118,0,0,0,0
0024.txt,194746396082560604,2,primary_longer,118,121,121,121,0,0,0,0
0024.txt,2236621843885219311,3,primary_failed,118,-1,-1,-1,0,0,0,0
0024.txt,13739809280127978612,3,primary_longer,118,122,122,122,0,0,0,1
0024.txt,12947168678245851419,4,primary_failed,118,-1,-1,-1,0,0,0,0
0024.txt,11936668812490768494,3,primary_failed,118,-1,-1,-1,0,0,0,0
0024.txt,2917960076634784942,2,primary_equal_different,118,118,118,118,1,0,0,0
0024.txt,5850302801580292294,2,primary_failed,118,-1,-1,-1,0,0,0,0
0024.txt,14693432442987118736,3,primary_failed,118,-1,-1,-1,0,0,0,0
0024.txt,9687408127535382205,2,primary_failed,118,-1,-1,-1,0,0,0,0
0024.txt,11986090064547887159,2,primary_failed,118,-1,-1,-1,0,0,0,0
0024.txt,199165832375019884,2,primary_failed,118,-1,120,120,0,0,0,0
0024.txt,17124926877369651676,3,primary_failed,118,-1,-1,-1,0,0,0,0
0024.txt,11623806040936859912,3,extract_failed,118,-1,-1,-1,0,0,0,0
0024.txt,13137154276611290113,2,primary_failed,118,-1,-1,-1,0,0,0,0
0024.txt,8252760506442239999,3,primary_failed,118,-1,-1,-1,0,0,0,0
0024.txt,1164221928475734611,2,primary_failed,118,-1,122,122,0,0,0,0
0024.txt,4639484800452478045,3,extract_failed,118,-1,-1,-1,0,0,0,0
0024.txt,7053744004949978780,3,extract_failed,118,-1,-1,-1,0,0,0,0
0024.txt,16946454483062000074,2,primary_failed,118,-1,-1,-1,0,0,0,0
0024.txt,15845735889458144564,3,extract_failed,118,-1,-1,-1,0,0,0,0
0024.txt,11775556155667658365,3,extract_failed,118,-1,-1,-1,0,0,0,0
0024.txt,15312773815522562313,2,primary_failed,118,-1,-1,-1,0,0,0,0
0024.txt,11025718159520957595,2,primary_failed,118,-1,-1,-1,0,0,0,0
0024.txt,18340373819064922469,2,primary_longer,118,120,120,120,0,0,0,0
0024.txt,4853729409088157885,2,primary_failed,118,-1,-1,-1,0,0,0,0
0024.txt,14440500525091144867,2,primary_equal_different,118,118,118,118,1,0,0,1
0024.txt,14745063662932635572,2,primary_longer,118,122,122,122,0,0,0,0
0024.txt,14598086539211050572,3,primary_failed,118,-1,-1,-1,0,0,0,0
0024.txt,10925903519780311883,3,primary_longer,118,122,122,122,0,0,0,0
0024.txt,2192311682367875807,2,primary_failed,118,-1,-1,-1,0,0,0,0
0024.txt,4835270667595400803,3,primary_failed,118,-1,-1,-1,0,0,0,0
0024.txt,4973963704559125342,2,primary_failed,118,-1,-1,-1,0,0,0,0
0024.txt,6698195203812105105,4,extract_failed,118,-1,-1,-1,0,0,0,0
0024.txt,16100130223691442712,2,primary_failed,118,-1,-1,-1,0,0,0,0
0024.txt,8546781406575822258,3,primary_longer,118,119,118,118,0,0,0,0
0024.txt,18065471889171331580,2,primary_failed,118,-1,-1,-1,0,0,0,0
0024.txt,4670107826123054185,2,primary_failed,118,-1,-1,-1,0,0,0,0
0024.txt,4252301396800138076,3,primary_longer,118,119,122,119,0,0,0,0
0024.txt,164113173947915357,2,primary_longer,118,122,122,122,0,0,0,0
0024.txt,17051815341241470770,4,extract_failed,118,-1,-1,-1,0,0,0,0
0024.txt,2239033998861767410,3,extract_failed,118,-1,-1,-1,0,0,0,0
0024.txt,17473115606708258159,3,extract_failed,118,-1,-1,-1,0,0,0,0
0024.txt,2157030587086815138,3,extract_failed,118,-1,-1,-1,0,0,0,0
0025.txt,6274036546337455642,4,primary_failed,58,-1,60,60,0,0,0,0
0025.txt,11897991449952375041,2,primary_longer,58,60,60,60,0,0,0,0
0025.txt,12691630864139583602,3,primary_longer,58,59,59,59,0,0,0,1
0025.txt,14351938443360104479,3,primary_longer,58,60,60,60,0,0,0,0
0025.txt,16905954354134672452,4,primary_longer,58,59,61,59,0,0,0,0
0025.txt,7711059096815030672,4,primary_failed,58,-1,-1,-1,0,0,0,0
0025.txt,7561075653466192403,4,primary_longer,58,61,-1,61,0,0,0,0
0025.txt,2168934415429717048,3,primary_longer,58,60,60,60,0,0,0,0
0025.txt,17188507863308167,4,primary_longer,58,59,59,59,0,0,0,1
0025.txt,16699838870871285507,3,primary_longer,58,60,60,60,0,0,0,0
0025.txt,16552918473141236108,4,primary_longer,58,60,60,60,0,0,0,1
0025.txt,7783597661106109714,2,primary_longer,58,59,58,58,0,0,0,0
0025.txt,12218911455174876586,3,primary_longer,58,60,60,60,0,0,0,1
0025.txt,16799918461818875654,2,primary_longer,58,60,60,60,0,0,0,1
0025.txt,7551621794328732602,3,primary_longer,58,60,60,60,0,0,0,0
0025.txt,15137248830598184629,4,primary_longer,58,60,60,60,0,0,0,1
0025.txt,426765519929480682,3,primary_equal_different,58,58,62,58,1,0,0,0
0025.txt,2425838052725640524,3,primary_longer,58,60,60,60,0,0,0,0
0025.txt,14416326494392958323,4,primary_equal_different,58,58,58,58,1,0,0,0
0025.txt,7573673417377436156,2,primary_longer,58,60,60,60,0,0,0,0
0025.txt,1072411136993182761,2,primary_longer,58,59,59,59,0,0,0,0
0025.txt,8903859763633648633,3,primary_longer,58,60,60,60,0,0,0,1
0025.txt,13777267404131626544,2,primary_longer,58,60,60,60,0,0,0,1
0025.txt,3518199168368692398,3,primary_longer,58,62,62,62,0,0,0,0
0025.txt,15586535798159653281,4,primary_longer,58,60,62,60,0,0,0,0
0025.txt,6163563326774753539,3,primary_longer,58,62,62,62,0,0,0,0
0025.txt,15887377877332503857,2,primary_longer,58,59,59,59,0,0,0,1
0025.txt,321793153817958010,3,primary_longer,58,59,59,59,0,0,0,0
0025.txt,8293523093337545084,4,primary_failed,58,-1,-1,-1,0,0,0,0
0025.txt,4345783242026711546,2,primary_duplicate,58,58,58,58,1,0,0,0
0025.txt,710740656779606645,3,primary_longer,58,61,61,61,0,0,0,0
0025.txt,6878393490463846385,2,primary_longer,58,60,60,60,0,0,0,0
0025.txt,13859042182627004122,3,primary_longer,58,59,59,59,0,0,0,1
0025.txt,16762751952625648582,3,primary_equal_different,58,58,58,58,1,0,0,1
0025.txt,8270367863101865023,2,primary_longer,58,60,60,60,0,0,0,0
0025.txt,4882329727927928379,2,primary_longer,58,62,62,62,0,0,0,0
0025.txt,10625199994892019281,3,primary_longer,58,59,59,59,0,0,0,0
0025.txt,14074052558496328011,2,primary_longer,58,59,58,58,0,0,0,0
0025.txt,13108466017841548623,2,primary_equal_different,58,58,59,58,1,0,0,0
0025.txt,9676429489807370268,3,primary_longer,58,59,59,59,0,0,0,0
0025.txt,9959519072125826383,4,primary_failed,58,-1,-1,-1,0,0,0,0
0025.txt,2315198200609166569,2,primary_equal_different,58,58,58,58,1,0,0,0
0025.txt,11628745725319314746,2,primary_equal_different,58,58,58,58,1,0,0,1
0025.txt,6889093217592913736,3,primary_equal_different,58,58,58,58,1,0,0,0
0025.txt,11174552773831695546,2,primary_equal_different,58,58,58,58,1,0,0,0
0025.txt,16918384608776294241,2,primary_longer,58,61,61,61,0,0,0,0
0025.txt,15314548956494834387,3,primary_equal_different,58,58,58,58,1,0,0,1
0025.txt,14200296688930535836,2,primary_longer,58,60,60,60,0,0,0,0
0025.txt,5610718284895131815,2,primary_equal_different,58,58,58,58,1,0,0,1
0025.txt,2614609434611485085,3,primary_longer,58,61,61,61,0,0,0,0
0025.txt,11208522645647823251,3,primary_longer,58,59,59,59,0,0,0,0
0025.txt,7087561228431532106,3,primary_longer,58,60,60,60,0,0,0,0
0025.txt,709153784512941373,4,primary_longer,58,60,60,60,0,0,0,1
0025.txt,1762922777172413692,4,primary_longer,58,62,62,62,0,0,0,0
0025.txt,14745862783169760740,3,primary_longer,58,61,61,61,0,0,0,0
0025.txt,3407446168180954086,3,primary_longer,58,62,62,62,0,0,0,0
0025.txt,12599964198084744262,3,primary_failed,58,-1,-1,-1,0,0,0,0
0025.txt,4456913910131434560,2,primary_longer,58,60,60,60,0,0,0,0
0025.txt,13323936629397934279,3,primary_longer,58,59,59,59,0,0,0,0
0025.txt,3248388725993236421,3,primary_longer,58,62,62,62,0,0,0,0
0025.txt,8977701944362448096,3,primary_longer,58,61,60,60,0,0,0,0
0025.txt,5970272342269933868,2,primary_longer,58,60,60,60,0,0,0,0
0025.txt,7671141349111931495,2,primary_equal_different,58,58,58,58,1,0,0,0
0025.txt,11467665379875172883,3,primary_longer,58,59,58,58,0,0,0,0
0026.txt,9107706319803064394,4,primary_failed,121,-1,-1,-1,0,0,0,0
0026.txt,14226314477600239507,3,primary_failed,121,-1,-1,-1,0,0,0,0
0026.txt,2618327637318690769,3,primary_failed,121,-1,-1,-1,0,0,0,0
0026.txt,13347078520339963671,2,primary_failed,121,-1,-1,-1,0,0,0,0
0026.txt,14965975276035067725,4,primary_longer,121,123,123,123,0,0,0,0
0026.txt,5757548010695084679,4,primary_failed,121,-1,-1,-1,0,0,0,0
0026.txt,14905373010004294714,4,primary_failed,121,-1,-1,-1,0,0,0,0
0026.txt,17031817854827626639,3,primary_longer,121,125,125,125,0,0,0,1
0026.txt,13310616262972428796,3,primary_longer,121,122,122,122,0,0,0,1
0026.txt,17253499032973219527,3,primary_failed,121,-1,-1,-1,0,0,0,0
0026.txt,18034573912255360450,2,primary_failed,121,-1,-1,-1,0,0,0,0
0026.txt,7419182597806167611,2,primary_failed,121,-1,-1,-1,0,0,0,0
0026.txt,9899439816818469460,4,primary_failed,121,-1,-1,-1,0,0,0,0
0026.txt,4956535966202105819,4,primary_failed,121,-1,-1,-1,0,0,0,0
0026.txt,13449141768226860282,2,primary_equal_different,121,121,122,121,1,0,0,0
0026.txt,8482590699898152112,2,primary_failed,121,-1,-1,-1,0,0,0,0
0026.txt,5220531005385684515,2,primary_longer,121,122,122,122,0,0,0,0
0026.txt,4147585341346903640,3,primary_failed,121,-1,-1,-1,0,0,0,0
0026.txt,3209538230423765424,3,primary_longer,121,124,125,124,0,0,0,0
0026.txt,4072206956022575862,2,primary_longer,121,123,123,123,0,0,0,1
0026.txt,174942049637542253,4,primary_failed,121,-1,-1,-1,0,0,0,0
0026.txt,14687950965183065580,2,primary_longer,121,122,122,122,0,0,0,1
0026.txt,12795687311769583763,3,primary_equal_different,121,121,125,121,1,0,0,0
0026.txt,11817735580554805523,3,primary_longer,121,122,123,122,0,0,0,0
0026.txt,10028972892534108934,4,primary_longer,121,122,122,122,0,0,0,0
0026.txt,13884958285182764548,3,primary_failed,121,-1,-1,-1,0,0,0,0
0026.txt,12114720727979679511,2,primary_longer,121,122,123,122,0,0,0,0
0026.txt,16380513695366347986,3,primary_longer,121,124,124,124,0,0,0,1
0026.txt,4383664003084081370,2,primary_longer,121,124,124,124,0,0,0,0
0026.txt,15024008710030784145,3,primary_failed,121,-1,-1,-1,0,0,0,0
0026.txt,4066761418101218336,3,primary_longer,121,124,124,124,0,0,0,0
0026.txt,13204076926141111201,2,primary_longer,121,124,124,124,0,0,0,0
0026.txt,2920569399214941830,4,primary_failed,121,-1,124,124,0,0,0,0
0026.txt,12001750852207825859,4,extract_failed,121,-1,-1,-1,0,0,0,0
0026.txt,6105154603002382139,3,primary_longer,121,122,122,122,0,0,0,0
0026.txt,6821562942976591274,4,primary_longer,121,122,122,122,0,0,0,0
0026.txt,17303984552900026347,3,primary_failed,121,-1,-1,-1,0,0,0,0
0026.txt,5184772022544573335,2,primary_longer,121,122,122,122,0,0,0,0
0026.txt,15242445349068768726,3,primary_longer,121,122,122,122,0,0,0,0
0026.txt,12047948457770499794,3,primary_equal_different,121,121,121,121,1,0,0,1
0026.txt,11983826258959504704,3,primary_longer,121,125,125,125,0,0,0,0
0026.txt,10960209093810562708,2,primary_failed,121,-1,-1,-1,0,0,0,0
0026.txt,15231480235225681107,2,primary_longer,121,122,-1,122,0,0,0,0
0026.txt,11280421536568926195,3,primary_longer,121,123,123,123,0,0,0,0
0026.txt,6860728959998516973,3,primary_longer,121,123,123,123,0,0,0,0
0026.txt,13471644486929632342,3,primary_longer,121,125,125,125,0,0,0,0
0026.txt,17828424284804396999,3,primary_longer,121,123,123,123,0,0,0,0
0026.txt,12266560259772037646,2,primary_longer,121,125,125,125,0,0,0,0
0026.txt,15900818505727659852,3,primary_longer,121,124,124,124,0,0,0,0
0026.txt,3019585164797502753,4,primary_longer,121,122,122,122,0,0,0,0
0026.txt,12470916238170151606,2,primary_longer,121,123,124,123,0,0,0,0
0026.txt,9306678105094889122,2,primary_longer,121,122,121,121,0,0,0,0
0026.txt,16633066925390229922,3,primary_equal_different,121,121,121,121,1,0,0,1
0026.txt,16553174346140961594,2,primary_duplicate,121,121,121,121,1,0,0,0
0026.txt,4769901285555237260,4,primary_failed,121,-1,-1,-1,0,0,0,0
0026.txt,10187224877539493536,4,primary_equal_different,121,121,121,121,1,0,0,0
0026.txt,11172765442997019267,3,primary_failed,121,-1,-1,-1,0,0,0,0
0026.txt,18106596030070002528,3,primary_failed,121,-1,124,124,0,0,0,0
0026.txt,10858777445112209462,3,primary_longer,121,123,123,123,0,0,0,0
0026.txt,420762555985300567,3,primary_longer,121,124,124,124,0,0,0,0
0026.txt,2896787521477595882,4,primary_longer,121,123,123,123,0,0,0,0
0026.txt,2796223322423007393,2,primary_equal_different,121,121,121,121,1,0,0,0
0026.txt,1612846614632794213,2,primary_longer,121,122,122,122,0,0,0,0
0026.txt,7250674477170548722,2,primary_longer,121,122,122,122,0,0,0,0
0027.txt,10139403732577311643,4,primary_duplicate,152,152,153,152,1,0,0,0
0027.txt,11768456052811092159,3,primary_longer,152,153,153,153,0,0,0,1
0027.txt,7844952045305371204,2,primary_duplicate,152,152,152,152,1,0,0,1
0027.txt,526495333952982707,2,primary_longer,152,153,152,152,0,0,0,0
0027.txt,16511629675464598917,4,primary_duplicate,152,152,152,152,1,0,0,0
0027.txt,17430699382009942927,3,primary_longer,152,153,153,153,0,0,0,1
0027.txt,14328492472129652112,3,primary_duplicate,152,152,152,152,1,0,0,1
0027.txt,1244644118852585712,4,extract_failed,152,-1,-1,-1,0,0,0,0
0027.txt,8338209452538398001,4,extract_failed,152,-1,-1,-1,0,0,0,0
0027.txt,14849724839061372871,3,primary_failed,152,-1,-1,-1,0,0,0,0
0027.txt,15189133453385453826,3,primary_failed,152,-1,-1,-1,0,0,0,0
0027.txt,17459262591039999358,2,primary_longer,152,153,154,153,0,0,0,0
0027.txt,10286331855402557100,4,primary_failed,152,-1,-1,-1,0,0,0,0
0027.txt,6551198681697662396,4,primary_longer,152,155,155,155,0,0,0,0
0027.txt,18030637401035154759,3,primary_longer,152,154,154,154,0,0,0,0
0027.txt,12880463522351922734,3,primary_failed,152,-1,-1,-1,0,0,0,0
0027.txt,3398907454982723877,3,primary_failed,152,-1,-1,-1,0,0,0,0
0027.txt,13511674815766071435,4,extract_failed,152,-1,-1,-1,0,0,0,0
0027.txt,8866542875119780190,3,primary_longer,152,154,155,154,0,0,0,0
0027.txt,4160128755766733093,2,primary_failed,152,-1,156,156,0,0,0,0
0027.txt,2545540373194404655,3,extract_failed,152,-1,-1,-1,0,0,0,0
0027.txt,13649431940035224736,2,primary_longer,152,156,156,156,0,0,0,1
0027.txt,892880182120238756,4,primary_failed,152,-1,-1,-1,0,0,0,0
0027.txt,1667522002581072724,3,primary_failed,152,-1,156,156,0,0,0,0
0027.txt,3821495170148952399,3,primary_longer,152,154,155,154,0,0,0,0
0027.txt,6409117140389607882,4,primary_failed,152,-1,-1,-1,0,0,0,0
0027.txt,2974542329830290273,2,primary_longer,152,154,154,154,0,0,0,1
0027.txt,343029167820723456,3,primary_longer,152,156,156,156,0,0,0,1
0027.txt,17504895139124902185,3,primary_failed,152,-1,-1,-1,0,0,0,0
0027.txt,10990842315945207955,2,primary_equal_different,152,152,153,152,1,0,0,0
0027.txt,222816270368266437,2,primary_longer,152,154,155,154,0,0,0,0
0027.txt,500988807516216288,2,primary_equal_different,152,152,152,152,1,0,0,0
0027.txt,15871570423618657185,3,primary_longer,152,154,154,154,0,0,0,0
0027.txt,13679534717615805322,2,primary_failed,152,-1,-1,-1,0,0,0,0
0027.txt,12853467325421130925,4,primary_longer,152,156,156,156,0,0,0,1
0027.txt,17460941864632164337,2,primary_longer,152,156,154,154,0,0,0,0
0027.txt,16392360732094071362,3,primary_failed,152,-1,-1,-1,0,0,0,0
0027.txt,15334727827534992205,3,extract_failed,152,-1,-1,-1,0,0,0,0
0027.txt,1616558791519833945,2,primary_longer,152,155,155,155,0,0,0,1
0027.txt,2733896924037000472,2,primary_equal_different,152,152,152,152,1,0,0,0
0027.txt,5605503649267281991,2,primary_failed,152,-1,-1,-1,0,0,0,0
0027.txt,13064350348921978129,3,primary_longer,152,153,153,153,0,0,0,0
0027.txt,3192332496965724065,2,primary_longer,152,155,-1,155,0,0,0,0
0027.txt,6210210488657804121,2,primary_longer,152,155,155,155,0,0,0,0
0027.txt,12651203968519083211,4,primary_longer,152,155,155,155,0,0,0,0
0027.txt,18072308596921445778,4,primary_failed,152,-1,-1,-1,0,0,0,0
0027.txt,6195577932128808422,3,extract_failed,152,-1,-1,-1,0,0,0,0
0027.txt,1136328869041383665,2,primary_equal_different,152,152,152,152,1,0,0,0
0027.txt,15222819112483530329,2,primary_equal_different,152,152,152,152,1,0,0,0
0027.txt,15222465482780820555,2,primary_equal_different,152,152,152,152,1,0,0,1
0027.txt,8385213502244251601,4,primary_failed,152,-1,-1,-1,0,0,0,0
0027.txt,3788418634062255341,3,primary_longer,152,155,155,155,0,0,0,1
0027.txt,18426860636971143061,3,primary_failed,152,-1,156,156,0,0,0,0
0027.txt,3145477653653822144,3,primary_failed,152,-1,-1,-1,0,0,0,0
0027.txt,6154049830891507829,3,primary_longer,152,155,155,155,0,0,0,1
0027.txt,15708358496345424675,3,primary_longer,152,154,154,154,0,0,0,0
0027.txt,635987844823656280,3,primary_longer,152,155,-1,155,0,0,0,0
0027.txt,12953483393974068145,3,primary_equal_different,152,152,152,152,1,0,0,1
0027.txt,1287909650203176247,3,extract_failed,152,-1,-1,-1,0,0,0,0
0027.txt,5299419911988366638,3,primary_equal_different,152,152,152,152,1,0,0,1
0027.txt,542763023353891146,3,primary_failed,152,-1,-1,-1,0,0,0,0
0027.txt,6857339753323020365,3,extract_failed,152,-1,-1,-1,0,0,0,0
0027.txt,3827672558490891442,2,primary_duplicate,152,152,152,152,1,0,0,0
0027.txt,5412024898098834633,3,primary_failed,152,-1,153,153,0,0,0,0
0028.txt,16377506626512589124,2,primary_longer,263,266,263,263,0,0,0,0
0028.txt,9828563340931158104,3,primary_longer,263,266,263,263,0,0,0,0
0028.txt,4147374249124372738,4,primary_failed,263,-1,-1,-1,0,0,0,0
0028.txt,7799658668046840938,3,primary_failed,263,-1,-1,-1,0,0,0,0
0028.txt,7204787046040264987,3,primary_longer,263,266,266,266,0,0,0,1
0028.txt,13718564307711275464,2,primary_equal_different,263,263,263,263,1,0,0,0
0028.txt,11560408556978654562,2,primary_failed,263,-1,-1,-1,0,0,0,0
0028.txt,13724180909430988006,4,primary_equal_different,263,263,263,263,1,0,0,0
0028.txt,10368675120454143339,3,primary_equal_different,263,263,266,263,1,0,0,0
0028.txt,8033169879414289071,2,primary_equal_different,263,263,263,263,1,0,0,0
0028.txt,14393969932696756204,3,primary_failed,263,-1,-1,-1,0,0,0,0
0028.txt,2405508327258005782,4,primary_failed,263,-1,-1,-1,0,0,0,0
0028.txt,4270599239304191253,4,primary_longer,263,266,267,266,0,0,0,0
0028.txt,1746787228271656443,3,extract_failed,263,-1,-1,-1,0,0,0,0
0028.txt,6512740723204420073,2,primary_failed,263,-1,-1,-1,0,0,0,0
0028.txt,6787591822977754029,3,primary_longer,263,265,265,265,0,0,0,1
0028.txt,16472323270468174053,2,primary_longer,263,265,263,263,0,0,0,0
0028.txt,10110791042037001271,2,primary_equal_different,263,263,263,263,1,0,0,0
0028.txt,13660335421170001869,4,primary_equal_different,263,263,263,263,1,0,0,0
0028.txt,1168558929504646163,3,primary_failed,263,-1,-1,-1,0,0,0,0
0028.txt,17788724120614839911,3,primary_failed,263,-1,-1,-1,0,0,0,0
0028.txt,15230280576067323856,3,primary_longer,263,264,267,264,0,0,0,0
0028.txt,14048898726770858471,2,primary_longer,263,264,263,263,0,0,0,0
0028.txt,8995046738079971456,4,primary_longer,263,265,265,265,0,0,0,1
0028.txt,10178244136120887020,2,primary_failed,263,-1,-1,-1,0,0,0,0
0028.txt,18221084399070388465,4,primary_failed,263,-1,266,266,0,0,0,0
0028.txt,12674570865341217640,3,primary_equal_different,263,263,263,263,1,0,0,0
0028.txt,11114473006976013776,3,primary_longer,263,264,266,264,0,0,0,0
0028.txt,715729979898905771,4,primary_failed,263,-1,-1,-1,0,0,0,0
0028.txt,959601195296294768,2,primary_equal_different,263,263,263,263,1,0,0,1
0028.txt,9902016562337840926,2,primary_longer,263,265,265,265,0,0,0,1
0028.txt,5648775860803856526,2,primary_longer,263,264,263,263,0,0,0,0
0028.txt,9115817702539541266,3,primary_failed,263,-1,265,265,0,0,0,0
0028.txt,10176770927862767864,3,primary_longer,263,267,267,267,0,0,0,0
0028.txt,13905889919892708098,4,primary_longer,263,265,265,265,0,0,0,1
0028.txt,6172840261928288456,3,primary_equal_different,263,263,263,263,1,0,0,1
0028.txt,14414374679178929896,2,primary_equal_different,263,263,263,263,1,0,0,0
0028.txt,6362580465004226917,2,primary_longer,263,266,266,266,0,0,0,1
0028.txt,17238445869322977663,3,primary_longer,263,265,264,264,0,0,0,0
0028.txt,12795160374279583515,3,primary_longer,263,267,267,267,0,0,0,1
0028.txt,14858870623882112590,4,primary_failed,263,-1,-1,-1,0,0,0,0
0028.txt,2449196387084840405,3,primary_longer,263,265,-1,265,0,0,0,0
0028.txt,15230598009282326840,3,primary_failed,263,-1,-1,-1,0,0,0,0
0028.txt,14422538114913771362,3,primary_longer,263,265,263,263,0,0,0,0
0028.txt,5876922082220126606,4,primary_longer,263,267,-1,267,0,0,0,0
0028.txt,7078074050437205582,3,primary_equal_different,263,263,263,263,1,0,0,0
0028.txt,6741168799002250854,3,primary_longer,263,266,266,266,0,0,0,1
0028.txt,15631189719290143288,3,primary_longer,263,267,-1,267,0,0,0,0
0028.txt,606381887382085083,3,primary_failed,263,-1,267,267,0,0,0,0
0028.txt,8385280703752602761,3,primary_longer,263,267,267,267,0,0,0,0
0028.txt,14134767103861858469,4,primary_longer,263,264,264,264,0,0,0,1
0028.txt,15735361530688790835,2,primary_longer,263,267,-1,267,0,0,0,0
0028.txt,681605472999699804,2,primary_longer,263,267,266,266,0,0,0,0
0028.txt,2822472198803142946,3,primary_equal_different,263,263,263,263,1,0,0,1
0028.txt,2073226215935008668,2,primary_longer,263,266,266,266,0,0,0,1
0028.txt,17013907577145885823,2,primary_longer,263,265,265,265,0,0,0,1
0028.txt,11348728337816426989,3,primary_failed,263,-1,-1,-1,0,0,0,0
0028.txt,2577629533028589931,4,primary_longer,263,266,-1,266,0,0,0,0
0028.txt,1065142938617742089,3,primary_longer,263,264,266,264,0,0,0,0
0028.txt,4219792924694134939,4,primary_failed,263,-1,-1,-1,0,0,0,0
0028.txt,15353844528761050567,3,primary_shorter,263,262,262,262,1,0,0,0
0028.txt,8543414639543348941,2,primary_equal_different,263,263,263,263,1,0,0,1
0028.txt,12237959940932267152,2,primary_longer,263,264,267,264,0,0,0,0
0028.txt,9694213161834013117,2,primary_equal_different,263,263,263,263,1,0,0,0
0029.txt,16521344775486404957,3,primary_equal_different,261,261,262,261,1,0,0,0
0029.txt,8858007085172629268,4,primary_failed,261,-1,-1,-1,0,0,0,0
0029.txt,7327405855237052494,3,primary_failed,261,-1,-1,-1,0,0,0,0
0029.txt,9836542480532295667,3,primary_longer,261,264,265,264,0,0,0,0
0029.txt,7546398742427120867,2,primary_longer,261,264,264,264,0,0,0,1
0029.txt,6962966254238498401,3,primary_longer,261,265,265,265,0,0,0,0
0029.txt,2254002563177559751,4,extract_failed,261,-1,-1,-1,0,0,0,0
0029.txt,73283904403328240,4,primary_failed,261,-1,-1,-1,0,0,0,0
0029.txt,9094014633657334158,2,primary_equal_different,261,261,262,261,1,0,0,0
0029.txt,3371930124167127874,4,primary_longer,261,262,262,262,0,0,0,1
0029.txt,18183494226205532859,4,primary_failed,261,-1,-1,-1,0,0,0,0
0029.txt,12620354048251847771,4,primary_failed,261,-1,-1,-1,0,0,0,0
0029.txt,2974542329830290273,2,primary_equal_different,261,261,261,261,1,0,0,1
0029.txt,16473178443754683412,3,primary_failed,261,-1,-1,-1,0,0,0,0
0029.txt,5650985992787756377,3,extract_failed,261,-1,-1,-1,0,0,0,0
0029.txt,8381121877064840452,3,primary_longer,261,265,-1,265,0,0,0,0
0029.txt,636735172791768632,4,extract_failed,261,-1,-1,-1,0,0,0,0
0029.txt,7640456058806897910,3,primary_equal_different,261,261,262,261,1,0,0,0
0029.txt,7075797226569933971,3,primary_longer,261,264,265,264,0,0,0,0
0029.txt,4226697775593844407,2,primary_longer,261,262,262,262,0,0,0,0
0029.txt,7692435580326140938,4,primary_equal_different,261,261,261,261,1,0,0,0
0029.txt,11018470620598233018,2,primary_longer,261,262,262,262,0,0,0,1
0029.txt,1032959086324377580,4,primary_failed,261,-1,-1,-1,0,0,0,0
0029.txt,11120239237372100588,4,primary_failed,261,-1,-1,-1,0,0,0,0
0029.txt,133215197031944227,2,primary_longer,261,262,261,261,0,0,0,0
0029.txt,5842388327727919385,3,extract_failed,261,-1,-1,-1,0,0,0,0
0029.txt,6937714971368233122,2,primary_equal_different,261,261,261,261,1,0,0,1
0029.txt,15409425442301163930,3,primary_longer,261,262,262,262,0,0,0,1
0029.txt,16020074347354045715,2,primary_longer,261,262,262,262,0,0,0,0
0029.txt,8986451150143638443,3,primary_failed,261,-1,-1,-1,0,0,0,0
0029.txt,13037879944231661289,4,primary_failed,261,-1,-1,-1,0,0,0,0
0029.txt,2013992674960592927,2,primary_longer,261,265,-1,265,0,0,0,0
0029.txt,5748594118387518352,2,primary_equal_different,261,261,261,261,1,0,0,1
0029.txt,16740242416220366248,2,primary_failed,261,-1,-1,-1,0,0,0,0
0029.txt,1916348863366155596,2,primary_longer,261,263,262,262,0,0,0,0
0029.txt,11905200005717427755,4,primary_longer,261,263,263,263,0,0,0,1
0029.txt,17712900615937928221,2,extract_failed,261,-1,-1,-1,0,0,0,0
0029.txt,3006501195854390725,2,primary_longer,261,262,262,262,0,0,0,1
0029.txt,3042298765636804654,3,primary_equal_different,261,261,261,261,1,0,0,1
0029.txt,7925114182988993350,4,extract_failed,261,-1,-1,-1,0,0,0,0
0029.txt,14462891754473296815,3,primary_longer,261,264,263,263,0,0,0,0
0029.txt,2735753012480520338,2,primary_longer,261,264,264,264,0,0,0,1
0029.txt,523765617458926044,3,primary_longer,261,263,263,263,0,0,0,0
0029.txt,588712091331789684,3,primary_failed,261,-1,-1,-1,0,0,0,0
0029.txt,2476212766301431337,4,primary_failed,261,-1,-1,-1,0,0,0,0
0029.txt,17022746449730804383,2,primary_failed,261,-1,265,265,0,0,0,0
0029.txt,3258961350005683891,4,primary_longer,261,265,265,265,0,0,0,0
0029.txt,12990871019277645068,4,primary_failed,261,-1,-1,-1,0,0,0,0
0029.txt,3346292871982927949,2,primary_longer,261,265,265,265,0,0,0,1
0029.txt,14458918186759927040,3,primary_longer,261,262,261,261,0,0,0,0
0029.txt,12362083228141629228,2,primary_failed,261,-1,265,265,0,0,0,0
0029.txt,2699945033026009400,3,primary_failed,261,-1,-1,-1,0,0,0,0
0029.txt,12086209284061292908,2,primary_longer,261,262,262,262,0,0,0,0
0029.txt,1358768015557539303,4,primary_equal_different,261,261,261,261,1,0,0,0
0029.txt,9919136731512944255,3,primary_longer,261,262,263,262,0,0,0,0
0029.txt,6854756282232219158,4,primary_longer,261,263,264,263,0,0,0,0
0029.txt,11715824806246270361,3,primary_failed,261,-1,262,262,0,0,0,0
0029.txt,1731206680963627248,3,primary_longer,261,262,261,261,0,0,0,0
0029.txt,9250161787693407329,3,primary_equal_different,261,261,261,261,1,0,0,1
0029.txt,13665845784796321412,3,primary_longer,261,262,261,261,0,0,0,0
0029.txt,12480398821306742734,4,primary_equal_different,261,261,262,261,1,0,0,0
0029.txt,9203033969752036166,3,primary_failed,261,-1,-1,-1,0,0,0,0
0029.txt,15499002405828076526,4,primary_failed,261,-1,-1,-1,0,0,0,0
0029.txt,792742352341512950,3,primary_failed,261,-1,-1,-1,0,0,0,0
0030.txt,4740654712609944009,2,primary_failed,458,-1,-1,-1,0,0,0,0
0030.txt,1795503425612044217,3,primary_failed,458,-1,-1,-1,0,0,0,0
0030.txt,9029455179886704244,4,extract_failed,458,-1,-1,-1,0,0,0,0
0030.txt,7933763631059055940,3,primary_failed,458,-1,-1,-1,0,0,0,0
0030.txt,8203627740176151892,3,extract_failed,458,-1,-1,-1,0,0,0,0
0030.txt,928614343458939747,2,primary_failed,458,-1,462,462,0,0,0,0
0030.txt,11350172582480309395,4,primary_failed,458,-1,-1,-1,0,0,0,0
0030.txt,15427854056316525301,4,primary_failed,458,-1,-1,-1,0,0,0,0
0030.txt,17504899188329142389,3,primary_failed,458,-1,-1,-1,0,0,0,0
0030.txt,2604873150426940037,4,primary_failed,458,-1,-1,-1,0,0,0,0
0030.txt,17077918896899549564,3,primary_equal_different,458,458,458,458,1,0,0,1
0030.txt,17502022710372695108,4,primary_failed,458,-1,-1,-1,0,0,0,0
0030.txt,1770961671161131494,2,primary_longer,458,461,461,461,0,0,0,1
0030.txt,9658277364141547050,2,primary_equal_different,458,458,458,458,1,0,0,1
0030.txt,14048963392519623125,3,primary_duplicate,458,458,458,458,1,0,0,0
0030.txt,7239273191728103643,2,primary_longer,458,461,461,461,0,0,0,1
0030.txt,2681115722649918764,2,primary_equal_different,458,458,458,458,1,0,0,1
0030.txt,11664785243696188545,4,primary_failed,458,-1,-1,-1,0,0,0,0
0030.txt,2970749944037797092,3,primary_equal_different,458,458,458,458,1,0,0,1
0030.txt,1504897678861046270,2,primary_duplicate,458,458,458,458,1,0,0,1
0030.txt,7704651160723143706,4,primary_longer,458,462,-1,462,0,0,0,0
0030.txt,4253962463595143188,4,primary_failed,458,-1,-1,-1,0,0,0,0
0030.txt,11296877632448543254,4,primary_equal_different,458,458,458,458,1,0,0,0
0030.txt,13259863045009813093,2,extract_failed,458,-1,-1,-1,0,0,0,0
0030.txt,17261712581931929205,2,extract_failed,458,-1,-1,-1,0,0,0,0
0030.txt,16529675568174326546,3,primary_failed,458,-1,-1,-1,0,0,0,0
0030.txt,16885290347468970339,4,primary_equal_different,458,458,458,458,1,0,0,0
0030.txt,13922036211852614989,2,primary_failed,458,-1,-1,-1,0,0,0,0
0030.txt,6094041999776586170,2,primary_duplicate,458,458,458,458,1,0,0,1
0030.txt,7440074689746666578,3,primary_equal_different,458,458,458,458,1,0,0,0
0030.txt,10650822256279264568,3,primary_equal_different,458,458,-1,458,1,0,0,0
0030.txt,9024528636278573656,2,primary_shorter,458,457,457,457,1,0,0,0
0030.txt,2218791157982800552,2,primary_equal_different,458,458,458,458,1,0,0,0
0030.txt,5153608355855863427,2,primary_equal_different,458,458,-1,458,1,0,0,0
0030.txt,3913249724170502311,4,primary_failed,458,-1,-1,-1,0,0,0,0
0030.txt,16136635052879276189,3,primary_failed,458,-1,459,459,0,0,0,0
0030.txt,16667468855624213654,3,primary_equal_different,458,458,458,458,1,0,0,0
0030.txt,11385578870610123696,4,primary_longer,458,462,462,462,0,0,0,0
0030.txt,554664332940691517,3,primary_failed,458,-1,-1,-1,0,0,0,0
0030.txt,6693887833241968250,2,primary_longer,458,460,460,460,0,0,0,1
0030.txt,10958618695139781620,2,primary_longer,458,460,460,460,0,0,0,1
0030.txt,13230682190061515348,3,extract_failed,458,-1,-1,-1,0,0,0,0
0030.txt,4623299194230478690,4,primary_failed,458,-1,-1,-1,0,0,0,0
0030.txt,4034793955323933472,4,extract_failed,458,-1,-1,-1,0,0,0,0
0030.txt,5732867421070502314,4,primary_longer,458,459,459,459,0,0,0,0
0030.txt,3970272703724656335,4,primary_equal_different,458,458,458,458,1,0,0,1
0030.txt,3179704256828750925,3,primary_equal_different,458,458,458,458,1,0,0,0
0030.txt,979227725632829980,4,primary_failed,458,-1,-1,-1,0,0,0,0
0030.txt,18280884731465287078,3,primary_equal_different,458,458,458,458,1,0,0,0
0030.txt,17949960371715452035,3,primary_failed,458,-1,-1,-1,0,0,0,0
0030.txt,5333253007152601512,2,primary_longer,458,460,460,460,0,0,0,1
0030.txt,5214792375522317443,3,primary_failed,458,-1,-1,-1,0,0,0,0
0030.txt,16562433629421507767,3,primary_longer,458,461,461,461,0,0,0,1
0030.txt,4912054019841174179,4,primary_failed,458,-1,461,461,0,0,0,0
0030.txt,6515787194617486330,4,primary_longer,458,459,461,459,0,0,0,0
0030.txt,9094161505913911116,3,primary_longer,458,459,458,458,0,0,0,0
0030.txt,2978254506717330005,2,primary_equal_different,458,458,462,458,1,0,0,0
0030.txt,3153843601204937670,3,extract_failed,458,-1,-1,-1,0,0,0,0
0030.txt,13894407907199589926,2,primary_equal_different,458,458,458,458,1,0,0,0
0030.txt,7590058133095504847,3,primary_equal_different,458,458,458,458,1,0,0,0
0030.txt,14174055914756749312,3,primary_equal_different,458,458,458,458,1,0,0,0
0030.txt,1339364718877176938,3,primary_longer,458,462,462,462,0,0,0,1
0030.txt,2498356316438741999,3,primary_shorter,458,457,457,457,1,0,0,0
0030.txt,7532562123799310055,3,primary_longer,458,460,458,458,0,0,0,0
0031.txt,14156455864032172083,4,primary_longer,121,123,123,123,0,0,0,1
0031.txt,4221087334907158777,4,primary_longer,121,124,125,124,0,0,0,0
0031.txt,5698880816012902994,3,primary_longer,121,122,122,122,0,0,0,0
0031.txt,9428608006630120027,4,primary_failed,121,-1,-1,-1,0,0,0,0
0031.txt,17128731239816521160,3,primary_longer,121,123,123,123,0,0,0,0
0031.txt,4928819240498342133,3,primary_longer,121,123,-1,123,0,0,0,0
0031.txt,18380657445591975289,4,primary_longer,121,123,-1,123,0,0,0,0
0031.txt,2201055956071034153,4,primary_longer,121,123,-1,123,0,0,0,0
0031.txt,2974188700127580499,2,primary_longer,121,122,122,122,0,0,0,0
0031.txt,11927210153276181192,2,primary_longer,121,124,124,124,0,0,0,0
0031.txt,10413056521802291340,2,primary_longer,121,123,123,123,0,0,0,0
0031.txt,2096347144365603455,2,primary_longer,121,123,123,123,0,0,0,1
0031.txt,10643255557267779790,3,primary_longer,121,124,124,124,0,0,0,0
0031.txt,16701547273506478471,3,primary_longer,121,124,123,123,0,0,0,0
0031.txt,6659100239152289994,4,primary_longer,121,124,124,124,0,0,0,1
0031.txt,14656178068849876269,3,primary_longer,121,124,-1,124,0,0,0,0
0031.txt,4483787435897229003,3,primary_equal_different,121,121,121,121,1,0,0,1
0031.txt,1068168515552078368,2,primary_longer,121,124,123,123,0,0,0,0
0031.txt,7192979213379975752,3,primary_longer,121,124,124,124,0,0,0,0
0031.txt,13127857670313001975,3,primary_longer,121,122,122,122,0,0,0,0
0031.txt,17230418799957122269,4,primary_equal_different,121,121,121,121,1,0,0,0
0031.txt,7876822971399500660,2,primary_longer,121,122,122,122,0,0,0,0
0031.txt,18094249022862456961,2,primary_failed,121,-1,-1,-1,0,0,0,0
0031.txt,5011234300980602868,3,primary_longer,121,123,123,123,0,0,0,0
0031.txt,8154119654138819435,3,primary_longer,121,125,125,125,0,0,0,0
0031.txt,16758481679273104890,3,primary_longer,121,124,124,124,0,0,0,0
0031.txt,9631356318893941535,2,primary_longer,121,122,122,122,0,0,0,0
0031.txt,1218151958900916637,2,primary_longer,121,125,-1,125,0,0,0,0
0031.txt,4923218838545027199,3,primary_longer,121,124,125,124,0,0,0,0
0031.txt,3190387533600820308,2,primary_longer,121,122,122,122,0,0,0,0
0031.txt,3186832989244008054,3,primary_longer,121,124,124,124,0,0,0,0
0031.txt,10846581762877429411,3,primary_longer,121,123,123,123,0,0,0,1
0031.txt,9374431522660964902,3,primary_longer,121,122,122,122,0,0,0,0
0031.txt,7061870819698731995,3,primary_longer,121,123,123,123,0,0,0,0
0031.txt,8941291027608201588,2,primary_longer,121,123,122,122,0,0,0,0
0031.txt,15222819112483530329,2,primary_equal_different,121,121,121,121,1,0,0,0
0031.txt,17724867914635302109,3,primary_longer,121,122,122,122,0,0,0,0
0031.txt,17561015095381961926,4,primary_longer,121,123,123,123,0,0,0,0
0031.txt,6074888716792191100,4,primary_failed,121,-1,-1,-1,0,0,0,0
0031.txt,4338071008579038544,3,primary_longer,121,122,122,122,0,0,0,0
0031.txt,7620133919614877864,4,primary_failed,121,-1,-1,-1,0,0,0,0
0031.txt,6930420531158090474,4,primary_equal_different,121,121,121,121,1,0,0,0
0031.txt,12052644011008840462,4,primary_failed,121,-1,-1,-1,0,0,0,0
0031.txt,7030940281661624068,2,primary_duplicate,121,121,121,121,1,0,0,0
0031.txt,12685435798051226436,2,primary_equal_different,121,121,121,121,1,0,0,1
0031.txt,18168158919575587158,3,primary_duplicate,121,121,121,121,1,0,0,0
0031.txt,13293148489914781645,2,primary_longer,121,123,123,123,0,0,0,0
0031.txt,8146333450813886838,2,primary_failed,121,-1,123,123,0,0,0,0
0031.txt,16038599024640826335,2,primary_equal_different,121,121,121,121,1,0,0,0
0031.txt,9537929182033520893,3,primary_longer,121,124,124,124,0,0,0,0
0031.txt,66863412504347724,3,primary_longer,121,122,122,122,0,0,0,0
0031.txt,2662449799212647405,3,primary_longer,121,122,-1,122,0,0,0,0
0031.txt,11423021927675619549,4,primary_longer,121,122,122,122,0,0,0,0
0031.txt,9385231522691476027,2,primary_longer,121,122,122,122,0,0,0,0
0031.txt,11534371585987823482,2,primary_longer,121,123,123,123,0,0,0,0
0031.txt,503177616467561302,3,primary_equal_different,121,121,121,121,1,0,0,0
0031.txt,4912167750727183082,2,primary_duplicate,121,121,121,121,1,0,0,0
0031.txt,5986894821708120873,4,primary_longer,121,123,123,123,0,0,0,0
0031.txt,3486242029218349163,3,primary_failed,121,-1,-1,-1,0,0,0,0
0031.txt,15891422774727368737,3,primary_longer,121,123,123,123,0,0,0,0
0031.txt,11112491130227014508,2,primary_longer,121,123,123,123,0,0,0,0
0031.txt,4515746301921329455,3,primary_equal_different,121,121,121,121,1,0,0,0
0031.txt,10586143794509622693,3,primary_equal_different,121,121,121,121,1,0,0,0
0031.txt,13523581859751886609,3,primary_longer,121,122,122,122,0,0,0,0
0032.txt,14605708065213759389,4,primary_longer,142,144,-1,144,0,0,0,0
0032.txt,4797627259150086094,3,primary_longer,142,144,144,144,0,0,0,0
0032.txt,1412496021158611858,4,primary_equal_different,142,142,142,142,1,0,0,1
0032.txt,2463059865741746194,2,primary_equal_different,142,142,142,142,1,0,0,1
0032.txt,10279079500106011919,4,primary_failed,142,-1,-1,-1,0,0,0,0
0032.txt,12561224570911893364,2,primary_longer,142,145,145,145,0,0,0,1
0032.txt,7168031272232339105,3,primary_longer,142,145,145,145,0,0,0,1
0032.txt,1438628743434667706,3,primary_longer,142,144,-1,144,0,0,0,0
0032.txt,5019332778568672420,3,primary_failed,142,-1,146,146,0,0,0,0
0032.txt,326121446175100391,3,primary_longer,142,146,-1,146,0,0,0,0
0032.txt,14859729693073043431,2,primary_equal_different,142,142,143,142,1,0,0,0
0032.txt,6777072342778150377,3,primary_equal_different,142,142,142,142,1,0,0,1
0032.txt,998512892206304735,3,primary_longer,142,144,-1,144,0,0,0,0
0032.txt,14038951588705068090,3,primary_equal_different,142,142,144,142,1,0,0,0
0032.txt,7312217080043566240,4,primary_failed,142,-1,-1,-1,0,0,0,0
0032.txt,17001228065643885373,4,primary_failed,142,-1,-1,-1,0,0,0,0
0032.txt,3895633949883825821,3,primary_failed,142,-1,-1,-1,0,0,0,0
0032.txt,11338909300588037438,4,primary_failed,142,-1,-1,-1,0,0,0,0
0032.txt,12694805115190209657,2,primary_equal_different,142,142,142,142,1,0,0,1
0032.txt,11654770685008475181,4,primary_failed,142,-1,-1,-1,0,0,0,0
0032.txt,9042845830628623678,4,primary_failed,142,-1,-1,-1,0,0,0,0
0032.txt,18119727477955576068,4,primary_failed,142,-1,-1,-1,0,0,0,0
0032.txt,2774477459719582373,4,primary_failed,142,-1,-1,-1,0,0,0,0
0032.txt,1767524445519486752,3,extract_failed,142,-1,-1,-1,0,0,0,0
0032.txt,13174063023481914506,2,primary_longer,142,145,146,145,0,0,0,0
0032.txt,6103025697405261834,4,primary_failed,142,-1,-1,-1,0,0,0,0
0032.txt,14210174303378567687,3,primary_failed,142,-1,-1,-1,0,0,0,0
0032.txt,11001044431052921595,3,primary_longer,142,146,146,146,0,0,0,0
0032.txt,13217445174636050177,4,primary_failed,142,-1,-1,-1,0,0,0,0
0032.txt,8016001876689961788,3,primary_longer,142,144,146,144,0,0,0,0
0032.txt,14770750632724484242,3,primary_failed,142,-1,-1,-1,0,0,0,0
0032.txt,15952974882972869740,2,primary_longer,142,145,145,145,0,0,0,0
0032.txt,908058903588711802,3,primary_longer,142,144,144,144,0,0,0,0
0032.txt,16355333146720852042,3,primary_longer,142,145,145,145,0,0,0,1
0032.txt,4792375024888896395,2,primary_failed,142,-1,-1,-1,0,0,0,0
0032.txt,250216191483885337,3,primary_longer,142,146,146,146,0,0,0,0
0032.txt,677893296112660072,2,primary_longer,142,146,146,146,0,0,0,0
0032.txt,8340570328042151306,3,primary_failed,142,-1,-1,-1,0,0,0,0
0032.txt,6147200543290687609,4,primary_longer,142,146,146,146,0,0,0,1
0032.txt,18097938760106473402,3,primary_longer,142,145,145,145,0,0,0,1
0032.txt,6338576397308270590,2,primary_longer,142,144,144,144,0,0,0,1
0032.txt,5798228859598630134,2,primary_equal_different,142,142,142,142,1,0,0,1
0032.txt,11399740109983989693,3,primary_longer,142,144,144,144,0,0,0,0
0032.txt,197574498712825901,2,primary_longer,142,144,146,144,0,0,0,0
0032.txt,1465072889430185584,2,primary_longer,142,145,145,145,0,0,0,1
0032.txt,17590633417172086011,2,primary_longer,142,144,144,144,0,0,0,0
0032.txt,4612730373592158310,2,primary_longer,142,144,144,144,0,0,0,1
0032.txt,8274522544612998420,2,primary_longer,142,146,144,144,0,0,0,0
0032.txt,16468708241667211550,3,primary_longer,142,146,146,146,0,0,0,0
0032.txt,8659936758127276666,2,primary_longer,142,146,146,146,0,0,0,1
0032.txt,12056909925664246225,3,primary_failed,142,-1,-1,-1,0,0,0,0
0032.txt,2048957393457726458,2,primary_longer,142,145,145,145,0,0,0,1
0032.txt,5788153218045640260,2,primary_longer,142,144,144,144,0,0,0,0
0032.txt,7986664366858688189,3,primary_failed,142,-1,-1,-1,0,0,0,0
0032.txt,2382629147448036287,3,primary_failed,142,-1,-1,-1,0,0,0,0
0032.txt,17835556035460092729,3,primary_longer,142,143,143,143,0,0,0,0
0032.txt,4533591817881916909,3,primary_equal_different,142,142,142,142,1,0,0,1
0032.txt,4553270664777719435,3,primary_longer,142,145,145,145,0,0,0,0
0032.txt,11437205119813260871,3,primary_longer,142,144,144,144,0,0,0,0
0032.txt,6924741749679595658,4,extract_failed,142,-1,-1,-1,0,0,0,0
0032.txt,12625593080748881271,3,primary_longer,142,146,146,146,0,0,0,0
0032.txt,13106000806386649312,3,primary_longer,142,146,146,146,0,0,0,1
0032.txt,10678008056308195966,3,primary_longer,142,145,145,145,0,0,0,0
0032.txt,7281341302050843619,3,primary_longer,142,143,143,143,0,0,0,1
0033.txt,1826129405545797729,2,primary_failed,141,-1,-1,-1,0,0,0,0
0033.txt,10511153381552738237,4,primary_longer,141,143,143,143,0,0,0,0
0033.txt,12488388256857657513,3,primary_failed,141,-1,143,143,0,0,0,0
0033.txt,13619340694294522925,4,primary_longer,141,144,144,144,0,0,0,1
0033.txt,16103135141173062896,2,primary_duplicate,141,141,141,141,1,0,0,0
0033.txt,17323924594196540364,3,primary_equal_different,141,141,142,141,1,0,0,0
0033.txt,9538750328075999141,2,primary_longer,141,143,142,142,0,0,0,0
0033.txt,6132458167914268132,3,primary_longer,141,143,-1,143,0,0,0,0
0033.txt,16412798536038412186,4,primary_failed,141,-1,-1,-1,0,0,0,0
0033.txt,15237462111919100762,4,primary_failed,141,-1,-1,-1,0,0,0,0
0033.txt,10350324978344073348,3,primary_equal_different,141,141,141,141,1,0,0,1
0033.txt,5539358058376236891,3,primary_longer,141,145,145,145,0,0,0,0
0033.txt,2487529900743937612,4,primary_longer,141,142,145,142,0,0,0,0
0033.txt,3987975185920442332,3,primary_failed,141,-1,-1,-1,0,0,0,0
0033.txt,8908309859417274563,3,primary_longer,141,145,145,145,0,0,0,0
0033.txt,10324073832950004787,2,primary_duplicate,141,141,142,141,1,0,0,0
0033.txt,10827519812673362606,3,primary_failed,141,-1,-1,-1,0,0,0,0
0033.txt,6519467025729186222,3,primary_failed,141,-1,-1,-1,0,0,0,0
0033.txt,11622974507383579807,4,primary_failed,141,-1,-1,-1,0,0,0,0
0033.txt,5201331326755902634,3,primary_longer,141,145,-1,145,0,0,0,0
0033.txt,9566997017213059861,2,primary_failed,141,-1,-1,-1,0,0,0,0
0033.txt,11005314454663296756,3,primary_longer,141,143,143,143,0,0,0,0
0033.txt,747743466726046249,4,primary_longer,141,144,144,144,0,0,0,0
0033.txt,9551279230302941402,3,extract_failed,141,-1,-1,-1,0,0,0,0
0033.txt,6182848154381601558,4,primary_failed,141,-1,-1,-1,0,0,0,0
0033.txt,16831383743356456977,3,primary_longer,141,142,143,142,0,0,0,0
0033.txt,575723032607765014,3,primary_longer,141,145,-1,145,0,0,0,0
0033.txt,17500832350775591280,3,primary_failed,141,-1,145,145,0,0,0,0
0033.txt,11330347286473021817,3,extract_failed,141,-1,-1,-1,0,0,0,0
0033.txt,72479197316718394,2,primary_longer,141,145,145,145,0,0,0,0
0033.txt,3306468082552067263,2,primary_duplicate,141,141,141,141,1,0,0,0
0033.txt,6940012629444433758,2,primary_equal_different,141,141,141,141,1,0,0,1
0033.txt,15498251486931185879,2,primary_longer,141,142,142,142,0,0,0,1
0033.txt,17003692480293423656,3,primary_longer,141,143,143,143,0,0,0,0
0033.txt,9687938572089446866,2,extract_failed,141,-1,-1,-1,0,0,0,0
0033.txt,7334265715543630564,2,primary_longer,141,143,142,142,0,0,0,0
0033.txt,2249247565266090912,2,primary_longer,141,144,144,144,0,0,0,1
0033.txt,16951934808462588676,2,primary_equal_different,141,141,141,141,1,0,0,1
0033.txt,12139255240229700499,2,primary_duplicate,141,141,141,141,1,0,0,0
0033.txt,6637394454967846810,2,primary_equal_different,141,141,141,141,1,0,0,0
0033.txt,7755792541601729764,2,primary_longer,141,143,144,143,0,0,0,0
0033.txt,15768483026604803388,4,primary_duplicate,141,141,144,141,1,0,0,0
0033.txt,4434765930878998099,2,primary_equal_different,141,141,141,141,1,0,0,1
0033.txt,9492897127478207698,3,primary_failed,141,-1,144,144,0,0,0,0
0033.txt,5733316423978491977,3,primary_duplicate,141,141,141,141,1,0,0,0
0033.txt,1612973640988405020,3,primary_longer,141,142,142,142,0,0,0,1
0033.txt,6791215810192654234,3,primary_equal_different,141,141,141,141,1,0,0,1
0033.txt,4618335695415881992,3,primary_longer,141,142,142,142,0,0,0,0
0033.txt,11585250167757537126,3,extract_failed,141,-1,-1,-1,0,0,0,0
0033.txt,653005154159929310,2,primary_longer,141,143,143,143,0,0,0,0
0033.txt,11085937515535930550,4,primary_longer,141,144,144,144,0,0,0,0
0033.txt,5129752193474472258,4,primary_longer,141,143,145,143,0,0,0,0
0033.txt,14801821795988082895,2,primary_equal_different,141,141,141,141,1,0,0,1
0033.txt,17497533103301830145,3,primary_longer,141,143,143,143,0,0,0,0
0033.txt,11536227674431343348,2,primary_longer,141,144,145,144,0,0,0,0
0033.txt,10958265065437071846,2,primary_longer,141,145,145,145,0,0,0,1
0033.txt,6074784854943092641,3,primary_longer,141,142,142,142,0,0,0,1
0033.txt,11749189396762773887,3,primary_longer,141,144,143,143,0,0,0,0
0033.txt,12657454798686904494,2,primary_equal_different,141,141,142,141,1,0,0,0
0033.txt,1831874485727712214,2,primary_equal_different,141,141,142,141,1,0,0,0
0033.txt,12321109609672668224,2,primary_longer,141,143,143,143,0,0,0,0
0033.txt,11569727586137556641,3,primary_longer,141,143,143,143,0,0,0,1
0033.txt,12106501174870209503,2,primary_longer,141,145,145,145,0,0,0,0
0033.txt,5583482196886119275,3,primary_longer,141,143,143,143,0,0,0,0
0034.txt,17200482254224892718,4,extract_failed,446,-1,-1,-1,0,0,0,0
0034.txt,13710618228715611760,3,primary_failed,446,-1,-1,-1,0,0,0,0
0034.txt,10438425819297679745,3,extract_failed,446,-1,-1,-1,0,0,0,0
0034.txt,7364651492824673076,4,primary_failed,446,-1,-1,-1,0,0,0,0
0034.txt,17428017923563491679,3,extract_failed,446,-1,-1,-1,0,0,0,0
0034.txt,14108044327815303216,2,primary_longer,446,447,447,447,0,0,0,0
0034.txt,4098243927013406942,2,primary_failed,446,-1,-1,-1,0,0,0,0
0034.txt,4205975828892447346,4,primary_longer,446,450,-1,450,0,0,0,0
0034.txt,4054744623306107628,3,extract_failed,446,-1,-1,-1,0,0,0,0
0034.txt,11983897656329380667,4,primary_failed,446,-1,-1,-1,0,0,0,0
0034.txt,1090796662039209598,3,extract_failed,446,-1,-1,-1,0,0,0,0
0034.txt,8851336324569169604,2,extract_failed,446,-1,-1,-1,0,0,0,0
0034.txt,14225008016031911711,2,primary_equal_different,446,446,447,446,1,0,0,0
0034.txt,12660307041809588360,4,primary_equal_different,446,446,446,446,1,0,0,0
0034.txt,5473378260968188212,4,extract_failed,446,-1,-1,-1,0,0,0,0
0034.txt,11572605976747903080,2,primary_longer,446,448,447,447,0,0,0,0
0034.txt,2967184464651121388,3,primary_failed,446,-1,-1,-1,0,0,0,0
0034.txt,8605210593375291201,2,primary_longer,446,450,450,450,0,0,0,1
0034.txt,6945267949135758473,4,extract_failed,446,-1,-1,-1,0,0,0,0
0034.txt,16787670208594436531,4,primary_longer,446,448,449,448,0,0,0,0
0034.txt,5525978217483949655,2,primary_longer,446,448,448,448,0,0,0,1
0034.txt,11377885961239357121,3,primary_longer,446,449,449,449,0,0,0,1
0034.txt,15616163468985546380,3,primary_equal_different,446,446,446,446,1,0,0,1
0034.txt,10548824636981821242,3,primary_failed,446,-1,-1,-1,0,0,0,0
0034.txt,11296554282824798978,2,primary_longer,446,449,-1,449,0,0,0,0
0034.txt,3389800570294583552,3,extract_failed,446,-1,-1,-1,0,0,0,0
0034.txt,16704257276199943184,3,extract_failed,446,-1,-1,-1,0,0,0,0
0034.txt,5062151194076021351,2,primary_longer,446,448,448,448,0,0,0,0
0034.txt,6560909509366998806,3,primary_failed,446,-1,-1,-1,0,0,0,0
0034.txt,123708650951582992,3,primary_failed,446,-1,-1,-1,0,0,0,0
0034.txt,1423046612361949867,3,primary_failed,446,-1,-1,-1,0,0,0,0
0034.txt,4526576722361549949,2,primary_longer,446,450,449,449,0,0,0,0
0034.txt,970098087804309374,4,primary_failed,446,-1,-1,-1,0,0,0,0
0034.txt,17569585990417903249,4,primary_equal_different,446,446,446,446,1,0,0,1
0034.txt,16988678252498235750,4,primary_failed,446,-1,-1,-1,0,0,0,0
0034.txt,10323278633614614243,2,primary_failed,446,-1,-1,-1,0,0,0,0
0034.txt,8872322354852705353,4,primary_failed,446,-1,-1,-1,0,0,0,0
0034.txt,10696974139132155676,2,primary_equal_different,446,446,446,446,1,0,0,1
0034.txt,1642371594994543555,4,primary_longer,446,447,447,447,0,0,0,0
0034.txt,14047926712584113040,2,primary_failed,446,-1,-1,-1,0,0,0,0
0034.txt,11206158010153086224,2,extract_failed,446,-1,-1,-1,0,0,0,0
0034.txt,17491927781478106463,2,extract_failed,446,-1,-1,-1,0,0,0,0
0034.txt,4209976076955682462,3,extract_failed,446,-1,-1,-1,0,0,0,0
0034.txt,12604828264906161642,3,primary_failed,446,-1,-1,-1,0,0,0,0
0034.txt,16403455657573449208,2,extract_failed,446,-1,-1,-1,0,0,0,0
0034.txt,17284744635441140101,2,primary_failed,446,-1,450,450,0,0,0,0
0034.txt,8349194197593212211,4,extract_failed,446,-1,-1,-1,0,0,0,0
0034.txt,14640063527267879271,3,primary_shorter,446,445,445,445,1,0,0,0
0034.txt,13992671038269475809,2,primary_equal_different,446,446,446,446,1,0,0,1
0034.txt,6169461405928816348,4,primary_longer,446,448,448,448,0,0,0,1
0034.txt,10060729832721123581,3,primary_failed,446,-1,-1,-1,0,0,0,0
0034.txt,7660199042166679533,4,primary_failed,446,-1,-1,-1,0,0,0,0
0034.txt,9751571432043781583,3,primary_failed,446,-1,-1,-1,0,0,0,0
0034.txt,10012557849050580823,4,primary_failed,446,-1,-1,-1,0,0,0,0
0034.txt,14392647057305571069,3,primary_longer,446,447,448,447,0,0,0,0
0034.txt,1284166510766251355,3,primary_longer,446,449,449,449,0,0,0,1
0034.txt,1736793086990801402,2,primary_failed,446,-1,450,450,0,0,0,0
0034.txt,4128523519445342415,2,primary_duplicate,446,446,446,446,1,0,0,1
0034.txt,385969147673098655,2,primary_longer,446,448,448,448,0,0,0,0
0034.txt,13112178194728588355,2,extract_failed,446,-1,-1,-1,0,0,0,0
0034.txt,5145036108035096540,2,primary_longer,446,447,447,447,0,0,0,1
0034.txt,6812330244771523182,4,extract_failed,446,-1,-1,-1,0,0,0,0
0034.txt,17200358197732667715,2,primary_longer,446,448,446,446,0,0,0,0
0034.txt,11179944224310900257,2,primary_longer,446,450,450,450,0,0,0,0
0035.txt,17527039755690647633,4,primary_longer,63,66,66,66,0,0,0,1
0035.txt,323029869469479345,3,primary_longer,63,65,65,65,0,0,0,1
0035.txt,1310846824640242922,2,primary_longer,63,65,65,65,0,0,0,1
0035.txt,10084489316264844308,2,primary_longer,63,65,65,65,0,0,0,1
0035.txt,1359987874731735617,3,primary_longer,63,65,64,64,0,0,0,0
0035.txt,14168249882976464388,2,primary_longer,63,64,64,64,0,0,0,1
0035.txt,15814782173212219003,3,primary_longer,63,66,66,66,0,0,0,0
0035.txt,4513936601555557410,4,primary_longer,63,66,66,66,0,0,0,1
0035.txt,5005429921088119560,3,primary_longer,63,65,65,65,0,0,0,1
0035.txt,871795205103595633,4,primary_longer,63,66,65,65,0,0,0,0
0035.txt,8901287303613959890,4,primary_longer,63,67,67,67,0,0,0,0
0035.txt,7105411043338528295,3,primary_longer,63,66,66,66,0,0,0,0
0035.txt,13223307731429248118,4,primary_longer,63,66,65,65,0,0,0,0
0035.txt,16946081671038162891,3,primary_failed,63,-1,-1,-1,0,0,0,0
0035.txt,15314806718817437066,2,primary_longer,63,66,65,65,0,0,0,0
0035.txt,14222692217259096519,3,primary_failed,63,-1,-1,-1,0,0,0,0
0035.txt,2256638354439046961,4,primary_failed,63,-1,-1,-1,0,0,0,0
0035.txt,2130230856442067360,3,primary_failed,63,-1,-1,-1,0,0,0,0
0035.txt,14439174881201689662,2,primary_longer,63,64,63,63,0,0,0,0
0035.txt,7479034523264619009,2,primary_longer,63,66,66,66,0,0,0,1
0035.txt,12090567307415570922,4,primary_longer,63,65,66,65,0,0,0,0
0035.txt,6301049265953610540,2,primary_longer,63,66,66,66,0,0,0,0
0035.txt,468853126640760949,2,primary_longer,63,67,-1,67,0,0,0,0
0035.txt,13530945675765265845,3,primary_failed,63,-1,-1,-1,0,0,0,0
0035.txt,13015044710375675381,3,primary_longer,63,65,65,65,0,0,0,1
0035.txt,6094218814627941057,2,primary_longer,63,64,63,63,0,0,0,0
0035.txt,14617581828538943538,2,primary_failed,63,-1,-1,-1,0,0,0,0
0035.txt,7000483874378333708,2,primary_longer,63,65,65,65,0,0,0,0
0035.txt,4443993316618246217,3,primary_longer,63,64,65,64,0,0,0,0
0035.txt,1119165654087090929,3,primary_longer,63,66,66,66,0,0,0,0
0035.txt,14914719481202291528,4,primary_longer,63,65,66,65,0,0,0,0
0035.txt,5927219342648799892,3,primary_failed,63,-1,-1,-1,0,0,0,0
0035.txt,4305074378339076425,2,primary_failed,63,-1,-1,-1,0,0,0,0
0035.txt,3875397798404863657,3,primary_longer,63,65,64,64,0,0,0,0
0035.txt,5228873524985813876,3,primary_longer,63,66,66,66,0,0,0,0
0035.txt,11079648189946139621,2,primary_longer,63,65,65,65,0,0,0,0
0035.txt,8174403325099592671,2,primary_longer,63,65,65,65,0,0,0,0
0035.txt,17504661835717087274,3,primary_longer,63,65,65,65,0,0,0,1
0035.txt,14527627125499911554,2,primary_longer,63,66,67,66,0,0,0,0
0035.txt,11821123495863620747,3,primary_longer,63,66,66,66,0,0,0,0
0035.txt,13532909821451297011,2,primary_longer,63,64,63,63,0,0,0,0
0035.txt,9178224256514451657,2,primary_longer,63,64,63,63,0,0,0,0
0035.txt,8514814320703578447,2,extract_failed,63,-1,-1,-1,0,0,0,0
0035.txt,5853396593983296369,2,primary_longer,63,65,65,65,0,0,0,0
0035.txt,13903723429294427592,3,primary_longer,63,65,64,64,0,0,0,0
0035.txt,18154454578023618133,2,primary_longer,63,66,66,66,0,0,0,0
0035.txt,15590769537819157277,2,extract_failed,63,-1,-1,-1,0,0,0,0
0035.txt,17249611029542787782,3,extract_failed,63,-1,-1,-1,0,0,0,0
0035.txt,17674968775018132933,3,primary_longer,63,66,66,66,0,0,0,0
0035.txt,16568470813237468924,3,primary_longer,63,67,67,67,0,0,0,0
0036.txt,5774576026355199695,4,primary_longer,207,211,211,211,0,0,0,0
0036.txt,4992585540592694441,3,primary_longer,207,211,211,211,0,0,0,1
0036.txt,8894287956347796974,3,primary_failed,207,-1,-1,-1,0,0,0,0
0036.txt,10604986532798248939,2,primary_longer,207,211,-1,211,0,0,0,0
0036.txt,13701956670466385149,3,primary_longer,207,210,211,210,0,0,0,0
0036.txt,253360617581527793,2,primary_longer,207,210,211,210,0,0,0,0
0036.txt,741282708441403638,4,primary_failed,207,-1,-1,-1,0,0,0,0
0036.txt,11079171828194243512,4,primary_longer,207,211,211,211,0,0,0,0
0036.txt,6501576096273233146,4,primary_failed,207,-1,-1,-1,0,0,0,0
0036.txt,17627720381039698376,3,primary_longer,207,210,210,210,0,0,0,1
0036.txt,2034969332215355800,3,primary_failed,207,-1,-1,-1,0,0,0,0
0036.txt,13609266788922711963,3,primary_failed,207,-1,-1,-1,0,0,0,0
0036.txt,81910008194247845,3,primary_failed,207,-1,-1,-1,0,0,0,0
0036.txt,12412654711382481296,2,primary_longer,207,208,208,208,0,0,0,0
0036.txt,4340375929392076762,4,primary_failed,207,-1,-1,-1,0,0,0,0
0036.txt,13473211782377551397,3,primary_longer,207,210,-1,210,0,0,0,0
0036.txt,2642608482754352464,4,primary_failed,207,-1,-1,-1,0,0,0,0
0036.txt,1656470383183815639,4,primary_failed,207,-1,-1,-1,0,0,0,0
0036.txt,15562842913783682916,4,primary_longer,207,208,207,207,0,0,0,0
0036.txt,11566448675482574066,4,primary_failed,207,-1,-1,-1,0,0,0,0
0036.txt,7589471199984980162,3,primary_equal_different,207,207,207,207,1,0,0,0
0036.txt,9849235360950759218,2,primary_longer,207,211,-1,211,0,0,0,0
0036.txt,14048848385474227350,3,primary_longer,207,211,211,211,0,0,0,0
0036.txt,15501145536016185964,3,primary_longer,207,211,211,211,0,0,0,0
0036.txt,10680425498539115674,3,primary_longer,207,211,211,211,0,0,0,0
0036.txt,593064353780094021,2,primary_longer,207,210,210,210,0,0,0,1
0036.txt,12506328238052718977,3,primary_longer,207,210,210,210,0,0,0,1
0036.txt,341895898812377115,4,primary_failed,207,-1,-1,-1,0,0,0,0
0036.txt,5353037395462468526,4,extract_failed,207,-1,-1,-1,0,0,0,0
0036.txt,12086688452327313553,3,primary_failed,207,-1,-1,-1,0,0,0,0
0036.txt,16253095656055252062,3,primary_equal_different,207,207,207,207,1,0,0,0
0036.txt,105942646916236261,4,primary_failed,207,-1,-1,-1,0,0,0,0
0036.txt,17034618544627909918,3,primary_longer,207,209,208,208,0,0,0,0
0036.txt,12362680400372061749,3,primary_equal_different,207,207,207,207,1,0,0,1
0036.txt,2565697904455618720,4,primary_longer,207,210,210,210,0,0,0,1
0036.txt,6437015867039450499,4,primary_failed,207,-1,-1,-1,0,0,0,0
0036.txt,18201679001910890734,3,primary_failed,207,-1,-1,-1,0,0,0,0
0036.txt,8634941276063216804,4,primary_failed,207,-1,-1,-1,0,0,0,0
0036.txt,14416319642543833653,2,primary_failed,207,-1,-1,-1,0,0,0,0
0036.txt,13383906861879516063,3,primary_failed,207,-1,-1,-1,0,0,0,0
0036.txt,2133123187382364341,4,primary_failed,207,-1,-1,-1,0,0,0,0
0036.txt,17288457311583896699,4,primary_failed,207,-1,-1,-1,0,0,0,0
0036.txt,16115684085726589860,3,primary_longer,207,211,-1,211,0,0,0,0
0036.txt,10754969976147087208,2,primary_equal_different,207,207,207,207,1,0,0,1
0036.txt,4012242727691754408,3,primary_longer,207,210,210,210,0,0,0,1
0036.txt,17712546986235218447,2,primary_longer,207,210,208,208,0,0,0,0
0036.txt,17786073821143892375,3,primary_longer,207,210,207,207,0,0,0,0
0036.txt,10721368154458191518,3,primary_equal_different,207,207,207,207,1,0,0,0
0036.txt,3945961890596955142,2,primary_longer,207,210,210,210,0,0,0,1
0036.txt,7159071281470181360,3,primary_longer,207,208,208,208,0,0,0,0
0036.txt,13281301738137036952,4,primary_equal_different,207,207,211,207,1,0,0,0
0036.txt,9498595583920461338,4,primary_failed,207,-1,-1,-1,0,0,0,0
0036.txt,16393713735496958606,3,primary_failed,207,-1,-1,-1,0,0,0,0
0036.txt,13077632064080936512,3,primary_longer,207,210,210,210,0,0,0,0
0036.txt,9397360830260024697,4,primary_failed,207,-1,-1,-1,0,0,0,0
0036.txt,1009023502281016830,4,extract_failed,207,-1,-1,-1,0,0,0,0
0036.txt,979266607267014887,4,primary_longer,207,211,211,211,0,0,0,0
0036.txt,921423976838447109,4,extract_failed,207,-1,-1,-1,0,0,0,0
0036.txt,649650718003618365,4,primary_failed,207,-1,-1,-1,0,0,0,0
0036.txt,11410601928481171180,2,primary_longer,207,210,207,207,0,0,0,0
0036.txt,16043636845417321272,2,primary_longer,207,211,211,211,0,0,0,1
0036.txt,6577365714658040525,2,primary_longer,207,209,209,209,0,0,0,1
0036.txt,2311552509302402458,4,primary_longer,207,208,208,208,0,0,0,0
0036.txt,17698502935920724827,3,primary_failed,207,-1,-1,-1,0,0,0,0
0037.txt,10568230088547641686,3,primary_longer,245,247,246,246,0,0,0,0
0037.txt,4592880987407335380,2,primary_longer,245,247,247,247,0,0,0,0
0037.txt,5079209619770409919,2,primary_longer,245,247,247,247,0,0,0,0
0037.txt,16553881605546381142,2,primary_longer,245,246,246,246,0,0,0,1
0037.txt,10260189714308164783,3,primary_failed,245,-1,-1,-1,0,0,0,0
0037.txt,15840383425271128027,4,primary_failed,245,-1,-1,-1,0,0,0,0
0037.txt,1274998739503233877,4,primary_longer,245,247,-1,247,0,0,0,0
0037.txt,2121161996808993818,4,primary_failed,245,-1,-1,-1,0,0,0,0
0037.txt,9115013783871670301,2,primary_longer,245,247,247,247,0,0,0,1
0037.txt,6214982619661560280,2,primary_equal_different,245,245,245,245,1,0,0,0
0037.txt,2855172979611519821,3,primary_longer,245,249,249,249,0,0,0,0
0037.txt,3847969172744598233,3,primary_failed,245,-1,-1,-1,0,0,0,0
0037.txt,5958028391326837152,3,primary_longer,245,247,247,247,0,0,0,0
0037.txt,10144694871426005480,2,primary_longer,245,246,246,246,0,0,0,0
0037.txt,6045149790127899081,2,primary_failed,245,-1,247,247,0,0,0,0
0037.txt,41138715776653599,2,primary_equal_different,245,245,246,245,1,0,0,0
0037.txt,10975504449612284723,4,primary_failed,245,-1,-1,-1,0,0,0,0
0037.txt,1537123917692630253,4,primary_equal_different,245,245,248,245,1,0,0,0
0037.txt,5102184078773403587,3,primary_longer,245,247,245,245,0,0,0,0
0037.txt,13255239263394222578,3,primary_failed,245,-1,-1,-1,0,0,0,0
0037.txt,11359898062736479531,4,primary_failed,245,-1,-1,-1,0,0,0,0
0037.txt,15118964026881034560,4,primary_longer,245,249,249,249,0,0,0,1
0037.txt,5094993199365483343,2,primary_failed,245,-1,-1,-1,0,0,0,0
0037.txt,17719031940260239256,3,primary_failed,245,-1,-1,-1,0,0,0,0
0037.txt,7988890154680788188,4,primary_failed,245,-1,-1,-1,0,0,0,0
0037.txt,4088232536188337776,4,primary_failed,245,-1,-1,-1,0,0,0,0
0037.txt,15816872596027355383,3,primary_failed,245,-1,-1,-1,0,0,0,0
0037.txt,17123428717575250319,3,primary_longer,245,248,248,248,0,0,0,1
0037.txt,6706835626932202902,4,primary_longer,245,249,245,245,0,0,0,0
0037.txt,8306481410637098872,2,primary_longer,245,249,-1,249,0,0,0,0
0037.txt,3832480713946854357,4,primary_failed,245,-1,-1,-1,0,0,0,0
0037.txt,544384902299965405,4,primary_failed,245,-1,-1,-1,0,0,0,0
0037.txt,8538351674602821872,3,primary_failed,245,-1,-1,-1,0,0,0,0
0037.txt,17917588087454447174,3,primary_longer,245,249,-1,249,0,0,0,0
0037.txt,15323910346183681509,2,primary_longer,245,248,248,248,0,0,0,0
0037.txt,11129554018963313491,3,primary_equal_different,245,245,245,245,1,0,0,1
0037.txt,4830991610585132339,3,primary_failed,245,-1,-1,-1,0,0,0,0
0037.txt,6663785055661387664,2,primary_equal_different,245,245,245,245,1,0,0,1
0037.txt,12111101846400095356,3,primary_longer,245,249,249,249,0,0,0,0
0037.txt,61472211767311544,3,primary_longer,245,246,246,246,0,0,0,1
0037.txt,12937838737015828738,4,primary_equal_different,245,245,245,245,1,0,0,1
0037.txt,16908047659605130809,4,primary_failed,245,-1,-1,-1,0,0,0,0
0037.txt,18280759117916020606,3,primary_failed,245,-1,-1,-1,0,0,0,0
0037.txt,16947231488384226083,3,primary_failed,245,-1,-1,-1,0,0,0,0
0037.txt,15396031196197072582,3,primary_failed,245,-1,-1,-1,0,0,0,0
0037.txt,15802174342785793427,3,primary_longer,245,246,247,246,0,0,0,0
0037.txt,4460869640206908289,3,primary_failed,245,-1,-1,-1,0,0,0,0
0037.txt,10785426383430377568,2,primary_longer,245,248,248,248,0,0,0,0
0037.txt,17879676703005071728,4,extract_failed,245,-1,-1,-1,0,0,0,0
0037.txt,10810011394017169213,4,primary_equal_different,245,245,248,245,1,0,0,0
0037.txt,14534902708002138799,4,extract_failed,245,-1,-1,-1,0,0,0,0
0037.txt,8710623745659394423,4,primary_failed,245,-1,249,249,0,0,0,0
0037.txt,5424886983783798475,2,primary_equal_different,245,245,245,245,1,0,0,0
0037.txt,16829755549626717462,2,primary_longer,245,247,248,247,0,0,0,0
0037.txt,4774388469864148004,3,primary_longer,245,248,249,248,0,0,0,0
0037.txt,11055732062180154290,2,primary_failed,245,-1,-1,-1,0,0,0,0
0037.txt,6576013938296590314,3,primary_failed,245,-1,-1,-1,0,0,0,0
0037.txt,3859454609663637007,2,primary_longer,245,249,249,249,0,0,0,1
0037.txt,5429283491609608652,3,primary_equal_different,245,245,245,245,1,0,0,0
0037.txt,188100510895322682,4,primary_longer,245,249,249,249,0,0,0,0
0037.txt,894779218362229146,3,primary_longer,245,248,247,247,0,0,0,0
0037.txt,12260550424808797278,2,primary_longer,245,246,247,246,0,0,0,0
0037.txt,7053095503114952264,3,primary_longer,245,249,-1,249,0,0,0,0
0037.txt,17460941864632164337,2,primary_longer,245,246,246,246,0,0,0,1
0038.txt,892501730915118793,2,primary_equal_different,131,131,132,131,1,0,0,0
0038.txt,5797596733974766124,4,primary_longer,131,134,134,134,0,0,0,1
0038.txt,6872392178407467886,3,primary_longer,131,133,132,132,0,0,0,0
0038.txt,7056269993247035600,2,primary_equal_different,131,131,132,131,1,0,0,0
0038.txt,4545364737111999623,4,primary_longer,131,135,-1,135,0,0,0,0
0038.txt,13175565482222724598,2,primary_longer,131,132,132,132,0,0,0,0
0038.txt,17672727231016897935,4,primary_failed,131,-1,-1,-1,0,0,0,0
0038.txt,12715627450553190913,2,primary_longer,131,135,132,132,0,0,0,0
0038.txt,13520787361505588463,4,primary_longer,131,135,-1,135,0,0,0,0
0038.txt,2250641966764389704,3,primary_longer,131,134,134,134,0,0,0,1
0038.txt,5791246075457231440,2,primary_equal_different,131,131,131,131,1,0,0,1
0038.txt,3523203329783324802,4,primary_longer,131,134,134,134,0,0,0,0
0038.txt,1950252692755159805,2,primary_equal_different,131,131,131,131,1,0,0,1
0038.txt,3301413162703470623,3,primary_longer,131,135,135,135,0,0,0,0
0038.txt,13930352121165817904,3,primary_failed,131,-1,-1,-1,0,0,0,0
0038.txt,236106455117536710,3,primary_longer,131,132,132,132,0,0,0,0
0038.txt,18368532568272012193,2,extract_failed,131,-1,-1,-1,0,0,0,0
0038.txt,11048396583327458717,2,primary_longer,131,132,135,132,0,0,0,0
0038.txt,12986267576684550000,3,primary_longer,131,134,131,131,0,0,0,0
0038.txt,1252850987625311390,2,primary_equal_different,131,131,132,131,1,0,0,0
0038.txt,7397477744286904347,4,primary_longer,131,135,135,135,0,0,0,1
0038.txt,3802350078445660395,3,primary_failed,131,-1,-1,-1,0,0,0,0
0038.txt,11600331429487005372,3,primary_longer,131,135,135,135,0,0,0,1
0038.txt,8465100465528076048,3,primary_failed,131,-1,-1,-1,0,0,0,0
0038.txt,17671484492844873552,2,primary_longer,131,132,132,132,0,0,0,0
0038.txt,13448275014750147190,4,primary_failed,131,-1,-1,-1,0,0,0,0
0038.txt,17331521814969009021,4,primary_longer,131,134,134,134,0,0,0,0
0038.txt,4098369715318886344,3,primary_longer,131,132,132,132,0,0,0,0
0038.txt,15223437496967565986,2,primary_longer,131,135,134,134,0,0,0,0
0038.txt,2902741575303227432,3,primary_longer,131,135,-1,135,0,0,0,0
0038.txt,2370876262235357161,3,primary_longer,131,132,-1,132,0,0,0,0
0038.txt,11224210375020882708,4,primary_equal_different,131,131,135,131,1,0,0,0
0038.txt,1869904725417281087,4,extract_failed,131,-1,-1,-1,0,0,0,0
0038.txt,13606672282098268837,3,primary_longer,131,135,135,135,0,0,0,0
0038.txt,4850106107122502044,2,primary_longer,131,133,132,132,0,0,0,0
0038.txt,16154504486597752501,4,primary_failed,131,-1,-1,-1,0,0,0,0
0038.txt,6420929931721868223,2,primary_longer,131,133,133,133,0,0,0,1
0038.txt,11264958254659514533,3,primary_longer,131,135,135,135,0,0,0,1
0038.txt,1664725558410648201,3,primary_equal_different,131,131,131,131,1,0,0,0
0038.txt,5502184806466455146,3,extract_failed,131,-1,-1,-1,0,0,0,0
0038.txt,10717688417252625632,3,primary_longer,131,135,134,134,0,0,0,0
0038.txt,965340851612150949,4,primary_longer,131,135,134,134,0,0,0,0
0038.txt,13739740272776966494,2,primary_longer,131,133,132,132,0,0,0,0
0038.txt,5970341099878777455,3,primary_equal_different,131,131,132,131,1,0,0,0
0038.txt,5436057117190567321,3,primary_longer,131,132,132,132,0,0,0,0
0038.txt,5563240019586991159,3,primary_equal_different,131,131,131,131,1,0,0,1
0038.txt,4910134847432308329,2,primary_longer,131,135,135,135,0,0,0,1
0038.txt,3463708272979736342,3,primary_longer,131,135,135,135,0,0,0,1
0038.txt,15679486536898705052,2,primary_longer,131,132,131,131,0,0,0,0
0038.txt,11260795299983687798,2,primary_longer,131,132,132,132,0,0,0,0
0038.txt,1412220133901781328,4,primary_longer,131,135,135,135,0,0,0,1
0038.txt,7918097901658614569,3,primary_equal_different,131,131,131,131,1,0,0,0
0038.txt,7935967637452532510,2,extract_failed,131,-1,-1,-1,0,0,0,0
0038.txt,2208171156777902096,4,extract_failed,131,-1,-1,-1,0,0,0,0
0038.txt,2537266611203118881,3,primary_longer,131,134,133,133,0,0,0,0
0038.txt,1860210920637404888,4,primary_longer,131,132,133,132,0,0,0,0
0038.txt,13954613462360751098,2,primary_longer,131,134,134,134,0,0,0,0
0038.txt,7060256133071507448,3,primary_longer,131,135,135,135,0,0,0,1
0038.txt,5049699768790403098,3,primary_longer,131,134,134,134,0,0,0,0
0038.txt,12050281759533520179,3,primary_failed,131,-1,-1,-1,0,0,0,0
0038.txt,18313518220787714680,3,extract_failed,131,-1,-1,-1,0,0,0,0
0038.txt,17229812324802299818,4,primary_longer,131,134,-1,134,0,0,0,0
0038.txt,6578895719660466839,4,primary_longer,131,132,132,132,0,0,0,0
0038.txt,6761728159774213423,3,primary_longer,131,133,133,133,0,0,0,0
0039.txt,15301679681925528789,3,primary_longer,117,118,119,118,0,0,0,0
0039.txt,15434019753746090803,3,primary_failed,117,-1,-1,-1,0,0,0,0
0039.txt,617687740951498900,2,primary_longer,117,120,120,120,0,0,0,1
0039.txt,455882801788169903,4,primary_failed,117,-1,-1,-1,0,0,0,0
0039.txt,17307370861128365601,4,primary_failed,117,-1,-1,-1,0,0,0,0
0039.txt,10859425946947235978,3,primary_longer,117,120,119,119,0,0,0,0
0039.txt,14891374557960249711,3,primary_longer,117,118,119,118,0,0,0,0
0039.txt,1950959017169166458,2,primary_failed,117,-1,-1,-1,0,0,0,0
0039.txt,11602388294363817748,4,primary_failed,117,-1,-1,-1,0,0,0,0
0039.txt,14433290757911591391,4,extract_failed,117,-1,-1,-1,0,0,0,0
0039.txt,2432201517391590666,3,primary_failed,117,-1,-1,-1,0,0,0,0
0039.txt,13531760992413196693,2,primary_failed,117,-1,-1,-1,0,0,0,0
0039.txt,12509680138492882970,2,primary_equal_different,117,117,117,117,1,0,0,1
0039.txt,4476276183817691396,3,primary_longer,117,119,119,119,0,0,0,1
0039.txt,16266021158778137903,3,primary_failed,117,-1,-1,-1,0,0,0,0
0039.txt,6978738179625412952,4,primary_longer,117,119,-1,119,0,0,0,0
0039.txt,304917976383140289,4,primary_failed,117,-1,-1,-1,0,0,0,0
0039.txt,3848704769310701444,3,primary_failed,117,-1,-1,-1,0,0,0,0
0039.txt,3265624801077162927,3,primary_longer,117,118,117,117,0,0,0,0
0039.txt,13234889906381594335,3,primary_failed,117,-1,-1,-1,0,0,0,0
0039.txt,10161670612114677789,3,primary_equal_different,117,117,118,117,1,0,0,0
0039.txt,8192725379433855565,4,primary_failed,117,-1,-1,-1,0,0,0,0
0039.txt,2226480266538205899,2,primary_longer,117,119,119,119,0,0,0,1
0039.txt,15917657469764439330,2,primary_equal_different,117,117,117,117,1,0,0,1
0039.txt,12744492524174287290,2,primary_equal_different,117,117,117,117,1,0,0,1
0039.txt,10323101818763259356,2,primary_longer,117,118,117,117,0,0,0,0
0039.txt,7274148100312440388,2,primary_failed,117,-1,-1,-1,0,0,0,0
0039.txt,11350638635141762621,3,primary_longer,117,121,-1,121,0,0,0,0
0039.txt,16518162304587635543,3,primary_equal_different,117,117,117,117,1,0,0,1
0039.txt,4152771639814069801,3,primary_longer,117,119,119,119,0,0,0,0
0039.txt,9401678110192765059,3,primary_longer,117,121,-1,121,0,0,0,0
0039.txt,6392690181726980728,3,primary_failed,117,-1,-1,-1,0,0,0,0
0039.txt,3277072564376906225,2,primary_longer,117,118,118,118,0,0,0,1
0039.txt,5672691988569841857,2,primary_longer,117,121,-1,121,0,0,0,0
0039.txt,10944014093580943730,3,primary_failed,117,-1,-1,-1,0,0,0,0
0039.txt,12070427951810746870,3,extract_failed,117,-1,-1,-1,0,0,0,0
0039.txt,3361058841208820639,3,primary_longer,117,120,120,120,0,0,0,0
0039.txt,17951384958381794313,4,primary_longer,117,121,-1,121,0,0,0,0
0039.txt,10640657575709389123,2,primary_failed,117,-1,-1,-1,0,0,0,0
0039.txt,12313460182999628458,3,primary_equal_different,117,117,117,117,1,0,0,1
0039.txt,16068524987370052034,2,primary_longer,117,119,118,118,0,0,0,0
0039.txt,2332966133053502071,3,extract_failed,117,-1,-1,-1,0,0,0,0
0039.txt,3553565827932691097,2,primary_equal_different,117,117,117,117,1,0,0,1
0039.txt,3378849898545423796,3,primary_equal_different,117,117,117,117,1,0,0,1
0039.txt,10627664956604750061,2,primary_equal_different,117,117,117,117,1,0,0,1
0039.txt,4466194352349033890,2,extract_failed,117,-1,-1,-1,0,0,0,0
0039.txt,13568138359738343530,2,primary_longer,117,119,119,119,0,0,0,0
0039.txt,14546781186277852510,3,primary_failed,117,-1,-1,-1,0,0,0,0
0039.txt,9828034729883950618,3,primary_longer,117,119,119,119,0,0,0,1
0039.txt,2555613192932574480,3,extract_failed,117,-1,-1,-1,0,0,0,0
0039.txt,9005859955003743477,3,extract_failed,117,-1,-1,-1,0,0,0,0
0039.txt,11963765270444095811,2,primary_longer,117,120,120,120,0,0,0,0
0039.txt,16453713835587362718,3,extract_failed,117,-1,-1,-1,0,0,0,0
0039.txt,7609079705507250457,2,primary_longer,117,120,120,120,0,0,0,0
0039.txt,11904354914618325183,2,primary_failed,117,-1,121,121,0,0,0,0
0039.txt,8942616671497656793,2,primary_longer,117,120,120,120,0,0,0,0
0039.txt,11917644307485251134,3,primary_failed,117,-1,-1,-1,0,0,0,0
0039.txt,8301859951351991344,3,primary_longer,117,119,119,119,0,0,0,0
0039.txt,15661435448225566208,3,primary_failed,117,-1,-1,-1,0,0,0,0
0039.txt,555802912198172749,2,primary_longer,117,119,118,118,0,0,0,0
0039.txt,17859525512102436532,2,primary_failed,117,-1,-1,-1,0,0,0,0
0039.txt,13480128620064215303,2,primary_longer,117,121,121,121,0,0,0,0
0039.txt,3388744676042818579,3,primary_failed,117,-1,-1,-1,0,0,0,0
0039.txt,14388072953406772933,2,primary_longer,117,121,121,121,0,0,0,0
0040.txt,13532767011959394339,4,primary_failed,137,-1,-1,-1,0,0,0,0
0040.txt,13611032960820335085,3,primary_failed,137,-1,-1,-1,0,0,0,0
0040.txt,2188511565550865079,2,primary_failed,137,-1,-1,-1,0,0,0,0
0040.txt,14570689455985119541,4,primary_failed,137,-1,141,141,0,0,0,0
0040.txt,1804608030625540284,3,primary_longer,137,140,140,140,0,0,0,0
0040.txt,5376149183775085324,4,primary_longer,137,140,140,140,0,0,0,0
0040.txt,13589580014576773338,2,primary_longer,137,139,139,139,0,0,0,0
0040.txt,2996348905776561794,3,primary_failed,137,-1,-1,-1,0,0,0,0
0040.txt,3191360482778978634,2,primary_equal_different,137,137,137,137,1,0,0,1
0040.txt,5682568410060095895,4,primary_longer,137,141,141,141,0,0,0,0
0040.txt,141266155138202707,3,primary_longer,137,140,140,140,0,0,0,0
0040.txt,13613947961756058525,3,primary_longer,137,140,140,140,0,0,0,0
0040.txt,1199958506105464842,4,primary_longer,137,139,139,139,0,0,0,0
0040.txt,942553019382525286,3,primary_longer,137,139,139,139,0,0,0,1
0040.txt,386123557313072593,4,primary_equal_different,137,137,137,137,1,0,0,0
0040.txt,11623354274840110035,2,primary_longer,137,139,139,139,0,0,0,0
0040.txt,157229514508519640,3,primary_equal_different,137,137,137,137,1,0,0,0
0040.txt,199402860258950867,3,primary_failed,137,-1,-1,-1,0,0,0,0
0040.txt,16940631712730733679,3,primary_longer,137,139,139,139,0,0,0,0
0040.txt,3048866927922809876,4,primary_equal_different,137,137,137,137,1,0,0,0
0040.txt,2480590891741813664,3,primary_failed,137,-1,-1,-1,0,0,0,0
0040.txt,15686859464197656024,4,primary_failed,137,-1,-1,-1,0,0,0,0
0040.txt,2245800143160377063,2,primary_failed,137,-1,-1,-1,0,0,0,0
0040.txt,2226746562071089732,4,primary_failed,137,-1,-1,-1,0,0,0,0
0040.txt,11816786744576877726,2,primary_equal_different,137,137,139,137,1,0,0,0
0040.txt,2188865195253574853,2,primary_longer,137,140,140,140,0,0,0,0
0040.txt,12561578200614603138,2,primary_failed,137,-1,-1,-1,0,0,0,0
0040.txt,4202165289847964473,4,primary_failed,137,-1,-1,-1,0,0,0,0
0040.txt,2845244784785399568,3,primary_longer,137,139,139,139,0,0,0,0
0040.txt,5940295818245327632,4,primary_failed,137,-1,-1,-1,0,0,0,0
0040.txt,6260468719988267610,3,primary_failed,137,-1,-1,-1,0,0,0,0
0040.txt,12976159745192254811,3,primary_longer,137,139,139,139,0,0,0,0
0040.txt,2281206431290191364,2,extract_failed,137,-1,-1,-1,0,0,0,0
0040.txt,5031521600445103468,3,primary_longer,137,139,140,139,0,0,0,0
0040.txt,16982805058481164906,3,primary_failed,137,-1,-1,-1,0,0,0,0
0040.txt,11480795185265351230,2,primary_longer,137,139,140,139,0,0,0,0
0040.txt,2565115613760899071,4,primary_failed,137,-1,-1,-1,0,0,0,0
0040.txt,4434765930878998099,2,primary_longer,137,139,139,139,0,0,0,0
0040.txt,14655196899823574584,2,primary_longer,137,139,139,139,0,0,0,1
0040.txt,5629453629521085503,3,primary_longer,137,139,139,139,0,0,0,0
0040.txt,8652079857111715363,3,primary_longer,137,140,140,140,0,0,0,1
0040.txt,15909301479595935630,3,primary_longer,137,139,139,139,0,0,0,0
0040.txt,17494667944178400764,2,primary_longer,137,140,140,140,0,0,0,0
0040.txt,7162345698847323245,3,primary_longer,137,141,141,141,0,0,0,0
0040.txt,11960141033487027075,2,primary_equal_different,137,137,137,137,1,0,0,0
0040.txt,10601362295841180203,2,primary_longer,137,139,139,139,0,0,0,0
0040.txt,11264655826258893174,3,primary_longer,137,141,141,141,0,0,0,1
0040.txt,7222374439157129530,3,primary_equal_different,137,137,137,137,1,0,0,0
0040.txt,14895488675914154611,2,primary_longer,137,139,139,139,0,0,0,1
0040.txt,4777789358993028287,4,primary_failed,137,-1,140,140,0,0,0,0
0040.txt,5185744036731318766,2,primary_equal_different,137,137,137,137,1,0,0,0
0040.txt,18099551598420277781,2,primary_longer,137,138,138,138,0,0,0,0
0040.txt,12596541984120323774,2,primary_equal_different,137,137,137,137,1,0,0,0
0040.txt,10811081997821103974,3,primary_longer,137,141,141,141,0,0,0,0
0040.txt,9267383760218093097,2,primary_longer,137,138,138,138,0,0,0,0
0040.txt,2647664647665627306,3,primary_equal_different,137,137,137,137,1,0,0,1
0040.txt,988237635637816451,3,primary_longer,137,138,138,138,0,0,0,0
0040.txt,378721608750374078,2,primary_longer,137,138,138,138,0,0,0,0
0040.txt,15649383759318124466,2,primary_longer,137,139,139,139,0,0,0,0
0040.txt,9298723306766744997,2,primary_longer,137,139,139,139,0,0,0,0
0040.txt,9752249562406173146,3,primary_failed,137,-1,-1,-1,0,0,0,0
0040.txt,6702409197625928225,3,primary_longer,137,141,141,141,0,0,0,1
0040.txt,4907900170886953859,3,primary_longer,137,139,139,139,0,0,0,0
0040.txt,17858000613718603149,3,primary_failed,137,-1,140,140,0,0,0,0
0041.txt,342454427500257703,4,primary_failed,92,-1,-1,-1,0,0,0,0
0041.txt,8994081198069932248,3,primary_failed,92,-1,-1,-1,0,0,0,0
0041.txt,12488388256857657513,3,primary_longer,92,93,95,93,0,0,0,0
0041.txt,652297894754509762,2,primary_equal_different,92,92,93,92,1,0,0,0
0041.txt,7331266998638389262,3,primary_longer,92,94,96,94,0,0,0,0
0041.txt,16605128321287008284,4,primary_failed,92,-1,-1,-1,0,0,0,0
0041.txt,12724821158560833780,3,primary_longer,92,95,95,95,0,0,0,0
0041.txt,4806337568346893073,4,primary_longer,92,94,93,93,0,0,0,0
0041.txt,18073780317202185479,2,primary_equal_different,92,92,92,92,1,0,0,0
0041.txt,8091524558400346385,3,primary_longer,92,94,94,94,0,0,0,0
0041.txt,8500890966219429468,4,primary_longer,92,94,-1,94,0,0,0,0
0041.txt,16317652815214007453,4,primary_longer,92,95,94,94,0,0,0,0
0041.txt,6856897498441095231,3,primary_longer,92,93,93,93,0,0,0,0
0041.txt,5427666775049908378,3,primary_longer,92,94,94,94,0,0,0,1
0041.txt,2070052031361113881,4,primary_longer,92,93,93,93,0,0,0,1
0041.txt,14730991721625245372,3,primary_longer,92,96,92,92,0,0,0,0
0041.txt,11995724136468196263,2,primary_longer,92,94,94,94,0,0,0,1
0041.txt,9797044567408149736,3,primary_longer,92,93,93,93,0,0,0,1
0041.txt,3944371491926174054,2,primary_equal_different,92,92,93,92,1,0,0,0
0041.txt,8241092405188910497,4,primary_longer,92,95,93,93,0,0,0,0
0041.txt,2585327064507588404,2,primary_equal_different,92,92,92,92,1,0,0,0
0041.txt,5110261472410375583,3,primary_equal_different,92,92,92,92,1,0,0,0
0041.txt,10405490932538432387,3,primary_longer,92,94,93,93,0,0,0,0
0041.txt,10285887108358469532,4,primary_longer,92,93,94,93,0,0,0,0
0041.txt,9041121618221508206,3,primary_longer,92,93,93,93,0,0,0,0
0041.txt,17495905648137884973,2,primary_longer,92,96,-1,96,0,0,0,0
0041.txt,1530846709921906354,2,primary_equal_different,92,92,92,92,1,0,0,0
0041.txt,1645689554913669100,2,primary_equal_different,92,92,92,92,1,0,0,0
0041.txt,3377169886387464474,3,primary_equal_different,92,92,92,92,1,0,0,0
0041.txt,6757893505220140150,2,primary_longer,92,94,94,94,0,0,0,1
0041.txt,1615586777333088514,2,primary_longer,92,93,94,93,0,0,0,0
0041.txt,5103280664884902637,3,primary_equal_different,92,92,94,92,1,0,0,0
0041.txt,11370726611988772071,3,primary_longer,92,94,94,94,0,0,0,1
0041.txt,7187461688261450920,4,primary_longer,92,95,95,95,0,0,0,1
0041.txt,12117144859610603913,3,primary_longer,92,94,94,94,0,0,0,1
0041.txt,12118231459529114436,4,primary_longer,92,93,93,93,0,0,0,0
0041.txt,11288698609198657830,3,primary_longer,92,95,94,94,0,0,0,0
0041.txt,4253125974920725136,3,primary_longer,92,93,93,93,0,0,0,0
0041.txt,16320665765795586813,3,primary_longer,92,94,94,94,0,0,0,0
0041.txt,281735810205788006,3,primary_longer,92,93,93,93,0,0,0,0
0041.txt,9736164801139949921,4,primary_equal_different,92,92,92,92,1,0,0,0
0041.txt,17398889190102132251,3,primary_failed,92,-1,-1,-1,0,0,0,0
0041.txt,8673759156960207546,3,primary_equal_different,92,92,92,92,1,0,0,0
0041.txt,18244625724479820606,3,primary_equal_different,92,92,92,92,1,0,0,0
0041.txt,2013145603880432597,3,primary_longer,92,95,96,95,0,0,0,0
0041.txt,10431592740236372430,3,primary_longer,92,93,93,93,0,0,0,1
0041.txt,11642837825953011555,4,primary_longer,92,94,94,94,0,0,0,1
0041.txt,11666013314161064921,3,primary_longer,92,94,94,94,0,0,0,1
0041.txt,858165300968082766,3,primary_longer,92,94,94,94,0,0,0,0
0041.txt,3060825472856061001,3,primary_longer,92,96,96,96,0,0,0,1
0041.txt,2954582171221235952,3,primary_longer,92,95,95,95,0,0,0,0
0041.txt,831058471794473412,2,primary_duplicate,92,92,92,92,1,0,0,0
0041.txt,16224253510900804788,2,primary_equal_different,92,92,92,92,1,0,0,0
0041.txt,15920556330198778109,4,primary_longer,92,95,95,95,0,0,0,1
0041.txt,13893435893012844495,2,primary_longer,92,94,94,94,0,0,0,1
0041.txt,11870222398633196301,3,primary_longer,92,94,95,94,0,0,0,0
0041.txt,11050429486622333470,2,primary_equal_different,92,92,92,92,1,0,0,0
0041.txt,5973630889454263826,2,primary_equal_different,92,92,92,92,1,0,0,0
0041.txt,12409627354257837821,3,primary_equal_different,92,92,92,92,1,0,0,0
0041.txt,7302814854430571482,3,primary_equal_different,92,92,92,92,1,0,0,0
0041.txt,14715314515054764760,2,primary_failed,92,-1,96,96,0,0,0,0
0041.txt,11296112713192118208,2,primary_equal_different,92,92,92,92,1,0,0,0
0041.txt,13349111423634838424,2,primary_equal_different,92,92,94,92,1,0,0,0
0041.txt,4852226950347347793,2,primary_longer,92,93,93,93,0,0,0,0
0042.txt,15863638564417873413,2,primary_longer,324,325,324,324,0,0,0,0
0042.txt,14023837345153950207,3,primary_longer,324,325,325,325,0,0,0,1
0042.txt,1091517560404413146,4,primary_longer,324,327,327,327,0,0,0,1
0042.txt,3712962005787688612,3,primary_longer,324,326,326,326,0,0,0,0
0042.txt,3383855572038452147,3,primary_longer,324,328,328,328,0,0,0,1
0042.txt,4836244952149368797,4,primary_failed,324,-1,-1,-1,0,0,0,0
0042.txt,4808785559011547210,3,primary_longer,324,328,328,328,0,0,0,1
0042.txt,11620117485839727140,4,primary_failed,324,-1,-1,-1,0,0,0,0
0042.txt,15745172417460454826,2,primary_failed,324,-1,328,328,0,0,0,0
0042.txt,2897985608380160081,2,primary_equal_different,324,324,324,324,1,0,0,1
0042.txt,2914778344301809871,2,primary_longer,324,327,327,327,0,0,0,1
0042.txt,11598289318036024386,2,primary_longer,324,325,325,325,0,0,0,1
0042.txt,17514115043581801287,3,primary_longer,324,325,324,324,0,0,0,0
0042.txt,4593036198507139582,4,primary_longer,324,328,-1,328,0,0,0,0
0042.txt,9129576163286929173,4,primary_failed,324,-1,-1,-1,0,0,0,0
0042.txt,3942751873933882653,4,primary_longer,324,328,328,328,0,0,0,0
0042.txt,11766937615163412270,4,primary_failed,324,-1,-1,-1,0,0,0,0
0042.txt,17814270408557916272,4,primary_failed,324,-1,-1,-1,0,0,0,0
0042.txt,3944548306777528941,2,primary_longer,324,327,328,327,0,0,0,0
0042.txt,11302037248421152070,3,primary_longer,324,328,-1,328,0,0,0,0
0042.txt,10983425597223257330,3,primary_longer,324,327,326,326,0,0,0,0
0042.txt,4536504746229325893,3,primary_failed,324,-1,-1,-1,0,0,0,0
0042.txt,2374317472755997756,3,primary_failed,324,-1,-1,-1,0,0,0,0
0042.txt,8866420821951128110,3,primary_longer,324,326,326,326,0,0,0,1
0042.txt,1223545421938851947,4,primary_longer,324,325,325,325,0,0,0,1
0042.txt,933773653594505351,3,primary_failed,324,-1,-1,-1,0,0,0,0
0042.txt,1202640365627349581,3,primary_failed,324,-1,-1,-1,0,0,0,0
0042.txt,15273786622491177843,3,primary_failed,324,-1,-1,-1,0,0,0,0
0042.txt,11724375117748142417,4,primary_failed,324,-1,-1,-1,0,0,0,0
0042.txt,15979192297318783071,3,primary_longer,324,327,324,324,0,0,0,0
0042.txt,3471389108370448351,2,primary_longer,324,327,327,327,0,0,0,0
0042.txt,6467861013924962747,3,primary_longer,324,327,327,327,0,0,0,0
0042.txt,17921596910949070059,4,primary_failed,324,-1,-1,-1,0,0,0,0
0042.txt,1863833351751812666,2,primary_longer,324,327,327,327,0,0,0,0
0042.txt,1853150617119919074,3,primary_failed,324,-1,-1,-1,0,0,0,0
0042.txt,7396945743632347259,2,primary_longer,324,325,324,324,0,0,0,0
0042.txt,1221068936452565825,2,primary_failed,324,-1,-1,-1,0,0,0,0
0042.txt,12189781180604667243,3,primary_failed,324,-1,-1,-1,0,0,0,0
0042.txt,12549079387704442845,4,primary_failed,324,-1,-1,-1,0,0,0,0
0042.txt,6008521493111099688,4,primary_longer,324,327,-1,327,0,0,0,0
0042.txt,1736793086990801402,2,primary_longer,324,326,327,326,0,0,0,0
0042.txt,2273240716601439426,4,primary_equal_different,324,324,326,324,1,0,0,0
0042.txt,12024122735374037019,3,primary_failed,324,-1,-1,-1,0,0,0,0
0042.txt,15474475966868137395,2,primary_failed,324,-1,328,328,0,0,0,0
0042.txt,2443387294408278151,2,primary_longer,324,326,326,326,0,0,0,0
0042.txt,13222160208551423981,3,primary_longer,324,326,324,324,0,0,0,0
0042.txt,14827957099798572630,3,primary_longer,324,327,327,327,0,0,0,0
0042.txt,1469174078955891936,3,primary_failed,324,-1,-1,-1,0,0,0,0
0042.txt,17993785881286784733,3,primary_longer,324,325,326,325,0,0,0,0
0042.txt,471769169200997242,2,primary_equal_different,324,324,328,324,1,0,0,0
0042.txt,18134783711894501685,3,primary_duplicate,324,324,328,324,1,0,0,0
0042.txt,16022866242835892972,2,primary_longer,324,327,327,327,0,0,0,0
0042.txt,6598365799863789563,2,extract_failed,324,-1,-1,-1,0,0,0,0
0042.txt,18176713786934939454,3,primary_failed,324,-1,-1,-1,0,0,0,0
0042.txt,17404091364262612508,4,primary_failed,324,-1,-1,-1,0,0,0,0
0042.txt,6338475093791008335,3,extract_failed,324,-1,-1,-1,0,0,0,0
0042.txt,7753141253822819354,2,primary_longer,324,327,327,327,0,0,0,1
0042.txt,3995120725009793904,2,extract_failed,324,-1,-1,-1,0,0,0,0
0042.txt,15883065064489299709,4,extract_failed,324,-1,-1,-1,0,0,0,0
0042.txt,4182106120744193549,3,primary_longer,324,326,326,326,0,0,0,1
0042.txt,1061638985299729487,3,primary_longer,324,326,325,325,0,0,0,0
0042.txt,11051727829537436240,4,primary_longer,324,328,-1,328,0,0,0,0
0042.txt,10574706940366313466,2,primary_longer,324,328,328,328,0,0,0,1
0042.txt,11998957601582724290,2,primary_longer,324,325,324,324,0,0,0,0
0043.txt,12331372731333619783,4,primary_failed,169,-1,-1,-1,0,0,0,0
0043.txt,18321149257021971359,3,primary_longer,169,173,173,173,0,0,0,1
0043.txt,5007690719096774664,2,primary_equal_different,169,169,170,169,1,0,0,0
0043.txt,16600162238328977370,4,primary_longer,169,173,-1,173,0,0,0,0
0043.txt,821991424824733193,4,primary_failed,169,-1,-1,-1,0,0,0,0
0043.txt,8765715311920603311,3,primary_failed,169,-1,-1,-1,0,0,0,0
0043.txt,12635252232507978156,3,primary_equal_different,169,169,169,169,1,0,0,0
0043.txt,382735117722171657,4,primary_failed,169,-1,-1,-1,0,0,0,0
0043.txt,16508144139899068567,3,primary_failed,169,-1,-1,-1,0,0,0,0
0043.txt,5295292589990665280,3,primary_failed,169,-1,173,173,0,0,0,0
0043.txt,17651015787184602070,2,primary_longer,169,173,173,173,0,0,0,0
0043.txt,8355624290008916707,4,primary_failed,169,-1,-1,-1,0,0,0,0
0043.txt,1860209114794743930,2,primary_longer,169,173,173,173,0,0,0,1
0043.txt,11059364518985366385,3,primary_failed,169,-1,-1,-1,0,0,0,0
0043.txt,721496990106928350,3,primary_failed,169,-1,-1,-1,0,0,0,0
0043.txt,6240666895941094481,2,primary_failed,169,-1,-1,-1,0,0,0,0
0043.txt,18324625861487263172,3,extract_failed,169,-1,-1,-1,0,0,0,0
0043.txt,3338467710753941235,4,primary_failed,169,-1,-1,-1,0,0,0,0
0043.txt,194746396082560604,2,primary_equal_different,169,169,171,169,1,0,0,0
0043.txt,2375815766267061263,4,primary_failed,169,-1,-1,-1,0,0,0,0
0043.txt,13675774427985155219,4,primary_longer,169,173,172,172,0,0,0,0
0043.txt,12090016090278308330,3,primary_equal_different,169,169,170,169,1,0,0,0
0043.txt,12623463029367929289,2,primary_longer,169,170,172,170,0,0,0,0
0043.txt,11204478736560921245,2,primary_equal_different,169,169,170,169,1,0,0,0
0043.txt,3066706751015551897,2,primary_failed,169,-1,-1,-1,0,0,0,0
0043.txt,5797966298845281658,3,primary_longer,169,172,172,172,0,0,0,1
0043.txt,1723846920588667431,4,primary_longer,169,171,171,171,0,0,0,1
0043.txt,17312991324578200821,2,primary_equal_different,169,169,169,169,1,0,0,1
0043.txt,11142858662588920977,2,primary_longer,169,171,171,171,0,0,0,0
0043.txt,10272640940088060420,4,extract_failed,169,-1,-1,-1,0,0,0,0
0043.txt,1946186886165410299,2,primary_longer,169,170,173,170,0,0,0,0
0043.txt,7084026854703810135,3,primary_longer,169,172,171,171,0,0,0,0
0043.txt,818876782471199183,4,primary_failed,169,-1,-1,-1,0,0,0,0
0043.txt,11687625636591020713,2,primary_equal_different,169,169,169,169,1,0,0,0
0043.txt,17617472276898312329,3,primary_failed,169,-1,-1,-1,0,0,0,0
0043.txt,11571759750866637051,3,primary_equal_different,169,169,169,169,1,0,0,0
0043.txt,12683668584529090461,2,primary_longer,169,171,173,171,0,0,0,0
0043.txt,12096678179656276123,4,primary_failed,169,-1,-1,-1,0,0,0,0
0043.txt,11068676365694105923,4,primary_longer,169,173,173,173,0,0,0,0
0043.txt,7485133233149243268,2,primary_equal_different,169,169,169,169,1,0,0,0
0043.txt,12563522228988094000,2,primary_longer,169,171,171,171,0,0,0,0
0043.txt,3961756112823884756,3,primary_longer,169,171,171,171,0,0,0,0
0043.txt,15626209178952452697,3,primary_equal_different,169,169,169,169,1,0,0,0
0043.txt,8245075999891961897,3,primary_equal_different,169,169,169,169,1,0,0,0
0043.txt,17129811311245777891,2,primary_longer,169,170,170,170,0,0,0,1
0043.txt,8974845940078574969,3,primary_equal_different,169,169,172,169,1,0,0,0
0043.txt,7850558159011439208,3,primary_equal_different,169,169,169,169,1,0,0,0
0043.txt,14436788348204105135,2,primary_equal_different,169,169,169,169,1,0,0,0
0043.txt,4435299690210812938,4,primary_longer,169,171,171,171,0,0,0,0
0043.txt,1826129405545797729,2,primary_equal_different,169,169,172,169,1,0,0,0
0043.txt,6743648006383290945,3,extract_failed,169,-1,-1,-1,0,0,0,0
0043.txt,14316995622365818448,2,primary_equal_different,169,169,169,169,1,0,0,0
0043.txt,8461950141912773220,3,primary_longer,169,171,171,171,0,0,0,0
0043.txt,13378506941809999462,2,primary_failed,169,-1,-1,-1,0,0,0,0
0043.txt,9655781439878931110,3,primary_longer,169,172,172,172,0,0,0,1
0043.txt,16983893674486689128,2,primary_longer,169,173,171,171,0,0,0,0
0043.txt,2910898810461690016,3,extract_failed,169,-1,-1,-1,0,0,0,0
0043.txt,8603620194704510113,2,primary_equal_different,169,169,169,169,1,0,0,0
0043.txt,17433844004533203935,2,primary_longer,169,171,171,171,0,0,0,1
0043.txt,3020295703694425025,3,primary_equal_different,169,169,169,169,1,0,0,0
0043.txt,13139363994757519753,2,primary_equal_different,169,169,169,169,1,0,0,0
0043.txt,9931235265661647077,2,primary_failed,169,-1,-1,-1,0,0,0,0
0043.txt,15499666005742024975,2,primary_longer,169,171,172,171,0,0,0,0
0043.txt,17920181845052384707,3,primary_failed,169,-1,170,170,0,0,0,0
0044.txt,10231448713127484963,3,primary_longer,182,185,184,184,0,0,0,0
0044.txt,4957064399187264188,3,primary_longer,182,184,184,184,0,0,0,1
0044.txt,2545939235193297490,4,primary_longer,182,184,-1,184,0,0,0,0
0044.txt,15260175639197108066,4,primary_failed,182,-1,-1,-1,0,0,0,0
0044.txt,16281581634151008332,4,primary_failed,182,-1,-1,-1,0,0,0,0
0044.txt,12677551733947851646,3,primary_longer,182,184,184,184,0,0,0,0
0044.txt,16068348172518697147,2,primary_longer,182,185,185,185,0,0,0,1
0044.txt,3826207419032678631,4,primary_failed,182,-1,-1,-1,0,0,0,0
0044.txt,11876689487734306307,4,primary_failed,182,-1,-1,-1,0,0,0,0
0044.txt,986072494288492049,4,primary_longer,182,186,185,185,0,0,0,0
0044.txt,5212042836835023058,4,primary_failed,182,-1,185,185,0,0,0,0
0044.txt,5972039555792069843,2,primary_failed,182,-1,186,186,0,0,0,0
0044.txt,3607877449528122584,4,extract_failed,182,-1,-1,-1,0,0,0,0
0044.txt,15117663673116411415,4,extract_failed,182,-1,-1,-1,0,0,0,0
0044.txt,17976116388295207844,3,primary_failed,182,-1,186,186,0,0,0,0
0044.txt,6817726248357464139,3,extract_failed,182,-1,-1,-1,0,0,0,0
0044.txt,3599619371031064389,4,primary_longer,182,184,184,184,0,0,0,1
0044.txt,2680764733142973480,3,primary_longer,182,186,183,183,0,0,0,0
0044.txt,4109610606230215753,4,extract_failed,182,-1,-1,-1,0,0,0,0
0044.txt,9099636232692228484,4,extract_failed,182,-1,-1,-1,0,0,0,0
0044.txt,17456873885013838727,4,primary_failed,182,-1,-1,-1,0,0,0,0
0044.txt,11539121723516343433,3,primary_longer,182,183,184,183,0,0,0,0
0044.txt,8010612695224690085,3,primary_longer,182,183,183,183,0,0,0,0
0044.txt,3429385022057672506,4,primary_longer,182,183,183,183,0,0,0,0
0044.txt,4549713739814861411,4,primary_failed,182,-1,-1,-1,0,0,0,0
0044.txt,12711738458814796294,2,primary_failed,182,-1,-1,-1,0,0,0,0
0044.txt,10061390502548460379,4,primary_failed,182,-1,184,184,0,0,0,0
0044.txt,16445877833105974791,3,primary_longer,182,186,186,186,0,0,0,1
0044.txt,11474342845678017197,2,primary_longer,182,184,185,184,0,0,0,0
0044.txt,11296112713192118208,2,primary_longer,182,183,183,183,0,0,0,1
0044.txt,7800483192850878019,3,primary_longer,182,183,182,182,0,0,0,0
0044.txt,8346748130221760560,3,primary_longer,182,184,185,184,0,0,0,0
0044.txt,15375453843611279008,2,primary_equal_different,182,182,182,182,1,0,0,0
0044.txt,11091491980012678365,2,primary_equal_different,182,182,182,182,1,0,0,1
0044.txt,3494773856590956126,2,primary_equal_different,182,182,182,182,1,0,0,1
0044.txt,3400020860210255376,4,primary_failed,182,-1,-1,-1,0,0,0,0
0044.txt,1957500231677884382,2,primary_longer,182,183,183,183,0,0,0,0
0044.txt,9023061126062590594,4,primary_longer,182,183,183,183,0,0,0,0
0044.txt,3550295220678332135,2,primary_longer,182,184,184,184,0,0,0,1
0044.txt,13618043396873173078,3,primary_failed,182,-1,-1,-1,0,0,0,0
0044.txt,14831728576396181185,3,primary_failed,182,-1,-1,-1,0,0,0,0
0044.txt,1380613928298727891,4,primary_failed,182,-1,-1,-1,0,0,0,0
0044.txt,17858029503680173853,3,primary_equal_different,182,182,182,182,1,0,0,0
0044.txt,16433735250005384681,2,primary_longer,182,183,182,182,0,0,0,0
0044.txt,8433261436975244647,3,primary_failed,182,-1,-1,-1,0,0,0,0
0044.txt,4633443317690108153,3,primary_longer,182,183,183,183,0,0,0,1
0044.txt,11436000604761756101,3,primary_equal_different,182,182,182,182,1,0,0,0
0044.txt,12745464538361032721,2,primary_equal_different,182,182,182,182,1,0,0,1
0044.txt,5216730888568673787,2,primary_failed,182,-1,-1,-1,0,0,0,0
0044.txt,5996702821271458855,3,primary_failed,182,-1,-1,-1,0,0,0,0
0044.txt,324261133771127391,2,primary_equal_different,182,182,182,182,1,0,0,1
0044.txt,13944457861644476306,3,primary_equal_different,182,182,182,182,1,0,0,1
0044.txt,4039894460295765636,2,primary_equal_different,182,182,182,182,1,0,0,0
0044.txt,15508376696759345134,4,primary_longer,182,185,186,185,0,0,0,0
0044.txt,11776342635670568488,2,primary_equal_different,182,182,182,182,1,0,0,0
0044.txt,6764645929208206933,3,primary_longer,182,184,184,184,0,0,0,0
0044.txt,6821103977862921506,2,primary_longer,182,184,184,184,0,0,0,0
0044.txt,4466547982051743664,2,primary_longer,182,184,182,182,0,0,0,0
0044.txt,13795389455102297632,3,primary_failed,182,-1,-1,-1,0,0,0,0
0044.txt,13542695011258041829,3,primary_longer,182,184,184,184,0,0,0,0
0044.txt,9362851153353231928,3,primary_longer,182,183,183,183,0,0,0,0
0044.txt,15682498393522498461,3,primary_equal_different,182,182,182,182,1,0,0,0
0044.txt,17346629464194466252,2,primary_longer,182,183,183,183,0,0,0,0
0044.txt,3705582174576404119,2,primary_equal_different,182,182,185,182,1,0,0,0
0045.txt,1764912776009145942,4,primary_failed,204,-1,-1,-1,0,0,0,0
0045.txt,311723942837455374,4,extract_failed,204,-1,-1,-1,0,0,0,0
0045.txt,15092220753645803669,3,primary_longer,204,206,205,205,0,0,0,0
0045.txt,15432680448677010289,4,primary_failed,204,-1,207,207,0,0,0,0
0045.txt,9176671236478261028,4,extract_failed,204,-1,-1,-1,0,0,0,0
0045.txt,14224920076101940715,2,primary_longer,204,207,207,207,0,0,0,1
0045.txt,9476850717641557092,4,primary_longer,204,206,-1,206,0,0,0,0
0045.txt,6562559404173967269,3,primary_longer,204,206,207,206,0,0,0,0
0045.txt,3124446004855093160,4,primary_longer,204,205,205,205,0,0,0,0
0045.txt,7316687541243583504,3,primary_longer,204,205,205,205,0,0,0,1
0045.txt,773593079333606541,2,extract_failed,204,-1,-1,-1,0,0,0,0
0045.txt,11986443694250596933,2,primary_longer,204,206,207,206,0,0,0,0
0045.txt,4907328050746128174,4,primary_longer,204,208,208,208,0,0,0,1
0045.txt,13262229407378307337,3,extract_failed,204,-1,-1,-1,0,0,0,0
0045.txt,3325775032384357380,4,primary_failed,204,-1,-1,-1,0,0,0,0
0045.txt,18406392420134497391,3,primary_equal_different,204,204,206,204,1,0,0,0
0045.txt,11512110023157046831,3,primary_longer,204,207,207,207,0,0,0,1
0045.txt,10496185545220466291,4,extract_failed,204,-1,-1,-1,0,0,0,0
0045.txt,1612499317948273218,4,primary_longer,204,205,205,205,0,0,0,1
0045.txt,15650798278128963562,2,primary_longer,204,206,205,205,0,0,0,0
0045.txt,7462454809342742146,2,primary_longer,204,207,208,207,0,0,0,0
0045.txt,13956027981171590194,2,primary_equal_different,204,204,206,204,1,0,0,0
0045.txt,2725003719775318137,4,primary_longer,204,207,207,207,0,0,0,1
0045.txt,10448020305308011976,2,primary_equal_different,204,204,205,204,1,0,0,0
0045.txt,14986837727134935408,3,primary_longer,204,208,206,206,0,0,0,0
0045.txt,12203880231683320951,2,primary_longer,204,206,206,206,0,0,0,1
0045.txt,15485035521801343732,3,extract_failed,204,-1,-1,-1,0,0,0,0
0045.txt,10011510353914484633,3,extract_failed,204,-1,-1,-1,0,0,0,0
0045.txt,15420353010827461653,3,primary_longer,204,205,205,205,0,0,0,1
0045.txt,1510177511717125289,3,primary_equal_different,204,204,208,204,1,0,0,0
0045.txt,9027919744584040411,3,primary_shorter,204,203,204,203,1,0,0,0
0045.txt,17712546986235218447,2,primary_equal_different,204,204,204,204,1,0,0,0
0045.txt,3792001515579751258,2,primary_longer,204,207,205,205,0,0,0,0
0045.txt,10447136231051237541,2,primary_equal_different,204,204,204,204,1,0,0,0
0045.txt,10178244136120887020,2,primary_longer,204,205,206,205,0,0,0,0
0045.txt,6541762441047781054,3,primary_failed,204,-1,-1,-1,0,0,0,0
0045.txt,16422199546775670387,3,primary_longer,204,207,207,207,0,0,0,0
0045.txt,3898399984305252225,3,primary_longer,204,206,207,206,0,0,0,0
0045.txt,947615377857632213,3,extract_failed,204,-1,-1,-1,0,0,0,0
0045.txt,8715496273648879591,3,primary_longer,204,205,204,204,0,0,0,0
0045.txt,3168568475394137322,3,primary_failed,204,-1,207,207,0,0,0,0
0045.txt,17232404925557476835,4,extract_failed,204,-1,-1,-1,0,0,0,0
0045.txt,2067602975492642744,4,primary_longer,204,205,204,204,0,0,0,0
0045.txt,1794774142324617036,4,extract_failed,204,-1,-1,-1,0,0,0,0
0045.txt,2954098603568544924,4,primary_longer,204,206,206,206,0,0,0,0
0045.txt,14288606416960744086,4,primary_longer,204,205,206,205,0,0,0,0
0045.txt,12238228270900770420,3,primary_longer,204,205,205,205,0,0,0,1
0045.txt,2710242433197522545,4,primary_longer,204,205,205,205,0,0,0,1
0045.txt,5616407986268212101,3,primary_longer,204,206,205,205,0,0,0,0
0045.txt,9556314282581166269,3,primary_longer,204,207,207,207,0,0,0,1
0045.txt,1872527774180894584,3,primary_longer,204,205,207,205,0,0,0,0
0045.txt,402143174382588656,3,primary_longer,204,205,205,205,0,0,0,0
0045.txt,15750008714728638577,3,primary_longer,204,208,208,208,0,0,0,1
0045.txt,17283015323611062511,3,primary_longer,204,205,205,205,0,0,0,0
0045.txt,12342737101753651850,3,primary_longer,204,207,-1,207,0,0,0,0
0045.txt,18386828123455592307,3,extract_failed,204,-1,-1,-1,0,0,0,0
0045.txt,14026963380812809576,3,primary_longer,204,205,205,205,0,0,0,0
0045.txt,14182130300813993957,3,primary_longer,204,207,207,207,0,0,0,0
0045.txt,4755329787642688331,3,primary_longer,204,206,206,206,0,0,0,0
0045.txt,8275151594353640875,4,extract_failed,204,-1,-1,-1,0,0,0,0
0045.txt,14593758310831169420,3,primary_equal_different,204,204,204,204,1,0,0,1
0045.txt,17017122805591410586,3,primary_shorter,204,203,203,203,1,0,0,0
0045.txt,11368286555358616142,3,primary_longer,204,205,206,205,0,0,0,0
0045.txt,9204438042356637624,2,primary_longer,204,205,205,205,0,0,0,0
0046.txt,15033282689052687216,4,extract_failed,149,-1,-1,-1,0,0,0,0
0046.txt,4493977824092734871,3,extract_failed,149,-1,-1,-1,0,0,0,0
0046.txt,18053894401492350512,4,primary_longer,149,152,153,152,0,0,0,0
0046.txt,9654690592455559931,4,primary_longer,149,152,152,152,0,0,0,0
0046.txt,15321825624460586949,3,primary_longer,149,151,151,151,0,0,0,0
0046.txt,13382572748399748968,2,primary_longer,149,150,150,150,0,0,0,1
0046.txt,12138027732734285397,3,primary_longer,149,151,150,150,0,0,0,0
0046.txt,15218911980048521154,3,primary_failed,149,-1,-1,-1,0,0,0,0
0046.txt,14528498843710766790,4,primary_failed,149,-1,-1,-1,0,0,0,0
0046.txt,10915640858189017185,4,primary_failed,149,-1,-1,-1,0,0,0,0
0046.txt,17572877689454889721,3,primary_longer,149,151,152,151,0,0,0,0
0046.txt,16606052403216113271,3,primary_longer,149,153,152,152,0,0,0,0
0046.txt,13952835780762283562,4,primary_longer,149,150,149,149,0,0,0,0
0046.txt,17581706604657196455,2,primary_longer,149,152,152,152,0,0,0,1
0046.txt,13411478106227331248,4,extract_failed,149,-1,-1,-1,0,0,0,0
0046.txt,14922409721161760126,2,primary_equal_different,149,149,151,149,1,0,0,0
0046.txt,16190423774752068572,4,primary_longer,149,152,152,152,0,0,0,0
0046.txt,14138745319250829176,3,primary_longer,149,151,152,151,0,0,0,0
0046.txt,5515195316525540233,2,primary_equal_different,149,149,149,149,1,0,0,1
0046.txt,11172343055685465906,2,primary_failed,149,-1,-1,-1,0,0,0,0
0046.txt,1858353026351224064,2,primary_longer,149,151,151,151,0,0,0,0
0046.txt,14310669463935200921,3,primary_equal_different,149,149,149,149,1,0,0,0
0046.txt,8019510617778008937,3,extract_failed,149,-1,-1,-1,0,0,0,0
0046.txt,17333500647112250779,3,primary_failed,149,-1,-1,-1,0,0,0,0
0046.txt,7265262643237123651,3,primary_longer,149,153,153,153,0,0,0,1
0046.txt,14288660993298786732,2,extract_failed,149,-1,-1,-1,0,0,0,0
0046.txt,2218967972834155439,2,primary_longer,149,153,-1,153,0,0,0,0
0046.txt,8085204987640134678,4,extract_failed,149,-1,-1,-1,0,0,0,0
0046.txt,12593978636271384360,2,primary_longer,149,151,151,151,0,0,0,0
0046.txt,2513993894443407009,3,primary_equal_different,149,149,149,149,1,0,0,0
0046.txt,9929718025239721087,4,primary_failed,149,-1,-1,-1,0,0,0,0
0046.txt,218610955162494659,3,primary_longer,149,152,151,151,0,0,0,0
0046.txt,17436826641407549830,4,primary_longer,149,150,149,149,0,0,0,0
0046.txt,15948290691899084577,2,primary_longer,149,153,153,153,0,0,0,1
0046.txt,5665886019279798050,2,primary_longer,149,150,150,150,0,0,0,1
0046.txt,10540337533863596981,4,primary_longer,149,153,153,153,0,0,0,1
0046.txt,13312891795473019023,3,primary_longer,149,153,153,153,0,0,0,1
0046.txt,13716157604084600654,3,primary_longer,149,151,151,151,0,0,0,0
0046.txt,14895223921132828728,2,primary_longer,149,151,152,151,0,0,0,0
0046.txt,1258385688354747573,4,primary_longer,149,153,151,151,0,0,0,0
0046.txt,6116168527693962214,3,primary_failed,149,-1,153,153,0,0,0,0
0046.txt,11125650891273720423,4,primary_equal_different,149,149,149,149,1,0,0,0
0046.txt,4965398113245089881,4,primary_longer,149,151,152,151,0,0,0,0
0046.txt,5880118384736523706,3,primary_equal_different,149,149,149,149,1,0,0,0
0046.txt,8202200371762861247,4,extract_failed,149,-1,-1,-1,0,0,0,0
0046.txt,3022532824009925433,3,primary_longer,149,152,152,152,0,0,0,1
0046.txt,14286520032761400679,3,primary_longer,149,151,150,150,0,0,0,0
0046.txt,9344034611513861917,3,primary_failed,149,-1,-1,-1,0,0,0,0
0046.txt,11711136565968244994,3,primary_longer,149,151,151,151,0,0,0,0
0046.txt,13927226839999433307,4,primary_equal_different,149,149,149,149,1,0,0,0
0046.txt,15202622100746757955,3,primary_failed,149,-1,-1,-1,0,0,0,0
0046.txt,7510737895980049790,3,primary_longer,149,150,150,150,0,0,0,0
0046.txt,18083180999906559,3,primary_failed,149,-1,-1,-1,0,0,0,0
0046.txt,8301772803304364670,3,primary_failed,149,-1,-1,-1,0,0,0,0
0046.txt,1243313771393072255,3,primary_longer,149,151,151,151,0,0,0,0
0046.txt,15221659815369098450,4,primary_longer,149,151,151,151,0,0,0,0
0046.txt,17032237298884697000,3,primary_longer,149,153,-1,153,0,0,0,0
0046.txt,17196506066061818628,3,primary_failed,149,-1,-1,-1,0,0,0,0
0046.txt,43171619071528352,2,primary_failed,149,-1,-1,-1,0,0,0,0
0046.txt,10269088760895955611,4,extract_failed,149,-1,-1,-1,0,0,0,0
0046.txt,11203064217750082149,2,primary_longer,149,151,151,151,0,0,0,0
0046.txt,17951874229421402059,3,primary_failed,149,-1,-1,-1,0,0,0,0
0046.txt,6008395907289232096,3,primary_longer,149,150,150,150,0,0,0,0
0046.txt,1220715306749856051,2,primary_longer,149,150,150,150,0,0,0,0
0047.txt,12143008512231870571,4,primary_failed,337,-1,-1,-1,0,0,0,0
0047.txt,2918311258853986159,4,primary_failed,337,-1,-1,-1,0,0,0,0
0047.txt,16248531770796303158,4,primary_failed,337,-1,-1,-1,0,0,0,0
0047.txt,7291617297185126246,3,primary_failed,337,-1,-1,-1,0,0,0,0
0047.txt,13441989304801898478,3,primary_failed,337,-1,-1,-1,0,0,0,0
0047.txt,5407953640159211838,2,primary_longer,337,338,337,337,0,0,0,0
0047.txt,18247944643098334962,2,primary_longer,337,339,337,337,0,0,0,0
0047.txt,13001759498813363835,3,primary_longer,337,339,339,339,0,0,0,0
0047.txt,1179810285585310662,4,primary_failed,337,-1,-1,-1,0,0,0,0
0047.txt,8943650822016354089,3,primary_longer,337,340,341,340,0,0,0,0
0047.txt,4064605787397141511,2,primary_longer,337,340,340,340,0,0,0,1
0047.txt,15723880100318153536,3,primary_failed,337,-1,-1,-1,0,0,0,0
0047.txt,14213818582662221126,3,primary_failed,337,-1,-1,-1,0,0,0,0
0047.txt,16468965636605851368,3,primary_longer,337,341,339,339,0,0,0,0
0047.txt,8680205592188175560,4,primary_longer,337,341,340,340,0,0,0,0
0047.txt,16801172020800508917,4,primary_failed,337,-1,-1,-1,0,0,0,0
0047.txt,4951992540158043768,2,primary_failed,337,-1,341,341,0,0,0,0
0047.txt,8196055105137019756,3,primary_longer,337,341,340,340,0,0,0,0
0047.txt,16663816424615529828,3,primary_longer,337,339,339,339,0,0,0,1
0047.txt,5873381338882543668,4,primary_equal_different,337,337,338,337,1,0,0,0
0047.txt,15245047501790883973,4,primary_failed,337,-1,-1,-1,0,0,0,0
0047.txt,8437964658280864278,4,primary_longer,337,338,338,338,0,0,0,0
0047.txt,8583076148089373060,4,primary_longer,337,340,340,340,0,0,0,1
0047.txt,7331266998638389262,3,primary_failed,337,-1,-1,-1,0,0,0,0
0047.txt,11921190972811149467,4,primary_failed,337,-1,-1,-1,0,0,0,0
0047.txt,15994129194539081526,3,primary_failed,337,-1,-1,-1,0,0,0,0
0047.txt,2923794031738083318,2,primary_equal_different,337,337,-1,337,1,0,0,0
0047.txt,4563488412486657342,3,primary_longer,337,338,338,338,0,0,0,1
0047.txt,2193637326257331012,2,primary_longer,337,341,341,341,0,0,0,1
0047.txt,16524927657003900874,2,primary_longer,337,338,339,338,0,0,0,0
0047.txt,18431212596360728888,2,primary_failed,337,-1,-1,-1,0,0,0,0
0047.txt,1623011131107167978,2,primary_longer,337,340,341,340,0,0,0,0
0047.txt,11638885575792570941,3,primary_longer,337,338,339,338,0,0,0,0
0047.txt,2808420742192255911,2,primary_longer,337,340,339,339,0,0,0,0
0047.txt,11051047871106369127,2,primary_longer,337,338,338,338,0,0,0,0
0047.txt,12044010193509018205,4,primary_failed,337,-1,-1,-1,0,0,0,0
0047.txt,13066942087248151185,3,primary_failed,337,-1,-1,-1,0,0,0,0
0047.txt,1462686356432601057,2,primary_failed,337,-1,-1,-1,0,0,0,0
0047.txt,4157034963363729018,2,primary_longer,337,339,339,339,0,0,0,1
0047.txt,12216435993939358189,3,primary_longer,337,340,339,339,0,0,0,0
0047.txt,9754595531846529176,2,primary_longer,337,339,339,339,0,0,0,1
0047.txt,8480999366235958129,2,primary_longer,337,338,338,338,0,0,0,1
0047.txt,11269549326406674835,4,primary_failed,337,-1,-1,-1,0,0,0,0
0047.txt,11776377726208518074,3,primary_failed,337,-1,-1,-1,0,0,0,0
0047.txt,14575030933167883833,4,primary_failed,337,-1,-1,-1,0,0,0,0
0047.txt,8646359064886244337,3,primary_longer,337,338,338,338,0,0,0,1
0047.txt,1950950540929023353,4,primary_longer,337,339,340,339,0,0,0,0
0047.txt,15137939090288538814,3,primary_longer,337,340,340,340,0,0,0,0
0047.txt,14729411216481691737,4,primary_failed,337,-1,-1,-1,0,0,0,0
0047.txt,12950683192997410678,3,primary_longer,337,339,339,339,0,0,0,1
0047.txt,5690202260541533633,4,primary_longer,337,339,339,339,0,0,0,1
0047.txt,10023930131400973362,2,primary_longer,337,338,337,337,0,0,0,0
0047.txt,7679447672224354066,3,primary_failed,337,-1,-1,-1,0,0,0,0
0047.txt,3632390200886982767,3,primary_failed,337,-1,-1,-1,0,0,0,0
0047.txt,13969144108907064400,3,primary_longer,337,341,341,341,0,0,0,1
0047.txt,5820648729200184255,3,primary_failed,337,-1,-1,-1,0,0,0,0
0047.txt,4993001185187693129,3,primary_longer,337,340,340,340,0,0,0,1
0047.txt,16352707359481242253,2,primary_failed,337,-1,-1,-1,0,0,0,0
0047.txt,3432535398134920201,2,primary_longer,337,340,340,340,0,0,0,1
0047.txt,1136239994119999774,2,primary_longer,337,340,339,339,0,0,0,0
0047.txt,11441270692587522275,4,primary_longer,337,339,340,339,0,0,0,0
0047.txt,13986307573603525667,2,primary_longer,337,338,338,338,0,0,0,0
0047.txt,652297894754509762,2,primary_failed,337,-1,-1,-1,0,0,0,0
0047.txt,14936582991859841960,3,primary_failed,337,-1,-1,-1,0,0,0,0
0048.txt,14899651577273431367,3,primary_longer,229,231,231,231,0,0,0,1
0048.txt,7964214326589593230,2,primary_equal_different,229,229,229,229,1,0,0,1
0048.txt,18373364015061204995,4,primary_failed,229,-1,-1,-1,0,0,0,0
0048.txt,16641119551966011067,4,extract_failed,229,-1,-1,-1,0,0,0,0
0048.txt,7938417098664413224,3,primary_duplicate,229,229,229,229,1,0,0,0
0048.txt,11388285354225523191,3,primary_equal_different,229,229,-1,229,1,0,0,0
0048.txt,495420542185656690,2,primary_equal_different,229,229,229,229,1,0,0,1
0048.txt,16820602080448178960,3,primary_failed,229,-1,-1,-1,0,0,0,0
0048.txt,11053619438803451900,3,primary_longer,229,232,232,232,0,0,0,1
0048.txt,6272370268656525262,3,primary_longer,229,230,229,229,0,0,0,0
0048.txt,11144803625953824734,2,primary_equal_different,229,229,230,229,1,0,0,0
0048.txt,5496405884457433730,2,primary_equal_different,229,229,229,229,1,0,0,1
0048.txt,10236239973135818552,2,extract_failed,229,-1,-1,-1,0,0,0,0
0048.txt,13703902914537259040,3,primary_longer,229,232,232,232,0,0,0,0
0048.txt,11414755675000891682,2,primary_duplicate,229,229,229,229,1,0,0,0
0048.txt,15223591622433729051,3,primary_longer,229,230,230,230,0,0,0,1
0048.txt,11633098951326072271,4,primary_longer,229,230,231,230,0,0,0,0
0048.txt,3960811946974197176,3,primary_failed,229,-1,-1,-1,0,0,0,0
0048.txt,13679888347318515096,2,primary_failed,229,-1,-1,-1,0,0,0,0
0048.txt,15500991649631480180,2,primary_longer,229,230,231,230,0,0,0,0
0048.txt,16124391316797009849,4,primary_equal_different,229,229,229,229,1,0,0,1
0048.txt,10629760788113921001,3,primary_longer,229,231,230,230,0,0,0,0
0048.txt,1119754117645754279,3,primary_longer,229,231,231,231,0,0,0,1
0048.txt,16885100098862738584,2,primary_equal_different,229,229,229,229,1,0,0,1
0048.txt,2974188700127580499,2,primary_equal_different,229,229,229,229,1,0,0,1
0048.txt,11997051182503284553,3,extract_failed,229,-1,-1,-1,0,0,0,0
0048.txt,16177929611627304590,3,primary_longer,229,232,231,231,0,0,0,0
0048.txt,14038828493911903157,3,primary_longer,229,230,230,230,0,0,0,1
0048.txt,5458384376733910229,3,extract_failed,229,-1,-1,-1,0,0,0,0
0048.txt,6932607110836654678,4,primary_failed,229,-1,-1,-1,0,0,0,0
0048.txt,7678862280222679296,3,extract_failed,229,-1,-1,-1,0,0,0,0
0048.txt,18369481893073565802,3,primary_longer,229,232,231,231,0,0,0,0
0048.txt,1310846824640242922,2,primary_longer,229,230,-1,230,0,0,0,0
0048.txt,5212269970258310031,4,primary_failed,229,-1,-1,-1,0,0,0,0
0048.txt,13827920609223901316,4,primary_failed,229,-1,-1,-1,0,0,0,0
0048.txt,12890451516372948872,3,primary_equal_different,229,229,229,229,1,0,0,0
0048.txt,9690589859868357276,2,primary_longer,229,232,231,231,0,0,0,0
0048.txt,12090016090278308330,3,primary_longer,229,230,230,230,0,0,0,0
0048.txt,14285567200895782657,2,primary_longer,229,230,230,230,0,0,0,1
0048.txt,1556887309416464798,3,primary_longer,229,231,231,231,0,0,0,1
0048.txt,14896107995389603163,2,primary_longer,229,231,231,231,0,0,0,0
0048.txt,12805173947551470477,4,primary_longer,229,231,231,231,0,0,0,0
0048.txt,5242767859559504867,2,primary_equal_different,229,229,229,229,1,0,0,1
0048.txt,8874633132859706383,2,extract_failed,229,-1,-1,-1,0,0,0,0
0048.txt,11618296543837404596,3,primary_longer,229,231,229,229,0,0,0,0
0048.txt,7426084726874325773,3,primary_longer,229,231,231,231,0,0,0,1
0048.txt,1207440833791789403,3,primary_longer,229,231,231,231,0,0,0,1
0048.txt,13337869853971646529,3,primary_failed,229,-1,-1,-1,0,0,0,0
0048.txt,8730550425607084329,3,primary_failed,229,-1,-1,-1,0,0,0,0
0048.txt,3614831337210568696,2,primary_longer,229,231,231,231,0,0,0,1
0048.txt,3221056823920666765,3,primary_longer,229,230,230,230,0,0,0,0
0048.txt,9514003157782080901,4,primary_longer,229,232,232,232,0,0,0,0
0048.txt,3895061703735369454,4,primary_failed,229,-1,233,233,0,0,0,0
0048.txt,1346959437184063876,2,primary_longer,229,231,231,231,0,0,0,1
0048.txt,7485133233149243268,2,primary_equal_different,229,229,229,229,1,0,0,0
0048.txt,6000763090864668221,3,extract_failed,229,-1,-1,-1,0,0,0,0
0048.txt,11822832148240982242,3,primary_equal_different,229,229,229,229,1,0,0,1
0048.txt,15948113877047729690,2,primary_longer,229,230,229,229,0,0,0,0
0048.txt,8108406158582668816,3,primary_failed,229,-1,-1,-1,0,0,0,0
0048.txt,7802959934792366550,3,primary_longer,229,230,230,230,0,0,0,1
0048.txt,15316976216839088746,4,primary_equal_different,229,229,229,229,1,0,0,0
0048.txt,14901573224243465623,4,primary_longer,229,230,-1,230,0,0,0,0
0048.txt,13422471193657540,2,primary_longer,229,230,230,230,0,0,0,0
0048.txt,11125914824165391905,4,primary_longer,229,230,229,229,0,0,0,0
0049.txt,11517265348413616582,3,primary_longer,190,192,193,192,0,0,0,0
0049.txt,676559938913389418,4,primary_failed,190,-1,-1,-1,0,0,0,0
0049.txt,12663157406746761174,4,primary_failed,190,-1,-1,-1,0,0,0,0
0049.txt,5848342089610687441,4,primary_longer,190,193,193,193,0,0,0,1
0049.txt,12649480871354182939,3,primary_longer,190,192,192,192,0,0,0,0
0049.txt,1372716871712453175,4,primary_failed,190,-1,-1,-1,0,0,0,0
0049.txt,1770643082149600051,4,primary_failed,190,-1,-1,-1,0,0,0,0
0049.txt,8306415200351397117,4,primary_equal_different,190,190,192,190,1,0,0,0
0049.txt,7770237571901844612,4,primary_equal_different,190,190,190,190,1,0,0,1
0049.txt,5642126535736077323,3,primary_longer,190,194,194,194,0,0,0,0
0049.txt,15854945151296155672,4,primary_failed,190,-1,-1,-1,0,0,0,0
0049.txt,3186410601932454693,2,primary_equal_different,190,190,190,190,1,0,0,0
0049.txt,7298948302335200154,2,primary_longer,190,191,191,191,0,0,0,1
0049.txt,8158538102123315841,3,primary_equal_different,190,190,190,190,1,0,0,1
0049.txt,13691208924371169664,3,primary_longer,190,193,193,193,0,0,0,0
0049.txt,2622781101695301299,4,primary_longer,190,191,191,191,0,0,0,1
0049.txt,9812009801789131854,3,primary_longer,190,193,193,193,0,0,0,0
0049.txt,9264997227220508570,2,primary_longer,190,192,190,190,0,0,0,0
0049.txt,13740157622576316777,3,primary_equal_different,190,190,190,190,1,0,0,1
0049.txt,15976014178682972371,3,primary_longer,190,191,192,191,0,0,0,0
0049.txt,11929066241719701058,2,primary_longer,190,191,191,191,0,0,0,0
0049.txt,3801642819040240847,3,primary_equal_different,190,190,191,190,1,0,0,0
0049.txt,9115013783871670301,2,primary_longer,190,191,191,191,0,0,0,0
0049.txt,15679486536898705052,2,primary_equal_different,190,190,190,190,1,0,0,0
0049.txt,7947712017473051865,4,primary_failed,190,-1,-1,-1,0,0,0,0
0049.txt,5611667067556509633,3,primary_longer,190,191,191,191,0,0,0,0
0049.txt,8546307700320386152,3,primary_equal_different,190,190,190,190,1,0,0,0
0049.txt,5088781773581736888,4,primary_longer,190,192,-1,192,0,0,0,0
0049.txt,16649450578654500277,4,primary_longer,190,191,190,190,0,0,0,0
0049.txt,6595401356146879282,3,primary_longer,190,194,-1,194,0,0,0,0
0049.txt,8906945628586516609,2,primary_longer,190,191,191,191,0,0,0,0
0049.txt,15399499266746808154,3,primary_equal_different,190,190,190,190,1,0,0,0
0049.txt,17070931399974071924,2,primary_longer,190,191,190,190,0,0,0,0
0049.txt,7118508451703071525,2,primary_equal_different,190,190,190,190,1,0,0,0
0049.txt,7477838174744707619,3,primary_failed,190,-1,-1,-1,0,0,0,0
0049.txt,10796624657572211525,3,primary_longer,190,192,192,192,0,0,0,0
0049.txt,13814647528342841947,4,extract_failed,190,-1,-1,-1,0,0,0,0
0049.txt,3365830918896026819,3,primary_longer,190,192,191,191,0,0,0,0
0049.txt,13867362090521508176,4,primary_longer,190,191,191,191,0,0,0,1
0049.txt,2826149285152233092,2,primary_longer,190,191,191,191,0,0,0,0
0049.txt,10113266449955969689,2,primary_failed,190,-1,-1,-1,0,0,0,0
0049.txt,14175887568149813503,4,primary_failed,190,-1,-1,-1,0,0,0,0
0049.txt,9686962130518567925,4,primary_failed,190,-1,-1,-1,0,0,0,0
0049.txt,2155652929981839075,4,primary_equal_different,190,190,190,190,1,0,0,0
0049.txt,6305556642176040816,2,primary_longer,190,191,191,191,0,0,0,1
0049.txt,826972994059970685,3,primary_failed,190,-1,-1,-1,0,0,0,0
0049.txt,2092108943310570748,3,primary_equal_different,190,190,190,190,1,0,0,0
0049.txt,16948310571505519940,2,primary_duplicate,190,190,190,190,1,0,0,1
0049.txt,12741841236395376880,2,primary_longer,190,192,194,192,0,0,0,0
0049.txt,5219929081391224961,4,primary_failed,190,-1,-1,-1,0,0,0,0
0049.txt,1044759600814790085,3,primary_equal_different,190,190,190,190,1,0,0,1
0049.txt,8213675968899159748,3,extract_failed,190,-1,-1,-1,0,0,0,0
0049.txt,15627048430089697620,4,extract_failed,190,-1,-1,-1,0,0,0,0
0049.txt,3864083724987306481,3,primary_longer,190,193,193,193,0,0,0,1
0049.txt,669653094211185219,3,primary_longer,190,192,192,192,0,0,0,1
0049.txt,10746731294033039770,3,primary_longer,190,192,192,192,0,0,0,0
0049.txt,194344425407121373,4,primary_equal_different,190,190,190,190,1,0,0,1
0049.txt,4085171651804201472,3,primary_equal_different,190,190,190,190,1,0,0,0
0049.txt,1118308928683037283,3,primary_equal_different,190,190,190,190,1,0,0,0
0049.txt,9143502788147033613,3,primary_equal_different,190,190,190,190,1,0,0,0
0049.txt,7322667205539283034,3,primary_longer,190,191,191,191,0,0,0,0
0049.txt,7194835301823495618,3,primary_longer,190,192,192,192,0,0,0,0
0049.txt,3530097959199391230,3,primary_longer,190,193,191,191,0,0,0,0
0049.txt,8191292167482806837,3,primary_failed,190,-1,-1,-1,0,0,0,0
0050.txt,10325929921393524653,2,primary_longer,140,144,143,143,0,0,0,0
0050.txt,12042798355791040423,3,primary_longer,140,144,143,143,0,0,0,0
0050.txt,6039824578501436418,3,primary_failed,140,-1,-1,-1,0,0,0,0
0050.txt,3038833834176082343,4,primary_failed,140,-1,-1,-1,0,0,0,0
0050.txt,15811435352220336757,4,primary_failed,140,-1,-1,-1,0,0,0,0
0050.txt,15129837844202199192,3,primary_failed,140,-1,-1,-1,0,0,0,0
0050.txt,6097739849644557721,4,primary_longer,140,143,144,143,0,0,0,0
0050.txt,10510558794848230672,3,primary_longer,140,142,142,142,0,0,0,0
0050.txt,16733967826475799997,2,primary_equal_different,140,140,140,140,1,0,0,0
0050.txt,6498308160590202007,4,primary_failed,140,-1,-1,-1,0,0,0,0
0050.txt,17506312968574187142,3,primary_equal_different,140,140,140,140,1,0,0,1
0050.txt,3281411595338293504,3,primary_longer,140,144,144,144,0,0,0,1
0050.txt,18297763324067882158,3,primary_longer,140,142,142,142,0,0,0,0
0050.txt,3249002690091200392,2,primary_equal_different,140,140,140,140,1,0,0,1
0050.txt,4878126136581278860,4,primary_failed,140,-1,-1,-1,0,0,0,0
0050.txt,5013944096587737779,3,primary_equal_different,140,140,140,140,1,0,0,0
0050.txt,6996418067788584202,2,primary_equal_different,140,140,141,140,1,0,0,0
0050.txt,18368532568272012193,2,primary_failed,140,-1,-1,-1,0,0,0,0
0050.txt,16237613420608924270,4,primary_failed,140,-1,-1,-1,0,0,0,0
0050.txt,17673958965772429075,2,primary_longer,140,142,142,142,0,0,0,0
0050.txt,12032668505356234783,3,primary_equal_different,140,140,140,140,1,0,0,0
0050.txt,1815035271948764205,3,primary_equal_different,140,140,141,140,1,0,0,0
0050.txt,7878382842735897049,4,primary_failed,140,-1,-1,-1,0,0,0,0
0050.txt,11596433229592504520,2,primary_failed,140,-1,-1,-1,0,0,0,0
0050.txt,8809743386624760048,2,primary_equal_different,140,140,140,140,1,0,0,0
0050.txt,2162474594560033999,2,primary_longer,140,141,141,141,0,0,0,0
0050.txt,445502773048247146,3,primary_longer,140,142,143,142,0,0,0,0
0050.txt,13123613518423758917,3,primary_failed,140,-1,-1,-1,0,0,0,0
0050.txt,1240899833211582002,4,primary_failed,140,-1,144,144,0,0,0,0
0050.txt,11142593907807595094,2,primary_failed,140,-1,-1,-1,0,0,0,0
0050.txt,5968416253826414002,2,primary_equal_different,140,140,140,140,1,0,0,0
0050.txt,10742369084862834857,3,primary_longer,140,143,143,143,0,0,0,0
0050.txt,10774181306703121260,3,primary_failed,140,-1,142,142,0,0,0,0
0050.txt,3661183306529086385,4,primary_failed,140,-1,-1,-1,0,0,0,0
0050.txt,4771556610427649763,3,primary_failed,140,-1,-1,-1,0,0,0,0
0050.txt,3786208915916025701,3,primary_longer,140,142,142,142,0,0,0,0
0050.txt,12741133976989957332,2,primary_failed,140,-1,-1,-1,0,0,0,0
0050.txt,7839334730044861869,3,extract_failed,140,-1,-1,-1,0,0,0,0
0050.txt,17733722951300909477,2,primary_equal_different,140,140,142,140,1,0,0,0
0050.txt,976073101717828862,3,primary_failed,140,-1,-1,-1,0,0,0,0
0050.txt,950762322711376208,2,extract_failed,140,-1,-1,-1,0,0,0,0
0050.txt,8794149915811549011,4,primary_failed,140,-1,-1,-1,0,0,0,0
0050.txt,14238655576629413452,3,primary_longer,140,143,144,143,0,0,0,0
0050.txt,11989094982029507343,2,primary_longer,140,143,143,143,0,0,0,0
0050.txt,1403364875528214320,2,primary_longer,140,144,143,143,0,0,0,0
0050.txt,8602382490745025904,2,primary_longer,140,143,144,143,0,0,0,0
0050.txt,737568406719756583,2,primary_equal_different,140,140,140,140,1,0,0,0
0050.txt,1830291621655830121,3,primary_longer,140,144,-1,144,0,0,0,0
0050.txt,4378894857990646940,3,primary_failed,140,-1,-1,-1,0,0,0,0
0050.txt,7600572022982018380,3,primary_longer,140,143,143,143,0,0,0,0
0050.txt,2510478068024013998,4,extract_failed,140,-1,-1,-1,0,0,0,0
0050.txt,9524786359677127,4,extract_failed,140,-1,-1,-1,0,0,0,0
0050.txt,2498179501587387112,3,primary_longer,140,142,142,142,0,0,0,0
0050.txt,905228839427564270,4,primary_failed,140,-1,-1,-1,0,0,0,0
0050.txt,10833208654040985598,3,extract_failed,140,-1,-1,-1,0,0,0,0
0050.txt,13110004544767559925,3,primary_failed,140,-1,-1,-1,0,0,0,0
0050.txt,17244295842317792210,4,primary_failed,140,-1,-1,-1,0,0,0,0
0050.txt,16570059877885729899,3,extract_failed,140,-1,-1,-1,0,0,0,0
0050.txt,11357534074809916089,3,primary_failed,140,-1,-1,-1,0,0,0,0
0050.txt,6864087507182846931,3,primary_longer,140,144,144,144,0,0,0,0
0050.txt,16404870176384288304,2,primary_failed,140,-1,-1,-1,0,0,0,0
0050.txt,4607781427737047264,2,primary_failed,140,-1,-1,-1,0,0,0,0
0050.txt,18247326258614299305,2,primary_longer,140,141,141,141,0,0,0,0
0050.txt,10775792311510068464,2,primary_longer,140,141,141,141,0,0,0,0
0051.txt,8121942188814097322,4,primary_failed,119,-1,-1,-1,0,0,0,0
0051.txt,11380675965751945481,2,primary_longer,119,121,119,119,0,0,0,0
0051.txt,11206371230680003173,4,primary_longer,119,123,123,123,0,0,0,0
0051.txt,13530945675765265845,3,primary_longer,119,123,123,123,0,0,0,1
0051.txt,6169599272540583291,3,primary_longer,119,123,122,122,0,0,0,0
0051.txt,14309380603765981889,4,primary_longer,119,121,123,121,0,0,0,0
0051.txt,5921056295541403732,3,primary_failed,119,-1,122,122,0,0,0,0
0051.txt,8158344382822492435,4,primary_failed,119,-1,122,122,0,0,0,0
0051.txt,15311193666632400311,3,primary_longer,119,121,122,121,0,0,0,0
0051.txt,1687908108882294798,3,primary_longer,119,121,121,121,0,0,0,1
0051.txt,8741180603244963771,3,primary_longer,119,123,123,123,0,0,0,1
0051.txt,9266613557426353618,4,primary_failed,119,-1,-1,-1,0,0,0,0
0051.txt,4570253488338194841,4,primary_longer,119,123,123,123,0,0,0,0
0051.txt,615301207953914373,2,primary_duplicate,119,119,119,119,1,0,0,0
0051.txt,13493390653417709215,3,primary_longer,119,121,121,121,0,0,0,0
0051.txt,10294943069556169632,2,primary_longer,119,122,-1,122,0,0,0,0
0051.txt,18107593589261045960,4,primary_longer,119,122,122,122,0,0,0,1
0051.txt,18026926265772627880,3,primary_longer,119,123,123,123,0,0,0,1
0051.txt,1716624921532943445,4,primary_failed,119,-1,-1,-1,0,0,0,0
0051.txt,7356824023112660906,4,primary_longer,119,122,122,122,0,0,0,0
0051.txt,5709929210318432642,3,primary_longer,119,122,-1,122,0,0,0,0
0051.txt,13531210138148584468,3,primary_longer,119,121,121,121,0,0,0,1
0051.txt,10967722322506026063,2,primary_longer,119,121,121,121,0,0,0,0
0051.txt,7555952105957639460,3,primary_longer,119,120,120,120,0,0,0,0
0051.txt,59497577219204011,3,primary_longer,119,120,120,120,0,0,0,0
0051.txt,8011421284860921406,4,primary_longer,119,120,120,120,0,0,0,0
0051.txt,16591876238068785922,4,extract_failed,119,-1,-1,-1,0,0,0,0
0051.txt,9889668607004637567,4,primary_failed,119,-1,-1,-1,0,0,0,0
0051.txt,5061866321982155164,3,extract_failed,119,-1,-1,-1,0,0,0,0
0051.txt,1341921616407568939,2,primary_longer,119,121,121,121,0,0,0,0
0051.txt,14194994113372715016,2,primary_longer,119,120,120,120,0,0,0,0
0051.txt,15160403839176139517,2,extract_failed,119,-1,-1,-1,0,0,0,0
0051.txt,8841879067500215387,2,primary_duplicate,119,119,119,119,1,0,0,0
0051.txt,5096938162730387100,2,primary_equal_different,119,119,120,119,1,0,0,0
0051.txt,4547575872575886092,2,primary_longer,119,121,121,121,0,0,0,1
0051.txt,1475240254084698307,4,primary_failed,119,-1,-1,-1,0,0,0,0
0051.txt,1232446002061680417,3,primary_longer,119,120,120,120,0,0,0,1
0051.txt,1781382554581437755,4,primary_equal_different,119,119,119,119,1,0,0,1
0051.txt,12602173719805355350,3,primary_failed,119,-1,122,122,0,0,0,0
0051.txt,10380899389591775584,3,primary_longer,119,123,123,123,0,0,0,0
0051.txt,1984244462074135010,2,primary_longer,119,120,119,119,0,0,0,0
0051.txt,5635606426847862577,2,primary_equal_different,119,119,119,119,1,0,0,0
0051.txt,11838404279275249526,2,primary_longer,119,121,121,121,0,0,0,1
0051.txt,12775398178798225988,3,primary_equal_different,119,119,119,119,1,0,0,1
0051.txt,6301049265953610540,2,primary_longer,119,122,121,121,0,0,0,0
0051.txt,8919469243559087261,3,primary_longer,119,122,122,122,0,0,0,1
0051.txt,12727678836401914145,3,primary_longer,119,123,123,123,0,0,0,1
0051.txt,17584097558040852668,3,primary_longer,119,120,120,120,0,0,0,1
0051.txt,17346452649343111365,2,primary_longer,119,120,120,120,0,0,0,0
0051.txt,16402306828535348890,2,primary_failed,119,-1,-1,-1,0,0,0,0
0051.txt,10394267089734184837,2,primary_longer,119,121,121,121,0,0,0,1
0051.txt,12502167844788832510,2,primary_longer,119,120,120,120,0,0,0,0
0051.txt,7545073098537665662,2,primary_longer,119,121,123,121,0,0,0,0
0051.txt,1765923850384636557,2,extract_failed,119,-1,-1,-1,0,0,0,0
0051.txt,13472969021071461722,2,primary_longer,119,123,123,123,0,0,0,1
0051.txt,16418754101285882286,3,primary_longer,119,122,122,122,0,0,0,0
0051.txt,4773914752948000648,3,primary_longer,119,121,121,121,0,0,0,1
0051.txt,16025900706504295026,4,primary_equal_different,119,119,119,119,1,0,0,1
0051.txt,9637282384571114062,3,primary_longer,119,120,121,120,0,0,0,0
0051.txt,17447783429683295067,3,primary_longer,119,121,121,121,0,0,0,0
0051.txt,8587103701394936697,3,extract_failed,119,-1,-1,-1,0,0,0,0
0051.txt,6315991614523782284,3,primary_longer,119,120,120,120,0,0,0,0
0051.txt,11734113172545508719,3,primary_failed,119,-1,-1,-1,0,0,0,0
0051.txt,14619238662488085226,3,primary_longer,119,121,121,121,0,0,0,0
0052.txt,9514746260380042814,2,primary_longer,197,200,200,200,0,0,0,0
0052.txt,14458946051108650048,4,primary_longer,197,198,199,198,0,0,0,0
0052.txt,13114211098023463108,2,primary_failed,197,-1,-1,-1,0,0,0,0
0052.txt,6431069543113667137,3,primary_longer,197,199,199,199,0,0,0,1
0052.txt,7146401511137422471,2,primary_equal_different,197,197,197,197,1,0,0,0
0052.txt,12410294708212415221,4,primary_failed,197,-1,201,201,0,0,0,0
0052.txt,5037445025926511505,3,primary_failed,197,-1,-1,-1,0,0,0,0
0052.txt,14325304050396672347,2,primary_longer,197,200,198,198,0,0,0,0
0052.txt,18445272294489164904,3,primary_equal_different,197,197,199,197,1,0,0,0
0052.txt,17690139507125710840,3,primary_equal_different,197,197,198,197,1,0,0,0
0052.txt,11632634717057709365,2,primary_longer,197,198,198,198,0,0,0,1
0052.txt,16658629148501112043,3,primary_failed,197,-1,-1,-1,0,0,0,0
0052.txt,9094078369551983327,4,primary_longer,197,201,-1,201,0,0,0,0
0052.txt,638207162302915658,4,primary_failed,197,-1,-1,-1,0,0,0,0
0052.txt,1739980029532111062,4,primary_failed,197,-1,201,201,0,0,0,0
0052.txt,17414294702749113755,3,primary_longer,197,198,199,198,0,0,0,0
0052.txt,7805602082538283699,3,primary_failed,197,-1,-1,-1,0,0,0,0
0052.txt,8999468838426354036,3,primary_failed,197,-1,-1,-1,0,0,0,0
0052.txt,8583409906352470991,4,extract_failed,197,-1,-1,-1,0,0,0,0
0052.txt,1980620225117066274,2,primary_equal_different,197,197,198,197,1,0,0,0
0052.txt,5349285873358267625,3,primary_longer,197,199,200,199,0,0,0,0
0052.txt,15230598009282326840,3,primary_longer,197,201,200,200,0,0,0,0
0052.txt,938049453282877933,3,primary_longer,197,200,198,198,0,0,0,0
0052.txt,16328505497676107518,4,primary_longer,197,200,197,197,0,0,0,0
0052.txt,4817888001644210227,3,primary_failed,197,-1,200,200,0,0,0,0
0052.txt,145535886350570608,3,primary_longer,197,199,199,199,0,0,0,1
0052.txt,4947749918716939375,2,primary_longer,197,201,-1,201,0,0,0,0
0052.txt,12613364926523647484,4,primary_failed,197,-1,-1,-1,0,0,0,0
0052.txt,16740242416220366248,2,extract_failed,197,-1,-1,-1,0,0,0,0
0052.txt,6800464897009131300,3,primary_longer,197,198,198,198,0,0,0,0
0052.txt,6855361436954635489,2,primary_longer,197,198,199,198,0,0,0,0
0052.txt,4098243927013406942,2,primary_equal_different,197,197,199,197,1,0,0,0
0052.txt,5046749017719839470,4,primary_longer,197,199,199,199,0,0,0,1
0052.txt,14534785789501252240,2,primary_longer,197,200,199,199,0,0,0,0
0052.txt,7947435650571345449,3,primary_longer,197,201,201,201,0,0,0,0
0052.txt,12859809510508314834,4,primary_failed,197,-1,-1,-1,0,0,0,0
0052.txt,1375039507933838816,3,extract_failed,197,-1,-1,-1,0,0,0,0
0052.txt,6033043648246939868,4,primary_longer,197,201,-1,201,0,0,0,0
0052.txt,13777267404131626544,2,primary_longer,197,199,199,199,0,0,0,1
0052.txt,5507571415859075331,3,primary_failed,197,-1,-1,-1,0,0,0,0
0052.txt,10764455203177841746,4,primary_longer,197,199,199,199,0,0,0,1
0052.txt,3305811334715863680,4,extract_failed,197,-1,-1,-1,0,0,0,0
0052.txt,14167786176759478837,3,primary_failed,197,-1,-1,-1,0,0,0,0
0052.txt,7888100933591041524,4,primary_failed,197,-1,-1,-1,0,0,0,0
0052.txt,6543373945339065320,2,primary_equal_different,197,197,197,197,1,0,0,1
0052.txt,1772994574456006247,2,extract_failed,197,-1,-1,-1,0,0,0,0
0052.txt,7311543115921882551,4,primary_failed,197,-1,-1,-1,0,0,0,0
0052.txt,13052473303847162122,4,primary_failed,197,-1,-1,-1,0,0,0,0
0052.txt,3155429274214490966,4,primary_failed,197,-1,-1,-1,0,0,0,0
0052.txt,12416897332823585689,2,primary_equal_different,197,197,197,197,1,0,0,0
0052.txt,4940414439864243802,2,primary_equal_different,197,197,197,197,1,0,0,0
0052.txt,6315108278832802192,3,primary_failed,197,-1,-1,-1,0,0,0,0
0052.txt,7055179500943596279,4,primary_failed,197,-1,-1,-1,0,0,0,0
0052.txt,13896799599149040482,3,primary_longer,197,200,200,200,0,0,0,1
0052.txt,15765669637260481267,4,primary_longer,197,199,199,199,0,0,0,1
0052.txt,1128415476326055611,4,primary_failed,197,-1,-1,-1,0,0,0,0
0052.txt,13966412723778817205,4,primary_failed,197,-1,-1,-1,0,0,0,0
0052.txt,15457459157016201427,3,primary_failed,197,-1,-1,-1,0,0,0,0
0052.txt,4802751436091863383,3,primary_equal_different,197,197,197,197,1,0,0,0
0052.txt,5880354010474821604,3,primary_failed,197,-1,-1,-1,0,0,0,0
0052.txt,8561089291486791859,3,primary_longer,197,201,201,201,0,0,0,1
0052.txt,17643591433410522606,2,primary_longer,197,201,201,201,0,0,0,0
0052.txt,10177337080080913503,3,primary_longer,197,200,197,197,0,0,0,0
0052.txt,1803430072544411981,3,primary_longer,197,198,199,198,0,0,0,0
0053.txt,8109789983797170917,4,primary_longer,131,135,134,134,0,0,0,0
0053.txt,8574340328184691227,4,primary_longer,131,135,135,135,0,0,0,1
0053.txt,10413056521802291340,2,primary_equal_different,131,131,131,131,1,0,0,0
0053.txt,8812822277503132511,4,primary_failed,131,-1,-1,-1,0,0,0,0
0053.txt,4517473094995305506,2,primary_equal_different,131,131,131,131,1,0,0,0
0053.txt,14433667001884865617,4,primary_longer,131,135,-1,135,0,0,0,0
0053.txt,2530601834747015834,2,primary_longer,131,132,133,132,0,0,0,0
0053.txt,15988796740711727128,3,primary_longer,131,135,-1,135,0,0,0,0
0053.txt,7727874470451704009,3,primary_longer,131,134,134,134,0,0,0,1
0053.txt,8313505800943268310,4,primary_failed,131,-1,-1,-1,0,0,0,0
0053.txt,12867313346272588961,4,primary_failed,131,-1,-1,-1,0,0,0,0
0053.txt,8212911678797104385,3,primary_equal_different,131,131,131,131,1,0,0,0
0053.txt,5671551432696434877,3,primary_equal_different,131,131,131,131,1,0,0,0
0053.txt,9932718542081329760,3,primary_equal_different,131,131,131,131,1,0,0,0
0053.txt,7090438577417365692,2,primary_equal_different,131,131,131,131,1,0,0,1
0053.txt,16823745714663477094,2,primary_longer,131,132,132,132,0,0,0,0
0053.txt,5335354668056319852,3,primary_longer,131,132,132,132,0,0,0,0
0053.txt,3768032830819751777,3,primary_longer,131,134,134,134,0,0,0,1
0053.txt,7033148784125376860,4,primary_longer,131,134,134,134,0,0,0,0
0053.txt,3714279115761587576,3,primary_longer,131,134,-1,134,0,0,0,0
0053.txt,15346853524771508514,2,primary_failed,131,-1,135,135,0,0,0,0
0053.txt,9569897311168595058,4,primary_equal_different,131,131,131,131,1,0,0,0
0053.txt,16889607475085168860,2,primary_longer,131,134,134,134,0,0,0,1
0053.txt,18125794030979247799,4,primary_longer,131,133,-1,133,0,0,0,0
0053.txt,14241100378373765199,3,primary_longer,131,132,133,132,0,0,0,0
0053.txt,8448510055657793016,2,primary_duplicate,131,131,131,131,1,0,0,0
0053.txt,5004066482139705928,2,primary_longer,131,133,133,133,0,0,0,0
0053.txt,4559485705069548332,3,primary_failed,131,-1,-1,-1,0,0,0,0
0053.txt,8468888681246243240,4,primary_longer,131,132,134,132,0,0,0,0
0053.txt,16067385669546776459,3,primary_equal_different,131,131,131,131,1,0,0,1
0053.txt,16173682441497622931,3,primary_longer,131,135,135,135,0,0,0,0
0053.txt,1686256433885019139,3,primary_duplicate,131,131,131,131,1,0,0,0
0053.txt,13485110865606257489,3,primary_equal_different,131,131,131,131,1,0,0,0
0053.txt,17398880221027483299,2,primary_equal_different,131,131,131,131,1,0,0,0
0053.txt,7389178206361795659,3,primary_equal_different,131,131,131,131,1,0,0,0
0053.txt,8216386713628197528,4,extract_failed,131,-1,-1,-1,0,0,0,0
0053.txt,7080404344620498616,3,primary_failed,131,-1,-1,-1,0,0,0,0
0053.txt,11104905425288932752,4,primary_duplicate,131,131,131,131,1,0,0,0
0053.txt,12077900856030439009,2,primary_failed,131,-1,-1,-1,0,0,0,0
0053.txt,2065841437410194827,3,primary_equal_different,131,131,131,131,1,0,0,1
0053.txt,18336023336806925328,3,extract_failed,131,-1,-1,-1,0,0,0,0
0053.txt,7180834850089078446,2,primary_equal_different,131,131,131,131,1,0,0,1
0053.txt,2371285142444395554,3,primary_equal_different,131,131,131,131,1,0,0,0
0053.txt,11172343055685465906,2,primary_failed,131,-1,-1,-1,0,0,0,0
0053.txt,15735538345540145722,2,primary_equal_different,131,131,131,131,1,0,0,0
0053.txt,7429025057391005525,3,primary_longer,131,134,134,134,0,0,0,0
0053.txt,8196887781666087224,3,primary_equal_different,131,131,131,131,1,0,0,0
0053.txt,12749067616381048300,3,primary_failed,131,-1,-1,-1,0,0,0,0
0053.txt,8285571549181816831,3,primary_failed,131,-1,-1,-1,0,0,0,0
0053.txt,3005617121597616290,2,primary_longer,131,135,135,135,0,0,0,0
0053.txt,9846915805371711082,3,primary_longer,131,132,-1,132,0,0,0,0
0053.txt,17463239522708364973,2,primary_equal_different,131,131,131,131,1,0,0,0
0053.txt,9717864534818672565,2,primary_equal_different,131,131,131,131,1,0,0,0
0053.txt,5394784206203217889,2,primary_failed,131,-1,-1,-1,0,0,0,0
0053.txt,4820975343728666889,2,primary_duplicate,131,131,131,131,1,0,0,0
0053.txt,16068524987370052034,2,primary_longer,131,135,135,135,0,0,0,0
0053.txt,4740003788004172858,4,extract_failed,131,-1,-1,-1,0,0,0,0
0053.txt,15744797628820691895,3,primary_equal_different,131,131,131,131,1,0,0,0
0053.txt,13661454738981095774,3,primary_equal_different,131,131,131,131,1,0,0,1
0053.txt,776016472398736600,3,extract_failed,131,-1,-1,-1,0,0,0,0
0053.txt,16701779588606330508,3,primary_longer,131,133,133,133,0,0,0,0
0053.txt,9184124992610667872,3,primary_longer,131,135,135,135,0,0,0,0
0053.txt,16208151185054641374,3,extract_failed,131,-1,-1,-1,0,0,0,0
0053.txt,12833660497468240620,3,primary_failed,131,-1,-1,-1,0,0,0,0
0054.txt,894628232576167633,3,primary_failed,307,-1,-1,-1,0,0,0,0
0054.txt,10084748859347331349,4,primary_longer,307,311,311,311,0,0,0,1
0054.txt,12372606017039852818,4,primary_failed,307,-1,-1,-1,0,0,0,0
0054.txt,2054030044369291200,3,primary_equal_different,307,307,307,307,1,0,0,0
0054.txt,8830253697466772880,3,primary_longer,307,310,310,310,0,0,0,0
0054.txt,11999436313355235995,2,primary_longer,307,310,310,310,0,0,0,0
0054.txt,8599629678388908067,4,primary_longer,307,309,309,309,0,0,0,1
0054.txt,8252032300950750718,4,primary_failed,307,-1,-1,-1,0,0,0,0
0054.txt,5932342405139764430,4,primary_failed,307,-1,-1,-1,0,0,0,0
0054.txt,16695299846849725707,3,primary_longer,307,310,310,310,0,0,0,1
0054.txt,17546073498952982306,4,primary_failed,307,-1,-1,-1,0,0,0,0
0054.txt,2434254984066844379,4,primary_failed,307,-1,-1,-1,0,0,0,0
0054.txt,8434912320090175984,3,primary_failed,307,-1,-1,-1,0,0,0,0
0054.txt,13845313185734628777,3,primary_equal_different,307,307,309,307,1,0,0,0
0054.txt,3161867582003524604,4,primary_equal_different,307,307,307,307,1,0,0,0
0054.txt,6009337750808436689,3,primary_longer,307,311,311,311,0,0,0,1
0054.txt,15113898162525036955,2,primary_longer,307,308,308,308,0,0,0,1
0054.txt,16379969732848368806,4,primary_failed,307,-1,-1,-1,0,0,0,0
0054.txt,853652415611356282,4,primary_failed,307,-1,311,311,0,0,0,0
0054.txt,11169936851543128158,3,primary_failed,307,-1,-1,-1,0,0,0,0
0054.txt,8296970369184710350,3,primary_equal_different,307,307,308,307,1,0,0,0
0054.txt,13579501481325281943,4,extract_failed,307,-1,-1,-1,0,0,0,0
0054.txt,3411162825489822644,4,primary_failed,307,-1,-1,-1,0,0,0,0
0054.txt,301764976165854445,3,primary_longer,307,310,310,310,0,0,0,1
0054.txt,8615493038828121241,3,primary_failed,307,-1,-1,-1,0,0,0,0
0054.txt,7151596964444144886,3,primary_failed,307,-1,-1,-1,0,0,0,0
0054.txt,12428147485207571310,4,primary_failed,307,-1,-1,-1,0,0,0,0
0054.txt,120882567593082172,3,primary_longer,307,310,310,310,0,0,0,0
0054.txt,12121561527404793123,3,primary_longer,307,311,311,311,0,0,0,1
0054.txt,8118332334137024592,3,primary_longer,307,311,311,311,0,0,0,1
0054.txt,3911528551645299167,2,primary_equal_different,307,307,307,307,1,0,0,0
0054.txt,5757166366208285239,2,primary_longer,307,311,-1,311,0,0,0,0
0054.txt,13679534717615805322,2,primary_equal_different,307,307,307,307,1,0,0,1
0054.txt,11737935865530249202,4,primary_failed,307,-1,-1,-1,0,0,0,0
0054.txt,11151718973004394896,4,primary_failed,307,-1,-1,-1,0,0,0,0
0054.txt,4639740293761147716,2,primary_failed,307,-1,-1,-1,0,0,0,0
0054.txt,4409877788926267337,2,primary_longer,307,308,311,308,0,0,0,0
0054.txt,1548760298242093031,3,primary_longer,307,311,310,310,0,0,0,0
0054.txt,10809076821423624121,2,primary_longer,307,310,310,310,0,0,0,1
0054.txt,2961844011693758964,4,primary_longer,307,311,311,311,0,0,0,1
0054.txt,15795743900701306894,2,primary_longer,307,310,310,310,0,0,0,1
0054.txt,5325918199183492707,4,primary_failed,307,-1,-1,-1,0,0,0,0
0054.txt,6219844560578113225,2,primary_longer,307,310,310,310,0,0,0,0
0054.txt,9703029095291571324,3,primary_failed,307,-1,-1,-1,0,0,0,0
0054.txt,9389012457187359346,3,primary_longer,307,309,309,309,0,0,0,0
0054.txt,12439670040245505262,3,extract_failed,307,-1,-1,-1,0,0,0,0
0054.txt,17398091960834265980,3,primary_longer,307,310,310,310,0,0,0,0
0054.txt,17207163895611137369,3,primary_longer,307,309,308,308,0,0,0,0
0054.txt,2681115722649918764,2,primary_longer,307,309,307,307,0,0,0,0
0054.txt,13970230880397037075,3,primary_longer,307,309,309,309,0,0,0,0
0054.txt,6815094142899681138,2,primary_longer,307,311,311,311,0,0,0,1
0054.txt,8251195059586221632,4,primary_failed,307,-1,-1,-1,0,0,0,0
0054.txt,8130349974131029601,3,primary_failed,307,-1,311,311,0,0,0,0
0054.txt,17824276856502849709,3,primary_longer,307,311,311,311,0,0,0,1
0054.txt,11835576176644984229,2,primary_equal_different,307,307,308,307,1,0,0,0
0054.txt,9328914959268709474,2,primary_equal_different,307,307,307,307,1,0,0,1
0054.txt,419229188011155294,3,primary_failed,307,-1,311,311,0,0,0,0
0054.txt,7394959927111190703,4,primary_failed,307,-1,-1,-1,0,0,0,0
0054.txt,9536894239632479275,2,primary_equal_different,307,307,307,307,1,0,0,0
0054.txt,4544930566778129170,4,primary_longer,307,309,310,309,0,0,0,0
0054.txt,12362647471866962091,3,primary_failed,307,-1,-1,-1,0,0,0,0
0054.txt,9433980731745119944,4,primary_failed,307,-1,-1,-1,0,0,0,0
0054.txt,6883784940943051096,2,primary_equal_different,307,307,308,307,1,0,0,0
0054.txt,15527028620622311260,2,primary_longer,307,308,308,308,0,0,0,1
0055.txt,4095307767140630345,3,primary_longer,297,301,300,300,0,0,0,0
0055.txt,5160471219230856354,4,primary_longer,297,299,-1,299,0,0,0,0
0055.txt,16386788361535768328,4,primary_longer,297,301,-1,301,0,0,0,0
0055.txt,1356107410823219573,4,primary_failed,297,-1,-1,-1,0,0,0,0
0055.txt,10756239252919745340,3,primary_failed,297,-1,301,301,0,0,0,0
0055.txt,10776480441910910582,3,primary_longer,297,298,300,298,0,0,0,0
0055.txt,17519094566002954941,4,primary_longer,297,300,300,300,0,0,0,0
0055.txt,12599959356998159736,3,primary_failed,297,-1,-1,-1,0,0,0,0
0055.txt,9428658401834389418,3,primary_failed,297,-1,-1,-1,0,0,0,0
0055.txt,12935855883467762188,2,primary_equal_different,297,297,299,297,1,0,0,0
0055.txt,10687870511765911233,2,primary_longer,297,298,299,298,0,0,0,0
0055.txt,7941485614803010966,3,primary_longer,297,299,299,299,0,0,0,0
0055.txt,1561511504869725524,3,primary_longer,297,300,300,300,0,0,0,0
0055.txt,15842709004375467217,4,primary_longer,297,301,-1,301,0,0,0,0
0055.txt,3687946133452833529,4,primary_longer,297,301,300,300,0,0,0,0
0055.txt,15740261373297402165,3,primary_longer,297,301,300,300,0,0,0,0
0055.txt,3008180469446555704,2,primary_longer,297,299,299,299,0,0,0,0
0055.txt,7431998402059451786,2,primary_equal_different,297,297,300,297,1,0,0,0
0055.txt,245672444017535341,2,primary_longer,297,300,300,300,0,0,0,1
0055.txt,11221448950913764664,3,primary_failed,297,-1,297,297,0,0,0,0
0055.txt,10852767663465519073,3,primary_longer,297,301,300,300,0,0,0,0
0055.txt,14558947489727436045,3,primary_longer,297,301,301,301,0,0,0,1
0055.txt,16827899461183197596,2,primary_longer,297,300,301,300,0,0,0,0
0055.txt,11084486017662462037,3,primary_failed,297,-1,301,301,0,0,0,0
0055.txt,8726809119677016612,3,primary_longer,297,300,301,300,0,0,0,0
0055.txt,15759970619281491560,3,primary_longer,297,299,300,299,0,0,0,0
0055.txt,10503698533751247057,4,primary_longer,297,299,298,298,0,0,0,0
0055.txt,2333307743217376617,4,primary_failed,297,-1,-1,-1,0,0,0,0
0055.txt,13075584639293921658,4,extract_failed,297,-1,-1,-1,0,0,0,0
0055.txt,14683531528890606300,2,primary_longer,297,299,300,299,0,0,0,0
0055.txt,5023985518268946611,3,primary_failed,297,-1,-1,-1,0,0,0,0
0055.txt,5749140550349134214,4,primary_failed,297,-1,-1,-1,0,0,0,0
0055.txt,13415887904607023715,4,primary_longer,297,300,-1,300,0,0,0,0
0055.txt,3220667126032755781,2,primary_longer,297,298,298,298,0,0,0,1
0055.txt,8894309975290307425,3,primary_equal_different,297,297,297,297,1,0,0,1
0055.txt,6492095202692793704,2,extract_failed,297,-1,-1,-1,0,0,0,0
0055.txt,5807752844343952211,3,primary_failed,297,-1,-1,-1,0,0,0,0
0055.txt,15283024667644691501,2,primary_longer,297,299,297,297,0,0,0,0
0055.txt,3587203032557543633,2,primary_equal_different,297,297,298,297,1,0,0,0
0055.txt,4015888287681377981,3,primary_longer,297,300,-1,300,0,0,0,0
0055.txt,5834222787074646591,3,primary_longer,297,298,299,298,0,0,0,0
0055.txt,16819916099987374520,4,primary_longer,297,300,300,300,0,0,0,0
0055.txt,11767673689829474867,4,primary_failed,297,-1,301,301,0,0,0,0
0055.txt,16685394693620736393,4,primary_equal_different,297,297,300,297,1,0,0,0
0055.txt,4984835480438918655,2,primary_longer,297,300,300,300,0,0,0,1
0055.txt,6421794876974065228,3,primary_longer,297,301,299,299,0,0,0,0
0055.txt,8605298533305262197,2,primary_failed,297,-1,-1,-1,0,0,0,0
0055.txt,5810336776659652119,3,primary_longer,297,299,299,299,0,0,0,1
0055.txt,3112632194616845718,3,primary_longer,297,301,-1,301,0,0,0,0
0055.txt,1519217040942055112,3,primary_failed,297,-1,-1,-1,0,0,0,0
0055.txt,10004258978139818833,4,primary_failed,297,-1,-1,-1,0,0,0,0
0055.txt,14607863944676727864,3,primary_failed,297,-1,-1,-1,0,0,0,0
0055.txt,3277748839563034991,3,primary_failed,297,-1,-1,-1,0,0,0,0
0055.txt,8493351453611545503,3,primary_failed,297,-1,301,301,0,0,0,0
0055.txt,439450084933567302,3,primary_longer,297,300,300,300,0,0,0,1
0055.txt,17601856717836157770,3,primary_longer,297,300,300,300,0,0,0,0
0055.txt,8611839747813980121,2,primary_longer,297,299,299,299,0,0,0,0
0055.txt,5232204170516536004,3,primary_longer,297,301,-1,301,0,0,0,0
0055.txt,4651228349206545358,3,primary_longer,297,299,-1,299,0,0,0,0
0055.txt,1649995604053406742,3,primary_longer,297,299,298,298,0,0,0,0
0055.txt,14201982651922705509,3,primary_longer,297,301,301,301,0,0,0,0
0055.txt,11850718836140609997,3,primary_longer,297,300,300,300,0,0,0,1
0055.txt,11855564805891039728,4,primary_failed,297,-1,-1,-1,0,0,0,0
0055.txt,8884610463546992444,4,primary_failed,297,-1,-1,-1,0,0,0,0
0056.txt,6257371159141463230,4,primary_longer,198,202,-1,202,0,0,0,0
0056.txt,16820854732495481326,4,primary_longer,198,200,202,200,0,0,0,0
0056.txt,2267182739436197518,4,primary_failed,198,-1,-1,-1,0,0,0,0
0056.txt,7709660675300818598,4,primary_longer,198,200,199,199,0,0,0,0
0056.txt,16297791626917364653,4,primary_failed,198,-1,-1,-1,0,0,0,0
0056.txt,15955514553128654458,3,primary_longer,198,200,200,200,0,0,0,0
0056.txt,11850106334367671719,3,primary_longer,198,200,200,200,0,0,0,1
0056.txt,1509705824733453660,3,primary_longer,198,199,202,199,0,0,0,0
0056.txt,13290231512363132457,2,primary_longer,198,199,199,199,0,0,0,1
0056.txt,3829528646934411308,2,primary_longer,198,202,-1,202,0,0,0,0
0056.txt,17389234788808185091,4,primary_failed,198,-1,-1,-1,0,0,0,0
0056.txt,14537084382568865771,2,primary_longer,198,200,200,200,0,0,0,1
0056.txt,1651173343539309651,4,primary_failed,198,-1,-1,-1,0,0,0,0
0056.txt,11864893016362830483,3,primary_failed,198,-1,-1,-1,0,0,0,0
0056.txt,9458846557933000732,3,primary_equal_different,198,198,198,198,1,0,0,0
0056.txt,11377768446098571057,3,primary_failed,198,-1,-1,-1,0,0,0,0
0056.txt,7986635976381454547,3,primary_failed,198,-1,-1,-1,0,0,0,0
0056.txt,1887758740990454209,3,primary_failed,198,-1,-1,-1,0,0,0,0
0056.txt,16446008301957300491,4,primary_failed,198,-1,-1,-1,0,0,0,0
0056.txt,14013493373632457065,2,primary_longer,198,200,199,199,0,0,0,0
0056.txt,16526518055674681962,2,primary_longer,198,199,198,198,0,0,0,0
0056.txt,17275219672406246489,4,primary_longer,198,200,200,200,0,0,0,1
0056.txt,4458062739169534878,2,primary_longer,198,200,200,200,0,0,0,1
0056.txt,17734261626363828747,3,primary_failed,198,-1,-1,-1,0,0,0,0
0056.txt,1481443606983646347,4,primary_failed,198,-1,-1,-1,0,0,0,0
0056.txt,133833581515979884,2,primary_failed,198,-1,-1,-1,0,0,0,0
0056.txt,1057811020145660908,3,primary_longer,198,201,202,201,0,0,0,0
0056.txt,176581049590531578,3,primary_failed,198,-1,-1,-1,0,0,0,0
0056.txt,17673085087979723747,3,primary_longer,198,202,202,202,0,0,0,1
0056.txt,1126529857365338253,4,primary_failed,198,-1,-1,-1,0,0,0,0
0056.txt,592072168964258307,3,primary_longer,198,200,200,200,0,0,0,0
0056.txt,14822299667148621881,3,primary_failed,198,-1,-1,-1,0,0,0,0
0056.txt,16974210552636430287,3,primary_failed,198,-1,-1,-1,0,0,0,0
0056.txt,8579444024941277845,3,primary_longer,198,200,202,200,0,0,0,0
0056.txt,12842055823804552662,3,primary_failed,198,-1,-1,-1,0,0,0,0
0056.txt,11534446772957257230,4,primary_failed,198,-1,201,201,0,0,0,0
0056.txt,5458878753102773680,2,primary_longer,198,199,199,199,0,0,0,1
0056.txt,2402766370650614026,2,primary_failed,198,-1,-1,-1,0,0,0,0
0056.txt,17157536235975194366,4,primary_failed,198,-1,-1,-1,0,0,0,0
0056.txt,7253072589031775266,4,primary_failed,198,-1,-1,-1,0,0,0,0
0056.txt,11188756650704394051,3,primary_longer,198,202,-1,202,0,0,0,0
0056.txt,17579271021729662191,3,primary_longer,198,200,-1,200,0,0,0,0
0056.txt,1327851944114111747,3,primary_longer,198,200,202,200,0,0,0,0
0056.txt,2099705691549933413,2,primary_longer,198,202,-1,202,0,0,0,0
0056.txt,14495553634272958059,3,primary_longer,198,199,199,199,0,0,0,1
0056.txt,16008142617357535975,2,primary_longer,198,200,200,200,0,0,0,0
0056.txt,16748790087832534159,3,primary_longer,198,199,199,199,0,0,0,0
0056.txt,6580370632139660709,2,primary_failed,198,-1,-1,-1,0,0,0,0
0056.txt,10916743903341944478,3,primary_longer,198,202,202,202,0,0,0,0
0056.txt,5247716805414615913,2,primary_equal_different,198,198,198,198,1,0,0,0
0056.txt,11593428312110884336,2,primary_failed,198,-1,-1,-1,0,0,0,0
0056.txt,4152943406492510360,3,primary_failed,198,-1,-1,-1,0,0,0,0
0056.txt,5586483065163499255,3,extract_failed,198,-1,-1,-1,0,0,0,0
0056.txt,6257053142107301837,3,primary_longer,198,200,200,200,0,0,0,0
0056.txt,15948113877047729690,2,primary_longer,198,201,-1,201,0,0,0,0
0056.txt,9931916774785597473,3,primary_longer,198,199,199,199,0,0,0,0
0056.txt,1595504565555382113,3,primary_equal_different,198,198,199,198,1,0,0,0
0056.txt,15041593323988667368,3,primary_longer,198,202,202,202,0,0,0,1
0056.txt,7819003014244511120,2,primary_equal_different,198,198,198,198,1,0,0,1
0056.txt,5848690266325206425,3,primary_longer,198,199,199,199,0,0,0,1
0056.txt,18254196490141159412,3,primary_longer,198,199,199,199,0,0,0,0
0056.txt,6210740933211868782,2,primary_longer,198,201,201,201,0,0,0,1
0056.txt,18406152037773108083,4,primary_failed,198,-1,-1,-1,0,0,0,0
0056.txt,10194628851838955711,3,extract_failed,198,-1,-1,-1,0,0,0,0
0057.txt,6641008052220714083,4,primary_failed,257,-1,-1,-1,0,0,0,0
0057.txt,4300872373771750508,3,primary_failed,257,-1,-1,-1,0,0,0,0
0057.txt,14989145851127437759,4,primary_failed,257,-1,-1,-1,0,0,0,0
0057.txt,9221127524688804049,4,primary_longer,257,258,258,258,0,0,0,0
0057.txt,13838002468855439482,2,primary_longer,257,259,259,259,0,0,0,0
0057.txt,11037388644984956643,4,primary_failed,257,-1,-1,-1,0,0,0,0
0057.txt,7381043782028187848,3,primary_longer,257,258,258,258,0,0,0,0
0057.txt,6763373830620728752,2,primary_longer,257,258,258,258,0,0,0,1
0057.txt,17963591553272235831,4,primary_failed,257,-1,-1,-1,0,0,0,0
0057.txt,8769635755032508902,3,primary_failed,257,-1,-1,-1,0,0,0,0
0057.txt,17507665722234905855,3,primary_longer,257,259,259,259,0,0,0,1
0057.txt,15964795392273592546,4,primary_failed,257,-1,260,260,0,0,0,0
0057.txt,1643479836767439460,2,primary_failed,257,-1,-1,-1,0,0,0,0
0057.txt,15731051397826190416,4,primary_longer,257,261,261,261,0,0,0,1
0057.txt,18426882034989653499,2,primary_equal_different,257,257,257,257,1,0,0,1
0057.txt,18358199360822038192,3,primary_longer,257,260,260,260,0,0,0,0
0057.txt,11518269310186231551,4,primary_longer,257,260,260,260,0,0,0,0
0057.txt,1977829917545759404,3,primary_failed,257,-1,-1,-1,0,0,0,0
0057.txt,12618244851359195117,4,primary_failed,257,-1,-1,-1,0,0,0,0
0057.txt,15576744917094178463,4,primary_longer,257,261,261,261,0,0,0,1
0057.txt,7964142833203787882,4,primary_failed,257,-1,-1,-1,0,0,0,0
0057.txt,3403935079295149707,2,primary_equal_different,257,257,258,257,1,0,0,0
0057.txt,6970204281946398235,2,primary_longer,257,258,257,257,0,0,0,0
0057.txt,8885946478372180466,2,primary_longer,257,260,260,260,0,0,0,0
0057.txt,16612319012193993444,2,primary_failed,257,-1,-1,-1,0,0,0,0
0057.txt,16538273905811249710,2,primary_longer,257,258,258,258,0,0,0,0
0057.txt,17697361357891470,3,primary_equal_different,257,257,257,257,1,0,0,0
0057.txt,3655306530106426045,3,primary_longer,257,261,259,259,0,0,0,0
0057.txt,2884323046766145336,3,primary_longer,257,261,-1,261,0,0,0,0
0057.txt,1197595313310674159,2,primary_longer,257,261,261,261,0,0,0,0
0057.txt,18100936068003238990,3,primary_failed,257,-1,-1,-1,0,0,0,0
0057.txt,8275117037176578500,4,primary_equal_different,257,257,257,257,1,0,0,1
0057.txt,1916069326903713815,4,primary_failed,257,-1,-1,-1,0,0,0,0
0057.txt,12700730520472294220,4,extract_failed,257,-1,-1,-1,0,0,0,0
0057.txt,805816700139032876,2,primary_longer,257,259,259,259,0,0,0,0
0057.txt,10212574221483059630,4,primary_equal_different,257,257,257,257,1,0,0,0
0057.txt,16916408700861235368,4,primary_failed,257,-1,-1,-1,0,0,0,0
0057.txt,12811894538395747575,3,primary_failed,257,-1,-1,-1,0,0,0,0
0057.txt,463394164740060212,4,primary_failed,257,-1,-1,-1,0,0,0,0
0057.txt,15784056712201194025,3,primary_longer,257,260,260,260,0,0,0,1
0057.txt,4833218273512696844,4,extract_failed,257,-1,-1,-1,0,0,0,0
0057.txt,16189122131360546748,3,primary_longer,257,261,260,260,0,0,0,0
0057.txt,6636572320617405688,3,primary_equal_different,257,257,258,257,1,0,0,0
0057.txt,12385556851283520894,2,primary_equal_different,257,257,259,257,1,0,0,0
0057.txt,13403785573532985530,3,primary_failed,257,-1,-1,-1,0,0,0,0
0057.txt,15839044374412609491,3,primary_equal_different,257,257,257,257,1,0,0,0
0057.txt,5385309796745611990,3,primary_longer,257,260,259,259,0,0,0,0
0057.txt,13456071246147739233,3,extract_failed,257,-1,-1,-1,0,0,0,0
0057.txt,12128766633946612093,4,primary_failed,257,-1,-1,-1,0,0,0,0
0057.txt,14358146990677547234,2,primary_equal_different,257,257,257,257,1,0,0,1
0057.txt,5705823985091619848,4,primary_longer,257,261,261,261,0,0,0,0
0057.txt,4366959207092402576,2,primary_failed,257,-1,-1,-1,0,0,0,0
0057.txt,5618702137280348324,3,primary_longer,257,259,260,259,0,0,0,0
0057.txt,18348275610959286865,4,primary_longer,257,259,259,259,0,0,0,1
0057.txt,10934436877601057511,2,primary_longer,257,258,258,258,0,0,0,1
0057.txt,6430298313869438549,2,primary_equal_different,257,257,257,257,1,0,0,1
0057.txt,4645301453045509369,4,primary_equal_different,257,257,257,257,1,0,0,0
0057.txt,2895097331945070231,4,primary_failed,257,-1,-1,-1,0,0,0,0
0057.txt,13653447708387061631,3,primary_longer,257,259,257,257,0,0,0,0
0057.txt,2707741028896907614,3,primary_longer,257,261,-1,261,0,0,0,0
0057.txt,8402740692469182386,3,primary_longer,257,259,259,259,0,0,0,1
0057.txt,18413342172045588087,4,primary_longer,257,260,258,258,0,0,0,0
0057.txt,3435535381528661432,4,primary_longer,257,258,259,258,0,0,0,0
0057.txt,18282491844543862881,4,primary_failed,257,-1,-1,-1,0,0,0,0
0058.txt,16385550299762117140,2,primary_longer,313,314,314,314,0,0,0,0
0058.txt,1798395773568794361,4,primary_longer,313,316,-1,316,0,0,0,0
0058.txt,10087826704512121109,3,primary_longer,313,317,313,313,0,0,0,0
0058.txt,4320127047856182621,4,primary_longer,313,317,317,317,0,0,0,1
0058.txt,1254270418923999763,4,primary_failed,313,-1,-1,-1,0,0,0,0
0058.txt,13829871790667353365,2,primary_duplicate,313,313,313,313,1,0,0,1
0058.txt,4886639576529737694,3,extract_failed,313,-1,-1,-1,0,0,0,0
0058.txt,8523741133218468003,2,primary_failed,313,-1,-1,-1,0,0,0,0
0058.txt,17951138329796580338,3,extract_failed,313,-1,-1,-1,0,0,0,0
0058.txt,5848535588058156319,2,primary_duplicate,313,313,313,313,1,0,0,0
0058.txt,11913264597111970127,4,primary_failed,313,-1,-1,-1,0,0,0,0
0058.txt,6783842536281000234,2,primary_equal_different,313,313,313,313,1,0,0,1
0058.txt,4931484735650852725,4,primary_failed,313,-1,317,317,0,0,0,0
0058.txt,12975197616038476199,4,primary_longer,313,316,315,315,0,0,0,0
0058.txt,16501256060073601164,3,primary_duplicate,313,313,313,313,1,0,0,0
0058.txt,14330523356152762388,3,primary_longer,313,316,-1,316,0,0,0,0
0058.txt,8179882715508768378,2,primary_longer,313,315,316,315,0,0,0,0
0058.txt,8851515779616288981,3,primary_longer,313,316,316,316,0,0,0,0
0058.txt,11462187031090510029,3,primary_longer,313,317,316,316,0,0,0,0
0058.txt,770145657227892692,2,primary_longer,313,314,313,313,0,0,0,0
0058.txt,15857876997065463489,4,primary_longer,313,314,316,314,0,0,0,0
0058.txt,3059376218812283696,4,primary_failed,313,-1,-1,-1,0,0,0,0
0058.txt,5488539026059260601,2,primary_longer,313,315,315,315,0,0,0,1
0058.txt,3122999625236268162,4,primary_failed,313,-1,-1,-1,0,0,0,0
0058.txt,13692793813066017628,4,primary_longer,313,317,317,317,0,0,0,0
0058.txt,15031201243962816599,4,primary_longer,313,317,316,316,0,0,0,0
0058.txt,15482647570367606300,4,primary_longer,313,314,314,314,0,0,0,1
0058.txt,17552894553708793864,4,primary_failed,313,-1,-1,-1,0,0,0,0
0058.txt,8579618321036531193,3,primary_longer,313,314,314,314,0,0,0,0
0058.txt,13514060711627947574,3,primary_longer,313,314,314,314,0,0,0,0
0058.txt,10667849023513812362,3,primary_longer,313,315,316,315,0,0,0,0
0058.txt,14089110629424857723,4,primary_longer,313,316,-1,316,0,0,0,0
0058.txt,16254444228411356370,2,primary_longer,313,315,315,315,0,0,0,1
0058.txt,9602844874975554932,2,primary_longer,313,317,317,317,0,0,0,0
0058.txt,8599642328044731603,2,primary_failed,313,-1,-1,-1,0,0,0,0
0058.txt,8933907290707900600,3,primary_failed,313,-1,-1,-1,0,0,0,0
0058.txt,1524571185185927208,2,extract_failed,313,-1,-1,-1,0,0,0,0
0058.txt,14825921459152370944,4,primary_longer,313,314,316,314,0,0,0,0
0058.txt,7319340555896251131,3,primary_failed,313,-1,-1,-1,0,0,0,0
0058.txt,14855025375187669324,4,extract_failed,313,-1,-1,-1,0,0,0,0
0058.txt,7090499778757904662,3,primary_failed,313,-1,-1,-1,0,0,0,0
0058.txt,12470916238170151606,2,primary_equal_different,313,313,313,313,1,0,0,0
0058.txt,11242373233348661139,4,primary_longer,313,317,-1,317,0,0,0,0
0058.txt,1778946262112142346,3,primary_failed,313,-1,316,316,0,0,0,0
0058.txt,13815001142960508208,3,primary_failed,313,-1,316,316,0,0,0,0
0058.txt,13242484795374765832,4,primary_longer,313,315,316,315,0,0,0,0
0058.txt,9179370247575883875,4,primary_shorter,313,312,313,312,1,0,0,0
0058.txt,16761576263558453287,3,primary_longer,313,315,315,315,0,0,0,1
0058.txt,12064671318602623649,4,extract_failed,313,-1,-1,-1,0,0,0,0
0058.txt,2050636788489554388,3,primary_equal_different,313,313,314,313,1,0,0,0
0058.txt,4968081634517290124,3,extract_failed,313,-1,-1,-1,0,0,0,0
0058.txt,2775639938243332889,3,primary_longer,313,315,317,315,0,0,0,0
0058.txt,7892824971027670321,3,primary_failed,313,-1,-1,-1,0,0,0,0
0058.txt,17806037172749598227,3,primary_longer,313,314,314,314,0,0,0,1
0058.txt,5545543313469202583,4,extract_failed,313,-1,-1,-1,0,0,0,0
0058.txt,114690519745163607,2,primary_equal_different,313,313,313,313,1,0,0,0
0058.txt,5305447887648221562,2,primary_longer,313,317,-1,317,0,0,0,0
0058.txt,10657414104482620873,2,primary_longer,313,314,314,314,0,0,0,1
0058.txt,15779089982579829105,4,primary_longer,313,314,314,314,0,0,0,0
0058.txt,12448783401839337192,4,primary_longer,313,314,314,314,0,0,0,0
0058.txt,14590925538072663906,2,primary_equal_different,313,313,313,313,1,0,0,0
0058.txt,15175782991278363106,2,primary_longer,313,315,316,315,0,0,0,0
0058.txt,12842286358714097503,3,primary_longer,313,315,316,315,0,0,0,0
0058.txt,5239713892147934946,3,primary_longer,313,314,314,314,0,0,0,0
0059.txt,423443961115201836,3,primary_longer,68,69,69,69,0,0,0,0
0059.txt,12398702304487641637,3,primary_longer,68,72,-1,72,0,0,0,0
0059.txt,17929666450974059713,3,primary_longer,68,70,70,70,0,0,0,0
0059.txt,15887908321886568518,2,primary_longer,68,70,70,70,0,0,0,1
0059.txt,17251460125527584444,2,primary_longer,68,69,69,69,0,0,0,1
0059.txt,11626568971991249776,4,primary_longer,68,72,72,72,0,0,0,0
0059.txt,1368113950914694489,3,primary_longer,68,69,69,69,0,0,0,1
0059.txt,2851341268311929548,3,primary_longer,68,72,71,71,0,0,0,0
0059.txt,11707894795358906757,3,primary_failed,68,-1,-1,-1,0,0,0,0
0059.txt,12835684931172803483,2,primary_longer,68,69,70,69,0,0,0,0
0059.txt,9674178131162579343,4,primary_longer,68,69,69,69,0,0,0,1
0059.txt,14374726704599424097,2,primary_longer,68,70,70,70,0,0,0,0
0059.txt,2763148592178971293,4,primary_failed,68,-1,70,70,0,0,0,0
0059.txt,17353607093238275288,4,primary_longer,68,72,-1,72,0,0,0,0
0059.txt,12030105157507295369,3,primary_longer,68,70,70,70,0,0,0,0
0059.txt,5839708941869782593,3,primary_longer,68,71,71,71,0,0,0,1
0059.txt,7607223617063730591,2,primary_equal_different,68,68,68,68,1,0,0,1
0059.txt,16800189570048214453,4,primary_longer,68,69,69,69,0,0,0,0
0059.txt,6543373945339065320,2,primary_longer,68,69,69,69,0,0,0,1
0059.txt,6500255524399887380,4,primary_longer,68,69,69,69,0,0,0,0
0059.txt,9064832051835279196,3,primary_longer,68,70,70,70,0,0,0,1
0059.txt,4539849921667637311,4,primary_longer,68,70,-1,70,0,0,0,0
0059.txt,6689327357885348033,3,primary_longer,68,69,69,69,0,0,0,1
0059.txt,11809273515881414371,2,primary_equal_different,68,68,68,68,1,0,0,1
0059.txt,18186767073750428359,2,primary_longer,68,69,69,69,0,0,0,0
0059.txt,4279068395550484267,4,primary_longer,68,69,68,68,0,0,0,0
0059.txt,16773918350895590106,3,primary_longer,68,70,69,69,0,0,0,0
0059.txt,18010547208490762280,3,primary_equal_different,68,68,68,68,1,0,0,0
0059.txt,5117887524448979163,3,primary_longer,68,70,68,68,0,0,0,0
0059.txt,3639228121034874608,3,primary_equal_different,68,68,68,68,1,0,0,0
0059.txt,14107955452893919325,2,primary_longer,68,69,69,69,0,0,0,1
0059.txt,17308571888285741541,2,primary_longer,68,71,71,71,0,0,0,0
0059.txt,15636975387948911776,4,primary_longer,68,72,72,72,0,0,0,0
0059.txt,774277702670384246,3,primary_longer,68,70,70,70,0,0,0,1
0059.txt,2396115764876864689,3,primary_equal_different,68,68,68,68,1,0,0,1
0059.txt,15081055222244162068,2,primary_failed,68,-1,-1,-1,0,0,0,0
0059.txt,13193332861866173059,3,primary_equal_different,68,68,68,68,1,0,0,0
0059.txt,13229318697796551737,2,primary_equal_different,68,68,68,68,1,0,0,0
0059.txt,2250837963936872000,2,primary_equal_different,68,68,68,68,1,0,0,0
0059.txt,13034042366012809014,3,primary_longer,68,72,72,72,0,0,0,0
0059.txt,10065117303205536366,4,primary_failed,68,-1,-1,-1,0,0,0,0
0059.txt,5551219989139390191,2,primary_longer,68,69,69,69,0,0,0,0
0059.txt,8079830919581686103,3,primary_equal_different,68,68,68,68,1,0,0,0
0059.txt,15430782737884842076,4,primary_failed,68,-1,-1,-1,0,0,0,0
0059.txt,709498532434050750,2,primary_equal_different,68,68,68,68,1,0,0,1
0059.txt,8874633132859706383,2,primary_equal_different,68,68,68,68,1,0,0,0
0059.txt,15529415153619895787,2,primary_equal_different,68,68,68,68,1,0,0,0
0059.txt,1256739979363706009,2,primary_longer,68,69,69,69,0,0,0,1
0059.txt,3132214881734533889,2,primary_longer,68,72,72,72,0,0,0,1
0059.txt,3194165949340602088,3,primary_longer,68,72,72,72,0,0,0,0
0059.txt,15103026386645243642,2,primary_equal_different,68,68,68,68,1,0,0,0
0059.txt,3250681963683365371,2,primary_equal_different,68,68,68,68,1,0,0,0
0059.txt,7123192642776856688,2,primary_longer,68,69,69,69,0,0,0,0
0059.txt,4488519146452825238,2,primary_equal_different,68,68,68,68,1,0,0,0
0059.txt,17165018148455595462,3,primary_longer,68,69,69,69,0,0,0,0
0059.txt,7506007601080764981,4,primary_longer,68,71,71,71,0,0,0,0
0059.txt,16588933328982072774,2,primary_longer,68,70,70,70,0,0,0,0
0059.txt,8997518716109584250,2,primary_longer,68,70,70,70,0,0,0,0
0059.txt,707907198771856767,2,primary_longer,68,72,72,72,0,0,0,0
0059.txt,8302680358828675249,2,primary_longer,68,70,70,70,0,0,0,0
0059.txt,12260196795106087504,2,primary_equal_different,68,68,68,68,1,0,0,0
0059.txt,1647810398138514849,2,primary_longer,68,72,72,72,0,0,0,0
0059.txt,10933200108632986197,2,primary_longer,68,69,69,69,0,0,0,0
0059.txt,17286247094181950193,2,primary_equal_different,68,68,68,68,1,0,0,0
0060.txt,7849105791825091706,2,primary_longer,156,159,160,159,0,0,0,0
0060.txt,15314604153684613027,3,primary_longer,156,157,157,157,0,0,0,0
0060.txt,15970890897546547972,4,primary_longer,156,159,157,157,0,0,0,0
0060.txt,6896441700144312678,4,primary_failed,156,-1,-1,-1,0,0,0,0
0060.txt,11947985957465314250,3,primary_longer,156,157,156,156,0,0,0,0
0060.txt,16667109674002697174,4,primary_longer,156,160,160,160,0,0,0,1
0060.txt,18268720447287468020,3,primary_longer,156,158,158,158,0,0,0,1
0060.txt,3866561362734147902,4,primary_failed,156,-1,-1,-1,0,0,0,0
0060.txt,17096526801332222234,2,primary_longer,156,157,156,156,0,0,0,0
0060.txt,9366300369779742947,4,primary_failed,156,-1,-1,-1,0,0,0,0
0060.txt,15762766489316612813,3,primary_failed,156,-1,-1,-1,0,0,0,0
0060.txt,13015098680176033866,3,primary_failed,156,-1,-1,-1,0,0,0,0
0060.txt,2571669529745065487,3,primary_failed,156,-1,-1,-1,0,0,0,0
0060.txt,2526809991094698444,3,primary_failed,156,-1,-1,-1,0,0,0,0
0060.txt,16526518055674681962,2,primary_equal_different,156,156,158,156,1,0,0,0
0060.txt,7523624676233171495,4,primary_failed,156,-1,-1,-1,0,0,0,0
0060.txt,12672066817202847049,3,primary_failed,156,-1,-1,-1,0,0,0,0
0060.txt,6609057288973018552,4,primary_failed,156,-1,160,160,0,0,0,0
0060.txt,7116475548408196772,2,primary_longer,156,158,158,158,0,0,0,1
0060.txt,457316435103083781,3,primary_longer,156,157,158,157,0,0,0,0
0060.txt,8734637391133886992,2,primary_failed,156,-1,-1,-1,0,0,0,0
0060.txt,17449051543391777395,3,primary_failed,156,-1,-1,-1,0,0,0,0
0060.txt,11660183354945456770,3,primary_failed,156,-1,-1,-1,0,0,0,0
0060.txt,3869446035762771957,3,primary_failed,156,-1,-1,-1,0,0,0,0
0060.txt,17342837620542148862,3,primary_failed,156,-1,-1,-1,0,0,0,0
0060.txt,8480125738185421332,3,primary_failed,156,-1,-1,-1,0,0,0,0
0060.txt,13619505977305999037,2,primary_failed,156,-1,-1,-1,0,0,0,0
0060.txt,13410878467929990955,4,primary_longer,156,159,-1,159,0,0,0,0
0060.txt,13956027981171590194,2,primary_longer,156,158,157,157,0,0,0,0
0060.txt,18248475087652399623,2,primary_longer,156,160,160,160,0,0,0,1
0060.txt,3523109420649400737,2,primary_failed,156,-1,-1,-1,0,0,0,0
0060.txt,12906383716767762093,3,primary_longer,156,160,-1,160,0,0,0,0
0060.txt,6030831527133804814,2,primary_failed,156,-1,-1,-1,0,0,0,0
0060.txt,4609897411703613484,4,primary_failed,156,-1,-1,-1,0,0,0,0
0060.txt,10047091480279728073,3,primary_longer,156,160,160,160,0,0,0,0
0060.txt,13804276389309203055,2,primary_longer,156,159,159,159,0,0,0,0
0060.txt,8240241062113572502,3,primary_longer,156,158,-1,158,0,0,0,0
0060.txt,5311554817380989180,3,primary_longer,156,157,157,157,0,0,0,0
0060.txt,4149325195355607576,3,primary_failed,156,-1,-1,-1,0,0,0,0
0060.txt,513834404392367190,3,primary_failed,156,-1,-1,-1,0,0,0,0
0060.txt,15714802151745133263,4,primary_failed,156,-1,160,160,0,0,0,0
0060.txt,14920288877936914377,2,primary_longer,156,157,156,156,0,0,0,0
0060.txt,17402680337844494027,2,primary_longer,156,157,158,157,0,0,0,0
0060.txt,18322558738320607377,3,primary_longer,156,158,160,158,0,0,0,0
0060.txt,17278469110705160955,2,primary_longer,156,159,159,159,0,0,0,1
0060.txt,1633265728222940167,3,primary_longer,156,160,160,160,0,0,0,0
0060.txt,2693288226675881181,3,primary_failed,156,-1,-1,-1,0,0,0,0
0060.txt,6524055470862527241,3,primary_longer,156,158,159,158,0,0,0,0
0060.txt,1553171504025697702,2,primary_longer,156,159,159,159,0,0,0,0
0060.txt,17683602245848844412,3,primary_failed,156,-1,-1,-1,0,0,0,0
0060.txt,17103076289005633496,3,primary_failed,156,-1,-1,-1,0,0,0,0
0060.txt,14617581828538943538,2,primary_equal_different,156,156,156,156,1,0,0,0
0060.txt,6759749593663660016,2,primary_longer,156,157,158,157,0,0,0,0
0060.txt,1505597235808988564,4,primary_failed,156,-1,-1,-1,0,0,0,0
0060.txt,640793765976286892,4,extract_failed,156,-1,-1,-1,0,0,0,0
0060.txt,890822457322953814,2,extract_failed,156,-1,-1,-1,0,0,0,0
0060.txt,895662554053209238,3,primary_failed,156,-1,-1,-1,0,0,0,0
0060.txt,11524335202887079337,4,primary_failed,156,-1,-1,-1,0,0,0,0
0060.txt,13217957790146427853,3,primary_longer,156,157,157,157,0,0,0,0
0060.txt,4434765930878998099,2,primary_equal_different,156,156,156,156,1,0,0,0
0060.txt,16629296359385021628,4,extract_failed,156,-1,-1,-1,0,0,0,0
0060.txt,7093797124601695650,2,primary_failed,156,-1,-1,-1,0,0,0,0
0060.txt,1255658181060692061,3,extract_failed,156,-1,-1,-1,0,0,0,0
0060.txt,3759512205001586145,2,primary_longer,156,159,159,159,0,0,0,0
0061.txt,1989415802735719089,4,primary_failed,292,-1,-1,-1,0,0,0,0
0061.txt,6557345268030454507,3,primary_failed,292,-1,-1,-1,0,0,0,0
0061.txt,11305143733940189055,4,primary_failed,292,-1,-1,-1,0,0,0,0
0061.txt,9873593058349425319,2,primary_failed,292,-1,-1,-1,0,0,0,0
0061.txt,17072270359178412305,4,primary_failed,292,-1,-1,-1,0,0,0,0
0061.txt,14688342140202565250,3,primary_failed,292,-1,-1,-1,0,0,0,0
0061.txt,3733130323640525712,3,primary_failed,292,-1,-1,-1,0,0,0,0
0061.txt,13205586074281925987,3,primary_failed,292,-1,-1,-1,0,0,0,0
0061.txt,7762606730739916930,3,primary_longer,292,295,294,294,0,0,0,0
0061.txt,9840308548435869662,2,primary_longer,292,296,296,296,0,0,0,1
0061.txt,617579683708987600,3,primary_longer,292,294,293,293,0,0,0,0
0061.txt,10749438820626241673,3,extract_failed,292,-1,-1,-1,0,0,0,0
0061.txt,10075288411163148271,4,primary_failed,292,-1,-1,-1,0,0,0,0
0061.txt,12696187536605797473,4,extract_failed,292,-1,-1,-1,0,0,0,0
0061.txt,9485004344042352487,3,primary_longer,292,296,-1,296,0,0,0,0
0061.txt,15649965211961341663,4,primary_failed,292,-1,-1,-1,0,0,0,0
0061.txt,18094425837713811848,2,primary_longer,292,293,292,292,0,0,0,0
0061.txt,12830127903930825845,3,primary_longer,292,294,293,293,0,0,0,0
0061.txt,15316485992409602045,2,primary_failed,292,-1,-1,-1,0,0,0,0
0061.txt,2457000360992817685,4,extract_failed,292,-1,-1,-1,0,0,0,0
0061.txt,16985195890425158168,3,primary_longer,292,294,-1,294,0,0,0,0
0061.txt,370628593172889065,3,primary_equal_different,292,292,292,292,1,0,0,0
0061.txt,902140704662565924,4,primary_longer,292,293,294,293,0,0,0,0
0061.txt,10514678200056507181,2,primary_longer,292,293,292,292,0,0,0,0
0061.txt,4740784226901185215,4,primary_failed,292,-1,-1,-1,0,0,0,0
0061.txt,6914866422110381807,3,primary_equal_different,292,292,295,292,1,0,0,0
0061.txt,5313764535527218820,3,primary_longer,292,294,295,294,0,0,0,0
0061.txt,13596531762450636098,4,primary_longer,292,294,294,294,0,0,0,0
0061.txt,8206892635677757784,2,primary_longer,292,294,293,293,0,0,0,0
0061.txt,11724453728388404574,3,primary_longer,292,295,292,292,0,0,0,0
0061.txt,11204478736560921245,2,primary_longer,292,296,296,296,0,0,0,1
0061.txt,9493770646465550444,4,primary_longer,292,296,-1,296,0,0,0,0
0061.txt,2968307671710258134,3,primary_failed,292,-1,296,296,0,0,0,0
0061.txt,16647371670621097971,2,primary_equal_different,292,292,294,292,1,0,0,0
0061.txt,9690589859868357276,2,primary_longer,292,294,292,292,0,0,0,0
0061.txt,12444702452327965639,2,extract_failed,292,-1,-1,-1,0,0,0,0
0061.txt,13526524709024667900,3,primary_longer,292,294,293,293,0,0,0,0
0061.txt,16983540044783979354,2,primary_longer,292,294,293,293,0,0,0,0
0061.txt,472806577041590420,3,primary_failed,292,-1,-1,-1,0,0,0,0
0061.txt,4983076216991669387,4,primary_failed,292,-1,-1,-1,0,0,0,0
0061.txt,17371959175779877784,2,primary_longer,292,293,-1,293,0,0,0,0
0061.txt,2680326277723120019,3,primary_failed,292,-1,-1,-1,0,0,0,0
0061.txt,7753369076763326777,4,primary_failed,292,-1,-1,-1,0,0,0,0
0061.txt,8916055945352765746,3,primary_failed,292,-1,-1,-1,0,0,0,0
0061.txt,16282749744510227921,4,primary_longer,292,294,294,294,0,0,0,1
0061.txt,12042208664842956918,3,primary_failed,292,-1,-1,-1,0,0,0,0
0061.txt,6286031343226202966,4,primary_equal_different,292,292,-1,292,1,0,0,0
0061.txt,13581047105118741264,4,primary_longer,292,295,295,295,0,0,0,0
0061.txt,7026520845369164788,2,primary_longer,292,295,296,295,0,0,0,0
0061.txt,13589580014576773338,2,primary_longer,292,295,294,294,0,0,0,0
0061.txt,17096467201342402237,4,primary_failed,292,-1,-1,-1,0,0,0,0
0061.txt,10086377965829500971,3,primary_longer,292,296,296,296,0,0,0,1
0061.txt,18401249951532853260,4,primary_longer,292,294,296,294,0,0,0,0
0061.txt,3631002861523852924,4,primary_equal_different,292,292,292,292,1,0,0,0
0061.txt,6543550760190420207,2,primary_longer,292,293,293,293,0,0,0,1
0061.txt,17368165562597964448,3,primary_longer,292,293,293,293,0,0,0,0
0061.txt,18230986829898249307,3,primary_failed,292,-1,-1,-1,0,0,0,0
0061.txt,14108044327815303216,2,primary_longer,292,295,295,295,0,0,0,1
0061.txt,4886639576529737694,3,primary_longer,292,293,295,293,0,0,0,0
0061.txt,13712200843045325322,2,primary_longer,292,294,294,294,0,0,0,0
0061.txt,5769814563766320760,3,primary_longer,292,295,294,294,0,0,0,0
0061.txt,555449282495462975,2,primary_longer,292,294,293,293,0,0,0,0
0061.txt,4435922979765241776,3,primary_longer,292,294,-1,294,0,0,0,0
0061.txt,13166638669707835042,2,primary_longer,292,295,296,295,0,0,0,0
0062.txt,5418170273110279496,4,primary_longer,168,172,171,171,0,0,0,0
0062.txt,7871165831147557171,2,primary_longer,168,169,168,168,0,0,0,0
0062.txt,2320236021385661506,2,primary_longer,168,169,169,169,0,0,0,0
0062.txt,3222399892179924971,4,primary_equal_different,168,168,168,168,1,0,0,0
0062.txt,6031218217441988447,3,primary_longer,168,171,172,171,0,0,0,0
0062.txt,10404339133231662823,4,primary_failed,168,-1,-1,-1,0,0,0,0
0062.txt,7703470377542496149,4,primary_failed,168,-1,-1,-1,0,0,0,0
0062.txt,3145395968171872202,4,primary_longer,168,172,-1,172,0,0,0,0
0062.txt,169305619674910421,3,primary_longer,168,169,169,169,0,0,0,0
0062.txt,4118106918452304873,4,primary_longer,168,170,172,170,0,0,0,0
0062.txt,17995821303337761025,3,primary_longer,168,171,169,169,0,0,0,0
0062.txt,593064353780094021,2,primary_equal_different,168,168,172,168,1,0,0,0
0062.txt,133223427540798836,3,primary_longer,168,172,171,171,0,0,0,0
0062.txt,9118408399241201469,3,primary_longer,168,171,171,171,0,0,0,0
0062.txt,8305605556228467796,3,primary_longer,168,172,172,172,0,0,0,1
0062.txt,8228456279359595321,3,primary_longer,168,170,169,169,0,0,0,0
0062.txt,11533222756949723164,2,primary_longer,168,170,169,169,0,0,0,0
0062.txt,11334772727471333620,4,primary_failed,168,-1,-1,-1,0,0,0,0
0062.txt,5695281537454959088,2,primary_failed,168,-1,172,172,0,0,0,0
0062.txt,13341941915009417089,4,primary_failed,168,-1,-1,-1,0,0,0,0
0062.txt,14670255222425682477,3,primary_equal_different,168,168,168,168,1,0,0,0
0062.txt,14375521903934814641,2,primary_equal_different,168,168,170,168,1,0,0,0
0062.txt,15415190693112168698,2,primary_longer,168,171,170,170,0,0,0,0
0062.txt,10270143802524822761,2,primary_longer,168,169,169,169,0,0,0,0
0062.txt,12348361159730715858,3,primary_equal_different,168,168,168,168,1,0,0,0
0062.txt,17435117776677889354,3,primary_longer,168,171,171,171,0,0,0,0
0062.txt,2824205256778742230,2,primary_longer,168,170,171,170,0,0,0,0
0062.txt,15645230012798403964,2,primary_equal_different,168,168,169,168,1,0,0,0
0062.txt,15810094371719421248,4,extract_failed,168,-1,-1,-1,0,0,0,0
0062.txt,10226124251282620086,4,primary_failed,168,-1,-1,-1,0,0,0,0
0062.txt,16310672851904151927,2,primary_longer,168,169,169,169,0,0,0,0
0062.txt,6885324010009238189,3,primary_failed,168,-1,-1,-1,0,0,0,0
0062.txt,11963853210374066807,2,primary_longer,168,169,169,169,0,0,0,1
0062.txt,5028723918224547540,3,primary_longer,168,172,172,172,0,0,0,1
0062.txt,14060366481923306492,4,primary_longer,168,171,-1,171,0,0,0,0
0062.txt,14748253615113754002,3,primary_longer,168,171,171,171,0,0,0,1
0062.txt,9935958043676734989,3,primary_failed,168,-1,172,172,0,0,0,0
0062.txt,7717088509865322084,4,primary_failed,168,-1,-1,-1,0,0,0,0
0062.txt,16859593572425972165,2,primary_equal_different,168,168,169,168,1,0,0,0
0062.txt,17046634567963953015,4,primary_failed,168,-1,-1,-1,0,0,0,0
0062.txt,6163186057188631617,4,primary_equal_different,168,168,170,168,1,0,0,0
0062.txt,2104515367870479468,3,primary_failed,168,-1,-1,-1,0,0,0,0
0062.txt,1266622197968104535,4,primary_longer,168,169,169,169,0,0,0,1
0062.txt,17378448125692588818,3,primary_failed,168,-1,171,171,0,0,0,0
0062.txt,18257763749718142312,3,primary_failed,168,-1,-1,-1,0,0,0,0
0062.txt,16871088445573880081,3,primary_longer,168,172,-1,172,0,0,0,0
0062.txt,18113846380146835904,3,primary_longer,168,170,171,170,0,0,0,0
0062.txt,5545298094106120819,2,primary_longer,168,171,171,171,0,0,0,0
0062.txt,17058038654797941432,3,extract_failed,168,-1,-1,-1,0,0,0,0
0062.txt,6396925864025911896,2,primary_equal_different,168,168,169,168,1,0,0,0
0062.txt,11351280447576784443,2,primary_equal_different,168,168,168,168,1,0,0,0
0062.txt,8210583164804118547,3,extract_failed,168,-1,-1,-1,0,0,0,0
0062.txt,14662708023600606611,3,primary_longer,168,170,171,170,0,0,0,0
0062.txt,16895066641548704305,3,primary_equal_different,168,168,169,168,1,0,0,0
0062.txt,9325202782381669742,2,primary_longer,168,169,168,168,0,0,0,0
0062.txt,9480488801288328831,2,primary_longer,168,169,169,169,0,0,0,0
0062.txt,17305098715898558540,3,primary_equal_different,168,168,172,168,1,0,0,0
0062.txt,2871280767468267774,3,primary_longer,168,172,172,172,0,0,0,1
0062.txt,13298627083132103174,4,primary_longer,168,169,168,168,0,0,0,0
0062.txt,2828712633001172506,2,primary_longer,168,169,168,168,0,0,0,0
0062.txt,14788401409187800154,4,primary_longer,168,171,172,171,0,0,0,0
0062.txt,7228411123488753625,3,primary_failed,168,-1,-1,-1,0,0,0,0
0062.txt,839021489970760896,3,primary_longer,168,172,-1,172,0,0,0,0
0062.txt,12561578200614603138,2,primary_longer,168,170,172,170,0,0,0,0
0063.txt,1292890440283035369,3,primary_longer,257,258,258,258,0,0,0,0
0063.txt,12469060149726631740,2,primary_longer,257,258,258,258,0,0,0,0
0063.txt,10068882768933177430,3,primary_failed,257,-1,259,259,0,0,0,0
0063.txt,7068735111052093001,3,primary_failed,257,-1,-1,-1,0,0,0,0
0063.txt,3055239821691374293,4,primary_failed,257,-1,-1,-1,0,0,0,0
0063.txt,741434469991502099,3,primary_failed,257,-1,-1,-1,0,0,0,0
0063.txt,2346503463971754365,4,primary_failed,257,-1,-1,-1,0,0,0,0
0063.txt,3700907244975275168,3,primary_longer,257,261,261,261,0,0,0,0
0063.txt,14890608487667887152,3,primary_longer,257,260,260,260,0,0,0,0
0063.txt,17066217151363227759,4,primary_failed,257,-1,-1,-1,0,0,0,0
0063.txt,13029317928983185893,4,primary_failed,257,-1,-1,-1,0,0,0,0
0063.txt,12776727651893171981,4,extract_failed,257,-1,-1,-1,0,0,0,0
0063.txt,8783941112878195849,4,primary_longer,257,260,260,260,0,0,0,0
0063.txt,1284360255521006665,4,primary_failed,257,-1,-1,-1,0,0,0,0
0063.txt,4566482466188977506,4,primary_failed,257,-1,-1,-1,0,0,0,0
0063.txt,1613377059186858874,2,primary_longer,257,259,260,259,0,0,0,0
0063.txt,13256770187598221913,2,primary_longer,257,259,259,259,0,0,0,0
0063.txt,1902156834845327814,3,primary_failed,257,-1,259,259,0,0,0,0
0063.txt,14705885272769900209,4,primary_failed,257,-1,-1,-1,0,0,0,0
0063.txt,5951551667810670952,3,primary_failed,257,-1,-1,-1,0,0,0,0
0063.txt,13658691223315770909,3,primary_longer,257,261,261,261,0,0,0,0
0063.txt,10999340885387306545,4,primary_longer,257,260,259,259,0,0,0,0
0063.txt,2130260235227263876,3,extract_failed,257,-1,-1,-1,0,0,0,0
0063.txt,4579622678529957540,2,primary_longer,257,259,259,259,0,0,0,1
0063.txt,2765766915139717033,2,extract_failed,257,-1,-1,-1,0,0,0,0
0063.txt,17612604581573167585,2,primary_equal_different,257,257,257,257,1,0,0,0
0063.txt,7026520845369164788,2,primary_longer,257,259,259,259,0,0,0,0
0063.txt,1551380123986781219,3,primary_failed,257,-1,260,260,0,0,0,0
0063.txt,7553357056993020543,3,primary_equal_different,257,257,257,257,1,0,0,0
0063.txt,5511492700897896727,4,extract_failed,257,-1,-1,-1,0,0,0,0
0063.txt,683923925471413248,4,extract_failed,257,-1,-1,-1,0,0,0,0
0063.txt,9327766130230609156,2,primary_equal_different,257,257,257,257,1,0,0,0
0063.txt,16997525689454991113,4,primary_failed,257,-1,-1,-1,0,0,0,0
0063.txt,1869537171980826793,4,primary_failed,257,-1,-1,-1,0,0,0,0
0063.txt,18043678941767237978,3,primary_failed,257,-1,-1,-1,0,0,0,0
0063.txt,5060068502285402518,3,primary_failed,257,-1,-1,-1,0,0,0,0
0063.txt,13496806470380132269,3,primary_failed,257,-1,-1,-1,0,0,0,0
0063.txt,17151670076802100701,3,primary_failed,257,-1,-1,-1,0,0,0,0
0063.txt,8485776167367954505,3,primary_longer,257,259,259,259,0,0,0,0
0063.txt,3597388692796946811,4,primary_longer,257,258,258,258,0,0,0,0
0063.txt,14493668613212028760,3,primary_longer,257,261,261,261,0,0,0,0
0063.txt,3877618504177746666,4,primary_longer,257,258,259,258,0,0,0,0
0063.txt,16530760677115786355,2,primary_failed,257,-1,-1,-1,0,0,0,0
0063.txt,17590164120642010341,3,extract_failed,257,-1,-1,-1,0,0,0,0
0063.txt,12158877096739596574,4,primary_longer,257,260,260,260,0,0,0,0
0063.txt,14968069618099383742,3,primary_longer,257,260,259,259,0,0,0,0
0063.txt,17954199735834660546,3,primary_longer,257,261,261,261,0,0,0,1
0063.txt,2716609950709704061,2,primary_equal_different,257,257,257,257,1,0,0,1
0063.txt,10635000435457445634,2,primary_failed,257,-1,-1,-1,0,0,0,0
0063.txt,17762588024922005854,2,primary_longer,257,258,258,258,0,0,0,0
0063.txt,15578695344943447893,3,primary_failed,257,-1,-1,-1,0,0,0,0
0063.txt,8710634475841395219,3,primary_longer,257,261,-1,261,0,0,0,0
0063.txt,10103523469294920821,4,primary_longer,257,261,261,261,0,0,0,0
0063.txt,1328294502054755391,3,primary_failed,257,-1,-1,-1,0,0,0,0
0063.txt,12058320937411020908,3,primary_equal_different,257,257,257,257,1,0,0,0
0063.txt,10540803110977309257,2,primary_longer,257,260,260,260,0,0,0,0
0063.txt,6831269646740759825,3,primary_longer,257,260,261,260,0,0,0,0
0063.txt,9419134417089067341,2,primary_longer,257,259,258,258,0,0,0,0
0063.txt,2015584008622786910,2,primary_longer,257,259,260,259,0,0,0,0
0063.txt,17494667944178400764,2,extract_failed,257,-1,-1,-1,0,0,0,0
0063.txt,14026839622439805901,2,primary_failed,257,-1,-1,-1,0,0,0,0
0063.txt,1722540031885647580,3,extract_failed,257,-1,-1,-1,0,0,0,0
0063.txt,10872552048847731360,2,primary_longer,257,258,257,257,0,0,0,0
0063.txt,7482569885300303854,2,primary_equal_different,257,257,257,257,1,0,0,0
0064.txt,14339800858300629496,4,primary_longer,195,197,195,195,0,0,0,0
0064.txt,17140559393491032869,4,primary_longer,195,199,199,199,0,0,0,1
0064.txt,10960419904258804349,3,primary_failed,195,-1,199,199,0,0,0,0
0064.txt,12803662512881585077,4,primary_failed,195,-1,199,199,0,0,0,0
0064.txt,14033061840955265304,3,primary_longer,195,197,197,197,0,0,0,0
0064.txt,8223635324054073268,4,primary_longer,195,199,-1,199,0,0,0,0
0064.txt,14344800741870198398,2,primary_longer,195,196,196,196,0,0,0,0
0064.txt,189484395534081980,4,primary_equal_different,195,195,195,195,1,0,0,0
0064.txt,15346853524771508514,2,primary_longer,195,199,197,197,0,0,0,0
0064.txt,5255583663812789042,2,primary_equal_different,195,195,196,195,1,0,0,0
0064.txt,3081264268251671426,3,primary_equal_different,195,195,195,195,1,0,0,0
0064.txt,6122642318616356664,2,primary_equal_different,195,195,195,195,1,0,0,0
0064.txt,868804024165259093,4,primary_longer,195,199,199,199,0,0,0,0
0064.txt,9597957922343327178,3,primary_failed,195,-1,-1,-1,0,0,0,0
0064.txt,9579201918264657395,3,primary_equal_different,195,195,195,195,1,0,0,0
0064.txt,1718888143017139545,3,primary_longer,195,198,199,198,0,0,0,0
0064.txt,15970067889060159582,3,primary_equal_different,195,195,198,195,1,0,0,0
0064.txt,15929831711324870214,3,primary_longer,195,197,197,197,0,0,0,0
0064.txt,16113375289830103953,4,primary_longer,195,198,198,198,0,0,0,0
0064.txt,2352327098591417839,4,primary_longer,195,198,-1,198,0,0,0,0
0064.txt,2252694052380391866,2,primary_equal_different,195,195,195,195,1,0,0,0
0064.txt,15840084482628359767,3,primary_longer,195,199,195,195,0,0,0,0
0064.txt,16436955569279662501,3,primary_longer,195,199,-1,199,0,0,0,0
0064.txt,10186791350056372256,4,primary_longer,195,196,195,195,0,0,0,0
0064.txt,2893167552319992744,3,primary_longer,195,199,195,195,0,0,0,0
0064.txt,13171393360001033913,4,primary_failed,195,-1,-1,-1,0,0,0,0
0064.txt,5360537193317741544,3,primary_longer,195,197,197,197,0,0,0,0
0064.txt,9035488352088337965,2,primary_longer,195,196,197,196,0,0,0,0
0064.txt,17983825614163153495,2,primary_longer,195,197,197,197,0,0,0,0
0064.txt,4444404465841217618,3,extract_failed,195,-1,-1,-1,0,0,0,0
0064.txt,3017460911664155034,2,primary_longer,195,199,197,197,0,0,0,0
0064.txt,4789546922258631098,2,primary_longer,195,196,196,196,0,0,0,0
0064.txt,14164537706089424656,2,primary_longer,195,198,199,198,0,0,0,0
0064.txt,10026316664398557889,2,primary_duplicate,195,195,195,195,1,0,0,0
0064.txt,12204144986464646834,2,primary_equal_different,195,195,196,195,1,0,0,0
0064.txt,3802253971984096019,2,primary_equal_different,195,195,195,195,1,0,0,0
0064.txt,11091491980012678365,2,primary_longer,195,196,196,196,0,0,0,0
0064.txt,10813496257716083401,2,primary_equal_different,195,195,195,195,1,0,0,0
0064.txt,13108993057481020743,4,primary_longer,195,199,199,199,0,0,0,1
0064.txt,10068735885667906100,3,primary_failed,195,-1,-1,-1,0,0,0,0
0064.txt,17109519420436861296,2,primary_longer,195,196,196,196,0,0,0,0
0064.txt,1164840312959770268,2,primary_longer,195,198,198,198,0,0,0,1
0064.txt,17086489096986158395,4,primary_longer,195,196,196,196,0,0,0,0
0064.txt,502844895959736154,2,primary_equal_different,195,195,195,195,1,0,0,0
0064.txt,15500397991390431151,4,primary_longer,195,197,-1,197,0,0,0,0
0064.txt,8469075866748302998,3,primary_longer,195,196,197,196,0,0,0,0
0064.txt,4069739725295912074,3,primary_longer,195,198,-1,198,0,0,0,0
0064.txt,1465072889430185584,2,primary_longer,195,197,197,197,0,0,0,0
0064.txt,17921587155707117570,2,primary_longer,195,196,196,196,0,0,0,0
0064.txt,5697844885303898502,2,primary_equal_different,195,195,195,195,1,0,0,0
0064.txt,2930191587973308922,3,primary_equal_different,195,195,195,195,1,0,0,0
0064.txt,3908929336760622277,4,extract_failed,195,-1,-1,-1,0,0,0,0
0064.txt,11140805919542231342,4,primary_failed,195,-1,-1,-1,0,0,0,0
0064.txt,3558905210241507470,3,primary_equal_different,195,195,-1,195,1,0,0,0
0064.txt,16326293819660341046,3,primary_longer,195,199,-1,199,0,0,0,0
0064.txt,6341867475598271482,4,primary_failed,195,-1,-1,-1,0,0,0,0
0064.txt,12418137676978834388,3,primary_longer,195,197,199,197,0,0,0,0
0064.txt,9546884581451262643,3,primary_longer,195,198,198,198,0,0,0,0
0064.txt,15938846702851188047,3,primary_longer,195,197,197,197,0,0,0,0
0064.txt,112751204155751691,3,primary_longer,195,198,197,197,0,0,0,0
0064.txt,13398464523621433274,4,primary_longer,195,196,196,196,0,0,0,0
0064.txt,4229384881815787496,3,primary_longer,195,197,196,196,0,0,0,0
0064.txt,8182269248506352905,2,primary_longer,195,198,198,198,0,0,0,0
0064.txt,1423046612361949867,3,primary_longer,195,197,196,196,0,0,0,0
0065.txt,9422581839194781190,2,primary_equal_different,122,122,122,122,1,0,0,0
0065.txt,8189640991969868240,3,primary_longer,122,126,125,125,0,0,0,0
0065.txt,2011783891805776182,2,primary_longer,122,123,123,123,0,0,0,0
0065.txt,16578811156255234702,3,primary_equal_different,122,122,122,122,1,0,0,0
0065.txt,11478181496119780695,3,primary_longer,122,125,122,122,0,0,0,0
0065.txt,9594536446944701033,2,primary_duplicate,122,122,122,122,1,0,0,0
0065.txt,5332403720375058153,3,primary_longer,122,123,123,123,0,0,0,1
0065.txt,2421384285425156536,4,primary_longer,122,123,125,123,0,0,0,0
0065.txt,10202197862520212226,3,primary_equal_different,122,122,122,122,1,0,0,0
0065.txt,16407529141871166282,3,primary_failed,122,-1,-1,-1,0,0,0,0
0065.txt,376335075752789551,2,primary_failed,122,-1,-1,-1,0,0,0,0
0065.txt,313124603110008195,2,primary_equal_different,122,122,-1,122,1,0,0,0
0065.txt,8579093955619182463,3,primary_failed,122,-1,-1,-1,0,0,0,0
0065.txt,463108046458846464,2,primary_longer,122,125,125,125,0,0,0,1
0065.txt,11452395389418305795,4,primary_failed,122,-1,-1,-1,0,0,0,0
0065.txt,3096809528596132483,2,primary_longer,122,124,122,122,0,0,0,0
0065.txt,3710686234205641104,3,primary_failed,122,-1,-1,-1,0,0,0,0
0065.txt,8457269261477433918,3,primary_longer,122,125,123,123,0,0,0,0
0065.txt,2858115828884301112,3,primary_failed,122,-1,-1,-1,0,0,0,0
0065.txt,14043012108040445987,3,primary_failed,122,-1,-1,-1,0,0,0,0
0065.txt,2647575719427693436,3,primary_longer,122,126,126,126,0,0,0,1
0065.txt,9803085757772512368,3,primary_failed,122,-1,-1,-1,0,0,0,0
0065.txt,11179944224310900257,2,primary_longer,122,124,124,124,0,0,0,0
0065.txt,12683933339310416344,2,primary_longer,122,126,126,126,0,0,0,1
0065.txt,4841219672399933683,3,primary_failed,122,-1,-1,-1,0,0,0,0
0065.txt,5124471063885794249,4,primary_failed,122,-1,-1,-1,0,0,0,0
0065.txt,13470179505382499174,3,primary_failed,122,-1,-1,-1,0,0,0,0
0065.txt,12907295203854518546,3,primary_longer,122,124,124,124,0,0,0,0
0065.txt,8240707590145378102,2,primary_longer,122,126,126,126,0,0,0,0
0065.txt,2509873629229673206,3,primary_failed,122,-1,-1,-1,0,0,0,0
0065.txt,11684046766972880178,4,primary_failed,122,-1,-1,-1,0,0,0,0
0065.txt,13915093013621193168,3,primary_failed,122,-1,-1,-1,0,0,0,0
0065.txt,4428313591291664066,2,primary_equal_different,122,122,122,122,1,0,0,1
0065.txt,7345348358657994221,4,primary_failed,122,-1,-1,-1,0,0,0,0
0065.txt,4269179989402733156,3,primary_equal_different,122,122,-1,122,1,0,0,0
0065.txt,10207178163776445536,3,primary_equal_different,122,122,122,122,1,0,0,1
0065.txt,7011121729724180718,3,primary_longer,122,124,124,124,0,0,0,0
0065.txt,5142248645986585635,4,primary_failed,122,-1,125,125,0,0,0,0
0065.txt,9376876563486773930,3,primary_longer,122,123,-1,123,0,0,0,0
0065.txt,10736302483075617179,4,primary_equal_different,122,122,122,122,1,0,0,0
0065.txt,1891991165967489495,2,primary_longer,122,124,124,124,0,0,0,0
0065.txt,13685367737727690803,2,primary_longer,122,125,125,125,0,0,0,1
0065.txt,16269652755577892704,3,primary_failed,122,-1,126,126,0,0,0,0
0065.txt,12621430126073054536,2,primary_longer,122,124,124,124,0,0,0,0
0065.txt,13245852868852543276,3,primary_failed,122,-1,-1,-1,0,0,0,0
0065.txt,18192165755769813555,3,primary_failed,122,-1,-1,-1,0,0,0,0
0065.txt,15895509490512002869,2,primary_equal_different,122,122,122,122,1,0,0,0
0065.txt,8455413173033914052,3,primary_longer,122,125,126,125,0,0,0,0
0065.txt,8387155671458531526,2,primary_duplicate,122,122,-1,122,1,0,0,0
0065.txt,13901213876489633733,2,primary_longer,122,124,124,124,0,0,0,1
0065.txt,16064879049335754350,3,primary_longer,122,126,-1,126,0,0,0,0
0065.txt,6180814970482643083,2,primary_longer,122,123,122,122,0,0,0,0
0065.txt,15346225287256054287,4,extract_failed,122,-1,-1,-1,0,0,0,0
0065.txt,3970185116891802049,3,primary_longer,122,126,126,126,0,0,0,0
0065.txt,3858725160357362699,3,primary_longer,122,124,124,124,0,0,0,0
0065.txt,18369543169400060373,3,extract_failed,122,-1,-1,-1,0,0,0,0
0065.txt,4698801743328998766,3,primary_failed,122,-1,-1,-1,0,0,0,0
0065.txt,11328905365492911953,3,extract_failed,122,-1,-1,-1,0,0,0,0
0065.txt,2670133870255849674,3,primary_failed,122,-1,-1,-1,0,0,0,0
0065.txt,15705789197662274910,2,primary_longer,122,123,123,123,0,0,0,0
0065.txt,438285654535231938,3,primary_failed,122,-1,-1,-1,0,0,0,0
0065.txt,8809212942070695387,2,primary_equal_different,122,122,122,122,1,0,0,0
0065.txt,13466959186108221354,2,primary_longer,122,125,124,124,0,0,0,0
0065.txt,4767784145522078334,3,primary_longer,122,124,124,124,0,0,0,1
0066.txt,5343363229098492660,3,primary_failed,415,-1,-1,-1,0,0,0,0
0066.txt,992754111708939403,4,primary_failed,415,-1,-1,-1,0,0,0,0
0066.txt,8386577004371729100,4,primary_failed,415,-1,-1,-1,0,0,0,0
0066.txt,9210624692171232879,2,primary_failed,415,-1,419,419,0,0,0,0
0066.txt,12144806821964146106,4,primary_failed,415,-1,-1,-1,0,0,0,0
0066.txt,4940476629512745646,3,primary_failed,415,-1,-1,-1,0,0,0,0
0066.txt,16866771818653668212,4,primary_longer,415,417,419,417,0,0,0,0
0066.txt,14208460809914621666,3,primary_failed,415,-1,-1,-1,0,0,0,0
0066.txt,11239442520066641881,2,extract_failed,415,-1,-1,-1,0,0,0,0
0066.txt,1773436144088687017,2,primary_equal_different,415,415,415,415,1,0,0,1
0066.txt,5256118039929299577,3,primary_failed,415,-1,-1,-1,0,0,0,0
0066.txt,4122344653971814686,3,extract_failed,415,-1,-1,-1,0,0,0,0
0066.txt,2609425415818963182,3,extract_failed,415,-1,-1,-1,0,0,0,0
0066.txt,3339222147911558259,2,primary_longer,415,418,419,418,0,0,0,0
0066.txt,16191587385471284788,2,extract_failed,415,-1,-1,-1,0,0,0,0
0066.txt,17066424023751641648,2,primary_equal_different,415,415,415,415,1,0,0,0
0066.txt,14711336648394986250,2,primary_equal_different,415,415,419,415,1,0,0,0
0066.txt,8308160684229263851,2,primary_longer,415,417,417,417,0,0,0,1
0066.txt,13955160424960194585,4,primary_failed,415,-1,-1,-1,0,0,0,0
0066.txt,16966980848921507663,4,primary_longer,415,417,418,417,0,0,0,0
0066.txt,13421955968197928884,2,extract_failed,415,-1,-1,-1,0,0,0,0
0066.txt,11840344319925950727,4,primary_failed,415,-1,-1,-1,0,0,0,0
0066.txt,2585445981794007553,3,primary_longer,415,419,-1,419,0,0,0,0
0066.txt,12717429940378183776,3,primary_longer,415,419,418,418,0,0,0,0
0066.txt,16569469937195477863,3,primary_equal_different,415,415,415,415,1,0,0,1
0066.txt,6671032594584112241,2,primary_equal_different,415,415,415,415,1,0,0,1
0066.txt,44497262960983557,2,extract_failed,415,-1,-1,-1,0,0,0,0
0066.txt,5665709204428443163,2,primary_longer,415,419,417,417,0,0,0,0
0066.txt,15310387282524977786,2,primary_longer,415,419,419,419,0,0,0,0
0066.txt,4365607616495859667,3,primary_failed,415,-1,418,418,0,0,0,0
0066.txt,7678342554269455820,4,primary_failed,415,-1,-1,-1,0,0,0,0
0066.txt,4976946920963516578,3,primary_longer,415,417,417,417,0,0,0,1
0066.txt,1190612529169275465,2,primary_longer,415,419,418,418,0,0,0,0
0066.txt,6782387373645399079,4,primary_failed,415,-1,-1,-1,0,0,0,0
0066.txt,14771895833258857196,2,primary_failed,415,-1,-1,-1,0,0,0,0
0066.txt,12414953304450094827,2,primary_longer,415,417,417,417,0,0,0,0
0066.txt,17962035337111943213,4,extract_failed,415,-1,-1,-1,0,0,0,0
0066.txt,7948255350215478433,4,primary_failed,415,-1,-1,-1,0,0,0,0
0066.txt,14078029490164693626,2,primary_failed,415,-1,-1,-1,0,0,0,0
0066.txt,14776065238808323537,4,extract_failed,415,-1,-1,-1,0,0,0,0
0066.txt,11604918472474713306,2,extract_failed,415,-1,-1,-1,0,0,0,0
0066.txt,1937329091662244111,3,extract_failed,415,-1,-1,-1,0,0,0,0
0066.txt,1647456768435805075,2,primary_failed,415,-1,-1,-1,0,0,0,0
0066.txt,12106860213266953837,3,primary_failed,415,-1,-1,-1,0,0,0,0
0066.txt,9958132882958266427,3,extract_failed,415,-1,-1,-1,0,0,0,0
0066.txt,16677916017834359327,2,extract_failed,415,-1,-1,-1,0,0,0,0
0066.txt,2401714200874965125,3,extract_failed,415,-1,-1,-1,0,0,0,0
0066.txt,7369421972930451926,4,extract_failed,415,-1,-1,-1,0,0,0,0
0066.txt,16472713510496260828,3,primary_failed,415,-1,-1,-1,0,0,0,0
0066.txt,1282668893112025789,3,primary_failed,415,-1,-1,-1,0,0,0,0
0066.txt,16530849552037170246,2,primary_longer,415,416,417,416,0,0,0,0
0066.txt,9673070746197421758,3,primary_failed,415,-1,-1,-1,0,0,0,0
0066.txt,10020394769365288517,2,extract_failed,415,-1,-1,-1,0,0,0,0
0066.txt,3731186837407210641,3,primary_failed,415,-1,-1,-1,0,0,0,0
0066.txt,8843980728403933727,3,extract_failed,415,-1,-1,-1,0,0,0,0
0066.txt,17372754375115268328,2,primary_longer,415,417,417,417,0,0,0,0
0066.txt,11567391341120053256,2,primary_equal_different,415,415,415,415,1,0,0,1
0066.txt,15408561538673479778,2,primary_longer,415,418,417,417,0,0,0,0
0066.txt,8215266813737727919,3,primary_failed,415,-1,-1,-1,0,0,0,0
0066.txt,6884756955129796527,2,extract_failed,415,-1,-1,-1,0,0,0,0
0066.txt,4609902270961893013,2,primary_longer,415,417,417,417,0,0,0,1
0066.txt,8626917002995046892,2,primary_equal_different,415,415,415,415,1,0,0,0
0066.txt,11276825344374533862,3,extract_failed,415,-1,-1,-1,0,0,0,0
0066.txt,6097400184001285530,4,primary_failed,415,-1,-1,-1,0,0,0,0
0067.txt,12611429149373863314,4,primary_equal_different,198,198,200,198,1,0,0,0
0067.txt,15961106496152368752,2,primary_equal_different,198,198,199,198,1,0,0,0
0067.txt,16108328617863859563,3,primary_failed,198,-1,-1,-1,0,0,0,0
0067.txt,8465180430042562360,4,primary_failed,198,-1,-1,-1,0,0,0,0
0067.txt,314891816632144170,2,primary_equal_different,198,198,198,198,1,0,0,1
0067.txt,11792512682852264030,4,primary_failed,198,-1,-1,-1,0,0,0,0
0067.txt,7120781098063597352,3,primary_equal_different,198,198,-1,198,1,0,0,0
0067.txt,329473393651995822,4,primary_longer,198,201,-1,201,0,0,0,0
0067.txt,6603933130202936266,2,primary_equal_different,198,198,200,198,1,0,0,0
0067.txt,4484991026618032128,3,primary_equal_different,198,198,199,198,1,0,0,0
0067.txt,5802150544899971447,4,primary_failed,198,-1,-1,-1,0,0,0,0
0067.txt,16961458054642116410,3,primary_equal_different,198,198,198,198,1,0,0,1
0067.txt,6875632883947834175,4,primary_longer,198,201,-1,201,0,0,0,0
0067.txt,14046752871830337913,3,primary_longer,198,200,199,199,0,0,0,0
0067.txt,7997234081721823004,2,primary_longer,198,199,201,199,0,0,0,0
0067.txt,13039810681859395429,4,primary_failed,198,-1,-1,-1,0,0,0,0
0067.txt,16257294820636062927,4,primary_failed,198,-1,-1,-1,0,0,0,0
0067.txt,1667698817432427611,3,primary_longer,198,200,202,200,0,0,0,0
0067.txt,17761328655400160347,4,extract_failed,198,-1,-1,-1,0,0,0,0
0067.txt,4402458594104053902,3,primary_longer,198,200,200,200,0,0,0,0
0067.txt,12726741833969294078,3,primary_longer,198,201,201,201,0,0,0,1
0067.txt,16163959080818259725,2,primary_equal_different,198,198,198,198,1,0,0,1
0067.txt,11082476292576404918,2,primary_equal_different,198,198,198,198,1,0,0,0
0067.txt,13840389984851477027,4,primary_failed,198,-1,-1,-1,0,0,0,0
0067.txt,11178243791781682121,3,primary_longer,198,200,201,200,0,0,0,0
0067.txt,13053231898129939757,4,primary_failed,198,-1,-1,-1,0,0,0,0
0067.txt,14677610568848749823,2,primary_longer,198,200,200,200,0,0,0,1
0067.txt,12140509203043580830,4,primary_failed,198,-1,-1,-1,0,0,0,0
0067.txt,10973798885145634291,3,primary_longer,198,200,200,200,0,0,0,0
0067.txt,13525735167192063890,4,primary_longer,198,201,201,201,0,0,0,1
0067.txt,14021801801663310964,2,primary_equal_different,198,198,198,198,1,0,0,0
0067.txt,15502250908193992754,4,primary_failed,198,-1,-1,-1,0,0,0,0
0067.txt,16523762144369686565,4,primary_longer,198,200,200,200,0,0,0,0
0067.txt,16071529904851672218,2,primary_longer,198,199,198,198,0,0,0,0
0067.txt,2884587626791258289,2,primary_longer,198,201,201,201,0,0,0,0
0067.txt,8423036090342163394,3,primary_equal_different,198,198,199,198,1,0,0,0
0067.txt,3936398552901415373,3,primary_failed,198,-1,-1,-1,0,0,0,0
0067.txt,16233598953921014761,3,primary_longer,198,200,200,200,0,0,0,0
0067.txt,16603401907319547183,3,primary_longer,198,200,200,200,0,0,0,0
0067.txt,13291828796859536791,3,primary_failed,198,-1,-1,-1,0,0,0,0
0067.txt,11240305435386363159,3,primary_longer,198,200,199,199,0,0,0,0
0067.txt,4516948601275451196,3,primary_failed,198,-1,-1,-1,0,0,0,0
0067.txt,2690783636397334799,3,primary_longer,198,201,202,201,0,0,0,0
0067.txt,13393418327830286046,3,primary_longer,198,201,200,200,0,0,0,0
0067.txt,6738904319173318407,3,primary_longer,198,202,200,200,0,0,0,0
0067.txt,7998470850689894318,2,primary_equal_different,198,198,198,198,1,0,0,0
0067.txt,5579563826362528140,3,primary_equal_different,198,198,198,198,1,0,0,0
0067.txt,5727240403479059540,2,primary_longer,198,201,200,200,0,0,0,0
0067.txt,1106405206188006165,4,primary_longer,198,200,198,198,0,0,0,0
0067.txt,6877863045909781724,2,extract_failed,198,-1,-1,-1,0,0,0,0
0067.txt,13625866377562352448,4,primary_longer,198,201,201,201,0,0,0,1
0067.txt,7778039103415993411,3,primary_equal_different,198,198,198,198,1,0,0,0
0067.txt,4308352227794327122,3,primary_equal_different,198,198,198,198,1,0,0,0
0067.txt,1042042669639863397,2,primary_equal_different,198,198,199,198,1,0,0,0
0067.txt,16434972953964868890,2,primary_longer,198,200,199,199,0,0,0,0
0067.txt,13654040636625952897,4,extract_failed,198,-1,-1,-1,0,0,0,0
0067.txt,13411791451723555119,2,primary_equal_different,198,198,200,198,1,0,0,0
0067.txt,13501046822807303654,3,primary_longer,198,200,200,200,0,0,0,1
0067.txt,14313934659195862419,4,primary_failed,198,-1,-1,-1,0,0,0,0
0067.txt,9688733771424837410,2,primary_failed,198,-1,-1,-1,0,0,0,0
0067.txt,3551002480083751683,2,primary_equal_different,198,198,198,198,1,0,0,0
0067.txt,11958284945043507209,2,primary_equal_different,198,198,198,198,1,0,0,1
0067.txt,8054522659331334988,2,primary_longer,198,200,200,200,0,0,0,0
0067.txt,364474133297599125,3,extract_failed,198,-1,-1,-1,0,0,0,0
0068.txt,16759654354332566902,4,extract_failed,420,-1,-1,-1,0,0,0,0
0068.txt,13795529578214313985,4,primary_failed,420,-1,-1,-1,0,0,0,0
0068.txt,18046599729441670089,3,extract_failed,420,-1,-1,-1,0,0,0,0
0068.txt,2291199345181626250,3,extract_failed,420,-1,-1,-1,0,0,0,0
0068.txt,2387196724216939769,4,primary_failed,420,-1,-1,-1,0,0,0,0
0068.txt,11693950636481264400,4,primary_failed,420,-1,-1,-1,0,0,0,0
0068.txt,5522619670299619697,2,extract_failed,420,-1,-1,-1,0,0,0,0
0068.txt,10873354633493082212,3,primary_failed,420,-1,-1,-1,0,0,0,0
0068.txt,4861065822932266353,2,primary_longer,420,422,420,420,0,0,0,0
0068.txt,1467900992060450881,2,extract_failed,420,-1,-1,-1,0,0,0,0
0068.txt,14520915243399667646,3,extract_failed,420,-1,-1,-1,0,0,0,0
0068.txt,15059020226360439141,4,primary_longer,420,422,422,422,0,0,0,1
0068.txt,16016602216591375567,3,primary_equal_different,420,420,420,420,1,0,0,0
0068.txt,104526003270789842,2,extract_failed,420,-1,-1,-1,0,0,0,0
0068.txt,15931975732758533597,2,primary_equal_different,420,420,420,420,1,0,0,0
0068.txt,13045453498043703032,4,primary_failed,420,-1,-1,-1,0,0,0,0
0068.txt,4953808616232593582,4,primary_equal_different,420,420,423,420,1,0,0,0
0068.txt,17625045055046513038,3,extract_failed,420,-1,-1,-1,0,0,0,0
0068.txt,17743003393518508807,2,primary_equal_different,420,420,420,420,1,0,0,1
0068.txt,15747917792429165135,3,extract_failed,420,-1,-1,-1,0,0,0,0
0068.txt,4182991193969642108,3,primary_longer,420,422,422,422,0,0,0,1
0068.txt,15935990503494985923,4,primary_longer,420,424,424,424,0,0,0,1
0068.txt,5669158331738508607,3,primary_longer,420,422,421,421,0,0,0,0
0068.txt,17206665282689699884,4,primary_equal_different,420,420,421,420,1,0,0,0
0068.txt,6717539206226627698,2,primary_longer,420,422,422,422,0,0,0,0
0068.txt,7077409359054216015,3,primary_longer,420,422,422,422,0,0,0,0
0068.txt,11801501679664454036,3,extract_failed,420,-1,-1,-1,0,0,0,0
0068.txt,4784597224696582199,4,primary_failed,420,-1,421,421,0,0,0,0
0068.txt,2383949514743831133,3,primary_equal_different,420,420,421,420,1,0,0,0
0068.txt,12756852227496540756,4,primary_failed,420,-1,-1,-1,0,0,0,0
0068.txt,13150750821671610741,3,primary_longer,420,423,423,423,0,0,0,0
0068.txt,1768021015916327610,3,primary_longer,420,421,423,421,0,0,0,0
0068.txt,9777724887211597124,3,primary_longer,420,421,424,421,0,0,0,0
0068.txt,6912384324791408695,2,primary_equal_different,420,420,420,420,1,0,0,0
0068.txt,8288237306903930840,3,primary_longer,420,422,424,422,0,0,0,0
0068.txt,16886160987970867906,2,primary_longer,420,422,420,420,0,0,0,0
0068.txt,15847486581933234951,4,primary_longer,420,424,424,424,0,0,0,1
0068.txt,7583837933851809921,2,primary_equal_different,420,420,420,420,1,0,0,0
0068.txt,1833818514101203076,2,primary_longer,420,422,421,421,0,0,0,0
0068.txt,13052148519427369175,2,primary_longer,420,422,422,422,0,0,0,0
0068.txt,12743874139690251633,2,primary_longer,420,423,422,422,0,0,0,0
0068.txt,17557347972267117459,2,primary_longer,420,422,422,422,0,0,0,1
0068.txt,13875972104834193197,2,primary_equal_different,420,420,420,420,1,0,0,0
0068.txt,8931361216687275819,3,primary_failed,420,-1,-1,-1,0,0,0,0
0068.txt,17440296344120537968,2,primary_failed,420,-1,-1,-1,0,0,0,0
0068.txt,13951610642934719613,3,primary_equal_different,420,420,420,420,1,0,0,0
0068.txt,197662438642796897,2,primary_longer,420,424,421,421,0,0,0,0
0068.txt,3864058092347631659,3,primary_longer,420,422,423,422,0,0,0,0
0068.txt,17164056478460460849,4,primary_failed,420,-1,-1,-1,0,0,0,0
0068.txt,9950980547835810203,3,primary_longer,420,422,422,422,0,0,0,1
0068.txt,6156633152943918974,2,primary_longer,420,424,424,424,0,0,0,1
0068.txt,11936648395503679469,4,primary_failed,420,-1,-1,-1,0,0,0,0
0068.txt,1651384347115502443,3,primary_longer,420,422,422,422,0,0,0,0
0068.txt,8536000004070424022,3,primary_longer,420,421,421,421,0,0,0,1
0068.txt,10151058336091955622,2,primary_longer,420,422,423,422,0,0,0,0
0068.txt,2749452890990578948,2,primary_equal_different,420,420,421,420,1,0,0,0
0068.txt,5088257172417864549,3,primary_equal_different,420,420,421,420,1,0,0,0
0068.txt,10270120124831668065,3,primary_equal_different,420,420,420,420,1,0,0,1
0068.txt,15835075052329098472,3,primary_failed,420,-1,-1,-1,0,0,0,0
0068.txt,17260983371707112178,3,primary_longer,420,424,424,424,0,0,0,0
0068.txt,16997009802222163334,3,primary_longer,420,422,423,422,0,0,0,0
0068.txt,17460595434474507569,3,primary_longer,420,421,421,421,0,0,0,0
0068.txt,16294498500466537794,2,primary_equal_different,420,420,421,420,1,0,0,0
0068.txt,13259510350298516214,2,primary_longer,420,423,421,421,0,0,0,0
0069.txt,17945304659950318143,4,primary_failed,133,-1,-1,-1,0,0,0,0
0069.txt,3651067112670667555,3,primary_failed,133,-1,-1,-1,0,0,0,0
0069.txt,102944182048038388,4,primary_equal_different,133,133,133,133,1,0,0,0
0069.txt,11247235918040569856,4,primary_longer,133,137,137,137,0,0,0,1
0069.txt,11485865317420814433,3,primary_equal_different,133,133,133,133,1,0,0,0
0069.txt,6301226080804965427,2,primary_longer,133,136,136,136,0,0,0,1
0069.txt,14901403828800446476,4,primary_longer,133,136,136,136,0,0,0,1
0069.txt,13278458667077471574,4,primary_failed,133,-1,-1,-1,0,0,0,0
0069.txt,3448656390035464612,3,primary_failed,133,-1,-1,-1,0,0,0,0
0069.txt,764354397179229547,4,primary_longer,133,137,-1,137,0,0,0,0
0069.txt,8896645652700360776,3,primary_failed,133,-1,-1,-1,0,0,0,0
0069.txt,977868902142817031,3,primary_longer,133,137,136,136,0,0,0,0
0069.txt,13139363994757519753,2,primary_longer,133,136,136,136,0,0,0,1
0069.txt,12615991156112038753,3,primary_failed,133,-1,-1,-1,0,0,0,0
0069.txt,9285139766244498211,4,primary_failed,133,-1,-1,-1,0,0,0,0
0069.txt,5343540293692016078,3,primary_longer,133,137,137,137,0,0,0,1
0069.txt,12518674168861055753,4,primary_longer,133,136,137,136,0,0,0,0
0069.txt,16516070351324360498,3,primary_longer,133,135,135,135,0,0,0,0
0069.txt,17286247094181950193,2,primary_equal_different,133,133,133,133,1,0,0,0
0069.txt,4054922665546882670,3,primary_longer,133,137,-1,137,0,0,0,0
0069.txt,17820170600440907081,4,primary_failed,133,-1,-1,-1,0,0,0,0
0069.txt,10235267958949073121,2,primary_failed,133,-1,137,137,0,0,0,0
0069.txt,6363287724409646465,2,primary_longer,133,134,134,134,0,0,0,1
0069.txt,7832163704118514962,4,primary_failed,133,-1,-1,-1,0,0,0,0
0069.txt,1703862206779955519,2,primary_failed,133,-1,-1,-1,0,0,0,0
0069.txt,7595862752069445436,3,primary_failed,133,-1,-1,-1,0,0,0,0
0069.txt,11719357399783685136,3,primary_longer,133,136,134,134,0,0,0,0
0069.txt,9444917871387154498,3,primary_longer,133,136,-1,136,0,0,0,0
0069.txt,5590656542641904835,4,primary_failed,133,-1,-1,-1,0,0,0,0
0069.txt,8207687835013148328,2,primary_equal_different,133,133,133,133,1,0,0,1
0069.txt,9235689648975318528,2,primary_longer,133,135,135,135,0,0,0,1
0069.txt,11639591304749851824,3,primary_failed,133,-1,-1,-1,0,0,0,0
0069.txt,17859525512102436532,2,primary_longer,133,135,135,135,0,0,0,1
0069.txt,4567399550158222488,4,primary_equal_different,133,133,133,133,1,0,0,1
0069.txt,5027109773737498784,3,primary_equal_different,133,133,133,133,1,0,0,1
0069.txt,13104046581549089343,2,primary_failed,133,-1,-1,-1,0,0,0,0
0069.txt,7654065771028891245,3,primary_failed,133,-1,-1,-1,0,0,0,0
0069.txt,16851560345382681787,3,primary_failed,133,-1,-1,-1,0,0,0,0
0069.txt,14044657040321166973,2,primary_equal_different,133,133,133,133,1,0,0,1
0069.txt,6008071167548093026,3,primary_longer,133,137,-1,137,0,0,0,0
0069.txt,15013256176165534113,3,primary_longer,133,135,135,135,0,0,0,1
0069.txt,164358746408113831,3,primary_longer,133,137,137,137,0,0,0,0
0069.txt,15277408882832320831,3,primary_failed,133,-1,-1,-1,0,0,0,0
0069.txt,9509354809900838103,2,primary_longer,133,136,136,136,0,0,0,1
0069.txt,3398278874034619113,2,primary_longer,133,134,135,134,0,0,0,0
0069.txt,12561401385763248251,2,extract_failed,133,-1,-1,-1,0,0,0,0
0069.txt,8632131638622896716,2,primary_equal_different,133,133,133,133,1,0,0,0
0069.txt,2402766370650614026,2,primary_longer,133,137,136,136,0,0,0,0
0069.txt,10881869048074157712,3,extract_failed,133,-1,-1,-1,0,0,0,0
0069.txt,5967807380557203088,3,primary_failed,133,-1,-1,-1,0,0,0,0
0069.txt,5333234866455986956,3,primary_failed,133,-1,-1,-1,0,0,0,0
0069.txt,3301690656782955742,4,primary_failed,133,-1,-1,-1,0,0,0,0
0069.txt,16042488016379220954,2,primary_failed,133,-1,-1,-1,0,0,0,0
0069.txt,17459262591039999358,2,primary_longer,133,137,137,137,0,0,0,0
0069.txt,6787201083465330192,2,primary_failed,133,-1,137,137,0,0,0,0
0069.txt,18034043467701295789,2,primary_longer,133,137,136,136,0,0,0,0
0069.txt,8190525358624649935,3,primary_failed,133,-1,-1,-1,0,0,0,0
0069.txt,14253177015019620521,3,primary_failed,133,-1,-1,-1,0,0,0,0
0069.txt,6396925864025911896,2,primary_longer,133,136,136,136,0,0,0,1
0069.txt,16615235989745642632,2,primary_equal_different,133,133,133,133,1,0,0,0
0069.txt,7126236147199779621,3,primary_equal_different,133,133,133,133,1,0,0,0
0069.txt,14827594012197588092,2,primary_longer,133,137,137,137,0,0,0,1
0069.txt,3065822676758777462,2,primary_equal_different,133,133,133,133,1,0,0,0
0069.txt,12899051309472055100,3,primary_failed,133,-1,137,137,0,0,0,0
0070.txt,5047998929592688665,4,primary_failed,424,-1,-1,-1,0,0,0,0
0070.txt,6499654449701934906,4,primary_failed,424,-1,-1,-1,0,0,0,0
0070.txt,9783293444940163982,3,primary_failed,424,-1,-1,-1,0,0,0,0
0070.txt,13433460851516865490,4,primary_failed,424,-1,-1,-1,0,0,0,0
0070.txt,16910232479253147707,3,primary_failed,424,-1,-1,-1,0,0,0,0
0070.txt,14965548735002910858,4,primary_longer,424,428,428,428,0,0,0,0
0070.txt,11616655592779203320,4,primary_longer,424,427,425,425,0,0,0,0
0070.txt,8060267739513249473,2,primary_longer,424,428,426,426,0,0,0,0
0070.txt,12074285338405850694,3,primary_equal_different,424,424,427,424,1,0,0,0
0070.txt,11378289432754360954,2,primary_longer,424,425,424,424,0,0,0,0
0070.txt,12427945923554733889,2,primary_equal_different,424,424,424,424,1,0,0,1
0070.txt,8163277750789759425,3,primary_failed,424,-1,-1,-1,0,0,0,0
0070.txt,6052890631464857384,2,primary_longer,424,425,425,425,0,0,0,1
0070.txt,4071444360464160844,3,primary_failed,424,-1,-1,-1,0,0,0,0
0070.txt,6343679635446589190,4,primary_failed,424,-1,-1,-1,0,0,0,0
0070.txt,14106876369772625468,3,primary_failed,424,-1,-1,-1,0,0,0,0
0070.txt,500434153789532390,3,primary_equal_different,424,424,424,424,1,0,0,1
0070.txt,9115013783871670301,2,primary_equal_different,424,424,424,424,1,0,0,0
0070.txt,1808280753702977344,3,primary_failed,424,-1,-1,-1,0,0,0,0
0070.txt,16471748087977833056,4,primary_failed,424,-1,-1,-1,0,0,0,0
0070.txt,9613993641667112654,4,primary_failed,424,-1,-1,-1,0,0,0,0
0070.txt,12980901560976770,2,primary_longer,424,426,426,426,0,0,0,1
0070.txt,11952256916067102306,3,primary_longer,424,426,426,426,0,0,0,1
0070.txt,1189267756275242830,3,primary_longer,424,427,427,427,0,0,0,0
0070.txt,12395987057530633437,2,primary_failed,424,-1,-1,-1,0,0,0,0
0070.txt,1430561913645727678,3,primary_longer,424,425,425,425,0,0,0,0
0070.txt,10775703436588684573,2,primary_longer,424,426,426,426,0,0,0,1
0070.txt,10839185446483466879,4,primary_failed,424,-1,-1,-1,0,0,0,0
0070.txt,5089223803377849663,3,primary_failed,424,-1,-1,-1,0,0,0,0
0070.txt,3051275866131775352,2,primary_longer,424,425,425,425,0,0,0,0
0070.txt,14686444502977864917,4,primary_failed,424,-1,-1,-1,0,0,0,0
0070.txt,10746842689233869379,4,primary_failed,424,-1,426,426,0,0,0,0
0070.txt,3803827969879284434,4,primary_failed,424,-1,-1,-1,0,0,0,0
0070.txt,8732250858136302465,2,primary_failed,424,-1,-1,-1,0,0,0,0
0070.txt,13619682792157353924,2,primary_longer,424,425,425,425,0,0,0,0
0070.txt,9933091354105166943,2,primary_longer,424,426,426,426,0,0,0,0
0070.txt,8807724557320090237,4,primary_failed,424,-1,-1,-1,0,0,0,0
0070.txt,121745164020327669,4,primary_failed,424,-1,-1,-1,0,0,0,0
0070.txt,16671865619563168914,4,primary_failed,424,-1,-1,-1,0,0,0,0
0070.txt,7535340276309867736,4,primary_failed,424,-1,-1,-1,0,0,0,0
0070.txt,6910317827494423378,4,primary_failed,424,-1,-1,-1,0,0,0,0
0070.txt,5606178210654850101,4,extract_failed,424,-1,-1,-1,0,0,0,0
0070.txt,7380254601130403785,4,primary_longer,424,427,427,427,0,0,0,1
0070.txt,8443360431493265085,3,primary_failed,424,-1,-1,-1,0,0,0,0
0070.txt,13050032085927883862,3,primary_failed,424,-1,-1,-1,0,0,0,0
0070.txt,6333956925299800060,3,primary_failed,424,-1,-1,-1,0,0,0,0
0070.txt,3070242113051236742,2,primary_failed,424,-1,-1,-1,0,0,0,0
0070.txt,9606527333427007450,4,primary_failed,424,-1,-1,-1,0,0,0,0
0070.txt,858960250561304779,3,primary_failed,424,-1,-1,-1,0,0,0,0
0070.txt,16736000729770674750,2,primary_equal_different,424,424,424,424,1,0,0,0
0070.txt,2287834650737467389,2,primary_equal_different,424,424,425,424,1,0,0,0
0070.txt,2118949874933283357,4,primary_failed,424,-1,-1,-1,0,0,0,0
0070.txt,654750416862667806,3,primary_failed,424,-1,-1,-1,0,0,0,0
0070.txt,17187346449623451223,3,primary_longer,424,425,425,425,0,0,0,0
0070.txt,9660668620583921773,3,primary_longer,424,425,425,425,0,0,0,0
0070.txt,16055480635483860016,2,primary_failed,424,-1,-1,-1,0,0,0,0
0070.txt,2711165784078237712,4,primary_failed,424,-1,-1,-1,0,0,0,0
0070.txt,17436559958060878999,3,primary_longer,424,427,428,427,0,0,0,0
0070.txt,12414953304450094827,2,primary_longer,424,427,425,425,0,0,0,0
0070.txt,8824061649618854315,2,primary_equal_different,424,424,424,424,1,0,0,1
0070.txt,1835145092982071176,2,primary_equal_different,424,424,426,424,1,0,0,0
0070.txt,13712851788650497776,3,primary_failed,424,-1,428,428,0,0,0,0
0070.txt,2524539193047592785,3,primary_failed,424,-1,-1,-1,0,0,0,0
0070.txt,13372242655162602276,3,primary_longer,424,428,428,428,0,0,0,0
0071.txt,4780621044735154437,2,primary_equal_different,408,408,409,408,1,0,0,0
0071.txt,15156212255347776995,3,primary_longer,408,410,412,410,0,0,0,0
0071.txt,13634261132941691228,3,primary_failed,408,-1,412,412,0,0,0,0
0071.txt,2700982635083952320,4,primary_longer,408,412,412,412,0,0,0,0
0071.txt,11360139322932215027,4,primary_failed,408,-1,-1,-1,0,0,0,0
0071.txt,8957926595073740026,4,primary_failed,408,-1,-1,-1,0,0,0,0
0071.txt,10613860039092618752,3,primary_longer,408,409,410,409,0,0,0,0
0071.txt,13936930630658068902,4,primary_longer,408,409,409,409,0,0,0,1
0071.txt,16738342317168010887,4,primary_failed,408,-1,-1,-1,0,0,0,0
0071.txt,11657387399598658059,3,primary_failed,408,-1,-1,-1,0,0,0,0
0071.txt,7273219812272803560,4,primary_longer,408,409,409,409,0,0,0,1
0071.txt,15160531354355376136,3,primary_failed,408,-1,-1,-1,0,0,0,0
0071.txt,10979250026013646887,4,primary_failed,408,-1,-1,-1,0,0,0,0
0071.txt,14686513953412653214,3,primary_longer,408,410,410,410,0,0,0,1
0071.txt,4006289684343692574,3,primary_longer,408,409,408,408,0,0,0,0
0071.txt,164643618501980018,2,primary_longer,408,410,409,409,0,0,0,0
0071.txt,1190612529169275465,2,primary_longer,408,409,409,409,0,0,0,0
0071.txt,5528999300356732855,4,primary_equal_different,408,408,408,408,1,0,0,1
0071.txt,2143508347640572609,2,primary_equal_different,408,408,409,408,1,0,0,0
0071.txt,13079865699001778129,2,primary_longer,408,409,412,409,0,0,0,0
0071.txt,14743207574489115706,2,primary_longer,408,411,411,411,0,0,0,1
0071.txt,14227606550212283183,4,primary_longer,408,410,410,410,0,0,0,1
0071.txt,5282327894209039670,2,primary_longer,408,410,411,410,0,0,0,0
0071.txt,7613529922730539338,3,primary_failed,408,-1,408,408,0,0,0,0
0071.txt,11653457052420690621,2,primary_longer,408,410,410,410,0,0,0,1
0071.txt,5000443180174050087,2,primary_longer,408,409,409,409,0,0,0,0
0071.txt,10868133547546684975,2,primary_longer,408,409,410,409,0,0,0,0
0071.txt,1454538579172413237,3,primary_longer,408,410,410,410,0,0,0,0
0071.txt,18089968774753803802,4,extract_failed,408,-1,-1,-1,0,0,0,0
0071.txt,6134330665825689020,4,primary_failed,408,-1,-1,-1,0,0,0,0
0071.txt,4867288041447725756,3,extract_failed,408,-1,-1,-1,0,0,0,0
0071.txt,16810648056556765333,3,primary_longer,408,412,412,412,0,0,0,1
0071.txt,16531413349594716026,3,primary_longer,408,412,412,412,0,0,0,0
0071.txt,294725411069988467,3,primary_longer,408,409,410,409,0,0,0,0
0071.txt,1678625051936205221,3,primary_longer,408,411,411,411,0,0,0,0
0071.txt,18104236724485475839,2,primary_longer,408,409,409,409,0,0,0,0
0071.txt,1538801508250050479,2,primary_longer,408,409,408,408,0,0,0,0
0071.txt,12786669682176958805,4,primary_failed,408,-1,-1,-1,0,0,0,0
0071.txt,2983027572712499059,2,primary_longer,408,412,-1,412,0,0,0,0
0071.txt,2213734457943896716,3,primary_longer,408,412,411,411,0,0,0,0
0071.txt,14139233296728454924,4,extract_failed,408,-1,-1,-1,0,0,0,0
0071.txt,7313973824734713969,2,primary_equal_different,408,408,408,408,1,0,0,1
0071.txt,13713767218308394475,3,primary_longer,408,411,408,408,0,0,0,0
0071.txt,3708917293809747912,3,primary_longer,408,410,410,410,0,0,0,1
0071.txt,17613966749449504775,4,primary_longer,408,409,409,409,0,0,0,0
0071.txt,15129307596073753083,3,primary_equal_different,408,408,408,408,1,0,0,0
0071.txt,13170945510729917006,3,primary_equal_different,408,408,408,408,1,0,0,0
0071.txt,17619764180565921166,2,primary_failed,408,-1,-1,-1,0,0,0,0
0071.txt,11049879370923515588,3,primary_failed,408,-1,-1,-1,0,0,0,0
0071.txt,15746999195241891148,3,primary_longer,408,411,411,411,0,0,0,1
0071.txt,11444681637730117381,2,primary_equal_different,408,408,409,408,1,0,0,0
0071.txt,4646080038078104433,3,primary_longer,408,409,409,409,0,0,0,0
0071.txt,15377730592492595018,3,primary_failed,408,-1,-1,-1,0,0,0,0
0071.txt,8698942920271760643,3,primary_longer,408,411,411,411,0,0,0,1
0071.txt,1420069671519893114,2,primary_failed,408,-1,-1,-1,0,0,0,0
0071.txt,11933396803090776447,2,primary_equal_different,408,408,410,408,1,0,0,0
0071.txt,11102923546901615983,3,primary_equal_different,408,408,408,408,1,0,0,0
0071.txt,5335373850377447261,2,primary_equal_different,408,408,410,408,1,0,0,0
0071.txt,1018954259674566678,3,primary_longer,408,409,409,409,0,0,0,0
0071.txt,13914907714770181754,4,primary_equal_different,408,408,408,408,1,0,0,0
0071.txt,7607754061617795252,2,primary_equal_different,408,408,409,408,1,0,0,0
0071.txt,15456609748798995117,3,primary_longer,408,410,410,410,0,0,0,1
0071.txt,18172012410736230601,3,extract_failed,408,-1,-1,-1,0,0,0,0
0071.txt,15171020879738093633,4,primary_equal_different,408,408,408,408,1,0,0,0
0072.txt,17134033023491997658,3,primary_equal_different,88,88,90,88,1,0,0,0
0072.txt,5589608677392238772,4,primary_longer,88,91,-1,91,0,0,0,0
0072.txt,6669919244752353619,4,primary_failed,88,-1,-1,-1,0,0,0,0
0072.txt,7603688255028045746,2,primary_equal_different,88,88,-1,88,1,0,0,0
0072.txt,4747492993278956082,3,primary_longer,88,90,89,89,0,0,0,0
0072.txt,9920944690352756764,4,primary_longer,88,91,91,91,0,0,0,1
0072.txt,12450726836159626306,4,primary_failed,88,-1,-1,-1,0,0,0,0
0072.txt,4729341367097469926,2,primary_equal_different,88,88,88,88,1,0,0,0
0072.txt,10866781956950142066,3,primary_longer,88,89,89,89,0,0,0,0
0072.txt,15980249557923185029,2,primary_equal_different,88,88,88,88,1,0,0,1
0072.txt,2717234036285781538,3,primary_longer,88,92,-1,92,0,0,0,0
0072.txt,12192725560325587199,3,primary_longer,88,92,92,92,0,0,0,0
0072.txt,2465181643958004838,2,primary_longer,88,90,88,88,0,0,0,0
0072.txt,12993364911042846136,3,primary_longer,88,91,89,89,0,0,0,0
0072.txt,4669666256490373415,2,primary_longer,88,90,91,90,0,0,0,0
0072.txt,14078029490164693626,2,primary_equal_different,88,88,88,88,1,0,0,0
0072.txt,17218970814949419331,2,primary_failed,88,-1,92,92,0,0,0,0
0072.txt,2221442445761710962,2,primary_longer,88,91,89,89,0,0,0,0
0072.txt,5446647594774386179,4,primary_longer,88,91,91,91,0,0,0,1
0072.txt,14414463554100313787,2,primary_equal_different,88,88,88,88,1,0,0,1
0072.txt,13028796082585829666,3,primary_longer,88,91,89,89,0,0,0,0
0072.txt,13391035105471147380,3,primary_longer,88,91,90,90,0,0,0,0
0072.txt,5763420981749379759,3,primary_longer,88,90,89,89,0,0,0,0
0072.txt,3994894424721413447,3,primary_longer,88,89,89,89,0,0,0,1
0072.txt,7781564757811234961,2,primary_equal_different,88,88,88,88,1,0,0,1
0072.txt,17456681102494445388,3,primary_failed,88,-1,-1,-1,0,0,0,0
0072.txt,46890235616404247,3,primary_longer,88,92,92,92,0,0,0,0
0072.txt,5586537402347820601,2,primary_equal_different,88,88,88,88,1,0,0,0
0072.txt,16106228933576066971,2,primary_longer,88,89,89,89,0,0,0,1
0072.txt,3663350495753961321,3,primary_longer,88,91,91,91,0,0,0,1
0072.txt,15883293930046139795,3,primary_longer,88,90,90,90,0,0,0,0
0072.txt,5607536552562156744,2,primary_equal_different,88,88,88,88,1,0,0,0
0072.txt,17734164520933590247,2,primary_longer,88,89,89,89,0,0,0,1
0072.txt,7529213954839497241,4,primary_longer,88,90,90,90,0,0,0,1
0072.txt,6155078822458339096,3,primary_longer,88,91,91,91,0,0,0,1
0072.txt,14561776949117888686,4,primary_longer,88,91,91,91,0,0,0,0
0072.txt,9452663707580477150,3,primary_longer,88,89,89,89,0,0,0,0
0072.txt,4125429727042338340,2,primary_longer,88,90,91,90,0,0,0,0
0072.txt,8396436113676130856,2,primary_equal_different,88,88,88,88,1,0,0,1
0072.txt,8063107080502160977,4,primary_failed,88,-1,-1,-1,0,0,0,0
0072.txt,4096802765883520670,4,primary_failed,88,-1,-1,-1,0,0,0,0
0072.txt,2047549314304723525,3,primary_longer,88,92,92,92,0,0,0,1
0072.txt,2771136414799524265,3,primary_longer,88,92,92,92,0,0,0,0
0072.txt,3363486557298348023,4,primary_longer,88,91,91,91,0,0,0,0
0072.txt,8759272437079422972,4,primary_failed,88,-1,-1,-1,0,0,0,0
0072.txt,6216641919050253528,3,primary_longer,88,91,91,91,0,0,0,0
0072.txt,2345778616007629135,3,primary_longer,88,92,92,92,0,0,0,0
0072.txt,1259840264741096226,3,primary_longer,88,91,91,91,0,0,0,0
0072.txt,4182612224025264772,3,primary_longer,88,90,90,90,0,0,0,0
0072.txt,8298880242011664521,2,primary_equal_different,88,88,88,88,1,0,0,0
0072.txt,7151948867273097443,3,primary_longer,88,90,90,90,0,0,0,0
0072.txt,8451197411621904636,3,primary_longer,88,92,92,92,0,0,0,0
0072.txt,8583602516845258412,4,primary_failed,88,-1,-1,-1,0,0,0,0
0072.txt,6577365714658040525,2,primary_equal_different,88,88,88,88,1,0,0,1
0072.txt,464964134902366330,2,primary_longer,88,92,92,92,0,0,0,0
0072.txt,10354883869936004921,2,primary_longer,88,90,90,90,0,0,0,0
0072.txt,7027846489258619993,2,primary_equal_different,88,88,88,88,1,0,0,0
0072.txt,7094150754304405424,2,primary_longer,88,90,90,90,0,0,0,0
0072.txt,14383542941115700814,3,primary_longer,88,89,89,89,0,0,0,0
0072.txt,8816064619333334974,4,primary_duplicate,88,88,89,88,1,0,0,0
0072.txt,10270591811815339694,3,primary_longer,88,92,92,92,0,0,0,0
0072.txt,7702250971014327317,3,primary_failed,88,-1,-1,-1,0,0,0,0
0072.txt,13655332925873609482,3,primary_longer,88,91,91,91,0,0,0,0
0072.txt,14054886068774525569,3,primary_longer,88,92,92,92,0,0,0,0
0073.txt,3318547189988675539,4,primary_failed,236,-1,-1,-1,0,0,0,0
0073.txt,14649998376399009566,4,primary_longer,236,238,-1,238,0,0,0,0
0073.txt,1101188270684308142,2,primary_failed,236,-1,-1,-1,0,0,0,0
0073.txt,1144485610066710581,4,primary_failed,236,-1,-1,-1,0,0,0,0
0073.txt,7419182597806167611,2,primary_longer,236,238,238,238,0,0,0,1
0073.txt,17947712066627919646,2,primary_longer,236,238,236,236,0,0,0,0
0073.txt,681053574095939768,4,primary_failed,236,-1,-1,-1,0,0,0,0
0073.txt,8920587359789470950,3,primary_longer,236,239,236,236,0,0,0,0
0073.txt,9235866463826673415,2,extract_failed,236,-1,-1,-1,0,0,0,0
0073.txt,7904537929967016729,4,primary_longer,236,238,240,238,0,0,0,0
0073.txt,3004468292559515972,2,primary_equal_different,236,236,237,236,1,0,0,0
0073.txt,3304041675970343785,4,primary_failed,236,-1,239,239,0,0,0,0
0073.txt,8946265655256208063,4,extract_failed,236,-1,-1,-1,0,0,0,0
0073.txt,11837078635385794321,2,primary_failed,236,-1,-1,-1,0,0,0,0
0073.txt,7616244809166427306,3,extract_failed,236,-1,-1,-1,0,0,0,0
0073.txt,18174990022020968725,3,primary_longer,236,239,239,239,0,0,0,1
0073.txt,16191764200322639675,2,primary_failed,236,-1,-1,-1,0,0,0,0
0073.txt,10162227916697837427,3,extract_failed,236,-1,-1,-1,0,0,0,0
0073.txt,4565901794852625596,3,primary_longer,236,238,239,238,0,0,0,0
0073.txt,18427235664692363273,2,primary_equal_different,236,236,237,236,1,0,0,0
0073.txt,4834258399407527263,4,primary_failed,236,-1,-1,-1,0,0,0,0
0073.txt,3813926148806984634,3,primary_equal_different,236,236,237,236,1,0,0,0
0073.txt,17211013587152460392,4,primary_failed,236,-1,-1,-1,0,0,0,0
0073.txt,15132933167053341932,3,primary_longer,236,239,240,239,0,0,0,0
0073.txt,15354189938615616982,2,primary_longer,236,238,238,238,0,0,0,0
0073.txt,10850732993982155329,4,primary_longer,236,239,-1,239,0,0,0,0
0073.txt,16760396525287017788,3,primary_equal_different,236,236,236,236,1,0,0,0
0073.txt,15214640968130183119,3,primary_longer,236,239,237,237,0,0,0,0
0073.txt,2468717005993689683,2,primary_equal_different,236,236,236,236,1,0,0,1
0073.txt,15194464389683262456,4,primary_failed,236,-1,-1,-1,0,0,0,0
0073.txt,4307902480969341722,2,primary_longer,236,237,237,237,0,0,0,1
0073.txt,9719539143220099006,4,extract_failed,236,-1,-1,-1,0,0,0,0
0073.txt,3018910313926613914,3,primary_equal_different,236,236,237,236,1,0,0,0
0073.txt,14813966159278980201,3,primary_duplicate,236,236,236,236,1,0,0,0
0073.txt,18034573912255360450,2,primary_longer,236,240,236,236,0,0,0,0
0073.txt,990943870864336970,3,primary_longer,236,239,239,239,0,0,0,0
0073.txt,15380546974708034421,4,primary_longer,236,237,238,237,0,0,0,0
0073.txt,6723813795971193949,2,primary_equal_different,236,236,237,236,1,0,0,0
0073.txt,11445071335618028365,3,primary_failed,236,-1,-1,-1,0,0,0,0
0073.txt,8802860979237313941,4,primary_failed,236,-1,-1,-1,0,0,0,0
0073.txt,1191407728504666009,2,primary_equal_different,236,236,236,236,1,0,0,1
0073.txt,2393262582407811611,3,primary_longer,236,240,-1,240,0,0,0,0
0073.txt,5678285233298927588,4,primary_equal_different,236,236,237,236,1,0,0,0
0073.txt,11910976366599536849,4,extract_failed,236,-1,-1,-1,0,0,0,0
0073.txt,12570660669043794424,3,primary_longer,236,240,240,240,0,0,0,0
0073.txt,1044336597516738390,4,extract_failed,236,-1,-1,-1,0,0,0,0
0073.txt,6606407603130491789,2,primary_longer,236,237,236,236,0,0,0,0
0073.txt,3190387533600820308,2,primary_equal_different,236,236,237,236,1,0,0,0
0073.txt,6353486545278425769,3,primary_longer,236,237,236,236,0,0,0,0
0073.txt,5083515475825635964,4,primary_failed,236,-1,-1,-1,0,0,0,0
0073.txt,14044311988066486833,4,primary_failed,236,-1,-1,-1,0,0,0,0
0073.txt,907850051669685634,4,primary_failed,236,-1,-1,-1,0,0,0,0
0073.txt,17582324989141232112,2,primary_equal_different,236,236,236,236,1,0,0,1
0073.txt,12810506879614003456,3,primary_longer,236,240,240,240,0,0,0,0
0073.txt,4276297244647951044,2,extract_failed,236,-1,-1,-1,0,0,0,0
0073.txt,13186609202686651410,4,primary_longer,236,239,240,239,0,0,0,0
0073.txt,9680196167974233026,3,primary_longer,236,237,237,237,0,0,0,0
0073.txt,7393145626815336531,2,primary_duplicate,236,236,237,236,1,0,0,0
0073.txt,8752542748945219060,2,primary_equal_different,236,236,238,236,1,0,0,0
0073.txt,17401421706888442863,4,primary_failed,236,-1,-1,-1,0,0,0,0
0073.txt,5325510603037387672,3,primary_longer,236,240,240,240,0,0,0,0
0073.txt,15032774809735576813,4,primary_longer,236,238,236,236,0,0,0,0
0073.txt,1101453025465634025,2,primary_duplicate,236,236,236,236,1,0,0,0
0073.txt,4170297246459391461,3,primary_equal_different,236,236,238,236,1,0,0,0
0074.txt,6454310309015530975,3,primary_longer,96,98,97,97,0,0,0,0
0074.txt,11628745725319314746,2,primary_longer,96,98,98,98,0,0,0,1
0074.txt,101128102416482132,4,primary_longer,96,100,100,100,0,0,0,1
0074.txt,12865706761282136277,3,primary_longer,96,98,98,98,0,0,0,1
0074.txt,9782821757956492353,3,primary_longer,96,100,100,100,0,0,0,1
0074.txt,5575400871686701405,2,primary_equal_different,96,96,96,96,1,0,0,0
0074.txt,10274699583801890437,4,primary_longer,96,100,98,98,0,0,0,0
0074.txt,6635282873215657273,3,primary_equal_different,96,96,96,96,1,0,0,0
0074.txt,296645173141477793,4,primary_failed,96,-1,-1,-1,0,0,0,0
0074.txt,3326897574495402130,4,primary_longer,96,100,100,100,0,0,0,1
0074.txt,5921711615078940522,3,primary_longer,96,97,97,97,0,0,0,0
0074.txt,2225730455100239462,4,primary_longer,96,97,97,97,0,0,0,0
0074.txt,11331729169176768515,3,primary_longer,96,99,-1,99,0,0,0,0
0074.txt,4458198043612855729,4,primary_longer,96,97,100,97,0,0,0,0
0074.txt,6751589770270697863,4,primary_failed,96,-1,-1,-1,0,0,0,0
0074.txt,13059362265391179482,4,primary_longer,96,97,97,97,0,0,0,0
0074.txt,2735904782722927148,4,primary_failed,96,-1,-1,-1,0,0,0,0
0074.txt,4397142765240206234,4,primary_failed,96,-1,-1,-1,0,0,0,0
0074.txt,12523393597993223142,4,primary_failed,96,-1,-1,-1,0,0,0,0
0074.txt,8979295547038575087,3,primary_failed,96,-1,-1,-1,0,0,0,0
0074.txt,9930086436623546759,2,primary_duplicate,96,96,98,96,1,0,0,0
0074.txt,4305251193190431312,2,primary_longer,96,97,97,97,0,0,0,0
0074.txt,11001868759431340124,3,primary_longer,96,97,97,97,0,0,0,0
0074.txt,12807615056887097650,2,primary_equal_different,96,96,97,96,1,0,0,0
0074.txt,13292087600806652323,2,primary_longer,96,98,98,98,0,0,0,1
0074.txt,71037981595429890,4,primary_longer,96,100,100,100,0,0,0,1
0074.txt,14557022643675072592,2,primary_longer,96,98,98,98,0,0,0,0
0074.txt,2142276344773130220,3,primary_longer,96,97,97,97,0,0,0,0
0074.txt,6909998726785237063,2,primary_failed,96,-1,-1,-1,0,0,0,0
0074.txt,4429992864883829045,2,primary_longer,96,100,99,99,0,0,0,0
0074.txt,5390040126154976443,4,primary_failed,96,-1,-1,-1,0,0,0,0
0074.txt,17433844004533203935,2,primary_longer,96,99,99,99,0,0,0,0
0074.txt,14453645293046021246,3,primary_failed,96,-1,-1,-1,0,0,0,0
0074.txt,4986896593860276318,4,primary_failed,96,-1,-1,-1,0,0,0,0
0074.txt,9234540819937218210,2,primary_equal_different,96,96,96,96,1,0,0,0
0074.txt,16842340690667951216,3,primary_longer,96,98,98,98,0,0,0,1
0074.txt,16383212649790457630,4,primary_failed,96,-1,-1,-1,0,0,0,0
0074.txt,16121306570656084224,4,primary_failed,96,-1,-1,-1,0,0,0,0
0074.txt,8207097040529792930,4,primary_equal_different,96,96,100,96,1,0,0,0
0074.txt,16615334126139682735,3,primary_duplicate,96,96,96,96,1,0,0,0
0074.txt,14752465869461699005,3,primary_longer,96,99,99,99,0,0,0,0
0074.txt,14862956813303442609,4,primary_longer,96,99,97,97,0,0,0,0
0074.txt,10437747189450951120,3,extract_failed,96,-1,-1,-1,0,0,0,0
0074.txt,7838039995388741845,3,primary_failed,96,-1,99,99,0,0,0,0
0074.txt,6091959058243798806,3,primary_equal_different,96,96,96,96,1,0,0,0
0074.txt,1744048053879325016,3,primary_longer,96,97,97,97,0,0,0,0
0074.txt,3861907131771795051,3,primary_longer,96,98,98,98,0,0,0,0
0074.txt,13132891984025432499,3,primary_longer,96,97,97,97,0,0,0,0
0074.txt,10810823571918662553,3,primary_longer,96,97,-1,97,0,0,0,0
0074.txt,3270837906256874086,3,primary_failed,96,-1,-1,-1,0,0,0,0
0074.txt,9734868123844402725,3,primary_failed,96,-1,-1,-1,0,0,0,0
0074.txt,539024236179924968,3,primary_longer,96,97,97,97,0,0,0,0
0074.txt,17345790777835115924,4,primary_duplicate,96,96,97,96,1,0,0,0
0074.txt,18346627392981504136,3,primary_longer,96,98,98,98,0,0,0,0
0074.txt,9291249111180371474,3,primary_longer,96,100,98,98,0,0,0,0
0074.txt,17293826115562368513,3,primary_failed,96,-1,-1,-1,0,0,0,0
0074.txt,8209589311354092301,4,primary_failed,96,-1,-1,-1,0,0,0,0
0074.txt,17246313758684952395,3,primary_longer,96,98,98,98,0,0,0,0
0074.txt,9314639093338700879,3,primary_equal_different,96,96,96,96,1,0,0,0
0074.txt,7925313543040041091,3,primary_failed,96,-1,-1,-1,0,0,0,0
0074.txt,12599649266879453901,4,primary_failed,96,-1,-1,-1,0,0,0,0
0074.txt,1856585812829088089,2,primary_longer,96,97,97,97,0,0,0,0
0074.txt,17805219704729528701,3,primary_equal_different,96,96,97,96,1,0,0,0
0074.txt,18036871570331561086,2,primary_equal_different,96,96,96,96,1,0,0,0
0075.txt,8148287925393615338,3,primary_longer,370,373,-1,373,0,0,0,0
0075.txt,5733515928215038686,2,primary_failed,370,-1,374,374,0,0,0,0
0075.txt,11502412719963723030,2,primary_longer,370,373,-1,373,0,0,0,0
0075.txt,16831832060628709126,4,primary_failed,370,-1,-1,-1,0,0,0,0
0075.txt,13422471193657540,2,primary_equal_different,370,370,370,370,1,0,0,0
0075.txt,1785371849399427377,4,primary_failed,370,-1,-1,-1,0,0,0,0
0075.txt,9140681381764651940,4,primary_failed,370,-1,-1,-1,0,0,0,0
0075.txt,16195748559956804327,3,primary_longer,370,371,370,370,0,0,0,0
0075.txt,14891711146139865592,4,primary_failed,370,-1,-1,-1,0,0,0,0
0075.txt,16984839688649796876,3,extract_failed,370,-1,-1,-1,0,0,0,0
0075.txt,4928991295313234636,4,extract_failed,370,-1,-1,-1,0,0,0,0
0075.txt,13743806079366716000,2,primary_equal_different,370,370,370,370,1,0,0,1
0075.txt,1503756277788744989,3,primary_equal_different,370,370,370,370,1,0,0,0
0075.txt,17544369687662205337,4,extract_failed,370,-1,-1,-1,0,0,0,0
0075.txt,3221056823920666765,3,primary_failed,370,-1,-1,-1,0,0,0,0
0075.txt,4919768919352617433,2,primary_longer,370,373,373,373,0,0,0,1
0075.txt,3662487712882597366,2,primary_longer,370,374,-1,374,0,0,0,0
0075.txt,10530936749424422359,3,primary_failed,370,-1,-1,-1,0,0,0,0
0075.txt,6900591366369257589,4,extract_failed,370,-1,-1,-1,0,0,0,0
0075.txt,7306549470960634505,2,primary_failed,370,-1,374,374,0,0,0,0
0075.txt,14995758720915988814,3,primary_failed,370,-1,-1,-1,0,0,0,0
0075.txt,7154267434544182705,2,primary_failed,370,-1,-1,-1,0,0,0,0
0075.txt,12773165140843755873,4,primary_failed,370,-1,-1,-1,0,0,0,0
0075.txt,10958393541111887731,4,extract_failed,370,-1,-1,-1,0,0,0,0
0075.txt,11687802451442375600,2,primary_failed,370,-1,-1,-1,0,0,0,0
0075.txt,6432535351715684011,4,extract_failed,370,-1,-1,-1,0,0,0,0
0075.txt,14736054425814909538,3,primary_failed,370,-1,-1,-1,0,0,0,0
0075.txt,3283524903964240258,2,primary_longer,370,371,371,371,0,0,0,1
0075.txt,16888906070541570955,3,primary_longer,370,373,372,372,0,0,0,0
0075.txt,10514678200056507181,2,primary_failed,370,-1,-1,-1,0,0,0,0
0075.txt,16704129803676545294,2,primary_equal_different,370,370,370,370,1,0,0,0
0075.txt,375549334315673771,3,primary_failed,370,-1,-1,-1,0,0,0,0
0075.txt,4835883078790591321,4,primary_longer,370,373,373,373,0,0,0,0
0075.txt,12257818689042976138,3,primary_failed,370,-1,-1,-1,0,0,0,0
0075.txt,15061705642108670256,3,primary_failed,370,-1,-1,-1,0,0,0,0
0075.txt,5241035779231157207,3,primary_failed,370,-1,-1,-1,0,0,0,0
0075.txt,2903061288192874674,3,primary_failed,370,-1,-1,-1,0,0,0,0
0075.txt,12681910882221779229,3,primary_failed,370,-1,-1,-1,0,0,0,0
0075.txt,15346310406454430542,4,primary_longer,370,374,-1,374,0,0,0,0
0075.txt,72587476267189334,4,primary_failed,370,-1,-1,-1,0,0,0,0
0075.txt,8542476185446414431,3,primary_failed,370,-1,-1,-1,0,0,0,0
0075.txt,9243556507373491657,2,primary_longer,370,372,372,372,0,0,0,1
0075.txt,11982403278980597820,4,primary_longer,370,374,-1,374,0,0,0,0
0075.txt,3899046418582619478,4,primary_failed,370,-1,-1,-1,0,0,0,0
0075.txt,7862897977334643019,3,primary_longer,370,374,-1,374,0,0,0,0
0075.txt,4971378691147824630,4,primary_failed,370,-1,-1,-1,0,0,0,0
0075.txt,8228817268904991160,3,primary_longer,370,371,371,371,0,0,0,0
0075.txt,4627988556320117667,4,primary_failed,370,-1,-1,-1,0,0,0,0
0075.txt,9476688684471318103,2,primary_equal_different,370,370,371,370,1,0,0,0
0075.txt,7830758864381078868,2,primary_longer,370,374,373,373,0,0,0,0
0075.txt,269859883516493926,3,extract_failed,370,-1,-1,-1,0,0,0,0
0075.txt,16009065285118464143,4,primary_failed,370,-1,-1,-1,0,0,0,0
0075.txt,11182772326941165554,2,primary_shorter,370,369,370,369,1,0,0,0
0075.txt,12350151498145119488,2,primary_longer,370,371,370,370,0,0,0,0
0075.txt,12907092214223313046,3,primary_longer,370,371,372,371,0,0,0,0
0075.txt,16224341450830775784,2,primary_equal_different,370,370,370,370,1,0,0,1
0075.txt,13548081227799424910,3,primary_failed,370,-1,-1,-1,0,0,0,0
0075.txt,16284900635694646730,2,primary_longer,370,374,374,374,0,0,0,0
0075.txt,12219146831171005953,3,primary_longer,370,372,373,372,0,0,0,0
0075.txt,6500050001020937829,2,primary_longer,370,374,374,374,0,0,0,1
0075.txt,8898999801270604369,4,primary_shorter,370,369,369,369,1,0,0,1
0075.txt,768024814003046943,2,primary_failed,370,-1,-1,-1,0,0,0,0
0075.txt,8345365705377838071,3,primary_failed,370,-1,374,374,0,0,0,0
0075.txt,5221415079642458950,2,extract_failed,370,-1,-1,-1,0,0,0,0
0076.txt,9693250355803373919,3,primary_longer,271,272,272,272,0,0,0,0
0076.txt,5182915934101053469,2,primary_equal_different,271,271,271,271,1,0,0,1
0076.txt,5833214144390829156,4,primary_longer,271,275,275,275,0,0,0,1
0076.txt,13987110211565426498,3,primary_failed,271,-1,-1,-1,0,0,0,0
0076.txt,11576503436943149814,4,primary_failed,271,-1,272,272,0,0,0,0
0076.txt,12111362180795349553,2,primary_longer,271,273,273,273,0,0,0,0
0076.txt,16471670417353465704,4,primary_longer,271,274,-1,274,0,0,0,0
0076.txt,5062151194076021351,2,primary_failed,271,-1,-1,-1,0,0,0,0
0076.txt,5370095465751897290,4,primary_longer,271,275,-1,275,0,0,0,0
0076.txt,11738298689942339197,4,primary_longer,271,274,274,274,0,0,0,1
0076.txt,8492965384227361883,3,primary_longer,271,275,-1,275,0,0,0,0
0076.txt,18184776567519639278,3,primary_longer,271,274,-1,274,0,0,0,0
0076.txt,11748135790607649787,4,primary_failed,271,-1,-1,-1,0,0,0,0
0076.txt,16474301586836558929,3,primary_failed,271,-1,-1,-1,0,0,0,0
0076.txt,6603756315351581379,2,primary_longer,271,275,-1,275,0,0,0,0
0076.txt,9300314640428938980,2,primary_longer,271,274,274,274,0,0,0,0
0076.txt,5231967317388817951,3,primary_failed,271,-1,-1,-1,0,0,0,0
0076.txt,7475834650235029382,3,primary_longer,271,275,271,271,0,0,0,0
0076.txt,5544237204997991497,2,primary_equal_different,271,271,271,271,1,0,0,0
0076.txt,8056710979459054190,3,primary_failed,271,-1,-1,-1,0,0,0,0
0076.txt,15890913239368188702,2,extract_failed,271,-1,-1,-1,0,0,0,0
0076.txt,6638720098857302015,2,extract_failed,271,-1,-1,-1,0,0,0,0
0076.txt,14493437143311071024,3,primary_longer,271,275,275,275,0,0,0,0
0076.txt,3840582492589814245,3,primary_longer,271,275,275,275,0,0,0,0
0076.txt,384113059229578789,2,primary_longer,271,274,273,273,0,0,0,0
0076.txt,16933344290953441707,4,primary_longer,271,272,273,272,0,0,0,0
0076.txt,13443132846585627187,3,primary_equal_different,271,271,275,271,1,0,0,0
0076.txt,17703796988571683778,2,primary_longer,271,273,274,273,0,0,0,0
0076.txt,2891392661089889201,2,primary_longer,271,272,272,272,0,0,0,1
0076.txt,16482959939020358218,4,primary_failed,271,-1,-1,-1,0,0,0,0
0076.txt,4097536667607987394,2,extract_failed,271,-1,-1,-1,0,0,0,0
0076.txt,8065128745438389523,2,primary_longer,271,274,274,274,0,0,0,0
0076.txt,13663430372497877431,3,primary_longer,271,273,274,273,0,0,0,0
0076.txt,2276958760200632089,4,primary_failed,271,-1,-1,-1,0,0,0,0
0076.txt,7556802502482808644,3,extract_failed,271,-1,-1,-1,0,0,0,0
0076.txt,11125516363769340346,3,primary_failed,271,-1,-1,-1,0,0,0,0
0076.txt,8872158659932150860,2,primary_duplicate,271,271,271,271,1,0,0,1
0076.txt,12748773148872381075,4,extract_failed,271,-1,-1,-1,0,0,0,0
0076.txt,1266743200192101358,4,primary_failed,271,-1,-1,-1,0,0,0,0
0076.txt,4574047924948856982,4,primary_failed,271,-1,-1,-1,0,0,0,0
0076.txt,14694144001338947019,3,primary_failed,271,-1,-1,-1,0,0,0,0
0076.txt,9356277574148995759,2,primary_longer,271,275,-1,275,0,0,0,0
0076.txt,10886611746976167376,3,primary_failed,271,-1,-1,-1,0,0,0,0
0076.txt,8449462887523411038,3,primary_failed,271,-1,-1,-1,0,0,0,0
0076.txt,7798098190301432157,3,extract_failed,271,-1,-1,-1,0,0,0,0
0076.txt,4642214766688703239,2,extract_failed,271,-1,-1,-1,0,0,0,0
0076.txt,18154454578023618133,2,primary_longer,271,275,275,275,0,0,0,1
0076.txt,12033547845159524650,3,primary_failed,271,-1,-1,-1,0,0,0,0
0076.txt,9169696502054060814,4,primary_failed,271,-1,274,274,0,0,0,0
0076.txt,11148700890856912691,3,primary_longer,271,273,273,273,0,0,0,0
0076.txt,11257474131433948299,4,primary_failed,271,-1,-1,-1,0,0,0,0
0076.txt,16261780642255464838,2,primary_failed,271,-1,275,275,0,0,0,0
0076.txt,115979406835041228,4,primary_longer,271,273,272,272,0,0,0,0
0076.txt,12866885347006471754,4,primary_failed,271,-1,-1,-1,0,0,0,0
0076.txt,11326657060405379564,2,primary_failed,271,-1,-1,-1,0,0,0,0
0076.txt,9008984157155745671,3,primary_failed,271,-1,-1,-1,0,0,0,0
0076.txt,8963615821711992936,2,primary_longer,271,273,-1,273,0,0,0,0
0076.txt,12542435138843786861,2,primary_longer,271,273,273,273,0,0,0,0
0076.txt,16466666130216230564,2,primary_failed,271,-1,-1,-1,0,0,0,0
0076.txt,5149638416646221016,3,extract_failed,271,-1,-1,-1,0,0,0,0
0076.txt,11110281412080784868,2,primary_longer,271,273,272,272,0,0,0,0
0076.txt,14291461369031657129,3,primary_failed,271,-1,-1,-1,0,0,0,0
0076.txt,14591102352924018793,2,primary_longer,271,274,273,273,0,0,0,0
0076.txt,7541096166869300047,2,primary_longer,271,273,-1,273,0,0,0,0
0077.txt,5486064553131705078,2,primary_longer,84,88,88,88,0,0,0,1
0077.txt,9118549145907355146,2,primary_longer,84,85,85,85,0,0,0,0
0077.txt,5854995821119127875,4,primary_failed,84,-1,-1,-1,0,0,0,0
0077.txt,11970945637367094864,4,primary_failed,84,-1,-1,-1,0,0,0,0
0077.txt,13643079224634230742,3,primary_failed,84,-1,-1,-1,0,0,0,0
0077.txt,815161351276898527,3,primary_longer,84,86,85,85,0,0,0,0
0077.txt,2963543750386071101,4,primary_failed,84,-1,-1,-1,0,0,0,0
0077.txt,4424601414404624334,2,primary_longer,84,87,86,86,0,0,0,0
0077.txt,1099773751873469046,2,primary_longer,84,88,88,88,0,0,0,1
0077.txt,13340262458808372244,4,primary_longer,84,88,-1,88,0,0,0,0
0077.txt,9480931305912422496,2,primary_longer,84,85,85,85,0,0,0,1
0077.txt,17818326082168720883,3,primary_longer,84,86,86,86,0,0,0,0
0077.txt,17067749667641096853,2,primary_longer,84,85,85,85,0,0,0,1
0077.txt,3290756921556829286,4,primary_failed,84,-1,-1,-1,0,0,0,0
0077.txt,3946050765518339033,2,primary_longer,84,86,86,86,0,0,0,0
0077.txt,9108954952295030175,3,primary_longer,84,86,88,86,0,0,0,0
0077.txt,1593326441891732018,3,primary_longer,84,88,88,88,0,0,0,1
0077.txt,7774523653544349488,4,primary_longer,84,87,88,87,0,0,0,0
0077.txt,12504731192637771924,2,primary_longer,84,86,86,86,0,0,0,0
0077.txt,11931452774717285585,2,primary_longer,84,85,85,85,0,0,0,1
0077.txt,6453860811932714106,2,primary_longer,84,85,85,85,0,0,0,1
0077.txt,14888780300877975116,3,primary_longer,84,85,85,85,0,0,0,1
0077.txt,8459241627011608443,3,primary_failed,84,-1,-1,-1,0,0,0,0
0077.txt,1034786542329790760,4,primary_failed,84,-1,-1,-1,0,0,0,0
0077.txt,12306713167705596235,3,primary_failed,84,-1,-1,-1,0,0,0,0
0077.txt,11457061573442762606,3,primary_longer,84,86,86,86,0,0,0,0
0077.txt,1055748987807758170,3,primary_failed,84,-1,-1,-1,0,0,0,0
0077.txt,16262854511383044955,4,primary_longer,84,87,87,87,0,0,0,0
0077.txt,9305387291340503722,3,primary_longer,84,88,88,88,0,0,0,1
0077.txt,4104575313787308297,4,primary_failed,84,-1,-1,-1,0,0,0,0
0077.txt,8757754877523910652,4,primary_failed,84,-1,-1,-1,0,0,0,0
0077.txt,17412564578207406360,4,extract_failed,84,-1,-1,-1,0,0,0,0
0077.txt,9607723653058104837,4,primary_longer,84,86,88,86,0,0,0,0
0077.txt,81943685925853096,3,primary_failed,84,-1,-1,-1,0,0,0,0
0077.txt,16913855781218803548,3,primary_longer,84,87,88,87,0,0,0,0
0077.txt,9758581618354451045,3,primary_failed,84,-1,-1,-1,0,0,0,0
0077.txt,4737657026668504310,3,extract_failed,84,-1,-1,-1,0,0,0,0
0077.txt,10893356439939716612,3,primary_longer,84,87,87,87,0,0,0,1
0077.txt,862798466051084637,4,primary_failed,84,-1,-1,-1,0,0,0,0
0077.txt,471453084815077364,3,primary_longer,84,87,86,86,0,0,0,0
0077.txt,6738629437319341216,4,primary_failed,84,-1,-1,-1,0,0,0,0
0077.txt,11810401382408080084,3,primary_failed,84,-1,-1,-1,0,0,0,0
0077.txt,6570158054043300081,3,primary_longer,84,86,86,86,0,0,0,0
0077.txt,11292754166007788250,2,primary_longer,84,87,88,87,0,0,0,0
0077.txt,6401971904650550192,3,primary_failed,84,-1,-1,-1,0,0,0,0
0077.txt,4406880102984827638,3,primary_failed,84,-1,-1,-1,0,0,0,0
0077.txt,3617933349461716130,3,primary_failed,84,-1,-1,-1,0,0,0,0
0077.txt,2215825869066995970,3,primary_failed,84,-1,-1,-1,0,0,0,0
0077.txt,15920044002762023857,2,primary_duplicate,84,84,84,84,1,0,0,0
0077.txt,17066247208900286761,2,primary_equal_different,84,84,84,84,1,0,0,0
0077.txt,8601410476558280473,2,primary_equal_different,84,84,84,84,1,0,0,0
0077.txt,12138283226042955068,2,primary_failed,84,-1,-1,-1,0,0,0,0
0077.txt,14376405978191589076,2,primary_equal_different,84,84,84,84,1,0,0,1
0077.txt,2463325555514484972,2,primary_longer,84,85,85,85,0,0,0,0
0077.txt,1222748210044730804,2,extract_failed,84,-1,-1,-1,0,0,0,0
0077.txt,1040098641266372535,2,primary_longer,84,86,86,86,0,0,0,0
0077.txt,17036321246171061062,2,primary_longer,84,86,86,86,0,0,0,0
0077.txt,12444525637476610752,2,primary_longer,84,86,86,86,0,0,0,0
0077.txt,1947689344906220391,2,primary_equal_different,84,84,84,84,1,0,0,0
0077.txt,10415884624432556637,2,primary_equal_different,84,84,84,84,1,0,0,1
0077.txt,8058234836218374720,2,primary_equal_different,84,84,86,84,1,0,0,0
0077.txt,6937714971368233122,2,primary_longer,84,85,84,84,0,0,0,0
0077.txt,13589580014576773338,2,primary_failed,84,-1,-1,-1,0,0,0,0
0077.txt,2341853556084033306,2,primary_longer,84,85,85,85,0,0,0,0
0078.txt,13076683966668803058,2,primary_longer,263,264,264,264,0,0,0,1
0078.txt,7450258622314115177,4,primary_failed,263,-1,-1,-1,0,0,0,0
0078.txt,9623056014738842287,3,primary_longer,263,265,267,265,0,0,0,0
0078.txt,15981726724109068968,4,primary_failed,263,-1,-1,-1,0,0,0,0
0078.txt,7936529267347419792,4,primary_failed,263,-1,-1,-1,0,0,0,0
0078.txt,12711738458814796294,2,primary_longer,263,266,266,266,0,0,0,1
0078.txt,18067513012314349692,3,primary_longer,263,266,267,266,0,0,0,0
0078.txt,10120543240629690029,4,primary_longer,263,264,265,264,0,0,0,0
0078.txt,10472886319468694733,4,primary_failed,263,-1,-1,-1,0,0,0,0
0078.txt,7816084566058655124,4,extract_failed,263,-1,-1,-1,0,0,0,0
0078.txt,16444412989295197677,4,primary_failed,263,-1,-1,-1,0,0,0,0
0078.txt,8363216312167178582,3,primary_failed,263,-1,266,266,0,0,0,0
0078.txt,11481804798085436536,3,primary_longer,263,266,267,266,0,0,0,0
0078.txt,1251171714033146411,2,primary_longer,263,266,-1,266,0,0,0,0
0078.txt,7964214326589593230,2,primary_longer,263,264,264,264,0,0,0,1
0078.txt,14224920076101940715,2,primary_longer,263,266,266,266,0,0,0,1
0078.txt,3169889259227115636,4,primary_longer,263,266,265,265,0,0,0,0
0078.txt,9660288813086726428,4,primary_failed,263,-1,-1,-1,0,0,0,0
0078.txt,13133972544278315042,2,primary_longer,263,267,265,265,0,0,0,0
0078.txt,1356887409003594668,4,primary_failed,263,-1,-1,-1,0,0,0,0
0078.txt,6189160008838873983,3,primary_failed,263,-1,-1,-1,0,0,0,0
0078.txt,15635946376037241100,4,primary_failed,263,-1,-1,-1,0,0,0,0
0078.txt,2287106333639626977,4,primary_longer,263,266,-1,266,0,0,0,0
0078.txt,5545298094106120819,2,primary_longer,263,264,265,264,0,0,0,0
0078.txt,8756785370386323453,2,primary_longer,263,264,264,264,0,0,0,0
0078.txt,4282050544678008888,3,primary_failed,263,-1,-1,-1,0,0,0,0
0078.txt,16752112269124145791,4,primary_failed,263,-1,-1,-1,0,0,0,0
0078.txt,14765275344836098718,3,primary_failed,263,-1,-1,-1,0,0,0,0
0078.txt,2188902554805457447,3,primary_longer,263,267,-1,267,0,0,0,0
0078.txt,15950234720272575439,2,primary_longer,263,266,266,266,0,0,0,0
0078.txt,2850307977798689546,3,primary_longer,263,266,266,266,0,0,0,0
0078.txt,16355333146720852042,3,primary_longer,263,266,-1,266,0,0,0,0
0078.txt,7695763801291923479,2,primary_equal_different,263,263,263,263,1,0,0,0
0078.txt,4122636215465685567,3,primary_longer,263,266,267,266,0,0,0,0
0078.txt,5999667860445094906,2,primary_failed,263,-1,-1,-1,0,0,0,0
0078.txt,5005127371247835250,2,primary_longer,263,266,265,265,0,0,0,0
0078.txt,3522402161243981189,2,primary_equal_different,263,263,263,263,1,0,0,0
0078.txt,9179204740291508978,3,primary_failed,263,-1,-1,-1,0,0,0,0
0078.txt,10024902145587718793,2,primary_longer,263,267,265,265,0,0,0,0
0078.txt,7628841151762102391,2,primary_longer,263,266,266,266,0,0,0,0
0078.txt,708799492876774561,3,primary_longer,263,267,266,266,0,0,0,0
0078.txt,17665749912185746684,3,primary_failed,263,-1,-1,-1,0,0,0,0
0078.txt,18097938760106473402,3,primary_longer,263,267,266,266,0,0,0,0
0078.txt,12023388812365141046,3,primary_failed,263,-1,-1,-1,0,0,0,0
0078.txt,5694375273297329893,3,primary_longer,263,264,264,264,0,0,0,0
0078.txt,2339025453453768009,2,primary_failed,263,-1,-1,-1,0,0,0,0
0078.txt,1218328773752271524,2,primary_failed,263,-1,-1,-1,0,0,0,0
0078.txt,9484820297650817115,2,primary_longer,263,265,265,265,0,0,0,1
0078.txt,10447048291121266545,2,primary_failed,263,-1,-1,-1,0,0,0,0
0078.txt,6399494140295928442,4,primary_longer,263,266,266,266,0,0,0,0
0078.txt,1203497900200264959,4,primary_longer,263,267,267,267,0,0,0,0
0078.txt,9292359842100794855,2,primary_failed,263,-1,267,267,0,0,0,0
0078.txt,14374903519450778984,2,primary_longer,263,265,265,265,0,0,0,0
0078.txt,2583383036134097542,2,primary_longer,263,264,264,264,0,0,0,0
0078.txt,9509089120128099325,2,primary_longer,263,264,263,263,0,0,0,0
0078.txt,10692563172430008286,3,primary_failed,263,-1,267,267,0,0,0,0
0078.txt,12774775745109950127,3,primary_longer,263,265,265,265,0,0,0,1
0078.txt,1434970111849604998,2,primary_longer,263,264,264,264,0,0,0,0
0078.txt,3767327048545920915,3,primary_longer,263,264,267,264,0,0,0,0
0078.txt,15889656353087577084,3,primary_failed,263,-1,-1,-1,0,0,0,0
0078.txt,3069119841966789772,4,primary_longer,263,266,266,266,0,0,0,0
0078.txt,11159714565806324235,3,extract_failed,263,-1,-1,-1,0,0,0,0
0078.txt,10927985473005136373,2,primary_failed,263,-1,-1,-1,0,0,0,0
0078.txt,1038630773579174967,3,primary_failed,263,-1,-1,-1,0,0,0,0
0079.txt,4078624742700823606,4,primary_failed,67,-1,-1,-1,0,0,0,0
0079.txt,7135452491276064331,3,primary_longer,67,69,69,69,0,0,0,1
0079.txt,8661432054220639629,4,primary_longer,67,68,68,68,0,0,0,1
0079.txt,14203044332913179153,3,primary_longer,67,71,71,71,0,0,0,1
0079.txt,13649962384589289397,2,primary_longer,67,70,70,70,0,0,0,1
0079.txt,13743698022124204700,3,primary_failed,67,-1,-1,-1,0,0,0,0
0079.txt,17491820659227008058,3,primary_failed,67,-1,-1,-1,0,0,0,0
0079.txt,16980092622678265505,2,primary_longer,67,69,69,69,0,0,0,1
0079.txt,15810946651789845807,3,primary_longer,67,68,68,68,0,0,0,1
0079.txt,9883381797876073279,3,primary_longer,67,70,70,70,0,0,0,1
0079.txt,415278919946266104,3,primary_failed,67,-1,-1,-1,0,0,0,0
0079.txt,8869902410612073022,3,primary_longer,67,68,68,68,0,0,0,1
0079.txt,1254795015998802252,2,primary_equal_different,67,67,68,67,1,0,0,0
0079.txt,14466537496081975947,2,primary_equal_different,67,67,68,67,1,0,0,0
0079.txt,17051120703137119666,4,primary_longer,67,70,-1,70,0,0,0,0
0079.txt,1946363701016765186,2,primary_failed,67,-1,-1,-1,0,0,0,0
0079.txt,995901909870070513,4,primary_failed,67,-1,-1,-1,0,0,0,0
0079.txt,957745106852774902,2,primary_longer,67,71,71,71,0,0,0,1
0079.txt,5343985960585691135,4,primary_longer,67,71,70,70,0,0,0,0
0079.txt,7090330520174854392,3,primary_failed,67,-1,-1,-1,0,0,0,0
0079.txt,6102259295579066477,4,primary_failed,67,-1,-1,-1,0,0,0,0
0079.txt,2249512320047416795,2,primary_duplicate,67,67,67,67,1,0,0,0
0079.txt,11535520415025923800,2,primary_longer,67,71,71,71,0,0,0,1
0079.txt,2042227994221178601,4,primary_longer,67,71,71,71,0,0,0,1
0079.txt,3957398941165882921,3,primary_longer,67,68,67,67,0,0,0,0
0079.txt,708150991041748045,3,primary_longer,67,69,69,69,0,0,0,1
0079.txt,12871069321799770284,3,primary_longer,67,69,69,69,0,0,0,1
0079.txt,4372091853624491755,3,primary_failed,67,-1,-1,-1,0,0,0,0
0079.txt,2845776260303265832,3,primary_failed,67,-1,-1,-1,0,0,0,0
0079.txt,9598071808980385878,2,primary_equal_different,67,67,67,67,1,0,0,1
0079.txt,807769144786285649,3,primary_longer,67,70,70,70,0,0,0,0
0079.txt,12840181584367172238,4,primary_longer,67,70,70,70,0,0,0,1
0079.txt,15918541544021213765,2,primary_longer,67,68,68,68,0,0,0,1
0079.txt,5877577476530607583,2,primary_longer,67,69,69,69,0,0,0,1
0079.txt,2731687205890770832,2,primary_failed,67,-1,-1,-1,0,0,0,0
0079.txt,15498958746336605427,2,primary_equal_different,67,67,67,67,1,0,0,1
0079.txt,12815189779321107235,3,primary_longer,67,68,69,68,0,0,0,0
0079.txt,4893709801116770322,3,primary_failed,67,-1,-1,-1,0,0,0,0
0079.txt,7631934944165106466,2,primary_longer,67,70,70,70,0,0,0,1
0079.txt,4305251193190431312,2,primary_failed,67,-1,-1,-1,0,0,0,0
0079.txt,15734348006094011368,4,primary_failed,67,-1,-1,-1,0,0,0,0
0079.txt,14952866128445050486,2,primary_longer,67,71,71,71,0,0,0,1
0079.txt,6108953136054704223,3,primary_longer,67,68,68,68,0,0,0,0
0079.txt,18155258496691489098,3,primary_longer,67,68,68,68,0,0,0,1
0079.txt,17352948659402926461,4,primary_longer,67,68,68,68,0,0,0,1
0079.txt,322405045327607525,2,primary_longer,67,70,69,69,0,0,0,0
0079.txt,2745011307453103637,3,primary_failed,67,-1,-1,-1,0,0,0,0
0079.txt,13356358962557563001,2,primary_longer,67,69,69,69,0,0,0,0
0079.txt,2072017341907511306,4,primary_longer,67,68,68,68,0,0,0,1
0079.txt,7062138539403946500,3,primary_longer,67,70,69,69,0,0,0,0
0079.txt,4412975555547556015,3,primary_failed,67,-1,-1,-1,0,0,0,0
0079.txt,11693017087070225424,2,primary_longer,67,69,69,69,0,0,0,0
0079.txt,14499557251214205721,2,primary_longer,67,69,69,69,0,0,0,0
0079.txt,18312392819700600527,2,primary_longer,67,69,69,69,0,0,0,0
0079.txt,3526358130400912199,3,primary_longer,67,69,69,69,0,0,0,0
0079.txt,12941876414379408725,3,primary_longer,67,69,69,69,0,0,0,1
0079.txt,17520970604941970622,2,primary_longer,67,69,69,69,0,0,0,1
0079.txt,4172743817733339154,3,primary_failed,67,-1,-1,-1,0,0,0,0
0079.txt,11758881976511307492,3,extract_failed,67,-1,-1,-1,0,0,0,0
0079.txt,13787231178319322195,3,primary_failed,67,-1,-1,-1,0,0,0,0
0079.txt,16758276723686684892,3,primary_longer,67,71,71,71,0,0,0,0
0079.txt,17522119433980070940,2,primary_longer,67,68,68,68,0,0,0,0
0079.txt,14697913155606072587,3,primary_longer,67,68,68,68,0,0,0,0
0079.txt,12450457006912109,2,primary_longer,67,70,70,70,0,0,0,0
0080.txt,5808625628178871588,4,primary_duplicate,181,181,183,181,1,0,0,0
0080.txt,8489942220621129349,4,primary_longer,181,183,184,183,0,0,0,0
0080.txt,922958138198409153,2,primary_longer,181,183,182,182,0,0,0,0
0080.txt,10993071310103047010,4,primary_equal_different,181,181,182,181,1,0,0,0
0080.txt,1097674214592708439,4,primary_longer,181,184,184,184,0,0,0,1
0080.txt,13682517604232319748,4,extract_failed,181,-1,-1,-1,0,0,0,0
0080.txt,4312013675456515335,4,primary_longer,181,184,184,184,0,0,0,1
0080.txt,11351103632725429556,2,primary_equal_different,181,181,181,181,1,0,0,0
0080.txt,2079357736682938255,3,primary_longer,181,185,183,183,0,0,0,0
0080.txt,3060586839538035752,3,primary_longer,181,184,184,184,0,0,0,0
0080.txt,14224920076101940715,2,primary_longer,181,182,182,182,0,0,0,1
0080.txt,13481599000912976608,4,primary_equal_different,181,181,182,181,1,0,0,0
0080.txt,10372002747744426866,3,primary_longer,181,184,184,184,0,0,0,1
0080.txt,15331959274357464262,3,primary_equal_different,181,181,183,181,1,0,0,0
0080.txt,1589372991490902547,2,primary_duplicate,181,181,181,181,1,0,0,0
0080.txt,17388992882156598803,3,primary_failed,181,-1,-1,-1,0,0,0,0
0080.txt,426765519929480682,3,primary_failed,181,-1,-1,-1,0,0,0,0
0080.txt,11534371585987823482,2,primary_longer,181,183,183,183,0,0,0,0
0080.txt,6290339641555376139,4,extract_failed,181,-1,-1,-1,0,0,0,0
0080.txt,17873319520458133770,3,primary_longer,181,184,184,184,0,0,0,1
0080.txt,1381489870905247101,3,primary_longer,181,183,184,183,0,0,0,0
0080.txt,15538784952998142711,4,primary_failed,181,-1,185,185,0,0,0,0
0080.txt,8302680358828675249,2,primary_equal_different,181,181,181,181,1,0,0,0
0080.txt,13685810242351784468,2,primary_longer,181,183,183,183,0,0,0,0
0080.txt,8228609794562469623,3,primary_duplicate,181,181,182,181,1,0,0,0
0080.txt,12005275523382789108,3,primary_longer,181,184,181,181,0,0,0,0
0080.txt,3785253395475594889,4,primary_failed,181,-1,-1,-1,0,0,0,0
0080.txt,11996881185354439940,3,primary_longer,181,183,183,183,0,0,0,1
0080.txt,17539350137544180436,4,primary_failed,181,-1,-1,-1,0,0,0,0
0080.txt,16568588381694804967,3,primary_longer,181,185,-1,185,0,0,0,0
0080.txt,15360026141063442744,3,primary_longer,181,184,184,184,0,0,0,1
0080.txt,12891652285278931948,3,primary_longer,181,183,183,183,0,0,0,1
0080.txt,9056598770412895214,4,primary_failed,181,-1,-1,-1,0,0,0,0
0080.txt,5736175435842092455,3,primary_longer,181,185,184,184,0,0,0,0
0080.txt,5609572456723724970,4,primary_longer,181,183,183,183,0,0,0,0
0080.txt,9339319521867452823,3,primary_failed,181,-1,-1,-1,0,0,0,0
0080.txt,13024309336792082287,4,primary_failed,181,-1,-1,-1,0,0,0,0
0080.txt,16672278626355751441,4,primary_longer,181,184,185,184,0,0,0,0
0080.txt,3739483358175106036,4,primary_failed,181,-1,185,185,0,0,0,0
0080.txt,11128287132644251318,3,primary_failed,181,-1,-1,-1,0,0,0,0
0080.txt,17086959467748992240,3,primary_longer,181,184,184,184,0,0,0,0
0080.txt,15467176695163859862,2,primary_equal_different,181,181,181,181,1,0,0,0
0080.txt,12715627450553190913,2,primary_duplicate,181,181,182,181,1,0,0,0
0080.txt,11148162173138154692,2,primary_longer,181,182,182,182,0,0,0,0
0080.txt,11810549068216406986,3,primary_longer,181,185,185,185,0,0,0,0
0080.txt,13443906961969920175,3,primary_equal_different,181,181,182,181,1,0,0,0
0080.txt,2025224270458763646,3,primary_longer,181,184,185,184,0,0,0,0
0080.txt,8621012473564128208,4,primary_failed,181,-1,185,185,0,0,0,0
0080.txt,6853505348511115623,2,primary_longer,181,185,-1,185,0,0,0,0
0080.txt,4701897804745935849,3,primary_failed,181,-1,-1,-1,0,0,0,0
0080.txt,10884962101911367444,3,primary_longer,181,182,182,182,0,0,0,0
0080.txt,14486164720975177218,3,primary_longer,181,182,182,182,0,0,0,0
0080.txt,7685226430137873802,3,primary_equal_different,181,181,181,181,1,0,0,0
0080.txt,5579024173652357246,2,primary_longer,181,182,182,182,0,0,0,1
0080.txt,17429159813459418772,2,primary_equal_different,181,181,182,181,1,0,0,0
0080.txt,14531073612614212508,2,primary_longer,181,183,183,183,0,0,0,1
0080.txt,13531672117491812802,2,extract_failed,181,-1,-1,-1,0,0,0,0
0080.txt,404562093745097050,3,primary_longer,181,184,185,184,0,0,0,0
0080.txt,8901907807810021672,2,primary_duplicate,181,181,181,181,1,0,0,0
0080.txt,14515658073775746741,4,primary_failed,181,-1,-1,-1,0,0,0,0
0080.txt,3769183875555235124,3,primary_duplicate,181,181,181,181,1,0,0,0
0080.txt,13686605441687175012,2,primary_equal_different,181,181,181,181,1,0,0,0
0080.txt,4345783242026711546,2,extract_failed,181,-1,-1,-1,0,0,0,0
0080.txt,649135438433144106,4,primary_longer,181,184,184,184,0,0,0,1
0081.txt,10497611923137040874,4,primary_failed,374,-1,-1,-1,0,0,0,0
0081.txt,18349719208768582463,3,primary_failed,374,-1,376,376,0,0,0,0
0081.txt,7621762587126366212,4,primary_failed,374,-1,-1,-1,0,0,0,0
0081.txt,12434574806581848656,3,primary_failed,374,-1,-1,-1,0,0,0,0
0081.txt,6801800747495233747,4,primary_failed,374,-1,-1,-1,0,0,0,0
0081.txt,2241581190404518590,4,primary_failed,374,-1,-1,-1,0,0,0,0
0081.txt,11273352795676333237,4,primary_failed,374,-1,-1,-1,0,0,0,0
0081.txt,12264793046249901671,2,extract_failed,374,-1,-1,-1,0,0,0,0
0081.txt,10969760188327148293,3,primary_longer,374,375,376,375,0,0,0,0
0081.txt,14199235799822406514,2,primary_failed,374,-1,-1,-1,0,0,0,0
0081.txt,13574695285510131964,4,primary_longer,374,378,374,374,0,0,0,0
0081.txt,17380449381188334047,3,primary_equal_different,374,374,375,374,1,0,0,0
0081.txt,2851214241956318741,2,primary_longer,374,378,378,378,0,0,0,0
0081.txt,16657953829292829279,3,primary_equal_different,374,374,374,374,1,0,0,1
0081.txt,8997607591030968141,2,primary_equal_different,374,374,374,374,1,0,0,1
0081.txt,2853777589805258155,2,primary_equal_different,374,374,374,374,1,0,0,1
0081.txt,15342522963400433125,2,extract_failed,374,-1,-1,-1,0,0,0,0
0081.txt,6973512541150647051,3,extract_failed,374,-1,-1,-1,0,0,0,0
0081.txt,15966291624692516480,3,primary_failed,374,-1,-1,-1,0,0,0,0
0081.txt,8153295296151826843,4,extract_failed,374,-1,-1,-1,0,0,0,0
0081.txt,13775361027708025536,3,extract_failed,374,-1,-1,-1,0,0,0,0
0081.txt,14365369560540435731,3,primary_failed,374,-1,-1,-1,0,0,0,0
0081.txt,14277636071252884452,4,primary_longer,374,377,378,377,0,0,0,0
0081.txt,887713883238833841,4,primary_failed,374,-1,-1,-1,0,0,0,0
0081.txt,2556765332609120659,3,extract_failed,374,-1,-1,-1,0,0,0,0
0081.txt,1693319601688084212,3,primary_failed,374,-1,-1,-1,0,0,0,0
0081.txt,469913080757477376,2,primary_failed,374,-1,-1,-1,0,0,0,0
0081.txt,17081958010277248582,4,primary_shorter,374,373,376,373,1,0,0,0
0081.txt,13761517469938041499,3,primary_longer,374,375,376,375,0,0,0,0
0081.txt,7782573667580393574,4,primary_failed,374,-1,-1,-1,0,0,0,0
0081.txt,9388863001849436498,3,extract_failed,374,-1,-1,-1,0,0,0,0
0081.txt,11983007510233465044,3,primary_longer,374,378,378,378,0,0,0,1
0081.txt,4307284096485306065,2,primary_longer,374,376,375,375,0,0,0,0
0081.txt,12793526896508155064,4,primary_longer,374,378,-1,378,0,0,0,0
0081.txt,8009471960048239426,4,primary_failed,374,-1,-1,-1,0,0,0,0
0081.txt,9508012605807478490,4,primary_longer,374,378,378,378,0,0,0,0
0081.txt,8976547142035502639,4,primary_failed,374,-1,-1,-1,0,0,0,0
0081.txt,8719788683585728064,2,primary_longer,374,378,376,376,0,0,0,0
0081.txt,5819264905395379459,4,primary_longer,374,376,376,376,0,0,0,1
0081.txt,8297200968419499542,2,primary_equal_different,374,374,375,374,1,0,0,0
0081.txt,8419291352333986865,2,primary_longer,374,375,376,375,0,0,0,0
0081.txt,18166522434224431356,4,primary_equal_different,374,374,377,374,1,0,0,0
0081.txt,16376180982623133919,2,primary_longer,374,376,376,376,0,0,0,1
0081.txt,5622570386235371877,4,primary_failed,374,-1,-1,-1,0,0,0,0
0081.txt,16082843250364146301,2,primary_failed,374,-1,-1,-1,0,0,0,0
0081.txt,6617220493137386490,3,primary_failed,374,-1,-1,-1,0,0,0,0
0081.txt,18279912228454915835,3,primary_longer,374,378,378,378,0,0,0,0
0081.txt,10924255155421482085,3,primary_failed,374,-1,-1,-1,0,0,0,0
0081.txt,1765923850384636557,2,primary_duplicate,374,374,374,374,1,0,0,0
0081.txt,6017288053764553527,3,primary_longer,374,375,375,375,0,0,0,0
0081.txt,11204752699498353361,3,primary_longer,374,378,375,375,0,0,0,0
0081.txt,9165394537163323561,4,primary_failed,374,-1,377,377,0,0,0,0
0081.txt,2930514671123459450,4,primary_longer,374,378,-1,378,0,0,0,0
0081.txt,1142109820982880808,3,primary_failed,374,-1,-1,-1,0,0,0,0
0081.txt,15817521097862381899,3,primary_duplicate,374,374,374,374,1,0,0,0
0081.txt,1460311061523598490,3,primary_longer,374,377,377,377,0,0,0,0
0081.txt,7285812465780075231,4,primary_longer,374,378,377,377,0,0,0,0
0081.txt,3404819153551924142,2,primary_equal_different,374,374,374,374,1,0,0,0
0081.txt,13436856408527640768,2,primary_shorter,374,373,374,373,1,0,0,0
0081.txt,16915450616572349425,4,primary_failed,374,-1,-1,-1,0,0,0,0
0081.txt,1022582784917332899,3,primary_longer,374,376,376,376,0,0,0,0
0081.txt,7175797029312583509,2,extract_failed,374,-1,-1,-1,0,0,0,0
0081.txt,11110635041783494642,2,primary_longer,374,377,376,376,0,0,0,0
0081.txt,6130112835025079625,4,primary_failed,374,-1,-1,-1,0,0,0,0
0082.txt,743002188006145478,4,primary_longer,320,324,-1,324,0,0,0,0
0082.txt,1761014517218521008,4,primary_longer,320,323,-1,323,0,0,0,0
0082.txt,2708987623147216553,3,primary_longer,320,322,324,322,0,0,0,0
0082.txt,1286701599625213485,4,primary_failed,320,-1,-1,-1,0,0,0,0
0082.txt,6559101625362959004,4,primary_longer,320,322,323,322,0,0,0,0
0082.txt,12408854594565470568,2,primary_failed,320,-1,-1,-1,0,0,0,0
0082.txt,13988869986461052186,2,primary_equal_different,320,320,321,320,1,0,0,0
0082.txt,636958600480211702,4,primary_longer,320,323,323,323,0,0,0,0
0082.txt,9758633016082158012,3,primary_duplicate,320,320,321,320,1,0,0,0
0082.txt,5001592009212150405,2,primary_longer,320,321,321,321,0,0,0,0
0082.txt,13679888347318515096,2,primary_longer,320,322,320,320,0,0,0,0
0082.txt,11723030989729422119,2,primary_equal_different,320,320,320,320,1,0,0,1
0082.txt,1888207308004874889,4,extract_failed,320,-1,-1,-1,0,0,0,0
0082.txt,18312569634551955414,2,primary_longer,320,322,322,322,0,0,0,0
0082.txt,9130056067332729399,4,primary_failed,320,-1,-1,-1,0,0,0,0
0082.txt,8730550425607084329,3,primary_longer,320,324,322,322,0,0,0,0
0082.txt,15587604064340578328,4,primary_failed,320,-1,324,324,0,0,0,0
0082.txt,12985491559670286865,2,primary_equal_different,320,320,320,320,1,0,0,0
0082.txt,9250982805433379997,3,primary_equal_different,320,320,320,320,1,0,0,1
0082.txt,8948344643300047880,4,primary_failed,320,-1,-1,-1,0,0,0,0
0082.txt,4489568007029174255,4,primary_failed,320,-1,-1,-1,0,0,0,0
0082.txt,14272557429402491913,3,primary_failed,320,-1,-1,-1,0,0,0,0
0082.txt,3772143518539977284,4,primary_longer,320,321,322,321,0,0,0,0
0082.txt,6818187935302685213,2,primary_equal_different,320,320,320,320,1,0,0,0
0082.txt,12633361856069564276,2,primary_equal_different,320,320,320,320,1,0,0,1
0082.txt,10508490615250499031,2,primary_longer,320,321,321,321,0,0,0,1
0082.txt,13325704581485864597,3,extract_failed,320,-1,-1,-1,0,0,0,0
0082.txt,8044366872850152894,3,primary_equal_different,320,320,321,320,1,0,0,0
0082.txt,11112491130227014508,2,primary_longer,320,323,322,322,0,0,0,0
0082.txt,6203852932170225601,3,primary_longer,320,322,320,320,0,0,0,0
0082.txt,1420983538399534276,3,primary_longer,320,323,324,323,0,0,0,0
0082.txt,6681730498867033667,3,primary_longer,320,324,324,324,0,0,0,1
0082.txt,12716131459576542058,3,primary_longer,320,324,-1,324,0,0,0,0
0082.txt,6170507019181002566,4,extract_failed,320,-1,-1,-1,0,0,0,0
0082.txt,9324849152678959968,2,primary_longer,320,324,324,324,0,0,0,0
0082.txt,4149143970421600288,4,primary_failed,320,-1,-1,-1,0,0,0,0
0082.txt,2360007451279452470,3,primary_failed,320,-1,324,324,0,0,0,0
0082.txt,3302560950117058088,3,primary_longer,320,322,322,322,0,0,0,1
0082.txt,2087756070598977648,3,primary_longer,320,323,323,323,0,0,0,1
0082.txt,15849627649694809253,3,primary_failed,320,-1,-1,-1,0,0,0,0
0082.txt,10727937313276356001,3,primary_failed,320,-1,-1,-1,0,0,0,0
0082.txt,7509586505586416954,4,primary_longer,320,324,324,324,0,0,0,1
0082.txt,17240871650397124615,4,primary_longer,320,323,-1,323,0,0,0,0
0082.txt,14067076713497102542,3,primary_equal_different,320,320,322,320,1,0,0,0
0082.txt,16571180066704428044,3,primary_longer,320,323,323,323,0,0,0,0
0082.txt,16049360766662182600,3,extract_failed,320,-1,-1,-1,0,0,0,0
0082.txt,5335904294931511922,2,primary_failed,320,-1,-1,-1,0,0,0,0
0082.txt,14177861807651757461,3,primary_equal_different,320,320,321,320,1,0,0,0
0082.txt,193243937341750512,2,extract_failed,320,-1,-1,-1,0,0,0,0
0082.txt,4437594033509263396,2,primary_longer,320,321,323,321,0,0,0,0
0082.txt,9524327275822000706,3,primary_longer,320,323,322,322,0,0,0,0
0082.txt,8659936758127276666,2,primary_longer,320,321,321,321,0,0,0,1
0082.txt,13921656831868436063,3,primary_longer,320,324,324,324,0,0,0,1
0082.txt,11165840927602387793,3,primary_equal_different,320,320,320,320,1,0,0,1
0082.txt,5763088261241554611,2,primary_longer,320,321,322,321,0,0,0,0
0082.txt,15273337719794829632,4,primary_longer,320,322,322,322,0,0,0,1
0082.txt,16394564923904472112,3,primary_longer,320,324,323,323,0,0,0,0
0082.txt,11725601276720534758,3,primary_equal_different,320,320,321,320,1,0,0,0
0082.txt,2411492940363162530,3,primary_failed,320,-1,-1,-1,0,0,0,0
0082.txt,5922299090329640998,3,primary_longer,320,322,323,322,0,0,0,0
0082.txt,7140313762741381572,4,primary_failed,320,-1,-1,-1,0,0,0,0
0082.txt,12080994648433443084,2,primary_longer,320,324,324,324,0,0,0,1
0082.txt,1983336667468367150,3,primary_failed,320,-1,-1,-1,0,0,0,0
0082.txt,2689365068382255499,3,primary_longer,320,323,323,323,0,0,0,0
0083.txt,1526969691823253080,4,primary_failed,172,-1,176,176,0,0,0,0
0083.txt,4220496277571167519,4,primary_failed,172,-1,-1,-1,0,0,0,0
0083.txt,1346455912473026049,4,primary_equal_different,172,172,172,172,1,0,0,0
0083.txt,5207224828297303406,4,primary_longer,172,176,176,176,0,0,0,0
0083.txt,1522076299533189163,4,primary_longer,172,176,176,176,0,0,0,1
0083.txt,15252576729951713031,3,primary_equal_different,172,172,172,172,1,0,0,0
0083.txt,12894705172464469876,4,primary_equal_different,172,172,172,172,1,0,0,0
0083.txt,7334026945613918620,4,primary_equal_different,172,172,172,172,1,0,0,0
0083.txt,2672400066297828088,3,primary_longer,172,176,174,174,0,0,0,0
0083.txt,8087031417548979418,4,primary_equal_different,172,172,172,172,1,0,0,0
0083.txt,7240490778375047548,3,primary_equal_different,172,172,172,172,1,0,0,0
0083.txt,10205810485695555026,4,primary_failed,172,-1,-1,-1,0,0,0,0
0083.txt,9819521063502563153,4,primary_failed,172,-1,-1,-1,0,0,0,0
0083.txt,6561568667901168823,4,primary_longer,172,175,174,174,0,0,0,0
0083.txt,5612574373338651681,2,primary_duplicate,172,172,172,172,1,0,0,0
0083.txt,8896672951514683365,4,primary_longer,172,174,174,174,0,0,0,1
0083.txt,10336244806527828539,3,primary_equal_different,172,172,172,172,1,0,0,0
0083.txt,15008040466019898168,4,extract_failed,172,-1,-1,-1,0,0,0,0
0083.txt,15403082148264304071,2,primary_equal_different,172,172,172,172,1,0,0,0
0083.txt,13184238332147147395,4,extract_failed,172,-1,-1,-1,0,0,0,0
0083.txt,11846651823730897531,4,extract_failed,172,-1,-1,-1,0,0,0,0
0083.txt,7385431951622270724,4,primary_equal_different,172,172,172,172,1,0,0,0
0083.txt,14861939411219273071,2,primary_equal_different,172,172,172,172,1,0,0,0
0083.txt,3582607716405142361,2,primary_longer,172,176,-1,176,0,0,0,0
0083.txt,925441080716276566,3,primary_equal_different,172,172,172,172,1,0,0,0
0083.txt,9994711428077167211,2,extract_failed,172,-1,-1,-1,0,0,0,0
0083.txt,14134153543319282406,4,primary_failed,172,-1,-1,-1,0,0,0,0
0083.txt,10574706940366313466,2,primary_equal_different,172,172,172,172,1,0,0,0
0083.txt,373889982465035656,4,primary_failed,172,-1,-1,-1,0,0,0,0
0083.txt,16141873780037950920,3,primary_longer,172,173,172,172,0,0,0,0
0083.txt,14293939349023277065,3,primary_longer,172,176,175,175,0,0,0,0
0083.txt,3692244301581904936,4,primary_failed,172,-1,-1,-1,0,0,0,0
0083.txt,6090894608755055092,3,primary_failed,172,-1,-1,-1,0,0,0,0
0083.txt,10036615086883255826,4,primary_failed,172,-1,-1,-1,0,0,0,0
0083.txt,16775096308976718409,3,extract_failed,172,-1,-1,-1,0,0,0,0
0083.txt,16977863722210908456,3,primary_equal_different,172,172,173,172,1,0,0,0
0083.txt,15307625668489623068,3,primary_longer,172,176,-1,176,0,0,0,0
0083.txt,13586377622791082172,3,primary_longer,172,174,174,174,0,0,0,0
0083.txt,5444483841583840356,3,extract_failed,172,-1,-1,-1,0,0,0,0
0083.txt,11206688454707150885,2,primary_equal_different,172,172,172,172,1,0,0,1
0083.txt,13954613462360751098,2,primary_longer,172,173,175,173,0,0,0,0
0083.txt,3490266480368525850,2,primary_equal_different,172,172,173,172,1,0,0,0
0083.txt,5062520536125026943,4,primary_failed,172,-1,-1,-1,0,0,0,0
0083.txt,11929066241719701058,2,primary_longer,172,175,175,175,0,0,0,1
0083.txt,361380298238756321,3,primary_failed,172,-1,-1,-1,0,0,0,0
0083.txt,16823842320609378532,3,primary_equal_different,172,172,172,172,1,0,0,1
0083.txt,12019020944758733042,2,primary_longer,172,174,175,174,0,0,0,0
0083.txt,18184026911050134058,2,primary_equal_different,172,172,173,172,1,0,0,0
0083.txt,5703236335783103213,2,primary_failed,172,-1,-1,-1,0,0,0,0
0083.txt,1511208033732095221,3,primary_equal_different,172,172,172,172,1,0,0,0
0083.txt,1825167641139671384,3,primary_equal_different,172,172,172,172,1,0,0,0
0083.txt,11657787613791766010,2,primary_equal_different,172,172,172,172,1,0,0,0
0083.txt,15382436627752677702,2,primary_longer,172,176,176,176,0,0,0,0
0083.txt,10021897228106098609,2,primary_equal_different,172,172,172,172,1,0,0,1
0083.txt,14030409814610560551,3,primary_equal_different,172,172,172,172,1,0,0,1
0083.txt,3635967066089782142,4,primary_failed,172,-1,-1,-1,0,0,0,0
0083.txt,7856712608226017898,3,primary_longer,172,174,174,174,0,0,0,0
0083.txt,10392534270840042834,3,primary_failed,172,-1,-1,-1,0,0,0,0
0083.txt,12545267162375786782,3,primary_failed,172,-1,-1,-1,0,0,0,0
0083.txt,18013873468865252426,4,primary_failed,172,-1,-1,-1,0,0,0,0
0083.txt,7978744646761400696,4,primary_failed,172,-1,-1,-1,0,0,0,0
0083.txt,6245351087014879644,2,primary_longer,172,175,175,175,0,0,0,0
0083.txt,464964134902366330,2,primary_equal_different,172,172,172,172,1,0,0,0
0083.txt,15855425614498584852,4,primary_failed,172,-1,-1,-1,0,0,0,0
0084.txt,17167997858030715764,4,primary_failed,321,-1,-1,-1,0,0,0,0
0084.txt,2331188533139060315,4,extract_failed,321,-1,-1,-1,0,0,0,0
0084.txt,9480338906280000778,4,primary_failed,321,-1,-1,-1,0,0,0,0
0084.txt,13595363402349247978,4,primary_failed,321,-1,323,323,0,0,0,0
0084.txt,10806290151128785769,4,primary_failed,321,-1,-1,-1,0,0,0,0
0084.txt,17701764085276809025,2,extract_failed,321,-1,-1,-1,0,0,0,0
0084.txt,16162260624904967337,3,extract_failed,321,-1,-1,-1,0,0,0,0
0084.txt,11231134092035787982,2,primary_longer,321,325,325,325,0,0,0,0
0084.txt,10695390233435760730,3,primary_failed,321,-1,-1,-1,0,0,0,0
0084.txt,16072213247482479789,3,primary_longer,321,325,324,324,0,0,0,0
0084.txt,13922634925191897425,3,primary_longer,321,323,323,323,0,0,0,1
0084.txt,5104691926373845851,3,primary_failed,321,-1,-1,-1,0,0,0,0
0084.txt,5874690916914886630,4,primary_failed,321,-1,-1,-1,0,0,0,0
0084.txt,16683409728882836247,4,extract_failed,321,-1,-1,-1,0,0,0,0
0084.txt,1377102255393076802,4,primary_failed,321,-1,-1,-1,0,0,0,0
0084.txt,18129814524143880657,4,primary_failed,321,-1,-1,-1,0,0,0,0
0084.txt,12609097746376361012,3,primary_longer,321,322,323,322,0,0,0,0
0084.txt,5813113604640190901,4,primary_longer,321,323,323,323,0,0,0,1
0084.txt,6658305289559067981,4,primary_longer,321,323,323,323,0,0,0,1
0084.txt,15855595826159758292,2,primary_longer,321,322,322,322,0,0,0,0
0084.txt,1228139660523935515,2,primary_failed,321,-1,-1,-1,0,0,0,0
0084.txt,7240490778375047548,3,primary_failed,321,-1,-1,-1,0,0,0,0
0084.txt,17287926367774115172,2,extract_failed,321,-1,-1,-1,0,0,0,0
0084.txt,15224567143684538895,3,primary_longer,321,322,322,322,0,0,0,0
0084.txt,5642595215140021601,3,primary_longer,321,323,322,322,0,0,0,0
0084.txt,3616356379401719587,4,primary_longer,321,323,323,323,0,0,0,0
0084.txt,15739515277208511337,2,extract_failed,321,-1,-1,-1,0,0,0,0
0084.txt,14862827905862119192,3,primary_equal_different,321,321,321,321,1,0,0,1
0084.txt,11221422829450464030,3,primary_longer,321,322,322,322,0,0,0,1
0084.txt,6988791451940399209,3,primary_longer,321,323,322,322,0,0,0,0
0084.txt,7088582488973845826,2,primary_longer,321,322,323,322,0,0,0,0
0084.txt,6906663710819861218,4,primary_failed,321,-1,-1,-1,0,0,0,0
0084.txt,7329051079915780740,2,primary_longer,321,323,321,321,0,0,0,0
0084.txt,14439243638810533249,3,primary_longer,321,324,322,322,0,0,0,0
0084.txt,13384667894659675544,3,primary_equal_different,321,321,321,321,1,0,0,0
0084.txt,4467519996238489095,2,primary_longer,321,322,322,322,0,0,0,1
0084.txt,533416536279074227,4,primary_failed,321,-1,325,325,0,0,0,0
0084.txt,15890829719824289392,3,primary_equal_different,321,321,321,321,1,0,0,0
0084.txt,7334655955571717339,3,primary_failed,321,-1,-1,-1,0,0,0,0
0084.txt,17014053203869032031,4,extract_failed,321,-1,-1,-1,0,0,0,0
0084.txt,13741661372683808253,3,primary_longer,321,325,322,322,0,0,0,0
0084.txt,12046472434560403218,2,extract_failed,321,-1,-1,-1,0,0,0,0
0084.txt,15217819150743255048,3,primary_failed,321,-1,-1,-1,0,0,0,0
0084.txt,9028063998314258501,2,primary_longer,321,322,322,322,0,0,0,1
0084.txt,1949982752997605954,4,primary_longer,321,322,322,322,0,0,0,0
0084.txt,16570741318886567323,3,primary_longer,321,325,324,324,0,0,0,0
0084.txt,6694805956412179418,3,primary_longer,321,324,324,324,0,0,0,1
0084.txt,10968696669326673766,4,primary_failed,321,-1,-1,-1,0,0,0,0
0084.txt,9386777762777119884,4,primary_failed,321,-1,-1,-1,0,0,0,0
0084.txt,13283729330963504365,3,primary_equal_different,321,321,321,321,1,0,0,1
0084.txt,7490009084837407159,4,primary_failed,321,-1,-1,-1,0,0,0,0
0084.txt,14478558100999869578,2,primary_equal_different,321,321,321,321,1,0,0,0
0084.txt,12894371343997040572,4,primary_failed,321,-1,325,325,0,0,0,0
0084.txt,6707031570233043026,3,primary_failed,321,-1,324,324,0,0,0,0
0084.txt,5152149678459887100,4,primary_longer,321,324,324,324,0,0,0,0
0084.txt,5742122910198486670,3,primary_failed,321,-1,-1,-1,0,0,0,0
0084.txt,16189352977037841567,4,primary_longer,321,322,322,322,0,0,0,0
0084.txt,14250938906396157239,3,primary_longer,321,324,323,323,0,0,0,0
0084.txt,18088308987132573033,3,primary_longer,321,324,325,324,0,0,0,0
0084.txt,17017892675345844818,3,primary_longer,321,322,322,322,0,0,0,1
0084.txt,9843578220698815729,2,primary_longer,321,322,321,321,0,0,0,0
0084.txt,16895264615337112349,2,primary_failed,321,-1,-1,-1,0,0,0,0
0084.txt,3836102725622984539,3,primary_failed,321,-1,-1,-1,0,0,0,0
0084.txt,14260865081950513015,3,primary_longer,321,324,323,323,0,0,0,0
0085.txt,2648782067986055381,3,primary_equal_different,203,203,203,203,1,0,0,0
0085.txt,5787445958640220712,2,primary_equal_different,203,203,203,203,1,0,0,0
0085.txt,2649598426258499082,2,primary_equal_different,203,203,203,203,1,0,0,1
0085.txt,9117399381877841933,2,primary_failed,203,-1,-1,-1,0,0,0,0
0085.txt,14654755330190893814,2,primary_longer,203,207,207,207,0,0,0,1
0085.txt,5575380950799779653,3,primary_equal_different,203,203,203,203,1,0,0,1
0085.txt,5501576311511982590,4,primary_failed,203,-1,-1,-1,0,0,0,0
0085.txt,18156664296169847773,2,primary_equal_different,203,203,203,203,1,0,0,0
0085.txt,15196870081422670245,2,primary_longer,203,207,207,207,0,0,0,1
0085.txt,15481627564436008052,4,primary_failed,203,-1,-1,-1,0,0,0,0
0085.txt,1007198914721520508,4,primary_equal_different,203,203,203,203,1,0,0,0
0085.txt,7623342418727371303,4,primary_longer,203,206,206,206,0,0,0,0
0085.txt,12829597459376761184,3,primary_equal_different,203,203,203,203,1,0,0,0
0085.txt,16191299505797691250,3,primary_longer,203,207,-1,207,0,0,0,0
0085.txt,7116475548408196772,2,primary_failed,203,-1,-1,-1,0,0,0,0
0085.txt,16756422904257098034,3,primary_failed,203,-1,-1,-1,0,0,0,0
0085.txt,12052131280016698302,3,primary_equal_different,203,203,203,203,1,0,0,0
0085.txt,12903697720293444829,3,primary_failed,203,-1,-1,-1,0,0,0,0
0085.txt,15697142255201100766,4,primary_longer,203,207,207,207,0,0,0,0
0085.txt,16012622766166908413,3,primary_equal_different,203,203,203,203,1,0,0,0
0085.txt,260872911285578253,2,primary_equal_different,203,203,203,203,1,0,0,1
0085.txt,11265213801284734183,2,primary_failed,203,-1,207,207,0,0,0,0
0085.txt,1414942975822014286,2,primary_equal_different,203,203,203,203,1,0,0,1
0085.txt,12944382535106093772,3,primary_failed,203,-1,207,207,0,0,0,0
0085.txt,5898353280719740641,3,primary_failed,203,-1,-1,-1,0,0,0,0
0085.txt,16809366225387707226,4,primary_longer,203,207,207,207,0,0,0,1
0085.txt,13157918885901986338,4,primary_longer,203,206,206,206,0,0,0,0
0085.txt,2995784002269258810,3,primary_equal_different,203,203,203,203,1,0,0,1
0085.txt,17353324368662271408,3,primary_longer,203,207,207,207,0,0,0,0
0085.txt,14890804484840369448,2,primary_longer,203,204,204,204,0,0,0,1
0085.txt,1392890288417303931,4,primary_failed,203,-1,-1,-1,0,0,0,0
0085.txt,13527164741269382526,2,primary_longer,203,207,207,207,0,0,0,0
0085.txt,11492190751828309646,4,primary_failed,203,-1,207,207,0,0,0,0
0085.txt,17789275649120002128,3,primary_longer,203,207,207,207,0,0,0,0
0085.txt,8324179576377511811,4,primary_longer,203,204,205,204,0,0,0,0
0085.txt,7701376864272742843,4,primary_failed,203,-1,-1,-1,0,0,0,0
0085.txt,18256076256277833974,2,extract_failed,203,-1,-1,-1,0,0,0,0
0085.txt,10958441880288426733,2,primary_longer,203,204,204,204,0,0,0,1
0085.txt,17696232387615787699,3,primary_longer,203,204,204,204,0,0,0,0
0085.txt,12391722485270131565,3,extract_failed,203,-1,-1,-1,0,0,0,0
0085.txt,17565586397989165151,4,primary_failed,203,-1,-1,-1,0,0,0,0
0085.txt,28978438147236016,2,primary_longer,203,205,204,204,0,0,0,0
0085.txt,6945288912580609635,3,primary_equal_different,203,203,204,203,1,0,0,0
0085.txt,6391180783843997411,2,primary_equal_different,203,203,203,203,1,0,0,0
0085.txt,16199608422652170961,3,primary_longer,203,206,205,205,0,0,0,0
0085.txt,15895134701872239938,3,primary_equal_different,203,203,203,203,1,0,0,0
0085.txt,17646065906338078129,2,primary_longer,203,204,204,204,0,0,0,1
0085.txt,10438425819297679745,3,primary_longer,203,205,205,205,0,0,0,1
0085.txt,6411220199584682936,3,primary_failed,203,-1,-1,-1,0,0,0,0
0085.txt,12087601166803490161,3,primary_longer,203,206,206,206,0,0,0,0
0085.txt,862045323631828433,2,primary_longer,203,205,205,205,0,0,0,1
0085.txt,1389143282457282720,3,primary_longer,203,206,205,205,0,0,0,0
0085.txt,14059728581988912174,4,primary_longer,203,207,207,207,0,0,0,0
0085.txt,1417989406909387480,4,extract_failed,203,-1,-1,-1,0,0,0,0
0085.txt,13266050629815821243,2,extract_failed,203,-1,-1,-1,0,0,0,0
0085.txt,6875653327763552084,2,primary_failed,203,-1,-1,-1,0,0,0,0
0085.txt,13717061848970465372,2,primary_longer,203,204,203,203,0,0,0,0
0085.txt,6361240066027594919,4,primary_equal_different,203,203,204,203,1,0,0,0
0085.txt,707465629139175997,2,primary_longer,203,207,207,207,0,0,0,0
0085.txt,11297526297011544409,2,primary_longer,203,205,205,205,0,0,0,0
0085.txt,11222538676666914711,3,primary_longer,203,206,204,204,0,0,0,0
0085.txt,448346801275005544,4,primary_longer,203,205,203,203,0,0,0,0
0085.txt,11174112909403366371,3,primary_longer,203,204,204,204,0,0,0,0
0085.txt,6753739758700419648,2,primary_failed,203,-1,-1,-1,0,0,0,0
0086.txt,7814844602534052080,4,primary_longer,97,100,100,100,0,0,0,1
0086.txt,15677158830862931356,4,primary_longer,97,101,-1,101,0,0,0,0
0086.txt,603977039201737317,4,extract_failed,97,-1,-1,-1,0,0,0,0
0086.txt,7822871013862897071,4,primary_failed,97,-1,100,100,0,0,0,0
0086.txt,8149338368295507022,2,primary_equal_different,97,97,97,97,1,0,0,1
0086.txt,2617374805453072747,2,primary_equal_different,97,97,97,97,1,0,0,1
0086.txt,10281904907585645246,3,primary_longer,97,99,99,99,0,0,0,1
0086.txt,3891005259058537808,3,primary_longer,97,98,97,97,0,0,0,0
0086.txt,6362644290948738218,4,primary_equal_different,97,97,97,97,1,0,0,0
0086.txt,8418584092928567317,2,primary_equal_different,97,97,97,97,1,0,0,0
0086.txt,15685032851409867171,3,extract_failed,97,-1,-1,-1,0,0,0,0
0086.txt,10336425920325592161,3,extract_failed,97,-1,-1,-1,0,0,0,0
0086.txt,15705789197662274910,2,primary_longer,97,101,-1,101,0,0,0,0
0086.txt,9486330976239770566,3,primary_longer,97,99,100,99,0,0,0,0
0086.txt,3582077341242495499,4,primary_longer,97,99,99,99,0,0,0,0
0086.txt,11351280447576784443,2,extract_failed,97,-1,-1,-1,0,0,0,0
0086.txt,15785009725955931853,4,extract_failed,97,-1,-1,-1,0,0,0,0
0086.txt,11247911624777611672,4,extract_failed,97,-1,-1,-1,0,0,0,0
0086.txt,13561510140291067505,2,primary_longer,97,101,101,101,0,0,0,1
0086.txt,15195367622681860153,2,primary_equal_different,97,97,97,97,1,0,0,0
0086.txt,13921682582149905215,2,extract_failed,97,-1,-1,-1,0,0,0,0
0086.txt,13123348567216814482,3,primary_longer,97,98,98,98,0,0,0,0
0086.txt,4667633353195498662,2,primary_failed,97,-1,-1,-1,0,0,0,0
0086.txt,6104830352084868881,3,primary_failed,97,-1,-1,-1,0,0,0,0
0086.txt,918185072203240099,2,primary_equal_different,97,97,99,97,1,0,0,0
0086.txt,7513733551989013762,2,primary_failed,97,-1,-1,-1,0,0,0,0
0086.txt,9637256263107813428,3,extract_failed,97,-1,-1,-1,0,0,0,0
0086.txt,11260441670280978024,2,primary_longer,97,99,-1,99,0,0,0,0
0086.txt,16079139293325249928,3,primary_longer,97,98,100,98,0,0,0,0
0086.txt,2262394851977068830,3,extract_failed,97,-1,-1,-1,0,0,0,0
0086.txt,4424552114732506066,3,primary_failed,97,-1,-1,-1,0,0,0,0
0086.txt,12373779852085382073,4,primary_longer,97,100,100,100,0,0,0,0
0086.txt,8176563743573704043,3,primary_longer,97,101,-1,101,0,0,0,0
0086.txt,11115200256659772875,4,primary_failed,97,-1,101,101,0,0,0,0
0086.txt,8356876079026596053,2,primary_longer,97,99,99,99,0,0,0,0
0086.txt,13660399875693132404,3,primary_longer,97,100,99,99,0,0,0,0
0086.txt,18409570592086858070,3,primary_longer,97,98,98,98,0,0,0,0
0086.txt,707465629139175997,2,primary_longer,97,101,101,101,0,0,0,1
0086.txt,4420458417149859980,3,primary_longer,97,100,100,100,0,0,0,0
0086.txt,954032929965735170,2,primary_equal_different,97,97,98,97,1,0,0,0
0086.txt,4252161749998063937,4,extract_failed,97,-1,-1,-1,0,0,0,0
0086.txt,4305074378339076425,2,primary_equal_different,97,97,97,97,1,0,0,0
0086.txt,12561578200614603138,2,primary_duplicate,97,97,97,97,1,0,0,0
0086.txt,3871215714724459492,3,primary_equal_different,97,97,97,97,1,0,0,0
0086.txt,6725493069563358928,2,primary_longer,97,98,100,98,0,0,0,0
0086.txt,14927721451559137200,3,primary_longer,97,101,101,101,0,0,0,0
0086.txt,8602382490745025904,2,primary_equal_different,97,97,97,97,1,0,0,0
0086.txt,3035896714029551763,2,primary_longer,97,98,98,98,0,0,0,0
0086.txt,9192134791702972085,3,primary_longer,97,98,97,97,0,0,0,0
0086.txt,11019619449636333336,2,primary_equal_different,97,97,97,97,1,0,0,1
0086.txt,11004370830953784967,3,primary_longer,97,98,98,98,0,0,0,0
0086.txt,5834612613265063155,3,primary_longer,97,99,99,99,0,0,0,0
0086.txt,7433647128207706643,4,primary_longer,97,100,98,98,0,0,0,0
0086.txt,5149846879296705427,3,primary_longer,97,99,-1,99,0,0,0,0
0086.txt,6486173307659524332,2,primary_equal_different,97,97,97,97,1,0,0,1
0086.txt,3142269311033920627,3,extract_failed,97,-1,-1,-1,0,0,0,0
0086.txt,7541096166869300047,2,primary_longer,97,99,99,99,0,0,0,0
0086.txt,8000062184352088301,2,primary_longer,97,99,99,99,0,0,0,0
0086.txt,709675347285405637,2,primary_longer,97,101,-1,101,0,0,0,0
0086.txt,3098842431891007236,2,primary_equal_different,97,97,99,97,1,0,0,0
0086.txt,8267275005690273843,2,extract_failed,97,-1,-1,-1,0,0,0,0
0086.txt,12743520509987541859,2,primary_longer,97,98,98,98,0,0,0,1
0086.txt,11986620509101951820,2,extract_failed,97,-1,-1,-1,0,0,0,0
0086.txt,12380607905428409848,2,primary_longer,97,98,98,98,0,0,0,0
0087.txt,4448666579159549808,4,primary_failed,114,-1,-1,-1,0,0,0,0
0087.txt,9031245730647233572,2,primary_longer,114,115,115,115,0,0,0,1
0087.txt,11755645785554348124,3,primary_longer,114,118,118,118,0,0,0,1
0087.txt,10986332275383826433,4,primary_longer,114,118,118,118,0,0,0,0
0087.txt,6455186455822169311,2,primary_longer,114,115,115,115,0,0,0,0
0087.txt,6573299908068291019,2,primary_longer,114,117,117,117,0,0,0,1
0087.txt,16441018118547516125,3,primary_longer,114,116,116,116,0,0,0,1
0087.txt,5275349726879331214,3,primary_longer,114,117,116,116,0,0,0,0
0087.txt,17897052643457096582,2,primary_longer,114,116,116,116,0,0,0,0
0087.txt,15706493792728743212,4,primary_longer,114,117,117,117,0,0,0,1
0087.txt,6186117546040463903,2,primary_longer,114,116,116,116,0,0,0,1
0087.txt,11364866742508502863,3,primary_longer,114,116,116,116,0,0,0,0
0087.txt,2703886703198081120,3,primary_longer,114,116,-1,116,0,0,0,0
0087.txt,6373540180813991226,2,primary_longer,114,116,116,116,0,0,0,1
0087.txt,7164048814228144600,3,primary_equal_different,114,114,115,114,1,0,0,0
0087.txt,17013907577145885823,2,primary_equal_different,114,114,114,114,1,0,0,1
0087.txt,17905385026407088693,4,primary_failed,114,-1,-1,-1,0,0,0,0
0087.txt,776576837878173568,3,primary_longer,114,115,114,114,0,0,0,0
0087.txt,12694805115190209657,2,primary_equal_different,114,114,114,114,1,0,0,0
0087.txt,15543000449582940083,3,primary_longer,114,118,118,118,0,0,0,0
0087.txt,1456567761175922696,4,primary_failed,114,-1,-1,-1,0,0,0,0
0087.txt,9026597607758649619,3,primary_longer,114,117,117,117,0,0,0,0
0087.txt,12140738516649383182,3,primary_equal_different,114,114,114,114,1,0,0,0
0087.txt,9475541088173839334,4,primary_longer,114,116,116,116,0,0,0,0
0087.txt,6633859092932161965,2,primary_equal_different,114,114,114,114,1,0,0,0
0087.txt,12067980392228836303,3,primary_longer,114,116,116,116,0,0,0,1
0087.txt,1051411986778846618,2,primary_longer,114,116,116,116,0,0,0,1
0087.txt,563789283339490797,3,primary_longer,114,116,116,116,0,0,0,0
0087.txt,17701764085276809025,2,primary_equal_different,114,114,114,114,1,0,0,0
0087.txt,5067896274257935836,2,primary_longer,114,116,117,116,0,0,0,0
0087.txt,17197971664735083188,2,primary_longer,114,115,115,115,0,0,0,0
0087.txt,17594670704982096295,3,primary_equal_different,114,114,114,114,1,0,0,0
0087.txt,6353713814556893613,4,primary_equal_different,114,114,114,114,1,0,0,0
0087.txt,555188209534414435,3,primary_longer,114,117,117,117,0,0,0,1
0087.txt,106382091714309708,2,primary_longer,114,116,116,116,0,0,0,0
0087.txt,9850207375137504649,2,primary_longer,114,115,115,115,0,0,0,1
0087.txt,1008848267388313180,4,primary_longer,114,118,118,118,0,0,0,0
0087.txt,10828407233083450552,4,primary_longer,114,118,118,118,0,0,0,0
0087.txt,15776579679993437460,3,primary_equal_different,114,114,114,114,1,0,0,1
0087.txt,12027308213852533784,3,primary_longer,114,116,116,116,0,0,0,0
0087.txt,2019214685237691809,3,primary_longer,114,116,116,116,0,0,0,0
0087.txt,10187550408450011781,4,primary_longer,114,118,118,118,0,0,0,1
0087.txt,12442915121493289360,3,primary_equal_different,114,114,114,114,1,0,0,0
0087.txt,4504760475308975762,3,primary_longer,114,117,117,117,0,0,0,0
0087.txt,867650199287765032,3,primary_longer,114,116,116,116,0,0,0,1
0087.txt,13896775257876047044,3,primary_equal_different,114,114,114,114,1,0,0,0
0087.txt,14554114093057896565,3,primary_longer,114,116,116,116,0,0,0,0
0087.txt,9095169902353270639,3,primary_failed,114,-1,-1,-1,0,0,0,0
0087.txt,7067001075777225215,3,primary_longer,114,116,116,116,0,0,0,0
0087.txt,1330591118506443174,3,primary_longer,114,118,118,118,0,0,0,0
0087.txt,5097005140148923491,3,primary_longer,114,117,117,117,0,0,0,1
0087.txt,10375301006910225127,3,primary_longer,114,115,114,114,0,0,0,0
0087.txt,1251171714033146411,2,primary_longer,114,116,116,116,0,0,0,1
0087.txt,2218614343131445665,2,primary_longer,114,116,116,116,0,0,0,1
0087.txt,3797605902412062045,3,primary_longer,114,115,116,115,0,0,0,0
0087.txt,14508484063729095277,2,primary_equal_different,114,114,114,114,1,0,0,0
0087.txt,707465629139175997,2,primary_longer,114,116,116,116,0,0,0,1
0087.txt,3494773856590956126,2,primary_longer,114,116,117,116,0,0,0,0
0087.txt,15222111853078110781,2,primary_longer,114,115,115,115,0,0,0,0
0087.txt,9696398606830362291,3,primary_longer,114,116,116,116,0,0,0,0
0087.txt,2496874820209366512,2,primary_longer,114,117,116,116,0,0,0,0
0087.txt,14699564580861179715,3,primary_longer,114,115,115,115,0,0,0,0
0087.txt,18118901413125914380,4,primary_longer,114,118,118,118,0,0,0,0
0087.txt,3306821712254777037,2,primary_duplicate,114,114,114,114,1,0,0,0
0088.txt,7479034523264619009,2,primary_longer,155,156,155,155,0,0,0,0
0088.txt,2438702168343080093,2,primary_equal_different,155,155,155,155,1,0,0,1
0088.txt,2339025453453768009,2,primary_longer,155,157,157,157,0,0,0,0
0088.txt,9899698786949099986,3,primary_longer,155,157,156,156,0,0,0,0
0088.txt,9676217663386969536,4,primary_longer,155,159,159,159,0,0,0,1
0088.txt,5267233704606465069,4,primary_longer,155,157,157,157,0,0,0,0
0088.txt,7180638852916596150,3,primary_longer,155,157,158,157,0,0,0,0
0088.txt,2868651240580518169,4,primary_longer,155,157,-1,157,0,0,0,0
0088.txt,3759689019852941032,2,primary_longer,155,157,157,157,0,0,0,0
0088.txt,8870017699394764807,3,primary_failed,155,-1,156,156,0,0,0,0
0088.txt,9902085319946684513,3,primary_failed,155,-1,-1,-1,0,0,0,0
0088.txt,2866264707582933642,4,primary_failed,155,-1,-1,-1,0,0,0,0
0088.txt,10114766503071160078,4,primary_failed,155,-1,-1,-1,0,0,0,0
0088.txt,12488803954769206180,3,primary_longer,155,159,159,159,0,0,0,0
0088.txt,9743486612570467915,4,primary_longer,155,157,156,156,0,0,0,0
0088.txt,17643768248261877493,2,primary_equal_different,155,155,155,155,1,0,0,0
0088.txt,13502983858722071312,2,primary_equal_different,155,155,155,155,1,0,0,0
0088.txt,6094218814627941057,2,primary_equal_different,155,155,156,155,1,0,0,0
0088.txt,10540884198842503583,4,primary_longer,155,158,158,158,0,0,0,1
0088.txt,1964899919450846276,3,primary_longer,155,157,157,157,0,0,0,0
0088.txt,3461264220461890188,3,primary_longer,155,156,155,155,0,0,0,0
0088.txt,11322149684182949288,2,primary_equal_different,155,155,155,155,1,0,0,0
0088.txt,8308160684229263851,2,primary_longer,155,157,157,157,0,0,0,0
0088.txt,16068524987370052034,2,primary_longer,155,156,156,156,0,0,0,0
0088.txt,6491330045722438418,3,primary_longer,155,157,156,156,0,0,0,0
0088.txt,15559689823337628704,4,primary_longer,155,159,159,159,0,0,0,1
0088.txt,3065999491610132349,2,primary_longer,155,156,156,156,0,0,0,0
0088.txt,10366174037239661370,3,primary_longer,155,159,159,159,0,0,0,1
0088.txt,8051357165422931902,4,primary_failed,155,-1,-1,-1,0,0,0,0
0088.txt,11875408394041643952,3,primary_longer,155,156,156,156,0,0,0,0
0088.txt,14261625073106159643,3,primary_equal_different,155,155,155,155,1,0,0,0
0088.txt,11791315840157525434,3,primary_longer,155,156,156,156,0,0,0,0
0088.txt,13757895209596898511,3,primary_longer,155,156,155,155,0,0,0,0
0088.txt,13098431785044681547,3,primary_longer,155,156,156,156,0,0,0,0
0088.txt,3139555519539095491,3,primary_longer,155,157,157,157,0,0,0,0
0088.txt,17364838771070481758,4,primary_longer,155,158,158,158,0,0,0,0
0088.txt,18395608291786667814,3,primary_failed,155,-1,-1,-1,0,0,0,0
0088.txt,15438133871699995703,2,primary_duplicate,155,155,156,155,1,0,0,0
0088.txt,4462305360610639271,2,primary_longer,155,158,157,157,0,0,0,0
0088.txt,10540803110977309257,2,primary_longer,155,156,156,156,0,0,0,0
0088.txt,5342005645011900671,3,primary_longer,155,158,158,158,0,0,0,1
0088.txt,7866431966874712893,4,primary_failed,155,-1,-1,-1,0,0,0,0
0088.txt,9072957139710275194,3,primary_failed,155,-1,-1,-1,0,0,0,0
0088.txt,8035025967857808937,2,primary_equal_different,155,155,155,155,1,0,0,0
0088.txt,16984291895836554174,4,extract_failed,155,-1,-1,-1,0,0,0,0
0088.txt,12657696321942862764,3,primary_failed,155,-1,-1,-1,0,0,0,0
0088.txt,12851923491530683937,3,primary_longer,155,159,-1,159,0,0,0,0
0088.txt,5150973306501525002,4,primary_failed,155,-1,159,159,0,0,0,0
0088.txt,1232446002061680417,3,primary_longer,155,158,157,157,0,0,0,0
0088.txt,739866064795957219,2,primary_longer,155,158,158,158,0,0,0,0
0088.txt,15924020934430389472,2,primary_equal_different,155,155,155,155,1,0,0,0
0088.txt,10799749848032176593,3,primary_longer,155,157,157,157,0,0,0,0
0088.txt,3104057067518857060,2,primary_longer,155,159,159,159,0,0,0,0
0088.txt,8799638720188061013,4,primary_longer,155,158,157,157,0,0,0,0
0088.txt,9205940501097447716,2,primary_longer,155,156,156,156,0,0,0,1
0088.txt,16973207682532899654,3,primary_longer,155,157,157,157,0,0,0,0
0088.txt,2694997617619037019,3,primary_longer,155,157,157,157,0,0,0,1
0088.txt,13070854214310904513,4,primary_failed,155,-1,-1,-1,0,0,0,0
0088.txt,4446078898346798071,3,primary_equal_different,155,155,155,155,1,0,0,1
0088.txt,16464463685160492258,4,primary_equal_different,155,155,155,155,1,0,0,0
0088.txt,15117999591132200588,3,primary_longer,155,156,155,155,0,0,0,0
0088.txt,3495188634317654891,3,primary_equal_different,155,155,155,155,1,0,0,0
0088.txt,6548978820995001919,3,primary_longer,155,157,157,157,0,0,0,1
0088.txt,13930021052545794372,3,primary_longer,155,157,157,157,0,0,0,0
0089.txt,9102881875050080738,3,primary_failed,385,-1,-1,-1,0,0,0,0
0089.txt,5684446903714996710,2,primary_equal_different,385,385,386,385,1,0,0,0
0089.txt,6100375823992575958,4,primary_failed,385,-1,-1,-1,0,0,0,0
0089.txt,3818665340644929885,3,primary_failed,385,-1,-1,-1,0,0,0,0
0089.txt,2396974702963666406,4,primary_failed,385,-1,-1,-1,0,0,0,0
0089.txt,7626522887549735639,3,primary_failed,385,-1,-1,-1,0,0,0,0
0089.txt,13379862696466083417,4,primary_failed,385,-1,-1,-1,0,0,0,0
0089.txt,2683377173577701360,2,primary_longer,385,387,387,387,0,0,0,1
0089.txt,4737091437911956962,3,primary_longer,385,386,386,386,0,0,0,1
0089.txt,6928872602179273098,4,primary_failed,385,-1,-1,-1,0,0,0,0
0089.txt,7128522688627061248,3,primary_failed,385,-1,-1,-1,0,0,0,0
0089.txt,589955114085255072,4,primary_failed,385,-1,-1,-1,0,0,0,0
0089.txt,2697298138903764889,4,primary_equal_different,385,385,386,385,1,0,0,0
0089.txt,4395205896229463296,2,primary_failed,385,-1,-1,-1,0,0,0,0
0089.txt,7689047855991794445,4,primary_failed,385,-1,-1,-1,0,0,0,0
0089.txt,856314654660415495,4,primary_failed,385,-1,-1,-1,0,0,0,0
0089.txt,13711581523569876770,2,primary_failed,385,-1,-1,-1,0,0,0,0
0089.txt,17018660971996301656,3,primary_longer,385,389,389,389,0,0,0,0
0089.txt,17968752572281828608,3,primary_failed,385,-1,-1,-1,0,0,0,0
0089.txt,7340769787912517553,2,primary_longer,385,387,387,387,0,0,0,0
0089.txt,14175825631158166721,4,primary_failed,385,-1,-1,-1,0,0,0,0
0089.txt,17687357061575038011,4,primary_failed,385,-1,-1,-1,0,0,0,0
0089.txt,7499722440840331050,3,primary_longer,385,388,389,388,0,0,0,0
0089.txt,12218239789417878587,4,primary_failed,385,-1,-1,-1,0,0,0,0
0089.txt,18311331930592471205,2,primary_longer,385,387,387,387,0,0,0,1
0089.txt,17810045502474924835,3,primary_longer,385,387,387,387,0,0,0,0
0089.txt,7118508451703071525,2,primary_longer,385,388,389,388,0,0,0,0
0089.txt,1221068936452565825,2,primary_longer,385,389,388,388,0,0,0,0
0089.txt,17698493478022450063,2,primary_failed,385,-1,-1,-1,0,0,0,0
0089.txt,12681635681234215708,2,primary_longer,385,386,386,386,0,0,0,1
0089.txt,15414756355019668413,3,primary_longer,385,389,388,388,0,0,0,0
0089.txt,10445192202677746679,2,primary_longer,385,388,389,388,0,0,0,0
0089.txt,12330750913133157813,3,primary_longer,385,386,386,386,0,0,0,1
0089.txt,3447927366067691904,4,primary_longer,385,389,389,389,0,0,0,1
0089.txt,7359543369619365008,3,primary_longer,385,387,386,386,0,0,0,0
0089.txt,9616795473645878504,4,primary_longer,385,389,389,389,0,0,0,1
0089.txt,2044095452541173513,2,primary_longer,385,387,387,387,0,0,0,0
0089.txt,15099894068497359415,4,primary_failed,385,-1,-1,-1,0,0,0,0
0089.txt,3455108782939348624,3,primary_failed,385,-1,-1,-1,0,0,0,0
0089.txt,4722287603584306779,4,primary_failed,385,-1,-1,-1,0,0,0,0
0089.txt,5033288022084895121,3,primary_failed,385,-1,-1,-1,0,0,0,0
0089.txt,14965031718796113921,3,primary_longer,385,389,387,387,0,0,0,0
0089.txt,1606702699765311915,4,primary_longer,385,387,387,387,0,0,0,1
0089.txt,12989153448577245455,3,primary_longer,385,388,388,388,0,0,0,1
0089.txt,10782597467248362327,3,primary_equal_different,385,385,388,385,1,0,0,0
0089.txt,240029658959137593,4,primary_longer,385,389,388,388,0,0,0,0
0089.txt,11669965431402148177,4,primary_failed,385,-1,-1,-1,0,0,0,0
0089.txt,7361186760791236079,2,primary_longer,385,386,386,386,0,0,0,1
0089.txt,15135995853797392274,3,primary_longer,385,389,389,389,0,0,0,1
0089.txt,17783507215973057079,3,primary_equal_different,385,385,385,385,1,0,0,1
0089.txt,13442904830432183885,3,primary_longer,385,386,386,386,0,0,0,1
0089.txt,3428776191942984764,4,primary_longer,385,389,389,389,0,0,0,1
0089.txt,11815161604880572912,3,primary_longer,385,386,386,386,0,0,0,0
0089.txt,6754223021655700522,4,primary_longer,385,386,386,386,0,0,0,0
0089.txt,7545832330547239976,3,primary_failed,385,-1,-1,-1,0,0,0,0
0089.txt,10537975008347043960,2,primary_longer,385,386,386,386,0,0,0,1
0089.txt,5461794795663009973,2,primary_longer,385,388,388,388,0,0,0,1
0089.txt,1897031705110455301,4,primary_failed,385,-1,-1,-1,0,0,0,0
0089.txt,6183059964931729611,3,primary_longer,385,389,389,389,0,0,0,0
0089.txt,11529342984028146028,3,primary_longer,385,387,385,385,0,0,0,0
0089.txt,15313127445225272087,2,primary_longer,385,386,386,386,0,0,0,0
0089.txt,12363868872476480317,4,primary_longer,385,386,385,385,0,0,0,0
0089.txt,18096614843090775414,3,primary_failed,385,-1,389,389,0,0,0,0
0089.txt,15723209233826059330,3,primary_failed,385,-1,-1,-1,0,0,0,0
0090.txt,9385231522691476027,2,primary_equal_different,153,153,155,153,1,0,0,0
0090.txt,2850901967693181786,3,primary_failed,153,-1,-1,-1,0,0,0,0
0090.txt,11942269303275501057,4,primary_failed,153,-1,156,156,0,0,0,0
0090.txt,7454654745810633292,4,primary_failed,153,-1,-1,-1,0,0,0,0
0090.txt,9821903830060021044,3,primary_failed,153,-1,-1,-1,0,0,0,0
0090.txt,3407736131103573330,2,primary_longer,153,156,157,156,0,0,0,0
0090.txt,8138940575148897416,4,primary_longer,153,155,155,155,0,0,0,0
0090.txt,16099152565369825314,4,primary_failed,153,-1,-1,-1,0,0,0,0
0090.txt,13055162591748545613,3,primary_longer,153,154,154,154,0,0,0,1
0090.txt,14866036862308489197,4,primary_longer,153,157,157,157,0,0,0,1
0090.txt,11890190532855783021,4,primary_failed,153,-1,-1,-1,0,0,0,0
0090.txt,17881560593025777167,3,primary_failed,153,-1,-1,-1,0,0,0,0
0090.txt,6287156169430050954,3,primary_failed,153,-1,-1,-1,0,0,0,0
0090.txt,14439061982872593836,3,primary_failed,153,-1,-1,-1,0,0,0,0
0090.txt,7044055421089135400,3,primary_longer,153,157,157,157,0,0,0,1
0090.txt,15027860568229977660,4,primary_failed,153,-1,-1,-1,0,0,0,0
0090.txt,5255583663812789042,2,primary_longer,153,155,155,155,0,0,0,0
0090.txt,830174397537698977,2,primary_longer,153,155,155,155,0,0,0,1
0090.txt,10304397627518271578,4,primary_longer,153,156,157,156,0,0,0,0
0090.txt,1770519166537037829,2,primary_failed,153,-1,-1,-1,0,0,0,0
0090.txt,12450457006912109,2,primary_equal_different,153,153,153,153,1,0,0,1
0090.txt,9323117322092780839,3,primary_longer,153,157,157,157,0,0,0,1
0090.txt,8108316741521109134,3,primary_longer,153,156,-1,156,0,0,0,0
0090.txt,1821774677657941832,3,primary_longer,153,155,155,155,0,0,0,1
0090.txt,10349942416023954141,3,primary_failed,153,-1,-1,-1,0,0,0,0
0090.txt,12747674256507262361,2,primary_longer,153,154,154,154,0,0,0,1
0090.txt,12472683451692287581,2,primary_longer,153,157,157,157,0,0,0,0
0090.txt,959072152887863192,3,primary_longer,153,156,157,156,0,0,0,0
0090.txt,1796557072519281804,2,primary_failed,153,-1,-1,-1,0,0,0,0
0090.txt,17690635046558750095,3,primary_longer,153,156,157,156,0,0,0,0
0090.txt,13194178099439476214,2,primary_longer,153,155,156,155,0,0,0,0
0090.txt,17459262591039999358,2,primary_equal_different,153,153,153,153,1,0,0,0
0090.txt,17984982663049397172,3,primary_longer,153,155,155,155,0,0,0,0
0090.txt,9870234511165095361,2,primary_equal_different,153,153,154,153,1,0,0,0
0090.txt,17338497851014967240,2,primary_equal_different,153,153,153,153,1,0,0,1
0090.txt,2605837125607432705,3,primary_longer,153,155,155,155,0,0,0,1
0090.txt,14534785789501252240,2,primary_longer,153,155,156,155,0,0,0,0
0090.txt,7988524504506448259,3,extract_failed,153,-1,-1,-1,0,0,0,0
0090.txt,14272231802918320976,4,primary_failed,153,-1,-1,-1,0,0,0,0
0090.txt,15395077072616790054,3,primary_longer,153,157,155,155,0,0,0,0
0090.txt,13842548628444791059,3,primary_longer,153,157,157,157,0,0,0,0
0090.txt,15658198704467719799,3,primary_equal_different,153,153,153,153,1,0,0,1
0090.txt,9492720801450478623,3,extract_failed,153,-1,-1,-1,0,0,0,0
0090.txt,395814614837663920,3,primary_longer,153,155,156,155,0,0,0,0
0090.txt,6933472349927128729,2,primary_equal_different,153,153,153,153,1,0,0,1
0090.txt,4228588444430265547,3,primary_failed,153,-1,-1,-1,0,0,0,0
0090.txt,17791541973464486122,2,primary_longer,153,154,154,154,0,0,0,1
0090.txt,8180889756256202166,3,primary_longer,153,156,156,156,0,0,0,0
0090.txt,14381002229335403243,2,primary_longer,153,157,157,157,0,0,0,0
0090.txt,1284633038798056955,2,primary_longer,153,156,157,156,0,0,0,0
0090.txt,8511551933297362844,3,primary_longer,153,156,156,156,0,0,0,0
0090.txt,1219424004171844839,3,primary_failed,153,-1,156,156,0,0,0,0
0090.txt,474067762268610773,2,primary_longer,153,155,155,155,0,0,0,0
0090.txt,1310846824640242922,2,primary_longer,153,154,154,154,0,0,0,0
0090.txt,15776195219228098884,4,primary_longer,153,157,-1,157,0,0,0,0
0090.txt,6945316139993667473,2,primary_longer,153,157,155,155,0,0,0,0
0090.txt,14622274239460872060,3,primary_longer,153,155,155,155,0,0,0,0
0090.txt,13166285040005125268,2,primary_longer,153,154,153,153,0,0,0,0
0090.txt,17015176638287719052,4,extract_failed,153,-1,-1,-1,0,0,0,0
0090.txt,6519849295651298169,3,primary_longer,153,157,157,157,0,0,0,0
0090.txt,10454419099593368985,3,primary_failed,153,-1,156,156,0,0,0,0
0090.txt,15256167538919345047,3,primary_longer,153,157,157,157,0,0,0,0
0090.txt,3678400099023588793,3,primary_failed,153,-1,-1,-1,0,0,0,0
0090.txt,4531974612498590823,3,primary_longer,153,155,155,155,0,0,0,0
0091.txt,17446907416530116218,4,primary_longer,98,99,99,99,0,0,0,0
0091.txt,873744610225980556,3,primary_failed,98,-1,102,102,0,0,0,0
0091.txt,18263415441804963290,4,primary_failed,98,-1,-1,-1,0,0,0,0
0091.txt,11540839803385208267,4,primary_failed,98,-1,-1,-1,0,0,0,0
0091.txt,17501138092094569699,4,primary_longer,98,100,100,100,0,0,0,1
0091.txt,16520159026479847019,4,primary_longer,98,100,100,100,0,0,0,1
0091.txt,5096938162730387100,2,primary_equal_different,98,98,98,98,1,0,0,0
0091.txt,17979229363019339328,2,extract_failed,98,-1,-1,-1,0,0,0,0
0091.txt,18085923442442951380,3,primary_longer,98,99,101,99,0,0,0,0
0091.txt,14729667358441760301,3,primary_longer,98,102,-1,102,0,0,0,0
0091.txt,2315442784761402169,3,primary_longer,98,100,100,100,0,0,0,1
0091.txt,11937968083243344884,4,primary_longer,98,102,101,101,0,0,0,0
0091.txt,14314874779140972699,2,primary_equal_different,98,98,98,98,1,0,0,0
0091.txt,4369441357727925667,3,primary_longer,98,100,101,100,0,0,0,0
0091.txt,401642597437346323,3,primary_equal_different,98,98,98,98,1,0,0,0
0091.txt,11438003590601037271,4,primary_failed,98,-1,-1,-1,0,0,0,0
0091.txt,9915103561030287147,3,extract_failed,98,-1,-1,-1,0,0,0,0
0091.txt,12711807466165808412,3,primary_longer,98,100,100,100,0,0,0,0
0091.txt,11110104597229429981,2,extract_failed,98,-1,-1,-1,0,0,0,0
0091.txt,6663785055661387664,2,primary_longer,98,100,100,100,0,0,0,0
0091.txt,10232425074637691926,4,primary_longer,98,101,101,101,0,0,0,0
0091.txt,2466507287847460043,2,extract_failed,98,-1,-1,-1,0,0,0,0
0091.txt,10264752352045618050,2,primary_longer,98,99,99,99,0,0,0,0
0091.txt,9599486327791224974,2,extract_failed,98,-1,-1,-1,0,0,0,0
0091.txt,3843881490321406849,3,primary_equal_different,98,98,98,98,1,0,0,0
0091.txt,17646065906338078129,2,primary_longer,98,99,98,98,0,0,0,0
0091.txt,15433184925844884657,2,primary_longer,98,102,100,100,0,0,0,0
0091.txt,9897370522698282679,3,extract_failed,98,-1,-1,-1,0,0,0,0
0091.txt,3821750663457622070,2,primary_longer,98,102,-1,102,0,0,0,0
0091.txt,16001669076177310056,3,primary_longer,98,99,99,99,0,0,0,0
0091.txt,10533241767343309060,3,primary_failed,98,-1,-1,-1,0,0,0,0
0091.txt,3039783623502197557,4,primary_longer,98,101,101,101,0,0,0,0
0091.txt,17246488793346000086,3,primary_equal_different,98,98,98,98,1,0,0,0
0091.txt,13256897702777458532,3,primary_longer,98,102,102,102,0,0,0,0
0091.txt,7048298042530239793,3,primary_longer,98,100,98,98,0,0,0,0
0091.txt,4320073454547165474,3,primary_equal_different,98,98,98,98,1,0,0,0
0091.txt,11386774675636569740,2,primary_longer,98,100,99,99,0,0,0,0
0091.txt,16043636845417321272,2,primary_equal_different,98,98,98,98,1,0,0,1
0091.txt,1553171504025697702,2,primary_longer,98,100,100,100,0,0,0,0
0091.txt,15615127235217823378,2,primary_equal_different,98,98,98,98,1,0,0,0
0091.txt,2430286129237501977,3,primary_longer,98,99,99,99,0,0,0,0
0091.txt,5551219989139390191,2,extract_failed,98,-1,-1,-1,0,0,0,0
0091.txt,14284595186709037226,2,primary_equal_different,98,98,98,98,1,0,0,0
0091.txt,5005127371247835250,2,extract_failed,98,-1,-1,-1,0,0,0,0
0091.txt,6246058346420299192,2,primary_equal_different,98,98,98,98,1,0,0,0
0091.txt,14319382155363402975,2,primary_equal_different,98,98,98,98,1,0,0,0
0091.txt,13318124571797483403,2,primary_longer,98,102,102,102,0,0,0,1
0091.txt,1374764556688443826,2,primary_longer,98,100,100,100,0,0,0,1
0091.txt,10962319160690796957,4,primary_equal_different,98,98,98,98,1,0,0,0
0091.txt,7274767419787888940,2,primary_longer,98,99,99,99,0,0,0,0
0091.txt,9208503848946387130,2,primary_equal_different,98,98,98,98,1,0,0,0
0091.txt,3309649814885042334,2,primary_equal_different,98,98,98,98,1,0,0,0
0091.txt,4911460491321763534,2,primary_equal_different,98,98,98,98,1,0,0,1
0091.txt,3399162948291393548,2,primary_longer,98,101,101,101,0,0,0,1
0091.txt,561194362677377460,2,primary_equal_different,98,98,98,98,1,0,0,0
0091.txt,7485133233149243268,2,primary_longer,98,100,99,99,0,0,0,0
0091.txt,17621706126673663203,4,primary_longer,98,101,101,101,0,0,0,0
0091.txt,6633505463229452191,2,primary_equal_different,98,98,99,98,1,0,0,0
0091.txt,4158449482174568114,2,primary_failed,98,-1,-1,-1,0,0,0,0
0091.txt,11418063880888590519,3,primary_longer,98,101,101,101,0,0,0,0
0091.txt,3070191825071155600,3,primary_equal_different,98,98,99,98,1,0,0,0
0091.txt,1777772602977422778,3,primary_longer,98,99,98,98,0,0,0,0
0091.txt,17922890110211380953,3,primary_longer,98,101,102,101,0,0,0,0
0091.txt,10901544584331514377,3,primary_failed,98,-1,-1,-1,0,0,0,0
0092.txt,10020571584216643404,2,primary_longer,563,567,-1,567,0,0,0,0
0092.txt,16853318047689993019,2,primary_longer,563,564,564,564,0,0,0,1
0092.txt,17332772191878592967,4,primary_longer,563,566,566,566,0,0,0,1
0092.txt,4824727941063866545,3,primary_failed,563,-1,-1,-1,0,0,0,0
0092.txt,2341323111529968645,2,primary_longer,563,566,564,564,0,0,0,0
0092.txt,9632609827130758877,4,primary_longer,563,566,-1,566,0,0,0,0
0092.txt,2820445560409891426,3,primary_longer,563,567,567,567,0,0,0,1
0092.txt,10463652705775416239,4,primary_failed,563,-1,566,566,0,0,0,0
0092.txt,8955796654864406178,4,primary_longer,563,564,564,564,0,0,0,0
0092.txt,4963746827516355979,3,primary_longer,563,565,566,565,0,0,0,0
0092.txt,1557502065396773091,2,primary_longer,563,564,564,564,0,0,0,0
0092.txt,11083979686308627905,2,primary_failed,563,-1,-1,-1,0,0,0,0
0092.txt,13181858815287538646,4,primary_longer,563,566,566,566,0,0,0,0
0092.txt,18086682099576077895,3,primary_failed,563,-1,-1,-1,0,0,0,0
0092.txt,14294409808617528539,3,primary_failed,563,-1,-1,-1,0,0,0,0
0092.txt,16349436752226883291,2,primary_failed,563,-1,-1,-1,0,0,0,0
0092.txt,16336669788927978782,4,primary_longer,563,567,567,567,0,0,0,1
0092.txt,4011527858701480264,3,primary_failed,563,-1,-1,-1,0,0,0,0
0092.txt,6151153762534743267,2,primary_longer,563,564,565,564,0,0,0,0
0092.txt,13456114010595787766,3,primary_longer,563,566,565,565,0,0,0,0
0092.txt,5908564328367962604,2,primary_failed,563,-1,-1,-1,0,0,0,0
0092.txt,17815881779908706198,3,primary_longer,563,565,565,565,0,0,0,1
0092.txt,9881105352053475779,2,primary_longer,563,567,-1,567,0,0,0,0
0092.txt,2487124842380234231,3,primary_longer,563,566,-1,566,0,0,0,0
0092.txt,9089273836385294641,3,primary_failed,563,-1,567,567,0,0,0,0
0092.txt,15810448112159160829,4,primary_failed,563,-1,-1,-1,0,0,0,0
0092.txt,17374875218340114077,2,primary_shorter,563,562,562,562,1,0,0,1
0092.txt,12415482814012746593,2,primary_shorter,563,562,565,562,1,0,0,0
0092.txt,6245351087014879644,2,primary_equal_different,563,563,563,563,1,0,0,0
0092.txt,7370518935790388365,2,primary_equal_different,563,563,563,563,1,0,0,1
0092.txt,2088075783488624890,3,primary_shorter,563,562,565,562,1,0,0,0
0092.txt,13559477236996192752,2,primary_failed,563,-1,-1,-1,0,0,0,0
0092.txt,13221228440056625544,3,primary_longer,563,565,565,565,0,0,0,0
0092.txt,9043583194309837524,3,primary_equal_different,563,563,563,563,1,0,0,0
0092.txt,10008350799688440784,4,primary_longer,563,567,566,566,0,0,0,0
0092.txt,8486744446417872614,2,extract_failed,563,-1,-1,-1,0,0,0,0
0092.txt,6926557000032764759,3,primary_longer,563,567,-1,567,0,0,0,0
0092.txt,529476531085609466,3,primary_longer,563,565,565,565,0,0,0,0
0092.txt,15035112843666268224,3,primary_shorter,563,562,561,561,1,1,1,0
0092.txt,16249821790693768052,4,primary_longer,563,567,-1,567,0,0,0,0
0092.txt,5677311407639712629,4,primary_longer,563,565,565,565,0,0,0,0
0092.txt,1195269689255621342,3,primary_failed,563,-1,-1,-1,0,0,0,0
0092.txt,6823402570930535037,2,primary_longer,563,566,564,564,0,0,0,0
0092.txt,17202216230461996457,3,primary_longer,563,564,564,564,0,0,0,0
0092.txt,17054652009534385092,3,extract_failed,563,-1,-1,-1,0,0,0,0
0092.txt,2579819708119560516,3,primary_longer,563,567,567,567,0,0,0,0
0092.txt,16040086893281312190,4,primary_longer,563,567,566,566,0,0,0,0
0092.txt,1980620225117066274,2,primary_longer,563,565,565,565,0,0,0,0
0092.txt,9949520853543048644,3,primary_longer,563,564,564,564,0,0,0,0
0092.txt,10117672522661137710,3,primary_failed,563,-1,-1,-1,0,0,0,0
0092.txt,10652113606386664742,4,primary_longer,563,567,-1,567,0,0,0,0
0092.txt,14320089414768822523,2,primary_longer,563,564,566,564,0,0,0,0
0092.txt,4972088433794478067,3,primary_equal_different,563,563,563,563,1,0,0,0
0092.txt,6213038591288069418,2,primary_equal_different,563,563,564,563,1,0,0,0
0092.txt,15078226184622483876,2,primary_longer,563,564,564,564,0,0,0,0
0092.txt,8097352366243815858,2,primary_longer,563,564,564,564,0,0,0,1
0092.txt,2045125304113462074,3,primary_longer,563,565,565,565,0,0,0,1
0092.txt,2653097581145765887,2,primary_equal_different,563,563,563,563,1,0,0,1
0092.txt,14163839904582279872,3,primary_longer,563,565,565,565,0,0,0,1
0092.txt,55192223989421983,2,primary_equal_different,563,563,563,563,1,0,0,0
0092.txt,6306917822771232690,3,primary_equal_different,563,563,563,563,1,0,0,0
0092.txt,4166456013284265195,2,primary_longer,563,564,565,564,0,0,0,0
0092.txt,17949025281921496487,3,primary_equal_different,563,563,563,563,1,0,0,0
0092.txt,576166578856371532,3,extract_failed,563,-1,-1,-1,0,0,0,0
0093.txt,11204478736560921245,2,primary_longer,84,88,88,88,0,0,0,0
0093.txt,1965372345000312248,3,primary_failed,84,-1,-1,-1,0,0,0,0
0093.txt,13690589062755545321,3,primary_failed,84,-1,-1,-1,0,0,0,0
0093.txt,4833348244226801754,4,primary_failed,84,-1,-1,-1,0,0,0,0
0093.txt,16658248951167314552,3,primary_failed,84,-1,-1,-1,0,0,0,0
0093.txt,3822878550278892725,4,primary_longer,84,85,88,85,0,0,0,0
0093.txt,5652292461203963103,4,primary_failed,84,-1,-1,-1,0,0,0,0
0093.txt,6146731422086880761,4,primary_longer,84,85,85,85,0,0,0,0
0093.txt,15030117238028743055,4,primary_failed,84,-1,-1,-1,0,0,0,0
0093.txt,11567989554974998630,3,primary_longer,84,85,87,85,0,0,0,0
0093.txt,15163681438889221683,3,primary_longer,84,85,85,85,0,0,0,1
0093.txt,6185189258000827075,4,primary_longer,84,85,85,85,0,0,0,1
0093.txt,5286941444748537504,4,primary_failed,84,-1,-1,-1,0,0,0,0
0093.txt,8694803200048956248,4,primary_longer,84,88,-1,88,0,0,0,0
0093.txt,14996993083331571294,4,primary_failed,84,-1,-1,-1,0,0,0,0
0093.txt,5078125791534920244,3,primary_longer,84,87,87,87,0,0,0,0
0093.txt,9387087611134995893,2,primary_longer,84,86,86,86,0,0,0,0
0093.txt,9254079908474829933,3,primary_failed,84,-1,-1,-1,0,0,0,0
0093.txt,12851186061457723551,3,primary_longer,84,88,86,86,0,0,0,0
0093.txt,7416483051979651786,3,primary_equal_different,84,84,84,84,1,0,0,0
0093.txt,4696754714935263759,4,primary_longer,84,86,86,86,0,0,0,0
0093.txt,9327500440457870378,2,primary_longer,84,85,85,85,0,0,0,0
0093.txt,2641732502851738848,2,primary_failed,84,-1,-1,-1,0,0,0,0
0093.txt,10927985473005136373,2,primary_longer,84,86,84,84,0,0,0,0
0093.txt,1673759429199374933,2,primary_longer,84,86,86,86,0,0,0,1
0093.txt,3403826968736088428,3,primary_longer,84,87,88,87,0,0,0,0
0093.txt,15405115051559178824,2,primary_longer,84,87,87,87,0,0,0,1
0093.txt,7119657280741171843,2,primary_longer,84,85,86,85,0,0,0,0
0093.txt,7300981205630074907,2,primary_equal_different,84,84,84,84,1,0,0,0
0093.txt,1134472780597863799,2,primary_longer,84,85,87,85,0,0,0,0
0093.txt,15378674162885556828,3,primary_longer,84,85,85,85,0,0,0,1
0093.txt,10282081722437000133,3,primary_failed,84,-1,-1,-1,0,0,0,0
0093.txt,1918293826731059353,2,primary_equal_different,84,84,84,84,1,0,0,0
0093.txt,5761408987649389632,2,primary_failed,84,-1,-1,-1,0,0,0,0
0093.txt,13709814310047740795,2,primary_longer,84,85,85,85,0,0,0,1
0093.txt,14332197731158947868,4,primary_longer,84,87,87,87,0,0,0,1
0093.txt,17547606289272084138,3,primary_longer,84,85,85,85,0,0,0,0
0093.txt,5699945557899653968,3,primary_longer,84,87,87,87,0,0,0,1
0093.txt,7941100826124797480,3,primary_equal_different,84,84,84,84,1,0,0,1
0093.txt,1250464454627726863,2,primary_longer,84,86,86,86,0,0,0,0
0093.txt,585728874927398448,2,primary_longer,84,88,88,88,0,0,0,1
0093.txt,14153266757641036245,3,primary_failed,84,-1,-1,-1,0,0,0,0
0093.txt,5118889655986715453,3,primary_longer,84,85,85,85,0,0,0,0
0093.txt,15827879581576762233,2,primary_longer,84,85,84,84,0,0,0,0
0093.txt,10383130559073065641,2,primary_longer,84,86,86,86,0,0,0,0
0093.txt,77143217761413274,3,primary_longer,84,85,85,85,0,0,0,0
0093.txt,8692337193784057888,2,primary_failed,84,-1,88,88,0,0,0,0
0093.txt,14169201726534119536,3,primary_longer,84,87,87,87,0,0,0,0
0093.txt,15887377877332503857,2,primary_equal_different,84,84,84,84,1,0,0,1
0093.txt,2008778974324155998,2,primary_failed,84,-1,-1,-1,0,0,0,0
0093.txt,2162474594560033999,2,primary_longer,84,85,85,85,0,0,0,0
0093.txt,12813455504964782168,3,extract_failed,84,-1,-1,-1,0,0,0,0
0093.txt,798725805438572903,3,primary_longer,84,86,86,86,0,0,0,0
0093.txt,2729279221558125888,3,primary_longer,84,88,88,88,0,0,0,0
0093.txt,8782822341377154533,2,primary_longer,84,86,86,86,0,0,0,0
0093.txt,8056025118072145080,2,primary_longer,84,86,86,86,0,0,0,0
0093.txt,10839002784152849820,2,primary_longer,84,85,85,85,0,0,0,0
0093.txt,1735821072804055971,2,primary_longer,84,86,86,86,0,0,0,0
0093.txt,1891372781483453838,2,primary_longer,84,85,85,85,0,0,0,0
0093.txt,3948083668813213786,2,primary_longer,84,85,85,85,0,0,0,0
0093.txt,7393145626815336531,2,extract_failed,84,-1,-1,-1,0,0,0,0
0093.txt,4048591401480949093,3,primary_longer,84,88,88,88,0,0,0,0
0093.txt,13476334996221590717,3,primary_longer,84,86,86,86,0,0,0,0
0093.txt,17162300621823943004,2,primary_longer,84,85,85,85,0,0,0,0
0094.txt,9135169639758453391,4,primary_longer,122,124,126,124,0,0,0,0
0094.txt,15050647151350024652,4,primary_failed,122,-1,-1,-1,0,0,0,0
0094.txt,1991520263171587649,3,primary_longer,122,123,123,123,0,0,0,1
0094.txt,10461034563878386378,4,primary_equal_different,122,122,122,122,1,0,0,1
0094.txt,10179129123699668728,3,primary_longer,122,123,123,123,0,0,0,1
0094.txt,8720966506744717910,4,primary_equal_different,122,122,122,122,1,0,0,1
0094.txt,7984135435307148369,3,primary_longer,122,124,123,123,0,0,0,0
0094.txt,9702610464786250907,2,primary_equal_different,122,122,122,122,1,0,0,1
0094.txt,5104189133731220489,3,primary_failed,122,-1,-1,-1,0,0,0,0
0094.txt,12630533753439298979,2,primary_failed,122,-1,126,126,0,0,0,0
0094.txt,4530749554587689241,4,primary_longer,122,123,123,123,0,0,0,1
0094.txt,16508670535248893024,3,primary_equal_different,122,122,122,122,1,0,0,0
0094.txt,2406595510860829662,4,primary_longer,122,126,-1,126,0,0,0,0
0094.txt,14241448057242264622,2,primary_equal_different,122,122,122,122,1,0,0,1
0094.txt,1643479836767439460,2,primary_longer,122,123,123,123,0,0,0,1
0094.txt,9787438472127404063,2,primary_longer,122,123,123,123,0,0,0,1
0094.txt,16840533849563276520,4,primary_failed,122,-1,-1,-1,0,0,0,0
0094.txt,11145282794219845379,3,primary_longer,122,124,124,124,0,0,0,0
0094.txt,9925114126794710777,3,primary_equal_different,122,122,122,122,1,0,0,1
0094.txt,196336794753341692,2,primary_longer,122,124,124,124,0,0,0,0
0094.txt,10715942590740305723,3,primary_equal_different,122,122,123,122,1,0,0,0
0094.txt,7594619664883200910,3,primary_longer,122,123,123,123,0,0,0,1
0094.txt,319929637408639107,2,primary_equal_different,122,122,122,122,1,0,0,0
0094.txt,7147321664240109366,3,primary_duplicate,122,122,122,122,1,0,0,0
0094.txt,17151053764906379500,3,primary_longer,122,125,125,125,0,0,0,1
0094.txt,4903574211521005715,3,primary_failed,122,-1,-1,-1,0,0,0,0
0094.txt,15321434938264713091,2,primary_equal_different,122,122,122,122,1,0,0,0
0094.txt,13044194656090637945,2,primary_longer,122,124,124,124,0,0,0,0
0094.txt,14522478000819720685,3,primary_longer,122,123,123,123,0,0,0,1
0094.txt,18237202522069146922,4,primary_equal_different,122,122,122,122,1,0,0,0
0094.txt,5943090962627074156,3,primary_longer,122,124,125,124,0,0,0,0
0094.txt,14710364634208240819,2,primary_longer,122,124,124,124,0,0,0,1
0094.txt,8012141970311938867,4,primary_longer,122,124,124,124,0,0,0,1
0094.txt,7582538317020836901,4,primary_equal_different,122,122,123,122,1,0,0,0
0094.txt,4540134366413154946,3,primary_longer,122,124,124,124,0,0,0,0
0094.txt,17408077446759901829,3,primary_equal_different,122,122,122,122,1,0,0,0
0094.txt,7046088324384010153,3,primary_failed,122,-1,-1,-1,0,0,0,0
0094.txt,11086277344384828541,2,primary_longer,122,125,125,125,0,0,0,0
0094.txt,3632979955812327501,3,primary_longer,122,123,123,123,0,0,0,0
0094.txt,12884412465679954894,4,primary_longer,122,123,122,122,0,0,0,0
0094.txt,5394784206203217889,2,primary_longer,122,123,123,123,0,0,0,0
0094.txt,13329919924677315590,4,primary_failed,122,-1,-1,-1,0,0,0,0
0094.txt,1964572411211437136,3,primary_longer,122,123,123,123,0,0,0,1
0094.txt,4705137795164966890,3,primary_longer,122,126,-1,126,0,0,0,0
0094.txt,3824137196455206597,2,primary_equal_different,122,122,122,122,1,0,0,1
0094.txt,9477660698658063534,2,primary_longer,122,124,124,124,0,0,0,1
0094.txt,12709741883081184974,4,primary_longer,122,123,123,123,0,0,0,1
0094.txt,2250042764601481456,2,primary_longer,122,125,124,124,0,0,0,0
0094.txt,11593251497259529449,2,primary_longer,122,123,123,123,0,0,0,0
0094.txt,2406832177240363532,2,primary_longer,122,123,123,123,0,0,0,0
0094.txt,14327690583394256874,2,primary_longer,122,124,122,122,0,0,0,0
0094.txt,10811728109202534531,2,primary_equal_different,122,122,122,122,1,0,0,0
0094.txt,4636626580471221889,3,primary_longer,122,124,125,124,0,0,0,0
0094.txt,16079131073477106569,2,primary_equal_different,122,122,122,122,1,0,0,0
0094.txt,14695408565327526205,3,primary_longer,122,124,124,124,0,0,0,0
0094.txt,1412275604142968399,4,primary_failed,122,-1,-1,-1,0,0,0,0
0094.txt,17069959385787326493,2,primary_failed,122,-1,-1,-1,0,0,0,0
0094.txt,8601940921112345134,2,primary_longer,122,123,123,123,0,0,0,1
0094.txt,2291159664282537550,4,primary_longer,122,123,123,123,0,0,0,1
0094.txt,9977782797236659520,3,primary_failed,122,-1,-1,-1,0,0,0,0
0094.txt,7485044358227859377,2,primary_failed,122,-1,126,126,0,0,0,0
0094.txt,15654687269867358181,2,primary_longer,122,123,123,123,0,0,0,0
0094.txt,16687726904606023318,2,primary_equal_different,122,122,122,122,1,0,0,0
0094.txt,14548020636322473570,4,primary_failed,122,-1,-1,-1,0,0,0,0
0095.txt,1718470400379520354,4,primary_longer,255,256,257,256,0,0,0,0
0095.txt,13080990807690885022,3,primary_longer,255,258,258,258,0,0,0,1
0095.txt,8915077241766015621,2,primary_longer,255,257,256,256,0,0,0,0
0095.txt,707474348471656418,3,primary_equal_different,255,255,255,255,1,0,0,1
0095.txt,18355935975934168577,3,primary_equal_different,255,255,256,255,1,0,0,0
0095.txt,18099551598420277781,2,primary_duplicate,255,255,255,255,1,0,0,0
0095.txt,16312742865008740743,3,primary_longer,255,256,256,256,0,0,0,1
0095.txt,5354140442681650521,4,primary_equal_different,255,255,255,255,1,0,0,1
0095.txt,12501647596698836956,3,primary_longer,255,258,257,257,0,0,0,0
0095.txt,3107769244405896792,2,primary_longer,255,256,257,256,0,0,0,0
0095.txt,6233280098144516163,3,primary_longer,255,256,255,255,0,0,0,0
0095.txt,15399463320001269895,3,primary_longer,255,257,258,257,0,0,0,0
0095.txt,15342658296233883536,4,primary_longer,255,256,259,256,0,0,0,0
0095.txt,7033945199143244252,2,primary_equal_different,255,255,255,255,1,0,0,1
0095.txt,14018392966498899864,3,primary_failed,255,-1,258,258,0,0,0,0
0095.txt,7888523049875997105,3,primary_longer,255,259,259,259,0,0,0,1
0095.txt,5756969880212177131,3,primary_failed,255,-1,-1,-1,0,0,0,0
0095.txt,3379130463098672187,4,primary_longer,255,258,257,257,0,0,0,0
0095.txt,6151355037953688396,4,primary_failed,255,-1,-1,-1,0,0,0,0
0095.txt,17189516168462939176,4,primary_failed,255,-1,-1,-1,0,0,0,0
0095.txt,11050168955801460721,3,primary_longer,255,257,258,257,0,0,0,0
0095.txt,11897735956643705370,3,primary_longer,255,257,256,256,0,0,0,0
0095.txt,315422261186208831,2,primary_equal_different,255,255,255,255,1,0,0,1
0095.txt,2434459546901975700,2,primary_longer,255,256,257,256,0,0,0,0
0095.txt,3025151369048643487,3,primary_equal_different,255,255,256,255,1,0,0,0
0095.txt,2162474594560033999,2,primary_failed,255,-1,-1,-1,0,0,0,0
0095.txt,15861782475974353547,2,primary_longer,255,256,257,256,0,0,0,0
0095.txt,12497492872531864830,3,primary_longer,255,258,258,258,0,0,0,1
0095.txt,3611384850096267742,2,primary_longer,255,259,259,259,0,0,0,1
0095.txt,2462264666406355650,2,primary_longer,255,257,257,257,0,0,0,0
0095.txt,1224692238418221666,2,primary_longer,255,256,256,256,0,0,0,1
0095.txt,3194011770557889044,2,primary_equal_different,255,255,256,255,1,0,0,0
0095.txt,8817725731214520395,4,primary_failed,255,-1,-1,-1,0,0,0,0
0095.txt,7474197536107206631,4,primary_longer,255,258,257,257,0,0,0,0
0095.txt,9679851578234267539,4,primary_failed,255,-1,259,259,0,0,0,0
0095.txt,4671312474414566214,4,primary_longer,255,259,259,259,0,0,0,0
0095.txt,6878811828571159542,3,primary_longer,255,256,256,256,0,0,0,0
0095.txt,15810686445697097190,3,primary_longer,255,259,259,259,0,0,0,1
0095.txt,12578345478652791036,3,primary_equal_different,255,255,256,255,1,0,0,0
0095.txt,4671963914566574051,2,primary_equal_different,255,255,256,255,1,0,0,0
0095.txt,8210579062283328364,3,primary_longer,255,256,257,256,0,0,0,0
0095.txt,14695301636339224003,4,primary_equal_different,255,255,256,255,1,0,0,0
0095.txt,15948113877047729690,2,primary_longer,255,256,255,255,0,0,0,0
0095.txt,4888351041414497543,4,primary_failed,255,-1,-1,-1,0,0,0,0
0095.txt,11416884775469923623,4,primary_longer,255,259,258,258,0,0,0,0
0095.txt,12337612924811874561,3,primary_equal_different,255,255,256,255,1,0,0,0
0095.txt,1410028424594897212,3,primary_longer,255,258,258,258,0,0,0,1
0095.txt,7365818883694632904,3,primary_longer,255,257,257,257,0,0,0,1
0095.txt,6935840765807402847,4,primary_failed,255,-1,-1,-1,0,0,0,0
0095.txt,6002231208294034320,2,primary_longer,255,256,255,255,0,0,0,0
0095.txt,16126942722872911115,3,primary_failed,255,-1,-1,-1,0,0,0,0
0095.txt,1844961234677989904,3,primary_equal_different,255,255,255,255,1,0,0,0
0095.txt,4305074378339076425,2,primary_equal_different,255,255,255,255,1,0,0,0
0095.txt,1793677454519515210,3,primary_equal_different,255,255,256,255,1,0,0,0
0095.txt,12390715008658329979,4,primary_failed,255,-1,-1,-1,0,0,0,0
0095.txt,9533721726116321687,3,primary_failed,255,-1,259,259,0,0,0,0
0095.txt,12703642424996872680,3,extract_failed,255,-1,-1,-1,0,0,0,0
0095.txt,11456244976643953817,4,primary_failed,255,-1,-1,-1,0,0,0,0
0095.txt,17143140920994026648,4,primary_longer,255,258,258,258,0,0,0,1
0095.txt,5623829571544021495,3,primary_failed,255,-1,259,259,0,0,0,0
0095.txt,8234115104856173733,4,extract_failed,255,-1,-1,-1,0,0,0,0
0095.txt,4325934269679558827,3,primary_longer,255,259,259,259,0,0,0,0
0095.txt,873489402111144403,4,primary_longer,255,257,258,257,0,0,0,0
0095.txt,8272937900350809131,3,primary_failed,255,-1,-1,-1,0,0,0,0
0096.txt,11680572951564354341,4,primary_failed,85,-1,-1,-1,0,0,0,0
0096.txt,9889988947587726450,4,primary_failed,85,-1,-1,-1,0,0,0,0
0096.txt,6851402336924344676,4,primary_failed,85,-1,-1,-1,0,0,0,0
0096.txt,5778891835938761195,4,primary_longer,85,87,86,86,0,0,0,0
0096.txt,16465163671475420472,2,primary_longer,85,89,89,89,0,0,0,0
0096.txt,5051263254115539230,3,primary_failed,85,-1,-1,-1,0,0,0,0
0096.txt,8350902997491253833,4,primary_longer,85,87,87,87,0,0,0,1
0096.txt,7574380677637460816,4,primary_longer,85,86,86,86,0,0,0,0
0096.txt,12662437240654565232,3,primary_failed,85,-1,-1,-1,0,0,0,0
0096.txt,11037028481483483221,4,primary_equal_different,85,85,87,85,1,0,0,0
0096.txt,5474262368246907684,3,primary_equal_different,85,85,87,85,1,0,0,0
0096.txt,5590020627946368668,4,primary_failed,85,-1,-1,-1,0,0,0,0
0096.txt,434861357321785744,2,primary_equal_different,85,85,87,85,1,0,0,0
0096.txt,16387970674586808598,3,primary_failed,85,-1,-1,-1,0,0,0,0
0096.txt,9253078478326674933,4,extract_failed,85,-1,-1,-1,0,0,0,0
0096.txt,2303102080778391799,4,primary_longer,85,87,86,86,0,0,0,0
0096.txt,3788355088721827762,3,primary_equal_different,85,85,87,85,1,0,0,0
0096.txt,14703657247480024198,3,primary_duplicate,85,85,85,85,1,0,0,0
0096.txt,10762221435971546409,3,primary_longer,85,86,86,86,0,0,0,0
0096.txt,2053942896321664526,3,primary_failed,85,-1,-1,-1,0,0,0,0
0096.txt,10081925968415904894,2,primary_failed,85,-1,-1,-1,0,0,0,0
0096.txt,9626672127820156372,2,primary_longer,85,88,88,88,0,0,0,0
0096.txt,8955639821790956925,3,primary_duplicate,85,85,85,85,1,0,0,0
0096.txt,9328914959268709474,2,primary_failed,85,-1,-1,-1,0,0,0,0
0096.txt,4168529044629292612,3,primary_longer,85,87,87,87,0,0,0,0
0096.txt,4487173581676448281,3,primary_longer,85,87,87,87,0,0,0,1
0096.txt,17158765259788258159,2,primary_failed,85,-1,-1,-1,0,0,0,0
0096.txt,12335608608419852002,3,primary_equal_different,85,85,85,85,1,0,0,1
0096.txt,12713485751450010517,3,primary_equal_different,85,85,85,85,1,0,0,1
0096.txt,10053502464427489287,2,primary_duplicate,85,85,85,85,1,0,0,0
0096.txt,5723976931792492355,3,primary_failed,85,-1,-1,-1,0,0,0,0
0096.txt,4883036987333347927,2,primary_equal_different,85,85,85,85,1,0,0,1
0096.txt,3348655185147181989,3,primary_duplicate,85,85,85,85,1,0,0,0
0096.txt,15802814624772676584,2,primary_duplicate,85,85,85,85,1,0,0,0
0096.txt,9082524473293505188,2,primary_equal_different,85,85,87,85,1,0,0,0
0096.txt,8746550953026682010,4,primary_failed,85,-1,-1,-1,0,0,0,0
0096.txt,12708574765526524541,4,primary_failed,85,-1,-1,-1,0,0,0,0
0096.txt,8828807530856804260,3,primary_failed,85,-1,-1,-1,0,0,0,0
0096.txt,15889233965776023723,2,primary_longer,85,87,87,87,0,0,0,0
0096.txt,7992904806407919143,4,primary_longer,85,87,86,86,0,0,0,0
0096.txt,9697721917722075833,4,primary_longer,85,88,88,88,0,0,0,0
0096.txt,2416624981982916853,4,primary_longer,85,87,87,87,0,0,0,0
0096.txt,9981317170964381491,3,primary_duplicate,85,85,87,85,1,0,0,0
0096.txt,1551030054664685837,3,primary_longer,85,89,89,89,0,0,0,1
0096.txt,656519357258560998,3,primary_equal_different,85,85,86,85,1,0,0,0
0096.txt,6508773302750879201,3,primary_failed,85,-1,-1,-1,0,0,0,0
0096.txt,10523226716867569393,3,extract_failed,85,-1,-1,-1,0,0,0,0
0096.txt,2413527124364007417,3,primary_longer,85,88,88,88,0,0,0,0
0096.txt,13655625279249824685,3,primary_longer,85,87,87,87,0,0,0,0
0096.txt,1556353236358672773,2,primary_equal_different,85,85,86,85,1,0,0,0
0096.txt,17795872534835561511,2,primary_longer,85,86,86,86,0,0,0,0
0096.txt,288236461157277433,2,primary_equal_different,85,85,85,85,1,0,0,0
0096.txt,2372133148515968779,2,primary_duplicate,85,85,87,85,1,0,0,0
0096.txt,9313636223235170246,3,primary_failed,85,-1,-1,-1,0,0,0,0
0096.txt,8730550425607084329,3,primary_longer,85,87,87,87,0,0,0,0
0096.txt,4036447038190051787,2,primary_longer,85,87,88,87,0,0,0,0
0096.txt,11775370621483823057,2,primary_longer,85,87,87,87,0,0,0,1
0096.txt,2322600407138230002,3,primary_failed,85,-1,-1,-1,0,0,0,0
0096.txt,16733967826475799997,2,primary_longer,85,89,89,89,0,0,0,1
0096.txt,11508334614996992402,2,primary_duplicate,85,85,85,85,1,0,0,0
0096.txt,9693860467122716238,2,primary_longer,85,87,87,87,0,0,0,1
0096.txt,14768537286074527238,2,primary_longer,85,87,87,87,0,0,0,0
0096.txt,15014220512644311976,2,primary_longer,85,87,89,87,0,0,0,0
0096.txt,7476119766761554244,4,primary_longer,85,86,88,86,0,0,0,0
0097.txt,8774336197678079143,4,primary_failed,552,-1,-1,-1,0,0,0,0
0097.txt,5454670868019276855,4,primary_failed,552,-1,-1,-1,0,0,0,0
0097.txt,16515951794559061581,3,primary_longer,552,555,554,554,0,0,0,0
0097.txt,2829428474008889704,4,primary_failed,552,-1,-1,-1,0,0,0,0
0097.txt,11108536704023362832,4,primary_failed,552,-1,-1,-1,0,0,0,0
0097.txt,17121452010438828330,3,primary_failed,552,-1,-1,-1,0,0,0,0
0097.txt,1525874098780307850,4,primary_longer,552,555,555,555,0,0,0,0
0097.txt,18126380837997157074,4,primary_failed,552,-1,-1,-1,0,0,0,0
0097.txt,4430273779846756515,4,primary_longer,552,556,556,556,0,0,0,0
0097.txt,5361460826755087065,4,primary_equal_different,552,552,552,552,1,0,0,1
0097.txt,17190370496109648837,2,primary_equal_different,552,552,553,552,1,0,0,0
0097.txt,4878919112573210083,3,primary_equal_different,552,552,553,552,1,0,0,0
0097.txt,15860857030050689136,4,primary_failed,552,-1,-1,-1,0,0,0,0
0097.txt,15252781935280301560,3,extract_failed,552,-1,-1,-1,0,0,0,0
0097.txt,15946291152268402193,3,primary_longer,552,555,554,554,0,0,0,0
0097.txt,7922895851066952852,3,primary_failed,552,-1,-1,-1,0,0,0,0
0097.txt,6906331304330731262,4,primary_failed,552,-1,-1,-1,0,0,0,0
0097.txt,915886479135626568,2,extract_failed,552,-1,-1,-1,0,0,0,0
0097.txt,556824931771726904,4,primary_failed,552,-1,-1,-1,0,0,0,0
0097.txt,13093800266105239322,4,primary_longer,552,556,-1,556,0,0,0,0
0097.txt,15812226663318645749,4,extract_failed,552,-1,-1,-1,0,0,0,0
0097.txt,14262535147386571761,2,primary_longer,552,555,555,555,0,0,0,1
0097.txt,1299495883943421893,4,primary_failed,552,-1,-1,-1,0,0,0,0
0097.txt,9750883354959489444,2,extract_failed,552,-1,-1,-1,0,0,0,0
0097.txt,18312868980386893821,3,extract_failed,552,-1,-1,-1,0,0,0,0
0097.txt,18429688683270223421,4,primary_failed,552,-1,-1,-1,0,0,0,0
0097.txt,14075651017059055095,4,primary_failed,552,-1,-1,-1,0,0,0,0
0097.txt,11713468812239779373,4,primary_failed,552,-1,-1,-1,0,0,0,0
0097.txt,8638583978210230749,2,primary_longer,552,553,552,552,0,0,0,0
0097.txt,7903253992541201438,3,primary_failed,552,-1,-1,-1,0,0,0,0
0097.txt,17698526538627923922,3,primary_failed,552,-1,556,556,0,0,0,0
0097.txt,10338568835809498340,3,primary_longer,552,553,553,553,0,0,0,0
0097.txt,2863818876670970747,4,primary_failed,552,-1,-1,-1,0,0,0,0
0097.txt,18128568562604947843,4,extract_failed,552,-1,-1,-1,0,0,0,0
0097.txt,7302905313116644017,3,primary_failed,552,-1,-1,-1,0,0,0,0
0097.txt,5305002452274785566,4,extract_failed,552,-1,-1,-1,0,0,0,0
0097.txt,12927583662585326329,2,extract_failed,552,-1,-1,-1,0,0,0,0
0097.txt,16706408429103538078,4,extract_failed,552,-1,-1,-1,0,0,0,0
0097.txt,16727494035553405547,3,primary_failed,552,-1,-1,-1,0,0,0,0
0097.txt,7668381265524715442,3,primary_failed,552,-1,-1,-1,0,0,0,0
0097.txt,16254267413560001483,2,extract_failed,552,-1,-1,-1,0,0,0,0
0097.txt,1340065527964049073,2,primary_failed,552,-1,-1,-1,0,0,0,0
0097.txt,5487282336204267535,3,primary_longer,552,556,-1,556,0,0,0,0
0097.txt,14515877672365341240,3,extract_failed,552,-1,-1,-1,0,0,0,0
0097.txt,9622413266250319244,4,primary_failed,552,-1,-1,-1,0,0,0,0
0097.txt,2411516368314148695,2,primary_longer,552,553,552,552,0,0,0,0
0097.txt,15677012063971149529,2,primary_failed,552,-1,-1,-1,0,0,0,0
0097.txt,3622555971810999462,3,primary_longer,552,556,-1,556,0,0,0,0
0097.txt,4691320858342620549,3,primary_longer,552,553,553,553,0,0,0,1
0097.txt,9081976031943296993,4,primary_longer,552,555,556,555,0,0,0,0
0097.txt,8012936724506359886,3,primary_longer,552,555,556,555,0,0,0,0
0097.txt,5828508573470228558,3,primary_equal_different,552,552,552,552,1,0,0,0
0097.txt,7606695695405071786,4,primary_failed,552,-1,-1,-1,0,0,0,0
0097.txt,15393129483862684800,3,primary_failed,552,-1,556,556,0,0,0,0
0097.txt,13746250503066393636,3,primary_failed,552,-1,-1,-1,0,0,0,0
0097.txt,11234846268922827714,2,primary_equal_different,552,552,552,552,1,0,0,1
0097.txt,18135524202863739401,3,extract_failed,552,-1,-1,-1,0,0,0,0
0097.txt,753543004178655476,3,primary_longer,552,555,555,555,0,0,0,1
0097.txt,16161898429539608538,4,primary_longer,552,554,551,551,0,0,0,0
0097.txt,9749469771140063243,2,primary_longer,552,556,-1,556,0,0,0,0
0097.txt,386143857606022214,3,primary_failed,552,-1,-1,-1,0,0,0,0
0097.txt,14086107754467834166,3,primary_longer,552,554,553,553,0,0,0,0
0097.txt,6855241187013223268,4,primary_longer,552,554,553,553,0,0,0,0
0097.txt,10341022262894964287,4,primary_longer,552,554,554,554,0,0,0,0
0098.txt,5291281182280344160,4,primary_longer,130,132,132,132,0,0,0,1
0098.txt,11390486852523609472,2,primary_equal_different,130,130,130,130,1,0,0,0
0098.txt,6286535069764295206,3,primary_longer,130,133,132,132,0,0,0,0
0098.txt,10125003977898744178,4,primary_longer,130,133,133,133,0,0,0,1
0098.txt,4233597874729526842,3,primary_longer,130,131,131,131,0,0,0,1
0098.txt,7428286794761132062,4,primary_longer,130,134,-1,134,0,0,0,0
0098.txt,2282065547147840969,3,primary_longer,130,132,132,132,0,0,0,0
0098.txt,9028646143426128443,4,primary_failed,130,-1,134,134,0,0,0,0
0098.txt,3277072564376906225,2,primary_equal_different,130,130,132,130,1,0,0,0
0098.txt,6665385650796237859,3,primary_failed,130,-1,-1,-1,0,0,0,0
0098.txt,8823054907481781719,4,primary_failed,130,-1,-1,-1,0,0,0,0
0098.txt,6456472814578459451,4,primary_longer,130,131,131,131,0,0,0,1
0098.txt,5921380546458916990,3,primary_longer,130,131,130,130,0,0,0,0
0098.txt,9716103521872915472,3,primary_longer,130,131,131,131,0,0,0,0
0098.txt,8663383245241577620,2,primary_longer,130,131,130,130,0,0,0,0
0098.txt,16419636198926730973,3,primary_longer,130,133,131,131,0,0,0,0
0098.txt,17462806672408164624,3,primary_failed,130,-1,-1,-1,0,0,0,0
0098.txt,477884147388831796,4,primary_failed,130,-1,-1,-1,0,0,0,0
0098.txt,8903062784107950893,3,primary_longer,130,134,134,134,0,0,0,0
0098.txt,1978836327998816308,4,primary_failed,130,-1,-1,-1,0,0,0,0
0098.txt,18340727448767632243,2,primary_longer,130,132,132,132,0,0,0,0
0098.txt,3480584846310566945,3,primary_longer,130,132,132,132,0,0,0,0
0098.txt,9628360120744801772,3,primary_failed,130,-1,-1,-1,0,0,0,0
0098.txt,3348237835347831706,2,primary_equal_different,130,130,130,130,1,0,0,1
0098.txt,1168124372995306213,4,primary_longer,130,132,131,131,0,0,0,0
0098.txt,14741831892361747890,3,primary_failed,130,-1,-1,-1,0,0,0,0
0098.txt,7813346808983980526,2,primary_failed,130,-1,-1,-1,0,0,0,0
0098.txt,15498251486931185879,2,primary_longer,130,134,134,134,0,0,0,1
0098.txt,16212981281746446243,3,primary_longer,130,131,131,131,0,0,0,1
0098.txt,9325566661864998602,3,primary_failed,130,-1,-1,-1,0,0,0,0
0098.txt,8331142699500562136,3,primary_longer,130,131,132,131,0,0,0,0
0098.txt,6062613578306550379,2,primary_longer,130,132,132,132,0,0,0,0
0098.txt,42553234587492695,2,primary_longer,130,133,133,133,0,0,0,0
0098.txt,18133809057511991764,2,primary_equal_different,130,130,130,130,1,0,0,1
0098.txt,10657944549036685534,2,primary_failed,130,-1,134,134,0,0,0,0
0098.txt,6768626064881918451,3,primary_longer,130,131,132,131,0,0,0,0
0098.txt,11808210198792978985,4,primary_failed,130,-1,-1,-1,0,0,0,0
0098.txt,12675165450692435650,3,primary_longer,130,132,132,132,0,0,0,0
0098.txt,2496528618472455775,3,primary_failed,130,-1,-1,-1,0,0,0,0
0098.txt,14718875262117413261,4,primary_longer,130,134,134,134,0,0,0,1
0098.txt,16286942747145627716,3,primary_longer,130,133,131,131,0,0,0,0
0098.txt,14108044327815303216,2,primary_longer,130,131,132,131,0,0,0,0
0098.txt,15560843575089931578,2,primary_longer,130,132,132,132,0,0,0,1
0098.txt,3912058996199363828,2,primary_longer,130,134,134,134,0,0,0,1
0098.txt,18190302435786113204,2,primary_longer,130,134,-1,134,0,0,0,0
0098.txt,10116271367437589873,2,primary_failed,130,-1,-1,-1,0,0,0,0
0098.txt,14715586208978263868,3,primary_longer,130,134,134,134,0,0,0,1
0098.txt,3068473964537687872,2,primary_duplicate,130,130,132,130,1,0,0,0
0098.txt,17735579039744429343,2,primary_longer,130,132,132,132,0,0,0,1
0098.txt,3490266480368525850,2,primary_longer,130,131,131,131,0,0,0,1
0098.txt,16567533926315190319,4,primary_longer,130,132,130,130,0,0,0,0
0098.txt,4733583988538574319,2,primary_longer,130,134,134,134,0,0,0,0
0098.txt,1042573114193928058,2,primary_longer,130,131,131,131,0,0,0,1
0098.txt,12602252336351911094,4,primary_failed,130,-1,-1,-1,0,0,0,0
0098.txt,6088473734446026572,2,primary_longer,130,131,131,131,0,0,0,0
0098.txt,17057774442156791340,3,primary_failed,130,-1,-1,-1,0,0,0,0
0098.txt,224244508847575979,4,primary_failed,130,-1,-1,-1,0,0,0,0
0098.txt,10977743865956151872,3,primary_longer,130,132,132,132,0,0,0,0
0098.txt,14665746565497282067,3,primary_longer,130,131,131,131,0,0,0,1
0098.txt,4585551512705400137,3,primary_longer,130,132,132,132,0,0,0,0
0098.txt,7509321357897446217,3,primary_equal_different,130,130,130,130,1,0,0,0
0098.txt,12398469427216525688,4,primary_failed,130,-1,-1,-1,0,0,0,0
0098.txt,1027262427302540796,3,primary_longer,130,134,134,134,0,0,0,0
0098.txt,9258997642037887288,3,primary_longer,130,133,133,133,0,0,0,0
0099.txt,4771216380603266708,4,primary_failed,198,-1,-1,-1,0,0,0,0
0099.txt,15574514199403936633,4,primary_failed,198,-1,-1,-1,0,0,0,0
0099.txt,3021471881585246132,3,primary_failed,198,-1,-1,-1,0,0,0,0
0099.txt,12651072205016376922,3,primary_longer,198,202,202,202,0,0,0,1
0099.txt,6196621566833659242,4,primary_failed,198,-1,-1,-1,0,0,0,0
0099.txt,8668509940939456448,2,primary_longer,198,200,200,200,0,0,0,0
0099.txt,18246972628911589531,2,primary_longer,198,202,202,202,0,0,0,1
0099.txt,6021516358049103627,4,primary_longer,198,201,200,200,0,0,0,0
0099.txt,9178842640998487314,2,primary_longer,198,201,199,199,0,0,0,0
0099.txt,14497701162770685855,2,primary_longer,198,200,202,200,0,0,0,0
0099.txt,17647627385979568274,4,primary_failed,198,-1,-1,-1,0,0,0,0
0099.txt,9050901096275499954,3,primary_longer,198,200,200,200,0,0,0,1
0099.txt,5180511260406854386,3,primary_failed,198,-1,-1,-1,0,0,0,0
0099.txt,1297288535713325588,4,primary_longer,198,202,200,200,0,0,0,0
0099.txt,391484106783138510,3,primary_longer,198,201,200,200,0,0,0,0
0099.txt,748174492826811118,2,primary_longer,198,202,201,201,0,0,0,0
0099.txt,4850106107122502044,2,primary_equal_different,198,198,198,198,1,0,0,1
0099.txt,8477622678355013615,3,primary_longer,198,202,-1,202,0,0,0,0
0099.txt,3946114985099316604,3,primary_failed,198,-1,-1,-1,0,0,0,0
0099.txt,8528107263290407540,3,primary_longer,198,199,199,199,0,0,0,0
0099.txt,5141188578369374698,3,primary_longer,198,202,201,201,0,0,0,0
0099.txt,862133263561799429,2,primary_equal_different,198,198,198,198,1,0,0,0
0099.txt,11195269564493917606,4,primary_longer,198,202,202,202,0,0,0,0
0099.txt,9573802986503103668,2,primary_equal_different,198,198,198,198,1,0,0,0
0099.txt,17819592229921988713,3,primary_longer,198,201,201,201,0,0,0,0
0099.txt,2923617216886728431,2,primary_longer,198,201,-1,201,0,0,0,0
0099.txt,2648430717957989865,3,primary_longer,198,200,200,200,0,0,0,1
0099.txt,16035213033115731831,4,primary_longer,198,202,202,202,0,0,0,1
0099.txt,12925286004509125693,2,primary_equal_different,198,198,200,198,1,0,0,0
0099.txt,11683010256442629116,3,primary_failed,198,-1,-1,-1,0,0,0,0
0099.txt,17872818454689265625,3,primary_longer,198,202,199,199,0,0,0,0
0099.txt,13841273076109798444,2,primary_longer,198,202,201,201,0,0,0,0
0099.txt,6091655466779001643,2,primary_failed,198,-1,-1,-1,0,0,0,0
0099.txt,9479252032320257517,2,primary_longer,198,201,201,201,0,0,0,1
0099.txt,3190481328392612947,3,primary_longer,198,202,202,202,0,0,0,1
0099.txt,16360579671295543373,4,primary_failed,198,-1,-1,-1,0,0,0,0
0099.txt,1344024515361418684,3,primary_failed,198,-1,-1,-1,0,0,0,0
0099.txt,14023165289510115595,4,primary_failed,198,-1,-1,-1,0,0,0,0
0099.txt,3348148960426447815,2,primary_equal_different,198,198,198,198,1,0,0,1
0099.txt,11873456937702354053,2,primary_longer,198,199,199,199,0,0,0,1
0099.txt,6478023511127572035,3,primary_failed,198,-1,-1,-1,0,0,0,0
0099.txt,3335933596386203293,3,primary_failed,198,-1,-1,-1,0,0,0,0
0099.txt,2974786995246304512,4,primary_failed,198,-1,200,200,0,0,0,0
0099.txt,755652716758937294,4,primary_failed,198,-1,-1,-1,0,0,0,0
0099.txt,12980434121065588686,3,primary_longer,198,202,202,202,0,0,0,0
0099.txt,8559740098206687538,3,primary_failed,198,-1,-1,-1,0,0,0,0
0099.txt,13993469669682975165,3,primary_longer,198,202,202,202,0,0,0,0
0099.txt,15571449586211030512,3,primary_failed,198,-1,202,202,0,0,0,0
0099.txt,12200698499350345880,2,primary_longer,198,200,200,200,0,0,0,0
0099.txt,3613417753391142495,2,primary_longer,198,200,200,200,0,0,0,0
0099.txt,6935858882924713256,2,primary_longer,198,202,200,200,0,0,0,0
0099.txt,11916347596213205362,3,primary_longer,198,201,202,201,0,0,0,0
0099.txt,8682253535542235341,4,extract_failed,198,-1,-1,-1,0,0,0,0
0099.txt,10362485038561439272,2,primary_longer,198,201,201,201,0,0,0,1
0099.txt,2891392661089889201,2,primary_longer,198,202,-1,202,0,0,0,0
0099.txt,3949409312702668991,2,primary_longer,198,201,201,201,0,0,0,1
0099.txt,9303850002464623825,2,primary_longer,198,202,202,202,0,0,0,0
0099.txt,525169690063527502,2,primary_longer,198,199,198,198,0,0,0,0
0099.txt,8679003171373253886,3,primary_longer,198,202,-1,202,0,0,0,0
0099.txt,17330489161670288852,3,primary_longer,198,202,202,202,0,0,0,0
0099.txt,2077911342000206726,2,primary_longer,198,202,202,202,0,0,0,0
0099.txt,3792973529766496689,2,primary_longer,198,199,198,198,0,0,0,0
0099.txt,10425165066650155967,2,primary_longer,198,199,199,199,0,0,0,0
0099.txt,16261780642255464838,2,primary_longer,198,199,199,199,0,0,0,1
