round,case,capacity,variant,position,candidates,completed,build_ns,reconstruct_ns,smooth_ns,total_ns,build_wall_ns,reconstruct_wall_ns,smooth_wall_ns,total_wall_ns,checksum
0,0000.txt,128,v028,0,37,37,73000,1347000,144000,1564000,74000,1399000,166000,1639000,816204004610948454
0,0000.txt,128,v035,1,37,37,112000,1419000,150000,1681000,111000,1426000,154000,1691000,816204004610948454
0,0000.txt,128,v036,2,37,37,128000,1278000,119000,1525000,128000,1287000,127000,1542000,816204004610948454
0,0001.txt,160,v028,2,64,47,165000,6096000,362000,6623000,164000,6118000,370000,6652000,9659342416910865731
0,0001.txt,160,v035,0,64,47,167000,6382000,302000,6851000,168000,6402000,314000,6884000,9659342416910865731
0,0001.txt,160,v036,1,64,47,162000,6764000,323000,7249000,162000,6826000,336000,7324000,9659342416910865731
0,0002.txt,160,v028,1,64,62,225000,7824000,501000,8550000,225000,7854000,509000,8588000,13336614233393630273
0,0002.txt,160,v035,2,64,62,240000,8389000,430000,9059000,240000,8420000,453000,9113000,13336614233393630273
0,0002.txt,160,v036,0,64,62,228000,8168000,416000,8812000,229000,8181000,427000,8837000,13336614233393630273
0,0003.txt,288,v028,0,64,37,217000,8835000,395000,9447000,218000,8862000,400000,9480000,9846154642387442228
0,0003.txt,288,v035,1,64,37,210000,9082000,386000,9678000,211000,9100000,390000,9701000,9846154642387442228
0,0003.txt,288,v036,2,64,37,207000,9086000,364000,9657000,207000,9117000,371000,9695000,9846154642387442228
0,0004.txt,224,v028,2,64,39,782000,25232000,737000,26751000,782000,25258000,753000,26793000,5868743466089011035
0,0004.txt,224,v035,0,64,39,807000,25592000,609000,27008000,806000,25642000,619000,27067000,5868743466089011035
0,0004.txt,224,v036,1,64,39,787000,25706000,649000,27142000,787000,25737000,654000,27178000,5868743466089011035
0,0005.txt,224,v028,1,64,26,1488000,37304000,1485000,40277000,1489000,37382000,1491000,40362000,10086671006629847274
0,0005.txt,224,v035,2,64,26,1533000,38484000,1357000,41374000,1532000,38534000,1365000,41431000,10086671006629847274
0,0005.txt,224,v036,0,64,26,1515000,37540000,1314000,40369000,1515000,37604000,1320000,40439000,10086671006629847274
0,0006.txt,128,v028,0,64,46,303000,5711000,338000,6352000,303000,5738000,344000,6385000,507186591489129217
0,0006.txt,128,v035,1,64,46,275000,5887000,257000,6419000,275000,5910000,264000,6449000,507186591489129217
0,0006.txt,128,v036,2,64,46,289000,5634000,258000,6181000,290000,5643000,271000,6204000,507186591489129217
0,0007.txt,128,v028,2,64,52,280000,7613000,408000,8301000,280000,7623000,425000,8328000,2674825041975378044
0,0007.txt,128,v035,0,64,52,258000,7848000,317000,8423000,257000,7870000,325000,8452000,2674825041975378044
0,0007.txt,128,v036,1,64,52,252000,7787000,315000,8354000,251000,7801000,330000,8382000,2674825041975378044
0,0008.txt,128,v028,1,64,40,265000,8672000,372000,9309000,266000,8751000,380000,9397000,17920141965280989340
0,0008.txt,128,v035,2,64,40,357000,9479000,314000,10150000,382000,9534000,318000,10234000,17920141965280989340
0,0008.txt,128,v036,0,64,40,271000,8658000,300000,9229000,272000,8680000,319000,9271000,17920141965280989340
0,0009.txt,192,v028,0,64,58,151000,6916000,380000,7447000,150000,6923000,386000,7459000,14208774129454741819
0,0009.txt,192,v035,1,64,58,129000,7101000,327000,7557000,128000,7123000,347000,7598000,14208774129454741819
0,0009.txt,192,v036,2,64,58,136000,7190000,334000,7660000,136000,7204000,351000,7691000,14208774129454741819
0,0010.txt,128,v028,2,64,52,129000,3250000,268000,3647000,130000,3265000,273000,3668000,14723523622886612699
0,0010.txt,128,v035,0,64,52,131000,3463000,206000,3800000,132000,3491000,211000,3834000,14723523622886612699
0,0010.txt,128,v036,1,64,52,118000,3369000,202000,3689000,119000,3391000,222000,3732000,14723523622886612699
0,0011.txt,192,v028,1,64,46,427000,11382000,462000,12271000,428000,11407000,468000,12303000,10525654128450725294
0,0011.txt,192,v035,2,64,46,453000,11549000,376000,12378000,453000,11570000,389000,12412000,10525654128450725294
0,0011.txt,192,v036,0,64,46,438000,11774000,395000,12607000,438000,11802000,404000,12644000,10525654128450725294
0,0012.txt,160,v028,0,64,42,254000,9430000,349000,10033000,255000,9459000,358000,10072000,18228620964614505709
0,0012.txt,160,v035,1,64,42,255000,9838000,284000,10377000,256000,9853000,293000,10402000,18228620964614505709
0,0012.txt,160,v036,2,64,42,268000,9737000,291000,10296000,269000,9755000,304000,10328000,18228620964614505709
0,0013.txt,224,v028,2,64,51,328000,10926000,688000,11942000,327000,10952000,699000,11978000,11658144250769295395
0,0013.txt,224,v035,0,64,51,345000,11245000,606000,12196000,345000,11263000,621000,12229000,11658144250769295395
0,0013.txt,224,v036,1,64,51,326000,11144000,617000,12087000,326000,11166000,629000,12121000,11658144250769295395
0,0014.txt,288,v028,1,64,52,1605000,53902000,1438000,56945000,1605000,53952000,1444000,57001000,3633606904291868902
0,0014.txt,288,v035,2,64,52,1582000,55771000,1335000,58688000,1582000,55841000,1350000,58773000,3633606904291868902
0,0014.txt,288,v036,0,64,52,1654000,53830000,1310000,56794000,1674000,53850000,1319000,56843000,3633606904291868902
0,0015.txt,288,v028,0,64,42,2118000,51326000,1898000,55342000,2122000,51382000,1894000,55398000,12057676038240002655
0,0015.txt,288,v035,1,64,42,2082000,52494000,1773000,56349000,2083000,52567000,1775000,56425000,12057676038240002655
0,0015.txt,288,v036,2,64,42,2091000,51857000,1794000,55742000,2092000,51905000,1803000,55800000,12057676038240002655
0,0016.txt,192,v028,2,64,41,326000,9898000,369000,10593000,327000,9915000,374000,10616000,16263700429714567991
0,0016.txt,192,v035,0,64,41,306000,10400000,324000,11030000,307000,10424000,331000,11062000,16263700429714567991
0,0016.txt,192,v036,1,64,41,289000,10603000,326000,11218000,290000,10621000,331000,11242000,16263700429714567991
0,0017.txt,192,v028,1,64,53,881000,14378000,674000,15933000,881000,14405000,687000,15973000,4847870249899229512
0,0017.txt,192,v035,2,64,53,878000,15204000,571000,16653000,877000,15244000,579000,16700000,4847870249899229512
0,0017.txt,192,v036,0,64,53,886000,14804000,548000,16238000,886000,14820000,558000,16264000,4847870249899229512
0,0018.txt,128,v028,0,64,34,105000,4208000,179000,4492000,105000,4232000,183000,4520000,2591044257394328704
0,0018.txt,128,v035,1,64,34,107000,4248000,146000,4501000,107000,4267000,149000,4523000,2591044257394328704
0,0018.txt,128,v036,2,64,34,98000,4238000,145000,4481000,96000,4249000,152000,4497000,2591044257394328704
0,0019.txt,384,v028,2,64,38,3737000,72413000,1828000,77978000,3738000,72470000,1846000,78054000,18413403235399141350
0,0019.txt,384,v035,0,64,38,3751000,74220000,1890000,79861000,3753000,74351000,1900000,80004000,18413403235399141350
0,0019.txt,384,v036,1,64,38,3728000,73453000,1844000,79025000,3729000,73590000,1856000,79175000,18413403235399141350
0,0020.txt,160,v028,1,64,54,473000,12319000,510000,13302000,474000,12346000,525000,13345000,6655744353329306587
0,0020.txt,160,v035,2,64,54,479000,12617000,406000,13502000,479000,12639000,430000,13548000,6655744353329306587
0,0020.txt,160,v036,0,64,54,529000,12361000,401000,13291000,530000,12384000,411000,13325000,6655744353329306587
0,0021.txt,160,v028,0,64,54,110000,4814000,324000,5248000,110000,4819000,334000,5263000,10139017720273762941
0,0021.txt,160,v035,1,64,54,107000,5045000,284000,5436000,107000,5074000,292000,5473000,10139017720273762941
0,0021.txt,160,v036,2,64,54,108000,4896000,268000,5272000,109000,4901000,286000,5296000,10139017720273762941
0,0022.txt,160,v028,2,64,54,90000,5291000,319000,5700000,90000,5310000,332000,5732000,12367056253196356386
0,0022.txt,160,v035,0,64,54,90000,5342000,268000,5700000,90000,5361000,272000,5723000,12367056253196356386
0,0022.txt,160,v036,1,64,54,87000,5535000,274000,5896000,87000,5550000,289000,5926000,12367056253196356386
0,0023.txt,160,v028,1,64,32,133000,4357000,196000,4686000,134000,4381000,204000,4719000,13661901359584633416
0,0023.txt,160,v035,2,64,32,135000,4350000,162000,4647000,136000,4363000,163000,4662000,13661901359584633416
0,0023.txt,160,v036,0,64,32,148000,4291000,156000,4595000,149000,4300000,165000,4614000,13661901359584633416
0,0024.txt,192,v028,0,64,37,170000,6273000,390000,6833000,171000,6289000,394000,6854000,14100779623175012850
0,0024.txt,192,v035,1,64,37,171000,6276000,344000,6791000,171000,6296000,355000,6822000,14100779623175012850
0,0024.txt,192,v036,2,64,37,169000,6412000,331000,6912000,169000,6421000,342000,6932000,14100779623175012850
0,0025.txt,192,v028,2,64,57,97000,3207000,253000,3557000,97000,3219000,266000,3582000,16693701477626876418
0,0025.txt,192,v035,0,64,57,106000,3576000,218000,3900000,107000,3590000,230000,3927000,16693701477626876418
0,0025.txt,192,v036,1,64,57,98000,3403000,214000,3715000,99000,3424000,220000,3743000,16693701477626876418
0,0026.txt,256,v028,1,64,43,219000,7089000,427000,7735000,219000,7107000,428000,7754000,12399338981540513818
0,0026.txt,256,v035,2,64,43,213000,7701000,401000,8315000,213000,7722000,412000,8347000,12399338981540513818
0,0026.txt,256,v036,0,64,43,214000,7806000,407000,8427000,214000,7832000,410000,8456000,12399338981540513818
0,0027.txt,128,v028,0,64,31,310000,6161000,316000,6787000,311000,6177000,321000,6809000,7331911850896128959
0,0027.txt,128,v035,1,64,31,308000,6278000,243000,6829000,308000,6285000,254000,6847000,7331911850896128959
0,0027.txt,128,v036,2,64,31,299000,6717000,254000,7270000,298000,6766000,263000,7327000,7331911850896128959
0,0028.txt,256,v028,2,64,47,668000,18370000,1001000,20039000,672000,18390000,1025000,20087000,16501633472421096672
0,0028.txt,256,v035,0,64,47,691000,19398000,938000,21027000,692000,19420000,947000,21059000,16501633472421096672
0,0028.txt,256,v036,1,64,47,646000,18987000,932000,20565000,646000,19008000,941000,20595000,16501633472421096672
0,0029.txt,288,v028,1,64,41,907000,24886000,762000,26555000,907000,24935000,769000,26611000,3006019691893062148
0,0029.txt,288,v035,2,64,41,923000,25679000,695000,27297000,923000,25718000,705000,27346000,3006019691893062148
0,0029.txt,288,v036,0,64,41,884000,25177000,697000,26758000,884000,25200000,710000,26794000,3006019691893062148
0,0030.txt,256,v028,0,64,44,1200000,20576000,1541000,23317000,1200000,20590000,1548000,23338000,3998580007914902329
0,0030.txt,256,v035,1,64,44,1223000,20963000,1392000,23578000,1224000,20984000,1400000,23608000,3998580007914902329
0,0030.txt,256,v036,2,64,44,1279000,21319000,1456000,24054000,1279000,21362000,1464000,24105000,3998580007914902329
0,0031.txt,160,v028,2,64,49,257000,11213000,454000,11924000,258000,11230000,467000,11955000,1277513514513811977
0,0031.txt,160,v035,0,64,49,249000,11536000,372000,12157000,250000,11555000,380000,12185000,1277513514513811977
0,0031.txt,160,v036,1,64,49,247000,11812000,403000,12462000,247000,12060000,439000,12746000,1277513514513811977
0,0032.txt,224,v028,1,64,48,318000,12628000,485000,13431000,318000,12638000,494000,13450000,12827533860645535518
0,0032.txt,224,v035,2,64,48,331000,13459000,437000,14227000,333000,13485000,443000,14261000,12827533860645535518
0,0032.txt,224,v036,0,64,48,305000,13250000,422000,13977000,305000,13269000,438000,14012000,12827533860645535518
0,0033.txt,160,v028,0,64,43,415000,11309000,432000,12156000,415000,11343000,443000,12201000,13693103595731326709
0,0033.txt,160,v035,1,64,43,411000,10811000,350000,11572000,412000,10832000,349000,11593000,13693103595731326709
0,0033.txt,160,v036,2,64,43,394000,11001000,342000,11737000,395000,11023000,356000,11774000,13693103595731326709
0,0034.txt,288,v028,2,64,41,1183000,26229000,1318000,28730000,1184000,26258000,1328000,28770000,11851417704820801821
0,0034.txt,288,v035,0,64,41,1215000,27451000,1284000,29950000,1217000,27487000,1296000,30000000,11851417704820801821
0,0034.txt,288,v036,1,64,41,1218000,27213000,1268000,29699000,1217000,27242000,1273000,29732000,11851417704820801821
0,0035.txt,128,v028,1,49,37,66000,2349000,190000,2605000,67000,2367000,199000,2633000,1966248127026479111
0,0035.txt,128,v035,2,49,37,67000,2532000,178000,2777000,67000,2548000,178000,2793000,1966248127026479111
0,0035.txt,128,v036,0,49,37,75000,2473000,172000,2720000,76000,2486000,182000,2744000,1966248127026479111
0,0036.txt,192,v028,0,64,50,744000,18015000,657000,19416000,745000,18059000,669000,19473000,3582229042672705885
0,0036.txt,192,v035,1,64,50,720000,18292000,548000,19560000,720000,18315000,564000,19599000,3582229042672705885
0,0036.txt,192,v036,2,64,50,733000,18605000,538000,19876000,733000,18639000,552000,19924000,3582229042672705885
0,0037.txt,288,v028,2,64,45,599000,16216000,805000,17620000,599000,16256000,815000,17670000,11367272562188583031
0,0037.txt,288,v035,0,64,45,605000,17022000,769000,18396000,606000,17055000,779000,18440000,11367272562188583031
0,0037.txt,288,v036,1,64,45,616000,16570000,783000,17969000,617000,16612000,798000,18027000,11367272562188583031
0,0038.txt,192,v028,1,64,55,252000,8088000,516000,8856000,253000,8117000,524000,8894000,5000358612861532629
0,0038.txt,192,v035,2,64,55,253000,8416000,452000,9121000,253000,8437000,467000,9157000,5000358612861532629
0,0038.txt,192,v036,0,64,55,291000,8364000,449000,9104000,291000,8385000,463000,9139000,5000358612861532629
0,0039.txt,256,v028,0,64,43,173000,7439000,359000,7971000,174000,7455000,370000,7999000,1713245602201241720
0,0039.txt,256,v035,1,64,43,184000,8002000,320000,8506000,184000,8026000,334000,8544000,1713245602201241720
0,0039.txt,256,v036,2,64,43,177000,8005000,349000,8531000,178000,8026000,351000,8555000,1713245602201241720
0,0040.txt,224,v028,2,64,43,160000,9078000,616000,9854000,161000,9101000,625000,9887000,872385857505348709
0,0040.txt,224,v035,0,64,43,154000,8871000,530000,9555000,154000,8903000,543000,9600000,872385857505348709
0,0040.txt,224,v036,1,64,43,162000,9118000,542000,9822000,162000,9146000,551000,9859000,872385857505348709
0,0041.txt,160,v028,1,64,56,246000,7246000,366000,7858000,246000,7273000,370000,7889000,10397856525299628427
0,0041.txt,160,v035,2,64,56,226000,7730000,288000,8244000,226000,7753000,302000,8281000,10397856525299628427
0,0041.txt,160,v036,0,64,56,243000,8207000,318000,8768000,243000,8257000,326000,8826000,10397856525299628427
0,0042.txt,352,v028,0,64,36,1167000,30986000,928000,33081000,1168000,31034000,937000,33139000,12427270659438181611
0,0042.txt,352,v035,1,64,36,1213000,32478000,917000,34608000,1213000,32557000,931000,34701000,12427270659438181611
0,0042.txt,352,v036,2,64,36,1178000,31848000,925000,33951000,1179000,31877000,931000,33987000,12427270659438181611
0,0043.txt,160,v028,2,64,27,274000,7850000,386000,8510000,275000,7874000,393000,8542000,17317113132050913222
0,0043.txt,160,v035,0,64,27,284000,8114000,337000,8735000,284000,8149000,338000,8771000,17317113132050913222
0,0043.txt,160,v036,1,64,27,281000,7792000,334000,8407000,281000,7819000,342000,8442000,17317113132050913222
0,0044.txt,192,v028,1,64,35,469000,13297000,451000,14217000,468000,13333000,455000,14256000,14244673959848913933
0,0044.txt,192,v035,2,64,35,460000,13305000,375000,14140000,460000,13319000,386000,14165000,14244673959848913933
0,0044.txt,192,v036,0,64,35,468000,13346000,381000,14195000,468000,13354000,388000,14210000,14244673959848913933
0,0045.txt,192,v028,0,64,42,634000,9513000,531000,10678000,634000,9542000,538000,10714000,11015969575620966037
0,0045.txt,192,v035,1,64,42,631000,9502000,450000,10583000,632000,9533000,486000,10651000,11015969575620966037
0,0045.txt,192,v036,2,64,42,667000,9759000,440000,10866000,667000,9771000,455000,10893000,11015969575620966037
0,0046.txt,128,v028,2,64,43,397000,10636000,417000,11450000,397000,10656000,429000,11482000,2499980644579135674
0,0046.txt,128,v035,0,64,43,398000,11145000,327000,11870000,398000,11200000,341000,11939000,2499980644579135674
0,0046.txt,128,v036,1,64,43,420000,10973000,344000,11737000,421000,11006000,356000,11783000,2499980644579135674
0,0047.txt,256,v028,1,64,42,1124000,29307000,1089000,31520000,1125000,46942000,2082000,50149000,10022142641444623082
0,0047.txt,256,v035,2,64,42,1118000,28009000,861000,29988000,1119000,28048000,869000,30036000,10022142641444623082
0,0047.txt,256,v036,0,64,42,1145000,27333000,848000,29326000,1149000,27365000,858000,29372000,10022142641444623082
0,0048.txt,192,v028,0,64,47,938000,15125000,706000,16769000,950000,15147000,714000,16811000,3768764602654705949
0,0048.txt,192,v035,1,64,47,926000,15523000,588000,17037000,927000,15545000,593000,17065000,3768764602654705949
0,0048.txt,192,v036,2,64,47,930000,15520000,581000,17031000,932000,15543000,596000,17071000,3768764602654705949
0,0049.txt,192,v028,2,64,46,707000,13839000,590000,15136000,707000,13863000,594000,15164000,5345024174446336161
0,0049.txt,192,v035,0,64,46,710000,13936000,471000,15117000,710000,13941000,479000,15130000,5345024174446336161
0,0049.txt,192,v036,1,64,46,699000,14253000,480000,15432000,700000,14272000,494000,15466000,5345024174446336161
0,0050.txt,128,v028,1,64,37,246000,6061000,395000,6702000,247000,6072000,401000,6720000,12997574625261075627
0,0050.txt,128,v035,2,64,37,244000,6243000,335000,6822000,245000,6258000,340000,6843000,12997574625261075627
0,0050.txt,128,v036,0,64,37,267000,6152000,350000,6769000,267000,6172000,348000,6787000,12997574625261075627
0,0051.txt,160,v028,0,64,50,254000,7857000,429000,8540000,255000,7879000,445000,8579000,12279836665363317183
0,0051.txt,160,v035,1,64,50,258000,7891000,351000,8500000,258000,7907000,361000,8526000,12279836665363317183
0,0051.txt,160,v036,2,64,50,261000,7853000,354000,8468000,262000,7872000,367000,8501000,12279836665363317183
0,0052.txt,224,v028,2,64,49,461000,13701000,674000,14836000,463000,13711000,679000,14853000,9179596259479780699
0,0052.txt,224,v035,0,64,49,465000,14176000,569000,15210000,465000,14200000,575000,15240000,9179596259479780699
0,0052.txt,224,v036,1,64,49,470000,14307000,574000,15351000,470000,14334000,581000,15385000,9179596259479780699
0,0053.txt,192,v028,1,64,60,248000,8014000,538000,8800000,249000,8027000,547000,8823000,2465353185479614519
0,0053.txt,192,v035,2,64,60,257000,8533000,494000,9284000,258000,8560000,501000,9319000,2465353185479614519
0,0053.txt,192,v036,0,64,60,249000,8292000,460000,9001000,250000,8309000,470000,9029000,2465353185479614519
0,0054.txt,256,v028,0,64,50,737000,21992000,1052000,23781000,738000,22014000,1058000,23810000,1977551075025097523
0,0054.txt,256,v035,1,64,50,756000,22441000,979000,24176000,757000,22462000,987000,24206000,1977551075025097523
0,0054.txt,256,v036,2,64,50,751000,22490000,967000,24208000,752000,22536000,977000,24265000,1977551075025097523
0,0055.txt,288,v028,2,64,39,1242000,25609000,720000,27571000,1242000,25630000,729000,27601000,1917009490484356854
0,0055.txt,288,v035,0,64,39,1247000,26774000,689000,28710000,1248000,26812000,701000,28761000,1917009490484356854
0,0055.txt,288,v036,1,64,39,1239000,26574000,686000,28499000,1241000,26607000,696000,28544000,1917009490484356854
0,0056.txt,224,v028,1,64,39,496000,12032000,540000,13068000,497000,12054000,547000,13098000,6905413677133017825
0,0056.txt,224,v035,2,64,39,493000,12533000,471000,13497000,493000,12561000,480000,13534000,6905413677133017825
0,0056.txt,224,v036,0,64,39,488000,12382000,464000,13334000,488000,12403000,472000,13363000,6905413677133017825
0,0057.txt,256,v028,0,64,54,830000,19020000,957000,20807000,830000,19039000,958000,20827000,10523818247767909617
0,0057.txt,256,v035,1,64,54,829000,20526000,909000,22264000,830000,20562000,928000,22320000,10523818247767909617
0,0057.txt,256,v036,2,64,54,825000,20029000,900000,21754000,825000,20058000,912000,21795000,10523818247767909617
0,0058.txt,256,v028,2,64,47,629000,21140000,996000,22765000,629000,21162000,1019000,22810000,8747116303198179067
0,0058.txt,256,v035,0,64,47,629000,21786000,895000,23310000,629000,21826000,898000,23353000,8747116303198179067
0,0058.txt,256,v036,1,64,47,627000,21576000,905000,23108000,628000,21617000,912000,23157000,8747116303198179067
0,0059.txt,192,v028,1,64,47,107000,4980000,248000,5335000,107000,5007000,259000,5373000,8776027305845615921
0,0059.txt,192,v035,2,64,47,114000,5174000,208000,5496000,114000,5193000,218000,5525000,8776027305845615921
0,0059.txt,192,v036,0,64,47,113000,5522000,210000,5845000,114000,5544000,227000,5885000,8776027305845615921
0,0060.txt,224,v028,0,64,40,235000,11826000,530000,12591000,235000,11852000,540000,12627000,9265774647566182347
0,0060.txt,224,v035,1,64,40,233000,11968000,475000,12676000,233000,11974000,478000,12685000,9265774647566182347
0,0060.txt,224,v036,2,64,40,232000,12047000,473000,12752000,232000,12088000,480000,12800000,9265774647566182347
0,0061.txt,192,v028,2,64,47,706000,18224000,925000,19855000,706000,18250000,929000,19885000,9109783169076520820
0,0061.txt,192,v035,0,64,47,725000,19301000,812000,20838000,724000,19407000,815000,20946000,9109783169076520820
0,0061.txt,192,v036,1,64,47,753000,18575000,783000,20111000,755000,18601000,792000,20148000,9109783169076520820
0,0062.txt,224,v028,1,64,51,524000,16765000,650000,17939000,525000,16797000,668000,17990000,6235176586112113050
0,0062.txt,224,v035,2,64,51,509000,17674000,584000,18767000,509000,17703000,595000,18807000,6235176586112113050
0,0062.txt,224,v036,0,64,51,509000,17179000,563000,18251000,511000,17203000,567000,18281000,6235176586112113050
0,0063.txt,256,v028,0,64,43,536000,16558000,851000,17945000,536000,16579000,863000,17978000,2811221567898568818
0,0063.txt,256,v035,1,64,43,573000,17063000,770000,18406000,583000,17071000,780000,18434000,2811221567898568818
0,0063.txt,256,v036,2,64,43,541000,17112000,762000,18415000,541000,17131000,769000,18441000,2811221567898568818
0,0064.txt,224,v028,2,64,44,423000,7058000,608000,8089000,422000,7080000,612000,8114000,6923825489153610959
0,0064.txt,224,v035,0,64,44,426000,7415000,564000,8405000,427000,7437000,568000,8432000,6923825489153610959
0,0064.txt,224,v036,1,64,44,413000,7158000,541000,8112000,413000,7181000,550000,8144000,6923825489153610959
0,0065.txt,192,v028,1,64,43,186000,8347000,509000,9042000,188000,8366000,516000,9070000,17408032648247834609
0,0065.txt,192,v035,2,64,43,193000,8402000,432000,9027000,194000,8419000,451000,9064000,17408032648247834609
0,0065.txt,192,v036,0,64,43,197000,8778000,467000,9442000,198000,8814000,475000,9487000,17408032648247834609
0,0066.txt,224,v028,0,64,29,969000,23026000,961000,24956000,971000,23056000,970000,24997000,8875708553305440087
0,0066.txt,224,v035,1,64,29,953000,24066000,898000,25917000,954000,24094000,908000,25956000,8875708553305440087
0,0066.txt,224,v036,2,64,29,944000,23412000,886000,25242000,944000,23433000,894000,25271000,8875708553305440087
0,0067.txt,192,v028,2,64,37,325000,11074000,561000,11960000,325000,11101000,561000,11987000,1054547824349595996
0,0067.txt,192,v035,0,64,37,332000,11081000,478000,11891000,331000,11096000,492000,11919000,1054547824349595996
0,0067.txt,192,v036,1,64,37,328000,11184000,493000,12005000,329000,11204000,505000,12038000,1054547824349595996
0,0068.txt,352,v028,1,64,36,1979000,29480000,1037000,32496000,1980000,29504000,1044000,32528000,16704674484913076321
0,0068.txt,352,v035,2,64,36,1944000,29989000,1013000,32946000,1945000,30006000,1024000,32975000,16704674484913076321
0,0068.txt,352,v036,0,64,36,1958000,30063000,1040000,33061000,1960000,30083000,1045000,33088000,16704674484913076321
0,0069.txt,128,v028,0,64,55,266000,8044000,479000,8789000,265000,8051000,495000,8811000,10272637644074201381
0,0069.txt,128,v035,1,64,55,244000,8102000,379000,8725000,245000,8115000,394000,8754000,10272637644074201381
0,0069.txt,128,v036,2,64,55,242000,8238000,399000,8879000,242000,8248000,406000,8896000,10272637644074201381
0,0070.txt,320,v028,2,64,43,1244000,46057000,1506000,48807000,1245000,46074000,1520000,48839000,6636878282639228694
0,0070.txt,320,v035,0,64,43,1237000,47057000,1485000,49779000,1238000,47089000,1496000,49823000,6636878282639228694
0,0070.txt,320,v036,1,64,43,1244000,47468000,1467000,50179000,1244000,47514000,1483000,50241000,6636878282639228694
0,0071.txt,288,v028,1,64,34,1264000,30627000,1054000,32945000,1265000,30679000,1059000,33003000,5480489002906609640
0,0071.txt,288,v035,2,64,34,1259000,31095000,977000,33331000,1261000,31139000,981000,33381000,5480489002906609640
0,0071.txt,288,v036,0,64,34,1265000,30706000,983000,32954000,1266000,30733000,996000,32995000,5480489002906609640
0,0072.txt,192,v028,0,64,53,159000,7553000,380000,8092000,159000,7578000,391000,8128000,3456405102086958663
0,0072.txt,192,v035,1,64,53,136000,7597000,336000,8069000,137000,7612000,350000,8099000,3456405102086958663
0,0072.txt,192,v036,2,64,53,151000,7881000,331000,8363000,152000,7908000,346000,8406000,3456405102086958663
0,0073.txt,160,v028,2,64,45,800000,14828000,705000,16333000,801000,14856000,717000,16374000,7837691528528546932
0,0073.txt,160,v035,0,64,45,830000,15325000,578000,16733000,834000,15345000,588000,16767000,7837691528528546932
0,0073.txt,160,v036,1,64,45,807000,15343000,578000,16728000,811000,15362000,588000,16761000,7837691528528546932
0,0074.txt,128,v028,1,64,40,225000,5247000,285000,5757000,225000,5264000,298000,5787000,11002935191480867671
0,0074.txt,128,v035,2,64,40,217000,5481000,203000,5901000,218000,5514000,213000,5945000,11002935191480867671
0,0074.txt,128,v036,0,64,40,236000,5076000,195000,5507000,236000,5102000,208000,5546000,11002935191480867671
0,0075.txt,288,v028,0,64,30,1026000,28840000,926000,30792000,1027000,28872000,935000,30834000,2583345268107875064
0,0075.txt,288,v035,1,64,30,1094000,29373000,859000,31326000,1095000,29407000,872000,31374000,2583345268107875064
0,0075.txt,288,v036,2,64,30,1055000,28852000,836000,30743000,1055000,28900000,844000,30799000,2583345268107875064
0,0076.txt,192,v028,2,64,52,784000,19823000,954000,21561000,784000,19845000,971000,21600000,14019256839176950374
0,0076.txt,192,v035,0,64,52,776000,20224000,833000,21833000,776000,20250000,838000,21864000,14019256839176950374
0,0076.txt,192,v036,1,64,52,775000,19912000,784000,21471000,777000,19945000,787000,21509000,14019256839176950374
0,0077.txt,128,v028,1,64,55,176000,6442000,359000,6977000,176000,6459000,372000,7007000,17479160985738783937
0,0077.txt,128,v035,2,64,55,173000,7057000,264000,7494000,173000,7090000,280000,7543000,17479160985738783937
0,0077.txt,128,v036,0,64,55,176000,6814000,254000,7244000,176000,6839000,270000,7285000,17479160985738783937
0,0078.txt,224,v028,0,64,44,845000,14819000,830000,16494000,853000,14829000,871000,16553000,14185763832882636607
0,0078.txt,224,v035,1,64,44,728000,15759000,780000,17267000,729000,15785000,790000,17304000,14185763832882636607
0,0078.txt,224,v036,2,64,44,724000,15076000,753000,16553000,725000,15115000,770000,16610000,14185763832882636607
0,0079.txt,160,v028,2,64,48,90000,4425000,291000,4806000,91000,4453000,307000,4851000,18107065893375765734
0,0079.txt,160,v035,0,64,48,88000,4433000,242000,4763000,89000,4467000,253000,4809000,18107065893375765734
0,0079.txt,160,v036,1,64,48,94000,4365000,240000,4699000,95000,4382000,247000,4724000,18107065893375765734
0,0080.txt,192,v028,1,64,48,518000,14768000,623000,15909000,519000,14791000,632000,15942000,7914294815535909058
0,0080.txt,192,v035,2,64,48,548000,14786000,502000,15836000,548000,14816000,511000,15875000,7914294815535909058
0,0080.txt,192,v036,0,64,48,559000,15475000,517000,16551000,559000,15530000,534000,16623000,7914294815535909058
0,0081.txt,256,v028,0,64,48,1677000,45875000,1202000,48754000,1677000,45948000,1212000,48837000,12611955559657520540
0,0081.txt,256,v035,1,64,48,1656000,47139000,1056000,49851000,1656000,47183000,1068000,49907000,12611955559657520540
0,0081.txt,256,v036,2,64,48,1657000,47125000,1063000,49845000,1657000,47178000,1072000,49907000,12611955559657520540
0,0082.txt,224,v028,2,64,43,1115000,22205000,1073000,24393000,1116000,22220000,1085000,24421000,15976384220259857970
0,0082.txt,224,v035,0,64,43,1123000,23671000,1006000,25800000,1124000,23696000,1020000,25840000,15976384220259857970
0,0082.txt,224,v036,1,64,43,1116000,23131000,1032000,25279000,1117000,23162000,1036000,25315000,15976384220259857970
0,0083.txt,160,v028,1,64,45,425000,10371000,505000,11301000,425000,10388000,514000,11327000,2709579689513296368
0,0083.txt,160,v035,2,64,45,408000,10640000,411000,11459000,408000,10649000,422000,11479000,2709579689513296368
0,0083.txt,160,v036,0,64,45,414000,10973000,428000,11815000,414000,11023000,432000,11869000,2709579689513296368
0,0084.txt,224,v028,0,64,29,1266000,16257000,630000,18153000,1267000,16287000,638000,18192000,8219160516625378647
0,0084.txt,224,v035,1,64,29,1217000,16879000,549000,18645000,1217000,16913000,559000,18689000,8219160516625378647
0,0084.txt,224,v036,2,64,29,1224000,16743000,558000,18525000,1225000,16764000,560000,18549000,8219160516625378647
0,0085.txt,256,v028,2,64,52,391000,9859000,720000,10970000,392000,9881000,727000,11000000,9843680023606892368
0,0085.txt,256,v035,0,64,52,407000,10447000,676000,11530000,408000,10468000,679000,11555000,9843680023606892368
0,0085.txt,256,v036,1,64,52,398000,10240000,644000,11282000,400000,10267000,658000,11325000,9843680023606892368
0,0086.txt,96,v028,1,64,41,144000,4636000,314000,5094000,144000,4682000,321000,5147000,1746008403728494063
0,0086.txt,96,v035,2,64,41,148000,4602000,243000,4993000,148000,4609000,253000,5010000,1746008403728494063
0,0086.txt,96,v036,0,64,41,147000,4582000,243000,4972000,148000,4601000,256000,5005000,1746008403728494063
0,0087.txt,224,v028,0,64,56,276000,8538000,501000,9315000,276000,8603000,511000,9390000,6062298770127305429
0,0087.txt,224,v035,1,64,56,277000,8693000,441000,9411000,278000,8715000,447000,9440000,6062298770127305429
0,0087.txt,224,v036,2,64,56,268000,8488000,434000,9190000,269000,8523000,442000,9234000,6062298770127305429
0,0088.txt,224,v028,2,64,51,395000,9761000,556000,10712000,395000,9774000,571000,10740000,1932990849624522106
0,0088.txt,224,v035,0,64,51,390000,10073000,485000,10948000,389000,10092000,490000,10971000,1932990849624522106
0,0088.txt,224,v036,1,64,51,407000,9873000,479000,10759000,413000,9886000,488000,10787000,1932990849624522106
0,0089.txt,320,v028,1,64,37,1276000,38017000,1048000,40341000,1285000,38065000,1057000,40407000,6980722571508482437
0,0089.txt,320,v035,2,64,37,1180000,38826000,988000,40994000,1181000,38877000,1003000,41061000,6980722571508482437
0,0089.txt,320,v036,0,64,37,1185000,39286000,1007000,41478000,1185000,39325000,1020000,41530000,6980722571508482437
0,0090.txt,224,v028,0,64,36,229000,8170000,460000,8859000,229000,8199000,470000,8898000,17418676575136399411
0,0090.txt,224,v035,1,64,36,230000,8310000,418000,8958000,231000,8322000,424000,8977000,17418676575136399411
0,0090.txt,224,v036,2,64,36,233000,8210000,420000,8863000,232000,8225000,430000,8887000,17418676575136399411
0,0091.txt,128,v028,2,64,49,240000,5757000,337000,6334000,240000,5779000,345000,6364000,6905654600788291276
0,0091.txt,128,v035,0,64,49,255000,5726000,245000,6226000,254000,5749000,257000,6260000,6905654600788291276
0,0091.txt,128,v036,1,64,49,242000,5958000,262000,6462000,243000,5984000,266000,6493000,6905654600788291276
0,0092.txt,320,v028,1,64,34,2348000,42897000,1722000,46967000,2349000,42948000,1733000,47030000,17892104883127441197
0,0092.txt,320,v035,2,64,34,2360000,43671000,1643000,47674000,2368000,43711000,1649000,47728000,17892104883127441197
0,0092.txt,320,v036,0,64,34,2279000,43412000,1639000,47330000,2280000,43436000,1648000,47364000,17892104883127441197
0,0093.txt,128,v028,0,63,60,130000,5028000,415000,5573000,131000,5047000,430000,5608000,9403735909905401337
0,0093.txt,128,v035,1,63,60,123000,5433000,349000,5905000,124000,5465000,355000,5944000,9403735909905401337
0,0093.txt,128,v036,2,63,60,118000,5168000,366000,5652000,119000,5189000,376000,5684000,9403735909905401337
0,0094.txt,288,v028,2,64,59,252000,8037000,521000,8810000,253000,8060000,536000,8849000,15807896437645640352
0,0094.txt,288,v035,0,64,59,256000,8455000,504000,9215000,257000,8478000,506000,9241000,15807896437645640352
0,0094.txt,288,v036,1,64,59,249000,8276000,491000,9016000,250000,8291000,510000,9051000,15807896437645640352
0,0095.txt,192,v028,1,64,40,876000,19804000,697000,21377000,876000,19837000,709000,21422000,14558885443859604524
0,0095.txt,192,v035,2,64,40,857000,19907000,569000,21333000,858000,19938000,580000,21376000,14558885443859604524
0,0095.txt,192,v036,0,64,40,870000,20317000,583000,21770000,870000,20362000,588000,21820000,14558885443859604524
0,0096.txt,160,v028,0,64,62,196000,6612000,361000,7169000,197000,6635000,373000,7205000,9102786252669791947
0,0096.txt,160,v035,1,64,62,203000,6970000,305000,7478000,203000,7005000,316000,7524000,9102786252669791947
0,0096.txt,160,v036,2,64,62,209000,7351000,310000,7870000,208000,7415000,316000,7939000,9102786252669791947
0,0097.txt,288,v028,2,64,36,1363000,47617000,1836000,50816000,1364000,59151000,2231000,62746000,2803104666536711401
0,0097.txt,288,v035,0,64,36,1382000,45279000,1566000,48227000,1382000,45321000,1579000,48282000,2803104666536711401
0,0097.txt,288,v036,1,64,36,1410000,43415000,1561000,46386000,1411000,43447000,1567000,46425000,2803104666536711401
0,0098.txt,160,v028,1,64,55,287000,8215000,646000,9148000,287000,8864000,677000,9828000,9847453008769540877
0,0098.txt,160,v035,2,64,55,283000,8024000,508000,8815000,283000,8067000,519000,8869000,9847453008769540877
0,0098.txt,160,v036,0,64,55,291000,8104000,534000,8929000,292000,8147000,548000,8987000,9847453008769540877
0,0099.txt,256,v028,0,64,38,558000,13437000,527000,14522000,571000,13551000,540000,14662000,446694983656461108
0,0099.txt,256,v035,1,64,38,528000,13713000,476000,14717000,528000,13783000,482000,14793000,446694983656461108
0,0099.txt,256,v036,2,64,38,492000,13678000,475000,14645000,493000,13740000,482000,14715000,446694983656461108
1,0000.txt,128,v028,2,37,37,75000,1267000,129000,1471000,74000,1276000,139000,1489000,816204004610948454
1,0000.txt,128,v035,0,37,37,76000,1416000,148000,1640000,77000,1441000,178000,1696000,816204004610948454
1,0000.txt,128,v036,1,37,37,74000,1251000,111000,1436000,74000,1286000,117000,1477000,816204004610948454
1,0001.txt,160,v028,1,64,47,177000,6587000,380000,7144000,178000,6628000,390000,7196000,9659342416910865731
1,0001.txt,160,v035,2,64,47,167000,6872000,325000,7364000,168000,6957000,330000,7455000,9659342416910865731
1,0001.txt,160,v036,0,64,47,171000,6413000,337000,6921000,172000,6450000,357000,6979000,9659342416910865731
1,0002.txt,160,v028,0,64,62,237000,8258000,512000,9007000,236000,8279000,530000,9045000,13336614233393630273
1,0002.txt,160,v035,1,64,62,244000,8218000,418000,8880000,243000,8237000,424000,8904000,13336614233393630273
1,0002.txt,160,v036,2,64,62,228000,8131000,423000,8782000,228000,8143000,428000,8799000,13336614233393630273
1,0003.txt,288,v028,2,64,37,203000,8511000,386000,9100000,203000,8533000,392000,9128000,9846154642387442228
1,0003.txt,288,v035,0,64,37,232000,9085000,375000,9692000,234000,9101000,377000,9712000,9846154642387442228
1,0003.txt,288,v036,1,64,37,221000,9182000,366000,9769000,221000,9201000,377000,9799000,9846154642387442228
1,0004.txt,224,v028,1,64,39,826000,25267000,764000,26857000,827000,25327000,767000,26921000,5868743466089011035
1,0004.txt,224,v035,2,64,39,795000,25750000,627000,27172000,794000,25777000,629000,27200000,5868743466089011035
1,0004.txt,224,v036,0,64,39,768000,26203000,660000,27631000,769000,26235000,688000,27692000,5868743466089011035
1,0005.txt,224,v028,0,64,26,1479000,36806000,1452000,39737000,1479000,36842000,1459000,39780000,10086671006629847274
1,0005.txt,224,v035,1,64,26,1482000,37414000,1354000,40250000,1483000,37441000,1355000,40279000,10086671006629847274
1,0005.txt,224,v036,2,64,26,1509000,38053000,1411000,40973000,1509000,38109000,1422000,41040000,10086671006629847274
1,0006.txt,128,v028,2,64,46,281000,5520000,333000,6134000,282000,5527000,344000,6153000,507186591489129217
1,0006.txt,128,v035,0,64,46,276000,5700000,255000,6231000,277000,5711000,263000,6251000,507186591489129217
1,0006.txt,128,v036,1,64,46,286000,5591000,255000,6132000,287000,5605000,263000,6155000,507186591489129217
1,0007.txt,128,v028,1,64,52,254000,7906000,422000,8582000,256000,7924000,431000,8611000,2674825041975378044
1,0007.txt,128,v035,2,64,52,267000,7774000,315000,8356000,269000,7794000,328000,8391000,2674825041975378044
1,0007.txt,128,v036,0,64,52,265000,7863000,323000,8451000,266000,7882000,332000,8480000,2674825041975378044
1,0008.txt,128,v028,0,64,40,263000,8680000,376000,9319000,264000,8731000,383000,9378000,17920141965280989340
1,0008.txt,128,v035,1,64,40,286000,9613000,337000,10236000,286000,9869000,401000,10556000,17920141965280989340
1,0008.txt,128,v036,2,64,40,299000,8657000,285000,9241000,299000,8674000,294000,9267000,17920141965280989340
1,0009.txt,192,v028,2,64,58,123000,6790000,378000,7291000,123000,6814000,391000,7328000,14208774129454741819
1,0009.txt,192,v035,0,64,58,127000,7486000,337000,7950000,127000,7561000,344000,8032000,14208774129454741819
1,0009.txt,192,v036,1,64,58,136000,7176000,330000,7642000,137000,7188000,349000,7674000,14208774129454741819
1,0010.txt,128,v028,1,64,52,120000,3337000,269000,3726000,120000,3348000,270000,3738000,14723523622886612699
1,0010.txt,128,v035,2,64,52,135000,3381000,205000,3721000,136000,3402000,225000,3763000,14723523622886612699
1,0010.txt,128,v036,0,64,52,123000,3395000,210000,3728000,124000,3410000,214000,3748000,14723523622886612699
1,0011.txt,192,v028,0,64,46,431000,11216000,465000,12112000,431000,11229000,474000,12134000,10525654128450725294
1,0011.txt,192,v035,1,64,46,429000,11719000,382000,12530000,430000,11778000,388000,12596000,10525654128450725294
1,0011.txt,192,v036,2,64,46,427000,11791000,386000,12604000,427000,11815000,402000,12644000,10525654128450725294
1,0012.txt,160,v028,2,64,42,259000,9431000,357000,10047000,259000,9445000,362000,10066000,18228620964614505709
1,0012.txt,160,v035,0,64,42,269000,9644000,280000,10193000,269000,9664000,292000,10225000,18228620964614505709
1,0012.txt,160,v036,1,64,42,253000,9568000,293000,10114000,254000,9604000,297000,10155000,18228620964614505709
1,0013.txt,224,v028,1,64,51,322000,10759000,679000,11760000,322000,10784000,693000,11799000,11658144250769295395
1,0013.txt,224,v035,2,64,51,352000,11013000,612000,11977000,352000,11027000,630000,12009000,11658144250769295395
1,0013.txt,224,v036,0,64,51,345000,11160000,622000,12127000,344000,11176000,636000,12156000,11658144250769295395
1,0014.txt,288,v028,0,64,52,1603000,54578000,1464000,57645000,1603000,54655000,1475000,57733000,3633606904291868902
1,0014.txt,288,v035,1,64,52,1620000,56005000,1342000,58967000,1620000,56058000,1354000,59032000,3633606904291868902
1,0014.txt,288,v036,2,64,52,1612000,57107000,1419000,60138000,1613000,57588000,1434000,60635000,3633606904291868902
1,0015.txt,288,v028,2,64,42,2098000,54872000,2034000,59004000,2098000,55797000,2052000,59947000,12057676038240002655
1,0015.txt,288,v035,0,64,42,2120000,53726000,1825000,57671000,2119000,53938000,1836000,57893000,12057676038240002655
1,0015.txt,288,v036,1,64,42,2135000,51524000,1799000,55458000,2136000,51671000,1836000,55643000,12057676038240002655
1,0016.txt,192,v028,1,64,41,384000,11988000,464000,12836000,399000,12336000,487000,13222000,16263700429714567991
1,0016.txt,192,v035,2,64,41,307000,11107000,328000,11742000,308000,12079000,338000,12725000,16263700429714567991
1,0016.txt,192,v036,0,64,41,377000,11579000,376000,12332000,388000,11875000,385000,12648000,16263700429714567991
1,0017.txt,192,v028,0,64,53,970000,14776000,695000,16441000,995000,14826000,725000,16546000,4847870249899229512
1,0017.txt,192,v035,1,64,53,899000,15445000,580000,16924000,898000,15798000,617000,17313000,4847870249899229512
1,0017.txt,192,v036,2,64,53,868000,15151000,569000,16588000,868000,15232000,577000,16677000,4847870249899229512
1,0018.txt,128,v028,2,64,34,113000,4434000,197000,4744000,113000,4540000,203000,4856000,2591044257394328704
1,0018.txt,128,v035,0,64,34,107000,4542000,158000,4807000,107000,4624000,173000,4904000,2591044257394328704
1,0018.txt,128,v036,1,64,34,113000,4473000,155000,4741000,112000,4572000,167000,4851000,2591044257394328704
1,0019.txt,384,v028,1,64,38,3705000,71943000,1835000,77483000,3706000,71993000,1843000,77542000,18413403235399141350
1,0019.txt,384,v035,2,64,38,3731000,73497000,1849000,79077000,3732000,73529000,1857000,79118000,18413403235399141350
1,0019.txt,384,v036,0,64,38,3718000,73644000,1867000,79229000,3718000,73909000,1884000,79511000,18413403235399141350
1,0020.txt,160,v028,0,64,54,493000,12472000,501000,13466000,494000,12494000,513000,13501000,6655744353329306587
1,0020.txt,160,v035,1,64,54,480000,12644000,390000,13514000,481000,12653000,405000,13539000,6655744353329306587
1,0020.txt,160,v036,2,64,54,482000,12670000,408000,13560000,483000,12692000,431000,13606000,6655744353329306587
1,0021.txt,160,v028,2,64,54,105000,4863000,329000,5297000,106000,4890000,337000,5333000,10139017720273762941
1,0021.txt,160,v035,0,64,54,118000,4939000,271000,5328000,118000,4956000,291000,5365000,10139017720273762941
1,0021.txt,160,v036,1,64,54,106000,4950000,275000,5331000,105000,4959000,285000,5349000,10139017720273762941
1,0022.txt,160,v028,1,64,54,98000,5142000,311000,5551000,98000,5152000,321000,5571000,12367056253196356386
1,0022.txt,160,v035,2,64,54,89000,5726000,283000,6098000,90000,5750000,290000,6130000,12367056253196356386
1,0022.txt,160,v036,0,64,54,107000,5326000,278000,5711000,109000,5341000,287000,5737000,12367056253196356386
1,0023.txt,160,v028,0,64,32,140000,4201000,188000,4529000,141000,4215000,197000,4553000,13661901359584633416
1,0023.txt,160,v035,1,64,32,136000,4442000,158000,4736000,136000,4457000,166000,4759000,13661901359584633416
1,0023.txt,160,v036,2,64,32,144000,4384000,158000,4686000,145000,4399000,168000,4712000,13661901359584633416
1,0024.txt,192,v028,2,64,37,169000,6272000,387000,6828000,170000,6286000,392000,6848000,14100779623175012850
1,0024.txt,192,v035,0,64,37,186000,6374000,361000,6921000,186000,6402000,361000,6949000,14100779623175012850
1,0024.txt,192,v036,1,64,37,173000,6501000,346000,7020000,174000,6507000,358000,7039000,14100779623175012850
1,0025.txt,192,v028,1,64,57,99000,3270000,247000,3616000,99000,3284000,256000,3639000,16693701477626876418
1,0025.txt,192,v035,2,64,57,107000,3417000,216000,3740000,108000,3422000,225000,3755000,16693701477626876418
1,0025.txt,192,v036,0,64,57,110000,3430000,221000,3761000,111000,3450000,226000,3787000,16693701477626876418
1,0026.txt,256,v028,0,64,43,225000,7136000,427000,7788000,225000,7162000,426000,7813000,12399338981540513818
1,0026.txt,256,v035,1,64,43,216000,7598000,413000,8227000,217000,7616000,417000,8250000,12399338981540513818
1,0026.txt,256,v036,2,64,43,217000,7761000,417000,8395000,217000,7788000,424000,8429000,12399338981540513818
1,0027.txt,128,v028,2,64,31,312000,6191000,330000,6833000,313000,6206000,338000,6857000,7331911850896128959
1,0027.txt,128,v035,0,64,31,320000,6234000,245000,6799000,320000,6256000,250000,6826000,7331911850896128959
1,0027.txt,128,v036,1,64,31,301000,6112000,244000,6657000,301000,6131000,247000,6679000,7331911850896128959
1,0028.txt,256,v028,1,64,47,649000,18681000,1016000,20346000,649000,18704000,1027000,20380000,16501633472421096672
1,0028.txt,256,v035,2,64,47,635000,19327000,940000,20902000,636000,19382000,943000,20961000,16501633472421096672
1,0028.txt,256,v036,0,64,47,644000,19156000,938000,20738000,644000,19188000,949000,20781000,16501633472421096672
1,0029.txt,288,v028,0,64,41,887000,24542000,761000,26190000,888000,24587000,769000,26244000,3006019691893062148
1,0029.txt,288,v035,1,64,41,884000,25566000,692000,27142000,884000,25613000,706000,27203000,3006019691893062148
1,0029.txt,288,v036,2,64,41,899000,24931000,678000,26508000,900000,24977000,689000,26566000,3006019691893062148
1,0030.txt,256,v028,2,64,44,1212000,20486000,1573000,23271000,1213000,20532000,1578000,23323000,3998580007914902329
1,0030.txt,256,v035,0,64,44,1208000,21201000,1400000,23809000,1207000,21277000,1412000,23896000,3998580007914902329
1,0030.txt,256,v036,1,64,44,1181000,21397000,1470000,24048000,1182000,21465000,1482000,24129000,3998580007914902329
1,0031.txt,160,v028,1,64,49,232000,11127000,450000,11809000,232000,11173000,460000,11865000,1277513514513811977
1,0031.txt,160,v035,2,64,49,241000,11510000,366000,12117000,242000,11525000,378000,12145000,1277513514513811977
1,0031.txt,160,v036,0,64,49,251000,11466000,385000,12102000,251000,11482000,392000,12125000,1277513514513811977
1,0032.txt,224,v028,0,64,48,323000,12933000,490000,13746000,324000,12995000,505000,13824000,12827533860645535518
1,0032.txt,224,v035,1,64,48,312000,13384000,436000,14132000,313000,13431000,445000,14189000,12827533860645535518
1,0032.txt,224,v036,2,64,48,333000,13058000,422000,13813000,333000,13064000,440000,13837000,12827533860645535518
1,0033.txt,160,v028,2,64,43,399000,10926000,424000,11749000,400000,10941000,433000,11774000,13693103595731326709
1,0033.txt,160,v035,0,64,43,403000,11460000,357000,12220000,404000,11509000,362000,12275000,13693103595731326709
1,0033.txt,160,v036,1,64,43,411000,11165000,352000,11928000,411000,11186000,369000,11966000,13693103595731326709
1,0034.txt,288,v028,1,64,41,1198000,27591000,1385000,30174000,1198000,27826000,1398000,30422000,11851417704820801821
1,0034.txt,288,v035,2,64,41,1188000,27474000,1284000,29946000,1188000,27512000,1298000,29998000,11851417704820801821
1,0034.txt,288,v036,0,64,41,1192000,27055000,1278000,29525000,1193000,27097000,1288000,29578000,11851417704820801821
1,0035.txt,128,v028,0,49,37,75000,2416000,203000,2694000,75000,2428000,205000,2708000,1966248127026479111
1,0035.txt,128,v035,1,49,37,83000,2599000,173000,2855000,83000,2618000,179000,2880000,1966248127026479111
1,0035.txt,128,v036,2,49,37,91000,2661000,177000,2929000,116000,2668000,185000,2969000,1966248127026479111
1,0036.txt,192,v028,2,64,50,778000,17792000,642000,19212000,778000,17809000,652000,19239000,3582229042672705885
1,0036.txt,192,v035,0,64,50,743000,18189000,557000,19489000,744000,18214000,560000,19518000,3582229042672705885
1,0036.txt,192,v036,1,64,50,731000,18630000,550000,19911000,732000,18653000,562000,19947000,3582229042672705885
1,0037.txt,288,v028,1,64,45,578000,16279000,820000,17677000,579000,16318000,828000,17725000,11367272562188583031
1,0037.txt,288,v035,2,64,45,610000,16825000,779000,18214000,610000,16885000,779000,18274000,11367272562188583031
1,0037.txt,288,v036,0,64,45,593000,16393000,788000,17774000,595000,16414000,800000,17809000,11367272562188583031
1,0038.txt,192,v028,0,64,55,253000,8143000,524000,8920000,254000,8178000,526000,8958000,5000358612861532629
1,0038.txt,192,v035,1,64,55,258000,8165000,451000,8874000,259000,8191000,463000,8913000,5000358612861532629
1,0038.txt,192,v036,2,64,55,257000,8431000,455000,9143000,259000,8452000,470000,9181000,5000358612861532629
1,0039.txt,256,v028,2,64,43,203000,7797000,377000,8377000,214000,7835000,400000,8449000,1713245602201241720
1,0039.txt,256,v035,0,64,43,177000,7858000,324000,8359000,179000,7881000,332000,8392000,1713245602201241720
1,0039.txt,256,v036,1,64,43,174000,7924000,334000,8432000,174000,7948000,338000,8460000,1713245602201241720
1,0040.txt,224,v028,1,64,43,190000,8820000,572000,9582000,190000,8835000,598000,9623000,872385857505348709
1,0040.txt,224,v035,2,64,43,166000,9103000,540000,9809000,166000,9122000,545000,9833000,872385857505348709
1,0040.txt,224,v036,0,64,43,163000,9010000,547000,9720000,164000,9036000,552000,9752000,872385857505348709
1,0041.txt,160,v028,0,64,56,237000,7195000,358000,7790000,236000,7221000,365000,7822000,10397856525299628427
1,0041.txt,160,v035,1,64,56,242000,7604000,292000,8138000,243000,7620000,307000,8170000,10397856525299628427
1,0041.txt,160,v036,2,64,56,228000,7350000,287000,7865000,227000,7363000,299000,7889000,10397856525299628427
1,0042.txt,352,v028,2,64,36,1145000,30669000,904000,32718000,1145000,30699000,913000,32757000,12427270659438181611
1,0042.txt,352,v035,0,64,36,1156000,31665000,901000,33722000,1156000,31682000,907000,33745000,12427270659438181611
1,0042.txt,352,v036,1,64,36,1153000,31664000,885000,33702000,1155000,31693000,894000,33742000,12427270659438181611
1,0043.txt,160,v028,1,64,27,282000,7720000,376000,8378000,283000,7742000,375000,8400000,17317113132050913222
1,0043.txt,160,v035,2,64,27,267000,7780000,325000,8372000,267000,7800000,333000,8400000,17317113132050913222
1,0043.txt,160,v036,0,64,27,286000,7901000,322000,8509000,287000,7918000,330000,8535000,17317113132050913222
1,0044.txt,192,v028,0,64,35,440000,13149000,442000,14031000,440000,13173000,454000,14067000,14244673959848913933
1,0044.txt,192,v035,1,64,35,463000,13070000,371000,13904000,464000,13087000,381000,13932000,14244673959848913933
1,0044.txt,192,v036,2,64,35,453000,13324000,375000,14152000,454000,13331000,380000,14165000,14244673959848913933
1,0045.txt,192,v028,2,64,42,631000,9615000,536000,10782000,631000,9645000,546000,10822000,11015969575620966037
1,0045.txt,192,v035,0,64,42,641000,9568000,448000,10657000,642000,9586000,450000,10678000,11015969575620966037
1,0045.txt,192,v036,1,64,42,641000,9624000,457000,10722000,641000,9639000,459000,10739000,11015969575620966037
1,0046.txt,128,v028,1,64,43,417000,10506000,413000,11336000,418000,10520000,432000,11370000,2499980644579135674
1,0046.txt,128,v035,2,64,43,397000,10771000,331000,11499000,398000,10791000,341000,11530000,2499980644579135674
1,0046.txt,128,v036,0,64,43,461000,10782000,322000,11565000,463000,10788000,332000,11583000,2499980644579135674
1,0047.txt,256,v028,0,64,42,1106000,26628000,939000,28673000,1107000,26641000,947000,28695000,10022142641444623082
1,0047.txt,256,v035,1,64,42,1191000,28479000,877000,30547000,1195000,28562000,887000,30644000,10022142641444623082
1,0047.txt,256,v036,2,64,42,1170000,28061000,878000,30109000,1171000,28117000,889000,30177000,10022142641444623082
1,0048.txt,192,v028,2,64,47,934000,15740000,701000,17375000,935000,15791000,708000,17434000,3768764602654705949
1,0048.txt,192,v035,0,64,47,919000,15592000,579000,17090000,920000,15626000,586000,17132000,3768764602654705949
1,0048.txt,192,v036,1,64,47,924000,15965000,587000,17476000,924000,15994000,598000,17516000,3768764602654705949
1,0049.txt,192,v028,1,64,46,728000,13900000,572000,15200000,729000,13934000,575000,15238000,5345024174446336161
1,0049.txt,192,v035,2,64,46,702000,14365000,479000,15546000,701000,14398000,489000,15588000,5345024174446336161
1,0049.txt,192,v036,0,64,46,724000,14695000,488000,15907000,724000,14771000,500000,15995000,5345024174446336161
1,0050.txt,128,v028,0,64,37,259000,6221000,412000,6892000,258000,6253000,413000,6924000,12997574625261075627
1,0050.txt,128,v035,1,64,37,245000,6236000,341000,6822000,244000,6258000,344000,6846000,12997574625261075627
1,0050.txt,128,v036,2,64,37,247000,6333000,362000,6942000,248000,6350000,374000,6972000,12997574625261075627
1,0051.txt,160,v028,2,64,50,248000,7877000,437000,8562000,248000,7898000,443000,8589000,12279836665363317183
1,0051.txt,160,v035,0,64,50,263000,8048000,364000,8675000,263000,8068000,377000,8708000,12279836665363317183
1,0051.txt,160,v036,1,64,50,276000,8028000,364000,8668000,277000,8049000,366000,8692000,12279836665363317183
1,0052.txt,224,v028,1,64,49,480000,13637000,650000,14767000,481000,13653000,667000,14801000,9179596259479780699
1,0052.txt,224,v035,2,64,49,486000,14532000,584000,15602000,487000,14563000,596000,15646000,9179596259479780699
1,0052.txt,224,v036,0,64,49,485000,14354000,578000,15417000,486000,14371000,583000,15440000,9179596259479780699
1,0053.txt,192,v028,0,64,60,259000,8024000,571000,8854000,259000,8039000,599000,8897000,2465353185479614519
1,0053.txt,192,v035,1,64,60,269000,8340000,484000,9093000,270000,8355000,500000,9125000,2465353185479614519
1,0053.txt,192,v036,2,64,60,259000,8550000,466000,9275000,260000,8571000,474000,9305000,2465353185479614519
1,0054.txt,256,v028,2,64,50,751000,22065000,1080000,23896000,752000,22087000,1094000,23933000,1977551075025097523
1,0054.txt,256,v035,0,64,50,761000,22778000,983000,24522000,763000,22796000,993000,24552000,1977551075025097523
1,0054.txt,256,v036,1,64,50,760000,22828000,996000,24584000,761000,22843000,1005000,24609000,1977551075025097523
1,0055.txt,288,v028,1,64,39,1309000,25867000,724000,27900000,1308000,25905000,733000,27946000,1917009490484356854
1,0055.txt,288,v035,2,64,39,1249000,27285000,707000,29241000,1248000,27353000,714000,29315000,1917009490484356854
1,0055.txt,288,v036,0,64,39,1267000,26242000,697000,28206000,1267000,26272000,711000,28250000,1917009490484356854
1,0056.txt,224,v028,0,64,39,529000,12241000,548000,13318000,534000,12263000,555000,13352000,6905413677133017825
1,0056.txt,224,v035,1,64,39,477000,12319000,469000,13265000,479000,12353000,480000,13312000,6905413677133017825
1,0056.txt,224,v036,2,64,39,491000,11980000,462000,12933000,491000,12002000,467000,12960000,6905413677133017825
1,0057.txt,256,v028,2,64,54,821000,19435000,984000,21240000,822000,19472000,997000,21291000,10523818247767909617
1,0057.txt,256,v035,0,64,54,850000,19807000,876000,21533000,850000,19828000,889000,21567000,10523818247767909617
1,0057.txt,256,v036,1,64,54,822000,19924000,901000,21647000,823000,19952000,901000,21676000,10523818247767909617
1,0058.txt,256,v028,1,64,47,625000,21319000,983000,22927000,624000,21350000,991000,22965000,8747116303198179067
1,0058.txt,256,v035,2,64,47,638000,21934000,897000,23469000,638000,21970000,905000,23513000,8747116303198179067
1,0058.txt,256,v036,0,64,47,623000,22075000,908000,23606000,623000,22139000,921000,23683000,8747116303198179067
1,0059.txt,192,v028,0,64,47,113000,5203000,251000,5567000,114000,5217000,259000,5590000,8776027305845615921
1,0059.txt,192,v035,1,64,47,108000,5246000,215000,5569000,107000,5257000,221000,5585000,8776027305845615921
1,0059.txt,192,v036,2,64,47,105000,5253000,208000,5566000,105000,5270000,214000,5589000,8776027305845615921
1,0060.txt,224,v028,2,64,40,266000,11904000,533000,12703000,266000,11929000,537000,12732000,9265774647566182347
1,0060.txt,224,v035,0,64,40,230000,11785000,481000,12496000,229000,11844000,494000,12567000,9265774647566182347
1,0060.txt,224,v036,1,64,40,248000,11934000,465000,12647000,248000,11966000,481000,12695000,9265774647566182347
1,0061.txt,192,v028,1,64,47,717000,18284000,939000,19940000,716000,18310000,952000,19978000,9109783169076520820
1,0061.txt,192,v035,2,64,47,713000,18539000,801000,20053000,712000,18557000,804000,20073000,9109783169076520820
1,0061.txt,192,v036,0,64,47,703000,18420000,785000,19908000,703000,18445000,797000,19945000,9109783169076520820
1,0062.txt,224,v028,0,64,51,506000,17152000,668000,18326000,507000,17275000,685000,18467000,6235176586112113050
1,0062.txt,224,v035,1,64,51,509000,17381000,572000,18462000,514000,17428000,580000,18522000,6235176586112113050
1,0062.txt,224,v036,2,64,51,515000,17386000,574000,18475000,515000,17444000,586000,18545000,6235176586112113050
1,0063.txt,256,v028,2,64,43,557000,16587000,866000,18010000,557000,16604000,871000,18032000,2811221567898568818
1,0063.txt,256,v035,0,64,43,638000,17822000,808000,19268000,650000,17951000,819000,19420000,2811221567898568818
1,0063.txt,256,v036,1,64,43,554000,16975000,785000,18314000,554000,17001000,788000,18343000,2811221567898568818
1,0064.txt,224,v028,1,64,44,432000,6814000,590000,7836000,433000,6832000,599000,7864000,6923825489153610959
1,0064.txt,224,v035,2,64,44,417000,7293000,544000,8254000,418000,7316000,555000,8289000,6923825489153610959
1,0064.txt,224,v036,0,64,44,432000,7501000,549000,8482000,432000,7524000,562000,8518000,6923825489153610959
1,0065.txt,192,v028,0,64,43,198000,8211000,516000,8925000,199000,8230000,519000,8948000,17408032648247834609
1,0065.txt,192,v035,1,64,43,186000,8710000,466000,9362000,187000,8732000,476000,9395000,17408032648247834609
1,0065.txt,192,v036,2,64,43,202000,8912000,456000,9570000,201000,8919000,469000,9589000,17408032648247834609
1,0066.txt,224,v028,2,64,29,961000,23424000,1008000,25393000,963000,23447000,1019000,25429000,8875708553305440087
1,0066.txt,224,v035,0,64,29,1000000,23813000,922000,25735000,1001000,23839000,924000,25764000,8875708553305440087
1,0066.txt,224,v036,1,64,29,1007000,23742000,861000,25610000,1007000,23777000,870000,25654000,8875708553305440087
1,0067.txt,192,v028,1,64,37,340000,11385000,542000,12267000,340000,11410000,551000,12301000,1054547824349595996
1,0067.txt,192,v035,2,64,37,334000,11530000,498000,12362000,334000,11551000,514000,12399000,1054547824349595996
1,0067.txt,192,v036,0,64,37,336000,11303000,491000,12130000,337000,11325000,500000,12162000,1054547824349595996
1,0068.txt,352,v028,0,64,36,1976000,29517000,1044000,32537000,1977000,29537000,1051000,32565000,16704674484913076321
1,0068.txt,352,v035,1,64,36,1925000,30511000,1063000,33499000,1926000,30568000,1066000,33560000,16704674484913076321
1,0068.txt,352,v036,2,64,36,1914000,30543000,1046000,33503000,1914000,30578000,1051000,33543000,16704674484913076321
1,0069.txt,128,v028,2,64,55,265000,8040000,506000,8811000,266000,8054000,509000,8829000,10272637644074201381
1,0069.txt,128,v035,0,64,55,256000,8639000,398000,9293000,255000,8658000,413000,9326000,10272637644074201381
1,0069.txt,128,v036,1,64,55,249000,8465000,407000,9121000,249000,8500000,406000,9155000,10272637644074201381
1,0070.txt,320,v028,1,64,43,1317000,46036000,1516000,48869000,1321000,46098000,1515000,48934000,6636878282639228694
1,0070.txt,320,v035,2,64,43,1288000,47089000,1509000,49886000,1292000,47121000,1530000,49943000,6636878282639228694
1,0070.txt,320,v036,0,64,43,1235000,47767000,1466000,50468000,1235000,47802000,1480000,50517000,6636878282639228694
1,0071.txt,288,v028,0,64,34,1332000,30641000,1060000,33033000,1338000,30667000,1063000,33068000,5480489002906609640
1,0071.txt,288,v035,1,64,34,1274000,31753000,1033000,34060000,1275000,31888000,1034000,34197000,5480489002906609640
1,0071.txt,288,v036,2,64,34,1324000,31079000,985000,33388000,1324000,31102000,996000,33422000,5480489002906609640
1,0072.txt,192,v028,2,64,53,150000,7619000,398000,8167000,150000,7627000,410000,8187000,3456405102086958663
1,0072.txt,192,v035,0,64,53,153000,7524000,330000,8007000,153000,7538000,346000,8037000,3456405102086958663
1,0072.txt,192,v036,1,64,53,140000,8264000,364000,8768000,140000,8322000,373000,8835000,3456405102086958663
1,0073.txt,160,v028,1,64,45,795000,15039000,713000,16547000,795000,15067000,719000,16581000,7837691528528546932
1,0073.txt,160,v035,2,64,45,794000,15776000,628000,17198000,795000,15818000,657000,17270000,7837691528528546932
1,0073.txt,160,v036,0,64,45,798000,15901000,605000,17304000,798000,15935000,620000,17353000,7837691528528546932
1,0074.txt,128,v028,0,64,40,224000,5257000,273000,5754000,224000,5279000,283000,5786000,11002935191480867671
1,0074.txt,128,v035,1,64,40,220000,5265000,202000,5687000,220000,5273000,208000,5701000,11002935191480867671
1,0074.txt,128,v036,2,64,40,227000,5101000,196000,5524000,227000,5116000,205000,5548000,11002935191480867671
1,0075.txt,288,v028,2,64,30,1033000,28417000,918000,30368000,1034000,28456000,920000,30410000,2583345268107875064
1,0075.txt,288,v035,0,64,30,1094000,29254000,872000,31220000,1094000,29292000,880000,31266000,2583345268107875064
1,0075.txt,288,v036,1,64,30,1011000,29117000,895000,31023000,1012000,29150000,902000,31064000,2583345268107875064
1,0076.txt,192,v028,1,64,52,804000,19753000,938000,21495000,804000,19780000,963000,21547000,14019256839176950374
1,0076.txt,192,v035,2,64,52,751000,20371000,811000,21933000,752000,20416000,824000,21992000,14019256839176950374
1,0076.txt,192,v036,0,64,52,764000,20298000,805000,21867000,764000,20320000,813000,21897000,14019256839176950374
1,0077.txt,128,v028,0,64,55,180000,6723000,342000,7245000,181000,6740000,347000,7268000,17479160985738783937
1,0077.txt,128,v035,1,64,55,171000,6695000,255000,7121000,172000,6713000,262000,7147000,17479160985738783937
1,0077.txt,128,v036,2,64,55,196000,6683000,257000,7136000,198000,6698000,262000,7158000,17479160985738783937
1,0078.txt,224,v028,2,64,44,700000,15153000,867000,16720000,701000,15175000,879000,16755000,14185763832882636607
1,0078.txt,224,v035,0,64,44,777000,15727000,756000,17260000,779000,15760000,763000,17302000,14185763832882636607
1,0078.txt,224,v036,1,64,44,708000,15599000,777000,17084000,709000,15629000,784000,17122000,14185763832882636607
1,0079.txt,160,v028,1,64,48,86000,4311000,269000,4666000,85000,4326000,279000,4690000,18107065893375765734
1,0079.txt,160,v035,2,64,48,104000,4565000,260000,4929000,104000,4586000,265000,4955000,18107065893375765734
1,0079.txt,160,v036,0,64,48,91000,4315000,238000,4644000,91000,4331000,244000,4666000,18107065893375765734
1,0080.txt,192,v028,0,64,48,574000,14535000,598000,15707000,576000,14556000,611000,15743000,7914294815535909058
1,0080.txt,192,v035,1,64,48,552000,14734000,495000,15781000,553000,14759000,504000,15816000,7914294815535909058
1,0080.txt,192,v036,2,64,48,535000,14966000,507000,16008000,535000,14988000,514000,16037000,7914294815535909058
1,0081.txt,256,v028,2,64,48,1700000,46358000,1195000,49253000,1700000,46401000,1210000,49311000,12611955559657520540
1,0081.txt,256,v035,0,64,48,1778000,47250000,1082000,50110000,1849000,47343000,1090000,50282000,12611955559657520540
1,0081.txt,256,v036,1,64,48,1736000,46842000,1086000,49664000,1736000,46882000,1098000,49716000,12611955559657520540
1,0082.txt,224,v028,1,64,43,1117000,22730000,1111000,24958000,1116000,22768000,1126000,25010000,15976384220259857970
1,0082.txt,224,v035,2,64,43,1140000,22983000,983000,25106000,1139000,23008000,996000,25143000,15976384220259857970
1,0082.txt,224,v036,0,64,43,1128000,22971000,980000,25079000,1129000,23005000,987000,25121000,15976384220259857970
1,0083.txt,160,v028,0,64,45,422000,10606000,512000,11540000,423000,10623000,524000,11570000,2709579689513296368
1,0083.txt,160,v035,1,64,45,407000,10908000,406000,11721000,407000,10932000,420000,11759000,2709579689513296368
1,0083.txt,160,v036,2,64,45,410000,10572000,412000,11394000,411000,10585000,426000,11422000,2709579689513296368
1,0084.txt,224,v028,2,64,29,1225000,16117000,632000,17974000,1224000,16134000,640000,17998000,8219160516625378647
1,0084.txt,224,v035,0,64,29,1198000,16580000,564000,18342000,1198000,16593000,570000,18361000,8219160516625378647
1,0084.txt,224,v036,1,64,29,1238000,16672000,569000,18479000,1238000,16698000,566000,18502000,8219160516625378647
1,0085.txt,256,v028,1,64,52,421000,9938000,731000,11090000,425000,10015000,740000,11180000,9843680023606892368
1,0085.txt,256,v035,2,64,52,416000,10352000,683000,11451000,416000,10374000,687000,11477000,9843680023606892368
1,0085.txt,256,v036,0,64,52,409000,10288000,651000,11348000,410000,10326000,658000,11394000,9843680023606892368
1,0086.txt,96,v028,0,64,41,140000,4531000,306000,4977000,140000,4548000,313000,5001000,1746008403728494063
1,0086.txt,96,v035,1,64,41,140000,4501000,249000,4890000,141000,4510000,253000,4904000,1746008403728494063
1,0086.txt,96,v036,2,64,41,152000,4500000,236000,4888000,152000,4533000,242000,4927000,1746008403728494063
1,0087.txt,224,v028,2,64,56,263000,8271000,493000,9027000,262000,8290000,507000,9059000,6062298770127305429
1,0087.txt,224,v035,0,64,56,260000,8596000,434000,9290000,260000,8617000,436000,9313000,6062298770127305429
1,0087.txt,224,v036,1,64,56,274000,8461000,426000,9161000,274000,8476000,434000,9184000,6062298770127305429
1,0088.txt,224,v028,1,64,51,383000,9690000,551000,10624000,382000,9709000,566000,10657000,1932990849624522106
1,0088.txt,224,v035,2,64,51,381000,10162000,493000,11036000,381000,10187000,508000,11076000,1932990849624522106
1,0088.txt,224,v036,0,64,51,388000,10099000,481000,10968000,389000,10118000,486000,10993000,1932990849624522106
1,0089.txt,320,v028,0,64,37,1186000,38346000,1060000,40592000,1187000,38401000,1070000,40658000,6980722571508482437
1,0089.txt,320,v035,1,64,37,1228000,39576000,1016000,41820000,1229000,39609000,1026000,41864000,6980722571508482437
1,0089.txt,320,v036,2,64,37,1188000,40034000,1013000,42235000,1190000,40120000,1023000,42333000,6980722571508482437
1,0090.txt,224,v028,2,64,36,219000,8024000,448000,8691000,220000,8054000,468000,8742000,17418676575136399411
1,0090.txt,224,v035,0,64,36,228000,8427000,418000,9073000,228000,8447000,422000,9097000,17418676575136399411
1,0090.txt,224,v036,1,64,36,216000,8493000,422000,9131000,217000,8509000,431000,9157000,17418676575136399411
1,0091.txt,128,v028,1,64,49,242000,6922000,393000,7557000,243000,9521000,411000,10175000,6905654600788291276
1,0091.txt,128,v035,2,64,49,262000,6038000,275000,6575000,263000,6083000,284000,6630000,6905654600788291276
1,0091.txt,128,v036,0,64,49,257000,5867000,251000,6375000,257000,5892000,266000,6415000,6905654600788291276
1,0092.txt,320,v028,0,64,34,2442000,42964000,1696000,47102000,2470000,43121000,1724000,47315000,17892104883127441197
1,0092.txt,320,v035,1,64,34,2256000,43249000,1618000,47123000,2256000,43300000,1628000,47184000,17892104883127441197
1,0092.txt,320,v036,2,64,34,2288000,43343000,1622000,47253000,2289000,43383000,1629000,47301000,17892104883127441197
1,0093.txt,128,v028,2,63,60,112000,5104000,411000,5627000,112000,5125000,416000,5653000,9403735909905401337
1,0093.txt,128,v035,0,63,60,126000,5174000,340000,5640000,125000,5188000,358000,5671000,9403735909905401337
1,0093.txt,128,v036,1,63,60,114000,5263000,341000,5718000,114000,5278000,355000,5747000,9403735909905401337
1,0094.txt,288,v028,1,64,59,245000,7896000,525000,8666000,245000,7905000,532000,8682000,15807896437645640352
1,0094.txt,288,v035,2,64,59,253000,8222000,489000,8964000,254000,8238000,506000,8998000,15807896437645640352
1,0094.txt,288,v036,0,64,59,252000,8204000,477000,8933000,253000,8221000,491000,8965000,15807896437645640352
1,0095.txt,192,v028,0,64,40,869000,19828000,700000,21397000,869000,19877000,709000,21455000,14558885443859604524
1,0095.txt,192,v035,1,64,40,862000,19552000,569000,20983000,863000,19574000,577000,21014000,14558885443859604524
1,0095.txt,192,v036,2,64,40,895000,20531000,602000,22028000,896000,20622000,627000,22145000,14558885443859604524
1,0096.txt,160,v028,2,64,62,191000,6820000,357000,7368000,191000,6839000,369000,7399000,9102786252669791947
1,0096.txt,160,v035,0,64,62,214000,7060000,302000,7576000,214000,7095000,308000,7617000,9102786252669791947
1,0096.txt,160,v036,1,64,62,193000,6845000,299000,7337000,194000,6847000,313000,7354000,9102786252669791947
1,0097.txt,288,v028,1,64,36,1362000,43558000,1645000,46565000,1362000,43585000,1661000,46608000,2803104666536711401
1,0097.txt,288,v035,2,64,36,1400000,44319000,1561000,47280000,1401000,44390000,1570000,47361000,2803104666536711401
1,0097.txt,288,v036,0,64,36,1375000,44237000,1589000,47201000,1376000,44279000,1595000,47250000,2803104666536711401
1,0098.txt,160,v028,0,64,55,276000,7458000,578000,8312000,276000,7479000,586000,8341000,9847453008769540877
1,0098.txt,160,v035,1,64,55,267000,7708000,498000,8473000,268000,7728000,512000,8508000,9847453008769540877
1,0098.txt,160,v036,2,64,55,267000,7746000,498000,8511000,268000,7761000,512000,8541000,9847453008769540877
1,0099.txt,256,v028,2,64,38,492000,12925000,506000,13923000,492000,12968000,515000,13975000,446694983656461108
1,0099.txt,256,v035,0,64,38,498000,13065000,441000,14004000,499000,13095000,457000,14051000,446694983656461108
1,0099.txt,256,v036,1,64,38,516000,13286000,453000,14255000,516000,13306000,455000,14277000,446694983656461108
2,0000.txt,128,v028,1,37,37,72000,1179000,126000,1377000,71000,1188000,132000,1391000,816204004610948454
2,0000.txt,128,v035,2,37,37,70000,1211000,109000,1390000,70000,1224000,117000,1411000,816204004610948454
2,0000.txt,128,v036,0,37,37,77000,1474000,143000,1694000,77000,1549000,154000,1780000,816204004610948454
2,0001.txt,160,v028,0,64,47,165000,6631000,395000,7191000,165000,6726000,400000,7291000,9659342416910865731
2,0001.txt,160,v035,1,64,47,163000,6614000,340000,7117000,162000,6639000,355000,7156000,9659342416910865731
2,0001.txt,160,v036,2,64,47,167000,6491000,315000,6973000,167000,6546000,322000,7035000,9659342416910865731
2,0002.txt,160,v028,2,64,62,242000,7914000,492000,8648000,243000,7923000,507000,8673000,13336614233393630273
2,0002.txt,160,v035,0,64,62,233000,8445000,423000,9101000,233000,8494000,424000,9151000,13336614233393630273
2,0002.txt,160,v036,1,64,62,240000,8698000,427000,9365000,241000,8728000,447000,9416000,13336614233393630273
2,0003.txt,288,v028,1,64,37,217000,8613000,405000,9235000,217000,8631000,409000,9257000,9846154642387442228
2,0003.txt,288,v035,2,64,37,225000,8850000,368000,9443000,225000,8867000,377000,9469000,9846154642387442228
2,0003.txt,288,v036,0,64,37,210000,9248000,373000,9831000,211000,9285000,383000,9879000,9846154642387442228
2,0004.txt,224,v028,0,64,39,762000,25217000,730000,26709000,762000,25242000,741000,26745000,5868743466089011035
2,0004.txt,224,v035,1,64,39,801000,26169000,646000,27616000,802000,26235000,654000,27691000,5868743466089011035
2,0004.txt,224,v036,2,64,39,814000,25689000,647000,27150000,815000,25703000,653000,27171000,5868743466089011035
2,0005.txt,224,v028,2,64,26,1500000,37023000,1456000,39979000,1501000,37052000,1462000,40015000,10086671006629847274
2,0005.txt,224,v035,0,64,26,1493000,37870000,1334000,40697000,1493000,37903000,1338000,40734000,10086671006629847274
2,0005.txt,224,v036,1,64,26,1506000,37866000,1346000,40718000,1507000,37893000,1350000,40750000,10086671006629847274
2,0006.txt,128,v028,1,64,46,271000,5755000,340000,6366000,271000,5782000,350000,6403000,507186591489129217
2,0006.txt,128,v035,2,64,46,286000,5951000,267000,6504000,287000,5982000,267000,6536000,507186591489129217
2,0006.txt,128,v036,0,64,46,279000,5602000,252000,6133000,279000,5619000,260000,6158000,507186591489129217
2,0007.txt,128,v028,0,64,52,255000,7914000,425000,8594000,256000,7929000,442000,8627000,2674825041975378044
2,0007.txt,128,v035,1,64,52,262000,7941000,338000,8541000,261000,7992000,343000,8596000,2674825041975378044
2,0007.txt,128,v036,2,64,52,259000,8139000,331000,8729000,259000,8155000,335000,8749000,2674825041975378044
2,0008.txt,128,v028,2,64,40,293000,8428000,364000,9085000,296000,8442000,372000,9110000,17920141965280989340
2,0008.txt,128,v035,0,64,40,271000,8961000,299000,9531000,272000,8982000,305000,9559000,17920141965280989340
2,0008.txt,128,v036,1,64,40,268000,8701000,289000,9258000,269000,8719000,296000,9284000,17920141965280989340
2,0009.txt,192,v028,1,64,58,159000,6762000,370000,7291000,159000,6779000,384000,7322000,14208774129454741819
2,0009.txt,192,v035,2,64,58,132000,7362000,330000,7824000,132000,7394000,339000,7865000,14208774129454741819
2,0009.txt,192,v036,0,64,58,136000,7316000,322000,7774000,136000,7341000,336000,7813000,14208774129454741819
2,0010.txt,128,v028,0,64,52,124000,3249000,259000,3632000,124000,3263000,272000,3659000,14723523622886612699
2,0010.txt,128,v035,1,64,52,123000,3385000,216000,3724000,123000,3398000,222000,3743000,14723523622886612699
2,0010.txt,128,v036,2,64,52,131000,3413000,207000,3751000,131000,3425000,211000,3767000,14723523622886612699
2,0011.txt,192,v028,2,64,46,412000,11139000,449000,12000000,412000,11161000,456000,12029000,10525654128450725294
2,0011.txt,192,v035,0,64,46,435000,11332000,385000,12152000,435000,11354000,391000,12180000,10525654128450725294
2,0011.txt,192,v036,1,64,46,438000,11402000,365000,12205000,438000,11412000,381000,12231000,10525654128450725294
2,0012.txt,160,v028,1,64,42,283000,9268000,353000,9904000,282000,9286000,365000,9933000,18228620964614505709
2,0012.txt,160,v035,2,64,42,262000,9865000,295000,10422000,263000,9894000,301000,10458000,18228620964614505709
2,0012.txt,160,v036,0,64,42,263000,9586000,298000,10147000,265000,9617000,305000,10187000,18228620964614505709
2,0013.txt,224,v028,0,64,51,337000,10623000,678000,11638000,339000,10642000,690000,11671000,11658144250769295395
2,0013.txt,224,v035,1,64,51,342000,11018000,601000,11961000,341000,11026000,613000,11980000,11658144250769295395
2,0013.txt,224,v036,2,64,51,335000,11261000,629000,12225000,335000,11287000,634000,12256000,11658144250769295395
2,0014.txt,288,v028,2,64,52,1594000,53757000,1472000,56823000,1595000,53817000,1508000,56920000,3633606904291868902
2,0014.txt,288,v035,0,64,52,1703000,56019000,1320000,59042000,1729000,56061000,1338000,59128000,3633606904291868902
2,0014.txt,288,v036,1,64,52,1594000,54531000,1337000,57462000,1594000,54666000,1355000,57615000,3633606904291868902
2,0015.txt,288,v028,1,64,42,2176000,50050000,1843000,54069000,2176000,50084000,1854000,54114000,12057676038240002655
2,0015.txt,288,v035,2,64,42,2104000,51533000,1735000,55372000,2105000,51555000,1747000,55407000,12057676038240002655
2,0015.txt,288,v036,0,64,42,2110000,50847000,1771000,54728000,2111000,50941000,1779000,54831000,12057676038240002655
2,0016.txt,192,v028,0,64,41,309000,9899000,384000,10592000,309000,9912000,396000,10617000,16263700429714567991
2,0016.txt,192,v035,1,64,41,293000,10248000,311000,10852000,294000,10270000,315000,10879000,16263700429714567991
2,0016.txt,192,v036,2,64,41,300000,10605000,320000,11225000,300000,10630000,339000,11269000,16263700429714567991
2,0017.txt,192,v028,2,64,53,871000,14388000,660000,15919000,871000,14397000,676000,15944000,4847870249899229512
2,0017.txt,192,v035,0,64,53,873000,14732000,560000,16165000,873000,14754000,569000,16196000,4847870249899229512
2,0017.txt,192,v036,1,64,53,851000,14741000,540000,16132000,852000,14760000,558000,16170000,4847870249899229512
2,0018.txt,128,v028,1,64,34,95000,4150000,173000,4418000,95000,4165000,182000,4442000,2591044257394328704
2,0018.txt,128,v035,2,64,34,104000,4273000,140000,4517000,104000,4289000,150000,4543000,2591044257394328704
2,0018.txt,128,v036,0,64,34,101000,4219000,142000,4462000,101000,4234000,150000,4485000,2591044257394328704
2,0019.txt,384,v028,0,64,38,3712000,72533000,1877000,78122000,3713000,72571000,1884000,78168000,18413403235399141350
2,0019.txt,384,v035,1,64,38,3724000,73511000,1838000,79073000,3726000,73568000,1847000,79141000,18413403235399141350
2,0019.txt,384,v036,2,64,38,3671000,73036000,1890000,78597000,3672000,73107000,1900000,78679000,18413403235399141350
2,0020.txt,160,v028,2,64,54,504000,12487000,518000,13509000,505000,12513000,527000,13545000,6655744353329306587
2,0020.txt,160,v035,0,64,54,487000,12981000,409000,13877000,487000,13000000,422000,13909000,6655744353329306587
2,0020.txt,160,v036,1,64,54,498000,12893000,410000,13801000,498000,12931000,424000,13853000,6655744353329306587
2,0021.txt,160,v028,1,64,54,107000,4935000,333000,5375000,107000,4962000,329000,5398000,10139017720273762941
2,0021.txt,160,v035,2,64,54,107000,4969000,270000,5346000,108000,4978000,284000,5370000,10139017720273762941
2,0021.txt,160,v036,0,64,54,112000,5115000,279000,5506000,113000,5134000,293000,5540000,10139017720273762941
2,0022.txt,160,v028,0,64,54,95000,5291000,317000,5703000,95000,5317000,327000,5739000,12367056253196356386
2,0022.txt,160,v035,1,64,54,95000,5665000,281000,6041000,96000,5705000,293000,6094000,12367056253196356386
2,0022.txt,160,v036,2,64,54,111000,5340000,278000,5729000,111000,5366000,287000,5764000,12367056253196356386
2,0023.txt,160,v028,2,64,32,136000,4140000,188000,4464000,135000,4149000,204000,4488000,13661901359584633416
2,0023.txt,160,v035,0,64,32,141000,4372000,160000,4673000,140000,4384000,170000,4694000,13661901359584633416
2,0023.txt,160,v036,1,64,32,134000,4583000,164000,4881000,133000,4612000,172000,4917000,13661901359584633416
2,0024.txt,192,v028,1,64,37,170000,6355000,392000,6917000,169000,6375000,400000,6944000,14100779623175012850
2,0024.txt,192,v035,2,64,37,169000,6673000,364000,7206000,169000,6690000,372000,7231000,14100779623175012850
2,0024.txt,192,v036,0,64,37,174000,6472000,340000,6986000,175000,6503000,345000,7023000,14100779623175012850
2,0025.txt,192,v028,0,64,57,101000,3351000,250000,3702000,101000,3377000,263000,3741000,16693701477626876418
2,0025.txt,192,v035,1,64,57,107000,3361000,204000,3672000,109000,3369000,218000,3696000,16693701477626876418
2,0025.txt,192,v036,2,64,57,96000,3459000,212000,3767000,97000,3480000,222000,3799000,16693701477626876418
2,0026.txt,256,v028,2,64,43,229000,7467000,438000,8134000,228000,7488000,453000,8169000,12399338981540513818
2,0026.txt,256,v035,0,64,43,221000,7573000,407000,8201000,221000,7594000,412000,8227000,12399338981540513818
2,0026.txt,256,v036,1,64,43,225000,7565000,387000,8177000,226000,7588000,396000,8210000,12399338981540513818
2,0027.txt,128,v028,1,64,31,313000,6098000,305000,6716000,317000,6112000,313000,6742000,7331911850896128959
2,0027.txt,128,v035,2,64,31,299000,6424000,244000,6967000,298000,6450000,247000,6995000,7331911850896128959
2,0027.txt,128,v036,0,64,31,300000,6236000,245000,6781000,301000,6250000,255000,6806000,7331911850896128959
2,0028.txt,256,v028,0,64,47,639000,18590000,996000,20225000,640000,18622000,1012000,20274000,16501633472421096672
2,0028.txt,256,v035,1,64,47,658000,18937000,916000,20511000,658000,18955000,920000,20533000,16501633472421096672
2,0028.txt,256,v036,2,64,47,641000,19097000,913000,20651000,643000,19132000,922000,20697000,16501633472421096672
2,0029.txt,288,v028,2,64,41,896000,24816000,762000,26474000,896000,24839000,779000,26514000,3006019691893062148
2,0029.txt,288,v035,0,64,41,884000,25648000,694000,27226000,886000,25678000,706000,27270000,3006019691893062148
2,0029.txt,288,v036,1,64,41,884000,24415000,681000,25980000,886000,24437000,688000,26011000,3006019691893062148
2,0030.txt,256,v028,1,64,44,1209000,20643000,1571000,23423000,1209000,20700000,1580000,23489000,3998580007914902329
2,0030.txt,256,v035,2,64,44,1246000,21588000,1468000,24302000,1253000,21633000,1465000,24351000,3998580007914902329
2,0030.txt,256,v036,0,64,44,1318000,21794000,1559000,24671000,1366000,21838000,1563000,24767000,3998580007914902329
2,0031.txt,160,v028,0,64,49,249000,11526000,453000,12228000,249000,11551000,469000,12269000,1277513514513811977
2,0031.txt,160,v035,1,64,49,228000,11432000,372000,12032000,229000,11449000,376000,12054000,1277513514513811977
2,0031.txt,160,v036,2,64,49,234000,11315000,381000,11930000,235000,11336000,390000,11961000,1277513514513811977
2,0032.txt,224,v028,2,64,48,340000,12897000,496000,13733000,340000,12921000,517000,13778000,12827533860645535518
2,0032.txt,224,v035,0,64,48,337000,13097000,432000,13866000,337000,13123000,442000,13902000,12827533860645535518
2,0032.txt,224,v036,1,64,48,306000,13510000,433000,14249000,306000,13534000,448000,14288000,12827533860645535518
2,0033.txt,160,v028,1,64,43,405000,10611000,423000,11439000,404000,10629000,427000,11460000,13693103595731326709
2,0033.txt,160,v035,2,64,43,406000,10915000,344000,11665000,407000,10933000,355000,11695000,13693103595731326709
2,0033.txt,160,v036,0,64,43,406000,11162000,353000,11921000,405000,11193000,359000,11957000,13693103595731326709
2,0034.txt,288,v028,0,64,41,1229000,26426000,1323000,28978000,1228000,26467000,1342000,29037000,11851417704820801821
2,0034.txt,288,v035,1,64,41,1175000,27412000,1279000,29866000,1175000,27454000,1288000,29917000,11851417704820801821
2,0034.txt,288,v036,2,64,41,1227000,27060000,1260000,29547000,1228000,27094000,1272000,29594000,11851417704820801821
2,0035.txt,128,v028,2,49,37,67000,2459000,188000,2714000,66000,2474000,197000,2737000,1966248127026479111
2,0035.txt,128,v035,0,49,37,79000,2488000,189000,2756000,80000,2498000,189000,2767000,1966248127026479111
2,0035.txt,128,v036,1,49,37,67000,2503000,181000,2751000,67000,2522000,191000,2780000,1966248127026479111
2,0036.txt,192,v028,1,64,50,737000,17820000,663000,19220000,738000,17844000,666000,19248000,3582229042672705885
2,0036.txt,192,v035,2,64,50,714000,18531000,568000,19813000,715000,18564000,591000,19870000,3582229042672705885
2,0036.txt,192,v036,0,64,50,729000,18432000,556000,19717000,730000,18453000,562000,19745000,3582229042672705885
2,0037.txt,288,v028,0,64,45,586000,15993000,819000,17398000,587000,16017000,829000,17433000,11367272562188583031
2,0037.txt,288,v035,1,64,45,586000,16535000,745000,17866000,587000,16561000,753000,17901000,11367272562188583031
2,0037.txt,288,v036,2,64,45,605000,16045000,761000,17411000,606000,16061000,770000,17437000,11367272562188583031
2,0038.txt,192,v028,2,64,55,258000,7960000,513000,8731000,257000,7982000,529000,8768000,5000358612861532629
2,0038.txt,192,v035,0,64,55,252000,8169000,470000,8891000,251000,8179000,473000,8903000,5000358612861532629
2,0038.txt,192,v036,1,64,55,265000,8203000,451000,8919000,266000,8216000,461000,8943000,5000358612861532629
2,0039.txt,256,v028,1,64,43,172000,7782000,367000,8321000,172000,7804000,375000,8351000,1713245602201241720
2,0039.txt,256,v035,2,64,43,176000,7830000,316000,8322000,175000,7849000,323000,8347000,1713245602201241720
2,0039.txt,256,v036,0,64,43,178000,7755000,319000,8252000,178000,7765000,327000,8270000,1713245602201241720
2,0040.txt,224,v028,0,64,43,152000,8656000,570000,9378000,152000,8664000,575000,9391000,872385857505348709
2,0040.txt,224,v035,1,64,43,164000,8833000,515000,9512000,164000,8843000,518000,9525000,872385857505348709
2,0040.txt,224,v036,2,64,43,153000,8789000,514000,9456000,155000,8798000,529000,9482000,872385857505348709
2,0041.txt,160,v028,2,64,56,237000,7141000,372000,7750000,239000,7150000,376000,7765000,10397856525299628427
2,0041.txt,160,v035,0,64,56,227000,7316000,302000,7845000,227000,7341000,315000,7883000,10397856525299628427
2,0041.txt,160,v036,1,64,56,219000,7413000,300000,7932000,219000,7428000,311000,7958000,10397856525299628427
2,0042.txt,352,v028,1,64,36,1213000,30794000,929000,32936000,1212000,30812000,941000,32965000,12427270659438181611
2,0042.txt,352,v035,2,64,36,1230000,31567000,910000,33707000,1230000,31602000,925000,33757000,12427270659438181611
2,0042.txt,352,v036,0,64,36,1167000,31991000,918000,34076000,1175000,32020000,930000,34125000,12427270659438181611
2,0043.txt,160,v028,0,64,27,277000,7679000,361000,8317000,278000,7707000,373000,8358000,17317113132050913222
2,0043.txt,160,v035,1,64,27,275000,8063000,329000,8667000,275000,8071000,333000,8679000,17317113132050913222
2,0043.txt,160,v036,2,64,27,271000,7853000,342000,8466000,271000,7866000,346000,8483000,17317113132050913222
2,0044.txt,192,v028,2,64,35,459000,13370000,450000,14279000,460000,13398000,455000,14313000,14244673959848913933
2,0044.txt,192,v035,0,64,35,467000,13255000,370000,14092000,469000,13270000,378000,14117000,14244673959848913933
2,0044.txt,192,v036,1,64,35,484000,13483000,376000,14343000,484000,13511000,381000,14376000,14244673959848913933
2,0045.txt,192,v028,1,64,42,700000,9476000,525000,10701000,704000,9495000,539000,10738000,11015969575620966037
2,0045.txt,192,v035,2,64,42,626000,9536000,444000,10606000,625000,9561000,445000,10631000,11015969575620966037
2,0045.txt,192,v036,0,64,42,674000,10008000,442000,11124000,675000,10031000,457000,11163000,11015969575620966037
2,0046.txt,128,v028,0,64,43,395000,10866000,419000,11680000,396000,10890000,429000,11715000,2499980644579135674
2,0046.txt,128,v035,1,64,43,399000,10948000,332000,11679000,399000,10965000,341000,11705000,2499980644579135674
2,0046.txt,128,v036,2,64,43,407000,10947000,322000,11676000,408000,10990000,330000,11728000,2499980644579135674
2,0047.txt,256,v028,2,64,42,1108000,27133000,959000,29200000,1109000,27142000,972000,29223000,10022142641444623082
2,0047.txt,256,v035,0,64,42,1189000,27680000,858000,29727000,1194000,27712000,869000,29775000,10022142641444623082
2,0047.txt,256,v036,1,64,42,1120000,27912000,859000,29891000,1119000,27942000,867000,29928000,10022142641444623082
2,0048.txt,192,v028,1,64,47,975000,15125000,689000,16789000,975000,15148000,707000,16830000,3768764602654705949
2,0048.txt,192,v035,2,64,47,958000,15456000,574000,16988000,959000,15474000,578000,17011000,3768764602654705949
2,0048.txt,192,v036,0,64,47,993000,15638000,589000,17220000,998000,15663000,586000,17247000,3768764602654705949
2,0049.txt,192,v028,0,64,46,704000,13928000,583000,15215000,704000,13953000,588000,15245000,5345024174446336161
2,0049.txt,192,v035,1,64,46,733000,14148000,489000,15370000,733000,14172000,498000,15403000,5345024174446336161
2,0049.txt,192,v036,2,64,46,726000,14686000,521000,15933000,726000,14719000,546000,15991000,5345024174446336161
2,0050.txt,128,v028,2,64,37,244000,6021000,405000,6670000,245000,6034000,413000,6692000,12997574625261075627
2,0050.txt,128,v035,0,64,37,263000,6194000,347000,6804000,264000,6208000,347000,6819000,12997574625261075627
2,0050.txt,128,v036,1,64,37,246000,6188000,336000,6770000,247000,6200000,343000,6790000,12997574625261075627
2,0051.txt,160,v028,1,64,50,257000,7674000,430000,8361000,256000,7690000,438000,8384000,12279836665363317183
2,0051.txt,160,v035,2,64,50,265000,8168000,354000,8787000,265000,8193000,362000,8820000,12279836665363317183
2,0051.txt,160,v036,0,64,50,259000,8060000,353000,8672000,259000,8077000,366000,8702000,12279836665363317183
2,0052.txt,224,v028,0,64,49,470000,14270000,666000,15406000,471000,14330000,673000,15474000,9179596259479780699
2,0052.txt,224,v035,1,64,49,468000,14829000,596000,15893000,468000,14867000,601000,15936000,9179596259479780699
2,0052.txt,224,v036,2,64,49,465000,14551000,584000,15600000,465000,14585000,598000,15648000,9179596259479780699
2,0053.txt,192,v028,2,64,60,259000,8068000,531000,8858000,258000,8086000,547000,8891000,2465353185479614519
2,0053.txt,192,v035,0,64,60,262000,8365000,474000,9101000,263000,8422000,490000,9175000,2465353185479614519
2,0053.txt,192,v036,1,64,60,262000,8532000,477000,9271000,274000,8538000,487000,9299000,2465353185479614519
2,0054.txt,256,v028,1,64,50,807000,22244000,1068000,24119000,811000,22273000,1083000,24167000,1977551075025097523
2,0054.txt,256,v035,2,64,50,752000,22631000,970000,24353000,753000,22655000,984000,24392000,1977551075025097523
2,0054.txt,256,v036,0,64,50,747000,22679000,964000,24390000,747000,22706000,978000,24431000,1977551075025097523
2,0055.txt,288,v028,0,64,39,1330000,25970000,757000,28057000,1334000,26003000,761000,28098000,1917009490484356854
2,0055.txt,288,v035,1,64,39,1238000,27138000,694000,29070000,1239000,27174000,710000,29123000,1917009490484356854
2,0055.txt,288,v036,2,64,39,1273000,26241000,679000,28193000,1273000,26269000,682000,28224000,1917009490484356854
2,0056.txt,224,v028,2,64,39,481000,11945000,548000,12974000,482000,11966000,556000,13004000,6905413677133017825
2,0056.txt,224,v035,0,64,39,490000,12207000,462000,13159000,492000,12234000,470000,13196000,6905413677133017825
2,0056.txt,224,v036,1,64,39,526000,12378000,464000,13368000,530000,12395000,479000,13404000,6905413677133017825
2,0057.txt,256,v028,1,64,54,868000,19409000,969000,21246000,868000,19425000,982000,21275000,10523818247767909617
2,0057.txt,256,v035,2,64,54,862000,20034000,871000,21767000,861000,20064000,881000,21806000,10523818247767909617
2,0057.txt,256,v036,0,64,54,828000,19758000,878000,21464000,828000,19798000,881000,21507000,10523818247767909617
2,0058.txt,256,v028,0,64,47,649000,21106000,998000,22753000,650000,21124000,1013000,22787000,8747116303198179067
2,0058.txt,256,v035,1,64,47,743000,21728000,880000,23351000,791000,21754000,882000,23427000,8747116303198179067
2,0058.txt,256,v036,2,64,47,652000,21733000,894000,23279000,652000,21767000,908000,23327000,8747116303198179067
2,0059.txt,192,v028,2,64,47,107000,4995000,243000,5345000,106000,5017000,255000,5378000,8776027305845615921
2,0059.txt,192,v035,0,64,47,112000,5365000,213000,5690000,113000,5388000,221000,5722000,8776027305845615921
2,0059.txt,192,v036,1,64,47,109000,5298000,206000,5613000,108000,5313000,222000,5643000,8776027305845615921
2,0060.txt,224,v028,1,64,40,241000,11306000,502000,12049000,241000,11335000,509000,12085000,9265774647566182347
2,0060.txt,224,v035,2,64,40,253000,12324000,482000,13059000,253000,12348000,493000,13094000,9265774647566182347
2,0060.txt,224,v036,0,64,40,259000,11948000,512000,12719000,263000,11960000,520000,12743000,9265774647566182347
2,0061.txt,192,v028,0,64,47,737000,18622000,926000,20285000,737000,18641000,942000,20320000,9109783169076520820
2,0061.txt,192,v035,1,64,47,727000,18504000,787000,20018000,731000,18527000,785000,20043000,9109783169076520820
2,0061.txt,192,v036,2,64,47,697000,18772000,794000,20263000,697000,18796000,801000,20294000,9109783169076520820
2,0062.txt,224,v028,2,64,51,505000,17044000,658000,18207000,507000,17063000,669000,18239000,6235176586112113050
2,0062.txt,224,v035,0,64,51,540000,17230000,562000,18332000,542000,17252000,579000,18373000,6235176586112113050
2,0062.txt,224,v036,1,64,51,497000,17558000,591000,18646000,497000,17599000,598000,18694000,6235176586112113050
2,0063.txt,256,v028,1,64,43,552000,17128000,872000,18552000,553000,17180000,881000,18614000,2811221567898568818
2,0063.txt,256,v035,2,64,43,550000,17213000,780000,18543000,550000,17237000,782000,18569000,2811221567898568818
2,0063.txt,256,v036,0,64,43,560000,17207000,777000,18544000,560000,17228000,786000,18574000,2811221567898568818
2,0064.txt,224,v028,0,64,44,429000,7263000,628000,8320000,428000,7295000,636000,8359000,6923825489153610959
2,0064.txt,224,v035,1,64,44,434000,7593000,548000,8575000,434000,7620000,558000,8612000,6923825489153610959
2,0064.txt,224,v036,2,64,44,430000,7478000,561000,8469000,430000,7529000,566000,8525000,6923825489153610959
2,0065.txt,192,v028,2,64,43,209000,8754000,540000,9503000,209000,8778000,551000,9538000,17408032648247834609
2,0065.txt,192,v035,0,64,43,203000,8877000,508000,9588000,204000,8915000,524000,9643000,17408032648247834609
2,0065.txt,192,v036,1,64,43,236000,8865000,464000,9565000,237000,8905000,486000,9628000,17408032648247834609
2,0066.txt,224,v028,1,64,29,945000,23462000,985000,25392000,945000,23490000,986000,25421000,8875708553305440087
2,0066.txt,224,v035,2,64,29,949000,24036000,858000,25843000,949000,24053000,867000,25869000,8875708553305440087
2,0066.txt,224,v036,0,64,29,956000,24048000,874000,25878000,957000,24072000,883000,25912000,8875708553305440087
2,0067.txt,192,v028,0,64,37,359000,10940000,562000,11861000,360000,10961000,570000,11891000,1054547824349595996
2,0067.txt,192,v035,1,64,37,328000,11305000,485000,12118000,328000,11321000,496000,12145000,1054547824349595996
2,0067.txt,192,v036,2,64,37,340000,11339000,510000,12189000,340000,11364000,520000,12224000,1054547824349595996
2,0068.txt,352,v028,2,64,36,1974000,29614000,1080000,32668000,1975000,29640000,1088000,32703000,16704674484913076321
2,0068.txt,352,v035,0,64,36,1956000,30378000,1034000,33368000,1956000,30405000,1038000,33399000,16704674484913076321
2,0068.txt,352,v036,1,64,36,1895000,30946000,1047000,33888000,1894000,31026000,1060000,33980000,16704674484913076321
2,0069.txt,128,v028,1,64,55,259000,8307000,495000,9061000,260000,8348000,513000,9121000,10272637644074201381
2,0069.txt,128,v035,2,64,55,260000,8615000,401000,9276000,260000,8651000,408000,9319000,10272637644074201381
2,0069.txt,128,v036,0,64,55,256000,8111000,393000,8760000,257000,8133000,399000,8789000,10272637644074201381
2,0070.txt,320,v028,0,64,43,1263000,46242000,1528000,49033000,1263000,46286000,1536000,49085000,6636878282639228694
2,0070.txt,320,v035,1,64,43,1406000,47287000,1478000,50171000,1407000,47348000,1488000,50243000,6636878282639228694
2,0070.txt,320,v036,2,64,43,1232000,47609000,1474000,50315000,1231000,47654000,1486000,50371000,6636878282639228694
2,0071.txt,288,v028,2,64,34,1278000,30802000,1067000,33147000,1277000,30840000,1081000,33198000,5480489002906609640
2,0071.txt,288,v035,0,64,34,1268000,31479000,997000,33744000,1268000,31513000,1010000,33791000,5480489002906609640
2,0071.txt,288,v036,1,64,34,1262000,30431000,992000,32685000,1262000,30464000,1001000,32727000,5480489002906609640
2,0072.txt,192,v028,1,64,53,140000,7447000,379000,7966000,141000,7478000,387000,8006000,3456405102086958663
2,0072.txt,192,v035,2,64,53,137000,7716000,336000,8189000,138000,7728000,352000,8218000,3456405102086958663
2,0072.txt,192,v036,0,64,53,146000,7740000,342000,8228000,146000,7763000,355000,8264000,3456405102086958663
2,0073.txt,160,v028,0,64,45,858000,14878000,704000,16440000,893000,14906000,712000,16511000,7837691528528546932
2,0073.txt,160,v035,1,64,45,810000,15310000,584000,16704000,810000,15347000,594000,16751000,7837691528528546932
2,0073.txt,160,v036,2,64,45,828000,15101000,583000,16512000,829000,15115000,594000,16538000,7837691528528546932
2,0074.txt,128,v028,2,64,40,208000,5062000,266000,5536000,208000,5081000,273000,5562000,11002935191480867671
2,0074.txt,128,v035,0,64,40,217000,5138000,198000,5553000,217000,5154000,206000,5577000,11002935191480867671
2,0074.txt,128,v036,1,64,40,221000,5130000,201000,5552000,221000,5140000,206000,5567000,11002935191480867671
2,0075.txt,288,v028,1,64,30,1053000,28446000,923000,30422000,1058000,28469000,925000,30452000,2583345268107875064
2,0075.txt,288,v035,2,64,30,1028000,29012000,857000,30897000,1028000,29049000,858000,30935000,2583345268107875064
2,0075.txt,288,v036,0,64,30,1041000,28774000,839000,30654000,1040000,28793000,842000,30675000,2583345268107875064
2,0076.txt,192,v028,0,64,52,748000,20541000,967000,22256000,749000,20653000,976000,22378000,14019256839176950374
2,0076.txt,192,v035,1,64,52,779000,19964000,805000,21548000,780000,19982000,814000,21576000,14019256839176950374
2,0076.txt,192,v036,2,64,52,774000,20250000,811000,21835000,774000,20269000,821000,21864000,14019256839176950374
2,0077.txt,128,v028,2,64,55,170000,6479000,359000,7008000,170000,6495000,362000,7027000,17479160985738783937
2,0077.txt,128,v035,0,64,55,181000,6968000,267000,7416000,181000,6989000,277000,7447000,17479160985738783937
2,0077.txt,128,v036,1,64,55,169000,6641000,260000,7070000,169000,6665000,262000,7096000,17479160985738783937
2,0078.txt,224,v028,1,64,44,751000,14899000,855000,16505000,752000,14922000,860000,16534000,14185763832882636607
2,0078.txt,224,v035,2,64,44,705000,15696000,773000,17174000,705000,15720000,778000,17203000,14185763832882636607
2,0078.txt,224,v036,0,64,44,751000,15466000,765000,16982000,770000,15488000,776000,17034000,14185763832882636607
2,0079.txt,160,v028,0,64,48,87000,4144000,269000,4500000,88000,4158000,282000,4528000,18107065893375765734
2,0079.txt,160,v035,1,64,48,87000,4507000,261000,4855000,87000,4525000,275000,4887000,18107065893375765734
2,0079.txt,160,v036,2,64,48,86000,4560000,252000,4898000,87000,4577000,263000,4927000,18107065893375765734
2,0080.txt,192,v028,2,64,48,528000,14503000,599000,15630000,528000,14527000,610000,15665000,7914294815535909058
2,0080.txt,192,v035,0,64,48,530000,14811000,505000,15846000,530000,14831000,511000,15872000,7914294815535909058
2,0080.txt,192,v036,1,64,48,525000,14859000,513000,15897000,526000,14881000,525000,15932000,7914294815535909058
2,0081.txt,256,v028,1,64,48,1652000,45899000,1202000,48753000,1652000,45933000,1207000,48792000,12611955559657520540
2,0081.txt,256,v035,2,64,48,1747000,47074000,1063000,49884000,1756000,47103000,1080000,49939000,12611955559657520540
2,0081.txt,256,v036,0,64,48,1697000,46642000,1062000,49401000,1697000,46664000,1080000,49441000,12611955559657520540
2,0082.txt,224,v028,0,64,43,1123000,21917000,1076000,24116000,1124000,21939000,1088000,24151000,15976384220259857970
2,0082.txt,224,v035,1,64,43,1131000,23364000,1001000,25496000,1132000,23392000,1004000,25528000,15976384220259857970
2,0082.txt,224,v036,2,64,43,1118000,23019000,997000,25134000,1118000,23047000,999000,25164000,15976384220259857970
2,0083.txt,160,v028,2,64,45,416000,10339000,502000,11257000,416000,10350000,514000,11280000,2709579689513296368
2,0083.txt,160,v035,0,64,45,417000,10809000,412000,11638000,416000,10827000,420000,11663000,2709579689513296368
2,0083.txt,160,v036,1,64,45,412000,10793000,426000,11631000,413000,10821000,439000,11673000,2709579689513296368
2,0084.txt,224,v028,1,64,29,1274000,16423000,644000,18341000,1299000,16442000,649000,18390000,8219160516625378647
2,0084.txt,224,v035,2,64,29,1208000,16674000,545000,18427000,1208000,16708000,554000,18470000,8219160516625378647
2,0084.txt,224,v036,0,64,29,1189000,16992000,574000,18755000,1189000,17026000,580000,18795000,8219160516625378647
2,0085.txt,256,v028,0,64,52,394000,10035000,735000,11164000,396000,10057000,749000,11202000,9843680023606892368
2,0085.txt,256,v035,1,64,52,407000,10324000,642000,11373000,408000,10349000,646000,11403000,9843680023606892368
2,0085.txt,256,v036,2,64,52,395000,10115000,647000,11157000,396000,10126000,661000,11183000,9843680023606892368
2,0086.txt,96,v028,2,64,41,142000,4401000,295000,4838000,142000,4427000,304000,4873000,1746008403728494063
2,0086.txt,96,v035,0,64,41,137000,4507000,234000,4878000,137000,4528000,246000,4911000,1746008403728494063
2,0086.txt,96,v036,1,64,41,140000,4513000,232000,4885000,141000,4523000,246000,4910000,1746008403728494063
2,0087.txt,224,v028,1,64,56,248000,8322000,482000,9052000,249000,8346000,496000,9091000,6062298770127305429
2,0087.txt,224,v035,2,64,56,254000,8537000,419000,9210000,255000,8556000,439000,9250000,6062298770127305429
2,0087.txt,224,v036,0,64,56,259000,8393000,442000,9094000,259000,8420000,449000,9128000,6062298770127305429
2,0088.txt,224,v028,0,64,51,388000,9570000,540000,10498000,388000,9594000,548000,10530000,1932990849624522106
2,0088.txt,224,v035,1,64,51,399000,9927000,472000,10798000,400000,9937000,480000,10817000,1932990849624522106
2,0088.txt,224,v036,2,64,51,390000,10318000,520000,11228000,390000,10426000,525000,11341000,1932990849624522106
2,0089.txt,320,v028,2,64,37,1163000,37704000,1027000,39894000,1164000,37743000,1030000,39937000,6980722571508482437
2,0089.txt,320,v035,0,64,37,1220000,38793000,989000,41002000,1221000,38814000,999000,41034000,6980722571508482437
2,0089.txt,320,v036,1,64,37,1191000,39109000,1022000,41322000,1190000,39148000,1028000,41366000,6980722571508482437
2,0090.txt,224,v028,1,64,36,228000,8213000,491000,8932000,228000,8222000,503000,8953000,17418676575136399411
2,0090.txt,224,v035,2,64,36,245000,8673000,444000,9362000,245000,8692000,451000,9388000,17418676575136399411
2,0090.txt,224,v036,0,64,36,242000,8548000,423000,9213000,243000,8563000,439000,9245000,17418676575136399411
2,0091.txt,128,v028,0,64,49,251000,5609000,336000,6196000,251000,5627000,342000,6220000,6905654600788291276
2,0091.txt,128,v035,1,64,49,243000,5936000,262000,6441000,244000,5955000,265000,6464000,6905654600788291276
2,0091.txt,128,v036,2,64,49,252000,5710000,251000,6213000,253000,5734000,268000,6255000,6905654600788291276
2,0092.txt,320,v028,2,64,34,2273000,42502000,1671000,46446000,2273000,42532000,1683000,46488000,17892104883127441197
2,0092.txt,320,v035,0,64,34,2320000,43400000,1669000,47389000,2334000,43426000,1677000,47437000,17892104883127441197
2,0092.txt,320,v036,1,64,34,2315000,43395000,1623000,47333000,2316000,43438000,1629000,47383000,17892104883127441197
2,0093.txt,128,v028,1,63,60,109000,5040000,411000,5560000,110000,5053000,417000,5580000,9403735909905401337
2,0093.txt,128,v035,2,63,60,110000,5405000,352000,5867000,110000,5423000,357000,5890000,9403735909905401337
2,0093.txt,128,v036,0,63,60,123000,5127000,329000,5579000,123000,5138000,342000,5603000,9403735909905401337
2,0094.txt,288,v028,0,64,59,250000,7892000,517000,8659000,251000,7919000,533000,8703000,15807896437645640352
2,0094.txt,288,v035,1,64,59,255000,8436000,475000,9166000,255000,8458000,497000,9210000,15807896437645640352
2,0094.txt,288,v036,2,64,59,262000,8040000,489000,8791000,262000,8061000,496000,8819000,15807896437645640352
2,0095.txt,192,v028,2,64,40,899000,19273000,670000,20842000,900000,19303000,670000,20873000,14558885443859604524
2,0095.txt,192,v035,0,64,40,856000,19535000,566000,20957000,856000,19555000,573000,20984000,14558885443859604524
2,0095.txt,192,v036,1,64,40,851000,19936000,585000,21372000,852000,19946000,589000,21387000,14558885443859604524
2,0096.txt,160,v028,1,64,62,197000,6390000,350000,6937000,198000,6409000,363000,6970000,9102786252669791947
2,0096.txt,160,v035,2,64,62,187000,6888000,304000,7379000,187000,6940000,322000,7449000,9102786252669791947
2,0096.txt,160,v036,0,64,62,190000,6793000,289000,7272000,191000,6819000,304000,7314000,9102786252669791947
2,0097.txt,288,v028,0,64,36,1371000,43420000,1662000,46453000,1371000,43441000,1668000,46480000,2803104666536711401
2,0097.txt,288,v035,1,64,36,1465000,45095000,1561000,48121000,1486000,45134000,1566000,48186000,2803104666536711401
2,0097.txt,288,v036,2,64,36,1387000,44475000,1601000,47463000,1388000,44514000,1606000,47508000,2803104666536711401
2,0098.txt,160,v028,2,64,55,270000,7456000,586000,8312000,271000,7468000,591000,8330000,9847453008769540877
2,0098.txt,160,v035,0,64,55,280000,7715000,492000,8487000,280000,7729000,509000,8518000,9847453008769540877
2,0098.txt,160,v036,1,64,55,266000,7702000,485000,8453000,267000,7713000,506000,8486000,9847453008769540877
2,0099.txt,256,v028,1,64,38,514000,12870000,517000,13901000,514000,12886000,527000,13927000,446694983656461108
2,0099.txt,256,v035,2,64,38,496000,13226000,447000,14169000,496000,13251000,450000,14197000,446694983656461108
2,0099.txt,256,v036,0,64,38,500000,13305000,454000,14259000,500000,13333000,467000,14300000,446694983656461108
3,0000.txt,128,v028,0,37,37,76000,1518000,176000,1770000,76000,1681000,208000,1965000,816204004610948454
3,0000.txt,128,v035,1,37,37,73000,1247000,116000,1436000,72000,1255000,128000,1455000,816204004610948454
3,0000.txt,128,v036,2,37,37,72000,1227000,122000,1421000,72000,1227000,132000,1431000,816204004610948454
3,0001.txt,160,v028,2,64,47,165000,6369000,376000,6910000,165000,6399000,384000,6948000,9659342416910865731
3,0001.txt,160,v035,0,64,47,158000,6695000,323000,7176000,159000,6709000,327000,7195000,9659342416910865731
3,0001.txt,160,v036,1,64,47,174000,6627000,322000,7123000,175000,6682000,326000,7183000,9659342416910865731
3,0002.txt,160,v028,1,64,62,227000,7947000,505000,8679000,227000,7976000,522000,8725000,13336614233393630273
3,0002.txt,160,v035,2,64,62,239000,8688000,417000,9344000,240000,8727000,426000,9393000,13336614233393630273
3,0002.txt,160,v036,0,64,62,237000,8483000,416000,9136000,238000,8522000,434000,9194000,13336614233393630273
3,0003.txt,288,v028,0,64,37,211000,8652000,389000,9252000,210000,8667000,392000,9269000,9846154642387442228
3,0003.txt,288,v035,1,64,37,204000,8945000,360000,9509000,204000,8964000,369000,9537000,9846154642387442228
3,0003.txt,288,v036,2,64,37,219000,9059000,380000,9658000,220000,9074000,388000,9682000,9846154642387442228
3,0004.txt,224,v028,2,64,39,804000,25250000,743000,26797000,819000,25295000,751000,26865000,5868743466089011035
3,0004.txt,224,v035,0,64,39,863000,25859000,640000,27362000,864000,25897000,640000,27401000,5868743466089011035
3,0004.txt,224,v036,1,64,39,775000,25655000,626000,27056000,775000,25723000,632000,27130000,5868743466089011035
3,0005.txt,224,v028,1,64,26,1487000,36905000,1459000,39851000,1489000,36943000,1474000,39906000,10086671006629847274
3,0005.txt,224,v035,2,64,26,1480000,37551000,1307000,40338000,1480000,37586000,1314000,40380000,10086671006629847274
3,0005.txt,224,v036,0,64,26,1479000,37679000,1334000,40492000,1479000,37707000,1335000,40521000,10086671006629847274
3,0006.txt,128,v028,0,64,46,280000,5433000,343000,6056000,281000,5452000,346000,6079000,507186591489129217
3,0006.txt,128,v035,1,64,46,266000,5758000,268000,6292000,267000,5809000,270000,6346000,507186591489129217
3,0006.txt,128,v036,2,64,46,278000,5666000,270000,6214000,277000,5685000,271000,6233000,507186591489129217
3,0007.txt,128,v028,2,64,52,273000,8229000,446000,8948000,273000,8262000,454000,8989000,2674825041975378044
3,0007.txt,128,v035,0,64,52,258000,7955000,315000,8528000,259000,7969000,327000,8555000,2674825041975378044
3,0007.txt,128,v036,1,64,52,255000,7841000,318000,8414000,255000,7848000,329000,8432000,2674825041975378044
3,0008.txt,128,v028,1,64,40,260000,8628000,366000,9254000,260000,8663000,378000,9301000,17920141965280989340
3,0008.txt,128,v035,2,64,40,270000,8719000,294000,9283000,270000,8734000,300000,9304000,17920141965280989340
3,0008.txt,128,v036,0,64,40,264000,8497000,292000,9053000,265000,8511000,305000,9081000,17920141965280989340
3,0009.txt,192,v028,0,64,58,133000,6881000,365000,7379000,132000,6919000,381000,7432000,14208774129454741819
3,0009.txt,192,v035,1,64,58,123000,7092000,335000,7550000,123000,7113000,343000,7579000,14208774129454741819
3,0009.txt,192,v036,2,64,58,124000,7374000,342000,7840000,124000,7381000,359000,7864000,14208774129454741819
3,0010.txt,128,v028,2,64,52,117000,3313000,262000,3692000,117000,3332000,270000,3719000,14723523622886612699
3,0010.txt,128,v035,0,64,52,119000,3401000,217000,3737000,118000,3420000,219000,3757000,14723523622886612699
3,0010.txt,128,v036,1,64,52,118000,3408000,208000,3734000,118000,3413000,226000,3757000,14723523622886612699
3,0011.txt,192,v028,1,64,46,413000,11429000,463000,12305000,414000,11455000,470000,12339000,10525654128450725294
3,0011.txt,192,v035,2,64,46,446000,11296000,372000,12114000,446000,11300000,386000,12132000,10525654128450725294
3,0011.txt,192,v036,0,64,46,424000,11490000,377000,12291000,424000,11504000,388000,12316000,10525654128450725294
3,0012.txt,160,v028,0,64,42,248000,9440000,375000,10063000,249000,9467000,381000,10097000,18228620964614505709
3,0012.txt,160,v035,1,64,42,254000,9629000,289000,10172000,254000,9658000,300000,10212000,18228620964614505709
3,0012.txt,160,v036,2,64,42,262000,9847000,299000,10408000,263000,9871000,310000,10444000,18228620964614505709
3,0013.txt,224,v028,2,64,51,337000,10863000,710000,11910000,336000,10893000,723000,11952000,11658144250769295395
3,0013.txt,224,v035,0,64,51,335000,11069000,619000,12023000,335000,11085000,633000,12053000,11658144250769295395
3,0013.txt,224,v036,1,64,51,338000,11148000,615000,12101000,339000,11173000,624000,12136000,11658144250769295395
3,0014.txt,288,v028,1,64,52,1576000,54139000,1446000,57161000,1577000,54210000,1458000,57245000,3633606904291868902
3,0014.txt,288,v035,2,64,52,1585000,55534000,1334000,58453000,1585000,55612000,1345000,58542000,3633606904291868902
3,0014.txt,288,v036,0,64,52,1641000,54754000,1345000,57740000,1644000,54826000,1355000,57825000,3633606904291868902
3,0015.txt,288,v028,0,64,42,2067000,50499000,1905000,54471000,2067000,50533000,1919000,54519000,12057676038240002655
3,0015.txt,288,v035,1,64,42,2170000,51352000,1715000,55237000,2171000,51367000,1728000,55266000,12057676038240002655
3,0015.txt,288,v036,2,64,42,2134000,51353000,1803000,55290000,2134000,51391000,1818000,55343000,12057676038240002655
3,0016.txt,192,v028,2,64,41,305000,10089000,380000,10774000,305000,10108000,390000,10803000,16263700429714567991
3,0016.txt,192,v035,0,64,41,307000,10484000,318000,11109000,307000,10507000,323000,11137000,16263700429714567991
3,0016.txt,192,v036,1,64,41,306000,10241000,310000,10857000,306000,10263000,318000,10887000,16263700429714567991
3,0017.txt,192,v028,1,64,53,892000,14569000,672000,16133000,893000,14604000,689000,16186000,4847870249899229512
3,0017.txt,192,v035,2,64,53,870000,14991000,555000,16416000,871000,15003000,561000,16435000,4847870249899229512
3,0017.txt,192,v036,0,64,53,891000,14810000,548000,16249000,892000,14823000,567000,16282000,4847870249899229512
3,0018.txt,128,v028,0,64,34,104000,4065000,182000,4351000,103000,4071000,193000,4367000,2591044257394328704
3,0018.txt,128,v035,1,64,34,103000,4192000,142000,4437000,103000,4210000,148000,4461000,2591044257394328704
3,0018.txt,128,v036,2,64,34,99000,4210000,142000,4451000,99000,4226000,154000,4479000,2591044257394328704
3,0019.txt,384,v028,2,64,38,3799000,72039000,1834000,77672000,3825000,72099000,1842000,77766000,18413403235399141350
3,0019.txt,384,v035,0,64,38,3678000,74641000,1843000,80162000,3678000,74747000,1851000,80276000,18413403235399141350
3,0019.txt,384,v036,1,64,38,3887000,74181000,1869000,79937000,3896000,74258000,1880000,80034000,18413403235399141350
3,0020.txt,160,v028,1,64,54,504000,12635000,516000,13655000,505000,12666000,532000,13703000,6655744353329306587
3,0020.txt,160,v035,2,64,54,478000,12634000,404000,13516000,479000,12646000,415000,13540000,6655744353329306587
3,0020.txt,160,v036,0,64,54,507000,12776000,414000,13697000,508000,12812000,424000,13744000,6655744353329306587
3,0021.txt,160,v028,0,64,54,108000,5043000,359000,5510000,109000,5094000,388000,5591000,10139017720273762941
3,0021.txt,160,v035,1,64,54,113000,5205000,284000,5602000,113000,5226000,293000,5632000,10139017720273762941
3,0021.txt,160,v036,2,64,54,117000,4915000,293000,5325000,116000,4937000,308000,5361000,10139017720273762941
3,0022.txt,160,v028,2,64,54,91000,5167000,321000,5579000,92000,5182000,333000,5607000,12367056253196356386
3,0022.txt,160,v035,0,64,54,100000,5392000,273000,5765000,100000,5412000,293000,5805000,12367056253196356386
3,0022.txt,160,v036,1,64,54,89000,5640000,290000,6019000,89000,5651000,302000,6042000,12367056253196356386
3,0023.txt,160,v028,1,64,32,136000,4432000,201000,4769000,136000,4449000,207000,4792000,13661901359584633416
3,0023.txt,160,v035,2,64,32,139000,4648000,170000,4957000,140000,4670000,174000,4984000,13661901359584633416
3,0023.txt,160,v036,0,64,32,147000,4403000,166000,4716000,148000,4414000,179000,4741000,13661901359584633416
3,0024.txt,192,v028,0,64,37,173000,6234000,385000,6792000,173000,6234000,390000,6797000,14100779623175012850
3,0024.txt,192,v035,1,64,37,176000,6317000,343000,6836000,176000,6341000,352000,6869000,14100779623175012850
3,0024.txt,192,v036,2,64,37,175000,6813000,361000,7349000,175000,6869000,378000,7422000,14100779623175012850
3,0025.txt,192,v028,2,64,57,98000,3350000,255000,3703000,97000,3366000,264000,3727000,16693701477626876418
3,0025.txt,192,v035,0,64,57,104000,3454000,211000,3769000,104000,3473000,219000,3796000,16693701477626876418
3,0025.txt,192,v036,1,64,57,109000,3451000,210000,3770000,109000,3469000,220000,3798000,16693701477626876418
3,0026.txt,256,v028,1,64,43,216000,7946000,483000,8645000,216000,7995000,517000,8728000,12399338981540513818
3,0026.txt,256,v035,2,64,43,218000,7569000,396000,8183000,219000,7592000,410000,8221000,12399338981540513818
3,0026.txt,256,v036,0,64,43,219000,7517000,398000,8134000,219000,7534000,415000,8168000,12399338981540513818
3,0027.txt,128,v028,0,64,31,315000,6031000,306000,6652000,316000,6047000,312000,6675000,7331911850896128959
3,0027.txt,128,v035,1,64,31,321000,6227000,239000,6787000,321000,6243000,248000,6812000,7331911850896128959
3,0027.txt,128,v036,2,64,31,309000,6332000,251000,6892000,310000,6350000,259000,6919000,7331911850896128959
3,0028.txt,256,v028,2,64,47,663000,18496000,980000,20139000,664000,18514000,994000,20172000,16501633472421096672
3,0028.txt,256,v035,0,64,47,658000,19032000,953000,20643000,659000,19062000,964000,20685000,16501633472421096672
3,0028.txt,256,v036,1,64,47,645000,19206000,939000,20790000,646000,19233000,951000,20830000,16501633472421096672
3,0029.txt,288,v028,1,64,41,893000,24892000,750000,26535000,894000,24944000,771000,26609000,3006019691893062148
3,0029.txt,288,v035,2,64,41,893000,25589000,696000,27178000,893000,25631000,706000,27230000,3006019691893062148
3,0029.txt,288,v036,0,64,41,904000,25004000,693000,26601000,904000,25031000,697000,26632000,3006019691893062148
3,0030.txt,256,v028,0,64,44,1172000,20561000,1532000,23265000,1173000,20603000,1547000,23323000,3998580007914902329
3,0030.txt,256,v035,1,64,44,1184000,21037000,1439000,23660000,1185000,21067000,1440000,23692000,3998580007914902329
3,0030.txt,256,v036,2,64,44,1198000,20928000,1412000,23538000,1199000,20940000,1423000,23562000,3998580007914902329
3,0031.txt,160,v028,2,64,49,247000,11287000,462000,11996000,248000,11301000,480000,12029000,1277513514513811977
3,0031.txt,160,v035,0,64,49,244000,11339000,376000,11959000,245000,11362000,382000,11989000,1277513514513811977
3,0031.txt,160,v036,1,64,49,228000,11548000,380000,12156000,228000,11556000,387000,12171000,1277513514513811977
3,0032.txt,224,v028,1,64,48,307000,12661000,479000,13447000,306000,12671000,492000,13469000,12827533860645535518
3,0032.txt,224,v035,2,64,48,314000,13128000,421000,13863000,315000,13144000,432000,13891000,12827533860645535518
3,0032.txt,224,v036,0,64,48,320000,13270000,429000,14019000,321000,13295000,442000,14058000,12827533860645535518
3,0033.txt,160,v028,0,64,43,392000,10843000,429000,11664000,393000,10862000,440000,11695000,13693103595731326709
3,0033.txt,160,v035,1,64,43,401000,10937000,341000,11679000,401000,10953000,343000,11697000,13693103595731326709
3,0033.txt,160,v036,2,64,43,391000,11175000,357000,11923000,392000,11202000,363000,11957000,13693103595731326709
3,0034.txt,288,v028,2,64,41,1183000,26766000,1345000,29294000,1183000,26808000,1358000,29349000,11851417704820801821
3,0034.txt,288,v035,0,64,41,1213000,27434000,1312000,29959000,1213000,27454000,1324000,29991000,11851417704820801821
3,0034.txt,288,v036,1,64,41,1266000,26889000,1299000,29454000,1271000,26908000,1313000,29492000,11851417704820801821
3,0035.txt,128,v028,1,49,37,68000,2420000,197000,2685000,68000,2430000,197000,2695000,1966248127026479111
3,0035.txt,128,v035,2,49,37,65000,2670000,174000,2909000,65000,2687000,185000,2937000,1966248127026479111
3,0035.txt,128,v036,0,49,37,78000,2541000,188000,2807000,79000,2550000,192000,2821000,1966248127026479111
3,0036.txt,192,v028,0,64,50,725000,17862000,650000,19237000,725000,17883000,660000,19268000,3582229042672705885
3,0036.txt,192,v035,1,64,50,726000,18363000,554000,19643000,725000,18382000,563000,19670000,3582229042672705885
3,0036.txt,192,v036,2,64,50,744000,18305000,537000,19586000,744000,18319000,545000,19608000,3582229042672705885
3,0037.txt,288,v028,2,64,45,621000,16171000,816000,17608000,622000,16189000,829000,17640000,11367272562188583031
3,0037.txt,288,v035,0,64,45,621000,16448000,745000,17814000,622000,16459000,754000,17835000,11367272562188583031
3,0037.txt,288,v036,1,64,45,588000,16354000,762000,17704000,589000,16368000,774000,17731000,11367272562188583031
3,0038.txt,192,v028,1,64,55,262000,8258000,537000,9057000,262000,8274000,548000,9084000,5000358612861532629
3,0038.txt,192,v035,2,64,55,257000,8368000,466000,9091000,258000,8391000,472000,9121000,5000358612861532629
3,0038.txt,192,v036,0,64,55,266000,8179000,448000,8893000,267000,8210000,455000,8932000,5000358612861532629
3,0039.txt,256,v028,0,64,43,176000,7417000,355000,7948000,176000,7437000,367000,7980000,1713245602201241720
3,0039.txt,256,v035,1,64,43,192000,7821000,319000,8332000,193000,7845000,326000,8364000,1713245602201241720
3,0039.txt,256,v036,2,64,43,191000,7841000,321000,8353000,192000,7862000,329000,8383000,1713245602201241720
3,0040.txt,224,v028,2,64,43,157000,8881000,581000,9619000,158000,8903000,586000,9647000,872385857505348709
3,0040.txt,224,v035,0,64,43,156000,9111000,543000,9810000,155000,9136000,555000,9846000,872385857505348709
3,0040.txt,224,v036,1,64,43,157000,8984000,522000,9663000,158000,9000000,535000,9693000,872385857505348709
3,0041.txt,160,v028,1,64,56,239000,7299000,362000,7900000,239000,7313000,369000,7921000,10397856525299628427
3,0041.txt,160,v035,2,64,56,238000,7457000,294000,7989000,238000,7487000,303000,8028000,10397856525299628427
3,0041.txt,160,v036,0,64,56,237000,7515000,298000,8050000,238000,7521000,310000,8069000,10397856525299628427
3,0042.txt,352,v028,0,64,36,1161000,31356000,949000,33466000,1162000,31383000,960000,33505000,12427270659438181611
3,0042.txt,352,v035,1,64,36,1182000,31993000,926000,34101000,1184000,32026000,933000,34143000,12427270659438181611
3,0042.txt,352,v036,2,64,36,1160000,32505000,928000,34593000,1161000,32545000,940000,34646000,12427270659438181611
3,0043.txt,160,v028,2,64,27,287000,7772000,362000,8421000,290000,7783000,367000,8440000,17317113132050913222
3,0043.txt,160,v035,0,64,27,273000,8095000,320000,8688000,273000,8123000,326000,8722000,17317113132050913222
3,0043.txt,160,v036,1,64,27,274000,8051000,333000,8658000,274000,8073000,342000,8689000,17317113132050913222
3,0044.txt,192,v028,1,64,35,475000,13287000,456000,14218000,475000,13335000,467000,14277000,14244673959848913933
3,0044.txt,192,v035,2,64,35,462000,13260000,377000,14099000,462000,13275000,385000,14122000,14244673959848913933
3,0044.txt,192,v036,0,64,35,471000,13493000,376000,14340000,474000,13514000,388000,14376000,14244673959848913933
3,0045.txt,192,v028,0,64,42,642000,9357000,525000,10524000,643000,9370000,528000,10541000,11015969575620966037
3,0045.txt,192,v035,1,64,42,646000,9823000,447000,10916000,647000,9854000,458000,10959000,11015969575620966037
3,0045.txt,192,v036,2,64,42,657000,9909000,437000,11003000,657000,9927000,452000,11036000,11015969575620966037
3,0046.txt,128,v028,2,64,43,419000,10533000,411000,11363000,420000,10541000,426000,11387000,2499980644579135674
3,0046.txt,128,v035,0,64,43,464000,11113000,323000,11900000,490000,11148000,335000,11973000,2499980644579135674
3,0046.txt,128,v036,1,64,43,400000,10797000,323000,11520000,401000,10812000,332000,11545000,2499980644579135674
3,0047.txt,256,v028,1,64,42,1148000,27595000,991000,29734000,1149000,27618000,1005000,29772000,10022142641444623082
3,0047.txt,256,v035,2,64,42,1204000,27808000,862000,29874000,1205000,27884000,872000,29961000,10022142641444623082
3,0047.txt,256,v036,0,64,42,1140000,27834000,886000,29860000,1141000,27872000,918000,29931000,10022142641444623082
3,0048.txt,192,v028,0,64,47,941000,15262000,717000,16920000,941000,15280000,724000,16945000,3768764602654705949
3,0048.txt,192,v035,1,64,47,941000,15478000,586000,17005000,941000,15505000,591000,17037000,3768764602654705949
3,0048.txt,192,v036,2,64,47,937000,15511000,569000,17017000,939000,15523000,582000,17044000,3768764602654705949
3,0049.txt,192,v028,2,64,46,706000,13727000,561000,14994000,708000,13751000,571000,15030000,5345024174446336161
3,0049.txt,192,v035,0,64,46,750000,14348000,479000,15577000,749000,14396000,486000,15631000,5345024174446336161
3,0049.txt,192,v036,1,64,46,712000,14213000,478000,15403000,712000,14237000,488000,15437000,5345024174446336161
3,0050.txt,128,v028,1,64,37,255000,6117000,416000,6788000,255000,6124000,429000,6808000,12997574625261075627
3,0050.txt,128,v035,2,64,37,262000,6213000,330000,6805000,263000,6243000,339000,6845000,12997574625261075627
3,0050.txt,128,v036,0,64,37,256000,6291000,353000,6900000,256000,6313000,358000,6927000,12997574625261075627
3,0051.txt,160,v028,0,64,50,254000,7783000,422000,8459000,255000,7804000,434000,8493000,12279836665363317183
3,0051.txt,160,v035,1,64,50,262000,8298000,360000,8920000,262000,8330000,374000,8966000,12279836665363317183
3,0051.txt,160,v036,2,64,50,260000,7878000,355000,8493000,260000,7899000,368000,8527000,12279836665363317183
3,0052.txt,224,v028,2,64,49,473000,13681000,661000,14815000,474000,13706000,669000,14849000,9179596259479780699
3,0052.txt,224,v035,0,64,49,478000,14141000,577000,15196000,479000,14165000,581000,15225000,9179596259479780699
3,0052.txt,224,v036,1,64,49,504000,14101000,557000,15162000,505000,14144000,570000,15219000,9179596259479780699
3,0053.txt,192,v028,1,64,60,239000,8270000,558000,9067000,239000,8287000,570000,9096000,2465353185479614519
3,0053.txt,192,v035,2,64,60,253000,8164000,475000,8892000,254000,8186000,514000,8954000,2465353185479614519
3,0053.txt,192,v036,0,64,60,251000,8678000,482000,9411000,252000,8708000,489000,9449000,2465353185479614519
3,0054.txt,256,v028,0,64,50,750000,22031000,1058000,23839000,750000,22053000,1073000,23876000,1977551075025097523
3,0054.txt,256,v035,1,64,50,730000,22373000,949000,24052000,731000,22395000,956000,24082000,1977551075025097523
3,0054.txt,256,v036,2,64,50,742000,22438000,984000,24164000,743000,22472000,991000,24206000,1977551075025097523
3,0055.txt,288,v028,2,64,39,1232000,25401000,720000,27353000,1233000,25416000,731000,27380000,1917009490484356854
3,0055.txt,288,v035,0,64,39,1257000,26816000,696000,28769000,1257000,26866000,700000,28823000,1917009490484356854
3,0055.txt,288,v036,1,64,39,1270000,26195000,673000,28138000,1270000,26213000,679000,28162000,1917009490484356854
3,0056.txt,224,v028,1,64,39,476000,11737000,533000,12746000,476000,11757000,552000,12785000,6905413677133017825
3,0056.txt,224,v035,2,64,39,482000,12309000,483000,13274000,482000,12337000,485000,13304000,6905413677133017825
3,0056.txt,224,v036,0,64,39,476000,12357000,477000,13310000,477000,12398000,483000,13358000,6905413677133017825
3,0057.txt,256,v028,0,64,54,820000,19119000,960000,20899000,821000,19143000,968000,20932000,10523818247767909617
3,0057.txt,256,v035,1,64,54,852000,19983000,905000,21740000,853000,20013000,927000,21793000,10523818247767909617
3,0057.txt,256,v036,2,64,54,841000,20297000,897000,22035000,840000,20326000,911000,22077000,10523818247767909617
3,0058.txt,256,v028,2,64,47,639000,21062000,975000,22676000,638000,21088000,985000,22711000,8747116303198179067
3,0058.txt,256,v035,0,64,47,647000,21432000,872000,22951000,647000,21457000,877000,22981000,8747116303198179067
3,0058.txt,256,v036,1,64,47,634000,21393000,893000,22920000,634000,21426000,899000,22959000,8747116303198179067
3,0059.txt,192,v028,1,64,47,106000,5043000,259000,5408000,106000,5058000,266000,5430000,8776027305845615921
3,0059.txt,192,v035,2,64,47,111000,5279000,215000,5605000,111000,5299000,216000,5626000,8776027305845615921
3,0059.txt,192,v036,0,64,47,119000,5330000,216000,5665000,120000,5355000,215000,5690000,8776027305845615921
3,0060.txt,224,v028,0,64,40,260000,11546000,519000,12325000,261000,11568000,531000,12360000,9265774647566182347
3,0060.txt,224,v035,1,64,40,230000,11778000,465000,12473000,230000,11788000,471000,12489000,9265774647566182347
3,0060.txt,224,v036,2,64,40,234000,12112000,485000,12831000,233000,12128000,493000,12854000,9265774647566182347
3,0061.txt,192,v028,2,64,47,707000,18282000,920000,19909000,709000,18295000,938000,19942000,9109783169076520820
3,0061.txt,192,v035,0,64,47,725000,18775000,789000,20289000,725000,18806000,795000,20326000,9109783169076520820
3,0061.txt,192,v036,1,64,47,709000,18661000,800000,20170000,710000,18700000,804000,20214000,9109783169076520820
3,0062.txt,224,v028,1,64,51,493000,16881000,642000,18016000,494000,16913000,650000,18057000,6235176586112113050
3,0062.txt,224,v035,2,64,51,527000,17112000,543000,18182000,528000,17123000,560000,18211000,6235176586112113050
3,0062.txt,224,v036,0,64,51,522000,17465000,597000,18584000,523000,17496000,599000,18618000,6235176586112113050
3,0063.txt,256,v028,0,64,43,566000,17211000,888000,18665000,566000,17235000,901000,18702000,2811221567898568818
3,0063.txt,256,v035,1,64,43,544000,17496000,815000,18855000,545000,17531000,825000,18901000,2811221567898568818
3,0063.txt,256,v036,2,64,43,535000,17316000,826000,18677000,536000,17334000,852000,18722000,2811221567898568818
3,0064.txt,224,v028,2,64,44,413000,6742000,605000,7760000,413000,6755000,610000,7778000,6923825489153610959
3,0064.txt,224,v035,0,64,44,420000,7236000,540000,8196000,420000,7257000,552000,8229000,6923825489153610959
3,0064.txt,224,v036,1,64,44,412000,7081000,533000,8026000,413000,7084000,542000,8039000,6923825489153610959
3,0065.txt,192,v028,1,64,43,190000,8360000,500000,9050000,190000,8381000,513000,9084000,17408032648247834609
3,0065.txt,192,v035,2,64,43,209000,8496000,460000,9165000,210000,8513000,466000,9189000,17408032648247834609
3,0065.txt,192,v036,0,64,43,206000,8619000,445000,9270000,206000,8638000,455000,9299000,17408032648247834609
3,0066.txt,224,v028,0,64,29,961000,23270000,973000,25204000,961000,23288000,989000,25238000,8875708553305440087
3,0066.txt,224,v035,1,64,29,960000,24067000,881000,25908000,960000,24096000,887000,25943000,8875708553305440087
3,0066.txt,224,v036,2,64,29,952000,23544000,873000,25369000,953000,23574000,879000,25406000,8875708553305440087
3,0067.txt,192,v028,2,64,37,351000,11089000,558000,11998000,352000,11101000,574000,12027000,1054547824349595996
3,0067.txt,192,v035,0,64,37,359000,11455000,491000,12305000,359000,11482000,505000,12346000,1054547824349595996
3,0067.txt,192,v036,1,64,37,357000,11300000,478000,12135000,357000,11338000,489000,12184000,1054547824349595996
3,0068.txt,352,v028,1,64,36,1922000,29632000,1095000,32649000,1921000,29660000,1094000,32675000,16704674484913076321
3,0068.txt,352,v035,2,64,36,1926000,30607000,1039000,33572000,1925000,30654000,1048000,33627000,16704674484913076321
3,0068.txt,352,v036,0,64,36,1944000,31277000,1067000,34288000,1944000,31337000,1077000,34358000,16704674484913076321
3,0069.txt,128,v028,0,64,55,254000,7970000,483000,8707000,254000,7983000,497000,8734000,10272637644074201381
3,0069.txt,128,v035,1,64,55,246000,8341000,395000,8982000,246000,8350000,409000,9005000,10272637644074201381
3,0069.txt,128,v036,2,64,55,245000,8348000,396000,8989000,245000,8392000,406000,9043000,10272637644074201381
3,0070.txt,320,v028,2,64,43,1261000,45358000,1460000,48079000,1263000,45386000,1468000,48117000,6636878282639228694
3,0070.txt,320,v035,0,64,43,1262000,47457000,1541000,50260000,1262000,47492000,1551000,50305000,6636878282639228694
3,0070.txt,320,v036,1,64,43,1286000,47425000,1439000,50150000,1286000,47468000,1458000,50212000,6636878282639228694
3,0071.txt,288,v028,1,64,34,1266000,30337000,1048000,32651000,1265000,30359000,1055000,32679000,5480489002906609640
3,0071.txt,288,v035,2,64,34,1266000,30945000,982000,33193000,1266000,30977000,992000,33235000,5480489002906609640
3,0071.txt,288,v036,0,64,34,1304000,30370000,987000,32661000,1304000,30394000,990000,32688000,5480489002906609640
3,0072.txt,192,v028,0,64,53,140000,7510000,392000,8042000,141000,7535000,398000,8074000,3456405102086958663
3,0072.txt,192,v035,1,64,53,137000,8161000,361000,8659000,138000,8226000,378000,8742000,3456405102086958663
3,0072.txt,192,v036,2,64,53,151000,8064000,342000,8557000,159000,8115000,356000,8630000,3456405102086958663
3,0073.txt,160,v028,2,64,45,782000,14811000,710000,16303000,783000,14827000,724000,16334000,7837691528528546932
3,0073.txt,160,v035,0,64,45,791000,15156000,603000,16550000,791000,15175000,614000,16580000,7837691528528546932
3,0073.txt,160,v036,1,64,45,786000,15303000,590000,16679000,787000,15323000,590000,16700000,7837691528528546932
3,0074.txt,128,v028,1,64,40,212000,4961000,262000,5435000,212000,4986000,267000,5465000,11002935191480867671
3,0074.txt,128,v035,2,64,40,232000,5113000,201000,5546000,232000,5130000,211000,5573000,11002935191480867671
3,0074.txt,128,v036,0,64,40,221000,5101000,204000,5526000,222000,5113000,212000,5547000,11002935191480867671
3,0075.txt,288,v028,0,64,30,1026000,28730000,904000,30660000,1026000,28770000,910000,30706000,2583345268107875064
3,0075.txt,288,v035,1,64,30,1047000,29428000,865000,31340000,1046000,29493000,877000,31416000,2583345268107875064
3,0075.txt,288,v036,2,64,30,1076000,29316000,855000,31247000,1077000,29356000,865000,31298000,2583345268107875064
3,0076.txt,192,v028,2,64,52,774000,19563000,954000,21291000,775000,19588000,961000,21324000,14019256839176950374
3,0076.txt,192,v035,0,64,52,783000,20101000,804000,21688000,783000,20125000,812000,21720000,14019256839176950374
3,0076.txt,192,v036,1,64,52,788000,20066000,801000,21655000,788000,20080000,811000,21679000,14019256839176950374
3,0077.txt,128,v028,1,64,55,169000,6531000,326000,7026000,170000,6552000,336000,7058000,17479160985738783937
3,0077.txt,128,v035,2,64,55,171000,6740000,253000,7164000,172000,6752000,267000,7191000,17479160985738783937
3,0077.txt,128,v036,0,64,55,184000,6758000,266000,7208000,183000,6773000,273000,7229000,17479160985738783937
3,0078.txt,224,v028,0,64,44,708000,15081000,848000,16637000,709000,15118000,860000,16687000,14185763832882636607
3,0078.txt,224,v035,1,64,44,729000,15530000,750000,17009000,729000,15557000,761000,17047000,14185763832882636607
3,0078.txt,224,v036,2,64,44,737000,15232000,742000,16711000,738000,15256000,750000,16744000,14185763832882636607
3,0079.txt,160,v028,2,64,48,85000,4078000,268000,4431000,85000,4096000,277000,4458000,18107065893375765734
3,0079.txt,160,v035,0,64,48,91000,4372000,235000,4698000,92000,4389000,249000,4730000,18107065893375765734
3,0079.txt,160,v036,1,64,48,85000,4334000,234000,4653000,85000,4347000,249000,4681000,18107065893375765734
3,0080.txt,192,v028,1,64,48,523000,14750000,608000,15881000,522000,14798000,635000,15955000,7914294815535909058
3,0080.txt,192,v035,2,64,48,549000,15467000,531000,16547000,549000,15518000,539000,16606000,7914294815535909058
3,0080.txt,192,v036,0,64,48,519000,15094000,504000,16117000,519000,15126000,518000,16163000,7914294815535909058
3,0081.txt,256,v028,0,64,48,1731000,46274000,1229000,49234000,1732000,46352000,1238000,49322000,12611955559657520540
3,0081.txt,256,v035,1,64,48,1753000,47263000,1074000,50090000,1753000,47310000,1082000,50145000,12611955559657520540
3,0081.txt,256,v036,2,64,48,1712000,46948000,1072000,49732000,1713000,47007000,1088000,49808000,12611955559657520540
3,0082.txt,224,v028,2,64,43,1123000,22543000,1090000,24756000,1124000,22589000,1105000,24818000,15976384220259857970
3,0082.txt,224,v035,0,64,43,1134000,23279000,1004000,25417000,1134000,23314000,1018000,25466000,15976384220259857970
3,0082.txt,224,v036,1,64,43,1194000,22908000,999000,25101000,1194000,22944000,1014000,25152000,15976384220259857970
3,0083.txt,160,v028,1,64,45,437000,10623000,511000,11571000,438000,10642000,516000,11596000,2709579689513296368
3,0083.txt,160,v035,2,64,45,418000,10944000,410000,11772000,419000,10976000,426000,11821000,2709579689513296368
3,0083.txt,160,v036,0,64,45,436000,11060000,439000,11935000,437000,11082000,456000,11975000,2709579689513296368
3,0084.txt,224,v028,0,64,29,1230000,16285000,638000,18153000,1229000,16313000,641000,18183000,8219160516625378647
3,0084.txt,224,v035,1,64,29,1200000,16793000,559000,18552000,1201000,16814000,571000,18586000,8219160516625378647
3,0084.txt,224,v036,2,64,29,1238000,16676000,565000,18479000,1239000,16700000,575000,18514000,8219160516625378647
3,0085.txt,256,v028,2,64,52,408000,9681000,730000,10819000,408000,9700000,739000,10847000,9843680023606892368
3,0085.txt,256,v035,0,64,52,404000,9953000,623000,10980000,405000,9974000,642000,11021000,9843680023606892368
3,0085.txt,256,v036,1,64,52,387000,10103000,660000,11150000,387000,10124000,668000,11179000,9843680023606892368
3,0086.txt,96,v028,1,64,41,137000,4285000,295000,4717000,137000,4303000,299000,4739000,1746008403728494063
3,0086.txt,96,v035,2,64,41,135000,4488000,240000,4863000,135000,4504000,256000,4895000,1746008403728494063
3,0086.txt,96,v036,0,64,41,142000,4701000,264000,5107000,143000,4723000,270000,5136000,1746008403728494063
3,0087.txt,224,v028,0,64,56,266000,8368000,481000,9115000,266000,8400000,498000,9164000,6062298770127305429
3,0087.txt,224,v035,1,64,56,256000,8551000,426000,9233000,256000,8571000,434000,9261000,6062298770127305429
3,0087.txt,224,v036,2,64,56,255000,8719000,441000,9415000,255000,8752000,450000,9457000,6062298770127305429
3,0088.txt,224,v028,2,64,51,391000,9819000,562000,10772000,392000,9878000,568000,10838000,1932990849624522106
3,0088.txt,224,v035,0,64,51,412000,10034000,485000,10931000,413000,10057000,504000,10974000,1932990849624522106
3,0088.txt,224,v036,1,64,51,381000,9684000,468000,10533000,381000,9705000,487000,10573000,1932990849624522106
3,0089.txt,320,v028,1,64,37,1163000,38227000,1066000,40456000,1163000,38266000,1075000,40504000,6980722571508482437
3,0089.txt,320,v035,2,64,37,1179000,39296000,999000,41474000,1179000,39329000,1009000,41517000,6980722571508482437
3,0089.txt,320,v036,0,64,37,1234000,39701000,987000,41922000,1233000,39761000,995000,41989000,6980722571508482437
3,0090.txt,224,v028,0,64,36,248000,8059000,478000,8785000,249000,8061000,486000,8796000,17418676575136399411
3,0090.txt,224,v035,1,64,36,221000,8556000,433000,9210000,222000,8580000,441000,9243000,17418676575136399411
3,0090.txt,224,v036,2,64,36,225000,8199000,416000,8840000,225000,8217000,426000,8868000,17418676575136399411
3,0091.txt,128,v028,2,64,49,244000,5598000,327000,6169000,245000,5610000,331000,6186000,6905654600788291276
3,0091.txt,128,v035,0,64,49,251000,5786000,252000,6289000,251000,5807000,257000,6315000,6905654600788291276
3,0091.txt,128,v036,1,64,49,241000,5756000,249000,6246000,242000,5776000,253000,6271000,6905654600788291276
3,0092.txt,320,v028,1,64,34,2299000,42415000,1688000,46402000,2299000,42488000,1690000,46477000,17892104883127441197
3,0092.txt,320,v035,2,64,34,2310000,43449000,1655000,47414000,2309000,43502000,1662000,47473000,17892104883127441197
3,0092.txt,320,v036,0,64,34,2362000,43001000,1600000,46963000,2367000,43035000,1613000,47015000,17892104883127441197
3,0093.txt,128,v028,0,63,60,137000,5041000,393000,5571000,138000,5059000,402000,5599000,9403735909905401337
3,0093.txt,128,v035,1,63,60,114000,5377000,347000,5838000,114000,5399000,361000,5874000,9403735909905401337
3,0093.txt,128,v036,2,63,60,114000,5191000,348000,5653000,115000,5206000,355000,5676000,9403735909905401337
3,0094.txt,288,v028,2,64,59,249000,7935000,515000,8699000,250000,7958000,530000,8738000,15807896437645640352
3,0094.txt,288,v035,0,64,59,258000,8469000,487000,9214000,257000,8491000,492000,9240000,15807896437645640352
3,0094.txt,288,v036,1,64,59,271000,8184000,476000,8931000,272000,8200000,483000,8955000,15807896437645640352
3,0095.txt,192,v028,1,64,40,857000,19438000,710000,21005000,858000,19461000,712000,21031000,14558885443859604524
3,0095.txt,192,v035,2,64,40,903000,19447000,561000,20911000,908000,19464000,572000,20944000,14558885443859604524
3,0095.txt,192,v036,0,64,40,873000,19928000,588000,21389000,874000,19942000,597000,21413000,14558885443859604524
3,0096.txt,160,v028,0,64,62,200000,6656000,361000,7217000,201000,6672000,375000,7248000,9102786252669791947
3,0096.txt,160,v035,1,64,62,193000,6905000,290000,7388000,193000,6920000,304000,7417000,9102786252669791947
3,0096.txt,160,v036,2,64,62,191000,6673000,282000,7146000,192000,6694000,299000,7185000,9102786252669791947
3,0097.txt,288,v028,2,64,36,1388000,43988000,1677000,47053000,1389000,44061000,1679000,47129000,2803104666536711401
3,0097.txt,288,v035,0,64,36,1371000,45245000,1537000,48153000,1370000,45301000,1542000,48213000,2803104666536711401
3,0097.txt,288,v036,1,64,36,1422000,44112000,1575000,47109000,1426000,44157000,1578000,47161000,2803104666536711401
3,0098.txt,160,v028,1,64,55,282000,7552000,588000,8422000,282000,7565000,591000,8438000,9847453008769540877
3,0098.txt,160,v035,2,64,55,268000,7723000,502000,8493000,269000,7744000,509000,8522000,9847453008769540877
3,0098.txt,160,v036,0,64,55,299000,7804000,506000,8609000,299000,7824000,519000,8642000,9847453008769540877
3,0099.txt,256,v028,0,64,38,514000,12741000,509000,13764000,513000,12778000,517000,13808000,446694983656461108
3,0099.txt,256,v035,1,64,38,534000,13196000,444000,14174000,535000,13206000,451000,14192000,446694983656461108
3,0099.txt,256,v036,2,64,38,515000,13054000,453000,14022000,517000,13078000,461000,14056000,446694983656461108
4,0000.txt,128,v028,2,37,37,69000,1143000,123000,1335000,69000,1146000,136000,1351000,816204004610948454
4,0000.txt,128,v035,0,37,37,72000,1466000,137000,1675000,74000,1542000,151000,1767000,816204004610948454
4,0000.txt,128,v036,1,37,37,72000,1212000,114000,1398000,72000,1226000,119000,1417000,816204004610948454
4,0001.txt,160,v028,1,64,47,166000,6273000,384000,6823000,166000,6286000,401000,6853000,9659342416910865731
4,0001.txt,160,v035,2,64,47,168000,6604000,320000,7092000,168000,6619000,328000,7115000,9659342416910865731
4,0001.txt,160,v036,0,64,47,163000,6651000,315000,7129000,163000,6709000,324000,7196000,9659342416910865731
4,0002.txt,160,v028,0,64,62,241000,8667000,523000,9431000,241000,8799000,545000,9585000,13336614233393630273
4,0002.txt,160,v035,1,64,62,241000,8579000,432000,9252000,241000,8625000,441000,9307000,13336614233393630273
4,0002.txt,160,v036,2,64,62,239000,8647000,434000,9320000,240000,8683000,444000,9367000,13336614233393630273
4,0003.txt,288,v028,2,64,37,203000,8810000,388000,9401000,203000,8824000,396000,9423000,9846154642387442228
4,0003.txt,288,v035,0,64,37,208000,9138000,369000,9715000,208000,9160000,374000,9742000,9846154642387442228
4,0003.txt,288,v036,1,64,37,212000,9248000,376000,9836000,213000,9289000,387000,9889000,9846154642387442228
4,0004.txt,224,v028,1,64,39,802000,25843000,743000,27388000,802000,25891000,753000,27446000,5868743466089011035
4,0004.txt,224,v035,2,64,39,809000,25845000,632000,27286000,809000,25873000,640000,27322000,5868743466089011035
4,0004.txt,224,v036,0,64,39,783000,25722000,626000,27131000,783000,25789000,636000,27208000,5868743466089011035
4,0005.txt,224,v028,0,64,26,1508000,36809000,1463000,39780000,1508000,36853000,1466000,39827000,10086671006629847274
4,0005.txt,224,v035,1,64,26,1479000,37976000,1364000,40819000,1479000,38004000,1368000,40851000,10086671006629847274
4,0005.txt,224,v036,2,64,26,1474000,37858000,1371000,40703000,1475000,37912000,1373000,40760000,10086671006629847274
4,0006.txt,128,v028,2,64,46,265000,5479000,336000,6080000,266000,5497000,343000,6106000,507186591489129217
4,0006.txt,128,v035,0,64,46,279000,5648000,271000,6198000,279000,5667000,280000,6226000,507186591489129217
4,0006.txt,128,v036,1,64,46,272000,5511000,259000,6042000,273000,5534000,271000,6078000,507186591489129217
4,0007.txt,128,v028,1,64,52,271000,7953000,423000,8647000,271000,7981000,437000,8689000,2674825041975378044
4,0007.txt,128,v035,2,64,52,272000,8128000,336000,8736000,273000,8145000,353000,8771000,2674825041975378044
4,0007.txt,128,v036,0,64,52,262000,7756000,320000,8338000,262000,7771000,330000,8363000,2674825041975378044
4,0008.txt,128,v028,0,64,40,267000,8681000,386000,9334000,268000,8699000,391000,9358000,17920141965280989340
4,0008.txt,128,v035,1,64,40,281000,9078000,311000,9670000,281000,9101000,315000,9697000,17920141965280989340
4,0008.txt,128,v036,2,64,40,296000,8743000,290000,9329000,297000,8762000,295000,9354000,17920141965280989340
4,0009.txt,192,v028,2,64,58,129000,6779000,377000,7285000,129000,6805000,388000,7322000,14208774129454741819
4,0009.txt,192,v035,0,64,58,127000,7693000,334000,8154000,128000,7734000,343000,8205000,14208774129454741819
4,0009.txt,192,v036,1,64,58,135000,7087000,330000,7552000,136000,7097000,336000,7569000,14208774129454741819
4,0010.txt,128,v028,1,64,52,113000,3272000,250000,3635000,113000,3278000,267000,3658000,14723523622886612699
4,0010.txt,128,v035,2,64,52,116000,3504000,220000,3840000,118000,3523000,230000,3871000,14723523622886612699
4,0010.txt,128,v036,0,64,52,119000,3347000,209000,3675000,119000,3357000,218000,3694000,14723523622886612699
4,0011.txt,192,v028,0,64,46,424000,11121000,460000,12005000,424000,11131000,473000,12028000,10525654128450725294
4,0011.txt,192,v035,1,64,46,439000,11688000,390000,12517000,440000,11712000,399000,12551000,10525654128450725294
4,0011.txt,192,v036,2,64,46,436000,11716000,378000,12530000,437000,11734000,385000,12556000,10525654128450725294
4,0012.txt,160,v028,2,64,42,253000,9423000,356000,10032000,253000,9440000,363000,10056000,18228620964614505709
4,0012.txt,160,v035,0,64,42,254000,9546000,283000,10083000,255000,9561000,287000,10103000,18228620964614505709
4,0012.txt,160,v036,1,64,42,264000,9706000,313000,10283000,264000,9725000,319000,10308000,18228620964614505709
4,0013.txt,224,v028,1,64,51,337000,10933000,672000,11942000,338000,10990000,691000,12019000,11658144250769295395
4,0013.txt,224,v035,2,64,51,344000,11177000,626000,12147000,345000,11205000,659000,12209000,11658144250769295395
4,0013.txt,224,v036,0,64,51,326000,11098000,616000,12040000,327000,11146000,635000,12108000,11658144250769295395
4,0014.txt,288,v028,0,64,52,1606000,54116000,1427000,57149000,1607000,54162000,1442000,57211000,3633606904291868902
4,0014.txt,288,v035,1,64,52,1569000,55633000,1340000,58542000,1570000,55683000,1350000,58603000,3633606904291868902
4,0014.txt,288,v036,2,64,52,1578000,54909000,1363000,57850000,1578000,54947000,1369000,57894000,3633606904291868902
4,0015.txt,288,v028,2,64,42,2125000,50553000,1828000,54506000,2127000,50580000,1844000,54551000,12057676038240002655
4,0015.txt,288,v035,0,64,42,2095000,52358000,1769000,56222000,2095000,52415000,1780000,56290000,12057676038240002655
4,0015.txt,288,v036,1,64,42,2072000,51518000,1816000,55406000,2072000,51569000,1825000,55466000,12057676038240002655
4,0016.txt,192,v028,1,64,41,299000,10364000,380000,11043000,298000,10399000,389000,11086000,16263700429714567991
4,0016.txt,192,v035,2,64,41,291000,10516000,309000,11116000,292000,10533000,319000,11144000,16263700429714567991
4,0016.txt,192,v036,0,64,41,317000,10355000,305000,10977000,317000,10376000,315000,11008000,16263700429714567991
4,0017.txt,192,v028,0,64,53,955000,14355000,666000,15976000,965000,14376000,680000,16021000,4847870249899229512
4,0017.txt,192,v035,1,64,53,888000,14711000,556000,16155000,888000,14731000,561000,16180000,4847870249899229512
4,0017.txt,192,v036,2,64,53,901000,14868000,548000,16317000,904000,14885000,562000,16351000,4847870249899229512
4,0018.txt,128,v028,2,64,34,98000,4180000,176000,4454000,99000,4198000,183000,4480000,2591044257394328704
4,0018.txt,128,v035,0,64,34,101000,4448000,148000,4697000,101000,4469000,151000,4721000,2591044257394328704
4,0018.txt,128,v036,1,64,34,100000,4233000,145000,4478000,100000,4247000,153000,4500000,2591044257394328704
4,0019.txt,384,v028,1,64,38,3756000,72751000,1875000,78382000,3757000,72833000,1886000,78476000,18413403235399141350
4,0019.txt,384,v035,2,64,38,3797000,74638000,1875000,80310000,3801000,74750000,1884000,80435000,18413403235399141350
4,0019.txt,384,v036,0,64,38,3805000,73770000,1912000,79487000,3812000,73876000,1936000,79624000,18413403235399141350
4,0020.txt,160,v028,0,64,54,481000,12473000,522000,13476000,481000,12496000,523000,13500000,6655744353329306587
4,0020.txt,160,v035,1,64,54,478000,12580000,432000,13490000,479000,12606000,443000,13528000,6655744353329306587
4,0020.txt,160,v036,2,64,54,540000,12591000,400000,13531000,548000,12613000,411000,13572000,6655744353329306587
4,0021.txt,160,v028,2,64,54,105000,4797000,317000,5219000,105000,4823000,326000,5254000,10139017720273762941
4,0021.txt,160,v035,0,64,54,117000,5198000,283000,5598000,117000,5225000,301000,5643000,10139017720273762941
4,0021.txt,160,v036,1,64,54,105000,4887000,274000,5266000,106000,4902000,282000,5290000,10139017720273762941
4,0022.txt,160,v028,1,64,54,89000,5187000,313000,5589000,90000,5206000,323000,5619000,12367056253196356386
4,0022.txt,160,v035,2,64,54,91000,5400000,271000,5762000,91000,5422000,276000,5789000,12367056253196356386
4,0022.txt,160,v036,0,64,54,91000,5326000,266000,5683000,91000,5343000,279000,5713000,12367056253196356386
4,0023.txt,160,v028,0,64,32,134000,4194000,200000,4528000,133000,4206000,202000,4541000,13661901359584633416
4,0023.txt,160,v035,1,64,32,133000,4342000,150000,4625000,134000,4360000,165000,4659000,13661901359584633416
4,0023.txt,160,v036,2,64,32,135000,4439000,159000,4733000,134000,4456000,166000,4756000,13661901359584633416
4,0024.txt,192,v028,2,64,37,173000,6400000,394000,6967000,174000,6422000,399000,6995000,14100779623175012850
4,0024.txt,192,v035,0,64,37,174000,6504000,356000,7034000,175000,6512000,364000,7051000,14100779623175012850
4,0024.txt,192,v036,1,64,37,173000,6627000,350000,7150000,173000,6664000,365000,7202000,14100779623175012850
4,0025.txt,192,v028,1,64,57,96000,3372000,247000,3715000,97000,3391000,268000,3756000,16693701477626876418
4,0025.txt,192,v035,2,64,57,105000,3323000,206000,3634000,105000,3339000,218000,3662000,16693701477626876418
4,0025.txt,192,v036,0,64,57,105000,3361000,200000,3666000,106000,3375000,212000,3693000,16693701477626876418
4,0026.txt,256,v028,0,64,43,212000,7309000,421000,7942000,213000,7335000,434000,7982000,12399338981540513818
4,0026.txt,256,v035,1,64,43,216000,7566000,402000,8184000,217000,7577000,408000,8202000,12399338981540513818
4,0026.txt,256,v036,2,64,43,218000,7847000,398000,8463000,219000,7908000,408000,8535000,12399338981540513818
4,0027.txt,128,v028,2,64,31,294000,6167000,311000,6772000,295000,6182000,319000,6796000,7331911850896128959
4,0027.txt,128,v035,0,64,31,310000,6193000,240000,6743000,309000,6209000,250000,6768000,7331911850896128959
4,0027.txt,128,v036,1,64,31,298000,6170000,253000,6721000,298000,6202000,259000,6759000,7331911850896128959
4,0028.txt,256,v028,1,64,47,675000,18870000,1037000,20582000,679000,18896000,1044000,20619000,16501633472421096672
4,0028.txt,256,v035,2,64,47,627000,18847000,914000,20388000,627000,18857000,929000,20413000,16501633472421096672
4,0028.txt,256,v036,0,64,47,629000,18885000,908000,20422000,630000,18908000,932000,20470000,16501633472421096672
4,0029.txt,288,v028,0,64,41,920000,24765000,744000,26429000,921000,24813000,756000,26490000,3006019691893062148
4,0029.txt,288,v035,1,64,41,876000,25068000,680000,26624000,877000,25088000,688000,26653000,3006019691893062148
4,0029.txt,288,v036,2,64,41,881000,24743000,691000,26315000,882000,24755000,700000,26337000,3006019691893062148
4,0030.txt,256,v028,2,64,44,1173000,20197000,1482000,22852000,1173000,20224000,1491000,22888000,3998580007914902329
4,0030.txt,256,v035,0,64,44,1204000,20802000,1402000,23408000,1204000,20822000,1416000,23442000,3998580007914902329
4,0030.txt,256,v036,1,64,44,1184000,20610000,1384000,23178000,1183000,20629000,1384000,23196000,3998580007914902329
4,0031.txt,160,v028,1,64,49,230000,11550000,459000,12239000,230000,11582000,473000,12285000,1277513514513811977
4,0031.txt,160,v035,2,64,49,233000,11528000,374000,12135000,233000,11552000,377000,12162000,1277513514513811977
4,0031.txt,160,v036,0,64,49,237000,11679000,379000,12295000,238000,11709000,387000,12334000,1277513514513811977
4,0032.txt,224,v028,0,64,48,314000,12766000,477000,13557000,315000,12765000,490000,13570000,12827533860645535518
4,0032.txt,224,v035,1,64,48,310000,13455000,442000,14207000,311000,13477000,456000,14244000,12827533860645535518
4,0032.txt,224,v036,2,64,48,322000,13310000,432000,14064000,322000,13331000,443000,14096000,12827533860645535518
4,0033.txt,160,v028,2,64,43,421000,10510000,420000,11351000,425000,10522000,429000,11376000,13693103595731326709
4,0033.txt,160,v035,0,64,43,423000,11146000,347000,11916000,428000,11193000,360000,11981000,13693103595731326709
4,0033.txt,160,v036,1,64,43,395000,10805000,350000,11550000,394000,10829000,363000,11586000,13693103595731326709
4,0034.txt,288,v028,1,64,41,1236000,26915000,1322000,29473000,1241000,26958000,1330000,29529000,11851417704820801821
4,0034.txt,288,v035,2,64,41,1191000,27379000,1267000,29837000,1191000,27409000,1276000,29876000,11851417704820801821
4,0034.txt,288,v036,0,64,41,1190000,26926000,1249000,29365000,1191000,26939000,1260000,29390000,11851417704820801821
4,0035.txt,128,v028,0,49,37,76000,2395000,196000,2667000,77000,2398000,200000,2675000,1966248127026479111
4,0035.txt,128,v035,1,49,37,65000,2516000,166000,2747000,65000,2521000,177000,2763000,1966248127026479111
4,0035.txt,128,v036,2,49,37,70000,2611000,180000,2861000,70000,2619000,184000,2873000,1966248127026479111
4,0036.txt,192,v028,2,64,50,747000,17573000,648000,18968000,747000,17598000,657000,19002000,3582229042672705885
4,0036.txt,192,v035,0,64,50,762000,18479000,539000,19780000,762000,18513000,545000,19820000,3582229042672705885
4,0036.txt,192,v036,1,64,50,746000,18374000,540000,19660000,747000,18422000,556000,19725000,3582229042672705885
4,0037.txt,288,v028,1,64,45,587000,16251000,815000,17653000,587000,16303000,825000,17715000,11367272562188583031
4,0037.txt,288,v035,2,64,45,622000,17045000,807000,18474000,622000,17100000,808000,18530000,11367272562188583031
4,0037.txt,288,v036,0,64,45,584000,15972000,749000,17305000,584000,15986000,766000,17336000,11367272562188583031
4,0038.txt,192,v028,0,64,55,269000,8327000,529000,9125000,270000,8364000,542000,9176000,5000358612861532629
4,0038.txt,192,v035,1,64,55,287000,8254000,450000,8991000,286000,8272000,461000,9019000,5000358612861532629
4,0038.txt,192,v036,2,64,55,267000,8498000,455000,9220000,267000,8518000,472000,9257000,5000358612861532629
4,0039.txt,256,v028,2,64,43,179000,7511000,378000,8068000,179000,7523000,379000,8081000,1713245602201241720
4,0039.txt,256,v035,0,64,43,182000,8078000,328000,8588000,183000,8103000,331000,8617000,1713245602201241720
4,0039.txt,256,v036,1,64,43,183000,7812000,331000,8326000,183000,7827000,333000,8343000,1713245602201241720
4,0040.txt,224,v028,1,64,43,170000,8820000,568000,9558000,170000,8846000,581000,9597000,872385857505348709
4,0040.txt,224,v035,2,64,43,157000,8852000,543000,9552000,157000,8875000,553000,9585000,872385857505348709
4,0040.txt,224,v036,0,64,43,173000,9014000,526000,9713000,173000,9027000,537000,9737000,872385857505348709
4,0041.txt,160,v028,0,64,56,238000,7480000,359000,8077000,239000,7502000,372000,8113000,10397856525299628427
4,0041.txt,160,v035,1,64,56,234000,7732000,296000,8262000,233000,7744000,310000,8287000,10397856525299628427
4,0041.txt,160,v036,2,64,56,224000,7624000,293000,8141000,223000,7644000,304000,8171000,10397856525299628427
4,0042.txt,352,v028,2,64,36,1190000,30975000,917000,33082000,1190000,30995000,925000,33110000,12427270659438181611
4,0042.txt,352,v035,0,64,36,1173000,32412000,931000,34516000,1173000,32469000,944000,34586000,12427270659438181611
4,0042.txt,352,v036,1,64,36,1160000,32492000,933000,34585000,1160000,32590000,946000,34696000,12427270659438181611
4,0043.txt,160,v028,1,64,27,276000,7880000,364000,8520000,276000,7900000,375000,8551000,17317113132050913222
4,0043.txt,160,v035,2,64,27,274000,8026000,329000,8629000,274000,8049000,337000,8660000,17317113132050913222
4,0043.txt,160,v036,0,64,27,300000,8062000,340000,8702000,300000,8082000,340000,8722000,17317113132050913222
4,0044.txt,192,v028,0,64,35,457000,13089000,444000,13990000,457000,13129000,447000,14033000,14244673959848913933
4,0044.txt,192,v035,1,64,35,483000,13104000,377000,13964000,485000,13117000,386000,13988000,14244673959848913933
4,0044.txt,192,v036,2,64,35,455000,13321000,366000,14142000,455000,13346000,376000,14177000,14244673959848913933
4,0045.txt,192,v028,2,64,42,627000,9288000,526000,10441000,627000,9315000,528000,10470000,11015969575620966037
4,0045.txt,192,v035,0,64,42,643000,9775000,442000,10860000,642000,9802000,451000,10895000,11015969575620966037
4,0045.txt,192,v036,1,64,42,638000,9877000,451000,10966000,639000,9904000,459000,11002000,11015969575620966037
4,0046.txt,128,v028,1,64,43,395000,10882000,421000,11698000,395000,10907000,433000,11735000,2499980644579135674
4,0046.txt,128,v035,2,64,43,404000,10756000,317000,11477000,404000,10772000,330000,11506000,2499980644579135674
4,0046.txt,128,v036,0,64,43,415000,10835000,325000,11575000,415000,10854000,329000,11598000,2499980644579135674
4,0047.txt,256,v028,0,64,42,1153000,26743000,971000,28867000,1161000,26772000,979000,28912000,10022142641444623082
4,0047.txt,256,v035,1,64,42,1111000,27196000,856000,29163000,1112000,27223000,860000,29195000,10022142641444623082
4,0047.txt,256,v036,2,64,42,1145000,27271000,830000,29246000,1145000,27285000,843000,29273000,10022142641444623082
4,0048.txt,192,v028,2,64,47,943000,15101000,716000,16760000,943000,15125000,728000,16796000,3768764602654705949
4,0048.txt,192,v035,0,64,47,937000,15913000,592000,17442000,937000,15934000,612000,17483000,3768764602654705949
4,0048.txt,192,v036,1,64,47,928000,15809000,586000,17323000,929000,15832000,595000,17356000,3768764602654705949
4,0049.txt,192,v028,1,64,46,698000,13758000,575000,15031000,697000,13774000,583000,15054000,5345024174446336161
4,0049.txt,192,v035,2,64,46,700000,13887000,467000,15054000,700000,13908000,475000,15083000,5345024174446336161
4,0049.txt,192,v036,0,64,46,710000,14230000,489000,15429000,710000,14244000,502000,15456000,5345024174446336161
4,0050.txt,128,v028,0,64,37,246000,6018000,392000,6656000,246000,6033000,397000,6676000,12997574625261075627
4,0050.txt,128,v035,1,64,37,245000,6299000,335000,6879000,246000,6315000,345000,6906000,12997574625261075627
4,0050.txt,128,v036,2,64,37,244000,6072000,343000,6659000,243000,6082000,349000,6674000,12997574625261075627
4,0051.txt,160,v028,2,64,50,265000,7769000,439000,8473000,266000,7789000,451000,8506000,12279836665363317183
4,0051.txt,160,v035,0,64,50,251000,7853000,343000,8447000,252000,7864000,353000,8469000,12279836665363317183
4,0051.txt,160,v036,1,64,50,251000,8047000,362000,8660000,250000,8063000,384000,8697000,12279836665363317183
4,0052.txt,224,v028,1,64,49,481000,13675000,652000,14808000,481000,13698000,660000,14839000,9179596259479780699
4,0052.txt,224,v035,2,64,49,466000,14367000,569000,15402000,467000,14409000,588000,15464000,9179596259479780699
4,0052.txt,224,v036,0,64,49,467000,13843000,567000,14877000,468000,13861000,578000,14907000,9179596259479780699
4,0053.txt,192,v028,0,64,60,251000,8135000,538000,8924000,251000,8159000,552000,8962000,2465353185479614519
4,0053.txt,192,v035,1,64,60,244000,8164000,462000,8870000,245000,8189000,476000,8910000,2465353185479614519
4,0053.txt,192,v036,2,64,60,255000,8370000,474000,9099000,255000,8395000,477000,9127000,2465353185479614519
4,0054.txt,256,v028,2,64,50,753000,22071000,1101000,23925000,753000,22105000,1109000,23967000,1977551075025097523
4,0054.txt,256,v035,0,64,50,768000,22927000,960000,24655000,768000,22948000,972000,24688000,1977551075025097523
4,0054.txt,256,v036,1,64,50,742000,22280000,955000,23977000,744000,22304000,962000,24010000,1977551075025097523
4,0055.txt,288,v028,1,64,39,1240000,25903000,754000,27897000,1240000,25928000,764000,27932000,1917009490484356854
4,0055.txt,288,v035,2,64,39,1280000,26997000,684000,28961000,1286000,27036000,691000,29013000,1917009490484356854
4,0055.txt,288,v036,0,64,39,1332000,26285000,687000,28304000,1332000,26323000,696000,28351000,1917009490484356854
4,0056.txt,224,v028,0,64,39,478000,12136000,532000,13146000,478000,12159000,542000,13179000,6905413677133017825
4,0056.txt,224,v035,1,64,39,514000,12228000,472000,13214000,513000,12248000,478000,13239000,6905413677133017825
4,0056.txt,224,v036,2,64,39,469000,12163000,468000,13100000,469000,12180000,481000,13130000,6905413677133017825
4,0057.txt,256,v028,2,64,54,852000,19317000,977000,21146000,853000,19347000,988000,21188000,10523818247767909617
4,0057.txt,256,v035,0,64,54,838000,19854000,906000,21598000,839000,19889000,919000,21647000,10523818247767909617
4,0057.txt,256,v036,1,64,54,843000,19792000,872000,21507000,843000,19819000,890000,21552000,10523818247767909617
4,0058.txt,256,v028,1,64,47,626000,21501000,1005000,23132000,627000,21532000,1012000,23171000,8747116303198179067
4,0058.txt,256,v035,2,64,47,648000,21797000,894000,23339000,649000,21817000,897000,23363000,8747116303198179067
4,0058.txt,256,v036,0,64,47,620000,22027000,932000,23579000,621000,22049000,940000,23610000,8747116303198179067
4,0059.txt,192,v028,0,64,47,118000,5051000,244000,5413000,119000,5083000,250000,5452000,8776027305845615921
4,0059.txt,192,v035,1,64,47,114000,5316000,209000,5639000,116000,5330000,215000,5661000,8776027305845615921
4,0059.txt,192,v036,2,64,47,127000,5350000,224000,5701000,127000,5370000,231000,5728000,8776027305845615921
4,0060.txt,224,v028,2,64,40,234000,11197000,499000,11930000,235000,11218000,510000,11963000,9265774647566182347
4,0060.txt,224,v035,0,64,40,267000,11710000,460000,12437000,267000,11720000,470000,12457000,9265774647566182347
4,0060.txt,224,v036,1,64,40,240000,11974000,487000,12701000,240000,12005000,500000,12745000,9265774647566182347
4,0061.txt,192,v028,1,64,47,728000,18347000,917000,19992000,729000,18374000,920000,20023000,9109783169076520820
4,0061.txt,192,v035,2,64,47,699000,18759000,803000,20261000,700000,18797000,814000,20311000,9109783169076520820
4,0061.txt,192,v036,0,64,47,703000,18672000,784000,20159000,704000,18702000,790000,20196000,9109783169076520820
4,0062.txt,224,v028,0,64,51,512000,16910000,657000,18079000,512000,16948000,661000,18121000,6235176586112113050
4,0062.txt,224,v035,1,64,51,498000,17524000,560000,18582000,497000,17551000,576000,18624000,6235176586112113050
4,0062.txt,224,v036,2,64,51,517000,17680000,588000,18785000,517000,17765000,596000,18878000,6235176586112113050
4,0063.txt,256,v028,2,64,43,561000,17154000,902000,18617000,561000,17194000,904000,18659000,2811221567898568818
4,0063.txt,256,v035,0,64,43,561000,17363000,794000,18718000,560000,17397000,806000,18763000,2811221567898568818
4,0063.txt,256,v036,1,64,43,539000,17058000,789000,18386000,538000,17086000,800000,18424000,2811221567898568818
4,0064.txt,224,v028,1,64,44,421000,6727000,584000,7732000,422000,6738000,592000,7752000,6923825489153610959
4,0064.txt,224,v035,2,64,44,414000,7503000,546000,8463000,414000,7522000,557000,8493000,6923825489153610959
4,0064.txt,224,v036,0,64,44,431000,7088000,529000,8048000,436000,7104000,543000,8083000,6923825489153610959
4,0065.txt,192,v028,0,64,43,196000,8353000,507000,9056000,196000,8404000,517000,9117000,17408032648247834609
4,0065.txt,192,v035,1,64,43,203000,8366000,439000,9008000,203000,8386000,442000,9031000,17408032648247834609
4,0065.txt,192,v036,2,64,43,208000,8783000,458000,9449000,209000,8812000,473000,9494000,17408032648247834609
4,0066.txt,224,v028,2,64,29,925000,23199000,985000,25109000,925000,23226000,989000,25140000,8875708553305440087
4,0066.txt,224,v035,0,64,29,946000,23816000,888000,25650000,947000,23832000,898000,25677000,8875708553305440087
4,0066.txt,224,v036,1,64,29,952000,23900000,904000,25756000,952000,23946000,907000,25805000,8875708553305440087
4,0067.txt,192,v028,1,64,37,334000,10754000,531000,11619000,334000,10771000,547000,11652000,1054547824349595996
4,0067.txt,192,v035,2,64,37,334000,11138000,496000,11968000,334000,11168000,503000,12005000,1054547824349595996
4,0067.txt,192,v036,0,64,37,335000,11718000,504000,12557000,335000,11749000,515000,12599000,1054547824349595996
4,0068.txt,352,v028,0,64,36,1920000,29972000,1062000,32954000,1922000,30011000,1073000,33006000,16704674484913076321
4,0068.txt,352,v035,1,64,36,1933000,30407000,1043000,33383000,1934000,30444000,1050000,33428000,16704674484913076321
4,0068.txt,352,v036,2,64,36,1937000,30411000,1062000,33410000,1937000,30431000,1075000,33443000,16704674484913076321
4,0069.txt,128,v028,2,64,55,241000,8031000,487000,8759000,242000,8045000,491000,8778000,10272637644074201381
4,0069.txt,128,v035,0,64,55,246000,8520000,401000,9167000,247000,8546000,420000,9213000,10272637644074201381
4,0069.txt,128,v036,1,64,55,258000,8141000,384000,8783000,258000,8159000,393000,8810000,10272637644074201381
4,0070.txt,320,v028,1,64,43,1237000,45564000,1530000,48331000,1236000,45596000,1543000,48375000,6636878282639228694
4,0070.txt,320,v035,2,64,43,1310000,47324000,1507000,50141000,1310000,47534000,1539000,50383000,6636878282639228694
4,0070.txt,320,v036,0,64,43,1303000,46803000,1437000,49543000,1304000,46830000,1446000,49580000,6636878282639228694
4,0071.txt,288,v028,0,64,34,1304000,32825000,1126000,35255000,1304000,33760000,1144000,36208000,5480489002906609640
4,0071.txt,288,v035,1,64,34,1303000,32116000,1023000,34442000,1307000,32304000,1041000,34652000,5480489002906609640
4,0071.txt,288,v036,2,64,34,1686000,32910000,1054000,35650000,1772000,33583000,1105000,36460000,5480489002906609640
4,0072.txt,192,v028,2,64,53,148000,8097000,458000,8703000,148000,8288000,490000,8926000,3456405102086958663
4,0072.txt,192,v035,0,64,53,150000,8552000,370000,9072000,149000,8711000,385000,9245000,3456405102086958663
4,0072.txt,192,v036,1,64,53,144000,8157000,360000,8661000,145000,8213000,370000,8728000,3456405102086958663
4,0073.txt,160,v028,1,64,45,801000,15441000,713000,16955000,802000,15842000,723000,17367000,7837691528528546932
4,0073.txt,160,v035,2,64,45,784000,16267000,618000,17669000,785000,16440000,627000,17852000,7837691528528546932
4,0073.txt,160,v036,0,64,45,859000,16342000,611000,17812000,877000,16812000,627000,18316000,7837691528528546932
4,0074.txt,128,v028,0,64,40,230000,5404000,283000,5917000,231000,5524000,302000,6057000,11002935191480867671
4,0074.txt,128,v035,1,64,40,325000,5269000,202000,5796000,404000,5294000,205000,5903000,11002935191480867671
4,0074.txt,128,v036,2,64,40,238000,5392000,218000,5848000,238000,5427000,226000,5891000,11002935191480867671
4,0075.txt,288,v028,2,64,30,1044000,30737000,953000,32734000,1048000,31168000,961000,33177000,2583345268107875064
4,0075.txt,288,v035,0,64,30,1040000,30882000,906000,32828000,1041000,31233000,933000,33207000,2583345268107875064
4,0075.txt,288,v036,1,64,30,1047000,30429000,864000,32340000,1048000,30835000,872000,32755000,2583345268107875064
4,0076.txt,192,v028,1,64,52,775000,20326000,990000,22091000,775000,20438000,994000,22207000,14019256839176950374
4,0076.txt,192,v035,2,64,52,817000,21980000,861000,23658000,829000,22301000,872000,24002000,14019256839176950374
4,0076.txt,192,v036,0,64,52,773000,21926000,848000,23547000,773000,22427000,868000,24068000,14019256839176950374
4,0077.txt,128,v028,0,64,55,181000,6848000,351000,7380000,181000,6913000,364000,7458000,17479160985738783937
4,0077.txt,128,v035,1,64,55,182000,7358000,280000,7820000,182000,7658000,329000,8169000,17479160985738783937
4,0077.txt,128,v036,2,64,55,237000,7092000,278000,7607000,265000,7164000,279000,7708000,17479160985738783937
4,0078.txt,224,v028,2,64,44,731000,15862000,871000,17464000,734000,16192000,898000,17824000,14185763832882636607
4,0078.txt,224,v035,0,64,44,746000,16766000,807000,18319000,746000,17108000,816000,18670000,14185763832882636607
4,0078.txt,224,v036,1,64,44,746000,16600000,797000,18143000,745000,16823000,818000,18386000,14185763832882636607
4,0079.txt,160,v028,1,64,48,92000,4685000,300000,5077000,92000,4768000,310000,5170000,18107065893375765734
4,0079.txt,160,v035,2,64,48,92000,4404000,243000,4739000,93000,4422000,254000,4769000,18107065893375765734
4,0079.txt,160,v036,0,64,48,130000,4700000,241000,5071000,135000,5141000,250000,5526000,18107065893375765734
4,0080.txt,192,v028,0,64,48,883000,15667000,657000,17207000,1025000,16054000,700000,17779000,7914294815535909058
4,0080.txt,192,v035,1,64,48,580000,16050000,555000,17185000,580000,16317000,580000,17477000,7914294815535909058
4,0080.txt,192,v036,2,64,48,527000,16494000,561000,17582000,528000,16683000,573000,17784000,7914294815535909058
4,0081.txt,256,v028,2,64,48,1720000,46396000,1213000,49329000,1720000,46435000,1228000,49383000,12611955559657520540
4,0081.txt,256,v035,0,64,48,1672000,48593000,1104000,51369000,1673000,49038000,1120000,51831000,12611955559657520540
4,0081.txt,256,v036,1,64,48,1708000,47626000,1110000,50444000,1709000,47816000,1151000,50676000,12611955559657520540
4,0082.txt,224,v028,1,64,43,1135000,23102000,1146000,25383000,1136000,23186000,1158000,25480000,15976384220259857970
4,0082.txt,224,v035,2,64,43,1155000,24047000,1065000,26267000,1157000,24227000,1084000,26468000,15976384220259857970
4,0082.txt,224,v036,0,64,43,1150000,23313000,980000,25443000,1162000,23681000,1000000,25843000,15976384220259857970
4,0083.txt,160,v028,0,64,45,415000,10450000,515000,11380000,415000,10475000,517000,11407000,2709579689513296368
4,0083.txt,160,v035,1,64,45,645000,11222000,448000,12315000,725000,11361000,465000,12551000,2709579689513296368
4,0083.txt,160,v036,2,64,45,445000,11520000,432000,12397000,445000,11696000,449000,12590000,2709579689513296368
4,0084.txt,224,v028,2,64,29,1204000,17445000,663000,19312000,1204000,17861000,681000,19746000,8219160516625378647
4,0084.txt,224,v035,0,64,29,1266000,17106000,559000,18931000,1275000,17152000,564000,18991000,8219160516625378647
4,0084.txt,224,v036,1,64,29,1239000,17456000,570000,19265000,1238000,17618000,577000,19433000,8219160516625378647
4,0085.txt,256,v028,1,64,52,403000,10465000,763000,11631000,404000,10607000,780000,11791000,9843680023606892368
4,0085.txt,256,v035,2,64,52,430000,10941000,710000,12081000,430000,11107000,740000,12277000,9843680023606892368
4,0085.txt,256,v036,0,64,52,427000,10489000,668000,11584000,427000,10561000,690000,11678000,9843680023606892368
4,0086.txt,96,v028,0,64,41,143000,4493000,303000,4939000,143000,4521000,313000,4977000,1746008403728494063
4,0086.txt,96,v035,1,64,41,146000,4547000,252000,4945000,147000,4565000,260000,4972000,1746008403728494063
4,0086.txt,96,v036,2,64,41,150000,4516000,239000,4905000,152000,4540000,246000,4938000,1746008403728494063
4,0087.txt,224,v028,2,64,56,261000,8317000,506000,9084000,261000,8433000,520000,9214000,6062298770127305429
4,0087.txt,224,v035,0,64,56,267000,8580000,434000,9281000,268000,8600000,443000,9311000,6062298770127305429
4,0087.txt,224,v036,1,64,56,266000,8505000,427000,9198000,266000,8526000,445000,9237000,6062298770127305429
4,0088.txt,224,v028,1,64,51,380000,9696000,542000,10618000,380000,9723000,559000,10662000,1932990849624522106
4,0088.txt,224,v035,2,64,51,390000,10144000,482000,11016000,391000,10167000,496000,11054000,1932990849624522106
4,0088.txt,224,v036,0,64,51,407000,10059000,482000,10948000,408000,10073000,493000,10974000,1932990849624522106
4,0089.txt,320,v028,0,64,37,1190000,37775000,1039000,40004000,1191000,37805000,1052000,40048000,6980722571508482437
4,0089.txt,320,v035,1,64,37,1212000,40051000,1021000,42284000,1212000,40765000,1031000,43008000,6980722571508482437
4,0089.txt,320,v036,2,64,37,1161000,40144000,1026000,42331000,1161000,40204000,1046000,42411000,6980722571508482437
4,0090.txt,224,v028,2,64,36,223000,8811000,563000,9597000,223000,9203000,613000,10039000,17418676575136399411
4,0090.txt,224,v035,0,64,36,228000,8759000,441000,9428000,229000,8771000,448000,9448000,17418676575136399411
4,0090.txt,224,v036,1,64,36,222000,8294000,420000,8936000,222000,8329000,431000,8982000,17418676575136399411
4,0091.txt,128,v028,1,64,49,242000,5634000,330000,6206000,241000,5653000,337000,6231000,6905654600788291276
4,0091.txt,128,v035,2,64,49,244000,6036000,279000,6559000,246000,6340000,293000,6879000,6905654600788291276
4,0091.txt,128,v036,0,64,49,271000,5693000,247000,6211000,275000,5717000,261000,6253000,6905654600788291276
4,0092.txt,320,v028,0,64,34,2309000,43467000,1757000,47533000,2310000,43772000,1789000,47871000,17892104883127441197
4,0092.txt,320,v035,1,64,34,2337000,43961000,1657000,47955000,2337000,44079000,1660000,48076000,17892104883127441197
4,0092.txt,320,v036,2,64,34,2331000,43649000,1657000,47637000,2332000,43689000,1661000,47682000,17892104883127441197
4,0093.txt,128,v028,2,63,60,112000,5208000,417000,5737000,112000,5226000,442000,5780000,9403735909905401337
4,0093.txt,128,v035,0,63,60,128000,5213000,348000,5689000,128000,5227000,357000,5712000,9403735909905401337
4,0093.txt,128,v036,1,63,60,114000,5131000,339000,5584000,115000,5152000,354000,5621000,9403735909905401337
4,0094.txt,288,v028,1,64,59,247000,7911000,541000,8699000,247000,7924000,547000,8718000,15807896437645640352
4,0094.txt,288,v035,2,64,59,263000,8683000,516000,9462000,262000,8736000,530000,9528000,15807896437645640352
4,0094.txt,288,v036,0,64,59,262000,8218000,478000,8958000,263000,8238000,496000,8997000,15807896437645640352
4,0095.txt,192,v028,0,64,40,881000,19990000,706000,21577000,880000,20033000,719000,21632000,14558885443859604524
4,0095.txt,192,v035,1,64,40,890000,20456000,598000,21944000,892000,20499000,608000,21999000,14558885443859604524
4,0095.txt,192,v036,2,64,40,913000,20423000,593000,21929000,914000,20462000,602000,21978000,14558885443859604524
4,0096.txt,160,v028,2,64,62,199000,6461000,348000,7008000,199000,6480000,362000,7041000,9102786252669791947
4,0096.txt,160,v035,0,64,62,218000,6973000,299000,7490000,219000,6996000,313000,7528000,9102786252669791947
4,0096.txt,160,v036,1,64,62,195000,6915000,291000,7401000,195000,6937000,303000,7435000,9102786252669791947
4,0097.txt,288,v028,1,64,36,1356000,44183000,1659000,47198000,1356000,44279000,1671000,47306000,2803104666536711401
4,0097.txt,288,v035,2,64,36,1426000,45413000,1629000,48468000,1426000,45553000,1638000,48617000,2803104666536711401
4,0097.txt,288,v036,0,64,36,1373000,44103000,1567000,47043000,1374000,44190000,1585000,47149000,2803104666536711401
4,0098.txt,160,v028,0,64,55,285000,7977000,636000,8898000,287000,8101000,677000,9065000,9847453008769540877
4,0098.txt,160,v035,1,64,55,282000,8133000,520000,8935000,282000,8210000,530000,9022000,9847453008769540877
4,0098.txt,160,v036,2,64,55,292000,8234000,517000,9043000,292000,8296000,533000,9121000,9847453008769540877
4,0099.txt,256,v028,2,64,38,541000,13445000,551000,14537000,541000,13541000,564000,14646000,446694983656461108
4,0099.txt,256,v035,0,64,38,527000,14171000,478000,15176000,527000,14326000,488000,15341000,446694983656461108
4,0099.txt,256,v036,1,64,38,542000,13962000,485000,14989000,543000,14179000,502000,15224000,446694983656461108
5,0000.txt,128,v028,1,37,37,71000,1173000,130000,1374000,71000,1193000,137000,1401000,816204004610948454
5,0000.txt,128,v035,2,37,37,70000,1193000,110000,1373000,70000,1204000,129000,1403000,816204004610948454
5,0000.txt,128,v036,0,37,37,109000,1401000,117000,1627000,324000,1481000,128000,1933000,816204004610948454
5,0001.txt,160,v028,0,64,47,165000,6851000,385000,7401000,165000,6912000,402000,7479000,9659342416910865731
5,0001.txt,160,v035,1,64,47,169000,6918000,336000,7423000,169000,7044000,382000,7595000,9659342416910865731
5,0001.txt,160,v036,2,64,47,176000,6970000,335000,7481000,176000,7060000,366000,7602000,9659342416910865731
5,0002.txt,160,v028,2,64,62,238000,8861000,535000,9634000,237000,9151000,554000,9942000,13336614233393630273
5,0002.txt,160,v035,0,64,62,240000,8865000,422000,9527000,241000,9083000,432000,9756000,13336614233393630273
5,0002.txt,160,v036,1,64,62,245000,8607000,429000,9281000,246000,8663000,459000,9368000,13336614233393630273
5,0003.txt,288,v028,1,64,37,241000,9161000,403000,9805000,241000,9204000,409000,9854000,9846154642387442228
5,0003.txt,288,v035,2,64,37,214000,9469000,403000,10086000,215000,9680000,417000,10312000,9846154642387442228
5,0003.txt,288,v036,0,64,37,234000,9703000,419000,10356000,256000,9787000,419000,10462000,9846154642387442228
5,0004.txt,224,v028,0,64,39,800000,26064000,738000,27602000,801000,26243000,748000,27792000,5868743466089011035
5,0004.txt,224,v035,1,64,39,761000,26464000,647000,27872000,761000,26613000,648000,28022000,5868743466089011035
5,0004.txt,224,v036,2,64,39,761000,26463000,637000,27861000,761000,26586000,649000,27996000,5868743466089011035
5,0005.txt,224,v028,2,64,26,1497000,36884000,1439000,39820000,1497000,36958000,1448000,39903000,10086671006629847274
5,0005.txt,224,v035,0,64,26,1486000,38111000,1348000,40945000,1487000,38148000,1355000,40990000,10086671006629847274
5,0005.txt,224,v036,1,64,26,1480000,37618000,1340000,40438000,1481000,37651000,1343000,40475000,10086671006629847274
5,0006.txt,128,v028,1,64,46,280000,5952000,341000,6573000,281000,6005000,353000,6639000,507186591489129217
5,0006.txt,128,v035,2,64,46,291000,6238000,263000,6792000,292000,6368000,285000,6945000,507186591489129217
5,0006.txt,128,v036,0,64,46,297000,6002000,269000,6568000,296000,6079000,272000,6647000,507186591489129217
5,0007.txt,128,v028,0,64,52,272000,7708000,439000,8419000,272000,7730000,443000,8445000,2674825041975378044
5,0007.txt,128,v035,1,64,52,261000,8527000,343000,9131000,261000,8779000,349000,9389000,2674825041975378044
5,0007.txt,128,v036,2,64,52,264000,8346000,336000,8946000,265000,8373000,348000,8986000,2674825041975378044
5,0008.txt,128,v028,2,64,40,268000,8989000,387000,9644000,267000,9028000,395000,9690000,17920141965280989340
5,0008.txt,128,v035,0,64,40,279000,9372000,311000,9962000,279000,9444000,336000,10059000,17920141965280989340
5,0008.txt,128,v036,1,64,40,275000,9043000,306000,9624000,276000,9568000,310000,10154000,17920141965280989340
5,0009.txt,192,v028,1,64,58,126000,6950000,384000,7460000,126000,6965000,398000,7489000,14208774129454741819
5,0009.txt,192,v035,2,64,58,127000,7698000,347000,8172000,128000,7749000,363000,8240000,14208774129454741819
5,0009.txt,192,v036,0,64,58,134000,7142000,317000,7593000,134000,7163000,327000,7624000,14208774129454741819
5,0010.txt,128,v028,0,64,52,147000,3778000,272000,4197000,148000,3871000,285000,4304000,14723523622886612699
5,0010.txt,128,v035,1,64,52,123000,3528000,215000,3866000,123000,3579000,218000,3920000,14723523622886612699
5,0010.txt,128,v036,2,64,52,135000,3666000,212000,4013000,135000,3752000,232000,4119000,14723523622886612699
5,0011.txt,192,v028,2,64,46,438000,12181000,487000,13106000,439000,12749000,499000,13687000,10525654128450725294
5,0011.txt,192,v035,0,64,46,486000,12698000,395000,13579000,509000,13153000,410000,14072000,10525654128450725294
5,0011.txt,192,v036,1,64,46,445000,13253000,419000,14117000,446000,14175000,436000,15057000,10525654128450725294
5,0012.txt,160,v028,1,64,42,264000,9714000,356000,10334000,265000,9742000,366000,10373000,18228620964614505709
5,0012.txt,160,v035,2,64,42,284000,9961000,303000,10548000,289000,10020000,312000,10621000,18228620964614505709
5,0012.txt,160,v036,0,64,42,275000,10291000,329000,10895000,275000,10459000,346000,11080000,18228620964614505709
5,0013.txt,224,v028,0,64,51,340000,11043000,686000,12069000,340000,11082000,691000,12113000,11658144250769295395
5,0013.txt,224,v035,1,64,51,333000,11873000,634000,12840000,333000,12055000,646000,13034000,11658144250769295395
5,0013.txt,224,v036,2,64,51,327000,11206000,603000,12136000,328000,11232000,616000,12176000,11658144250769295395
5,0014.txt,288,v028,2,64,52,1686000,56577000,1507000,59770000,1699000,57404000,1526000,60629000,3633606904291868902
5,0014.txt,288,v035,0,64,52,1955000,57953000,1441000,61349000,2310000,58784000,1455000,62549000,3633606904291868902
5,0014.txt,288,v036,1,64,52,1582000,56513000,1374000,59469000,1582000,57596000,1390000,60568000,3633606904291868902
5,0015.txt,288,v028,1,64,42,2144000,52035000,1950000,56129000,2144000,52231000,1963000,56338000,12057676038240002655
5,0015.txt,288,v035,2,64,42,2062000,52639000,1794000,56495000,2064000,52690000,1804000,56558000,12057676038240002655
5,0015.txt,288,v036,0,64,42,2116000,54239000,1904000,58259000,2117000,55306000,1952000,59375000,12057676038240002655
5,0016.txt,192,v028,0,64,41,311000,10169000,379000,10859000,312000,10174000,385000,10871000,16263700429714567991
5,0016.txt,192,v035,1,64,41,292000,10385000,315000,10992000,292000,10420000,323000,11035000,16263700429714567991
5,0016.txt,192,v036,2,64,41,314000,10983000,336000,11633000,316000,11116000,351000,11783000,16263700429714567991
5,0017.txt,192,v028,2,64,53,873000,15333000,708000,16914000,873000,15569000,720000,17162000,4847870249899229512
5,0017.txt,192,v035,0,64,53,908000,15108000,574000,16590000,909000,15150000,580000,16639000,4847870249899229512
5,0017.txt,192,v036,1,64,53,907000,15971000,600000,17478000,907000,16131000,604000,17642000,4847870249899229512
5,0018.txt,128,v028,1,64,34,103000,4168000,183000,4454000,104000,4183000,191000,4478000,2591044257394328704
5,0018.txt,128,v035,2,64,34,104000,4368000,145000,4617000,105000,4385000,155000,4645000,2591044257394328704
5,0018.txt,128,v036,0,64,34,109000,4763000,155000,5027000,109000,5085000,161000,5355000,2591044257394328704
5,0019.txt,384,v028,0,64,38,4055000,75288000,1900000,81243000,4128000,76546000,1911000,82585000,18413403235399141350
5,0019.txt,384,v035,1,64,38,3840000,75237000,1893000,80970000,3849000,75628000,1902000,81379000,18413403235399141350
5,0019.txt,384,v036,2,64,38,3731000,74044000,1875000,79650000,3734000,74181000,1889000,79804000,18413403235399141350
5,0020.txt,160,v028,2,64,54,501000,12541000,518000,13560000,501000,12564000,526000,13591000,6655744353329306587
5,0020.txt,160,v035,0,64,54,496000,12856000,408000,13760000,496000,12876000,418000,13790000,6655744353329306587
5,0020.txt,160,v036,1,64,54,487000,12534000,402000,13423000,487000,12561000,419000,13467000,6655744353329306587
5,0021.txt,160,v028,1,64,54,108000,4741000,322000,5171000,108000,4767000,322000,5197000,10139017720273762941
5,0021.txt,160,v035,2,64,54,107000,5115000,288000,5510000,107000,5156000,298000,5561000,10139017720273762941
5,0021.txt,160,v036,0,64,54,118000,5022000,276000,5416000,117000,5042000,284000,5443000,10139017720273762941
5,0022.txt,160,v028,0,64,54,102000,5128000,310000,5540000,103000,5137000,330000,5570000,12367056253196356386
5,0022.txt,160,v035,1,64,54,91000,5507000,264000,5862000,92000,5529000,278000,5899000,12367056253196356386
5,0022.txt,160,v036,2,64,54,91000,5605000,285000,5981000,91000,5623000,285000,5999000,12367056253196356386
5,0023.txt,160,v028,2,64,32,134000,4393000,210000,4737000,135000,4417000,208000,4760000,13661901359584633416
5,0023.txt,160,v035,0,64,32,139000,4463000,160000,4762000,139000,4486000,169000,4794000,13661901359584633416
5,0023.txt,160,v036,1,64,32,147000,4387000,153000,4687000,148000,4397000,163000,4708000,13661901359584633416
5,0024.txt,192,v028,1,64,37,176000,6194000,375000,6745000,175000,6200000,384000,6759000,14100779623175012850
5,0024.txt,192,v035,2,64,37,187000,6417000,351000,6955000,188000,6434000,360000,6982000,14100779623175012850
5,0024.txt,192,v036,0,64,37,178000,6575000,349000,7102000,178000,6597000,359000,7134000,14100779623175012850
5,0025.txt,192,v028,0,64,57,101000,3355000,250000,3706000,102000,3367000,257000,3726000,16693701477626876418
5,0025.txt,192,v035,1,64,57,100000,3389000,221000,3710000,100000,3393000,242000,3735000,16693701477626876418
5,0025.txt,192,v036,2,64,57,113000,3399000,209000,3721000,118000,3420000,219000,3757000,16693701477626876418
5,0026.txt,256,v028,2,64,43,222000,7577000,437000,8236000,223000,7612000,455000,8290000,12399338981540513818
5,0026.txt,256,v035,0,64,43,220000,7744000,397000,8361000,221000,7763000,409000,8393000,12399338981540513818
5,0026.txt,256,v036,1,64,43,222000,7713000,410000,8345000,223000,7733000,414000,8370000,12399338981540513818
5,0027.txt,128,v028,1,64,31,306000,6723000,334000,7363000,306000,6811000,343000,7460000,7331911850896128959
5,0027.txt,128,v035,2,64,31,318000,6784000,259000,7361000,317000,6886000,266000,7469000,7331911850896128959
5,0027.txt,128,v036,0,64,31,336000,6789000,264000,7389000,336000,6890000,265000,7491000,7331911850896128959
5,0028.txt,256,v028,0,64,47,669000,19097000,1045000,20811000,668000,19139000,1058000,20865000,16501633472421096672
5,0028.txt,256,v035,1,64,47,669000,19251000,925000,20845000,670000,19298000,939000,20907000,16501633472421096672
5,0028.txt,256,v036,2,64,47,640000,19773000,967000,21380000,640000,19813000,972000,21425000,16501633472421096672
5,0029.txt,288,v028,2,64,41,937000,27100000,959000,28996000,948000,27990000,1009000,29947000,3006019691893062148
5,0029.txt,288,v035,0,64,41,894000,26804000,759000,28457000,895000,27512000,778000,29185000,3006019691893062148
5,0029.txt,288,v036,1,64,41,890000,25457000,713000,27060000,890000,25511000,712000,27113000,3006019691893062148
5,0030.txt,256,v028,1,64,44,1243000,26678000,2024000,29945000,1249000,29446000,2104000,32799000,3998580007914902329
5,0030.txt,256,v035,2,64,44,1207000,21838000,1399000,24444000,1206000,22230000,1408000,24844000,3998580007914902329
5,0030.txt,256,v036,0,64,44,2060000,33036000,2278000,37374000,3818000,41109000,3678000,48605000,3998580007914902329
5,0031.txt,160,v028,0,64,49,234000,12054000,488000,12776000,233000,12267000,508000,13008000,1277513514513811977
5,0031.txt,160,v035,1,64,49,242000,12273000,378000,12893000,243000,12464000,390000,13097000,1277513514513811977
5,0031.txt,160,v036,2,64,49,237000,12378000,396000,13011000,237000,12548000,417000,13202000,1277513514513811977
5,0032.txt,224,v028,2,64,48,329000,14722000,589000,15640000,330000,15112000,609000,16051000,12827533860645535518
5,0032.txt,224,v035,0,64,48,328000,13723000,442000,14493000,328000,14447000,458000,15233000,12827533860645535518
5,0032.txt,224,v036,1,64,48,327000,15073000,482000,15882000,328000,15773000,499000,16600000,12827533860645535518
5,0033.txt,160,v028,1,64,43,452000,12427000,529000,13408000,464000,13090000,639000,14193000,13693103595731326709
5,0033.txt,160,v035,2,64,43,451000,12427000,445000,13323000,470000,14230000,510000,15210000,13693103595731326709
5,0033.txt,160,v036,0,64,43,412000,11309000,368000,12089000,413000,11380000,396000,12189000,13693103595731326709
5,0034.txt,288,v028,0,64,41,1247000,29354000,1538000,32139000,1250000,30455000,1586000,33291000,11851417704820801821
5,0034.txt,288,v035,1,64,41,1737000,29022000,1353000,32112000,1972000,29822000,1376000,33170000,11851417704820801821
5,0034.txt,288,v036,2,64,41,1934000,30085000,1414000,33433000,3530000,31054000,1852000,36436000,11851417704820801821
5,0035.txt,128,v028,2,49,37,71000,2463000,193000,2727000,71000,2489000,200000,2760000,1966248127026479111
5,0035.txt,128,v035,0,49,37,74000,2503000,177000,2754000,75000,2508000,182000,2765000,1966248127026479111
5,0035.txt,128,v036,1,49,37,66000,2578000,173000,2817000,66000,2591000,186000,2843000,1966248127026479111
5,0036.txt,192,v028,1,64,50,1036000,18765000,682000,20483000,1136000,18968000,683000,20787000,3582229042672705885
5,0036.txt,192,v035,2,64,50,723000,18425000,556000,19704000,723000,18445000,569000,19737000,3582229042672705885
5,0036.txt,192,v036,0,64,50,748000,19300000,568000,20616000,749000,19538000,605000,20892000,3582229042672705885
5,0037.txt,288,v028,0,64,45,610000,15938000,855000,17403000,610000,15969000,867000,17446000,11367272562188583031
5,0037.txt,288,v035,1,64,45,616000,16823000,768000,18207000,617000,16852000,780000,18249000,11367272562188583031
5,0037.txt,288,v036,2,64,45,597000,16339000,780000,17716000,597000,16364000,792000,17753000,11367272562188583031
5,0038.txt,192,v028,2,64,55,266000,7920000,531000,8717000,266000,7941000,543000,8750000,5000358612861532629
5,0038.txt,192,v035,0,64,55,268000,8407000,458000,9133000,268000,8451000,460000,9179000,5000358612861532629
5,0038.txt,192,v036,1,64,55,273000,8455000,463000,9191000,274000,8461000,473000,9208000,5000358612861532629
5,0039.txt,256,v028,1,64,43,182000,7510000,367000,8059000,181000,7524000,366000,8071000,1713245602201241720
5,0039.txt,256,v035,2,64,43,182000,7697000,316000,8195000,183000,7718000,327000,8228000,1713245602201241720
5,0039.txt,256,v036,0,64,43,184000,8026000,344000,8554000,185000,8054000,351000,8590000,1713245602201241720
5,0040.txt,224,v028,0,64,43,153000,8480000,557000,9190000,154000,8491000,571000,9216000,872385857505348709
5,0040.txt,224,v035,1,64,43,151000,9027000,535000,9713000,151000,9043000,540000,9734000,872385857505348709
5,0040.txt,224,v036,2,64,43,152000,9083000,541000,9776000,153000,9098000,553000,9804000,872385857505348709
5,0041.txt,160,v028,2,64,56,223000,7087000,357000,7667000,224000,7104000,365000,7693000,10397856525299628427
5,0041.txt,160,v035,0,64,56,250000,7603000,298000,8151000,250000,7648000,310000,8208000,10397856525299628427
5,0041.txt,160,v036,1,64,56,224000,7368000,288000,7880000,224000,7381000,295000,7900000,10397856525299628427
5,0042.txt,352,v028,1,64,36,1204000,31163000,932000,33299000,1203000,31228000,943000,33374000,12427270659438181611
5,0042.txt,352,v035,2,64,36,1160000,32129000,921000,34210000,1160000,32169000,932000,34261000,12427270659438181611
5,0042.txt,352,v036,0,64,36,1135000,32408000,926000,34469000,1137000,32616000,944000,34697000,12427270659438181611
5,0043.txt,160,v028,0,64,27,272000,7807000,369000,8448000,273000,7824000,376000,8473000,17317113132050913222
5,0043.txt,160,v035,1,64,27,269000,7722000,319000,8310000,268000,7738000,322000,8328000,17317113132050913222
5,0043.txt,160,v036,2,64,27,264000,8187000,340000,8791000,264000,8234000,346000,8844000,17317113132050913222
5,0044.txt,192,v028,2,64,35,449000,13722000,460000,14631000,449000,14008000,466000,14923000,14244673959848913933
5,0044.txt,192,v035,0,64,35,461000,13582000,384000,14427000,462000,13737000,394000,14593000,14244673959848913933
5,0044.txt,192,v036,1,64,35,560000,14036000,390000,14986000,584000,14291000,391000,15266000,14244673959848913933
5,0045.txt,192,v028,1,64,42,651000,10130000,564000,11345000,652000,10253000,596000,11501000,11015969575620966037
5,0045.txt,192,v035,2,64,42,661000,10446000,463000,11570000,660000,10600000,482000,11742000,11015969575620966037
5,0045.txt,192,v036,0,64,42,784000,10130000,448000,11362000,793000,10167000,454000,11414000,11015969575620966037
5,0046.txt,128,v028,0,64,43,392000,11109000,431000,11932000,391000,11176000,440000,12007000,2499980644579135674
5,0046.txt,128,v035,1,64,43,397000,11446000,337000,12180000,397000,11559000,347000,12303000,2499980644579135674
5,0046.txt,128,v036,2,64,43,445000,11658000,358000,12461000,457000,11808000,405000,12670000,2499980644579135674
5,0047.txt,256,v028,2,64,42,1135000,27733000,1012000,29880000,1136000,27831000,1026000,29993000,10022142641444623082
5,0047.txt,256,v035,0,64,42,1201000,29016000,917000,31134000,1224000,29305000,930000,31459000,10022142641444623082
5,0047.txt,256,v036,1,64,42,1183000,28988000,891000,31062000,1182000,29275000,902000,31359000,10022142641444623082
5,0048.txt,192,v028,1,64,47,935000,15619000,735000,17289000,935000,15646000,738000,17319000,3768764602654705949
5,0048.txt,192,v035,2,64,47,928000,15548000,584000,17060000,928000,15601000,588000,17117000,3768764602654705949
5,0048.txt,192,v036,0,64,47,929000,15994000,584000,17507000,930000,16088000,596000,17614000,3768764602654705949
5,0049.txt,192,v028,0,64,46,705000,13863000,573000,15141000,706000,13893000,584000,15183000,5345024174446336161
5,0049.txt,192,v035,1,64,46,724000,14118000,483000,15325000,723000,14138000,496000,15357000,5345024174446336161
5,0049.txt,192,v036,2,64,46,700000,15031000,501000,16232000,701000,15215000,506000,16422000,5345024174446336161
5,0050.txt,128,v028,2,64,37,263000,6148000,413000,6824000,263000,6174000,422000,6859000,12997574625261075627
5,0050.txt,128,v035,0,64,37,265000,6488000,347000,7100000,265000,6513000,358000,7136000,12997574625261075627
5,0050.txt,128,v036,1,64,37,264000,6597000,382000,7243000,265000,6765000,408000,7438000,12997574625261075627
5,0051.txt,160,v028,1,64,50,257000,7781000,429000,8467000,257000,7799000,439000,8495000,12279836665363317183
5,0051.txt,160,v035,2,64,50,262000,8447000,384000,9093000,263000,8525000,388000,9176000,12279836665363317183
5,0051.txt,160,v036,0,64,50,279000,8083000,358000,8720000,292000,8144000,370000,8806000,12279836665363317183
5,0052.txt,224,v028,0,64,49,488000,14482000,682000,15652000,488000,14704000,776000,15968000,9179596259479780699
5,0052.txt,224,v035,1,64,49,466000,15211000,589000,16266000,466000,15465000,596000,16527000,9179596259479780699
5,0052.txt,224,v036,2,64,49,468000,15399000,589000,16456000,468000,16585000,637000,17690000,9179596259479780699
5,0053.txt,192,v028,2,64,60,269000,9260000,631000,10160000,270000,10124000,733000,11127000,2465353185479614519
5,0053.txt,192,v035,0,64,60,258000,8829000,485000,9572000,259000,8882000,505000,9646000,2465353185479614519
5,0053.txt,192,v036,1,64,60,270000,10072000,567000,10909000,270000,10552000,603000,11425000,2465353185479614519
5,0054.txt,256,v028,1,64,50,794000,23316000,1116000,25226000,810000,23628000,1149000,25587000,1977551075025097523
5,0054.txt,256,v035,2,64,50,778000,23345000,980000,25103000,779000,23518000,996000,25293000,1977551075025097523
5,0054.txt,256,v036,0,64,50,785000,25333000,1065000,27183000,785000,26171000,1112000,28068000,1977551075025097523
5,0055.txt,288,v028,0,64,39,1319000,26074000,741000,28134000,1319000,26111000,749000,28179000,1917009490484356854
5,0055.txt,288,v035,1,64,39,1263000,27846000,690000,29799000,1264000,28250000,704000,30218000,1917009490484356854
5,0055.txt,288,v036,2,64,39,1268000,26629000,676000,28573000,1267000,26716000,681000,28664000,1917009490484356854
5,0056.txt,224,v028,2,64,39,469000,11801000,549000,12819000,469000,11832000,559000,12860000,6905413677133017825
5,0056.txt,224,v035,0,64,39,536000,12460000,477000,13473000,548000,12486000,486000,13520000,6905413677133017825
5,0056.txt,224,v036,1,64,39,474000,12091000,468000,13033000,474000,12108000,478000,13060000,6905413677133017825
5,0057.txt,256,v028,1,64,54,828000,19843000,989000,21660000,829000,20003000,1003000,21835000,10523818247767909617
5,0057.txt,256,v035,2,64,54,840000,19832000,885000,21557000,839000,19874000,899000,21612000,10523818247767909617
5,0057.txt,256,v036,0,64,54,886000,19815000,880000,21581000,899000,19859000,892000,21650000,10523818247767909617
5,0058.txt,256,v028,0,64,47,662000,22072000,1046000,23780000,661000,22236000,1107000,24004000,8747116303198179067
5,0058.txt,256,v035,1,64,47,643000,22694000,944000,24281000,643000,22832000,967000,24442000,8747116303198179067
5,0058.txt,256,v036,2,64,47,673000,22967000,965000,24605000,681000,23659000,973000,25313000,8747116303198179067
5,0059.txt,192,v028,2,64,47,111000,5341000,257000,5709000,112000,5377000,268000,5757000,8776027305845615921
5,0059.txt,192,v035,0,64,47,120000,5536000,217000,5873000,120000,5583000,227000,5930000,8776027305845615921
5,0059.txt,192,v036,1,64,47,124000,5860000,224000,6208000,124000,5992000,232000,6348000,8776027305845615921
5,0060.txt,224,v028,1,64,40,242000,12032000,535000,12809000,243000,12174000,553000,12970000,9265774647566182347
5,0060.txt,224,v035,2,64,40,243000,12416000,485000,13144000,243000,12491000,501000,13235000,9265774647566182347
5,0060.txt,224,v036,0,64,40,237000,12410000,491000,13138000,238000,12592000,504000,13334000,9265774647566182347
5,0061.txt,192,v028,0,64,47,746000,19129000,945000,20820000,748000,19446000,961000,21155000,9109783169076520820
5,0061.txt,192,v035,1,64,47,747000,18777000,808000,20332000,748000,19080000,812000,20640000,9109783169076520820
5,0061.txt,192,v036,2,64,47,727000,19491000,832000,21050000,728000,19676000,841000,21245000,9109783169076520820
5,0062.txt,224,v028,2,64,51,519000,17680000,698000,18897000,520000,17776000,719000,19015000,6235176586112113050
5,0062.txt,224,v035,0,64,51,628000,18438000,595000,19661000,696000,18829000,602000,20127000,6235176586112113050
5,0062.txt,224,v036,1,64,51,509000,17671000,587000,18767000,510000,17892000,607000,19009000,6235176586112113050
5,0063.txt,256,v028,1,64,43,570000,17694000,944000,19208000,570000,17881000,993000,19444000,2811221567898568818
5,0063.txt,256,v035,2,64,43,615000,18145000,786000,19546000,644000,18341000,800000,19785000,2811221567898568818
5,0063.txt,256,v036,0,64,43,568000,18014000,842000,19424000,569000,18173000,854000,19596000,2811221567898568818
5,0064.txt,224,v028,0,64,44,426000,7183000,614000,8223000,426000,7205000,639000,8270000,6923825489153610959
5,0064.txt,224,v035,1,64,44,452000,7233000,541000,8226000,453000,7257000,547000,8257000,6923825489153610959
5,0064.txt,224,v036,2,64,44,428000,7400000,556000,8384000,428000,7418000,571000,8417000,6923825489153610959
5,0065.txt,192,v028,2,64,43,191000,8374000,494000,9059000,192000,8388000,515000,9095000,17408032648247834609
5,0065.txt,192,v035,0,64,43,209000,9167000,475000,9851000,210000,9368000,488000,10066000,17408032648247834609
5,0065.txt,192,v036,1,64,43,212000,8736000,451000,9399000,212000,8782000,457000,9451000,17408032648247834609
5,0066.txt,224,v028,1,64,29,984000,24399000,1110000,26493000,984000,24766000,1225000,26975000,8875708553305440087
5,0066.txt,224,v035,2,64,29,955000,24731000,899000,26585000,956000,24984000,916000,26856000,8875708553305440087
5,0066.txt,224,v036,0,64,29,1017000,25743000,908000,27668000,1024000,26384000,921000,28329000,8875708553305440087
5,0067.txt,192,v028,0,64,37,343000,11478000,550000,12371000,343000,11566000,562000,12471000,1054547824349595996
5,0067.txt,192,v035,1,64,37,345000,11352000,518000,12215000,345000,11374000,538000,12257000,1054547824349595996
5,0067.txt,192,v036,2,64,37,365000,11324000,478000,12167000,366000,11334000,485000,12185000,1054547824349595996
5,0068.txt,352,v028,2,64,36,1903000,29981000,1065000,32949000,1903000,30020000,1074000,32997000,16704674484913076321
5,0068.txt,352,v035,0,64,36,1968000,30949000,1041000,33958000,1972000,31140000,1042000,34154000,16704674484913076321
5,0068.txt,352,v036,1,64,36,2011000,30940000,1027000,33978000,2014000,30975000,1039000,34028000,16704674484913076321
5,0069.txt,128,v028,1,64,55,255000,8952000,530000,9737000,256000,9134000,558000,9948000,10272637644074201381
5,0069.txt,128,v035,2,64,55,266000,8694000,412000,9372000,267000,8815000,438000,9520000,10272637644074201381
5,0069.txt,128,v036,0,64,55,253000,8259000,396000,8908000,253000,8323000,407000,8983000,10272637644074201381
5,0070.txt,320,v028,0,64,43,1253000,45980000,1526000,48759000,1253000,46073000,1546000,48872000,6636878282639228694
5,0070.txt,320,v035,1,64,43,1250000,48601000,1550000,51401000,1252000,49105000,1567000,51924000,6636878282639228694
5,0070.txt,320,v036,2,64,43,1916000,47423000,1446000,50785000,2205000,47578000,1464000,51247000,6636878282639228694
5,0071.txt,288,v028,2,64,34,1920000,40548000,1462000,43930000,2090000,49495000,1667000,53252000,5480489002906609640
5,0071.txt,288,v035,0,64,34,1253000,31874000,995000,34122000,1254000,31974000,1004000,34232000,5480489002906609640
5,0071.txt,288,v036,1,64,34,2080000,38089000,1284000,41453000,5005000,47353000,1809000,54167000,5480489002906609640
5,0072.txt,192,v028,1,64,53,149000,7919000,404000,8472000,149000,8034000,421000,8604000,3456405102086958663
5,0072.txt,192,v035,2,64,53,168000,7659000,354000,8181000,173000,7687000,366000,8226000,3456405102086958663
5,0072.txt,192,v036,0,64,53,149000,8535000,385000,9069000,148000,8893000,398000,9439000,3456405102086958663
5,0073.txt,160,v028,0,64,45,838000,15911000,762000,17511000,842000,16140000,798000,17780000,7837691528528546932
5,0073.txt,160,v035,1,64,45,808000,16026000,613000,17447000,810000,16200000,630000,17640000,7837691528528546932
5,0073.txt,160,v036,2,64,45,783000,15807000,621000,17211000,783000,15947000,654000,17384000,7837691528528546932
5,0074.txt,128,v028,2,64,40,222000,4928000,266000,5416000,222000,4940000,276000,5438000,11002935191480867671
5,0074.txt,128,v035,0,64,40,222000,5559000,215000,5996000,223000,5997000,229000,6449000,11002935191480867671
5,0074.txt,128,v036,1,64,40,227000,5097000,199000,5523000,228000,5115000,212000,5555000,11002935191480867671
5,0075.txt,288,v028,1,64,30,1052000,29454000,939000,31445000,1053000,29642000,944000,31639000,2583345268107875064
5,0075.txt,288,v035,2,64,30,1273000,31382000,955000,33610000,1326000,32143000,972000,34441000,2583345268107875064
5,0075.txt,288,v036,0,64,30,1239000,31734000,927000,33900000,1430000,32302000,940000,34672000,2583345268107875064
5,0076.txt,192,v028,0,64,52,805000,21031000,1020000,22856000,805000,21276000,1060000,23141000,14019256839176950374
5,0076.txt,192,v035,1,64,52,811000,20769000,847000,22427000,812000,20931000,862000,22605000,14019256839176950374
5,0076.txt,192,v036,2,64,52,949000,21508000,863000,23320000,1046000,21797000,879000,23722000,14019256839176950374
5,0077.txt,128,v028,2,64,55,178000,6824000,340000,7342000,180000,6898000,361000,7439000,17479160985738783937
5,0077.txt,128,v035,0,64,55,225000,6940000,258000,7423000,244000,6967000,267000,7478000,17479160985738783937
5,0077.txt,128,v036,1,64,55,180000,6742000,265000,7187000,179000,6790000,276000,7245000,17479160985738783937
5,0078.txt,224,v028,1,64,44,711000,15473000,890000,17074000,712000,15663000,911000,17286000,14185763832882636607
5,0078.txt,224,v035,2,64,44,904000,16534000,803000,18241000,1014000,17108000,867000,18989000,14185763832882636607
5,0078.txt,224,v036,0,64,44,743000,16179000,793000,17715000,743000,16351000,798000,17892000,14185763832882636607
5,0079.txt,160,v028,0,64,48,109000,4298000,278000,4685000,109000,4323000,284000,4716000,18107065893375765734
5,0079.txt,160,v035,1,64,48,97000,4616000,243000,4956000,97000,4668000,252000,5017000,18107065893375765734
5,0079.txt,160,v036,2,64,48,93000,4821000,273000,5187000,93000,4916000,306000,5315000,18107065893375765734
5,0080.txt,192,v028,2,64,48,534000,14582000,611000,15727000,534000,14595000,626000,15755000,7914294815535909058
5,0080.txt,192,v035,0,64,48,525000,15948000,540000,17013000,525000,16189000,595000,17309000,7914294815535909058
5,0080.txt,192,v036,1,64,48,539000,16042000,525000,17106000,539000,16269000,531000,17339000,7914294815535909058
5,0081.txt,256,v028,1,64,48,1659000,45636000,1222000,48517000,1660000,45664000,1230000,48554000,12611955559657520540
5,0081.txt,256,v035,2,64,48,1682000,46658000,1059000,49399000,1683000,46690000,1072000,49445000,12611955559657520540
5,0081.txt,256,v036,0,64,48,1670000,46993000,1075000,49738000,1671000,47024000,1085000,49780000,12611955559657520540
5,0082.txt,224,v028,0,64,43,1098000,22435000,1085000,24618000,1098000,22458000,1093000,24649000,15976384220259857970
5,0082.txt,224,v035,1,64,43,1123000,23053000,953000,25129000,1124000,23086000,965000,25175000,15976384220259857970
5,0082.txt,224,v036,2,64,43,1088000,24151000,1029000,26268000,1089000,24472000,1042000,26603000,15976384220259857970
5,0083.txt,160,v028,2,64,45,422000,11058000,537000,12017000,421000,11200000,577000,12198000,2709579689513296368
5,0083.txt,160,v035,0,64,45,632000,15810000,668000,17110000,701000,17241000,719000,18661000,2709579689513296368
5,0083.txt,160,v036,1,64,45,453000,11093000,427000,11973000,454000,11159000,438000,12051000,2709579689513296368
5,0084.txt,224,v028,1,64,29,1202000,18544000,749000,20495000,1201000,19998000,934000,22133000,8219160516625378647
5,0084.txt,224,v035,2,64,29,1217000,17724000,572000,19513000,1217000,18032000,582000,19831000,8219160516625378647
5,0084.txt,224,v036,0,64,29,1269000,18303000,604000,20176000,1273000,19069000,619000,20961000,8219160516625378647
5,0085.txt,256,v028,0,64,52,413000,10560000,750000,11723000,413000,10699000,765000,11877000,9843680023606892368
5,0085.txt,256,v035,1,64,52,398000,10282000,651000,11331000,399000,10316000,661000,11376000,9843680023606892368
5,0085.txt,256,v036,2,64,52,406000,10983000,685000,12074000,407000,11437000,702000,12546000,9843680023606892368
5,0086.txt,96,v028,2,64,41,145000,4493000,314000,4952000,146000,4528000,320000,4994000,1746008403728494063
5,0086.txt,96,v035,0,64,41,151000,4757000,251000,5159000,152000,4782000,260000,5194000,1746008403728494063
5,0086.txt,96,v036,1,64,41,144000,4685000,250000,5079000,144000,4745000,260000,5149000,1746008403728494063
5,0087.txt,224,v028,1,64,56,266000,8656000,499000,9421000,265000,8692000,509000,9466000,6062298770127305429
5,0087.txt,224,v035,2,64,56,275000,8764000,426000,9465000,275000,8831000,441000,9547000,6062298770127305429
5,0087.txt,224,v036,0,64,56,276000,9222000,474000,9972000,276000,9343000,500000,10119000,6062298770127305429
5,0088.txt,224,v028,0,64,51,393000,9867000,563000,10823000,394000,9907000,577000,10878000,1932990849624522106
5,0088.txt,224,v035,1,64,51,382000,10135000,480000,10997000,383000,10153000,493000,11029000,1932990849624522106
5,0088.txt,224,v036,2,64,51,385000,10436000,496000,11317000,384000,10486000,514000,11384000,1932990849624522106
5,0089.txt,320,v028,2,64,37,1164000,38333000,1053000,40550000,1163000,38437000,1062000,40662000,6980722571508482437
5,0089.txt,320,v035,0,64,37,1222000,38875000,1017000,41114000,1227000,38920000,1026000,41173000,6980722571508482437
5,0089.txt,320,v036,1,64,37,1163000,39779000,1008000,41950000,1163000,39818000,1017000,41998000,6980722571508482437
5,0090.txt,224,v028,1,64,36,230000,8293000,473000,8996000,231000,8352000,479000,9062000,17418676575136399411
5,0090.txt,224,v035,2,64,36,232000,8445000,434000,9111000,232000,8451000,438000,9121000,17418676575136399411
5,0090.txt,224,v036,0,64,36,235000,8603000,444000,9282000,236000,8623000,448000,9307000,17418676575136399411
5,0091.txt,128,v028,0,64,49,258000,5788000,336000,6382000,258000,5805000,343000,6406000,6905654600788291276
5,0091.txt,128,v035,1,64,49,248000,5787000,248000,6283000,247000,5809000,258000,6314000,6905654600788291276
5,0091.txt,128,v036,2,64,49,253000,5781000,249000,6283000,253000,5794000,261000,6308000,6905654600788291276
5,0092.txt,320,v028,2,64,34,2557000,42505000,1709000,46771000,2586000,42552000,1725000,46863000,17892104883127441197
5,0092.txt,320,v035,0,64,34,2277000,43371000,1643000,47291000,2278000,43408000,1661000,47347000,17892104883127441197
5,0092.txt,320,v036,1,64,34,2356000,44407000,1708000,48471000,2390000,44975000,1732000,49097000,17892104883127441197
5,0093.txt,128,v028,1,63,60,165000,6782000,540000,7487000,229000,8630000,633000,9492000,9403735909905401337
5,0093.txt,128,v035,2,63,60,136000,8614000,613000,9363000,158000,10232000,696000,11086000,9403735909905401337
5,0093.txt,128,v036,0,63,60,124000,7168000,472000,7764000,125000,7749000,525000,8399000,9403735909905401337
5,0094.txt,288,v028,0,64,59,468000,11316000,743000,12527000,525000,15003000,853000,16381000,15807896437645640352
5,0094.txt,288,v035,1,64,59,277000,9560000,549000,10386000,279000,9787000,575000,10641000,15807896437645640352
5,0094.txt,288,v036,2,64,59,289000,8589000,488000,9366000,289000,8835000,490000,9614000,15807896437645640352
5,0095.txt,192,v028,2,64,40,872000,20716000,746000,22334000,872000,21123000,810000,22805000,14558885443859604524
5,0095.txt,192,v035,0,64,40,967000,20451000,638000,22056000,1012000,20713000,669000,22394000,14558885443859604524
5,0095.txt,192,v036,1,64,40,851000,21113000,594000,22558000,852000,21265000,604000,22721000,14558885443859604524
5,0096.txt,160,v028,1,64,62,192000,7189000,420000,7801000,193000,7352000,434000,7979000,9102786252669791947
5,0096.txt,160,v035,2,64,62,201000,6778000,281000,7260000,201000,6801000,306000,7308000,9102786252669791947
5,0096.txt,160,v036,0,64,62,210000,7009000,300000,7519000,211000,7056000,319000,7586000,9102786252669791947
5,0097.txt,288,v028,0,64,36,1379000,46642000,1718000,49739000,1379000,47561000,1730000,50670000,2803104666536711401
5,0097.txt,288,v035,1,64,36,1374000,44808000,1535000,47717000,1375000,44842000,1559000,47776000,2803104666536711401
5,0097.txt,288,v036,2,64,36,1366000,44197000,1589000,47152000,1366000,44249000,1598000,47213000,2803104666536711401
5,0098.txt,160,v028,2,64,55,269000,7658000,600000,8527000,271000,7671000,622000,8564000,9847453008769540877
5,0098.txt,160,v035,0,64,55,283000,7902000,499000,8684000,283000,7929000,509000,8721000,9847453008769540877
5,0098.txt,160,v036,1,64,55,293000,7563000,487000,8343000,292000,7581000,511000,8384000,9847453008769540877
5,0099.txt,256,v028,1,64,38,528000,12677000,499000,13704000,528000,12702000,510000,13740000,446694983656461108
5,0099.txt,256,v035,2,64,38,489000,13157000,477000,14123000,488000,13191000,485000,14164000,446694983656461108
5,0099.txt,256,v036,0,64,38,503000,13188000,466000,14157000,503000,13206000,475000,14184000,446694983656461108
