new_rank,old_rank,ids,size,gross_removed,broken_support_jumps,original_priority,priority,expanded_ids,expanded_broken,expanded_gross,tested,extract_status,net_removed,insert_status,final_T,extract_ms,insert_ms
0,3,240 243 245 247 248 256 260,7,16,1,5.0326820019361129,4.7229784941246598,240 243 245 247 248 256 260,1,16,1,ok,15,failed,-1,0.015999999999999955,1.3819999999999995
1,8,240 243 245 247 256 260,6,16,1,4.9566321179915462,4.6516086030382207,82 240 243 245 247 256 260 267,1,17,1,ok,15,failed,-1,0.012999999999999991,1.0249999999999999
2,29,238 254 267 281 283,5,12,0,4.273264416321747,4.273264416321747,238 254 267 281 283,0,12,1,ok,12,ok,463,0.0099999999999995925,0.84800000000000064
3,10,225 228 240 243 245 256 257 259,8,17,2,4.8201257861233922,4.2612706225148829,225 228 240 243 245 256 257 259,2,17,1,ok,14,ok,463,0.015000000000000256,1.157
4,7,2 19 28 30 35 44 58 72,8,20,3,4.9940091139550162,4.2541559118876071,2 19 28 30 35 44 58 72,3,20,1,ok,11,failed,-1,0.01899999999999992,0.58799999999999997
5,6,82 122 125 197 202 219 267,7,18,3,5.0072530948321594,4.1841429970515307,82 122 125 197 202 219 267,3,18,1,ok,13,failed,-1,0.013999999999998389,0.61500000000000099
6,1,2 5 6 7 19 23 35 36,8,21,4,5.144370593310164,4.1760184816282511,2 5 6 7 19 23 35 36,4,21,1,ok,15,failed,-1,0.016999999999999654,1.0230000000000012
7,5,19 28 30 44 58 71 72,7,16,3,5.0091479106427368,4.0843821425240776,19 28 30 44 58 71 72,3,16,1,ok,10,failed,-1,0.016999999999999654,1.0790000000000002
8,18,228 240 243 245 256 257 260,7,16,2,4.5715607421757767,4.0089071123695268,228 240 243 245 256 257 260,2,16,1,ok,14,failed,-1,0.013000000000000858,1.0739999999999985
9,41,167 169 181 191 195 196 211 212,8,14,0,3.9202948990232693,3.9202948990232693,167 169 181 191 195 196 211 212,0,14,1,ok,14,failed,-1,0.0090000000000003272,0.72999999999999976
10,43,238 254 267 283,4,10,0,3.8983891030212545,3.8983891030212545,238 254 267 283,0,10,1,ok,10,ok,460,0.0080000000000010618,1.1209999999999987
11,57,225 240 245 256 259,5,11,0,3.7429909371479853,3.7429909371479853,225 240 245 256 259,0,11,1,ok,11,ok,460,0.0090000000000003272,0.76699999999999857
12,12,15 31 46 48 49 50 61 62,8,18,4,4.7834657222604617,3.7350348790252919,15 31 46 48 49 50 61 62,4,18,1,ok,3,failed,-1,0.019000000000001654,0.059000000000000025
13,35,240 243 245 256 260,5,11,1,4.0988858274562618,3.7345404205712609,82 240 243 245 256 260 267,1,12,1,ok,10,failed,-1,0.0099999999999995925,0.75800000000000178
14,40,160 238 240 243 245 247 260 267,8,16,1,3.9225960801598538,3.6812055521500171,160 238 240 243 245 247 260 267,1,16,1,ok,14,failed,-1,0.011000000000000593,1.0860000000000001
15,68,240 245 256,3,7,0,3.6466894922599709,3.6466894922599709,240 245 256,0,7,1,ok,7,ok,459,0.0070000000000000617,0.74800000000000211
16,25,19 28 30 44 58 71 72 131,8,18,3,4.3254339157631669,3.6144036830349746,19 28 30 44 58 71 72 131,3,18,1,ok,12,failed,-1,0.026999999999999247,1.1369999999999991
17,9,51 65 66 69 78 116 130 158,8,17,5,4.8935189252149209,3.4751076425439296,51 65 66 69 78 116 130 158,5,17,1,ok,5,failed,-1,0.019000000000001654,0.38999999999999801
18,11,2 5 6 7 19 35,6,14,4,4.7862537774902263,3.4427439452122681,2 5 6 7 19 35 36 68,2,17,1,ok,7,failed,-1,0.014999999999997654,0.55400000000000238
19,2,11 14 38 41 55 96 144,7,18,6,5.0852533042187416,3.413389204201621,11 14 38 41 55 80 96 144,7,20,1,ok,7,failed,-1,0.025000000000000716,0.63600000000000112
20,13,2 5 6 7 19 23 35,7,18,5,4.6620159222875959,3.3847512860444189,2 5 6 7 19 23 35 68,4,20,1,ok,11,failed,-1,0.016000000000002124,0.35299999999999915
21,4,11 14 38 41 55 96 144 202,8,18,6,5.0196335641473935,3.3693430773044142,11 14 38 41 55 96 144 202,6,18,1,ok,7,failed,-1,0.021000000000000185,0.63599999999999768
22,95,2,1,3,0,3.2926256253466151,3.2926256253466151,2,0,3,1,ok,3,ok,459,0.0070000000000000617,0.092999999999999333
23,97,238 254 267,3,7,0,3.2810333489640868,3.2810333489640868,238 254 267,0,7,1,ok,7,ok,459,0.0080000000000010618,0.5649999999999995
24,19,5 7 15 49 50 77 94 127,8,17,5,4.5704411323813012,3.2456755867635327,5 7 15 49 50 77 94 127,5,17,1,ok,10,failed,-1,0.019999999999999185,0.74500000000000255
25,0,11 14 38 41 55 96 144 232,8,19,8,5.4325149784350897,3.1748464159685588,11 14 38 41 55 96 144 232,8,19,1,ok,4,failed,-1,0.026000000000001716,0.39799999999999902
26,39,60 73 105 121,4,10,2,3.924992990573513,3.1591406997299005,60 71 73 105 121 131 183 269,4,16,1,ok,5,failed,-1,0.012000000000001593,0.54399999999999937
27,116,60 105 147,3,6,0,3.1543366650126119,3.1543366650126119,60 105 147,0,6,1,ok,6,ok,461,0.0080000000000010618,0.54599999999999782
28,54,90 93 112 126 166 167 168,7,12,2,3.7488816845218977,3.1368193686815879,90 93 112 126 166 167 168,2,12,1,ok,6,failed,-1,0.011000000000000593,0.55600000000000094
29,44,122 125 197 202 219,5,10,2,3.8907376338076221,3.131569315015891,93 112 122 125 126 197 202 219,2,15,1,ok,7,failed,-1,0.0099999999999995925,0.55600000000000094
30,31,27 82 99 115 238 243 260 267,8,15,4,4.2362086694707184,3.1250719692816769,27 82 99 115 238 243 260 267,4,15,1,ok,5,failed,-1,0.014000000000000123,0.54999999999999838
31,55,205 220 236 238 254 267,6,11,2,3.7482861005224817,3.0819241270962627,205 220 236 238 240 245 254 267,1,15,1,ok,4,failed,-1,0.013000000000002593,0.42099999999999776
32,17,2 19 28 30 35 58 146,7,15,5,4.5751699340048253,3.0751142179376694,2 19 28 30 35 58 68 146,4,16,1,ok,-2,failed,-1,0.016999999999999654,0.046999999999998432
33,22,2 19 28 30 35 58,6,13,4,4.3994233631030824,3.0712955553738501,2 19 28 30 35 58 68,3,14,1,ok,1,failed,-1,0.011999999999998123,0.13099999999999917
34,28,11 27 38 39 41 54 55 57,8,17,5,4.2871773459820179,3.0445172456973748,11 27 38 39 41 54 55 57,5,17,1,ok,5,failed,-1,0.021000000000000185,0.20799999999999985
35,151,225 240 256,3,6,0,2.9566222643584394,2.9566222643584394,225 240 256,0,6,0,not_tested,0,not_tested,-1,0,0
36,14,11 14 38 41 55 96 144 273,8,19,7,4.6282728148363264,2.9452645185322077,11 14 38 41 55 96 144 273,7,19,1,ok,7,failed,-1,0.022999999999998716,0.68800000000000106
37,157,240 245 247,3,6,0,2.9238360215431252,2.9238360215431252,240 245 247,0,6,0,not_tested,0,not_tested,-1,0,0
38,24,11 14 38 41 55 96 144 276,8,18,6,4.3477068146853206,2.9183237523230234,11 14 38 41 55 96 144 276,6,18,1,ok,7,failed,-1,0.018999999999998185,0.57800000000000207
39,110,19 28 30 44 58 72,6,11,1,3.18076287466983,2.8980283969214007,19 28 30 44 58 72,1,11,0,not_tested,0,not_tested,-1,0,0
40,114,90 93 112 126 166 168 193,7,11,1,3.1621058353551588,2.8810297611013667,90 93 112 126 166 168 193,1,11,0,not_tested,0,not_tested,-1,0,0
41,33,2 6 19 23 35 68,6,13,4,4.1169470762117877,2.8740951286761538,2 6 19 23 35 44 68 72,4,16,0,not_tested,0,not_tested,-1,0,0
42,125,90 93 112 126 166 168 193 210,8,13,1,3.1062575927786766,2.8718230574746255,90 93 112 126 166 168 193 210,1,13,0,not_tested,0,not_tested,-1,0,0
43,75,240 243 245 256 260 262,6,11,2,3.4834088938454499,2.8641362016062586,82 240 243 245 256 260 262 267,2,12,0,not_tested,0,not_tested,-1,0,0
44,126,90 93 112 126 166 168 192 193,8,11,1,3.1058878426690777,2.8298089233207153,90 93 112 126 166 168 192 193,1,11,0,not_tested,0,not_tested,-1,0,0
45,58,60 105 132 133 147 175 176,7,12,3,3.7382752412387625,2.8227792637925355,60 105 132 133 147 175 176,3,12,0,not_tested,0,not_tested,-1,0,0
46,16,11 14 38 41 55 96 144 159,8,18,7,4.5773801202442099,2.8216726768628688,11 14 38 41 55 96 144 159,7,18,1,ok,6,failed,-1,0.022999999999998716,0.65200000000000324
47,48,54 76 81 90 91 93 112 126,8,15,4,3.8202011590253369,2.8181811828875434,54 76 81 90 91 93 112 126,4,15,0,not_tested,0,not_tested,-1,0,0
48,59,122 125 127 197 202 219,6,12,3,3.7310394830937761,2.8173155280504019,122 125 127 197 202 219,3,12,0,not_tested,0,not_tested,-1,0,0
49,72,90 93 112 126 167 168,6,10,2,3.4975314597218907,2.8150862968493264,90 93 112 126 167 168,2,10,0,not_tested,0,not_tested,-1,0,0
50,47,99 115 238 243 260 267,6,11,3,3.8280640800151224,2.8072469920110898,82 99 115 238 243 260 267,3,13,0,not_tested,0,not_tested,-1,0,0
51,76,60 73 105 120 121,5,10,2,3.4774558239876772,2.7989278583315453,60 71 73 105 120 121 131 183,5,19,0,not_tested,0,not_tested,-1,0,0
52,67,236 238 254 267,4,8,2,3.647666925534391,2.763384034495751,236 238 240 245 254 267,1,12,0,not_tested,0,not_tested,-1,0,0
53,86,39 57,2,5,1,3.4057257024685397,2.7570160448554843,39 54 57 81 225 240 256,1,14,0,not_tested,0,not_tested,-1,0,0
54,50,11 38 39 41 54 55 57 81,8,14,4,3.799255782501664,2.7327980189924248,11 38 39 41 54 55 57 81,4,14,0,not_tested,0,not_tested,-1,0,0
55,93,39 57 137 153 161 170 182,7,11,2,3.3096708176840131,2.7212848945401888,39 57 137 153 161 170 182,2,11,0,not_tested,0,not_tested,-1,0,0
56,21,11 14 38 41 55 96 144 216,8,18,7,4.4118695958779757,2.7196456412946421,11 14 38 41 55 96 144 216,7,18,1,ok,3,failed,-1,0.021999999999994246,0.55400000000000582
57,144,90 93 112 126 168 193 210,7,10,1,3.0079924536334652,2.7145297752302007,90 93 112 126 168 193 210,1,10,0,not_tested,0,not_tested,-1,0,0
58,23,11 14 38 41 55 96 144 246,8,18,7,4.3618825394885778,2.6888317024244652,11 14 38 41 55 96 144 246,7,18,1,failed,0,not_tested,-1,0.029999999999995308,0
59,92,39 57 137 153 170 182,6,10,2,3.3131772618763753,2.6667036498029364,39 54 57 81 137 153 170 182,3,13,0,not_tested,0,not_tested,-1,0,0
60,80,82 99 115 238 243 260 267,7,13,3,3.4390090844447125,2.6603655181553436,82 99 115 238 243 260 267,3,13,0,not_tested,0,not_tested,-1,0,0
61,207,240 243 245,3,5,0,2.6372973173246974,2.6372973173246974,240 243 245,0,5,0,not_tested,0,not_tested,-1,0,0
62,30,11 14 38 41 55 96 144 274,8,18,7,4.2595699700135379,2.6257623102823171,11 14 38 41 55 96 144 274,7,18,1,ok,5,failed,-1,0.018999999999998185,0.43300000000000283
63,213,19 169,2,4,0,2.6158294801194337,2.6158294801194337,19 169,0,4,0,not_tested,0,not_tested,-1,0,0
64,102,2 19,2,5,1,3.227095262518342,2.6124104506100867,2 14 19 29 43 44 72,4,12,0,not_tested,0,not_tested,-1,0,0
65,64,115 238 243 260 267,5,10,3,3.6648696150125328,2.5922248496430109,82 115 238 243 260 267,3,11,0,not_tested,0,not_tested,-1,0,0
66,63,11 27 38 39 41 55 57,7,13,4,3.7052960701250295,2.5867161244269079,11 27 38 39 41 55 57 80,5,15,0,not_tested,0,not_tested,-1,0,0
67,218,60 105,2,4,0,2.5864436115875113,2.5864436115875113,60 105,0,4,0,not_tested,0,not_tested,-1,0,0
68,15,107 122 124 135 137 151 152 153,8,18,8,4.6047943302479739,2.5862543498653006,107 122 124 135 137 151 152 153,8,18,1,ok,3,failed,-1,0.023000000000002185,0.24599999999999622
69,220,240 245,2,4,0,2.5681540530613569,2.5681540530613569,240 245,0,4,0,not_tested,0,not_tested,-1,0,0
70,124,160 238 243 247 260 267,6,10,2,3.1148495796347735,2.5070740519011592,82 160 238 243 247 260 267,2,11,0,not_tested,0,not_tested,-1,0,0
71,233,19,1,2,0,2.4707309599768275,2.4707309599768275,19,0,2,0,not_tested,0,not_tested,-1,0,0
72,127,54 81 224 225 240 256,6,9,2,3.1044639494318753,2.4332285009060644,54 81 224 225 240 256,2,9,0,not_tested,0,not_tested,-1,0,0
73,197,90 93 112 126 168 193,6,9,1,2.7250692651074955,2.4304671823931718,90 93 112 126 168 193,1,9,0,not_tested,0,not_tested,-1,0,0
74,71,19 73 101 117 120 121 131,7,12,4,3.6032922993905934,2.4267070587732569,19 71 73 101 117 120 121 131,7,16,0,not_tested,0,not_tested,-1,0,0
75,107,238 243 260 267,4,8,2,3.1978026632564029,2.4225777751942448,82 238 240 243 245 247 260 267,1,17,0,not_tested,0,not_tested,-1,0,0
76,243,169 181 191 196 211 212,6,8,0,2.4183709445786961,2.4183709445786961,169 181 191 196 211 212,0,8,0,not_tested,0,not_tested,-1,0,0
77,246,169 181 196 211 212,5,6,0,2.4085498767351421,2.4085498767351421,169 181 196 211 212,0,6,0,not_tested,0,not_tested,-1,0,0
78,179,122 197 202 219,4,7,1,2.7850434716462611,2.4008995445226389,122 197 202 219,1,7,0,not_tested,0,not_tested,-1,0,0
79,49,2 6 23 29 35 39 57 171,8,16,6,3.8058630757682379,2.4006213247153503,2 6 23 29 35 39 57 171,6,16,0,not_tested,0,not_tested,-1,0,0
80,117,161 190 202 204 206 207 208 219,8,12,3,3.1485894164488704,2.3775062940532283,161 190 202 204 206 207 208 219,3,12,0,not_tested,0,not_tested,-1,0,0
81,168,2 5 19,3,6,1,2.8218598374104045,2.3703622634247399,2 5 14 19 29 43 44 72,4,13,0,not_tested,0,not_tested,-1,0,0
82,89,27 99 115 240 245 247,6,10,3,3.3281855563524472,2.3540824666883164,27 82 99 115 240 245 247 267,3,11,0,not_tested,0,not_tested,-1,0,0
83,115,90 93 112 126 168 193 210 224,8,11,3,3.1549797216934796,2.3136517959085521,90 93 112 126 168 193 210 224,3,11,0,not_tested,0,not_tested,-1,0,0
84,202,240 245 248 256,4,7,1,2.6793846148246878,2.3098143231247308,240 243 245 247 248 256 260,1,16,0,not_tested,0,not_tested,-1,0,0
85,136,160 238 243 260 267,5,8,2,3.046114980342193,2.3076628638956009,82 160 238 243 260 267,2,9,0,not_tested,0,not_tested,-1,0,0
86,167,72 105 121,3,5,1,2.8253627219354964,2.2871983939477825,72 101 105 121 160 163 206,3,11,0,not_tested,0,not_tested,-1,0,0
87,169,44 60 72,3,5,1,2.8192129181623122,2.2822199813694906,14 29 43 44 60 72,4,9,0,not_tested,0,not_tested,-1,0,0
88,73,60 105 132 133 147 159 175 176,8,14,5,3.4948954306946671,2.2686163322053101,60 105 132 133 147 159 175 176,5,14,0,not_tested,0,not_tested,-1,0,0
89,90,38 39 57,3,6,2,3.3205500429542267,2.2579740292088744,36 38 39 54 57 81 141,3,12,0,not_tested,0,not_tested,-1,0,0
90,34,51 65 66 69 78 116 130,7,13,6,4.1051184365447329,2.246196880373533,51 65 66 69 78 116 130 158,5,17,0,not_tested,0,not_tested,-1,0,0
91,188,190 207 208,3,5,1,2.7579902676928922,2.232658788132341,190 207 208,1,5,0,not_tested,0,not_tested,-1,0,0
92,53,161 190 204 205 206 207 208,7,12,5,3.7610480129104853,2.2259263749878389,161 190 204 205 206 207 208,5,12,0,not_tested,0,not_tested,-1,0,0
93,295,211 256,2,3,0,2.2181604683888727,2.2181604683888727,211 256,0,3,0,not_tested,0,not_tested,-1,0,0
94,296,35,1,2,0,2.2151374367180598,2.2151374367180598,35,0,2,0,not_tested,0,not_tested,-1,0,0
95,135,228 243 245 257,4,7,2,3.0493356732396371,2.2081396254493924,228 240 243 245 256 257 260,2,16,0,not_tested,0,not_tested,-1,0,0
96,159,169 181 191 196 201 211 212 232,8,12,3,2.9160735776612463,2.2019331096625736,169 181 191 196 201 211 212 232,3,12,0,not_tested,0,not_tested,-1,0,0
97,99,60 105 132 133 147 163 175 176,8,12,4,3.2658845245348749,2.1994732512173649,60 105 132 133 147 163 175 176,4,12,0,not_tested,0,not_tested,-1,0,0
98,212,93 112 125 126,4,6,1,2.6160422555280491,2.1974754946435611,54 76 81 91 93 112 125 126,4,11,0,not_tested,0,not_tested,-1,0,0
99,301,238 254,2,3,0,2.1967999966536551,2.1967999966536551,238 254,0,3,0,not_tested,0,not_tested,-1,0,0
100,103,190 205 206 207 208,5,9,3,3.2216415352939096,2.1767848211445338,190 205 206 207 208 240 245,2,13,0,not_tested,0,not_tested,-1,0,0
101,20,2 19 28 30 35 58 66 146,8,17,9,4.5388826457332074,2.1707699610028381,2 19 28 30 35 58 66 146,9,17,1,failed,0,not_tested,-1,0.024999999999997247,0
102,308,211 225 256,3,4,0,2.1702656724227603,2.1702656724227603,211 225 256,0,4,0,not_tested,0,not_tested,-1,0,0
103,56,6 61 62 80 154 171 214 227,8,14,6,3.7441975295068679,2.167693306556608,6 61 62 80 154 171 214 227,6,14,0,not_tested,0,not_tested,-1,0,0
104,311,256,1,2,0,2.1627392428725623,2.1627392428725623,256,0,2,0,not_tested,0,not_tested,-1,0,0
105,313,211 212,2,3,0,2.1610379401293396,2.1610379401293396,211 212,0,3,0,not_tested,0,not_tested,-1,0,0
106,317,188 206,2,3,0,2.1521908715760407,2.1521908715760407,188 206,0,3,0,not_tested,0,not_tested,-1,0,0
107,137,28 30 44 58 71 72,6,10,3,3.0419591757328481,2.1516296608842094,28 30 44 58 71 72,3,10,0,not_tested,0,not_tested,-1,0,0
108,240,90 93 112 126 166 168,6,8,1,2.4389957635298933,2.143359913405058,90 93 112 126 166 168,1,8,0,not_tested,0,not_tested,-1,0,0
109,142,31 46 48 61 62 80 140,7,10,3,3.0251243828120713,2.1397221244280509,31 46 48 61 62 80 140,3,10,0,not_tested,0,not_tested,-1,0,0
110,321,256 269,2,3,0,2.1370598612591003,2.1370598612591003,256 269,0,3,0,not_tested,0,not_tested,-1,0,0
111,244,169 181 191 196 211 212 216,7,8,1,2.4114580590854287,2.1191601125296189,169 181 191 196 211 212 216,1,8,0,not_tested,0,not_tested,-1,0,0
112,121,11 38 39 41 55 57,6,9,3,3.1352921540772849,2.1184406446468143,11 38 39 41 55 57 80,4,11,0,not_tested,0,not_tested,-1,0,0
113,158,19 101 117 131,4,7,2,2.922857931906357,2.1165522955183964,19 101 117 131 160 163 206,4,12,0,not_tested,0,not_tested,-1,0,0
114,328,60,1,2,0,2.1161957649706706,2.1161957649706706,60,0,2,0,not_tested,0,not_tested,-1,0,0
115,120,6 23 161 184 190 204 207 208,8,12,4,3.1357230965088605,2.1118135139753549,6 23 161 184 190 204 207 208,4,12,0,not_tested,0,not_tested,-1,0,0
116,123,161 190 204 206 207 208,6,9,3,3.1188569854180903,2.1073358009581691,161 190 202 204 206 207 208 219,3,12,0,not_tested,0,not_tested,-1,0,0
117,332,169 181 196 211 212 237,6,6,0,2.1043163817897148,2.1043163817897148,169 181 196 211 212 237,0,6,0,not_tested,0,not_tested,-1,0,0
118,201,19 28 30 58 169 196 237,7,9,2,2.6809998255972247,2.1013241876302571,19 28 30 58 169 196 237,2,9,0,not_tested,0,not_tested,-1,0,0
119,69,60 71 73 105 121 135 151 155,8,14,6,3.6261482199467081,2.0993489694428313,60 71 73 105 121 135 151 155,6,14,0,not_tested,0,not_tested,-1,0,0
120,334,225 256 269,3,4,0,2.0989308632663679,2.0989308632663679,225 256 269,0,4,0,not_tested,0,not_tested,-1,0,0
121,78,2 5 6 19 35,5,10,4,3.4412631328299832,2.0983311785548677,2 5 6 19 35 44 68 72,3,14,0,not_tested,0,not_tested,-1,0,0
122,185,167 191 195 211 212,5,8,2,2.760402825715937,2.0912142619060132,167 169 181 191 195 196 211 212,0,14,0,not_tested,0,not_tested,-1,0,0
123,152,15 31 46 48 61 62,6,10,3,2.9512300715409268,2.0874554164557777,15 31 46 48 61 62 140,2,12,0,not_tested,0,not_tested,-1,0,0
124,340,206,1,2,0,2.0691180237594144,2.0691180237594144,206,0,2,0,not_tested,0,not_tested,-1,0,0
125,61,2 6 19 23 35,5,11,5,3.724259894527342,2.0690332747374125,2 6 19 23 35 44 68 72,4,16,0,not_tested,0,not_tested,-1,0,0
126,344,122,1,2,0,2.0514974818623588,2.0514974818623588,122,0,2,0,not_tested,0,not_tested,-1,0,0
127,255,90 93 112 126 168,5,7,1,2.3747981448795792,2.0472397800686033,90 93 112 126 168,1,7,0,not_tested,0,not_tested,-1,0,0
128,147,19 28 169,3,6,2,2.9983912168813474,2.038906027479316,14 19 28 29 43 44 72 169,4,13,0,not_tested,0,not_tested,-1,0,0
129,38,107 122 124 135 151 152 153,7,14,7,3.9983817905195038,2.0342644197379935,107 122 124 135 137 151 152 153,8,18,0,not_tested,0,not_tested,-1,0,0
130,177,38 39 55 57,4,7,2,2.7892983237392239,2.0198367171904721,36 38 39 54 55 57 81 141,3,13,0,not_tested,0,not_tested,-1,0,0
131,277,90 93 112 126 166 168 192,7,8,1,2.2731857425782462,1.9976480768111862,90 93 112 126 166 168 192,1,8,0,not_tested,0,not_tested,-1,0,0
132,357,190 208,2,3,0,1.9952640797578651,1.9952640797578651,190 208,0,3,0,not_tested,0,not_tested,-1,0,0
133,369,277 278,2,3,0,1.9797575957702198,1.9797575957702198,277 278,0,3,0,not_tested,0,not_tested,-1,0,0
134,258,90 93 112 126,4,6,1,2.3564014559626409,1.9793772230086182,54 76 81 90 91 93 112 126,4,15,0,not_tested,0,not_tested,-1,0,0
135,219,105 121,2,4,1,2.5849735654034087,1.9767444911908416,29 43 101 105 121 160 163 206,4,11,0,not_tested,0,not_tested,-1,0,0
136,113,36 205 220 236 254 280 281 283,8,13,5,3.1632735914535934,1.9695854437352562,36 205 220 236 254 280 281 283,5,13,0,not_tested,0,not_tested,-1,0,0
137,52,2 35,2,6,3,3.7693268775736053,1.9600499763382748,2 19 35 44 68 72,2,12,0,not_tested,0,not_tested,-1,0,0
138,119,107 124 205 220 236 238 254 267,8,13,5,3.1432814239098832,1.957137490358984,107 124 205 220 236 238 254 267,5,13,0,not_tested,0,not_tested,-1,0,0
139,266,28 30 44 58 72,5,6,1,2.3203365508367768,1.9490827027028923,14 28 29 30 43 44 58 72,4,13,0,not_tested,0,not_tested,-1,0,0
140,377,19 68,2,3,0,1.9432972555619639,1.9432972555619639,19 68,0,3,0,not_tested,0,not_tested,-1,0,0
141,378,240 256,2,3,0,1.9429814824988447,1.9429814824988447,240 256,0,3,0,not_tested,0,not_tested,-1,0,0
142,381,101 131,2,3,0,1.926809638072835,1.926809638072835,101 131,0,3,0,not_tested,0,not_tested,-1,0,0
143,230,19 35,2,4,1,2.5045205273021467,1.9152215797016414,14 19 29 35 43 44 72,4,11,0,not_tested,0,not_tested,-1,0,0
144,106,161 184 190 201 204 207 208 232,8,12,5,3.2068260707998273,1.8979174704733672,161 184 190 201 204 207 208 232,5,12,0,not_tested,0,not_tested,-1,0,0
145,85,11 38 39 41 54 55 57,7,11,5,3.4063169750521363,1.8923983194734091,11 38 39 41 54 55 57 81,4,14,0,not_tested,0,not_tested,-1,0,0
146,128,31 46 48 61 62 80 122,7,10,4,3.0994916972178252,1.8899339617181861,31 46 48 61 62 80 122 140,3,12,0,not_tested,0,not_tested,-1,0,0
147,131,5 7 15 49 50 77 94,7,10,4,3.0797070398389277,1.8778701462432486,5 7 15 49 50 77 94 127,5,17,0,not_tested,0,not_tested,-1,0,0
148,251,76 166 192 210 225 240 256 259,8,9,2,2.3955309311358617,1.8775782973767565,76 166 192 210 225 240 256 259,2,9,0,not_tested,0,not_tested,-1,0,0
149,216,19 68 238 243 260,5,7,2,2.5912376798902268,1.8764134923343023,19 68 82 238 243 260 267,3,13,0,not_tested,0,not_tested,-1,0,0
150,161,27 71 99 115 240 245 247,7,11,4,2.8894061461086071,1.8620617386033249,27 71 99 115 240 245 247,4,11,0,not_tested,0,not_tested,-1,0,0
151,141,161 184 190 201 204 207 208,7,10,4,3.0299321605692118,1.8475196101031779,161 184 190 201 204 207 208,4,10,0,not_tested,0,not_tested,-1,0,0
152,164,132 133 163 175 176 240 245 247,8,11,4,2.8632068834706015,1.8451777693477212,132 133 163 175 176 240 245 247,4,11,0,not_tested,0,not_tested,-1,0,0
153,241,31 46 48 140 197 202 219,7,8,2,2.4341218625674803,1.8440317140662725,31 46 48 140 197 202 219,2,8,0,not_tested,0,not_tested,-1,0,0
154,94,5 7 15 50 77 94 127,7,11,5,3.3018926462855553,1.8343848034919752,5 7 15 31 50 77 94 127,6,13,0,not_tested,0,not_tested,-1,0,0
155,200,167 191 211 212,4,6,2,2.684739679998255,1.8256229823988135,167 169 181 191 196 211 212,0,11,0,not_tested,0,not_tested,-1,0,0
156,222,19 27 68 99 115 238 243 260,8,10,3,2.5486512938928936,1.8027045737291199,19 27 68 99 115 238 243 260,3,10,0,not_tested,0,not_tested,-1,0,0
157,46,51 65 66 69 78 116,6,11,6,3.8286953245951789,1.7867244848110837,51 65 66 69 78 116 130 158,5,17,0,not_tested,0,not_tested,-1,0,0
158,191,93 112 125 126 127,5,8,3,2.7484596619372104,1.7490197848691338,93 112 125 126 127,3,8,0,not_tested,0,not_tested,-1,0,0
159,275,243 247 260,3,4,1,2.2759703725075364,1.7404479319175279,82 243 247 260 267,1,5,0,not_tested,0,not_tested,-1,0,0
160,66,65 132 133 147 159 175 176 188,8,15,8,3.65562997350245,1.7379224464191976,65 132 133 147 159 175 176 188,8,15,0,not_tested,0,not_tested,-1,0,0
161,37,107 122 124 135 151 152,6,12,7,4.0535954034613519,1.7372551729120078,107 122 124 135 151 152 155,7,17,0,not_tested,0,not_tested,-1,0,0
162,87,14 28 29 30 43 44,6,10,5,3.3557971483699962,1.7188229296529249,14 28 29 30 43 44 72,4,12,0,not_tested,0,not_tested,-1,0,0
163,26,2 35 49 167 262 273 277 278,8,18,11,4.3238442241838397,1.7176915411141283,2 35 49 167 262 273 277 278,11,18,1,failed,0,not_tested,-1,0.029000000000001247,0
164,182,151 240 245,3,5,2,2.7722848958744759,1.7161763641127707,137 151 153 170 182 240 245,2,10,0,not_tested,0,not_tested,-1,0,0
165,285,76 166 192 210 225 240 256,7,8,2,2.248151925609446,1.7031453981889741,76 166 192 210 225 240 256,2,8,0,not_tested,0,not_tested,-1,0,0
166,293,280 281 283,3,4,1,2.2266268936688483,1.7027146833938251,238 254 267 280 281 283,0,14,0,not_tested,0,not_tested,-1,0,0
167,226,76 91 166 192 210 225 240 256,8,9,3,2.5134653774713112,1.6982874172103455,76 91 166 192 210 225 240 256,3,9,0,not_tested,0,not_tested,-1,0,0
168,229,65 66 69 78 116 130 158 182,8,9,3,2.5070255389192115,1.6939361749454132,65 66 69 78 116 130 158 182,3,9,0,not_tested,0,not_tested,-1,0,0
169,70,2 6 23 29 35 171,6,11,6,3.6238315181998302,1.6911213751599208,2 6 23 29 35 44 72 171,6,14,0,not_tested,0,not_tested,-1,0,0
170,297,5 19 35,3,4,1,2.2103840516160314,1.6902936865299065,5 14 19 29 35 43 44 72,4,11,0,not_tested,0,not_tested,-1,0,0
171,298,93 112 126,3,4,1,2.2079655502544449,1.6884442443122227,54 76 81 91 93 112 126,4,9,0,not_tested,0,not_tested,-1,0,0
172,206,161 184 190 204 207 208,6,8,3,2.645964469765743,1.6837955716691093,161 184 190 202 204 207 208 219,4,11,0,not_tested,0,not_tested,-1,0,0
173,435,168 193 227,3,3,0,1.6332875918802856,1.6332875918802856,168 193 227,0,3,0,not_tested,0,not_tested,-1,0,0
174,209,39 57 58,3,5,2,2.6326244793515223,1.6297199157890376,14 29 39 43 54 57 58 81,6,12,0,not_tested,0,not_tested,-1,0,0
175,156,11 36 38 41 55 96 141 144,8,11,5,2.92915910152947,1.6273106119608167,11 36 38 41 55 96 141 144,5,11,0,not_tested,0,not_tested,-1,0,0
176,74,36 205 220 228 236 280 283,7,11,6,3.4853668695177484,1.6265045391082824,36 205 220 228 236 280 283,6,11,0,not_tested,0,not_tested,-1,0,0
177,440,181 211 212,3,3,0,1.6228090103748516,1.6228090103748516,181 211 212,0,3,0,not_tested,0,not_tested,-1,0,0
178,36,2 35 65,3,8,5,4.0950171519758047,1.6131885750207717,2 6 23 35 44 65 72,6,13,0,not_tested,0,not_tested,-1,0,0
179,361,5 7 36 80,4,5,1,1.9897717030871898,1.6107675691658203,5 7 31 36 46 48 80 140,2,8,0,not_tested,0,not_tested,-1,0,0
180,444,5 7 36,3,3,0,1.6105139357580964,1.6105139357580964,5 7 36,0,3,0,not_tested,0,not_tested,-1,0,0
181,118,36 205 220 228 236 257 280 283,8,12,6,3.1484330461031007,1.6063433908689289,36 205 220 228 236 257 280 283,6,12,0,not_tested,0,not_tested,-1,0,0
182,171,161 190 202 204 207 208 219,7,9,4,2.8163421982854056,1.5984644909187435,161 190 202 204 206 207 208 219,3,12,0,not_tested,0,not_tested,-1,0,0
183,228,51 65 69 78 130 158,6,8,3,2.5083810222275726,1.5962424686902736,51 65 66 69 78 116 130 158,5,17,0,not_tested,0,not_tested,-1,0,0
184,175,205 220 236 254 280 281 283,7,9,4,2.7935066575654055,1.5855037786182029,205 220 236 254 280 281 283,4,9,0,not_tested,0,not_tested,-1,0,0
185,129,101 135 151 155 160 163 206,7,10,5,3.0871266828234458,1.5812112277876185,101 135 151 155 160 163 206,5,10,0,not_tested,0,not_tested,-1,0,0
186,454,196 211 212,3,3,0,1.5774771210137497,1.5774771210137497,196 211 212,0,3,0,not_tested,0,not_tested,-1,0,0
187,458,211 225,2,2,0,1.5686442920700296,1.5686442920700296,211 225,0,2,0,not_tested,0,not_tested,-1,0,0
188,268,169 181 196 211 212 237 257 276,8,9,3,2.3153736353644256,1.564441645516504,169 181 196 211 212 237 257 276,3,9,0,not_tested,0,not_tested,-1,0,0
189,348,30 44 60,3,4,1,2.0406617425095086,1.5605060383896243,14 29 30 43 44 60,4,9,0,not_tested,0,not_tested,-1,0,0
190,351,90 93 112,3,4,1,2.0294458429141984,1.5519291739932108,54 76 81 90 91 93 112,4,10,0,not_tested,0,not_tested,-1,0,0
191,208,15 31 46 48 50,5,7,3,2.6359026569220592,1.5451843161267245,15 31 46 48 50 61 62 140,2,15,0,not_tested,0,not_tested,-1,0,0
192,468,243 245,2,2,0,1.5370982463111986,1.5370982463111986,243 245,0,2,0,not_tested,0,not_tested,-1,0,0
193,470,225 259,2,2,0,1.5317318583910398,1.5317318583910398,225 259,0,2,0,not_tested,0,not_tested,-1,0,0
194,362,228 243 245,3,4,1,1.9896235202044157,1.5214768095680828,82 228 240 243 245 256 260 267,1,14,0,not_tested,0,not_tested,-1,0,0
195,195,51 65 69 78 130 158 159 206,8,11,5,2.7363741312782768,1.5202078507101537,51 65 69 78 130 158 159 206,5,11,0,not_tested,0,not_tested,-1,0,0
196,365,197 202 219,3,4,1,1.9863217731515435,1.5189519441747099,197 202 219,1,4,0,not_tested,0,not_tested,-1,0,0
197,305,44 60,2,3,1,2.1768209991279348,1.5070299224731858,14 29 43 44 60,4,7,0,not_tested,0,not_tested,-1,0,0
198,309,122 125,2,3,1,2.1695373666896454,1.501987407708216,93 112 122 125 126,1,8,0,not_tested,0,not_tested,-1,0,0
199,339,65 69 78 116 130 158 182,7,7,2,2.0717406528627262,1.5002259900040429,65 66 69 78 116 130 158 182,3,9,0,not_tested,0,not_tested,-1,0,0
200,160,15 31 46 61 62,5,8,4,2.9054933370131653,1.496769294824964,15 31 46 48 61 62 140,2,12,0,not_tested,0,not_tested,-1,0,0
201,170,15 50,2,4,2,2.8179315690888402,1.4918461248117389,15 31 50 197 202 219,3,10,0,not_tested,0,not_tested,-1,0,0
202,373,170 182 183,3,4,1,1.9490593690039451,1.4904571645324287,39 54 57 81 170 182 183,2,12,0,not_tested,0,not_tested,-1,0,0
203,300,6 23 161 184 190 204 208 214,8,9,3,2.2046630610491711,1.4896372034116019,6 23 161 184 190 204 208 214,3,9,0,not_tested,0,not_tested,-1,0,0
204,77,132 133 147 159 175 176 188,7,12,7,3.4754189121194812,1.4894652480512061,65 132 133 147 159 175 176 188,8,15,0,not_tested,0,not_tested,-1,0,0
205,318,44 72,2,3,1,2.1478135986593152,1.4869478759949106,14 29 43 44 72,4,7,0,not_tested,0,not_tested,-1,0,0
206,485,225 269,2,2,0,1.4835125969931036,1.4835125969931036,225 269,0,2,0,not_tested,0,not_tested,-1,0,0
207,486,169 181,2,2,0,1.4825574473780319,1.4825574473780319,169 181,0,2,0,not_tested,0,not_tested,-1,0,0
208,27,54 76 81 90 91 107 122 124,8,15,10,4.2910666368925128,1.4772524487662746,54 76 81 90 91 107 122 124,10,15,1,ok,-3,failed,-1,0.028000000000000247,0.064999999999995617
209,88,39 57 107 124 137 152 153 170,8,14,8,3.3540956001922781,1.4710945614878412,39 57 107 124 137 152 153 170,8,14,0,not_tested,0,not_tested,-1,0,0
210,500,161 188,2,2,0,1.4529009112098823,1.4529009112098823,161 188,0,2,0,not_tested,0,not_tested,-1,0,0
211,502,5 19,2,2,0,1.4509807191444253,1.4509807191444253,5 19,0,2,0,not_tested,0,not_tested,-1,0,0
212,101,11 27 41 57,4,7,4,3.2347583781363767,1.450064100543893,11 27 39 41 54 57 81,4,13,0,not_tested,0,not_tested,-1,0,0
213,505,240 243,2,2,0,1.4386866220008827,1.4386866220008827,240 243,0,2,0,not_tested,0,not_tested,-1,0,0
214,398,76 91 211 212,4,4,1,1.8675815269680125,1.4281505794461273,76 91 211 212,1,4,0,not_tested,0,not_tested,-1,0,0
215,242,5 7 15 50 77 94,6,7,3,2.4256705053372958,1.4219447789908288,5 7 15 31 50 77 94 127,6,13,0,not_tested,0,not_tested,-1,0,0
216,187,31 46 48 61 62 80,6,8,4,2.7583440252919433,1.420965103938274,31 46 48 61 62 80 140,3,10,0,not_tested,0,not_tested,-1,0,0
217,32,2 6 23 35 51 65 66 78,8,15,10,4.1244950167111138,1.4199081205071045,2 6 23 35 51 65 66 78,10,15,0,not_tested,0,not_tested,-1,0,0
218,189,166 167 191 192 210 211 212 224,8,10,5,2.7543128900498881,1.4107456266109184,166 167 191 192 210 211 212 224,5,10,0,not_tested,0,not_tested,-1,0,0
219,192,14 28 29 30 43 44 58,7,10,5,2.7453809363750996,1.4061707235091974,14 28 29 30 43 44 58 72,4,13,0,not_tested,0,not_tested,-1,0,0
220,516,238 267,2,2,0,1.4042088976022573,1.4042088976022573,238 267,0,2,0,not_tested,0,not_tested,-1,0,0
221,146,71 101 135 151 155 160 163 206,8,11,6,3.0001712580482125,1.4000799204224992,71 101 135 151 155 160 163 206,6,11,0,not_tested,0,not_tested,-1,0,0
222,518,182 183,2,2,0,1.3964401296122941,1.3964401296122941,182 183,0,2,0,not_tested,0,not_tested,-1,0,0
223,283,19 28 30 58,4,5,2,2.2512243302488102,1.3936150615825968,19 28 30 44 58 72,1,11,0,not_tested,0,not_tested,-1,0,0
224,358,36 141,2,3,1,1.9949091983285083,1.3810909834581981,5 7 36 141,0,5,0,not_tested,0,not_tested,-1,0,0
225,104,36 205 220 228 236 273 280 283,8,12,7,3.2202073938619433,1.3800888830836899,36 205 220 228 236 273 280 283,7,12,0,not_tested,0,not_tested,-1,0,0
226,310,6 23 161 184 190 204 208,7,8,3,2.1659603933336138,1.3783384321213903,6 23 161 184 190 204 208,3,8,0,not_tested,0,not_tested,-1,0,0
227,366,30 60,2,3,1,1.9856803350562626,1.3747017704235664,14 29 30 43 60,4,7,0,not_tested,0,not_tested,-1,0,0
228,367,170 182,2,3,1,1.9832748954295645,1.3730364660666214,39 54 57 81 170 182,2,11,0,not_tested,0,not_tested,-1,0,0
229,368,93 112,2,3,1,1.9822578826119872,1.3723323802698373,54 76 81 91 93 112 211 212,3,11,0,not_tested,0,not_tested,-1,0,0
230,526,211,1,1,0,1.3705256316902754,1.3705256316902754,211,0,1,0,not_tested,0,not_tested,-1,0,0
231,527,182,1,1,0,1.3679323224894266,1.3679323224894266,182,0,1,0,not_tested,0,not_tested,-1,0,0
232,530,101,1,1,0,1.3638630552727689,1.3638630552727689,101,0,1,0,not_tested,0,not_tested,-1,0,0
233,532,76,1,1,0,1.361800440940975,1.361800440940975,76,0,1,0,not_tested,0,not_tested,-1,0,0
234,364,137 153 161 170 182,5,6,2,1.9865657972475206,1.350864742128314,39 57 137 153 161 170 182,2,11,0,not_tested,0,not_tested,-1,0,0
235,539,238,1,1,0,1.3445524328893455,1.3445524328893455,238,0,1,0,not_tested,0,not_tested,-1,0,0
236,541,90,1,1,0,1.3358250398740448,1.3358250398740448,90,0,1,0,not_tested,0,not_tested,-1,0,0
237,543,153,1,1,0,1.3341534588655146,1.3341534588655146,153,0,1,0,not_tested,0,not_tested,-1,0,0
238,544,269,1,1,0,1.3336963890473865,1.3336963890473865,269,0,1,0,not_tested,0,not_tested,-1,0,0
239,550,168 193,2,2,0,1.328469189828317,1.328469189828317,168 193,0,2,0,not_tested,0,not_tested,-1,0,0
240,553,77,1,1,0,1.3280804502988568,1.3280804502988568,77,0,1,0,not_tested,0,not_tested,-1,0,0
241,389,167 195,2,3,1,1.888752176092491,1.3075976603717245,167 169 181 191 195 196 211 212,0,14,0,not_tested,0,not_tested,-1,0,0
242,91,2 35 65 78,4,8,5,3.3183680329823146,1.3072358917809119,2 6 23 35 44 65 72 78,6,13,0,not_tested,0,not_tested,-1,0,0
243,565,76 90,2,2,0,1.3067307318828898,1.3067307318828898,76 90,0,2,0,not_tested,0,not_tested,-1,0,0
244,566,259,1,1,0,1.3047966071910935,1.3047966071910935,259,0,1,0,not_tested,0,not_tested,-1,0,0
245,568,260,1,1,0,1.3027752248517701,1.3027752248517701,260,0,1,0,not_tested,0,not_tested,-1,0,0
246,569,225 227,2,2,0,1.2996477049649124,1.2996477049649124,225 227,0,2,0,not_tested,0,not_tested,-1,0,0
247,393,160 206,2,3,1,1.8772563609807937,1.2996390191405496,82 160 206 238 243 260 267,2,12,0,not_tested,0,not_tested,-1,0,0
248,395,167 168,2,3,1,1.8767893849846651,1.2993157280663066,167 168 169 181 191 196 211 212,0,12,0,not_tested,0,not_tested,-1,0,0
249,570,72,1,1,0,1.2992000901486036,1.2992000901486036,72,0,1,0,not_tested,0,not_tested,-1,0,0
250,84,107 124 135 151 152 155,6,11,7,3.4211319621028586,1.2924276301277466,107 124 135 137 151 152 153 155,8,15,0,not_tested,0,not_tested,-1,0,0
251,576,254,1,1,0,1.2770220985666472,1.2770220985666472,254,0,1,0,not_tested,0,not_tested,-1,0,0
252,577,278,1,1,0,1.2749362400332838,1.2749362400332838,278,0,1,0,not_tested,0,not_tested,-1,0,0
253,578,183,1,1,0,1.274596838938443,1.274596838938443,183,0,1,0,not_tested,0,not_tested,-1,0,0
254,273,167,1,2,1,2.2839784964099983,1.268876942449999,167 169 181 191 196 211 212,0,11,0,not_tested,0,not_tested,-1,0,0
255,105,2 6 23 35,4,8,5,3.2185686520258079,1.267920984131379,2 6 19 23 35 44 68 72,4,16,0,not_tested,0,not_tested,-1,0,0
256,236,54 76 81 91 166 192 210 224,8,10,5,2.4624443591273613,1.2612519888213314,54 76 81 91 166 192 210 224,5,10,0,not_tested,0,not_tested,-1,0,0
257,581,240,1,1,0,1.2595044960353303,1.2595044960353303,240,0,1,0,not_tested,0,not_tested,-1,0,0
258,139,15 31 46 48 50 195 207,7,10,6,3.0356814536794845,1.2586971881110058,15 31 46 48 50 167 195 207,5,12,0,not_tested,0,not_tested,-1,0,0
259,584,169,1,1,0,1.2537579834180066,1.2537579834180066,169,0,1,0,not_tested,0,not_tested,-1,0,0
260,282,57,1,2,1,2.2524648436072154,1.2513693575595641,54 57 81 225 240 256,1,11,0,not_tested,0,not_tested,-1,0,0
261,586,93,1,1,0,1.2493790165826635,1.2493790165826635,93,0,1,0,not_tested,0,not_tested,-1,0,0
262,587,245,1,1,0,1.2483318411736155,1.2483318411736155,245,0,1,0,not_tested,0,not_tested,-1,0,0
263,590,161,1,1,0,1.2358446519442972,1.2358446519442972,161,0,1,0,not_tested,0,not_tested,-1,0,0
264,593,188,1,1,0,1.2195620895352983,1.2195620895352983,188,0,1,0,not_tested,0,not_tested,-1,0,0
265,594,225,1,1,0,1.2190047194447831,1.2190047194447831,225,0,1,0,not_tested,0,not_tested,-1,0,0
266,155,71 73 120 121 131 183,6,10,6,2.9356951884236424,1.2172394683707788,71 73 120 121 131 183 269,6,11,0,not_tested,0,not_tested,-1,0,0
267,598,243,1,1,0,1.2073526916284281,1.2073526916284281,243,0,1,0,not_tested,0,not_tested,-1,0,0
268,374,116 137 153 170 182,5,5,2,1.9471637108115383,1.2053870590738094,39 57 66 116 137 153 170 182,5,12,0,not_tested,0,not_tested,-1,0,0
269,265,15 31 46 48 50 207,6,8,4,2.3318384481530998,1.2012501096546273,15 31 46 48 50 61 62 207,4,14,0,not_tested,0,not_tested,-1,0,0
270,270,101 160 163 206,4,6,3,2.3009640441737877,1.1965013029703697,29 43 101 160 163 206,4,7,0,not_tested,0,not_tested,-1,0,0
271,60,2 35 44 65 66 72 146,7,13,9,3.7276989749884324,1.1956770297132708,2 35 44 65 66 72 146,9,13,0,not_tested,0,not_tested,-1,0,0
272,604,193,1,1,0,1.1947029136451011,1.1947029136451011,193,0,1,0,not_tested,0,not_tested,-1,0,0
273,605,131,1,1,0,1.194276094039421,1.194276094039421,131,0,1,0,not_tested,0,not_tested,-1,0,0
274,352,5 7 31 46 48 77 94 140,8,7,3,2.0286756470181078,1.1892236551485458,5 7 31 46 48 77 94 140,3,7,0,not_tested,0,not_tested,-1,0,0
275,608,227,1,1,0,1.1884789863464658,1.1884789863464658,227,0,1,0,not_tested,0,not_tested,-1,0,0
276,83,29 107 124 135 151 152 155 171,8,12,8,3.4218448770377043,1.1871706716253261,29 107 124 135 151 152 155 171,8,12,0,not_tested,0,not_tested,-1,0,0
277,96,2 35 146,3,6,4,3.291928095182441,1.1850941142656788,2 19 35 44 68 72 146,3,12,0,not_tested,0,not_tested,-1,0,0
278,610,168,1,1,0,1.181113637040905,1.181113637040905,168,0,1,0,not_tested,0,not_tested,-1,0,0
279,614,112,1,1,0,1.176820754300328,1.176820754300328,112,0,1,0,not_tested,0,not_tested,-1,0,0
280,193,44 65 72,3,5,3,2.7433813277400447,1.1757348547457334,14 29 43 44 65 72,6,9,0,not_tested,0,not_tested,-1,0,0
281,65,51 71 73 117 120 121 131 146,8,13,9,3.661919166556268,1.1745778458765386,51 71 73 117 120 121 131 146,9,13,0,not_tested,0,not_tested,-1,0,0
282,616,166 168 193,3,2,0,1.1729913404930101,1.1729913404930101,166 168 193,0,2,0,not_tested,0,not_tested,-1,0,0
283,620,214,1,1,0,1.1683833190341768,1.1683833190341768,214,0,1,0,not_tested,0,not_tested,-1,0,0
284,625,69,1,1,0,1.1602419582446613,1.1602419582446613,69,0,1,0,not_tested,0,not_tested,-1,0,0
285,176,71 73 120 121 131 183 274,7,10,6,2.7901092040102058,1.156874548004232,71 73 120 121 131 183 269 274,6,12,0,not_tested,0,not_tested,-1,0,0
286,134,14 29 43 132 133 163 175 176,8,11,7,3.0610038120561409,1.1563792178878753,14 29 43 132 133 163 175 176,7,11,0,not_tested,0,not_tested,-1,0,0
287,630,126 168 193,3,2,0,1.1537490607438667,1.1537490607438667,126 168 193,0,2,0,not_tested,0,not_tested,-1,0,0
288,479,23 161 184 204 259,5,4,1,1.4979809560658215,1.1455148487562166,23 161 184 204 259,1,4,0,not_tested,0,not_tested,-1,0,0
289,429,122 125 197,3,3,1,1.6489869787958831,1.1416063699356114,93 112 122 125 126 197,1,8,0,not_tested,0,not_tested,-1,0,0
290,636,184,1,1,0,1.1395128036293531,1.1395128036293531,184,0,1,0,not_tested,0,not_tested,-1,0,0
291,638,190,1,1,0,1.1353779352794904,1.1353779352794904,190,0,1,0,not_tested,0,not_tested,-1,0,0
292,643,219,1,1,0,1.1267075106198845,1.1267075106198845,219,0,1,0,not_tested,0,not_tested,-1,0,0
293,438,238 243 260,3,3,1,1.6263542173834156,1.1259375351115954,82 238 240 243 245 247 260 267,1,17,0,not_tested,0,not_tested,-1,0,0
294,149,11 36 38 41 55 80 96 115,8,11,7,2.9772764255890278,1.1247488718891883,11 36 38 41 55 80 96 115,7,11,0,not_tested,0,not_tested,-1,0,0
295,109,51 65 66 69 78,5,9,6,3.1820136509626842,1.1180047962841864,51 65 66 69 78 116 130 158,5,17,0,not_tested,0,not_tested,-1,0,0
296,443,44 72 105,3,3,1,1.6132612278456193,1.116873157739275,14 29 43 44 72 105,4,7,0,not_tested,0,not_tested,-1,0,0
297,214,19 117 131,3,5,3,2.5946342911375901,1.111986124773253,19 101 117 131 160 163 206,4,12,0,not_tested,0,not_tested,-1,0,0
298,320,31 46 48 61 62 122,6,6,3,2.1374864695894837,1.1114929641865317,31 46 48 61 62 122 140,2,8,0,not_tested,0,not_tested,-1,0,0
299,446,214 227 228,3,3,1,1.605015307234422,1.1111644434699843,214 227 228 240 243 245 256 260,1,15,0,not_tested,0,not_tested,-1,0,0
300,154,15 31 46 48 50 91 195 207,8,11,7,2.9399151082166521,1.110634596437402,15 31 46 48 50 91 195 207,7,11,0,not_tested,0,not_tested,-1,0,0
301,323,181 211 212 257 276,5,6,3,2.1335740292805943,1.109458495225909,181 211 212 257 276,3,6,0,not_tested,0,not_tested,-1,0,0
302,235,5 7 77 94 140 216,6,7,4,2.4665455796976459,1.1056928460713586,5 7 77 94 127 140 216,6,9,0,not_tested,0,not_tested,-1,0,0
303,648,77 93 94,3,2,0,1.1038575973335718,1.1038575973335718,77 93 94,0,2,0,not_tested,0,not_tested,-1,0,0
304,653,69 116 130 158 182,5,3,0,1.0992421423325633,1.0992421423325633,69 116 130 158 182,0,3,0,not_tested,0,not_tested,-1,0,0
305,239,54 76 81 90 91,5,7,4,2.4459361776721402,1.0964541486116492,54 76 81 90 91 211 212,3,10,0,not_tested,0,not_tested,-1,0,0
306,655,168 192 193,3,2,0,1.0945091315097688,1.0945091315097688,168 192 193,0,2,0,not_tested,0,not_tested,-1,0,0
307,455,210 211 212,3,3,1,1.5739712355994411,1.0896723938765362,210 211 212,1,3,0,not_tested,0,not_tested,-1,0,0
308,133,51 65 66 69 78 82,6,9,6,3.0718895125060817,1.0793125314210559,51 65 66 69 78 82 130 158,6,13,0,not_tested,0,not_tested,-1,0,0
309,250,205 220 236 280 281 283,6,7,4,2.3993300099288191,1.0755617285887811,205 220 236 238 267 280 281 283,3,9,0,not_tested,0,not_tested,-1,0,0
310,360,27 99 115 238 243 260,6,6,3,1.9930524906920417,1.0363872951598618,27 82 99 115 238 243 260 267,4,15,0,not_tested,0,not_tested,-1,0,0
311,418,5 7 77 94 140,5,5,2,1.6737943417315078,1.0361584020242667,5 7 77 94 127 140,4,7,0,not_tested,0,not_tested,-1,0,0
312,274,39 57 137 152 153 170,6,7,4,2.2785390896876292,1.021414074687558,39 57 137 152 153 170 182,3,10,0,not_tested,0,not_tested,-1,0,0
313,491,254 259 281,3,3,1,1.4644055984441056,1.0138192604613039,238 254 259 267 281,0,9,0,not_tested,0,not_tested,-1,0,0
314,382,61 62 80,3,4,2,1.9139410674966753,1.0132629180864752,5 7 61 62 80,1,5,0,not_tested,0,not_tested,-1,0,0
315,498,44 58 72,3,3,1,1.4563861912965015,1.0082673632052703,14 29 43 44 58 72,4,7,0,not_tested,0,not_tested,-1,0,0
316,499,243 245 260,3,3,1,1.455376645867114,1.0075684471387711,82 243 245 260 267,1,4,0,not_tested,0,not_tested,-1,0,0
317,678,169 181 196,3,2,0,1.0074750801661476,1.0074750801661476,169 181 196,0,2,0,not_tested,0,not_tested,-1,0,0
318,385,228 243 257,3,4,2,1.9026963176156018,1.0073098152082598,228 240 243 245 256 257 260,2,16,0,not_tested,0,not_tested,-1,0,0
319,267,15 49 50,3,5,3,2.3174626898259398,0.99319829563968842,15 31 49 50 197 202 219,4,11,0,not_tested,0,not_tested,-1,0,0
320,304,73 101 117 120 121 131,6,7,4,2.1793697368226423,0.97695884754118467,71 73 101 117 120 121 131 269,7,12,0,not_tested,0,not_tested,-1,0,0
321,312,5 7 77 94 140 207 216,7,7,4,2.1624223255914417,0.96936173216168064,5 7 77 94 127 140 207 216,6,9,0,not_tested,0,not_tested,-1,0,0
322,238,66 116 137 153 161 170 182,7,8,5,2.4501787906295687,0.96522194782376936,66 116 137 153 161 170 182,5,8,0,not_tested,0,not_tested,-1,0,0
323,140,29 61 62 80 154 171 183,7,10,7,3.0315962241185792,0.96123782715954953,29 61 62 80 154 171 183,7,10,0,not_tested,0,not_tested,-1,0,0
324,143,11 36 38 41 55 80 96,7,10,7,3.0162327992123581,0.95636649731123546,11 36 38 41 55 80 96 141,6,14,0,not_tested,0,not_tested,-1,0,0
325,148,71 73 120 121 131 183 246,7,10,7,2.9923393877168447,0.94879053756875564,71 73 120 121 131 183 246 269,7,11,0,not_tested,0,not_tested,-1,0,0
326,98,107 124 135 151 152 155 160,7,11,8,3.2743391002079294,0.94592018450451298,107 124 135 151 152 155 160,8,11,0,not_tested,0,not_tested,-1,0,0
327,100,65 132 133 147 159 175 176,7,11,8,3.2625804330692958,0.94252323622001888,65 132 133 147 159 175 176,8,11,0,not_tested,0,not_tested,-1,0,0
328,546,23 161 184 204,4,3,1,1.331617180319786,0.92188881714446713,23 161 184 204,1,3,0,not_tested,0,not_tested,-1,0,0
329,111,107 124 137 152 153 161 170 188,8,11,8,3.174432006346704,0.91705813516682566,107 124 137 152 153 161 170 188,8,11,0,not_tested,0,not_tested,-1,0,0
330,79,51 65 132 133 147 159 175 176,8,12,9,3.4395537648828141,0.91253467231584851,51 65 132 133 147 159 175 176,9,12,0,not_tested,0,not_tested,-1,0,0
331,688,116 130 158 182,4,2,0,0.89278558795399743,0.89278558795399743,116 130 158 182,0,2,0,not_tested,0,not_tested,-1,0,0
332,227,11 36 38 41 55 96 141,7,9,6,2.5098158431809376,0.88182718814465355,11 36 38 41 55 80 96 141,6,14,0,not_tested,0,not_tested,-1,0,0
333,689,166 168,2,1,0,0.87419666471494717,0.87419666471494717,166 168,0,1,0,not_tested,0,not_tested,-1,0,0
334,456,166 167,2,2,1,1.5709375499564555,0.87274308330914196,166 167 169 181 191 196 211 212,0,11,0,not_tested,0,not_tested,-1,0,0
335,281,54 81,2,3,2,2.2557571296270167,0.8675988960103912,54 81 225 240 256,1,9,0,not_tested,0,not_tested,-1,0,0
336,153,15 31,2,4,3,2.9455008952393564,0.86632379271745785,15 31 197 202 219,3,8,0,not_tested,0,not_tested,-1,0,0
337,462,202 219,2,2,1,1.5534245856498929,0.86301365869438496,202 219,1,2,0,not_tested,0,not_tested,-1,0,0
338,252,69 147 159 176 188,5,6,4,2.3939024456394371,0.86180488043019721,60 69 105 147 159 176 188,3,11,0,not_tested,0,not_tested,-1,0,0
339,288,38 57,2,3,2,2.2357166858471134,0.85989103301812053,5 7 36 38 54 57 81 141,2,11,0,not_tested,0,not_tested,-1,0,0
340,700,72 105,2,1,0,0.85772913635762271,0.85772913635762271,72 105,0,1,0,not_tested,0,not_tested,-1,0,0
341,703,93 94,2,1,0,0.85555017999717109,0.85555017999717109,93 94,0,1,0,not_tested,0,not_tested,-1,0,0
342,467,227 228,2,2,1,1.5399331529987712,0.85551841833265063,227 228 240 243 245 256 260,1,14,0,not_tested,0,not_tested,-1,0,0
343,203,132 133 159 160 175 176 206,7,10,7,2.6701537855672894,0.84663412713109176,132 133 159 160 175 176 206,7,10,0,not_tested,0,not_tested,-1,0,0
344,472,256 274,2,2,1,1.521406311131678,0.8452257284064878,71 121 131 183 256 269 274,4,9,0,not_tested,0,not_tested,-1,0,0
345,473,243 260,2,2,1,1.5209700839809743,0.84498337998943018,82 243 260 267,1,3,0,not_tested,0,not_tested,-1,0,0
346,108,6 23 29 61 62 80 154 171,8,12,9,3.1843297928218268,0.84482218993232139,6 23 29 61 62 80 154 171,9,12,0,not_tested,0,not_tested,-1,0,0
347,249,161 190 201 202 204 207 208 219,8,9,6,2.4010101114478761,0.84359814726547,161 190 201 202 204 207 208 219,6,9,0,not_tested,0,not_tested,-1,0,0
348,372,228 243 257 260,4,5,3,1.9613683379093905,0.84058643053259596,82 228 243 257 260 267,3,6,0,not_tested,0,not_tested,-1,0,0
349,714,68 260,2,1,0,0.83894425153167751,0.83894425153167751,68 260,0,1,0,not_tested,0,not_tested,-1,0,0
350,715,192 193,2,1,0,0.83732006106420465,0.83732006106420465,192 193,0,1,0,not_tested,0,not_tested,-1,0,0
351,82,167 262 273 277 278,5,9,7,3.4290718771456556,0.83409856471110544,2 35 167 262 273 277 278,9,15,0,not_tested,0,not_tested,-1,0,0
352,163,6 29 61 62 80 154 171 214,8,11,8,2.8766694054828656,0.83103782825060568,6 29 61 62 80 154 171 214,8,11,0,not_tested,0,not_tested,-1,0,0
353,718,188 237,2,1,0,0.83032669968010675,0.83032669968010675,188 237,0,1,0,not_tested,0,not_tested,-1,0,0
354,607,5 7 77 94,4,3,1,1.188904899886484,0.8230880076137197,5 7 77 93 94 112 126 127,3,9,0,not_tested,0,not_tested,-1,0,0
355,723,219 267,2,1,0,0.81918133513162128,0.81918133513162128,219 267,0,1,0,not_tested,0,not_tested,-1,0,0
356,724,182 197,2,1,0,0.81882234015194544,0.81882234015194544,182 197,0,1,0,not_tested,0,not_tested,-1,0,0
357,493,90 93,2,2,1,1.4606920531046645,0.81149558505814701,54 76 81 90 91 93 211 212,3,11,0,not_tested,0,not_tested,-1,0,0
358,496,238 260,2,2,1,1.4586166918792849,0.81034260659960267,82 238 260 267,1,4,0,not_tested,0,not_tested,-1,0,0
359,734,69 130,2,1,0,0.80830990637569988,0.80830990637569988,69 130,0,1,0,not_tested,0,not_tested,-1,0,0
360,501,6 35,2,2,1,1.4513228591651839,0.80629047731399106,6 19 35 44 68 72,1,8,0,not_tested,0,not_tested,-1,0,0
361,138,71 73 120 121 131 183 273 276,8,12,9,3.0372142347369691,0.80579153166491024,71 73 120 121 131 183 273 276,9,12,0,not_tested,0,not_tested,-1,0,0
362,748,68 69,2,1,0,0.79326213682877655,0.79326213682877655,68 69,0,1,0,not_tested,0,not_tested,-1,0,0
363,749,169 196,2,1,0,0.79029981323298737,0.79029981323298737,169 196,0,1,0,not_tested,0,not_tested,-1,0,0
364,347,65 77,2,3,2,2.0426033488147151,0.7856166726210444,2 6 23 35 44 65 72 77,6,14,0,not_tested,0,not_tested,-1,0,0
365,350,36 80,2,3,2,2.0336432563069766,0.78217048319499105,5 7 31 36 46 48 80 140,2,8,0,not_tested,0,not_tested,-1,0,0
366,756,5 7,2,1,0,0.77483332726457499,0.77483332726457499,5 7,0,1,0,not_tested,0,not_tested,-1,0,0
367,211,19 117,2,4,3,2.6314749425686088,0.77396321840253191,19 101 117 131 160 163 206,4,12,0,not_tested,0,not_tested,-1,0,0
368,520,254 281,2,2,1,1.3922672331722195,0.77348179620678859,238 254 267 281,0,8,0,not_tested,0,not_tested,-1,0,0
369,45,49 167 262 273 277 278,6,11,9,3.8576970477597787,0.77153940955195588,2 35 49 167 262 273 277 278,11,18,0,not_tested,0,not_tested,-1,0,0
370,760,158 161,2,1,0,0.76985788898105623,0.76985788898105623,158 161,0,1,0,not_tested,0,not_tested,-1,0,0
371,524,281 283,2,2,1,1.3842824634207112,0.76904581301150632,238 254 267 281 283,0,12,0,not_tested,0,not_tested,-1,0,0
372,770,99 101,2,1,0,0.75770660478925411,0.75770660478925411,99 101,0,1,0,not_tested,0,not_tested,-1,0,0
373,410,73 101 120 121 131,5,5,3,1.7577302947664331,0.75331298347132847,71 73 101 120 121 131 183 269,6,14,0,not_tested,0,not_tested,-1,0,0
374,536,254 283,2,2,1,1.3536690822799413,0.75203837904441184,238 254 267 283,0,10,0,not_tested,0,not_tested,-1,0,0
375,537,191 256,2,2,1,1.352560084170622,0.75142226898367892,169 181 191 196 211 212 256,0,10,0,not_tested,0,not_tested,-1,0,0
376,774,77 94,2,1,0,0.74746700374215702,0.74746700374215702,77 94,0,1,0,not_tested,0,not_tested,-1,0,0
377,196,132 133 147 159 175 176,6,8,6,2.7288166047765334,0.74422271039360011,60 105 132 133 147 159 175 176,5,14,0,not_tested,0,not_tested,-1,0,0
378,776,94 112,2,1,0,0.74394360253746883,0.74394360253746883,94 112,0,1,0,not_tested,0,not_tested,-1,0,0
379,383,28 57,2,3,2,1.9113563904372801,0.7351370732451078,14 28 29 43 54 57 81,6,10,0,not_tested,0,not_tested,-1,0,0
380,556,30 44,2,2,1,1.3224460639322533,0.73469225774014069,14 29 30 43 44,4,7,0,not_tested,0,not_tested,-1,0,0
381,559,248 256,2,2,1,1.3130586858980022,0.72947704772111233,240 243 245 247 248 256 260,1,16,0,not_tested,0,not_tested,-1,0,0
382,789,245 247,2,1,0,0.72808274546377749,0.72808274546377749,245 247,0,1,0,not_tested,0,not_tested,-1,0,0
383,397,205 206,2,3,2,1.8719562151749312,0.71998315968266591,205 206 240 243 245 247 260,1,13,0,not_tested,0,not_tested,-1,0,0
384,400,19 28,2,3,2,1.8656602185321605,0.71756162251236943,14 19 28 29 43 44 72,4,10,0,not_tested,0,not_tested,-1,0,0
385,363,54 81 166 192 210 224,6,6,4,1.9874109677090743,0.71546794837526684,54 76 81 91 166 192 210 224,5,10,0,not_tested,0,not_tested,-1,0,0
386,425,6 23 161 184 204 214,6,5,3,1.6561958222110518,0.70979820951902217,6 19 23 68 161 184 204 214,2,8,0,not_tested,0,not_tested,-1,0,0
387,306,36 205 220 236 262 280 283,7,7,5,2.1735741337630148,0.67455748978852181,36 205 220 236 262 280 283,5,7,0,not_tested,0,not_tested,-1,0,0
388,172,14 54 81,3,5,4,2.8133666151512768,0.6698491940836373,14 54 81 225 240 256,3,11,0,not_tested,0,not_tested,-1,0,0
389,314,36 205 220 236 280 283,6,7,5,2.1581081763511416,0.66975770990207839,36 205 220 236 238 267 280 283,4,9,0,not_tested,0,not_tested,-1,0,0
390,278,15 31 46,3,4,3,2.2698844714482149,0.66761307983771023,15 31 46 197 202 219,3,8,0,not_tested,0,not_tested,-1,0,0
391,181,159 160 206,3,5,4,2.7820218822810916,0.66238616244787896,60 105 159 160 206,3,9,0,not_tested,0,not_tested,-1,0,0
392,805,5 7 23,3,1,0,0.65834700400377411,0.65834700400377411,5 7 23,0,1,0,not_tested,0,not_tested,-1,0,0
393,806,5 6 7,3,1,0,0.65722359220249127,0.65722359220249127,5 6 7,0,1,0,not_tested,0,not_tested,-1,0,0
394,290,54 81 141,3,4,3,2.2324532143219327,0.65660388656527435,5 7 36 54 81 141,2,8,0,not_tested,0,not_tested,-1,0,0
395,51,107 122 124,3,7,6,3.796235399181604,0.65452334468648354,107 122 124 137 153 170 182,6,12,0,not_tested,0,not_tested,-1,0,0
396,626,68 243 260,3,2,1,1.1579511981792592,0.64330622121069958,68 82 243 260 267,1,3,0,not_tested,0,not_tested,-1,0,0
397,424,65 77 94,3,3,2,1.6607697923399558,0.63875761243844453,2 6 23 35 65 77 94,6,11,0,not_tested,0,not_tested,-1,0,0
398,162,107 124 135 137 151 152 153,7,10,8,2.8830683919984321,0.63286867141429004,107 124 135 137 151 152 153 155,8,15,0,not_tested,0,not_tested,-1,0,0
399,637,161 184 204,3,2,1,1.135953371027538,0.63108520612640995,161 184 204,1,2,0,not_tested,0,not_tested,-1,0,0
400,81,66 132 133 147 159 175 176 188,8,12,10,3.4355967800436846,0.63102798000802374,66 132 133 147 159 175 176 188,10,12,0,not_tested,0,not_tested,-1,0,0
401,433,28 30 44,3,3,2,1.6340299838393919,0.62847307070745839,14 28 29 30 43 44 72,4,12,0,not_tested,0,not_tested,-1,0,0
402,434,137 153 161,3,3,2,1.6338023256391887,0.62838550986122632,39 54 57 81 137 153 161,3,11,0,not_tested,0,not_tested,-1,0,0
403,210,127 170 182,3,5,4,2.6315428043590292,0.62655781056167359,39 54 57 81 127 170 182,5,13,0,not_tested,0,not_tested,-1,0,0
404,324,73 105 121,3,4,3,2.128448342557689,0.62601421839932037,60 71 73 105 121 131 183 269,4,16,0,not_tested,0,not_tested,-1,0,0
405,826,69 130 158,3,1,0,0.62236159632262933,0.62236159632262933,69 130 158,0,1,0,not_tested,0,not_tested,-1,0,0
406,356,166 191 192 210 211 212 224,7,7,5,2.0044512390569551,0.62207107419008945,166 167 191 192 210 211 212 224,5,10,0,not_tested,0,not_tested,-1,0,0
407,331,147 176 188,3,4,3,2.1058557899882384,0.6193693499965407,29 43 60 105 147 176 188,3,10,0,not_tested,0,not_tested,-1,0,0
408,173,107 124 135 137 151 152 153 154,8,10,8,2.8132128626917861,0.61753453083478238,107 124 135 137 151 152 153 154,8,10,0,not_tested,0,not_tested,-1,0,0
409,447,163 188 206,3,3,2,1.6042873270034514,0.61703358730901969,29 43 135 151 155 163 188 206,5,7,0,not_tested,0,not_tested,-1,0,0
410,448,82 122 125,3,3,2,1.5998630356396433,0.61533193678447806,82 93 112 122 125 126,2,8,0,not_tested,0,not_tested,-1,0,0
411,649,202 219 267,3,2,1,1.1019730888175827,0.61220727156532362,202 219 267,1,2,0,not_tested,0,not_tested,-1,0,0
412,178,107 124 137 152 153 161 170,7,10,8,2.7872954410675179,0.61184534072213814,107 124 137 152 153 161 170 182,7,13,0,not_tested,0,not_tested,-1,0,0
413,231,107 124 135 151 152 154 170 182,8,9,7,2.4939276968913595,0.60663106140600642,107 124 135 151 152 154 170 182,7,9,0,not_tested,0,not_tested,-1,0,0
414,343,160 163 206,3,4,3,2.0530633374722642,0.6038421580800778,29 43 135 151 155 160 163 206,6,8,0,not_tested,0,not_tested,-1,0,0
415,658,77 94 140,3,2,1,1.0818599330121996,0.60103329611788869,77 94 140 197 202 219,1,6,0,not_tested,0,not_tested,-1,0,0
416,194,31 46 48 167 262 273 277 278,8,10,8,2.7375576309391731,0.60092728484030622,31 46 48 167 262 273 277 278,8,10,0,not_tested,0,not_tested,-1,0,0
417,432,66 69 78 116 130 158 182,7,6,4,1.6341667525669086,0.58830003092408722,65 66 69 78 116 130 158 182,3,9,0,not_tested,0,not_tested,-1,0,0
418,234,36 80 96,3,5,4,2.4671463319409344,0.58741579331926996,5 7 36 80 96 141,2,9,0,not_tested,0,not_tested,-1,0,0
419,316,73 101 117 120 121 160 163 206,8,8,6,2.1536267452575242,0.58735274870659748,73 101 117 120 121 160 163 206,6,8,0,not_tested,0,not_tested,-1,0,0
420,330,107 124 205 220 236 240 245,7,8,6,2.1075518264981215,0.57478686177221494,107 124 205 220 236 240 245 254,5,9,0,not_tested,0,not_tested,-1,0,0
421,484,65 69 78,3,3,2,1.4838002000378527,0.57069238462994332,65 66 69 78 116 130 158 182,3,9,0,not_tested,0,not_tested,-1,0,0
422,847,169 196 237,3,1,0,0.56410083836470204,0.56410083836470204,169 196 237,0,1,0,not_tested,0,not_tested,-1,0,0
423,674,160 238 267,3,2,1,1.012997735713411,0.56277651984078381,82 160 238 243 260 267,2,9,0,not_tested,0,not_tested,-1,0,0
424,223,14 36 96 205 220 228 236 280,8,10,8,2.5470211095348927,0.55910219477595213,14 36 96 205 220 228 236 280,8,10,0,not_tested,0,not_tested,-1,0,0
425,681,237 254 283,3,2,1,1.0006550515503423,0.55591947308352341,237 238 254 267 283,0,10,0,not_tested,0,not_tested,-1,0,0
426,684,210 225 269,3,2,1,0.99438407325794675,0.55243559625441485,210 225 269,1,2,0,not_tested,0,not_tested,-1,0,0
427,272,54 76 81 91,4,5,4,2.2840363119483813,0.5438181695115194,54 76 81 91 211 212,3,8,0,not_tested,0,not_tested,-1,0,0
428,289,107 124 205 220 236 280 281 283,8,9,7,2.2327943389269755,0.54311213649575085,107 124 205 220 236 280 281 283,7,9,0,not_tested,0,not_tested,-1,0,0
429,521,28 30 44 58,4,3,2,1.3865851955374275,0.5333019982836259,14 28 29 30 43 44 58 72,4,13,0,not_tested,0,not_tested,-1,0,0
430,122,51 71 73 117 120 121 127 131,8,13,11,3.1264783524260511,0.53091141833649924,51 71 73 117 120 121 127 131,11,13,0,not_tested,0,not_tested,-1,0,0
431,686,69 78 130 158,4,2,1,0.94166220927318289,0.52314567181843485,2 6 23 35 69 78 130 158,5,10,0,not_tested,0,not_tested,-1,0,0
432,538,31 46 48 140,4,3,2,1.344930416110854,0.51728092927340541,31 46 48 140 197 202 219,2,8,0,not_tested,0,not_tested,-1,0,0
433,563,68 238 243 260,4,3,2,1.307861363045149,0.50302360117121114,68 82 238 243 260 267,3,9,0,not_tested,0,not_tested,-1,0,0
434,564,137 153 161 170,4,3,2,1.3078374633946586,0.50301440899794558,39 54 57 81 137 153 161 170,3,11,0,not_tested,0,not_tested,-1,0,0
435,232,71 121 131 183,4,6,5,2.4898910920704327,0.49797821841408652,71 121 131 183 269,4,7,0,not_tested,0,not_tested,-1,0,0
436,380,132 133 175 176,4,5,4,1.9310269527476398,0.45976832208277135,29 43 60 105 132 133 175 176,5,10,0,not_tested,0,not_tested,-1,0,0
437,205,14 28 29 30 44,5,7,6,2.6465678739511551,0.45630480585364747,14 28 29 30 43 44 72,4,12,0,not_tested,0,not_tested,-1,0,0
438,396,166 210 211 212 224,5,5,4,1.8722463400228697,0.44577293810068325,166 167 191 210 211 212 224,5,9,0,not_tested,0,not_tested,-1,0,0
439,487,31 46 48 61 62,5,4,3,1.4706620476182051,0.43254766106417797,31 46 48 61 62 140,2,6,0,not_tested,0,not_tested,-1,0,0
440,411,5 7 29 77 94 140,6,5,4,1.740996701663456,0.41452302420558479,5 7 29 77 94 127 140,6,7,0,not_tested,0,not_tested,-1,0,0
441,165,71 73 117 120 121 131 146,7,9,8,2.8523659722795887,0.38545486111886329,71 73 117 120 121 131 146 269,8,10,0,not_tested,0,not_tested,-1,0,0
442,386,161 190 201 204 207 208,6,6,5,1.9011227459949933,0.38022454919899867,161 184 190 201 204 207 208,4,10,0,not_tested,0,not_tested,-1,0,0
443,394,11 38 41 55 96 144,6,6,5,1.8771776067990142,0.37543552135980285,11 38 41 55 57 80 96 144,5,11,0,not_tested,0,not_tested,-1,0,0
444,399,132 133 147 163 175 176,6,6,5,1.8663897986451021,0.37327795972902045,14 132 133 147 163 175 176,6,8,0,not_tested,0,not_tested,-1,0,0
445,401,166 191 210 211 212 224,6,6,5,1.8562223318171724,0.3712444663634345,166 167 191 210 211 212 224,5,9,0,not_tested,0,not_tested,-1,0,0
446,253,14 29 43 132 133 147,6,8,7,2.3928359499004652,0.36255090150007052,14 29 43 60 105 132 133 147,6,13,0,not_tested,0,not_tested,-1,0,0
447,264,65 69 78 147 159 176 188,7,8,7,2.3328316139723895,0.35345933545036196,65 69 78 147 159 176 188,7,8,0,not_tested,0,not_tested,-1,0,0
448,62,246 257 262 273 274 276 277 278,8,13,12,3.7207882911199133,0.35101776331319939,246 257 262 273 274 276 277 278,12,13,0,not_tested,0,not_tested,-1,0,0
449,42,14 132 133 141 175 216 248 259,8,14,13,3.9136199045509676,0.34329999162727792,14 132 133 141 175 216 248 259,13,14,0,not_tested,0,not_tested,-1,0,0
450,225,36 96 205 220 228 236 269 280,8,9,8,2.5262702088090818,0.34138786605528137,36 96 205 220 228 236 269 280,8,9,0,not_tested,0,not_tested,-1,0,0
451,376,5 7 29 77 94 140 216,7,7,6,1.9437134985158884,0.33512301698549796,5 7 29 77 94 127 140 216,8,9,0,not_tested,0,not_tested,-1,0,0
452,379,6 61 62 80 154 171 214,7,7,6,1.939901950460998,0.33446585352775821,6 61 62 80 154 171 214,6,7,0,not_tested,0,not_tested,-1,0,0
453,388,11 36 38 41 55 96 144,7,7,6,1.8944767292094784,0.32663391882922033,11 36 38 41 55 96 141 144,5,11,0,not_tested,0,not_tested,-1,0,0
454,336,107 124 205 220 236 243 247 260,8,8,7,2.0959129928084526,0.31756257466794735,107 124 205 220 236 243 247 260,7,8,0,not_tested,0,not_tested,-1,0,0
455,359,132 133 135 151 155 163 175 176,8,8,7,1.9940741353084215,0.30213244474370021,132 133 135 151 155 163 175 176,7,8,0,not_tested,0,not_tested,-1,0,0
456,525,28,1,1,1,1.374946356303379,0.27498927126067579,14 28 29 43,4,5,0,not_tested,0,not_tested,-1,0,0
457,237,65,1,2,2,2.4612871073099467,0.27347634525666076,2 6 23 35 44 65 72,6,13,0,not_tested,0,not_tested,-1,0,0
458,529,50,1,1,1,1.3645814253094897,0.27291628506189791,31 46 48 50 61 62 140,2,7,0,not_tested,0,not_tested,-1,0,0
459,857,5,1,0,0,0.2727360340280518,0.2727360340280518,5,0,0,0,not_tested,0,not_tested,-1,0,0
460,858,181,1,0,0,0.27267555191874726,0.27267555191874726,181,0,0,0,not_tested,0,not_tested,-1,0,0
461,859,155,1,0,0,0.27245316372823492,0.27245316372823492,155,0,0,0,not_tested,0,not_tested,-1,0,0
462,860,277,1,0,0,0.27166620688710846,0.27166620688710846,277,0,0,0,not_tested,0,not_tested,-1,0,0
463,861,43,1,0,0,0.27063073911618629,0.27063073911618629,43,0,0,0,not_tested,0,not_tested,-1,0,0
464,862,126,1,0,0,0.27005562827021989,0.27005562827021989,126,0,0,0,not_tested,0,not_tested,-1,0,0
465,865,7,1,0,0,0.26888757939587837,0.26888757939587837,7,0,0,0,not_tested,0,not_tested,-1,0,0
466,245,14,1,2,2,2.4097148552411531,0.26774609502679481,11 14 38 41 55 57 80 144,6,11,0,not_tested,0,not_tested,-1,0,0
467,248,80,1,2,2,2.4018763603103177,0.26687515114559085,5 7 31 46 48 80 140,2,6,0,not_tested,0,not_tested,-1,0,0
468,547,147,1,1,1,1.3309353851373502,0.26618707702747002,60 105 147,0,6,0,not_tested,0,not_tested,-1,0,0
469,870,94,1,0,0,0.26595350716015131,0.26595350716015131,94,0,0,0,not_tested,0,not_tested,-1,0,0
470,549,141,1,1,1,1.3296700488731648,0.26593400977463294,5 7 36 141,0,5,0,not_tested,0,not_tested,-1,0,0
471,552,171,1,1,1,1.3282897770591968,0.26565795541183934,107 124 135 151 152 155 171,7,12,0,not_tested,0,not_tested,-1,0,0
472,873,247,1,0,0,0.26331911690785781,0.26331911690785781,247,0,0,0,not_tested,0,not_tested,-1,0,0
473,557,61,1,1,1,1.3156002808621692,0.26312005617243384,31 46 48 61 140 197 202 219,2,9,0,not_tested,0,not_tested,-1,0,0
474,875,237,1,0,0,0.26294388633251542,0.26294388633251542,237,0,0,0,not_tested,0,not_tested,-1,0,0
475,558,228,1,1,1,1.3136648980947814,0.26273297961895625,82 228 240 243 245 256 260 267,1,14,0,not_tested,0,not_tested,-1,0,0
476,877,6,1,0,0,0.26254962225391831,0.26254962225391831,6,0,0,0,not_tested,0,not_tested,-1,0,0
477,560,115,1,1,1,1.3100016379210424,0.26200032758420849,11 36 38 41 55 80 96 115,7,11,0,not_tested,0,not_tested,-1,0,0
478,259,11,1,2,2,2.3532775769696359,0.26147528632995953,5 7 11 36 54 81 141,2,10,0,not_tested,0,not_tested,-1,0,0
479,878,105,1,0,0,0.26104034231706802,0.26104034231706802,105,0,0,0,not_tested,0,not_tested,-1,0,0
480,260,15,1,2,2,2.342415527617538,0.26026839195750423,15 31 197 202 219,3,8,0,not_tested,0,not_tested,-1,0,0
481,574,283,1,1,1,1.2816755682609648,0.25633511365219297,238 254 267 283,0,10,0,not_tested,0,not_tested,-1,0,0
482,575,140,1,1,1,1.2779342894100778,0.25558685788201557,140 197 202 219,1,5,0,not_tested,0,not_tested,-1,0,0
483,579,125,1,1,1,1.2665267100694448,0.25330534201388899,54 76 81 91 93 112 125 126,4,11,0,not_tested,0,not_tested,-1,0,0
484,582,121,1,1,1,1.2588355915519642,0.25176711831039283,29 43 101 121 160 163 206,4,8,0,not_tested,0,not_tested,-1,0,0
485,888,158,1,0,0,0.25162811728457524,0.25162811728457524,158,0,0,0,not_tested,0,not_tested,-1,0,0
486,585,30,1,1,1,1.2523918632859721,0.25047837265719441,14 29 30 43,4,5,0,not_tested,0,not_tested,-1,0,0
487,892,68,1,0,0,0.24897266048914657,0.24897266048914657,68,0,0,0,not_tested,0,not_tested,-1,0,0
488,588,36,1,1,1,1.2436097679894189,0.24872195359788379,5 7 36,0,3,0,not_tested,0,not_tested,-1,0,0
489,893,196,1,0,0,0.24807771165168283,0.24807771165168283,196,0,0,0,not_tested,0,not_tested,-1,0,0
490,894,208,1,0,0,0.24800009406377194,0.24800009406377194,208,0,0,0,not_tested,0,not_tested,-1,0,0
491,895,99,1,0,0,0.24785443077256517,0.24785443077256517,99,0,0,0,not_tested,0,not_tested,-1,0,0
492,897,170,1,0,0,0.24677618391243669,0.24677618391243669,170,0,0,0,not_tested,0,not_tested,-1,0,0
493,899,197,1,0,0,0.2441749035780208,0.2441749035780208,197,0,0,0,not_tested,0,not_tested,-1,0,0
494,901,280,1,0,0,0.24332828736744566,0.24332828736744566,280,0,0,0,not_tested,0,not_tested,-1,0,0
495,906,212,1,0,0,0.24038505516568251,0.24038505516568251,212,0,0,0,not_tested,0,not_tested,-1,0,0
496,910,192,1,0,0,0.23690751184236963,0.23690751184236963,192,0,0,0,not_tested,0,not_tested,-1,0,0
497,611,44,1,1,1,1.1808553038949972,0.23617106077899944,14 29 43 44,4,5,0,not_tested,0,not_tested,-1,0,0
498,911,267,1,0,0,0.23589188070222669,0.23589188070222669,267,0,0,0,not_tested,0,not_tested,-1,0,0
499,914,23,1,0,0,0.23528694317295532,0.23528694317295532,23,0,0,0,not_tested,0,not_tested,-1,0,0
500,916,137,1,0,0,0.23308982764218572,0.23308982764218572,137,0,0,0,not_tested,0,not_tested,-1,0,0
501,919,130,1,0,0,0.23099424768382001,0.23099424768382001,130,0,0,0,not_tested,0,not_tested,-1,0,0
502,923,166,1,0,0,0.22758503984050074,0.22758503984050074,166,0,0,0,not_tested,0,not_tested,-1,0,0
503,925,116,1,0,0,0.22616809641078828,0.22616809641078828,116,0,0,0,not_tested,0,not_tested,-1,0,0
504,276,71 131,2,3,3,2.2736297411010127,0.17489459546930866,27 71 99 115 131 240 245 247,5,13,0,not_tested,0,not_tested,-1,0,0
505,457,41 57,2,2,2,1.5706274252766255,0.1745141583640695,5 7 36 41 54 57 81 141,2,10,0,not_tested,0,not_tested,-1,0,0
506,690,210 211,2,1,1,0.86911969857501858,0.17382393971500371,90 93 112 126 168 193 210 211,1,11,0,not_tested,0,not_tested,-1,0,0
507,280,14 96,2,3,3,2.2590502427469294,0.17377309559591764,5 7 14 36 96 141,2,8,0,not_tested,0,not_tested,-1,0,0
508,691,43 44,2,1,1,0.86834692747302067,0.17366938549460412,14 29 43 44,4,5,0,not_tested,0,not_tested,-1,0,0
509,287,151 167,2,3,3,2.2369111537063007,0.17207008874663851,39 57 137 151 153 167 170 182,3,13,0,not_tested,0,not_tested,-1,0,0
510,699,115 116,2,1,1,0.85821658537395351,0.17164331707479069,115 116,1,1,0,not_tested,0,not_tested,-1,0,0
511,291,176 188,2,3,3,2.2310109878840416,0.17161622983723399,29 43 60 105 176 188,3,8,0,not_tested,0,not_tested,-1,0,0
512,704,61 62,2,1,1,0.85465099220003815,0.17093019844000762,31 46 48 61 62 140,2,6,0,not_tested,0,not_tested,-1,0,0
513,930,6 7,2,0,0,0.17089624156208399,0.17089624156208399,6 7,0,0,0,not_tested,0,not_tested,-1,0,0
514,302,125 127,2,3,3,2.1961079592305826,0.16893138147927558,93 112 125 126 127,3,8,0,not_tested,0,not_tested,-1,0,0
515,713,6 23,2,1,1,0.84147095202182143,0.16829419040436427,6 19 23 68,0,4,0,not_tested,0,not_tested,-1,0,0
516,936,99 130,2,0,0,0.16774144553086756,0.16774144553086756,99 130,0,0,0,not_tested,0,not_tested,-1,0,0
517,478,140 141,2,2,2,1.5035979334369749,0.16706643704855276,5 7 36 140 141 197 202 219,1,10,0,not_tested,0,not_tested,-1,0,0
518,941,196 237,2,0,0,0.16620953395663551,0.16620953395663551,196 237,0,0,0,not_tested,0,not_tested,-1,0,0
519,942,94 126,2,0,0,0.16592620243515055,0.16592620243515055,94 126,0,0,0,not_tested,0,not_tested,-1,0,0
520,719,184 202,2,1,1,0.82745926649343615,0.16549185329868721,184 202,1,1,0,not_tested,0,not_tested,-1,0,0
521,480,137 153,2,2,2,1.4894257978129617,0.16549175531255128,39 54 57 81 137 153,3,10,0,not_tested,0,not_tested,-1,0,0
522,481,163 206,2,2,2,1.4881610852465217,0.16535123169405794,29 43 135 151 155 163 206,5,6,0,not_tested,0,not_tested,-1,0,0
523,322,159 206,2,3,3,2.1364369724404937,0.16434130557234566,60 105 159 206,2,7,0,not_tested,0,not_tested,-1,0,0
524,945,7 23,2,0,0,0.16327926357223546,0.16327926357223546,7 23,0,0,0,not_tested,0,not_tested,-1,0,0
525,725,90 91,2,1,1,0.81601010341751978,0.16320202068350395,90 91,1,1,0,not_tested,0,not_tested,-1,0,0
526,727,93 126,2,1,1,0.81422589306162862,0.1628451786123257,54 76 81 91 93 126 211 212,3,9,0,not_tested,0,not_tested,-1,0,0
527,729,94 140,2,1,1,0.81270924529826705,0.16254184905965338,94 140 197 202 219,1,5,0,not_tested,0,not_tested,-1,0,0
528,730,115 155,2,1,1,0.81190574489072276,0.16238114897814454,115 155,1,1,0,not_tested,0,not_tested,-1,0,0
529,731,161 204,2,1,1,0.81149084659979343,0.16229816931995869,107 124 137 152 153 161 170 204,8,10,0,not_tested,0,not_tested,-1,0,0
530,949,5 6,2,0,0,0.16069279091814093,0.16069279091814093,5 6,0,0,0,not_tested,0,not_tested,-1,0,0
531,738,262 278,2,1,1,0.80272858986728579,0.16054571797345715,36 205 220 236 262 278 280 283,5,8,0,not_tested,0,not_tested,-1,0,0
532,740,260 262,2,1,1,0.80065670309780346,0.16013134061956069,36 205 220 236 260 262 280 283,5,8,0,not_tested,0,not_tested,-1,0,0
533,742,58 72,2,1,1,0.7990395252317164,0.15980790504634326,14 29 43 58 72,4,5,0,not_tested,0,not_tested,-1,0,0
534,745,23 36,2,1,1,0.79599627479402435,0.15919925495880485,5 7 23 36,0,3,0,not_tested,0,not_tested,-1,0,0
535,511,27 57,2,2,2,1.4254212341575818,0.15838013712862017,27 54 57 81 225 240 256,2,11,0,not_tested,0,not_tested,-1,0,0
536,753,82 267,2,1,1,0.78379762151128696,0.1567595243022574,51 65 66 69 78 82 267,6,10,0,not_tested,0,not_tested,-1,0,0
537,514,228 257,2,2,2,1.4072595356760003,0.15636217063066668,228 240 243 245 256 257 260,2,16,0,not_tested,0,not_tested,-1,0,0
538,754,184 204,2,1,1,0.78011808058543686,0.15602361611708734,107 124 137 152 153 170 184 204,8,8,0,not_tested,0,not_tested,-1,0,0
539,956,116 130,2,0,0,0.15582417295519807,0.15582417295519807,116 130,0,0,0,not_tested,0,not_tested,-1,0,0
540,958,155 170,2,0,0,0.1544526893736812,0.1544526893736812,155 170,0,0,0,not_tested,0,not_tested,-1,0,0
541,354,51 65,2,3,3,2.0068778171427617,0.15437521670328935,2 6 23 35 44 51 65 72,7,14,0,not_tested,0,not_tested,-1,0,0
542,522,141 171,2,2,2,1.3863021828679207,0.1540335758742134,5 7 36 141 171,1,6,0,not_tested,0,not_tested,-1,0,0
543,764,188 204,2,1,1,0.76561690825385176,0.15312338165077033,107 124 137 152 153 170 188 204,8,8,0,not_tested,0,not_tested,-1,0,0
544,768,6 214,2,1,1,0.76025047950468205,0.15205009590093641,6 19 23 68 161 184 204 214,2,8,0,not_tested,0,not_tested,-1,0,0
545,963,181 196,2,0,0,0.1504832331837761,0.1504832331837761,181 196,0,0,0,not_tested,0,not_tested,-1,0,0
546,964,99 116,2,0,0,0.14997450722957045,0.14997450722957045,99 116,0,0,0,not_tested,0,not_tested,-1,0,0
547,778,72 146,2,1,1,0.7397515262481198,0.14795030524962394,72 146,1,1,0,not_tested,0,not_tested,-1,0,0
548,548,151 152,2,2,2,1.3298188618262412,0.14775765131402679,39 57 137 151 152 153 170 182,3,12,0,not_tested,0,not_tested,-1,0,0
549,781,146 161,2,1,1,0.73811239006174412,0.14762247801234882,146 161,1,1,0,not_tested,0,not_tested,-1,0,0
550,551,28 30,2,2,2,1.3284160320210276,0.14760178133566973,14 28 29 30 43 44 72,4,12,0,not_tested,0,not_tested,-1,0,0
551,554,65 78,2,2,2,1.3276784308688776,0.14751982565209751,65 66 69 78 116 130 158 182,3,9,0,not_tested,0,not_tested,-1,0,0
552,786,280 283,2,1,1,0.73167198773002851,0.14633439754600569,238 254 267 280 283,0,10,0,not_tested,0,not_tested,-1,0,0
553,969,166 192,2,0,0,0.14604035250754369,0.14604035250754369,166 192,0,0,0,not_tested,0,not_tested,-1,0,0
554,561,195 214,2,2,2,1.3084409216470707,0.14538232462745229,167 195 214,1,4,0,not_tested,0,not_tested,-1,0,0
555,791,210 225,2,1,1,0.72560384146340706,0.14512076829268142,90 93 112 126 168 193 210 225,1,11,0,not_tested,0,not_tested,-1,0,0
556,794,6 36,2,1,1,0.72233491164148556,0.14446698232829711,5 6 7 36,0,3,0,not_tested,0,not_tested,-1,0,0
557,796,7 23 36,3,1,1,0.6717043762753423,0.13434087525506846,5 7 23 36,0,3,0,not_tested,0,not_tested,-1,0,0
558,799,191 192 211,3,1,1,0.67019390877908214,0.13403878175581643,169 181 191 192 196 211 212,0,8,0,not_tested,0,not_tested,-1,0,0
559,174,11 27 41,3,5,5,2.8036972655155497,0.13350939359597855,11 27 39 41 54 57 81,4,13,0,not_tested,0,not_tested,-1,0,0
560,804,160 245 247,3,1,1,0.6589707041447932,0.13179414082895863,82 160 238 243 245 247 260 267,2,12,0,not_tested,0,not_tested,-1,0,0
561,609,191 256 274,3,2,2,1.1832028581940477,0.13146698424378306,71 121 131 183 191 256 269 274,5,9,0,not_tested,0,not_tested,-1,0,0
562,613,5 7 31,3,2,2,1.1801113803969565,0.13112348671077292,5 7 31 197 202 219,2,6,0,not_tested,0,not_tested,-1,0,0
563,415,151 166 167,3,3,3,1.6990066528435168,0.13069281944950129,137 151 153 166 167 170 182,3,8,0,not_tested,0,not_tested,-1,0,0
564,621,28 30 58,3,2,2,1.1679407397751631,0.12977119330835146,14 28 29 30 43 44 58 72,4,13,0,not_tested,0,not_tested,-1,0,0
565,623,29 43 171,3,2,2,1.1637562883365693,0.12930625425961881,29 43 171,2,2,0,not_tested,0,not_tested,-1,0,0
566,303,80 93 96,3,4,4,2.1954161876805398,0.1291421286870906,5 7 36 80 93 96 141,2,10,0,not_tested,0,not_tested,-1,0,0
567,420,30 57 58,3,3,3,1.6710917636181286,0.12854552027831759,30 44 54 57 58 72 81,3,9,0,not_tested,0,not_tested,-1,0,0
568,421,135 151 167,3,3,3,1.6636572541571373,0.12797363493516439,135 137 151 153 167 170 182,3,8,0,not_tested,0,not_tested,-1,0,0
569,975,181 196 212,3,0,0,0.12787720625301549,0.12787720625301549,181 196 212,0,0,0,not_tested,0,not_tested,-1,0,0
570,632,135 151 152,3,2,2,1.1419380136256547,0.12688200151396165,135 137 151 152 153 170 182,2,7,0,not_tested,0,not_tested,-1,0,0
571,430,54 81 224,3,3,3,1.6473421464405054,0.12671862664926964,54 81 224 225 240 256,2,9,0,not_tested,0,not_tested,-1,0,0
572,641,135 151 240,3,2,2,1.1313999450611831,0.12571110500679811,135 137 151 153 170 182 240,2,7,0,not_tested,0,not_tested,-1,0,0
573,436,122 125 135,3,3,3,1.6312296104818538,0.12547920080629643,122 125 135 137 153 170 182,3,8,0,not_tested,0,not_tested,-1,0,0
574,979,116 130 158,3,0,0,0.12463483577227266,0.12463483577227266,116 130 158,0,0,0,not_tested,0,not_tested,-1,0,0
575,829,192 210 225,3,1,1,0.61633050874204032,0.12326610174840807,192 210 225,1,1,0,not_tested,0,not_tested,-1,0,0
576,647,146 147 161,3,2,2,1.1045264124525571,0.12272515693917301,60 105 146 147 161,1,7,0,not_tested,0,not_tested,-1,0,0
577,449,135 151 155,3,3,3,1.5954085798007267,0.1227237369077482,135 137 151 153 155 170 182,3,8,0,not_tested,0,not_tested,-1,0,0
578,338,14 29 43,3,4,4,2.0801262118637531,0.12236036540375017,11 14 29 38 41 43 55 144,8,8,0,not_tested,0,not_tested,-1,0,0
579,832,6 61 62,3,1,1,0.61070563781117249,0.12214112756223448,6 31 46 48 61 62 140,2,6,0,not_tested,0,not_tested,-1,0,0
580,453,184 201 232,3,3,3,1.5837830314724752,0.12182946395942117,169 181 184 196 201 211 212 232,2,9,0,not_tested,0,not_tested,-1,0,0
581,835,72 105 146,3,1,1,0.60784069790123185,0.12156813958024636,72 105 146,1,1,0,not_tested,0,not_tested,-1,0,0
582,656,28 58 72,3,2,2,1.0934818896563308,0.12149798773959229,14 28 29 43 44 58 72,4,8,0,not_tested,0,not_tested,-1,0,0
583,460,31 61 62,3,3,3,1.5559706505635689,0.11969005004335145,31 61 62 197 202 219,3,7,0,not_tested,0,not_tested,-1,0,0
584,840,77 91 94,3,1,1,0.5931174144883401,0.11862348289766803,77 91 94,1,1,0,not_tested,0,not_tested,-1,0,0
585,841,43 44 58,3,1,1,0.5924496349465842,0.11848992698931683,14 29 43 44 58,4,5,0,not_tested,0,not_tested,-1,0,0
586,663,69 147 159,3,2,2,1.0537214073753021,0.11708015637503355,60 69 105 147 159,1,7,0,not_tested,0,not_tested,-1,0,0
587,664,27 43 57,3,2,2,1.0476347281182206,0.11640385867980227,27 43 54 57 81 225 240 256,2,11,0,not_tested,0,not_tested,-1,0,0
588,666,76 90 91,3,2,2,1.0437430351425629,0.11597144834917367,76 90 91 211 212,1,5,0,not_tested,0,not_tested,-1,0,0
589,667,204 254 281,3,2,2,1.0395814477353296,0.11550904974836995,204 238 254 267 281,1,8,0,not_tested,0,not_tested,-1,0,0
590,668,112 154 183,3,2,2,1.0330989529326253,0.11478877254806946,112 137 153 154 170 182 183,2,7,0,not_tested,0,not_tested,-1,0,0
591,675,99 101 115,3,2,2,1.0124647103106004,0.11249607892340004,82 99 101 115 267,2,3,0,not_tested,0,not_tested,-1,0,0
592,677,183 214 216,3,2,2,1.0077266081432668,0.11196962312702963,183 214 216,2,2,0,not_tested,0,not_tested,-1,0,0
593,682,90 91 93,3,2,2,0.99764386246819614,0.11084931805202179,54 76 81 90 91 93 211 212,3,11,0,not_tested,0,not_tested,-1,0,0
594,391,15 46 48 50,4,4,4,1.8823382716786776,0.11072578068698104,15 31 46 48 50 61 62 140,2,15,0,not_tested,0,not_tested,-1,0,0
595,531,31 46 61 62,4,3,3,1.363551496200881,0.10488857663083699,31 46 48 61 62 140,2,6,0,not_tested,0,not_tested,-1,0,0
596,221,51 65 66 78,4,6,6,2.5527653598539604,0.10211061439415842,51 60 65 66 78 105 176 188,8,13,0,not_tested,0,not_tested,-1,0,0
597,419,61 62 80 154,4,4,4,1.6712112832210004,0.098306546071823542,61 62 80 137 153 154 170 182,4,9,0,not_tested,0,not_tested,-1,0,0
598,342,14 29 30 44,4,5,5,2.0551672950803517,0.097865109289540564,14 29 30 43 44,4,7,0,not_tested,0,not_tested,-1,0,0
599,371,132 133 163 175 176,5,5,5,1.9627356534810703,0.093463602546717636,14 60 105 132 133 163 175 176,5,11,0,not_tested,0,not_tested,-1,0,0
600,375,15 46 48 50 207,5,5,5,1.9459002040411586,0.092661914478150406,15 31 46 48 50 61 62 207,4,14,0,not_tested,0,not_tested,-1,0,0
601,269,262 273 277 278,4,6,6,2.3144053545589225,0.092576214182356883,2 35 44 72 262 273 277 278,8,15,0,not_tested,0,not_tested,-1,0,0
602,217,14 29 43 132 133,5,7,7,2.5881055820472509,0.089245020070594858,14 29 43 60 105 132 133,6,11,0,not_tested,0,not_tested,-1,0,0
603,407,61 62 80 154 171,5,5,5,1.7737704794193594,0.084465260924731403,61 62 80 137 153 154 171,6,7,0,not_tested,0,not_tested,-1,0,0
604,198,29 61 62 80 154 171,6,8,8,2.7126597045222454,0.082201809227946843,29 61 62 80 154 171 183,7,10,0,not_tested,0,not_tested,-1,0,0
605,132,2 35 49 167 262 273 277,7,10,10,3.07221086301722,0.07493197226871269,2 35 49 167 262 273 277,10,10,0,not_tested,0,not_tested,-1,0,0
606,204,51 71 73 117 120 121 131,7,9,9,2.6660040805751595,0.072054164339869178,51 71 73 117 120 121 131 269,9,10,0,not_tested,0,not_tested,-1,0,0
607,130,257 262 273 274 276 277 278,7,11,11,3.0799791913004984,0.06844398202889998,246 257 262 273 274 276 277 278,12,13,0,not_tested,0,not_tested,-1,0,0
608,186,132 133 141 175 248 254 262 281,8,10,10,2.7593976754595868,0.067302382328282603,132 133 141 175 248 254 262 281,10,10,0,not_tested,0,not_tested,-1,0,0
609,299,36 96 205 220 228 236 280,7,8,8,2.2050828765416544,0.066820693228534983,36 96 141 205 220 228 236 280,7,10,0,not_tested,0,not_tested,-1,0,0
610,199,29 61 62 80 154 171 216,7,10,10,2.7079485341532257,0.066047525223249415,29 61 62 80 154 171 183 216,9,12,0,not_tested,0,not_tested,-1,0,0
611,442,29 43 132 133 163 175 176,7,6,6,1.6152656210904643,0.064610624843618583,14 29 43 132 133 163 175 176,7,11,0,not_tested,0,not_tested,-1,0,0
612,254,132 133 141 175 248 254 281,7,9,9,2.3815741945526119,0.064366870123043568,132 133 141 175 248 254 273 281,10,10,0,not_tested,0,not_tested,-1,0,0
613,409,65 69 78 132 133 147 159 175,8,7,7,1.7622214489085433,0.060766256858915277,65 69 78 132 133 147 159 175,7,7,0,not_tested,0,not_tested,-1,0,0
614,247,71 121 131 133 183 216 248 269,8,10,11,2.4051307493603558,-0.17598517678246506,71 121 131 133 183 216 248 269,11,10,0,not_tested,0,not_tested,-1,0,0
615,145,132 133 141 175 216 248 259 273,8,12,13,3.0021816278922224,-0.18380703844238097,132 133 141 175 216 248 259 273,13,12,0,not_tested,0,not_tested,-1,0,0
616,180,7 132 133 141 175 216 248 259,8,11,12,2.7843270146380639,-0.18562180097587094,7 132 133 141 175 216 248 259,12,11,0,not_tested,0,not_tested,-1,0,0
617,256,14 54 81 132 141 175 224 259,8,9,10,2.3723046931292981,-0.19234902917264582,14 54 81 132 141 175 224 259,10,9,0,not_tested,0,not_tested,-1,0,0
618,166,29 61 62 80 154 171 207 216,8,10,11,2.8346889763748386,-0.2074162665640126,29 61 62 80 154 171 207 216,11,10,0,not_tested,0,not_tested,-1,0,0
619,112,132 133 141 175 248 262 277 278,8,11,12,3.1653884082837433,-0.2110258938855829,132 133 141 175 248 262 277 278,12,11,0,not_tested,0,not_tested,-1,0,0
620,403,36 205 220 228 236 273 280,7,6,7,1.8037162358389924,-0.21644594830067909,36 205 220 228 236 273 280 283,7,12,0,not_tested,0,not_tested,-1,0,0
621,333,31 46 48 262 273 277 278,7,7,8,2.1010533746855939,-0.21735034910540624,31 46 48 167 262 273 277 278,8,10,0,not_tested,0,not_tested,-1,0,0
622,325,107 124 137 152 153 170,6,7,8,2.1266535938834301,-0.21999864764311344,107 124 137 152 153 170 182,7,10,0,not_tested,0,not_tested,-1,0,0
623,387,11 38 41 55 96 144 216,7,6,7,1.8993520422947265,-0.22792224507536718,11 38 41 55 80 96 144 216,8,8,0,not_tested,0,not_tested,-1,0,0
624,384,107 124 135 151 152 154,6,6,7,1.9068124463194054,-0.22881749355832864,107 124 135 151 152 154 155,7,11,0,not_tested,0,not_tested,-1,0,0
625,294,107 124 137 152 153 170 204,7,7,8,2.2220583509716643,-0.22986810527293075,107 124 137 152 153 170 182 204,7,10,0,not_tested,0,not_tested,-1,0,0
626,428,107 124 205 220 236 254,6,5,6,1.6524542881152879,-0.23606489830218397,107 124 137 153 205 220 236 254,7,7,0,not_tested,0,not_tested,-1,0,0
627,670,205 220 236 280 283,5,3,4,1.0326377568695382,-0.2383010208160472,205 220 236 238 254 267 280 283,2,14,0,not_tested,0,not_tested,-1,0,0
628,353,107 124 135 151 152,5,6,7,2.0113448651582355,-0.24136138381898822,107 124 135 137 151 152 153 155,8,15,0,not_tested,0,not_tested,-1,0,0
629,335,71 73 117 120 121 131,6,6,7,2.0964816333077865,-0.25157779599693436,71 73 117 120 121 131 183 269,6,12,0,not_tested,0,not_tested,-1,0,0
630,404,36 205 220 228 236 280,6,5,6,1.7961527161571491,-0.25659324516530702,36 205 220 228 236 280 283,6,11,0,not_tested,0,not_tested,-1,0,0
631,492,73 120 257 269 274,5,4,5,1.4632449231373903,-0.25821969231836295,60 73 105 120 257 269 274,4,8,0,not_tested,0,not_tested,-1,0,0
632,490,132 133 147 159 175,5,4,5,1.4655722597743794,-0.25863039878371402,60 105 132 133 147 159 175,4,9,0,not_tested,0,not_tested,-1,0,0
633,488,65 69 78 147 159,5,4,5,1.4698774258882592,-0.25939013398028105,60 65 69 78 105 147 159,4,9,0,not_tested,0,not_tested,-1,0,0
634,224,262 273 276 277 278,5,7,8,2.5300622061817859,-0.26173057305328817,2 35 262 273 276 277 278,10,13,0,not_tested,0,not_tested,-1,0,0
635,402,132 133 159 175 176,5,5,6,1.8493262593701723,-0.26418946562431034,60 105 132 133 159 175 176,5,9,0,not_tested,0,not_tested,-1,0,0
636,452,11 38 41 55 144,5,4,5,1.5889879794163833,-0.28040964342642055,11 38 39 41 55 57 80 144,4,12,0,not_tested,0,not_tested,-1,0,0
637,591,73 101 117 120 121,5,3,4,1.2243748002175852,-0.28254803081944269,71 73 101 117 120 121 131 269,7,12,0,not_tested,0,not_tested,-1,0,0
638,184,2 35 66 146,4,7,8,2.7693917396443171,-0.28648880065286036,2 6 23 35 44 66 72 146,9,12,0,not_tested,0,not_tested,-1,0,0
639,408,71 135 151 155,4,4,5,1.7634173963747459,-0.31119130524260225,71 135 137 151 153 155 170 182,5,9,0,not_tested,0,not_tested,-1,0,0
640,685,137 152 153 170,4,2,3,0.97538906761673783,-0.32512968920557928,39 57 137 152 153 170 182,3,10,0,not_tested,0,not_tested,-1,0,0
641,504,6 23 29 171,4,3,4,1.4487524174035331,-0.33432748093927689,6 19 23 29 39 57 68 171,3,11,0,not_tested,0,not_tested,-1,0,0
642,676,140 141 144,3,2,3,1.0104268039937607,-0.33680893466458689,5 7 36 140 141 144,1,6,0,not_tested,0,not_tested,-1,0,0
643,673,214 216 228,3,2,3,1.0156883820765972,-0.33856279402553235,214 216 228 240 243 245 256 260,3,14,0,not_tested,0,not_tested,-1,0,0
644,672,141 144 171,3,2,3,1.0207377330863083,-0.34024591102876939,5 7 36 141 144 171,1,6,0,not_tested,0,not_tested,-1,0,0
645,845,99 101 163,3,1,2,0.56904370601867937,-0.34142622361120761,29 43 99 101 135 151 155 163,5,5,0,not_tested,0,not_tested,-1,0,0
646,844,188 236 237,3,1,2,0.5695504867219956,-0.34173029203319732,188 236 237 240 243 245 247 260,1,11,0,not_tested,0,not_tested,-1,0,0
647,671,205 220 236,3,2,3,1.0252293733983422,-0.34174312446611405,205 220 236 238 240 245 267,1,8,0,not_tested,0,not_tested,-1,0,0
648,482,159 176 188,3,3,4,1.4881012220906664,-0.34340797432861525,29 43 60 105 159 176 188,4,8,0,not_tested,0,not_tested,-1,0,0
649,476,257 274 276,3,3,4,1.5060690305287958,-0.34755439166049129,71 121 131 183 257 269 274 276,7,10,0,not_tested,0,not_tested,-1,0,0
650,475,36 38 80,3,3,4,1.5112873114645338,-0.34875861033796929,5 7 36 38 54 80 81 141,3,10,0,not_tested,0,not_tested,-1,0,0
651,662,140 154 183,3,2,3,1.0560239714868773,-0.3520079904956257,137 140 153 154 170 182 183,3,7,0,not_tested,0,not_tested,-1,0,0
652,660,188 204 205,3,2,3,1.0651956364335071,-0.35506521214450237,188 204 205 240 243 245 247 260,2,12,0,not_tested,0,not_tested,-1,0,0
653,838,146 161 204,3,1,2,0.59735688754526539,-0.35841413252715926,146 161 204,2,1,0,not_tested,0,not_tested,-1,0,0
654,837,76 91 94,3,1,2,0.59905203684959152,-0.35943122210975487,76 91 94 211 212,1,4,0,not_tested,0,not_tested,-1,0,0
655,659,196 257 276,3,2,3,1.0814014048481588,-0.36046713494938626,196 240 243 245 256 257 260 276,3,13,0,not_tested,0,not_tested,-1,0,0
656,657,27 99 115,3,2,3,1.0860870576849679,-0.36202901922832265,27 82 99 115 267,3,3,0,not_tested,0,not_tested,-1,0,0
657,654,201 232 237,3,2,3,1.098951050608995,-0.366317016869665,169 181 196 201 211 212 232 237,2,8,0,not_tested,0,not_tested,-1,0,0
658,830,99 101 117,3,1,2,0.61266695426611151,-0.36760017255966687,29 43 99 101 117 160 163 206,5,7,0,not_tested,0,not_tested,-1,0,0
659,646,246 256 274,3,2,3,1.1055924110175139,-0.36853080367250463,71 121 131 183 246 256 269 274,6,9,0,not_tested,0,not_tested,-1,0,0
660,445,69 80 81,3,3,4,1.6070239270813889,-0.3708516754803205,5 7 69 80 81 225 240 256,2,10,0,not_tested,0,not_tested,-1,0,0
661,645,137 152 153,3,2,3,1.1173619207384224,-0.37245397357947407,39 57 137 152 153 170 182,3,10,0,not_tested,0,not_tested,-1,0,0
662,439,66 116 182,3,3,4,1.6245430724231444,-0.37489455517457176,60 66 105 116 176 182 188,6,10,0,not_tested,0,not_tested,-1,0,0
663,824,99 115 155,3,1,2,0.62492798341885536,-0.37495679005131322,82 99 115 155 267,2,2,0,not_tested,0,not_tested,-1,0,0
664,437,262 277 278,3,3,4,1.6269959195227139,-0.37546059681293392,2 35 44 72 262 277 278,6,12,0,not_tested,0,not_tested,-1,0,0
665,633,188 232 237,3,2,3,1.1419328251922911,-0.38064427506409704,169 181 188 196 211 212 232 237,2,8,0,not_tested,0,not_tested,-1,0,0
666,426,147 175 176,3,3,4,1.6540663122270434,-0.38170761051393304,29 43 60 105 147 175 176,4,9,0,not_tested,0,not_tested,-1,0,0
667,819,192 195 196,3,1,2,0.63918008784432245,-0.38350805270659344,167 192 195 196,1,3,0,not_tested,0,not_tested,-1,0,0
668,629,51 69 116,3,2,3,1.156528610584052,-0.38550953686135064,51 66 69 78 116 130 158,5,4,0,not_tested,0,not_tested,-1,0,0
669,628,161 204 205,3,2,3,1.1569467879164015,-0.38564892930546713,161 204 205 240 243 245 247 260,2,12,0,not_tested,0,not_tested,-1,0,0
670,811,115 155 160,3,1,2,0.65177339927930877,-0.39106403956758523,82 115 155 160 238 243 260 267,3,11,0,not_tested,0,not_tested,-1,0,0
671,190,107 122 125,3,5,6,2.7527649103221918,-0.39325213004602733,107 122 125 137 153 170 182,6,10,0,not_tested,0,not_tested,-1,0,0
672,808,31 46 48,3,1,2,0.65610805391998483,-0.3936648323519909,31 46 48 197 202 219,2,5,0,not_tested,0,not_tested,-1,0,0
673,286,71 121 131,3,4,5,2.2372939181268285,-0.39481657378708734,71 101 121 131 160 163 206 269,6,12,0,not_tested,0,not_tested,-1,0,0
674,284,127 137 153,3,4,5,2.2497944532464862,-0.39702255057290936,39 54 57 81 127 137 153,6,12,0,not_tested,0,not_tested,-1,0,0
675,802,99 115 116,3,1,2,0.66743171926382439,-0.4004590315582946,82 99 115 116 267,2,2,0,not_tested,0,not_tested,-1,0,0
676,798,27 99 101,3,1,2,0.67022957385775384,-0.40213774431465227,27 82 99 101 267,2,2,0,not_tested,0,not_tested,-1,0,0
677,572,71 121,2,2,3,1.2921130464315271,-0.43070434881050912,29 43 71 101 121 160 163 206,6,9,0,not_tested,0,not_tested,-1,0,0
678,571,205 220,2,2,3,1.2975071126856479,-0.43250237089521598,205 220 238 240 245 267,1,8,0,not_tested,0,not_tested,-1,0,0
679,792,146 147,2,1,2,0.72382560957371223,-0.43429536574422734,60 105 146 147,1,6,0,not_tested,0,not_tested,-1,0,0
680,390,14 54,2,3,4,1.8838658554055037,-0.43473827432434703,14 54 225 240 256,3,9,0,not_tested,0,not_tested,-1,0,0
681,790,219 220,2,1,2,0.72633324832458579,-0.4357999489947515,219 220 240 243 245 247 260,1,11,0,not_tested,0,not_tested,-1,0,0
682,970,192 210,2,0,1,0.14583335447548096,-0.43750006342644293,90 93 112 126 168 192 193 210,1,10,0,not_tested,0,not_tested,-1,0,0
683,787,183 216,2,1,2,0.73153201215227426,-0.43891920729136458,169 181 183 191 196 211 212 216,1,9,0,not_tested,0,not_tested,-1,0,0
684,785,120 131,2,1,2,0.73182625527053158,-0.43909575316231897,60 71 105 120 121 131 183 269,4,14,0,not_tested,0,not_tested,-1,0,0
685,783,195 212,2,1,2,0.73377403134136221,-0.44026441880481731,167 169 181 191 195 196 211 212,0,14,0,not_tested,0,not_tested,-1,0,0
686,782,7 216,2,1,2,0.73411152283751901,-0.44046691370251145,7 169 181 191 196 211 212 216,1,9,0,not_tested,0,not_tested,-1,0,0
687,555,195 228,2,2,3,1.3243335876641014,-0.44144452922136718,167 195 228 240 243 245 256 260,2,16,0,not_tested,0,not_tested,-1,0,0
688,968,166 210,2,0,1,0.14746702156653721,-0.44240106469961166,90 93 112 126 166 168 193 210,1,13,0,not_tested,0,not_tested,-1,0,0
689,540,51 69,2,2,3,1.3374773418525052,-0.44582578061750178,51 66 69 78 116 130 158,5,4,0,not_tested,0,not_tested,-1,0,0
690,775,101 117,2,1,2,0.74656892306838618,-0.44794135384103173,29 43 101 117 160 163 206,5,7,0,not_tested,0,not_tested,-1,0,0
691,773,29 43,2,1,2,0.74915453851420444,-0.44949272310852267,29 43 107 124 135 151 152 155,8,12,0,not_tested,0,not_tested,-1,0,0
692,534,127 137,2,2,3,1.358296864123089,-0.45276562137436305,93 112 126 127 137,3,6,0,not_tested,0,not_tested,-1,0,0
693,771,49 50,2,1,2,0.75667280447697394,-0.45400368268618435,31 46 48 49 50 61 62 140,3,7,0,not_tested,0,not_tested,-1,0,0
694,769,192 195,2,1,2,0.75923748890220433,-0.45554249334132263,167 192 195,1,3,0,not_tested,0,not_tested,-1,0,0
695,960,82 99,2,0,1,0.15208805659817226,-0.45626416979451684,51 65 66 69 78 82 99,6,9,0,not_tested,0,not_tested,-1,0,0
696,766,147 159,2,1,2,0.76365380422406193,-0.45819228253443717,60 105 147 159,1,6,0,not_tested,0,not_tested,-1,0,0
697,762,246 259,2,1,2,0.76704702709740336,-0.46022821625844207,71 73 120 121 131 183 246 259,7,11,0,not_tested,0,not_tested,-1,0,0
698,761,135 151,2,1,2,0.76745610410129173,-0.46047366246077504,39 57 135 137 151 153 170 182,2,11,0,not_tested,0,not_tested,-1,0,0
699,959,191 192,2,0,1,0.15376050798773358,-0.46128152396320077,169 181 191 192 196 211 212,0,8,0,not_tested,0,not_tested,-1,0,0
700,523,131 133,2,2,3,1.384635126761476,-0.46154504225382537,29 43 60 105 131 133,3,7,0,not_tested,0,not_tested,-1,0,0
701,759,205 208,2,1,2,0.77029189022491351,-0.46217513413494815,205 208 240 243 245 247 260,1,11,0,not_tested,0,not_tested,-1,0,0
702,757,29 171,2,1,2,0.77294367160626154,-0.46376620296375698,29 107 124 135 151 152 155 171,8,12,0,not_tested,0,not_tested,-1,0,0
703,183,132 133 141 175 216 248 259,7,10,12,2.7703606244622283,-0.47298839929842923,132 133 141 175 216 248 259 269,11,11,0,not_tested,0,not_tested,-1,0,0
704,512,176 190,2,2,3,1.4207811242287356,-0.47359370807624523,29 43 60 105 176 190,3,7,0,not_tested,0,not_tested,-1,0,0
705,746,216 259,2,1,2,0.79590974766807321,-0.47754584860084393,169 181 191 196 211 212 216 259,1,9,0,not_tested,0,not_tested,-1,0,0
706,744,72 73,2,1,2,0.79641966267655895,-0.47785179760593544,29 43 72 73 101 160 163 206,5,8,0,not_tested,0,not_tested,-1,0,0
707,509,201 232,2,2,3,1.4346398830749967,-0.47821329435833226,169 181 196 201 211 212 232,2,8,0,not_tested,0,not_tested,-1,0,0
708,507,257 274,2,2,3,1.4364733652567336,-0.47882445508557792,71 121 131 183 257 269 274,6,9,0,not_tested,0,not_tested,-1,0,0
709,952,197 202,2,0,1,0.16000507650622636,-0.48001522951867909,197 202,1,0,0,not_tested,0,not_tested,-1,0,0
710,337,167 273,2,3,4,2.0818197048390412,-0.48041993188593263,2 19 35 44 68 72 167 273,5,15,0,not_tested,0,not_tested,-1,0,0
711,950,280 281,2,0,1,0.16015956718321844,-0.48047870154965538,238 254 267 280 281,0,8,0,not_tested,0,not_tested,-1,0,0
712,739,144 171,2,1,2,0.80239945777418453,-0.48143967466451076,5 7 36 141 144 171,1,6,0,not_tested,0,not_tested,-1,0,0
713,736,30 58,2,1,2,0.80444208696437747,-0.48266525217862649,14 29 30 43 44 58 72,4,9,0,not_tested,0,not_tested,-1,0,0
714,735,99 115,2,1,2,0.80592257124942235,-0.4835535427496534,82 99 115 267,2,2,0,not_tested,0,not_tested,-1,0,0
715,733,141 144,2,1,2,0.80981627486505481,-0.48588976491903291,5 7 36 141 144,0,5,0,not_tested,0,not_tested,-1,0,0
716,728,159 188,2,1,2,0.81367358111466059,-0.48820414866879636,60 105 159 188,1,5,0,not_tested,0,not_tested,-1,0,0
717,327,11 54,2,3,4,2.1174637190437,-0.48864547362546934,5 7 11 36 54 81 141,2,10,0,not_tested,0,not_tested,-1,0,0
718,726,214 216,2,1,2,0.81465361221506583,-0.48879216732903952,169 181 191 196 211 212 214 216,1,9,0,not_tested,0,not_tested,-1,0,0
719,215,51 66 71 73 117 120 121 131,8,9,11,2.5919456593568424,-0.49036809771615941,51 66 71 73 117 120 121 131,11,9,0,not_tested,0,not_tested,-1,0,0
720,722,76 91,2,1,2,0.81975167007997174,-0.49185100204798304,76 91 211 212,1,4,0,not_tested,0,not_tested,-1,0,0
721,720,184 201,2,1,2,0.82453774821543235,-0.49472264892925943,169 181 184 196 201 211 212,1,7,0,not_tested,0,not_tested,-1,0,0
722,319,80 96,2,3,4,2.1455163869935436,-0.49511916622927932,5 7 36 80 96 141,2,9,0,not_tested,0,not_tested,-1,0,0
723,263,191 201 232 246 257 274 276,7,8,10,2.3356607979470905,-0.49544319956453425,191 201 232 246 257 274 276,10,8,0,not_tested,0,not_tested,-1,0,0
724,315,11 27,2,3,4,2.1561228006029673,-0.49756680013914634,11 27 36 54 57 81 141,4,11,0,not_tested,0,not_tested,-1,0,0
725,717,196 257,2,1,2,0.83129596663077432,-0.49877757997846456,196 240 243 245 256 257 260,2,12,0,not_tested,0,not_tested,-1,0,0
726,940,207 208,2,0,1,0.16674728682568765,-0.50024186047706298,5 7 77 94 140 207 208 216,4,7,0,not_tested,0,not_tested,-1,0,0
727,937,247 262,2,0,1,0.16758934277911464,-0.50276802833734391,36 205 220 236 247 262 280 283,5,7,0,not_tested,0,not_tested,-1,0,0
728,474,257 276,2,2,3,1.5145112657742472,-0.50483708859141574,240 243 245 256 257 260 276,3,13,0,not_tested,0,not_tested,-1,0,0
729,711,152 153,2,1,2,0.84746972637996798,-0.50848183582798079,39 57 137 152 153 170 182,3,10,0,not_tested,0,not_tested,-1,0,0
730,708,195 196,2,1,2,0.84965817846904423,-0.50979490708142661,167 169 181 191 195 196 211 212,0,14,0,not_tested,0,not_tested,-1,0,0
731,707,5 31,2,1,2,0.85018683541785689,-0.51011210125071416,5 31 197 202 219,2,5,0,not_tested,0,not_tested,-1,0,0
732,706,159 161,2,1,2,0.85054970597312118,-0.51032982358387269,60 105 159 161,1,5,0,not_tested,0,not_tested,-1,0,0
733,329,132 133 141 175 248 259,6,7,9,2.1145581079029969,-0.51041057776968901,14 132 133 141 175 248 259 273,11,11,0,not_tested,0,not_tested,-1,0,0
734,702,154 183,2,1,2,0.85582996446728299,-0.51349797868036984,39 57 137 153 154 170 182 183,2,11,0,not_tested,0,not_tested,-1,0,0
735,465,147 176,2,2,3,1.541709088870385,-0.51390302962346179,29 43 60 105 147 176,3,8,0,not_tested,0,not_tested,-1,0,0
736,692,94 96,2,1,2,0.86815183004634044,-0.52089109802780431,5 7 36 94 96 127 141,4,8,0,not_tested,0,not_tested,-1,0,0
737,150,107 122,2,4,5,2.9585166476194398,-0.52209117310931297,107 122 137 153 170 182 240 245,4,13,0,not_tested,0,not_tested,-1,0,0
738,780,76 91 166 192 210,5,2,4,0.73828462891489677,-0.57422137804491968,76 91 166 192 210 211 212,3,5,0,not_tested,0,not_tested,-1,0,0
739,406,11 36 38 41 55 96,6,5,7,1.7896482069075017,-0.59654940230250064,11 36 38 41 55 80 96 141,6,14,0,not_tested,0,not_tested,-1,0,0
740,370,71 73 120 121 131,5,5,7,1.9734184316804015,-0.65780614389346714,71 73 120 121 131 183 269,6,11,0,not_tested,0,not_tested,-1,0,0
741,710,166 192 210 224,4,2,4,0.84868457963711852,-0.66008800638442555,76 91 166 192 210 211 212 224,4,8,0,not_tested,0,not_tested,-1,0,0
742,355,14 132 141 175 259,5,5,7,2.0045302145341943,-0.66817673817806478,14 36 60 105 132 141 175 259,6,11,0,not_tested,0,not_tested,-1,0,0
743,697,73 120 269 274,4,2,4,0.85925912027695783,-0.66831264910430055,60 73 105 120 257 269 274,4,8,0,not_tested,0,not_tested,-1,0,0
744,693,5 29 77 94 140,5,2,4,0.86660992308845297,-0.67402994017990792,5 29 77 94 127 140,6,4,0,not_tested,0,not_tested,-1,0,0
745,640,96,1,1,2,1.1317433979165017,-0.67904603874990099,5 7 36 96 141,1,6,0,not_tested,0,not_tested,-1,0,0
746,635,273,1,1,2,1.1405780345022507,-0.68434682070135033,36 205 220 228 236 273 280 283,7,12,0,not_tested,0,not_tested,-1,0,0
747,634,55,1,1,2,1.1417238237326612,-0.68503429423959683,5 7 36 54 55 81 141,2,9,0,not_tested,0,not_tested,-1,0,0
748,921,144,1,0,1,0.2302945663202495,-0.69088369896074853,5 7 36 141 144,0,5,0,not_tested,0,not_tested,-1,0,0
749,918,160,1,0,1,0.23137376106328322,-0.69412128318984967,82 160 238 243 260 267,2,9,0,not_tested,0,not_tested,-1,0,0
750,917,91,1,0,1,0.23255892483383989,-0.69767677450151966,76 91 166 192 210 225 240 256,3,9,0,not_tested,0,not_tested,-1,0,0
751,567,11 38 41 55,4,3,5,1.3039066872317597,-0.70210360081710144,11 38 39 41 55 57 80,4,11,0,not_tested,0,not_tested,-1,0,0
752,618,71,1,1,2,1.171119767627278,-0.70267186057636677,27 71 99 115 240 245 247,4,11,0,not_tested,0,not_tested,-1,0,0
753,915,58,1,0,1,0.23476864887581847,-0.70430594662745538,14 29 43 58,4,4,0,not_tested,0,not_tested,-1,0,0
754,912,78,1,0,1,0.23550382879965057,-0.70651148639895167,2 6 23 35 44 72 78,5,11,0,not_tested,0,not_tested,-1,0,0
755,413,132 133 141 175,4,4,6,1.7193068440563788,-0.70794987696439127,36 60 105 132 133 141 175,5,10,0,not_tested,0,not_tested,-1,0,0
756,441,5 29 31 77 91 94 140 195,8,6,9,1.620495382548844,-0.71301796832149134,5 29 31 77 91 94 140 195,9,6,0,not_tested,0,not_tested,-1,0,0
757,908,202,1,0,1,0.23835191793902913,-0.71505575381708741,11 14 38 41 55 96 144 202,6,18,0,not_tested,0,not_tested,-1,0,0
758,412,246 257 274 276,4,4,6,1.7382365016156132,-0.71574444184172314,71 121 131 183 246 257 274 276,10,10,0,not_tested,0,not_tested,-1,0,0
759,907,82,1,0,1,0.23930466268481146,-0.7179139880544344,51 65 66 69 78 82 130 158,6,13,0,not_tested,0,not_tested,-1,0,0
760,904,62,1,0,1,0.24167035158911471,-0.72501105476734407,31 46 48 62 140 197 202 219,2,8,0,not_tested,0,not_tested,-1,0,0
761,903,191,1,0,1,0.24273398723088094,-0.72820196169264284,169 181 191 196 211 212,0,8,0,not_tested,0,not_tested,-1,0,0
762,900,27,1,0,1,0.24399215769232385,-0.73197647307697156,11 27 38 39 41 54 55 57,5,17,0,not_tested,0,not_tested,-1,0,0
763,592,257,1,1,2,1.2223813334692777,-0.73342880008156652,82 240 243 245 256 257 260 267,2,13,0,not_tested,0,not_tested,-1,0,0
764,898,204,1,0,1,0.24574716903093261,-0.73724150709279779,107 124 137 152 153 170 182 204,7,10,0,not_tested,0,not_tested,-1,0,0
765,589,205,1,1,2,1.2410872645566786,-0.74465235873400715,82 205 240 243 245 247 260 267,1,12,0,not_tested,0,not_tested,-1,0,0
766,891,39,1,0,1,0.24929048369627696,-0.74787145108883091,39 54 81 225 240 256,1,9,0,not_tested,0,not_tested,-1,0,0
767,887,210,1,0,1,0.25407682087713956,-0.76223046263141869,90 93 112 126 168 193 210,1,10,0,not_tested,0,not_tested,-1,0,0
768,886,207,1,0,1,0.25424838146430456,-0.76274514439291363,5 7 77 94 127 140 207 216,6,9,0,not_tested,0,not_tested,-1,0,0
769,885,146,1,0,1,0.25440064665764334,-0.76320193997292995,51 71 73 117 120 121 131 146,9,13,0,not_tested,0,not_tested,-1,0,0
770,573,151,1,1,2,1.2841073190617349,-0.77046439143704104,39 57 137 151 153 170 182,2,11,0,not_tested,0,not_tested,-1,0,0
771,349,132 133 141 175 248 262,6,7,10,2.036377361429786,-0.77241899916302226,132 133 141 175 248 256 262 273,12,10,0,not_tested,0,not_tested,-1,0,0
772,508,14 29 44,3,3,5,1.4354735372561038,-0.77294728929174827,14 29 43 44,4,5,0,not_tested,0,not_tested,-1,0,0
773,262,127,1,2,3,2.3367902941695737,-0.77893009805652458,54 76 81 91 93 112 126 127,6,11,0,not_tested,0,not_tested,-1,0,0
774,880,262,1,0,1,0.25996831934234377,-0.7799049580270313,36 205 220 236 262 280 283,5,7,0,not_tested,0,not_tested,-1,0,0
775,879,281,1,0,1,0.26058056186310358,-0.78174168558931068,238 254 267 281,0,8,0,not_tested,0,not_tested,-1,0,0
776,986,130 158 159,3,0,2,0.11174969464311962,-0.78224786250183742,60 105 130 158 159,1,4,0,not_tested,0,not_tested,-1,0,0
777,679,246 257 259,3,2,4,1.006300357918086,-0.78267805615851138,240 243 245 246 256 257 259 260,4,13,0,not_tested,0,not_tested,-1,0,0
778,562,31,1,1,2,1.308286299500697,-0.78497177970041809,31 197 202 219,2,5,0,not_tested,0,not_tested,-1,0,0
779,542,54,1,1,2,1.335499937081269,-0.80129996224876132,54 225 240 256,1,7,0,not_tested,0,not_tested,-1,0,0
780,868,248,1,0,1,0.26807771055901519,-0.80423313167704558,240 243 245 247 248 256 260,1,16,0,not_tested,0,not_tested,-1,0,0
781,866,276,1,0,1,0.26843410083018504,-0.80530230249055512,11 14 38 41 55 96 144 276,6,18,0,not_tested,0,not_tested,-1,0,0
782,665,132 133 175,3,2,4,1.0456672306313739,-0.81329673493551302,14 29 43 60 105 132 133 175,6,12,0,not_tested,0,not_tested,-1,0,0
783,842,73 120 121,3,1,3,0.58230324313526105,-0.81522454038936554,60 71 73 105 120 121 131 183,5,19,0,not_tested,0,not_tested,-1,0,0
784,856,274,1,0,1,0.27310847216838369,-0.81932541650515112,71 121 131 183 269 274,4,7,0,not_tested,0,not_tested,-1,0,0
785,528,195,1,1,2,1.3662190809996688,-0.81973144859980129,167 169 181 191 195 196 211 212,0,14,0,not_tested,0,not_tested,-1,0,0
786,839,6 36 38,3,1,3,0.59530806136956094,-0.83343128591738536,5 6 7 36 38 54 81 141,2,8,0,not_tested,0,not_tested,-1,0,0
787,461,41 71 131,3,3,5,1.5551158688286824,-0.83737008321544426,36 41 54 71 81 131 141,6,9,0,not_tested,0,not_tested,-1,0,0
788,346,107 124 256,3,4,6,2.0466792550466755,-0.84275028148980757,107 124 137 153 170 182 256,6,9,0,not_tested,0,not_tested,-1,0,0
789,341,51 117 127,3,4,6,2.0636269073586568,-0.84972872655944709,51 93 112 117 126 127,6,8,0,not_tested,0,not_tested,-1,0,0
790,833,73 120 161,3,1,3,0.61003493716470303,-0.85404891203058431,60 73 105 120 161,2,5,0,not_tested,0,not_tested,-1,0,0
791,831,46 61 62,3,1,3,0.61109702762308005,-0.85553583867231209,46 61 62 197 202 219,3,5,0,not_tested,0,not_tested,-1,0,0
792,651,71 72 73,3,2,4,1.1010591807225836,-0.85637936278423155,71 72 73 121 131 183 269,5,8,0,not_tested,0,not_tested,-1,0,0
793,650,11 38 41,3,2,4,1.1018699538052874,-0.85700996407077912,11 38 39 41 54 57 81,3,11,0,not_tested,0,not_tested,-1,0,0
794,828,38 41 55,3,1,3,0.61674545230146982,-0.86344363322205775,36 38 41 54 55 80 81 141,5,9,0,not_tested,0,not_tested,-1,0,0
795,644,163 175 176,3,2,4,1.1200775742396105,-0.87117144663080803,14 29 43 60 105 163 175 176,6,10,0,not_tested,0,not_tested,-1,0,0
796,642,140 141 154,3,2,4,1.1296065002799514,-0.87858283355107325,36 137 140 141 153 154 170 182,4,9,0,not_tested,0,not_tested,-1,0,0
797,431,257 273 274,3,3,5,1.6438140792929048,-0.88513065808079494,71 121 131 183 257 269 273 274,8,10,0,not_tested,0,not_tested,-1,0,0
798,977,166 192 210,3,0,2,0.12724429192432188,-0.89071004347025318,166 167 191 192 210 211 212,3,6,0,not_tested,0,not_tested,-1,0,0
799,820,46 48 50,3,1,3,0.63900994054507831,-0.89461391676310964,46 48 50 197 202 219,3,5,0,not_tested,0,not_tested,-1,0,0
800,631,43 49 167,3,2,4,1.150930351428044,-0.89516805111070086,2 35 43 44 49 72 167,6,11,0,not_tested,0,not_tested,-1,0,0
801,818,23 36 38,3,1,3,0.64027084932571643,-0.896379189056003,5 7 23 36 38 54 81 141,2,8,0,not_tested,0,not_tested,-1,0,0
802,817,82 125 202,3,1,3,0.64181192072825,-0.89853668901954997,82 93 112 125 126 202,3,6,0,not_tested,0,not_tested,-1,0,0
803,816,220 280 283,3,1,3,0.64366188091067933,-0.90112663327495102,220 240 243 245 247 260 280 283,2,11,0,not_tested,0,not_tested,-1,0,0
804,815,246 260 262,3,1,3,0.64485918694388611,-0.90280286172144064,246 260 262,3,1,0,not_tested,0,not_tested,-1,0,0
805,814,120 161 204,3,1,3,0.64542282038470633,-0.90359194853858893,101 120 160 161 163 204 206,5,7,0,not_tested,0,not_tested,-1,0,0
806,622,15 46 48,3,2,4,1.1650838218956339,-0.90617630591882636,15 31 46 48 61 62 140,2,12,0,not_tested,0,not_tested,-1,0,0
807,812,236 280 283,3,1,3,0.64897471543695617,-0.90856460161173869,236 240 243 245 247 260 280 283,2,11,0,not_tested,0,not_tested,-1,0,0
808,417,14 29 30,3,3,5,1.6876746796231883,-0.90874790441248599,14 29 30 43,4,5,0,not_tested,0,not_tested,-1,0,0
809,617,39 51 69,3,2,4,1.1715817366113765,-0.91123023958662619,39 51 54 69 81 225 240 256,4,11,0,not_tested,0,not_tested,-1,0,0
810,810,192 195 210,3,1,3,0.65416913396134613,-0.9158367875458846,167 192 195 210,2,3,0,not_tested,0,not_tested,-1,0,0
811,612,204 205 220,3,2,4,1.180629684627049,-0.91826753248770476,204 205 220 238 240 245 267,2,8,0,not_tested,0,not_tested,-1,0,0
812,807,184 201 204,3,1,3,0.65672273712313445,-0.91941183197238829,161 184 190 201 204 207 208,4,10,0,not_tested,0,not_tested,-1,0,0
813,279,51 117 127 191 201 232 246 274,8,9,13,2.2682598052120091,-0.91956478589676049,51 117 127 191 201 232 246 274,13,9,0,not_tested,0,not_tested,-1,0,0
814,414,71 120 131,3,3,5,1.7134484631796569,-0.92262609555827679,60 71 105 120 121 131 183 269,4,14,0,not_tested,0,not_tested,-1,0,0
815,606,191 201 232,3,2,4,1.1912761030931052,-0.92654808018352619,191 201 232 257 276,6,4,0,not_tested,0,not_tested,-1,0,0
816,603,146 147 176,3,2,4,1.1947111904578485,-0.92921981480054872,29 43 60 105 146 147 176,4,8,0,not_tested,0,not_tested,-1,0,0
817,602,36 38 55,3,2,4,1.1970547874769217,-0.93104261248205034,36 38 39 54 55 57 81 141,3,13,0,not_tested,0,not_tested,-1,0,0
818,599,141 224 259,3,2,4,1.2065984269809724,-0.93846544320742287,5 7 36 141 224 259,3,6,0,not_tested,0,not_tested,-1,0,0
819,271,51 65 66,3,4,6,2.2852304400600598,-0.94097724002473071,51 60 65 66 105 176 188,8,11,0,not_tested,0,not_tested,-1,0,0
820,495,107 124 205 220 236,5,4,7,1.4593577038000838,-0.94429027892946593,107 124 137 153 205 220 236 254,7,7,0,not_tested,0,not_tested,-1,0,0
821,326,71 121 131 133 183 216 248,7,8,12,2.1215228192032063,-0.96432855418327545,71 121 131 133 183 216 248 269,11,10,0,not_tested,0,not_tested,-1,0,0
822,795,147 163,2,1,3,0.71829890967901144,-1.0056184735506162,29 43 60 105 147 163,3,7,0,not_tested,0,not_tested,-1,0,0
823,793,51 78,2,1,3,0.72272098196542811,-1.0118093747515993,51 66 69 78 116 130 158,5,4,0,not_tested,0,not_tested,-1,0,0
824,972,82 202,2,0,2,0.14530323542087153,-1.0171226479461009,51 65 66 69 78 82 202,7,9,0,not_tested,0,not_tested,-1,0,0
825,784,140 154,2,1,3,0.73250791977036878,-1.0255110876785163,39 57 137 140 153 154 170 182,3,11,0,not_tested,0,not_tested,-1,0,0
826,852,73 117 120 121,4,1,4,0.4700039689450452,-1.0340087316790996,71 73 117 120 121 131 183 269,6,12,0,not_tested,0,not_tested,-1,0,0
827,967,23 29,2,0,2,0.14776533199461572,-1.0343573239623103,23 29 107 124 135 151 152 155,8,11,0,not_tested,0,not_tested,-1,0,0
828,779,48 50,2,1,3,0.73948087235558591,-1.0352732212978204,48 50 197 202 219,3,5,0,not_tested,0,not_tested,-1,0,0
829,545,175 176,2,2,4,1.3333334401638686,-1.0370371201274535,29 43 60 105 175 176,4,7,0,not_tested,0,not_tested,-1,0,0
830,257,132 133 141 175 248,5,6,9,2.3576477593184739,-1.0373650141001283,36 132 133 141 175 248 256 273,10,11,0,not_tested,0,not_tested,-1,0,0
831,966,158 159,2,0,2,0.14867309834270559,-1.0407116883989391,60 105 158 159,1,4,0,not_tested,0,not_tested,-1,0,0
832,772,210 224,2,1,3,0.75025294596593339,-1.0503541243523067,210 224 225 240 256,2,7,0,not_tested,0,not_tested,-1,0,0
833,535,273 276,2,2,4,1.3553935121664462,-1.0541949539072359,36 205 220 228 236 273 276 280,9,7,0,not_tested,0,not_tested,-1,0,0
834,765,36 38,2,1,3,0.7641641582565315,-1.0698298215591442,5 7 36 38 54 81 141,2,8,0,not_tested,0,not_tested,-1,0,0
835,763,125 135,2,1,3,0.76664802130624055,-1.0733072298287367,39 57 125 135 137 153 170 182,3,11,0,not_tested,0,not_tested,-1,0,0
836,519,11 41,2,2,4,1.3954935861675934,-1.0853839003525729,11 36 39 41 54 57 81 141,3,13,0,not_tested,0,not_tested,-1,0,0
837,957,46 48,2,0,2,0.15529962965475466,-1.0870974075832829,46 48 197 202 219,2,4,0,not_tested,0,not_tested,-1,0,0
838,517,54 55,2,2,4,1.4013925745589253,-1.0899720024347199,5 7 36 54 55 81 141,2,9,0,not_tested,0,not_tested,-1,0,0
839,752,205 207,2,1,3,0.78568944882458869,-1.0999652283544241,205 207 240 243 245 247 260,2,11,0,not_tested,0,not_tested,-1,0,0
840,513,80 81,2,2,4,1.4204302706487411,-1.1047790993934654,5 7 80 81 225 240 256,2,9,0,not_tested,0,not_tested,-1,0,0
841,747,204 205,2,1,3,0.79377617295117009,-1.1112866421316381,204 205 240 243 245 247 260,2,11,0,not_tested,0,not_tested,-1,0,0
842,687,132 141 175 259,4,2,5,0.91516295032351935,-1.118532494839857,36 60 105 132 141 175 259,4,8,0,not_tested,0,not_tested,-1,0,0
843,737,38 55,2,1,3,0.80284126437365333,-1.1239777701231146,36 38 39 54 55 57 81 141,3,13,0,not_tested,0,not_tested,-1,0,0
844,946,262 277,2,0,2,0.16181812742843452,-1.1327268919990416,2 19 35 44 68 72 262 277,3,12,0,not_tested,0,not_tested,-1,0,0
845,732,161 175,2,1,3,0.81046902958809286,-1.1346566414233301,29 43 60 105 161 175,3,6,0,not_tested,0,not_tested,-1,0,0
846,721,117 147,2,1,3,0.82132663188759347,-1.1498572846426309,60 101 105 117 147 160 163 206,4,12,0,not_tested,0,not_tested,-1,0,0
847,533,167 262 273 277,4,3,6,1.3598072840753732,-1.1506061634483926,2 35 44 72 167 262 273 277,8,12,0,not_tested,0,not_tested,-1,0,0
848,483,49 167,2,2,4,1.4877339766157098,-1.1571264262566634,2 19 35 44 49 68 72 167,5,14,0,not_tested,0,not_tested,-1,0,0
849,943,154 170,2,0,2,0.16576754276285752,-1.1603727993400028,39 57 137 153 154 170 182,2,10,0,not_tested,0,not_tested,-1,0,0
850,712,224 259,2,1,3,0.8441610774017414,-1.181825508362438,224 225 240 256 259,2,7,0,not_tested,0,not_tested,-1,0,0
851,934,204 281,2,0,2,0.16955705027067941,-1.1868993518947561,204 238 254 267 281,1,8,0,not_tested,0,not_tested,-1,0,0
852,471,14 29,2,2,4,1.526017451092083,-1.1869024619605091,11 14 29 38 41 55 80 144,9,8,0,not_tested,0,not_tested,-1,0,0
853,933,43 49,2,0,2,0.16979714009742253,-1.1885799806819577,31 43 46 48 49 61 62 140,3,6,0,not_tested,0,not_tested,-1,0,0
854,932,236 237,2,0,2,0.17052110363756126,-1.193647725462929,236 237 240 243 245 247 260,1,10,0,not_tested,0,not_tested,-1,0,0
855,931,27 99,2,0,2,0.17055683393518528,-1.1938978375462972,27 82 99 267,2,1,0,not_tested,0,not_tested,-1,0,0
856,464,14 159,2,2,4,1.5432639319238299,-1.2003163914963124,14 60 105 159,3,6,0,not_tested,0,not_tested,-1,0,0
857,261,107 124 191 201 232 246 256 274,8,9,14,2.3413326348099823,-1.2023059476051261,107 124 191 201 232 246 256 274,14,9,0,not_tested,0,not_tested,-1,0,0
858,696,46 61,2,1,3,0.86070538066530444,-1.2049875329314264,31 46 48 61 140 197 202 219,2,9,0,not_tested,0,not_tested,-1,0,0
859,695,81 141,2,1,3,0.86138587391206956,-1.2059402234768974,5 7 36 81 141 225 240 256,1,11,0,not_tested,0,not_tested,-1,0,0
860,463,15 46,2,2,4,1.550677104287645,-1.2060821922237239,15 31 46 197 202 219,3,8,0,not_tested,0,not_tested,-1,0,0
861,927,38 39,2,0,2,0.17278436126413563,-1.2094905288489495,5 7 36 38 39 54 81 141,2,8,0,not_tested,0,not_tested,-1,0,0
862,851,29 72 73,3,1,4,0.55131388664691694,-1.2128905506232173,29 43 72 73 101 160 163 206,5,8,0,not_tested,0,not_tested,-1,0,0
863,459,257 273,2,2,4,1.5640704249193131,-1.2164992193816881,240 243 245 256 257 260 273,4,13,0,not_tested,0,not_tested,-1,0,0
864,680,124 152 153,3,2,5,1.0046151804046615,-1.2278629982723639,124 137 152 153 170 182 240 245,4,10,0,not_tested,0,not_tested,-1,0,0
865,849,48 49 50,3,1,4,0.55824624242471255,-1.2281417333343676,48 49 50 197 202 219,4,5,0,not_tested,0,not_tested,-1,0,0
866,846,147 160 163,3,1,4,0.56643186143307378,-1.2461500951527622,29 43 60 105 147 160 163,4,7,0,not_tested,0,not_tested,-1,0,0
867,510,191 201 232 246 274,5,4,8,1.4255251049342184,-1.2578162690596042,191 201 232 246 257 274 276,10,8,0,not_tested,0,not_tested,-1,0,0
868,843,66 68 69,3,1,4,0.57181587590827565,-1.2579949269982065,60 66 68 69 105 176 188,6,8,0,not_tested,0,not_tested,-1,0,0
869,477,232 257 276,3,3,6,1.5055019282037803,-1.2738862469416601,169 181 196 211 212 232 257 276,5,10,0,not_tested,0,not_tested,-1,0,0
870,661,38 54 55,3,2,5,1.0582047358587858,-1.2933613438274048,36 38 39 54 55 57 81 141,3,13,0,not_tested,0,not_tested,-1,0,0
871,469,80 81 96,3,3,6,1.5368449532352417,-1.3004072681221275,5 7 36 80 81 96 141,4,9,0,not_tested,0,not_tested,-1,0,0
872,984,155 160 163,3,0,3,0.11944950766539303,-1.3139445843193234,29 43 135 151 155 160 163,6,4,0,not_tested,0,not_tested,-1,0,0
873,345,71 131 133,3,4,7,2.0505361752000195,-1.3268175251294245,29 43 60 71 105 131 133 269,6,10,0,not_tested,0,not_tested,-1,0,0
874,983,73 120 274,3,0,3,0.12135270357440842,-1.3348797393184926,60 73 105 120 274,2,4,0,not_tested,0,not_tested,-1,0,0
875,834,39 117 147,3,1,4,0.60919830952455667,-1.3402362809540247,39 54 60 81 105 117 147,4,9,0,not_tested,0,not_tested,-1,0,0
876,450,124 191 256,3,3,6,1.595199501434724,-1.3497841935216894,124 137 153 170 182 191 256,6,8,0,not_tested,0,not_tested,-1,0,0
877,982,46 48 62,3,0,3,0.1230345671363068,-1.3533802384993747,31 46 48 62 140 197 202 219,2,8,0,not_tested,0,not_tested,-1,0,0
878,827,166 210 224,3,1,4,0.62014243699344529,-1.3643133613855796,76 91 166 192 210 211 212 224,4,8,0,not_tested,0,not_tested,-1,0,0
879,825,117 120 147,3,1,4,0.62375530539085977,-1.3722616718598915,60 105 117 120 147,3,6,0,not_tested,0,not_tested,-1,0,0
880,823,132 175 190,3,1,4,0.62820886188580427,-1.3820594961487693,29 43 60 105 132 175 190,4,6,0,not_tested,0,not_tested,-1,0,0
881,639,65 66 78,3,2,5,1.1326307017323476,-1.3843264132284248,60 65 66 78 105 176 188,7,9,0,not_tested,0,not_tested,-1,0,0
882,822,154 183 216,3,1,4,0.63404726873709394,-1.3949039912216066,137 153 154 170 182 183 216,4,6,0,not_tested,0,not_tested,-1,0,0
883,821,73 120 269,3,1,4,0.63579999553955724,-1.3987599901870258,60 73 105 120 257 269 274,4,8,0,not_tested,0,not_tested,-1,0,0
884,976,81 82 99,3,0,3,0.12771002891887756,-1.404810318107653,81 82 99 225 240 256,2,6,0,not_tested,0,not_tested,-1,0,0
885,422,31 91 195,3,3,6,1.6616616163561306,-1.4060213676859565,31 91 167 195 197 202 219,5,9,0,not_tested,0,not_tested,-1,0,0
886,627,117 147 176,3,2,5,1.1575836850675845,-1.414824503971492,29 43 60 105 117 147 176,5,8,0,not_tested,0,not_tested,-1,0,0
887,624,124 135 151,3,2,5,1.1606828837160741,-1.4186124134307572,124 135 137 151 153 170 182,5,7,0,not_tested,0,not_tested,-1,0,0
888,416,49 167 273,3,3,6,1.6880869884863767,-1.428381297950011,2 35 44 49 72 167 273,8,12,0,not_tested,0,not_tested,-1,0,0
889,615,159 201 232,3,2,5,1.1761027074458588,-1.4374588646560493,60 105 159 201 232,4,6,0,not_tested,0,not_tested,-1,0,0
890,809,144 154 171,3,1,4,0.6553746769237232,-1.4418242892321909,137 144 153 154 170 171 182,4,6,0,not_tested,0,not_tested,-1,0,0
891,801,232 247 262,3,1,4,0.66836056324001059,-1.4703932391280232,169 181 196 211 212 232 247 262,3,7,0,not_tested,0,not_tested,-1,0,0
892,800,192 210 224,3,1,4,0.66868300996667573,-1.4711026219266865,76 91 166 192 210 211 212 224,4,8,0,not_tested,0,not_tested,-1,0,0
893,669,43 49 167 262 273 277,6,3,8,1.0330375890348227,-1.5098241685893563,2 35 43 49 167 262 273 277,10,10,0,not_tested,0,not_tested,-1,0,0
894,307,65 78 107 124 191 246 256 274,8,8,14,2.1719952007459771,-1.5138148368835598,65 78 107 124 191 246 256 274,14,8,0,not_tested,0,not_tested,-1,0,0
895,924,29,1,0,2,0.22637515316914875,-1.5846260721840413,29 107 124 135 151 152 155,8,11,0,not_tested,0,not_tested,-1,0,0
896,973,207 216,2,0,3,0.14475172492934896,-1.5922689742228386,5 7 77 94 127 140 207 216,6,9,0,not_tested,0,not_tested,-1,0,0
897,971,204 236,2,0,3,0.14557405910390842,-1.6013146501429927,204 236 240 243 245 247 260,2,10,0,not_tested,0,not_tested,-1,0,0
898,922,216,1,0,2,0.23012013626543559,-1.610840953858049,169 181 191 196 211 212 216,1,8,0,not_tested,0,not_tested,-1,0,0
899,920,135,1,0,2,0.23094340496610147,-1.6166038347627103,39 57 135 137 153 170 182,2,10,0,not_tested,0,not_tested,-1,0,0
900,619,176,1,1,3,1.1696305531813735,-1.6374827744539231,29 43 60 105 135 151 155 176,5,9,0,not_tested,0,not_tested,-1,0,0
901,965,117 120,2,0,3,0.1497781811046148,-1.6475599921507629,29 43 101 117 120 160 163 206,6,7,0,not_tested,0,not_tested,-1,0,0
902,913,49,1,0,2,0.23545026249050224,-1.6481518374335158,31 46 48 49 61 62 140,3,6,0,not_tested,0,not_tested,-1,0,0
903,683,201 232 246,3,2,6,0.99575833517579948,-1.6595972252929991,201 232 246 257 276,8,4,0,not_tested,0,not_tested,-1,0,0
904,962,246 276,2,0,3,0.1509023800943646,-1.6599261810380108,71 73 120 121 131 183 246 276,8,10,0,not_tested,0,not_tested,-1,0,0
905,767,132 133,2,1,4,0.76059203066530467,-1.6733024674636703,29 43 60 105 132 133,4,6,0,not_tested,0,not_tested,-1,0,0
906,497,14 54 132,3,3,7,1.4567676986087232,-1.6808858060869882,14 29 43 54 60 105 132,7,9,0,not_tested,0,not_tested,-1,0,0
907,905,41,1,0,2,0.24130039635935846,-1.6891027745155092,5 7 36 41 54 81 141,2,8,0,not_tested,0,not_tested,-1,0,0
908,489,107 124 152,3,3,7,1.4677977990812081,-1.6936128450937016,107 124 137 152 153 170 182,7,10,0,not_tested,0,not_tested,-1,0,0
909,758,66 116,2,1,4,0.77140691705467246,-1.6970952175202796,29 43 60 66 105 116 176 188,7,9,0,not_tested,0,not_tested,-1,0,0
910,597,232,1,1,3,1.212596649093487,-1.6976353087308818,169 181 196 211 212 232,2,7,0,not_tested,0,not_tested,-1,0,0
911,596,133,1,1,3,1.2134163606438357,-1.6987829049013703,29 43 60 105 133 135 151 155,5,9,0,not_tested,0,not_tested,-1,0,0
912,902,246,1,0,2,0.24282139133154004,-1.6997497393207803,71 73 120 121 131 183 246 269,7,11,0,not_tested,0,not_tested,-1,0,0
913,595,51,1,1,3,1.2178418438809826,-1.7049785814333756,2 6 23 35 44 51 72,7,12,0,not_tested,0,not_tested,-1,0,0
914,755,71 73,2,1,4,0.77807254303771578,-1.7117595946829749,60 71 73 105 121 131 183 269,4,16,0,not_tested,0,not_tested,-1,0,0
915,515,65 66,2,2,5,1.4064719362366984,-1.7190212554004092,29 43 60 65 66 105 176 188,8,10,0,not_tested,0,not_tested,-1,0,0
916,751,66 69,2,1,4,0.78670915882819314,-1.7307601494220251,29 43 60 66 69 105 176 188,7,9,0,not_tested,0,not_tested,-1,0,0
917,896,201,1,0,2,0.2477296747778733,-1.7341077234451132,169 181 196 201 211 212,1,6,0,not_tested,0,not_tested,-1,0,0
918,750,232 248,2,1,4,0.78825185764544525,-1.7341540868199796,232 240 243 245 247 248 256 260,4,17,0,not_tested,0,not_tested,-1,0,0
919,890,236,1,0,2,0.25010167134122641,-1.7507116993885847,82 236 240 243 245 247 260 267,1,11,0,not_tested,0,not_tested,-1,0,0
920,889,73,1,0,2,0.25056287701748153,-1.7539401391223708,29 43 73 101 160 163 206,5,7,0,not_tested,0,not_tested,-1,0,0
921,954,160 163,2,0,3,0.15945599283616638,-1.7540159211978303,29 43 135 151 155 160 163,6,4,0,not_tested,0,not_tested,-1,0,0
922,506,31 195,2,2,5,1.4384337565916554,-1.7580857025009122,31 167 195 197 202 219,4,8,0,not_tested,0,not_tested,-1,0,0
923,953,220 236,2,0,3,0.1598850583511201,-1.7587356418623212,220 236 238 240 245 267,1,6,0,not_tested,0,not_tested,-1,0,0
924,600,49 167 262 273 277,5,3,8,1.203847196445569,-1.759468979420447,2 35 49 167 262 273 277,10,10,0,not_tested,0,not_tested,-1,0,0
925,951,246 274,2,0,3,0.16006960703994716,-1.7607656774394189,71 121 131 183 246 269 274,6,7,0,not_tested,0,not_tested,-1,0,0
926,741,38 54,2,1,4,0.80041526318059686,-1.7609135789973132,5 7 36 38 54 81 141,2,8,0,not_tested,0,not_tested,-1,0,0
927,503,124 153,2,2,5,1.4502805824653218,-1.7725651563465044,124 137 153 170 182 240 245,4,10,0,not_tested,0,not_tested,-1,0,0
928,466,66 176 188,3,3,7,1.5400731611365399,-1.7770074936190843,29 43 60 66 105 176 188,7,8,0,not_tested,0,not_tested,-1,0,0
929,884,48,1,0,2,0.25495110805776633,-1.7846577564043642,48 197 202 219,2,4,0,not_tested,0,not_tested,-1,0,0
930,883,46,1,0,2,0.25633759352301583,-1.7943631546611107,46 197 202 219,2,4,0,not_tested,0,not_tested,-1,0,0
931,882,159,1,0,2,0.25684159408388446,-1.7978911585871913,60 105 159,1,4,0,not_tested,0,not_tested,-1,0,0
932,881,163,1,0,2,0.25966226073697529,-1.8176358251588272,29 43 135 137 151 153 155 163,6,6,0,not_tested,0,not_tested,-1,0,0
933,652,51 66 69,3,2,6,1.099539796679339,-1.8325663277988982,51 60 66 69 105 176 188,8,9,0,not_tested,0,not_tested,-1,0,0
934,876,154,1,0,2,0.26257768486357608,-1.8380437940450325,39 57 137 153 154 170 182,2,10,0,not_tested,0,not_tested,-1,0,0
935,716,51 117,2,1,4,0.83547760147390659,-1.8380507232425944,2 6 23 35 44 51 72 117,8,12,0,not_tested,0,not_tested,-1,0,0
936,939,46 62,2,0,3,0.1674035462140602,-1.8414390083546623,31 46 48 62 140 197 202 219,2,8,0,not_tested,0,not_tested,-1,0,0
937,874,38,1,0,2,0.26318224691465597,-1.8422757284025919,5 7 36 38 54 81 141,2,8,0,not_tested,0,not_tested,-1,0,0
938,938,204 220,2,0,3,0.16752379622094554,-1.8427617584304012,204 220 240 243 245 247 260,2,10,0,not_tested,0,not_tested,-1,0,0
939,580,107 124 152 160,4,3,8,1.2609853620538563,-1.842978606078713,107 124 137 152 153 160 170 182,8,10,0,not_tested,0,not_tested,-1,0,0
940,981,246 274 276,3,0,4,0.12361205127144079,-1.8541807690716119,71 121 131 183 246 269 274 276,7,7,0,not_tested,0,not_tested,-1,0,0
941,869,152,1,0,2,0.26640970686715348,-1.8648679480700743,39 57 137 152 153 170 182,3,10,0,not_tested,0,not_tested,-1,0,0
942,978,220 236 248,3,0,4,0.12506926085906195,-1.8760389128859294,220 236 238 240 245 248 256 267,2,9,0,not_tested,0,not_tested,-1,0,0
943,705,41 71,2,1,4,0.85351389773680653,-1.8777305750209745,5 7 36 41 54 71 81 141,4,9,0,not_tested,0,not_tested,-1,0,0
944,867,220,1,0,2,0.26838238569796674,-1.8786766998857671,82 220 240 243 245 247 260 267,1,11,0,not_tested,0,not_tested,-1,0,0
945,863,81,1,0,2,0.26979409098700813,-1.8885586369090568,81 225 240 256,1,6,0,not_tested,0,not_tested,-1,0,0
946,929,159 160,2,0,3,0.17212603979139637,-1.8933864377053602,60 105 159 160 238 243 260 267,3,12,0,not_tested,0,not_tested,-1,0,0
947,928,73 120,2,0,3,0.17216835745043357,-1.8938519319547695,60 73 101 105 120 160 163 206,4,10,0,not_tested,0,not_tested,-1,0,0
948,694,262 273,2,1,4,0.86609316338071429,-1.9054049594375715,2 19 35 44 68 72 262 273,5,13,0,not_tested,0,not_tested,-1,0,0
949,926,220 248,2,0,3,0.17336491309024663,-1.907014043992713,220 240 243 245 247 248 256 260,1,16,0,not_tested,0,not_tested,-1,0,0
950,855,117,1,0,2,0.27343844259795513,-1.9140690981856858,29 43 101 117 160 163 206,5,7,0,not_tested,0,not_tested,-1,0,0
951,854,120,1,0,2,0.2736109480562815,-1.9152766363939704,29 43 101 120 160 163 206,5,7,0,not_tested,0,not_tested,-1,0,0
952,423,71 121 133,3,3,7,1.6609736120974914,-1.9165080139586439,29 43 60 71 105 121 133 269,6,12,0,not_tested,0,not_tested,-1,0,0
953,974,43 49 262,3,0,4,0.12872243960116939,-1.9308365940175409,2 35 43 44 49 72 262,6,9,0,not_tested,0,not_tested,-1,0,0
954,405,78 107 124 191 246 256 274,7,6,13,1.7897837632055247,-1.9329664642619666,78 107 124 191 246 256 274,13,6,0,not_tested,0,not_tested,-1,0,0
955,813,262 273 277,3,1,5,0.64580814852672186,-1.9374244455801655,2 35 44 72 262 273 277,7,10,0,not_tested,0,not_tested,-1,0,0
956,292,65 107 124,3,4,8,2.2282959998416625,-1.966143529272055,65 107 124 137 153 170 182,8,9,0,not_tested,0,not_tested,-1,0,0
957,797,132 141 175,3,1,5,0.67051303508719595,-2.0115391052615879,29 36 43 60 105 132 141 175,5,8,0,not_tested,0,not_tested,-1,0,0
958,850,120 132 133,3,1,6,0.55454551725203272,-2.1072729655577245,29 43 60 105 120 132 133,6,6,0,not_tested,0,not_tested,-1,0,0
959,987,159 160 163,3,0,5,0.11120448879972844,-2.1128852871948403,29 43 60 105 159 160 163,5,5,0,not_tested,0,not_tested,-1,0,0
960,427,107 124 191 246 256 274,6,5,12,1.653058924105008,-2.1253614738492961,107 124 137 153 191 246 256 274,13,7,0,not_tested,0,not_tested,-1,0,0
961,848,232 246 276,3,1,6,0.560002792087549,-2.1280106099326863,169 181 196 211 212 232 246 276,5,7,0,not_tested,0,not_tested,-1,0,0
962,788,232 246,2,1,5,0.7306688410973865,-2.1920065232921595,169 181 196 211 212 232 246,4,7,0,not_tested,0,not_tested,-1,0,0
963,777,124 135,2,1,5,0.74014923566313195,-2.220447706989396,124 135 137 153 170 182 240 245,4,10,0,not_tested,0,not_tested,-1,0,0
964,985,191 246 274,3,0,5,0.1189852231817414,-2.2607192404530863,191 246 257 274 276,7,4,0,not_tested,0,not_tested,-1,0,0
965,961,66 78,2,0,4,0.15167677413698341,-2.2751516120547515,29 43 60 66 78 105 176 188,7,8,0,not_tested,0,not_tested,-1,0,0
966,451,124 127 137,3,3,8,1.5903049998021457,-2.3242919227877512,124 127 137 153 170 182 240 245,7,12,0,not_tested,0,not_tested,-1,0,0
967,980,29 73 120,3,0,5,0.12416593957634389,-2.359152851950534,29 60 73 105 120,4,4,0,not_tested,0,not_tested,-1,0,0
968,743,124 137,2,1,5,0.7969024323635765,-2.3907072970907297,124 137 153 170 182 240 245,4,10,0,not_tested,0,not_tested,-1,0,0
969,948,48 49,2,0,4,0.16069355504606708,-2.4104033256910067,48 49 197 202 219,4,4,0,not_tested,0,not_tested,-1,0,0
970,494,107 124,2,2,6,1.4594084248678751,-2.4323473747797921,107 124 137 153 170 182 238 267,5,9,0,not_tested,0,not_tested,-1,0,0
971,944,29 73,2,0,4,0.16557503548814467,-2.4836255323221703,29 43 73 101 160 163 206,5,7,0,not_tested,0,not_tested,-1,0,0
972,803,81 141 175,3,1,6,0.66026793253371385,-2.5090181436281123,29 36 43 60 81 105 141 175,6,8,0,not_tested,0,not_tested,-1,0,0
973,935,132 175,2,0,4,0.16838423155494806,-2.5257634733242207,29 43 60 105 132 175,4,5,0,not_tested,0,not_tested,-1,0,0
974,601,91 107 124,3,2,7,1.2000666473486823,-2.5334740332916623,91 107 124 137 153 170 182,7,7,0,not_tested,0,not_tested,-1,0,0
975,701,124 152,2,1,5,0.85757708643115149,-2.5727312592934544,124 137 152 153 170 182 240 245,4,10,0,not_tested,0,not_tested,-1,0,0
976,698,133 248,2,1,5,0.85874071839629118,-2.5762221551888733,29 43 60 105 133 248 256,5,8,0,not_tested,0,not_tested,-1,0,0
977,909,132,1,0,3,0.23726260874996727,-2.6098886962496399,29 43 60 105 132 135 151 155,5,8,0,not_tested,0,not_tested,-1,0,0
978,392,124 127,2,3,8,1.8795478616697581,-2.747031490132724,124 127 137 153 170 182 240 245,7,12,0,not_tested,0,not_tested,-1,0,0
979,872,175,1,0,3,0.26363595482404312,-2.8999955030644742,29 43 60 105 135 151 155 175,5,8,0,not_tested,0,not_tested,-1,0,0
980,871,224,1,0,3,0.26589518108327193,-2.9248469919159912,224 225 240 256,2,6,0,not_tested,0,not_tested,-1,0,0
981,955,120 132,2,0,5,0.15894200978417797,-3.0198981858993816,29 43 60 105 120 132,5,5,0,not_tested,0,not_tested,-1,0,0
982,709,51 66,2,1,6,0.84907917254856102,-3.2265008556845318,29 43 51 60 66 105 176 188,9,9,0,not_tested,0,not_tested,-1,0,0
983,836,133 216 248,3,1,8,0.6075386994682892,-3.2807089771287616,60 105 133 216 248 256 269,6,8,0,not_tested,0,not_tested,-1,0,0
984,947,91 107,2,0,6,0.16072055926409229,-3.696572863074123,91 107 137 153 170 182 240 245,5,9,0,not_tested,0,not_tested,-1,0,0
985,583,124,1,1,5,1.2560313084275414,-3.7680939252826247,124 137 153 170 182 240 245,4,10,0,not_tested,0,not_tested,-1,0,0
986,864,66,1,0,4,0.26898760415348838,-4.0348140623023259,29 43 60 66 105 176 188,7,8,0,not_tested,0,not_tested,-1,0,0
987,853,107,1,0,5,0.27414336104747428,-5.2087238599020109,107 137 153 170 182 240 245,4,9,0,not_tested,0,not_tested,-1,0,0
