case,limit,time,p_row,p_col,keep_p,q_row,q_col,keep_q,first_use_time,supported_flights,distance,current_partner_rank,late_slot
0000.txt,6,8,4,0,0,4,2,0,10,1,2,2,0
0000.txt,6,11,7,1,0,8,0,0,14,1,2,1,0
0000.txt,6,12,7,0,0,8,0,0,14,1,1,1,1
0000.txt,6,30,8,7,0,9,8,0,33,1,2,1,0
0000.txt,6,31,8,8,0,9,8,0,33,1,1,1,1
0000.txt,8,8,4,0,0,4,2,0,10,1,2,2,0
0000.txt,8,11,7,1,0,8,0,0,14,1,2,1,0
0000.txt,8,12,7,0,0,8,0,0,14,1,1,1,1
0000.txt,8,23,8,3,0,7,4,0,26,1,2,1,0
0000.txt,8,24,8,4,0,7,4,0,26,1,1,1,1
0000.txt,8,30,8,7,0,9,8,0,33,1,2,1,0
0000.txt,8,31,8,8,0,9,8,0,33,1,1,1,1
0001.txt,6,23,6,0,0,3,4,0,41,1,7,6,0
0001.txt,6,24,6,1,0,3,4,0,41,1,6,6,0
0001.txt,6,25,6,2,0,3,4,0,41,1,5,6,1
0001.txt,6,29,5,3,1,3,3,0,41,1,2,2,1
0001.txt,6,36,5,3,0,3,3,0,41,1,2,3,1
0001.txt,6,38,4,2,0,3,3,0,41,1,2,2,0
0001.txt,6,46,2,6,3,5,13,0,91,1,10,9,0
0001.txt,6,50,3,9,3,5,13,0,91,1,6,11,1
0001.txt,6,52,0,10,0,10,10,0,63,1,10,10,0
0001.txt,6,53,1,10,0,10,10,0,63,1,9,9,0
0001.txt,6,58,5,10,2,10,10,0,63,1,5,6,1
0001.txt,6,66,11,2,0,11,4,0,69,1,2,1,0
0001.txt,6,87,3,12,2,5,13,0,91,1,3,4,1
0001.txt,8,23,6,0,0,3,4,0,41,1,7,6,0
0001.txt,8,24,6,1,0,3,4,0,41,1,6,6,0
0001.txt,8,25,6,2,0,3,4,0,41,1,5,6,1
0001.txt,8,27,6,3,0,3,4,0,41,1,4,4,0
0001.txt,8,29,5,3,0,3,3,0,41,1,2,2,1
0001.txt,8,33,5,3,0,3,3,0,41,1,2,3,0
0001.txt,8,36,5,3,0,3,3,0,41,1,2,3,1
0001.txt,8,38,4,2,0,3,3,0,41,1,2,2,0
0001.txt,8,39,4,3,0,3,3,0,41,1,1,1,0
0001.txt,8,43,2,4,1,0,6,0,50,1,4,1,0
0001.txt,8,43,2,4,1,5,13,0,91,1,12,-1,0
0001.txt,8,46,2,6,1,5,13,0,91,1,10,9,0
0001.txt,8,50,3,9,1,5,13,0,91,1,6,9,1
0001.txt,8,52,0,10,0,10,10,0,63,1,10,10,0
0001.txt,8,53,1,10,0,10,10,0,63,1,9,9,0
0001.txt,8,56,3,10,0,10,10,0,63,1,7,7,0
0001.txt,8,57,4,10,0,10,10,0,63,1,6,7,0
0001.txt,8,58,5,10,0,10,10,0,63,1,5,6,1
0001.txt,8,59,6,10,0,10,10,0,63,1,4,2,0
0001.txt,8,66,11,2,0,11,4,0,69,1,2,1,0
0001.txt,8,87,3,12,0,5,13,0,91,2,3,4,1
0002.txt,6,36,5,12,0,7,12,0,57,1,2,1,0
0002.txt,6,42,12,3,0,12,4,0,58,1,1,1,1
0002.txt,6,51,12,4,1,11,4,0,55,1,1,1,0
0002.txt,6,70,6,8,0,3,6,1,103,1,5,4,1
0002.txt,6,99,5,8,0,3,6,2,103,1,4,4,0
0002.txt,6,100,4,8,0,3,6,2,103,1,3,3,1
0002.txt,6,101,3,8,3,3,6,3,103,1,2,1,1
0002.txt,8,36,5,12,0,7,12,0,57,1,2,1,0
0002.txt,8,42,12,3,0,12,4,0,58,1,1,1,1
0002.txt,8,51,12,4,0,11,4,0,55,1,1,1,0
0002.txt,8,52,6,10,0,2,6,4,103,1,8,9,0
0002.txt,8,53,6,9,0,2,6,4,103,1,7,9,0
0002.txt,8,57,6,8,0,2,6,4,103,1,6,10,1
0002.txt,8,68,8,7,0,9,6,0,81,1,2,1,1
0002.txt,8,70,6,8,0,3,8,0,72,1,3,2,1
0002.txt,8,70,6,8,0,3,6,0,103,1,5,6,1
0002.txt,8,72,5,8,1,3,6,3,103,1,4,4,0
0002.txt,8,99,5,8,0,3,6,0,103,1,4,4,0
0002.txt,8,100,4,8,0,3,6,0,103,1,3,3,1
0002.txt,8,101,3,8,1,3,6,3,103,1,2,1,1
0003.txt,6,15,2,15,0,13,15,0,53,1,11,-1,0
0003.txt,6,18,5,15,0,13,15,0,53,1,8,12,0
0003.txt,6,18,5,15,0,4,10,0,120,1,6,3,0
0003.txt,6,19,6,15,0,13,15,0,53,1,7,10,1
0003.txt,6,19,6,15,0,4,10,0,120,1,7,6,1
0003.txt,6,20,6,16,0,13,15,0,53,1,8,9,0
0003.txt,6,20,6,16,0,4,10,0,120,1,8,5,0
0003.txt,6,21,7,16,0,13,15,0,53,1,7,7,0
0003.txt,6,21,7,16,0,4,10,0,120,1,9,8,0
0003.txt,6,27,15,13,0,2,6,0,113,1,20,-1,0
0003.txt,6,28,16,13,0,13,15,0,49,1,5,9,0
0003.txt,6,29,15,13,0,13,15,0,49,1,4,8,0
0003.txt,6,29,15,13,0,13,14,0,75,1,3,2,0
0003.txt,6,29,15,13,0,2,6,0,113,1,20,-1,0
0003.txt,6,30,15,14,0,13,15,0,49,1,3,4,0
0003.txt,6,30,15,14,0,13,14,0,75,1,2,1,0
0003.txt,6,30,15,14,0,2,6,0,113,1,21,-1,0
0003.txt,6,31,14,14,0,13,15,0,49,1,2,4,1
0003.txt,6,31,14,14,0,13,14,0,75,1,1,1,1
0003.txt,6,31,14,14,0,2,6,0,113,1,20,-1,1
0003.txt,6,35,2,4,0,4,0,0,91,1,6,9,0
0003.txt,6,36,2,3,0,4,0,0,91,1,5,5,0
0003.txt,6,36,2,3,0,4,10,0,120,1,9,9,0
0003.txt,6,37,2,2,0,4,0,0,91,1,4,5,0
0003.txt,6,37,2,2,0,4,10,0,120,1,10,9,0
0003.txt,6,38,2,1,0,4,0,0,91,1,3,4,1
0003.txt,6,38,2,1,0,4,10,0,120,1,11,-1,1
0003.txt,6,39,2,0,0,4,0,0,91,1,2,2,0
0003.txt,6,39,2,0,0,4,10,0,120,1,12,-1,0
0003.txt,6,40,3,0,0,4,0,0,91,1,1,2,0
0003.txt,6,40,3,0,0,4,10,0,120,1,11,-1,0
0003.txt,6,41,4,0,0,4,10,0,120,1,12,-1,0
0003.txt,6,42,5,0,1,4,10,0,120,1,11,-1,0
0003.txt,6,43,5,1,1,4,10,0,120,1,10,9,1
0003.txt,6,44,6,1,2,4,10,0,120,1,11,-1,0
0003.txt,6,45,9,16,0,13,14,4,53,1,6,7,0
0003.txt,6,45,9,16,0,4,10,0,120,1,11,-1,0
0003.txt,6,46,9,15,0,13,14,4,53,1,5,7,0
0003.txt,6,46,9,15,0,4,10,0,120,1,10,11,0
0003.txt,6,47,9,14,0,13,14,4,53,1,4,7,1
0003.txt,6,47,9,14,0,4,10,0,120,1,9,11,1
0003.txt,6,56,12,14,2,4,10,0,120,1,12,-1,1
0003.txt,6,67,4,8,0,4,10,0,101,1,2,2,0
0003.txt,6,67,4,8,0,12,10,0,111,1,10,10,0
0003.txt,6,69,4,9,0,4,10,0,101,1,1,1,0
0003.txt,6,69,4,9,0,12,10,0,111,1,9,7,0
0003.txt,6,70,4,10,0,12,10,0,111,1,8,4,0
0003.txt,6,84,12,12,0,5,10,3,120,1,9,8,0
0003.txt,6,90,6,2,3,9,4,0,109,1,5,1,0
0003.txt,6,90,6,2,3,5,10,3,120,1,9,3,0
0003.txt,6,91,6,3,3,5,10,3,120,1,8,3,1
0003.txt,6,92,5,10,0,6,10,0,94,1,1,1,0
0003.txt,6,92,5,10,0,12,10,0,111,1,7,3,0
0003.txt,6,93,6,10,1,12,10,0,111,1,6,2,0
0003.txt,6,94,6,11,1,12,10,0,111,1,7,5,1
0003.txt,6,98,9,11,0,12,10,0,111,1,4,3,1
0003.txt,6,99,10,11,0,12,10,0,111,1,3,2,0
0003.txt,6,99,10,11,0,12,11,0,123,1,2,1,0
0003.txt,6,100,11,11,0,12,10,0,111,1,2,2,1
0003.txt,6,100,11,11,0,12,11,0,123,1,1,1,1
0003.txt,6,101,12,11,1,12,10,0,111,1,1,1,1
0003.txt,6,102,6,3,2,12,16,0,120,1,19,-1,0
0003.txt,6,105,8,4,2,9,4,0,109,1,1,1,1
0003.txt,6,105,8,4,2,12,16,0,120,1,16,-1,1
0003.txt,6,106,9,4,3,12,16,0,120,1,15,-1,0
0003.txt,6,107,10,4,3,12,10,0,111,1,8,3,0
0003.txt,6,107,10,4,3,12,16,0,120,1,14,-1,0
0003.txt,6,108,11,4,3,12,16,0,120,1,13,-1,1
0003.txt,6,109,12,4,3,12,10,0,111,1,6,3,1
0003.txt,6,109,12,4,3,12,16,0,120,1,12,-1,1
0003.txt,6,112,12,4,0,12,16,0,120,1,12,-1,1
0003.txt,6,113,12,5,3,12,4,0,115,1,1,1,1
0003.txt,6,113,12,5,3,12,16,0,120,1,11,-1,1
0003.txt,6,115,12,5,3,12,16,0,120,1,11,-1,0
0003.txt,6,116,12,12,0,12,16,0,120,1,4,3,0
0003.txt,6,118,12,13,2,12,16,0,120,1,3,2,1
0003.txt,8,15,2,15,0,13,15,0,53,1,11,-1,0
0003.txt,8,18,5,15,0,13,15,0,53,1,8,12,0
0003.txt,8,18,5,15,0,4,10,0,120,1,6,3,0
0003.txt,8,19,6,15,0,13,15,0,53,1,7,10,1
0003.txt,8,19,6,15,0,4,10,0,120,1,7,6,1
0003.txt,8,20,6,16,0,13,15,0,53,1,8,9,0
0003.txt,8,20,6,16,0,4,10,0,120,1,8,5,0
0003.txt,8,21,7,16,0,13,15,0,53,1,7,7,0
0003.txt,8,21,7,16,0,4,10,0,120,1,9,8,0
0003.txt,8,27,15,13,0,2,6,0,113,1,20,-1,0
0003.txt,8,28,16,13,0,13,15,0,49,1,5,9,0
0003.txt,8,29,15,13,0,13,15,0,49,1,4,8,0
0003.txt,8,29,15,13,0,13,14,0,75,1,3,2,0
0003.txt,8,29,15,13,0,2,6,0,113,1,20,-1,0
0003.txt,8,30,15,14,0,13,15,0,49,1,3,4,0
0003.txt,8,30,15,14,0,13,14,0,75,1,2,1,0
0003.txt,8,30,15,14,0,2,6,0,113,1,21,-1,0
0003.txt,8,31,14,14,0,13,15,0,49,1,2,4,1
0003.txt,8,31,14,14,0,13,14,0,75,1,1,1,1
0003.txt,8,31,14,14,0,2,6,0,113,1,20,-1,1
0003.txt,8,35,2,4,0,4,0,0,91,1,6,9,0
0003.txt,8,36,2,3,0,4,0,0,91,1,5,5,0
0003.txt,8,36,2,3,0,4,10,0,120,1,9,9,0
0003.txt,8,37,2,2,0,4,0,0,91,1,4,5,0
0003.txt,8,37,2,2,0,4,10,0,120,1,10,9,0
0003.txt,8,38,2,1,0,4,0,0,91,1,3,4,1
0003.txt,8,38,2,1,0,4,10,0,120,1,11,-1,1
0003.txt,8,39,2,0,0,4,0,0,91,1,2,2,0
0003.txt,8,39,2,0,0,4,10,0,120,1,12,-1,0
0003.txt,8,40,3,0,0,4,0,0,91,1,1,2,0
0003.txt,8,40,3,0,0,4,10,0,120,1,11,-1,0
0003.txt,8,41,4,0,0,4,10,0,120,1,12,-1,0
0003.txt,8,42,5,0,0,4,10,0,120,1,11,-1,0
0003.txt,8,43,5,1,0,4,10,0,120,1,10,9,1
0003.txt,8,44,6,1,0,4,10,0,120,1,11,-1,0
0003.txt,8,45,9,16,0,13,14,2,53,1,6,5,0
0003.txt,8,45,9,16,0,4,10,0,120,1,11,-1,0
0003.txt,8,46,9,15,0,13,14,2,53,1,5,5,0
0003.txt,8,46,9,15,0,4,10,0,120,1,10,11,0
0003.txt,8,47,9,14,0,13,14,2,53,1,4,5,1
0003.txt,8,47,9,14,0,4,10,0,120,1,9,11,1
0003.txt,8,50,9,14,0,13,14,0,75,1,4,4,0
0003.txt,8,50,9,14,0,6,2,2,113,1,15,-1,0
0003.txt,8,52,10,14,0,13,14,0,75,1,3,3,1
0003.txt,8,52,10,14,0,6,2,2,113,1,16,-1,1
0003.txt,8,53,11,14,1,4,10,0,120,1,11,-1,1
0003.txt,8,55,11,14,0,4,10,0,120,1,11,-1,0
0003.txt,8,56,12,14,0,4,10,0,120,1,12,-1,1
0003.txt,8,57,13,14,0,6,2,3,113,1,19,-1,0
0003.txt,8,67,4,8,0,4,10,0,101,1,2,2,0
0003.txt,8,67,4,8,0,12,10,0,111,1,10,10,0
0003.txt,8,69,4,9,0,4,10,0,101,1,1,1,0
0003.txt,8,69,4,9,0,12,10,0,111,1,9,7,0
0003.txt,8,70,4,10,0,12,10,0,111,1,8,4,0
0003.txt,8,76,12,6,0,12,7,0,122,1,1,1,1
0003.txt,8,83,12,5,1,12,6,1,122,1,1,1,1
0003.txt,8,84,12,12,0,5,10,1,120,1,9,7,0
0003.txt,8,90,6,2,1,9,4,0,109,1,5,1,0
0003.txt,8,90,6,2,1,5,10,3,120,1,9,3,0
0003.txt,8,91,6,3,1,5,10,3,120,1,8,3,1
0003.txt,8,92,5,10,0,6,10,0,94,1,1,1,0
0003.txt,8,92,5,10,0,12,10,0,111,1,7,3,0
0003.txt,8,93,6,10,0,12,10,0,111,1,6,2,0
0003.txt,8,94,6,11,0,12,10,0,111,1,7,3,1
0003.txt,8,98,9,11,0,12,10,0,111,1,4,3,1
0003.txt,8,99,10,11,0,12,10,0,111,1,3,2,0
0003.txt,8,99,10,11,0,12,11,0,123,1,2,1,0
0003.txt,8,100,11,11,0,12,10,0,111,1,2,2,1
0003.txt,8,100,11,11,0,12,11,0,123,1,1,1,1
0003.txt,8,101,12,11,0,12,10,0,111,1,1,1,1
0003.txt,8,102,6,3,0,9,4,0,109,1,4,1,0
0003.txt,8,102,6,3,0,12,16,0,120,1,19,-1,0
0003.txt,8,105,8,4,0,9,4,0,109,1,1,1,1
0003.txt,8,105,8,4,0,12,16,0,120,1,16,-1,1
0003.txt,8,106,9,4,1,12,16,0,120,1,15,-1,0
0003.txt,8,107,10,4,1,12,10,0,111,1,8,3,0
0003.txt,8,107,10,4,1,12,16,0,120,1,14,-1,0
0003.txt,8,108,11,4,1,12,16,0,120,1,13,-1,1
0003.txt,8,109,12,4,1,12,10,0,111,1,6,3,1
0003.txt,8,109,12,4,1,12,16,0,120,1,12,-1,1
0003.txt,8,110,12,10,0,12,11,0,123,1,1,1,0
0003.txt,8,112,12,4,0,12,16,0,120,1,12,-1,1
0003.txt,8,113,12,5,1,12,4,0,115,1,1,1,1
0003.txt,8,113,12,5,1,12,16,0,120,1,11,-1,1
0003.txt,8,113,12,5,1,12,6,1,122,1,1,2,1
0003.txt,8,115,12,5,1,12,16,0,120,1,11,-1,0
0003.txt,8,115,12,5,1,12,6,1,122,1,1,1,0
0003.txt,8,116,12,12,0,12,16,0,120,1,4,3,0
0003.txt,8,118,12,13,0,12,16,0,120,1,3,2,1
0004.txt,6,10,5,2,0,1,3,0,62,1,5,6,0
0004.txt,6,11,4,2,0,3,2,0,33,1,1,7,0
0004.txt,6,11,4,2,0,3,1,0,38,1,2,6,0
0004.txt,6,11,4,2,0,1,3,0,62,1,4,8,0
0004.txt,6,12,4,2,0,3,2,0,33,1,1,7,0
0004.txt,6,12,4,2,0,3,1,0,38,1,2,6,0
0004.txt,6,15,1,3,0,4,4,0,62,1,4,3,0
0004.txt,6,18,2,3,0,4,4,0,62,1,3,5,0
0004.txt,6,19,3,3,2,4,4,0,62,1,2,3,1
0004.txt,6,19,3,3,2,0,15,0,159,1,15,-1,1
0004.txt,6,20,4,3,1,7,7,0,46,1,7,30,1
0004.txt,6,20,4,3,1,4,4,0,62,1,1,1,1
0004.txt,6,21,3,3,0,3,1,0,38,1,2,6,0
0004.txt,6,21,3,3,0,0,15,0,159,1,15,-1,0
0004.txt,6,22,4,3,0,3,1,0,38,1,3,9,1
0004.txt,6,22,4,3,0,0,15,0,159,1,16,-1,1
0004.txt,6,24,1,6,0,0,15,0,159,1,10,34,0
0004.txt,6,26,2,6,0,0,15,0,159,1,11,-1,0
0004.txt,6,29,2,7,0,0,15,0,159,1,10,38,0
0004.txt,6,30,2,6,0,0,15,0,159,1,11,-1,1
0004.txt,6,32,3,6,2,0,15,0,159,1,12,-1,0
0004.txt,6,33,4,2,0,3,1,0,38,1,2,5,1
0004.txt,6,33,4,2,0,0,15,0,159,1,17,-1,1
0004.txt,6,34,4,2,0,3,1,0,38,1,2,6,0
0004.txt,6,36,4,6,3,0,15,0,159,1,13,-1,0
0004.txt,6,36,4,6,3,4,9,0,174,1,3,6,0
0004.txt,6,40,5,4,3,7,7,0,46,1,5,14,0
0004.txt,6,43,4,6,0,5,6,0,64,1,1,1,0
0004.txt,6,44,5,7,2,7,7,0,46,1,2,3,1
0004.txt,6,50,5,7,3,13,3,3,74,1,14,-1,0
0004.txt,6,59,11,2,3,9,6,0,132,1,6,3,0
0004.txt,6,59,11,2,3,5,8,0,216,1,12,-1,0
0004.txt,6,60,8,2,3,5,8,0,216,1,9,13,0
0004.txt,6,61,8,6,0,8,7,0,74,1,1,1,1
0004.txt,6,67,8,7,2,10,8,0,238,1,3,3,0
0004.txt,6,69,9,7,3,12,15,0,233,1,11,-1,0
0004.txt,6,70,10,8,3,10,7,7,167,1,1,1,1
0004.txt,6,72,10,7,3,10,8,0,238,1,1,1,1
0004.txt,6,73,10,7,2,10,8,0,238,1,1,1,1
0004.txt,6,74,10,8,3,12,15,0,233,1,9,20,1
0004.txt,6,78,14,13,0,15,7,1,86,1,7,7,0
0004.txt,6,79,14,12,0,15,7,1,86,1,6,7,0
0004.txt,6,80,14,11,0,15,7,1,86,1,5,7,1
0004.txt,6,87,14,10,0,14,7,1,101,1,3,2,1
0004.txt,6,87,14,10,0,5,8,0,216,1,13,-1,1
0004.txt,6,90,13,10,2,14,7,1,101,1,4,2,0
0004.txt,6,90,13,10,2,5,8,0,216,1,12,-1,0
0004.txt,6,92,13,8,3,14,7,1,101,1,2,1,0
0004.txt,6,92,13,8,3,5,8,0,216,1,10,15,0
0004.txt,6,96,12,8,1,12,7,1,101,1,1,1,0
0004.txt,6,96,12,8,1,5,8,0,216,1,9,16,0
0004.txt,6,97,12,7,3,5,8,0,216,1,8,9,0
0004.txt,6,101,9,7,2,5,8,0,216,1,5,6,0
0004.txt,6,102,9,7,1,5,8,0,216,1,5,6,1
0004.txt,6,128,8,2,1,9,6,0,132,1,5,7,0
0004.txt,6,128,8,2,1,5,8,0,216,1,9,15,0
0004.txt,6,129,8,4,0,9,6,0,132,1,3,1,1
0004.txt,6,129,8,4,0,5,8,0,216,1,7,9,1
0004.txt,6,130,8,5,0,9,6,0,132,1,2,1,1
0004.txt,6,130,8,5,0,5,8,0,216,1,6,7,1
0004.txt,6,132,8,6,1,5,8,0,216,1,5,7,0
0004.txt,6,133,8,7,3,7,0,0,146,1,8,19,0
0004.txt,6,134,8,6,3,7,0,0,146,1,7,15,0
0004.txt,6,135,8,6,0,5,8,0,216,1,5,5,1
0004.txt,6,136,8,9,1,6,9,0,170,1,2,1,0
0004.txt,6,136,8,9,1,2,13,0,178,1,10,22,0
0004.txt,6,137,8,7,3,8,9,0,214,1,2,1,1
0004.txt,6,137,8,7,3,5,8,0,216,1,4,4,1
0004.txt,6,155,2,13,0,3,13,1,158,1,1,3,0
0004.txt,6,160,4,1,0,5,1,0,162,1,1,1,0
0004.txt,6,206,8,9,3,5,10,0,216,1,4,1,0
0004.txt,6,207,7,9,3,5,10,0,216,1,3,1,0
0004.txt,6,210,6,11,3,5,10,0,216,1,2,2,1
0004.txt,6,214,5,11,3,5,10,0,216,1,1,1,1
0004.txt,6,224,4,14,2,6,15,0,247,1,3,1,0
0004.txt,6,226,5,15,2,6,15,0,247,1,1,1,1
0004.txt,6,230,10,14,0,12,15,0,233,1,3,4,1
0004.txt,8,10,5,2,0,1,3,0,62,1,5,6,0
0004.txt,8,11,4,2,0,3,2,0,33,1,1,7,0
0004.txt,8,11,4,2,0,3,1,0,38,1,2,6,0
0004.txt,8,11,4,2,0,1,3,0,62,1,4,8,0
0004.txt,8,12,4,2,0,3,2,0,33,1,1,7,0
0004.txt,8,12,4,2,0,3,1,0,38,1,2,6,0
0004.txt,8,15,1,3,0,4,4,0,62,1,4,3,0
0004.txt,8,18,2,3,0,4,4,0,62,1,3,5,0
0004.txt,8,19,3,3,0,3,1,0,38,1,2,2,1
0004.txt,8,19,3,3,0,4,4,0,62,1,2,4,1
0004.txt,8,19,3,3,0,0,15,0,159,1,15,-1,1
0004.txt,8,20,4,3,0,4,4,0,40,2,1,1,1
0004.txt,8,20,4,3,0,7,7,0,46,1,7,30,1
0004.txt,8,21,3,3,0,3,1,0,38,1,2,6,0
0004.txt,8,21,3,3,0,0,15,0,159,1,15,-1,0
0004.txt,8,22,4,3,0,3,1,0,38,1,3,9,1
0004.txt,8,22,4,3,0,0,15,0,159,1,16,-1,1
0004.txt,8,24,1,6,0,0,15,0,159,1,10,34,0
0004.txt,8,26,2,6,0,0,15,0,159,1,11,-1,0
0004.txt,8,29,2,7,0,0,15,0,159,1,10,38,0
0004.txt,8,30,2,6,0,0,15,0,159,1,11,-1,1
0004.txt,8,32,3,6,0,4,2,3,36,1,5,6,0
0004.txt,8,32,3,6,0,0,15,0,159,1,12,-1,0
0004.txt,8,32,3,6,0,4,9,0,174,1,4,9,0
0004.txt,8,33,4,2,0,3,1,0,38,1,2,5,1
0004.txt,8,33,4,2,0,0,15,0,159,1,17,-1,1
0004.txt,8,34,4,2,0,3,1,0,38,1,2,6,0
0004.txt,8,36,4,6,1,0,15,0,159,1,13,-1,0
0004.txt,8,36,4,6,1,4,9,0,174,1,3,7,0
0004.txt,8,39,4,4,0,7,7,0,46,1,6,17,1
0004.txt,8,40,5,4,1,7,7,0,46,1,5,14,0
0004.txt,8,43,4,6,0,5,6,0,64,1,1,1,0
0004.txt,8,44,5,7,0,7,7,0,46,1,2,4,1
0004.txt,8,47,5,6,0,13,3,2,74,1,13,-1,0
0004.txt,8,50,5,7,1,13,3,3,74,1,14,-1,0
0004.txt,8,56,11,2,0,8,7,0,74,1,8,8,1
0004.txt,8,59,11,2,1,9,6,0,132,1,6,4,0
0004.txt,8,59,11,2,1,5,8,0,216,1,12,-1,0
0004.txt,8,60,8,2,1,9,6,0,132,1,5,8,0
0004.txt,8,60,8,2,1,5,8,0,216,1,9,16,0
0004.txt,8,61,8,6,0,8,7,0,74,1,1,1,1
0004.txt,8,63,9,7,0,5,7,3,167,1,4,5,0
0004.txt,8,66,9,7,0,10,7,0,167,1,1,1,1
0004.txt,8,67,8,7,0,9,7,0,72,1,1,1,0
0004.txt,8,67,8,7,0,12,15,0,233,1,12,-1,0
0004.txt,8,67,8,7,0,10,8,0,238,1,3,3,0
0004.txt,8,69,9,7,1,12,15,0,233,1,11,-1,0
0004.txt,8,70,10,8,1,10,7,7,167,1,1,1,1
0004.txt,8,71,10,10,1,10,7,7,167,1,3,4,0
0004.txt,8,72,10,7,1,10,8,0,238,1,1,1,1
0004.txt,8,73,10,7,0,12,15,0,233,1,10,26,1
0004.txt,8,73,10,7,0,10,8,0,238,1,1,1,1
0004.txt,8,74,10,8,1,12,15,0,233,1,9,20,1
0004.txt,8,78,14,13,0,15,7,0,86,1,7,7,0
0004.txt,8,79,14,12,0,15,7,0,86,1,6,7,0
0004.txt,8,80,14,11,0,15,7,0,86,1,5,7,1
0004.txt,8,86,14,10,0,14,7,1,101,1,3,2,0
0004.txt,8,86,14,10,0,5,8,0,216,1,13,-1,0
0004.txt,8,87,14,10,0,14,7,0,100,2,3,2,1
0004.txt,8,87,14,10,0,5,8,0,216,1,13,-1,1
0004.txt,8,90,13,10,0,14,7,1,101,1,4,2,0
0004.txt,8,90,13,10,0,5,8,0,216,1,12,-1,0
0004.txt,8,91,13,9,1,14,7,1,101,1,3,1,0
0004.txt,8,91,13,9,1,5,8,0,216,1,11,-1,0
0004.txt,8,92,13,8,1,14,7,1,101,1,2,1,0
0004.txt,8,92,13,8,1,5,8,0,216,1,10,20,0
0004.txt,8,93,12,8,1,14,7,1,101,1,3,2,1
0004.txt,8,93,12,8,1,5,8,0,216,1,9,20,1
0004.txt,8,96,12,8,0,12,7,0,100,2,1,1,0
0004.txt,8,96,12,8,0,5,8,0,216,1,9,16,0
0004.txt,8,97,12,7,1,5,8,0,216,1,8,10,0
0004.txt,8,100,9,7,1,5,8,0,216,1,5,6,1
0004.txt,8,101,9,7,0,5,8,0,216,1,5,6,0
0004.txt,8,102,9,7,0,5,8,0,216,1,5,6,1
0004.txt,8,128,8,2,0,9,6,0,132,1,5,7,0
0004.txt,8,128,8,2,0,5,8,0,216,1,9,15,0
0004.txt,8,129,8,4,0,9,6,0,132,1,3,1,1
0004.txt,8,129,8,4,0,5,8,0,216,1,7,9,1
0004.txt,8,130,8,5,0,9,6,0,132,1,2,1,1
0004.txt,8,130,8,5,0,5,8,0,216,1,6,7,1
0004.txt,8,132,8,6,0,5,8,0,216,1,5,5,0
0004.txt,8,133,8,7,1,7,0,0,146,1,8,20,0
0004.txt,8,133,8,7,1,5,8,0,216,1,4,4,0
0004.txt,8,134,8,6,1,7,0,0,146,1,7,15,0
0004.txt,8,134,8,6,1,5,8,0,216,1,5,5,0
0004.txt,8,135,8,6,0,5,8,0,216,1,5,5,1
0004.txt,8,136,8,9,0,6,9,0,170,1,2,1,0
0004.txt,8,136,8,9,0,2,13,0,178,1,10,23,0
0004.txt,8,137,8,7,1,8,9,0,214,1,2,1,1
0004.txt,8,137,8,7,1,5,8,0,216,1,4,4,1
0004.txt,8,155,2,13,0,3,13,0,158,1,1,1,0
0004.txt,8,160,4,1,0,5,1,0,162,1,1,1,0
0004.txt,8,206,8,9,1,5,10,0,216,1,4,1,0
0004.txt,8,207,7,9,1,5,10,0,216,1,3,1,0
0004.txt,8,210,6,11,1,5,10,0,216,1,2,2,1
0004.txt,8,214,5,11,1,5,10,0,216,1,1,1,1
0004.txt,8,223,4,13,0,6,15,0,247,1,4,1,0
0004.txt,8,224,4,14,0,6,15,0,247,1,3,1,0
0004.txt,8,226,5,15,0,6,15,0,247,1,1,1,1
0004.txt,8,230,10,14,0,12,15,0,233,1,3,4,1
0004.txt,8,235,10,9,1,9,11,0,244,1,3,1,0
0004.txt,8,237,10,11,1,9,11,0,244,1,1,1,1
0005.txt,6,13,0,6,0,11,10,0,288,1,21,-1,0
0005.txt,6,17,0,5,0,11,10,0,288,1,20,-1,0
0005.txt,6,19,0,3,0,11,10,0,288,1,18,-1,1
0005.txt,6,30,1,3,0,11,8,2,288,1,15,-1,1
0005.txt,6,36,8,15,0,6,14,0,166,1,3,14,0
0005.txt,6,37,9,16,0,7,16,0,60,1,2,1,0
0005.txt,6,50,15,1,0,13,2,0,218,1,3,5,0
0005.txt,6,54,2,3,0,10,8,1,288,1,13,-1,0
0005.txt,6,55,14,1,0,13,2,0,218,1,2,2,0
0005.txt,6,57,3,3,1,5,0,0,289,1,5,7,0
0005.txt,6,59,4,3,0,5,0,0,289,1,4,7,1
0005.txt,6,60,8,16,0,6,14,0,166,1,4,9,0
0005.txt,6,65,8,14,0,6,14,0,166,1,2,12,0
0005.txt,6,67,4,4,2,5,0,0,289,1,5,11,0
0005.txt,6,69,5,6,3,5,0,0,289,1,6,18,1
0005.txt,6,77,5,6,2,5,0,0,289,1,6,14,0
0005.txt,6,125,6,6,0,5,0,0,289,1,7,15,1
0005.txt,6,128,5,6,0,5,0,0,289,1,6,15,1
0005.txt,6,133,5,5,0,5,0,0,289,1,5,22,0
0005.txt,6,134,5,4,1,5,0,0,289,1,4,18,0
0005.txt,6,142,5,2,3,5,0,0,289,1,2,16,0
0005.txt,6,143,14,2,1,12,14,1,502,1,18,-1,0
0005.txt,6,209,16,3,0,14,10,0,502,1,11,-1,0
0005.txt,6,218,16,2,1,14,10,1,502,1,12,-1,1
0005.txt,6,254,7,12,0,0,12,0,283,1,13,-1,0
0005.txt,6,255,6,12,0,0,12,0,283,1,12,-1,1
0005.txt,6,256,5,12,0,0,12,0,283,1,11,-1,0
0005.txt,6,257,5,13,1,0,12,0,283,1,10,6,0
0005.txt,6,258,5,14,3,0,12,0,283,1,9,10,0
0005.txt,6,260,3,15,2,0,12,0,283,1,6,5,1
0005.txt,6,264,1,15,3,0,12,0,283,1,4,3,0
0005.txt,6,266,1,13,1,0,12,0,283,1,2,2,0
0005.txt,6,279,3,12,0,2,12,0,283,1,1,1,1
0005.txt,6,282,2,10,3,3,9,0,287,1,2,3,1
0005.txt,6,285,2,8,1,3,9,0,287,1,2,2,0
0005.txt,6,290,6,8,0,3,8,5,294,1,3,16,0
0005.txt,6,369,16,3,1,14,10,1,502,1,11,-1,0
0005.txt,6,492,16,7,3,16,9,0,502,1,2,5,1
0005.txt,6,498,16,8,1,16,9,0,502,1,1,2,0
0005.txt,6,500,16,8,0,16,9,0,502,1,1,1,0
0005.txt,6,542,1,15,0,3,15,0,550,1,2,1,0
0005.txt,8,13,0,6,0,11,10,0,288,1,21,-1,0
0005.txt,8,17,0,5,0,11,10,0,288,1,20,-1,0
0005.txt,8,19,0,3,0,11,10,0,288,1,18,-1,1
0005.txt,8,30,1,3,0,11,8,0,288,1,15,-1,1
0005.txt,8,36,8,15,0,6,14,0,166,1,3,14,0
0005.txt,8,37,9,16,0,7,16,0,60,1,2,1,0
0005.txt,8,50,15,1,0,13,2,0,218,1,3,5,0
0005.txt,8,52,2,3,0,10,8,0,288,1,13,-1,0
0005.txt,8,54,2,3,0,10,8,0,288,1,13,-1,0
0005.txt,8,55,14,1,0,13,2,0,218,1,2,2,0
0005.txt,8,57,3,3,0,10,8,1,288,1,12,-1,0
0005.txt,8,57,3,3,0,5,0,0,289,1,5,7,0
0005.txt,8,59,4,3,0,10,8,0,288,1,11,-1,1
0005.txt,8,59,4,3,0,5,0,0,289,1,4,7,1
0005.txt,8,60,8,16,0,6,14,0,166,1,4,9,0
0005.txt,8,65,8,14,0,6,14,0,166,1,2,12,0
0005.txt,8,67,4,4,0,5,0,0,289,1,5,11,0
0005.txt,8,68,5,4,1,5,0,0,289,1,4,9,1
0005.txt,8,69,5,6,1,5,0,0,289,1,6,18,1
0005.txt,8,77,5,6,0,5,0,0,289,1,6,14,0
0005.txt,8,81,6,6,0,5,0,0,289,1,7,18,1
0005.txt,8,89,4,8,0,2,15,0,115,1,11,-1,0
0005.txt,8,90,3,8,1,2,15,0,115,1,10,18,0
0005.txt,8,91,2,8,1,2,15,0,115,1,9,15,0
0005.txt,8,92,2,10,1,2,15,0,115,1,7,9,0
0005.txt,8,93,2,12,1,2,15,0,115,1,5,8,0
0005.txt,8,94,1,12,1,2,15,0,115,1,4,6,0
0005.txt,8,95,1,13,1,2,15,0,115,1,3,5,0
0005.txt,8,96,1,15,1,2,15,0,115,1,1,1,1
0005.txt,8,121,6,8,0,6,9,0,124,1,1,2,0
0005.txt,8,125,6,6,0,5,0,0,289,1,7,15,1
0005.txt,8,128,5,6,0,5,0,0,289,1,6,15,1
0005.txt,8,133,5,5,0,5,0,0,289,1,5,22,0
0005.txt,8,134,5,4,0,5,0,0,289,1,4,18,0
0005.txt,8,134,5,4,0,0,11,1,306,1,12,-1,0
0005.txt,8,142,5,2,1,5,0,0,289,1,2,4,0
0005.txt,8,143,14,2,0,12,14,0,502,1,18,-1,0
0005.txt,8,190,16,5,0,13,6,2,198,1,4,8,1
0005.txt,8,202,15,2,0,14,10,0,502,1,13,-1,0
0005.txt,8,209,16,3,0,14,10,0,502,1,11,-1,0
0005.txt,8,218,16,2,0,14,10,0,502,1,12,-1,1
0005.txt,8,226,16,11,0,15,13,2,241,1,3,1,0
0005.txt,8,229,15,11,0,5,4,0,420,1,35,-1,0
0005.txt,8,230,15,12,1,5,4,0,420,1,34,-1,0
0005.txt,8,233,12,12,0,5,4,0,420,1,31,-1,1
0005.txt,8,236,12,12,0,5,4,0,420,1,31,-1,0
0005.txt,8,237,12,13,1,5,4,0,420,1,30,-1,0
0005.txt,8,238,10,13,1,5,4,0,420,1,28,-1,0
0005.txt,8,241,10,12,1,5,4,0,420,1,27,-1,0
0005.txt,8,248,5,12,1,5,4,0,420,1,22,-1,0
0005.txt,8,249,5,14,1,5,4,0,420,1,20,-1,1
0005.txt,8,251,3,14,1,5,4,0,420,1,18,-1,0
0005.txt,8,252,3,15,0,5,4,0,420,1,17,-1,0
0005.txt,8,253,2,15,1,5,4,0,420,1,16,-1,1
0005.txt,8,254,7,12,0,0,12,0,283,1,13,-1,0
0005.txt,8,255,6,12,0,0,12,0,283,1,12,-1,1
0005.txt,8,256,5,12,0,0,12,0,283,1,11,-1,0
0005.txt,8,257,5,13,0,0,12,0,283,1,10,13,0
0005.txt,8,258,5,14,1,0,12,0,283,1,9,10,0
0005.txt,8,259,3,14,1,0,12,0,283,1,7,5,0
0005.txt,8,260,3,15,0,0,12,0,283,1,6,5,1
0005.txt,8,261,1,15,1,5,4,0,420,1,15,-1,1
0005.txt,8,262,2,15,1,0,12,0,283,1,5,5,1
0005.txt,8,264,1,15,1,0,12,0,283,1,4,3,0
0005.txt,8,265,1,13,1,0,12,0,283,1,2,2,0
0005.txt,8,266,1,13,0,0,12,0,283,1,2,2,0
0005.txt,8,271,2,12,1,5,4,0,420,1,11,-1,0
0005.txt,8,272,2,11,1,5,4,0,420,1,10,13,0
0005.txt,8,273,2,9,1,5,4,0,420,1,8,11,0
0005.txt,8,274,4,9,1,5,4,0,420,1,6,9,0
0005.txt,8,277,5,6,1,5,4,0,420,1,2,4,0
0005.txt,8,279,3,12,0,2,12,0,283,1,1,1,1
0005.txt,8,281,2,11,0,3,9,0,287,1,3,2,0
0005.txt,8,282,2,10,1,3,9,0,287,1,2,2,1
0005.txt,8,283,2,8,1,3,9,0,287,1,2,1,1
0005.txt,8,285,2,8,0,3,9,0,287,1,2,2,0
0005.txt,8,290,6,8,0,3,8,3,294,1,3,16,0
0005.txt,8,355,7,12,0,8,12,0,385,1,1,1,1
0005.txt,8,369,16,3,0,14,10,0,502,1,11,-1,0
0005.txt,8,394,16,4,0,14,11,1,502,1,9,6,1
0005.txt,8,453,12,12,1,12,13,7,487,1,1,1,0
0005.txt,8,454,13,12,1,12,13,7,487,1,2,1,0
0005.txt,8,456,14,12,1,12,13,7,487,1,3,3,1
0005.txt,8,492,16,7,1,16,9,0,502,1,2,5,1
0005.txt,8,498,16,8,0,16,9,0,502,1,1,2,0
0005.txt,8,500,16,8,0,16,9,0,502,1,1,1,0
0005.txt,8,542,1,15,0,3,15,0,550,1,2,1,0
0006.txt,6,28,9,11,0,6,11,1,32,1,3,1,0
0006.txt,6,29,8,11,0,6,11,1,32,1,2,1,0
0006.txt,6,30,7,11,0,6,11,1,32,1,1,1,1
0006.txt,6,36,5,10,0,9,5,2,76,1,9,18,0
0006.txt,6,38,6,0,0,5,2,0,44,1,3,1,0
0006.txt,6,38,6,0,0,10,2,0,47,1,6,6,0
0006.txt,6,39,5,2,0,10,2,0,47,1,7,7,0
0006.txt,6,41,6,1,0,10,2,0,47,1,5,4,0
0006.txt,6,42,8,1,0,7,1,0,44,2,1,1,0
0006.txt,6,43,7,1,1,10,2,0,47,1,4,3,0
0006.txt,6,44,7,2,1,10,2,0,47,1,3,3,1
0006.txt,6,45,7,2,0,10,2,0,47,1,3,2,0
0006.txt,6,51,7,3,0,7,7,0,77,1,4,3,0
0006.txt,6,62,6,10,2,6,6,4,76,1,4,2,0
0006.txt,6,68,1,3,0,0,6,2,102,1,4,1,1
0006.txt,6,69,0,3,0,0,6,2,102,1,3,1,1
0006.txt,8,28,9,11,0,6,11,0,32,1,3,1,0
0006.txt,8,29,8,11,0,6,11,0,32,1,2,1,0
0006.txt,8,30,7,11,0,6,11,0,32,1,1,1,1
0006.txt,8,31,6,11,0,6,9,0,88,1,2,2,0
0006.txt,8,36,5,10,0,9,5,0,76,1,9,15,0
0006.txt,8,36,5,10,0,6,9,0,88,1,2,2,0
0006.txt,8,38,6,0,0,5,2,0,44,1,3,1,0
0006.txt,8,38,6,0,0,10,2,0,47,1,6,6,0
0006.txt,8,39,5,2,0,10,2,0,47,1,7,7,0
0006.txt,8,41,6,1,0,10,2,0,47,1,5,4,0
0006.txt,8,42,8,1,0,7,1,0,44,2,1,1,0
0006.txt,8,43,7,1,0,10,2,0,47,1,4,3,0
0006.txt,8,44,7,2,0,10,2,0,47,1,3,3,1
0006.txt,8,45,7,2,0,10,2,0,47,1,3,2,0
0006.txt,8,51,7,3,0,7,5,0,54,1,2,2,0
0006.txt,8,51,7,3,0,7,7,0,77,1,4,4,0
0006.txt,8,52,7,4,0,7,7,0,77,1,3,3,1
0006.txt,8,52,7,4,0,4,6,0,101,1,5,4,1
0006.txt,8,55,7,6,0,7,7,0,77,1,1,2,0
0006.txt,8,62,6,10,0,6,6,4,76,1,4,2,0
0006.txt,8,68,1,3,0,0,6,0,102,1,4,1,1
0006.txt,8,69,0,3,0,0,6,0,102,1,3,1,1
0006.txt,8,77,7,6,0,5,6,0,81,1,2,1,1
0006.txt,8,84,6,10,0,6,9,0,88,1,1,1,1
0007.txt,6,25,8,2,1,8,3,0,30,1,1,1,0
0007.txt,6,34,1,2,0,0,3,0,38,1,2,1,0
0007.txt,6,34,1,2,0,5,7,0,78,1,9,9,0
0007.txt,6,38,1,3,1,5,7,0,78,1,8,7,0
0007.txt,6,50,6,10,2,6,8,0,65,1,2,1,1
0007.txt,6,79,9,12,0,2,6,2,101,1,13,-1,0
0007.txt,6,80,9,11,0,2,6,3,101,1,12,-1,1
0007.txt,6,80,9,11,0,8,11,0,107,1,1,1,1
0007.txt,6,80,9,11,0,5,6,0,109,1,9,9,1
0007.txt,8,25,8,2,0,8,3,0,30,1,1,1,0
0007.txt,8,34,1,2,0,0,3,0,38,1,2,1,0
0007.txt,8,34,1,2,0,5,7,0,78,1,9,9,0
0007.txt,8,38,1,3,0,5,7,0,78,1,8,7,0
0007.txt,8,49,5,10,0,6,8,0,65,1,3,3,0
0007.txt,8,50,6,10,0,6,8,0,65,1,2,1,1
0007.txt,8,61,1,4,0,3,5,0,69,1,3,2,0
0007.txt,8,63,3,4,0,3,5,0,69,1,1,1,1
0007.txt,8,79,9,12,0,2,6,0,101,1,13,-1,0
0007.txt,8,80,9,11,0,2,6,1,101,1,12,-1,1
0007.txt,8,80,9,11,0,8,11,0,107,1,1,1,1
0007.txt,8,80,9,11,0,5,6,0,109,1,9,9,1
0007.txt,8,81,8,11,0,2,6,3,101,1,11,-1,0
0007.txt,8,81,8,11,0,5,6,0,109,1,8,8,0
0008.txt,6,9,11,0,0,10,1,0,13,1,2,1,0
0008.txt,6,30,0,7,0,3,2,0,52,1,8,5,0
0008.txt,6,31,1,7,0,3,2,0,52,1,7,5,0
0008.txt,6,32,1,6,0,3,2,0,52,1,6,3,1
0008.txt,6,35,11,8,0,6,5,0,109,1,12,-1,0
0008.txt,6,36,11,9,0,8,10,0,107,1,4,3,0
0008.txt,6,36,11,9,0,6,5,0,109,1,11,-1,0
0008.txt,6,38,11,10,0,6,10,0,90,1,5,4,1
0008.txt,6,38,11,10,0,8,10,0,107,1,3,3,1
0008.txt,6,38,11,10,0,6,5,0,109,1,10,10,1
0008.txt,6,40,1,5,0,3,2,0,52,1,5,3,0
0008.txt,6,41,1,4,0,3,2,0,52,1,4,3,1
0008.txt,6,42,1,3,0,3,2,0,52,1,3,2,1
0008.txt,6,43,1,2,0,3,2,0,52,1,2,2,1
0008.txt,6,44,2,2,0,3,2,0,52,1,1,1,1
0008.txt,6,45,10,10,1,6,10,0,90,1,4,3,0
0008.txt,6,45,10,10,1,8,10,0,107,1,2,2,0
0008.txt,6,45,10,10,1,6,5,0,109,1,9,8,0
0008.txt,6,46,9,10,2,6,10,0,90,1,3,2,0
0008.txt,6,46,9,10,2,6,8,0,103,1,5,4,0
0008.txt,6,46,9,10,2,8,10,0,107,1,1,1,0
0008.txt,6,46,9,10,2,6,5,0,109,1,8,7,0
0008.txt,6,48,9,10,0,7,11,0,54,1,3,4,0
0008.txt,6,48,9,10,0,8,10,0,107,1,1,1,0
0008.txt,6,48,9,10,0,6,5,0,109,1,8,12,0
0008.txt,6,54,8,10,2,6,5,0,109,1,7,8,0
0008.txt,6,66,7,5,0,4,9,0,75,1,7,13,0
0008.txt,6,67,6,5,0,4,9,0,75,1,6,9,1
0008.txt,6,68,6,7,2,4,9,0,75,1,4,4,1
0008.txt,6,69,6,8,3,4,9,0,75,1,3,3,1
0008.txt,6,79,12,4,0,6,5,0,82,1,7,4,0
0008.txt,6,83,8,10,2,6,5,0,109,1,7,6,0
0008.txt,6,88,7,10,2,6,10,0,90,1,1,1,0
0008.txt,6,89,6,10,3,6,8,0,103,1,2,1,0
0008.txt,6,94,6,8,3,6,5,0,109,1,3,1,1
0008.txt,6,96,4,3,0,3,3,0,113,1,1,1,1
0008.txt,6,100,6,8,1,6,5,0,109,1,3,3,0
0008.txt,6,101,6,7,1,6,6,0,103,1,1,1,1
0008.txt,6,101,6,7,1,6,5,0,109,1,2,3,1
0008.txt,6,102,6,6,2,6,5,0,109,1,1,2,0
0008.txt,8,9,11,0,0,10,1,0,13,1,2,1,0
0008.txt,8,30,0,7,0,3,2,0,52,1,8,5,0
0008.txt,8,31,1,7,0,3,2,0,52,1,7,5,0
0008.txt,8,32,1,6,0,3,2,0,52,1,6,3,1
0008.txt,8,35,11,8,0,6,5,0,109,1,12,-1,0
0008.txt,8,36,11,9,0,8,10,0,107,1,4,3,0
0008.txt,8,36,11,9,0,6,5,0,109,1,11,-1,0
0008.txt,8,38,11,10,0,6,10,0,90,1,5,4,1
0008.txt,8,38,11,10,0,8,10,0,107,1,3,3,1
0008.txt,8,38,11,10,0,6,5,0,109,1,10,10,1
0008.txt,8,40,1,5,0,3,2,0,52,1,5,3,0
0008.txt,8,41,1,4,0,3,2,0,52,1,4,3,1
0008.txt,8,42,1,3,0,3,2,0,52,1,3,2,1
0008.txt,8,43,1,2,0,3,2,0,52,1,2,2,1
0008.txt,8,44,2,2,0,3,2,0,52,1,1,1,1
0008.txt,8,45,10,10,0,6,10,0,90,1,4,3,0
0008.txt,8,45,10,10,0,6,8,0,103,1,6,5,0
0008.txt,8,45,10,10,0,8,10,0,107,1,2,2,0
0008.txt,8,45,10,10,0,6,5,0,109,1,9,8,0
0008.txt,8,46,9,10,0,6,10,0,90,1,3,2,0
0008.txt,8,46,9,10,0,6,8,0,103,1,5,4,0
0008.txt,8,46,9,10,0,8,10,0,107,1,1,1,0
0008.txt,8,46,9,10,0,6,5,0,109,1,8,7,0
0008.txt,8,48,9,10,0,7,11,0,54,1,3,4,0
0008.txt,8,48,9,10,0,8,10,0,107,1,1,1,0
0008.txt,8,48,9,10,0,6,5,0,109,1,8,12,0
0008.txt,8,54,8,10,0,6,5,0,109,1,7,10,0
0008.txt,8,63,9,5,0,11,5,0,65,1,2,3,0
0008.txt,8,66,7,5,0,4,9,0,75,1,7,13,0
0008.txt,8,67,6,5,0,4,9,0,75,1,6,10,1
0008.txt,8,67,6,5,0,6,4,5,81,1,1,3,1
0008.txt,8,68,6,7,0,4,9,0,75,1,4,4,1
0008.txt,8,69,6,8,1,4,9,0,75,1,3,3,1
0008.txt,8,79,12,4,0,6,5,0,82,1,7,4,0
0008.txt,8,83,8,10,0,6,5,0,109,1,7,6,0
0008.txt,8,88,7,10,0,6,10,0,90,1,1,1,0
0008.txt,8,88,7,10,0,6,8,0,103,1,3,2,0
0008.txt,8,89,6,10,1,6,8,0,103,1,2,1,0
0008.txt,8,91,6,9,0,6,8,0,103,1,1,1,1
0008.txt,8,92,6,5,0,5,3,0,95,1,3,2,0
0008.txt,8,94,6,8,1,6,5,0,109,1,3,1,1
0008.txt,8,96,4,3,0,3,3,0,113,1,1,1,1
0008.txt,8,100,6,8,0,6,6,0,103,1,2,1,0
0008.txt,8,100,6,8,0,6,5,0,109,1,3,3,0
0008.txt,8,101,6,7,0,6,6,0,103,1,1,1,1
0008.txt,8,101,6,7,0,6,5,0,109,1,2,3,1
0008.txt,8,102,6,6,0,6,5,0,109,1,1,2,0
0008.txt,8,108,6,5,0,6,3,0,121,1,2,2,1
0008.txt,8,112,6,4,0,6,3,0,121,1,1,1,1
0009.txt,6,50,11,3,0,10,2,0,53,1,2,1,0
0009.txt,6,51,11,2,0,10,2,1,53,1,1,1,0
0009.txt,6,61,3,7,0,9,2,2,70,1,11,-1,0
0009.txt,8,28,5,11,0,3,11,0,34,1,4,3,0
0009.txt,8,50,11,3,0,10,2,0,53,1,2,1,0
0009.txt,8,51,11,2,0,10,2,0,53,1,1,1,0
0009.txt,8,54,5,10,0,9,2,2,70,1,12,-1,0
0009.txt,8,55,4,10,0,9,2,2,70,1,13,-1,1
0009.txt,8,56,3,10,0,2,6,0,63,1,5,1,0
0009.txt,8,57,3,9,0,2,6,0,63,1,4,1,0
0009.txt,8,59,3,7,0,2,6,0,63,1,2,1,1
0009.txt,8,61,3,7,0,3,6,0,63,1,1,1,0
0009.txt,8,61,3,7,0,9,2,0,70,1,11,-1,0
0009.txt,8,62,3,6,1,2,3,0,65,1,4,1,1
0009.txt,8,63,3,5,2,9,2,2,70,1,9,2,1
0009.txt,8,66,7,3,0,9,2,1,70,1,3,2,0
0010.txt,6,28,9,8,0,9,5,0,37,1,3,2,0
0010.txt,6,32,9,5,2,4,5,0,50,1,5,3,1
0010.txt,6,34,8,3,0,8,5,0,42,1,2,1,0
0010.txt,6,46,6,5,2,4,5,0,50,1,2,1,0
0010.txt,6,54,4,4,0,0,2,0,60,1,6,4,0
0010.txt,6,56,4,2,4,0,2,0,60,1,4,1,1
0010.txt,8,28,9,8,0,9,5,0,37,1,3,2,0
0010.txt,8,29,9,7,0,9,5,0,37,1,2,1,0
0010.txt,8,30,9,6,0,9,5,0,37,1,1,1,1
0010.txt,8,32,9,5,0,4,5,0,50,1,5,3,1
0010.txt,8,33,8,5,0,4,5,0,50,1,4,3,1
0010.txt,8,34,8,3,0,8,5,0,42,1,2,2,0
0010.txt,8,37,6,5,0,4,5,0,50,1,2,2,1
0010.txt,8,46,6,5,0,4,5,0,50,1,2,1,0
0010.txt,8,54,4,4,0,0,2,0,60,1,6,4,0
0011.txt,6,19,12,6,0,12,3,0,63,1,3,2,0
0011.txt,6,19,12,6,0,7,6,0,70,1,7,14,0
0011.txt,6,25,0,1,0,0,2,0,51,1,1,1,0
0011.txt,6,33,2,5,0,1,8,0,87,1,4,6,0
0011.txt,6,36,13,4,0,12,3,0,63,1,2,2,0
0011.txt,6,36,13,4,0,7,6,0,70,1,8,13,0
0011.txt,6,40,2,3,3,2,8,2,87,1,5,5,1
0011.txt,6,45,3,4,2,7,6,1,71,1,6,9,0
0011.txt,6,58,3,6,3,7,6,1,71,1,4,7,1
0011.txt,6,61,8,2,0,7,3,0,107,1,2,2,1
0011.txt,6,61,8,2,0,13,10,0,148,1,13,-1,1
0011.txt,6,64,7,2,0,6,3,0,73,1,2,2,0
0011.txt,6,64,7,2,0,7,3,0,107,1,1,1,0
0011.txt,6,71,2,6,0,3,8,3,99,1,3,2,1
0011.txt,6,74,7,3,0,13,10,0,148,1,13,-1,1
0011.txt,6,83,2,6,0,3,8,2,99,1,3,2,0
0011.txt,6,90,2,8,0,3,8,2,99,1,1,1,0
0011.txt,6,91,7,10,2,9,13,0,116,1,5,9,1
0011.txt,6,95,7,10,1,9,13,0,116,1,5,9,0
0011.txt,6,102,10,9,0,10,12,0,105,1,3,3,0
0011.txt,6,114,8,13,3,9,13,0,116,1,1,1,1
0011.txt,6,130,7,10,0,13,10,0,148,1,6,12,1
0011.txt,8,19,12,6,0,12,3,0,63,1,3,2,0
0011.txt,8,19,12,6,0,7,6,0,70,1,7,14,0
0011.txt,8,25,0,1,0,0,2,0,51,1,1,1,0
0011.txt,8,32,2,2,0,2,5,1,40,1,3,2,0
0011.txt,8,33,2,5,0,1,8,0,87,1,4,6,0
0011.txt,8,36,13,4,0,12,3,0,63,1,2,2,0
0011.txt,8,36,13,4,0,7,6,0,70,1,8,13,0
0011.txt,8,39,12,4,0,7,6,0,70,1,7,12,1
0011.txt,8,40,2,3,1,2,8,2,87,1,5,5,1
0011.txt,8,42,3,3,0,7,6,0,71,1,7,10,0
0011.txt,8,45,3,4,0,7,6,1,71,1,6,9,0
0011.txt,8,50,10,4,0,9,4,0,56,1,1,1,0
0011.txt,8,55,3,5,0,7,6,1,71,1,5,8,1
0011.txt,8,57,2,8,0,2,7,0,72,1,1,1,1
0011.txt,8,58,3,6,1,7,6,1,71,1,4,7,1
0011.txt,8,61,8,2,0,7,3,0,107,1,2,2,1
0011.txt,8,61,8,2,0,13,10,0,148,1,13,-1,1
0011.txt,8,63,8,6,0,7,6,0,70,1,1,3,1
0011.txt,8,64,7,2,0,6,3,0,73,1,2,2,0
0011.txt,8,64,7,2,0,7,3,0,107,1,1,1,0
0011.txt,8,64,7,2,0,13,10,0,148,1,14,-1,0
0011.txt,8,71,2,6,0,3,8,1,99,1,3,2,1
0011.txt,8,74,7,3,0,8,4,0,86,1,2,1,1
0011.txt,8,74,7,3,0,13,10,0,148,1,13,-1,1
0011.txt,8,83,2,6,0,3,8,0,99,1,3,2,0
0011.txt,8,90,2,8,0,3,8,0,99,1,1,1,0
0011.txt,8,91,7,10,0,9,13,0,116,1,5,9,1
0011.txt,8,95,7,10,0,9,13,0,116,1,5,9,0
0011.txt,8,102,10,9,0,10,12,0,105,1,3,3,0
0011.txt,8,107,7,6,0,13,10,0,148,1,10,14,0
0011.txt,8,114,8,13,1,9,13,0,116,1,1,1,1
0011.txt,8,118,2,13,0,2,11,0,121,1,2,1,1
0011.txt,8,119,2,12,0,2,11,0,121,1,1,1,1
0011.txt,8,130,7,10,0,13,10,0,148,1,6,12,1
0011.txt,8,131,8,10,0,13,10,0,148,1,5,10,0
0012.txt,6,14,1,1,0,4,1,3,76,1,3,4,0
0012.txt,6,16,2,1,0,4,1,3,76,1,2,3,0
0012.txt,6,17,3,1,0,4,1,3,76,1,1,1,1
0012.txt,6,30,6,12,0,7,12,0,34,1,1,1,0
0012.txt,6,45,13,1,0,12,3,0,55,1,3,3,0
0012.txt,6,49,13,2,0,11,3,1,53,1,3,1,0
0012.txt,6,49,13,2,0,12,3,0,55,1,2,2,0
0012.txt,6,50,13,3,0,11,3,1,53,1,2,1,1
0012.txt,6,50,13,3,0,12,3,0,55,1,1,2,1
0012.txt,6,51,12,3,0,11,3,2,53,1,1,1,0
0012.txt,6,56,11,3,0,10,6,0,124,1,4,3,0
0012.txt,6,58,11,4,0,10,6,2,124,1,3,1,0
0012.txt,6,59,11,5,0,10,6,2,124,1,2,1,0
0012.txt,6,60,11,6,0,10,6,2,124,1,1,1,1
0012.txt,6,80,8,6,2,3,7,0,109,1,6,3,0
0012.txt,6,106,4,6,2,4,7,0,109,1,1,1,1
0012.txt,8,14,1,1,0,4,1,0,76,1,3,3,0
0012.txt,8,16,2,1,0,4,1,0,76,1,2,2,0
0012.txt,8,17,3,1,0,4,1,3,76,1,1,1,1
0012.txt,8,30,6,12,0,7,12,0,34,1,1,1,0
0012.txt,8,45,13,1,0,12,3,0,55,1,3,3,0
0012.txt,8,49,13,2,0,11,3,0,53,1,3,1,0
0012.txt,8,49,13,2,0,12,3,0,55,1,2,2,0
0012.txt,8,50,13,3,0,11,3,0,53,1,2,1,1
0012.txt,8,50,13,3,0,12,3,0,55,1,1,2,1
0012.txt,8,51,12,3,0,11,3,0,53,1,1,1,0
0012.txt,8,56,11,3,0,10,6,0,124,1,4,3,0
0012.txt,8,58,11,4,0,10,6,0,124,1,3,1,0
0012.txt,8,59,11,5,0,10,6,0,124,1,2,1,0
0012.txt,8,60,11,6,0,10,6,0,124,1,1,1,1
0012.txt,8,80,8,6,0,3,7,0,109,1,6,3,0
0012.txt,8,83,11,10,0,11,13,0,85,1,3,3,0
0012.txt,8,86,11,12,0,9,10,2,123,1,4,2,1
0012.txt,8,90,11,10,0,10,10,0,94,1,1,1,0
0012.txt,8,105,5,6,0,4,7,0,109,1,2,1,0
0012.txt,8,106,4,6,0,4,7,0,109,1,1,1,1
0013.txt,6,2,15,8,0,10,12,0,36,1,9,11,0
0013.txt,6,4,15,10,0,10,12,0,36,1,7,8,0
0013.txt,6,5,14,10,0,10,12,0,36,1,6,8,0
0013.txt,6,6,13,10,0,10,12,0,36,1,5,9,1
0013.txt,6,38,5,2,0,9,2,0,56,1,4,3,0
0013.txt,6,38,5,2,0,10,1,0,146,1,6,1,0
0013.txt,6,40,14,3,0,11,5,0,62,1,5,1,0
0013.txt,6,51,6,2,0,9,2,0,56,1,3,3,1
0013.txt,6,51,6,2,0,10,1,0,146,1,5,1,1
0013.txt,6,53,7,2,2,9,2,0,56,1,2,1,0
0013.txt,6,54,8,2,2,9,2,0,56,1,1,1,1
0013.txt,6,59,12,4,0,11,5,0,62,1,2,1,0
0013.txt,6,60,12,5,0,11,5,0,62,1,1,1,1
0013.txt,6,67,10,9,2,5,15,1,93,1,11,-1,0
0013.txt,6,70,7,9,3,5,15,1,93,1,8,3,0
0013.txt,6,71,7,10,3,11,15,0,99,1,13,-1,0
0013.txt,6,77,5,14,3,11,15,0,99,1,9,9,1
0013.txt,6,80,5,14,1,5,15,1,93,1,1,1,1
0013.txt,6,84,5,14,0,5,15,1,93,1,1,1,0
0013.txt,6,85,7,16,2,11,15,0,99,1,5,7,1
0013.txt,6,94,10,16,1,11,15,0,99,1,2,3,0
0013.txt,6,104,9,15,0,8,16,0,120,1,2,1,0
0013.txt,6,104,9,15,0,7,14,0,131,1,5,3,0
0013.txt,6,105,9,16,0,8,16,0,120,1,1,1,1
0013.txt,6,105,9,16,0,7,14,0,131,1,4,3,1
0013.txt,6,106,8,16,0,7,14,0,131,1,3,2,1
0013.txt,6,110,7,16,3,7,14,0,131,1,2,1,0
0013.txt,6,112,6,14,3,7,14,0,131,1,1,1,1
0013.txt,6,117,6,7,1,6,8,0,134,1,1,1,1
0013.txt,6,119,6,11,0,6,13,3,131,1,2,1,1
0013.txt,6,120,7,11,0,6,13,2,131,2,3,2,1
0013.txt,6,131,7,9,0,7,10,3,140,1,1,1,0
0013.txt,8,2,15,8,0,10,12,0,36,1,9,11,0
0013.txt,8,4,15,10,0,10,12,0,36,1,7,8,0
0013.txt,8,5,14,10,0,10,12,0,36,1,6,8,0
0013.txt,8,6,13,10,0,10,12,0,36,1,5,9,1
0013.txt,8,38,5,2,0,9,2,0,56,1,4,3,0
0013.txt,8,38,5,2,0,10,1,0,146,1,6,1,0
0013.txt,8,40,14,3,0,11,5,0,62,1,5,1,0
0013.txt,8,51,6,2,0,9,2,0,56,1,3,3,1
0013.txt,8,51,6,2,0,10,1,0,146,1,5,1,1
0013.txt,8,53,7,2,0,9,2,0,56,1,2,1,0
0013.txt,8,53,7,2,0,10,1,1,63,1,4,2,0
0013.txt,8,54,8,2,0,9,2,0,56,1,1,1,1
0013.txt,8,54,8,2,0,10,1,1,63,1,3,2,1
0013.txt,8,55,9,2,1,10,1,1,63,1,2,1,1
0013.txt,8,56,10,2,1,10,1,1,63,1,1,1,1
0013.txt,8,59,12,4,0,11,5,0,62,1,2,1,0
0013.txt,8,59,12,4,0,10,2,3,65,1,6,3,0
0013.txt,8,60,12,5,0,11,5,0,62,1,1,1,1
0013.txt,8,60,12,5,0,10,2,3,65,1,5,3,1
0013.txt,8,61,11,5,0,10,2,4,65,1,4,2,1
0013.txt,8,62,10,5,0,10,2,4,65,1,3,2,1
0013.txt,8,66,10,7,1,7,9,0,77,1,5,1,0
0013.txt,8,66,10,7,1,5,15,1,93,1,13,-1,0
0013.txt,8,67,10,9,0,7,9,0,77,1,3,1,0
0013.txt,8,67,10,9,0,5,15,1,93,1,11,-1,0
0013.txt,8,68,9,9,1,7,9,0,77,1,2,1,1
0013.txt,8,68,9,9,1,5,15,1,93,1,10,7,1
0013.txt,8,70,7,9,1,5,15,1,93,1,8,3,0
0013.txt,8,71,7,10,1,11,15,0,99,1,13,-1,0
0013.txt,8,77,5,14,1,11,15,0,99,1,9,9,1
0013.txt,8,79,5,14,1,5,15,1,93,1,1,1,0
0013.txt,8,80,5,14,0,5,15,0,93,1,1,1,1
0013.txt,8,81,5,16,1,11,15,0,99,1,7,6,1
0013.txt,8,84,5,14,0,5,15,0,93,1,1,1,0
0013.txt,8,85,7,16,0,11,15,0,99,1,5,6,1
0013.txt,8,94,10,16,0,11,15,0,99,1,2,4,0
0013.txt,8,94,10,16,0,13,14,0,102,1,5,7,0
0013.txt,8,104,9,15,0,8,16,0,120,1,2,1,0
0013.txt,8,104,9,15,0,7,14,0,131,1,5,3,0
0013.txt,8,105,9,16,0,8,16,0,120,1,1,1,1
0013.txt,8,105,9,16,0,7,14,0,131,1,4,3,1
0013.txt,8,106,8,16,0,7,14,0,131,1,3,2,1
0013.txt,8,110,7,16,1,7,14,0,131,1,2,1,0
0013.txt,8,110,7,16,1,6,14,0,139,2,3,2,0
0013.txt,8,111,7,14,1,6,14,0,139,2,1,1,1
0013.txt,8,112,6,14,1,7,14,0,131,1,1,1,1
0013.txt,8,113,6,14,0,6,11,0,139,1,3,2,0
0013.txt,8,116,5,7,0,6,8,0,134,1,2,1,0
0013.txt,8,117,6,7,0,6,8,0,134,1,1,1,1
0013.txt,8,119,6,11,0,6,13,1,131,2,2,1,1
0013.txt,8,120,7,11,0,6,13,0,131,2,3,2,1
0013.txt,8,130,7,10,1,7,9,0,139,1,1,1,1
0013.txt,8,131,7,9,0,7,10,1,140,1,1,1,0
0013.txt,8,135,7,10,0,7,9,0,139,1,1,1,0
0014.txt,6,4,15,1,0,15,4,0,174,1,3,7,0
0014.txt,6,5,14,1,0,15,4,0,174,1,4,4,0
0014.txt,6,6,14,2,0,15,4,0,174,1,3,2,1
0014.txt,6,7,15,2,0,15,4,0,174,1,2,1,0
0014.txt,6,8,15,5,0,15,4,0,174,1,1,4,0
0014.txt,6,17,2,12,0,2,10,0,69,1,2,7,0
0014.txt,6,18,2,11,0,2,10,0,69,1,1,1,0
0014.txt,6,25,0,13,0,1,14,0,37,1,2,3,0
0014.txt,6,25,0,13,0,0,14,0,105,1,1,1,0
0014.txt,6,26,0,14,0,1,14,0,37,1,1,1,0
0014.txt,6,40,1,3,0,0,5,0,126,1,3,7,0
0014.txt,6,45,9,8,0,9,9,0,260,1,1,1,0
0014.txt,6,72,2,0,0,5,3,0,206,1,6,4,0
0014.txt,6,72,2,0,0,12,4,0,245,1,14,-1,0
0014.txt,6,75,1,0,0,5,3,0,206,1,7,8,0
0014.txt,6,75,1,0,0,12,4,0,245,1,15,-1,0
0014.txt,6,79,1,1,2,5,3,0,206,1,6,7,0
0014.txt,6,79,1,1,2,12,4,0,245,1,14,-1,0
0014.txt,6,80,1,2,2,2,3,0,97,1,2,3,1
0014.txt,6,80,1,2,2,0,5,1,126,1,4,8,1
0014.txt,6,80,1,2,2,12,4,0,245,1,13,-1,1
0014.txt,6,80,1,2,2,8,5,0,258,1,10,24,1
0014.txt,6,87,1,3,3,5,3,0,206,1,4,5,0
0014.txt,6,87,1,3,3,12,4,0,245,1,12,-1,0
0014.txt,6,92,5,14,1,6,16,0,108,1,3,4,0
0014.txt,6,92,5,14,1,6,14,0,130,1,1,2,0
0014.txt,6,94,1,3,1,2,3,0,97,1,1,1,0
0014.txt,6,94,1,3,1,0,5,1,126,1,3,5,0
0014.txt,6,94,1,3,1,12,4,0,245,1,12,-1,0
0014.txt,6,94,1,3,1,8,5,0,258,1,9,20,0
0014.txt,6,96,2,3,2,0,5,1,126,1,4,8,0
0014.txt,6,96,2,3,2,8,5,0,258,1,8,14,0
0014.txt,6,97,3,3,3,0,5,1,126,1,5,16,0
0014.txt,6,97,3,3,3,12,4,0,245,1,10,23,0
0014.txt,6,98,3,3,2,0,5,1,126,1,5,19,1
0014.txt,6,98,3,3,2,12,4,0,245,1,10,24,1
0014.txt,6,98,3,3,2,8,5,0,258,1,7,17,1
0014.txt,6,101,11,3,3,12,4,0,244,1,2,4,1
0014.txt,6,101,11,3,3,12,6,0,269,1,4,14,1
0014.txt,6,104,4,2,0,0,5,0,126,1,7,17,0
0014.txt,6,104,4,2,0,8,5,0,258,1,7,13,0
0014.txt,6,111,12,7,0,15,2,0,229,1,8,46,0
0014.txt,6,113,4,3,1,0,5,1,126,1,6,19,0
0014.txt,6,113,4,3,1,8,5,0,258,1,6,11,0
0014.txt,6,114,0,5,0,2,6,0,170,1,3,2,0
0014.txt,6,117,4,3,0,1,6,2,126,1,6,17,0
0014.txt,6,117,4,3,0,12,4,0,245,1,9,22,0
0014.txt,6,117,4,3,0,8,5,0,258,1,6,14,0
0014.txt,6,118,3,3,2,1,6,3,126,1,5,13,0
0014.txt,6,118,3,3,2,8,5,0,258,1,7,11,0
0014.txt,6,119,3,3,0,1,6,2,126,1,5,10,1
0014.txt,6,119,3,3,0,8,5,0,258,1,7,12,1
0014.txt,6,119,3,3,0,13,9,0,289,1,16,-1,1
0014.txt,6,122,4,3,2,1,6,3,126,1,6,17,0
0014.txt,6,122,4,3,2,3,7,0,214,1,5,10,0
0014.txt,6,122,4,3,2,8,5,0,258,1,6,9,0
0014.txt,6,123,5,3,3,1,6,3,126,1,7,19,0
0014.txt,6,123,5,3,3,12,4,0,245,1,8,18,0
0014.txt,6,123,5,3,3,8,5,0,258,1,5,9,0
0014.txt,6,124,5,5,2,1,6,3,126,1,5,16,1
0014.txt,6,124,5,5,2,3,7,0,214,1,4,8,1
0014.txt,6,124,5,5,2,8,5,0,258,1,3,4,1
0014.txt,6,125,1,6,0,2,6,1,170,1,1,1,1
0014.txt,6,126,5,6,3,8,5,0,258,1,4,9,0
0014.txt,6,127,15,2,0,15,4,0,174,1,2,1,0
0014.txt,6,127,15,2,0,15,5,0,178,1,3,4,0
0014.txt,6,129,7,2,0,2,6,0,170,1,9,18,0
0014.txt,6,129,7,2,0,1,6,0,171,1,10,24,0
0014.txt,6,129,7,2,0,12,4,0,245,1,7,13,0
0014.txt,6,131,5,6,2,3,7,0,214,1,3,2,0
0014.txt,6,131,5,6,2,8,5,0,258,1,4,6,0
0014.txt,6,132,7,3,1,7,5,0,150,1,2,2,0
0014.txt,6,132,7,3,1,2,6,2,170,1,8,26,0
0014.txt,6,132,7,3,1,12,4,0,245,1,6,12,0
0014.txt,6,133,1,6,0,2,6,0,170,1,1,1,0
0014.txt,6,133,1,6,0,9,9,0,205,1,11,-1,0
0014.txt,6,134,8,4,0,2,6,2,170,2,8,33,0
0014.txt,6,134,8,4,0,12,4,0,245,1,4,5,0
0014.txt,6,136,7,3,0,6,4,0,143,1,2,5,0
0014.txt,6,136,7,3,0,7,5,0,150,2,2,3,0
0014.txt,6,136,7,3,0,12,4,0,245,1,6,12,0
0014.txt,6,143,7,4,3,7,5,0,150,2,1,1,0
0014.txt,6,143,7,4,3,2,7,3,170,1,8,19,0
0014.txt,6,143,7,4,3,12,4,0,244,2,5,9,0
0014.txt,6,143,7,4,3,12,6,0,269,1,7,16,0
0014.txt,6,144,7,8,2,10,9,0,198,1,4,10,0
0014.txt,6,145,7,9,3,10,9,0,198,1,3,6,0
0014.txt,6,147,11,9,0,10,9,0,198,1,1,1,1
0014.txt,6,149,15,5,0,15,4,0,174,1,1,2,0
0014.txt,6,150,7,4,2,2,7,3,170,1,8,25,0
0014.txt,6,151,12,4,1,12,6,0,269,1,2,6,1
0014.txt,6,152,11,3,3,12,6,0,269,1,4,12,0
0014.txt,6,153,11,3,1,12,6,0,269,1,4,12,1
0014.txt,6,154,13,3,0,6,2,0,158,1,8,19,0
0014.txt,6,159,12,4,0,12,6,0,269,1,2,2,0
0014.txt,6,163,15,3,0,15,4,1,178,1,1,1,0
0014.txt,6,164,7,8,0,7,9,0,185,1,1,1,1
0014.txt,6,182,6,3,1,12,6,0,269,1,9,17,1
0014.txt,6,184,7,4,0,12,6,0,337,1,7,8,0
0014.txt,6,185,8,9,3,11,9,5,273,1,3,3,1
0014.txt,6,187,6,3,0,12,6,0,269,1,9,14,0
0014.txt,6,187,6,3,0,12,4,1,309,1,7,13,0
0014.txt,6,199,6,4,3,12,6,0,269,1,8,9,1
0014.txt,6,200,5,4,3,12,6,0,337,1,9,11,1
0014.txt,6,206,5,5,3,12,6,0,269,1,8,10,0
0014.txt,6,209,11,8,0,5,4,0,344,1,10,37,0
0014.txt,6,210,12,4,1,12,6,0,269,1,2,3,1
0014.txt,6,212,6,6,2,6,7,0,214,1,1,1,0
0014.txt,6,212,6,6,2,8,5,0,258,1,3,2,0
0014.txt,6,213,6,7,3,8,5,0,258,1,4,1,0
0014.txt,6,214,7,7,3,8,5,0,258,1,3,1,0
0014.txt,6,225,16,15,0,12,15,2,306,1,4,1,0
0014.txt,6,226,15,15,0,12,15,2,306,1,3,1,0
0014.txt,6,235,12,12,0,15,12,0,280,1,3,8,1
0014.txt,6,236,13,12,2,15,12,0,280,1,2,2,0
0014.txt,6,239,13,11,0,15,11,2,249,1,2,3,0
0014.txt,6,244,12,5,3,12,6,0,269,1,1,1,0
0014.txt,6,283,10,14,0,13,15,0,292,1,4,3,0
0014.txt,6,283,10,14,0,5,4,0,344,1,15,-1,0
0014.txt,6,287,11,14,3,13,15,0,292,1,3,5,0
0014.txt,6,287,11,14,3,5,4,0,344,1,16,-1,0
0014.txt,6,292,11,14,3,5,4,0,344,1,16,-1,0
0014.txt,6,296,7,14,2,8,14,0,305,1,1,2,0
0014.txt,6,318,11,8,1,5,4,0,344,1,10,14,0
0014.txt,6,330,10,8,1,5,4,0,344,1,9,8,0
0014.txt,6,334,6,8,1,5,4,0,344,1,5,3,1
0014.txt,6,336,5,8,3,5,4,0,344,1,4,2,0
0014.txt,8,4,15,1,0,15,4,0,174,1,3,7,0
0014.txt,8,5,14,1,0,15,4,0,174,1,4,4,0
0014.txt,8,6,14,2,0,15,4,0,174,1,3,2,1
0014.txt,8,7,15,2,0,15,4,0,174,1,2,1,0
0014.txt,8,8,15,5,0,15,4,0,174,1,1,4,0
0014.txt,8,17,2,12,0,2,10,0,69,1,2,7,0
0014.txt,8,18,2,11,0,2,10,0,69,1,1,1,0
0014.txt,8,25,0,13,0,1,14,0,37,1,2,3,0
0014.txt,8,25,0,13,0,0,14,0,105,1,1,1,0
0014.txt,8,26,0,14,0,1,14,0,37,1,1,1,0
0014.txt,8,40,1,3,0,0,5,0,126,1,3,7,0
0014.txt,8,45,9,8,0,9,9,0,260,1,1,1,0
0014.txt,8,48,3,15,0,3,14,0,56,1,1,1,0
0014.txt,8,69,7,8,0,7,9,0,185,1,1,2,1
0014.txt,8,72,2,0,0,5,3,0,206,1,6,4,0
0014.txt,8,72,2,0,0,12,4,0,245,1,14,-1,0
0014.txt,8,75,1,0,0,5,3,0,206,1,7,8,0
0014.txt,8,75,1,0,0,12,4,0,245,1,15,-1,0
0014.txt,8,79,1,1,0,2,3,0,97,1,3,4,0
0014.txt,8,79,1,1,0,0,5,1,126,1,5,6,0
0014.txt,8,79,1,1,0,5,3,0,206,1,6,10,0
0014.txt,8,79,1,1,0,12,4,0,245,1,14,-1,0
0014.txt,8,79,1,1,0,8,5,0,258,1,11,-1,0
0014.txt,8,80,1,2,0,2,3,0,97,1,2,3,1
0014.txt,8,80,1,2,0,0,5,1,126,1,4,4,1
0014.txt,8,80,1,2,0,5,3,0,206,1,5,9,1
0014.txt,8,80,1,2,0,12,4,0,245,1,13,-1,1
0014.txt,8,80,1,2,0,8,5,0,258,1,10,24,1
0014.txt,8,81,11,2,0,12,4,0,244,1,3,10,0
0014.txt,8,81,11,2,0,12,6,0,269,1,5,21,0
0014.txt,8,82,6,14,0,8,14,1,294,1,2,2,0
0014.txt,8,87,1,3,1,2,3,0,97,1,1,2,0
0014.txt,8,87,1,3,1,0,5,1,126,1,3,3,0
0014.txt,8,87,1,3,1,5,3,0,206,1,4,7,0
0014.txt,8,87,1,3,1,12,4,0,245,1,12,-1,0
0014.txt,8,87,1,3,1,8,5,0,258,1,9,20,0
0014.txt,8,92,5,14,0,6,16,0,108,1,3,4,0
0014.txt,8,92,5,14,0,6,14,0,130,1,1,2,0
0014.txt,8,92,5,14,0,7,14,0,297,1,2,1,0
0014.txt,8,94,1,3,0,2,3,0,97,1,1,1,0
0014.txt,8,94,1,3,0,0,5,0,126,1,3,6,0
0014.txt,8,94,1,3,0,12,4,0,245,1,12,-1,0
0014.txt,8,94,1,3,0,8,5,0,258,1,9,20,0
0014.txt,8,96,2,3,0,0,5,1,126,1,4,10,0
0014.txt,8,96,2,3,0,12,4,0,245,1,11,-1,0
0014.txt,8,96,2,3,0,8,5,0,258,1,8,19,0
0014.txt,8,97,3,3,1,0,5,1,126,1,5,16,0
0014.txt,8,97,3,3,1,12,4,0,245,1,10,23,0
0014.txt,8,97,3,3,1,8,5,0,258,1,7,18,0
0014.txt,8,98,3,3,0,4,4,2,118,1,2,1,1
0014.txt,8,98,3,3,0,0,5,1,126,1,5,19,1
0014.txt,8,98,3,3,0,12,4,0,245,1,10,24,1
0014.txt,8,98,3,3,0,8,5,0,258,1,7,18,1
0014.txt,8,101,11,3,1,12,4,0,244,1,2,5,1
0014.txt,8,101,11,3,1,12,6,0,269,1,4,16,1
0014.txt,8,104,4,2,0,0,5,0,126,1,7,17,0
0014.txt,8,104,4,2,0,8,5,0,258,1,7,13,0
0014.txt,8,108,6,14,1,7,14,0,297,1,1,1,0
0014.txt,8,111,12,7,0,15,2,0,229,1,8,46,0
0014.txt,8,113,4,3,0,0,5,0,126,1,6,15,0
0014.txt,8,113,4,3,0,12,4,0,245,1,9,23,0
0014.txt,8,113,4,3,0,8,5,0,258,1,6,16,0
0014.txt,8,114,0,5,0,2,6,0,170,1,3,2,0
0014.txt,8,117,4,3,0,1,6,0,126,1,6,18,0
0014.txt,8,117,4,3,0,12,4,0,245,1,9,22,0
0014.txt,8,117,4,3,0,8,5,0,258,1,6,14,0
0014.txt,8,118,3,3,0,1,6,3,126,1,5,13,0
0014.txt,8,118,3,3,0,8,5,0,258,1,7,12,0
0014.txt,8,119,3,3,0,1,6,0,126,1,5,10,1
0014.txt,8,119,3,3,0,8,5,0,258,1,7,13,1
0014.txt,8,119,3,3,0,7,9,0,286,1,10,21,1
0014.txt,8,119,3,3,0,13,9,0,289,1,16,-1,1
0014.txt,8,122,4,3,0,1,6,3,126,1,6,18,0
0014.txt,8,122,4,3,0,3,7,0,214,1,5,10,0
0014.txt,8,122,4,3,0,12,4,0,245,1,9,20,0
0014.txt,8,122,4,3,0,8,5,0,258,1,6,15,0
0014.txt,8,123,5,3,1,1,6,3,126,1,7,19,0
0014.txt,8,123,5,3,1,3,7,0,214,1,6,12,0
0014.txt,8,123,5,3,1,12,4,0,245,1,8,18,0
0014.txt,8,123,5,3,1,8,5,0,258,1,5,10,0
0014.txt,8,124,5,5,0,1,6,3,126,1,5,17,1
0014.txt,8,124,5,5,0,3,7,0,214,1,4,8,1
0014.txt,8,124,5,5,0,12,4,0,245,1,8,22,1
0014.txt,8,124,5,5,0,8,5,0,258,1,3,5,1
0014.txt,8,125,1,6,0,2,6,0,170,1,1,1,1
0014.txt,8,125,1,6,0,9,9,0,205,1,11,-1,1
0014.txt,8,126,5,6,1,3,7,0,214,1,3,2,0
0014.txt,8,126,5,6,1,8,5,0,258,1,4,10,0
0014.txt,8,127,15,2,0,15,4,0,174,1,2,1,0
0014.txt,8,127,15,2,0,15,5,0,178,1,3,4,0
0014.txt,8,128,6,14,0,7,14,0,297,1,1,1,0
0014.txt,8,129,7,2,0,2,6,0,170,1,9,18,0
0014.txt,8,129,7,2,0,1,6,0,171,1,10,24,0
0014.txt,8,129,7,2,0,12,4,0,245,1,7,13,0
0014.txt,8,131,5,6,0,3,7,0,214,1,3,2,0
0014.txt,8,131,5,6,0,8,5,0,258,1,4,7,0
0014.txt,8,132,7,3,0,6,4,0,143,1,2,5,0
0014.txt,8,132,7,3,0,7,5,0,150,2,2,3,0
0014.txt,8,132,7,3,0,2,6,1,170,1,8,16,0
0014.txt,8,132,7,3,0,12,4,0,245,1,6,13,0
0014.txt,8,133,1,6,0,2,6,0,170,1,1,1,0
0014.txt,8,133,1,6,0,9,9,0,205,1,11,-1,0
0014.txt,8,134,8,4,0,2,6,0,170,2,8,33,0
0014.txt,8,134,8,4,0,12,4,0,245,1,4,5,0
0014.txt,8,136,7,3,0,6,4,0,143,1,2,5,0
0014.txt,8,136,7,3,0,7,5,0,150,2,2,4,0
0014.txt,8,136,7,3,0,2,7,3,170,1,9,24,0
0014.txt,8,136,7,3,0,12,4,0,245,1,6,13,0
0014.txt,8,143,7,4,1,7,5,0,150,2,1,1,0
0014.txt,8,143,7,4,1,2,7,3,170,1,8,19,0
0014.txt,8,143,7,4,1,12,4,0,244,2,5,9,0
0014.txt,8,143,7,4,1,12,6,0,269,1,7,16,0
0014.txt,8,144,7,8,0,10,9,0,198,1,4,10,0
0014.txt,8,145,7,9,1,10,9,0,198,1,3,6,0
0014.txt,8,147,11,9,0,10,9,0,198,1,1,1,1
0014.txt,8,149,15,5,0,15,4,0,174,1,1,2,0
0014.txt,8,150,7,4,0,2,7,3,170,1,8,25,0
0014.txt,8,151,12,4,0,12,6,0,269,1,2,2,1
0014.txt,8,152,11,3,1,12,6,0,269,1,4,13,0
0014.txt,8,153,11,3,0,13,3,0,156,1,2,2,1
0014.txt,8,153,11,3,0,6,2,0,160,1,6,11,1
0014.txt,8,153,11,3,0,12,6,0,269,1,4,14,1
0014.txt,8,154,13,3,0,6,2,0,158,1,8,19,0
0014.txt,8,158,6,3,1,12,6,0,269,1,9,22,0
0014.txt,8,159,12,4,0,12,6,0,269,1,2,2,0
0014.txt,8,160,12,3,0,12,6,0,269,1,3,6,0
0014.txt,8,162,2,8,0,2,7,0,169,1,1,1,0
0014.txt,8,163,15,3,0,15,4,0,174,2,1,1,0
0014.txt,8,164,7,8,0,7,9,0,185,1,1,1,1
0014.txt,8,179,13,5,0,13,7,0,195,1,2,3,0
0014.txt,8,182,6,3,0,12,6,0,269,1,9,14,1
0014.txt,8,183,7,9,1,11,9,5,273,1,4,5,0
0014.txt,8,184,7,4,0,6,3,0,206,1,2,1,0
0014.txt,8,184,7,4,0,12,6,0,337,1,7,8,0
0014.txt,8,185,8,9,1,11,9,5,273,1,3,3,1
0014.txt,8,187,6,3,0,12,4,0,244,2,7,10,0
0014.txt,8,187,6,3,0,12,6,0,269,1,9,14,0
0014.txt,8,190,11,8,1,6,4,7,344,1,9,40,1
0014.txt,8,198,11,9,0,9,9,0,205,1,2,3,0
0014.txt,8,198,11,9,0,8,9,0,222,1,3,7,0
0014.txt,8,199,6,4,1,12,6,0,269,1,8,9,1
0014.txt,8,200,5,4,1,12,6,0,269,2,9,11,1
0014.txt,8,201,10,15,0,16,15,0,246,1,6,15,1
0014.txt,8,203,8,9,0,9,9,0,205,1,1,1,1
0014.txt,8,206,5,5,1,12,6,0,269,2,8,10,0
0014.txt,8,209,11,8,0,5,4,0,344,1,10,38,0
0014.txt,8,210,12,4,0,12,6,0,269,1,2,2,1
0014.txt,8,211,10,14,1,8,5,0,259,1,11,-1,1
0014.txt,8,212,6,6,0,6,7,0,214,1,1,1,0
0014.txt,8,212,6,6,0,8,5,0,258,1,3,2,0
0014.txt,8,213,6,7,1,8,5,0,258,1,4,1,0
0014.txt,8,214,7,7,1,8,5,0,258,1,3,1,0
0014.txt,8,225,16,15,0,12,15,0,306,1,4,1,0
0014.txt,8,226,15,15,0,12,15,0,306,1,3,1,0
0014.txt,8,228,13,15,0,12,15,1,306,1,1,1,1
0014.txt,8,229,12,12,0,15,12,0,280,1,3,10,1
0014.txt,8,235,12,12,0,15,12,0,280,1,3,8,1
0014.txt,8,236,13,12,0,15,12,0,280,1,2,2,0
0014.txt,8,239,13,11,0,15,11,0,249,1,2,3,0
0014.txt,8,244,12,5,1,12,6,0,269,1,1,1,0
0014.txt,8,245,5,5,0,12,6,0,337,1,8,9,0
0014.txt,8,281,12,10,3,13,9,1,286,1,2,1,1
0014.txt,8,283,10,14,0,13,15,0,292,1,4,3,0
0014.txt,8,283,10,14,0,5,4,0,344,1,15,-1,0
0014.txt,8,287,11,14,1,13,15,0,292,1,3,5,0
0014.txt,8,287,11,14,1,5,4,0,344,1,16,-1,0
0014.txt,8,292,11,14,1,5,4,0,344,1,16,-1,0
0014.txt,8,296,7,14,0,8,14,0,305,1,1,2,0
0014.txt,8,318,11,8,0,5,4,0,344,1,10,14,0
0014.txt,8,322,4,8,0,10,8,0,336,1,6,4,0
0014.txt,8,330,10,8,0,5,4,0,344,1,9,8,0
0014.txt,8,334,6,8,0,5,4,0,344,1,5,3,1
0014.txt,8,336,5,8,1,5,4,0,344,1,4,2,0
0015.txt,6,39,2,18,0,2,16,0,72,1,2,4,0
0015.txt,6,39,2,18,0,2,17,0,244,1,1,1,0
0015.txt,6,40,2,17,1,2,16,0,72,1,1,3,0
0015.txt,6,48,3,16,3,8,16,0,94,1,5,5,0
0015.txt,6,53,1,14,0,17,2,0,322,1,28,-1,0
0015.txt,6,54,2,14,0,17,2,0,322,1,27,-1,0
0015.txt,6,55,2,13,0,17,2,0,322,1,26,-1,1
0015.txt,6,56,2,12,3,17,2,0,322,1,25,-1,0
0015.txt,6,58,2,12,1,17,2,0,322,1,25,-1,0
0015.txt,6,60,3,16,3,2,16,0,72,1,1,1,1
0015.txt,6,64,3,12,3,5,10,0,84,1,4,2,0
0015.txt,6,64,3,12,3,17,2,0,322,1,24,-1,0
0015.txt,6,65,4,12,3,17,2,0,322,1,23,-1,1
0015.txt,6,66,5,12,3,5,10,0,84,1,2,1,1
0015.txt,6,66,5,12,3,17,2,0,322,1,22,-1,1
0015.txt,6,70,5,10,3,17,2,0,322,1,20,-1,0
0015.txt,6,73,8,17,0,8,16,0,77,1,1,1,0
0015.txt,6,75,4,16,2,6,16,1,83,1,2,1,1
0015.txt,6,78,16,2,0,7,10,0,203,1,17,-1,0
0015.txt,6,79,15,2,0,7,10,0,203,1,16,-1,0
0015.txt,6,80,13,2,0,7,10,0,203,1,14,-1,1
0015.txt,6,80,13,2,0,11,1,0,424,1,3,10,1
0015.txt,6,90,6,10,1,17,2,0,322,1,19,-1,0
0015.txt,6,91,6,9,1,17,2,0,322,1,18,-1,1
0015.txt,6,93,10,16,1,11,16,1,145,1,1,1,0
0015.txt,6,99,11,2,0,7,10,0,203,1,12,-1,0
0015.txt,6,99,11,2,0,18,10,1,467,1,15,-1,0
0015.txt,6,101,10,2,0,7,10,0,203,1,11,-1,0
0015.txt,6,101,10,2,0,6,16,0,224,1,20,-1,0
0015.txt,6,102,9,2,0,7,10,0,203,1,10,30,1
0015.txt,6,102,9,2,0,6,16,0,224,1,19,-1,1
0015.txt,6,105,10,12,2,18,1,0,426,1,19,-1,0
0015.txt,6,106,9,3,1,7,10,0,203,1,9,23,1
0015.txt,6,106,9,3,1,6,16,0,224,1,18,-1,1
0015.txt,6,107,6,3,3,7,10,0,203,1,8,22,1
0015.txt,6,116,6,8,3,17,2,0,322,1,17,-1,0
0015.txt,6,117,5,8,3,17,2,0,322,1,18,-1,1
0015.txt,6,119,5,9,3,17,2,0,322,1,19,-1,0
0015.txt,6,121,5,11,3,17,2,0,322,1,21,-1,0
0015.txt,6,122,7,11,3,17,2,0,322,1,19,-1,0
0015.txt,6,123,9,11,2,17,2,0,322,1,17,-1,1
0015.txt,6,124,9,12,3,17,2,0,322,1,18,-1,0
0015.txt,6,126,9,12,1,17,2,0,322,1,18,-1,0
0015.txt,6,128,10,12,3,17,2,0,322,1,17,-1,0
0015.txt,6,129,12,12,2,17,2,0,322,1,15,-1,0
0015.txt,6,130,12,11,3,17,2,0,322,1,14,-1,0
0015.txt,6,131,13,11,3,17,2,0,322,1,13,-1,0
0015.txt,6,134,14,8,3,17,2,0,322,1,9,54,0
0015.txt,6,135,16,8,3,17,2,0,322,1,9,40,1
0015.txt,6,146,9,4,3,10,8,0,162,1,5,3,0
0015.txt,6,148,9,5,3,10,13,1,230,1,9,26,1
0015.txt,6,151,9,6,3,10,8,0,162,1,3,1,0
0015.txt,6,152,9,7,3,10,13,1,230,1,7,17,1
0015.txt,6,153,10,7,3,10,8,0,162,1,1,1,1
0015.txt,6,161,10,8,3,10,13,1,230,1,5,9,0
0015.txt,6,163,18,14,1,16,11,1,186,1,5,10,1
0015.txt,6,164,16,14,0,16,11,0,186,1,3,4,1
0015.txt,6,169,5,8,0,5,9,0,180,1,1,1,0
0015.txt,6,169,5,8,0,6,10,0,203,1,3,4,0
0015.txt,6,171,4,7,0,6,10,0,203,1,5,16,0
0015.txt,6,171,4,7,0,5,9,0,222,1,3,3,0
0015.txt,6,172,5,9,0,6,10,1,203,1,2,1,0
0015.txt,6,175,4,6,0,6,10,0,203,1,6,20,0
0015.txt,6,175,4,6,0,5,10,1,222,1,5,3,0
0015.txt,6,176,5,6,0,6,10,0,203,1,5,18,1
0015.txt,6,176,5,6,0,5,10,1,222,1,4,2,1
0015.txt,6,180,5,10,0,6,10,1,203,1,1,1,1
0015.txt,6,182,4,4,3,18,10,1,467,1,20,-1,0
0015.txt,6,187,10,14,3,6,16,0,224,1,6,18,0
0015.txt,6,188,6,6,1,6,3,4,191,1,3,10,0
0015.txt,6,188,6,6,1,6,5,0,205,1,1,1,0
0015.txt,6,188,6,6,1,11,1,0,424,1,10,32,0
0015.txt,6,189,10,14,0,6,16,0,224,1,6,26,0
0015.txt,6,190,6,3,0,18,10,1,467,1,19,-1,0
0015.txt,6,191,6,6,0,6,5,0,205,1,1,1,0
0015.txt,6,191,6,6,0,11,1,0,424,1,10,32,0
0015.txt,6,191,6,6,0,18,10,1,467,1,16,-1,0
0015.txt,6,192,10,16,2,6,16,0,224,1,4,7,0
0015.txt,6,194,10,16,0,6,16,0,224,1,4,6,0
0015.txt,6,201,10,10,3,10,13,1,230,1,3,6,0
0015.txt,6,201,10,10,3,13,12,6,243,1,5,16,0
0015.txt,6,205,6,6,0,11,1,0,424,1,10,25,0
0015.txt,6,207,5,6,0,18,10,0,467,1,17,-1,0
0015.txt,6,210,18,14,0,18,10,0,353,1,4,10,0
0015.txt,6,212,6,10,3,6,11,0,221,1,1,1,1
0015.txt,6,212,6,10,3,5,12,0,384,1,3,5,1
0015.txt,6,218,10,11,2,10,13,1,230,1,2,2,0
0015.txt,6,219,6,11,3,5,12,0,374,1,2,6,0
0015.txt,6,220,10,13,3,13,12,6,243,1,4,8,0
0015.txt,6,221,5,11,3,5,12,0,384,1,1,3,1
0015.txt,6,222,5,11,1,5,12,0,384,1,1,3,0
0015.txt,6,226,18,13,0,18,10,0,353,1,3,6,0
0015.txt,6,227,18,12,0,18,10,0,353,1,2,2,0
0015.txt,6,228,18,11,0,18,10,0,353,1,1,1,1
0015.txt,6,238,12,14,1,13,12,6,243,1,3,6,1
0015.txt,6,240,13,12,2,18,1,0,426,1,16,-1,1
0015.txt,6,242,18,8,3,18,2,0,322,1,6,16,0
0015.txt,6,248,10,12,0,10,14,2,347,1,2,2,0
0015.txt,6,250,13,14,3,18,1,0,426,1,18,-1,0
0015.txt,6,256,13,11,2,18,1,0,426,1,15,-1,0
0015.txt,6,258,13,14,0,13,12,0,283,1,2,12,0
0015.txt,6,259,15,14,1,18,1,0,426,1,16,-1,1
0015.txt,6,260,16,14,3,18,1,0,426,1,15,-1,0
0015.txt,6,270,16,11,0,18,1,0,426,1,12,-1,0
0015.txt,6,271,13,9,0,18,1,0,426,1,13,-1,0
0015.txt,6,272,18,6,2,18,2,0,322,1,4,12,0
0015.txt,6,273,18,5,3,18,4,0,284,2,1,1,1
0015.txt,6,273,18,5,3,18,2,0,322,1,3,2,1
0015.txt,6,274,6,3,2,11,1,0,424,1,7,7,0
0015.txt,6,275,7,3,2,11,1,0,424,1,6,3,1
0015.txt,6,281,18,4,3,18,2,0,322,1,2,6,0
0015.txt,6,284,18,3,3,18,2,0,322,1,1,1,1
0015.txt,6,304,9,6,2,9,7,0,316,1,1,1,1
0015.txt,6,312,8,3,3,11,1,0,424,1,5,5,0
0015.txt,6,314,10,3,3,11,1,0,424,1,3,3,1
0015.txt,6,324,10,2,3,11,1,0,424,1,2,2,1
0015.txt,6,326,10,2,0,11,1,0,424,1,2,3,1
0015.txt,6,356,11,2,1,11,1,0,424,1,1,1,0
0015.txt,6,374,5,11,1,10,11,1,384,1,5,3,0
0015.txt,6,375,7,11,0,10,11,1,384,1,3,2,0
0015.txt,6,376,8,11,2,10,11,1,384,1,2,1,1
0015.txt,6,403,18,2,2,18,1,0,426,1,1,1,1
0015.txt,6,406,7,6,1,12,8,1,467,1,7,12,1
0015.txt,6,407,8,6,0,12,8,1,467,1,6,12,1
0015.txt,6,408,9,6,0,12,8,1,467,1,5,10,1
0015.txt,6,427,10,8,0,12,8,0,467,1,4,6,0
0015.txt,6,435,16,8,0,9,7,6,467,1,8,10,1
0015.txt,6,437,14,8,3,15,6,0,446,1,3,1,0
0015.txt,6,442,14,6,3,15,6,0,446,1,1,1,1
0015.txt,6,453,12,8,0,10,7,0,467,1,3,2,0
0015.txt,6,483,14,6,3,18,6,2,504,1,4,3,1
0015.txt,8,39,2,18,0,4,16,0,48,1,4,3,0
0015.txt,8,39,2,18,0,2,16,0,72,1,2,4,0
0015.txt,8,39,2,18,0,2,17,0,244,1,1,1,0
0015.txt,8,40,2,17,0,2,16,0,72,1,1,3,0
0015.txt,8,42,2,17,0,4,16,0,48,1,3,2,1
0015.txt,8,43,3,17,0,4,16,0,48,1,2,2,1
0015.txt,8,48,3,16,1,8,16,0,94,1,5,5,0
0015.txt,8,53,1,14,0,17,2,0,322,1,28,-1,0
0015.txt,8,54,2,14,0,17,2,0,322,1,27,-1,0
0015.txt,8,55,2,13,0,17,2,0,322,1,26,-1,1
0015.txt,8,56,2,12,1,17,2,0,322,1,25,-1,0
0015.txt,8,58,2,12,0,3,13,0,124,1,2,1,0
0015.txt,8,58,2,12,0,17,2,0,322,1,25,-1,0
0015.txt,8,60,3,16,1,2,16,0,72,1,1,1,1
0015.txt,8,64,3,12,1,5,10,0,84,1,4,2,0
0015.txt,8,64,3,12,1,17,2,0,322,1,24,-1,0
0015.txt,8,65,4,12,1,17,2,0,322,1,23,-1,1
0015.txt,8,66,5,12,1,5,10,0,84,1,2,1,1
0015.txt,8,66,5,12,1,17,2,0,322,1,22,-1,1
0015.txt,8,70,5,10,1,17,2,0,322,1,20,-1,0
0015.txt,8,73,8,17,0,8,16,0,77,1,1,1,0
0015.txt,8,74,3,16,0,6,16,0,83,1,3,1,0
0015.txt,8,74,3,16,0,10,16,1,347,1,7,8,0
0015.txt,8,75,4,16,0,6,16,1,83,1,2,1,1
0015.txt,8,78,16,2,0,7,10,0,203,1,17,-1,0
0015.txt,8,79,15,2,0,7,10,0,203,1,16,-1,0
0015.txt,8,80,13,2,0,7,10,0,203,1,14,-1,1
0015.txt,8,80,13,2,0,11,1,0,424,1,3,10,1
0015.txt,8,84,6,10,1,17,2,0,322,1,19,-1,1
0015.txt,8,90,6,10,0,17,2,0,322,1,19,-1,0
0015.txt,8,91,6,9,0,17,2,0,322,1,18,-1,1
0015.txt,8,93,10,16,0,11,16,0,104,2,1,1,0
0015.txt,8,96,10,16,1,11,16,1,145,1,1,1,0
0015.txt,8,99,11,2,0,7,10,0,203,1,12,-1,0
0015.txt,8,99,11,2,0,18,10,0,467,1,15,-1,0
0015.txt,8,101,10,2,0,7,10,0,203,1,11,-1,0
0015.txt,8,101,10,2,0,6,16,0,224,1,20,-1,0
0015.txt,8,101,10,2,0,18,10,0,467,1,16,-1,0
0015.txt,8,102,9,2,0,7,10,0,203,1,10,30,1
0015.txt,8,102,9,2,0,6,16,0,224,1,19,-1,1
0015.txt,8,102,9,2,0,18,10,0,467,1,17,-1,1
0015.txt,8,104,10,16,0,11,17,2,244,1,2,1,1
0015.txt,8,105,10,12,0,18,1,0,426,1,19,-1,0
0015.txt,8,106,9,3,0,7,10,0,203,1,9,23,1
0015.txt,8,106,9,3,0,6,16,0,224,1,18,-1,1
0015.txt,8,106,9,3,0,18,10,1,467,1,16,-1,1
0015.txt,8,107,6,3,1,7,10,0,203,1,8,23,1
0015.txt,8,110,6,3,0,6,10,1,203,1,7,14,1
0015.txt,8,110,6,3,0,18,10,1,467,1,19,-1,1
0015.txt,8,114,9,3,0,10,8,0,162,1,6,6,0
0015.txt,8,116,6,8,1,17,2,0,322,1,17,-1,0
0015.txt,8,117,5,8,1,17,2,0,322,1,18,-1,1
0015.txt,8,119,5,9,1,17,2,0,322,1,19,-1,0
0015.txt,8,121,5,11,1,17,2,0,322,1,21,-1,0
0015.txt,8,122,7,11,1,17,2,0,322,1,19,-1,0
0015.txt,8,123,9,11,0,17,2,0,322,1,17,-1,1
0015.txt,8,124,9,12,1,17,2,0,322,1,18,-1,0
0015.txt,8,126,9,12,0,17,2,0,322,1,18,-1,0
0015.txt,8,128,10,12,1,17,2,0,322,1,17,-1,0
0015.txt,8,129,12,12,0,17,2,0,322,1,15,-1,0
0015.txt,8,130,12,11,1,17,2,0,322,1,14,-1,0
0015.txt,8,131,13,11,1,17,2,0,322,1,13,-1,0
0015.txt,8,134,14,8,1,17,2,0,322,1,9,55,0
0015.txt,8,135,16,8,1,17,2,0,322,1,9,40,1
0015.txt,8,141,18,16,0,18,10,0,353,1,6,4,0
0015.txt,8,142,18,15,0,18,10,0,353,1,5,4,1
0015.txt,8,143,7,16,0,10,16,1,489,1,3,3,1
0015.txt,8,144,8,16,0,10,16,1,489,1,2,1,1
0015.txt,8,145,10,16,0,11,17,1,244,1,2,2,0
0015.txt,8,146,9,4,1,10,8,0,162,1,5,3,0
0015.txt,8,148,9,5,1,10,8,0,162,1,4,2,1
0015.txt,8,148,9,5,1,10,13,1,230,1,9,28,1
0015.txt,8,151,9,6,1,10,8,0,162,1,3,1,0
0015.txt,8,152,9,7,1,10,8,0,162,1,2,1,1
0015.txt,8,152,9,7,1,10,13,1,230,1,7,20,1
0015.txt,8,153,10,7,1,10,8,0,162,1,1,1,1
0015.txt,8,153,10,7,1,10,13,1,230,1,6,9,1
0015.txt,8,154,18,14,0,18,10,0,353,1,4,3,1
0015.txt,8,161,10,8,1,10,13,1,230,1,5,9,0
0015.txt,8,163,18,14,0,16,11,0,186,1,5,7,1
0015.txt,8,163,18,14,0,18,10,0,353,1,4,4,1
0015.txt,8,164,16,14,0,16,11,0,186,1,3,4,1
0015.txt,8,169,5,8,0,5,9,0,180,1,1,1,0
0015.txt,8,169,5,8,0,6,10,0,203,1,3,4,0
0015.txt,8,171,4,7,0,6,10,0,203,1,5,16,0
0015.txt,8,171,4,7,0,5,9,0,222,1,3,3,0
0015.txt,8,172,5,9,0,6,10,0,203,1,2,1,0
0015.txt,8,175,4,6,0,6,10,0,203,1,6,20,0
0015.txt,8,175,4,6,0,5,10,0,222,1,5,3,0
0015.txt,8,176,5,6,0,6,10,0,203,1,5,18,1
0015.txt,8,176,5,6,0,5,10,0,222,1,4,2,1
0015.txt,8,180,5,10,0,6,10,0,203,1,1,1,1
0015.txt,8,182,4,4,1,18,10,1,467,1,20,-1,0
0015.txt,8,186,13,14,0,11,10,0,251,1,8,30,0
0015.txt,8,187,10,14,1,6,16,0,224,1,6,18,0
0015.txt,8,188,6,6,0,6,3,3,191,1,3,7,0
0015.txt,8,188,6,6,0,6,10,1,203,1,4,21,0
0015.txt,8,188,6,6,0,6,5,0,205,1,1,1,0
0015.txt,8,188,6,6,0,5,10,1,222,1,5,8,0
0015.txt,8,188,6,6,0,11,1,0,424,1,10,32,0
0015.txt,8,189,10,14,0,6,16,0,224,1,6,28,0
0015.txt,8,190,6,3,0,18,10,0,467,1,19,-1,0
0015.txt,8,191,6,6,0,6,5,0,205,1,1,2,0
0015.txt,8,191,6,6,0,11,1,0,424,1,10,32,0
0015.txt,8,191,6,6,0,18,10,0,467,1,16,-1,0
0015.txt,8,192,10,16,0,6,16,0,224,1,4,9,0
0015.txt,8,194,10,16,0,6,16,0,224,1,4,6,0
0015.txt,8,194,10,16,0,11,17,2,244,1,2,2,0
0015.txt,8,195,10,9,0,10,13,1,230,1,4,8,1
0015.txt,8,199,11,17,0,10,16,0,347,1,2,1,0
0015.txt,8,200,10,17,0,10,16,0,347,1,1,1,1
0015.txt,8,201,10,10,2,10,13,0,230,1,3,6,0
0015.txt,8,201,10,10,2,13,12,5,243,1,5,16,0
0015.txt,8,202,6,10,0,5,10,0,222,1,1,1,0
0015.txt,8,202,6,10,0,6,16,0,224,1,8,21,0
0015.txt,8,203,5,10,0,5,11,0,213,1,1,8,0
0015.txt,8,203,5,10,0,6,11,0,221,1,2,2,0
0015.txt,8,203,5,10,0,5,12,0,384,1,2,7,0
0015.txt,8,205,6,6,0,6,3,0,324,1,3,2,0
0015.txt,8,205,6,6,0,11,1,0,424,1,10,25,0
0015.txt,8,207,5,6,0,18,10,0,467,1,17,-1,0
0015.txt,8,210,18,14,0,18,10,0,353,1,4,10,0
0015.txt,8,211,5,10,0,6,11,0,221,1,2,1,0
0015.txt,8,211,5,10,0,5,12,0,384,1,2,6,0
0015.txt,8,212,6,10,1,6,11,0,221,1,1,1,1
0015.txt,8,212,6,10,1,5,12,0,384,1,3,5,1
0015.txt,8,213,6,11,1,5,12,0,384,1,2,4,1
0015.txt,8,217,10,11,1,10,13,1,230,1,2,3,0
0015.txt,8,217,10,11,1,13,12,6,243,1,4,8,0
0015.txt,8,218,10,11,0,10,13,1,230,1,2,2,0
0015.txt,8,218,10,11,0,13,12,6,243,1,4,7,0
0015.txt,8,219,6,11,1,5,12,0,374,2,2,6,0
0015.txt,8,220,10,13,1,13,12,6,243,1,4,8,0
0015.txt,8,221,5,11,1,5,12,0,384,1,1,3,1
0015.txt,8,222,5,11,0,5,12,0,374,2,1,5,0
0015.txt,8,226,18,13,0,18,10,0,353,1,3,6,0
0015.txt,8,227,18,12,0,18,10,0,353,1,2,2,0
0015.txt,8,228,18,11,0,18,10,0,353,1,1,1,1
0015.txt,8,230,10,14,1,13,12,6,243,1,5,10,0
0015.txt,8,233,10,14,0,13,12,6,243,1,5,12,0
0015.txt,8,234,10,13,1,13,12,6,243,1,4,8,0
0015.txt,8,235,12,13,0,13,12,6,243,1,2,3,1
0015.txt,8,238,12,14,0,13,12,5,243,1,3,7,1
0015.txt,8,240,13,12,0,18,1,0,426,1,16,-1,1
0015.txt,8,242,18,8,1,18,2,0,322,1,6,17,0
0015.txt,8,248,10,12,0,10,14,0,347,1,2,2,0
0015.txt,8,250,13,14,1,18,1,0,426,1,18,-1,0
0015.txt,8,255,13,12,1,18,1,0,426,1,16,-1,0
0015.txt,8,256,13,11,0,18,1,0,426,1,15,-1,0
0015.txt,8,257,13,9,0,18,1,0,426,1,13,-1,1
0015.txt,8,258,13,14,0,13,12,0,283,1,2,13,0
0015.txt,8,259,15,14,0,18,1,0,426,1,16,-1,1
0015.txt,8,260,16,14,1,18,1,0,426,1,15,-1,0
0015.txt,8,269,13,13,0,13,12,0,283,1,1,5,0
0015.txt,8,270,16,11,0,18,1,0,426,1,12,-1,0
0015.txt,8,271,13,9,0,18,1,0,426,1,13,-1,0
0015.txt,8,272,18,6,0,18,4,0,284,2,2,6,0
0015.txt,8,272,18,6,0,18,2,0,322,1,4,5,0
0015.txt,8,273,18,5,1,18,4,0,284,2,1,1,1
0015.txt,8,273,18,5,1,18,2,0,322,1,3,2,1
0015.txt,8,274,6,3,0,11,1,0,424,1,7,3,0
0015.txt,8,275,7,3,0,11,1,0,424,1,6,3,1
0015.txt,8,281,18,4,1,18,2,0,322,1,2,2,0
0015.txt,8,284,18,3,1,18,2,0,322,1,1,1,1
0015.txt,8,285,9,15,0,12,15,0,296,1,5,3,0
0015.txt,8,286,10,15,0,12,15,0,296,1,4,3,0
0015.txt,8,287,10,14,0,12,15,0,296,1,3,3,1
0015.txt,8,288,11,14,0,12,15,0,296,1,2,2,1
0015.txt,8,304,9,6,0,9,7,0,316,1,1,1,1
0015.txt,8,312,8,3,1,11,1,0,424,1,5,3,0
0015.txt,8,314,10,3,1,11,1,0,424,1,3,2,1
0015.txt,8,324,10,2,1,11,1,0,424,1,2,2,1
0015.txt,8,326,10,2,0,11,1,0,424,1,2,3,1
0015.txt,8,337,16,11,0,16,15,3,489,1,4,6,1
0015.txt,8,350,6,6,0,17,10,5,467,1,15,-1,0
0015.txt,8,356,11,2,0,11,1,0,424,1,1,1,0
0015.txt,8,357,17,7,0,18,5,0,365,1,3,2,0
0015.txt,8,358,13,11,0,14,6,0,395,1,6,8,0
0015.txt,8,359,13,10,0,14,6,0,395,1,5,7,1
0015.txt,8,363,14,10,1,14,6,0,395,1,4,5,0
0015.txt,8,374,5,11,0,10,11,0,384,1,5,5,0
0015.txt,8,375,7,11,0,10,11,0,384,1,3,2,0
0015.txt,8,376,8,11,0,10,11,1,384,1,2,1,1
0015.txt,8,388,14,7,0,14,6,0,395,1,1,1,1
0015.txt,8,389,13,4,0,13,5,0,459,1,1,1,0
0015.txt,8,403,18,2,0,18,1,0,426,1,1,1,1
0015.txt,8,406,7,6,0,12,8,0,467,1,7,10,1
0015.txt,8,407,8,6,0,12,8,0,467,1,6,9,1
0015.txt,8,408,9,6,0,12,8,0,467,1,5,7,1
0015.txt,8,427,10,8,0,12,8,0,467,1,4,6,0
0015.txt,8,428,10,7,0,12,8,0,432,1,3,7,1
0015.txt,8,430,11,7,0,12,8,1,432,1,2,8,0
0015.txt,8,435,16,8,0,9,7,4,467,1,8,11,1
0015.txt,8,437,14,8,1,15,6,0,446,1,3,1,0
0015.txt,8,442,14,6,1,15,6,0,446,1,1,1,1
0015.txt,8,453,12,8,0,10,7,0,467,1,3,2,0
0015.txt,8,457,15,6,1,9,8,4,524,1,8,9,1
0015.txt,8,458,16,6,0,9,8,4,524,1,9,12,1
0015.txt,8,459,17,6,0,9,8,4,524,1,10,13,1
0015.txt,8,461,14,7,0,14,6,0,480,1,1,1,1
0015.txt,8,463,10,7,0,10,9,0,466,1,2,3,1
0015.txt,8,464,10,8,0,10,9,0,466,1,1,2,1
0015.txt,8,473,10,7,1,18,6,2,504,1,9,9,0
0015.txt,8,478,15,8,0,15,10,0,491,1,2,1,0
0015.txt,8,479,15,9,0,15,10,0,491,1,1,1,1
0015.txt,8,483,14,6,1,18,6,2,504,1,4,3,1
0015.txt,8,486,17,7,0,18,6,1,488,1,2,2,0
0016.txt,6,5,10,12,0,12,6,0,101,1,8,20,0
0016.txt,6,7,9,12,0,12,6,0,101,1,9,24,0
0016.txt,6,15,2,12,0,3,7,0,24,1,6,4,1
0016.txt,6,16,1,12,0,3,7,0,24,1,7,3,0
0016.txt,6,16,1,12,0,12,6,0,101,1,17,-1,0
0016.txt,6,17,1,11,0,3,7,0,24,1,6,3,1
0016.txt,6,17,1,11,0,12,6,0,101,1,16,-1,1
0016.txt,6,18,1,10,0,3,7,0,24,1,5,2,1
0016.txt,6,18,1,10,0,1,8,0,41,1,2,1,1
0016.txt,6,19,1,10,0,3,7,0,24,1,5,2,0
0016.txt,6,19,1,10,0,1,8,0,41,1,2,1,0
0016.txt,6,19,1,10,0,12,6,0,101,1,15,-1,0
0016.txt,6,20,1,9,0,3,7,0,24,1,4,2,1
0016.txt,6,20,1,9,0,1,8,0,41,1,1,1,1
0016.txt,6,20,1,9,0,12,6,0,101,1,14,-1,1
0016.txt,6,21,1,8,1,3,7,0,24,1,3,1,1
0016.txt,6,27,6,8,1,10,5,0,96,1,7,25,1
0016.txt,6,27,6,8,1,12,6,1,103,1,8,24,1
0016.txt,6,33,0,2,0,2,5,0,114,1,5,4,0
0016.txt,6,35,1,3,0,2,4,0,39,1,2,1,1
0016.txt,6,35,1,3,0,2,5,0,114,1,3,3,1
0016.txt,6,36,1,4,0,2,4,0,39,1,1,1,1
0016.txt,6,36,1,4,0,2,5,0,114,1,2,2,1
0016.txt,6,43,9,4,0,12,4,0,55,1,3,10,0
0016.txt,6,47,8,1,0,12,4,0,56,1,7,17,0
0016.txt,6,47,8,1,0,7,4,0,68,1,4,3,0
0016.txt,6,48,10,1,0,12,4,0,56,1,5,5,0
0016.txt,6,48,10,1,0,7,4,0,68,1,6,9,0
0016.txt,6,48,10,1,0,12,6,0,123,1,7,8,0
0016.txt,6,49,9,1,0,12,4,0,56,1,6,9,0
0016.txt,6,49,9,1,0,10,3,0,76,1,3,3,0
0016.txt,6,49,9,1,0,12,6,0,123,1,8,13,0
0016.txt,6,50,9,2,0,12,4,0,56,1,5,7,1
0016.txt,6,50,9,2,0,10,3,0,76,1,2,3,1
0016.txt,6,50,9,2,0,12,6,0,123,1,7,11,1
0016.txt,6,52,9,3,3,12,6,1,123,1,6,7,0
0016.txt,6,56,9,4,1,12,6,1,123,1,5,6,0
0016.txt,6,63,3,2,3,7,5,0,74,1,7,5,0
0016.txt,6,66,9,4,0,12,6,0,123,1,5,5,0
0016.txt,6,69,8,4,0,12,6,0,123,1,6,6,1
0016.txt,6,70,3,4,3,7,5,0,74,1,5,6,1
0016.txt,6,74,7,4,2,12,6,1,123,1,7,13,0
0016.txt,6,75,7,4,0,4,4,5,121,1,3,1,0
0016.txt,6,75,7,4,0,12,6,1,123,1,7,11,0
0016.txt,6,76,7,5,0,4,4,5,121,1,4,2,1
0016.txt,6,76,7,5,0,12,6,1,123,1,6,11,1
0016.txt,6,80,8,12,0,10,5,0,96,1,9,14,0
0016.txt,6,80,8,12,0,12,6,0,101,2,10,11,0
0016.txt,6,81,8,11,0,10,5,0,96,1,8,15,1
0016.txt,6,81,8,11,0,12,6,0,101,2,9,11,1
0016.txt,6,83,8,10,1,10,5,0,96,1,7,13,0
0016.txt,6,83,8,10,1,12,6,1,103,1,8,11,0
0016.txt,6,85,8,9,2,8,8,0,90,1,1,1,0
0016.txt,6,85,8,9,2,10,5,0,96,1,6,11,0
0016.txt,6,85,8,9,2,12,6,1,103,1,7,12,0
0016.txt,6,86,8,8,3,10,5,0,96,1,5,11,1
0016.txt,6,86,8,8,3,12,6,1,103,1,6,9,1
0016.txt,6,88,7,8,0,10,5,0,96,1,6,11,1
0016.txt,6,88,7,8,0,12,6,0,101,2,7,10,1
0016.txt,6,89,8,8,3,10,5,0,96,1,5,5,0
0016.txt,6,89,8,8,3,12,6,1,103,1,6,4,0
0016.txt,6,90,9,8,3,10,5,0,96,1,4,7,1
0016.txt,6,90,9,8,3,12,6,1,103,1,5,8,1
0016.txt,6,92,9,8,1,10,5,0,96,1,4,5,0
0016.txt,6,92,9,8,1,12,6,1,103,1,5,6,0
0016.txt,6,93,10,8,1,10,5,0,96,1,3,3,1
0016.txt,6,93,10,8,1,12,6,1,103,1,4,2,1
0016.txt,6,94,10,7,2,10,5,0,96,1,2,2,0
0016.txt,6,94,10,7,2,12,6,1,103,1,3,3,0
0016.txt,6,96,10,6,3,12,6,1,103,1,2,1,0
0016.txt,6,97,10,6,2,12,6,1,103,1,2,1,0
0016.txt,6,98,9,6,2,12,6,1,103,1,3,3,1
0016.txt,6,99,9,5,3,12,6,1,103,1,4,3,0
0016.txt,6,107,4,8,0,4,7,0,120,1,1,1,0
0016.txt,6,116,9,5,0,7,5,1,118,1,2,1,0
0016.txt,6,116,9,5,0,5,5,4,121,1,4,3,0
0016.txt,6,116,9,5,0,6,5,0,123,1,3,2,0
0016.txt,6,117,7,5,0,6,5,0,123,1,1,1,0
0016.txt,6,118,8,5,0,6,5,0,123,1,2,1,1
0016.txt,8,5,10,12,0,12,6,0,101,1,8,20,0
0016.txt,8,7,9,12,0,12,6,0,101,1,9,24,0
0016.txt,8,15,2,12,0,3,7,0,24,1,6,4,1
0016.txt,8,16,1,12,0,3,7,0,24,1,7,3,0
0016.txt,8,16,1,12,0,12,6,0,101,1,17,-1,0
0016.txt,8,17,1,11,0,3,7,0,24,1,6,3,1
0016.txt,8,17,1,11,0,12,6,0,101,1,16,-1,1
0016.txt,8,18,1,10,0,3,7,0,24,1,5,2,1
0016.txt,8,18,1,10,0,1,8,0,41,1,2,1,1
0016.txt,8,18,1,10,0,12,4,0,55,1,17,-1,1
0016.txt,8,18,1,10,0,12,6,0,101,1,15,-1,1
0016.txt,8,19,1,10,0,3,7,0,24,1,5,2,0
0016.txt,8,19,1,10,0,1,8,0,41,1,2,1,0
0016.txt,8,19,1,10,0,12,6,0,101,1,15,-1,0
0016.txt,8,20,1,9,0,3,7,0,24,1,4,2,1
0016.txt,8,20,1,9,0,1,8,0,41,1,1,1,1
0016.txt,8,20,1,9,0,12,6,0,101,1,14,-1,1
0016.txt,8,21,1,8,0,3,7,0,24,1,3,1,1
0016.txt,8,21,1,8,0,12,4,0,55,1,15,-1,1
0016.txt,8,21,1,8,0,12,6,0,101,1,13,-1,1
0016.txt,8,22,2,8,0,3,7,0,24,1,2,1,1
0016.txt,8,22,2,8,0,12,4,0,55,1,14,-1,1
0016.txt,8,22,2,8,0,12,6,0,101,1,12,-1,1
0016.txt,8,25,3,8,0,12,4,0,55,1,13,-1,1
0016.txt,8,25,3,8,0,12,6,0,101,1,11,-1,1
0016.txt,8,26,5,8,0,12,4,0,55,1,11,-1,0
0016.txt,8,26,5,8,0,10,5,0,96,1,8,27,0
0016.txt,8,26,5,8,0,12,6,0,101,2,9,25,0
0016.txt,8,27,6,8,0,12,4,0,55,1,10,31,1
0016.txt,8,27,6,8,0,10,5,0,96,1,7,25,1
0016.txt,8,27,6,8,0,12,6,0,101,2,8,24,1
0016.txt,8,33,0,2,0,2,5,0,114,1,5,4,0
0016.txt,8,35,1,3,0,2,4,0,39,1,2,1,1
0016.txt,8,35,1,3,0,2,5,0,114,1,3,3,1
0016.txt,8,36,1,4,0,2,4,0,39,1,1,1,1
0016.txt,8,36,1,4,0,2,5,0,114,1,2,2,1
0016.txt,8,41,7,8,0,10,5,0,96,1,6,19,0
0016.txt,8,41,7,8,0,12,6,1,103,1,7,18,0
0016.txt,8,42,7,4,0,12,4,0,55,1,5,14,0
0016.txt,8,43,9,4,0,12,4,0,55,1,3,10,0
0016.txt,8,47,8,1,0,12,4,0,56,1,7,17,0
0016.txt,8,47,8,1,0,7,4,0,68,1,4,3,0
0016.txt,8,48,10,1,0,12,4,0,56,1,5,5,0
0016.txt,8,48,10,1,0,7,4,0,68,1,6,9,0
0016.txt,8,48,10,1,0,12,6,0,123,1,7,8,0
0016.txt,8,49,9,1,0,9,3,0,53,1,2,1,0
0016.txt,8,49,9,1,0,12,4,0,56,1,6,9,0
0016.txt,8,49,9,1,0,7,4,0,68,1,5,4,0
0016.txt,8,49,9,1,0,10,3,0,76,1,3,3,0
0016.txt,8,49,9,1,0,12,6,0,123,1,8,13,0
0016.txt,8,50,9,2,0,9,3,0,53,1,1,1,1
0016.txt,8,50,9,2,0,12,4,0,56,1,5,7,1
0016.txt,8,50,9,2,0,7,4,0,68,1,4,4,1
0016.txt,8,50,9,2,0,10,3,0,76,1,2,3,1
0016.txt,8,50,9,2,0,12,6,0,123,1,7,11,1
0016.txt,8,52,9,3,1,12,6,1,123,1,6,7,0
0016.txt,8,53,9,4,1,12,6,1,123,1,5,7,1
0016.txt,8,56,9,4,0,12,6,0,123,1,5,6,0
0016.txt,8,62,3,1,0,7,5,0,74,1,8,6,0
0016.txt,8,63,3,2,1,7,5,0,74,1,7,5,0
0016.txt,8,66,9,4,0,7,4,0,68,1,2,2,0
0016.txt,8,66,9,4,0,12,6,0,123,1,5,5,0
0016.txt,8,68,8,4,1,12,6,1,123,1,6,9,1
0016.txt,8,69,8,4,0,12,6,0,123,1,6,6,1
0016.txt,8,70,3,4,1,7,5,0,74,1,5,6,1
0016.txt,8,72,3,4,0,12,6,0,102,1,11,-1,0
0016.txt,8,74,7,4,0,4,4,5,121,1,3,1,0
0016.txt,8,74,7,4,0,12,6,1,123,1,7,13,0
0016.txt,8,75,7,4,0,4,4,3,121,1,3,1,0
0016.txt,8,75,7,4,0,12,6,0,123,1,7,11,0
0016.txt,8,76,7,5,0,4,4,3,121,1,4,2,1
0016.txt,8,76,7,5,0,12,6,0,123,1,6,11,1
0016.txt,8,77,4,4,0,12,6,0,102,1,10,14,1
0016.txt,8,80,8,12,0,10,5,0,96,1,9,14,0
0016.txt,8,80,8,12,0,12,6,0,101,2,10,11,0
0016.txt,8,81,8,11,0,10,5,0,96,1,8,15,1
0016.txt,8,81,8,11,0,12,6,0,101,2,9,11,1
0016.txt,8,83,8,10,0,10,5,0,96,1,7,13,0
0016.txt,8,83,8,10,0,12,6,0,101,2,8,11,0
0016.txt,8,85,8,9,0,8,8,0,90,1,1,1,0
0016.txt,8,85,8,9,0,10,5,0,96,1,6,12,0
0016.txt,8,85,8,9,0,12,6,1,103,1,7,10,0
0016.txt,8,86,8,8,1,10,5,0,96,1,5,11,1
0016.txt,8,86,8,8,1,12,6,1,103,1,6,9,1
0016.txt,8,88,7,8,0,8,8,0,90,1,1,1,1
0016.txt,8,88,7,8,0,10,5,0,96,1,6,11,1
0016.txt,8,88,7,8,0,12,6,0,101,2,7,10,1
0016.txt,8,89,8,8,1,10,5,0,96,1,5,9,0
0016.txt,8,89,8,8,1,10,7,0,99,1,3,1,0
0016.txt,8,89,8,8,1,12,6,1,103,1,6,10,0
0016.txt,8,90,9,8,1,10,5,0,96,1,4,7,1
0016.txt,8,90,9,8,1,12,6,1,103,1,5,8,1
0016.txt,8,92,9,8,0,10,5,0,96,1,4,5,0
0016.txt,8,92,9,8,0,10,7,0,99,1,2,1,0
0016.txt,8,92,9,8,0,12,6,0,101,2,5,6,0
0016.txt,8,93,10,8,0,10,5,0,96,1,3,3,1
0016.txt,8,93,10,8,0,10,7,0,99,1,1,1,1
0016.txt,8,93,10,8,0,12,6,0,101,2,4,4,1
0016.txt,8,94,10,7,0,10,5,0,96,1,2,2,0
0016.txt,8,94,10,7,0,12,6,1,103,1,3,3,0
0016.txt,8,96,10,6,1,12,6,1,103,1,2,1,0
0016.txt,8,97,10,6,0,12,6,1,103,1,2,2,0
0016.txt,8,98,9,6,0,12,6,1,103,1,3,3,1
0016.txt,8,99,9,5,1,12,6,1,103,1,4,3,0
0016.txt,8,107,4,8,0,4,7,0,120,1,1,1,0
0016.txt,8,116,9,5,0,7,5,0,118,1,2,1,0
0016.txt,8,116,9,5,0,5,5,4,121,1,4,3,0
0016.txt,8,116,9,5,0,6,5,0,123,1,3,2,0
0016.txt,8,117,7,5,0,5,5,4,121,1,2,3,0
0016.txt,8,117,7,5,0,6,5,0,123,1,1,2,0
0016.txt,8,118,8,5,0,5,5,4,121,1,3,2,1
0016.txt,8,118,8,5,0,6,5,0,123,1,2,1,1
0017.txt,6,10,1,2,0,7,6,0,108,1,10,40,0
0017.txt,6,19,6,12,0,9,12,0,166,1,3,3,0
0017.txt,6,38,7,12,0,9,12,0,166,1,2,1,0
0017.txt,6,51,1,4,0,1,3,0,56,1,1,2,0
0017.txt,6,51,1,4,0,4,1,0,59,1,6,19,0
0017.txt,6,52,1,3,0,7,6,0,108,1,9,30,0
0017.txt,6,53,2,3,1,7,6,0,108,1,8,31,0
0017.txt,6,56,3,2,2,7,6,0,108,1,8,33,1
0017.txt,6,58,4,1,0,7,6,0,108,1,8,30,0
0017.txt,6,59,3,1,3,7,6,0,108,1,9,29,0
0017.txt,6,61,3,6,1,7,6,0,108,1,6,23,0
0017.txt,6,62,3,8,0,7,6,0,108,1,6,32,1
0017.txt,6,63,3,9,1,7,6,0,108,1,7,35,0
0017.txt,6,64,4,9,2,7,6,0,108,1,6,32,0
0017.txt,6,64,4,9,2,13,10,0,149,1,10,42,0
0017.txt,6,65,4,10,3,7,6,0,108,1,7,33,1
0017.txt,6,66,4,8,3,7,6,0,108,1,5,27,0
0017.txt,6,66,4,8,3,13,10,0,149,1,11,-1,0
0017.txt,6,70,4,7,3,7,6,0,108,1,4,25,1
0017.txt,6,71,4,7,0,7,6,0,108,1,4,23,1
0017.txt,6,71,4,7,0,13,10,0,149,1,12,-1,1
0017.txt,6,73,11,0,0,10,0,0,165,1,1,1,1
0017.txt,6,84,0,11,0,2,11,0,124,1,2,2,0
0017.txt,6,85,1,11,3,2,11,0,124,1,1,1,0
0017.txt,6,86,1,11,1,2,11,0,124,1,1,1,0
0017.txt,6,102,5,7,1,7,6,0,108,1,3,14,0
0017.txt,6,102,5,7,1,13,10,0,149,1,11,-1,0
0017.txt,6,103,6,7,3,7,6,0,108,1,2,8,0
0017.txt,6,104,7,7,3,7,6,0,108,1,1,8,1
0017.txt,6,104,7,7,3,13,10,0,149,1,9,35,1
0017.txt,6,104,7,7,3,11,8,1,180,1,5,18,1
0017.txt,6,108,7,7,2,13,10,0,149,1,9,32,0
0017.txt,6,128,7,7,1,13,10,0,149,1,9,27,1
0017.txt,6,130,9,7,3,13,10,0,149,1,7,21,0
0017.txt,6,135,12,13,0,10,5,0,175,1,10,10,0
0017.txt,6,137,12,11,0,10,5,0,175,1,8,10,0
0017.txt,6,138,11,11,0,10,5,0,175,1,7,9,0
0017.txt,6,142,11,2,2,11,3,0,144,1,1,1,1
0017.txt,6,145,11,9,3,10,5,0,175,1,5,8,1
0017.txt,6,146,10,9,2,10,5,0,175,1,4,7,0
0017.txt,6,148,10,7,1,10,5,0,175,1,2,4,0
0017.txt,6,153,10,7,0,10,5,0,175,1,2,4,1
0017.txt,6,155,10,7,2,11,4,0,174,1,4,11,1
0017.txt,6,156,10,5,2,11,4,0,174,1,2,8,0
0017.txt,6,168,10,5,1,11,4,0,174,1,2,5,0
0017.txt,8,10,1,2,0,7,6,0,108,1,10,40,0
0017.txt,8,19,6,12,0,9,12,0,166,1,3,3,0
0017.txt,8,38,7,12,0,9,12,0,166,1,2,1,0
0017.txt,8,39,8,12,0,9,12,0,166,1,1,1,0
0017.txt,8,40,9,12,0,9,11,0,150,1,1,1,0
0017.txt,8,47,0,10,0,8,9,0,158,1,11,-1,0
0017.txt,8,51,1,4,0,1,3,0,56,1,1,2,0
0017.txt,8,51,1,4,0,4,1,0,59,1,6,19,0
0017.txt,8,52,1,3,0,4,1,0,59,1,5,6,0
0017.txt,8,52,1,3,0,7,6,0,108,1,9,30,0
0017.txt,8,53,2,3,0,4,1,0,59,1,4,5,0
0017.txt,8,53,2,3,0,7,6,0,108,1,8,31,0
0017.txt,8,55,3,3,0,7,6,0,108,1,7,29,0
0017.txt,8,56,3,2,0,7,6,0,108,1,8,33,1
0017.txt,8,57,3,2,0,4,1,0,59,1,2,5,1
0017.txt,8,58,4,1,0,7,6,0,108,1,8,30,0
0017.txt,8,59,3,1,1,7,6,0,108,1,9,29,0
0017.txt,8,61,3,6,0,7,6,0,108,1,6,23,0
0017.txt,8,61,3,6,0,9,6,0,204,1,8,27,0
0017.txt,8,62,3,8,0,7,6,0,108,1,6,32,1
0017.txt,8,62,3,8,0,9,6,0,204,1,8,29,1
0017.txt,8,63,3,9,0,7,6,0,108,1,7,36,0
0017.txt,8,63,3,9,0,13,10,0,149,1,11,-1,0
0017.txt,8,63,3,9,0,9,6,0,204,1,9,34,0
0017.txt,8,64,4,9,0,4,8,0,70,1,1,2,0
0017.txt,8,64,4,9,0,7,6,0,108,1,6,34,0
0017.txt,8,64,4,9,0,13,10,0,149,1,10,43,0
0017.txt,8,65,4,10,1,4,8,0,70,1,2,1,1
0017.txt,8,65,4,10,1,7,6,0,108,1,7,33,1
0017.txt,8,65,4,10,1,13,10,0,149,1,11,-1,1
0017.txt,8,66,4,8,1,7,6,0,108,1,5,29,0
0017.txt,8,66,4,8,1,13,10,0,149,1,11,-1,0
0017.txt,8,70,4,7,1,7,6,0,108,1,4,25,1
0017.txt,8,71,4,7,0,7,6,0,108,1,4,23,1
0017.txt,8,71,4,7,0,13,10,0,149,1,12,-1,1
0017.txt,8,71,4,7,0,9,6,0,204,1,6,19,1
0017.txt,8,73,11,0,0,10,0,0,165,1,1,1,1
0017.txt,8,84,0,11,0,1,11,0,120,1,1,1,0
0017.txt,8,84,0,11,0,2,11,0,124,1,2,2,0
0017.txt,8,85,1,11,1,2,11,0,124,1,1,1,0
0017.txt,8,86,1,11,0,5,11,0,120,1,4,5,0
0017.txt,8,86,1,11,0,2,11,0,124,1,1,1,0
0017.txt,8,89,3,11,0,4,10,0,91,1,2,1,0
0017.txt,8,96,4,11,0,5,11,0,120,1,1,1,0
0017.txt,8,102,5,7,0,6,7,0,104,1,1,1,0
0017.txt,8,102,5,7,0,7,6,0,108,1,3,14,0
0017.txt,8,102,5,7,0,8,7,0,130,1,3,9,0
0017.txt,8,102,5,7,0,13,10,0,149,1,11,-1,0
0017.txt,8,102,5,7,0,9,10,6,202,1,7,20,0
0017.txt,8,102,5,7,0,9,6,0,204,1,5,10,0
0017.txt,8,103,6,7,1,7,6,0,108,1,2,9,0
0017.txt,8,103,6,7,1,8,7,0,130,1,2,6,0
0017.txt,8,103,6,7,1,13,10,0,149,1,10,35,0
0017.txt,8,104,7,7,1,7,6,0,108,1,1,8,1
0017.txt,8,104,7,7,1,13,10,0,149,1,9,35,1
0017.txt,8,104,7,7,1,11,8,1,180,1,5,18,1
0017.txt,8,108,7,7,0,8,7,0,130,1,1,4,0
0017.txt,8,108,7,7,0,13,10,0,149,1,9,32,0
0017.txt,8,125,6,8,0,7,9,0,158,1,2,5,0
0017.txt,8,126,6,9,0,7,9,0,158,1,1,3,0
0017.txt,8,128,7,7,0,8,7,0,130,1,1,1,1
0017.txt,8,128,7,7,0,13,10,0,149,1,9,27,1
0017.txt,8,128,7,7,0,9,10,6,202,1,5,9,1
0017.txt,8,128,7,7,0,9,6,0,204,1,3,3,1
0017.txt,8,129,8,7,0,13,10,0,149,1,8,25,1
0017.txt,8,130,9,7,1,13,10,0,149,1,7,21,0
0017.txt,8,135,12,13,0,10,5,0,175,1,10,10,0
0017.txt,8,137,12,11,0,10,5,0,175,1,8,10,0
0017.txt,8,138,11,11,0,11,6,5,146,1,5,5,0
0017.txt,8,138,11,11,0,10,5,0,175,1,7,9,0
0017.txt,8,141,11,10,1,10,5,0,175,1,6,8,1
0017.txt,8,142,11,2,0,11,3,0,144,1,1,1,1
0017.txt,8,145,11,9,1,10,5,0,175,1,5,8,1
0017.txt,8,146,10,9,0,10,5,0,175,1,4,8,0
0017.txt,8,148,10,7,0,10,5,0,175,1,2,5,0
0017.txt,8,153,10,7,0,10,5,0,175,1,2,4,1
0017.txt,8,154,10,9,0,10,5,0,175,1,4,8,1
0017.txt,8,155,10,7,0,11,4,0,174,1,4,13,1
0017.txt,8,156,10,5,0,11,4,0,174,1,2,8,0
0017.txt,8,161,9,3,0,8,2,0,164,1,2,1,0
0017.txt,8,162,9,2,0,8,2,0,164,1,1,1,1
0017.txt,8,168,10,5,0,11,4,0,174,1,2,5,0
0017.txt,8,172,9,9,1,10,8,0,183,1,2,1,1
0017.txt,8,185,8,5,0,8,4,0,188,1,1,1,0
0018.txt,6,21,4,7,0,9,4,1,50,1,8,7,0
0018.txt,6,24,3,2,0,4,0,0,45,1,3,2,0
0018.txt,6,29,9,7,0,9,4,0,31,1,3,1,0
0018.txt,6,29,9,7,0,4,0,0,45,1,14,-1,0
0018.txt,6,31,9,6,0,3,3,0,39,1,9,6,0
0018.txt,6,31,9,6,0,4,0,0,45,1,13,-1,0
0018.txt,6,32,7,6,0,3,3,0,39,1,7,6,0
0018.txt,6,32,7,6,0,4,0,0,45,1,11,-1,0
0018.txt,6,33,7,5,0,3,3,0,39,1,6,6,1
0018.txt,6,33,7,5,0,4,0,0,45,1,10,10,1
0018.txt,6,34,6,5,0,3,3,1,39,1,5,6,1
0018.txt,6,34,6,5,0,4,0,0,45,2,9,9,1
0018.txt,6,35,5,5,2,3,3,1,39,1,4,3,0
0018.txt,6,35,5,5,2,4,0,0,45,2,8,8,0
0018.txt,6,36,4,5,2,3,3,1,39,1,3,4,0
0018.txt,6,36,4,5,2,4,0,0,45,1,7,6,0
0018.txt,6,37,3,3,0,4,0,0,45,1,4,4,1
0018.txt,6,39,3,5,3,4,0,0,46,1,6,8,0
0018.txt,6,40,3,5,2,4,0,0,45,2,6,6,1
0018.txt,6,41,3,4,3,4,0,0,45,1,5,3,1
0018.txt,6,43,3,4,3,4,0,0,45,1,5,2,0
0018.txt,6,49,2,7,3,0,8,0,54,1,3,1,1
0018.txt,8,21,4,7,0,9,4,0,50,1,8,7,0
0018.txt,8,24,3,2,0,4,0,0,45,1,3,2,0
0018.txt,8,29,9,7,0,9,4,0,31,1,3,1,0
0018.txt,8,29,9,7,0,4,0,0,45,1,14,-1,0
0018.txt,8,31,9,6,0,3,3,0,39,1,9,6,0
0018.txt,8,31,9,6,0,4,0,0,45,1,13,-1,0
0018.txt,8,32,7,6,0,3,3,0,39,1,7,7,0
0018.txt,8,32,7,6,0,4,0,0,45,1,11,-1,0
0018.txt,8,33,7,5,0,3,3,0,39,1,6,6,1
0018.txt,8,33,7,5,0,4,0,0,45,1,10,10,1
0018.txt,8,34,6,5,0,3,3,0,39,1,5,4,1
0018.txt,8,34,6,5,0,5,5,0,41,1,1,1,1
0018.txt,8,34,6,5,0,4,0,0,45,2,9,9,1
0018.txt,8,35,5,5,0,3,3,1,39,1,4,3,0
0018.txt,8,35,5,5,0,4,0,0,45,2,8,8,0
0018.txt,8,36,4,5,0,3,3,1,39,1,3,3,0
0018.txt,8,36,4,5,0,4,0,0,45,2,7,6,0
0018.txt,8,37,3,3,0,4,0,0,45,1,4,4,1
0018.txt,8,39,3,5,1,3,3,0,43,1,2,2,0
0018.txt,8,39,3,5,1,4,0,0,45,2,6,8,0
0018.txt,8,40,3,5,0,3,3,0,43,1,2,2,1
0018.txt,8,40,3,5,0,4,0,0,45,2,6,6,1
0018.txt,8,41,3,4,1,3,3,0,43,1,1,1,1
0018.txt,8,41,3,4,1,4,0,0,45,2,5,3,1
0018.txt,8,43,3,4,1,4,0,0,45,2,5,2,0
0018.txt,8,48,3,7,1,0,8,0,54,1,4,2,0
0018.txt,8,49,2,7,1,0,8,0,54,1,3,1,1
0018.txt,8,50,0,7,0,0,8,0,54,1,1,1,1
0019.txt,6,10,9,12,0,11,18,0,176,1,8,69,0
0019.txt,6,10,9,12,0,5,13,0,414,1,5,46,0
0019.txt,6,10,9,12,0,9,14,0,459,1,2,11,0
0019.txt,6,11,9,14,0,11,18,0,176,1,6,31,0
0019.txt,6,13,11,18,0,3,16,0,388,1,10,46,0
0019.txt,6,15,14,19,0,12,16,0,611,1,5,9,0
0019.txt,6,16,13,19,0,12,16,0,611,1,4,2,0
0019.txt,6,17,13,18,0,12,16,0,611,1,3,1,0
0019.txt,6,18,13,16,0,12,16,0,611,1,1,1,1
0019.txt,6,30,5,2,0,5,5,0,238,1,3,5,0
0019.txt,6,32,4,2,0,5,3,0,35,1,2,1,0
0019.txt,6,32,4,2,0,5,5,0,238,1,4,6,0
0019.txt,6,33,5,2,0,5,3,0,35,1,1,1,1
0019.txt,6,33,5,2,0,5,5,0,238,1,3,4,1
0019.txt,6,34,5,3,1,5,5,0,238,1,2,2,0
0019.txt,6,35,5,4,2,2,5,0,38,1,4,8,0
0019.txt,6,35,5,4,2,5,5,0,238,1,1,1,0
0019.txt,6,38,2,4,0,5,4,3,239,1,3,5,0
0019.txt,6,41,7,5,1,1,12,0,415,1,13,-1,1
0019.txt,6,43,7,6,0,1,12,0,415,1,12,-1,0
0019.txt,6,44,6,6,0,1,12,0,415,1,11,-1,0
0019.txt,6,45,6,7,1,1,12,0,415,1,10,84,0
0019.txt,6,47,15,1,0,16,0,0,49,1,2,2,0
0019.txt,6,49,16,1,0,10,3,0,398,1,8,26,0
0019.txt,6,53,12,1,0,10,8,0,173,1,9,54,1
0019.txt,6,53,12,1,0,5,13,0,496,1,19,-1,1
0019.txt,6,55,12,2,0,10,8,0,173,1,8,56,0
0019.txt,6,55,12,2,0,5,13,0,496,1,18,-1,0
0019.txt,6,56,12,3,0,10,8,0,173,1,7,57,0
0019.txt,6,56,12,3,0,5,13,0,496,1,17,-1,0
0019.txt,6,56,12,3,0,19,18,0,599,1,22,-1,0
0019.txt,6,58,12,4,2,10,8,0,173,1,6,51,0
0019.txt,6,58,12,4,2,5,13,0,496,1,16,-1,0
0019.txt,6,58,12,4,2,19,18,0,599,1,21,-1,0
0019.txt,6,59,12,5,2,10,8,0,173,1,5,49,0
0019.txt,6,59,12,5,2,5,13,0,496,1,15,-1,0
0019.txt,6,60,12,6,2,10,8,0,173,1,4,34,1
0019.txt,6,60,12,6,2,5,13,0,496,1,14,-1,1
0019.txt,6,60,12,6,2,19,18,0,599,1,19,-1,1
0019.txt,6,61,12,7,2,10,8,0,173,1,3,29,0
0019.txt,6,61,12,7,2,5,13,0,496,1,13,-1,0
0019.txt,6,61,12,7,2,19,18,0,599,1,18,-1,0
0019.txt,6,62,11,7,3,10,8,0,173,1,2,15,1
0019.txt,6,62,11,7,3,5,13,0,496,1,12,-1,1
0019.txt,6,64,10,7,3,10,8,0,173,1,1,3,0
0019.txt,6,64,10,7,3,5,13,0,496,1,11,-1,0
0019.txt,6,67,8,7,0,7,7,3,70,1,1,1,0
0019.txt,6,71,7,7,0,1,12,0,415,1,11,-1,0
0019.txt,6,72,7,8,0,1,12,0,415,1,10,90,1
0019.txt,6,78,5,16,0,4,6,0,383,1,11,-1,0
0019.txt,6,78,5,16,0,1,13,0,477,1,7,32,0
0019.txt,6,79,4,16,0,4,6,0,383,1,10,45,0
0019.txt,6,79,4,16,0,1,13,0,477,1,6,28,0
0019.txt,6,80,3,16,1,4,6,0,383,1,11,-1,0
0019.txt,6,80,3,16,1,1,13,0,477,1,5,18,0
0019.txt,6,81,3,14,0,4,6,0,383,1,9,47,1
0019.txt,6,81,3,14,0,1,13,0,477,1,3,10,1
0019.txt,6,82,4,14,1,4,6,0,383,1,8,39,0
0019.txt,6,82,4,14,1,1,13,0,477,1,4,15,0
0019.txt,6,85,4,14,0,4,6,0,383,1,8,39,0
0019.txt,6,86,4,13,0,4,6,0,383,1,7,33,0
0019.txt,6,87,7,10,0,1,12,0,415,1,8,79,0
0019.txt,6,88,6,10,0,1,12,0,415,1,7,66,1
0019.txt,6,89,4,10,2,1,12,0,415,1,5,37,0
0019.txt,6,90,3,10,3,1,13,0,409,1,5,22,1
0019.txt,6,90,3,10,3,1,12,0,415,1,4,35,1
0019.txt,6,91,3,10,2,1,13,0,409,1,5,19,0
0019.txt,6,91,3,10,2,1,12,0,415,1,4,32,0
0019.txt,6,92,1,10,2,1,12,0,415,1,2,7,1
0019.txt,6,97,2,11,0,2,6,0,617,1,5,13,0
0019.txt,6,100,0,18,0,3,16,0,388,1,5,10,0
0019.txt,6,101,0,17,0,3,16,0,388,1,4,9,0
0019.txt,6,102,1,17,0,3,16,0,388,1,3,9,1
0019.txt,6,105,1,16,0,4,17,0,132,1,4,5,1
0019.txt,6,105,1,16,0,3,16,0,388,1,2,1,1
0019.txt,6,106,2,16,0,4,17,0,132,1,3,4,1
0019.txt,6,106,2,16,0,3,16,0,388,1,1,1,1
0019.txt,6,109,2,10,2,2,6,0,617,1,4,11,1
0019.txt,6,113,4,19,0,2,16,0,125,1,5,9,0
0019.txt,6,113,4,19,0,2,7,0,271,1,14,-1,0
0019.txt,6,114,3,19,0,2,16,0,125,1,4,7,1
0019.txt,6,114,3,19,0,2,19,0,252,1,1,2,1
0019.txt,6,114,3,19,0,2,7,0,271,1,13,-1,1
0019.txt,6,115,2,19,0,3,18,0,119,1,2,2,0
0019.txt,6,115,2,19,0,2,16,0,125,1,3,5,0
0019.txt,6,115,2,19,0,3,12,0,128,1,8,11,0
0019.txt,6,115,2,19,0,2,7,0,271,1,12,-1,0
0019.txt,6,117,2,18,1,2,16,1,125,1,2,3,0
0019.txt,6,117,2,18,1,3,12,0,128,1,7,8,0
0019.txt,6,117,2,18,1,2,7,0,271,1,11,-1,0
0019.txt,6,118,2,17,1,2,16,1,125,1,1,2,1
0019.txt,6,118,2,17,1,3,12,0,128,1,6,7,1
0019.txt,6,118,2,17,1,3,11,0,249,1,7,15,1
0019.txt,6,118,2,17,1,2,7,0,271,1,10,22,1
0019.txt,6,119,2,16,3,3,12,0,128,1,5,6,1
0019.txt,6,119,2,16,3,2,7,0,271,1,9,21,1
0019.txt,6,120,2,16,2,3,12,0,128,1,5,7,0
0019.txt,6,120,2,16,2,3,11,0,249,1,6,15,0
0019.txt,6,120,2,16,2,2,7,0,271,1,9,22,0
0019.txt,6,122,2,14,2,2,13,0,124,1,1,1,0
0019.txt,6,123,2,13,3,3,12,0,128,1,2,3,0
0019.txt,6,123,2,13,3,3,11,0,249,1,3,10,0
0019.txt,6,123,2,13,3,2,7,0,271,1,6,13,0
0019.txt,6,125,3,13,1,3,12,0,128,1,1,2,1
0019.txt,6,125,3,13,1,2,7,0,271,1,7,26,1
0019.txt,6,126,3,13,0,3,12,0,128,1,1,1,1
0019.txt,6,126,3,13,0,3,11,0,249,1,2,8,1
0019.txt,6,126,3,13,0,2,7,0,271,1,7,23,1
0019.txt,6,127,3,12,1,3,11,0,249,1,1,3,0
0019.txt,6,127,3,12,1,2,7,0,271,1,6,17,0
0019.txt,6,128,3,11,2,2,7,0,271,1,5,13,0
0019.txt,6,130,4,17,0,11,17,0,176,1,9,22,0
0019.txt,6,131,4,16,0,11,17,0,176,1,8,22,1
0019.txt,6,144,10,2,0,10,3,0,146,1,1,2,0
0019.txt,6,147,13,4,0,13,7,0,165,1,3,2,0
0019.txt,6,147,13,4,0,9,10,0,429,1,10,68,0
0019.txt,6,148,13,5,0,13,7,0,165,1,2,2,1
0019.txt,6,148,13,5,0,9,10,0,429,1,9,68,1
0019.txt,6,149,13,6,0,13,7,0,165,1,1,6,0
0019.txt,6,149,13,6,0,13,10,0,168,1,4,33,0
0019.txt,6,149,13,6,0,9,10,0,429,1,8,71,0
0019.txt,6,151,13,7,0,13,10,0,168,1,3,4,0
0019.txt,6,151,13,7,0,9,8,0,427,1,5,10,0
0019.txt,6,151,13,7,0,9,10,0,429,1,7,57,0
0019.txt,6,152,13,8,0,13,10,0,168,1,2,1,0
0019.txt,6,152,13,8,0,9,8,0,427,1,4,12,0
0019.txt,6,152,13,8,0,9,10,0,429,1,6,57,0
0019.txt,6,153,17,8,0,13,10,0,168,1,6,47,0
0019.txt,6,153,17,8,0,9,10,0,429,1,10,71,0
0019.txt,6,153,17,8,0,14,8,2,440,1,3,2,0
0019.txt,6,154,16,8,0,13,10,0,168,1,5,48,0
0019.txt,6,154,16,8,0,19,13,0,297,1,8,46,0
0019.txt,6,154,16,8,0,9,10,0,429,1,9,58,0
0019.txt,6,157,14,14,0,15,8,0,351,1,7,58,0
0019.txt,6,157,14,14,0,19,14,0,384,1,5,25,0
0019.txt,6,158,14,13,0,15,8,0,351,1,6,51,1
0019.txt,6,158,14,13,0,19,14,0,384,1,6,42,1
0019.txt,6,160,14,12,0,15,8,0,351,1,5,26,0
0019.txt,6,160,14,12,0,11,11,0,364,1,4,35,0
0019.txt,6,160,14,12,0,15,9,0,366,1,4,11,0
0019.txt,6,160,14,12,0,17,16,0,370,1,7,44,0
0019.txt,6,160,14,12,0,19,14,0,384,1,7,32,0
0019.txt,6,160,14,12,0,12,11,0,513,1,3,13,0
0019.txt,6,160,14,12,0,1,7,0,586,1,18,-1,0
0019.txt,6,160,14,12,0,14,11,0,588,1,1,2,0
0019.txt,6,162,15,9,0,7,12,0,434,1,11,-1,0
0019.txt,6,163,14,9,0,7,12,0,434,1,10,64,0
0019.txt,6,164,14,8,3,13,10,0,168,1,3,20,0
0019.txt,6,164,14,8,3,9,8,0,427,1,5,42,0
0019.txt,6,164,14,8,3,9,10,0,429,1,7,65,0
0019.txt,6,165,14,9,3,13,10,0,168,1,2,1,1
0019.txt,6,165,14,9,3,9,8,0,427,1,6,21,1
0019.txt,6,165,14,9,3,9,10,0,429,1,6,57,1
0019.txt,6,166,14,9,2,13,10,0,168,1,2,13,0
0019.txt,6,166,14,9,2,9,8,0,427,1,6,54,0
0019.txt,6,166,14,9,2,9,10,0,429,1,6,55,0
0019.txt,6,168,14,10,3,9,8,0,427,1,7,39,0
0019.txt,6,168,14,10,3,9,10,0,429,1,5,28,0
0019.txt,6,170,10,8,2,5,13,0,496,1,10,76,0
0019.txt,6,170,10,8,2,19,18,0,599,1,19,-1,0
0019.txt,6,171,9,8,3,5,13,0,496,1,9,77,0
0019.txt,6,172,9,9,3,5,13,0,496,1,8,57,0
0019.txt,6,172,9,9,3,19,18,0,599,1,19,-1,0
0019.txt,6,173,9,10,2,5,13,0,496,1,7,56,1
0019.txt,6,174,14,10,3,9,8,0,427,1,7,37,0
0019.txt,6,174,14,10,3,9,9,0,429,1,6,42,0
0019.txt,6,177,14,13,0,16,13,0,221,1,2,8,0
0019.txt,6,182,18,9,0,19,13,0,297,1,5,16,0
0019.txt,6,183,19,13,0,13,5,0,398,1,14,-1,0
0019.txt,6,184,19,14,0,13,5,0,398,1,15,-1,0
0019.txt,6,188,17,14,0,18,7,0,202,1,8,41,0
0019.txt,6,188,17,14,0,12,8,0,535,1,11,-1,0
0019.txt,6,189,18,14,1,18,7,0,202,1,7,32,0
0019.txt,6,189,18,14,1,13,5,0,398,1,14,-1,0
0019.txt,6,189,18,14,1,12,8,0,535,1,12,-1,0
0019.txt,6,190,18,13,1,18,7,0,202,1,6,29,1
0019.txt,6,190,18,13,1,14,6,0,394,1,11,-1,1
0019.txt,6,190,18,13,1,13,5,0,398,1,13,-1,1
0019.txt,6,190,18,13,1,12,8,0,535,1,11,-1,1
0019.txt,6,191,18,12,2,18,7,0,202,1,5,19,0
0019.txt,6,191,18,12,2,13,5,0,398,1,12,-1,0
0019.txt,6,191,18,12,2,12,8,0,535,1,10,43,0
0019.txt,6,192,18,11,2,14,6,0,394,1,9,30,1
0019.txt,6,192,18,11,2,13,5,0,398,1,11,-1,1
0019.txt,6,193,18,10,2,14,6,0,394,1,8,25,0
0019.txt,6,193,18,10,2,13,5,0,398,1,10,59,0
0019.txt,6,196,19,11,0,18,8,5,202,1,4,4,0
0019.txt,6,196,19,11,0,18,11,0,206,1,1,1,0
0019.txt,6,196,19,11,0,15,13,1,229,1,6,10,0
0019.txt,6,196,19,11,0,1,7,0,586,1,22,-1,0
0019.txt,6,197,18,8,3,19,17,0,219,1,12,-1,0
0019.txt,6,197,18,8,3,14,6,0,394,1,6,16,0
0019.txt,6,197,18,8,3,13,5,0,398,1,8,28,0
0019.txt,6,199,16,12,0,19,18,0,539,1,9,48,0
0019.txt,6,199,16,12,0,16,13,0,568,1,1,3,0
0019.txt,6,200,18,11,2,19,17,0,219,1,9,32,0
0019.txt,6,200,18,11,2,1,7,0,586,1,21,-1,0
0019.txt,6,202,17,12,2,19,17,0,219,1,7,21,1
0019.txt,6,202,17,12,2,1,7,0,586,1,21,-1,1
0019.txt,6,203,17,12,1,12,8,0,535,1,9,36,0
0019.txt,6,203,17,12,1,1,7,0,586,1,21,-1,0
0019.txt,6,206,16,12,1,12,8,0,535,1,8,27,1
0019.txt,6,206,16,12,1,1,7,0,586,1,20,-1,1
0019.txt,6,207,16,12,0,15,13,1,229,1,2,3,1
0019.txt,6,207,16,12,0,1,7,0,586,1,20,-1,1
0019.txt,6,210,19,18,0,15,13,1,229,1,9,12,0
0019.txt,6,212,18,18,0,16,18,0,216,1,2,2,0
0019.txt,6,212,18,18,0,16,13,0,568,1,7,7,0
0019.txt,6,213,18,18,0,16,18,0,216,1,2,3,0
0019.txt,6,213,18,18,0,15,13,1,229,1,8,10,0
0019.txt,6,216,16,17,3,16,13,0,568,1,4,1,0
0019.txt,6,218,16,12,0,16,13,0,568,1,1,2,1
0019.txt,6,220,16,13,0,15,13,0,229,2,1,1,0
0019.txt,6,224,14,10,2,9,8,0,427,1,7,53,0
0019.txt,6,224,14,10,2,9,9,0,429,1,6,32,0
0019.txt,6,226,13,11,3,9,8,0,427,1,7,50,0
0019.txt,6,226,13,11,3,9,9,0,429,1,6,28,0
0019.txt,6,232,0,4,0,2,4,0,236,1,2,3,0
0019.txt,6,232,0,4,0,7,5,1,239,1,8,20,0
0019.txt,6,234,1,4,0,7,5,2,239,1,7,18,0
0019.txt,6,234,1,4,0,4,5,0,268,1,4,10,0
0019.txt,6,235,2,4,2,7,5,3,239,1,6,15,0
0019.txt,6,235,2,4,2,4,5,0,267,2,3,4,0
0019.txt,6,235,2,4,2,2,7,0,271,1,3,8,0
0019.txt,6,236,2,5,3,7,5,3,239,1,5,9,1
0019.txt,6,236,2,5,3,2,7,0,271,1,2,6,1
0019.txt,6,237,2,5,1,7,5,3,239,1,5,10,0
0019.txt,6,237,2,5,1,4,5,0,267,2,2,2,0
0019.txt,6,237,2,5,1,2,7,0,271,1,2,6,0
0019.txt,6,239,3,5,1,2,7,0,271,1,3,9,0
0019.txt,6,240,3,5,0,2,7,0,271,1,3,5,1
0019.txt,6,241,3,5,0,2,7,0,271,1,3,6,0
0019.txt,6,244,3,7,2,2,7,0,271,1,1,1,0
0019.txt,6,248,3,11,2,2,7,0,271,1,5,11,0
0019.txt,6,249,3,10,3,2,7,0,271,1,4,7,0
0019.txt,6,250,3,10,2,2,7,0,271,1,4,6,0
0019.txt,6,251,1,10,1,2,7,0,271,1,4,6,1
0019.txt,6,252,1,11,1,2,7,0,271,1,5,7,1
0019.txt,6,253,1,7,0,2,7,0,271,1,1,1,1
0019.txt,6,255,2,5,0,3,5,0,268,1,1,1,0
0019.txt,6,255,2,5,0,14,5,0,485,1,14,-1,0
0019.txt,6,259,2,0,0,7,3,0,335,1,8,14,0
0019.txt,6,259,2,0,0,8,15,4,459,1,21,-1,0
0019.txt,6,260,2,1,0,7,3,0,335,1,7,19,0
0019.txt,6,260,2,1,0,7,5,0,442,1,9,13,0
0019.txt,6,260,2,1,0,3,7,0,448,1,7,6,0
0019.txt,6,260,2,1,0,8,15,5,459,1,20,-1,0
0019.txt,6,260,2,1,0,14,11,4,621,1,22,-1,0
0019.txt,6,262,1,1,0,7,3,0,335,1,8,17,0
0019.txt,6,262,1,1,0,7,5,1,442,1,10,12,0
0019.txt,6,262,1,1,0,8,15,6,459,1,21,-1,0
0019.txt,6,263,2,1,0,7,3,0,335,1,7,18,1
0019.txt,6,263,2,1,0,7,5,1,442,1,9,12,1
0019.txt,6,263,2,1,0,8,15,6,459,1,20,-1,1
0019.txt,6,264,3,5,2,7,3,0,335,1,6,14,0
0019.txt,6,264,3,5,2,14,5,0,485,1,13,-1,0
0019.txt,6,272,3,7,2,4,7,0,275,1,1,5,0
0019.txt,6,272,3,7,2,3,8,0,279,1,1,1,0
0019.txt,6,273,3,8,3,4,7,0,275,1,2,7,0
0019.txt,6,281,3,1,1,7,3,0,335,1,6,8,1
0019.txt,6,281,3,1,1,8,15,7,459,1,19,-1,1
0019.txt,6,281,3,1,1,14,5,0,485,1,15,-1,1
0019.txt,6,282,4,1,1,7,3,0,335,1,5,7,1
0019.txt,6,282,4,1,1,8,15,7,459,1,18,-1,1
0019.txt,6,284,5,1,2,7,3,0,335,1,4,5,0
0019.txt,6,284,5,1,2,8,15,7,459,1,17,-1,0
0019.txt,6,284,5,1,2,14,5,0,485,1,13,-1,0
0019.txt,6,285,6,1,2,7,3,0,335,1,3,6,1
0019.txt,6,285,6,1,2,8,15,7,459,1,16,-1,1
0019.txt,6,286,7,1,3,7,3,0,335,1,2,3,0
0019.txt,6,286,7,1,3,8,15,7,459,1,15,-1,0
0019.txt,6,286,7,1,3,14,5,0,485,1,11,-1,0
0019.txt,6,288,7,1,1,7,3,0,335,1,2,4,0
0019.txt,6,288,7,1,1,8,15,7,459,1,15,-1,0
0019.txt,6,289,7,2,2,7,3,0,335,1,1,4,0
0019.txt,6,289,7,2,2,8,15,7,459,1,14,-1,0
0019.txt,6,290,7,3,3,8,15,7,459,1,13,-1,0
0019.txt,6,297,16,8,3,14,6,0,394,1,4,8,1
0019.txt,6,297,16,8,3,13,5,0,398,1,6,40,1
0019.txt,6,302,17,6,0,13,5,0,398,1,5,23,0
0019.txt,6,304,17,3,0,13,5,0,398,1,6,21,0
0019.txt,6,305,17,4,0,13,5,0,398,1,5,8,0
0019.txt,6,306,16,4,0,13,5,0,398,1,4,16,0
0019.txt,6,307,16,1,0,13,5,0,398,1,7,12,0
0019.txt,6,310,16,8,2,14,6,0,394,1,4,5,0
0019.txt,6,310,16,8,2,13,5,0,398,1,6,33,0
0019.txt,6,312,16,6,2,14,6,0,394,1,2,2,1
0019.txt,6,312,16,6,2,13,5,0,398,1,4,20,1
0019.txt,6,317,15,7,0,9,8,0,500,1,7,21,0
0019.txt,6,321,18,3,0,19,1,0,331,1,3,3,0
0019.txt,6,321,18,3,0,17,4,0,353,1,2,5,0
0019.txt,6,321,18,3,0,14,5,0,485,1,6,8,0
0019.txt,6,327,18,4,2,17,4,0,353,1,1,1,1
0019.txt,6,327,18,4,2,14,3,0,481,1,5,5,1
0019.txt,6,327,18,4,2,14,5,0,485,1,5,8,1
0019.txt,6,328,17,4,3,14,3,0,481,1,4,4,0
0019.txt,6,328,17,4,3,14,5,0,485,1,4,5,0
0019.txt,6,329,16,4,3,14,5,0,485,1,3,8,0
0019.txt,6,330,15,4,3,14,3,0,481,1,2,3,1
0019.txt,6,330,15,4,3,14,5,0,485,1,2,4,1
0019.txt,6,331,14,4,2,15,4,0,353,1,1,1,1
0019.txt,6,331,14,4,2,14,3,0,481,1,1,4,1
0019.txt,6,331,14,4,2,14,5,0,485,1,1,5,1
0019.txt,6,332,14,11,3,11,11,0,364,1,3,4,0
0019.txt,6,332,14,11,3,12,12,2,384,1,3,3,0
0019.txt,6,332,14,11,3,7,12,0,434,1,8,30,0
0019.txt,6,335,7,4,3,8,15,7,459,1,12,-1,1
0019.txt,6,336,7,4,2,8,15,7,459,1,12,-1,1
0019.txt,6,339,7,0,0,14,5,0,485,1,12,-1,0
0019.txt,6,340,8,0,0,14,5,0,485,1,11,-1,1
0019.txt,6,346,9,0,1,14,5,0,485,1,10,15,0
0019.txt,6,347,9,1,1,14,5,0,485,1,9,19,0
0019.txt,6,350,9,4,1,14,5,0,485,1,6,20,1
0019.txt,6,351,14,11,2,11,11,0,364,1,3,9,1
0019.txt,6,351,14,11,2,12,12,2,384,1,3,3,1
0019.txt,6,351,14,11,2,7,12,0,434,1,8,26,1
0019.txt,6,352,14,11,1,11,11,0,364,1,3,9,0
0019.txt,6,352,14,11,1,12,12,2,384,1,3,3,0
0019.txt,6,352,14,11,1,7,12,0,434,1,8,27,0
0019.txt,6,352,14,11,1,12,11,0,513,1,2,4,0
0019.txt,6,353,14,4,3,14,5,0,485,1,1,1,0
0019.txt,6,358,13,15,0,12,13,0,372,1,3,3,1
0019.txt,6,358,13,15,0,9,8,0,500,1,11,-1,1
0019.txt,6,359,12,15,0,12,13,0,372,1,2,3,1
0019.txt,6,359,12,15,0,9,8,0,500,1,10,37,1
0019.txt,6,360,12,14,1,12,13,0,372,1,1,1,0
0019.txt,6,360,12,14,1,9,8,0,500,1,9,47,0
0019.txt,6,364,13,11,3,12,12,2,384,1,2,2,0
0019.txt,6,364,13,11,3,12,11,0,513,1,1,4,0
0019.txt,6,365,13,11,2,12,12,2,384,1,2,1,1
0019.txt,6,365,13,11,2,12,11,0,513,1,1,3,1
0019.txt,6,366,12,11,2,12,12,2,384,1,1,1,0
0019.txt,6,366,12,11,2,7,12,0,434,1,6,16,0
0019.txt,6,371,12,13,2,9,8,0,500,1,8,48,0
0019.txt,6,372,12,12,3,9,8,0,500,1,7,34,0
0019.txt,6,374,12,12,2,9,8,0,500,1,7,22,0
0019.txt,6,375,14,12,0,9,8,0,500,1,9,36,1
0019.txt,6,376,16,11,3,16,10,0,543,1,1,2,0
0019.txt,6,378,15,12,3,9,8,0,500,1,10,42,0
0019.txt,6,379,4,13,1,5,13,0,381,1,1,1,0
0019.txt,6,389,16,3,2,13,5,0,398,1,5,2,0
0019.txt,6,391,16,5,2,13,5,0,398,1,3,2,1
0019.txt,6,392,15,5,3,13,5,0,398,1,2,5,0
0019.txt,6,397,13,7,3,10,7,0,417,1,3,2,0
0019.txt,6,400,11,7,3,10,7,0,417,1,1,1,1
0019.txt,6,406,12,9,2,9,8,0,427,1,4,27,1
0019.txt,6,406,12,9,2,9,9,0,429,1,3,10,1
0019.txt,6,413,9,9,0,15,5,0,526,1,10,59,0
0019.txt,6,414,9,12,0,8,15,4,459,1,4,10,0
0019.txt,6,414,9,12,0,15,5,0,526,1,13,-1,0
0019.txt,6,425,12,8,3,9,8,0,427,1,3,10,0
0019.txt,6,425,12,8,3,9,9,0,429,1,4,19,0
0019.txt,6,426,9,8,2,9,9,0,429,1,1,4,0
0019.txt,6,430,15,9,0,15,5,0,526,1,4,9,0
0019.txt,6,431,7,5,3,7,4,7,444,1,1,1,0
0019.txt,6,431,7,5,3,8,15,7,459,1,11,-1,0
0019.txt,6,432,7,7,2,8,15,7,459,1,9,45,0
0019.txt,6,433,7,8,3,7,4,7,444,1,4,5,1
0019.txt,6,433,7,8,3,8,15,7,459,1,8,42,1
0019.txt,6,442,7,10,3,8,15,6,459,1,6,20,1
0019.txt,6,444,7,10,3,8,15,5,459,1,6,18,1
0019.txt,6,448,7,10,3,8,15,5,459,1,6,20,1
0019.txt,6,448,7,10,3,6,15,0,631,1,6,18,1
0019.txt,6,449,7,12,3,9,12,6,451,1,2,4,0
0019.txt,6,460,5,12,0,8,12,1,463,1,3,7,1
0019.txt,6,460,5,12,0,5,11,0,466,1,1,2,1
0019.txt,6,467,12,11,3,7,8,3,586,1,8,29,1
0019.txt,6,469,7,12,0,6,5,0,515,1,8,19,0
0019.txt,6,475,7,12,0,6,11,0,479,1,2,3,0
0019.txt,6,476,6,12,2,6,11,0,479,1,1,1,0
0019.txt,6,480,9,4,0,14,5,0,485,1,6,17,0
0019.txt,6,481,14,4,2,14,5,0,485,1,1,3,0
0019.txt,6,483,13,4,0,14,5,0,485,1,2,7,1
0019.txt,6,488,7,8,0,6,9,4,494,1,2,2,0
0019.txt,6,489,7,9,0,6,9,4,494,1,1,1,1
0019.txt,6,490,7,9,0,6,9,2,494,1,1,1,1
0019.txt,6,497,15,10,1,15,9,2,500,1,1,6,0
0019.txt,6,497,15,10,1,12,8,1,527,1,5,9,0
0019.txt,6,498,15,9,3,12,8,1,527,1,4,7,0
0019.txt,6,499,15,9,2,12,8,1,527,1,4,6,1
0019.txt,6,500,15,7,3,12,8,1,527,1,4,5,0
0019.txt,6,501,15,7,2,12,8,1,527,1,4,4,1
0019.txt,6,505,15,12,0,7,9,0,586,1,11,-1,0
0019.txt,6,508,12,11,3,7,9,0,586,1,7,26,0
0019.txt,6,509,14,12,0,7,9,0,586,1,10,27,0
0019.txt,6,512,12,11,3,7,9,0,586,1,7,28,0
0019.txt,6,513,11,11,3,7,9,0,586,1,6,25,1
0019.txt,6,519,12,8,1,15,9,1,522,1,4,6,0
0019.txt,6,520,12,7,3,15,9,1,522,1,5,7,0
0019.txt,6,522,15,7,0,15,5,0,526,1,2,5,0
0019.txt,6,539,16,11,1,16,10,0,543,1,1,1,1
0019.txt,6,539,16,11,1,15,9,0,568,1,3,4,1
0019.txt,6,540,16,11,0,16,10,0,543,1,1,3,0
0019.txt,6,540,16,11,0,15,9,0,568,1,3,4,0
0019.txt,6,542,16,10,2,15,9,0,568,1,2,2,0
0019.txt,6,543,15,10,3,15,9,0,568,1,1,1,0
0019.txt,6,560,15,10,2,15,9,0,568,1,1,1,0
0019.txt,6,578,8,9,3,8,6,3,614,1,3,3,1
0019.txt,6,579,8,6,3,2,6,0,617,1,6,9,1
0019.txt,6,585,7,10,3,7,15,0,633,1,5,9,1
0019.txt,6,594,7,10,3,9,10,5,602,1,4,4,0
0019.txt,6,594,7,10,3,7,15,0,633,1,5,14,0
0019.txt,6,595,2,10,3,2,6,0,617,1,4,3,0
0019.txt,6,597,9,11,2,8,11,0,599,1,1,1,1
0019.txt,6,602,7,10,3,7,15,0,633,1,5,12,0
0019.txt,6,604,7,15,0,7,14,0,631,1,1,1,0
0019.txt,6,609,2,10,3,2,6,0,617,1,4,3,1
0019.txt,6,612,2,10,3,2,6,0,617,1,4,2,1
0019.txt,6,620,7,10,3,7,13,0,633,1,3,2,1
0019.txt,6,621,7,10,3,7,14,0,631,1,4,5,0
0019.txt,6,621,7,10,3,7,13,0,633,1,3,3,0
0019.txt,6,623,8,6,0,7,9,0,629,1,4,4,0
0019.txt,6,624,8,7,0,7,9,0,629,1,3,2,1
0019.txt,6,625,8,8,1,7,9,1,629,1,2,1,0
0019.txt,6,626,7,8,1,7,9,1,629,1,1,1,1
0019.txt,8,10,9,12,0,11,18,0,176,1,8,69,0
0019.txt,8,10,9,12,0,5,13,0,414,1,5,46,0
0019.txt,8,10,9,12,0,9,14,0,459,1,2,11,0
0019.txt,8,11,9,14,0,11,18,0,176,1,6,31,0
0019.txt,8,13,11,18,0,3,16,0,388,1,10,46,0
0019.txt,8,15,14,19,0,12,16,0,611,1,5,9,0
0019.txt,8,16,13,19,0,12,16,0,611,1,4,2,0
0019.txt,8,17,13,18,0,12,16,0,611,1,3,1,0
0019.txt,8,18,13,16,0,12,16,0,611,1,1,1,1
0019.txt,8,30,5,2,0,5,5,0,238,1,3,5,0
0019.txt,8,32,4,2,0,5,3,0,35,1,2,1,0
0019.txt,8,32,4,2,0,5,5,0,238,1,4,6,0
0019.txt,8,33,5,2,0,5,3,0,35,1,1,1,1
0019.txt,8,33,5,2,0,5,5,0,238,1,3,4,1
0019.txt,8,34,5,3,0,2,5,0,38,1,5,14,0
0019.txt,8,34,5,3,0,5,5,0,238,1,2,2,0
0019.txt,8,35,5,4,0,2,5,0,38,1,4,8,0
0019.txt,8,35,5,4,0,5,5,0,39,2,1,1,0
0019.txt,8,38,2,4,0,5,4,1,239,1,3,5,0
0019.txt,8,40,7,4,0,1,12,0,415,1,14,-1,1
0019.txt,8,41,7,5,0,1,12,0,415,1,13,-1,1
0019.txt,8,43,7,6,0,1,12,0,415,1,12,-1,0
0019.txt,8,44,6,6,0,1,12,0,415,1,11,-1,0
0019.txt,8,45,6,7,0,1,12,0,415,1,10,85,0
0019.txt,8,47,15,1,0,16,0,0,49,1,2,2,0
0019.txt,8,49,16,1,0,10,3,0,398,1,8,26,0
0019.txt,8,53,12,1,0,10,8,0,173,1,9,54,1
0019.txt,8,53,12,1,0,5,13,0,496,1,19,-1,1
0019.txt,8,55,12,2,0,10,8,0,173,1,8,56,0
0019.txt,8,55,12,2,0,5,13,0,496,1,18,-1,0
0019.txt,8,56,12,3,0,10,8,0,173,1,7,57,0
0019.txt,8,56,12,3,0,5,13,0,496,1,17,-1,0
0019.txt,8,56,12,3,0,19,18,0,599,1,22,-1,0
0019.txt,8,58,12,4,0,10,8,0,173,1,6,58,0
0019.txt,8,58,12,4,0,5,13,0,496,1,16,-1,0
0019.txt,8,58,12,4,0,19,18,0,599,1,21,-1,0
0019.txt,8,59,12,5,0,10,8,0,173,1,5,49,0
0019.txt,8,59,12,5,0,5,13,0,496,1,15,-1,0
0019.txt,8,59,12,5,0,19,18,0,599,1,20,-1,0
0019.txt,8,60,12,6,0,10,8,0,173,1,4,41,1
0019.txt,8,60,12,6,0,5,13,0,496,1,14,-1,1
0019.txt,8,60,12,6,0,19,18,0,599,1,19,-1,1
0019.txt,8,61,12,7,0,10,8,0,173,1,3,29,0
0019.txt,8,61,12,7,0,5,13,0,496,1,13,-1,0
0019.txt,8,61,12,7,0,19,18,0,599,1,18,-1,0
0019.txt,8,62,11,7,1,10,8,0,173,1,2,15,1
0019.txt,8,62,11,7,1,5,13,0,496,1,12,-1,1
0019.txt,8,62,11,7,1,19,18,0,599,1,19,-1,1
0019.txt,8,64,10,7,1,10,8,0,173,1,1,3,0
0019.txt,8,64,10,7,1,5,13,0,496,1,11,-1,0
0019.txt,8,64,10,7,1,19,18,0,599,1,20,-1,0
0019.txt,8,67,8,7,0,7,7,1,70,1,1,1,0
0019.txt,8,68,7,7,1,1,12,0,415,1,11,-1,1
0019.txt,8,71,7,7,0,1,12,0,415,1,11,-1,0
0019.txt,8,72,7,8,0,1,12,0,415,1,10,90,1
0019.txt,8,78,5,16,0,4,6,0,383,1,11,-1,0
0019.txt,8,78,5,16,0,1,13,0,477,1,7,32,0
0019.txt,8,79,4,16,0,4,6,0,383,1,10,45,0
0019.txt,8,79,4,16,0,1,13,0,477,1,6,28,0
0019.txt,8,80,3,16,0,4,6,0,383,1,11,-1,0
0019.txt,8,80,3,16,0,1,13,0,477,1,5,15,0
0019.txt,8,81,3,14,0,4,6,0,383,1,9,47,1
0019.txt,8,81,3,14,0,1,13,0,477,1,3,10,1
0019.txt,8,82,4,14,0,4,6,0,383,1,8,39,0
0019.txt,8,82,4,14,0,1,13,0,409,2,4,15,0
0019.txt,8,82,4,14,0,1,12,0,415,1,5,44,0
0019.txt,8,85,4,14,0,4,6,0,383,1,8,39,0
0019.txt,8,86,4,13,0,4,6,0,383,1,7,33,0
0019.txt,8,87,7,10,0,1,12,0,415,1,8,79,0
0019.txt,8,88,6,10,0,1,12,0,415,1,7,66,1
0019.txt,8,89,4,10,0,1,13,0,409,1,6,29,0
0019.txt,8,89,4,10,0,1,12,0,415,1,5,44,0
0019.txt,8,90,3,10,1,1,13,0,409,1,5,22,1
0019.txt,8,90,3,10,1,1,12,0,415,1,4,35,1
0019.txt,8,91,3,10,0,1,13,0,409,1,5,24,0
0019.txt,8,91,3,10,0,1,12,0,415,1,4,12,0
0019.txt,8,92,1,10,0,1,13,0,409,1,3,5,1
0019.txt,8,92,1,10,0,1,12,0,415,1,2,12,1
0019.txt,8,97,2,11,0,2,6,0,617,1,5,13,0
0019.txt,8,100,0,18,0,3,16,0,388,1,5,10,0
0019.txt,8,101,0,17,0,3,16,0,388,1,4,9,0
0019.txt,8,102,1,17,0,3,16,0,388,1,3,9,1
0019.txt,8,105,1,16,0,4,17,0,132,1,4,5,1
0019.txt,8,105,1,16,0,3,16,0,388,1,2,1,1
0019.txt,8,106,2,16,0,4,17,0,132,1,3,4,1
0019.txt,8,106,2,16,0,3,16,0,388,1,1,1,1
0019.txt,8,108,2,9,0,3,16,0,388,1,8,20,0
0019.txt,8,109,2,10,0,2,6,0,617,1,4,11,1
0019.txt,8,113,4,19,0,2,16,0,125,1,5,9,0
0019.txt,8,113,4,19,0,2,7,0,271,1,14,-1,0
0019.txt,8,114,3,19,0,2,16,0,125,1,4,7,1
0019.txt,8,114,3,19,0,2,19,0,252,1,1,2,1
0019.txt,8,114,3,19,0,2,7,0,271,1,13,-1,1
0019.txt,8,115,2,19,0,3,18,0,119,1,2,2,0
0019.txt,8,115,2,19,0,2,16,0,125,1,3,5,0
0019.txt,8,115,2,19,0,3,12,0,128,1,8,11,0
0019.txt,8,115,2,19,0,2,7,0,271,1,12,-1,0
0019.txt,8,117,2,18,0,2,16,0,125,1,2,3,0
0019.txt,8,117,2,18,0,3,12,0,128,1,7,9,0
0019.txt,8,117,2,18,0,3,11,0,249,1,8,15,0
0019.txt,8,117,2,18,0,2,7,0,271,1,11,-1,0
0019.txt,8,118,2,17,0,2,16,0,125,1,1,2,1
0019.txt,8,118,2,17,0,3,12,0,128,1,6,8,1
0019.txt,8,118,2,17,0,3,11,0,249,1,7,15,1
0019.txt,8,118,2,17,0,2,7,0,271,1,10,23,1
0019.txt,8,119,2,16,1,3,12,0,128,1,5,7,1
0019.txt,8,119,2,16,1,3,11,0,249,1,6,18,1
0019.txt,8,119,2,16,1,2,7,0,271,1,9,23,1
0019.txt,8,120,2,16,0,3,12,0,128,1,5,8,0
0019.txt,8,120,2,16,0,3,11,0,249,1,6,19,0
0019.txt,8,120,2,16,0,2,7,0,271,1,9,24,0
0019.txt,8,122,2,14,0,2,13,0,124,1,1,1,0
0019.txt,8,122,2,14,0,3,12,0,128,1,3,6,0
0019.txt,8,122,2,14,0,3,11,0,249,1,4,15,0
0019.txt,8,122,2,14,0,2,7,0,271,1,7,22,0
0019.txt,8,123,2,13,1,3,12,0,128,1,2,4,0
0019.txt,8,123,2,13,1,3,11,0,249,1,3,12,0
0019.txt,8,123,2,13,1,2,7,0,271,1,6,15,0
0019.txt,8,124,3,13,1,3,12,0,128,1,1,2,1
0019.txt,8,124,3,13,1,2,7,0,271,1,7,26,1
0019.txt,8,125,3,13,0,3,12,0,128,1,1,1,1
0019.txt,8,125,3,13,0,3,11,0,249,1,2,9,1
0019.txt,8,125,3,13,0,2,7,0,271,1,7,27,1
0019.txt,8,126,3,13,0,3,12,0,128,1,1,1,1
0019.txt,8,126,3,13,0,3,11,0,249,1,2,8,1
0019.txt,8,126,3,13,0,2,7,0,271,1,7,23,1
0019.txt,8,127,3,12,0,3,11,0,249,1,1,4,0
0019.txt,8,127,3,12,0,2,7,0,271,1,6,18,0
0019.txt,8,128,3,11,0,2,7,0,271,1,5,15,0
0019.txt,8,130,4,17,0,11,17,0,176,1,9,22,0
0019.txt,8,131,4,16,0,11,17,0,176,1,8,22,1
0019.txt,8,144,10,2,0,10,3,0,146,1,1,2,0
0019.txt,8,147,13,4,0,13,7,0,165,1,3,2,0
0019.txt,8,147,13,4,0,9,10,0,429,1,10,68,0
0019.txt,8,148,13,5,0,13,7,0,165,1,2,2,1
0019.txt,8,148,13,5,0,9,10,0,429,1,9,68,1
0019.txt,8,149,13,6,0,13,7,0,165,1,1,6,0
0019.txt,8,149,13,6,0,13,10,0,168,1,4,33,0
0019.txt,8,149,13,6,0,9,10,0,429,1,8,71,0
0019.txt,8,151,13,7,0,13,10,0,168,1,3,4,0
0019.txt,8,151,13,7,0,9,8,0,427,1,5,10,0
0019.txt,8,151,13,7,0,9,10,0,429,1,7,58,0
0019.txt,8,152,13,8,0,13,10,0,168,1,2,1,0
0019.txt,8,152,13,8,0,9,8,0,427,1,4,12,0
0019.txt,8,152,13,8,0,9,10,0,429,1,6,57,0
0019.txt,8,153,17,8,0,14,8,0,165,2,3,2,0
0019.txt,8,153,17,8,0,13,10,0,168,1,6,47,0
0019.txt,8,153,17,8,0,9,10,0,429,1,10,71,0
0019.txt,8,154,16,8,0,14,8,1,165,2,2,1,0
0019.txt,8,154,16,8,0,13,10,0,168,1,5,48,0
0019.txt,8,154,16,8,0,19,13,0,297,1,8,46,0
0019.txt,8,154,16,8,0,9,10,0,429,1,9,58,0
0019.txt,8,157,14,14,0,15,8,0,351,1,7,58,0
0019.txt,8,157,14,14,0,19,14,0,384,1,5,26,0
0019.txt,8,158,14,13,0,15,8,0,351,1,6,52,1
0019.txt,8,158,14,13,0,19,14,0,384,1,6,43,1
0019.txt,8,160,14,12,0,15,8,0,351,1,5,26,0
0019.txt,8,160,14,12,0,11,11,0,364,1,4,35,0
0019.txt,8,160,14,12,0,15,9,0,366,1,4,11,0
0019.txt,8,160,14,12,0,17,16,0,370,1,7,45,0
0019.txt,8,160,14,12,0,19,14,0,384,1,7,32,0
0019.txt,8,160,14,12,0,12,11,0,513,1,3,13,0
0019.txt,8,160,14,12,0,1,7,0,586,1,18,-1,0
0019.txt,8,160,14,12,0,14,11,0,588,1,1,2,0
0019.txt,8,162,15,9,0,7,12,0,434,1,11,-1,0
0019.txt,8,163,14,9,0,7,12,0,434,1,10,64,0
0019.txt,8,164,14,8,1,13,10,0,168,1,3,2,0
0019.txt,8,164,14,8,1,9,8,0,427,1,5,14,0
0019.txt,8,164,14,8,1,9,10,0,429,1,7,67,0
0019.txt,8,165,14,9,1,13,10,0,168,1,2,1,1
0019.txt,8,165,14,9,1,9,8,0,427,1,6,21,1
0019.txt,8,165,14,9,1,9,10,0,429,1,6,57,1
0019.txt,8,166,14,9,0,13,10,0,168,1,2,16,0
0019.txt,8,166,14,9,0,9,8,0,427,1,6,63,0
0019.txt,8,166,14,9,0,9,10,0,429,1,6,37,0
0019.txt,8,168,14,10,1,9,8,0,427,1,7,43,0
0019.txt,8,168,14,10,1,9,10,0,429,1,5,31,0
0019.txt,8,170,10,8,0,5,13,0,496,1,10,78,0
0019.txt,8,170,10,8,0,19,18,0,599,1,19,-1,0
0019.txt,8,171,9,8,1,5,13,0,496,1,9,77,0
0019.txt,8,171,9,8,1,19,18,0,599,1,20,-1,0
0019.txt,8,172,9,9,1,5,13,0,496,1,8,66,0
0019.txt,8,172,9,9,1,19,18,0,599,1,19,-1,0
0019.txt,8,173,9,10,0,5,13,0,496,1,7,56,1
0019.txt,8,173,9,10,0,19,18,0,599,1,18,-1,1
0019.txt,8,174,14,10,1,9,8,0,427,1,7,39,0
0019.txt,8,174,14,10,1,9,9,0,429,1,6,45,0
0019.txt,8,177,14,13,0,16,13,0,221,1,2,8,0
0019.txt,8,182,18,9,0,19,13,0,297,1,5,16,0
0019.txt,8,183,19,13,0,13,5,0,398,1,14,-1,0
0019.txt,8,184,19,14,0,13,5,0,398,1,15,-1,0
0019.txt,8,188,17,14,0,18,7,0,202,1,8,41,0
0019.txt,8,188,17,14,0,12,8,0,535,1,11,-1,0
0019.txt,8,189,18,14,0,18,7,0,202,1,7,33,0
0019.txt,8,189,18,14,0,14,6,0,394,1,12,-1,0
0019.txt,8,189,18,14,0,13,5,0,398,1,14,-1,0
0019.txt,8,189,18,14,0,12,8,0,535,1,12,-1,0
0019.txt,8,190,18,13,0,18,7,0,202,1,6,30,1
0019.txt,8,190,18,13,0,14,6,0,394,1,11,-1,1
0019.txt,8,190,18,13,0,13,5,0,398,1,13,-1,1
0019.txt,8,190,18,13,0,12,8,0,535,1,11,-1,1
0019.txt,8,191,18,12,0,18,7,0,202,1,5,19,0
0019.txt,8,191,18,12,0,14,6,0,394,1,10,38,0
0019.txt,8,191,18,12,0,13,5,0,398,1,12,-1,0
0019.txt,8,191,18,12,0,12,8,0,535,1,10,37,0
0019.txt,8,192,18,11,0,18,7,0,202,1,4,13,1
0019.txt,8,192,18,11,0,14,6,0,394,1,9,30,1
0019.txt,8,192,18,11,0,13,5,0,398,1,11,-1,1
0019.txt,8,192,18,11,0,12,8,0,535,1,9,28,1
0019.txt,8,193,18,10,0,18,7,0,197,1,3,19,0
0019.txt,8,193,18,10,0,14,6,0,394,1,8,26,0
0019.txt,8,193,18,10,0,13,5,0,398,1,10,59,0
0019.txt,8,196,19,11,0,18,8,3,202,1,4,4,0
0019.txt,8,196,19,11,0,18,11,0,206,1,1,1,0
0019.txt,8,196,19,11,0,15,13,0,229,1,6,10,0
0019.txt,8,196,19,11,0,1,7,0,586,1,22,-1,0
0019.txt,8,197,18,8,1,19,17,0,219,1,12,-1,0
0019.txt,8,197,18,8,1,14,6,0,394,1,6,16,0
0019.txt,8,197,18,8,1,13,5,0,398,1,8,32,0
0019.txt,8,199,16,12,0,19,18,0,539,1,9,49,0
0019.txt,8,199,16,12,0,16,13,0,568,1,1,3,0
0019.txt,8,200,18,11,0,19,17,0,219,1,9,38,0
0019.txt,8,200,18,11,0,12,8,0,535,1,9,41,0
0019.txt,8,200,18,11,0,1,7,0,586,1,21,-1,0
0019.txt,8,202,17,12,0,19,17,0,219,1,7,24,1
0019.txt,8,202,17,12,0,12,8,0,535,1,9,41,1
0019.txt,8,202,17,12,0,1,7,0,586,1,21,-1,1
0019.txt,8,203,17,12,0,12,8,0,535,1,9,36,0
0019.txt,8,203,17,12,0,1,7,0,586,1,21,-1,0
0019.txt,8,206,16,12,0,12,8,0,535,1,8,30,1
0019.txt,8,206,16,12,0,1,7,0,586,1,20,-1,1
0019.txt,8,207,16,12,0,15,13,0,229,1,2,3,1
0019.txt,8,207,16,12,0,1,7,0,586,1,20,-1,1
0019.txt,8,210,19,18,0,15,13,0,229,1,9,12,0
0019.txt,8,212,18,18,0,16,18,0,216,1,2,2,0
0019.txt,8,212,18,18,0,15,13,1,229,1,8,11,0
0019.txt,8,212,18,18,0,16,13,0,568,1,7,7,0
0019.txt,8,213,18,18,0,16,18,0,216,1,2,3,0
0019.txt,8,213,18,18,0,15,13,0,229,1,8,10,0
0019.txt,8,214,17,18,0,16,18,0,216,1,1,1,0
0019.txt,8,214,17,18,0,15,13,0,229,1,7,9,0
0019.txt,8,215,16,18,0,16,13,0,568,1,5,5,0
0019.txt,8,216,16,17,1,16,13,0,568,1,4,3,0
0019.txt,8,218,16,12,0,16,13,0,568,1,1,3,1
0019.txt,8,219,16,17,0,15,13,0,229,1,5,7,1
0019.txt,8,220,16,13,0,15,13,0,229,2,1,1,0
0019.txt,8,221,15,13,0,9,9,0,430,1,10,42,1
0019.txt,8,224,14,10,0,9,8,0,427,1,7,53,0
0019.txt,8,224,14,10,0,9,9,0,429,1,6,32,0
0019.txt,8,226,13,11,1,9,8,0,427,1,7,50,0
0019.txt,8,226,13,11,1,9,9,0,429,1,6,28,0
0019.txt,8,229,15,12,0,1,7,0,586,1,19,-1,1
0019.txt,8,232,0,4,0,2,4,0,236,1,2,3,0
0019.txt,8,232,0,4,0,7,5,0,239,1,8,20,0
0019.txt,8,234,1,4,0,2,4,0,236,1,1,1,0
0019.txt,8,234,1,4,0,7,5,0,239,1,7,18,0
0019.txt,8,234,1,4,0,4,5,0,268,1,4,10,0
0019.txt,8,235,2,4,0,7,5,3,239,1,6,15,0
0019.txt,8,235,2,4,0,4,5,0,267,2,3,4,0
0019.txt,8,235,2,4,0,2,7,0,271,1,3,8,0
0019.txt,8,236,2,5,1,7,5,3,239,1,5,10,1
0019.txt,8,236,2,5,1,4,5,0,267,2,2,2,1
0019.txt,8,236,2,5,1,2,7,0,271,1,2,6,1
0019.txt,8,237,2,5,0,7,5,2,239,1,5,12,0
0019.txt,8,237,2,5,0,4,5,0,267,2,2,2,0
0019.txt,8,237,2,5,0,2,7,0,271,1,2,6,0
0019.txt,8,237,2,5,0,14,5,0,485,1,14,-1,0
0019.txt,8,239,3,5,0,2,7,0,271,1,3,7,0
0019.txt,8,240,3,5,0,3,7,1,245,1,2,5,1
0019.txt,8,240,3,5,0,2,7,0,271,1,3,6,1
0019.txt,8,241,3,5,0,3,7,0,245,1,2,4,0
0019.txt,8,241,3,5,0,2,7,0,271,1,3,6,0
0019.txt,8,244,3,7,0,2,7,0,271,1,1,1,0
0019.txt,8,245,3,5,1,2,7,0,271,1,3,7,1
0019.txt,8,248,3,11,0,2,7,0,271,1,5,15,0
0019.txt,8,249,3,10,1,2,7,0,271,1,4,7,0
0019.txt,8,250,3,10,0,2,7,0,271,1,4,8,0
0019.txt,8,251,1,10,0,2,7,0,271,1,4,6,1
0019.txt,8,252,1,11,0,2,7,0,271,1,5,7,1
0019.txt,8,253,1,7,0,2,7,0,271,1,1,1,1
0019.txt,8,255,2,5,0,3,5,0,268,1,1,1,0
0019.txt,8,255,2,5,0,14,5,0,485,1,14,-1,0
0019.txt,8,259,2,0,0,7,3,0,335,1,8,14,0
0019.txt,8,259,2,0,0,8,15,2,459,1,21,-1,0
0019.txt,8,260,2,1,0,7,3,0,335,1,7,19,0
0019.txt,8,260,2,1,0,7,5,0,442,1,9,13,0
0019.txt,8,260,2,1,0,6,4,0,444,1,7,7,0
0019.txt,8,260,2,1,0,3,7,0,448,1,7,6,0
0019.txt,8,260,2,1,0,8,15,3,459,1,20,-1,0
0019.txt,8,260,2,1,0,15,12,0,594,1,24,-1,0
0019.txt,8,260,2,1,0,14,11,2,621,1,22,-1,0
0019.txt,8,262,1,1,0,7,3,0,335,1,8,17,0
0019.txt,8,262,1,1,0,7,5,0,442,1,10,12,0
0019.txt,8,262,1,1,0,6,4,0,444,1,8,6,0
0019.txt,8,262,1,1,0,3,7,0,448,1,8,5,0
0019.txt,8,262,1,1,0,8,15,4,459,1,21,-1,0
0019.txt,8,262,1,1,0,15,12,0,594,1,25,-1,0
0019.txt,8,262,1,1,0,14,11,3,621,1,23,-1,0
0019.txt,8,263,2,1,0,7,3,0,335,1,7,18,1
0019.txt,8,263,2,1,0,7,5,0,442,1,9,12,1
0019.txt,8,263,2,1,0,6,4,0,444,1,7,6,1
0019.txt,8,263,2,1,0,3,7,0,448,1,7,5,1
0019.txt,8,263,2,1,0,8,15,4,459,1,20,-1,1
0019.txt,8,263,2,1,0,15,12,0,594,1,24,-1,1
0019.txt,8,263,2,1,0,14,11,3,621,1,22,-1,1
0019.txt,8,264,3,5,0,7,3,0,335,1,6,14,0
0019.txt,8,264,3,5,0,14,5,0,485,1,13,-1,0
0019.txt,8,265,3,5,0,2,7,0,271,1,3,2,0
0019.txt,8,266,3,6,0,2,7,0,271,1,2,2,1
0019.txt,8,267,3,7,1,4,7,0,275,1,1,3,0
0019.txt,8,271,3,7,1,4,7,0,275,1,1,5,1
0019.txt,8,271,3,7,1,3,8,0,279,1,1,1,1
0019.txt,8,272,3,7,0,4,7,0,275,1,1,5,0
0019.txt,8,272,3,7,0,3,8,0,279,1,1,1,0
0019.txt,8,273,3,8,1,4,7,0,275,1,2,7,0
0019.txt,8,281,3,1,0,7,3,0,335,1,6,8,1
0019.txt,8,281,3,1,0,7,5,1,442,1,8,10,1
0019.txt,8,281,3,1,0,8,15,6,459,1,19,-1,1
0019.txt,8,281,3,1,0,14,5,0,485,1,15,-1,1
0019.txt,8,282,4,1,0,7,3,0,335,1,5,7,1
0019.txt,8,282,4,1,0,7,5,1,442,1,7,10,1
0019.txt,8,282,4,1,0,8,15,6,459,1,18,-1,1
0019.txt,8,282,4,1,0,14,5,0,485,1,14,-1,1
0019.txt,8,284,5,1,0,7,3,0,335,1,4,5,0
0019.txt,8,284,5,1,0,8,15,7,459,1,17,-1,0
0019.txt,8,284,5,1,0,14,5,0,485,1,13,-1,0
0019.txt,8,285,6,1,0,7,3,0,335,1,3,5,1
0019.txt,8,285,6,1,0,8,15,7,459,1,16,-1,1
0019.txt,8,285,6,1,0,14,5,0,485,1,12,-1,1
0019.txt,8,286,7,1,1,7,3,0,335,1,2,3,0
0019.txt,8,286,7,1,1,8,15,7,459,1,15,-1,0
0019.txt,8,286,7,1,1,14,5,0,485,1,11,-1,0
0019.txt,8,288,7,1,0,7,3,0,335,1,2,4,0
0019.txt,8,288,7,1,0,7,5,1,442,1,4,6,0
0019.txt,8,288,7,1,0,8,15,6,459,1,15,-1,0
0019.txt,8,289,7,2,0,7,3,0,335,1,1,1,0
0019.txt,8,289,7,2,0,8,15,7,459,1,14,-1,0
0019.txt,8,290,7,3,1,8,15,7,459,1,13,-1,0
0019.txt,8,296,17,8,0,14,6,0,394,1,5,11,1
0019.txt,8,296,17,8,0,13,5,0,398,1,7,44,1
0019.txt,8,297,16,8,1,14,6,0,394,1,4,8,1
0019.txt,8,297,16,8,1,13,5,0,398,1,6,42,1
0019.txt,8,302,17,6,0,13,5,0,398,1,5,23,0
0019.txt,8,304,17,3,0,13,5,0,398,1,6,21,0
0019.txt,8,305,17,4,0,13,5,0,398,1,5,8,0
0019.txt,8,306,16,4,0,13,5,0,398,1,4,19,0
0019.txt,8,307,16,1,0,13,5,0,398,1,7,12,0
0019.txt,8,310,16,8,0,14,6,0,394,1,4,5,0
0019.txt,8,310,16,8,0,13,5,0,398,1,6,33,0
0019.txt,8,311,16,7,0,14,6,0,394,1,3,3,0
0019.txt,8,311,16,7,0,13,5,0,398,1,5,27,0
0019.txt,8,312,16,6,0,14,6,0,394,1,2,2,1
0019.txt,8,312,16,6,0,13,5,0,398,1,4,20,1
0019.txt,8,317,15,7,0,9,8,0,500,1,7,22,0
0019.txt,8,321,18,3,0,19,1,0,331,1,3,3,0
0019.txt,8,321,18,3,0,17,4,0,353,1,2,5,0
0019.txt,8,321,18,3,0,14,5,0,485,1,6,8,0
0019.txt,8,327,18,4,0,17,4,0,353,1,1,1,1
0019.txt,8,327,18,4,0,14,3,0,481,1,5,5,1
0019.txt,8,327,18,4,0,14,5,0,485,1,5,8,1
0019.txt,8,328,17,4,1,14,3,0,481,1,4,4,0
0019.txt,8,328,17,4,1,14,5,0,485,1,4,7,0
0019.txt,8,329,16,4,1,14,3,0,481,1,3,4,0
0019.txt,8,329,16,4,1,14,5,0,485,1,3,7,0
0019.txt,8,330,15,4,1,14,3,0,481,1,2,3,1
0019.txt,8,330,15,4,1,14,5,0,485,1,2,7,1
0019.txt,8,331,14,4,0,15,4,0,353,1,1,1,1
0019.txt,8,331,14,4,0,14,3,0,481,1,1,4,1
0019.txt,8,331,14,4,0,14,5,0,485,1,1,5,1
0019.txt,8,332,14,11,1,11,11,0,364,1,3,4,0
0019.txt,8,332,14,11,1,12,12,2,384,1,3,3,0
0019.txt,8,332,14,11,1,7,12,0,434,1,8,30,0
0019.txt,8,332,14,11,1,12,11,0,513,1,2,5,0
0019.txt,8,335,7,4,1,8,15,7,459,1,12,-1,1
0019.txt,8,336,7,4,0,8,15,7,459,1,12,-1,1
0019.txt,8,339,7,0,0,14,5,0,485,1,12,-1,0
0019.txt,8,340,8,0,0,14,5,0,485,1,11,-1,1
0019.txt,8,346,9,0,0,14,5,0,485,1,10,15,0
0019.txt,8,347,9,1,0,14,5,0,485,1,9,20,0
0019.txt,8,350,9,4,0,14,5,0,485,1,6,20,1
0019.txt,8,351,14,11,0,11,11,0,364,1,3,11,1
0019.txt,8,351,14,11,0,12,12,2,384,1,3,3,1
0019.txt,8,351,14,11,0,7,12,0,434,1,8,26,1
0019.txt,8,351,14,11,0,12,11,0,513,1,2,5,1
0019.txt,8,352,14,11,0,11,11,0,364,1,3,13,0
0019.txt,8,352,14,11,0,12,12,1,370,2,3,3,0
0019.txt,8,352,14,11,0,7,12,0,434,1,8,28,0
0019.txt,8,352,14,11,0,12,11,0,513,1,2,6,0
0019.txt,8,352,14,11,0,6,8,2,586,1,11,-1,0
0019.txt,8,353,14,4,1,14,5,0,485,1,1,1,0
0019.txt,8,358,13,15,0,12,13,0,372,1,3,3,1
0019.txt,8,358,13,15,0,9,8,0,500,1,11,-1,1
0019.txt,8,358,13,15,0,15,7,0,502,2,10,37,1
0019.txt,8,359,12,15,0,12,13,0,372,1,2,3,1
0019.txt,8,359,12,15,0,9,8,0,500,1,10,39,1
0019.txt,8,359,12,15,0,15,7,0,502,2,11,-1,1
0019.txt,8,360,12,14,0,12,13,0,372,1,1,1,0
0019.txt,8,360,12,14,0,15,12,2,495,1,5,10,0
0019.txt,8,360,12,14,0,9,8,0,500,1,9,51,0
0019.txt,8,360,12,14,0,15,7,1,503,1,10,45,0
0019.txt,8,364,13,11,1,12,12,2,384,1,2,2,0
0019.txt,8,364,13,11,1,7,12,0,434,1,7,21,0
0019.txt,8,364,13,11,1,12,11,0,513,1,1,4,0
0019.txt,8,365,13,11,0,12,12,2,384,1,2,1,1
0019.txt,8,365,13,11,0,7,12,0,434,1,7,20,1
0019.txt,8,365,13,11,0,12,11,0,513,1,1,3,1
0019.txt,8,366,12,11,0,12,12,2,384,1,1,1,0
0019.txt,8,366,12,11,0,7,12,0,434,1,6,19,0
0019.txt,8,371,12,13,0,9,8,0,500,1,8,48,0
0019.txt,8,372,12,12,1,9,8,0,500,1,7,42,0
0019.txt,8,374,12,12,0,9,8,0,500,1,7,26,0
0019.txt,8,375,14,12,0,15,12,1,495,1,1,1,1
0019.txt,8,375,14,12,0,9,8,0,500,1,9,38,1
0019.txt,8,375,14,12,0,15,7,0,502,2,6,13,1
0019.txt,8,376,16,11,1,16,10,0,543,1,1,2,0
0019.txt,8,378,15,12,1,9,8,0,500,1,10,44,0
0019.txt,8,379,4,13,0,5,13,0,381,1,1,1,0
0019.txt,8,379,4,13,0,5,11,0,466,1,3,4,0
0019.txt,8,380,5,13,0,5,11,0,466,1,2,2,0
0019.txt,8,381,5,12,1,5,11,0,466,1,1,1,0
0019.txt,8,382,5,12,0,5,11,0,466,1,1,1,1
0019.txt,8,383,5,12,0,5,11,0,466,1,1,10,0
0019.txt,8,385,11,17,0,11,16,0,388,1,1,1,0
0019.txt,8,389,16,3,0,13,5,0,398,1,5,2,0
0019.txt,8,391,16,5,0,13,5,0,398,1,3,2,1
0019.txt,8,392,15,5,1,13,5,0,398,1,2,1,0
0019.txt,8,397,13,7,1,10,7,0,417,1,3,2,0
0019.txt,8,399,12,7,0,10,7,0,417,1,2,1,0
0019.txt,8,400,11,7,1,10,7,0,417,1,1,1,1
0019.txt,8,406,12,9,0,9,8,0,427,1,4,27,1
0019.txt,8,406,12,9,0,9,9,0,429,1,3,10,1
0019.txt,8,407,5,12,0,5,11,0,466,1,1,1,1
0019.txt,8,410,0,12,0,1,12,0,415,1,1,1,0
0019.txt,8,413,9,9,0,15,5,0,526,1,10,59,0
0019.txt,8,414,9,12,0,8,15,2,459,1,4,10,0
0019.txt,8,414,9,12,0,15,5,0,526,1,13,-1,0
0019.txt,8,425,12,8,1,9,8,0,427,1,3,13,0
0019.txt,8,425,12,8,1,9,9,0,429,1,4,10,0
0019.txt,8,426,9,8,0,9,9,0,429,1,1,4,0
0019.txt,8,430,15,9,0,15,5,0,526,1,4,9,0
0019.txt,8,431,7,5,1,7,4,7,444,1,1,1,0
0019.txt,8,431,7,5,1,8,15,7,459,1,11,-1,0
0019.txt,8,432,7,7,0,7,4,7,444,1,3,4,0
0019.txt,8,432,7,7,0,8,15,7,459,1,9,45,0
0019.txt,8,433,7,8,1,7,4,7,444,1,4,5,1
0019.txt,8,433,7,8,1,8,15,7,459,1,8,42,1
0019.txt,8,439,7,4,1,7,5,0,553,1,1,1,0
0019.txt,8,442,7,10,0,8,15,7,459,1,6,37,1
0019.txt,8,444,7,10,0,8,15,6,459,1,6,27,1
0019.txt,8,444,7,10,0,15,12,0,594,1,10,41,1
0019.txt,8,448,7,10,0,8,15,6,459,1,6,25,1
0019.txt,8,448,7,10,0,15,12,0,594,1,10,39,1
0019.txt,8,448,7,10,0,6,15,0,631,1,6,18,1
0019.txt,8,449,7,12,1,9,12,6,451,1,2,4,0
0019.txt,8,450,9,12,0,8,15,7,459,1,4,8,1
0019.txt,8,453,9,12,0,8,15,6,459,1,4,8,0
0019.txt,8,459,7,10,0,15,12,0,594,1,10,41,1
0019.txt,8,460,5,12,0,8,12,0,463,1,3,8,1
0019.txt,8,460,5,12,0,5,11,0,466,1,1,2,1
0019.txt,8,462,7,12,1,6,5,0,515,1,8,23,1
0019.txt,8,464,6,12,0,5,11,0,466,1,2,1,0
0019.txt,8,467,12,11,1,7,8,3,586,1,8,30,1
0019.txt,8,469,7,12,0,6,5,0,515,1,8,19,0
0019.txt,8,475,7,12,0,6,12,0,477,1,1,2,0
0019.txt,8,475,7,12,0,6,11,0,479,1,2,3,0
0019.txt,8,476,6,12,0,6,11,0,479,1,1,1,0
0019.txt,8,476,6,12,0,6,5,0,515,1,7,15,0
0019.txt,8,477,6,11,1,6,5,0,515,1,6,10,0
0019.txt,8,480,9,4,0,14,5,0,485,1,6,18,0
0019.txt,8,481,14,4,0,14,5,0,485,1,1,3,0
0019.txt,8,483,13,4,0,14,5,0,485,1,2,7,1
0019.txt,8,486,6,10,0,7,8,2,491,1,3,4,0
0019.txt,8,488,7,8,0,6,9,2,494,1,2,2,0
0019.txt,8,489,7,9,0,6,9,2,494,1,1,2,1
0019.txt,8,490,7,9,0,6,9,0,494,1,1,1,1
0019.txt,8,495,15,10,1,15,9,2,500,1,1,8,0
0019.txt,8,497,15,10,0,15,9,1,500,1,1,1,0
0019.txt,8,497,15,10,0,15,7,1,503,1,3,5,0
0019.txt,8,497,15,10,0,15,5,0,526,1,5,18,0
0019.txt,8,497,15,10,0,12,8,0,527,1,5,9,0
0019.txt,8,498,15,9,1,12,8,1,527,1,4,8,0
0019.txt,8,499,15,9,0,12,8,1,527,1,4,9,1
0019.txt,8,500,15,7,1,12,8,1,527,1,4,5,0
0019.txt,8,501,15,7,0,12,8,1,527,1,4,5,1
0019.txt,8,502,15,6,1,12,8,1,527,1,5,7,0
0019.txt,8,503,15,6,0,12,8,1,527,1,5,6,1
0019.txt,8,505,15,12,0,7,9,0,586,1,11,-1,0
0019.txt,8,505,15,12,0,12,11,1,588,1,4,8,0
0019.txt,8,508,12,11,1,7,9,0,586,1,7,28,0
0019.txt,8,509,14,12,0,7,9,0,586,1,10,28,0
0019.txt,8,512,12,11,1,7,9,0,586,1,7,28,0
0019.txt,8,513,11,11,1,7,9,0,586,1,6,25,1
0019.txt,8,516,7,4,1,7,5,0,553,1,1,1,0
0019.txt,8,519,12,8,0,15,9,0,522,1,4,6,0
0019.txt,8,519,12,8,0,15,5,0,526,1,6,22,0
0019.txt,8,520,12,7,1,15,9,1,522,1,5,7,0
0019.txt,8,522,15,7,0,15,5,0,526,1,2,5,0
0019.txt,8,524,15,6,0,15,5,0,526,1,1,2,1
0019.txt,8,539,16,11,0,16,10,0,543,1,1,3,1
0019.txt,8,539,16,11,0,15,9,0,568,1,3,4,1
0019.txt,8,540,16,11,0,16,10,0,543,1,1,3,0
0019.txt,8,540,16,11,0,15,9,0,568,1,3,4,0
0019.txt,8,540,16,11,0,8,5,0,614,1,14,-1,0
0019.txt,8,542,16,10,0,15,9,0,568,1,2,2,0
0019.txt,8,543,15,10,1,15,9,0,568,1,1,1,0
0019.txt,8,545,14,4,0,13,4,0,547,2,1,1,0
0019.txt,8,560,15,10,0,15,9,0,568,1,1,1,0
0019.txt,8,578,8,9,1,8,6,3,614,1,3,3,1
0019.txt,8,579,8,6,1,2,6,0,617,1,6,7,1
0019.txt,8,585,7,10,3,9,10,4,602,1,4,8,1
0019.txt,8,585,7,10,3,7,15,0,633,1,5,11,1
0019.txt,8,594,7,10,0,7,15,0,633,1,5,10,0
0019.txt,8,595,2,10,1,2,6,0,617,1,4,3,0
0019.txt,8,596,9,10,0,8,11,0,599,1,2,2,0
0019.txt,8,597,9,11,0,8,11,0,599,1,1,1,1
0019.txt,8,602,7,10,3,7,15,0,633,1,5,12,0
0019.txt,8,604,7,15,0,7,14,0,631,1,1,1,0
0019.txt,8,609,2,10,1,2,6,0,617,1,4,3,1
0019.txt,8,612,2,10,1,2,6,0,617,1,4,2,1
0019.txt,8,614,6,6,0,2,6,0,617,1,4,3,1
0019.txt,8,620,7,10,3,7,14,0,631,1,4,4,1
0019.txt,8,620,7,10,3,7,13,0,633,1,3,2,1
0019.txt,8,621,7,10,0,7,13,0,633,1,3,2,0
0019.txt,8,623,8,6,0,7,9,0,629,1,4,4,0
0019.txt,8,624,8,7,0,7,9,0,629,1,3,2,1
0019.txt,8,625,8,8,0,7,9,0,629,1,2,1,0
0019.txt,8,626,7,8,0,7,9,0,629,1,1,1,1
0019.txt,8,632,7,13,0,8,13,0,635,1,1,1,0
0019.txt,8,666,14,12,0,14,13,0,668,1,1,1,1
0020.txt,6,8,0,6,0,2,9,0,48,1,5,9,0
0020.txt,6,20,11,7,0,8,7,0,42,1,3,13,0
0020.txt,6,26,2,4,0,0,1,0,56,1,5,19,1
0020.txt,6,26,2,4,0,5,1,0,146,1,6,24,1
0020.txt,6,32,10,7,0,8,8,0,34,1,3,5,0
0020.txt,6,32,10,7,0,8,7,0,42,1,2,1,0
0020.txt,6,36,1,6,0,2,9,0,48,1,4,3,0
0020.txt,6,39,10,5,0,7,11,0,64,1,9,26,0
0020.txt,6,56,1,1,3,2,1,0,60,1,1,1,0
0020.txt,6,57,1,1,2,2,1,0,60,1,1,1,0
0020.txt,6,58,2,1,3,3,1,0,72,1,1,2,1
0020.txt,6,59,2,1,2,3,1,0,72,1,1,2,0
0020.txt,6,65,8,6,0,7,6,0,128,1,1,1,1
0020.txt,6,75,11,3,0,4,7,0,93,1,11,-1,0
0020.txt,6,78,10,3,0,8,3,0,83,1,2,3,0
0020.txt,6,78,10,3,0,4,7,0,93,1,10,21,0
0020.txt,6,79,9,3,0,8,3,0,83,1,1,1,0
0020.txt,6,84,4,6,0,4,7,0,92,1,1,2,1
0020.txt,6,84,4,6,0,5,8,0,100,1,3,5,1
0020.txt,6,90,4,7,1,5,8,0,100,1,2,2,0
0020.txt,6,91,5,4,0,4,8,3,93,1,5,9,0
0020.txt,6,92,4,8,2,5,8,0,100,1,1,1,0
0020.txt,6,106,9,1,1,10,1,0,120,1,1,2,0
0020.txt,6,109,4,10,0,2,10,0,127,1,2,2,0
0020.txt,8,8,0,6,0,2,9,0,48,1,5,9,0
0020.txt,8,20,11,7,0,8,7,0,42,1,3,13,0
0020.txt,8,26,2,4,0,0,1,0,56,1,5,19,1
0020.txt,8,26,2,4,0,5,1,0,146,1,6,24,1
0020.txt,8,30,1,4,0,0,1,0,56,1,4,5,0
0020.txt,8,30,1,4,0,5,1,0,146,1,7,23,0
0020.txt,8,31,1,5,0,0,1,0,56,1,5,8,1
0020.txt,8,31,1,5,0,5,1,0,146,1,8,28,1
0020.txt,8,32,10,7,0,8,8,0,34,1,3,5,0
0020.txt,8,32,10,7,0,8,7,0,42,1,2,1,0
0020.txt,8,36,1,6,0,2,9,0,48,1,4,3,0
0020.txt,8,38,1,7,0,2,9,0,48,1,3,2,0
0020.txt,8,38,1,7,0,3,10,0,117,1,5,3,0
0020.txt,8,39,10,5,0,7,11,0,64,1,9,26,0
0020.txt,8,42,8,6,0,7,6,0,128,1,1,1,0
0020.txt,8,44,0,1,0,1,1,0,58,1,1,1,1
0020.txt,8,45,2,7,0,2,9,0,48,1,2,1,0
0020.txt,8,46,2,8,0,2,9,0,48,1,1,1,0
0020.txt,8,56,1,1,1,2,1,0,60,1,1,1,0
0020.txt,8,56,1,1,1,3,1,0,72,1,2,2,0
0020.txt,8,57,1,1,0,2,1,0,60,1,1,1,0
0020.txt,8,57,1,1,0,3,1,0,72,1,2,3,0
0020.txt,8,58,2,1,1,3,1,0,72,1,1,2,1
0020.txt,8,59,2,1,0,3,1,0,72,1,1,2,0
0020.txt,8,61,8,1,0,10,1,0,120,1,2,5,1
0020.txt,8,65,8,6,0,7,6,0,128,1,1,1,1
0020.txt,8,69,7,5,0,5,5,0,88,1,2,6,0
0020.txt,8,70,6,5,0,5,5,0,88,1,1,2,0
0020.txt,8,71,3,1,0,5,2,0,81,1,3,6,0
0020.txt,8,71,3,1,0,4,7,0,93,1,7,10,0
0020.txt,8,71,3,1,0,5,1,0,146,1,2,2,0
0020.txt,8,72,4,1,0,5,2,0,81,1,2,5,1
0020.txt,8,72,4,1,0,4,7,0,93,1,6,10,1
0020.txt,8,72,4,1,0,5,1,0,146,1,1,2,1
0020.txt,8,75,11,3,0,4,7,0,93,1,11,-1,0
0020.txt,8,76,4,1,0,5,2,0,81,1,2,4,1
0020.txt,8,76,4,1,0,5,1,0,146,1,1,2,1
0020.txt,8,78,10,3,0,8,3,0,83,1,2,3,0
0020.txt,8,78,10,3,0,4,7,0,93,1,10,21,0
0020.txt,8,79,9,3,0,8,3,0,83,1,1,1,0
0020.txt,8,79,9,3,0,4,7,0,93,1,9,18,0
0020.txt,8,82,8,3,0,4,7,0,93,1,8,16,0
0020.txt,8,84,4,6,0,4,7,0,92,1,1,2,1
0020.txt,8,84,4,6,0,5,8,0,100,1,3,5,1
0020.txt,8,86,4,2,0,5,1,0,146,1,2,1,0
0020.txt,8,90,4,7,0,5,8,0,100,1,2,2,0
0020.txt,8,90,4,7,0,2,10,0,127,1,5,10,0
0020.txt,8,91,5,4,0,4,8,1,93,1,5,9,0
0020.txt,8,92,4,8,0,5,8,0,100,1,1,1,0
0020.txt,8,98,4,8,0,2,10,0,127,1,4,2,0
0020.txt,8,99,4,9,0,2,10,0,127,1,3,2,0
0020.txt,8,100,4,10,0,2,10,0,127,1,2,2,1
0020.txt,8,106,9,1,0,10,1,0,120,1,1,2,0
0020.txt,8,109,4,10,0,3,10,0,117,1,1,1,0
0020.txt,8,109,4,10,0,2,10,0,127,1,2,2,0
0020.txt,8,113,3,10,0,7,9,0,122,1,5,6,1
0020.txt,8,113,3,10,0,2,10,0,127,1,1,1,1
0021.txt,6,18,6,2,0,10,4,0,30,1,6,5,0
0021.txt,6,23,10,4,0,12,8,0,46,1,6,4,0
0021.txt,6,24,9,4,0,12,8,0,46,1,7,7,1
0021.txt,6,25,8,3,0,8,4,0,30,1,1,3,0
0021.txt,6,41,5,7,1,5,10,1,43,1,3,1,0
0021.txt,6,42,5,10,0,12,8,0,46,1,9,5,0
0021.txt,8,18,6,2,0,10,4,0,30,1,6,5,0
0021.txt,8,23,10,4,0,12,8,0,46,1,6,4,0
0021.txt,8,24,9,4,0,12,8,0,46,1,7,7,1
0021.txt,8,25,8,3,0,8,4,0,30,1,1,3,0
0021.txt,8,39,8,7,0,12,8,0,46,1,5,4,0
0021.txt,8,41,5,7,0,5,10,0,43,1,3,1,0
0021.txt,8,42,5,10,0,12,8,0,46,1,9,5,0
0021.txt,8,44,8,8,2,12,8,0,46,1,4,3,0
0021.txt,8,52,5,10,0,2,10,0,56,1,3,1,0
0022.txt,6,10,3,9,0,8,7,0,23,1,7,3,0
0022.txt,6,11,4,9,0,8,7,0,23,1,6,3,0
0022.txt,6,12,4,8,0,8,7,0,23,1,5,3,1
0022.txt,6,13,4,7,0,8,7,0,23,1,4,2,0
0022.txt,6,15,11,9,0,2,4,0,37,1,14,-1,0
0022.txt,6,17,9,9,0,8,7,0,23,1,3,1,0
0022.txt,6,17,9,9,0,2,4,0,37,1,12,-1,0
0022.txt,6,18,9,8,0,8,7,0,23,1,2,1,0
0022.txt,6,18,9,8,0,2,4,0,37,1,11,-1,0
0022.txt,6,19,9,7,0,8,7,0,23,1,1,1,1
0022.txt,6,19,9,7,0,2,4,0,37,1,10,11,1
0022.txt,6,20,8,7,0,2,4,0,37,1,9,10,0
0022.txt,6,21,7,7,0,2,4,0,37,1,8,6,0
0022.txt,6,22,6,7,0,2,4,0,37,1,7,5,1
0022.txt,6,34,2,1,0,2,3,0,37,1,2,1,0
0022.txt,6,44,8,1,0,9,4,0,56,1,4,3,0
0022.txt,6,47,9,1,0,9,4,0,54,2,3,1,0
0022.txt,6,48,9,2,0,9,4,0,54,2,2,1,1
0022.txt,8,10,3,9,0,8,7,0,23,1,7,3,0
0022.txt,8,11,4,9,0,8,7,0,23,1,6,3,0
0022.txt,8,12,4,8,0,8,7,0,23,1,5,3,1
0022.txt,8,13,4,7,0,8,7,0,23,1,4,2,0
0022.txt,8,15,11,9,0,2,4,0,37,1,14,-1,0
0022.txt,8,17,9,9,0,8,7,0,23,1,3,1,0
0022.txt,8,17,9,9,0,2,4,0,37,1,12,-1,0
0022.txt,8,18,9,8,0,8,7,0,23,1,2,1,0
0022.txt,8,18,9,8,0,2,4,0,37,1,11,-1,0
0022.txt,8,19,9,7,0,8,7,0,23,1,1,1,1
0022.txt,8,19,9,7,0,2,4,0,37,1,10,11,1
0022.txt,8,20,8,7,0,2,4,0,37,1,9,10,0
0022.txt,8,21,7,7,0,2,4,0,37,1,8,6,0
0022.txt,8,22,6,7,0,2,4,0,37,1,7,5,1
0022.txt,8,24,5,7,0,9,0,0,59,1,11,-1,0
0022.txt,8,27,5,4,0,9,0,0,59,1,8,7,1
0022.txt,8,28,5,3,0,9,0,0,59,1,7,7,1
0022.txt,8,29,4,3,0,2,4,0,37,1,3,3,1
0022.txt,8,34,2,1,0,2,3,0,37,1,2,1,0
0022.txt,8,44,8,1,0,9,4,0,56,1,4,3,0
0022.txt,8,47,9,1,0,9,4,0,54,2,3,1,0
0022.txt,8,48,9,2,0,9,4,0,54,2,2,1,1
0023.txt,6,11,11,6,0,11,7,0,15,1,1,1,1
0023.txt,6,11,11,6,0,12,12,0,25,1,7,6,1
0023.txt,6,12,11,7,0,12,12,0,25,1,6,4,0
0023.txt,6,13,11,8,0,12,12,0,25,1,5,4,0
0023.txt,6,14,11,9,0,12,12,0,25,1,4,4,1
0023.txt,6,15,11,10,0,12,12,0,25,1,3,2,1
0023.txt,6,17,11,10,0,11,12,0,25,1,2,2,0
0023.txt,6,24,7,9,3,2,9,0,43,1,5,4,0
0023.txt,6,32,1,6,0,2,12,0,40,1,7,7,0
0023.txt,6,32,1,6,0,2,10,3,43,1,5,3,0
0023.txt,6,32,1,6,0,6,9,0,45,1,8,8,0
0023.txt,6,34,1,8,0,2,12,0,40,1,5,3,0
0023.txt,6,34,1,8,0,2,10,4,43,1,3,2,0
0023.txt,6,34,1,8,0,6,9,0,45,1,6,4,0
0023.txt,6,35,2,10,2,4,3,1,71,1,9,8,0
0023.txt,6,36,2,8,2,4,3,1,71,1,7,8,0
0023.txt,6,37,2,9,2,2,12,0,40,1,3,3,1
0023.txt,6,37,2,9,2,4,3,1,71,1,8,7,1
0023.txt,6,40,2,11,0,2,9,3,43,1,2,1,0
0023.txt,6,40,2,11,0,6,9,0,45,1,6,3,0
0023.txt,6,42,2,9,3,4,3,1,71,1,8,5,0
0023.txt,6,43,6,9,2,4,3,1,71,1,10,7,0
0023.txt,6,54,6,2,0,4,2,0,71,1,2,1,1
0023.txt,6,55,5,2,0,4,2,0,71,1,1,1,1
0023.txt,6,60,1,2,0,4,2,0,71,1,3,2,0
0023.txt,6,61,2,2,0,4,2,0,64,3,2,1,0
0023.txt,6,62,3,2,0,4,2,0,64,3,1,1,1
0023.txt,6,64,5,2,2,10,0,0,69,1,7,2,1
0023.txt,6,77,8,9,0,9,8,0,79,1,2,1,0
0023.txt,8,11,11,6,0,11,7,0,15,1,1,1,1
0023.txt,8,11,11,6,0,12,12,0,25,1,7,6,1
0023.txt,8,12,11,7,0,12,12,0,25,1,6,4,0
0023.txt,8,13,11,8,0,12,12,0,25,1,5,4,0
0023.txt,8,14,11,9,0,12,12,0,25,1,4,4,1
0023.txt,8,15,11,10,0,12,12,0,25,1,3,2,1
0023.txt,8,17,11,10,0,11,12,0,25,1,2,2,0
0023.txt,8,23,7,11,1,7,9,0,27,1,2,1,1
0023.txt,8,23,7,11,1,2,9,0,43,1,7,4,1
0023.txt,8,24,7,9,1,2,9,0,43,1,5,4,0
0023.txt,8,25,6,9,0,2,9,0,43,1,4,2,0
0023.txt,8,27,6,9,0,2,9,0,43,1,4,4,0
0023.txt,8,27,6,9,0,2,10,0,49,1,5,2,0
0023.txt,8,28,3,9,0,2,9,0,43,1,1,1,1
0023.txt,8,28,3,9,0,6,9,0,45,1,3,3,1
0023.txt,8,29,2,9,0,4,3,0,71,1,8,10,0
0023.txt,8,32,1,6,0,2,12,0,40,1,7,7,0
0023.txt,8,32,1,6,0,2,10,1,43,1,5,3,0
0023.txt,8,32,1,6,0,6,9,0,45,1,8,8,0
0023.txt,8,34,1,8,0,2,12,0,40,1,5,3,0
0023.txt,8,34,1,8,0,2,10,2,43,1,3,2,0
0023.txt,8,34,1,8,0,6,9,0,45,1,6,4,0
0023.txt,8,35,2,10,0,6,9,1,49,1,5,4,0
0023.txt,8,35,2,10,0,4,3,1,71,1,9,8,0
0023.txt,8,36,2,8,0,2,12,0,40,1,4,3,0
0023.txt,8,36,2,8,0,4,3,1,71,1,7,7,0
0023.txt,8,37,2,9,0,2,12,0,40,1,3,3,1
0023.txt,8,37,2,9,0,4,3,1,71,1,8,7,1
0023.txt,8,40,2,11,0,2,9,1,43,1,2,1,0
0023.txt,8,40,2,11,0,6,9,0,45,1,6,3,0
0023.txt,8,42,2,9,1,4,3,1,71,1,8,5,0
0023.txt,8,43,6,9,0,4,3,1,71,1,10,7,0
0023.txt,8,47,2,9,0,2,10,0,49,1,1,1,1
0023.txt,8,54,6,2,0,4,2,0,71,1,2,1,1
0023.txt,8,55,5,2,0,4,2,0,71,1,1,1,1
0023.txt,8,60,1,2,0,4,2,0,71,1,3,2,0
0023.txt,8,61,2,2,0,4,2,0,64,3,2,1,0
0023.txt,8,62,3,2,0,4,2,0,64,3,1,1,1
0023.txt,8,63,4,2,0,10,0,0,69,1,8,3,1
0023.txt,8,64,5,2,0,10,0,0,69,1,7,2,1
0023.txt,8,67,9,1,0,8,2,0,71,1,2,1,0
0023.txt,8,74,8,9,0,9,8,0,79,1,2,1,1
0023.txt,8,77,8,9,0,9,8,0,79,1,2,1,0
0024.txt,6,26,3,6,0,5,3,0,76,1,7,2,0
0024.txt,6,31,2,13,0,5,3,0,76,1,33,-1,0
0024.txt,6,35,2,12,0,5,3,0,76,1,34,-1,0
0024.txt,6,36,3,12,0,5,3,0,76,1,33,-1,1
0024.txt,6,37,3,11,0,5,3,0,76,1,34,-1,1
0024.txt,6,38,3,10,0,5,3,0,76,1,33,-1,0
0024.txt,6,40,6,10,0,5,3,0,76,1,30,-1,1
0024.txt,6,41,6,11,0,9,14,1,51,1,6,2,0
0024.txt,6,42,6,12,0,9,14,1,51,1,5,2,0
0024.txt,6,43,7,12,1,9,14,1,51,1,4,2,0
0024.txt,6,44,8,12,2,9,14,1,51,1,3,1,0
0024.txt,6,44,8,12,2,11,12,0,53,1,7,2,0
0024.txt,6,45,8,14,1,9,14,1,51,1,1,1,1
0024.txt,6,46,9,14,3,11,12,0,53,1,4,1,0
0024.txt,6,50,11,13,2,11,12,0,53,1,1,1,1
0024.txt,6,55,11,10,3,12,7,0,65,1,4,2,1
0024.txt,6,57,11,7,0,13,7,2,114,1,2,2,0
0024.txt,6,58,12,7,0,13,7,3,114,1,1,1,0
0024.txt,6,67,6,3,0,5,3,0,76,1,1,1,1
0024.txt,6,68,3,4,0,5,3,3,71,1,3,2,0
0024.txt,6,69,4,4,0,5,3,3,71,1,2,2,1
0024.txt,8,26,3,6,0,5,3,0,76,1,7,2,0
0024.txt,8,31,2,13,0,5,3,0,76,1,33,-1,0
0024.txt,8,35,2,12,0,5,3,0,76,1,34,-1,0
0024.txt,8,36,3,12,0,5,3,0,76,1,33,-1,1
0024.txt,8,37,3,11,0,5,3,0,76,1,34,-1,1
0024.txt,8,38,3,10,0,5,3,0,76,1,33,-1,0
0024.txt,8,39,4,10,0,5,3,0,76,1,32,-1,0
0024.txt,8,40,6,10,0,5,3,0,76,1,30,-1,1
0024.txt,8,41,6,11,0,9,14,0,51,1,6,2,0
0024.txt,8,41,6,11,0,5,3,0,76,1,29,-1,0
0024.txt,8,42,6,12,0,9,14,0,51,1,5,2,0
0024.txt,8,42,6,12,0,5,3,0,76,1,28,-1,0
0024.txt,8,43,7,12,0,12,14,0,48,1,7,7,0
0024.txt,8,43,7,12,0,9,14,0,51,1,4,2,0
0024.txt,8,43,7,12,0,11,12,0,53,3,8,3,0
0024.txt,8,43,7,12,0,5,3,0,76,1,27,-1,0
0024.txt,8,44,8,12,0,12,14,0,48,1,6,4,0
0024.txt,8,44,8,12,0,9,14,1,51,1,3,2,0
0024.txt,8,44,8,12,0,11,12,0,53,3,7,5,0
0024.txt,8,45,8,14,0,12,14,0,48,1,4,5,1
0024.txt,8,45,8,14,0,9,14,0,51,1,1,1,1
0024.txt,8,45,8,14,0,11,12,0,53,3,5,2,1
0024.txt,8,45,8,14,0,5,3,0,76,1,24,-1,1
0024.txt,8,46,9,14,1,12,14,0,48,1,3,3,0
0024.txt,8,46,9,14,1,11,12,0,53,3,4,1,0
0024.txt,8,49,11,14,0,11,12,0,53,3,2,1,0
0024.txt,8,50,11,13,0,11,12,0,53,3,1,1,1
0024.txt,8,54,11,11,0,11,7,0,59,1,4,1,0
0024.txt,8,54,11,11,0,12,7,0,64,2,5,2,0
0024.txt,8,54,11,11,0,5,3,0,76,1,18,-1,0
0024.txt,8,55,11,10,1,12,7,0,64,2,4,2,1
0024.txt,8,56,11,7,1,12,7,0,64,2,1,1,1
0024.txt,8,57,11,7,0,13,7,0,114,1,2,2,0
0024.txt,8,58,12,7,0,13,7,1,65,2,1,1,0
0024.txt,8,62,13,7,0,5,3,0,76,1,12,-1,0
0024.txt,8,63,13,6,0,5,3,0,76,1,11,-1,1
0024.txt,8,64,13,5,0,5,3,0,76,1,10,3,1
0024.txt,8,65,13,3,2,5,3,0,76,2,8,4,0
0024.txt,8,66,8,3,0,5,3,0,76,1,3,2,0
0024.txt,8,67,6,3,0,5,3,0,76,1,1,1,1
0024.txt,8,68,3,4,0,5,3,1,71,1,3,2,0
0024.txt,8,69,4,4,0,5,3,1,71,1,2,2,1
0024.txt,8,74,5,4,0,5,3,0,76,1,1,1,1
0024.txt,8,81,8,3,0,10,3,0,83,1,2,1,1
0024.txt,8,91,11,8,0,11,10,0,94,1,2,1,0
0025.txt,6,18,2,7,0,3,3,0,30,1,5,2,0
0025.txt,6,22,2,3,0,3,3,0,30,1,1,1,1
0025.txt,8,18,2,7,0,3,3,0,30,1,5,2,0
0025.txt,8,22,2,3,0,3,3,0,30,1,1,1,1
0025.txt,8,41,11,8,0,10,7,0,43,1,2,1,0
0026.txt,6,28,11,6,0,2,7,0,95,1,14,-1,0
0026.txt,6,29,10,6,0,2,7,0,95,1,13,-1,1
0026.txt,6,45,9,6,2,2,7,0,95,1,12,-1,1
0026.txt,6,47,9,1,3,10,5,0,51,1,5,2,1
0026.txt,6,48,9,4,0,10,5,0,51,1,2,2,1
0026.txt,6,63,14,13,0,14,10,1,67,1,3,1,0
0026.txt,6,63,14,13,0,2,7,0,95,1,18,-1,0
0026.txt,6,64,14,12,0,14,10,1,67,1,2,1,0
0026.txt,6,64,14,12,0,2,7,0,95,1,17,-1,0
0026.txt,6,65,14,11,0,14,10,1,67,1,1,1,1
0026.txt,6,65,14,11,0,2,7,0,95,1,16,-1,1
0026.txt,6,66,14,10,2,2,7,0,95,1,15,-1,0
0026.txt,6,67,10,10,0,2,7,0,95,1,11,-1,1
0026.txt,6,71,6,10,3,2,7,0,95,1,7,8,1
0026.txt,6,74,6,16,0,6,14,0,78,1,2,1,0
0026.txt,6,74,6,16,0,10,10,0,87,1,10,10,0
0026.txt,6,76,6,15,0,6,14,0,78,1,1,1,0
0026.txt,6,76,6,15,0,6,12,0,81,1,3,2,0
0026.txt,6,76,6,15,0,10,10,1,87,1,9,9,0
0026.txt,6,77,6,14,0,6,12,0,81,1,2,1,0
0026.txt,6,77,6,14,0,10,10,2,87,1,8,8,0
0026.txt,6,77,6,14,0,1,10,0,103,1,9,9,0
0026.txt,6,78,6,13,0,6,12,0,81,1,1,1,1
0026.txt,6,78,6,13,0,10,10,2,87,1,7,8,1
0026.txt,6,78,6,13,0,1,10,0,103,1,8,9,1
0026.txt,6,79,6,13,0,6,12,0,81,1,1,1,1
0026.txt,6,79,6,13,0,10,10,1,87,1,7,8,1
0026.txt,6,80,6,12,0,10,10,2,87,1,6,7,1
0026.txt,6,81,6,11,0,10,10,3,87,1,5,8,0
0026.txt,6,82,9,11,0,10,10,2,87,1,2,2,0
0026.txt,6,83,10,10,0,2,7,0,95,1,11,-1,1
0026.txt,6,84,5,10,3,2,7,0,95,1,6,4,0
0026.txt,6,85,5,11,4,2,7,0,95,1,7,6,1
0026.txt,6,86,10,11,3,2,7,0,95,1,12,-1,1
0026.txt,6,88,5,11,4,2,7,0,95,1,7,8,0
0026.txt,6,89,2,11,2,2,7,0,95,1,4,4,0
0026.txt,6,90,2,10,3,2,7,0,95,1,3,2,0
0026.txt,6,96,2,13,0,2,11,0,103,1,2,1,0
0026.txt,6,97,2,12,0,2,11,0,103,1,1,1,1
0026.txt,8,24,12,4,0,2,7,0,95,1,15,-1,1
0026.txt,8,25,11,4,0,2,7,0,95,1,14,-1,1
0026.txt,8,26,11,5,0,2,7,0,95,1,15,-1,1
0026.txt,8,27,11,6,0,5,10,0,85,1,10,11,0
0026.txt,8,27,11,6,0,2,7,0,95,1,14,-1,0
0026.txt,8,28,11,6,0,2,7,0,95,1,14,-1,0
0026.txt,8,29,10,6,0,2,7,0,95,1,13,-1,1
0026.txt,8,43,7,0,0,9,0,0,47,1,2,1,0
0026.txt,8,44,8,0,0,9,0,0,47,1,1,1,1
0026.txt,8,45,9,6,0,5,10,0,85,1,8,9,1
0026.txt,8,45,9,6,0,2,7,0,95,1,12,-1,1
0026.txt,8,47,9,1,1,10,5,0,51,1,5,2,1
0026.txt,8,48,9,4,0,10,5,0,51,1,2,2,1
0026.txt,8,51,9,5,0,9,8,0,72,1,3,2,0
0026.txt,8,54,9,6,1,2,7,0,95,1,12,-1,0
0026.txt,8,60,7,10,1,2,7,0,95,1,8,10,1
0026.txt,8,63,14,13,0,14,10,0,67,1,3,1,0
0026.txt,8,63,14,13,0,10,8,1,72,1,9,4,0
0026.txt,8,63,14,13,0,2,7,0,95,1,18,-1,0
0026.txt,8,64,14,12,0,14,10,0,67,1,2,1,0
0026.txt,8,64,14,12,0,10,8,1,72,1,8,4,0
0026.txt,8,64,14,12,0,2,7,0,95,1,17,-1,0
0026.txt,8,65,14,11,0,14,10,0,67,1,1,1,1
0026.txt,8,65,14,11,0,10,8,1,72,1,7,4,1
0026.txt,8,65,14,11,0,2,7,0,95,1,16,-1,1
0026.txt,8,66,14,10,0,2,7,0,95,1,15,-1,0
0026.txt,8,67,10,10,0,10,8,2,72,1,2,1,1
0026.txt,8,67,10,10,0,2,7,0,95,1,11,-1,1
0026.txt,8,70,7,10,1,2,7,0,95,1,8,10,1
0026.txt,8,71,6,10,1,5,10,0,85,1,1,1,1
0026.txt,8,71,6,10,1,2,7,0,95,1,7,8,1
0026.txt,8,72,10,10,1,2,7,0,95,1,11,-1,1
0026.txt,8,74,6,16,0,6,14,0,78,1,2,1,0
0026.txt,8,74,6,16,0,10,10,0,87,1,10,10,0
0026.txt,8,76,6,15,0,6,14,0,78,1,1,1,0
0026.txt,8,76,6,15,0,6,12,0,81,1,3,2,0
0026.txt,8,76,6,15,0,10,10,0,86,2,9,9,0
0026.txt,8,77,6,14,0,6,12,0,81,1,2,1,0
0026.txt,8,77,6,14,0,10,10,0,86,2,8,8,0
0026.txt,8,77,6,14,0,1,10,0,103,1,9,9,0
0026.txt,8,78,6,13,0,6,12,0,81,1,1,1,1
0026.txt,8,78,6,13,0,10,10,0,86,2,7,8,1
0026.txt,8,78,6,13,0,1,10,0,103,1,8,9,1
0026.txt,8,79,6,13,0,6,12,0,81,1,1,1,1
0026.txt,8,79,6,13,0,10,10,0,86,2,7,8,1
0026.txt,8,80,6,12,0,10,10,0,86,2,6,7,1
0026.txt,8,81,6,11,0,10,10,1,87,1,5,5,0
0026.txt,8,82,9,11,0,10,10,0,86,2,2,2,0
0026.txt,8,83,10,10,0,2,7,0,95,1,11,-1,1
0026.txt,8,84,5,10,1,2,7,0,95,1,6,4,0
0026.txt,8,85,5,11,4,2,7,0,95,1,7,6,1
0026.txt,8,86,10,11,1,2,7,0,95,1,12,-1,1
0026.txt,8,88,5,11,4,2,7,0,95,1,7,8,0
0026.txt,8,89,2,11,0,2,7,0,95,1,4,4,0
0026.txt,8,90,2,10,1,2,7,0,95,1,3,2,0
0026.txt,8,96,2,13,0,2,11,0,103,1,2,1,0
0026.txt,8,97,2,12,0,2,11,0,103,1,1,1,1
0027.txt,6,32,1,10,0,1,7,0,38,1,3,1,0
0027.txt,6,32,1,10,0,1,8,0,41,1,2,2,0
0027.txt,6,33,1,9,0,1,7,0,38,1,2,1,1
0027.txt,6,33,1,9,0,1,8,0,41,1,1,2,1
0027.txt,6,35,1,8,1,1,7,0,38,1,1,1,1
0027.txt,6,36,10,3,0,9,2,0,53,1,2,2,0
0027.txt,6,39,10,2,1,9,2,0,53,1,1,1,0
0027.txt,6,51,11,2,3,9,2,0,53,1,2,2,1
0027.txt,6,67,3,6,5,5,2,3,70,1,6,5,0
0027.txt,6,86,5,1,1,6,1,0,90,1,1,1,1
0027.txt,8,32,1,10,0,1,7,0,38,1,3,1,0
0027.txt,8,32,1,10,0,1,8,0,41,1,2,2,0
0027.txt,8,33,1,9,0,1,7,0,38,1,2,1,1
0027.txt,8,33,1,9,0,1,8,0,41,1,1,2,1
0027.txt,8,35,1,8,0,1,7,0,38,1,1,1,1
0027.txt,8,36,10,3,0,9,2,0,53,1,2,2,0
0027.txt,8,39,10,2,0,9,2,0,53,1,1,1,0
0027.txt,8,51,11,2,1,9,2,0,53,1,2,2,1
0027.txt,8,62,2,6,1,9,8,0,101,1,19,-1,0
0027.txt,8,65,3,6,5,5,2,3,70,1,6,7,1
0027.txt,8,71,2,3,1,9,8,0,101,1,16,-1,0
0027.txt,8,74,10,2,0,5,2,2,97,1,7,3,0
0027.txt,8,77,5,2,0,4,2,6,90,1,1,1,0
0027.txt,8,81,6,1,1,9,8,0,101,1,10,8,1
0027.txt,8,83,9,1,1,9,8,0,101,1,7,10,0
0027.txt,8,86,5,1,0,6,1,0,90,1,1,1,1
0027.txt,8,95,9,6,1,9,8,0,101,1,2,7,1
0027.txt,8,105,9,6,0,9,7,0,107,1,1,3,0
0027.txt,8,105,9,6,0,8,8,0,109,1,3,4,0
0027.txt,8,110,9,2,0,9,1,0,115,1,1,1,0
0027.txt,8,130,4,6,0,5,6,0,134,1,1,1,1
0028.txt,6,51,0,16,0,5,15,1,71,1,6,4,0
0028.txt,6,51,0,16,0,2,11,0,246,1,7,5,0
0028.txt,6,67,0,16,3,2,11,0,246,1,7,2,0
0028.txt,6,68,12,12,0,15,12,0,110,2,3,3,0
0028.txt,6,76,0,15,0,2,11,0,246,1,6,2,0
0028.txt,6,89,7,12,2,14,5,1,189,1,14,-1,0
0028.txt,6,92,7,10,1,14,5,1,189,1,12,-1,0
0028.txt,6,96,7,11,3,8,8,6,208,1,4,2,0
0028.txt,6,98,7,9,3,8,8,6,208,1,2,2,1
0028.txt,6,105,7,8,3,14,5,1,189,1,10,17,1
0028.txt,6,111,8,1,0,7,1,0,116,1,1,1,1
0028.txt,6,117,8,8,1,14,5,1,189,1,9,15,1
0028.txt,6,117,8,8,1,10,9,0,208,1,3,3,1
0028.txt,6,133,7,5,3,7,1,6,162,1,4,4,1
0028.txt,6,140,10,5,2,13,4,0,143,1,4,3,0
0028.txt,6,165,13,3,3,13,6,0,172,1,3,1,0
0028.txt,6,167,13,5,3,13,6,0,172,1,1,1,1
0028.txt,6,201,9,8,3,10,9,0,208,1,2,1,0
0028.txt,6,209,0,12,1,2,11,0,246,1,3,1,0
0028.txt,6,211,2,12,1,2,11,0,246,1,1,1,1
0028.txt,6,226,8,8,2,9,8,0,232,1,1,1,1
0028.txt,6,247,13,14,0,12,14,0,250,1,1,3,0
0028.txt,6,250,13,13,2,13,9,0,252,1,4,2,0
0028.txt,8,51,0,16,0,5,15,0,71,1,6,4,0
0028.txt,8,51,0,16,0,2,11,0,246,1,7,5,0
0028.txt,8,65,8,12,0,7,11,0,89,1,2,1,0
0028.txt,8,66,1,16,1,2,11,0,246,1,8,3,0
0028.txt,8,67,0,16,1,2,11,0,246,1,7,2,0
0028.txt,8,68,12,12,0,15,12,0,110,2,3,3,0
0028.txt,8,71,0,15,1,2,11,0,246,1,6,2,1
0028.txt,8,76,0,15,0,2,11,0,246,1,6,2,0
0028.txt,8,77,0,14,0,2,11,0,221,3,5,1,0
0028.txt,8,78,0,13,0,2,11,0,221,3,4,1,1
0028.txt,8,89,7,12,0,14,5,1,189,1,14,-1,0
0028.txt,8,92,7,10,0,14,5,0,189,1,12,-1,0
0028.txt,8,96,7,11,1,14,5,1,189,1,13,-1,0
0028.txt,8,96,7,11,1,8,8,6,208,1,4,2,0
0028.txt,8,98,7,9,1,14,5,1,189,1,11,-1,1
0028.txt,8,98,7,9,1,8,8,6,208,1,2,2,1
0028.txt,8,105,7,8,1,14,5,1,189,1,10,17,1
0028.txt,8,105,7,8,1,10,9,0,208,1,4,3,1
0028.txt,8,108,12,9,1,13,12,3,168,1,4,6,0
0028.txt,8,109,13,9,1,13,12,3,168,1,3,4,1
0028.txt,8,111,8,1,0,7,1,0,116,1,1,1,1
0028.txt,8,117,8,8,0,7,8,3,119,1,1,2,1
0028.txt,8,117,8,8,0,14,5,0,189,1,9,17,1
0028.txt,8,117,8,8,0,10,9,0,208,1,3,3,1
0028.txt,8,119,9,8,1,14,5,1,189,1,8,14,0
0028.txt,8,119,9,8,1,10,9,0,208,1,2,2,0
0028.txt,8,120,7,0,0,3,1,0,144,1,5,3,0
0028.txt,8,140,10,5,0,13,4,0,143,1,4,3,0
0028.txt,8,141,11,5,0,13,4,0,143,1,3,2,1
0028.txt,8,156,13,7,0,14,8,0,158,1,2,4,0
0028.txt,8,164,13,2,0,13,6,0,172,1,4,2,0
0028.txt,8,165,13,3,1,13,6,0,172,1,3,1,0
0028.txt,8,167,13,5,1,13,6,0,172,1,1,1,1
0028.txt,8,178,13,5,0,12,5,0,180,1,1,1,1
0028.txt,8,189,9,8,0,10,9,0,208,1,2,2,0
0028.txt,8,197,0,12,1,2,11,0,246,1,3,1,0
0028.txt,8,201,9,8,1,10,9,0,208,1,2,1,0
0028.txt,8,209,0,12,0,2,11,0,221,3,3,1,0
0028.txt,8,211,2,12,0,2,11,0,221,3,1,1,1
0028.txt,8,224,6,8,0,10,9,0,237,2,5,3,0
0028.txt,8,225,7,8,0,9,8,0,232,1,2,1,0
0028.txt,8,226,8,8,0,9,8,0,232,1,1,1,1
0028.txt,8,230,13,9,0,13,12,0,256,1,3,3,0
0028.txt,8,238,11,9,0,14,9,5,246,1,3,2,1
0028.txt,8,247,13,14,0,12,14,0,250,1,1,3,0
0028.txt,8,250,13,13,0,13,9,0,252,1,4,2,0
0029.txt,6,16,6,16,0,8,15,0,168,1,3,2,0
0029.txt,6,19,6,15,0,8,15,0,168,1,2,1,0
0029.txt,6,29,1,15,0,3,12,0,60,1,5,4,0
0029.txt,6,31,2,15,0,3,12,0,60,1,4,3,0
0029.txt,6,34,3,15,1,3,12,1,60,1,3,2,0
0029.txt,6,35,3,14,1,3,12,1,60,1,2,2,1
0029.txt,6,35,3,14,1,5,12,0,109,1,4,5,1
0029.txt,6,41,5,0,0,6,2,0,52,1,3,6,0
0029.txt,6,43,4,14,3,4,12,2,60,1,2,2,0
0029.txt,6,45,6,0,0,6,2,0,52,1,2,3,1
0029.txt,6,45,6,0,0,6,1,0,85,1,1,1,1
0029.txt,6,47,4,14,0,4,12,2,60,1,2,1,0
0029.txt,6,47,4,14,0,5,12,0,109,1,3,2,0
0029.txt,6,48,16,6,0,10,4,0,89,1,8,19,0
0029.txt,6,54,7,6,0,9,0,0,145,2,8,18,0
0029.txt,6,55,5,14,1,4,12,2,60,1,3,2,0
0029.txt,6,55,5,14,1,5,12,0,109,1,2,1,0
0029.txt,6,56,5,13,1,4,12,2,60,1,2,2,0
0029.txt,6,56,5,13,1,5,12,0,109,1,1,1,0
0029.txt,6,57,12,2,0,16,2,0,97,1,4,8,0
0029.txt,6,62,9,1,0,10,2,0,72,1,2,1,0
0029.txt,6,62,9,1,0,8,10,0,253,1,10,22,0
0029.txt,6,66,15,6,0,10,4,0,89,1,7,15,0
0029.txt,6,66,15,6,0,9,2,4,237,1,10,21,0
0029.txt,6,68,14,5,0,10,4,0,89,1,5,11,1
0029.txt,6,68,14,5,0,9,2,4,237,1,8,15,1
0029.txt,6,69,5,5,0,9,2,3,180,1,7,28,0
0029.txt,6,70,13,5,0,10,4,0,89,1,4,7,1
0029.txt,6,72,9,2,2,8,10,0,253,1,9,20,0
0029.txt,6,81,13,5,0,10,4,0,89,1,4,7,0
0029.txt,6,82,12,5,0,10,4,0,89,1,3,5,1
0029.txt,6,84,11,5,0,10,4,0,89,1,2,3,0
0029.txt,6,93,15,13,0,8,12,0,158,1,8,9,0
0029.txt,6,93,15,13,0,6,5,0,187,1,17,-1,0
0029.txt,6,94,14,13,0,8,12,0,158,1,7,9,1
0029.txt,6,94,14,13,0,6,5,0,187,1,16,-1,1
0029.txt,6,95,14,10,0,8,12,0,158,1,8,15,0
0029.txt,6,96,14,2,0,6,5,0,187,1,11,-1,0
0029.txt,6,97,13,2,1,2,7,0,240,1,16,-1,0
0029.txt,6,97,13,2,1,4,6,0,247,1,13,-1,0
0029.txt,6,98,12,10,0,8,12,0,158,1,6,14,0
0029.txt,6,101,14,15,0,14,13,0,138,1,2,3,0
0029.txt,6,102,14,14,0,14,13,0,138,1,1,1,1
0029.txt,6,106,13,2,0,6,5,0,187,1,10,13,0
0029.txt,6,106,13,2,0,2,7,0,240,1,16,-1,0
0029.txt,6,106,13,2,0,4,6,0,247,1,13,-1,0
0029.txt,6,107,1,1,0,1,2,0,137,1,1,1,0
0029.txt,6,107,1,1,0,4,2,0,204,1,4,3,0
0029.txt,6,111,12,11,0,8,12,0,158,1,5,9,0
0029.txt,6,132,6,4,0,8,10,0,253,1,8,15,0
0029.txt,6,139,12,8,0,8,11,4,158,1,7,10,0
0029.txt,6,142,4,9,0,6,5,0,187,1,6,20,1
0029.txt,6,143,4,8,0,6,5,0,187,1,5,11,0
0029.txt,6,143,4,8,0,5,7,0,192,1,2,1,0
0029.txt,6,144,4,7,0,6,5,0,187,1,4,7,1
0029.txt,6,144,4,7,0,5,7,0,192,1,1,1,1
0029.txt,6,146,11,8,0,8,11,5,158,1,6,10,1
0029.txt,6,148,11,11,0,8,11,7,158,1,3,5,0
0029.txt,6,153,11,10,1,8,11,7,158,1,4,5,0
0029.txt,6,154,12,2,0,2,6,2,240,1,14,-1,0
0029.txt,6,154,12,2,0,4,6,0,247,1,12,-1,0
0029.txt,6,155,11,10,0,8,11,6,158,1,4,6,1
0029.txt,6,163,12,3,0,2,6,2,240,1,13,-1,1
0029.txt,6,163,12,3,0,4,6,0,247,1,11,-1,1
0029.txt,6,164,0,8,0,0,10,0,230,1,2,2,0
0029.txt,6,172,11,3,1,4,6,0,247,1,10,15,0
0029.txt,6,177,11,4,3,6,5,0,187,1,6,8,0
0029.txt,6,177,11,4,3,4,6,0,247,1,9,14,0
0029.txt,6,178,6,4,1,4,6,0,247,1,4,3,0
0029.txt,6,178,6,4,1,7,10,6,253,1,7,10,0
0029.txt,6,182,6,5,0,4,6,0,247,1,3,3,0
0029.txt,6,187,5,5,2,4,6,0,247,1,2,2,0
0029.txt,6,196,0,9,0,0,10,0,230,1,1,1,0
0029.txt,6,197,5,5,0,4,6,0,247,1,2,2,1
0029.txt,6,199,0,10,2,1,10,0,258,1,1,1,0
0029.txt,6,218,2,5,1,3,6,6,247,1,2,1,1
0029.txt,6,241,2,6,0,3,6,6,247,1,1,1,0
0029.txt,6,242,3,6,2,2,6,0,247,1,1,1,0
0029.txt,8,16,6,16,0,8,15,0,168,1,3,2,0
0029.txt,8,19,6,15,0,8,15,0,168,1,2,1,0
0029.txt,8,29,1,15,0,3,12,0,60,1,5,4,0
0029.txt,8,31,2,15,0,3,12,0,60,1,4,3,0
0029.txt,8,34,3,15,0,3,12,0,43,2,3,2,0
0029.txt,8,34,3,15,0,5,12,0,109,1,5,5,0
0029.txt,8,35,3,14,0,3,12,0,43,2,2,2,1
0029.txt,8,35,3,14,0,5,12,0,109,1,4,5,1
0029.txt,8,41,5,0,0,6,2,0,52,1,3,6,0
0029.txt,8,43,4,14,1,4,12,2,60,1,2,2,0
0029.txt,8,43,4,14,1,5,12,0,109,1,3,3,0
0029.txt,8,45,6,0,0,6,2,0,52,1,2,3,1
0029.txt,8,45,6,0,0,6,1,0,85,1,1,1,1
0029.txt,8,47,4,14,0,4,12,0,60,1,2,1,0
0029.txt,8,47,4,14,0,5,12,0,109,1,3,2,0
0029.txt,8,48,16,6,0,10,4,0,89,1,8,19,0
0029.txt,8,52,6,1,0,1,2,0,137,1,6,12,0
0029.txt,8,54,7,6,0,9,0,0,145,2,8,18,0
0029.txt,8,55,5,14,0,4,12,1,60,1,3,2,0
0029.txt,8,55,5,14,0,5,12,0,109,1,2,1,0
0029.txt,8,56,5,13,0,4,12,1,60,1,2,2,0
0029.txt,8,56,5,13,0,5,12,0,109,1,1,1,0
0029.txt,8,57,12,2,0,16,2,0,97,1,4,8,0
0029.txt,8,62,9,1,0,10,2,0,72,1,2,1,0
0029.txt,8,62,9,1,0,8,10,0,253,1,10,23,0
0029.txt,8,66,15,6,0,10,4,0,89,1,7,15,0
0029.txt,8,66,15,6,0,9,2,2,237,1,10,21,0
0029.txt,8,68,14,5,0,10,4,0,89,1,5,11,1
0029.txt,8,68,14,5,0,9,2,2,237,1,8,15,1
0029.txt,8,69,5,5,0,9,2,1,180,1,7,26,0
0029.txt,8,70,13,5,0,10,4,0,89,1,4,7,1
0029.txt,8,70,13,5,0,9,2,3,237,1,7,12,1
0029.txt,8,72,9,2,0,8,10,0,253,1,9,25,0
0029.txt,8,78,6,2,1,8,10,0,253,1,10,27,0
0029.txt,8,81,13,5,0,10,4,0,89,1,4,7,0
0029.txt,8,82,12,5,0,10,4,0,89,1,3,5,1
0029.txt,8,84,11,5,0,10,4,0,89,1,2,3,0
0029.txt,8,85,6,4,1,8,10,0,253,1,8,22,1
0029.txt,8,89,10,5,0,7,13,3,168,1,11,-1,0
0029.txt,8,93,15,13,0,8,12,0,158,1,8,9,0
0029.txt,8,93,15,13,0,6,5,0,187,1,17,-1,0
0029.txt,8,94,14,13,0,8,12,0,158,1,7,9,1
0029.txt,8,94,14,13,0,6,5,0,187,1,16,-1,1
0029.txt,8,95,14,10,0,8,12,0,158,1,8,15,0
0029.txt,8,96,14,2,0,6,5,0,187,1,11,-1,0
0029.txt,8,97,13,2,0,6,5,0,187,1,10,15,0
0029.txt,8,97,13,2,0,2,7,0,240,1,16,-1,0
0029.txt,8,97,13,2,0,4,6,0,247,1,13,-1,0
0029.txt,8,98,12,10,0,8,12,0,158,1,6,14,0
0029.txt,8,101,14,15,0,14,13,0,138,1,2,3,0
0029.txt,8,102,14,14,0,14,13,0,138,1,1,1,1
0029.txt,8,106,13,2,0,6,4,0,180,1,9,7,0
0029.txt,8,106,13,2,0,6,5,0,187,1,10,13,0
0029.txt,8,106,13,2,0,2,7,0,240,1,16,-1,0
0029.txt,8,106,13,2,0,4,6,0,247,1,13,-1,0
0029.txt,8,107,1,1,0,1,2,0,137,1,1,1,0
0029.txt,8,107,1,1,0,4,2,0,204,1,4,3,0
0029.txt,8,110,14,13,0,6,5,0,187,1,16,-1,0
0029.txt,8,111,12,11,0,8,12,0,158,1,5,9,0
0029.txt,8,118,7,5,0,8,5,2,147,1,1,1,0
0029.txt,8,120,8,13,0,8,12,0,157,2,1,1,0
0029.txt,8,126,14,10,0,15,9,0,159,1,2,1,0
0029.txt,8,132,6,4,0,8,10,0,253,1,8,15,0
0029.txt,8,133,1,2,0,4,2,0,204,1,3,2,0
0029.txt,8,134,2,2,0,4,2,0,204,1,2,1,0
0029.txt,8,135,3,2,0,4,2,0,204,1,1,1,1
0029.txt,8,139,12,8,0,8,11,2,158,1,7,10,0
0029.txt,8,139,12,8,0,11,9,0,159,1,2,2,0
0029.txt,8,139,12,8,0,7,11,1,185,1,8,12,0
0029.txt,8,142,4,9,0,6,5,0,187,1,6,20,1
0029.txt,8,142,4,9,0,12,2,0,197,1,15,-1,1
0029.txt,8,143,4,8,0,6,5,0,187,1,5,11,0
0029.txt,8,143,4,8,0,5,7,0,192,1,2,1,0
0029.txt,8,144,4,7,0,6,5,0,187,1,4,7,1
0029.txt,8,144,4,7,0,5,7,0,192,1,1,1,1
0029.txt,8,146,11,8,0,8,11,3,158,1,6,10,1
0029.txt,8,146,11,8,0,7,9,1,185,1,5,6,1
0029.txt,8,148,11,11,0,8,11,5,158,1,3,5,0
0029.txt,8,148,11,11,0,11,10,0,160,1,1,1,0
0029.txt,8,153,11,10,0,8,11,6,158,1,4,6,0
0029.txt,8,154,12,2,0,6,4,0,180,1,8,7,0
0029.txt,8,154,12,2,0,6,5,0,187,1,9,9,0
0029.txt,8,154,12,2,0,2,6,0,240,1,14,-1,0
0029.txt,8,154,12,2,0,4,6,0,247,1,12,-1,0
0029.txt,8,155,11,10,0,8,11,4,158,1,4,6,1
0029.txt,8,161,5,7,0,6,5,0,187,1,3,2,0
0029.txt,8,163,12,3,0,6,4,0,180,1,7,7,1
0029.txt,8,163,12,3,0,6,5,0,187,1,8,9,1
0029.txt,8,163,12,3,0,2,6,0,240,1,13,-1,1
0029.txt,8,163,12,3,0,4,6,0,247,1,11,-1,1
0029.txt,8,164,0,8,0,0,10,0,230,1,2,2,0
0029.txt,8,172,11,3,0,6,5,0,187,1,7,7,0
0029.txt,8,172,11,3,0,4,6,0,247,1,10,15,0
0029.txt,8,177,11,4,0,4,6,0,247,1,9,14,0
0029.txt,8,178,6,4,0,6,5,0,187,1,1,3,0
0029.txt,8,178,6,4,0,4,6,0,247,1,4,4,0
0029.txt,8,178,6,4,0,7,10,5,253,1,7,10,0
0029.txt,8,180,6,5,1,4,6,0,247,1,3,3,0
0029.txt,8,182,6,5,0,2,5,0,240,1,4,4,0
0029.txt,8,182,6,5,0,4,6,0,247,1,3,3,0
0029.txt,8,187,5,5,0,4,6,0,247,1,2,2,0
0029.txt,8,196,0,9,0,0,10,0,230,1,1,1,0
0029.txt,8,197,5,5,0,2,5,0,240,1,3,3,1
0029.txt,8,197,5,5,0,4,6,0,247,1,2,2,1
0029.txt,8,199,0,10,0,1,10,0,258,1,1,1,0
0029.txt,8,217,4,6,0,2,5,4,247,1,3,2,0
0029.txt,8,218,2,5,0,3,6,5,247,1,2,1,1
0029.txt,8,225,7,10,1,1,10,7,233,1,6,6,1
0029.txt,8,234,7,10,0,6,10,0,237,1,1,1,0
0029.txt,8,239,4,10,0,1,10,0,258,1,3,4,0
0029.txt,8,240,2,6,0,3,6,5,247,1,1,1,1
0029.txt,8,241,2,6,0,3,6,4,247,1,1,1,0
0029.txt,8,242,3,6,0,2,6,0,247,1,1,1,0
0030.txt,6,26,2,8,2,15,0,0,270,1,21,-1,0
0030.txt,6,28,3,7,3,15,0,0,270,1,19,-1,1
0030.txt,6,56,6,1,0,3,5,0,186,1,7,10,0
0030.txt,6,58,6,2,0,3,5,0,186,1,6,7,0
0030.txt,6,60,5,2,0,5,5,0,65,1,5,10,0
0030.txt,6,61,5,3,0,5,5,0,65,1,4,7,1
0030.txt,6,62,4,3,1,5,5,0,65,1,3,6,1
0030.txt,6,73,11,5,3,8,0,0,126,1,10,18,0
0030.txt,6,79,11,3,1,12,1,1,126,1,3,3,0
0030.txt,6,80,12,3,2,12,1,1,126,1,2,1,0
0030.txt,6,95,17,16,3,14,10,0,287,1,9,9,0
0030.txt,6,133,15,4,0,16,5,0,135,1,2,5,1
0030.txt,6,227,13,0,3,15,0,0,270,1,2,1,0
0030.txt,6,235,17,3,0,16,3,0,239,1,1,1,1
0030.txt,6,237,13,0,0,15,0,0,270,1,2,1,1
0030.txt,6,283,16,14,0,15,14,0,287,1,1,1,0
0030.txt,6,284,15,14,0,14,9,0,299,1,6,2,0
0030.txt,6,285,15,13,0,14,9,0,299,1,5,2,0
0030.txt,6,287,15,11,0,14,9,0,299,1,3,2,1
0030.txt,6,291,15,9,0,15,8,0,299,1,1,1,0
0030.txt,6,315,13,14,2,12,14,0,318,1,1,1,1
0030.txt,8,26,2,8,0,2,7,0,28,1,1,1,0
0030.txt,8,26,2,8,0,15,0,0,270,1,21,-1,0
0030.txt,8,27,2,7,1,15,0,0,270,1,20,-1,0
0030.txt,8,28,3,7,1,15,0,0,270,1,19,-1,1
0030.txt,8,36,3,5,1,4,5,1,47,1,1,1,0
0030.txt,8,36,3,5,1,15,0,0,270,1,17,-1,0
0030.txt,8,44,4,5,1,15,0,0,270,1,16,-1,0
0030.txt,8,45,5,5,1,15,0,0,270,1,15,-1,0
0030.txt,8,46,6,5,1,15,0,0,270,1,14,-1,1
0030.txt,8,47,8,5,0,15,0,0,270,1,12,-1,1
0030.txt,8,56,6,1,0,3,5,0,186,1,7,10,0
0030.txt,8,58,6,2,0,3,5,0,186,1,6,8,0
0030.txt,8,60,5,2,0,5,5,0,65,1,5,10,0
0030.txt,8,60,5,2,0,3,5,0,186,1,5,3,0
0030.txt,8,61,5,3,0,5,5,0,65,1,4,7,1
0030.txt,8,61,5,3,0,3,5,0,186,1,4,3,1
0030.txt,8,62,4,3,0,5,5,0,65,1,3,6,1
0030.txt,8,62,4,3,0,3,5,0,186,1,3,2,1
0030.txt,8,63,4,4,0,5,5,0,65,1,2,6,1
0030.txt,8,63,4,4,0,3,5,0,186,1,2,2,1
0030.txt,8,73,11,5,1,8,0,0,126,1,10,18,0
0030.txt,8,79,11,3,0,12,1,0,126,1,3,4,0
0030.txt,8,80,12,3,0,12,1,1,126,1,2,1,0
0030.txt,8,81,12,1,1,16,5,0,135,1,10,17,0
0030.txt,8,82,13,1,0,16,5,0,135,1,9,13,0
0030.txt,8,83,13,0,1,16,5,0,135,1,8,9,1
0030.txt,8,94,17,17,1,14,10,0,287,1,10,11,0
0030.txt,8,95,17,16,1,14,10,0,287,1,9,11,0
0030.txt,8,98,16,14,1,14,10,0,287,1,6,11,1
0030.txt,8,126,15,0,1,16,5,0,135,1,6,7,1
0030.txt,8,133,15,4,0,16,5,0,135,1,2,5,1
0030.txt,8,157,12,14,1,13,14,0,163,1,1,1,1
0030.txt,8,167,16,14,1,14,10,0,287,1,6,4,0
0030.txt,8,197,4,5,0,6,5,0,205,1,2,1,0
0030.txt,8,198,4,6,0,6,5,0,205,1,3,1,0
0030.txt,8,199,5,6,0,6,5,0,205,1,2,1,1
0030.txt,8,227,13,0,1,15,0,0,270,1,2,1,0
0030.txt,8,235,17,3,0,16,3,0,239,1,1,1,1
0030.txt,8,237,13,0,0,15,0,0,270,1,2,1,1
0030.txt,8,238,14,0,0,15,0,0,270,1,1,1,1
0030.txt,8,251,15,7,0,17,6,4,261,1,3,4,0
0030.txt,8,270,15,14,0,14,14,0,354,1,1,1,1
0030.txt,8,283,16,14,0,15,14,0,287,1,1,1,0
0030.txt,8,284,15,14,0,14,9,0,299,1,6,2,0
0030.txt,8,285,15,13,0,14,9,0,299,1,5,2,0
0030.txt,8,287,15,11,0,14,9,0,299,1,3,2,1
0030.txt,8,291,15,9,0,15,8,0,299,1,1,1,0
0030.txt,8,315,13,14,0,12,14,0,318,1,1,1,1
0031.txt,6,6,12,9,0,11,5,0,74,1,13,-1,0
0031.txt,6,6,12,9,0,8,5,0,76,1,8,8,0
0031.txt,6,41,11,9,0,7,4,0,74,1,9,11,1
0031.txt,6,41,11,9,0,8,5,0,76,1,7,9,1
0031.txt,6,42,10,9,1,7,4,0,74,1,8,12,0
0031.txt,6,42,10,9,1,8,5,0,76,1,6,8,0
0031.txt,6,43,9,9,1,7,4,0,74,1,7,12,0
0031.txt,6,43,9,9,1,8,5,0,76,1,5,8,0
0031.txt,6,49,5,12,0,2,10,0,62,1,5,3,0
0031.txt,6,54,2,10,0,4,11,0,57,1,3,2,0
0031.txt,6,68,8,8,1,7,4,0,74,1,5,7,1
0031.txt,6,68,8,8,1,8,5,0,76,1,5,6,1
0031.txt,6,69,7,8,3,7,4,0,74,1,4,6,0
0031.txt,6,69,7,8,3,8,5,0,76,1,4,5,0
0031.txt,6,72,7,5,3,7,4,0,74,1,1,4,1
0031.txt,6,72,7,5,3,8,5,0,76,1,1,3,1
0031.txt,6,72,7,5,3,6,5,0,90,1,1,1,1
0031.txt,6,74,7,5,3,8,5,0,76,1,1,4,0
0031.txt,6,74,7,5,3,6,5,0,90,1,1,1,0
0031.txt,6,76,7,5,3,6,5,0,90,1,1,1,0
0031.txt,6,77,7,11,0,8,12,0,79,1,2,1,0
0031.txt,6,98,4,8,0,4,10,0,101,1,2,2,0
0031.txt,6,99,4,9,2,4,10,0,101,1,1,1,1
0031.txt,8,6,12,9,0,11,5,0,74,1,13,-1,0
0031.txt,8,6,12,9,0,8,5,0,76,1,8,8,0
0031.txt,8,41,11,9,0,7,4,0,74,1,9,11,1
0031.txt,8,41,11,9,0,8,5,0,76,1,7,9,1
0031.txt,8,42,10,9,0,7,4,0,74,1,8,12,0
0031.txt,8,42,10,9,0,8,5,0,76,1,6,8,0
0031.txt,8,43,9,9,0,7,4,0,74,1,7,12,0
0031.txt,8,43,9,9,0,8,5,0,76,1,5,8,0
0031.txt,8,49,5,12,0,2,10,0,62,1,5,3,0
0031.txt,8,54,2,10,0,4,11,0,57,1,3,2,0
0031.txt,8,55,3,10,0,4,11,0,57,1,2,1,1
0031.txt,8,60,4,7,0,4,10,4,65,1,3,2,0
0031.txt,8,68,8,8,0,7,4,0,74,1,5,7,1
0031.txt,8,68,8,8,0,8,5,0,76,1,5,6,1
0031.txt,8,69,7,8,1,7,4,0,74,1,4,6,0
0031.txt,8,69,7,8,1,8,5,0,76,1,4,5,0
0031.txt,8,69,7,8,1,6,5,0,90,1,4,1,0
0031.txt,8,72,7,5,1,7,4,0,74,1,1,4,1
0031.txt,8,72,7,5,1,8,5,0,76,1,1,3,1
0031.txt,8,72,7,5,1,6,5,0,90,1,1,1,1
0031.txt,8,74,7,5,1,8,5,0,76,1,1,4,0
0031.txt,8,74,7,5,1,6,5,0,90,1,1,1,0
0031.txt,8,76,7,5,1,6,5,0,90,1,1,1,0
0031.txt,8,77,7,11,0,8,12,0,79,1,2,1,0
0031.txt,8,87,6,1,0,6,2,0,94,1,1,1,0
0031.txt,8,98,4,8,0,4,10,0,101,1,2,2,0
0031.txt,8,99,4,9,0,4,10,0,101,1,1,1,1
0032.txt,6,21,14,3,0,13,3,0,23,1,1,1,1
0032.txt,6,31,1,7,0,9,14,0,119,1,15,-1,0
0032.txt,6,47,1,8,0,3,9,0,105,1,3,2,1
0032.txt,6,47,1,8,0,9,14,0,119,1,14,-1,1
0032.txt,6,48,1,9,3,9,14,0,119,1,13,-1,0
0032.txt,6,55,1,9,3,9,14,0,119,1,13,-1,0
0032.txt,6,56,3,9,3,9,14,0,119,1,11,-1,1
0032.txt,6,63,12,4,0,12,5,0,65,1,1,1,1
0032.txt,6,79,10,14,2,7,14,0,100,1,3,1,0
0032.txt,6,82,8,14,3,7,14,0,100,1,1,1,1
0032.txt,6,90,8,14,2,7,14,0,100,1,1,1,1
0032.txt,6,97,8,9,3,11,15,0,119,1,9,5,0
0032.txt,6,98,11,9,1,11,15,0,119,1,6,3,1
0032.txt,6,99,11,10,3,11,15,0,119,1,5,2,0
0032.txt,6,113,11,10,1,12,6,1,134,1,5,1,0
0032.txt,6,116,12,15,0,14,15,0,119,1,2,1,0
0032.txt,6,117,13,15,0,14,15,0,119,1,1,1,1
0032.txt,6,124,4,9,3,12,6,1,134,1,11,-1,0
0032.txt,6,125,8,9,2,12,6,1,134,1,7,4,0
0032.txt,6,126,12,9,0,12,6,0,134,1,3,2,0
0032.txt,6,127,12,10,3,12,6,1,134,1,4,1,0
0032.txt,8,21,14,3,0,13,3,0,23,1,1,1,1
0032.txt,8,31,1,7,0,9,14,0,119,1,15,-1,0
0032.txt,8,47,1,8,0,3,9,0,105,1,3,2,1
0032.txt,8,47,1,8,0,9,14,0,119,1,14,-1,1
0032.txt,8,48,1,9,1,9,14,0,119,1,13,-1,0
0032.txt,8,52,10,1,0,10,3,0,54,1,2,1,0
0032.txt,8,55,1,9,1,9,14,0,119,1,13,-1,0
0032.txt,8,56,3,9,1,9,14,0,119,1,11,-1,1
0032.txt,8,57,1,9,0,3,9,0,105,1,2,2,1
0032.txt,8,63,12,4,0,12,5,0,65,1,1,1,1
0032.txt,8,66,12,8,0,11,9,0,69,1,2,1,0
0032.txt,8,75,11,10,0,12,6,1,134,1,5,5,1
0032.txt,8,76,11,13,0,9,14,0,82,1,3,3,0
0032.txt,8,78,11,14,0,9,14,0,82,1,2,3,0
0032.txt,8,78,11,14,0,7,14,0,100,1,4,1,0
0032.txt,8,79,10,14,0,9,14,0,82,1,1,2,0
0032.txt,8,79,10,14,0,7,14,0,100,1,3,1,0
0032.txt,8,81,9,14,1,7,14,0,100,1,2,1,0
0032.txt,8,82,8,14,1,7,14,0,100,1,1,1,1
0032.txt,8,90,8,14,0,7,14,0,100,1,1,1,1
0032.txt,8,91,2,9,0,3,9,0,105,1,1,1,0
0032.txt,8,92,7,9,1,8,8,0,97,2,2,1,1
0032.txt,8,92,7,9,1,11,15,0,119,1,10,10,1
0032.txt,8,97,8,9,2,11,15,0,119,1,9,6,0
0032.txt,8,98,11,9,0,11,15,0,119,1,6,4,1
0032.txt,8,99,11,10,1,11,15,0,119,1,5,2,0
0032.txt,8,99,11,10,1,12,6,1,134,1,5,1,0
0032.txt,8,102,4,4,0,3,3,0,106,1,2,1,0
0032.txt,8,113,11,10,0,12,6,0,134,1,5,1,0
0032.txt,8,116,12,15,0,14,15,0,119,1,2,1,0
0032.txt,8,117,13,15,0,14,15,0,119,1,1,1,1
0032.txt,8,124,4,9,1,12,6,1,134,1,11,-1,0
0032.txt,8,125,8,9,0,12,6,1,134,1,7,4,0
0032.txt,8,126,12,9,0,12,6,0,134,1,3,2,0
0032.txt,8,127,12,10,1,12,6,1,134,1,4,1,0
0033.txt,6,15,10,5,0,10,2,0,72,1,3,5,0
0033.txt,6,16,11,5,0,10,2,0,72,1,4,6,1
0033.txt,6,17,11,4,0,10,2,0,72,1,3,4,1
0033.txt,6,18,11,4,0,10,2,0,72,1,3,4,1
0033.txt,6,20,10,4,0,10,2,0,72,1,2,2,0
0033.txt,6,34,9,7,3,6,8,0,36,1,4,5,0
0033.txt,6,36,6,7,1,6,9,3,119,1,2,2,0
0033.txt,6,40,7,11,0,8,3,0,87,1,9,24,0
0033.txt,6,41,6,11,0,8,3,0,87,1,10,24,1
0033.txt,6,42,6,9,1,8,3,0,87,1,8,27,0
0033.txt,6,52,9,7,0,8,8,0,56,1,2,4,1
0033.txt,6,58,1,9,2,0,3,0,63,1,7,11,0
0033.txt,6,60,1,7,3,0,3,0,63,1,5,6,0
0033.txt,6,63,1,3,3,8,3,0,87,1,7,21,0
0033.txt,6,64,6,3,0,6,5,0,79,1,2,2,1
0033.txt,6,64,6,3,0,8,3,0,87,1,2,5,1
0033.txt,6,65,6,3,0,6,5,0,79,1,2,2,1
0033.txt,6,65,6,3,0,8,3,0,87,1,2,7,1
0033.txt,6,67,6,4,3,8,3,0,87,1,3,8,0
0033.txt,6,70,7,4,3,9,1,0,85,1,5,15,1
0033.txt,6,70,7,4,3,8,3,0,87,1,2,1,1
0033.txt,6,73,9,4,1,6,0,0,102,1,7,9,0
0033.txt,6,75,9,3,3,6,0,0,102,1,6,8,0
0033.txt,6,76,8,3,3,7,1,0,100,1,3,2,1
0033.txt,6,78,7,4,2,9,1,0,85,1,5,11,0
0033.txt,6,78,7,4,2,8,4,0,87,1,1,2,0
0033.txt,6,80,8,3,1,7,1,0,100,1,3,2,0
0033.txt,6,80,8,3,1,6,0,0,102,1,5,7,0
0033.txt,6,84,8,1,3,7,1,0,100,1,1,1,0
0033.txt,6,98,8,1,1,7,1,0,100,1,1,1,1
0033.txt,6,98,8,1,1,6,0,0,102,1,3,3,1
0033.txt,6,99,7,1,2,6,0,0,102,1,2,2,0
0033.txt,6,120,3,9,0,4,10,1,123,1,2,2,1
0033.txt,6,121,4,9,0,4,10,2,123,1,1,1,0
0033.txt,8,15,10,5,0,10,2,0,72,1,3,5,0
0033.txt,8,16,11,5,0,10,2,0,72,1,4,6,1
0033.txt,8,17,11,4,0,10,2,0,72,1,3,4,1
0033.txt,8,18,11,4,0,10,2,0,72,1,3,4,1
0033.txt,8,20,10,4,0,10,2,0,72,1,2,2,0
0033.txt,8,32,10,7,0,9,8,0,34,1,2,3,0
0033.txt,8,32,10,7,0,8,8,0,56,1,3,4,0
0033.txt,8,34,9,7,1,6,8,0,36,1,4,5,0
0033.txt,8,34,9,7,1,8,8,0,56,1,2,2,0
0033.txt,8,36,6,7,0,6,9,2,119,1,2,2,0
0033.txt,8,40,7,11,0,8,3,0,87,1,9,24,0
0033.txt,8,41,6,11,0,8,3,0,87,1,10,24,1
0033.txt,8,42,6,9,0,8,3,0,87,1,8,31,0
0033.txt,8,52,9,7,0,8,8,0,56,1,2,4,1
0033.txt,8,56,6,7,0,5,6,0,91,1,2,3,1
0033.txt,8,57,1,10,0,0,3,0,63,1,8,11,0
0033.txt,8,58,1,9,0,0,3,0,63,1,7,11,0
0033.txt,8,60,1,7,1,0,3,0,63,1,5,6,0
0033.txt,8,61,1,5,1,0,3,0,63,1,3,4,1
0033.txt,8,63,1,3,1,8,3,0,87,1,7,21,0
0033.txt,8,64,6,3,0,6,4,0,70,1,1,1,1
0033.txt,8,64,6,3,0,6,5,0,79,1,2,2,1
0033.txt,8,64,6,3,0,8,3,0,87,1,2,6,1
0033.txt,8,65,6,3,0,6,4,0,70,1,1,1,1
0033.txt,8,65,6,3,0,6,5,0,79,1,2,2,1
0033.txt,8,65,6,3,0,8,3,0,87,1,2,7,1
0033.txt,8,67,6,4,1,9,1,0,85,1,6,13,0
0033.txt,8,67,6,4,1,8,3,0,87,1,3,8,0
0033.txt,8,70,7,4,1,9,1,0,85,1,5,6,1
0033.txt,8,70,7,4,1,8,3,0,87,1,2,1,1
0033.txt,8,72,9,4,1,6,0,0,102,1,7,10,0
0033.txt,8,73,9,4,0,6,0,0,102,1,7,9,0
0033.txt,8,75,9,3,1,7,1,0,100,1,4,4,0
0033.txt,8,75,9,3,1,6,0,0,102,1,6,9,0
0033.txt,8,76,8,3,1,7,1,0,100,1,3,2,1
0033.txt,8,76,8,3,1,6,0,0,102,1,5,9,1
0033.txt,8,78,7,4,0,9,1,0,85,1,5,7,0
0033.txt,8,78,7,4,0,8,4,0,87,1,1,2,0
0033.txt,8,79,8,4,1,9,1,0,85,1,4,4,1
0033.txt,8,80,8,3,0,7,1,0,100,1,3,2,0
0033.txt,8,80,8,3,0,6,0,0,102,1,5,7,0
0033.txt,8,84,8,1,1,7,1,0,100,1,1,1,0
0033.txt,8,84,8,1,1,6,0,0,102,1,3,4,0
0033.txt,8,89,6,7,0,5,6,0,91,1,2,2,0
0033.txt,8,93,2,6,0,2,11,0,97,1,5,9,0
0033.txt,8,94,2,6,0,2,11,0,97,1,5,9,0
0033.txt,8,98,8,1,0,7,1,0,100,1,1,1,1
0033.txt,8,98,8,1,0,6,0,0,102,1,3,3,1
0033.txt,8,99,7,1,0,6,0,0,102,1,2,2,0
0033.txt,8,100,6,1,1,6,0,0,102,1,1,1,0
0033.txt,8,104,5,1,0,4,0,0,106,1,2,1,0
0033.txt,8,106,4,1,2,4,10,2,123,1,9,14,0
0033.txt,8,107,5,7,0,4,10,1,123,1,4,4,0
0033.txt,8,108,5,8,0,4,10,1,123,1,3,3,1
0033.txt,8,119,4,9,0,4,10,1,123,1,1,2,1
0033.txt,8,120,3,9,0,4,10,0,123,1,2,2,1
0033.txt,8,121,4,9,0,4,10,0,123,1,1,1,0
0033.txt,8,129,1,5,0,2,4,0,131,1,2,2,0
0034.txt,6,20,14,3,3,1,8,0,266,1,18,-1,1
0034.txt,6,20,14,3,3,6,2,0,400,1,9,20,1
0034.txt,6,27,13,3,0,11,2,0,36,1,3,11,0
0034.txt,6,27,13,3,0,6,2,0,400,1,8,18,0
0034.txt,6,29,12,3,1,11,3,1,36,1,1,3,0
0034.txt,6,29,12,3,1,6,2,0,400,1,7,16,0
0034.txt,6,33,11,3,3,6,2,0,400,1,6,10,0
0034.txt,6,35,10,2,3,6,2,0,400,1,4,7,1
0034.txt,6,36,8,2,3,6,2,0,400,1,2,3,0
0034.txt,6,37,8,2,2,6,2,0,400,1,2,3,1
0034.txt,6,43,10,4,0,5,8,0,161,1,9,19,0
0034.txt,6,47,0,0,0,0,2,0,54,1,2,3,0
0034.txt,6,47,0,0,0,1,8,0,70,1,13,-1,0
0034.txt,6,49,0,2,0,1,8,0,70,1,11,-1,0
0034.txt,6,50,0,3,0,1,8,0,70,1,10,10,0
0034.txt,6,51,1,3,0,1,8,0,70,1,9,10,1
0034.txt,6,52,1,4,0,1,8,0,70,1,8,9,0
0034.txt,6,53,2,4,0,1,8,0,70,1,7,9,1
0034.txt,6,54,3,4,1,1,8,0,70,1,6,8,1
0034.txt,6,55,3,4,0,1,8,0,70,1,6,18,1
0034.txt,6,56,3,5,0,1,8,0,70,1,5,14,1
0034.txt,6,61,3,6,2,1,8,0,70,1,4,5,1
0034.txt,6,85,18,17,0,18,16,0,87,1,1,1,0
0034.txt,6,85,18,17,0,18,15,0,92,1,2,2,0
0034.txt,6,96,17,8,0,17,9,0,105,1,1,2,0
0034.txt,6,116,11,15,0,16,15,0,137,1,7,11,1
0034.txt,6,139,6,14,0,9,5,4,289,1,12,-1,0
0034.txt,6,140,6,13,0,9,5,5,289,1,11,-1,1
0034.txt,6,151,9,5,2,9,10,1,161,1,5,5,0
0034.txt,6,152,9,7,0,9,10,1,161,1,3,3,1
0034.txt,6,153,9,8,2,9,7,1,155,1,1,2,1
0034.txt,6,166,8,13,0,8,10,3,169,1,3,5,0
0034.txt,6,184,2,10,0,4,11,0,196,1,3,7,0
0034.txt,6,185,2,11,0,4,11,0,196,1,2,6,0
0034.txt,6,186,3,11,0,4,11,0,196,1,1,4,1
0034.txt,6,208,1,14,0,0,11,0,213,1,4,2,0
0034.txt,6,209,0,14,0,0,11,0,213,1,3,2,1
0034.txt,6,211,0,13,1,0,12,0,213,1,1,1,1
0034.txt,6,228,8,3,3,6,2,0,400,1,3,2,0
0034.txt,6,229,7,3,3,6,2,0,400,1,2,1,0
0034.txt,6,230,7,4,3,6,2,0,400,1,3,1,1
0034.txt,6,236,7,5,0,6,2,0,400,1,4,3,0
0034.txt,6,241,5,2,0,6,2,0,243,1,1,1,0
0034.txt,6,253,7,1,0,8,1,2,261,1,1,1,0
0034.txt,6,253,7,1,0,7,10,0,395,1,13,-1,0
0034.txt,6,261,7,5,2,7,10,0,395,1,9,9,0
0034.txt,6,268,4,12,0,5,12,0,272,1,1,1,1
0034.txt,6,324,15,13,1,15,14,0,338,1,1,1,1
0034.txt,6,341,9,7,3,7,10,0,395,1,5,2,0
0034.txt,6,344,9,10,3,7,10,0,395,1,2,1,0
0034.txt,6,398,8,11,3,8,10,0,400,1,1,2,0
0034.txt,8,17,16,2,1,1,8,0,266,1,21,-1,0
0034.txt,8,17,16,2,1,6,2,0,400,1,12,-1,0
0034.txt,8,19,14,2,1,1,8,0,266,1,19,-1,1
0034.txt,8,19,14,2,1,6,2,0,400,1,10,24,1
0034.txt,8,20,14,3,1,1,8,0,266,1,18,-1,1
0034.txt,8,20,14,3,1,6,2,0,400,1,9,20,1
0034.txt,8,24,13,3,1,1,8,0,266,1,17,-1,1
0034.txt,8,24,13,3,1,6,2,0,400,1,8,18,1
0034.txt,8,27,13,3,0,11,2,0,36,1,3,11,0
0034.txt,8,27,13,3,0,6,2,0,400,1,8,18,0
0034.txt,8,29,12,3,0,11,3,0,36,1,1,1,0
0034.txt,8,29,12,3,0,6,2,0,400,1,7,16,0
0034.txt,8,33,11,3,1,6,2,0,400,1,6,10,0
0034.txt,8,34,10,3,1,6,2,0,400,1,5,8,0
0034.txt,8,35,10,2,1,6,2,0,400,1,4,7,1
0034.txt,8,36,8,2,1,6,2,0,400,1,2,3,0
0034.txt,8,37,8,2,0,6,2,0,400,1,2,3,1
0034.txt,8,43,10,4,0,5,8,0,161,1,9,19,0
0034.txt,8,47,0,0,0,0,2,0,54,1,2,3,0
0034.txt,8,47,0,0,0,1,8,0,70,1,13,-1,0
0034.txt,8,49,0,2,0,1,8,0,70,1,11,-1,0
0034.txt,8,50,0,3,0,1,8,0,70,1,10,10,0
0034.txt,8,51,1,3,0,1,8,0,70,1,9,10,1
0034.txt,8,52,1,4,0,1,8,0,70,1,8,9,0
0034.txt,8,53,2,4,0,1,8,0,70,1,7,9,1
0034.txt,8,54,3,4,0,1,8,0,70,1,6,9,1
0034.txt,8,55,3,4,0,1,8,0,70,1,6,19,1
0034.txt,8,56,3,5,0,1,8,0,70,1,5,15,1
0034.txt,8,61,3,6,0,1,8,0,70,1,4,5,1
0034.txt,8,78,9,4,0,9,5,1,152,2,1,1,0
0034.txt,8,85,18,17,0,18,16,0,87,1,1,1,0
0034.txt,8,85,18,17,0,18,15,0,92,1,2,2,0
0034.txt,8,86,18,16,0,18,15,0,92,1,1,1,0
0034.txt,8,96,17,8,0,17,9,0,105,1,1,2,0
0034.txt,8,104,15,13,0,18,13,0,338,1,3,7,1
0034.txt,8,116,11,15,0,16,15,0,137,1,7,11,1
0034.txt,8,139,6,14,0,9,5,2,161,2,12,-1,0
0034.txt,8,140,6,13,0,9,5,3,289,1,11,-1,1
0034.txt,8,145,6,12,0,9,5,5,155,2,10,34,1
0034.txt,8,146,6,11,0,9,5,6,157,1,9,32,0
0034.txt,8,147,7,11,0,9,5,6,157,1,8,30,0
0034.txt,8,151,9,5,0,9,10,1,161,1,5,12,0
0034.txt,8,152,9,7,0,9,10,0,161,1,3,4,1
0034.txt,8,152,9,7,0,11,12,0,173,1,9,28,1
0034.txt,8,153,9,8,0,9,7,1,155,1,1,6,1
0034.txt,8,155,9,6,1,9,7,0,157,1,1,3,0
0034.txt,8,166,8,13,0,8,10,1,169,1,3,5,0
0034.txt,8,167,8,10,0,11,12,0,173,1,5,15,0
0034.txt,8,169,8,12,0,11,12,0,173,1,3,4,0
0034.txt,8,184,2,10,0,4,11,0,196,1,3,7,0
0034.txt,8,185,2,11,0,4,11,0,196,1,2,6,0
0034.txt,8,186,3,11,0,4,11,0,196,1,1,4,1
0034.txt,8,208,1,14,0,0,11,0,213,1,4,2,0
0034.txt,8,209,0,14,0,0,11,0,213,1,3,2,1
0034.txt,8,211,0,13,0,0,12,0,213,1,1,1,1
0034.txt,8,228,8,3,1,6,2,0,400,1,3,2,0
0034.txt,8,229,7,3,1,6,2,0,400,1,2,1,0
0034.txt,8,230,7,4,1,6,2,0,400,1,3,1,1
0034.txt,8,236,7,5,0,9,5,2,266,1,2,1,0
0034.txt,8,236,7,5,0,6,2,0,400,1,4,4,0
0034.txt,8,241,5,2,0,6,2,0,243,1,1,1,0
0034.txt,8,253,7,1,0,8,1,0,261,1,1,1,0
0034.txt,8,253,7,1,0,7,10,0,395,1,13,-1,0
0034.txt,8,261,7,5,0,7,10,0,395,1,9,12,0
0034.txt,8,266,9,7,0,4,12,0,303,1,10,18,1
0034.txt,8,266,9,7,0,8,6,0,400,1,2,2,1
0034.txt,8,268,4,12,0,5,12,0,272,1,1,1,1
0034.txt,8,303,9,10,0,8,6,1,400,1,5,9,0
0034.txt,8,308,9,6,0,7,10,0,395,1,6,4,1
0034.txt,8,309,7,10,0,10,12,2,347,1,5,13,0
0034.txt,8,324,15,13,0,15,14,0,338,1,1,1,1
0034.txt,8,332,11,13,0,11,12,0,338,1,1,1,1
0034.txt,8,339,8,10,0,8,6,0,351,1,6,3,1
0034.txt,8,341,9,7,1,7,10,0,395,1,5,2,0
0034.txt,8,344,9,10,1,7,10,0,395,1,2,1,0
0034.txt,8,383,4,17,0,8,11,2,397,1,14,-1,0
0034.txt,8,389,7,18,0,8,11,3,397,1,8,8,0
0034.txt,8,392,8,13,0,8,11,3,397,1,2,4,1
0034.txt,8,398,8,11,1,8,10,0,400,1,1,2,0
0034.txt,8,407,8,17,0,7,17,0,411,1,1,1,1
0034.txt,8,418,8,15,0,8,16,0,432,1,1,1,1
0035.txt,6,4,7,10,0,7,5,0,48,1,29,-1,0
0035.txt,6,8,10,9,0,7,5,0,48,1,25,-1,0
0035.txt,6,22,0,1,0,3,7,0,46,1,9,4,0
0035.txt,6,24,1,2,0,4,4,0,28,2,5,2,0
0035.txt,6,24,1,2,0,3,7,0,30,2,7,3,0
0035.txt,6,25,1,3,0,4,4,0,28,2,4,1,0
0035.txt,6,25,1,3,0,3,7,0,30,2,6,2,0
0035.txt,6,26,2,3,0,4,4,0,28,2,3,1,1
0035.txt,6,26,2,3,0,3,7,0,30,2,5,2,1
0035.txt,6,27,4,4,0,3,7,0,30,1,4,2,0
0035.txt,6,38,10,5,0,2,4,2,48,1,13,-1,1
0035.txt,6,39,10,4,0,2,4,2,48,1,12,-1,1
0035.txt,8,4,7,10,0,7,5,0,48,1,29,-1,0
0035.txt,8,8,10,9,0,7,5,0,48,1,25,-1,0
0035.txt,8,22,0,1,0,3,7,0,46,1,9,4,0
0035.txt,8,24,1,2,0,4,4,0,28,2,5,2,0
0035.txt,8,24,1,2,0,3,7,0,30,2,7,3,0
0035.txt,8,25,1,3,0,4,4,0,28,2,4,1,0
0035.txt,8,25,1,3,0,3,7,0,30,2,6,2,0
0035.txt,8,26,2,3,0,4,4,0,28,2,3,1,1
0035.txt,8,26,2,3,0,3,7,0,30,2,5,2,1
0035.txt,8,27,4,4,0,3,7,0,30,1,4,2,0
0035.txt,8,28,2,4,0,3,7,0,30,2,4,2,0
0035.txt,8,38,10,5,0,2,4,0,48,1,13,-1,1
0035.txt,8,39,10,4,0,2,4,0,48,1,12,-1,1
0036.txt,6,7,1,12,0,1,5,0,187,1,7,19,0
0036.txt,6,9,0,12,0,1,5,0,187,1,8,12,0
0036.txt,6,10,0,11,0,1,5,0,187,1,7,10,1
0036.txt,6,12,7,10,0,7,12,0,18,1,2,14,0
0036.txt,6,15,8,13,0,7,12,0,18,1,2,8,0
0036.txt,6,15,8,13,0,6,4,0,142,1,11,-1,0
0036.txt,6,16,7,13,0,7,12,0,18,1,1,3,0
0036.txt,6,16,7,13,0,6,4,0,142,1,10,39,0
0036.txt,6,17,7,12,0,6,4,0,142,1,9,42,0
0036.txt,6,18,7,11,1,6,4,0,142,1,8,41,0
0036.txt,6,20,11,13,0,10,11,0,62,1,3,4,0
0036.txt,6,22,11,12,0,10,11,1,63,1,2,2,0
0036.txt,6,22,11,12,0,12,6,0,181,1,7,17,0
0036.txt,6,22,11,12,0,12,10,0,195,1,3,4,0
0036.txt,6,26,7,1,0,4,4,0,46,1,6,20,0
0036.txt,6,26,7,1,0,5,0,0,47,1,3,6,0
0036.txt,6,27,6,1,0,4,4,0,46,1,5,13,0
0036.txt,6,27,6,1,0,5,0,0,47,1,2,2,0
0036.txt,6,28,5,0,0,4,4,0,46,1,5,5,0
0036.txt,6,28,5,0,0,10,4,0,60,1,9,37,0
0036.txt,6,30,12,0,0,13,3,0,37,1,4,6,0
0036.txt,6,31,13,0,0,13,1,0,33,1,1,1,0
0036.txt,6,31,13,0,0,13,3,0,37,1,3,3,0
0036.txt,6,35,13,2,0,13,3,0,37,1,1,2,1
0036.txt,6,36,13,3,1,1,5,0,187,1,14,-1,0
0036.txt,6,37,12,3,1,1,5,0,187,1,13,-1,1
0036.txt,6,43,5,1,0,4,4,0,46,1,4,7,0
0036.txt,6,43,5,1,0,11,2,3,58,1,7,22,0
0036.txt,6,43,5,1,0,10,4,0,60,1,8,27,0
0036.txt,6,44,5,2,0,4,4,0,46,1,3,6,1
0036.txt,6,44,5,2,0,10,4,0,60,1,7,25,1
0036.txt,6,44,5,2,0,3,5,0,153,1,5,16,1
0036.txt,6,46,5,4,1,10,4,0,60,1,5,15,0
0036.txt,6,48,8,3,0,7,4,0,112,1,2,6,1
0036.txt,6,48,8,3,0,1,4,0,120,1,8,29,1
0036.txt,6,48,8,3,0,1,5,0,187,1,9,40,1
0036.txt,6,49,8,4,3,7,4,0,112,1,1,1,0
0036.txt,6,49,8,4,3,1,4,0,120,1,7,24,0
0036.txt,6,49,8,4,3,1,5,0,187,1,8,37,0
0036.txt,6,50,8,4,0,11,2,2,58,1,5,13,1
0036.txt,6,50,8,4,0,10,4,0,60,1,2,2,1
0036.txt,6,51,9,4,0,11,2,2,58,1,4,8,1
0036.txt,6,51,9,4,0,10,4,0,60,1,1,1,1
0036.txt,6,52,10,4,0,11,2,3,58,1,3,4,0
0036.txt,6,63,11,11,1,12,6,0,181,1,6,17,0
0036.txt,6,63,11,11,1,12,10,0,195,1,2,2,0
0036.txt,6,69,12,10,0,11,8,0,168,1,3,6,0
0036.txt,6,70,11,11,0,12,6,0,181,1,6,10,1
0036.txt,6,70,11,11,0,11,10,2,195,1,1,1,1
0036.txt,6,71,11,10,3,12,6,0,181,1,5,7,0
0036.txt,6,72,7,11,2,6,4,0,142,1,8,28,0
0036.txt,6,73,6,11,3,7,8,0,140,1,4,2,1
0036.txt,6,73,6,11,3,6,4,0,142,1,7,18,1
0036.txt,6,74,6,11,2,6,4,0,142,1,7,19,0
0036.txt,6,78,6,10,1,6,4,0,142,1,6,19,1
0036.txt,6,79,0,10,0,1,5,0,187,1,6,8,1
0036.txt,6,84,1,10,3,1,5,0,187,1,5,4,0
0036.txt,6,85,1,6,3,1,5,0,187,1,1,1,0
0036.txt,6,90,12,8,0,3,6,0,147,1,11,-1,0
0036.txt,6,90,12,8,0,3,5,0,153,1,12,-1,0
0036.txt,6,91,11,8,1,10,6,0,102,1,3,3,0
0036.txt,6,91,11,8,1,3,6,0,147,1,10,27,0
0036.txt,6,91,11,8,1,3,5,0,153,1,11,-1,0
0036.txt,6,93,11,7,1,10,7,1,102,1,1,1,0
0036.txt,6,93,11,7,1,5,9,0,107,1,8,17,0
0036.txt,6,93,11,7,1,3,6,0,147,1,9,26,0
0036.txt,6,93,11,7,1,3,5,0,153,1,10,27,0
0036.txt,6,94,10,7,3,5,9,0,107,1,7,12,0
0036.txt,6,94,10,7,3,3,6,0,147,1,8,27,0
0036.txt,6,94,10,7,3,3,5,0,153,1,9,29,0
0036.txt,6,102,8,7,3,3,6,0,147,1,6,24,0
0036.txt,6,102,8,7,3,3,5,0,153,1,7,25,0
0036.txt,6,103,8,7,2,5,9,0,107,1,5,9,1
0036.txt,6,103,8,7,2,3,6,0,147,1,6,24,1
0036.txt,6,103,8,7,2,3,5,0,153,1,7,25,1
0036.txt,6,104,7,7,2,3,6,0,147,1,5,23,1
0036.txt,6,104,7,7,2,3,5,0,153,1,6,24,1
0036.txt,6,107,5,7,3,3,6,0,147,1,3,16,0
0036.txt,6,107,5,7,3,3,5,0,153,1,4,18,0
0036.txt,6,108,5,2,0,3,5,0,153,1,5,15,0
0036.txt,6,109,4,2,0,3,5,0,153,1,4,11,0
0036.txt,6,110,3,2,0,3,5,0,153,1,3,8,1
0036.txt,6,111,7,4,2,1,5,0,187,1,7,29,0
0036.txt,6,112,6,4,3,1,5,0,187,1,6,20,0
0036.txt,6,113,6,4,2,1,5,0,187,1,6,25,1
0036.txt,6,116,5,7,1,3,6,0,147,1,3,13,1
0036.txt,6,116,5,7,1,3,5,0,153,1,4,14,1
0036.txt,6,118,1,4,2,1,5,0,187,1,1,1,0
0036.txt,6,119,1,4,0,1,5,0,187,1,1,3,0
0036.txt,6,120,2,4,3,1,5,0,187,1,2,5,0
0036.txt,6,128,11,9,1,12,6,0,181,1,4,5,1
0036.txt,6,129,11,8,3,12,6,0,181,1,3,3,1
0036.txt,6,130,11,8,2,12,6,0,181,1,3,2,0
0036.txt,6,133,6,10,0,6,4,0,142,1,6,11,0
0036.txt,6,136,6,9,0,6,4,0,142,1,5,6,1
0036.txt,6,137,6,8,2,6,4,0,142,1,4,6,0
0036.txt,6,138,6,7,2,6,4,0,142,1,3,7,0
0036.txt,6,139,6,6,2,6,4,0,142,1,2,2,1
0036.txt,6,140,6,5,3,6,4,0,142,1,1,2,1
0036.txt,6,143,4,7,1,3,6,0,147,1,2,6,1
0036.txt,6,143,4,7,1,3,5,0,153,1,3,7,1
0036.txt,6,145,3,7,4,3,6,0,147,1,1,2,0
0036.txt,6,145,3,7,4,3,5,0,153,1,2,4,0
0036.txt,6,154,2,4,2,1,5,0,187,1,2,2,1
0036.txt,6,163,1,6,0,1,5,1,166,1,1,1,0
0036.txt,6,168,11,7,2,12,6,0,181,1,2,2,1
0036.txt,8,7,1,12,0,1,5,0,187,1,7,19,0
0036.txt,8,9,0,12,0,1,5,0,187,1,8,12,0
0036.txt,8,10,0,11,0,1,5,0,187,1,7,10,1
0036.txt,8,12,7,10,0,7,12,0,18,1,2,14,0
0036.txt,8,15,8,13,0,7,12,0,18,1,2,8,0
0036.txt,8,15,8,13,0,6,4,0,142,1,11,-1,0
0036.txt,8,16,7,13,0,7,12,0,18,1,1,3,0
0036.txt,8,16,7,13,0,6,4,0,142,1,10,39,0
0036.txt,8,17,7,12,0,6,4,0,142,1,9,42,0
0036.txt,8,18,7,11,0,7,8,0,140,1,3,2,0
0036.txt,8,18,7,11,0,6,4,0,142,1,8,41,0
0036.txt,8,20,11,13,0,10,11,0,62,1,3,4,0
0036.txt,8,22,11,12,0,10,11,0,62,2,2,2,0
0036.txt,8,22,11,12,0,12,6,0,181,1,7,17,0
0036.txt,8,22,11,12,0,12,10,0,195,1,3,4,0
0036.txt,8,26,7,1,0,4,4,0,46,1,6,20,0
0036.txt,8,26,7,1,0,5,0,0,47,1,3,6,0
0036.txt,8,27,6,1,0,4,4,0,46,1,5,13,0
0036.txt,8,27,6,1,0,5,0,0,47,1,2,2,0
0036.txt,8,28,5,0,0,4,4,0,46,1,5,5,0
0036.txt,8,28,5,0,0,10,4,0,60,1,9,37,0
0036.txt,8,30,12,0,0,13,3,0,37,1,4,6,0
0036.txt,8,31,13,0,0,13,1,0,33,1,1,1,0
0036.txt,8,31,13,0,0,13,3,0,37,1,3,3,0
0036.txt,8,32,13,1,0,13,3,0,37,1,2,2,0
0036.txt,8,33,13,2,0,13,3,0,37,1,1,2,1
0036.txt,8,35,13,2,0,13,3,0,37,1,1,2,1
0036.txt,8,36,13,3,0,1,5,0,187,1,14,-1,0
0036.txt,8,37,12,3,0,1,5,0,187,1,13,-1,1
0036.txt,8,43,5,1,0,4,4,0,46,1,4,7,0
0036.txt,8,43,5,1,0,11,2,1,58,1,7,22,0
0036.txt,8,43,5,1,0,10,4,0,60,1,8,27,0
0036.txt,8,43,5,1,0,8,3,0,113,1,5,12,0
0036.txt,8,44,5,2,0,4,4,0,46,1,3,6,1
0036.txt,8,44,5,2,0,11,2,2,58,1,6,19,1
0036.txt,8,44,5,2,0,10,4,0,60,1,7,25,1
0036.txt,8,44,5,2,0,3,5,0,153,1,5,16,1
0036.txt,8,46,5,4,0,11,2,3,58,1,8,33,0
0036.txt,8,46,5,4,0,10,4,0,60,1,5,15,0
0036.txt,8,47,5,4,0,11,2,2,58,1,8,33,0
0036.txt,8,47,5,4,0,10,4,0,60,1,5,19,0
0036.txt,8,48,8,3,0,7,4,0,112,1,2,6,1
0036.txt,8,48,8,3,0,1,4,0,120,1,8,30,1
0036.txt,8,48,8,3,0,1,5,0,187,1,9,40,1
0036.txt,8,49,8,4,1,7,4,0,112,1,1,1,0
0036.txt,8,49,8,4,1,1,4,0,120,1,7,25,0
0036.txt,8,49,8,4,1,1,5,0,187,1,8,29,0
0036.txt,8,50,8,4,0,11,2,0,58,1,5,7,1
0036.txt,8,50,8,4,0,10,4,0,60,1,2,2,1
0036.txt,8,51,9,4,0,11,2,0,58,1,4,4,1
0036.txt,8,51,9,4,0,10,4,0,60,1,1,1,1
0036.txt,8,52,10,4,0,11,2,1,54,3,3,4,0
0036.txt,8,59,6,4,0,7,4,1,113,1,1,2,1
0036.txt,8,62,11,11,1,12,6,0,181,1,6,18,0
0036.txt,8,62,11,11,1,12,10,0,195,1,2,2,0
0036.txt,8,63,11,11,0,12,6,0,181,1,6,18,0
0036.txt,8,63,11,11,0,12,10,0,195,1,2,2,0
0036.txt,8,69,12,10,0,11,8,0,168,1,3,6,0
0036.txt,8,70,11,11,0,11,8,0,168,1,3,3,1
0036.txt,8,70,11,11,0,12,6,0,181,1,6,10,1
0036.txt,8,70,11,11,0,11,10,0,195,1,1,1,1
0036.txt,8,71,11,10,1,12,6,0,181,1,5,8,0
0036.txt,8,72,7,11,0,7,8,0,140,1,3,1,0
0036.txt,8,72,7,11,0,6,4,0,142,1,8,28,0
0036.txt,8,73,6,11,1,7,8,0,140,1,4,3,1
0036.txt,8,73,6,11,1,6,4,0,142,1,7,19,1
0036.txt,8,74,6,11,0,4,10,0,77,1,3,1,0
0036.txt,8,74,6,11,0,6,4,0,142,1,7,23,0
0036.txt,8,77,6,10,1,6,4,0,142,1,6,22,0
0036.txt,8,78,6,10,0,6,4,0,142,1,6,21,1
0036.txt,8,79,0,10,0,1,5,0,187,1,6,8,1
0036.txt,8,84,1,10,1,1,5,0,187,1,5,4,0
0036.txt,8,85,1,6,1,1,5,0,187,1,1,1,0
0036.txt,8,90,12,8,0,3,6,0,147,1,11,-1,0
0036.txt,8,90,12,8,0,3,5,0,153,1,12,-1,0
0036.txt,8,91,11,8,0,10,6,0,102,1,3,3,0
0036.txt,8,91,11,8,0,3,6,0,147,1,10,28,0
0036.txt,8,91,11,8,0,3,5,0,153,1,11,-1,0
0036.txt,8,93,11,7,0,10,7,0,102,1,1,1,0
0036.txt,8,93,11,7,0,8,7,0,104,1,3,3,0
0036.txt,8,93,11,7,0,5,9,0,107,1,8,18,0
0036.txt,8,93,11,7,0,3,6,0,147,1,9,27,0
0036.txt,8,93,11,7,0,3,5,0,153,1,10,28,0
0036.txt,8,94,10,7,1,8,7,0,104,1,2,1,0
0036.txt,8,94,10,7,1,5,9,0,107,1,7,14,0
0036.txt,8,94,10,7,1,3,6,0,147,1,8,27,0
0036.txt,8,94,10,7,1,3,5,0,153,1,9,29,0
0036.txt,8,99,2,11,0,1,10,0,101,1,2,1,0
0036.txt,8,101,2,10,1,8,7,7,156,1,9,19,0
0036.txt,8,102,8,7,1,5,9,0,107,1,5,9,0
0036.txt,8,102,8,7,1,3,6,0,147,1,6,24,0
0036.txt,8,102,8,7,1,3,5,0,153,1,7,25,0
0036.txt,8,103,8,7,0,5,9,0,107,1,5,9,1
0036.txt,8,103,8,7,0,3,6,0,147,1,6,24,1
0036.txt,8,103,8,7,0,3,5,0,153,1,7,25,1
0036.txt,8,104,7,7,0,5,9,0,107,1,4,7,1
0036.txt,8,104,7,7,0,3,6,0,147,1,5,23,1
0036.txt,8,104,7,7,0,3,5,0,153,1,6,24,1
0036.txt,8,107,5,7,1,3,6,0,147,1,3,16,0
0036.txt,8,107,5,7,1,3,5,0,153,1,4,18,0
0036.txt,8,108,5,2,0,3,5,0,153,1,5,16,0
0036.txt,8,109,4,2,0,3,5,0,153,1,4,12,0
0036.txt,8,110,3,2,0,3,5,0,153,1,3,9,1
0036.txt,8,111,7,4,0,1,5,0,187,1,7,23,0
0036.txt,8,112,6,4,1,1,5,0,187,1,6,20,0
0036.txt,8,113,6,4,0,1,5,0,187,1,6,21,1
0036.txt,8,116,5,7,0,3,6,0,147,1,3,13,1
0036.txt,8,116,5,7,0,3,5,0,153,1,4,14,1
0036.txt,8,118,1,4,0,1,5,0,187,1,1,1,0
0036.txt,8,119,1,4,0,1,5,0,187,1,1,3,0
0036.txt,8,120,2,4,1,1,0,0,171,1,5,13,0
0036.txt,8,120,2,4,1,1,5,0,187,1,2,5,0
0036.txt,8,128,11,9,0,11,8,0,168,1,1,1,1
0036.txt,8,128,11,9,0,12,6,0,181,1,4,7,1
0036.txt,8,129,11,8,1,12,6,0,181,1,3,3,1
0036.txt,8,130,11,8,0,10,7,0,132,1,2,1,0
0036.txt,8,130,11,8,0,12,6,0,181,1,3,2,0
0036.txt,8,132,11,7,1,12,6,0,181,1,2,1,0
0036.txt,8,133,6,10,0,6,4,0,142,1,6,12,0
0036.txt,8,136,6,9,0,6,8,0,140,1,1,1,1
0036.txt,8,136,6,9,0,6,4,0,142,1,5,7,1
0036.txt,8,137,6,8,0,6,4,0,142,1,4,6,0
0036.txt,8,138,6,7,0,6,4,0,142,1,3,4,0
0036.txt,8,139,6,6,0,6,4,0,142,1,2,2,1
0036.txt,8,140,6,5,1,6,4,0,142,1,1,1,1
0036.txt,8,143,4,7,0,3,8,0,145,1,2,3,1
0036.txt,8,143,4,7,0,3,6,0,147,1,2,6,1
0036.txt,8,143,4,7,0,3,5,0,153,1,3,7,1
0036.txt,8,145,3,7,0,3,6,0,147,1,1,3,0
0036.txt,8,145,3,7,0,3,5,0,153,1,2,4,0
0036.txt,8,150,3,3,0,3,5,0,153,1,2,2,0
0036.txt,8,151,3,4,0,3,5,0,153,1,1,1,1
0036.txt,8,152,3,5,1,2,4,6,155,1,2,1,1
0036.txt,8,154,2,4,0,1,5,0,187,1,2,2,1
0036.txt,8,159,2,2,0,2,1,0,162,1,1,1,0
0036.txt,8,163,1,6,0,1,5,0,166,1,1,1,0
0036.txt,8,168,11,7,0,12,6,0,181,1,2,2,1
0036.txt,8,179,11,7,0,11,6,0,181,1,1,1,1
0036.txt,8,181,11,5,3,5,5,2,194,1,6,9,1
0037.txt,6,6,14,0,0,14,1,0,160,1,1,1,0
0037.txt,6,38,15,3,0,13,2,0,160,2,3,1,0
0037.txt,6,56,1,3,0,5,5,0,198,1,6,2,0
0037.txt,6,59,2,3,1,5,5,0,198,1,5,1,0
0037.txt,6,60,3,3,1,5,5,0,198,1,4,1,0
0037.txt,6,67,4,10,0,9,9,0,239,1,6,5,0
0037.txt,6,68,5,10,0,9,9,0,239,1,5,3,0
0037.txt,6,73,4,5,1,5,5,0,198,1,1,1,1
0037.txt,6,74,4,5,0,5,5,0,198,1,1,1,0
0037.txt,6,81,18,8,0,17,5,0,145,1,4,5,0
0037.txt,6,82,18,7,0,17,5,0,145,1,3,1,1
0037.txt,6,83,18,6,0,17,5,0,145,1,2,1,1
0037.txt,6,112,8,4,0,12,9,0,178,1,9,16,1
0037.txt,6,125,18,5,0,17,5,0,145,1,1,1,0
0037.txt,6,125,18,5,0,15,5,0,161,1,3,2,0
0037.txt,6,127,17,5,0,15,5,0,161,1,2,1,0
0037.txt,6,128,16,5,0,15,5,0,161,1,1,1,1
0037.txt,6,134,9,4,0,12,9,0,178,1,8,7,0
0037.txt,6,145,13,6,1,14,6,0,161,1,1,1,1
0037.txt,6,148,10,4,3,12,10,2,178,1,8,7,0
0037.txt,6,149,11,4,3,12,10,2,178,1,9,7,0
0037.txt,6,151,12,5,3,12,10,2,178,1,7,7,1
0037.txt,6,152,13,5,3,12,10,2,178,1,6,6,1
0037.txt,6,155,13,7,3,12,10,2,178,1,4,8,0
0037.txt,6,175,17,15,1,17,16,0,206,1,1,1,1
0037.txt,6,178,13,11,3,13,13,1,182,1,2,2,1
0037.txt,6,182,13,11,3,11,16,0,195,1,7,5,0
0037.txt,6,190,13,13,3,12,17,0,193,1,5,7,0
0037.txt,6,193,12,16,2,7,16,0,203,1,5,2,0
0037.txt,6,194,11,16,0,7,16,1,204,1,4,2,0
0037.txt,6,206,17,17,6,13,17,0,214,1,4,3,1
0037.txt,8,6,14,0,0,14,1,0,160,1,1,1,0
0037.txt,8,38,15,3,0,13,2,0,160,2,3,1,0
0037.txt,8,56,1,3,0,5,5,0,198,1,6,2,0
0037.txt,8,59,2,3,0,5,5,0,198,1,5,1,0
0037.txt,8,60,3,3,0,5,5,0,198,1,4,1,0
0037.txt,8,64,4,10,0,5,10,0,84,1,1,1,0
0037.txt,8,64,4,10,0,9,9,0,239,1,6,5,0
0037.txt,8,67,4,10,0,9,9,0,239,1,6,5,0
0037.txt,8,68,5,10,0,9,9,0,239,1,5,3,0
0037.txt,8,73,4,5,0,5,5,0,198,1,1,1,1
0037.txt,8,74,4,5,0,5,5,0,198,1,1,1,0
0037.txt,8,75,5,6,0,5,5,0,86,1,1,2,0
0037.txt,8,76,4,7,0,5,5,5,142,1,3,1,0
0037.txt,8,81,18,8,0,17,5,0,145,1,4,5,0
0037.txt,8,82,18,7,0,17,5,0,145,1,3,1,1
0037.txt,8,83,18,6,0,17,5,0,145,1,2,1,1
0037.txt,8,85,8,10,0,9,9,0,105,2,2,1,1
0037.txt,8,91,5,7,0,6,7,0,142,1,1,1,1
0037.txt,8,112,8,4,0,12,9,0,178,1,9,16,1
0037.txt,8,114,8,12,0,6,10,1,198,1,4,1,0
0037.txt,8,125,18,5,0,17,5,0,145,1,1,1,0
0037.txt,8,125,18,5,0,15,5,0,161,1,3,2,0
0037.txt,8,127,17,5,0,15,5,0,161,1,2,1,0
0037.txt,8,128,16,5,0,15,5,0,161,1,1,1,1
0037.txt,8,134,9,4,0,12,9,0,178,1,8,7,0
0037.txt,8,145,13,6,0,14,6,0,161,1,1,1,1
0037.txt,8,148,10,4,1,12,10,2,178,1,8,7,0
0037.txt,8,149,11,4,1,12,10,2,178,1,9,7,0
0037.txt,8,151,12,5,1,12,10,2,178,1,7,7,1
0037.txt,8,152,13,5,1,12,10,2,178,1,6,6,1
0037.txt,8,153,13,4,0,13,6,3,167,1,2,2,1
0037.txt,8,155,13,7,1,12,10,2,178,1,4,5,0
0037.txt,8,162,13,5,0,13,10,4,167,1,5,4,1
0037.txt,8,167,13,14,0,12,12,2,239,1,3,3,1
0037.txt,8,174,17,14,0,17,16,0,206,1,2,1,0
0037.txt,8,175,17,15,0,17,16,0,206,1,1,1,1
0037.txt,8,178,13,11,1,13,13,1,182,1,2,3,1
0037.txt,8,182,13,11,1,11,16,0,195,1,7,6,0
0037.txt,8,185,13,11,0,13,12,0,190,1,1,1,0
0037.txt,8,186,13,12,0,12,17,0,193,1,6,11,1
0037.txt,8,190,13,13,1,12,17,0,193,1,5,7,0
0037.txt,8,191,13,16,0,12,17,0,193,1,2,5,1
0037.txt,8,193,12,16,0,7,16,0,203,1,5,5,0
0037.txt,8,194,11,16,0,7,16,0,203,2,4,2,0
0037.txt,8,205,5,17,0,4,17,0,209,1,1,1,1
0037.txt,8,208,12,17,0,13,17,0,214,1,1,3,0
0037.txt,8,215,7,16,0,7,17,0,221,1,1,1,1
0038.txt,6,9,2,1,0,4,0,0,76,1,3,2,0
0038.txt,6,13,2,2,0,5,2,0,76,1,5,5,0
0038.txt,6,29,4,4,0,5,2,0,76,1,3,3,0
0038.txt,6,30,2,3,0,5,2,0,76,1,4,2,0
0038.txt,6,31,3,3,0,5,2,0,76,1,3,2,1
0038.txt,6,32,4,3,2,5,2,0,76,1,2,1,0
0038.txt,6,33,5,3,2,5,2,0,76,1,1,1,0
0038.txt,6,33,5,3,2,13,3,0,129,1,10,8,0
0038.txt,6,34,0,13,0,1,13,0,68,1,1,1,0
0038.txt,6,45,2,14,0,1,13,0,68,1,2,2,0
0038.txt,6,47,2,13,0,1,13,0,68,1,1,1,1
0038.txt,6,76,6,2,3,13,3,0,129,1,8,6,1
0038.txt,6,82,7,7,3,7,6,0,91,1,1,1,0
0038.txt,6,92,6,2,2,13,2,1,129,1,7,8,1
0038.txt,6,94,7,2,0,13,2,1,129,1,6,8,0
0038.txt,6,98,7,2,0,13,2,0,129,1,6,7,0
0038.txt,6,116,9,2,3,13,2,1,129,1,4,5,1
0038.txt,8,9,2,1,0,4,0,0,76,1,3,2,0
0038.txt,8,13,2,2,0,5,2,0,76,1,5,5,0
0038.txt,8,29,4,4,0,5,2,0,76,1,3,3,0
0038.txt,8,30,2,3,0,5,2,0,76,1,4,2,0
0038.txt,8,31,3,3,0,5,2,0,76,1,3,2,1
0038.txt,8,32,4,3,0,5,2,0,76,1,2,1,0
0038.txt,8,32,4,3,0,13,3,0,129,1,11,-1,0
0038.txt,8,33,5,3,0,5,2,0,76,1,1,1,0
0038.txt,8,33,5,3,0,13,3,0,129,1,10,8,0
0038.txt,8,34,0,13,0,1,13,0,68,1,1,1,0
0038.txt,8,45,2,14,0,1,13,0,68,1,2,2,0
0038.txt,8,47,2,13,0,1,13,0,68,1,1,1,1
0038.txt,8,48,10,11,0,10,10,0,105,1,1,1,0
0038.txt,8,70,13,7,0,12,9,0,79,1,3,1,1
0038.txt,8,75,5,2,1,13,3,0,129,1,9,9,0
0038.txt,8,76,6,2,1,13,3,0,129,1,8,9,1
0038.txt,8,80,12,5,0,11,5,0,100,1,1,1,0
0038.txt,8,81,7,8,0,7,6,0,91,1,2,2,0
0038.txt,8,82,7,7,1,7,6,0,91,1,1,1,0
0038.txt,8,84,7,7,0,8,6,1,91,1,2,3,0
0038.txt,8,84,7,7,0,9,7,0,105,1,2,4,0
0038.txt,8,92,6,2,0,13,2,1,129,1,7,8,1
0038.txt,8,93,7,2,1,13,2,1,129,1,6,7,1
0038.txt,8,94,7,2,0,13,2,0,129,1,6,8,0
0038.txt,8,98,7,2,0,8,4,1,103,1,3,2,0
0038.txt,8,98,7,2,0,13,2,0,129,1,6,7,0
0038.txt,8,103,8,2,1,13,2,1,129,1,5,6,0
0038.txt,8,104,9,7,0,8,7,0,110,1,1,1,1
0038.txt,8,112,8,2,1,13,2,1,129,1,5,6,1
0038.txt,8,116,9,2,1,13,2,1,129,1,4,5,1
0038.txt,8,124,11,2,1,13,2,1,129,1,2,2,1
0039.txt,6,4,12,4,0,16,10,0,61,1,10,13,0
0039.txt,6,27,11,16,0,0,6,0,84,1,21,-1,0
0039.txt,6,27,11,16,0,1,4,0,87,1,22,-1,0
0039.txt,6,35,13,2,0,12,3,0,39,1,2,3,0
0039.txt,6,35,13,2,0,1,6,0,84,1,16,-1,0
0039.txt,6,35,13,2,0,1,4,0,87,1,14,-1,0
0039.txt,6,37,13,3,0,12,3,0,39,1,1,1,0
0039.txt,6,37,13,3,0,1,6,0,84,1,15,-1,0
0039.txt,6,37,13,3,0,1,4,0,87,1,15,-1,0
0039.txt,6,38,12,3,0,12,9,1,61,1,8,8,0
0039.txt,6,38,12,3,0,1,4,0,87,1,14,-1,0
0039.txt,6,39,11,3,0,12,9,1,61,1,7,8,1
0039.txt,6,39,11,3,0,1,4,0,87,1,13,-1,1
0039.txt,6,40,11,3,0,1,6,0,84,1,13,-1,1
0039.txt,6,40,11,3,0,1,4,0,87,1,13,-1,1
0039.txt,6,41,10,3,0,1,6,0,84,1,12,-1,1
0039.txt,6,41,10,3,0,1,4,0,87,1,12,-1,1
0039.txt,6,48,8,1,0,1,6,0,94,1,12,-1,0
0039.txt,6,49,8,2,0,1,6,0,94,1,11,-1,1
0039.txt,6,50,8,3,2,1,6,1,94,1,10,8,0
0039.txt,6,52,8,3,0,7,4,0,55,1,2,1,0
0039.txt,6,52,8,3,0,1,4,0,87,1,10,11,0
0039.txt,6,53,7,3,0,7,4,0,55,1,1,1,1
0039.txt,6,53,7,3,0,1,4,0,87,1,9,8,1
0039.txt,6,54,7,4,1,1,4,0,87,1,8,7,1
0039.txt,6,55,7,5,1,1,4,0,87,1,7,8,1
0039.txt,6,57,11,7,0,12,9,0,60,2,3,3,0
0039.txt,6,57,11,7,0,11,9,0,63,1,2,1,0
0039.txt,6,58,11,8,0,12,9,0,60,2,2,2,1
0039.txt,6,58,11,8,0,11,9,0,63,1,1,1,1
0039.txt,6,65,10,12,0,1,6,0,84,1,15,-1,1
0039.txt,6,65,10,12,0,1,4,0,87,1,17,-1,1
0039.txt,6,66,12,13,0,1,6,0,84,1,18,-1,0
0039.txt,6,66,12,13,0,1,4,0,87,1,20,-1,0
0039.txt,6,67,11,13,0,1,6,0,84,1,17,-1,1
0039.txt,6,67,11,13,0,1,4,0,87,1,19,-1,1
0039.txt,6,68,10,13,2,8,12,0,71,1,3,3,0
0039.txt,6,68,10,13,2,1,4,0,87,1,18,-1,0
0039.txt,6,69,9,13,2,1,4,0,87,1,17,-1,1
0039.txt,6,71,8,13,3,8,10,0,73,1,3,1,0
0039.txt,6,71,8,13,3,1,4,0,87,1,16,-1,0
0039.txt,6,73,8,9,1,1,4,0,87,1,12,-1,0
0039.txt,6,74,8,7,2,1,4,0,87,1,10,12,0
0039.txt,6,76,7,5,3,1,4,0,87,1,7,7,1
0039.txt,6,77,7,5,0,10,9,0,99,1,7,7,0
0039.txt,6,79,3,5,3,1,4,0,87,1,3,2,0
0039.txt,6,81,2,5,3,1,4,0,87,1,2,1,0
0039.txt,6,82,2,5,1,1,4,0,87,1,2,1,0
0039.txt,6,84,1,5,3,1,4,0,87,1,1,1,0
0039.txt,6,86,8,5,3,1,5,6,88,1,7,6,1
0039.txt,6,86,8,5,3,8,7,0,94,1,2,1,1
0039.txt,6,105,8,13,1,6,14,0,108,1,3,1,0
0039.txt,8,4,12,4,0,16,10,0,61,1,10,13,0
0039.txt,8,27,11,16,0,0,6,0,84,1,21,-1,0
0039.txt,8,27,11,16,0,1,4,0,87,1,22,-1,0
0039.txt,8,35,13,2,0,12,3,0,39,1,2,3,0
0039.txt,8,35,13,2,0,1,6,0,84,1,16,-1,0
0039.txt,8,35,13,2,0,1,4,0,87,1,14,-1,0
0039.txt,8,37,13,3,0,12,3,0,39,1,1,1,0
0039.txt,8,37,13,3,0,1,6,0,84,1,15,-1,0
0039.txt,8,37,13,3,0,1,4,0,87,1,15,-1,0
0039.txt,8,38,12,3,0,12,9,0,61,1,8,8,0
0039.txt,8,38,12,3,0,1,6,0,84,1,14,-1,0
0039.txt,8,38,12,3,0,1,4,0,87,1,14,-1,0
0039.txt,8,39,11,3,0,12,9,0,61,1,7,8,1
0039.txt,8,39,11,3,0,1,6,0,84,1,13,-1,1
0039.txt,8,39,11,3,0,1,4,0,87,1,13,-1,1
0039.txt,8,40,11,3,0,1,6,0,84,1,13,-1,1
0039.txt,8,40,11,3,0,1,4,0,87,1,13,-1,1
0039.txt,8,41,10,3,0,1,6,0,84,1,12,-1,1
0039.txt,8,41,10,3,0,1,4,0,87,1,12,-1,1
0039.txt,8,48,8,1,0,1,6,0,94,1,12,-1,0
0039.txt,8,49,8,2,0,1,6,0,94,1,11,-1,1
0039.txt,8,50,8,3,0,6,4,0,55,1,3,1,0
0039.txt,8,50,8,3,0,1,4,0,87,1,10,11,0
0039.txt,8,50,8,3,0,1,6,1,94,1,10,8,0
0039.txt,8,52,8,3,0,7,4,0,55,1,2,1,0
0039.txt,8,52,8,3,0,1,6,0,84,1,10,12,0
0039.txt,8,52,8,3,0,1,4,0,87,1,10,11,0
0039.txt,8,53,7,3,0,7,4,0,55,1,1,1,1
0039.txt,8,53,7,3,0,1,6,0,84,1,9,9,1
0039.txt,8,53,7,3,0,1,4,0,87,1,9,8,1
0039.txt,8,54,7,4,0,1,6,0,84,1,8,8,1
0039.txt,8,54,7,4,0,1,4,0,87,1,8,7,1
0039.txt,8,55,7,5,0,1,6,0,84,1,7,8,1
0039.txt,8,55,7,5,0,1,4,0,87,1,7,7,1
0039.txt,8,57,11,7,0,12,9,0,60,2,3,3,0
0039.txt,8,57,11,7,0,11,9,0,63,1,2,1,0
0039.txt,8,58,11,8,0,12,9,0,60,2,2,2,1
0039.txt,8,58,11,8,0,11,9,0,63,1,1,1,1
0039.txt,8,65,10,12,0,1,6,0,84,1,15,-1,1
0039.txt,8,65,10,12,0,1,4,0,87,1,17,-1,1
0039.txt,8,66,12,13,0,1,6,0,84,1,18,-1,0
0039.txt,8,66,12,13,0,1,4,0,87,1,20,-1,0
0039.txt,8,67,11,13,0,1,6,0,84,1,17,-1,1
0039.txt,8,67,11,13,0,1,4,0,87,1,19,-1,1
0039.txt,8,68,10,13,0,8,12,0,71,1,3,3,0
0039.txt,8,68,10,13,0,1,4,0,87,1,18,-1,0
0039.txt,8,69,9,13,0,8,12,0,71,1,2,3,1
0039.txt,8,69,9,13,0,1,4,0,87,1,17,-1,1
0039.txt,8,71,8,13,1,8,10,0,73,1,3,2,0
0039.txt,8,71,8,13,1,1,4,0,87,1,16,-1,0
0039.txt,8,73,8,9,0,1,6,0,84,1,10,12,0
0039.txt,8,73,8,9,0,1,4,0,87,1,12,-1,0
0039.txt,8,74,8,7,0,1,4,0,87,1,10,12,0
0039.txt,8,76,7,5,1,1,4,0,87,1,7,9,1
0039.txt,8,77,7,5,0,10,9,0,99,1,7,7,0
0039.txt,8,79,3,5,1,2,6,0,81,1,2,1,0
0039.txt,8,79,3,5,1,1,4,0,87,1,3,2,0
0039.txt,8,81,2,5,1,1,4,0,87,1,2,1,0
0039.txt,8,82,2,5,0,1,6,0,84,1,2,2,0
0039.txt,8,82,2,5,0,1,4,0,87,1,2,1,0
0039.txt,8,84,1,5,1,1,4,0,87,1,1,1,0
0039.txt,8,86,8,5,1,1,5,6,88,1,7,6,1
0039.txt,8,86,8,5,1,8,7,0,94,1,2,1,1
0039.txt,8,91,8,5,0,8,7,0,94,1,2,1,0
0039.txt,8,91,8,5,0,8,9,0,97,1,4,2,0
0039.txt,8,93,8,7,1,8,9,0,97,1,2,1,0
0039.txt,8,95,8,8,0,8,9,0,97,1,1,1,1
0039.txt,8,105,8,13,0,6,14,0,108,1,3,1,0
0040.txt,6,23,1,10,0,5,5,0,61,1,11,-1,0
0040.txt,6,23,1,10,0,15,4,0,68,1,22,-1,0
0040.txt,6,24,1,9,0,5,5,0,61,1,10,2,1
0040.txt,6,24,1,9,0,15,4,0,68,1,21,-1,1
0040.txt,6,25,2,9,0,5,5,0,61,1,9,1,0
0040.txt,6,25,2,9,0,15,4,0,68,1,20,-1,0
0040.txt,6,26,3,9,0,5,5,0,61,1,8,1,0
0040.txt,6,26,3,9,0,15,4,0,68,1,19,-1,0
0040.txt,6,28,4,10,0,5,5,0,61,1,6,1,1
0040.txt,6,28,4,10,0,15,4,0,68,1,17,-1,1
0040.txt,6,29,5,10,0,5,5,0,61,1,5,1,1
0040.txt,6,29,5,10,0,15,4,0,68,1,16,-1,1
0040.txt,6,46,5,5,0,13,4,0,68,1,15,-1,0
0040.txt,6,46,5,5,0,16,10,0,92,1,22,-1,0
0040.txt,6,51,11,1,0,5,8,1,65,1,13,-1,0
0040.txt,6,52,11,2,0,5,8,2,65,1,12,-1,0
0040.txt,6,53,11,3,0,5,8,2,65,1,11,-1,1
0040.txt,6,57,10,5,0,8,5,0,60,1,2,1,0
0040.txt,6,58,9,5,0,8,5,0,60,1,1,1,1
0040.txt,6,61,5,8,0,13,4,1,69,1,12,-1,0
0040.txt,6,62,8,8,3,13,4,1,69,1,9,6,0
0040.txt,6,64,8,8,0,5,10,0,117,1,5,4,0
0040.txt,6,65,9,5,0,13,4,1,69,1,5,2,1
0040.txt,6,66,12,5,0,13,4,0,68,2,2,1,1
0040.txt,6,66,12,5,0,16,10,1,92,1,9,6,1
0040.txt,6,80,15,9,1,9,5,1,96,1,10,3,1
0040.txt,6,100,8,6,0,6,8,0,115,1,4,2,0
0040.txt,6,103,7,8,0,6,8,0,115,1,1,1,1
0040.txt,6,111,7,9,2,5,10,0,117,1,3,1,0
0040.txt,6,113,5,9,1,5,10,0,117,1,1,1,1
0040.txt,8,23,1,10,0,5,5,0,61,1,11,-1,0
0040.txt,8,23,1,10,0,15,4,0,68,1,22,-1,0
0040.txt,8,24,1,9,0,5,5,0,61,1,10,2,1
0040.txt,8,24,1,9,0,15,4,0,68,1,21,-1,1
0040.txt,8,25,2,9,0,5,5,0,61,1,9,1,0
0040.txt,8,25,2,9,0,15,4,0,68,1,20,-1,0
0040.txt,8,26,3,9,0,5,5,0,61,1,8,1,0
0040.txt,8,26,3,9,0,15,4,0,68,1,19,-1,0
0040.txt,8,28,4,10,0,5,5,0,61,1,6,1,1
0040.txt,8,28,4,10,0,15,4,0,68,1,17,-1,1
0040.txt,8,29,5,10,0,5,5,0,61,1,5,1,1
0040.txt,8,29,5,10,0,15,4,0,68,1,16,-1,1
0040.txt,8,46,5,5,0,13,4,0,68,1,15,-1,0
0040.txt,8,46,5,5,0,16,10,0,92,1,22,-1,0
0040.txt,8,51,11,1,0,5,8,0,65,1,13,-1,0
0040.txt,8,52,11,2,0,5,8,0,65,1,12,-1,0
0040.txt,8,53,11,3,0,5,8,0,65,1,11,-1,1
0040.txt,8,54,11,4,0,5,8,1,65,1,10,8,1
0040.txt,8,55,11,5,0,5,8,1,65,1,9,10,1
0040.txt,8,57,10,5,0,8,5,0,60,1,2,1,0
0040.txt,8,57,10,5,0,5,8,2,65,1,8,8,0
0040.txt,8,58,9,5,0,8,5,0,60,1,1,1,1
0040.txt,8,58,9,5,0,5,8,2,65,1,7,7,1
0040.txt,8,61,5,8,0,13,4,0,68,2,12,-1,0
0040.txt,8,61,5,8,0,16,10,1,92,1,19,-1,0
0040.txt,8,62,8,8,1,13,4,1,69,1,9,6,0
0040.txt,8,64,8,8,0,5,10,0,117,1,5,4,0
0040.txt,8,65,9,5,0,13,4,0,68,2,5,2,1
0040.txt,8,65,9,5,0,16,10,1,92,1,12,-1,1
0040.txt,8,66,12,5,0,13,4,0,68,2,2,1,1
0040.txt,8,66,12,5,0,16,10,0,92,1,9,4,1
0040.txt,8,68,13,5,0,16,10,1,92,1,8,4,1
0040.txt,8,69,13,5,0,16,10,0,92,1,8,4,0
0040.txt,8,79,15,10,0,9,5,0,90,2,11,-1,0
0040.txt,8,80,15,9,0,9,5,0,90,2,10,3,1
0040.txt,8,81,15,8,0,9,5,1,96,1,9,2,0
0040.txt,8,82,15,7,0,9,5,1,96,1,8,2,0
0040.txt,8,85,13,6,0,9,5,1,96,1,5,2,1
0040.txt,8,86,13,5,1,9,5,1,96,1,4,1,0
0040.txt,8,87,12,5,1,9,5,1,96,1,3,1,0
0040.txt,8,88,11,5,1,9,5,1,96,1,2,1,1
0040.txt,8,89,9,5,0,11,5,2,96,1,2,3,0
0040.txt,8,100,8,6,0,6,8,0,115,1,4,2,0
0040.txt,8,100,8,6,0,5,8,0,119,1,5,4,0
0040.txt,8,103,7,8,0,6,8,0,115,1,1,1,1
0040.txt,8,103,7,8,0,5,8,0,119,1,2,4,1
0040.txt,8,104,6,8,0,5,8,0,119,1,1,3,1
0040.txt,8,110,8,9,0,5,10,0,117,1,4,1,0
0040.txt,8,111,7,9,0,5,10,0,117,1,3,1,0
0040.txt,8,112,6,9,0,5,10,0,117,1,2,1,1
0040.txt,8,113,5,9,0,5,10,0,117,1,1,1,1
0041.txt,6,2,1,7,0,8,11,0,84,1,11,-1,0
0041.txt,6,8,8,11,0,4,8,0,58,1,7,16,0
0041.txt,6,9,7,11,0,4,8,0,58,1,6,11,1
0041.txt,6,14,2,2,0,10,3,0,69,1,9,22,0
0041.txt,6,17,11,6,0,10,3,0,69,1,4,4,0
0041.txt,6,22,9,3,0,3,2,0,88,1,7,10,1
0041.txt,6,23,10,6,0,9,6,1,69,1,1,1,0
0041.txt,6,29,6,8,0,4,8,0,32,1,2,4,0
0041.txt,6,30,5,8,1,4,8,0,32,1,1,1,0
0041.txt,6,31,4,8,2,4,7,0,67,1,1,1,0
0041.txt,6,33,9,3,0,3,2,0,88,1,7,6,0
0041.txt,6,35,8,3,0,3,2,0,88,1,6,5,0
0041.txt,6,37,8,1,0,3,2,1,88,1,6,4,0
0041.txt,6,38,7,1,0,3,2,1,88,1,5,4,0
0041.txt,6,39,6,1,0,3,2,1,88,1,4,3,1
0041.txt,6,42,4,1,3,3,2,1,88,1,2,1,0
0041.txt,6,44,4,2,0,3,2,0,88,1,1,1,1
0041.txt,6,54,6,11,0,4,11,0,58,1,2,1,1
0041.txt,6,55,5,11,0,4,11,0,58,1,1,1,1
0041.txt,6,75,1,8,0,1,9,2,84,1,1,1,0
0041.txt,6,80,2,9,0,3,9,1,84,1,1,1,1
0041.txt,8,2,1,7,0,8,11,0,84,1,11,-1,0
0041.txt,8,8,8,11,0,4,8,0,58,1,7,16,0
0041.txt,8,9,7,11,0,4,8,0,58,1,6,11,1
0041.txt,8,14,2,2,0,10,3,0,69,1,9,22,0
0041.txt,8,17,11,6,0,10,3,0,69,1,4,4,0
0041.txt,8,22,9,3,0,3,2,0,88,1,7,10,1
0041.txt,8,23,10,6,0,9,6,0,69,1,1,1,0
0041.txt,8,29,6,8,0,4,8,0,32,1,2,4,0
0041.txt,8,30,5,8,0,4,8,0,32,1,1,1,0
0041.txt,8,30,5,8,0,4,7,0,67,1,2,2,0
0041.txt,8,31,4,8,0,4,7,0,67,1,1,1,0
0041.txt,8,33,9,3,0,9,6,1,69,1,3,2,0
0041.txt,8,33,9,3,0,3,2,0,88,1,7,6,0
0041.txt,8,35,8,3,0,9,6,2,69,1,4,2,0
0041.txt,8,35,8,3,0,3,2,0,88,1,6,5,0
0041.txt,8,37,8,1,0,4,4,0,56,1,7,7,0
0041.txt,8,37,8,1,0,3,2,0,88,1,6,4,0
0041.txt,8,38,7,1,0,4,4,0,56,1,6,6,0
0041.txt,8,38,7,1,0,3,2,0,88,1,5,4,0
0041.txt,8,39,6,1,0,4,4,0,56,1,5,5,1
0041.txt,8,39,6,1,0,3,2,0,88,1,4,3,1
0041.txt,8,41,5,1,0,3,2,1,88,1,3,2,1
0041.txt,8,42,4,1,1,3,2,1,88,1,2,1,0
0041.txt,8,43,4,2,1,3,2,1,88,1,1,2,1
0041.txt,8,44,4,2,0,9,6,2,69,1,9,9,1
0041.txt,8,44,4,2,0,3,2,0,88,1,1,1,1
0041.txt,8,46,4,3,0,4,4,0,56,1,1,1,1
0041.txt,8,48,9,6,0,7,5,0,65,1,3,1,0
0041.txt,8,49,8,6,0,7,5,0,65,1,2,1,1
0041.txt,8,54,6,11,0,4,11,0,58,1,2,1,1
0041.txt,8,55,5,11,0,4,11,0,58,1,1,1,1
0041.txt,8,74,1,10,0,1,9,0,83,1,1,1,0
0041.txt,8,75,1,8,0,1,9,0,83,2,1,1,0
0041.txt,8,80,2,9,0,3,9,0,83,2,1,1,1
0042.txt,6,3,5,13,0,6,9,0,189,1,5,22,0
0042.txt,6,10,1,13,0,1,14,0,72,1,1,3,0
0042.txt,6,22,2,7,0,4,8,0,149,1,3,15,0
0042.txt,6,22,2,7,0,3,8,0,227,1,2,3,0
0042.txt,6,25,2,8,0,4,8,0,149,1,2,9,0
0042.txt,6,25,2,8,0,3,8,0,227,1,1,1,0
0042.txt,6,30,1,4,0,1,0,0,139,1,6,24,0
0042.txt,6,30,1,4,0,3,5,0,142,1,3,15,0
0042.txt,6,36,12,2,0,13,2,0,199,1,1,1,0
0042.txt,6,41,10,5,0,15,3,0,60,1,7,44,0
0042.txt,6,43,15,2,0,15,3,0,60,1,1,6,0
0042.txt,6,45,15,2,0,14,2,0,49,1,1,1,1
0042.txt,6,45,15,2,0,15,3,0,60,1,1,7,1
0042.txt,6,46,15,2,0,14,2,0,49,1,1,1,0
0042.txt,6,46,15,2,0,15,3,0,60,1,1,5,0
0042.txt,6,47,15,3,0,10,13,0,167,1,15,-1,0
0042.txt,6,47,15,3,0,8,14,0,194,1,18,-1,0
0042.txt,6,47,15,3,0,8,12,0,237,1,16,-1,0
0042.txt,6,49,14,3,3,10,13,0,167,1,14,-1,1
0042.txt,6,49,14,3,3,8,14,0,194,1,17,-1,1
0042.txt,6,49,14,3,3,8,12,0,237,1,15,-1,1
0042.txt,6,50,12,5,0,14,3,1,60,2,4,7,1
0042.txt,6,51,6,17,0,9,17,0,57,1,3,2,0
0042.txt,6,53,13,5,0,14,3,2,60,1,3,5,0
0042.txt,6,58,14,3,0,10,13,0,167,1,14,-1,0
0042.txt,6,58,14,3,0,8,14,0,194,1,17,-1,0
0042.txt,6,58,14,3,0,8,12,0,237,1,15,-1,0
0042.txt,6,59,14,4,0,10,13,0,167,1,13,-1,1
0042.txt,6,59,14,4,0,8,14,0,194,1,16,-1,1
0042.txt,6,59,14,4,0,8,12,0,237,1,14,-1,1
0042.txt,6,60,14,5,3,10,13,0,167,1,12,-1,1
0042.txt,6,60,14,5,3,8,14,0,194,1,15,-1,1
0042.txt,6,60,14,5,3,8,12,0,237,1,13,-1,1
0042.txt,6,64,3,15,0,6,9,0,189,1,9,15,0
0042.txt,6,66,3,13,0,6,9,0,189,1,7,12,1
0042.txt,6,68,2,14,3,14,13,0,135,1,13,-1,0
0042.txt,6,72,6,14,3,14,13,0,135,1,9,29,1
0042.txt,6,73,4,13,1,6,9,0,189,1,6,13,0
0042.txt,6,76,4,11,0,6,9,0,189,1,4,6,0
0042.txt,6,77,5,11,0,6,9,0,189,1,3,4,1
0042.txt,6,81,6,11,2,6,9,0,189,1,2,2,0
0042.txt,6,86,6,14,1,14,13,0,135,1,9,27,0
0042.txt,6,88,5,3,0,7,7,0,129,1,6,18,1
0042.txt,6,89,17,16,0,7,12,0,298,1,14,-1,0
0042.txt,6,90,16,16,0,13,17,0,102,1,4,8,0
0042.txt,6,90,16,16,0,15,17,0,115,1,2,3,0
0042.txt,6,92,6,3,0,7,7,0,129,1,5,15,0
0042.txt,6,93,6,4,0,7,7,0,129,1,4,11,0
0042.txt,6,97,15,16,1,13,17,0,102,1,3,5,0
0042.txt,6,97,15,16,1,7,14,7,271,1,10,28,0
0042.txt,6,98,14,16,1,13,17,0,102,1,2,2,1
0042.txt,6,98,14,16,1,7,14,7,271,1,9,24,1
0042.txt,6,101,12,16,2,7,14,7,271,1,7,16,1
0042.txt,6,104,7,13,3,14,13,0,135,1,7,15,1
0042.txt,6,105,13,13,0,14,13,0,135,1,1,5,0
0042.txt,6,105,13,13,0,10,13,0,168,1,3,1,0
0042.txt,6,106,14,13,0,10,13,0,167,2,4,4,0
0042.txt,6,106,14,13,0,8,14,0,194,1,7,21,0
0042.txt,6,106,14,13,0,8,12,0,237,1,7,20,0
0042.txt,6,107,6,5,1,7,7,0,129,1,3,4,0
0042.txt,6,109,6,6,3,7,7,0,129,1,2,1,0
0042.txt,6,110,6,7,3,7,7,0,129,1,1,1,1
0042.txt,6,111,6,7,2,7,7,0,129,1,1,1,0
0042.txt,6,112,3,8,0,4,8,0,149,1,1,1,1
0042.txt,6,118,14,12,0,10,13,0,167,1,5,20,0
0042.txt,6,118,14,12,0,8,14,0,194,1,8,33,0
0042.txt,6,118,14,12,0,8,12,0,237,1,6,17,0
0042.txt,6,122,11,14,3,10,13,0,167,1,2,4,0
0042.txt,6,122,11,14,3,8,14,0,194,1,3,6,0
0042.txt,6,122,11,14,3,8,12,0,237,1,5,8,0
0042.txt,6,126,1,1,0,3,5,0,142,1,6,2,0
0042.txt,6,130,2,4,0,2,1,2,139,1,3,1,0
0042.txt,6,130,2,4,0,3,5,0,142,1,2,4,0
0042.txt,6,131,2,1,0,3,5,0,142,1,5,2,0
0042.txt,6,132,2,2,0,3,5,0,142,1,4,2,1
0042.txt,6,133,11,12,0,7,13,3,148,1,5,7,1
0042.txt,6,133,11,12,0,10,13,0,167,1,2,9,1
0042.txt,6,133,11,12,0,8,14,0,194,1,5,23,1
0042.txt,6,133,11,12,0,8,12,0,237,1,3,6,1
0042.txt,6,135,15,13,1,10,13,0,167,2,5,6,0
0042.txt,6,135,15,13,1,8,14,0,194,1,8,24,0
0042.txt,6,135,15,13,1,8,12,0,237,1,8,23,0
0042.txt,6,136,11,13,0,10,13,0,167,1,1,6,0
0042.txt,6,136,11,13,0,8,14,0,194,1,4,15,0
0042.txt,6,136,11,13,0,8,12,0,237,1,4,8,0
0042.txt,6,136,11,13,0,8,13,0,245,1,3,4,0
0042.txt,6,137,2,3,3,3,5,0,142,1,3,1,0
0042.txt,6,139,2,5,3,3,5,0,142,1,1,1,1
0042.txt,6,140,2,5,2,3,5,0,142,1,1,1,0
0042.txt,6,145,10,12,0,7,13,4,148,1,4,6,0
0042.txt,6,145,10,12,0,8,14,0,194,1,4,13,0
0042.txt,6,145,10,12,0,8,12,0,237,1,2,5,0
0042.txt,6,146,9,12,0,7,13,4,148,1,3,5,1
0042.txt,6,146,9,12,0,8,14,0,194,1,3,13,1
0042.txt,6,146,9,12,0,8,12,0,237,1,1,4,1
0042.txt,6,148,9,13,2,8,14,0,194,1,2,9,0
0042.txt,6,148,9,13,2,8,12,0,237,1,2,4,0
0042.txt,6,154,10,13,0,8,14,0,194,1,3,5,0
0042.txt,6,154,10,13,0,8,12,0,237,1,3,6,0
0042.txt,6,154,10,13,0,8,13,0,245,1,2,2,0
0042.txt,6,166,15,13,0,9,13,6,168,1,6,11,1
0042.txt,6,166,15,13,0,8,14,0,195,1,8,21,1
0042.txt,6,166,15,13,0,17,10,0,262,1,5,17,1
0042.txt,6,167,9,13,2,8,14,0,194,1,2,2,0
0042.txt,6,167,9,13,2,8,12,0,237,1,2,4,0
0042.txt,6,167,9,13,2,8,13,0,245,1,1,1,0
0042.txt,6,168,16,13,3,17,10,0,262,1,4,13,0
0042.txt,6,179,14,9,0,14,5,5,223,1,4,10,1
0042.txt,6,192,9,13,1,8,14,0,194,1,2,8,1
0042.txt,6,192,9,13,1,8,12,0,237,1,2,3,1
0042.txt,6,192,9,13,1,8,13,0,245,1,1,1,1
0042.txt,6,194,8,13,3,8,12,0,237,1,1,2,0
0042.txt,6,195,16,13,3,17,10,0,262,1,4,13,0
0042.txt,6,196,8,13,2,8,12,0,237,1,1,1,0
0042.txt,6,198,13,7,0,15,11,0,230,1,6,10,0
0042.txt,6,199,14,8,0,7,12,0,298,1,11,-1,1
0042.txt,6,201,13,8,1,15,11,0,230,1,5,9,1
0042.txt,6,202,14,8,3,15,11,0,230,1,4,8,0
0042.txt,6,206,15,10,0,15,11,0,230,1,1,1,0
0042.txt,6,229,8,10,0,17,10,0,262,1,9,17,0
0042.txt,6,232,16,13,2,17,10,0,262,1,4,11,0
0042.txt,6,240,17,2,0,17,8,0,280,1,6,5,0
0042.txt,6,241,17,3,0,17,8,0,280,1,5,5,1
0042.txt,6,247,7,10,0,7,11,4,262,1,1,1,1
0042.txt,6,249,7,13,0,7,12,2,290,1,1,1,0
0042.txt,6,259,12,9,0,14,10,0,295,1,3,4,1
0042.txt,6,260,13,9,0,14,10,0,295,1,2,2,1
0042.txt,6,266,17,4,0,17,8,0,280,1,4,4,0
0042.txt,6,267,17,5,0,17,8,0,280,1,3,4,1
0042.txt,6,268,17,6,1,17,8,0,280,1,2,3,0
0042.txt,6,269,17,7,1,17,8,0,280,1,1,3,1
0042.txt,6,285,7,11,0,6,11,0,290,1,1,1,1
0042.txt,6,293,13,10,0,9,11,0,298,1,5,8,0
0042.txt,6,294,14,10,0,9,11,0,298,1,6,8,1
0042.txt,8,3,5,13,0,6,9,0,189,1,5,22,0
0042.txt,8,10,1,13,0,1,14,0,72,1,1,3,0
0042.txt,8,17,0,16,0,1,14,0,72,1,3,2,0
0042.txt,8,18,0,15,0,1,14,0,72,1,2,2,1
0042.txt,8,22,2,7,0,4,8,0,149,1,3,15,0
0042.txt,8,22,2,7,0,3,8,0,227,1,2,3,0
0042.txt,8,25,2,8,0,4,8,0,149,1,2,9,0
0042.txt,8,25,2,8,0,3,8,0,227,1,1,1,0
0042.txt,8,30,1,4,0,1,0,0,139,1,6,24,0
0042.txt,8,30,1,4,0,3,5,0,142,1,3,15,0
0042.txt,8,36,12,2,0,13,2,0,199,1,1,1,0
0042.txt,8,39,14,1,0,13,2,0,49,1,2,1,0
0042.txt,8,40,15,1,0,13,2,0,49,1,3,2,1
0042.txt,8,41,10,5,0,15,3,0,60,1,7,44,0
0042.txt,8,41,10,5,0,15,2,0,223,1,8,25,0
0042.txt,8,43,15,2,0,13,2,0,49,1,2,1,0
0042.txt,8,43,15,2,0,15,3,0,60,1,1,6,0
0042.txt,8,44,13,2,0,1,15,0,298,1,25,-1,0
0042.txt,8,45,15,2,0,14,2,0,49,1,1,1,1
0042.txt,8,45,15,2,0,15,3,0,60,1,1,7,1
0042.txt,8,46,15,2,0,14,2,0,49,1,1,1,0
0042.txt,8,46,15,2,0,15,3,0,60,1,1,5,0
0042.txt,8,47,15,3,0,14,2,0,49,1,2,2,0
0042.txt,8,47,15,3,0,10,13,0,167,1,15,-1,0
0042.txt,8,47,15,3,0,8,14,0,194,1,18,-1,0
0042.txt,8,47,15,3,0,8,12,0,237,1,16,-1,0
0042.txt,8,48,14,2,0,1,15,0,298,1,26,-1,0
0042.txt,8,49,14,3,1,10,13,0,167,1,14,-1,1
0042.txt,8,49,14,3,1,8,14,0,194,1,17,-1,1
0042.txt,8,49,14,3,1,8,12,0,237,1,15,-1,1
0042.txt,8,50,12,5,0,14,3,0,60,2,4,4,1
0042.txt,8,51,6,17,0,9,17,0,57,1,3,2,0
0042.txt,8,52,1,15,0,1,14,0,72,1,1,1,1
0042.txt,8,53,13,5,0,14,3,0,60,2,3,3,0
0042.txt,8,58,14,3,0,10,13,0,167,1,14,-1,0
0042.txt,8,58,14,3,0,8,14,0,194,1,17,-1,0
0042.txt,8,58,14,3,0,8,12,0,237,1,15,-1,0
0042.txt,8,59,14,4,0,10,13,0,167,1,13,-1,1
0042.txt,8,59,14,4,0,8,14,0,194,1,16,-1,1
0042.txt,8,59,14,4,0,8,12,0,237,1,14,-1,1
0042.txt,8,60,14,5,1,10,13,0,167,1,12,-1,1
0042.txt,8,60,14,5,1,8,14,0,194,1,15,-1,1
0042.txt,8,60,14,5,1,8,12,0,237,1,13,-1,1
0042.txt,8,64,3,15,0,6,9,0,189,1,9,15,0
0042.txt,8,66,3,13,0,6,9,0,189,1,7,12,1
0042.txt,8,67,1,14,1,14,13,0,135,1,14,-1,0
0042.txt,8,68,2,14,1,14,13,0,135,1,13,-1,0
0042.txt,8,72,6,14,1,14,13,0,135,1,9,30,1
0042.txt,8,73,4,13,0,6,9,0,189,1,6,13,0
0042.txt,8,76,4,11,0,6,9,0,189,1,4,6,0
0042.txt,8,77,5,11,0,6,9,0,189,1,3,4,1
0042.txt,8,81,6,11,0,6,9,0,189,1,2,2,0
0042.txt,8,86,6,14,0,14,13,0,135,1,9,28,0
0042.txt,8,87,7,14,0,14,13,0,135,1,8,26,1
0042.txt,8,88,5,3,0,7,7,0,129,1,6,18,1
0042.txt,8,89,17,16,0,7,12,0,298,1,14,-1,0
0042.txt,8,90,16,16,0,13,17,0,102,1,4,8,0
0042.txt,8,90,16,16,0,15,17,0,115,1,2,3,0
0042.txt,8,90,16,16,0,7,12,0,298,1,13,-1,0
0042.txt,8,92,6,3,0,7,7,0,129,1,5,15,0
0042.txt,8,93,6,4,0,7,7,0,129,1,4,11,0
0042.txt,8,94,7,17,0,7,14,0,104,1,3,3,0
0042.txt,8,97,15,16,0,13,17,0,102,1,3,5,0
0042.txt,8,97,15,16,0,7,14,6,271,1,10,23,0
0042.txt,8,98,14,16,0,13,17,0,102,1,2,2,1
0042.txt,8,98,14,16,0,7,14,6,271,1,9,18,1
0042.txt,8,100,13,16,0,7,14,7,271,1,8,20,0
0042.txt,8,101,12,16,0,7,14,7,271,1,7,16,1
0042.txt,8,102,11,16,1,7,14,7,271,1,6,11,1
0042.txt,8,104,7,13,1,14,13,0,135,1,7,15,1
0042.txt,8,105,13,13,0,14,13,0,135,1,1,5,0
0042.txt,8,105,13,13,0,10,13,0,168,1,3,1,0
0042.txt,8,106,14,13,0,10,13,0,167,2,4,4,0
0042.txt,8,106,14,13,0,8,14,0,194,1,7,22,0
0042.txt,8,106,14,13,0,8,12,0,237,1,7,21,0
0042.txt,8,107,6,5,0,6,6,0,110,1,1,3,0
0042.txt,8,107,6,5,0,7,7,0,129,1,3,4,0
0042.txt,8,109,6,6,1,7,7,0,129,1,2,1,0
0042.txt,8,110,6,7,1,7,7,0,129,1,1,1,1
0042.txt,8,111,6,7,0,7,7,0,129,1,1,1,0
0042.txt,8,112,3,8,0,4,8,0,149,1,1,1,1
0042.txt,8,117,11,15,0,10,13,0,167,1,3,5,0
0042.txt,8,117,11,15,0,8,14,0,194,1,4,7,0
0042.txt,8,117,11,15,0,8,12,0,237,1,6,9,0
0042.txt,8,118,14,12,0,10,13,0,167,1,5,20,0
0042.txt,8,118,14,12,0,8,14,0,194,1,8,33,0
0042.txt,8,118,14,12,0,8,12,0,237,1,6,17,0
0042.txt,8,122,11,14,1,10,13,0,167,1,2,4,0
0042.txt,8,122,11,14,1,8,14,0,194,1,3,6,0
0042.txt,8,122,11,14,1,8,12,0,237,1,5,8,0
0042.txt,8,126,1,1,0,3,5,0,142,1,6,2,0
0042.txt,8,130,2,4,0,2,1,0,139,1,3,1,0
0042.txt,8,130,2,4,0,3,5,0,142,1,2,4,0
0042.txt,8,131,2,1,0,3,5,0,142,1,5,2,0
0042.txt,8,131,2,1,0,2,3,0,226,1,2,1,0
0042.txt,8,132,2,2,0,3,5,0,142,1,4,2,1
0042.txt,8,132,2,2,0,2,3,0,226,1,1,1,1
0042.txt,8,133,11,12,0,7,13,1,148,1,5,7,1
0042.txt,8,133,11,12,0,10,13,0,167,1,2,9,1
0042.txt,8,133,11,12,0,8,14,0,194,1,5,23,1
0042.txt,8,133,11,12,0,8,12,0,237,1,3,6,1
0042.txt,8,135,15,13,0,10,13,0,167,2,5,8,0
0042.txt,8,135,15,13,0,8,14,0,194,2,8,25,0
0042.txt,8,135,15,13,0,8,12,0,237,1,8,24,0
0042.txt,8,135,15,13,0,17,10,0,262,1,5,11,0
0042.txt,8,136,11,13,0,10,13,0,167,1,1,7,0
0042.txt,8,136,11,13,0,8,14,0,194,1,4,15,0
0042.txt,8,136,11,13,0,8,12,0,237,1,4,9,0
0042.txt,8,136,11,13,0,8,13,0,245,1,3,4,0
0042.txt,8,137,2,3,1,3,5,0,142,1,3,1,0
0042.txt,8,139,2,5,1,3,5,0,142,1,1,1,1
0042.txt,8,140,2,5,0,3,5,0,142,1,1,1,0
0042.txt,8,140,2,5,0,5,4,0,215,1,4,2,0
0042.txt,8,141,3,5,1,5,4,0,215,1,3,1,0
0042.txt,8,145,10,12,0,7,13,2,148,1,4,6,0
0042.txt,8,145,10,12,0,10,13,0,167,1,1,1,0
0042.txt,8,145,10,12,0,8,14,0,194,1,4,13,0
0042.txt,8,145,10,12,0,8,12,0,237,1,2,5,0
0042.txt,8,146,9,12,0,7,13,2,148,1,3,6,1
0042.txt,8,146,9,12,0,10,13,0,167,1,2,3,1
0042.txt,8,146,9,12,0,8,14,0,194,1,3,13,1
0042.txt,8,146,9,12,0,8,12,0,237,1,1,5,1
0042.txt,8,148,9,13,0,8,14,0,194,1,2,9,0
0042.txt,8,148,9,13,0,8,12,0,237,1,2,4,0
0042.txt,8,153,7,3,0,8,3,0,176,1,1,1,0
0042.txt,8,154,10,13,0,8,14,0,194,1,3,5,0
0042.txt,8,154,10,13,0,8,12,0,237,1,3,6,0
0042.txt,8,154,10,13,0,8,13,0,245,1,2,2,0
0042.txt,8,166,15,13,0,9,13,4,168,1,6,11,1
0042.txt,8,166,15,13,0,8,14,0,195,1,8,21,1
0042.txt,8,166,15,13,0,17,10,0,262,1,5,17,1
0042.txt,8,167,9,13,0,8,14,0,194,1,2,2,0
0042.txt,8,167,9,13,0,8,12,0,237,1,2,4,0
0042.txt,8,167,9,13,0,8,13,0,245,1,1,1,0
0042.txt,8,168,16,13,1,8,14,0,195,1,9,20,0
0042.txt,8,168,16,13,1,17,10,0,262,1,4,13,0
0042.txt,8,177,12,9,0,7,12,0,298,1,8,24,0
0042.txt,8,179,14,9,0,14,5,3,223,1,4,7,1
0042.txt,8,190,4,5,0,5,4,0,215,1,2,1,1
0042.txt,8,192,9,13,0,8,14,0,194,1,2,8,1
0042.txt,8,192,9,13,0,8,12,0,237,1,2,4,1
0042.txt,8,192,9,13,0,8,13,0,245,1,1,1,1
0042.txt,8,192,9,13,0,4,9,1,275,1,9,16,1
0042.txt,8,192,9,13,0,0,11,0,287,1,11,-1,1
0042.txt,8,194,8,13,1,8,12,0,237,1,1,2,0
0042.txt,8,195,16,13,1,17,10,0,262,1,4,13,0
0042.txt,8,196,8,13,0,8,12,0,237,1,1,1,0
0042.txt,8,198,13,7,0,14,8,0,205,1,2,2,0
0042.txt,8,198,13,7,0,15,11,0,230,1,6,10,0
0042.txt,8,199,14,8,0,7,12,0,298,1,11,-1,1
0042.txt,8,201,13,8,0,14,8,0,205,1,1,1,1
0042.txt,8,201,13,8,0,15,11,0,230,1,5,9,1
0042.txt,8,202,14,8,1,15,11,0,230,1,4,8,0
0042.txt,8,205,15,10,1,15,11,0,230,1,1,1,1
0042.txt,8,206,15,10,0,15,11,0,230,1,1,1,0
0042.txt,8,226,8,10,0,17,10,0,262,1,9,18,0
0042.txt,8,229,8,10,0,17,10,0,262,1,9,19,0
0042.txt,8,232,16,13,0,17,10,0,262,1,4,11,0
0042.txt,8,240,17,2,0,17,8,0,280,1,6,5,0
0042.txt,8,241,17,3,0,17,8,0,280,1,5,5,1
0042.txt,8,242,11,10,0,12,10,0,258,1,1,1,1
0042.txt,8,247,7,10,0,7,11,2,262,1,1,1,1
0042.txt,8,249,7,13,0,7,12,0,290,1,1,1,0
0042.txt,8,259,12,9,0,14,10,0,295,1,3,4,1
0042.txt,8,259,12,9,0,9,11,0,298,1,5,7,1
0042.txt,8,260,13,9,0,14,10,0,295,1,2,2,1
0042.txt,8,260,13,9,0,9,11,0,298,1,6,10,1
0042.txt,8,266,17,4,0,17,8,0,280,1,4,4,0
0042.txt,8,267,17,5,0,17,8,0,280,1,3,4,1
0042.txt,8,268,17,6,0,17,8,0,280,1,2,3,0
0042.txt,8,269,17,7,0,17,8,0,280,1,1,3,1
0042.txt,8,272,11,10,0,4,10,1,276,1,7,11,0
0042.txt,8,272,11,10,0,9,11,1,298,1,3,3,0
0042.txt,8,277,10,10,0,6,10,3,284,1,4,3,0
0042.txt,8,277,10,10,0,6,11,0,290,1,5,7,0
0042.txt,8,277,10,10,0,9,11,0,298,1,2,2,0
0042.txt,8,278,9,10,0,6,10,3,284,1,3,3,1
0042.txt,8,278,9,10,0,6,11,0,290,1,4,5,1
0042.txt,8,278,9,10,0,9,11,0,298,1,1,2,1
0042.txt,8,285,7,11,0,6,11,0,290,1,1,1,1
0042.txt,8,291,13,10,1,14,10,0,295,1,1,1,1
0042.txt,8,292,13,10,0,14,10,0,295,1,1,1,0
0042.txt,8,293,13,10,0,9,11,0,298,1,5,8,0
0042.txt,8,294,14,10,0,9,11,0,298,1,6,8,1
0042.txt,8,300,17,14,0,16,14,0,302,1,1,1,0
0043.txt,6,42,13,0,0,11,5,0,98,1,9,3,0
0043.txt,6,43,14,0,0,11,5,0,98,1,8,2,0
0043.txt,6,49,0,12,0,3,4,0,134,1,11,-1,0
0043.txt,6,50,0,11,0,3,4,0,134,1,10,5,1
0043.txt,6,51,0,10,0,3,4,0,134,1,9,4,0
0043.txt,6,52,0,9,0,3,4,0,134,1,8,4,0
0043.txt,6,53,0,8,0,3,4,0,134,1,7,4,1
0043.txt,6,62,8,14,3,7,8,1,71,1,7,1,0
0043.txt,6,66,8,10,3,7,8,1,71,1,3,1,1
0043.txt,6,79,8,2,3,14,4,4,121,1,8,7,1
0043.txt,6,80,8,6,3,14,4,4,121,1,8,4,0
0043.txt,6,92,8,4,3,14,4,4,121,1,6,4,1
0043.txt,6,97,11,4,0,14,4,4,121,1,3,1,1
0043.txt,6,126,0,4,3,1,4,0,134,1,1,1,1
0043.txt,6,128,0,4,2,1,4,0,134,1,1,1,0
0043.txt,8,42,13,0,0,11,5,0,98,1,9,3,0
0043.txt,8,43,14,0,0,11,5,0,98,1,8,2,0
0043.txt,8,46,14,1,0,11,5,0,98,1,7,1,0
0043.txt,8,47,14,2,0,11,5,0,98,1,6,1,0
0043.txt,8,49,0,12,0,3,4,0,134,1,11,-1,0
0043.txt,8,50,0,11,0,3,4,0,134,1,10,5,1
0043.txt,8,51,0,10,0,3,4,0,134,1,9,4,0
0043.txt,8,52,0,9,0,3,4,0,134,1,8,4,0
0043.txt,8,53,0,8,0,3,4,0,134,1,7,4,1
0043.txt,8,61,0,7,0,3,4,0,134,1,6,3,0
0043.txt,8,62,8,14,1,7,8,1,71,1,7,1,0
0043.txt,8,66,8,10,1,7,8,1,71,1,3,1,1
0043.txt,8,69,8,9,0,7,8,1,71,1,2,1,1
0043.txt,8,79,8,2,1,14,4,4,121,1,8,7,1
0043.txt,8,80,8,6,1,14,4,4,121,1,8,6,0
0043.txt,8,83,8,0,0,3,2,0,91,1,9,5,0
0043.txt,8,84,7,0,0,3,2,0,91,1,8,4,0
0043.txt,8,87,4,0,1,3,2,0,91,1,5,2,0
0043.txt,8,88,2,0,1,3,2,0,91,1,3,1,0
0043.txt,8,92,8,4,1,14,4,4,121,1,6,4,1
0043.txt,8,97,11,4,0,14,4,2,121,1,3,1,1
0043.txt,8,120,0,6,0,3,0,0,136,1,9,4,0
0043.txt,8,124,0,5,0,1,4,0,134,1,2,2,0
0043.txt,8,126,0,4,1,1,4,0,134,1,1,1,1
0043.txt,8,128,0,4,0,1,4,0,134,1,1,1,0
0043.txt,8,144,5,0,0,2,0,0,147,1,3,3,0
0044.txt,6,13,14,3,0,11,1,0,33,1,7,5,0
0044.txt,6,14,13,3,0,11,1,0,33,1,6,6,0
0044.txt,6,15,13,4,1,12,14,0,136,1,13,-1,0
0044.txt,6,16,12,4,2,11,1,2,28,1,8,14,0
0044.txt,6,16,12,4,2,11,4,0,30,1,1,1,0
0044.txt,6,16,12,4,2,11,8,0,104,1,5,4,0
0044.txt,6,16,12,4,2,12,14,0,136,1,12,-1,0
0044.txt,6,24,10,1,0,10,4,2,33,1,5,2,0
0044.txt,6,25,10,2,0,10,4,2,33,1,4,2,1
0044.txt,6,28,9,4,0,12,14,0,136,1,13,-1,1
0044.txt,6,29,10,4,0,9,3,0,33,1,2,3,1
0044.txt,6,30,9,4,3,9,3,1,33,1,1,1,1
0044.txt,6,38,1,1,0,1,2,0,64,1,1,1,0
0044.txt,6,40,6,0,0,7,2,0,49,1,3,2,0
0044.txt,6,46,5,3,0,1,2,0,64,1,5,3,0
0044.txt,6,47,4,3,0,1,2,0,64,1,4,3,1
0044.txt,6,50,3,3,0,1,2,0,64,1,3,3,0
0044.txt,6,68,0,5,0,4,5,0,111,1,4,3,0
0044.txt,6,69,1,5,0,4,5,0,111,1,3,3,0
0044.txt,6,70,2,5,0,4,5,0,111,1,2,3,1
0044.txt,6,71,3,5,0,4,5,0,111,1,1,2,0
0044.txt,6,72,9,4,0,9,8,7,104,1,4,2,0
0044.txt,6,72,9,4,0,12,14,0,136,1,13,-1,0
0044.txt,6,81,8,14,0,5,13,0,88,1,4,4,0
0044.txt,6,81,8,14,0,8,12,0,118,1,2,1,0
0044.txt,6,82,8,13,0,5,13,0,88,1,3,4,1
0044.txt,6,82,8,13,0,8,12,0,118,1,1,2,1
0044.txt,6,84,8,13,0,5,13,0,88,1,3,4,0
0044.txt,6,85,7,13,0,5,13,0,88,1,2,3,1
0044.txt,6,86,6,13,1,5,13,0,88,1,1,2,0
0044.txt,6,89,9,13,0,10,13,0,105,1,1,1,0
0044.txt,6,90,10,13,0,11,10,0,97,1,4,3,0
0044.txt,6,91,10,12,0,11,10,0,97,1,3,3,0
0044.txt,6,92,10,11,0,11,10,0,97,1,2,3,1
0044.txt,6,93,11,11,0,11,10,0,97,1,1,2,0
0044.txt,6,98,9,5,2,9,8,7,104,1,3,3,0
0044.txt,6,98,9,5,2,9,9,5,136,1,4,5,0
0044.txt,6,100,0,10,0,4,5,5,110,1,9,14,0
0044.txt,6,104,9,5,1,9,9,5,136,1,4,2,0
0044.txt,6,124,4,7,3,6,7,0,146,1,2,2,1
0044.txt,6,134,7,6,1,8,6,0,137,1,1,1,1
0044.txt,8,13,14,3,0,11,1,0,33,1,7,5,0
0044.txt,8,14,13,3,0,11,1,0,33,1,6,6,0
0044.txt,8,15,13,4,0,11,1,1,28,2,7,8,0
0044.txt,8,15,13,4,0,11,4,0,30,1,2,2,0
0044.txt,8,15,13,4,0,11,8,0,104,1,6,6,0
0044.txt,8,15,13,4,0,12,14,0,136,1,13,-1,0
0044.txt,8,16,12,4,0,11,4,0,18,2,1,1,0
0044.txt,8,16,12,4,0,11,1,2,28,1,8,14,0
0044.txt,8,16,12,4,0,11,8,0,104,1,5,5,0
0044.txt,8,16,12,4,0,12,14,0,136,1,12,-1,0
0044.txt,8,18,12,4,0,11,1,1,33,1,8,12,0
0044.txt,8,19,10,4,0,11,1,0,33,1,6,10,1
0044.txt,8,24,10,1,0,10,4,0,33,1,5,2,0
0044.txt,8,25,10,2,0,10,4,0,33,1,4,2,1
0044.txt,8,26,9,2,0,10,4,1,33,1,3,1,0
0044.txt,8,27,9,3,0,10,4,1,33,1,2,1,1
0044.txt,8,28,9,4,0,10,8,0,104,1,5,9,1
0044.txt,8,28,9,4,0,12,14,0,136,1,13,-1,1
0044.txt,8,29,10,4,0,9,3,0,33,1,2,3,1
0044.txt,8,30,9,4,1,9,3,1,33,1,1,1,1
0044.txt,8,30,9,4,1,12,14,0,136,1,13,-1,1
0044.txt,8,32,9,4,1,12,14,0,136,1,13,-1,1
0044.txt,8,33,9,4,0,12,14,0,136,1,13,-1,0
0044.txt,8,38,1,1,0,1,2,0,64,1,1,1,0
0044.txt,8,40,6,0,0,7,2,0,49,1,3,2,0
0044.txt,8,46,5,3,0,1,2,0,64,1,5,3,0
0044.txt,8,47,4,3,0,1,2,0,64,1,4,3,1
0044.txt,8,49,3,3,0,1,2,0,64,1,3,3,1
0044.txt,8,50,3,3,0,1,2,0,64,1,3,3,0
0044.txt,8,51,2,3,0,1,2,0,64,1,2,1,0
0044.txt,8,52,1,2,0,1,3,0,67,1,1,1,0
0044.txt,8,68,0,5,0,4,5,0,111,1,4,4,0
0044.txt,8,69,1,5,0,4,5,0,111,1,3,3,0
0044.txt,8,70,2,5,0,4,5,0,111,1,2,3,1
0044.txt,8,71,3,5,0,4,5,0,111,1,1,2,0
0044.txt,8,72,9,4,0,9,8,5,104,1,4,2,0
0044.txt,8,72,9,4,0,12,14,0,136,1,13,-1,0
0044.txt,8,81,8,14,0,5,13,0,88,1,4,4,0
0044.txt,8,81,8,14,0,8,12,0,118,1,2,1,0
0044.txt,8,82,8,13,0,5,13,0,88,1,3,4,1
0044.txt,8,82,8,13,0,8,12,0,118,1,1,2,1
0044.txt,8,84,8,13,0,5,13,0,88,1,3,4,0
0044.txt,8,85,7,13,0,5,13,0,88,1,2,3,1
0044.txt,8,86,6,13,0,5,13,0,88,1,1,2,0
0044.txt,8,86,6,13,0,4,12,0,117,1,3,6,0
0044.txt,8,87,5,13,0,4,12,0,117,1,2,3,0
0044.txt,8,88,4,13,1,4,12,0,117,1,1,1,0
0044.txt,8,89,9,13,0,10,13,0,105,1,1,1,0
0044.txt,8,90,10,13,0,11,10,0,97,1,4,3,0
0044.txt,8,91,10,12,0,11,10,0,97,1,3,3,0
0044.txt,8,92,10,11,0,11,10,0,97,1,2,3,1
0044.txt,8,93,11,11,0,11,10,0,97,1,1,2,0
0044.txt,8,98,9,5,0,9,8,7,104,1,3,3,0
0044.txt,8,98,9,5,0,9,9,5,136,1,4,5,0
0044.txt,8,100,0,10,0,4,5,3,110,1,9,14,0
0044.txt,8,103,4,5,0,6,6,0,137,1,3,3,0
0044.txt,8,104,9,5,0,9,9,4,136,1,4,2,0
0044.txt,8,107,9,8,0,8,7,0,169,1,2,1,0
0044.txt,8,111,4,6,0,4,13,5,119,1,7,12,0
0044.txt,8,111,4,6,0,6,6,0,137,1,2,2,0
0044.txt,8,112,4,6,0,4,13,4,119,1,7,13,0
0044.txt,8,113,4,13,0,4,12,0,117,1,1,2,0
0044.txt,8,122,3,6,0,3,7,0,124,1,1,1,1
0044.txt,8,124,4,7,1,6,7,0,146,1,2,2,1
0044.txt,8,132,6,6,0,8,6,0,137,1,2,2,0
0044.txt,8,133,6,6,0,8,6,0,137,1,2,2,0
0044.txt,8,134,7,6,0,8,6,0,137,1,1,1,1
0044.txt,8,138,9,6,0,9,5,0,140,1,1,1,0
0044.txt,8,142,5,7,0,6,7,0,146,1,1,1,0
0045.txt,6,42,1,13,0,1,10,0,66,1,3,3,0
0045.txt,6,53,1,12,0,1,10,0,66,1,2,2,0
0045.txt,6,58,1,11,1,1,10,0,66,1,1,1,1
0045.txt,6,73,1,0,0,0,2,0,103,1,3,2,0
0045.txt,6,78,0,1,0,0,2,0,103,1,1,1,0
0045.txt,6,112,4,6,0,4,5,0,117,1,1,1,0
0045.txt,6,112,4,6,0,6,2,0,150,1,12,-1,0
0045.txt,6,115,4,5,1,6,2,0,150,1,11,-1,0
0045.txt,6,118,4,4,1,6,2,0,150,1,10,14,1
0045.txt,6,122,4,3,3,6,2,0,150,1,9,10,0
0045.txt,6,124,4,0,3,6,2,0,150,1,6,8,1
0045.txt,6,141,4,2,0,4,0,0,148,1,2,2,0
0045.txt,6,142,4,1,2,4,0,0,148,1,1,1,0
0045.txt,6,143,5,0,1,6,2,0,150,1,5,6,0
0045.txt,6,145,7,0,3,6,2,0,150,1,3,4,1
0045.txt,6,175,8,0,4,12,0,0,185,1,4,9,0
0045.txt,6,175,8,0,4,11,0,0,188,1,3,8,0
0045.txt,8,32,13,10,0,10,13,0,157,1,10,14,0
0045.txt,8,36,10,10,0,10,9,0,125,1,1,1,0
0045.txt,8,37,13,9,0,10,13,0,157,1,9,12,0
0045.txt,8,42,1,13,0,1,10,0,66,1,3,3,0
0045.txt,8,53,1,12,0,1,10,0,66,1,2,2,0
0045.txt,8,53,1,12,0,0,2,0,110,1,15,-1,0
0045.txt,8,58,1,11,0,1,10,0,66,1,1,1,1
0045.txt,8,58,1,11,0,0,2,0,110,1,14,-1,1
0045.txt,8,67,3,7,0,0,2,0,110,1,8,11,0
0045.txt,8,68,4,7,0,0,2,0,110,1,9,15,1
0045.txt,8,69,4,6,0,4,5,0,117,1,1,1,1
0045.txt,8,69,4,6,0,6,2,0,150,1,12,-1,1
0045.txt,8,73,1,0,0,0,2,0,103,1,3,2,0
0045.txt,8,76,6,14,0,7,14,0,89,1,1,1,0
0045.txt,8,78,0,1,0,0,2,0,103,1,1,1,0
0045.txt,8,107,11,9,0,10,9,0,157,1,1,1,1
0045.txt,8,112,4,6,0,4,5,0,117,1,1,1,0
0045.txt,8,112,4,6,0,6,2,0,150,1,12,-1,0
0045.txt,8,115,4,5,0,6,2,0,150,1,11,-1,0
0045.txt,8,117,4,4,0,6,2,0,150,1,10,14,0
0045.txt,8,118,4,4,0,6,2,0,150,1,10,14,1
0045.txt,8,122,4,3,1,5,0,0,145,1,4,5,0
0045.txt,8,122,4,3,1,6,2,0,150,1,9,10,0
0045.txt,8,122,4,3,1,11,0,0,188,1,10,20,0
0045.txt,8,123,4,2,1,5,0,0,145,1,3,5,0
0045.txt,8,123,4,2,1,6,2,0,150,1,8,8,0
0045.txt,8,123,4,2,1,11,0,0,188,1,9,17,0
0045.txt,8,124,4,0,1,5,0,0,145,1,1,1,1
0045.txt,8,124,4,0,1,6,2,0,150,1,6,8,1
0045.txt,8,124,4,0,1,11,0,0,188,1,7,15,1
0045.txt,8,126,5,0,1,6,2,0,150,1,5,8,1
0045.txt,8,126,5,0,1,11,0,0,188,1,6,15,1
0045.txt,8,141,4,2,0,4,0,0,148,1,2,2,0
0045.txt,8,142,4,1,0,4,0,0,148,1,1,1,0
0045.txt,8,143,5,0,0,6,2,0,150,1,5,6,0
0045.txt,8,144,6,0,0,6,2,0,150,1,4,5,0
0045.txt,8,145,7,0,1,6,2,0,150,1,3,4,1
0045.txt,8,165,7,0,0,12,0,0,185,1,5,10,1
0045.txt,8,165,7,0,0,11,0,0,188,1,4,8,1
0045.txt,8,172,9,5,0,9,6,0,174,1,1,2,0
0045.txt,8,175,8,0,4,12,0,0,185,1,4,9,0
0045.txt,8,175,8,0,4,11,0,0,188,1,3,8,0
0045.txt,8,178,9,3,1,7,3,0,201,1,2,3,0
0046.txt,6,2,11,7,0,12,10,0,45,1,4,1,0
0046.txt,6,22,1,9,0,2,10,0,32,1,2,3,0
0046.txt,6,35,12,8,0,12,10,0,45,1,2,1,0
0046.txt,6,36,12,9,0,12,10,0,45,1,1,1,1
0046.txt,6,38,2,3,1,3,3,0,76,1,1,1,1
0046.txt,6,74,2,8,0,4,8,0,81,1,2,2,0
0046.txt,6,77,3,8,1,4,8,0,81,1,1,1,0
0046.txt,8,2,11,7,0,12,10,0,45,1,4,1,0
0046.txt,8,22,1,9,0,2,10,0,32,1,2,3,0
0046.txt,8,35,12,8,0,12,10,0,45,1,2,1,0
0046.txt,8,36,12,9,0,12,10,0,45,1,1,1,1
0046.txt,8,37,2,4,0,3,3,0,76,1,2,1,0
0046.txt,8,38,2,3,0,3,3,0,76,1,1,1,1
0046.txt,8,52,6,4,0,5,7,0,68,1,4,4,0
0046.txt,8,58,6,5,0,5,7,0,68,1,3,2,0
0046.txt,8,65,6,7,1,5,7,0,68,1,1,1,1
0046.txt,8,74,2,8,0,4,8,0,81,1,2,2,0
0046.txt,8,77,3,8,0,4,8,0,81,1,1,1,0
0046.txt,8,87,5,9,0,5,8,0,89,1,1,3,0
0046.txt,8,99,4,11,0,5,11,0,109,1,1,1,0
0047.txt,6,4,16,4,0,14,7,0,168,1,5,15,0
0047.txt,6,12,15,1,0,7,12,0,288,1,21,-1,0
0047.txt,6,13,14,1,0,7,12,0,288,1,20,-1,0
0047.txt,6,14,13,1,0,7,12,0,288,1,19,-1,1
0047.txt,6,16,13,2,0,13,5,0,216,1,3,11,0
0047.txt,6,16,13,2,0,7,12,0,288,1,18,-1,0
0047.txt,6,18,13,3,0,15,4,0,205,1,3,3,0
0047.txt,6,18,13,3,0,13,5,0,216,1,2,9,0
0047.txt,6,18,13,3,0,7,12,0,288,1,17,-1,0
0047.txt,6,19,12,3,0,13,5,0,216,1,3,13,0
0047.txt,6,19,12,3,0,7,12,0,288,1,16,-1,0
0047.txt,6,20,12,1,0,7,12,0,288,1,18,-1,0
0047.txt,6,21,11,1,2,7,12,0,288,1,17,-1,0
0047.txt,6,22,10,1,2,7,12,0,288,1,16,-1,1
0047.txt,6,24,9,1,2,7,12,0,288,1,15,-1,0
0047.txt,6,25,9,1,0,9,3,1,28,1,2,2,1
0047.txt,6,27,9,3,3,9,4,0,30,1,1,1,0
0047.txt,6,27,9,3,3,7,12,0,288,1,13,-1,0
0047.txt,6,28,9,4,3,7,12,0,288,1,12,-1,0
0047.txt,6,29,9,4,2,7,12,0,288,1,12,-1,1
0047.txt,6,39,1,16,0,1,7,0,239,1,9,14,0
0047.txt,6,41,1,15,0,1,7,0,239,2,8,13,0
0047.txt,6,42,1,14,0,5,14,0,180,1,4,6,0
0047.txt,6,42,1,14,0,1,7,0,239,2,7,17,0
0047.txt,6,44,1,11,0,1,7,0,239,1,4,6,0
0047.txt,6,45,1,13,1,1,7,1,242,1,6,9,1
0047.txt,6,46,1,13,0,1,7,1,242,1,6,9,0
0047.txt,6,47,1,12,0,1,7,1,242,1,5,9,1
0047.txt,6,60,10,12,3,10,10,0,62,1,2,2,0
0047.txt,6,62,10,9,2,9,3,0,260,1,9,48,1
0047.txt,6,64,10,12,0,8,11,0,67,1,3,8,0
0047.txt,6,65,10,11,0,8,11,0,67,1,2,7,0
0047.txt,6,74,14,15,0,9,11,0,175,1,11,-1,0
0047.txt,6,74,14,15,0,5,10,0,315,1,18,-1,0
0047.txt,6,75,14,16,0,9,11,1,175,1,12,-1,0
0047.txt,6,75,14,16,0,5,10,0,315,1,19,-1,0
0047.txt,6,77,15,16,0,5,10,0,315,1,20,-1,0
0047.txt,6,78,15,15,0,5,10,0,315,1,19,-1,1
0047.txt,6,79,15,14,1,5,10,0,315,1,18,-1,0
0047.txt,6,81,15,13,2,5,10,0,315,1,17,-1,0
0047.txt,6,82,14,13,2,5,10,0,315,1,16,-1,1
0047.txt,6,83,13,13,2,5,10,0,315,1,15,-1,1
0047.txt,6,85,13,11,3,5,10,0,315,1,13,-1,0
0047.txt,6,86,13,8,2,5,10,0,315,1,10,29,0
0047.txt,6,87,10,8,0,5,10,0,315,1,7,19,0
0047.txt,6,88,9,7,0,6,8,0,127,1,4,14,0
0047.txt,6,89,9,8,0,5,10,0,315,1,6,13,0
0047.txt,6,90,9,9,1,5,10,0,315,1,5,8,1
0047.txt,6,91,9,9,0,6,8,0,127,1,4,11,1
0047.txt,6,92,9,11,2,5,10,0,315,1,7,7,1
0047.txt,6,94,9,9,3,5,10,0,315,1,5,5,0
0047.txt,6,96,7,9,3,5,10,0,315,1,3,2,1
0047.txt,6,97,7,9,0,5,9,0,121,1,2,1,0
0047.txt,6,97,7,9,0,6,8,0,127,1,2,8,0
0047.txt,6,97,7,9,0,5,14,0,179,1,7,32,0
0047.txt,6,98,13,12,0,7,12,0,285,1,16,-1,0
0047.txt,6,99,13,11,1,7,12,0,285,1,15,-1,0
0047.txt,6,100,13,10,2,12,10,0,207,1,1,3,0
0047.txt,6,100,13,10,2,7,12,0,285,1,14,-1,0
0047.txt,6,102,14,10,3,12,10,0,105,1,2,2,0
0047.txt,6,102,14,10,3,7,12,0,285,1,15,-1,0
0047.txt,6,103,13,10,3,12,10,0,207,1,1,2,1
0047.txt,6,103,13,10,3,7,12,0,285,1,14,-1,1
0047.txt,6,105,13,10,1,7,12,0,285,1,14,-1,0
0047.txt,6,106,13,10,0,7,12,0,285,1,14,-1,0
0047.txt,6,108,10,8,0,12,8,0,207,1,2,1,0
0047.txt,6,111,13,8,3,7,12,0,285,1,12,-1,0
0047.txt,6,112,12,8,3,7,12,0,285,1,11,-1,0
0047.txt,6,113,11,8,3,7,12,0,285,1,10,35,1
0047.txt,6,114,10,8,2,7,12,0,285,1,9,36,0
0047.txt,6,115,10,9,3,7,12,0,285,1,8,33,0
0047.txt,6,116,9,9,3,7,12,0,285,1,7,28,1
0047.txt,6,116,9,9,3,5,10,0,315,1,5,6,1
0047.txt,6,118,11,8,0,6,8,0,127,1,7,12,0
0047.txt,6,122,11,9,2,11,8,0,125,1,1,1,1
0047.txt,6,125,11,7,1,9,3,0,260,1,6,16,1
0047.txt,6,137,5,0,0,4,2,0,196,1,3,4,0
0047.txt,6,138,4,0,0,4,2,0,196,1,4,6,1
0047.txt,6,139,3,0,0,4,2,0,196,1,3,2,1
0047.txt,6,140,3,1,0,4,2,0,196,1,2,1,0
0047.txt,6,146,7,7,2,6,7,0,150,1,1,1,0
0047.txt,6,150,6,8,3,9,3,0,260,1,8,37,1
0047.txt,6,158,5,9,2,7,12,0,285,1,5,18,1
0047.txt,6,159,5,10,0,7,12,0,285,1,4,15,1
0047.txt,6,162,16,8,0,14,7,0,168,1,3,1,0
0047.txt,6,164,15,8,0,15,7,0,168,1,1,1,0
0047.txt,6,176,1,9,0,1,7,1,242,1,2,1,0
0047.txt,6,177,1,11,3,1,7,1,242,1,4,9,1
0047.txt,6,180,1,11,3,1,7,1,242,1,4,10,0
0047.txt,6,183,1,11,0,1,7,1,242,1,4,12,0
0047.txt,6,183,1,11,0,0,7,0,249,1,5,6,0
0047.txt,6,184,1,10,1,1,7,1,242,1,3,9,1
0047.txt,6,184,1,10,1,0,7,0,249,1,4,3,1
0047.txt,6,202,8,5,2,7,12,0,288,1,10,28,0
0047.txt,6,204,6,5,3,7,12,0,288,1,8,26,1
0047.txt,6,205,12,4,3,7,12,0,288,1,15,-1,1
0047.txt,6,206,12,4,1,7,12,0,288,1,15,-1,0
0047.txt,6,208,12,4,3,12,6,0,216,1,2,6,0
0047.txt,6,208,12,4,3,7,12,0,288,1,15,-1,0
0047.txt,6,209,12,4,1,12,6,0,216,1,2,6,0
0047.txt,6,209,12,4,1,7,12,0,288,1,15,-1,0
0047.txt,6,210,12,5,2,12,6,0,216,1,1,3,0
0047.txt,6,210,12,5,2,7,12,0,288,1,14,-1,0
0047.txt,6,212,12,7,2,12,6,0,216,1,1,2,0
0047.txt,6,212,12,7,2,7,12,0,288,1,12,-1,0
0047.txt,6,213,12,6,3,7,12,0,288,1,13,-1,1
0047.txt,6,214,11,6,3,7,12,0,288,1,12,-1,1
0047.txt,6,215,10,6,2,6,10,6,279,1,8,18,0
0047.txt,6,215,10,6,2,7,12,0,288,1,11,-1,0
0047.txt,6,216,9,6,2,7,12,0,288,1,10,26,1
0047.txt,6,217,9,6,1,7,12,0,288,1,10,28,0
0047.txt,6,218,8,6,2,6,10,6,279,1,6,15,0
0047.txt,6,218,8,6,2,7,12,0,288,1,9,30,0
0047.txt,6,219,7,6,2,7,12,0,288,1,8,21,1
0047.txt,6,220,7,4,1,8,4,0,222,1,1,1,0
0047.txt,6,226,11,3,2,9,3,0,260,1,2,5,0
0047.txt,6,239,1,9,3,1,8,0,242,1,1,4,0
0047.txt,6,240,1,9,2,1,8,0,242,1,1,4,0
0047.txt,6,240,1,9,2,0,7,0,249,1,3,1,0
0047.txt,6,241,1,8,3,0,7,0,249,1,2,1,0
0047.txt,6,241,1,8,3,5,1,0,257,1,11,-1,0
0047.txt,6,243,1,7,2,0,7,0,249,1,1,1,0
0047.txt,6,244,0,7,2,5,1,0,257,1,11,-1,0
0047.txt,6,248,1,4,3,5,1,0,257,1,7,5,1
0047.txt,6,252,1,2,3,5,1,0,257,1,5,3,1
0047.txt,6,254,3,2,3,5,1,0,257,1,3,2,0
0047.txt,6,270,7,6,1,7,12,0,288,1,8,17,1
0047.txt,6,271,6,10,2,7,12,0,285,1,3,10,1
0047.txt,6,272,6,10,1,7,12,0,285,1,3,11,0
0047.txt,6,279,6,6,3,6,12,5,288,1,6,8,0
0047.txt,6,281,5,2,3,1,2,0,308,1,4,3,1
0047.txt,6,282,2,2,1,1,2,0,308,1,1,1,0
0047.txt,6,294,6,12,0,3,13,0,301,1,4,8,1
0047.txt,6,295,5,12,1,3,13,0,301,1,3,5,0
0047.txt,6,297,4,13,2,3,13,0,301,1,1,3,1
0047.txt,6,319,3,10,2,3,11,0,326,1,1,1,1
0047.txt,8,4,16,4,0,14,7,0,168,1,5,15,0
0047.txt,8,12,15,1,0,7,12,0,288,1,21,-1,0
0047.txt,8,13,14,1,0,7,12,0,288,1,20,-1,0
0047.txt,8,14,13,1,0,7,12,0,288,1,19,-1,1
0047.txt,8,16,13,2,0,13,5,0,216,1,3,11,0
0047.txt,8,16,13,2,0,7,12,0,288,1,18,-1,0
0047.txt,8,18,13,3,0,15,4,0,205,1,3,3,0
0047.txt,8,18,13,3,0,13,5,0,216,1,2,9,0
0047.txt,8,18,13,3,0,7,12,0,288,1,17,-1,0
0047.txt,8,19,12,3,0,15,4,0,205,1,4,5,0
0047.txt,8,19,12,3,0,13,5,0,216,1,3,13,0
0047.txt,8,19,12,3,0,7,12,0,288,1,16,-1,0
0047.txt,8,20,12,1,0,7,12,0,288,1,18,-1,0
0047.txt,8,21,11,1,0,7,12,0,288,1,17,-1,0
0047.txt,8,22,10,1,0,7,12,0,288,1,16,-1,1
0047.txt,8,24,9,1,0,7,12,0,288,1,15,-1,0
0047.txt,8,25,9,1,0,9,3,0,28,1,2,2,1
0047.txt,8,26,9,2,0,9,3,0,28,1,1,1,0
0047.txt,8,27,9,3,1,9,4,0,30,1,1,1,0
0047.txt,8,27,9,3,1,7,12,0,288,1,13,-1,0
0047.txt,8,28,9,4,1,7,12,0,288,1,12,-1,0
0047.txt,8,29,9,4,0,7,12,0,288,1,12,-1,1
0047.txt,8,30,8,4,0,7,12,0,288,1,11,-1,1
0047.txt,8,31,8,7,0,7,7,0,147,1,1,1,1
0047.txt,8,31,8,7,0,5,7,0,150,1,3,3,1
0047.txt,8,39,1,16,0,1,7,0,239,1,9,14,0
0047.txt,8,41,1,15,0,1,7,0,239,2,8,13,0
0047.txt,8,42,1,14,0,5,14,0,180,1,4,6,0
0047.txt,8,42,1,14,0,1,7,0,239,2,7,17,0
0047.txt,8,44,1,11,0,1,7,0,239,1,4,6,0
0047.txt,8,45,1,13,0,1,7,0,239,2,6,9,1
0047.txt,8,46,1,13,0,5,14,0,180,1,5,12,0
0047.txt,8,46,1,13,0,1,7,0,239,2,6,9,0
0047.txt,8,47,1,12,0,5,14,0,180,1,6,18,1
0047.txt,8,47,1,12,0,1,7,0,239,2,5,9,1
0047.txt,8,59,10,13,0,10,10,0,62,1,3,4,0
0047.txt,8,59,10,13,0,5,10,0,315,1,10,15,0
0047.txt,8,60,10,12,1,10,10,0,62,1,2,2,0
0047.txt,8,60,10,12,1,5,10,0,315,1,9,13,0
0047.txt,8,61,10,10,0,9,3,0,260,1,10,39,1
0047.txt,8,61,10,10,0,5,10,0,315,1,7,13,1
0047.txt,8,62,10,9,0,9,3,0,260,1,9,48,1
0047.txt,8,62,10,9,0,5,10,0,315,1,6,13,1
0047.txt,8,64,10,12,0,8,11,0,67,1,3,8,0
0047.txt,8,65,10,11,0,8,11,0,67,1,2,7,0
0047.txt,8,67,9,11,0,6,8,0,127,1,6,12,0
0047.txt,8,74,14,15,0,9,11,0,175,1,11,-1,0
0047.txt,8,74,14,15,0,5,10,0,315,1,18,-1,0
0047.txt,8,75,14,16,0,9,11,0,175,1,12,-1,0
0047.txt,8,75,14,16,0,5,10,0,315,1,19,-1,0
0047.txt,8,77,15,16,0,9,11,1,175,1,13,-1,0
0047.txt,8,77,15,16,0,5,10,0,315,1,20,-1,0
0047.txt,8,78,15,15,0,9,11,1,175,1,12,-1,1
0047.txt,8,78,15,15,0,5,10,0,315,1,19,-1,1
0047.txt,8,79,15,14,0,15,12,0,83,1,2,1,0
0047.txt,8,79,15,14,0,5,10,0,315,1,18,-1,0
0047.txt,8,81,15,13,0,5,10,0,315,1,17,-1,0
0047.txt,8,82,14,13,0,5,10,0,315,1,16,-1,1
0047.txt,8,83,13,13,0,5,10,0,315,1,15,-1,1
0047.txt,8,85,13,11,1,12,10,0,207,1,2,3,0
0047.txt,8,85,13,11,1,5,10,0,315,1,13,-1,0
0047.txt,8,86,13,8,0,5,10,0,315,1,10,30,0
0047.txt,8,87,10,8,0,9,11,1,175,1,4,9,0
0047.txt,8,87,10,8,0,5,10,0,315,1,7,19,0
0047.txt,8,88,9,7,0,6,8,0,127,1,4,14,0
0047.txt,8,89,9,8,0,9,11,1,96,2,3,6,0
0047.txt,8,89,9,8,0,6,8,0,127,1,5,17,0
0047.txt,8,89,9,8,0,5,10,0,315,1,6,13,0
0047.txt,8,90,9,9,0,6,8,0,127,1,4,11,1
0047.txt,8,90,9,9,0,5,10,0,315,1,5,9,1
0047.txt,8,91,9,9,0,6,8,0,127,1,4,11,1
0047.txt,8,92,9,11,0,5,10,0,315,1,7,7,1
0047.txt,8,93,9,10,0,5,10,0,315,1,6,7,1
0047.txt,8,94,9,9,1,5,10,0,315,1,5,5,0
0047.txt,8,96,7,9,1,5,10,0,315,1,3,2,1
0047.txt,8,97,7,9,0,5,9,0,121,1,2,1,0
0047.txt,8,97,7,9,0,6,8,0,127,1,2,8,0
0047.txt,8,97,7,9,0,5,14,0,179,1,7,32,0
0047.txt,8,98,13,12,0,7,12,0,285,1,16,-1,0
0047.txt,8,99,13,11,0,12,10,0,207,1,2,4,0
0047.txt,8,99,13,11,0,7,12,0,285,1,15,-1,0
0047.txt,8,100,13,10,0,12,10,0,207,1,1,3,0
0047.txt,8,100,13,10,0,7,12,0,285,1,14,-1,0
0047.txt,8,102,14,10,1,12,10,0,105,1,2,2,0
0047.txt,8,102,14,10,1,7,12,0,285,1,15,-1,0
0047.txt,8,103,13,10,1,12,10,0,207,1,1,2,1
0047.txt,8,103,13,10,1,7,12,0,285,1,14,-1,1
0047.txt,8,105,13,10,0,13,8,4,208,1,2,1,0
0047.txt,8,105,13,10,0,7,12,0,285,1,14,-1,0
0047.txt,8,106,13,10,0,7,12,0,285,1,14,-1,0
0047.txt,8,108,10,8,0,12,8,0,207,1,2,1,0
0047.txt,8,111,13,8,1,7,12,0,285,1,12,-1,0
0047.txt,8,112,12,8,1,7,12,0,285,1,11,-1,0
0047.txt,8,113,11,8,1,7,12,0,285,1,10,35,1
0047.txt,8,114,10,8,0,10,9,0,116,1,1,1,0
0047.txt,8,114,10,8,0,7,12,0,285,1,9,36,0
0047.txt,8,115,10,9,1,7,12,0,285,1,8,33,0
0047.txt,8,116,9,9,1,7,12,0,285,1,7,25,1
0047.txt,8,116,9,9,1,5,10,0,315,1,5,8,1
0047.txt,8,118,11,8,0,6,8,0,127,1,7,12,0
0047.txt,8,120,5,9,0,6,8,0,127,1,2,5,0
0047.txt,8,120,5,9,0,6,9,0,130,1,1,1,0
0047.txt,8,122,11,9,0,11,8,0,125,1,1,1,1
0047.txt,8,122,11,9,0,9,3,0,260,1,8,22,1
0047.txt,8,123,11,8,1,9,3,0,260,1,7,17,1
0047.txt,8,124,11,8,0,9,3,0,260,1,7,19,0
0047.txt,8,125,11,7,0,9,3,0,260,1,6,18,1
0047.txt,8,131,6,12,0,7,12,0,285,1,1,7,0
0047.txt,8,137,5,0,0,4,2,0,196,1,3,4,0
0047.txt,8,138,4,0,0,4,2,0,196,1,4,6,1
0047.txt,8,139,3,0,0,4,2,0,196,1,3,2,1
0047.txt,8,140,3,1,0,4,2,0,196,1,2,1,0
0047.txt,8,146,7,7,0,6,7,0,150,1,1,1,0
0047.txt,8,146,7,7,0,5,7,0,187,1,2,2,0
0047.txt,8,147,6,7,1,5,7,0,187,1,1,1,0
0047.txt,8,150,6,8,1,9,3,0,260,1,8,37,1
0047.txt,8,158,5,9,0,7,12,0,285,1,5,18,1
0047.txt,8,158,5,9,0,6,10,1,315,1,2,2,1
0047.txt,8,159,5,10,0,7,12,0,285,1,4,16,1
0047.txt,8,162,16,8,0,14,7,0,168,1,3,1,0
0047.txt,8,164,15,8,0,15,7,0,168,1,1,1,0
0047.txt,8,168,15,4,1,14,4,0,171,1,1,1,1
0047.txt,8,169,15,4,0,14,4,0,171,1,1,1,1
0047.txt,8,176,1,9,0,1,7,0,239,2,2,1,0
0047.txt,8,177,1,11,1,1,7,1,242,1,4,9,1
0047.txt,8,180,1,11,1,1,7,1,242,1,4,10,0
0047.txt,8,183,1,11,0,1,7,0,239,2,4,7,0
0047.txt,8,183,1,11,0,0,7,0,249,1,5,6,0
0047.txt,8,184,1,10,0,1,7,0,239,2,3,7,1
0047.txt,8,184,1,10,0,0,7,0,249,1,4,3,1
0047.txt,8,194,3,2,0,2,4,0,199,1,3,4,0
0047.txt,8,201,8,4,1,6,5,0,264,1,3,2,0
0047.txt,8,201,8,4,1,7,12,0,288,1,11,-1,0
0047.txt,8,202,8,5,0,6,5,0,264,1,2,1,0
0047.txt,8,202,8,5,0,7,12,0,288,1,10,28,0
0047.txt,8,203,7,5,0,6,5,0,264,1,1,1,1
0047.txt,8,203,7,5,0,7,12,0,288,1,9,29,1
0047.txt,8,204,6,5,1,7,12,0,288,1,8,26,1
0047.txt,8,205,12,4,1,7,12,0,288,1,15,-1,1
0047.txt,8,206,12,4,0,7,12,0,288,1,15,-1,0
0047.txt,8,208,12,4,1,12,6,0,216,1,2,6,0
0047.txt,8,208,12,4,1,7,12,0,288,1,15,-1,0
0047.txt,8,209,12,4,0,12,6,0,216,1,2,7,0
0047.txt,8,209,12,4,0,7,12,0,288,1,15,-1,0
0047.txt,8,210,12,5,0,12,6,0,216,1,1,5,0
0047.txt,8,210,12,5,0,7,12,0,288,1,14,-1,0
0047.txt,8,212,12,7,0,12,6,0,216,1,1,3,0
0047.txt,8,212,12,7,0,8,6,0,219,1,5,4,0
0047.txt,8,212,12,7,0,6,10,6,279,1,9,16,0
0047.txt,8,212,12,7,0,7,12,0,288,1,12,-1,0
0047.txt,8,213,12,6,1,8,6,0,219,1,4,3,1
0047.txt,8,213,12,6,1,6,10,6,279,1,10,17,1
0047.txt,8,213,12,6,1,7,12,0,288,1,13,-1,1
0047.txt,8,214,11,6,1,8,6,0,219,1,3,4,1
0047.txt,8,214,11,6,1,6,10,6,279,1,9,17,1
0047.txt,8,214,11,6,1,7,12,0,288,1,12,-1,1
0047.txt,8,215,10,6,0,8,6,0,219,1,2,2,0
0047.txt,8,215,10,6,0,6,10,6,279,1,8,18,0
0047.txt,8,215,10,6,0,7,12,0,288,1,11,-1,0
0047.txt,8,216,9,6,0,8,6,0,219,1,1,1,1
0047.txt,8,216,9,6,0,6,10,6,279,1,7,17,1
0047.txt,8,216,9,6,0,7,12,0,288,1,10,28,1
0047.txt,8,217,9,6,0,8,6,0,219,1,1,1,0
0047.txt,8,217,9,6,0,6,10,5,279,1,7,13,0
0047.txt,8,217,9,6,0,7,12,0,288,1,10,28,0
0047.txt,8,218,8,6,0,6,10,6,279,1,6,16,0
0047.txt,8,218,8,6,0,7,12,0,288,1,9,26,0
0047.txt,8,219,7,6,0,6,10,6,279,1,5,12,1
0047.txt,8,219,7,6,0,7,12,0,288,1,8,24,1
0047.txt,8,220,7,4,0,8,4,0,222,1,1,1,0
0047.txt,8,226,11,3,0,9,3,0,260,1,2,5,0
0047.txt,8,239,1,9,1,1,8,0,242,1,1,4,0
0047.txt,8,239,1,9,1,0,7,0,249,1,3,1,0
0047.txt,8,239,1,9,1,5,1,0,257,1,12,-1,0
0047.txt,8,240,1,9,0,1,8,0,242,1,1,4,0
0047.txt,8,240,1,9,0,0,7,0,249,1,3,1,0
0047.txt,8,240,1,9,0,5,1,0,257,1,12,-1,0
0047.txt,8,241,1,8,1,0,7,0,249,1,2,1,0
0047.txt,8,241,1,8,1,5,1,0,257,1,11,-1,0
0047.txt,8,242,1,7,1,0,7,0,249,1,1,1,1
0047.txt,8,242,1,7,1,5,1,0,257,1,10,17,1
0047.txt,8,243,1,7,0,0,7,0,249,1,1,1,0
0047.txt,8,243,1,7,0,5,1,0,257,1,10,13,0
0047.txt,8,244,0,7,0,5,1,0,257,1,11,-1,0
0047.txt,8,245,1,7,1,5,1,0,257,1,10,12,0
0047.txt,8,248,1,4,1,5,1,0,257,1,7,5,1
0047.txt,8,249,1,3,1,5,1,0,257,1,6,4,1
0047.txt,8,251,1,3,0,5,1,0,257,1,6,4,1
0047.txt,8,252,1,2,1,5,1,0,257,1,5,3,1
0047.txt,8,253,2,2,1,5,1,0,257,1,4,3,0
0047.txt,8,254,3,2,1,5,1,0,257,1,3,2,0
0047.txt,8,255,4,2,1,5,1,0,257,1,2,1,1
0047.txt,8,257,5,2,6,10,3,0,259,1,6,7,0
0047.txt,8,264,6,6,1,6,8,0,266,1,2,2,1
0047.txt,8,270,7,6,0,6,10,5,279,1,5,6,1
0047.txt,8,270,7,6,0,7,12,0,288,1,8,17,1
0047.txt,8,271,6,10,0,7,12,0,285,1,3,10,1
0047.txt,8,272,6,10,0,7,12,0,285,1,3,11,0
0047.txt,8,279,6,6,1,6,12,5,288,1,6,8,0
0047.txt,8,280,6,2,1,1,2,0,308,1,5,2,1
0047.txt,8,281,5,2,3,1,2,0,308,1,4,3,1
0047.txt,8,282,2,2,0,1,2,0,308,1,1,1,0
0047.txt,8,285,6,12,0,3,13,0,301,1,4,5,0
0047.txt,8,294,6,12,0,3,13,0,301,1,4,8,1
0047.txt,8,295,5,12,0,3,13,0,301,1,3,3,0
0047.txt,8,296,5,13,0,3,13,0,301,1,2,2,0
0047.txt,8,297,4,13,0,3,13,0,301,1,1,1,1
0047.txt,8,303,3,9,0,4,9,3,315,1,1,1,0
0047.txt,8,305,5,7,0,4,7,0,307,1,1,3,0
0047.txt,8,318,2,10,0,3,11,0,326,1,2,1,0
0047.txt,8,319,3,10,0,3,11,0,326,1,1,1,1
0048.txt,6,11,2,10,0,4,5,0,97,1,7,22,0
0048.txt,6,18,2,13,0,3,13,0,20,1,1,1,0
0048.txt,6,53,11,8,2,12,5,3,55,1,4,7,0
0048.txt,6,56,3,10,1,4,5,0,97,1,6,9,0
0048.txt,6,58,0,3,0,12,0,0,146,1,15,-1,1
0048.txt,6,59,1,3,0,12,0,0,146,1,14,-1,0
0048.txt,6,60,3,9,2,4,5,0,97,1,5,6,0
0048.txt,6,61,2,6,0,2,4,0,82,1,2,7,0
0048.txt,6,64,4,9,3,4,5,0,97,1,4,2,0
0048.txt,6,77,5,3,0,4,3,0,121,1,1,3,0
0048.txt,6,93,4,8,3,4,5,0,97,1,3,3,1
0048.txt,6,94,4,8,2,4,5,0,97,1,3,3,0
0048.txt,6,95,4,7,3,4,5,0,97,1,2,1,0
0048.txt,6,118,7,12,2,9,13,0,213,1,3,1,0
0048.txt,6,131,4,7,3,8,7,1,208,1,4,5,0
0048.txt,6,133,6,7,3,8,7,1,208,1,2,2,1
0048.txt,6,138,7,7,0,8,7,1,208,1,1,1,0
0048.txt,6,148,5,0,0,8,0,0,160,1,3,2,0
0048.txt,6,149,6,0,0,8,0,0,160,1,2,2,1
0048.txt,6,150,7,0,1,8,0,0,160,1,1,1,0
0048.txt,6,153,7,0,0,8,0,0,160,1,1,1,0
0048.txt,6,162,12,5,0,12,6,6,187,1,1,2,0
0048.txt,6,221,9,8,2,9,10,0,227,1,2,3,1
0048.txt,8,11,2,10,0,4,5,0,97,1,7,22,0
0048.txt,8,18,2,13,0,3,13,0,20,1,1,1,0
0048.txt,8,52,11,9,0,12,5,2,55,1,5,9,0
0048.txt,8,53,11,8,0,12,5,3,55,1,4,7,0
0048.txt,8,56,3,10,0,4,5,0,97,1,6,11,0
0048.txt,8,58,0,3,0,12,0,0,146,1,15,-1,1
0048.txt,8,59,1,3,0,12,0,0,146,1,14,-1,0
0048.txt,8,60,3,9,0,4,5,0,97,1,5,6,0
0048.txt,8,61,2,6,0,2,4,0,82,1,2,7,0
0048.txt,8,64,4,9,1,4,5,0,97,1,4,2,0
0048.txt,8,66,2,3,0,12,0,0,146,1,13,-1,0
0048.txt,8,67,3,3,0,12,0,0,146,1,12,-1,1
0048.txt,8,71,5,12,0,6,13,0,85,1,2,3,1
0048.txt,8,77,5,3,0,4,3,0,121,1,1,3,0
0048.txt,8,78,3,1,0,12,0,0,146,1,10,32,0
0048.txt,8,93,4,8,1,4,5,0,97,1,3,3,1
0048.txt,8,94,4,8,0,4,5,0,97,1,3,3,0
0048.txt,8,95,4,7,1,4,5,0,97,1,2,1,0
0048.txt,8,110,3,7,1,4,7,0,135,1,1,1,1
0048.txt,8,118,7,12,0,9,13,0,213,1,3,1,0
0048.txt,8,124,3,7,0,4,7,0,135,1,1,1,1
0048.txt,8,124,3,7,0,8,7,1,208,1,5,6,1
0048.txt,8,131,4,7,1,8,7,1,208,1,4,5,0
0048.txt,8,132,5,7,1,8,7,1,208,1,3,2,0
0048.txt,8,133,6,7,1,8,7,1,208,1,2,2,1
0048.txt,8,135,7,7,1,8,7,1,208,1,1,2,1
0048.txt,8,138,7,7,0,8,7,0,208,1,1,1,0
0048.txt,8,139,7,12,0,9,12,0,213,1,2,1,0
0048.txt,8,142,6,4,0,8,12,2,227,1,12,-1,0
0048.txt,8,148,5,0,0,8,0,0,160,1,3,2,0
0048.txt,8,149,6,0,0,8,0,0,160,1,2,2,1
0048.txt,8,150,7,0,0,8,0,0,160,1,1,1,0
0048.txt,8,153,7,0,0,8,0,0,160,1,1,1,0
0048.txt,8,162,12,5,0,12,6,4,187,1,1,2,0
0048.txt,8,173,8,2,1,8,5,0,176,1,3,2,0
0048.txt,8,174,8,3,1,8,5,0,176,1,2,1,1
0048.txt,8,221,9,8,0,9,10,0,227,1,2,3,1
0049.txt,6,19,12,1,0,12,2,0,119,1,1,1,1
0049.txt,6,30,0,2,0,2,1,0,153,1,3,2,0
0049.txt,6,31,1,2,0,2,1,1,153,1,2,2,0
0049.txt,6,35,2,1,2,5,0,0,165,1,4,3,1
0049.txt,6,39,1,13,0,5,3,0,132,1,14,-1,0
0049.txt,6,40,10,1,0,10,3,0,117,1,2,1,1
0049.txt,6,49,4,7,2,8,7,0,59,1,4,10,1
0049.txt,6,51,5,7,1,8,7,0,59,1,3,8,1
0049.txt,6,52,5,7,0,8,7,0,59,1,3,8,0
0049.txt,6,57,9,7,3,8,7,0,59,1,1,1,0
0049.txt,6,67,0,10,0,5,3,0,132,1,12,-1,0
0049.txt,6,69,0,11,0,5,3,0,132,1,13,-1,1
0049.txt,6,70,0,12,0,5,3,0,132,1,14,-1,0
0049.txt,6,71,1,12,2,5,3,0,132,1,13,-1,0
0049.txt,6,72,2,12,2,5,3,0,132,1,12,-1,0
0049.txt,6,73,2,11,2,5,3,0,132,1,11,-1,1
0049.txt,6,80,2,11,0,5,3,0,132,1,11,-1,1
0049.txt,6,81,3,11,1,5,3,0,132,1,10,19,0
0049.txt,6,82,3,10,1,5,3,0,132,1,9,21,0
0049.txt,6,83,3,9,2,5,3,0,132,1,8,21,0
0049.txt,6,84,4,9,2,5,3,0,132,1,7,15,1
0049.txt,6,95,11,10,3,12,13,1,98,1,4,4,1
0049.txt,6,100,5,9,3,5,3,0,132,1,6,16,1
0049.txt,6,102,5,8,2,5,3,0,132,1,5,13,0
0049.txt,6,103,6,8,2,5,3,0,132,1,6,22,0
0049.txt,6,104,6,7,3,5,3,0,132,1,5,18,1
0049.txt,6,108,6,6,3,5,3,0,132,1,4,16,0
0049.txt,6,109,6,5,3,5,3,0,132,1,3,11,0
0049.txt,6,113,7,9,0,13,9,0,139,1,6,14,0
0049.txt,6,114,7,8,0,13,9,0,139,1,7,17,1
0049.txt,6,127,6,4,3,5,3,0,132,1,2,8,1
0049.txt,6,146,9,5,2,8,3,0,149,1,3,1,0
0049.txt,6,151,4,1,3,6,0,0,167,1,3,4,0
0049.txt,6,154,5,4,0,6,4,0,156,1,1,2,0
0049.txt,6,162,5,1,1,5,0,0,165,1,1,1,0
0049.txt,6,164,5,0,2,5,1,0,167,1,1,1,0
0049.txt,8,19,12,1,0,12,2,0,119,1,1,1,1
0049.txt,8,30,0,2,0,2,1,0,153,1,3,2,0
0049.txt,8,31,1,2,0,2,1,0,153,1,2,2,0
0049.txt,8,33,1,1,0,2,1,0,153,1,1,1,0
0049.txt,8,34,2,1,1,5,0,0,165,1,4,3,0
0049.txt,8,35,2,1,0,5,0,0,165,1,4,3,1
0049.txt,8,36,3,1,1,5,0,0,165,1,3,2,0
0049.txt,8,39,1,13,0,5,3,0,132,1,14,-1,0
0049.txt,8,40,10,1,0,10,3,0,117,1,2,1,1
0049.txt,8,40,10,1,0,12,2,0,119,1,3,3,1
0049.txt,8,48,3,7,0,8,7,0,59,1,5,14,0
0049.txt,8,49,4,7,0,8,7,0,59,1,4,12,1
0049.txt,8,50,5,7,1,8,7,0,59,1,3,10,1
0049.txt,8,51,5,7,0,8,7,0,59,1,3,9,1
0049.txt,8,52,5,7,0,8,7,0,59,1,3,8,0
0049.txt,8,55,7,7,0,10,7,0,57,1,3,12,1
0049.txt,8,55,7,7,0,8,7,0,59,1,1,1,1
0049.txt,8,57,9,7,1,8,7,0,59,1,1,1,0
0049.txt,8,67,0,10,0,5,3,0,132,1,12,-1,0
0049.txt,8,69,0,11,0,5,3,0,132,1,13,-1,1
0049.txt,8,70,0,12,0,5,3,0,132,1,14,-1,0
0049.txt,8,71,1,12,0,5,3,0,132,1,13,-1,0
0049.txt,8,72,2,12,0,5,3,0,132,1,12,-1,0
0049.txt,8,73,2,11,0,5,3,0,132,1,11,-1,1
0049.txt,8,75,5,12,0,5,11,0,77,1,1,1,1
0049.txt,8,80,2,11,0,5,3,0,132,1,11,-1,1
0049.txt,8,81,3,11,0,5,3,0,130,2,10,19,0
0049.txt,8,82,3,10,0,5,3,0,130,2,9,21,0
0049.txt,8,83,3,9,0,5,3,0,130,2,8,15,0
0049.txt,8,84,4,9,0,5,3,0,130,2,7,15,1
0049.txt,8,95,11,10,1,12,13,1,98,1,4,4,1
0049.txt,8,96,12,10,0,12,13,1,98,1,3,4,1
0049.txt,8,100,5,9,1,5,3,0,130,2,6,12,1
0049.txt,8,102,5,8,0,5,3,0,130,2,5,14,0
0049.txt,8,103,6,8,0,5,3,0,130,2,6,22,0
0049.txt,8,104,6,7,1,5,3,0,130,2,5,19,1
0049.txt,8,108,6,6,1,5,3,0,130,2,4,16,0
0049.txt,8,109,6,5,1,5,3,0,130,2,3,13,0
0049.txt,8,113,7,9,0,13,9,0,139,1,6,15,0
0049.txt,8,114,7,8,0,13,9,0,139,1,7,17,1
0049.txt,8,116,9,8,1,5,3,0,137,1,9,21,0
0049.txt,8,117,10,2,0,12,2,0,119,1,2,1,0
0049.txt,8,117,10,2,0,12,6,0,178,1,6,13,0
0049.txt,8,121,12,3,0,13,5,0,124,1,3,3,0
0049.txt,8,122,12,4,0,13,5,0,124,1,2,3,1
0049.txt,8,127,6,4,1,5,3,0,130,2,2,8,1
0049.txt,8,143,12,5,0,12,6,0,178,1,1,1,0
0049.txt,8,145,9,6,0,8,3,0,149,1,4,3,0
0049.txt,8,146,9,5,0,8,3,0,149,1,3,1,0
0049.txt,8,147,9,4,0,8,3,0,149,1,2,1,1
0049.txt,8,151,4,1,1,5,0,0,165,1,2,1,0
0049.txt,8,151,4,1,1,6,0,0,167,1,3,4,0
0049.txt,8,152,5,1,1,5,0,0,165,1,1,1,1
0049.txt,8,153,5,1,0,5,0,0,165,1,1,1,1
0049.txt,8,153,5,1,0,6,0,0,167,1,2,4,1
0049.txt,8,154,5,4,0,6,4,0,156,1,1,2,0
0049.txt,8,159,5,7,1,7,6,0,161,1,3,3,0
0049.txt,8,162,5,1,0,5,0,0,165,1,1,1,0
0049.txt,8,162,5,1,0,6,0,0,167,1,2,4,0
0049.txt,8,164,5,0,0,5,1,0,167,1,1,1,0
0050.txt,6,28,5,11,0,0,10,0,96,1,6,15,0
0050.txt,6,29,5,10,0,6,11,0,48,1,2,2,0
0050.txt,6,29,5,10,0,6,5,0,83,1,6,8,0
0050.txt,6,29,5,10,0,0,10,0,96,1,5,14,0
0050.txt,6,30,6,11,0,0,10,0,96,1,7,15,0
0050.txt,6,34,10,0,0,6,10,2,49,1,18,-1,0
0050.txt,6,34,10,0,0,9,1,0,51,1,2,1,0
0050.txt,6,35,9,6,0,0,10,0,69,1,13,-1,0
0050.txt,6,35,9,6,0,1,2,0,75,1,20,-1,0
0050.txt,6,36,9,1,0,9,0,0,47,1,1,1,0
0050.txt,6,36,9,1,0,6,10,2,49,1,18,-1,0
0050.txt,6,37,9,0,0,6,10,4,49,1,17,-1,0
0050.txt,6,40,7,0,0,6,10,4,49,1,15,-1,1
0050.txt,6,41,6,0,0,5,1,0,46,1,2,2,0
0050.txt,6,42,5,0,0,5,1,0,46,1,1,2,1
0050.txt,6,48,6,10,1,0,10,0,96,1,6,16,0
0050.txt,6,53,6,3,0,6,5,0,55,1,2,2,0
0050.txt,6,53,6,3,0,0,10,0,96,1,13,-1,0
0050.txt,6,56,8,6,0,0,10,0,69,1,12,-1,1
0050.txt,6,56,8,6,0,8,7,0,70,1,1,1,1
0050.txt,6,56,8,6,0,1,2,0,75,1,19,-1,1
0050.txt,6,57,8,7,1,0,10,0,69,1,11,-1,0
0050.txt,6,57,8,7,1,1,2,1,76,1,18,-1,0
0050.txt,6,58,8,8,2,0,10,0,69,1,10,13,0
0050.txt,6,58,8,8,2,1,2,1,76,1,17,-1,0
0050.txt,6,60,7,8,2,0,10,0,69,1,9,14,0
0050.txt,6,61,6,8,2,0,10,0,69,1,8,15,0
0050.txt,6,61,6,8,2,1,2,1,76,1,15,-1,0
0050.txt,6,62,6,10,3,0,10,0,69,2,6,13,0
0050.txt,6,62,6,10,3,1,2,1,76,1,13,-1,0
0050.txt,6,68,0,10,0,1,2,0,75,2,9,9,0
0050.txt,6,69,1,10,3,1,2,1,76,1,8,11,0
0050.txt,6,70,1,10,2,1,2,1,76,1,8,11,1
0050.txt,6,72,1,6,1,1,2,1,76,1,4,6,0
0050.txt,6,73,1,7,3,1,2,1,76,1,5,6,1
0050.txt,6,119,0,1,3,2,0,7,121,1,3,1,1
0050.txt,8,28,5,11,0,0,10,0,96,1,6,15,0
0050.txt,8,29,5,10,0,6,11,0,48,1,2,2,0
0050.txt,8,29,5,10,0,6,5,0,83,1,6,8,0
0050.txt,8,29,5,10,0,0,10,0,96,1,5,14,0
0050.txt,8,30,6,11,0,0,10,0,96,1,7,15,0
0050.txt,8,34,10,0,0,6,10,0,49,1,18,-1,0
0050.txt,8,34,10,0,0,9,1,0,51,1,2,1,0
0050.txt,8,35,9,6,0,0,10,0,69,1,13,-1,0
0050.txt,8,35,9,6,0,1,2,0,75,1,20,-1,0
0050.txt,8,36,9,1,0,9,0,0,47,1,1,1,0
0050.txt,8,36,9,1,0,6,10,0,49,1,18,-1,0
0050.txt,8,37,9,0,0,6,10,2,49,1,17,-1,0
0050.txt,8,40,7,0,0,6,10,2,49,1,15,-1,1
0050.txt,8,41,6,0,0,5,1,0,46,1,2,2,0
0050.txt,8,41,6,0,0,6,10,3,49,1,14,-1,0
0050.txt,8,42,5,0,0,5,1,0,46,1,1,2,1
0050.txt,8,42,5,0,0,6,10,3,49,1,13,-1,1
0050.txt,8,43,5,1,0,6,10,4,49,1,12,-1,0
0050.txt,8,43,5,1,0,6,5,0,55,1,7,3,0
0050.txt,8,44,4,1,0,6,10,4,49,1,11,-1,0
0050.txt,8,44,4,1,0,6,5,0,55,1,6,3,0
0050.txt,8,45,4,2,0,6,10,4,49,1,10,8,1
0050.txt,8,45,4,2,0,6,5,0,55,1,5,3,1
0050.txt,8,46,4,3,0,6,10,4,49,1,9,6,1
0050.txt,8,46,4,3,0,6,5,0,55,1,4,3,1
0050.txt,8,47,6,3,0,6,10,3,49,1,7,7,1
0050.txt,8,47,6,3,0,6,5,0,55,1,2,3,1
0050.txt,8,48,6,10,0,6,5,0,83,1,5,6,0
0050.txt,8,48,6,10,0,0,10,0,96,1,6,16,0
0050.txt,8,53,6,3,0,6,5,0,55,1,2,2,0
0050.txt,8,53,6,3,0,0,10,0,96,1,13,-1,0
0050.txt,8,55,6,4,0,0,10,0,96,1,12,-1,0
0050.txt,8,56,8,6,0,0,10,0,69,1,12,-1,1
0050.txt,8,56,8,6,0,8,7,0,70,1,1,1,1
0050.txt,8,56,8,6,0,1,2,0,75,1,19,-1,1
0050.txt,8,57,8,7,0,0,10,0,69,1,11,-1,0
0050.txt,8,57,8,7,0,1,2,0,75,2,18,-1,0
0050.txt,8,58,8,8,0,0,10,0,69,1,10,13,0
0050.txt,8,58,8,8,0,1,2,1,76,1,17,-1,0
0050.txt,8,60,7,8,0,0,10,0,69,1,9,14,0
0050.txt,8,60,7,8,0,1,2,1,76,1,16,-1,0
0050.txt,8,61,6,8,0,0,10,0,69,1,8,15,0
0050.txt,8,61,6,8,0,1,2,1,76,1,15,-1,0
0050.txt,8,62,6,10,1,0,10,0,69,2,6,13,0
0050.txt,8,62,6,10,1,1,2,1,76,1,13,-1,0
0050.txt,8,68,0,10,0,1,2,0,75,2,9,9,0
0050.txt,8,69,1,10,1,1,2,1,76,1,8,11,0
0050.txt,8,70,1,10,0,1,2,1,76,1,8,11,1
0050.txt,8,72,1,6,0,1,2,0,75,2,4,5,0
0050.txt,8,73,1,7,1,1,2,1,76,2,5,6,1
0050.txt,8,100,4,0,0,4,1,0,120,1,1,1,0
0050.txt,8,118,0,2,1,2,0,7,121,1,4,1,0
0050.txt,8,119,0,1,1,2,0,7,121,1,3,1,1
0051.txt,6,12,12,5,0,8,5,0,62,1,4,3,0
0051.txt,6,15,13,2,0,12,2,0,31,1,1,3,0
0051.txt,6,22,1,1,0,11,5,0,58,1,14,-1,0
0051.txt,6,23,2,1,0,11,5,0,58,1,13,-1,0
0051.txt,6,24,3,1,0,11,5,0,58,1,12,-1,1
0051.txt,6,26,4,1,0,11,5,1,59,1,11,-1,0
0051.txt,6,26,4,1,0,6,3,0,64,1,4,2,0
0051.txt,6,28,5,2,0,11,5,1,59,1,9,16,1
0051.txt,6,28,5,2,0,6,3,0,64,1,2,2,1
0051.txt,6,29,6,2,0,6,3,0,64,1,1,1,1
0051.txt,6,41,10,3,1,2,4,0,70,1,9,18,0
0051.txt,6,41,10,3,1,6,4,0,100,1,5,3,0
0051.txt,6,43,8,9,0,6,6,0,66,1,5,18,0
0051.txt,6,44,7,9,0,7,8,0,46,1,1,1,0
0051.txt,6,44,7,9,0,6,6,0,66,1,4,10,0
0051.txt,6,45,7,8,0,6,6,0,66,1,3,5,0
0051.txt,6,46,7,7,0,6,6,0,66,1,2,4,1
0051.txt,6,47,7,7,0,6,6,0,66,1,2,5,1
0051.txt,6,48,7,6,0,6,6,0,66,1,1,4,1
0051.txt,6,49,7,6,0,6,6,0,66,1,1,6,0
0051.txt,6,52,7,4,2,2,4,0,70,1,5,8,1
0051.txt,6,52,7,4,2,6,4,0,100,1,1,1,1
0051.txt,6,57,11,5,0,8,5,0,62,1,3,4,1
0051.txt,6,58,10,5,3,8,5,0,62,1,2,3,1
0051.txt,6,59,10,5,2,8,5,0,62,1,2,3,0
0051.txt,6,60,6,5,0,8,5,0,62,1,2,5,1
0051.txt,6,68,5,4,3,2,4,0,70,1,3,4,1
0051.txt,6,77,5,12,0,1,13,0,97,1,13,-1,1
0051.txt,6,79,5,11,1,1,13,0,97,1,12,-1,1
0051.txt,6,80,4,11,2,1,13,0,97,1,11,-1,0
0051.txt,6,82,3,10,3,1,13,0,97,1,9,9,0
0051.txt,6,86,3,9,1,1,13,0,97,1,8,9,1
0051.txt,6,87,3,8,2,1,13,0,97,1,7,8,0
0051.txt,6,88,2,8,2,1,13,0,95,1,6,7,1
0051.txt,6,90,1,8,0,1,13,0,95,1,5,6,0
0051.txt,6,91,1,9,1,1,13,0,95,1,4,4,0
0051.txt,6,92,1,10,1,1,13,0,95,1,3,3,0
0051.txt,6,93,1,11,2,1,13,0,95,1,2,1,1
0051.txt,8,12,12,5,0,8,5,0,62,1,4,3,0
0051.txt,8,15,13,2,0,12,2,0,31,1,1,3,0
0051.txt,8,22,1,1,0,11,5,0,58,1,14,-1,0
0051.txt,8,23,2,1,0,11,5,0,58,1,13,-1,0
0051.txt,8,24,3,1,0,11,5,0,58,1,12,-1,1
0051.txt,8,26,4,1,0,11,5,0,58,2,11,-1,0
0051.txt,8,26,4,1,0,6,3,0,64,1,4,2,0
0051.txt,8,28,5,2,0,11,5,0,58,2,9,16,1
0051.txt,8,28,5,2,0,6,3,0,64,1,2,2,1
0051.txt,8,29,6,2,0,11,5,0,58,2,8,15,1
0051.txt,8,29,6,2,0,6,3,0,64,1,1,1,1
0051.txt,8,31,11,2,0,6,2,2,64,1,5,7,0
0051.txt,8,32,6,2,0,9,3,0,37,1,4,5,0
0051.txt,8,32,6,2,0,7,2,0,55,1,1,1,0
0051.txt,8,32,6,2,0,11,5,1,59,1,8,15,0
0051.txt,8,33,7,2,0,9,3,0,37,1,3,3,0
0051.txt,8,34,8,2,0,9,3,0,37,1,2,1,0
0051.txt,8,40,10,2,0,6,4,0,68,2,6,6,0
0051.txt,8,40,10,2,0,2,4,0,70,1,10,16,0
0051.txt,8,41,10,3,0,6,4,0,68,2,5,6,0
0051.txt,8,41,10,3,0,2,4,0,70,1,9,16,0
0051.txt,8,43,8,9,0,6,6,0,66,1,5,18,0
0051.txt,8,44,7,9,0,7,8,0,46,1,1,1,0
0051.txt,8,44,7,9,0,6,6,0,66,1,4,10,0
0051.txt,8,45,7,8,0,6,6,0,66,1,3,5,0
0051.txt,8,46,7,7,0,6,6,0,66,1,2,4,1
0051.txt,8,47,7,7,0,6,6,0,66,1,2,5,1
0051.txt,8,48,7,6,0,6,6,0,66,1,1,4,1
0051.txt,8,49,7,6,0,6,6,0,66,1,1,6,0
0051.txt,8,51,10,4,1,6,4,0,68,2,4,6,1
0051.txt,8,51,10,4,1,2,4,0,70,1,8,11,1
0051.txt,8,52,7,4,0,6,4,0,68,2,1,1,1
0051.txt,8,52,7,4,0,2,4,0,70,1,5,8,1
0051.txt,8,53,6,4,1,2,4,0,70,1,4,5,0
0051.txt,8,54,9,4,0,11,5,0,58,2,3,3,0
0051.txt,8,56,10,4,0,11,5,0,58,2,2,2,0
0051.txt,8,57,11,5,0,8,5,0,62,1,3,4,1
0051.txt,8,58,10,5,1,8,5,0,62,1,2,3,1
0051.txt,8,59,10,5,0,8,5,0,62,1,2,3,0
0051.txt,8,60,6,5,0,8,5,0,62,1,2,5,1
0051.txt,8,68,5,4,3,2,4,0,70,1,3,4,1
0051.txt,8,77,5,12,0,1,13,0,97,1,13,-1,1
0051.txt,8,79,5,11,0,1,13,0,97,1,12,-1,1
0051.txt,8,80,4,11,0,1,13,0,97,1,11,-1,0
0051.txt,8,81,4,10,0,1,13,0,97,1,10,10,1
0051.txt,8,82,3,10,1,1,13,0,97,1,9,9,0
0051.txt,8,83,3,9,1,1,13,0,97,1,8,9,1
0051.txt,8,86,3,9,0,1,13,0,97,1,8,9,1
0051.txt,8,87,3,8,0,1,13,0,95,2,7,8,0
0051.txt,8,88,2,8,0,1,13,0,95,2,6,7,1
0051.txt,8,90,1,8,0,1,13,0,95,1,5,7,0
0051.txt,8,91,1,9,0,1,13,0,95,1,4,4,0
0051.txt,8,92,1,10,0,1,13,0,95,1,3,3,0
0051.txt,8,93,1,11,0,1,13,0,95,1,2,1,1
0052.txt,6,18,10,15,0,9,3,0,77,1,15,-1,0
0052.txt,6,19,10,14,0,9,3,0,77,1,14,-1,1
0052.txt,6,20,14,2,0,13,6,0,27,1,5,9,0
0052.txt,6,20,14,2,0,9,3,0,52,1,6,17,0
0052.txt,6,22,14,4,0,13,6,0,27,1,3,6,0
0052.txt,6,22,14,4,0,9,3,0,52,1,8,21,0
0052.txt,6,25,14,5,0,13,6,0,27,1,2,2,0
0052.txt,6,25,14,5,0,14,6,0,36,1,1,1,0
0052.txt,6,25,14,5,0,16,7,0,46,1,4,4,0
0052.txt,6,25,14,5,0,9,3,0,52,1,9,23,0
0052.txt,6,27,14,6,1,16,7,1,46,1,3,1,0
0052.txt,6,27,14,6,1,9,3,0,52,1,8,21,0
0052.txt,6,29,16,6,0,14,6,2,38,1,2,1,0
0052.txt,6,30,15,6,0,14,6,2,38,1,1,1,1
0052.txt,6,34,14,6,3,9,3,0,52,1,8,17,1
0052.txt,6,36,13,6,3,9,3,0,52,1,7,16,1
0052.txt,6,38,13,6,1,9,3,0,52,1,7,17,0
0052.txt,6,39,13,3,0,6,0,0,158,1,10,18,0
0052.txt,6,45,15,14,0,10,12,1,107,1,7,5,1
0052.txt,6,48,9,6,0,9,3,0,50,2,3,6,0
0052.txt,6,53,15,13,0,10,12,2,107,1,6,4,0
0052.txt,6,54,15,12,0,10,12,2,107,1,5,4,1
0052.txt,6,55,14,12,0,10,12,3,107,1,4,3,0
0052.txt,6,56,13,12,0,10,12,3,107,1,3,2,1
0052.txt,6,61,12,12,1,10,12,3,107,1,2,1,0
0052.txt,6,64,11,12,2,10,12,3,107,1,1,1,0
0052.txt,6,65,11,12,0,10,13,0,77,1,2,3,0
0052.txt,6,65,11,12,0,10,12,1,107,1,1,1,0
0052.txt,6,99,10,11,2,11,7,2,151,1,5,3,0
0052.txt,6,100,11,11,2,11,8,1,174,1,3,2,0
0052.txt,6,101,11,10,2,11,7,2,151,1,3,3,1
0052.txt,6,103,11,9,4,11,8,0,174,1,1,1,0
0052.txt,6,109,11,8,2,11,7,2,151,1,1,1,1
0052.txt,6,112,7,8,3,5,8,4,181,1,2,1,0
0052.txt,6,114,12,3,0,6,0,0,158,1,9,13,0
0052.txt,6,114,12,3,0,8,0,0,159,1,7,12,0
0052.txt,6,117,12,2,0,6,0,0,158,1,8,10,1
0052.txt,6,117,12,2,0,8,0,0,159,1,6,9,1
0052.txt,6,121,8,8,3,9,5,0,125,1,4,7,0
0052.txt,6,123,9,7,2,9,5,0,125,1,2,1,1
0052.txt,6,126,9,4,0,8,2,0,132,1,3,2,0
0052.txt,6,127,10,4,1,8,2,0,132,1,4,2,1
0052.txt,6,128,10,2,2,8,2,0,132,1,2,1,1
0052.txt,6,129,10,2,0,8,2,0,132,1,2,1,0
0052.txt,6,133,7,0,0,6,0,0,158,1,1,2,0
0052.txt,6,135,6,0,0,10,4,0,145,1,8,8,0
0052.txt,6,135,6,0,0,10,2,1,150,1,6,4,0
0052.txt,6,136,6,1,0,10,4,0,145,1,7,8,0
0052.txt,6,136,6,1,0,10,2,1,150,1,5,4,0
0052.txt,6,138,6,2,3,10,4,0,145,1,6,3,0
0052.txt,6,138,6,2,3,10,2,1,150,1,4,6,0
0052.txt,6,139,9,2,3,10,4,0,145,1,3,2,1
0052.txt,6,139,9,2,3,10,2,1,150,1,1,1,1
0052.txt,6,140,12,2,0,10,2,0,150,1,2,2,0
0052.txt,6,141,11,2,0,10,2,0,150,1,1,2,1
0052.txt,6,147,10,1,3,9,4,1,159,1,4,1,0
0052.txt,6,164,9,7,0,8,6,6,180,1,2,3,1
0052.txt,8,18,10,15,0,9,3,0,77,1,15,-1,0
0052.txt,8,19,10,14,0,9,3,0,77,1,14,-1,1
0052.txt,8,20,14,2,0,13,6,0,27,1,5,9,0
0052.txt,8,20,14,2,0,9,3,0,52,1,6,17,0
0052.txt,8,22,14,4,0,13,6,0,27,1,3,6,0
0052.txt,8,22,14,4,0,9,3,0,52,1,8,21,0
0052.txt,8,25,14,5,0,13,6,0,27,1,2,2,0
0052.txt,8,25,14,5,0,14,6,0,36,1,1,1,0
0052.txt,8,25,14,5,0,16,7,0,46,1,4,4,0
0052.txt,8,25,14,5,0,9,3,0,52,1,9,23,0
0052.txt,8,27,14,6,0,16,7,0,46,1,3,1,0
0052.txt,8,27,14,6,0,9,3,0,52,1,8,21,0
0052.txt,8,29,16,6,0,14,6,0,36,2,2,1,0
0052.txt,8,30,15,6,0,14,6,0,36,2,1,1,1
0052.txt,8,34,14,6,1,9,3,0,52,1,8,17,1
0052.txt,8,36,13,6,1,9,3,0,52,1,7,16,1
0052.txt,8,38,13,6,0,9,3,0,52,1,7,17,0
0052.txt,8,39,13,3,0,6,0,0,158,1,10,18,0
0052.txt,8,45,15,14,0,10,12,0,107,1,7,5,1
0052.txt,8,46,11,6,0,9,3,0,52,1,5,12,1
0052.txt,8,48,9,6,0,9,3,0,50,2,3,6,0
0052.txt,8,53,15,13,0,10,12,0,107,1,6,4,0
0052.txt,8,54,15,12,0,10,12,0,107,1,5,4,1
0052.txt,8,55,14,12,0,10,12,1,107,1,4,3,0
0052.txt,8,56,13,12,0,10,12,1,107,1,3,2,1
0052.txt,8,61,12,12,0,10,12,2,106,2,2,1,0
0052.txt,8,61,12,12,0,10,11,0,171,1,3,3,0
0052.txt,8,64,11,12,0,10,13,0,77,1,2,4,0
0052.txt,8,64,11,12,0,10,12,3,107,1,1,1,0
0052.txt,8,64,11,12,0,10,11,0,171,1,2,3,0
0052.txt,8,65,11,12,0,10,13,0,77,1,2,3,0
0052.txt,8,65,11,12,0,10,12,0,107,1,1,1,0
0052.txt,8,96,4,12,0,5,12,0,111,1,1,1,0
0052.txt,8,97,10,12,0,11,7,1,151,1,6,3,0
0052.txt,8,98,11,9,0,10,11,3,107,1,3,2,1
0052.txt,8,99,10,11,0,11,9,0,109,1,3,1,0
0052.txt,8,99,10,11,0,11,7,2,151,1,5,3,0
0052.txt,8,99,10,11,0,11,8,1,174,1,4,2,0
0052.txt,8,100,11,11,0,11,9,0,109,1,2,1,0
0052.txt,8,100,11,11,0,11,7,2,151,1,4,3,0
0052.txt,8,100,11,11,0,11,8,1,174,1,3,2,0
0052.txt,8,101,11,10,0,11,9,0,109,1,1,1,1
0052.txt,8,101,11,10,0,11,7,2,151,1,3,3,1
0052.txt,8,101,11,10,0,11,8,1,174,1,2,2,1
0052.txt,8,103,11,9,1,11,7,2,151,1,2,2,0
0052.txt,8,103,11,9,1,11,8,1,174,1,1,1,0
0052.txt,8,107,11,8,0,11,9,0,109,1,1,2,0
0052.txt,8,107,11,8,0,11,7,1,149,1,1,1,0
0052.txt,8,109,11,8,0,11,7,2,151,1,1,1,1
0052.txt,8,112,7,8,1,5,8,4,181,1,2,2,0
0052.txt,8,114,12,3,0,6,0,0,158,1,9,13,0
0052.txt,8,114,12,3,0,8,0,0,159,1,7,12,0
0052.txt,8,117,12,2,0,6,0,0,158,1,8,10,1
0052.txt,8,117,12,2,0,8,0,0,159,1,6,9,1
0052.txt,8,121,8,8,2,9,5,0,125,1,4,7,0
0052.txt,8,122,8,7,0,9,5,0,125,1,3,4,0
0052.txt,8,123,9,7,0,9,5,0,125,1,2,1,1
0052.txt,8,126,9,4,0,8,2,0,132,1,3,2,0
0052.txt,8,127,10,4,0,8,2,0,132,1,4,2,1
0052.txt,8,128,10,2,0,8,2,0,132,1,2,1,1
0052.txt,8,129,10,2,0,8,2,0,132,1,2,1,0
0052.txt,8,133,7,0,0,6,0,0,158,1,1,2,0
0052.txt,8,135,6,0,0,10,4,0,145,1,8,8,0
0052.txt,8,135,6,0,0,10,2,0,150,1,6,4,0
0052.txt,8,136,6,1,0,10,4,0,145,1,7,8,0
0052.txt,8,136,6,1,0,10,2,0,150,1,5,4,0
0052.txt,8,138,6,2,1,10,4,0,145,1,6,6,0
0052.txt,8,138,6,2,1,10,2,1,150,1,4,2,0
0052.txt,8,139,9,2,1,10,4,0,145,1,3,2,1
0052.txt,8,139,9,2,1,10,2,1,150,1,1,1,1
0052.txt,8,140,12,2,0,10,2,0,150,1,2,2,0
0052.txt,8,140,12,2,0,9,4,0,158,2,5,4,0
0052.txt,8,141,11,2,0,10,2,0,150,1,1,2,1
0052.txt,8,141,11,2,0,9,4,0,158,2,4,3,1
0052.txt,8,143,9,2,0,10,2,0,147,1,1,1,0
0052.txt,8,148,10,4,0,9,4,0,158,2,1,1,0
0052.txt,8,164,9,7,0,8,6,4,180,1,2,3,1
0052.txt,8,169,8,7,1,7,8,1,173,1,2,1,1
0052.txt,8,170,8,8,0,7,8,0,173,1,1,1,1
0052.txt,8,177,7,8,1,9,8,0,186,1,2,2,1
0053.txt,6,39,8,0,0,7,3,0,104,1,4,4,0
0053.txt,6,40,7,0,0,7,3,0,65,2,3,3,0
0053.txt,6,41,7,1,0,7,3,0,65,2,2,2,1
0053.txt,6,42,7,2,1,7,3,0,65,2,1,1,1
0053.txt,6,47,13,11,0,4,1,0,78,1,19,-1,0
0053.txt,6,49,11,12,0,11,11,0,56,1,1,1,0
0053.txt,6,57,5,10,0,6,5,0,73,1,6,7,0
0053.txt,6,58,5,9,2,6,5,0,73,1,5,5,0
0053.txt,6,63,6,6,2,6,5,0,73,1,1,1,1
0053.txt,6,75,7,3,0,6,2,3,78,1,2,1,0
0053.txt,6,97,2,5,0,6,5,3,102,1,4,4,1
0053.txt,8,11,3,11,0,4,11,0,13,1,1,1,0
0053.txt,8,39,8,0,0,7,3,0,104,1,4,4,0
0053.txt,8,40,7,0,0,7,3,0,65,2,3,3,0
0053.txt,8,41,7,1,0,7,3,0,65,2,2,2,1
0053.txt,8,42,7,2,0,7,3,0,44,3,1,1,1
0053.txt,8,47,13,11,0,4,1,0,78,1,19,-1,0
0053.txt,8,49,11,12,0,11,11,0,56,1,1,1,0
0053.txt,8,50,11,11,0,4,1,0,78,1,17,-1,0
0053.txt,8,52,10,10,0,4,1,0,78,1,15,-1,1
0053.txt,8,56,9,10,0,4,1,1,78,1,14,-1,1
0053.txt,8,57,5,10,0,6,5,0,73,1,6,7,0
0053.txt,8,57,5,10,0,4,1,0,78,1,12,-1,0
0053.txt,8,58,5,9,0,5,8,0,62,1,1,1,0
0053.txt,8,58,5,9,0,6,5,0,73,1,5,5,0
0053.txt,8,59,5,8,1,6,5,0,73,1,4,3,0
0053.txt,8,60,5,7,1,6,5,0,73,1,3,3,0
0053.txt,8,62,6,6,1,6,5,0,73,1,1,1,1
0053.txt,8,63,6,6,0,6,5,0,73,1,1,1,1
0053.txt,8,75,7,3,0,6,2,1,78,1,2,1,0
0053.txt,8,96,3,6,0,6,5,0,104,1,4,4,0
0053.txt,8,97,2,5,0,6,5,1,102,1,4,4,1
0053.txt,8,98,3,5,0,6,5,3,102,1,3,3,0
0053.txt,8,105,4,5,0,9,9,0,115,1,9,6,0
0054.txt,6,11,14,12,0,14,11,0,13,1,1,2,0
0054.txt,6,44,6,13,0,7,8,0,62,1,8,5,0
0054.txt,6,45,7,13,1,7,8,0,62,1,7,4,0
0054.txt,6,46,7,12,2,7,8,0,62,1,6,3,0
0054.txt,6,47,7,11,3,7,8,0,62,1,5,2,0
0054.txt,6,48,7,10,3,7,8,0,62,1,4,3,1
0054.txt,6,50,6,10,0,6,8,0,62,1,2,2,1
0054.txt,6,81,13,10,0,12,9,0,170,1,2,2,0
0054.txt,6,82,13,9,0,12,9,0,170,1,1,1,0
0054.txt,6,102,10,1,0,11,5,0,179,1,7,9,0
0054.txt,6,103,10,2,1,11,5,0,179,1,6,8,0
0054.txt,6,104,11,2,2,11,5,0,179,1,5,7,0
0054.txt,6,105,12,2,2,12,3,0,111,1,1,1,1
0054.txt,6,105,12,2,2,11,5,0,179,1,4,7,1
0054.txt,6,106,12,3,3,11,5,0,179,1,3,3,0
0054.txt,6,107,12,4,3,11,5,0,179,1,2,2,0
0054.txt,6,108,12,5,3,11,5,0,179,1,1,1,1
0054.txt,6,110,12,5,0,11,5,0,179,1,1,1,0
0054.txt,6,114,11,6,3,11,5,4,117,1,1,1,1
0054.txt,6,128,14,1,0,14,6,0,135,1,5,5,0
0054.txt,6,129,14,2,0,14,6,0,135,1,4,5,0
0054.txt,6,130,14,3,0,14,6,0,135,1,3,5,1
0054.txt,6,132,14,4,1,14,5,0,135,1,1,4,0
0054.txt,6,201,3,2,0,9,6,0,224,1,10,12,0
0054.txt,6,205,5,2,0,9,6,0,224,1,8,11,1
0054.txt,6,208,7,2,0,9,6,0,224,1,8,12,0
0054.txt,6,209,7,3,0,9,6,0,224,1,7,12,0
0054.txt,6,237,3,10,0,4,10,4,251,1,1,1,1
0054.txt,6,264,10,6,0,10,8,2,267,1,2,1,0
0054.txt,6,265,10,7,0,10,8,2,267,1,1,1,1
0054.txt,8,11,14,12,0,14,11,0,13,1,1,2,0
0054.txt,8,27,2,12,0,2,9,0,30,1,3,3,0
0054.txt,8,28,2,11,0,2,9,0,30,1,2,1,1
0054.txt,8,44,6,13,0,7,8,0,62,1,8,6,0
0054.txt,8,45,7,13,0,7,8,0,62,1,7,4,0
0054.txt,8,46,7,12,0,7,8,0,62,1,6,3,0
0054.txt,8,47,7,11,1,7,8,0,62,1,5,2,0
0054.txt,8,48,7,10,1,7,8,0,62,1,4,3,1
0054.txt,8,50,6,10,0,6,8,0,62,1,2,2,1
0054.txt,8,51,7,10,0,6,8,0,62,1,3,2,1
0054.txt,8,55,6,10,0,4,9,0,64,1,3,3,0
0054.txt,8,56,6,9,0,4,9,0,64,1,2,3,1
0054.txt,8,63,6,6,0,5,6,1,65,1,1,1,1
0054.txt,8,81,13,10,0,11,12,2,137,1,4,3,0
0054.txt,8,81,13,10,0,12,9,0,170,1,2,2,0
0054.txt,8,82,13,9,0,11,12,3,137,1,5,4,0
0054.txt,8,82,13,9,0,12,9,0,170,1,1,1,0
0054.txt,8,83,12,9,0,11,12,3,137,1,4,4,0
0054.txt,8,102,10,1,0,10,6,5,118,1,9,13,0
0054.txt,8,102,10,1,0,11,5,0,179,1,7,9,0
0054.txt,8,103,10,2,0,11,5,0,179,1,6,8,0
0054.txt,8,104,11,2,0,12,3,0,111,1,2,1,0
0054.txt,8,104,11,2,0,13,4,0,176,1,4,5,0
0054.txt,8,104,11,2,0,11,5,0,179,1,5,7,0
0054.txt,8,105,12,2,0,12,3,0,111,1,1,1,1
0054.txt,8,105,12,2,0,13,4,0,176,1,3,5,1
0054.txt,8,105,12,2,0,11,5,0,179,1,4,7,1
0054.txt,8,106,12,3,1,13,4,0,176,1,2,2,0
0054.txt,8,106,12,3,1,11,5,0,179,1,3,3,0
0054.txt,8,107,12,4,1,13,4,0,176,1,1,1,0
0054.txt,8,107,12,4,1,11,5,0,179,1,2,2,0
0054.txt,8,108,12,5,1,13,4,0,176,1,2,4,1
0054.txt,8,108,12,5,1,11,5,0,179,1,1,1,1
0054.txt,8,110,12,5,0,10,6,5,118,1,3,5,0
0054.txt,8,110,12,5,0,11,5,0,179,1,1,1,0
0054.txt,8,111,11,5,0,16,6,0,183,1,6,14,0
0054.txt,8,114,11,6,1,11,5,4,117,1,1,1,1
0054.txt,8,117,16,5,0,11,5,6,174,1,5,4,0
0054.txt,8,118,11,5,1,11,6,0,134,1,1,1,0
0054.txt,8,128,14,1,0,14,6,0,135,1,5,6,0
0054.txt,8,129,14,2,0,14,6,0,135,1,4,6,0
0054.txt,8,130,14,3,0,14,6,0,135,1,3,6,1
0054.txt,8,132,14,4,0,14,5,0,135,1,1,4,0
0054.txt,8,136,11,5,1,10,5,4,159,1,1,1,0
0054.txt,8,147,2,5,0,3,4,0,154,1,2,2,0
0054.txt,8,155,11,6,1,12,6,0,189,1,1,2,0
0054.txt,8,159,11,5,0,13,9,0,162,1,6,14,0
0054.txt,8,180,10,5,0,16,5,7,196,1,6,6,1
0054.txt,8,201,3,2,0,9,6,0,224,1,10,12,0
0054.txt,8,202,4,2,0,9,6,0,224,1,9,11,1
0054.txt,8,205,5,2,0,9,6,0,224,1,8,11,1
0054.txt,8,208,7,2,0,9,6,0,224,1,8,12,0
0054.txt,8,209,7,3,0,9,6,0,224,1,7,12,0
0054.txt,8,210,6,2,0,9,6,0,224,1,7,8,0
0054.txt,8,211,6,3,1,10,7,0,267,1,8,10,0
0054.txt,8,213,6,5,1,10,7,0,267,1,6,9,1
0054.txt,8,219,5,6,0,9,6,0,235,1,4,6,0
0054.txt,8,220,7,6,0,9,6,0,224,1,2,7,0
0054.txt,8,237,3,10,0,4,10,2,251,1,1,1,1
0054.txt,8,257,2,10,0,6,8,0,263,1,6,2,0
0054.txt,8,260,4,9,0,6,8,0,263,1,3,1,1
0054.txt,8,261,5,9,0,6,8,0,263,1,2,1,1
0054.txt,8,264,10,6,0,10,8,0,267,1,2,1,0
0054.txt,8,265,10,7,0,10,8,0,267,1,1,1,1
0054.txt,8,272,12,6,1,15,7,0,281,1,8,4,0
0054.txt,8,277,14,4,1,15,7,0,281,1,6,4,1
0054.txt,8,278,16,4,1,15,7,0,281,1,4,4,0
0054.txt,8,279,16,6,0,15,7,0,281,1,2,2,1
0055.txt,6,17,0,1,0,6,5,0,163,1,10,22,0
0055.txt,6,18,0,2,0,6,5,0,163,1,9,23,1
0055.txt,6,35,15,16,0,15,14,0,150,1,2,1,0
0055.txt,6,35,15,16,0,6,10,0,153,1,15,-1,0
0055.txt,6,39,13,2,0,7,8,0,144,1,12,-1,0
0055.txt,6,40,12,2,0,11,2,0,139,1,1,1,1
0055.txt,6,40,12,2,0,7,8,0,144,1,11,-1,1
0055.txt,6,40,12,2,0,3,9,0,186,1,16,-1,1
0055.txt,6,41,11,2,0,7,8,0,144,1,10,42,0
0055.txt,6,41,11,2,0,3,9,0,186,1,15,-1,0
0055.txt,6,42,10,2,1,7,8,0,144,1,9,45,0
0055.txt,6,42,10,2,1,3,9,0,186,1,14,-1,0
0055.txt,6,44,10,1,3,7,8,0,144,1,10,39,0
0055.txt,6,44,10,1,3,3,9,0,186,1,15,-1,0
0055.txt,6,50,12,12,0,7,15,0,224,1,8,28,0
0055.txt,6,67,16,9,0,6,10,0,153,1,11,-1,0
0055.txt,6,68,15,9,0,14,10,0,70,3,2,2,0
0055.txt,6,68,15,9,0,6,10,0,153,1,10,28,0
0055.txt,6,70,15,10,3,11,11,1,229,1,5,4,0
0055.txt,6,71,11,10,1,11,11,1,229,1,1,1,1
0055.txt,6,72,15,10,0,15,14,1,150,1,4,2,0
0055.txt,6,72,15,10,0,6,10,0,153,1,9,24,0
0055.txt,6,73,15,14,0,6,10,0,153,1,13,-1,0
0055.txt,6,74,15,13,0,6,10,0,153,1,12,-1,0
0055.txt,6,75,15,12,0,6,10,0,153,1,11,-1,1
0055.txt,6,79,4,16,0,7,8,0,144,1,11,-1,0
0055.txt,6,79,4,16,0,7,15,0,224,1,4,4,0
0055.txt,6,81,7,15,0,4,15,0,85,1,3,3,0
0055.txt,6,85,4,14,3,7,8,0,144,1,9,29,1
0055.txt,6,93,11,1,2,9,0,0,244,1,3,3,0
0055.txt,6,104,4,12,1,7,11,0,109,1,4,19,0
0055.txt,6,105,5,12,2,7,11,0,109,1,3,14,0
0055.txt,6,113,11,12,3,11,11,1,229,1,1,1,0
0055.txt,6,120,6,12,0,9,13,0,225,1,4,10,0
0055.txt,6,126,15,11,3,6,10,0,153,1,10,17,0
0055.txt,6,132,12,8,3,6,10,0,153,1,8,26,1
0055.txt,6,133,11,8,3,6,10,0,153,1,7,24,1
0055.txt,6,134,9,1,3,7,8,0,144,1,9,30,0
0055.txt,6,134,9,1,3,4,9,0,186,1,13,-1,0
0055.txt,6,135,9,3,3,7,8,0,144,1,7,30,0
0055.txt,6,135,9,3,3,4,9,0,186,1,11,-1,0
0055.txt,6,136,7,3,3,7,8,0,144,1,5,24,0
0055.txt,6,136,7,3,3,4,9,0,186,1,9,33,0
0055.txt,6,137,7,5,2,7,8,0,144,1,3,13,1
0055.txt,6,137,7,5,2,4,9,0,186,1,7,35,1
0055.txt,6,139,7,6,3,7,8,0,144,1,2,9,1
0055.txt,6,139,7,6,3,4,9,0,186,1,6,20,1
0055.txt,6,140,7,6,2,7,8,0,144,1,2,5,0
0055.txt,6,140,7,6,2,4,9,0,186,1,6,28,0
0055.txt,6,141,7,8,2,4,9,0,186,1,4,16,0
0055.txt,6,142,6,8,2,4,9,0,186,1,3,18,0
0055.txt,6,143,5,8,3,4,9,0,186,1,2,4,1
0055.txt,6,144,4,8,3,4,9,0,186,1,1,3,1
0055.txt,6,145,4,8,2,4,9,0,186,1,1,2,1
0055.txt,6,146,9,8,2,6,10,0,153,1,5,16,0
0055.txt,6,147,8,8,2,6,10,0,153,1,4,18,0
0055.txt,6,149,6,8,2,6,10,0,153,1,2,12,1
0055.txt,6,150,5,8,3,6,10,0,153,1,3,6,0
0055.txt,6,151,5,8,1,6,10,0,153,1,3,16,0
0055.txt,6,154,1,2,0,0,3,0,160,1,2,1,0
0055.txt,6,154,1,2,0,6,5,0,163,1,8,20,0
0055.txt,6,155,0,3,0,6,5,0,163,1,8,18,0
0055.txt,6,156,1,3,0,6,5,0,163,1,7,19,0
0055.txt,6,159,1,4,1,6,5,0,163,1,6,15,0
0055.txt,6,160,1,5,2,6,5,0,163,1,5,10,0
0055.txt,6,164,8,5,0,7,5,0,173,1,1,1,1
0055.txt,6,176,12,5,0,10,1,5,181,1,6,9,0
0055.txt,6,176,12,5,0,6,3,0,199,1,8,14,0
0055.txt,6,177,11,5,0,10,1,5,181,1,5,9,1
0055.txt,6,177,11,5,0,6,3,0,199,1,7,14,1
0055.txt,6,178,10,5,0,6,3,0,199,1,6,13,0
0055.txt,6,179,10,4,0,6,3,0,199,1,5,8,1
0055.txt,6,181,10,3,3,10,1,4,193,1,2,1,1
0055.txt,6,181,10,3,3,6,3,0,199,1,4,4,1
0055.txt,6,182,10,1,0,9,0,0,244,1,2,3,1
0055.txt,6,193,10,3,3,6,3,0,199,1,4,4,0
0055.txt,6,194,10,3,0,6,3,0,199,1,4,4,0
0055.txt,6,195,9,3,0,6,3,0,199,1,3,3,0
0055.txt,6,196,8,3,0,6,3,0,199,1,2,2,1
0055.txt,6,197,7,3,1,6,3,0,199,1,1,1,0
0055.txt,6,200,10,1,0,9,0,0,244,1,2,5,1
0055.txt,6,204,8,1,2,7,1,0,257,1,1,1,0
0055.txt,6,206,13,7,2,11,7,0,282,1,2,2,1
0055.txt,6,241,7,6,0,4,7,1,277,1,4,4,0
0055.txt,6,241,7,6,0,4,9,0,290,1,6,10,0
0055.txt,6,242,9,7,0,4,7,0,277,2,5,7,0
0055.txt,6,245,7,7,2,5,8,0,252,1,3,2,0
0055.txt,6,247,5,7,2,5,8,0,252,1,1,1,1
0055.txt,6,256,7,1,3,3,1,0,267,1,4,2,0
0055.txt,6,257,6,1,3,4,3,4,265,1,4,3,1
0055.txt,6,258,6,1,1,4,3,4,265,1,4,3,0
0055.txt,6,259,5,1,3,3,1,0,267,1,2,1,1
0055.txt,6,260,3,1,2,4,3,4,265,1,3,3,1
0055.txt,8,17,0,1,0,6,5,0,163,1,10,22,0
0055.txt,8,18,0,2,0,6,5,0,163,1,9,23,1
0055.txt,8,35,15,16,0,15,14,0,150,1,2,1,0
0055.txt,8,35,15,16,0,6,10,0,153,1,15,-1,0
0055.txt,8,39,13,2,0,7,8,0,144,1,12,-1,0
0055.txt,8,40,12,2,0,11,2,0,139,1,1,1,1
0055.txt,8,40,12,2,0,7,8,0,144,1,11,-1,1
0055.txt,8,40,12,2,0,3,9,0,186,1,16,-1,1
0055.txt,8,41,11,2,0,7,8,0,144,1,10,42,0
0055.txt,8,41,11,2,0,3,9,0,186,1,15,-1,0
0055.txt,8,42,10,2,0,7,8,0,144,1,9,45,0
0055.txt,8,42,10,2,0,3,9,0,186,1,14,-1,0
0055.txt,8,44,10,1,1,7,8,0,144,1,10,39,0
0055.txt,8,44,10,1,1,3,9,0,186,1,15,-1,0
0055.txt,8,50,12,12,0,7,15,0,224,1,8,28,0
0055.txt,8,67,16,9,0,15,14,0,150,1,6,6,0
0055.txt,8,67,16,9,0,6,10,0,153,1,11,-1,0
0055.txt,8,68,15,9,0,14,10,0,70,3,2,2,0
0055.txt,8,68,15,9,0,15,14,1,150,1,5,5,0
0055.txt,8,68,15,9,0,6,10,0,153,1,10,28,0
0055.txt,8,70,15,10,1,6,10,0,153,1,9,19,0
0055.txt,8,70,15,10,1,11,11,1,229,1,5,4,0
0055.txt,8,71,11,10,0,7,15,2,224,1,9,38,1
0055.txt,8,71,11,10,0,11,11,0,229,1,1,1,1
0055.txt,8,72,15,10,0,15,14,0,150,1,4,2,0
0055.txt,8,72,15,10,0,6,10,0,153,1,9,24,0
0055.txt,8,73,15,14,0,6,10,0,153,1,13,-1,0
0055.txt,8,74,15,13,0,6,10,0,153,1,12,-1,0
0055.txt,8,75,15,12,0,6,10,0,153,1,11,-1,1
0055.txt,8,79,4,16,0,7,8,0,144,1,11,-1,0
0055.txt,8,79,4,16,0,7,15,0,224,1,4,4,0
0055.txt,8,81,7,15,0,4,15,0,85,1,3,3,0
0055.txt,8,82,6,15,0,4,15,0,85,1,2,1,0
0055.txt,8,83,5,15,0,4,15,0,85,1,1,1,1
0055.txt,8,84,4,15,0,7,8,0,144,1,10,30,0
0055.txt,8,85,4,14,1,7,8,0,144,1,9,29,1
0055.txt,8,92,12,1,0,9,0,0,244,1,4,4,0
0055.txt,8,93,11,1,0,9,0,0,244,1,3,3,0
0055.txt,8,100,2,12,1,7,11,0,109,1,6,12,0
0055.txt,8,103,4,12,1,7,11,0,109,1,4,10,1
0055.txt,8,104,4,12,0,7,11,0,109,1,4,19,0
0055.txt,8,105,5,12,0,7,11,0,109,1,3,14,0
0055.txt,8,113,11,12,1,11,11,1,229,1,1,1,0
0055.txt,8,120,6,12,0,9,13,0,225,1,4,11,0
0055.txt,8,121,7,12,0,9,13,0,225,1,3,5,0
0055.txt,8,122,8,12,0,9,13,0,225,1,2,3,1
0055.txt,8,125,9,8,0,6,10,0,153,1,5,25,1
0055.txt,8,126,15,11,1,6,10,0,153,1,10,17,0
0055.txt,8,132,12,8,1,6,10,0,153,1,8,26,1
0055.txt,8,133,11,8,3,6,10,0,153,1,7,25,1
0055.txt,8,134,9,1,1,7,8,0,144,1,9,30,0
0055.txt,8,134,9,1,1,4,9,0,186,1,13,-1,0
0055.txt,8,135,9,3,1,7,8,0,144,1,7,33,0
0055.txt,8,135,9,3,1,4,9,0,186,1,11,-1,0
0055.txt,8,136,7,3,1,7,8,0,144,1,5,24,0
0055.txt,8,136,7,3,1,4,9,0,186,1,9,33,0
0055.txt,8,137,7,5,0,7,8,0,144,1,3,15,1
0055.txt,8,137,7,5,0,4,9,0,186,1,7,25,1
0055.txt,8,139,7,6,1,7,8,0,144,1,2,9,1
0055.txt,8,139,7,6,1,4,9,0,186,1,6,20,1
0055.txt,8,140,7,6,0,7,8,0,144,1,2,5,0
0055.txt,8,140,7,6,0,4,9,0,186,1,6,28,0
0055.txt,8,141,7,8,0,4,9,0,186,1,4,20,0
0055.txt,8,142,6,8,0,4,9,0,186,1,3,18,0
0055.txt,8,143,5,8,1,4,9,0,186,1,2,7,1
0055.txt,8,144,4,8,1,4,9,0,186,1,1,3,1
0055.txt,8,145,4,8,0,4,9,0,186,1,1,2,1
0055.txt,8,146,9,8,0,6,10,0,153,1,5,16,0
0055.txt,8,147,8,8,0,6,10,0,153,1,4,12,0
0055.txt,8,149,6,8,0,6,10,0,153,1,2,4,1
0055.txt,8,150,5,8,1,6,10,0,153,1,3,6,0
0055.txt,8,151,5,8,0,6,10,0,153,1,3,16,0
0055.txt,8,154,1,2,0,0,3,0,160,1,2,1,0
0055.txt,8,154,1,2,0,6,5,0,163,1,8,20,0
0055.txt,8,155,0,3,0,6,5,0,163,1,8,18,0
0055.txt,8,156,1,3,0,6,5,0,163,1,7,19,0
0055.txt,8,159,1,4,0,6,5,0,163,1,6,15,0
0055.txt,8,160,1,5,0,6,5,0,163,1,5,10,0
0055.txt,8,164,8,5,0,7,5,0,173,1,1,1,1
0055.txt,8,164,8,5,0,4,7,1,277,1,6,14,1
0055.txt,8,172,7,5,0,11,7,0,282,1,6,15,0
0055.txt,8,174,12,6,0,11,7,0,282,1,2,4,1
0055.txt,8,176,12,5,0,10,1,3,181,2,6,9,0
0055.txt,8,176,12,5,0,6,3,0,199,1,8,14,0
0055.txt,8,176,12,5,0,4,7,1,277,1,10,23,0
0055.txt,8,177,11,5,0,10,1,3,181,2,5,9,1
0055.txt,8,177,11,5,0,6,3,0,199,1,7,14,1
0055.txt,8,177,11,5,0,4,7,1,277,1,9,23,1
0055.txt,8,178,10,5,0,10,1,4,181,2,4,6,0
0055.txt,8,178,10,5,0,6,3,0,199,1,6,13,0
0055.txt,8,178,10,5,0,4,7,2,277,1,8,22,0
0055.txt,8,179,10,4,0,10,1,4,181,2,3,2,1
0055.txt,8,179,10,4,0,6,3,0,199,1,5,8,1
0055.txt,8,179,10,4,0,4,7,2,277,1,9,24,1
0055.txt,8,180,10,1,1,9,0,0,244,1,2,3,0
0055.txt,8,181,10,3,1,10,1,4,193,1,2,1,1
0055.txt,8,181,10,3,1,6,3,0,199,1,4,4,1
0055.txt,8,182,10,1,0,9,0,0,244,1,2,3,1
0055.txt,8,182,10,1,0,5,1,0,262,1,5,7,1
0055.txt,8,187,5,10,0,3,11,0,191,1,3,4,1
0055.txt,8,193,10,3,1,6,3,0,199,1,4,4,0
0055.txt,8,194,10,3,0,6,3,0,199,1,4,4,0
0055.txt,8,195,9,3,0,6,3,0,199,1,3,3,0
0055.txt,8,196,8,3,0,6,3,0,199,1,2,2,1
0055.txt,8,197,7,3,0,6,3,0,199,1,1,1,0
0055.txt,8,197,7,3,0,5,3,0,239,1,2,2,0
0055.txt,8,198,6,3,0,5,3,0,239,1,1,1,0
0055.txt,8,200,10,1,0,9,0,0,244,1,2,5,1
0055.txt,8,200,10,1,0,5,1,0,262,1,5,4,1
0055.txt,8,204,8,1,0,7,1,0,257,1,1,1,0
0055.txt,8,205,13,6,0,11,7,0,282,1,3,2,1
0055.txt,8,206,13,7,0,11,7,0,282,1,2,2,1
0055.txt,8,207,12,7,0,11,7,0,282,1,1,1,1
0055.txt,8,209,7,6,0,4,7,2,277,1,4,7,1
0055.txt,8,211,9,10,0,4,13,4,222,1,8,18,0
0055.txt,8,213,8,10,0,4,13,5,222,1,7,15,1
0055.txt,8,218,4,12,0,4,10,2,229,1,2,3,1
0055.txt,8,226,9,12,0,10,12,0,251,1,1,1,0
0055.txt,8,227,10,12,1,10,8,0,276,1,4,4,0
0055.txt,8,241,7,6,0,4,7,0,277,2,4,4,0
0055.txt,8,241,7,6,0,4,9,0,290,1,6,10,0
0055.txt,8,242,9,7,0,4,7,0,277,2,5,7,0
0055.txt,8,244,7,1,1,4,3,4,265,1,5,5,1
0055.txt,8,245,7,7,0,5,8,0,252,1,3,2,0
0055.txt,8,246,6,7,0,5,8,0,252,1,2,2,0
0055.txt,8,247,5,7,0,5,8,0,252,1,1,1,1
0055.txt,8,256,7,1,1,4,3,4,265,1,5,4,0
0055.txt,8,256,7,1,1,3,1,0,267,1,4,2,0
0055.txt,8,257,6,1,1,4,3,4,265,1,4,3,1
0055.txt,8,258,6,1,0,5,1,0,262,1,1,1,0
0055.txt,8,258,6,1,0,4,3,3,265,1,4,4,0
0055.txt,8,258,6,1,0,3,1,0,267,1,3,2,0
0055.txt,8,259,5,1,1,4,3,4,265,1,3,3,1
0055.txt,8,259,5,1,1,3,1,0,267,1,2,1,1
0055.txt,8,260,3,1,0,4,3,4,265,1,3,3,1
0055.txt,8,262,4,1,0,4,3,4,265,1,2,2,1
0055.txt,8,263,4,3,0,3,1,0,267,1,3,3,0
0055.txt,8,263,4,3,0,4,7,1,277,1,4,5,0
0055.txt,8,264,4,2,0,3,1,0,267,1,2,3,1
0055.txt,8,264,4,2,0,4,7,1,277,1,5,5,1
0055.txt,8,269,4,8,0,4,9,0,290,1,1,2,1
0055.txt,8,288,4,8,0,4,9,0,290,1,1,1,0
0056.txt,6,18,6,0,0,5,0,0,31,1,1,2,0
0056.txt,6,18,6,0,0,3,3,0,125,1,6,11,0
0056.txt,6,19,0,12,0,1,13,0,52,1,2,3,0
0056.txt,6,22,5,0,0,3,3,0,125,1,5,10,0
0056.txt,6,31,4,0,0,3,3,0,125,1,4,10,1
0056.txt,6,36,3,0,0,3,3,0,125,1,3,5,0
0056.txt,6,53,3,1,0,3,3,0,125,1,2,6,0
0056.txt,6,54,4,13,0,2,10,0,184,1,5,4,0
0056.txt,6,55,4,12,1,2,10,0,184,1,4,3,0
0056.txt,6,56,3,12,1,6,9,0,143,1,8,5,0
0056.txt,6,57,3,2,0,3,3,0,125,1,1,5,1
0056.txt,6,61,2,12,1,2,10,0,184,1,2,2,1
0056.txt,6,62,3,3,0,4,6,0,96,1,6,8,0
0056.txt,6,68,8,13,0,7,12,0,70,1,2,1,0
0056.txt,6,72,3,2,0,2,3,4,125,1,2,3,0
0056.txt,6,81,2,11,3,6,9,0,143,1,6,3,0
0056.txt,6,84,3,9,3,6,9,0,143,1,3,1,0
0056.txt,6,86,5,3,0,4,6,0,96,1,4,5,0
0056.txt,6,87,5,4,0,4,6,0,96,1,3,2,1
0056.txt,6,89,15,3,0,14,4,0,107,1,2,2,0
0056.txt,6,90,5,9,3,6,9,0,143,1,1,1,1
0056.txt,6,93,14,3,0,14,4,0,107,1,1,1,0
0056.txt,6,93,14,3,0,11,10,1,152,1,10,9,0
0056.txt,6,93,14,3,0,7,10,0,181,1,14,-1,0
0056.txt,6,100,6,8,3,8,5,0,146,1,5,4,0
0056.txt,6,101,14,4,1,11,10,1,152,1,9,9,0
0056.txt,6,101,14,4,1,7,10,0,181,1,13,-1,0
0056.txt,6,103,13,5,2,11,10,1,152,1,7,9,0
0056.txt,6,103,13,5,2,7,10,0,181,1,11,-1,0
0056.txt,6,111,13,6,0,12,6,0,173,1,1,1,0
0056.txt,6,111,13,6,0,7,10,0,181,1,10,16,0
0056.txt,6,113,12,6,1,7,10,0,181,1,9,15,0
0056.txt,6,114,11,6,1,7,10,0,181,1,8,15,1
0056.txt,6,127,14,9,2,15,7,0,138,1,3,1,0
0056.txt,6,129,15,8,2,15,7,0,138,1,1,1,1
0056.txt,6,131,10,6,3,8,10,3,181,1,6,8,0
0056.txt,6,133,10,6,0,8,10,3,181,1,6,9,1
0056.txt,6,134,10,6,0,8,10,0,181,1,6,8,0
0056.txt,6,136,15,8,1,15,7,0,138,1,1,1,0
0056.txt,6,139,9,6,3,8,10,3,181,1,5,8,1
0056.txt,6,143,8,8,1,8,5,0,146,1,3,3,1
0056.txt,8,18,6,0,0,5,0,0,31,1,1,2,0
0056.txt,8,18,6,0,0,3,3,0,125,1,6,11,0
0056.txt,8,19,0,12,0,1,13,0,52,1,2,3,0
0056.txt,8,22,5,0,0,3,3,0,125,1,5,10,0
0056.txt,8,31,4,0,0,3,3,0,125,1,4,10,1
0056.txt,8,36,3,0,0,3,3,0,125,1,3,5,0
0056.txt,8,53,3,1,0,3,3,0,125,1,2,6,0
0056.txt,8,54,4,13,0,2,10,0,184,1,5,4,0
0056.txt,8,55,4,12,0,6,9,0,143,1,9,5,0
0056.txt,8,55,4,12,0,2,10,0,184,1,4,3,0
0056.txt,8,56,3,12,0,6,9,0,143,1,8,5,0
0056.txt,8,56,3,12,0,2,10,0,184,1,3,3,0
0056.txt,8,57,3,2,0,3,3,0,125,1,1,5,1
0056.txt,8,58,1,3,0,3,3,0,78,2,2,1,0
0056.txt,8,58,1,3,0,4,6,0,96,1,6,6,0
0056.txt,8,58,1,3,0,3,2,0,160,1,3,2,0
0056.txt,8,61,2,12,0,6,9,0,143,1,7,5,1
0056.txt,8,61,2,12,0,2,10,0,184,1,2,2,1
0056.txt,8,62,3,3,0,4,6,0,96,1,6,8,0
0056.txt,8,68,8,13,0,7,12,0,70,1,2,1,0
0056.txt,8,72,3,2,0,2,3,2,125,1,2,1,0
0056.txt,8,80,2,12,0,6,9,0,143,1,7,4,0
0056.txt,8,81,2,11,1,6,9,0,143,1,6,3,0
0056.txt,8,84,3,9,1,6,9,0,143,1,3,1,0
0056.txt,8,86,5,3,0,4,6,0,96,1,4,5,0
0056.txt,8,87,5,4,0,4,6,0,96,1,3,2,1
0056.txt,8,89,15,3,0,14,4,0,107,1,2,2,0
0056.txt,8,90,5,9,1,6,9,0,143,1,1,1,1
0056.txt,8,93,14,3,0,14,4,0,107,1,1,1,0
0056.txt,8,93,14,3,0,11,10,0,152,1,10,9,0
0056.txt,8,93,14,3,0,7,10,0,181,1,14,-1,0
0056.txt,8,95,4,5,0,5,5,0,125,1,1,1,0
0056.txt,8,100,6,8,1,8,5,0,146,1,5,4,0
0056.txt,8,101,14,4,0,11,10,0,152,1,9,9,0
0056.txt,8,101,14,4,0,7,10,0,181,1,13,-1,0
0056.txt,8,102,13,4,0,11,10,1,152,1,8,9,0
0056.txt,8,102,13,4,0,7,10,0,181,1,12,-1,0
0056.txt,8,103,13,5,0,11,10,1,152,1,7,9,0
0056.txt,8,103,13,5,0,7,10,0,181,1,11,-1,0
0056.txt,8,107,13,6,0,11,10,1,152,1,6,11,1
0056.txt,8,107,13,6,0,7,10,0,181,1,10,17,1
0056.txt,8,111,13,6,0,12,6,0,173,1,1,1,0
0056.txt,8,111,13,6,0,7,10,0,181,1,10,16,0
0056.txt,8,113,12,6,0,7,10,0,181,1,9,15,0
0056.txt,8,114,11,6,0,7,10,0,181,1,8,15,1
0056.txt,8,124,13,10,0,13,9,0,129,1,1,1,0
0056.txt,8,126,13,9,0,15,7,0,138,1,4,3,0
0056.txt,8,127,14,9,0,15,7,0,138,1,3,1,0
0056.txt,8,129,15,8,0,15,7,0,138,1,1,1,1
0056.txt,8,131,10,6,1,8,10,3,181,1,6,8,0
0056.txt,8,133,10,6,0,8,10,1,181,1,6,8,1
0056.txt,8,134,10,6,0,8,10,0,181,1,6,8,0
0056.txt,8,135,7,8,0,8,5,0,146,1,4,5,0
0056.txt,8,136,15,8,0,15,7,0,138,1,1,1,0
0056.txt,8,139,9,6,1,8,10,3,181,1,5,8,1
0056.txt,8,143,8,8,0,8,5,0,146,1,3,4,1
0056.txt,8,145,12,10,0,11,10,0,151,1,1,1,0
0056.txt,8,154,8,9,0,9,9,0,164,1,1,1,1
0056.txt,8,172,9,6,0,8,7,0,177,1,2,4,1
0056.txt,8,172,9,6,0,8,9,0,181,1,4,5,1
0056.txt,8,175,8,6,0,8,7,0,177,1,1,1,0
0056.txt,8,175,8,6,0,8,9,0,181,1,3,3,0
0056.txt,8,179,8,8,0,8,9,0,181,1,1,2,1
0057.txt,6,1,16,17,0,13,15,0,144,1,5,3,0
0057.txt,6,21,9,16,0,12,15,1,144,1,4,3,0
0057.txt,6,42,13,7,0,16,9,0,131,1,5,5,0
0057.txt,6,45,15,7,0,16,9,0,131,1,3,3,0
0057.txt,6,49,0,3,0,2,1,0,52,1,4,6,0
0057.txt,6,63,16,7,0,16,9,2,131,1,2,1,0
0057.txt,6,64,16,8,0,16,9,2,131,1,1,1,1
0057.txt,6,68,1,6,0,1,8,0,72,1,2,1,0
0057.txt,6,85,2,10,0,4,12,0,101,1,4,2,0
0057.txt,6,85,2,10,0,2,12,0,102,1,2,1,0
0057.txt,6,86,2,11,0,4,12,0,101,1,3,2,1
0057.txt,6,86,2,11,0,2,12,0,102,1,1,1,1
0057.txt,6,97,2,12,1,4,12,0,101,1,2,1,0
0057.txt,6,98,3,12,1,4,12,0,101,1,1,1,0
0057.txt,6,111,4,14,2,10,14,0,141,1,6,7,1
0057.txt,6,116,6,13,1,10,14,0,141,1,5,9,0
0057.txt,6,132,8,17,1,12,15,4,144,1,6,7,1
0057.txt,6,134,8,13,2,10,14,0,141,1,3,7,1
0057.txt,6,136,10,17,3,12,15,4,144,1,4,3,1
0057.txt,6,137,10,15,2,12,15,4,144,1,2,3,1
0057.txt,6,192,9,7,0,10,7,0,194,1,1,1,1
0057.txt,6,220,8,4,5,7,7,0,238,1,8,10,0
0057.txt,6,220,8,4,5,6,7,2,240,1,9,8,0
0057.txt,8,1,16,17,0,13,15,0,144,1,5,3,0
0057.txt,8,21,9,16,0,12,15,0,144,1,4,3,0
0057.txt,8,42,13,7,0,16,9,0,131,1,5,5,0
0057.txt,8,45,15,7,0,16,9,0,131,1,3,3,0
0057.txt,8,49,0,3,0,2,1,0,52,1,4,6,0
0057.txt,8,63,16,7,0,16,9,0,131,1,2,1,0
0057.txt,8,64,16,8,0,16,9,0,131,1,1,1,1
0057.txt,8,68,1,6,0,1,8,0,72,1,2,1,0
0057.txt,8,75,15,3,0,16,4,0,77,1,2,3,0
0057.txt,8,85,2,10,0,4,12,0,101,1,4,2,0
0057.txt,8,85,2,10,0,2,12,0,102,1,2,1,0
0057.txt,8,86,2,11,0,4,12,0,101,1,3,2,1
0057.txt,8,86,2,11,0,2,12,0,102,1,1,1,1
0057.txt,8,93,14,12,0,12,10,0,112,1,4,1,0
0057.txt,8,94,14,11,0,12,10,0,112,1,3,1,0
0057.txt,8,95,13,11,0,12,10,0,112,1,2,1,1
0057.txt,8,97,2,12,0,4,12,0,101,1,2,1,0
0057.txt,8,98,3,12,0,4,12,0,101,1,1,1,0
0057.txt,8,105,12,11,0,12,10,0,112,1,1,1,0
0057.txt,8,105,12,11,0,11,9,0,118,1,3,2,0
0057.txt,8,106,12,10,1,11,9,0,118,1,2,1,0
0057.txt,8,109,7,17,0,9,17,0,136,1,2,1,0
0057.txt,8,109,7,17,0,12,15,3,144,1,7,6,0
0057.txt,8,110,4,15,0,10,14,0,141,1,7,9,0
0057.txt,8,111,4,14,0,10,14,0,141,1,6,7,1
0057.txt,8,112,12,9,1,11,9,0,118,1,1,1,1
0057.txt,8,113,12,9,0,11,9,0,118,1,1,1,1
0057.txt,8,115,4,13,1,10,14,0,141,1,7,8,0
0057.txt,8,116,6,13,0,10,14,0,141,1,5,9,0
0057.txt,8,128,5,14,0,5,13,0,171,1,1,1,0
0057.txt,8,132,8,17,0,9,17,0,136,1,1,1,1
0057.txt,8,132,8,17,0,12,15,3,144,1,6,4,1
0057.txt,8,133,7,13,0,10,14,0,141,1,4,7,0
0057.txt,8,134,8,13,0,10,14,0,141,1,3,7,1
0057.txt,8,135,9,17,1,12,15,4,144,1,5,3,1
0057.txt,8,136,10,17,2,12,15,3,144,1,4,2,1
0057.txt,8,137,10,15,0,12,15,4,144,1,2,3,1
0057.txt,8,139,9,13,1,10,14,0,141,1,2,2,1
0057.txt,8,142,12,15,0,10,15,0,146,1,2,1,0
0057.txt,8,143,11,15,0,10,15,0,146,1,1,1,1
0057.txt,8,152,5,13,0,8,11,0,184,1,5,4,0
0057.txt,8,153,6,13,0,8,11,0,184,1,4,4,1
0057.txt,8,155,1,3,0,1,1,0,201,1,2,1,0
0057.txt,8,156,1,2,0,1,1,0,201,1,1,1,1
0057.txt,8,171,8,13,1,8,11,0,184,1,2,2,1
0057.txt,8,192,9,7,0,10,7,0,194,1,1,1,1
0057.txt,8,211,10,6,0,11,5,0,222,1,2,4,0
0057.txt,8,220,8,4,5,7,7,0,238,1,8,10,0
0057.txt,8,220,8,4,5,6,7,0,240,1,9,8,0
0057.txt,8,229,10,3,0,9,4,1,236,1,2,1,0
0057.txt,8,235,9,4,0,9,8,5,238,1,6,3,0
0058.txt,6,9,16,17,0,8,10,0,178,1,15,-1,0
0058.txt,6,38,4,17,0,5,17,0,83,1,1,1,0
0058.txt,6,52,5,17,0,7,15,0,71,1,4,3,0
0058.txt,6,53,6,17,2,7,15,0,71,1,3,2,0
0058.txt,6,55,7,16,2,7,15,0,71,1,1,2,1
0058.txt,6,74,8,12,3,5,12,0,297,1,3,1,1
0058.txt,6,76,6,12,2,5,12,0,297,1,1,1,1
0058.txt,6,78,15,2,2,12,7,0,202,1,10,4,0
0058.txt,6,78,15,2,2,16,12,0,238,1,19,-1,0
0058.txt,6,78,15,2,2,17,12,0,240,1,20,-1,0
0058.txt,6,86,15,3,0,12,7,0,202,1,9,5,0
0058.txt,6,86,15,3,0,16,12,0,238,1,18,-1,0
0058.txt,6,86,15,3,0,17,12,0,240,1,19,-1,0
0058.txt,6,88,15,4,3,12,7,0,202,1,8,2,0
0058.txt,6,88,15,4,3,16,12,0,238,1,17,-1,0
0058.txt,6,88,15,4,3,17,12,0,240,1,18,-1,0
0058.txt,6,94,11,6,3,12,7,0,202,1,2,1,1
0058.txt,6,94,11,6,3,16,12,0,238,1,11,-1,1
0058.txt,6,94,11,6,3,17,12,0,240,1,12,-1,1
0058.txt,6,104,4,8,0,6,11,0,144,1,5,4,0
0058.txt,6,105,4,9,0,6,11,0,144,1,4,2,0
0058.txt,6,108,11,11,3,16,12,0,238,1,6,21,0
0058.txt,6,108,11,11,3,17,12,0,240,1,7,11,0
0058.txt,6,109,11,12,0,16,12,0,238,1,5,16,0
0058.txt,6,109,11,12,0,17,12,0,240,1,6,6,0
0058.txt,6,110,10,12,2,16,12,0,238,1,6,17,1
0058.txt,6,110,10,12,2,17,12,0,240,1,7,10,1
0058.txt,6,112,13,12,1,16,12,0,238,1,3,8,0
0058.txt,6,112,13,12,1,17,12,0,240,1,4,4,0
0058.txt,6,113,14,12,1,16,12,0,238,1,2,5,1
0058.txt,6,113,14,12,1,17,12,0,240,1,3,1,1
0058.txt,6,114,15,13,0,8,10,0,178,1,10,14,0
0058.txt,6,116,15,12,3,8,10,0,178,1,9,16,0
0058.txt,6,117,11,12,0,8,10,0,178,1,5,14,1
0058.txt,6,118,11,11,3,8,10,0,178,1,4,11,1
0058.txt,6,119,11,11,2,8,10,0,178,1,4,12,0
0058.txt,6,122,8,11,3,5,12,6,134,1,4,3,1
0058.txt,6,124,7,12,2,5,12,6,134,1,2,2,1
0058.txt,6,128,6,11,3,5,12,6,134,1,2,2,1
0058.txt,6,140,4,11,0,6,11,0,144,1,2,2,1
0058.txt,6,149,5,11,0,3,7,0,181,1,6,13,0
0058.txt,6,149,5,11,0,1,7,0,265,1,8,17,0
0058.txt,6,149,5,11,0,5,8,0,292,1,5,6,0
0058.txt,6,150,4,11,2,3,7,0,181,1,5,11,1
0058.txt,6,150,4,11,2,1,7,0,265,1,7,14,1
0058.txt,6,150,4,11,2,5,8,0,292,1,4,4,1
0058.txt,6,152,4,10,2,3,7,0,181,1,4,9,0
0058.txt,6,152,4,10,2,1,7,0,265,1,6,12,0
0058.txt,6,152,4,10,2,5,8,0,292,1,3,2,0
0058.txt,6,156,4,8,3,3,7,0,181,1,2,3,0
0058.txt,6,156,4,8,3,1,7,0,265,1,4,5,0
0058.txt,6,157,4,7,1,3,7,0,181,1,1,3,1
0058.txt,6,157,4,7,1,1,7,0,265,1,3,6,1
0058.txt,6,162,3,7,2,1,7,0,265,1,2,4,0
0058.txt,6,168,10,12,0,16,12,0,239,1,6,11,0
0058.txt,6,175,10,11,0,16,12,0,239,1,7,8,0
0058.txt,6,175,10,11,0,8,11,1,262,1,2,2,0
0058.txt,6,177,11,10,0,12,7,0,202,1,4,2,1
0058.txt,6,181,2,7,2,1,7,0,265,1,1,4,1
0058.txt,6,195,2,11,0,3,11,0,227,1,1,1,0
0058.txt,6,204,11,11,2,16,12,0,239,1,6,16,1
0058.txt,6,205,11,11,0,16,12,0,239,1,6,12,0
0058.txt,8,9,16,17,0,8,10,0,178,1,15,-1,0
0058.txt,8,38,4,17,0,5,17,0,83,1,1,1,0
0058.txt,8,49,3,4,0,3,11,0,255,1,9,10,0
0058.txt,8,52,5,17,0,7,15,0,71,1,4,3,0
0058.txt,8,53,6,17,0,7,15,0,71,1,3,2,0
0058.txt,8,55,7,16,0,7,15,0,71,1,1,2,1
0058.txt,8,73,14,1,0,15,1,0,94,1,1,1,0
0058.txt,8,74,8,12,1,5,12,0,297,1,3,1,1
0058.txt,8,75,7,12,0,5,12,0,297,1,2,1,1
0058.txt,8,76,6,12,0,5,12,0,297,1,1,1,1
0058.txt,8,77,15,1,0,12,7,0,202,1,11,-1,0
0058.txt,8,77,15,1,0,16,12,0,238,1,20,-1,0
0058.txt,8,77,15,1,0,17,12,0,240,1,21,-1,0
0058.txt,8,78,15,2,0,12,7,0,202,1,10,3,0
0058.txt,8,78,15,2,0,16,12,0,238,1,19,-1,0
0058.txt,8,78,15,2,0,17,12,0,240,1,20,-1,0
0058.txt,8,81,15,3,0,12,7,0,202,1,9,3,1
0058.txt,8,81,15,3,0,16,12,0,238,1,18,-1,1
0058.txt,8,81,15,3,0,17,12,0,240,1,19,-1,1
0058.txt,8,86,15,3,0,12,7,0,202,1,9,5,0
0058.txt,8,86,15,3,0,16,12,0,238,1,18,-1,0
0058.txt,8,86,15,3,0,17,12,0,240,1,19,-1,0
0058.txt,8,88,15,4,1,12,7,0,202,1,8,2,0
0058.txt,8,88,15,4,1,16,12,0,238,1,17,-1,0
0058.txt,8,88,15,4,1,17,12,0,240,1,18,-1,0
0058.txt,8,94,11,6,1,12,7,0,202,1,2,1,1
0058.txt,8,94,11,6,1,16,12,0,238,1,11,-1,1
0058.txt,8,94,11,6,1,17,12,0,240,1,12,-1,1
0058.txt,8,104,4,8,0,6,11,0,144,1,5,4,0
0058.txt,8,105,4,9,0,6,11,0,144,1,4,2,0
0058.txt,8,106,3,5,1,2,11,0,255,1,7,7,0
0058.txt,8,107,11,10,1,16,12,0,238,1,7,21,1
0058.txt,8,107,11,10,1,17,12,0,240,1,8,12,1
0058.txt,8,108,11,11,1,16,12,0,238,1,6,21,0
0058.txt,8,108,11,11,1,17,12,0,240,1,7,11,0
0058.txt,8,109,11,12,0,16,12,0,238,1,5,16,0
0058.txt,8,109,11,12,0,17,12,0,240,1,6,7,0
0058.txt,8,110,10,12,0,16,12,0,238,2,6,17,1
0058.txt,8,110,10,12,0,17,12,0,240,1,7,10,1
0058.txt,8,112,13,12,0,15,13,1,116,1,3,2,0
0058.txt,8,112,13,12,0,16,12,0,238,1,3,7,0
0058.txt,8,112,13,12,0,17,12,0,240,1,4,4,0
0058.txt,8,113,14,12,0,15,13,1,116,1,2,1,1
0058.txt,8,113,14,12,0,16,12,0,238,1,2,5,1
0058.txt,8,113,14,12,0,17,12,0,240,1,3,2,1
0058.txt,8,114,15,13,0,8,10,0,178,1,10,14,0
0058.txt,8,116,15,12,1,8,10,0,178,1,9,16,0
0058.txt,8,116,15,12,1,16,12,0,238,1,1,5,0
0058.txt,8,116,15,12,1,17,12,0,240,1,2,2,0
0058.txt,8,117,11,12,0,8,10,0,178,1,5,14,1
0058.txt,8,118,11,11,1,8,10,0,178,1,4,11,1
0058.txt,8,119,11,11,0,8,10,0,178,1,4,12,0
0058.txt,8,120,10,11,0,8,10,0,178,1,3,11,1
0058.txt,8,122,8,11,1,5,12,6,134,1,4,3,1
0058.txt,8,123,8,12,1,5,12,6,134,1,3,3,1
0058.txt,8,124,7,12,0,5,12,6,134,1,2,2,1
0058.txt,8,127,6,12,0,5,12,6,134,1,1,1,0
0058.txt,8,128,6,11,1,5,12,6,134,1,2,2,1
0058.txt,8,130,5,11,1,5,12,6,134,1,1,1,0
0058.txt,8,134,5,11,0,4,10,0,140,1,2,11,0
0058.txt,8,137,5,11,0,4,10,0,140,1,2,10,0
0058.txt,8,140,4,11,0,6,11,0,144,1,2,3,1
0058.txt,8,142,3,10,0,2,10,1,147,1,1,1,1
0058.txt,8,149,5,11,0,3,7,0,181,1,6,14,0
0058.txt,8,149,5,11,0,1,7,0,265,1,8,20,0
0058.txt,8,149,5,11,0,5,8,0,292,1,5,7,0
0058.txt,8,150,4,11,0,3,7,0,181,1,5,11,1
0058.txt,8,150,4,11,0,1,7,0,265,1,7,14,1
0058.txt,8,150,4,11,0,5,8,0,292,1,4,4,1
0058.txt,8,152,4,10,0,3,7,0,181,1,4,9,0
0058.txt,8,152,4,10,0,1,7,0,265,1,6,12,0
0058.txt,8,152,4,10,0,5,8,0,292,1,3,2,0
0058.txt,8,153,4,9,0,3,7,0,181,1,3,6,1
0058.txt,8,153,4,9,0,1,7,0,265,1,5,11,1
0058.txt,8,153,4,9,0,5,8,0,292,1,2,2,1
0058.txt,8,156,4,8,1,3,7,0,181,1,2,3,0
0058.txt,8,156,4,8,1,1,7,0,265,1,4,5,0
0058.txt,8,157,4,7,0,3,7,0,181,1,1,3,1
0058.txt,8,157,4,7,0,1,7,0,265,1,3,6,1
0058.txt,8,162,3,7,0,1,7,0,265,1,2,4,0
0058.txt,8,167,3,7,1,2,11,0,255,1,5,6,1
0058.txt,8,168,10,12,0,16,12,0,239,1,6,11,0
0058.txt,8,175,10,11,0,16,12,0,239,1,7,9,0
0058.txt,8,175,10,11,0,8,11,0,262,1,2,2,0
0058.txt,8,177,11,10,0,12,7,0,202,1,4,4,1
0058.txt,8,180,11,11,1,16,12,0,239,1,6,12,0
0058.txt,8,181,2,7,0,1,7,0,265,1,1,4,1
0058.txt,8,188,11,11,1,16,12,0,239,1,6,16,0
0058.txt,8,193,11,11,1,16,12,0,239,1,6,17,0
0058.txt,8,195,2,11,0,3,11,0,227,1,1,1,0
0058.txt,8,204,11,11,0,16,12,0,239,1,6,16,1
0058.txt,8,205,11,11,0,16,12,0,239,1,6,13,0
0058.txt,8,205,11,11,0,10,12,0,262,1,2,1,0
0058.txt,8,216,4,7,1,3,11,5,255,1,5,4,1
0058.txt,8,217,4,8,1,3,11,5,255,1,4,5,0
0058.txt,8,218,4,10,1,3,11,5,255,1,2,1,1
0058.txt,8,220,4,11,0,3,11,4,255,1,1,2,1
0058.txt,8,224,1,7,0,2,7,0,292,1,1,1,0
0058.txt,8,225,5,12,0,7,12,0,249,1,2,2,0
0058.txt,8,233,8,12,1,15,12,5,312,1,9,8,0
0058.txt,8,234,8,11,1,15,12,5,312,1,8,5,0
0058.txt,8,237,11,11,1,15,12,5,312,1,5,4,1
0058.txt,8,239,11,12,0,10,12,0,262,1,1,1,0
0058.txt,8,290,13,4,0,11,6,3,312,1,4,3,0
0059.txt,6,30,5,13,0,4,11,0,35,1,3,1,1
0059.txt,6,31,4,13,0,4,11,0,35,1,2,1,1
0059.txt,6,32,4,12,0,4,11,0,35,1,1,1,0
0059.txt,6,40,13,8,0,12,5,0,49,1,4,1,0
0059.txt,6,41,13,7,0,12,5,0,49,1,3,1,0
0059.txt,6,42,13,6,0,12,5,0,49,1,2,1,1
0059.txt,6,63,4,9,2,4,10,0,65,1,1,1,1
0059.txt,8,30,5,13,0,4,11,0,35,1,3,1,1
0059.txt,8,31,4,13,0,4,11,0,35,1,2,1,1
0059.txt,8,32,4,12,0,4,11,0,35,1,1,1,0
0059.txt,8,40,13,8,0,12,5,0,49,1,4,1,0
0059.txt,8,41,13,7,0,12,5,0,49,1,3,1,0
0059.txt,8,42,13,6,0,12,5,0,49,1,2,1,1
0059.txt,8,49,10,6,0,8,6,0,51,1,2,1,1
0059.txt,8,55,4,5,0,4,8,1,58,1,3,2,0
0059.txt,8,62,4,8,0,4,10,0,65,1,2,1,0
0059.txt,8,63,4,9,0,4,10,0,65,1,1,1,1
0060.txt,6,3,2,7,0,1,1,0,87,1,35,-1,0
0060.txt,6,10,1,14,0,13,1,0,114,1,25,-1,0
0060.txt,6,13,3,14,0,13,1,0,114,1,23,-1,1
0060.txt,6,15,4,14,0,9,8,0,70,1,11,-1,0
0060.txt,6,15,4,14,0,13,1,0,114,1,22,-1,0
0060.txt,6,16,4,13,0,9,8,0,70,1,10,10,0
0060.txt,6,16,4,13,0,13,1,0,114,1,21,-1,0
0060.txt,6,18,5,13,0,9,8,0,70,1,9,6,0
0060.txt,6,18,5,13,0,13,1,0,114,1,20,-1,0
0060.txt,6,24,6,13,0,9,8,0,70,1,8,5,1
0060.txt,6,24,6,13,0,13,1,0,114,1,19,-1,1
0060.txt,6,25,6,12,0,9,8,0,70,1,7,8,1
0060.txt,6,25,6,12,0,13,1,0,114,1,18,-1,1
0060.txt,6,32,16,5,0,13,1,0,114,1,7,1,0
0060.txt,6,40,16,13,0,1,1,0,86,1,27,-1,0
0060.txt,6,45,13,11,0,1,1,0,86,1,22,-1,0
0060.txt,6,46,12,11,0,1,1,0,86,1,21,-1,0
0060.txt,6,47,11,11,0,1,1,0,86,1,20,-1,1
0060.txt,6,48,10,11,0,1,1,0,86,1,19,-1,1
0060.txt,6,50,7,12,0,9,8,0,70,1,6,4,0
0060.txt,6,51,8,12,0,9,8,0,70,1,5,4,0
0060.txt,6,53,9,11,3,9,8,0,70,1,3,2,0
0060.txt,6,55,9,7,2,5,0,0,98,1,11,-1,0
0060.txt,6,62,5,1,0,9,11,0,79,1,14,-1,0
0060.txt,6,63,8,6,2,9,6,0,70,1,1,2,0
0060.txt,6,64,10,6,0,9,6,0,70,1,1,2,1
0060.txt,6,70,9,5,3,8,1,5,98,1,5,2,0
0060.txt,6,77,9,10,0,9,11,0,79,1,1,1,1
0060.txt,6,91,1,8,0,5,13,0,113,1,9,3,0
0060.txt,6,94,1,10,0,5,13,0,113,1,7,3,1
0060.txt,6,95,1,11,2,5,13,0,113,1,6,3,0
0060.txt,6,97,8,6,0,13,1,0,112,1,10,5,0
0060.txt,6,98,9,12,0,4,11,0,118,1,8,5,0
0060.txt,6,99,4,11,0,5,13,0,113,1,3,2,0
0060.txt,6,100,4,12,0,5,13,0,113,1,2,2,1
0060.txt,6,101,4,13,1,5,13,0,113,1,1,1,1
0060.txt,6,105,8,1,0,13,1,0,114,2,5,3,0
0060.txt,6,110,13,1,0,9,6,3,122,1,9,3,0
0060.txt,6,111,12,1,0,9,6,3,122,1,8,3,0
0060.txt,6,112,11,1,0,9,6,4,122,1,7,2,1
0060.txt,6,118,9,12,0,9,15,2,126,1,3,3,1
0060.txt,8,3,2,7,0,1,1,0,87,1,35,-1,0
0060.txt,8,10,1,14,0,13,1,0,114,1,25,-1,0
0060.txt,8,13,3,14,0,13,1,0,114,1,23,-1,1
0060.txt,8,15,4,14,0,9,8,0,70,1,11,-1,0
0060.txt,8,15,4,14,0,13,1,0,114,1,22,-1,0
0060.txt,8,16,4,13,0,9,8,0,70,1,10,10,0
0060.txt,8,16,4,13,0,13,1,0,114,1,21,-1,0
0060.txt,8,18,5,13,0,9,8,0,70,1,9,6,0
0060.txt,8,18,5,13,0,13,1,0,114,1,20,-1,0
0060.txt,8,24,6,13,0,9,8,0,70,1,8,5,1
0060.txt,8,24,6,13,0,13,1,0,114,1,19,-1,1
0060.txt,8,25,6,12,0,9,8,0,70,1,7,8,1
0060.txt,8,25,6,12,0,13,1,0,114,1,18,-1,1
0060.txt,8,32,16,5,0,13,1,0,114,1,7,1,0
0060.txt,8,40,16,13,0,1,1,0,86,1,27,-1,0
0060.txt,8,45,13,11,0,1,1,0,86,1,22,-1,0
0060.txt,8,46,12,11,0,1,1,0,86,1,21,-1,0
0060.txt,8,47,11,11,0,1,1,0,86,1,20,-1,1
0060.txt,8,48,10,11,0,1,1,0,86,1,19,-1,1
0060.txt,8,50,7,12,0,9,8,0,70,1,6,5,0
0060.txt,8,50,7,12,0,13,1,0,114,2,17,-1,0
0060.txt,8,51,8,12,0,9,8,0,70,1,5,5,0
0060.txt,8,51,8,12,0,13,1,0,114,2,16,-1,0
0060.txt,8,53,9,11,1,9,8,0,70,1,3,1,0
0060.txt,8,53,9,11,1,8,6,0,106,1,6,4,0
0060.txt,8,54,9,8,0,5,0,0,98,1,12,-1,0
0060.txt,8,54,9,8,0,8,6,0,106,1,3,1,0
0060.txt,8,55,9,7,0,5,0,0,98,1,11,-1,0
0060.txt,8,55,9,7,0,8,6,0,106,1,2,1,0
0060.txt,8,61,9,6,0,8,6,0,106,1,1,1,1
0060.txt,8,62,5,1,0,9,11,0,79,1,14,-1,0
0060.txt,8,63,8,6,0,9,6,0,70,1,1,1,0
0060.txt,8,64,10,6,0,9,6,0,70,1,1,3,1
0060.txt,8,64,10,6,0,6,1,2,76,1,9,8,1
0060.txt,8,64,10,6,0,13,1,0,114,2,10,7,1
0060.txt,8,67,9,6,0,6,1,3,98,1,8,5,1
0060.txt,8,67,9,6,0,13,1,1,117,1,9,6,1
0060.txt,8,68,6,1,0,9,11,0,79,1,13,-1,0
0060.txt,8,68,6,1,0,13,1,0,114,1,7,3,0
0060.txt,8,69,7,1,0,9,11,0,79,1,12,-1,1
0060.txt,8,69,7,1,0,13,1,0,114,1,6,3,1
0060.txt,8,70,9,5,1,8,1,5,98,1,5,2,0
0060.txt,8,72,8,1,0,9,11,0,79,1,11,-1,0
0060.txt,8,72,8,1,0,13,1,1,117,1,5,3,0
0060.txt,8,77,9,10,0,9,11,0,79,1,1,1,1
0060.txt,8,91,1,8,0,5,13,0,113,1,9,3,0
0060.txt,8,94,1,10,0,5,13,0,113,1,7,3,1
0060.txt,8,95,1,11,0,5,13,0,113,1,6,3,0
0060.txt,8,96,9,5,0,8,6,0,106,1,2,1,0
0060.txt,8,96,9,5,0,10,15,1,129,1,11,-1,0
0060.txt,8,97,8,6,0,13,1,0,112,1,10,5,0
0060.txt,8,98,9,12,0,4,11,0,118,1,8,5,0
0060.txt,8,99,4,11,0,5,13,0,113,1,3,2,0
0060.txt,8,100,4,12,0,5,13,0,113,1,2,2,1
0060.txt,8,101,4,13,0,5,13,0,113,1,1,1,1
0060.txt,8,105,8,1,0,13,1,0,114,2,5,3,0
0060.txt,8,107,9,1,0,13,1,1,117,1,4,1,0
0060.txt,8,110,13,1,0,9,6,1,122,1,9,3,0
0060.txt,8,111,12,1,0,9,6,1,122,1,8,3,0
0060.txt,8,112,11,1,0,9,6,2,122,1,7,2,1
0060.txt,8,118,9,12,0,9,15,0,126,1,3,3,1
0060.txt,8,130,9,1,0,11,1,0,135,1,2,1,0
0060.txt,8,131,10,1,0,11,1,0,135,1,1,1,1
0061.txt,6,27,15,6,3,15,1,0,43,1,5,4,0
0061.txt,6,28,15,5,3,15,2,0,45,1,3,2,0
0061.txt,6,31,15,4,3,15,1,0,43,1,3,4,1
0061.txt,6,34,15,3,2,15,2,0,45,1,1,1,0
0061.txt,6,50,12,5,0,11,5,0,65,1,1,1,0
0061.txt,6,56,5,15,0,3,15,1,96,1,2,1,0
0061.txt,6,59,3,15,0,5,9,0,211,1,12,-1,0
0061.txt,6,60,4,15,2,5,9,0,211,1,11,-1,0
0061.txt,6,63,11,12,0,13,12,0,143,1,2,1,0
0061.txt,6,64,12,12,0,13,12,0,143,1,1,1,1
0061.txt,6,72,13,12,0,14,15,0,95,1,4,3,0
0061.txt,6,80,13,15,2,5,9,0,211,1,14,-1,0
0061.txt,6,82,10,15,2,5,9,0,211,1,11,-1,0
0061.txt,6,84,9,13,2,5,9,0,211,1,8,15,0
0061.txt,6,92,8,12,2,5,9,0,211,1,6,13,0
0061.txt,6,93,8,11,2,6,11,0,112,1,2,1,0
0061.txt,6,95,7,11,2,6,9,2,211,1,3,6,1
0061.txt,6,101,6,7,0,7,11,0,154,1,5,4,0
0061.txt,6,103,6,8,0,7,11,1,154,1,4,3,0
0061.txt,6,106,4,12,2,4,11,2,120,1,1,1,0
0061.txt,6,108,12,15,0,7,9,4,236,1,11,-1,0
0061.txt,6,115,4,11,0,7,9,2,211,1,5,10,1
0061.txt,6,119,3,10,3,7,3,3,174,1,13,-1,0
0061.txt,6,124,11,15,0,9,13,0,247,1,4,1,0
0061.txt,6,125,11,14,0,9,13,0,247,1,3,1,1
0061.txt,6,136,10,14,0,9,13,0,247,1,2,1,0
0061.txt,6,137,10,13,0,9,13,0,247,1,1,1,1
0061.txt,6,138,3,9,3,7,3,3,174,1,12,-1,0
0061.txt,6,141,3,8,3,7,3,3,174,1,11,-1,1
0061.txt,6,142,3,7,2,7,3,3,174,1,10,24,0
0061.txt,6,144,5,11,3,3,10,0,154,1,3,2,0
0061.txt,6,148,4,10,2,3,10,0,154,1,1,1,1
0061.txt,6,151,3,5,3,7,3,3,174,1,8,25,1
0061.txt,6,152,3,5,2,7,3,3,174,1,8,25,0
0061.txt,6,153,9,13,1,6,11,0,236,1,5,2,1
0061.txt,6,155,3,4,0,2,4,0,176,1,1,9,0
0061.txt,6,157,9,12,2,6,11,0,236,1,4,1,0
0061.txt,6,158,8,12,2,6,11,0,236,1,3,1,0
0061.txt,6,164,3,12,0,4,11,0,211,1,2,2,0
0061.txt,6,165,3,2,0,7,3,2,174,1,5,18,1
0061.txt,6,175,3,2,2,3,4,4,177,1,2,4,0
0061.txt,6,182,4,12,2,4,11,0,211,1,1,1,0
0061.txt,6,245,3,2,2,7,2,0,254,1,4,5,1
0061.txt,6,246,4,2,2,7,2,0,254,1,3,5,1
0061.txt,6,250,6,2,2,7,2,0,254,1,1,1,0
0061.txt,8,23,15,7,0,15,1,0,43,1,6,5,0
0061.txt,8,27,15,6,1,15,1,0,43,1,5,4,0
0061.txt,8,28,15,5,1,15,2,0,45,1,3,2,0
0061.txt,8,31,15,4,1,15,1,0,43,1,3,4,1
0061.txt,8,33,15,4,0,15,2,0,45,1,2,2,1
0061.txt,8,34,15,3,0,15,2,0,45,1,1,1,0
0061.txt,8,50,12,5,0,11,5,0,65,1,1,1,0
0061.txt,8,56,5,15,0,3,15,0,96,1,2,1,0
0061.txt,8,59,3,15,0,5,9,0,211,1,12,-1,0
0061.txt,8,60,4,15,0,5,9,0,211,1,11,-1,0
0061.txt,8,63,11,12,0,13,12,0,143,1,2,1,0
0061.txt,8,64,12,12,0,13,12,0,143,1,1,1,1
0061.txt,8,71,11,0,1,11,3,0,91,1,3,3,1
0061.txt,8,72,13,12,0,14,15,0,95,1,4,3,0
0061.txt,8,73,11,2,0,11,3,0,91,1,1,1,1
0061.txt,8,80,13,15,0,5,9,0,211,1,14,-1,0
0061.txt,8,81,12,15,0,5,9,0,211,1,13,-1,0
0061.txt,8,82,10,15,0,5,9,0,211,1,11,-1,0
0061.txt,8,84,9,13,0,5,9,0,211,1,8,15,0
0061.txt,8,85,9,12,0,5,9,0,211,1,7,14,1
0061.txt,8,92,8,12,0,6,11,0,112,1,3,3,0
0061.txt,8,92,8,12,0,5,9,0,211,1,6,13,0
0061.txt,8,93,8,11,0,6,11,0,112,1,2,1,0
0061.txt,8,93,8,11,0,5,9,0,211,1,5,11,0
0061.txt,8,95,7,11,0,6,11,0,112,1,1,1,1
0061.txt,8,95,7,11,0,6,9,2,211,1,3,6,1
0061.txt,8,101,6,7,0,7,11,0,154,1,5,4,0
0061.txt,8,103,6,8,0,7,11,0,154,1,4,3,0
0061.txt,8,106,4,12,0,4,11,2,120,1,1,1,0
0061.txt,8,108,12,15,0,7,9,2,236,1,11,-1,0
0061.txt,8,115,4,11,0,7,9,0,211,1,5,4,1
0061.txt,8,118,4,10,1,7,3,3,174,1,14,-1,0
0061.txt,8,119,3,10,1,7,3,3,174,1,13,-1,0
0061.txt,8,120,3,9,1,7,3,3,174,1,12,-1,1
0061.txt,8,123,2,12,0,7,10,1,211,1,7,8,0
0061.txt,8,124,11,15,0,9,13,0,247,1,4,1,0
0061.txt,8,125,11,14,0,9,13,0,247,1,3,1,1
0061.txt,8,136,10,14,0,9,13,0,247,1,2,1,0
0061.txt,8,137,10,13,0,9,13,0,247,1,1,1,1
0061.txt,8,138,3,9,1,7,3,3,174,1,12,-1,0
0061.txt,8,140,6,11,1,3,10,0,154,1,4,2,0
0061.txt,8,141,3,8,1,7,3,3,174,1,11,-1,1
0061.txt,8,142,3,7,0,7,3,3,174,1,10,24,0
0061.txt,8,144,5,11,1,3,10,0,154,1,3,2,0
0061.txt,8,147,4,11,1,3,10,0,154,1,2,1,1
0061.txt,8,148,4,10,0,3,10,0,154,1,1,1,1
0061.txt,8,150,3,6,1,7,3,3,174,1,9,24,0
0061.txt,8,151,3,5,1,7,3,3,174,1,8,25,1
0061.txt,8,152,3,5,0,7,3,3,174,1,8,25,0
0061.txt,8,153,9,13,0,6,11,0,236,1,5,2,1
0061.txt,8,155,3,4,0,2,4,0,176,1,1,9,0
0061.txt,8,155,3,4,0,3,5,0,188,1,1,2,0
0061.txt,8,157,9,12,0,6,11,0,236,1,4,1,0
0061.txt,8,158,8,12,0,6,11,0,236,1,3,1,0
0061.txt,8,161,3,2,0,7,3,3,174,1,5,17,0
0061.txt,8,164,3,12,0,4,11,0,211,1,2,2,0
0061.txt,8,165,3,2,0,7,3,0,174,2,5,18,1
0061.txt,8,174,3,2,1,3,4,4,177,1,2,4,1
0061.txt,8,175,3,2,0,3,4,4,177,1,2,4,0
0061.txt,8,176,3,4,0,3,5,0,188,1,1,2,0
0061.txt,8,177,3,2,0,3,1,0,179,1,1,1,0
0061.txt,8,182,4,12,0,4,11,0,211,1,1,1,0
0061.txt,8,202,2,9,0,2,5,2,232,1,6,4,0
0061.txt,8,209,3,9,0,2,5,1,232,1,5,5,1
0061.txt,8,216,3,8,0,2,5,2,232,1,4,3,1
0061.txt,8,242,3,3,0,7,2,0,254,1,5,6,0
0061.txt,8,245,3,2,0,7,2,0,254,1,4,5,1
0061.txt,8,246,4,2,0,7,2,0,254,1,3,5,1
0061.txt,8,250,6,2,0,7,2,0,254,1,1,1,0
0062.txt,6,15,14,8,0,12,7,0,27,1,3,1,0
0062.txt,6,24,12,8,0,12,7,0,27,1,1,1,0
0062.txt,6,29,8,13,0,1,8,0,127,1,12,-1,0
0062.txt,6,33,12,2,2,1,8,0,163,1,17,-1,1
0062.txt,6,39,7,10,0,6,11,0,54,1,2,2,1
0062.txt,6,41,7,13,0,6,11,0,54,1,3,1,0
0062.txt,6,41,7,13,0,1,8,0,127,1,11,-1,0
0062.txt,6,42,6,13,0,6,11,0,54,1,2,1,1
0062.txt,6,42,6,13,0,1,8,0,127,1,10,29,1
0062.txt,6,47,6,12,0,6,11,0,54,1,1,1,1
0062.txt,6,47,6,12,0,1,8,0,127,1,9,27,1
0062.txt,6,53,6,11,1,1,8,0,127,1,8,29,0
0062.txt,6,54,6,10,3,1,8,0,127,1,7,28,0
0062.txt,6,55,6,10,1,1,8,0,127,1,7,28,0
0062.txt,6,58,6,8,3,1,8,0,127,1,5,21,1
0062.txt,6,62,11,6,0,10,7,0,81,1,2,1,0
0062.txt,6,75,8,4,2,2,8,4,156,1,10,24,0
0062.txt,6,80,4,10,0,4,8,0,125,1,2,3,0
0062.txt,6,85,1,6,0,2,2,0,128,1,5,9,0
0062.txt,6,89,3,13,0,4,13,0,135,1,1,1,0
0062.txt,6,90,4,6,3,2,5,0,102,1,3,11,0
0062.txt,6,96,4,6,0,2,8,4,156,1,4,20,0
0062.txt,6,98,7,4,0,6,4,0,117,1,1,3,0
0062.txt,6,98,7,4,0,2,8,3,156,1,9,20,0
0062.txt,6,100,2,6,1,2,5,0,102,1,1,2,0
0062.txt,6,100,2,6,1,2,2,2,136,1,4,6,0
0062.txt,6,101,2,5,2,1,3,0,114,1,3,3,1
0062.txt,6,101,2,5,2,2,2,2,136,1,3,4,1
0062.txt,6,103,2,4,2,2,2,2,136,1,2,2,1
0062.txt,6,112,6,5,0,4,8,4,121,1,5,9,0
0062.txt,6,114,2,3,2,2,2,2,136,1,1,1,0
0062.txt,6,115,2,2,0,0,4,0,130,1,4,3,0
0062.txt,6,116,6,4,3,4,7,4,132,1,5,5,1
0062.txt,6,117,5,4,3,2,8,4,156,1,7,11,1
0062.txt,6,118,5,4,1,2,8,4,156,1,7,12,0
0062.txt,6,128,1,4,3,0,4,0,130,1,1,1,1
0062.txt,6,139,12,3,0,2,4,0,163,1,11,-1,1
0062.txt,6,140,12,4,4,2,4,0,163,1,10,4,0
0062.txt,6,142,4,4,0,2,4,0,156,1,2,1,0
0062.txt,6,151,4,4,0,2,4,0,156,1,2,2,0
0062.txt,8,15,14,8,0,12,7,0,27,1,3,1,0
0062.txt,8,24,12,8,0,12,7,0,27,1,1,1,0
0062.txt,8,27,12,6,0,2,2,0,128,1,14,-1,0
0062.txt,8,29,8,13,0,1,8,0,127,1,12,-1,0
0062.txt,8,32,12,1,0,1,8,0,163,1,18,-1,0
0062.txt,8,33,12,2,0,1,8,0,163,1,17,-1,1
0062.txt,8,34,12,3,1,1,8,0,163,1,16,-1,1
0062.txt,8,35,14,5,0,12,4,0,48,1,3,1,0
0062.txt,8,36,13,5,0,12,4,0,48,1,2,1,0
0062.txt,8,37,12,5,0,12,4,0,48,1,1,1,1
0062.txt,8,39,7,10,0,6,11,0,54,1,2,2,1
0062.txt,8,41,7,13,0,6,11,0,54,1,3,1,0
0062.txt,8,41,7,13,0,1,8,0,127,1,11,-1,0
0062.txt,8,42,6,13,0,6,11,0,54,1,2,1,1
0062.txt,8,42,6,13,0,1,8,0,127,1,10,29,1
0062.txt,8,47,6,12,0,6,11,0,54,1,1,1,1
0062.txt,8,47,6,12,0,1,8,0,127,1,9,27,1
0062.txt,8,52,7,10,0,6,11,0,54,1,2,1,0
0062.txt,8,53,6,11,0,6,9,0,58,1,2,3,0
0062.txt,8,53,6,11,0,1,8,0,127,1,8,29,0
0062.txt,8,54,6,10,1,1,8,0,127,1,7,28,0
0062.txt,8,55,6,10,0,6,9,0,58,1,1,1,0
0062.txt,8,55,6,10,0,1,8,0,127,1,7,28,0
0062.txt,8,56,6,9,1,1,8,0,127,1,6,25,1
0062.txt,8,58,6,8,1,1,8,0,127,1,5,22,1
0062.txt,8,61,12,6,0,2,2,0,128,1,14,-1,1
0062.txt,8,62,11,6,0,10,7,0,81,1,2,1,0
0062.txt,8,62,11,6,0,2,2,0,128,1,13,-1,0
0062.txt,8,75,8,4,0,2,8,4,156,1,10,24,0
0062.txt,8,80,4,10,0,4,8,0,125,1,2,3,0
0062.txt,8,82,7,4,1,2,8,4,156,1,9,23,0
0062.txt,8,85,1,6,0,2,2,0,128,1,5,9,0
0062.txt,8,87,4,5,0,2,5,0,102,1,2,10,0
0062.txt,8,89,3,13,0,4,13,0,135,1,1,1,0
0062.txt,8,90,4,6,1,2,5,0,102,1,3,11,0
0062.txt,8,92,4,12,0,4,10,0,97,2,2,1,0
0062.txt,8,96,4,6,0,2,8,3,156,1,4,6,0
0062.txt,8,97,4,11,1,4,9,0,119,1,2,1,0
0062.txt,8,98,7,4,0,6,4,0,117,1,1,3,0
0062.txt,8,98,7,4,0,2,8,3,156,1,9,20,0
0062.txt,8,100,2,6,0,2,5,0,102,1,1,2,0
0062.txt,8,100,2,6,0,1,3,0,114,1,4,6,0
0062.txt,8,100,2,6,0,2,2,1,136,1,4,7,0
0062.txt,8,101,2,5,0,1,3,0,114,1,3,3,1
0062.txt,8,101,2,5,0,2,2,2,136,1,3,4,1
0062.txt,8,102,2,4,1,1,3,0,114,1,2,1,0
0062.txt,8,102,2,4,1,2,2,2,136,1,2,2,0
0062.txt,8,103,2,4,0,1,3,0,114,1,2,2,1
0062.txt,8,103,2,4,0,0,4,0,130,1,2,1,1
0062.txt,8,103,2,4,0,2,2,2,136,1,2,3,1
0062.txt,8,112,6,5,0,6,4,0,117,1,1,1,0
0062.txt,8,112,6,5,0,4,8,2,121,1,5,7,0
0062.txt,8,114,2,3,0,2,2,2,136,1,1,1,0
0062.txt,8,115,2,2,0,0,4,0,130,1,4,3,0
0062.txt,8,116,6,4,1,4,7,4,132,1,5,5,1
0062.txt,8,116,6,4,1,2,8,4,156,1,8,12,1
0062.txt,8,117,5,4,1,2,8,4,156,1,7,11,1
0062.txt,8,118,5,4,0,4,7,3,131,2,4,4,0
0062.txt,8,118,5,4,0,2,8,3,156,1,7,11,0
0062.txt,8,121,4,4,1,4,7,4,132,1,3,3,0
0062.txt,8,138,11,4,0,12,3,0,140,1,2,1,1
0062.txt,8,139,12,3,0,2,4,0,163,1,11,-1,1
0062.txt,8,142,4,4,0,2,4,0,156,1,2,1,0
0062.txt,8,150,4,4,0,2,4,0,156,1,2,2,1
0062.txt,8,151,4,4,0,2,4,0,156,1,2,2,0
0062.txt,8,152,3,4,0,2,4,0,156,1,1,1,1
0063.txt,6,30,7,1,0,8,3,0,179,1,3,3,0
0063.txt,6,30,7,1,0,5,16,0,221,1,21,-1,0
0063.txt,6,34,13,10,0,13,9,0,36,1,1,2,0
0063.txt,6,37,15,6,0,11,8,0,58,1,6,4,0
0063.txt,6,38,13,6,0,11,8,0,58,1,4,2,0
0063.txt,6,41,12,7,0,11,8,0,58,1,2,1,1
0063.txt,6,42,12,8,1,11,8,0,58,1,1,1,1
0063.txt,6,45,16,16,0,12,15,0,55,1,7,8,0
0063.txt,6,45,16,16,0,11,15,0,185,1,8,5,0
0063.txt,6,46,16,15,0,12,15,0,55,1,6,7,0
0063.txt,6,46,16,15,0,11,15,0,185,1,7,6,0
0063.txt,6,47,16,14,0,12,15,0,55,1,5,7,0
0063.txt,6,47,16,14,0,11,15,0,185,1,6,6,0
0063.txt,6,50,15,14,0,12,15,0,55,1,4,6,1
0063.txt,6,50,15,14,0,11,15,0,185,1,5,4,1
0063.txt,6,52,13,14,0,12,15,0,55,1,2,3,0
0063.txt,6,52,13,14,0,11,15,0,185,1,3,1,0
0063.txt,6,53,13,15,0,12,15,0,55,1,1,2,1
0063.txt,6,53,13,15,0,11,15,0,185,1,2,1,1
0063.txt,6,54,12,15,0,11,3,0,137,1,15,-1,1
0063.txt,6,54,12,15,0,11,15,0,185,1,1,1,1
0063.txt,6,55,11,15,1,11,3,0,137,1,14,-1,0
0063.txt,6,57,11,8,3,12,4,0,117,1,5,4,0
0063.txt,6,57,11,8,3,11,3,0,137,1,7,8,0
0063.txt,6,59,11,7,0,12,4,0,117,1,4,4,0
0063.txt,6,59,11,7,0,11,3,0,137,1,6,7,0
0063.txt,6,66,16,3,0,5,16,0,221,1,26,-1,0
0063.txt,6,67,15,3,0,5,16,0,221,1,25,-1,1
0063.txt,6,68,14,3,0,5,16,0,221,1,24,-1,1
0063.txt,6,69,14,2,0,5,16,0,221,1,23,-1,0
0063.txt,6,70,13,2,0,5,16,0,221,1,22,-1,0
0063.txt,6,71,12,2,0,5,16,0,221,1,21,-1,1
0063.txt,6,72,11,2,3,5,16,0,221,1,20,-1,0
0063.txt,6,79,5,7,0,6,1,1,213,1,19,-1,0
0063.txt,6,83,2,17,0,5,16,0,221,1,6,11,0
0063.txt,6,84,1,17,0,5,16,0,221,1,7,9,1
0063.txt,6,86,1,16,0,5,16,0,221,1,6,7,0
0063.txt,6,87,1,15,2,5,16,0,221,1,5,6,0
0063.txt,6,89,1,15,0,5,16,0,221,1,5,4,0
0063.txt,6,90,1,14,0,5,16,0,221,1,6,5,0
0063.txt,6,91,1,13,0,5,16,0,221,1,7,5,1
0063.txt,6,92,2,13,1,5,16,0,221,1,6,4,0
0063.txt,6,94,2,13,0,5,16,0,221,1,6,9,0
0063.txt,6,95,3,13,2,8,3,0,179,1,17,-1,0
0063.txt,6,95,3,13,2,5,16,0,221,1,5,8,0
0063.txt,6,96,4,13,2,8,3,0,179,1,16,-1,1
0063.txt,6,97,4,12,3,8,3,0,179,1,15,-1,0
0063.txt,6,97,4,12,3,5,16,0,221,1,5,8,0
0063.txt,6,98,5,12,3,9,8,0,110,1,8,7,0
0063.txt,6,98,5,12,3,8,3,0,179,1,14,-1,0
0063.txt,6,98,5,12,3,10,5,0,209,1,12,-1,0
0063.txt,6,99,5,11,3,8,3,0,179,1,13,-1,1
0063.txt,6,99,5,11,3,5,16,0,221,1,7,14,1
0063.txt,6,100,5,11,0,9,8,0,110,1,7,6,0
0063.txt,6,100,5,11,0,8,3,0,179,1,13,-1,0
0063.txt,6,100,5,11,0,10,5,0,209,1,11,-1,0
0063.txt,6,103,5,10,3,10,5,0,209,1,10,12,0
0063.txt,6,107,8,9,3,10,5,0,209,1,6,4,1
0063.txt,6,108,9,9,3,9,8,0,110,1,1,1,1
0063.txt,6,108,9,9,3,8,3,0,179,1,7,14,1
0063.txt,6,108,9,9,3,10,5,0,209,1,5,8,1
0063.txt,6,109,9,8,3,10,5,0,209,1,4,6,0
0063.txt,6,110,9,7,3,8,3,0,179,1,5,11,1
0063.txt,6,113,10,7,1,9,3,3,117,1,5,6,0
0063.txt,6,114,9,7,3,9,3,3,117,1,4,2,1
0063.txt,6,116,9,3,2,8,3,0,179,1,1,1,1
0063.txt,6,119,6,1,3,5,16,0,221,1,22,-1,1
0063.txt,6,120,6,1,1,5,16,0,221,1,22,-1,0
0063.txt,6,121,6,2,1,8,3,0,179,1,3,1,1
0063.txt,6,121,6,2,1,5,16,0,221,1,21,-1,1
0063.txt,6,123,6,3,1,5,16,0,221,1,20,-1,0
0063.txt,6,124,7,3,2,8,3,0,179,1,1,1,0
0063.txt,6,124,7,3,2,5,16,0,221,1,19,-1,0
0063.txt,6,125,8,3,3,5,16,0,221,1,18,-1,0
0063.txt,6,126,9,3,3,5,16,0,221,1,17,-1,1
0063.txt,6,127,9,8,3,5,16,0,221,1,12,-1,1
0063.txt,6,128,9,7,2,10,5,0,209,1,3,5,0
0063.txt,6,128,9,7,2,8,3,2,213,1,5,10,0
0063.txt,6,132,8,12,3,5,16,0,221,1,7,15,1
0063.txt,6,134,11,3,0,5,16,0,221,1,19,-1,1
0063.txt,6,135,10,3,0,5,16,0,221,1,18,-1,1
0063.txt,6,136,9,3,3,5,16,0,221,1,17,-1,0
0063.txt,6,137,9,3,0,10,3,0,190,1,1,3,0
0063.txt,6,138,9,8,0,8,8,2,140,1,1,1,0
0063.txt,6,139,8,8,2,5,16,0,221,1,11,-1,1
0063.txt,6,140,8,11,0,5,16,0,221,1,8,19,1
0063.txt,6,141,6,11,0,5,16,0,221,1,8,18,0
0063.txt,6,153,7,11,2,5,16,0,221,1,9,16,1
0063.txt,6,154,8,11,1,5,16,0,221,1,8,17,1
0063.txt,6,155,8,13,1,5,16,0,221,1,6,13,1
0063.txt,6,156,8,13,0,5,16,0,221,1,6,14,1
0063.txt,6,158,8,12,3,5,16,0,221,1,7,16,1
0063.txt,6,159,8,13,2,5,16,0,221,1,6,14,0
0063.txt,6,176,8,11,0,10,3,0,190,1,10,15,0
0063.txt,6,177,8,10,0,10,3,0,190,1,9,15,0
0063.txt,6,178,8,3,0,8,9,2,187,1,8,12,0
0063.txt,6,178,8,3,0,6,14,3,221,1,15,-1,0
0063.txt,6,184,8,9,0,10,3,0,190,1,8,14,1
0063.txt,6,186,9,3,1,10,3,0,190,1,1,3,0
0063.txt,6,187,9,9,3,10,3,0,190,1,7,13,1
0063.txt,6,197,8,9,3,8,8,1,204,1,1,2,0
0063.txt,6,204,8,9,2,6,14,0,221,1,7,11,0
0063.txt,6,206,8,9,3,6,14,0,221,1,7,10,1
0063.txt,6,207,9,7,2,10,7,0,209,1,1,1,0
0063.txt,6,207,9,7,2,6,14,0,221,1,10,10,0
0063.txt,6,209,11,7,3,6,14,0,221,1,12,-1,1
0063.txt,6,211,11,14,3,6,14,0,221,1,5,9,1
0063.txt,8,30,7,1,0,8,3,0,179,1,3,3,0
0063.txt,8,30,7,1,0,5,16,0,221,1,21,-1,0
0063.txt,8,34,13,10,0,13,9,0,36,1,1,2,0
0063.txt,8,37,15,6,0,11,8,0,58,1,6,4,0
0063.txt,8,38,13,6,0,11,8,0,58,1,4,2,0
0063.txt,8,41,12,7,0,11,8,0,58,1,2,1,1
0063.txt,8,42,12,8,0,11,8,0,58,1,1,1,1
0063.txt,8,45,16,16,0,12,15,0,55,1,7,8,0
0063.txt,8,45,16,16,0,11,15,0,185,1,8,5,0
0063.txt,8,46,16,15,0,12,15,0,55,1,6,7,0
0063.txt,8,46,16,15,0,11,15,0,185,1,7,6,0
0063.txt,8,47,16,14,0,12,15,0,55,1,5,7,0
0063.txt,8,47,16,14,0,11,15,0,185,1,6,6,0
0063.txt,8,50,15,14,0,12,15,0,55,1,4,6,1
0063.txt,8,50,15,14,0,11,15,0,185,1,5,4,1
0063.txt,8,52,13,14,0,12,15,0,55,1,2,3,0
0063.txt,8,52,13,14,0,11,15,0,185,1,3,1,0
0063.txt,8,53,13,15,0,12,15,0,55,1,1,2,1
0063.txt,8,53,13,15,0,11,15,0,185,1,2,1,1
0063.txt,8,54,12,15,0,11,3,0,137,1,15,-1,1
0063.txt,8,54,12,15,0,11,15,0,185,1,1,1,1
0063.txt,8,55,11,15,0,11,3,0,137,1,14,-1,0
0063.txt,8,57,11,8,1,12,4,0,117,1,5,5,0
0063.txt,8,57,11,8,1,11,3,0,137,1,7,8,0
0063.txt,8,59,11,7,0,12,4,0,117,1,4,4,0
0063.txt,8,59,11,7,0,11,3,0,137,1,6,7,0
0063.txt,8,66,16,3,0,5,16,0,221,1,26,-1,0
0063.txt,8,67,15,3,0,5,16,0,221,1,25,-1,1
0063.txt,8,68,14,3,0,5,16,0,221,1,24,-1,1
0063.txt,8,69,14,2,0,5,16,0,221,1,23,-1,0
0063.txt,8,70,13,2,0,5,16,0,221,1,22,-1,0
0063.txt,8,71,12,2,0,5,16,0,221,1,21,-1,1
0063.txt,8,72,11,2,1,5,16,0,221,1,20,-1,0
0063.txt,8,79,5,7,0,6,1,0,213,1,19,-1,0
0063.txt,8,80,5,8,1,9,13,0,187,1,9,9,0
0063.txt,8,83,2,17,0,5,16,0,221,1,6,11,0
0063.txt,8,84,1,17,0,5,16,0,221,1,7,9,1
0063.txt,8,86,1,16,0,5,16,0,221,1,6,7,0
0063.txt,8,87,1,15,0,5,16,0,221,1,5,5,0
0063.txt,8,89,1,15,0,5,16,0,221,1,5,4,0
0063.txt,8,90,1,14,0,5,16,0,221,1,6,5,0
0063.txt,8,91,1,13,0,5,16,0,221,1,7,5,1
0063.txt,8,92,2,13,0,5,16,0,221,1,6,4,0
0063.txt,8,94,2,13,0,5,16,0,221,1,6,9,0
0063.txt,8,95,3,13,0,8,3,0,179,1,17,-1,0
0063.txt,8,95,3,13,0,5,16,0,221,1,5,3,0
0063.txt,8,96,4,13,0,8,3,0,179,1,16,-1,1
0063.txt,8,96,4,13,0,5,16,0,221,1,4,3,1
0063.txt,8,97,4,12,1,8,3,0,179,1,15,-1,0
0063.txt,8,97,4,12,1,5,16,0,221,1,5,4,0
0063.txt,8,98,5,12,1,9,8,0,110,1,8,9,0
0063.txt,8,98,5,12,1,8,3,0,179,1,14,-1,0
0063.txt,8,98,5,12,1,10,5,0,209,1,12,-1,0
0063.txt,8,98,5,12,1,5,16,0,221,1,6,5,0
0063.txt,8,99,5,11,1,8,3,0,179,1,13,-1,1
0063.txt,8,99,5,11,1,5,16,0,221,1,7,7,1
0063.txt,8,100,5,11,0,9,8,0,110,1,7,6,0
0063.txt,8,100,5,11,0,10,7,3,114,1,9,8,0
0063.txt,8,100,5,11,0,8,3,0,179,1,13,-1,0
0063.txt,8,100,5,11,0,10,5,0,209,1,11,-1,0
0063.txt,8,102,5,9,0,6,1,0,213,1,17,-1,0
0063.txt,8,103,5,10,1,10,5,0,209,1,10,15,0
0063.txt,8,107,8,9,1,10,5,0,209,1,6,7,1
0063.txt,8,108,9,9,1,9,8,0,110,1,1,1,1
0063.txt,8,108,9,9,1,8,3,0,179,1,7,14,1
0063.txt,8,108,9,9,1,10,5,0,209,1,5,8,1
0063.txt,8,109,9,8,1,8,3,0,179,1,6,11,0
0063.txt,8,109,9,8,1,10,5,0,209,1,4,8,0
0063.txt,8,110,9,7,1,8,3,0,179,1,5,11,1
0063.txt,8,110,9,7,1,10,5,0,209,1,3,6,1
0063.txt,8,111,11,3,1,5,16,0,221,1,19,-1,0
0063.txt,8,112,9,3,1,8,3,0,179,1,1,1,1
0063.txt,8,113,10,7,0,9,3,2,117,1,5,6,0
0063.txt,8,114,9,7,1,9,3,3,117,1,4,2,1
0063.txt,8,114,9,7,1,10,5,0,209,1,3,7,1
0063.txt,8,116,9,3,0,8,3,0,179,1,1,1,1
0063.txt,8,117,7,3,0,11,3,0,137,1,4,5,1
0063.txt,8,119,6,1,1,5,16,0,221,1,22,-1,1
0063.txt,8,120,6,1,0,8,3,0,179,1,4,2,0
0063.txt,8,120,6,1,0,5,16,0,221,1,22,-1,0
0063.txt,8,121,6,2,0,8,3,0,179,1,3,2,1
0063.txt,8,121,6,2,0,5,16,0,221,1,21,-1,1
0063.txt,8,123,6,3,0,8,3,0,179,1,2,1,0
0063.txt,8,123,6,3,0,5,16,0,221,1,20,-1,0
0063.txt,8,124,7,3,0,8,3,0,179,1,1,1,0
0063.txt,8,124,7,3,0,5,16,0,221,1,19,-1,0
0063.txt,8,125,8,3,1,5,16,0,221,1,18,-1,0
0063.txt,8,126,9,3,1,5,16,0,221,1,17,-1,1
0063.txt,8,127,9,8,1,5,16,0,221,1,12,-1,1
0063.txt,8,128,9,7,0,10,5,0,209,1,3,5,0
0063.txt,8,128,9,7,0,8,3,2,213,1,5,10,0
0063.txt,8,129,8,8,1,5,16,0,221,1,11,-1,0
0063.txt,8,130,8,11,1,5,16,0,221,1,8,17,0
0063.txt,8,132,8,12,1,5,16,0,221,1,7,15,1
0063.txt,8,134,11,3,0,5,16,0,221,1,19,-1,1
0063.txt,8,135,10,3,0,5,16,0,221,1,18,-1,1
0063.txt,8,136,9,3,1,10,3,0,190,1,1,2,0
0063.txt,8,136,9,3,1,5,16,0,221,1,17,-1,0
0063.txt,8,137,9,3,0,8,3,0,179,2,1,4,0
0063.txt,8,137,9,3,0,10,3,0,190,1,1,3,0
0063.txt,8,138,9,8,0,8,8,0,140,1,1,1,0
0063.txt,8,139,8,8,0,5,16,0,221,1,11,-1,1
0063.txt,8,140,8,11,0,5,16,0,221,1,8,19,1
0063.txt,8,141,6,11,0,5,16,0,221,1,8,18,0
0063.txt,8,151,6,11,1,5,16,0,221,1,8,15,1
0063.txt,8,152,6,11,0,5,16,0,221,1,8,16,0
0063.txt,8,153,7,11,0,5,16,0,221,1,9,17,1
0063.txt,8,154,8,11,0,5,16,0,221,1,8,17,1
0063.txt,8,155,8,13,0,5,16,0,221,1,6,14,1
0063.txt,8,156,8,13,0,5,16,0,221,1,6,14,1
0063.txt,8,158,8,12,1,5,16,0,221,1,7,16,1
0063.txt,8,159,8,13,0,5,16,0,221,1,6,14,0
0063.txt,8,160,11,15,0,9,13,1,163,1,4,4,0
0063.txt,8,161,10,15,0,9,13,1,163,1,3,4,0
0063.txt,8,176,8,11,0,10,3,0,190,1,10,16,0
0063.txt,8,177,8,10,0,10,3,0,190,1,9,16,0
0063.txt,8,178,8,3,0,8,9,0,187,1,8,11,0
0063.txt,8,178,8,3,0,6,14,1,221,1,15,-1,0
0063.txt,8,179,9,3,0,10,3,0,190,1,1,1,0
0063.txt,8,181,9,7,1,10,5,0,209,1,3,4,1
0063.txt,8,183,9,7,1,10,5,0,209,1,3,4,0
0063.txt,8,184,8,9,0,10,3,0,190,1,8,14,1
0063.txt,8,186,9,3,0,10,3,0,190,1,1,3,0
0063.txt,8,187,9,9,1,10,3,0,190,1,7,11,1
0063.txt,8,194,9,9,0,6,14,2,221,1,8,10,1
0063.txt,8,197,8,9,1,8,8,1,204,1,1,2,0
0063.txt,8,204,8,9,0,6,14,0,221,1,7,11,0
0063.txt,8,206,8,9,1,6,14,0,221,1,7,10,1
0063.txt,8,207,9,7,0,10,7,0,209,1,1,1,0
0063.txt,8,207,9,7,0,6,14,0,221,1,10,10,0
0063.txt,8,208,10,7,1,6,14,0,221,1,11,-1,0
0063.txt,8,209,11,7,1,6,14,0,221,1,12,-1,1
0063.txt,8,211,11,14,1,6,14,0,221,1,5,9,1
0063.txt,8,212,8,14,0,9,14,1,216,1,1,2,1
0064.txt,6,1,12,1,0,14,4,0,11,1,5,4,0
0064.txt,6,3,15,0,0,14,4,0,11,1,7,3,0
0064.txt,6,4,14,0,0,14,4,0,11,1,6,2,0
0064.txt,6,5,14,1,0,14,4,0,11,1,5,2,1
0064.txt,6,7,13,1,0,13,4,0,11,1,3,1,0
0064.txt,6,9,13,3,0,13,4,0,11,1,1,1,1
0064.txt,6,68,15,9,1,8,13,0,121,1,11,-1,0
0064.txt,6,71,13,9,2,8,13,0,121,1,9,11,0
0064.txt,6,73,13,11,2,8,13,0,121,1,7,6,1
0064.txt,6,74,12,11,1,8,13,0,121,1,6,6,0
0064.txt,6,75,12,12,3,8,13,0,121,1,5,5,0
0064.txt,6,84,5,1,0,7,12,0,99,1,15,-1,0
0064.txt,6,86,6,2,0,7,12,0,99,1,13,-1,1
0064.txt,6,87,7,2,2,7,12,0,99,1,12,-1,0
0064.txt,6,95,7,8,3,7,12,0,99,1,4,2,0
0064.txt,6,97,7,10,3,7,12,0,99,1,2,1,1
0064.txt,6,103,11,14,0,10,12,0,110,1,3,2,0
0064.txt,6,103,11,14,0,6,13,0,113,1,8,7,0
0064.txt,6,105,10,13,0,10,12,0,110,1,1,1,1
0064.txt,6,105,10,13,0,6,13,0,113,1,6,6,1
0064.txt,6,107,10,12,0,6,13,0,113,1,5,5,0
0064.txt,6,116,10,12,3,8,13,0,121,1,3,3,1
0064.txt,6,117,9,12,1,8,13,0,121,1,2,2,1
0064.txt,6,126,0,10,0,2,8,0,130,1,4,1,0
0064.txt,6,140,4,3,1,8,4,0,148,1,7,1,0
0064.txt,6,146,8,3,1,8,4,0,148,1,1,1,1
0064.txt,8,1,12,1,0,14,4,0,11,1,5,4,0
0064.txt,8,3,15,0,0,14,4,0,11,1,7,3,0
0064.txt,8,4,14,0,0,14,4,0,11,1,6,2,0
0064.txt,8,5,14,1,0,14,4,0,11,1,5,2,1
0064.txt,8,7,13,1,0,13,4,0,11,1,3,1,0
0064.txt,8,9,13,3,0,13,4,0,11,1,1,1,1
0064.txt,8,31,10,8,0,9,9,0,50,1,2,1,0
0064.txt,8,32,10,9,0,9,9,0,50,1,1,1,1
0064.txt,8,34,9,9,0,9,11,0,50,1,2,2,0
0064.txt,8,35,9,10,0,9,11,0,50,1,1,1,1
0064.txt,8,51,13,6,0,13,7,0,53,1,1,1,0
0064.txt,8,52,13,7,0,13,10,0,57,1,3,1,1
0064.txt,8,53,13,8,0,13,10,0,57,1,2,1,1
0064.txt,8,67,15,10,0,8,13,0,121,1,12,-1,0
0064.txt,8,68,15,9,0,8,13,0,121,1,11,-1,0
0064.txt,8,69,14,9,0,8,13,0,121,1,10,13,1
0064.txt,8,71,13,9,0,8,13,0,121,1,9,12,0
0064.txt,8,72,13,10,0,8,13,0,121,1,8,10,1
0064.txt,8,73,13,11,0,8,13,0,121,1,7,7,1
0064.txt,8,74,12,11,0,8,13,0,121,1,6,6,0
0064.txt,8,75,12,12,1,8,13,0,121,1,5,4,0
0064.txt,8,84,5,1,0,7,12,0,99,1,15,-1,0
0064.txt,8,86,6,2,0,7,12,0,99,1,13,-1,1
0064.txt,8,87,7,2,0,7,12,0,99,1,12,-1,0
0064.txt,8,88,7,3,0,7,12,0,99,1,11,-1,0
0064.txt,8,90,8,4,1,7,12,0,99,1,9,7,0
0064.txt,8,95,7,8,1,7,12,0,99,1,4,2,0
0064.txt,8,97,7,10,1,7,12,0,99,1,2,1,1
0064.txt,8,103,11,14,0,10,12,0,110,1,3,2,0
0064.txt,8,103,11,14,0,6,13,0,113,1,8,7,0
0064.txt,8,105,10,13,0,10,12,0,110,1,1,1,1
0064.txt,8,105,10,13,0,6,13,0,113,1,6,6,1
0064.txt,8,107,10,12,0,6,13,0,113,1,5,5,0
0064.txt,8,115,11,12,1,8,13,0,121,1,4,3,1
0064.txt,8,116,10,12,1,8,13,0,121,1,3,3,1
0064.txt,8,117,9,12,0,8,13,0,121,1,2,2,1
0064.txt,8,126,0,10,0,2,8,0,130,1,4,1,0
0064.txt,8,137,4,6,0,9,5,0,150,1,12,-1,0
0064.txt,8,138,4,5,0,9,5,0,150,1,11,-1,1
0064.txt,8,139,4,4,0,8,4,0,148,1,8,2,0
0064.txt,8,140,4,3,0,8,4,0,148,1,7,1,0
0064.txt,8,146,8,3,0,8,4,0,148,1,1,1,1
0064.txt,8,149,9,5,0,8,5,0,151,1,1,1,0
0064.txt,8,163,4,10,0,1,8,0,183,1,5,2,0
0064.txt,8,164,4,9,0,1,8,0,183,1,4,2,1
0064.txt,8,165,3,9,0,1,8,0,183,1,3,1,0
0064.txt,8,166,2,9,0,1,8,0,183,1,2,1,0
0064.txt,8,167,2,8,0,1,8,0,183,1,1,1,1
0065.txt,6,20,10,5,0,7,4,0,26,1,4,6,0
0065.txt,6,20,10,5,0,0,3,0,28,1,12,-1,0
0065.txt,6,21,10,4,0,7,4,0,26,1,3,6,0
0065.txt,6,21,10,4,0,0,3,0,28,1,11,-1,0
0065.txt,6,21,10,4,0,10,7,0,39,1,5,5,0
0065.txt,6,23,9,4,0,7,4,0,26,1,2,4,0
0065.txt,6,23,9,4,0,0,3,0,28,1,10,7,0
0065.txt,6,24,8,4,0,7,4,0,26,1,1,4,1
0065.txt,6,24,8,4,0,0,3,0,28,1,9,7,1
0065.txt,6,25,7,4,1,0,3,0,28,1,8,6,1
0065.txt,6,26,7,3,2,0,3,0,28,1,7,5,0
0065.txt,6,33,7,4,2,1,1,1,115,1,9,3,0
0065.txt,6,35,7,6,3,1,1,1,115,1,11,-1,1
0065.txt,6,37,9,6,2,1,1,1,115,1,13,-1,0
0065.txt,6,42,1,1,0,5,15,0,61,1,18,-1,0
0065.txt,6,43,1,2,1,2,4,0,59,1,3,1,0
0065.txt,6,43,1,2,1,5,15,0,61,1,17,-1,0
0065.txt,6,44,1,4,0,2,4,0,59,1,1,1,1
0065.txt,6,44,1,4,0,5,15,0,61,1,15,-1,1
0065.txt,6,45,2,4,1,5,15,0,61,1,14,-1,1
0065.txt,6,46,2,4,0,2,6,0,59,1,2,1,1
0065.txt,6,46,2,4,0,5,15,0,61,1,14,-1,1
0065.txt,6,47,2,5,0,2,6,0,59,1,1,1,1
0065.txt,6,47,2,5,0,5,15,0,61,1,13,-1,1
0065.txt,6,52,2,7,2,5,15,0,61,1,11,-1,0
0065.txt,6,54,2,9,3,5,15,0,61,1,9,2,0
0065.txt,6,73,9,13,1,14,8,1,95,1,10,7,1
0065.txt,6,74,9,14,2,14,8,1,95,1,11,-1,0
0065.txt,6,90,13,12,0,13,14,0,94,1,2,1,0
0065.txt,6,91,13,13,0,13,14,0,94,1,1,1,1
0065.txt,6,116,9,15,0,10,15,2,118,1,1,1,1
0065.txt,8,20,10,5,0,7,4,0,26,1,4,6,0
0065.txt,8,20,10,5,0,0,3,0,28,1,12,-1,0
0065.txt,8,21,10,4,0,7,4,0,26,1,3,6,0
0065.txt,8,21,10,4,0,0,3,0,28,1,11,-1,0
0065.txt,8,21,10,4,0,10,7,0,39,1,5,5,0
0065.txt,8,23,9,4,0,7,4,0,26,1,2,4,0
0065.txt,8,23,9,4,0,0,3,0,28,1,10,7,0
0065.txt,8,23,9,4,0,10,7,0,39,1,6,5,0
0065.txt,8,24,8,4,0,7,4,0,26,1,1,4,1
0065.txt,8,24,8,4,0,0,3,0,28,1,9,7,1
0065.txt,8,24,8,4,0,10,7,0,39,1,5,5,1
0065.txt,8,25,7,4,0,0,3,0,28,1,8,7,1
0065.txt,8,25,7,4,0,10,7,0,39,1,6,4,1
0065.txt,8,26,7,3,0,0,3,0,28,1,7,5,0
0065.txt,8,30,7,3,0,10,7,0,39,1,7,4,0
0065.txt,8,33,7,4,0,1,1,1,115,1,9,3,0
0065.txt,8,34,7,5,0,1,1,1,115,1,10,3,1
0065.txt,8,35,7,6,1,1,1,1,115,1,11,-1,1
0065.txt,8,36,8,6,1,1,1,1,115,1,12,-1,1
0065.txt,8,37,9,6,0,1,1,1,115,1,13,-1,0
0065.txt,8,42,1,1,0,5,15,0,61,1,18,-1,0
0065.txt,8,43,1,2,0,2,4,0,59,1,3,1,0
0065.txt,8,43,1,2,0,5,15,0,61,1,17,-1,0
0065.txt,8,44,1,4,0,2,4,0,59,1,1,1,1
0065.txt,8,44,1,4,0,5,15,0,61,1,15,-1,1
0065.txt,8,45,2,4,0,5,15,0,61,1,14,-1,1
0065.txt,8,46,2,4,0,2,6,0,59,1,2,1,1
0065.txt,8,46,2,4,0,5,15,0,61,1,14,-1,1
0065.txt,8,47,2,5,0,2,6,0,59,1,1,1,1
0065.txt,8,47,2,5,0,5,15,0,61,1,13,-1,1
0065.txt,8,51,2,6,0,5,15,0,61,1,12,-1,0
0065.txt,8,52,2,7,0,5,15,0,61,1,11,-1,0
0065.txt,8,53,2,8,0,5,15,0,61,1,10,3,1
0065.txt,8,54,2,9,1,5,15,0,61,1,9,2,0
0065.txt,8,55,2,10,1,5,15,0,61,1,8,2,0
0065.txt,8,62,3,10,0,9,14,0,76,1,12,-1,0
0065.txt,8,63,3,11,0,9,14,0,76,1,11,-1,1
0065.txt,8,64,3,12,1,9,14,1,76,1,10,2,0
0065.txt,8,72,9,12,0,9,14,0,75,1,2,2,1
0065.txt,8,72,9,12,0,14,8,0,95,1,9,5,1
0065.txt,8,73,9,13,0,9,14,0,75,1,1,1,1
0065.txt,8,73,9,13,0,14,8,0,95,1,10,6,1
0065.txt,8,74,9,14,0,14,8,1,95,1,11,-1,0
0065.txt,8,75,9,15,0,14,8,1,95,1,12,-1,1
0065.txt,8,76,9,11,1,14,8,1,96,1,8,4,1
0065.txt,8,90,13,12,0,13,14,0,94,1,2,1,0
0065.txt,8,91,13,13,0,13,14,0,94,1,1,1,1
0065.txt,8,99,9,7,0,9,11,3,115,1,4,2,0
0065.txt,8,105,9,8,0,9,7,0,107,1,1,1,1
0065.txt,8,116,9,15,0,10,15,0,118,1,1,1,1
0066.txt,6,14,9,14,0,8,14,0,16,1,1,1,0
0066.txt,6,23,14,3,0,13,3,0,25,1,1,2,0
0066.txt,6,23,14,3,0,5,11,0,205,1,27,-1,0
0066.txt,6,24,13,3,0,5,11,0,205,1,26,-1,0
0066.txt,6,25,13,2,1,5,11,0,205,1,25,-1,0
0066.txt,6,26,13,2,0,5,11,0,205,1,25,-1,0
0066.txt,6,35,11,4,0,11,3,0,358,1,1,6,1
0066.txt,6,36,11,4,0,11,3,0,358,1,1,7,0
0066.txt,6,44,0,15,0,9,2,0,394,1,28,-1,0
0066.txt,6,45,0,14,0,11,2,1,365,1,29,-1,0
0066.txt,6,45,0,14,0,9,2,0,394,1,27,-1,0
0066.txt,6,46,1,14,0,11,2,1,365,1,28,-1,1
0066.txt,6,46,1,14,0,9,2,0,394,1,26,-1,1
0066.txt,6,47,2,14,1,11,2,1,365,1,27,-1,0
0066.txt,6,47,2,14,1,9,2,0,394,1,25,-1,0
0066.txt,6,48,3,14,1,11,2,1,365,1,26,-1,1
0066.txt,6,49,3,13,3,11,2,1,365,1,25,-1,1
0066.txt,6,49,3,13,3,9,2,0,394,1,23,-1,1
0066.txt,6,70,17,14,0,7,14,0,212,1,24,-1,0
0066.txt,6,71,17,13,0,7,14,0,212,1,23,-1,0
0066.txt,6,74,16,11,0,7,14,0,212,1,20,-1,1
0066.txt,6,75,15,11,0,7,14,0,212,1,19,-1,1
0066.txt,6,78,6,5,0,6,6,0,80,1,1,1,0
0066.txt,6,78,6,5,0,17,17,0,257,1,27,-1,0
0066.txt,6,79,6,6,1,17,17,0,257,1,26,-1,0
0066.txt,6,80,6,7,1,17,17,0,257,1,25,-1,1
0066.txt,6,81,6,7,0,17,17,0,257,1,25,-1,1
0066.txt,6,82,5,7,1,17,17,0,257,1,26,-1,1
0066.txt,6,85,16,17,0,14,16,0,97,1,3,2,0
0066.txt,6,85,16,17,0,11,2,0,365,1,44,-1,0
0066.txt,6,88,14,17,0,14,14,0,92,1,3,2,0
0066.txt,6,88,14,17,0,11,2,0,365,1,42,-1,0
0066.txt,6,90,14,16,0,14,15,0,92,1,1,1,1
0066.txt,6,90,14,16,0,11,2,0,365,1,41,-1,1
0066.txt,6,91,14,15,0,11,2,1,365,1,40,-1,1
0066.txt,6,92,14,14,0,11,2,1,365,1,41,-1,1
0066.txt,6,97,14,14,0,11,2,0,365,1,41,-1,0
0066.txt,6,110,14,14,0,5,9,0,262,1,20,-1,0
0066.txt,6,110,14,14,0,11,2,1,365,1,41,-1,0
0066.txt,6,111,13,14,1,5,9,0,262,1,19,-1,0
0066.txt,6,111,13,14,1,11,2,1,365,1,40,-1,0
0066.txt,6,113,12,15,2,5,9,0,262,1,17,-1,0
0066.txt,6,113,12,15,2,11,2,1,365,1,38,-1,0
0066.txt,6,115,11,16,3,5,9,0,262,1,15,-1,1
0066.txt,6,115,11,16,3,11,2,1,365,1,36,-1,1
0066.txt,6,117,9,16,3,5,9,0,262,1,13,-1,1
0066.txt,6,117,9,16,3,11,2,1,365,1,34,-1,1
0066.txt,6,118,9,17,3,11,2,1,365,1,33,-1,0
0066.txt,6,120,6,17,0,5,11,0,229,1,7,12,1
0066.txt,6,120,6,17,0,11,2,0,365,1,30,-1,1
0066.txt,6,137,4,3,3,0,0,0,158,1,7,5,1
0066.txt,6,138,4,13,3,11,2,1,365,1,24,-1,1
0066.txt,6,139,4,12,2,11,2,1,365,1,23,-1,0
0066.txt,6,142,4,12,1,11,2,1,365,1,23,-1,0
0066.txt,6,143,3,12,3,11,2,1,365,1,24,-1,0
0066.txt,6,144,3,12,2,11,2,1,365,1,24,-1,0
0066.txt,6,171,12,2,1,11,2,0,189,1,1,1,0
0066.txt,6,171,12,2,1,5,11,0,205,1,24,-1,0
0066.txt,6,172,11,2,2,5,11,0,205,1,23,-1,0
0066.txt,6,174,8,2,3,5,11,0,205,1,20,-1,0
0066.txt,6,176,7,3,2,5,11,0,205,1,18,-1,1
0066.txt,6,179,5,3,3,5,11,0,205,1,16,-1,0
0066.txt,6,181,4,3,0,5,11,0,205,1,15,-1,0
0066.txt,6,182,2,3,1,5,11,0,205,1,13,-1,1
0066.txt,6,183,1,3,3,5,11,0,205,1,12,-1,0
0066.txt,6,184,1,3,1,5,11,0,205,1,12,-1,0
0066.txt,6,185,1,5,2,5,11,0,205,1,10,9,0
0066.txt,6,186,1,6,3,5,11,0,205,1,9,18,0
0066.txt,6,187,2,6,3,5,11,0,205,1,8,9,1
0066.txt,6,188,2,7,3,5,11,0,205,1,7,7,1
0066.txt,6,189,4,7,3,5,11,0,205,1,5,6,0
0066.txt,6,190,4,7,1,5,11,0,205,1,5,7,1
0066.txt,6,191,5,7,0,6,17,1,257,1,11,-1,1
0066.txt,6,193,4,9,3,5,11,0,205,1,3,7,1
0066.txt,6,194,4,7,0,6,17,1,257,1,12,-1,0
0066.txt,6,195,4,11,3,5,11,0,205,1,1,6,0
0066.txt,6,196,3,11,3,12,0,1,365,1,26,-1,0
0066.txt,6,197,4,13,0,9,2,0,394,1,22,-1,0
0066.txt,6,202,3,11,1,12,0,1,365,1,26,-1,0
0066.txt,6,225,4,9,2,5,9,0,262,1,1,4,0
0066.txt,6,226,6,15,0,6,17,1,257,1,2,3,1
0066.txt,6,229,6,17,0,12,0,0,365,1,33,-1,0
0066.txt,6,257,6,15,3,12,0,1,365,1,31,-1,1
0066.txt,6,260,6,9,1,5,9,0,262,1,1,5,0
0066.txt,6,260,6,9,1,12,0,1,365,1,25,-1,0
0066.txt,6,262,4,9,3,12,0,1,365,1,23,-1,0
0066.txt,6,263,4,9,2,12,0,1,365,1,23,-1,1
0066.txt,6,265,2,7,3,12,0,1,365,1,19,-1,1
0066.txt,6,267,1,6,3,12,0,1,365,1,17,-1,1
0066.txt,6,268,1,5,2,12,0,1,365,1,16,-1,0
0066.txt,6,269,1,3,1,12,0,1,365,1,14,-1,0
0066.txt,6,270,3,3,0,12,0,1,365,1,12,-1,1
0066.txt,6,271,3,3,0,12,0,0,365,1,12,-1,1
0066.txt,6,273,4,11,3,12,0,1,365,1,25,-1,0
0066.txt,6,274,4,9,3,12,0,1,365,1,23,-1,0
0066.txt,6,275,4,7,3,12,0,1,365,1,21,-1,0
0066.txt,6,276,2,7,2,12,0,1,365,1,19,-1,0
0066.txt,6,278,1,6,3,12,0,1,365,1,17,-1,0
0066.txt,6,279,1,5,3,12,0,1,365,1,16,-1,0
0066.txt,6,280,1,3,2,12,0,1,365,1,14,-1,1
0066.txt,6,281,3,3,3,12,0,1,365,1,12,-1,1
0066.txt,6,282,4,3,3,12,0,1,365,1,11,-1,1
0066.txt,6,283,6,3,2,12,0,1,365,1,9,17,0
0066.txt,6,285,7,2,3,12,0,1,365,1,7,15,0
0066.txt,6,286,8,2,3,12,0,1,365,1,6,14,1
0066.txt,6,287,10,2,3,12,0,1,365,1,4,12,0
0066.txt,6,288,10,0,2,12,0,1,365,1,2,11,1
0066.txt,6,326,4,9,0,9,2,0,394,1,18,-1,0
0066.txt,6,327,4,11,0,9,2,0,394,1,20,-1,0
0066.txt,6,356,8,2,0,12,1,0,372,1,5,9,0
0066.txt,6,357,9,2,0,12,1,0,372,1,4,8,1
0066.txt,6,359,10,2,0,12,1,0,372,1,3,7,1
0066.txt,6,360,11,2,2,12,1,0,372,1,2,6,0
0066.txt,6,361,11,2,1,12,1,0,372,1,2,5,0
0066.txt,6,362,12,2,1,12,1,0,372,1,1,4,1
0066.txt,6,381,8,2,2,7,2,0,385,1,1,1,1
0066.txt,8,14,9,14,0,8,14,0,16,1,1,1,0
0066.txt,8,23,14,3,0,13,3,0,25,1,1,2,0
0066.txt,8,23,14,3,0,5,11,0,205,1,27,-1,0
0066.txt,8,24,13,3,0,5,11,0,205,1,26,-1,0
0066.txt,8,25,13,2,0,5,11,0,205,1,25,-1,0
0066.txt,8,26,13,2,0,5,11,0,205,1,25,-1,0
0066.txt,8,35,11,4,0,11,3,0,358,1,1,6,1
0066.txt,8,36,11,4,0,11,3,0,358,1,1,7,0
0066.txt,8,44,0,15,0,9,2,0,394,1,28,-1,0
0066.txt,8,45,0,14,0,11,2,0,365,1,29,-1,0
0066.txt,8,45,0,14,0,9,2,0,394,1,27,-1,0
0066.txt,8,46,1,14,0,11,2,0,365,1,28,-1,1
0066.txt,8,46,1,14,0,9,2,0,394,1,26,-1,1
0066.txt,8,47,2,14,0,11,2,0,365,1,27,-1,0
0066.txt,8,47,2,14,0,9,2,0,394,1,25,-1,0
0066.txt,8,48,3,14,0,11,2,0,365,1,26,-1,1
0066.txt,8,48,3,14,0,9,2,0,394,1,24,-1,1
0066.txt,8,49,3,13,1,11,2,1,365,1,25,-1,1
0066.txt,8,49,3,13,1,9,2,0,394,1,23,-1,1
0066.txt,8,70,17,14,0,7,14,0,212,1,24,-1,0
0066.txt,8,71,17,13,0,7,14,0,212,1,23,-1,0
0066.txt,8,74,16,11,0,7,14,0,212,1,20,-1,1
0066.txt,8,75,15,11,0,7,14,0,212,1,19,-1,1
0066.txt,8,78,6,5,0,6,6,0,80,1,1,1,0
0066.txt,8,78,6,5,0,17,17,0,257,1,27,-1,0
0066.txt,8,79,6,6,0,17,17,0,257,1,26,-1,0
0066.txt,8,80,6,7,0,17,17,0,257,1,25,-1,1
0066.txt,8,81,6,7,0,17,17,0,257,1,25,-1,1
0066.txt,8,82,5,7,0,17,17,0,257,1,26,-1,1
0066.txt,8,85,16,17,0,14,16,0,97,1,3,2,0
0066.txt,8,85,16,17,0,11,2,0,365,1,44,-1,0
0066.txt,8,88,14,17,0,14,14,0,92,1,3,2,0
0066.txt,8,88,14,17,0,11,2,0,365,1,42,-1,0
0066.txt,8,90,14,16,0,14,15,0,92,1,1,1,1
0066.txt,8,90,14,16,0,11,2,0,365,1,41,-1,1
0066.txt,8,91,14,15,0,11,2,0,365,1,40,-1,1
0066.txt,8,92,14,14,0,11,2,0,365,1,41,-1,1
0066.txt,8,97,14,14,0,11,2,0,365,1,41,-1,0
0066.txt,8,98,14,11,0,7,14,0,212,1,18,-1,0
0066.txt,8,103,13,15,1,3,3,0,137,1,30,-1,0
0066.txt,8,104,12,15,1,14,14,0,118,1,3,2,0
0066.txt,8,104,12,15,1,6,13,0,125,1,12,-1,0
0066.txt,8,104,12,15,1,3,3,0,137,1,29,-1,0
0066.txt,8,105,11,15,1,3,3,0,137,1,28,-1,1
0066.txt,8,106,11,16,1,14,14,0,118,1,5,3,1
0066.txt,8,106,11,16,1,6,13,0,125,1,10,8,1
0066.txt,8,106,11,16,1,3,3,0,137,1,27,-1,1
0066.txt,8,107,9,16,1,14,14,0,118,1,7,5,0
0066.txt,8,107,9,16,1,6,13,0,125,1,8,6,0
0066.txt,8,107,9,16,1,3,3,0,137,1,25,-1,0
0066.txt,8,110,14,14,0,7,14,0,212,1,15,-1,0
0066.txt,8,110,14,14,0,5,9,0,262,1,20,-1,0
0066.txt,8,110,14,14,0,11,2,0,365,1,41,-1,0
0066.txt,8,111,13,14,0,5,9,0,262,1,19,-1,0
0066.txt,8,111,13,14,0,11,2,0,365,1,40,-1,0
0066.txt,8,112,12,14,0,5,9,0,262,1,18,-1,0
0066.txt,8,112,12,14,0,11,2,1,365,1,39,-1,0
0066.txt,8,113,12,15,0,5,9,0,262,1,17,-1,0
0066.txt,8,113,12,15,0,11,2,1,365,1,38,-1,0
0066.txt,8,114,11,15,0,5,9,0,262,1,16,-1,1
0066.txt,8,114,11,15,0,11,2,1,365,1,37,-1,1
0066.txt,8,115,11,16,1,5,9,0,262,1,15,-1,1
0066.txt,8,115,11,16,1,11,2,1,365,1,36,-1,1
0066.txt,8,116,10,16,1,5,9,0,262,1,14,-1,1
0066.txt,8,116,10,16,1,11,2,1,365,1,35,-1,1
0066.txt,8,117,9,16,1,5,9,0,262,1,13,-1,1
0066.txt,8,117,9,16,1,11,2,1,365,1,34,-1,1
0066.txt,8,118,9,17,1,11,2,1,365,1,33,-1,0
0066.txt,8,119,9,17,0,3,3,0,137,1,24,-1,0
0066.txt,8,120,6,17,0,5,11,0,229,1,7,12,1
0066.txt,8,120,6,17,0,11,2,0,365,1,30,-1,1
0066.txt,8,121,8,17,0,3,3,0,137,1,23,-1,0
0066.txt,8,122,6,17,1,3,3,0,137,1,21,-1,0
0066.txt,8,122,6,17,1,11,2,1,365,1,30,-1,0
0066.txt,8,123,6,15,1,6,13,0,125,1,2,1,1
0066.txt,8,123,6,15,1,3,3,0,137,1,19,-1,1
0066.txt,8,124,6,13,1,3,3,0,137,1,17,-1,1
0066.txt,8,125,6,12,1,3,3,0,137,1,16,-1,1
0066.txt,8,126,4,12,1,3,3,0,137,1,14,-1,0
0066.txt,8,127,4,11,1,3,3,0,137,1,13,-1,0
0066.txt,8,128,4,9,1,3,3,0,137,1,11,-1,0
0066.txt,8,129,4,7,1,3,3,0,137,1,9,26,0
0066.txt,8,130,2,7,1,3,3,0,137,1,7,23,0
0066.txt,8,132,1,6,1,3,3,0,137,1,5,20,0
0066.txt,8,133,1,5,1,3,3,0,137,1,4,16,0
0066.txt,8,134,1,3,1,3,3,0,137,1,2,13,1
0066.txt,8,137,4,3,2,0,0,0,158,1,7,5,1
0066.txt,8,138,4,13,1,11,2,1,365,1,24,-1,1
0066.txt,8,139,4,12,0,11,2,1,365,1,23,-1,0
0066.txt,8,142,4,12,0,11,2,0,365,1,23,-1,0
0066.txt,8,143,3,12,1,11,2,1,365,1,24,-1,0
0066.txt,8,144,3,12,0,11,2,1,365,1,24,-1,0
0066.txt,8,147,9,16,1,9,17,0,149,2,1,1,0
0066.txt,8,150,8,17,0,6,17,2,153,1,2,2,0
0066.txt,8,152,6,17,1,11,2,1,365,1,30,-1,1
0066.txt,8,158,1,3,0,12,2,0,184,1,12,-1,0
0066.txt,8,171,12,2,0,11,2,0,189,1,1,1,0
0066.txt,8,171,12,2,0,5,11,0,205,1,24,-1,0
0066.txt,8,172,11,2,0,5,11,0,205,1,23,-1,0
0066.txt,8,173,10,2,1,5,11,0,205,1,22,-1,0
0066.txt,8,174,8,2,1,5,11,0,205,1,20,-1,0
0066.txt,8,175,7,2,1,5,11,0,205,1,19,-1,0
0066.txt,8,176,7,3,0,5,11,0,205,1,18,-1,1
0066.txt,8,178,6,3,1,5,11,0,205,1,17,-1,0
0066.txt,8,179,5,3,1,5,11,0,205,1,16,-1,0
0066.txt,8,180,4,3,2,5,11,0,205,1,15,-1,1
0066.txt,8,181,4,3,0,2,3,0,189,1,2,1,0
0066.txt,8,181,4,3,0,5,11,0,205,1,15,-1,0
0066.txt,8,182,2,3,0,5,11,0,205,1,13,-1,1
0066.txt,8,183,1,3,1,5,11,0,205,1,12,-1,0
0066.txt,8,184,1,3,0,1,6,0,189,1,3,1,0
0066.txt,8,184,1,3,0,5,11,0,205,1,12,-1,0
0066.txt,8,185,1,5,0,5,11,0,205,1,10,17,0
0066.txt,8,186,1,6,1,5,11,0,205,1,9,18,0
0066.txt,8,187,2,6,1,5,11,0,205,1,8,9,1
0066.txt,8,188,2,7,1,5,11,0,205,1,7,7,1
0066.txt,8,189,4,7,1,5,11,0,205,1,5,6,0
0066.txt,8,190,4,7,0,5,11,0,205,1,5,20,1
0066.txt,8,191,5,7,0,6,17,0,257,1,11,-1,1
0066.txt,8,193,4,9,1,5,11,0,205,1,3,7,1
0066.txt,8,194,4,7,0,6,17,0,257,1,12,-1,0
0066.txt,8,195,4,11,1,5,11,0,205,1,1,6,0
0066.txt,8,196,3,11,1,12,0,1,365,1,26,-1,0
0066.txt,8,197,4,13,0,9,2,0,394,1,22,-1,0
0066.txt,8,198,4,11,0,2,10,1,295,1,3,3,1
0066.txt,8,199,4,11,0,4,9,0,228,1,2,1,0
0066.txt,8,202,3,11,0,12,0,0,365,1,26,-1,0
0066.txt,8,203,2,11,0,9,2,0,394,1,22,-1,1
0066.txt,8,208,6,17,0,12,0,1,365,1,33,-1,1
0066.txt,8,210,7,14,0,4,9,1,228,1,8,12,1
0066.txt,8,214,6,14,0,6,15,1,216,1,1,1,0
0066.txt,8,215,6,15,0,4,9,0,228,1,8,9,0
0066.txt,8,218,6,12,1,6,15,3,227,1,3,1,1
0066.txt,8,225,4,9,0,5,9,0,262,1,1,4,0
0066.txt,8,226,6,15,0,6,17,0,257,1,2,3,1
0066.txt,8,227,6,14,1,9,16,0,241,1,7,4,0
0066.txt,8,228,6,9,1,5,9,0,262,1,1,2,1
0066.txt,8,229,6,17,0,12,0,0,365,1,33,-1,0
0066.txt,8,231,6,17,1,9,16,0,241,1,4,2,0
0066.txt,8,233,9,17,0,9,16,0,241,1,1,1,1
0066.txt,8,257,6,15,1,12,0,1,365,1,31,-1,1
0066.txt,8,260,6,9,0,5,9,0,262,1,1,5,0
0066.txt,8,260,6,9,0,12,0,0,365,1,25,-1,0
0066.txt,8,261,5,9,0,12,0,1,365,1,24,-1,0
0066.txt,8,262,4,9,1,12,0,1,365,1,23,-1,0
0066.txt,8,263,4,9,0,12,0,1,365,1,23,-1,1
0066.txt,8,264,4,7,1,12,0,1,365,1,21,-1,0
0066.txt,8,265,2,7,1,12,0,1,365,1,19,-1,1
0066.txt,8,266,2,6,1,12,0,1,365,1,18,-1,1
0066.txt,8,267,1,6,1,12,0,1,365,1,17,-1,1
0066.txt,8,268,1,5,0,12,0,1,365,1,16,-1,0
0066.txt,8,269,1,3,0,12,0,0,365,1,14,-1,0
0066.txt,8,270,3,3,0,12,0,0,365,1,12,-1,1
0066.txt,8,271,3,3,0,12,0,0,365,1,12,-1,1
0066.txt,8,273,4,11,1,12,0,1,365,1,25,-1,0
0066.txt,8,274,4,9,1,12,0,1,365,1,23,-1,0
0066.txt,8,275,4,7,1,12,0,1,365,1,21,-1,0
0066.txt,8,276,2,7,0,12,0,1,365,1,19,-1,0
0066.txt,8,278,1,6,1,12,0,1,365,1,17,-1,0
0066.txt,8,279,1,5,1,12,0,1,365,1,16,-1,0
0066.txt,8,280,1,3,0,12,0,1,365,1,14,-1,1
0066.txt,8,281,3,3,1,12,0,1,365,1,12,-1,1
0066.txt,8,282,4,3,2,12,0,0,365,1,11,-1,1
0066.txt,8,283,6,3,0,12,0,1,365,1,9,17,0
0066.txt,8,285,7,2,1,12,0,1,365,1,7,15,0
0066.txt,8,286,8,2,1,12,0,1,365,1,6,14,1
0066.txt,8,287,10,2,1,12,0,1,365,1,4,12,0
0066.txt,8,288,10,0,0,12,0,1,365,1,2,1,1
0066.txt,8,291,4,12,0,9,2,0,394,1,21,-1,0
0066.txt,8,294,3,11,0,9,2,0,394,1,21,-1,1
0066.txt,8,326,4,9,0,9,2,0,394,1,18,-1,0
0066.txt,8,327,4,11,0,9,2,0,394,1,20,-1,0
0066.txt,8,328,4,10,0,9,2,0,394,1,19,-1,0
0066.txt,8,328,4,10,0,10,2,0,396,1,20,-1,0
0066.txt,8,329,4,9,0,9,2,0,394,1,18,-1,1
0066.txt,8,329,4,9,0,10,2,0,396,1,19,-1,1
0066.txt,8,335,1,6,0,1,5,0,342,1,1,1,1
0066.txt,8,336,2,6,0,1,5,6,351,1,2,2,0
0066.txt,8,349,1,3,1,3,3,0,351,1,2,1,1
0066.txt,8,356,8,2,0,12,1,0,372,1,5,9,0
0066.txt,8,357,9,2,0,12,1,0,372,1,4,8,1
0066.txt,8,359,10,2,0,12,1,0,372,1,3,7,1
0066.txt,8,360,11,2,0,12,1,0,372,1,2,6,0
0066.txt,8,361,11,2,0,12,1,0,372,1,2,5,0
0066.txt,8,362,12,2,0,12,1,0,372,1,1,4,1
0066.txt,8,380,9,2,0,7,2,0,385,1,2,1,0
0066.txt,8,381,8,2,0,7,2,0,385,1,1,1,1
0066.txt,8,394,4,8,1,4,9,0,396,1,1,2,1
0067.txt,6,41,0,14,0,3,14,0,58,1,3,1,0
0067.txt,6,42,1,14,0,3,14,0,58,1,2,1,0
0067.txt,6,43,2,14,0,3,14,0,58,1,1,1,1
0067.txt,6,140,12,5,1,10,3,1,155,1,12,-1,0
0067.txt,6,141,13,5,3,10,3,1,155,1,11,-1,1
0067.txt,6,141,13,5,3,9,3,0,171,1,12,-1,1
0067.txt,6,143,15,5,3,10,3,1,155,1,9,9,1
0067.txt,6,144,15,3,3,10,3,1,155,1,7,9,0
0067.txt,6,145,15,1,1,10,3,1,155,1,7,9,1
0067.txt,6,145,15,1,1,9,3,0,171,1,8,6,1
0067.txt,6,150,14,2,3,10,3,1,155,1,5,5,1
0067.txt,6,150,14,2,3,9,3,0,171,1,6,3,1
0067.txt,6,155,10,2,2,9,3,0,171,1,2,2,0
0067.txt,6,156,10,2,1,9,3,0,171,1,2,1,1
0067.txt,6,157,10,3,2,9,3,0,171,1,1,1,1
0067.txt,6,165,9,4,3,6,4,1,171,1,3,1,1
0067.txt,6,177,6,6,0,6,5,0,179,1,1,1,1
0067.txt,8,41,0,14,0,3,14,0,58,1,3,1,0
0067.txt,8,42,1,14,0,3,14,0,58,1,2,1,0
0067.txt,8,43,2,14,0,3,14,0,58,1,1,1,1
0067.txt,8,56,2,3,0,2,6,0,68,1,3,2,0
0067.txt,8,57,2,4,0,2,6,0,68,1,2,2,0
0067.txt,8,60,2,5,0,2,6,0,68,1,1,1,0
0067.txt,8,79,6,4,0,6,6,0,176,1,2,4,1
0067.txt,8,83,3,11,0,6,11,0,115,1,3,1,0
0067.txt,8,84,4,11,0,6,11,0,115,1,2,1,0
0067.txt,8,85,5,11,0,6,11,0,115,1,1,1,1
0067.txt,8,117,11,9,0,13,11,0,121,1,4,4,0
0067.txt,8,118,12,9,0,13,11,0,121,1,3,3,0
0067.txt,8,119,12,10,0,13,11,0,121,1,2,2,1
0067.txt,8,137,12,5,0,14,1,0,150,1,8,8,1
0067.txt,8,137,12,5,0,10,3,1,155,1,12,-1,1
0067.txt,8,137,12,5,0,9,3,0,171,1,13,-1,1
0067.txt,8,140,12,5,0,10,3,0,155,1,12,-1,0
0067.txt,8,140,12,5,0,9,3,0,171,1,13,-1,0
0067.txt,8,141,13,5,1,10,3,1,155,1,11,-1,1
0067.txt,8,141,13,5,1,9,3,0,171,1,12,-1,1
0067.txt,8,143,15,5,1,14,1,0,150,1,5,7,1
0067.txt,8,143,15,5,1,10,3,1,155,1,9,9,1
0067.txt,8,143,15,5,1,9,3,0,171,1,10,10,1
0067.txt,8,144,15,3,1,14,1,0,150,1,3,3,0
0067.txt,8,144,15,3,1,10,3,1,155,1,7,9,0
0067.txt,8,144,15,3,1,9,3,0,171,1,8,10,0
0067.txt,8,145,15,1,0,14,1,0,150,1,1,1,1
0067.txt,8,145,15,1,0,10,3,0,155,1,7,8,1
0067.txt,8,145,15,1,0,9,3,0,171,1,8,11,1
0067.txt,8,148,14,1,1,10,3,1,155,1,6,4,0
0067.txt,8,148,14,1,1,9,3,0,171,1,7,6,0
0067.txt,8,150,14,2,1,10,3,1,155,1,5,4,1
0067.txt,8,150,14,2,1,9,3,0,171,1,6,6,1
0067.txt,8,155,10,2,0,9,3,0,171,1,2,2,0
0067.txt,8,156,10,2,0,9,3,0,171,1,2,1,1
0067.txt,8,157,10,3,0,9,3,0,171,1,1,1,1
0067.txt,8,165,9,4,1,6,4,1,171,1,3,1,1
0067.txt,8,177,6,6,0,6,5,0,179,1,1,1,1
0068.txt,6,39,17,10,0,17,11,0,92,1,1,1,0
0068.txt,6,55,18,18,0,16,19,0,60,1,3,1,0
0068.txt,6,57,16,19,0,12,16,0,278,1,7,9,0
0068.txt,6,58,16,18,0,12,16,1,278,1,6,10,0
0068.txt,6,59,16,17,0,12,16,1,278,1,5,9,1
0068.txt,6,63,16,15,0,19,1,0,80,1,17,-1,0
0068.txt,6,64,16,14,0,19,1,0,80,1,16,-1,1
0068.txt,6,65,16,13,1,19,1,0,80,1,15,-1,1
0068.txt,6,69,19,2,0,18,2,0,79,1,1,1,0
0068.txt,6,69,19,2,0,12,12,0,86,1,17,-1,0
0068.txt,6,70,18,2,0,12,12,0,86,1,16,-1,0
0068.txt,6,71,17,2,1,12,12,0,86,1,15,-1,0
0068.txt,6,72,17,3,1,12,12,0,86,1,14,-1,1
0068.txt,6,73,17,4,2,12,12,0,86,1,13,-1,0
0068.txt,6,79,16,7,3,12,12,0,86,1,9,25,0
0068.txt,6,80,16,12,3,12,12,0,86,1,4,14,1
0068.txt,6,81,16,12,2,7,15,0,351,1,12,-1,0
0068.txt,6,90,13,12,3,7,15,0,351,1,9,39,0
0068.txt,6,96,17,13,0,14,17,0,340,1,7,21,0
0068.txt,6,97,17,14,3,14,17,0,340,1,6,15,0
0068.txt,6,134,2,11,0,2,12,0,165,1,1,1,0
0068.txt,6,142,3,6,0,5,10,0,158,1,6,12,0
0068.txt,6,143,3,7,0,5,10,0,158,1,5,8,1
0068.txt,6,145,2,7,0,5,10,0,158,1,6,10,0
0068.txt,6,146,2,8,0,5,10,0,158,1,5,6,0
0068.txt,6,146,2,8,0,8,11,0,161,1,9,17,0
0068.txt,6,148,3,8,0,5,10,0,158,1,4,4,0
0068.txt,6,148,3,8,0,8,11,0,161,1,8,16,0
0068.txt,6,149,4,8,0,5,10,0,158,1,3,2,1
0068.txt,6,149,4,8,0,8,11,0,161,1,7,14,1
0068.txt,6,150,5,7,0,5,10,0,158,1,3,4,0
0068.txt,6,151,5,8,3,5,10,0,158,1,2,2,0
0068.txt,6,152,5,9,3,5,10,0,158,1,1,1,1
0068.txt,6,152,5,9,3,8,11,0,161,1,5,7,1
0068.txt,6,152,5,9,3,10,4,0,291,1,20,-1,1
0068.txt,6,155,5,10,3,10,4,0,291,1,19,-1,0
0068.txt,6,156,6,10,3,8,11,0,161,1,3,4,0
0068.txt,6,158,8,10,3,8,11,0,161,1,1,2,1
0068.txt,6,159,8,10,2,8,11,0,161,1,1,1,1
0068.txt,6,159,8,10,2,10,4,0,291,1,16,-1,1
0068.txt,6,160,8,11,3,10,4,0,291,1,17,-1,0
0068.txt,6,164,9,12,3,10,4,0,291,1,15,-1,1
0068.txt,6,212,4,14,2,5,13,0,228,1,2,2,0
0068.txt,6,220,8,18,2,8,19,0,227,1,1,1,0
0068.txt,6,276,10,17,0,12,16,1,278,1,3,6,0
0068.txt,6,291,10,12,2,10,11,1,293,1,1,2,1
0068.txt,6,296,4,17,0,14,17,0,341,1,10,23,1
0068.txt,6,297,5,17,1,14,17,0,341,1,9,24,0
0068.txt,6,298,6,17,1,14,17,0,341,1,8,23,1
0068.txt,6,299,7,17,2,14,17,0,341,1,7,22,0
0068.txt,6,300,8,17,2,14,17,0,341,1,6,21,0
0068.txt,6,301,9,17,2,14,17,0,341,1,5,21,1
0068.txt,6,302,13,16,3,14,17,0,340,1,2,10,1
0068.txt,6,304,9,17,1,14,17,0,341,1,5,22,0
0068.txt,6,309,10,17,3,14,17,0,341,1,4,17,0
0068.txt,6,342,10,12,3,9,12,2,386,1,1,1,0
0068.txt,6,363,16,13,0,11,11,0,380,1,7,10,1
0068.txt,6,378,12,11,0,11,11,0,380,1,1,4,1
0068.txt,8,22,5,10,1,6,10,0,26,1,1,1,1
0068.txt,8,39,17,10,0,18,11,0,47,1,2,4,0
0068.txt,8,39,17,10,0,17,11,0,92,1,1,1,0
0068.txt,8,55,18,18,0,16,19,0,60,1,3,1,0
0068.txt,8,57,16,19,0,12,16,0,278,1,7,9,0
0068.txt,8,58,16,18,0,12,16,0,278,1,6,11,0
0068.txt,8,59,16,17,0,12,16,0,278,1,5,10,1
0068.txt,8,60,16,16,0,12,16,0,278,1,4,7,0
0068.txt,8,63,16,15,0,19,1,0,80,1,17,-1,0
0068.txt,8,64,16,14,0,19,1,0,80,1,16,-1,1
0068.txt,8,65,16,13,0,19,1,0,80,1,15,-1,1
0068.txt,8,65,16,13,0,18,2,0,81,1,13,-1,1
0068.txt,8,65,16,13,0,7,15,0,351,1,11,-1,1
0068.txt,8,69,19,2,0,18,2,0,79,1,1,1,0
0068.txt,8,69,19,2,0,12,12,0,86,1,17,-1,0
0068.txt,8,70,18,2,0,12,12,0,86,1,16,-1,0
0068.txt,8,71,17,2,0,15,4,0,77,1,4,4,0
0068.txt,8,71,17,2,0,12,12,0,86,1,15,-1,0
0068.txt,8,72,17,3,0,15,4,0,77,1,3,4,1
0068.txt,8,72,17,3,0,12,12,0,86,1,14,-1,1
0068.txt,8,73,17,4,0,15,4,0,77,1,2,1,0
0068.txt,8,73,17,4,0,12,12,0,86,1,13,-1,0
0068.txt,8,75,16,4,1,16,7,0,84,1,3,3,0
0068.txt,8,75,16,4,1,12,12,0,86,1,12,-1,0
0068.txt,8,77,16,6,1,16,7,0,84,1,1,1,1
0068.txt,8,77,16,6,1,12,12,0,86,1,10,30,1
0068.txt,8,78,16,6,0,12,12,0,86,1,10,29,1
0068.txt,8,79,16,7,1,12,12,0,86,1,9,25,0
0068.txt,8,80,16,12,1,12,12,0,86,1,4,14,1
0068.txt,8,80,16,12,1,7,15,0,351,1,12,-1,1
0068.txt,8,81,16,12,0,7,15,0,351,1,12,-1,0
0068.txt,8,82,16,7,0,12,12,0,87,1,9,26,0
0068.txt,8,89,14,12,0,7,15,0,351,1,10,44,0
0068.txt,8,90,13,12,1,7,15,0,351,1,9,39,0
0068.txt,8,93,17,13,0,16,12,0,223,1,2,5,0
0068.txt,8,96,17,13,0,14,17,0,340,1,7,21,0
0068.txt,8,97,17,14,1,14,17,0,340,1,6,15,0
0068.txt,8,134,2,11,0,2,12,0,165,1,1,1,0
0068.txt,8,135,2,13,0,2,12,0,165,1,1,1,0
0068.txt,8,142,3,6,0,5,10,0,158,1,6,12,0
0068.txt,8,143,3,7,0,5,10,0,158,1,5,8,1
0068.txt,8,145,2,7,0,5,10,0,158,1,6,10,0
0068.txt,8,146,2,8,0,5,10,0,158,1,5,6,0
0068.txt,8,146,2,8,0,8,11,0,161,1,9,17,0
0068.txt,8,148,3,8,0,5,10,0,158,1,4,4,0
0068.txt,8,148,3,8,0,8,11,0,161,1,8,16,0
0068.txt,8,149,4,8,0,5,10,0,158,1,3,2,1
0068.txt,8,149,4,8,0,8,11,0,161,1,7,14,1
0068.txt,8,150,5,7,0,5,10,0,158,1,3,4,0
0068.txt,8,151,5,8,1,5,10,0,158,1,2,1,0
0068.txt,8,151,5,8,1,10,4,0,291,1,19,-1,0
0068.txt,8,152,5,9,1,5,10,0,158,1,1,1,1
0068.txt,8,152,5,9,1,8,11,0,161,1,5,7,1
0068.txt,8,152,5,9,1,10,4,0,291,1,20,-1,1
0068.txt,8,154,4,10,0,5,10,0,158,1,1,1,0
0068.txt,8,155,5,10,1,8,11,0,161,1,4,5,0
0068.txt,8,155,5,10,1,10,4,0,291,1,19,-1,0
0068.txt,8,156,6,10,1,8,11,0,161,1,3,4,0
0068.txt,8,156,6,10,1,10,4,0,291,1,18,-1,0
0068.txt,8,158,8,10,1,8,11,0,161,1,1,2,1
0068.txt,8,158,8,10,1,10,4,0,291,1,16,-1,1
0068.txt,8,159,8,10,0,8,11,0,161,1,1,1,1
0068.txt,8,159,8,10,0,10,4,0,291,1,16,-1,1
0068.txt,8,160,8,11,1,10,4,0,291,1,17,-1,0
0068.txt,8,161,8,12,1,10,4,0,291,1,16,-1,1
0068.txt,8,163,8,12,1,10,4,0,291,1,16,-1,0
0068.txt,8,164,9,12,1,10,4,0,291,1,15,-1,1
0068.txt,8,182,14,0,0,12,1,2,196,1,3,2,1
0068.txt,8,183,13,0,0,12,1,3,187,2,2,1,0
0068.txt,8,187,13,1,0,12,1,3,196,1,1,1,1
0068.txt,8,194,13,1,0,13,3,0,322,1,2,1,0
0068.txt,8,195,13,2,0,13,3,0,322,1,1,1,1
0068.txt,8,210,12,12,0,7,15,0,351,1,8,31,1
0068.txt,8,212,4,14,0,5,13,0,228,1,2,2,0
0068.txt,8,220,8,18,0,8,19,0,227,1,1,1,0
0068.txt,8,232,9,18,0,11,18,0,234,1,2,3,0
0068.txt,8,251,2,5,0,5,9,0,263,1,7,4,1
0068.txt,8,258,4,8,0,5,9,0,263,1,2,1,0
0068.txt,8,276,10,17,0,12,16,0,278,1,3,6,0
0068.txt,8,291,10,12,0,10,11,1,293,1,1,2,1
0068.txt,8,296,4,17,0,14,17,0,341,1,10,23,1
0068.txt,8,297,5,17,0,14,17,0,341,1,9,24,0
0068.txt,8,298,6,17,0,14,17,0,341,1,8,23,1
0068.txt,8,299,7,17,0,14,17,0,341,1,7,22,0
0068.txt,8,300,8,17,0,14,17,0,341,1,6,21,0
0068.txt,8,301,9,17,0,14,17,0,341,1,5,21,1
0068.txt,8,302,13,16,1,14,17,0,340,1,2,10,1
0068.txt,8,304,9,17,0,14,17,0,341,1,5,22,0
0068.txt,8,309,10,17,1,14,17,0,341,1,4,17,0
0068.txt,8,342,10,12,1,9,12,2,386,1,1,1,0
0068.txt,8,343,4,12,0,4,10,0,346,1,2,1,0
0068.txt,8,344,4,11,0,4,10,0,346,1,1,1,1
0068.txt,8,363,16,13,0,11,11,0,380,1,7,10,1
0068.txt,8,364,15,13,0,11,11,0,380,1,6,9,0
0068.txt,8,365,15,12,0,11,11,0,380,1,5,7,1
0068.txt,8,369,12,13,0,12,12,0,410,1,1,1,1
0068.txt,8,370,10,18,0,13,16,0,402,1,5,9,1
0068.txt,8,372,10,16,0,10,15,0,374,1,1,1,0
0068.txt,8,372,10,16,0,11,11,0,380,1,6,16,0
0068.txt,8,375,10,14,0,11,11,0,380,1,4,10,1
0068.txt,8,377,12,11,0,11,11,0,380,1,1,4,1
0068.txt,8,378,12,11,0,11,11,0,380,1,1,4,1
0068.txt,8,379,11,11,0,13,16,0,402,1,9,15,1
0069.txt,6,5,11,1,0,10,0,0,73,1,2,2,0
0069.txt,6,5,11,1,0,10,1,0,75,1,1,1,0
0069.txt,6,6,10,1,0,10,0,0,73,1,1,1,0
0069.txt,6,29,6,11,0,4,11,0,42,1,2,1,0
0069.txt,6,40,3,7,0,3,9,0,46,1,2,1,0
0069.txt,6,40,3,7,0,3,11,1,47,1,4,5,0
0069.txt,6,41,3,7,0,3,9,0,46,1,2,3,0
0069.txt,6,41,3,7,0,3,11,0,47,1,4,1,0
0069.txt,6,45,3,9,0,3,5,1,56,1,4,2,0
0069.txt,6,46,3,8,1,3,5,2,56,1,3,1,0
0069.txt,6,64,8,6,2,7,6,0,69,1,1,1,1
0069.txt,6,71,3,6,1,10,0,5,119,1,13,-1,0
0069.txt,6,78,5,0,1,0,12,0,118,1,19,-1,0
0069.txt,6,79,4,0,3,0,12,0,118,1,20,-1,0
0069.txt,6,80,0,0,2,0,12,0,118,1,18,-1,1
0069.txt,6,84,3,0,3,6,0,0,88,1,3,2,0
0069.txt,6,103,0,3,0,0,12,0,118,1,15,-1,1
0069.txt,6,104,1,3,1,0,12,0,118,1,14,-1,0
0069.txt,6,105,2,3,1,0,12,0,118,1,13,-1,1
0069.txt,6,106,3,3,3,0,12,0,118,1,12,-1,0
0069.txt,6,107,3,6,3,3,8,0,114,1,2,1,0
0069.txt,6,107,3,6,3,0,12,0,118,1,9,6,0
0069.txt,6,108,3,8,3,0,12,0,118,1,7,6,0
0069.txt,6,109,3,9,3,0,12,0,118,1,6,5,0
0069.txt,6,110,3,10,3,0,12,0,118,1,5,4,1
0069.txt,6,111,3,10,0,3,11,3,114,1,1,1,1
0069.txt,6,111,3,10,0,0,12,0,118,1,5,4,1
0069.txt,6,113,3,11,0,0,12,0,117,2,4,3,0
0069.txt,6,114,3,12,1,0,12,0,117,2,3,3,0
0069.txt,6,116,3,11,0,1,12,0,118,1,3,3,1
0069.txt,8,5,11,1,0,10,0,0,73,1,2,2,0
0069.txt,8,5,11,1,0,10,1,0,75,1,1,1,0
0069.txt,8,6,10,1,0,10,0,0,73,1,1,1,0
0069.txt,8,29,6,11,0,4,11,0,42,1,2,1,0
0069.txt,8,40,3,7,0,3,9,0,46,1,2,1,0
0069.txt,8,40,3,7,0,3,11,0,47,1,4,5,0
0069.txt,8,41,3,7,0,3,9,0,46,1,2,3,0
0069.txt,8,41,3,7,0,3,11,0,47,1,4,1,0
0069.txt,8,45,3,9,0,3,5,0,56,1,4,2,0
0069.txt,8,46,3,8,0,3,5,1,56,1,3,1,0
0069.txt,8,63,9,6,0,7,6,0,66,2,2,1,0
0069.txt,8,64,8,6,0,7,6,0,66,2,1,1,1
0069.txt,8,71,3,6,0,10,0,4,119,1,13,-1,0
0069.txt,8,78,5,0,0,0,12,0,118,1,19,-1,0
0069.txt,8,79,4,0,0,0,12,0,118,1,20,-1,0
0069.txt,8,80,0,0,0,0,12,0,118,1,18,-1,1
0069.txt,8,82,1,0,0,2,0,0,84,1,1,1,0
0069.txt,8,83,2,0,0,6,0,0,88,1,4,3,0
0069.txt,8,84,3,0,1,6,0,0,88,1,3,2,0
0069.txt,8,103,0,3,0,0,12,0,118,1,15,-1,1
0069.txt,8,104,1,3,0,0,12,0,118,1,14,-1,0
0069.txt,8,105,2,3,0,0,12,0,118,1,13,-1,1
0069.txt,8,106,3,3,2,0,12,0,118,1,12,-1,0
0069.txt,8,107,3,6,1,3,8,0,114,1,2,1,0
0069.txt,8,107,3,6,1,0,12,0,118,1,9,6,0
0069.txt,8,108,3,8,1,0,12,0,118,1,7,6,0
0069.txt,8,109,3,9,1,0,12,0,117,2,6,5,0
0069.txt,8,110,3,10,1,0,12,0,118,1,5,4,1
0069.txt,8,111,3,10,0,3,11,1,114,1,1,1,1
0069.txt,8,111,3,10,0,0,12,0,118,1,5,4,1
0069.txt,8,113,3,11,0,0,12,0,117,2,4,3,0
0069.txt,8,114,3,12,0,0,12,0,117,2,3,3,0
0069.txt,8,116,3,11,0,1,12,0,118,1,3,3,1
0070.txt,6,4,12,0,0,4,5,0,332,1,13,-1,0
0070.txt,6,5,11,0,0,4,5,0,332,1,12,-1,0
0070.txt,6,6,10,0,0,4,5,0,332,1,11,-1,0
0070.txt,6,7,9,0,0,4,5,0,332,1,10,30,1
0070.txt,6,8,9,0,0,4,5,0,332,1,10,29,1
0070.txt,6,38,18,10,0,16,7,0,236,1,5,10,0
0070.txt,6,38,18,10,0,11,7,0,246,1,10,27,0
0070.txt,6,54,0,9,0,4,7,0,280,1,6,9,0
0070.txt,6,57,3,14,0,14,16,0,333,1,15,-1,0
0070.txt,6,58,6,9,0,6,10,0,66,1,1,3,0
0070.txt,6,59,6,10,0,4,11,0,82,1,7,13,0
0070.txt,6,60,7,10,0,4,11,0,82,1,6,11,0
0070.txt,6,61,7,11,0,4,11,0,82,1,5,7,1
0070.txt,6,63,3,13,0,14,16,0,333,1,16,-1,0
0070.txt,6,66,7,12,0,4,11,0,82,1,4,7,1
0070.txt,6,67,5,12,0,4,11,0,82,1,2,7,0
0070.txt,6,72,2,2,0,16,5,0,275,1,17,-1,0
0070.txt,6,75,17,13,0,17,14,0,119,1,1,1,0
0070.txt,6,83,17,14,0,13,9,0,126,1,9,18,1
0070.txt,6,85,17,15,0,7,18,3,143,1,13,-1,0
0070.txt,6,86,16,15,0,7,18,3,143,1,12,-1,1
0070.txt,6,88,4,13,0,14,16,0,333,1,15,-1,1
0070.txt,6,91,5,13,0,14,16,0,333,1,14,-1,0
0070.txt,6,96,5,12,0,14,16,0,333,1,13,-1,0
0070.txt,6,97,6,12,0,14,16,0,333,1,12,-1,1
0070.txt,6,100,9,17,1,10,17,0,168,1,1,1,1
0070.txt,6,102,7,12,3,14,16,0,333,1,11,-1,1
0070.txt,6,103,7,12,1,14,16,0,333,1,11,-1,1
0070.txt,6,108,8,12,1,14,16,0,333,1,10,23,0
0070.txt,6,109,8,12,0,14,16,0,333,1,10,23,1
0070.txt,6,111,2,3,1,2,4,1,142,1,1,6,0
0070.txt,6,112,2,3,0,2,4,0,134,2,1,1,0
0070.txt,6,118,15,16,2,12,17,0,375,1,4,2,0
0070.txt,6,120,17,9,0,17,8,0,227,2,1,1,0
0070.txt,6,120,17,9,0,14,7,0,233,1,5,3,0
0070.txt,6,120,17,9,0,16,7,0,236,1,3,5,0
0070.txt,6,120,17,9,0,11,7,0,246,1,10,22,0
0070.txt,6,123,14,16,1,11,16,5,143,1,3,1,0
0070.txt,6,123,14,16,1,12,17,0,375,1,3,2,0
0070.txt,6,128,17,8,0,14,7,0,233,1,4,2,0
0070.txt,6,128,17,8,0,16,7,0,236,1,2,4,0
0070.txt,6,128,17,8,0,11,7,0,246,1,9,19,0
0070.txt,6,133,2,4,2,14,3,0,323,1,13,-1,0
0070.txt,6,135,14,16,0,12,17,0,375,1,3,2,0
0070.txt,6,136,8,12,0,9,12,1,152,1,1,1,0
0070.txt,6,139,17,7,1,14,7,0,233,1,3,1,0
0070.txt,6,139,17,7,1,16,7,0,236,1,1,3,0
0070.txt,6,139,17,7,1,11,7,0,246,1,8,13,0
0070.txt,6,140,3,4,2,14,3,0,323,1,12,-1,0
0070.txt,6,141,4,4,2,4,3,0,145,1,1,1,1
0070.txt,6,141,4,4,2,14,3,0,323,1,11,-1,1
0070.txt,6,142,4,3,3,14,3,0,323,1,10,20,1
0070.txt,6,144,4,3,2,14,3,0,323,1,10,19,1
0070.txt,6,148,5,3,1,14,3,0,323,1,9,18,0
0070.txt,6,150,16,1,0,14,16,0,333,1,17,-1,0
0070.txt,6,151,15,1,0,14,16,0,333,1,16,-1,1
0070.txt,6,162,16,7,2,14,6,0,233,1,3,2,0
0070.txt,6,163,12,13,0,16,6,5,247,1,11,-1,0
0070.txt,6,163,12,13,0,12,11,1,254,1,2,4,0
0070.txt,6,169,12,11,0,14,9,0,366,1,4,5,1
0070.txt,6,171,1,9,0,2,8,3,280,1,2,3,0
0070.txt,6,174,11,9,1,11,11,5,179,1,2,4,0
0070.txt,6,177,12,16,0,12,17,0,375,1,1,3,0
0070.txt,6,180,12,12,2,16,6,6,247,1,10,20,0
0070.txt,6,181,8,11,1,9,11,0,319,1,1,1,0
0070.txt,6,181,8,11,1,14,16,0,333,1,11,-1,0
0070.txt,6,191,13,3,5,12,16,0,375,1,16,-1,1
0070.txt,6,193,11,3,0,4,5,0,332,1,9,26,0
0070.txt,6,194,10,3,0,4,5,0,332,1,8,25,1
0070.txt,6,195,9,3,0,4,5,0,332,1,7,18,0
0070.txt,6,196,15,2,0,15,3,1,200,1,1,1,1
0070.txt,6,196,15,2,0,14,16,0,333,1,15,-1,1
0070.txt,6,197,15,3,2,14,16,0,333,1,14,-1,0
0070.txt,6,198,9,1,0,4,5,0,332,1,9,16,1
0070.txt,6,199,9,3,0,4,5,0,332,1,7,21,0
0070.txt,6,200,15,4,1,14,16,0,333,1,13,-1,1
0070.txt,6,202,9,2,1,4,5,0,332,1,8,17,0
0070.txt,6,202,9,2,1,14,3,0,354,1,6,6,0
0070.txt,6,204,15,4,0,14,16,0,333,1,13,-1,0
0070.txt,6,205,6,3,1,14,3,0,323,1,8,14,1
0070.txt,6,205,6,3,1,14,16,0,333,1,21,-1,1
0070.txt,6,206,15,5,3,14,16,0,333,1,12,-1,0
0070.txt,6,210,16,5,0,16,6,3,236,2,1,1,0
0070.txt,6,210,16,5,0,11,5,0,246,1,5,11,0
0070.txt,6,211,15,9,3,14,16,0,333,1,8,15,1
0070.txt,6,212,15,10,2,14,16,0,333,1,7,14,0
0070.txt,6,213,14,10,2,14,16,0,333,1,6,12,1
0070.txt,6,215,7,3,3,14,3,0,323,1,7,11,1
0070.txt,6,216,14,11,3,14,16,0,333,1,5,10,0
0070.txt,6,217,14,12,3,14,16,0,333,1,4,6,0
0070.txt,6,220,16,6,2,15,6,0,233,1,1,1,1
0070.txt,6,220,16,6,2,11,5,0,246,1,6,10,1
0070.txt,6,222,9,3,3,4,5,0,332,1,7,15,0
0070.txt,6,223,15,6,3,11,5,0,246,1,5,5,1
0070.txt,6,224,14,15,3,14,16,0,333,1,1,3,1
0070.txt,6,225,15,6,2,11,5,0,246,1,5,8,1
0070.txt,6,226,7,3,2,14,3,0,323,1,7,13,0
0070.txt,6,226,7,3,2,14,16,0,333,1,20,-1,0
0070.txt,6,227,15,5,2,15,6,1,236,1,1,2,1
0070.txt,6,227,15,5,2,11,5,0,246,1,4,7,1
0070.txt,6,229,13,11,0,14,9,0,366,1,3,1,1
0070.txt,6,229,13,11,0,9,11,4,402,1,4,3,1
0070.txt,6,231,15,5,3,11,5,0,246,1,4,7,0
0070.txt,6,233,13,5,3,11,5,0,246,1,2,5,1
0070.txt,6,234,13,5,2,11,5,0,246,1,2,5,0
0070.txt,6,234,13,5,2,10,5,0,249,1,3,1,0
0070.txt,6,235,12,5,2,11,5,0,246,1,1,5,1
0070.txt,6,236,11,5,3,10,5,0,249,1,1,1,1
0070.txt,6,243,11,5,2,10,5,0,249,1,1,1,1
0070.txt,6,264,1,8,0,2,8,3,280,1,1,4,1
0070.txt,6,266,1,13,2,1,12,0,415,1,1,1,0
0070.txt,6,267,1,7,1,2,8,3,280,1,2,3,0
0070.txt,6,267,1,7,1,14,3,0,323,1,17,-1,0
0070.txt,6,278,2,6,2,14,3,0,323,1,15,-1,1
0070.txt,6,282,2,5,2,3,5,0,286,1,1,2,0
0070.txt,6,282,2,5,2,14,3,0,323,1,14,-1,0
0070.txt,6,286,3,4,3,18,3,0,417,1,18,-1,1
0070.txt,6,290,6,4,0,11,3,1,298,1,6,7,1
0070.txt,6,291,7,3,0,14,16,0,333,1,20,-1,0
0070.txt,6,292,7,4,3,10,4,0,296,1,3,3,0
0070.txt,6,292,7,4,3,14,16,0,333,1,19,-1,0
0070.txt,6,293,8,4,3,14,3,0,323,1,7,11,1
0070.txt,6,293,8,4,3,18,3,0,417,1,13,-1,1
0070.txt,6,294,9,4,3,10,4,0,296,1,1,1,1
0070.txt,6,294,9,4,3,14,16,0,333,1,17,-1,1
0070.txt,6,295,10,4,3,14,3,0,323,1,5,10,0
0070.txt,6,296,11,4,3,14,16,0,333,1,15,-1,1
0070.txt,6,297,11,3,0,11,11,1,300,1,8,11,1
0070.txt,6,306,9,11,2,14,16,0,333,1,10,12,0
0070.txt,6,308,10,11,3,14,16,0,333,1,9,10,0
0070.txt,6,309,11,11,3,14,16,0,333,1,8,10,0
0070.txt,6,310,11,3,3,14,3,0,323,1,3,6,1
0070.txt,6,318,9,3,3,9,4,0,332,1,1,2,1
0070.txt,6,319,12,11,3,14,16,0,333,1,7,9,1
0070.txt,6,320,12,10,1,14,16,0,333,1,8,12,1
0070.txt,6,322,14,3,2,15,3,0,365,1,1,1,0
0070.txt,6,324,12,11,3,14,16,0,333,1,7,8,0
0070.txt,6,328,12,16,3,14,16,0,333,1,2,6,0
0070.txt,6,334,15,3,3,18,3,0,417,1,5,3,0
0070.txt,6,368,5,17,2,5,18,0,375,1,1,3,1
0070.txt,6,371,16,4,2,18,3,0,417,1,3,2,1
0070.txt,6,387,2,7,0,3,4,0,409,1,4,3,1
0070.txt,6,388,2,8,3,3,4,0,409,1,5,2,0
0070.txt,6,393,4,4,0,3,4,0,409,1,1,1,0
0070.txt,6,394,3,4,1,1,4,0,405,1,2,2,0
0070.txt,6,403,3,4,0,1,4,0,405,1,2,2,1
0070.txt,8,4,12,0,0,4,5,0,332,1,13,-1,0
0070.txt,8,5,11,0,0,4,5,0,332,1,12,-1,0
0070.txt,8,6,10,0,0,4,5,0,332,1,11,-1,0
0070.txt,8,7,9,0,0,4,5,0,332,1,10,30,1
0070.txt,8,8,9,0,0,4,5,0,332,1,10,29,1
0070.txt,8,38,18,10,0,16,7,0,236,1,5,10,0
0070.txt,8,38,18,10,0,11,7,0,246,1,10,27,0
0070.txt,8,54,0,9,0,4,7,0,280,1,6,9,0
0070.txt,8,57,3,14,0,14,16,0,333,1,15,-1,0
0070.txt,8,58,6,9,0,6,10,0,66,1,1,3,0
0070.txt,8,59,6,10,0,4,11,0,82,1,7,13,0
0070.txt,8,60,7,10,0,4,11,0,82,1,6,11,0
0070.txt,8,61,7,11,0,4,11,0,82,1,5,7,1
0070.txt,8,63,3,13,0,14,16,0,333,1,16,-1,0
0070.txt,8,66,7,12,0,4,11,0,82,1,4,7,1
0070.txt,8,67,5,12,0,4,11,0,82,1,2,7,0
0070.txt,8,72,2,2,0,16,5,0,275,1,17,-1,0
0070.txt,8,75,17,13,0,17,14,0,119,1,1,1,0
0070.txt,8,83,17,14,0,13,9,0,126,1,9,18,1
0070.txt,8,84,7,18,0,10,17,0,168,1,4,1,1
0070.txt,8,84,7,18,0,17,15,2,366,1,13,-1,1
0070.txt,8,85,17,15,0,13,9,0,126,1,10,16,0
0070.txt,8,85,17,15,0,7,18,1,143,1,13,-1,0
0070.txt,8,86,16,15,0,13,9,0,126,1,9,18,1
0070.txt,8,86,16,15,0,7,18,1,143,1,12,-1,1
0070.txt,8,88,4,13,0,14,16,0,333,1,15,-1,1
0070.txt,8,89,7,18,0,16,16,2,366,1,11,-1,0
0070.txt,8,90,8,18,0,16,16,2,366,1,10,11,1
0070.txt,8,91,5,13,0,14,16,0,333,1,14,-1,0
0070.txt,8,96,5,12,0,14,16,0,333,1,13,-1,0
0070.txt,8,97,6,12,0,14,16,0,333,1,12,-1,1
0070.txt,8,100,9,17,0,10,17,0,168,1,1,1,1
0070.txt,8,100,9,17,0,16,16,3,366,1,8,7,1
0070.txt,8,102,7,12,1,14,16,0,333,1,11,-1,1
0070.txt,8,103,7,12,0,14,16,0,333,1,11,-1,1
0070.txt,8,104,16,16,0,13,9,0,126,1,10,12,0
0070.txt,8,104,16,16,0,10,17,4,143,1,7,4,0
0070.txt,8,105,15,17,0,15,16,0,119,1,1,1,0
0070.txt,8,108,8,12,0,14,16,0,333,1,10,23,0
0070.txt,8,109,8,12,0,14,16,0,333,1,10,24,1
0070.txt,8,111,2,3,0,2,4,0,134,2,1,5,0
0070.txt,8,111,2,3,0,16,5,0,275,1,16,-1,0
0070.txt,8,112,2,3,0,2,4,0,134,2,1,1,0
0070.txt,8,113,2,6,0,16,5,0,275,1,15,-1,1
0070.txt,8,114,8,13,0,10,12,0,152,1,3,2,1
0070.txt,8,115,2,5,0,16,5,0,275,1,14,-1,1
0070.txt,8,118,15,16,0,12,17,0,375,1,4,2,0
0070.txt,8,119,14,16,1,12,17,0,375,1,3,1,0
0070.txt,8,120,17,9,0,17,8,0,227,2,1,1,0
0070.txt,8,120,17,9,0,14,7,0,233,1,5,3,0
0070.txt,8,120,17,9,0,16,7,0,236,1,3,5,0
0070.txt,8,120,17,9,0,11,7,0,246,1,10,22,0
0070.txt,8,123,14,16,0,11,16,4,143,1,3,1,0
0070.txt,8,123,14,16,0,12,17,0,375,1,3,3,0
0070.txt,8,125,13,9,0,14,16,0,333,1,8,14,0
0070.txt,8,127,14,11,0,14,16,0,333,1,5,4,1
0070.txt,8,128,17,8,0,14,7,0,233,1,4,2,0
0070.txt,8,128,17,8,0,16,7,0,236,1,2,4,0
0070.txt,8,128,17,8,0,11,7,0,246,1,9,19,0
0070.txt,8,133,2,4,0,14,3,0,323,1,13,-1,0
0070.txt,8,134,3,4,1,14,3,0,323,1,12,-1,1
0070.txt,8,135,14,16,0,12,17,0,375,1,3,2,0
0070.txt,8,136,8,12,0,9,12,0,152,1,1,1,0
0070.txt,8,139,17,7,0,14,7,0,233,1,3,2,0
0070.txt,8,139,17,7,0,16,7,0,236,1,1,4,0
0070.txt,8,139,17,7,0,11,7,0,246,1,8,11,0
0070.txt,8,140,3,4,0,4,3,0,145,1,2,1,0
0070.txt,8,140,3,4,0,14,3,0,323,1,12,-1,0
0070.txt,8,141,4,4,0,4,3,0,145,1,1,1,1
0070.txt,8,141,4,4,0,14,3,0,323,1,11,-1,1
0070.txt,8,142,4,3,1,14,3,0,323,1,10,19,1
0070.txt,8,144,4,3,0,14,3,0,323,1,10,18,1
0070.txt,8,145,5,3,1,14,3,0,323,1,9,18,0
0070.txt,8,148,5,3,0,14,3,0,323,1,9,21,0
0070.txt,8,148,5,3,0,14,16,0,333,1,22,-1,0
0070.txt,8,149,11,16,0,14,9,0,366,1,10,20,1
0070.txt,8,150,16,1,0,14,16,0,333,1,17,-1,0
0070.txt,8,151,15,1,0,14,16,0,333,1,16,-1,1
0070.txt,8,162,16,7,0,14,6,0,233,1,3,2,0
0070.txt,8,163,12,13,0,16,6,3,247,1,11,-1,0
0070.txt,8,163,12,13,0,12,11,0,254,1,2,1,0
0070.txt,8,169,12,11,0,14,9,0,366,1,4,7,1
0070.txt,8,171,1,9,0,2,8,0,280,1,2,1,0
0070.txt,8,174,11,9,0,11,11,4,179,1,2,3,0
0070.txt,8,177,12,16,0,12,17,0,375,1,1,3,0
0070.txt,8,180,12,12,0,16,6,6,247,1,10,20,0
0070.txt,8,181,8,11,0,9,11,0,319,1,1,1,0
0070.txt,8,181,8,11,0,14,16,0,333,1,11,-1,0
0070.txt,8,184,11,7,0,11,6,0,186,1,1,1,0
0070.txt,8,187,11,3,0,4,5,0,332,1,9,25,1
0070.txt,8,188,11,5,0,11,3,2,191,1,2,2,1
0070.txt,8,189,11,5,0,11,3,1,191,1,2,1,0
0070.txt,8,193,11,3,0,4,5,0,332,1,9,26,0
0070.txt,8,193,11,3,0,9,1,0,389,1,4,2,0
0070.txt,8,194,10,3,0,4,5,0,332,1,8,25,1
0070.txt,8,194,10,3,0,9,1,0,389,1,3,2,1
0070.txt,8,195,9,3,0,4,5,0,332,1,7,20,0
0070.txt,8,196,15,2,0,15,3,0,200,1,1,1,1
0070.txt,8,196,15,2,0,14,16,0,333,1,15,-1,1
0070.txt,8,196,15,2,0,12,16,1,375,1,17,-1,1
0070.txt,8,197,15,3,0,14,16,0,333,1,14,-1,0
0070.txt,8,198,9,1,0,4,5,0,332,1,9,17,1
0070.txt,8,199,9,3,0,6,3,1,318,1,3,6,0
0070.txt,8,199,9,3,0,4,5,0,332,1,7,21,0
0070.txt,8,200,15,4,0,14,16,0,333,1,13,-1,1
0070.txt,8,202,9,2,0,4,5,0,332,1,8,18,0
0070.txt,8,202,9,2,0,14,3,0,354,1,6,8,0
0070.txt,8,204,15,4,0,15,5,0,224,1,1,1,0
0070.txt,8,204,15,4,0,14,16,0,333,1,13,-1,0
0070.txt,8,204,15,4,0,12,16,1,375,1,15,-1,0
0070.txt,8,205,6,3,0,14,3,0,323,1,8,16,1
0070.txt,8,205,6,3,0,14,16,0,333,1,21,-1,1
0070.txt,8,206,15,5,1,14,16,0,333,1,12,-1,0
0070.txt,8,209,15,8,1,14,16,0,333,1,9,13,1
0070.txt,8,210,16,5,0,16,6,1,236,2,1,1,0
0070.txt,8,210,16,5,0,11,5,0,246,1,5,11,0
0070.txt,8,211,15,9,1,14,16,0,333,1,8,15,1
0070.txt,8,212,15,10,0,14,16,0,333,1,7,14,0
0070.txt,8,213,14,10,0,14,16,0,333,1,6,12,1
0070.txt,8,215,7,3,1,14,3,0,323,1,7,11,1
0070.txt,8,215,7,3,1,14,16,0,333,1,20,-1,1
0070.txt,8,216,14,11,1,14,16,0,333,1,5,10,0
0070.txt,8,217,14,12,1,14,16,0,333,1,4,6,0
0070.txt,8,220,16,6,0,15,6,0,233,1,1,1,1
0070.txt,8,220,16,6,0,11,5,0,246,1,6,8,1
0070.txt,8,222,9,3,1,4,5,0,332,1,7,15,0
0070.txt,8,222,9,3,1,14,3,0,354,1,5,7,0
0070.txt,8,223,15,6,1,11,5,0,246,1,5,5,1
0070.txt,8,224,14,15,1,14,16,0,333,1,1,3,1
0070.txt,8,225,15,6,0,11,5,0,246,1,5,8,1
0070.txt,8,226,7,3,0,14,3,0,323,1,7,12,0
0070.txt,8,226,7,3,0,14,16,0,333,1,20,-1,0
0070.txt,8,227,15,5,0,15,6,1,236,1,1,2,1
0070.txt,8,227,15,5,0,11,5,0,246,1,4,7,1
0070.txt,8,229,13,11,0,14,9,0,366,1,3,2,1
0070.txt,8,229,13,11,0,9,11,2,402,1,4,3,1
0070.txt,8,231,15,5,1,11,5,0,246,1,4,7,0
0070.txt,8,231,15,5,1,10,5,0,249,1,5,3,0
0070.txt,8,233,13,5,1,11,5,0,246,1,2,5,1
0070.txt,8,233,13,5,1,10,5,0,249,1,3,1,1
0070.txt,8,234,13,5,0,11,5,0,246,1,2,5,0
0070.txt,8,234,13,5,0,10,5,0,249,1,3,1,0
0070.txt,8,235,12,5,0,11,5,0,246,1,1,5,1
0070.txt,8,235,12,5,0,10,5,0,249,1,2,1,1
0070.txt,8,236,11,5,1,10,5,0,249,1,1,1,1
0070.txt,8,243,11,5,0,10,5,0,249,1,1,1,1
0070.txt,8,258,2,13,0,1,14,0,261,1,2,3,0
0070.txt,8,264,1,8,0,2,8,0,280,1,1,2,1
0070.txt,8,266,1,13,0,1,12,0,415,1,1,1,0
0070.txt,8,267,1,7,0,2,8,3,280,1,2,2,0
0070.txt,8,267,1,7,0,14,3,0,323,1,17,-1,0
0070.txt,8,277,2,7,1,3,5,0,286,1,3,4,0
0070.txt,8,277,2,7,1,14,3,0,323,1,16,-1,0
0070.txt,8,278,2,6,0,3,5,0,286,1,2,3,1
0070.txt,8,278,2,6,0,14,3,0,323,1,15,-1,1
0070.txt,8,280,2,5,1,3,5,0,286,1,1,2,1
0070.txt,8,280,2,5,1,14,3,0,323,1,14,-1,1
0070.txt,8,282,2,5,0,3,5,0,286,1,1,2,0
0070.txt,8,282,2,5,0,14,3,0,323,1,14,-1,0
0070.txt,8,285,3,5,1,14,3,0,323,1,13,-1,0
0070.txt,8,286,3,4,1,14,3,0,323,1,12,-1,1
0070.txt,8,286,3,4,1,18,3,0,417,1,18,-1,1
0070.txt,8,288,3,4,0,11,3,0,298,1,9,14,1
0070.txt,8,288,3,4,0,11,11,1,300,1,15,-1,1
0070.txt,8,289,4,4,0,11,3,1,298,1,8,11,0
0070.txt,8,290,6,4,0,11,3,0,298,1,6,7,1
0070.txt,8,290,6,4,0,11,11,0,300,1,12,-1,1
0070.txt,8,291,7,3,0,14,16,0,333,1,20,-1,0
0070.txt,8,291,7,3,0,5,4,0,409,1,3,3,0
0070.txt,8,292,7,4,1,10,4,0,296,1,3,4,0
0070.txt,8,292,7,4,1,14,3,0,323,1,8,14,0
0070.txt,8,292,7,4,1,14,16,0,333,1,19,-1,0
0070.txt,8,293,8,4,1,14,3,0,323,1,7,12,1
0070.txt,8,293,8,4,1,18,3,0,417,1,13,-1,1
0070.txt,8,294,9,4,1,10,4,0,296,1,1,3,1
0070.txt,8,294,9,4,1,14,3,0,323,1,6,11,1
0070.txt,8,294,9,4,1,14,16,0,333,1,17,-1,1
0070.txt,8,295,10,4,1,14,3,0,323,1,5,10,0
0070.txt,8,295,10,4,1,14,16,0,333,1,16,-1,0
0070.txt,8,296,11,4,1,14,3,0,323,1,4,11,1
0070.txt,8,296,11,4,1,14,16,0,333,1,15,-1,1
0070.txt,8,297,11,3,0,11,11,0,300,1,8,11,1
0070.txt,8,298,11,4,1,14,3,0,323,1,4,11,0
0070.txt,8,305,11,4,0,14,3,0,323,1,4,7,1
0070.txt,8,306,9,11,0,14,16,0,333,1,10,12,0
0070.txt,8,307,11,10,0,14,16,0,333,1,9,10,0
0070.txt,8,308,10,11,1,14,16,0,333,1,9,10,0
0070.txt,8,309,11,11,1,14,16,0,333,1,8,10,0
0070.txt,8,310,11,3,1,14,3,0,323,1,3,6,1
0070.txt,8,312,5,4,0,4,4,0,336,1,1,1,1
0070.txt,8,314,12,3,1,14,3,0,323,1,2,3,1
0070.txt,8,316,13,3,0,14,3,0,323,1,1,3,1
0070.txt,8,317,8,3,0,14,3,0,323,1,6,5,0
0070.txt,8,318,9,3,1,9,4,0,332,1,1,2,1
0070.txt,8,319,12,11,1,14,16,0,333,1,7,9,1
0070.txt,8,320,12,10,0,14,16,0,333,1,8,12,1
0070.txt,8,322,14,3,0,15,3,0,365,1,1,1,0
0070.txt,8,324,12,11,1,14,16,0,333,1,7,8,0
0070.txt,8,328,12,16,1,14,16,0,333,1,2,6,0
0070.txt,8,329,14,15,0,14,16,0,333,1,1,1,0
0070.txt,8,334,15,3,1,18,3,0,417,1,5,3,0
0070.txt,8,339,9,3,0,3,4,0,409,1,7,4,0
0070.txt,8,340,8,3,0,3,4,0,409,1,6,3,1
0070.txt,8,342,13,11,0,14,11,0,350,1,1,1,0
0070.txt,8,353,11,15,0,11,16,0,368,2,1,1,1
0070.txt,8,355,14,9,0,18,10,2,402,1,5,2,0
0070.txt,8,368,5,17,0,5,18,0,375,1,1,3,1
0070.txt,8,370,16,3,0,18,3,0,417,1,4,2,0
0070.txt,8,371,16,4,0,18,3,0,417,1,3,2,1
0070.txt,8,380,5,3,0,3,4,0,409,1,3,2,0
0070.txt,8,381,4,3,0,3,4,0,409,1,2,2,1
0070.txt,8,387,2,7,0,3,4,0,409,1,4,3,1
0070.txt,8,393,4,4,0,3,4,0,409,1,1,1,0
0070.txt,8,394,3,4,0,1,4,0,405,1,2,2,0
0070.txt,8,397,16,10,0,17,10,0,402,1,1,1,1
0070.txt,8,403,3,4,0,1,4,0,405,1,2,2,1
0070.txt,8,412,17,4,1,18,3,0,417,1,2,1,1
0070.txt,8,415,2,8,0,2,5,2,420,1,3,1,1
0071.txt,6,3,16,11,0,14,17,0,274,1,8,14,0
0071.txt,6,27,2,13,0,1,9,0,97,1,5,7,0
0071.txt,6,28,2,12,0,1,9,0,97,1,4,5,0
0071.txt,6,51,17,9,0,18,2,0,268,1,28,-1,0
0071.txt,6,53,16,9,1,15,9,0,59,1,1,1,0
0071.txt,6,53,16,9,1,18,2,0,268,1,27,-1,0
0071.txt,6,56,15,10,3,18,2,0,268,1,25,-1,0
0071.txt,6,58,14,10,1,18,2,0,268,1,24,-1,1
0071.txt,6,59,14,11,2,18,2,0,268,1,23,-1,0
0071.txt,6,60,14,13,0,14,17,0,274,1,6,17,1
0071.txt,6,74,15,5,0,12,13,0,286,1,17,-1,0
0071.txt,6,81,17,17,0,19,13,0,236,1,6,8,0
0071.txt,6,82,17,16,0,19,13,0,236,1,5,8,0
0071.txt,6,89,1,9,0,9,11,0,203,1,10,20,0
0071.txt,6,92,1,12,2,9,11,0,203,1,9,18,0
0071.txt,6,94,3,12,2,9,11,0,203,1,7,20,1
0071.txt,6,96,3,11,3,7,11,0,102,1,4,2,0
0071.txt,6,96,3,11,3,9,11,0,203,1,6,8,0
0071.txt,6,97,4,11,3,9,11,0,203,1,5,14,1
0071.txt,6,98,4,11,2,9,11,0,203,1,5,13,0
0071.txt,6,99,5,11,3,7,11,0,102,1,2,1,1
0071.txt,6,99,5,11,3,9,11,0,203,1,4,6,1
0071.txt,6,100,7,11,3,9,11,0,203,1,2,6,1
0071.txt,6,102,6,11,3,9,11,1,248,1,3,4,0
0071.txt,6,108,8,2,0,2,6,0,186,1,10,19,0
0071.txt,6,108,8,2,0,3,7,0,199,1,10,16,0
0071.txt,6,112,12,17,0,12,13,1,249,1,4,3,0
0071.txt,6,113,12,16,3,12,13,1,249,1,3,1,0
0071.txt,6,122,10,15,1,19,13,0,244,1,13,-1,0
0071.txt,6,131,17,15,0,17,14,0,236,1,1,2,1
0071.txt,6,148,14,4,0,12,13,0,286,1,15,-1,0
0071.txt,6,149,15,4,1,12,13,0,286,1,16,-1,0
0071.txt,6,155,13,4,3,12,13,0,286,1,14,-1,0
0071.txt,6,166,0,4,0,1,6,0,175,1,3,1,0
0071.txt,6,167,0,5,0,1,6,0,175,1,2,1,1
0071.txt,6,168,0,6,0,1,6,0,175,1,1,1,1
0071.txt,6,168,0,6,0,3,7,0,199,1,4,2,1
0071.txt,6,169,1,6,1,3,7,0,199,1,3,1,0
0071.txt,6,171,3,6,3,3,7,0,199,1,1,1,1
0071.txt,6,172,3,6,1,3,7,0,199,1,1,1,1
0071.txt,6,182,4,2,0,5,2,0,186,1,1,2,0
0071.txt,6,182,4,2,0,6,2,0,258,1,2,1,0
0071.txt,6,183,6,2,0,5,10,1,199,2,9,11,1
0071.txt,6,185,5,2,3,5,10,3,204,1,8,8,0
0071.txt,6,187,5,3,2,5,10,3,204,1,7,8,0
0071.txt,6,188,5,4,3,5,10,3,204,1,6,7,1
0071.txt,6,190,5,4,1,5,5,0,205,1,1,1,0
0071.txt,6,193,5,4,2,5,5,0,205,1,1,1,1
0071.txt,6,194,5,4,1,5,5,0,205,1,1,1,0
0071.txt,6,194,5,4,1,5,7,0,210,1,3,4,0
0071.txt,6,195,5,5,2,5,7,0,210,1,2,3,1
0071.txt,6,196,5,8,1,5,10,3,204,1,2,2,0
0071.txt,6,208,5,6,1,5,7,0,210,1,1,1,0
0071.txt,6,209,5,7,2,5,8,0,223,1,1,1,0
0071.txt,6,212,12,7,3,12,13,0,286,1,10,20,1
0071.txt,6,212,12,7,3,11,7,0,292,1,1,3,1
0071.txt,6,263,14,11,1,14,12,0,265,1,1,1,1
0071.txt,6,269,11,11,0,11,8,0,287,1,3,3,0
0071.txt,6,270,11,10,0,11,8,0,287,1,2,1,1
0071.txt,6,272,11,7,3,12,13,0,286,1,9,19,0
0071.txt,6,273,11,8,3,13,13,4,284,1,7,17,1
0071.txt,6,273,11,8,3,12,13,0,286,1,8,12,1
0071.txt,6,285,11,8,0,10,8,1,331,1,1,1,0
0071.txt,6,291,6,11,3,12,11,7,297,1,6,5,0
0071.txt,6,300,4,17,1,6,15,1,361,1,4,2,0
0071.txt,6,301,6,17,3,6,15,1,361,1,2,1,0
0071.txt,6,367,9,11,0,9,9,0,370,1,2,1,0
0071.txt,6,368,9,10,0,9,9,0,370,1,1,1,1
0071.txt,8,3,16,11,0,14,17,0,274,1,8,14,0
0071.txt,8,24,12,18,0,11,17,0,113,1,2,1,0
0071.txt,8,27,2,13,0,1,9,0,97,1,5,7,0
0071.txt,8,28,2,12,0,1,9,0,97,1,4,5,0
0071.txt,8,51,17,9,0,18,2,0,268,1,28,-1,0
0071.txt,8,53,16,9,0,14,9,0,57,1,2,2,0
0071.txt,8,53,16,9,0,15,9,0,59,1,1,1,0
0071.txt,8,53,16,9,0,18,2,0,268,1,27,-1,0
0071.txt,8,55,15,9,1,18,2,0,268,1,26,-1,0
0071.txt,8,56,15,10,1,18,2,0,268,1,25,-1,0
0071.txt,8,57,14,10,1,18,2,0,268,1,24,-1,1
0071.txt,8,58,14,10,0,18,2,0,268,1,24,-1,1
0071.txt,8,59,14,11,0,18,2,0,268,1,23,-1,0
0071.txt,8,60,14,13,0,14,17,0,274,1,6,17,1
0071.txt,8,72,16,4,0,15,5,0,75,1,2,3,0
0071.txt,8,74,15,5,0,12,13,0,286,1,17,-1,0
0071.txt,8,81,17,17,0,19,13,0,236,1,6,10,0
0071.txt,8,82,17,16,0,19,13,0,236,1,5,10,0
0071.txt,8,89,1,9,0,9,11,0,203,1,10,20,0
0071.txt,8,92,1,12,0,9,11,0,203,1,9,14,0
0071.txt,8,93,2,12,0,9,11,0,203,1,8,11,0
0071.txt,8,94,3,12,0,9,11,0,203,1,7,10,1
0071.txt,8,96,3,11,1,7,11,0,102,1,4,2,0
0071.txt,8,96,3,11,1,9,11,0,203,1,6,8,0
0071.txt,8,97,4,11,1,9,11,0,203,1,5,7,1
0071.txt,8,98,4,11,0,7,11,0,102,1,3,2,0
0071.txt,8,98,4,11,0,9,11,0,203,1,5,7,0
0071.txt,8,99,5,11,1,7,11,0,102,1,2,1,1
0071.txt,8,99,5,11,1,9,11,0,203,1,4,6,1
0071.txt,8,100,7,11,1,9,11,0,203,1,2,2,1
0071.txt,8,101,7,11,0,9,11,1,248,1,2,4,0
0071.txt,8,102,6,11,1,9,11,1,248,1,3,4,0
0071.txt,8,108,8,2,0,2,6,0,186,1,10,19,0
0071.txt,8,108,8,2,0,3,7,0,199,1,10,16,0
0071.txt,8,112,12,17,0,12,13,0,249,1,4,3,0
0071.txt,8,113,12,16,1,12,13,1,249,1,3,1,0
0071.txt,8,121,10,16,0,19,13,0,244,1,12,-1,0
0071.txt,8,122,10,15,0,19,13,0,244,1,13,-1,0
0071.txt,8,123,10,14,0,19,13,0,244,1,12,-1,1
0071.txt,8,131,17,15,0,17,14,0,236,1,1,2,1
0071.txt,8,144,14,2,0,12,4,1,213,1,4,3,0
0071.txt,8,145,14,3,0,12,4,1,213,1,3,3,1
0071.txt,8,146,14,4,1,12,4,1,213,1,2,2,1
0071.txt,8,148,14,4,0,12,13,0,286,1,15,-1,0
0071.txt,8,149,15,4,0,12,13,0,286,1,16,-1,0
0071.txt,8,150,14,4,1,12,13,0,286,1,15,-1,0
0071.txt,8,155,13,4,1,12,13,0,286,1,14,-1,0
0071.txt,8,158,12,6,1,12,13,0,286,1,11,-1,1
0071.txt,8,166,0,4,0,1,6,0,175,1,3,1,0
0071.txt,8,167,0,5,0,1,6,0,175,1,2,1,1
0071.txt,8,168,0,6,0,1,6,0,175,1,1,1,1
0071.txt,8,168,0,6,0,3,7,0,199,1,4,3,1
0071.txt,8,169,1,6,0,2,6,0,171,1,1,1,0
0071.txt,8,169,1,6,0,3,7,0,199,1,3,2,0
0071.txt,8,170,2,6,1,3,7,0,199,1,2,1,0
0071.txt,8,171,3,6,1,3,7,0,199,1,1,1,1
0071.txt,8,172,3,6,0,3,7,0,199,1,1,1,1
0071.txt,8,182,4,2,0,5,2,0,186,1,1,2,0
0071.txt,8,182,4,2,0,6,2,0,258,1,2,1,0
0071.txt,8,183,6,2,0,5,2,0,186,1,1,1,1
0071.txt,8,183,6,2,0,5,10,0,199,2,9,11,1
0071.txt,8,185,5,2,1,5,10,3,204,1,8,8,0
0071.txt,8,186,5,3,1,5,10,3,204,1,7,9,1
0071.txt,8,187,5,3,0,5,10,3,204,1,7,8,0
0071.txt,8,188,5,4,1,5,10,3,204,1,6,7,1
0071.txt,8,189,6,4,0,5,8,1,258,1,5,5,0
0071.txt,8,190,5,4,0,5,5,0,205,1,1,1,0
0071.txt,8,192,4,4,0,5,5,0,205,1,2,2,0
0071.txt,8,193,5,4,0,5,5,0,205,1,1,1,1
0071.txt,8,194,5,4,0,5,5,0,205,1,1,1,0
0071.txt,8,194,5,4,0,5,7,0,210,1,3,4,0
0071.txt,8,195,5,5,0,5,7,0,210,1,2,3,1
0071.txt,8,196,5,8,0,5,10,2,204,1,2,2,0
0071.txt,8,205,5,6,1,5,7,0,210,1,1,2,0
0071.txt,8,208,5,6,0,5,7,0,210,1,1,1,0
0071.txt,8,208,5,6,0,5,8,0,223,1,2,2,0
0071.txt,8,209,5,7,0,5,8,0,223,1,1,1,0
0071.txt,8,212,12,7,2,11,7,0,273,2,1,3,1
0071.txt,8,212,12,7,2,12,13,0,286,1,10,20,1
0071.txt,8,251,10,13,0,11,11,6,344,1,3,3,0
0071.txt,8,252,10,12,0,11,11,6,344,1,2,3,1
0071.txt,8,257,11,11,0,11,8,0,287,1,3,3,1
0071.txt,8,263,14,11,0,14,12,0,265,1,1,1,1
0071.txt,8,268,11,11,0,11,8,0,287,1,3,3,0
0071.txt,8,269,11,11,0,11,8,0,287,1,3,4,0
0071.txt,8,270,11,10,0,11,8,0,287,1,2,1,1
0071.txt,8,272,11,7,1,12,13,0,286,1,9,19,0
0071.txt,8,273,11,8,1,13,13,4,284,1,7,11,1
0071.txt,8,273,11,8,1,12,13,0,286,1,8,15,1
0071.txt,8,285,11,8,0,10,8,0,331,1,1,1,0
0071.txt,8,291,6,11,1,12,11,7,297,1,6,7,0
0071.txt,8,293,6,13,0,6,17,0,296,1,4,4,0
0071.txt,8,300,4,17,0,6,15,0,361,1,4,4,0
0071.txt,8,301,6,17,1,6,15,1,361,1,2,2,0
0071.txt,8,320,6,11,1,13,11,4,326,1,7,7,0
0071.txt,8,321,7,11,1,13,11,4,326,1,6,7,0
0071.txt,8,324,9,11,1,13,11,4,326,1,4,7,1
0071.txt,8,331,9,8,1,9,7,0,334,1,1,1,0
0071.txt,8,348,14,13,0,13,13,0,351,1,1,3,0
0071.txt,8,359,12,7,2,12,5,0,378,1,2,3,0
0071.txt,8,367,9,11,0,9,9,0,370,1,2,1,0
0071.txt,8,368,9,10,0,9,9,0,370,1,1,1,1
0071.txt,8,375,11,9,0,11,10,0,393,1,1,2,0
0072.txt,6,30,9,12,0,10,1,0,82,1,16,-1,0
0072.txt,6,32,9,11,0,10,1,1,82,1,15,-1,0
0072.txt,6,36,2,11,0,2,9,0,41,1,2,1,0
0072.txt,6,37,2,10,0,2,9,0,41,1,1,1,1
0072.txt,6,48,7,7,0,2,4,0,57,1,8,9,1
0072.txt,6,49,7,6,0,2,4,0,57,2,7,8,0
0072.txt,6,50,7,5,0,2,4,0,57,2,6,8,1
0072.txt,6,51,7,4,1,2,4,0,57,2,5,6,1
0072.txt,6,52,6,4,1,2,4,0,58,1,4,4,1
0072.txt,6,55,5,4,3,2,4,0,57,1,3,1,0
0072.txt,8,30,9,12,0,10,1,0,82,1,16,-1,0
0072.txt,8,32,9,11,0,10,1,0,82,1,15,-1,0
0072.txt,8,34,9,9,0,10,1,0,82,1,13,-1,0
0072.txt,8,35,8,9,0,10,1,0,82,1,12,-1,1
0072.txt,8,36,2,11,0,2,9,0,41,1,2,1,0
0072.txt,8,37,2,10,0,2,9,0,41,1,1,1,1
0072.txt,8,42,3,7,0,10,1,0,70,1,13,-1,0
0072.txt,8,43,7,9,0,10,1,1,82,1,11,-1,0
0072.txt,8,44,7,8,0,10,1,1,82,1,10,11,1
0072.txt,8,48,7,7,0,2,4,0,57,1,8,9,1
0072.txt,8,49,7,6,0,2,4,0,57,2,7,9,0
0072.txt,8,50,7,5,0,2,4,0,57,2,6,9,1
0072.txt,8,51,7,4,0,2,4,0,57,2,5,7,1
0072.txt,8,52,6,4,0,2,4,0,57,2,4,5,1
0072.txt,8,55,5,4,1,2,4,0,57,2,3,2,0
0072.txt,8,66,5,1,0,10,1,0,70,1,5,3,0
0072.txt,8,67,7,1,0,10,1,0,70,1,3,2,1
0072.txt,8,68,8,1,0,10,1,0,70,1,2,1,1
0073.txt,6,22,12,12,0,13,10,0,165,1,3,4,0
0073.txt,6,33,2,1,0,2,2,0,46,1,1,1,0
0073.txt,6,67,13,12,0,13,10,0,165,1,2,3,1
0073.txt,6,78,3,10,0,8,12,0,194,1,7,23,0
0073.txt,6,83,1,12,1,2,13,0,89,1,2,1,0
0073.txt,6,83,1,12,1,8,12,0,135,1,9,14,0
0073.txt,6,84,2,12,1,8,12,0,135,1,8,7,1
0073.txt,6,85,2,13,2,8,12,0,135,1,7,8,0
0073.txt,6,86,2,13,0,8,12,0,135,1,7,9,0
0073.txt,6,87,3,13,1,8,12,0,135,1,6,8,0
0073.txt,6,88,4,13,3,8,12,0,135,1,5,6,0
0073.txt,6,96,7,12,0,8,12,1,140,1,1,1,1
0073.txt,6,105,4,2,2,8,4,1,112,1,6,5,0
0073.txt,6,137,8,8,0,13,10,1,161,1,7,17,0
0073.txt,6,137,8,8,0,11,11,0,163,1,6,10,0
0073.txt,6,139,8,10,0,7,10,0,191,1,1,1,0
0073.txt,6,141,8,9,0,13,10,2,161,1,6,19,0
0073.txt,6,141,8,9,0,11,11,0,163,1,5,9,0
0073.txt,6,142,8,10,3,11,11,0,163,1,4,9,0
0073.txt,6,152,9,10,2,11,11,0,163,1,3,4,0
0073.txt,6,153,10,10,2,11,11,0,163,1,2,3,0
0073.txt,6,159,13,11,0,13,10,0,165,1,1,1,0
0073.txt,6,192,5,10,0,6,10,2,194,1,1,1,1
0073.txt,6,224,8,8,2,7,8,0,226,1,1,1,0
0073.txt,8,22,12,12,0,13,10,0,165,1,3,4,0
0073.txt,8,33,2,1,0,2,2,0,46,1,1,1,0
0073.txt,8,66,11,5,1,10,4,0,122,1,2,1,1
0073.txt,8,67,13,12,0,13,10,0,165,1,2,3,1
0073.txt,8,78,3,10,0,8,12,0,194,1,7,23,0
0073.txt,8,83,1,12,0,2,13,0,89,1,2,1,0
0073.txt,8,83,1,12,0,8,12,0,135,1,9,14,0
0073.txt,8,84,2,12,0,2,13,0,89,1,1,1,1
0073.txt,8,84,2,12,0,8,12,0,135,1,8,8,1
0073.txt,8,85,2,13,0,8,12,0,135,1,7,8,0
0073.txt,8,86,2,13,0,4,13,0,89,2,2,2,0
0073.txt,8,86,2,13,0,8,12,0,135,1,7,9,0
0073.txt,8,87,3,13,0,4,13,0,89,2,1,1,0
0073.txt,8,87,3,13,0,8,12,0,135,1,6,8,0
0073.txt,8,88,4,13,1,8,12,0,135,1,5,7,0
0073.txt,8,89,4,12,1,8,12,0,135,1,4,7,1
0073.txt,8,90,4,12,0,8,12,1,140,1,4,4,0
0073.txt,8,96,7,12,0,8,12,0,135,2,1,1,1
0073.txt,8,105,4,2,0,8,4,1,112,1,6,8,0
0073.txt,8,106,4,4,1,8,4,1,112,1,4,8,1
0073.txt,8,111,4,4,0,7,4,0,117,1,3,1,0
0073.txt,8,113,6,4,0,5,5,1,129,1,2,3,0
0073.txt,8,137,8,8,0,13,10,0,161,1,7,17,0
0073.txt,8,137,8,8,0,11,11,0,163,1,6,10,0
0073.txt,8,139,8,10,0,7,10,0,191,1,1,1,0
0073.txt,8,141,8,9,0,13,10,0,161,1,6,16,0
0073.txt,8,141,8,9,0,11,11,0,163,1,5,9,0
0073.txt,8,142,8,10,1,11,11,0,163,1,4,9,0
0073.txt,8,152,9,10,0,11,11,0,163,1,3,4,0
0073.txt,8,153,10,10,0,11,11,0,163,1,2,4,0
0073.txt,8,154,11,10,0,11,11,0,163,1,1,2,1
0073.txt,8,158,13,10,0,7,10,0,191,1,6,6,0
0073.txt,8,159,13,11,0,13,10,0,165,1,1,1,0
0073.txt,8,163,11,10,0,13,10,0,165,1,2,1,0
0073.txt,8,164,13,10,0,7,10,0,191,1,6,9,0
0073.txt,8,165,12,10,0,7,10,0,191,1,5,8,1
0073.txt,8,192,5,10,0,6,10,0,194,1,1,1,1
0073.txt,8,224,8,8,0,7,8,0,226,1,1,1,0
0074.txt,6,16,10,10,0,9,10,0,62,1,1,1,0
0074.txt,6,30,7,6,0,6,6,0,33,1,1,1,0
0074.txt,6,32,6,6,0,6,4,0,68,1,2,1,0
0074.txt,6,33,6,5,0,6,4,0,68,1,1,1,1
0074.txt,6,34,6,0,0,6,1,0,39,1,1,1,0
0074.txt,6,37,6,1,0,0,1,0,51,1,6,3,0
0074.txt,6,39,5,1,3,0,1,0,51,1,5,1,0
0074.txt,6,59,6,8,3,1,2,0,83,1,11,-1,0
0074.txt,6,69,3,8,0,1,2,0,83,1,8,8,0
0074.txt,6,70,3,7,3,1,2,0,83,1,7,5,0
0074.txt,6,71,3,7,2,1,2,0,83,1,7,5,1
0074.txt,6,80,1,7,5,1,2,0,83,1,5,3,0
0074.txt,8,16,10,10,0,9,10,0,62,1,1,1,0
0074.txt,8,25,9,8,0,9,10,1,56,1,2,1,1
0074.txt,8,30,7,6,0,6,6,0,33,1,1,1,0
0074.txt,8,32,6,6,0,6,4,0,68,1,2,1,0
0074.txt,8,33,6,5,0,6,4,0,68,1,1,1,1
0074.txt,8,34,6,0,0,6,1,0,39,1,1,1,0
0074.txt,8,37,6,1,0,0,1,0,51,1,6,3,0
0074.txt,8,39,5,1,1,0,1,0,51,1,5,1,0
0074.txt,8,42,5,11,0,5,10,0,48,1,1,1,0
0074.txt,8,52,4,8,0,5,8,0,55,1,1,3,0
0074.txt,8,52,4,8,0,9,8,1,63,1,5,8,0
0074.txt,8,59,6,8,1,1,2,0,83,1,11,-1,0
0074.txt,8,69,3,8,0,1,2,0,83,1,8,8,0
0074.txt,8,70,3,7,1,1,2,0,83,1,7,5,0
0074.txt,8,71,3,7,0,1,2,0,83,1,7,5,1
0074.txt,8,77,2,7,1,1,2,0,83,1,6,4,1
0074.txt,8,80,1,7,5,1,2,0,83,1,5,3,0
0075.txt,6,8,17,15,0,8,16,0,215,1,12,-1,0
0075.txt,6,8,17,15,0,3,12,0,225,1,21,-1,0
0075.txt,6,8,17,15,0,3,11,0,230,1,22,-1,0
0075.txt,6,15,17,5,0,15,5,0,55,1,2,2,1
0075.txt,6,21,16,17,0,7,16,0,215,1,12,-1,0
0075.txt,6,21,16,17,0,3,12,0,225,1,20,-1,0
0075.txt,6,21,16,17,0,3,11,0,230,1,21,-1,0
0075.txt,6,23,15,17,0,7,16,0,215,1,11,-1,0
0075.txt,6,23,15,17,0,3,12,0,225,1,19,-1,0
0075.txt,6,23,15,17,0,3,11,0,230,1,20,-1,0
0075.txt,6,24,15,16,0,7,16,1,215,1,10,6,0
0075.txt,6,24,15,16,0,3,12,0,225,1,18,-1,0
0075.txt,6,24,15,16,0,3,11,0,230,1,19,-1,0
0075.txt,6,26,14,16,1,7,16,1,215,1,9,6,0
0075.txt,6,26,14,16,1,3,12,0,225,1,17,-1,0
0075.txt,6,26,14,16,1,3,11,0,230,1,18,-1,0
0075.txt,6,27,13,16,1,7,16,1,215,1,8,7,0
0075.txt,6,27,13,16,1,3,12,0,225,1,16,-1,0
0075.txt,6,27,13,16,1,3,11,0,230,1,17,-1,0
0075.txt,6,28,12,16,2,7,16,1,215,1,7,7,1
0075.txt,6,28,12,16,2,3,12,0,225,1,15,-1,1
0075.txt,6,28,12,16,2,3,11,0,230,1,16,-1,1
0075.txt,6,33,11,18,0,3,18,0,69,1,10,7,0
0075.txt,6,33,11,18,0,13,11,0,88,1,23,-1,0
0075.txt,6,34,12,17,2,3,18,0,69,1,10,6,1
0075.txt,6,34,12,17,2,7,16,1,215,1,6,7,1
0075.txt,6,34,12,17,2,3,12,0,225,1,14,-1,1
0075.txt,6,34,12,17,2,3,11,0,230,1,15,-1,1
0075.txt,6,37,11,17,3,7,16,1,215,1,5,7,0
0075.txt,6,37,11,17,3,3,12,0,225,1,13,-1,0
0075.txt,6,37,11,17,3,3,11,0,230,1,14,-1,0
0075.txt,6,39,10,17,3,3,18,0,69,1,8,5,1
0075.txt,6,39,10,17,3,13,11,0,88,1,21,-1,1
0075.txt,6,39,10,17,3,7,16,1,215,1,4,7,1
0075.txt,6,39,10,17,3,3,12,0,225,1,12,-1,1
0075.txt,6,39,10,17,3,3,11,0,230,1,13,-1,1
0075.txt,6,41,6,17,0,3,18,0,69,1,4,2,0
0075.txt,6,41,6,17,0,13,11,0,88,1,17,-1,0
0075.txt,6,41,6,17,0,4,17,1,151,1,2,1,0
0075.txt,6,42,5,17,0,3,18,0,69,1,3,2,1
0075.txt,6,42,5,17,0,13,11,0,88,1,16,-1,1
0075.txt,6,42,5,17,0,4,17,1,151,1,1,1,1
0075.txt,6,59,1,5,0,2,5,0,75,1,1,1,0
0075.txt,6,60,4,17,3,13,11,0,87,2,15,-1,0
0075.txt,6,61,4,16,3,13,11,0,88,1,14,-1,0
0075.txt,6,69,5,12,3,13,11,0,87,2,9,40,1
0075.txt,6,78,5,12,2,13,11,0,88,1,9,39,0
0075.txt,6,79,6,12,3,13,11,0,88,1,8,41,0
0075.txt,6,80,8,12,3,13,11,0,88,1,6,36,0
0075.txt,6,92,0,8,0,8,7,0,173,1,11,-1,0
0075.txt,6,92,0,8,0,5,5,0,211,1,8,8,0
0075.txt,6,103,1,8,0,2,8,1,125,1,1,1,1
0075.txt,6,103,1,8,0,8,7,0,173,1,10,16,1
0075.txt,6,103,1,8,0,5,5,0,211,1,7,5,1
0075.txt,6,107,2,8,2,8,7,0,173,1,9,15,0
0075.txt,6,107,2,8,2,5,5,0,211,1,6,4,0
0075.txt,6,108,2,7,2,8,7,0,173,1,8,10,1
0075.txt,6,108,2,7,2,5,5,0,211,1,5,3,1
0075.txt,6,112,3,7,3,8,7,0,173,1,7,9,0
0075.txt,6,112,3,7,3,5,5,0,211,1,4,2,0
0075.txt,6,113,4,7,3,8,7,0,173,1,6,8,0
0075.txt,6,113,4,7,3,5,5,0,211,1,3,2,0
0075.txt,6,114,13,5,1,9,9,1,341,1,10,22,0
0075.txt,6,114,13,5,1,3,11,0,343,1,18,-1,0
0075.txt,6,124,4,6,3,8,7,0,173,1,5,7,1
0075.txt,6,124,4,6,3,5,6,0,211,1,1,1,1
0075.txt,6,125,5,6,2,8,7,0,173,1,4,7,0
0075.txt,6,137,5,6,0,8,7,0,173,1,4,4,1
0075.txt,6,137,5,6,0,11,3,0,297,1,9,17,1
0075.txt,6,140,9,8,0,6,11,0,308,1,6,20,0
0075.txt,6,140,9,8,0,9,9,0,341,1,1,1,0
0075.txt,6,140,9,8,0,3,11,0,343,1,9,25,0
0075.txt,6,141,9,9,0,6,11,0,308,1,5,29,1
0075.txt,6,141,9,9,0,3,11,0,343,1,8,18,1
0075.txt,6,142,7,9,0,6,11,0,308,1,3,14,1
0075.txt,6,142,7,9,0,3,11,0,343,1,6,4,1
0075.txt,6,143,6,6,3,8,7,0,173,1,3,2,0
0075.txt,6,143,6,6,3,11,3,0,297,1,8,15,0
0075.txt,6,144,7,6,3,8,7,0,173,1,2,1,1
0075.txt,6,145,7,10,3,6,11,0,308,1,2,19,0
0075.txt,6,145,7,10,3,3,11,0,343,1,7,30,0
0075.txt,6,146,7,11,0,6,11,0,308,1,1,17,0
0075.txt,6,146,7,11,0,3,11,0,343,1,6,28,0
0075.txt,6,156,7,10,0,6,11,0,308,1,2,20,0
0075.txt,6,156,7,10,0,3,11,0,343,1,7,19,0
0075.txt,6,157,7,11,0,6,11,0,308,1,1,18,1
0075.txt,6,157,7,11,0,3,11,0,343,1,6,17,1
0075.txt,6,158,7,6,0,8,7,0,173,1,2,1,0
0075.txt,6,175,8,11,1,6,11,0,308,1,2,11,1
0075.txt,6,175,8,11,1,3,11,0,343,1,7,13,1
0075.txt,6,188,8,11,0,9,11,0,193,1,1,1,0
0075.txt,6,195,13,3,2,14,5,0,226,1,3,2,0
0075.txt,6,197,13,5,2,14,5,0,226,1,1,2,1
0075.txt,6,200,7,16,0,2,13,1,225,1,10,6,0
0075.txt,6,201,10,17,1,2,13,4,225,1,12,-1,0
0075.txt,6,201,10,17,1,3,11,0,230,1,13,-1,0
0075.txt,6,203,8,17,1,2,13,4,225,1,10,5,1
0075.txt,6,203,8,17,1,3,11,0,230,1,11,-1,1
0075.txt,6,204,2,13,0,3,14,0,219,1,2,1,0
0075.txt,6,207,16,12,0,6,11,3,341,1,11,-1,0
0075.txt,6,207,16,12,0,3,11,0,343,1,14,-1,0
0075.txt,6,208,15,12,0,6,11,4,341,1,10,19,0
0075.txt,6,208,15,12,0,3,11,0,343,1,13,-1,0
0075.txt,6,209,15,12,0,6,11,3,341,1,10,19,0
0075.txt,6,209,15,12,0,3,11,0,343,1,13,-1,0
0075.txt,6,210,13,12,1,6,11,4,341,1,8,21,1
0075.txt,6,210,13,12,1,3,11,0,343,1,11,-1,1
0075.txt,6,212,7,17,3,3,11,0,230,1,10,8,0
0075.txt,6,215,4,17,3,3,11,0,230,1,7,6,1
0075.txt,6,220,4,17,2,3,13,0,225,1,5,1,0
0075.txt,6,220,4,17,2,3,11,0,230,1,7,12,0
0075.txt,6,222,3,16,3,3,13,0,225,1,3,1,0
0075.txt,6,222,3,16,3,3,11,0,230,1,5,11,0
0075.txt,6,224,3,13,3,3,11,0,230,1,2,12,0
0075.txt,6,225,3,12,3,3,11,0,230,1,1,12,1
0075.txt,6,226,14,6,3,6,11,4,341,1,13,-1,1
0075.txt,6,226,14,6,3,3,11,0,343,1,16,-1,1
0075.txt,6,244,6,13,2,6,12,0,261,1,1,1,0
0075.txt,6,244,6,13,2,7,13,0,284,1,1,2,0
0075.txt,6,251,6,12,1,7,13,0,284,1,2,1,1
0075.txt,6,254,11,12,1,6,11,4,341,1,6,13,0
0075.txt,6,254,11,12,1,3,17,0,343,1,13,-1,0
0075.txt,6,280,14,13,0,9,14,1,289,1,6,10,0
0075.txt,6,280,14,13,0,6,11,3,341,1,10,9,0
0075.txt,6,280,14,13,0,3,17,0,343,1,17,-1,0
0075.txt,6,281,14,12,2,6,11,4,341,1,9,11,0
0075.txt,6,281,14,12,2,3,17,0,343,1,16,-1,0
0075.txt,6,282,10,12,0,9,14,1,289,1,3,4,1
0075.txt,6,282,10,12,0,6,11,3,341,1,5,1,1
0075.txt,6,282,10,12,0,3,17,0,343,1,12,-1,1
0075.txt,6,287,9,14,0,6,11,2,341,1,6,3,0
0075.txt,6,287,9,14,0,3,17,0,343,1,11,-1,0
0075.txt,6,288,9,13,0,6,11,2,341,1,5,3,1
0075.txt,6,288,9,13,0,3,17,0,343,1,10,14,1
0075.txt,6,289,9,12,2,6,11,4,341,1,4,8,0
0075.txt,6,289,9,12,2,3,17,0,343,1,11,-1,0
0075.txt,6,298,14,9,0,15,12,0,304,1,4,5,0
0075.txt,6,302,9,12,0,7,12,0,316,1,2,1,0
0075.txt,6,302,9,12,0,6,11,4,341,1,4,4,0
0075.txt,6,302,9,12,0,3,17,0,343,1,11,-1,0
0075.txt,6,303,6,11,0,3,17,0,343,1,9,6,0
0075.txt,6,306,9,12,0,3,17,0,343,1,11,-1,0
0075.txt,6,307,8,12,2,3,17,0,343,1,10,9,0
0075.txt,6,308,7,11,0,3,17,0,343,1,10,6,1
0075.txt,6,309,7,12,3,3,17,0,343,1,9,9,1
0075.txt,6,312,12,12,3,3,17,0,343,1,14,-1,1
0075.txt,6,313,7,11,3,3,17,0,343,1,10,9,0
0075.txt,6,314,7,12,0,3,17,0,343,1,9,9,1
0075.txt,6,316,7,11,3,3,17,0,343,1,10,8,0
0075.txt,6,319,7,11,0,3,17,0,343,1,10,3,0
0075.txt,6,321,5,11,0,3,17,0,343,1,8,3,1
0075.txt,6,324,5,12,3,3,17,0,343,1,7,2,0
0075.txt,6,338,4,16,3,3,17,0,343,1,2,2,1
0075.txt,6,340,4,16,3,3,17,0,343,1,2,2,0
0075.txt,6,341,4,17,3,3,17,0,343,1,1,1,1
0075.txt,8,8,17,15,0,8,16,0,215,1,12,-1,0
0075.txt,8,8,17,15,0,3,12,0,225,1,21,-1,0
0075.txt,8,8,17,15,0,3,11,0,230,1,22,-1,0
0075.txt,8,15,17,5,0,15,5,0,55,1,2,2,1
0075.txt,8,21,16,17,0,7,16,0,215,1,12,-1,0
0075.txt,8,21,16,17,0,3,12,0,225,1,20,-1,0
0075.txt,8,21,16,17,0,3,11,0,230,1,21,-1,0
0075.txt,8,23,15,17,0,7,16,0,215,1,11,-1,0
0075.txt,8,23,15,17,0,3,12,0,225,1,19,-1,0
0075.txt,8,23,15,17,0,3,11,0,230,1,20,-1,0
0075.txt,8,24,15,16,0,7,16,0,215,1,10,6,0
0075.txt,8,24,15,16,0,3,12,0,225,1,18,-1,0
0075.txt,8,24,15,16,0,3,11,0,230,1,19,-1,0
0075.txt,8,26,14,16,0,7,16,0,215,1,9,5,0
0075.txt,8,26,14,16,0,3,12,0,225,1,17,-1,0
0075.txt,8,26,14,16,0,3,11,0,230,1,18,-1,0
0075.txt,8,27,13,16,0,7,16,0,215,1,8,5,0
0075.txt,8,27,13,16,0,3,12,0,225,1,16,-1,0
0075.txt,8,27,13,16,0,3,11,0,230,1,17,-1,0
0075.txt,8,28,12,16,0,3,18,0,69,1,11,-1,1
0075.txt,8,28,12,16,0,7,16,1,215,1,7,7,1
0075.txt,8,28,12,16,0,3,12,0,225,1,15,-1,1
0075.txt,8,28,12,16,0,3,11,0,230,1,16,-1,1
0075.txt,8,33,11,18,0,3,18,0,69,1,10,7,0
0075.txt,8,33,11,18,0,13,11,0,88,1,23,-1,0
0075.txt,8,34,12,17,0,3,18,0,69,1,10,6,1
0075.txt,8,34,12,17,0,7,16,1,215,1,6,7,1
0075.txt,8,34,12,17,0,3,12,0,225,1,14,-1,1
0075.txt,8,34,12,17,0,3,11,0,230,1,15,-1,1
0075.txt,8,37,11,17,1,3,18,0,69,1,9,6,0
0075.txt,8,37,11,17,1,13,11,0,88,1,22,-1,0
0075.txt,8,37,11,17,1,7,16,1,215,1,5,7,0
0075.txt,8,37,11,17,1,3,12,0,225,1,13,-1,0
0075.txt,8,37,11,17,1,3,11,0,230,1,14,-1,0
0075.txt,8,39,10,17,1,3,18,0,69,1,8,5,1
0075.txt,8,39,10,17,1,13,11,0,88,1,21,-1,1
0075.txt,8,39,10,17,1,7,16,1,215,1,4,7,1
0075.txt,8,39,10,17,1,3,12,0,225,1,12,-1,1
0075.txt,8,39,10,17,1,3,11,0,230,1,13,-1,1
0075.txt,8,41,6,17,0,3,18,0,69,1,4,3,0
0075.txt,8,41,6,17,0,13,11,0,88,1,17,-1,0
0075.txt,8,41,6,17,0,4,17,0,151,1,2,1,0
0075.txt,8,42,5,17,0,3,18,0,69,1,3,2,1
0075.txt,8,42,5,17,0,13,11,0,88,1,16,-1,1
0075.txt,8,42,5,17,0,4,17,0,151,1,1,1,1
0075.txt,8,59,1,5,0,2,5,0,75,1,1,1,0
0075.txt,8,60,4,17,1,13,11,0,87,2,15,-1,0
0075.txt,8,61,4,16,1,13,11,0,88,1,14,-1,0
0075.txt,8,69,5,12,1,13,11,0,87,2,9,40,1
0075.txt,8,78,5,12,0,13,11,0,88,1,9,39,0
0075.txt,8,79,6,12,1,13,11,0,88,1,8,41,0
0075.txt,8,80,8,12,1,13,11,0,88,1,6,36,0
0075.txt,8,92,0,8,0,8,7,0,173,1,11,-1,0
0075.txt,8,92,0,8,0,5,5,0,211,1,8,8,0
0075.txt,8,103,1,8,0,2,8,0,125,1,1,1,1
0075.txt,8,103,1,8,0,8,7,0,173,1,10,16,1
0075.txt,8,103,1,8,0,5,5,0,211,1,7,5,1
0075.txt,8,107,2,8,0,8,7,0,173,1,9,15,0
0075.txt,8,107,2,8,0,5,5,0,211,1,6,4,0
0075.txt,8,108,2,7,0,8,7,0,173,1,8,12,1
0075.txt,8,108,2,7,0,5,5,0,211,1,5,3,1
0075.txt,8,112,3,7,1,8,7,0,173,1,7,9,0
0075.txt,8,112,3,7,1,5,5,0,211,1,4,2,0
0075.txt,8,113,4,7,1,8,7,0,173,1,6,8,0
0075.txt,8,113,4,7,1,5,5,0,211,1,3,2,0
0075.txt,8,114,13,5,0,16,5,0,167,1,3,2,0
0075.txt,8,114,13,5,0,9,9,0,341,1,10,21,0
0075.txt,8,114,13,5,0,3,11,0,343,1,18,-1,0
0075.txt,8,124,4,6,1,8,7,0,173,1,5,7,1
0075.txt,8,124,4,6,1,5,6,0,211,1,1,1,1
0075.txt,8,125,5,6,0,8,7,0,173,1,4,7,0
0075.txt,8,137,5,6,0,6,6,0,144,1,1,1,1
0075.txt,8,137,5,6,0,8,7,0,173,1,4,4,1
0075.txt,8,137,5,6,0,11,3,0,297,1,9,18,1
0075.txt,8,140,9,8,0,6,11,0,308,1,6,21,0
0075.txt,8,140,9,8,0,9,9,0,341,1,1,1,0
0075.txt,8,140,9,8,0,3,11,0,343,1,9,25,0
0075.txt,8,141,9,9,0,6,11,0,308,1,5,29,1
0075.txt,8,141,9,9,0,3,11,0,343,1,8,18,1
0075.txt,8,142,7,9,0,6,11,0,308,1,3,14,1
0075.txt,8,142,7,9,0,3,11,0,343,1,6,4,1
0075.txt,8,143,6,6,1,8,7,0,173,1,3,2,0
0075.txt,8,143,6,6,1,11,3,0,297,1,8,15,0
0075.txt,8,144,7,6,1,8,7,0,173,1,2,1,1
0075.txt,8,144,7,6,1,11,3,0,297,1,7,14,1
0075.txt,8,145,7,10,1,6,11,0,308,1,2,19,0
0075.txt,8,145,7,10,1,3,11,0,343,1,7,20,0
0075.txt,8,146,7,11,0,6,11,0,308,1,1,17,0
0075.txt,8,146,7,11,0,7,10,1,341,1,1,1,0
0075.txt,8,146,7,11,0,3,11,0,343,1,6,28,0
0075.txt,8,149,7,3,0,7,4,0,153,1,1,1,0
0075.txt,8,156,7,10,0,6,11,0,308,1,2,20,0
0075.txt,8,156,7,10,0,3,11,0,343,1,7,19,0
0075.txt,8,157,7,11,0,6,11,0,308,1,1,18,1
0075.txt,8,157,7,11,0,3,11,0,343,1,6,17,1
0075.txt,8,158,7,6,0,8,7,0,173,1,2,1,0
0075.txt,8,175,8,11,0,6,11,0,308,1,2,11,1
0075.txt,8,175,8,11,0,3,11,0,343,1,7,13,1
0075.txt,8,188,8,11,0,9,11,0,193,1,1,1,0
0075.txt,8,194,13,2,0,14,5,0,226,1,4,2,0
0075.txt,8,195,13,3,0,14,5,0,226,1,3,2,0
0075.txt,8,197,13,5,0,14,5,0,226,1,1,2,1
0075.txt,8,200,7,16,0,2,13,0,225,1,10,6,0
0075.txt,8,201,10,17,0,7,17,0,215,1,3,1,0
0075.txt,8,201,10,17,0,2,13,3,225,1,12,-1,0
0075.txt,8,201,10,17,0,3,11,0,230,1,13,-1,0
0075.txt,8,203,8,17,0,7,17,0,215,1,1,1,1
0075.txt,8,203,8,17,0,2,13,3,225,1,10,5,1
0075.txt,8,203,8,17,0,3,11,0,230,1,11,-1,1
0075.txt,8,204,2,13,0,3,14,0,219,1,2,1,0
0075.txt,8,207,16,12,0,6,11,1,341,1,11,-1,0
0075.txt,8,207,16,12,0,3,11,0,343,1,14,-1,0
0075.txt,8,208,15,12,0,6,11,2,341,1,10,19,0
0075.txt,8,208,15,12,0,3,11,0,343,1,13,-1,0
0075.txt,8,209,15,12,0,6,11,1,341,1,10,19,0
0075.txt,8,209,15,12,0,3,11,0,343,1,13,-1,0
0075.txt,8,210,13,12,0,6,11,3,341,1,8,18,1
0075.txt,8,210,13,12,0,3,11,0,343,1,11,-1,1
0075.txt,8,212,7,17,1,3,11,0,230,1,10,8,0
0075.txt,8,215,4,17,1,3,11,0,230,1,7,6,1
0075.txt,8,220,4,17,0,3,13,0,225,1,5,1,0
0075.txt,8,220,4,17,0,3,11,0,230,1,7,12,0
0075.txt,8,222,3,16,1,3,13,0,225,1,3,1,0
0075.txt,8,222,3,16,1,3,11,0,230,1,5,11,0
0075.txt,8,224,3,13,1,3,11,0,230,1,2,12,0
0075.txt,8,225,3,12,1,3,11,0,230,1,1,12,1
0075.txt,8,226,14,6,1,6,11,4,341,1,13,-1,1
0075.txt,8,226,14,6,1,3,11,0,343,1,16,-1,1
0075.txt,8,228,14,6,0,14,8,6,243,1,2,2,1
0075.txt,8,235,5,13,0,7,13,0,284,2,2,1,0
0075.txt,8,244,6,13,0,6,12,0,261,1,1,1,0
0075.txt,8,244,6,13,0,7,13,0,284,2,1,2,0
0075.txt,8,249,6,12,1,7,13,0,284,2,2,1,0
0075.txt,8,251,6,12,0,7,13,0,284,1,2,1,1
0075.txt,8,254,11,12,0,6,11,3,341,1,6,10,0
0075.txt,8,254,11,12,0,3,17,0,343,1,13,-1,0
0075.txt,8,261,7,12,0,7,13,0,284,1,1,1,1
0075.txt,8,261,7,12,0,11,12,0,312,1,4,12,1
0075.txt,8,279,10,12,0,11,12,0,312,1,1,4,0
0075.txt,8,280,14,13,0,9,14,0,289,1,6,3,0
0075.txt,8,280,14,13,0,6,11,1,341,1,10,11,0
0075.txt,8,280,14,13,0,3,17,0,343,1,17,-1,0
0075.txt,8,281,14,12,0,9,14,2,294,1,7,9,0
0075.txt,8,281,14,12,0,6,11,4,341,1,9,11,0
0075.txt,8,281,14,12,0,3,17,0,343,1,16,-1,0
0075.txt,8,282,10,12,0,9,14,0,289,1,3,2,1
0075.txt,8,282,10,12,0,6,11,1,341,1,5,3,1
0075.txt,8,282,10,12,0,3,17,0,343,1,12,-1,1
0075.txt,8,285,9,12,1,6,11,4,341,1,4,8,1
0075.txt,8,285,9,12,1,3,17,0,343,1,11,-1,1
0075.txt,8,286,14,12,0,9,14,2,294,1,7,8,1
0075.txt,8,287,9,14,0,6,11,0,341,1,6,3,0
0075.txt,8,287,9,14,0,3,17,0,343,1,11,-1,0
0075.txt,8,288,9,13,0,6,11,0,341,1,5,3,1
0075.txt,8,288,9,13,0,3,17,0,343,1,10,14,1
0075.txt,8,289,9,12,0,7,12,0,316,1,2,1,0
0075.txt,8,289,9,12,0,6,11,4,341,1,4,8,0
0075.txt,8,289,9,12,0,3,17,0,343,1,11,-1,0
0075.txt,8,295,14,10,0,15,12,0,304,1,3,6,0
0075.txt,8,297,14,9,0,15,12,0,304,1,4,5,1
0075.txt,8,298,14,9,0,15,12,0,304,1,4,5,0
0075.txt,8,299,14,10,0,15,12,0,304,1,3,4,0
0075.txt,8,302,9,12,0,14,12,5,313,1,5,3,0
0075.txt,8,302,9,12,0,7,12,0,316,1,2,1,0
0075.txt,8,302,9,12,0,6,11,2,341,1,4,2,0
0075.txt,8,302,9,12,0,3,17,0,343,1,11,-1,0
0075.txt,8,303,6,11,0,3,17,0,343,1,9,6,0
0075.txt,8,306,9,12,0,3,17,0,343,1,11,-1,0
0075.txt,8,307,8,12,0,7,12,0,316,1,1,1,0
0075.txt,8,307,8,12,0,3,17,0,343,1,10,9,0
0075.txt,8,308,7,11,0,3,17,0,343,1,10,6,1
0075.txt,8,309,7,12,1,3,17,0,343,1,9,9,1
0075.txt,8,311,11,12,1,3,17,0,343,1,13,-1,0
0075.txt,8,312,12,12,1,3,17,0,343,1,14,-1,1
0075.txt,8,313,7,11,1,3,17,0,343,1,10,9,0
0075.txt,8,314,7,12,0,3,17,0,343,1,9,9,1
0075.txt,8,315,7,12,0,7,5,0,323,1,7,2,0
0075.txt,8,316,7,11,1,3,17,0,343,1,10,8,0
0075.txt,8,319,7,11,0,3,17,0,343,1,10,3,0
0075.txt,8,321,5,11,0,3,17,0,343,1,8,3,1
0075.txt,8,324,5,12,1,3,17,0,343,1,7,2,0
0075.txt,8,338,4,16,1,3,17,0,343,1,2,2,1
0075.txt,8,340,4,16,1,3,17,0,343,1,2,2,0
0075.txt,8,341,4,17,1,3,17,0,343,1,1,1,1
0076.txt,6,31,14,7,0,14,10,0,53,1,3,6,0
0076.txt,6,40,7,0,0,6,3,0,75,1,4,2,0
0076.txt,6,40,7,0,0,7,2,2,93,1,2,1,0
0076.txt,6,44,13,5,0,14,10,0,53,1,6,6,0
0076.txt,6,44,13,5,0,14,6,0,54,1,2,1,0
0076.txt,6,46,14,6,1,14,10,0,53,1,4,5,0
0076.txt,6,47,14,7,1,14,8,1,49,1,1,1,1
0076.txt,6,47,14,7,1,14,10,0,53,1,3,4,1
0076.txt,6,48,14,8,3,14,10,0,53,1,2,3,1
0076.txt,6,49,14,9,3,14,10,0,53,1,1,2,0
0076.txt,6,71,6,5,0,6,3,0,75,1,2,1,0
0076.txt,6,71,6,5,0,7,2,2,93,1,4,3,0
0076.txt,6,75,6,2,3,0,1,0,78,1,7,17,0
0076.txt,6,79,4,2,1,3,4,0,82,1,3,9,0
0076.txt,6,80,3,2,1,3,4,0,82,1,2,9,1
0076.txt,6,80,3,2,1,4,6,0,103,1,5,2,1
0076.txt,6,87,4,3,3,4,6,0,103,1,3,2,0
0076.txt,6,89,4,5,3,4,6,0,103,1,1,1,1
0076.txt,6,104,9,15,3,8,15,0,230,1,1,1,1
0076.txt,6,116,6,9,1,1,8,0,171,1,6,12,0
0076.txt,6,132,3,7,0,3,9,1,153,1,2,2,1
0076.txt,6,133,3,9,0,1,8,0,171,1,3,4,0
0076.txt,6,134,3,8,1,1,8,0,171,1,2,2,0
0076.txt,6,136,0,8,1,0,10,0,141,1,2,2,1
0076.txt,6,153,3,8,2,1,8,0,171,1,2,1,1
0076.txt,6,155,0,8,2,1,8,0,171,1,1,1,0
0076.txt,6,173,0,0,0,0,5,3,177,1,5,2,0
0076.txt,6,174,0,1,0,0,5,3,177,1,4,2,1
0076.txt,6,189,14,2,0,13,0,0,200,1,3,1,0
0076.txt,6,191,13,2,0,13,0,0,200,1,2,1,0
0076.txt,6,192,13,1,0,13,0,0,200,1,1,1,1
0076.txt,6,219,3,9,2,4,9,0,221,1,1,1,0
0076.txt,6,225,5,13,2,7,14,0,229,1,3,1,0
0076.txt,6,227,6,14,2,7,14,0,229,1,1,1,1
0076.txt,6,252,9,10,0,11,8,1,270,1,4,1,0
0076.txt,6,255,11,9,0,11,8,1,270,1,1,1,1
0076.txt,8,31,14,7,0,14,10,0,53,1,3,6,0
0076.txt,8,36,10,0,0,1,9,0,161,1,18,-1,0
0076.txt,8,38,9,0,1,1,9,0,161,1,17,-1,0
0076.txt,8,39,7,0,1,1,9,0,161,1,15,-1,0
0076.txt,8,40,7,0,0,6,3,0,75,1,4,2,0
0076.txt,8,40,7,0,0,7,2,0,93,2,2,1,0
0076.txt,8,44,13,5,0,14,10,0,53,1,6,6,0
0076.txt,8,44,13,5,0,14,6,0,54,1,2,1,0
0076.txt,8,46,14,6,0,14,8,0,49,1,2,1,0
0076.txt,8,46,14,6,0,15,14,0,52,1,9,8,0
0076.txt,8,46,14,6,0,14,10,0,53,1,4,5,0
0076.txt,8,47,14,7,0,14,8,0,49,1,1,1,1
0076.txt,8,47,14,7,0,15,14,0,52,1,8,8,1
0076.txt,8,47,14,7,0,14,10,0,53,1,3,5,1
0076.txt,8,48,14,8,1,14,10,0,53,1,2,3,1
0076.txt,8,49,14,9,1,14,10,0,53,1,1,2,0
0076.txt,8,71,6,5,0,6,3,0,75,1,2,1,0
0076.txt,8,71,6,5,0,7,2,0,93,2,4,3,0
0076.txt,8,73,6,3,0,0,1,0,78,1,8,20,1
0076.txt,8,75,6,2,1,0,1,0,78,1,7,17,0
0076.txt,8,76,7,2,0,1,9,0,161,1,13,-1,1
0076.txt,8,78,0,2,0,1,1,0,148,1,2,2,0
0076.txt,8,79,4,2,0,3,4,0,82,1,3,9,0
0076.txt,8,79,4,2,0,4,6,0,99,2,4,2,0
0076.txt,8,80,3,2,0,3,4,0,82,1,2,9,1
0076.txt,8,80,3,2,0,4,6,0,99,2,5,3,1
0076.txt,8,82,3,3,0,4,6,0,99,2,4,5,0
0076.txt,8,86,3,3,0,4,6,0,99,2,4,4,0
0076.txt,8,87,4,3,1,4,6,0,99,2,3,3,0
0076.txt,8,88,4,4,1,4,6,0,99,2,2,2,0
0076.txt,8,89,4,5,1,4,6,0,99,2,1,1,1
0076.txt,8,104,9,15,1,8,15,0,230,1,1,1,1
0076.txt,8,116,6,9,0,1,8,0,171,1,6,12,0
0076.txt,8,119,6,10,0,4,10,0,122,1,2,1,0
0076.txt,8,120,5,10,0,4,10,0,122,1,1,1,1
0076.txt,8,128,7,10,0,6,13,4,163,1,4,7,0
0076.txt,8,129,6,10,0,6,13,4,163,1,3,7,1
0076.txt,8,132,3,7,0,3,9,0,153,1,2,2,1
0076.txt,8,133,3,9,0,3,7,0,153,1,2,3,0
0076.txt,8,133,3,9,0,1,8,0,171,1,3,4,0
0076.txt,8,134,3,8,0,3,7,0,153,1,1,1,0
0076.txt,8,134,3,8,0,1,8,0,171,1,2,2,0
0076.txt,8,136,0,8,0,0,10,0,141,1,2,2,1
0076.txt,8,139,0,8,1,0,10,0,141,1,2,3,0
0076.txt,8,142,0,2,0,1,1,0,148,1,2,2,0
0076.txt,8,149,1,2,0,6,11,5,177,1,14,-1,0
0076.txt,8,151,0,9,0,1,9,0,161,1,1,1,1
0076.txt,8,153,3,8,0,1,8,0,171,1,2,1,1
0076.txt,8,155,0,8,0,1,8,0,171,1,1,1,0
0076.txt,8,162,1,10,0,6,11,4,164,1,6,9,1
0076.txt,8,173,0,0,0,0,5,1,177,1,5,2,0
0076.txt,8,174,0,1,0,0,5,1,177,1,4,2,1
0076.txt,8,189,14,2,0,13,0,0,200,1,3,1,0
0076.txt,8,191,13,2,0,13,0,0,200,1,2,1,0
0076.txt,8,192,13,1,0,13,0,0,200,1,1,1,1
0076.txt,8,218,3,8,0,4,9,0,221,1,2,2,1
0076.txt,8,219,3,9,0,4,9,0,221,1,1,1,0
0076.txt,8,225,5,13,0,7,14,0,229,1,3,1,0
0076.txt,8,227,6,14,0,7,14,0,229,1,1,1,1
0076.txt,8,231,3,14,0,11,8,1,270,1,14,-1,1
0076.txt,8,250,4,11,0,11,8,0,270,1,10,5,0
0076.txt,8,252,9,10,0,11,8,0,270,1,4,1,0
0076.txt,8,255,11,9,0,11,8,0,270,1,1,1,1
0077.txt,6,11,10,0,0,9,4,0,32,1,5,4,0
0077.txt,6,12,9,0,0,9,4,0,32,1,4,3,0
0077.txt,6,13,9,1,0,9,4,0,32,1,3,3,1
0077.txt,6,15,8,1,2,9,4,0,32,1,4,3,0
0077.txt,6,16,8,2,3,9,4,0,32,1,3,1,0
0077.txt,6,18,9,3,3,9,4,0,32,1,1,1,1
0077.txt,6,22,9,3,1,9,4,0,32,1,1,1,1
0077.txt,6,28,4,1,0,3,2,0,72,1,2,1,0
0077.txt,6,29,3,1,0,3,2,0,72,1,1,1,1
0077.txt,6,45,2,9,0,8,7,0,54,1,8,6,0
0077.txt,6,45,2,9,0,8,8,0,56,1,7,4,0
0077.txt,6,46,2,8,1,8,7,0,54,1,7,6,1
0077.txt,6,46,2,8,1,8,8,0,56,1,6,4,1
0077.txt,6,49,5,8,3,8,7,1,56,1,4,1,0
0077.txt,6,51,7,8,3,8,7,1,56,1,2,1,1
0077.txt,6,54,7,7,0,7,4,3,81,1,3,5,1
0077.txt,6,55,7,4,0,6,5,0,59,1,2,1,0
0077.txt,6,55,7,4,0,7,7,2,81,1,3,3,0
0077.txt,6,56,7,7,0,7,5,0,81,1,2,1,0
0077.txt,6,59,7,5,3,9,11,0,63,1,8,8,0
0077.txt,6,60,7,10,3,9,11,0,63,1,3,1,1
0077.txt,6,63,8,11,7,7,5,0,81,1,7,2,0
0077.txt,6,68,11,5,0,7,6,0,75,1,5,4,0
0077.txt,6,69,10,5,4,7,6,0,75,1,4,3,0
0077.txt,6,71,8,6,0,7,6,0,75,1,1,1,1
0077.txt,8,11,10,0,0,9,4,0,32,1,5,4,0
0077.txt,8,12,9,0,0,9,4,0,32,1,4,3,0
0077.txt,8,13,9,1,0,9,4,0,32,1,3,3,1
0077.txt,8,15,8,1,0,9,4,0,32,1,4,3,0
0077.txt,8,16,8,2,1,9,4,0,32,1,3,1,0
0077.txt,8,17,9,2,1,9,4,0,30,2,2,1,0
0077.txt,8,18,9,3,1,9,4,0,32,1,1,1,1
0077.txt,8,22,9,3,0,9,4,0,30,2,1,1,1
0077.txt,8,28,4,1,0,3,2,0,72,1,2,1,0
0077.txt,8,29,3,1,0,3,2,0,72,1,1,1,1
0077.txt,8,45,2,9,0,8,7,0,54,1,8,6,0
0077.txt,8,45,2,9,0,8,8,0,56,1,7,4,0
0077.txt,8,46,2,8,0,8,7,0,54,1,7,6,1
0077.txt,8,46,2,8,0,8,8,0,56,1,6,4,1
0077.txt,8,49,5,8,1,8,7,1,56,1,4,1,0
0077.txt,8,51,7,8,1,8,7,1,56,1,2,1,1
0077.txt,8,54,7,7,0,7,4,1,81,1,3,5,1
0077.txt,8,55,7,4,0,6,5,0,59,1,2,1,0
0077.txt,8,55,7,4,0,7,7,0,81,1,3,3,0
0077.txt,8,56,7,7,0,7,5,0,81,1,2,1,0
0077.txt,8,57,7,4,0,7,5,0,81,1,1,1,0
0077.txt,8,59,7,5,1,9,11,0,63,1,8,8,0
0077.txt,8,60,7,10,1,9,11,0,63,1,3,1,1
0077.txt,8,61,8,10,1,9,11,0,63,1,2,1,1
0077.txt,8,63,8,11,7,7,5,0,81,1,7,2,0
0077.txt,8,68,11,5,0,7,6,0,75,1,5,4,0
0077.txt,8,69,10,5,4,7,6,0,75,1,4,3,0
0077.txt,8,71,8,6,0,7,6,0,75,1,1,1,1
0078.txt,6,3,14,13,0,4,0,0,183,1,25,-1,0
0078.txt,6,4,14,12,0,4,0,0,183,1,24,-1,0
0078.txt,6,5,15,12,0,4,0,0,183,1,23,-1,1
0078.txt,6,18,3,16,0,16,6,0,257,1,23,-1,0
0078.txt,6,19,4,16,0,6,11,0,133,1,7,11,0
0078.txt,6,19,4,16,0,16,6,0,257,1,22,-1,0
0078.txt,6,20,5,16,0,6,11,0,133,1,6,8,1
0078.txt,6,20,5,16,0,16,6,0,257,1,21,-1,1
0078.txt,6,23,6,16,0,6,15,0,26,1,1,1,0
0078.txt,6,23,6,16,0,6,11,0,133,1,5,6,0
0078.txt,6,23,6,16,0,16,6,0,257,1,20,-1,0
0078.txt,6,25,6,15,0,6,11,0,133,1,4,6,0
0078.txt,6,25,6,15,0,16,6,0,257,1,19,-1,0
0078.txt,6,26,6,14,2,6,11,0,133,1,3,5,0
0078.txt,6,26,6,14,2,16,6,0,257,1,18,-1,0
0078.txt,6,27,6,14,0,9,11,0,36,1,6,24,0
0078.txt,6,28,6,13,0,9,11,0,36,1,5,18,0
0078.txt,6,29,7,13,0,9,11,0,36,1,4,12,0
0078.txt,6,29,7,13,0,9,12,0,99,1,3,2,0
0078.txt,6,30,7,12,1,9,11,0,36,1,3,10,1
0078.txt,6,30,7,12,1,9,12,0,99,1,2,1,1
0078.txt,6,43,15,11,0,4,0,0,183,1,22,-1,0
0078.txt,6,44,15,10,1,4,0,0,183,1,21,-1,1
0078.txt,6,46,15,9,2,4,0,0,183,1,20,-1,1
0078.txt,6,47,15,8,0,4,0,0,183,1,19,-1,1
0078.txt,6,50,15,7,2,4,0,0,183,1,18,-1,0
0078.txt,6,52,15,7,0,15,5,3,168,1,2,2,0
0078.txt,6,52,15,7,0,4,0,0,183,1,18,-1,0
0078.txt,6,53,15,6,1,15,5,3,168,1,1,1,0
0078.txt,6,53,15,6,1,4,0,0,183,1,17,-1,0
0078.txt,6,54,15,5,0,0,14,0,169,1,24,-1,1
0078.txt,6,55,15,6,3,0,14,0,169,1,23,-1,0
0078.txt,6,55,15,6,3,4,0,0,183,1,17,-1,0
0078.txt,6,69,1,6,0,7,3,0,95,1,9,13,1
0078.txt,6,70,1,5,0,7,3,0,95,1,8,13,1
0078.txt,6,74,3,5,0,4,0,0,183,1,10,15,0
0078.txt,6,75,1,4,0,7,3,0,95,1,7,11,0
0078.txt,6,76,2,4,0,7,3,0,95,1,6,10,1
0078.txt,6,77,3,4,1,7,3,0,95,1,5,7,0
0078.txt,6,77,3,4,1,7,7,0,97,1,7,12,0
0078.txt,6,81,6,7,0,5,4,3,85,1,4,1,0
0078.txt,6,81,6,7,0,7,3,0,95,1,5,3,0
0078.txt,6,82,6,6,0,5,4,3,85,1,3,1,0
0078.txt,6,82,6,6,0,7,3,0,95,1,4,3,0
0078.txt,6,83,6,5,0,5,4,3,85,1,2,1,1
0078.txt,6,83,6,5,0,7,3,0,95,1,3,3,1
0078.txt,6,84,5,4,1,7,3,0,95,1,3,4,1
0078.txt,6,85,6,4,0,7,3,0,95,1,2,3,1
0078.txt,6,86,5,4,0,7,3,0,95,1,3,6,1
0078.txt,6,86,5,4,0,4,0,0,183,1,7,10,1
0078.txt,6,87,6,4,3,7,3,0,95,1,2,4,1
0078.txt,6,87,6,4,3,4,0,0,183,1,6,9,1
0078.txt,6,88,6,4,2,7,3,0,95,1,2,5,0
0078.txt,6,88,6,4,2,4,0,0,194,1,6,6,0
0078.txt,6,89,6,3,3,7,3,0,95,1,1,1,1
0078.txt,6,89,6,3,3,6,1,1,97,1,2,5,1
0078.txt,6,90,6,2,3,7,3,0,95,1,2,3,1
0078.txt,6,91,6,2,2,7,3,0,95,1,2,9,1
0078.txt,6,91,6,2,2,4,0,0,194,1,4,4,1
0078.txt,6,98,12,1,2,13,1,0,101,1,1,3,1
0078.txt,6,106,1,1,0,9,6,0,174,1,21,-1,0
0078.txt,6,114,5,1,1,7,0,0,201,1,3,3,0
0078.txt,6,116,6,0,3,7,0,0,201,1,1,1,1
0078.txt,6,137,9,9,0,5,0,0,183,1,19,-1,0
0078.txt,6,140,1,14,0,5,0,0,183,1,32,-1,0
0078.txt,6,145,1,12,0,2,14,1,163,1,3,3,0
0078.txt,6,146,2,14,0,5,0,1,183,1,31,-1,0
0078.txt,6,147,2,13,0,5,0,1,183,1,30,-1,1
0078.txt,6,148,2,12,3,5,0,1,183,1,29,-1,0
0078.txt,6,152,2,12,0,5,0,1,183,1,29,-1,1
0078.txt,6,153,3,12,1,5,0,1,183,1,28,-1,0
0078.txt,6,154,3,11,1,5,0,1,183,1,27,-1,1
0078.txt,6,162,4,11,3,5,0,1,183,1,26,-1,1
0078.txt,6,163,4,10,0,5,0,1,183,1,25,-1,1
0078.txt,6,164,9,10,3,5,0,0,183,1,20,-1,0
0078.txt,6,165,9,6,2,5,0,1,183,1,16,-1,0
0078.txt,6,167,12,6,3,5,0,1,183,1,13,-1,0
0078.txt,6,168,15,6,0,5,0,1,183,1,16,-1,0
0078.txt,6,169,9,6,0,5,0,1,183,1,16,-1,0
0078.txt,6,171,9,4,0,9,6,0,174,1,2,3,0
0078.txt,6,172,8,5,0,9,6,0,174,1,2,2,0
0078.txt,6,176,12,0,2,5,0,1,183,1,7,14,1
0078.txt,6,177,12,6,3,5,0,1,183,1,13,-1,0
0078.txt,6,178,12,0,3,5,0,1,183,1,7,15,1
0078.txt,6,179,6,0,0,5,0,0,183,1,1,1,1
0078.txt,6,213,9,8,2,9,9,0,220,1,1,4,1
0078.txt,6,243,14,6,3,15,6,0,257,1,1,1,1
0078.txt,8,3,14,13,0,4,0,0,183,1,25,-1,0
0078.txt,8,4,14,12,0,4,0,0,183,1,24,-1,0
0078.txt,8,5,15,12,0,4,0,0,183,1,23,-1,1
0078.txt,8,18,3,16,0,16,6,0,257,1,23,-1,0
0078.txt,8,19,4,16,0,6,11,0,133,1,7,11,0
0078.txt,8,19,4,16,0,16,6,0,257,1,22,-1,0
0078.txt,8,20,5,16,0,6,11,0,133,1,6,8,1
0078.txt,8,20,5,16,0,16,6,0,257,1,21,-1,1
0078.txt,8,23,6,16,0,6,15,0,26,1,1,1,0
0078.txt,8,23,6,16,0,6,11,0,133,1,5,6,0
0078.txt,8,23,6,16,0,16,6,0,257,1,20,-1,0
0078.txt,8,25,6,15,0,6,11,0,133,1,4,6,0
0078.txt,8,25,6,15,0,16,6,0,257,1,19,-1,0
0078.txt,8,26,6,14,0,9,11,0,36,1,6,17,0
0078.txt,8,26,6,14,0,6,11,0,133,1,3,5,0
0078.txt,8,26,6,14,0,16,6,0,257,1,18,-1,0
0078.txt,8,27,6,14,0,9,11,0,36,1,6,24,0
0078.txt,8,28,6,13,0,9,11,0,36,1,5,18,0
0078.txt,8,29,7,13,0,9,11,0,36,1,4,12,0
0078.txt,8,29,7,13,0,9,12,0,99,1,3,2,0
0078.txt,8,30,7,12,0,9,11,0,36,1,3,6,1
0078.txt,8,30,7,12,0,9,12,0,99,1,2,2,1
0078.txt,8,32,9,12,0,9,11,0,36,1,1,1,1
0078.txt,8,33,9,11,1,12,10,0,41,1,4,4,0
0078.txt,8,34,10,11,1,12,10,0,41,1,3,5,0
0078.txt,8,36,11,10,1,12,10,0,41,1,1,2,1
0078.txt,8,37,11,10,0,12,10,0,41,1,1,1,0
0078.txt,8,43,15,11,0,4,0,0,183,1,22,-1,0
0078.txt,8,44,15,10,0,4,0,0,183,1,21,-1,1
0078.txt,8,46,15,9,0,4,0,0,183,1,20,-1,1
0078.txt,8,47,15,8,0,4,0,0,183,1,19,-1,1
0078.txt,8,50,15,7,0,4,0,0,183,1,18,-1,0
0078.txt,8,52,15,7,0,15,5,1,168,1,2,2,0
0078.txt,8,52,15,7,0,4,0,0,183,1,18,-1,0
0078.txt,8,53,15,6,0,15,5,2,168,1,1,1,0
0078.txt,8,53,15,6,0,4,0,0,183,1,17,-1,0
0078.txt,8,54,15,5,0,0,14,0,169,1,24,-1,1
0078.txt,8,55,15,6,1,0,14,0,169,1,23,-1,0
0078.txt,8,55,15,6,1,4,0,0,183,1,17,-1,0
0078.txt,8,56,12,9,0,13,9,0,65,1,1,1,0
0078.txt,8,68,1,7,0,12,1,0,99,1,17,-1,0
0078.txt,8,69,1,6,0,7,3,0,95,1,9,13,1
0078.txt,8,69,1,6,0,12,1,0,99,1,16,-1,1
0078.txt,8,70,1,5,0,7,3,0,95,1,8,13,1
0078.txt,8,70,1,5,0,12,1,0,99,1,15,-1,1
0078.txt,8,74,3,5,0,4,0,0,183,1,10,15,0
0078.txt,8,75,1,4,0,7,3,0,95,1,7,11,0
0078.txt,8,76,2,4,0,7,3,0,95,1,6,10,1
0078.txt,8,77,3,4,0,7,3,0,95,1,5,9,0
0078.txt,8,77,3,4,0,7,7,0,97,1,7,14,0
0078.txt,8,77,3,4,0,4,0,0,183,1,9,16,0
0078.txt,8,81,6,7,0,5,4,1,85,1,4,1,0
0078.txt,8,81,6,7,0,7,3,0,95,1,5,3,0
0078.txt,8,81,6,7,0,12,1,0,99,1,12,-1,0
0078.txt,8,82,6,6,0,5,4,1,85,1,3,1,0
0078.txt,8,82,6,6,0,7,3,0,95,1,4,3,0
0078.txt,8,82,6,6,0,12,1,0,99,1,11,-1,0
0078.txt,8,83,6,5,0,5,4,1,85,1,2,1,1
0078.txt,8,83,6,5,0,7,3,0,95,1,3,3,1
0078.txt,8,83,6,5,0,12,1,0,99,1,10,14,1
0078.txt,8,84,5,4,0,7,3,0,95,1,3,6,1
0078.txt,8,84,5,4,0,4,0,0,183,1,7,12,1
0078.txt,8,85,6,4,0,7,3,0,95,1,2,3,1
0078.txt,8,86,5,4,0,7,3,0,95,1,3,6,1
0078.txt,8,86,5,4,0,4,0,0,183,1,7,10,1
0078.txt,8,87,6,4,1,7,3,0,95,1,2,4,1
0078.txt,8,87,6,4,1,4,0,0,183,2,6,9,1
0078.txt,8,88,6,4,0,6,3,0,90,1,1,1,0
0078.txt,8,88,6,4,0,7,3,0,95,1,2,2,0
0078.txt,8,88,6,4,0,6,1,1,97,1,3,6,0
0078.txt,8,88,6,4,0,4,0,0,194,1,6,10,0
0078.txt,8,89,6,3,1,7,3,0,95,1,1,1,1
0078.txt,8,89,6,3,1,6,1,1,97,1,2,5,1
0078.txt,8,89,6,3,1,4,0,0,194,1,5,9,1
0078.txt,8,90,6,2,1,7,3,0,95,1,2,3,1
0078.txt,8,90,6,2,1,4,0,0,194,1,4,9,1
0078.txt,8,91,6,2,0,7,3,0,95,1,2,4,1
0078.txt,8,91,6,2,0,6,1,1,97,1,1,6,1
0078.txt,8,91,6,2,0,4,0,0,194,1,4,9,1
0078.txt,8,93,7,2,1,6,1,1,97,1,2,7,0
0078.txt,8,93,7,2,1,4,0,0,194,1,5,10,0
0078.txt,8,95,8,1,1,6,1,1,97,1,2,7,1
0078.txt,8,95,8,1,1,4,0,0,194,1,5,11,1
0078.txt,8,96,6,1,0,12,1,0,99,1,6,12,0
0078.txt,8,97,8,1,1,4,0,0,194,1,5,12,0
0078.txt,8,98,12,1,0,13,1,0,101,1,1,3,1
0078.txt,8,106,1,1,0,9,6,0,174,1,21,-1,0
0078.txt,8,109,3,2,0,9,6,0,174,1,18,-1,1
0078.txt,8,110,4,2,0,13,0,0,125,1,11,-1,0
0078.txt,8,110,4,2,0,9,6,1,174,1,17,-1,0
0078.txt,8,113,5,2,0,7,0,0,122,2,4,3,0
0078.txt,8,114,5,1,0,7,0,0,122,2,3,3,0
0078.txt,8,115,5,0,1,7,0,0,122,2,2,2,1
0078.txt,8,116,6,0,1,7,0,0,122,2,1,1,1
0078.txt,8,124,12,3,0,12,0,4,134,1,3,2,0
0078.txt,8,135,9,6,0,0,14,0,169,1,17,-1,0
0078.txt,8,137,9,9,0,5,0,0,183,1,19,-1,0
0078.txt,8,140,1,14,0,5,0,0,183,1,32,-1,0
0078.txt,8,145,1,12,0,2,14,0,163,1,3,3,0
0078.txt,8,146,2,14,0,5,0,0,183,1,31,-1,0
0078.txt,8,147,2,13,0,5,0,0,183,1,30,-1,1
0078.txt,8,148,2,12,1,5,0,1,183,1,29,-1,0
0078.txt,8,152,2,12,0,5,0,0,183,1,29,-1,1
0078.txt,8,153,3,12,0,5,0,0,183,1,28,-1,0
0078.txt,8,154,3,11,0,5,0,0,183,1,27,-1,1
0078.txt,8,156,6,10,0,15,6,0,243,2,13,-1,1
0078.txt,8,161,4,10,4,9,6,0,241,1,9,9,0
0078.txt,8,161,4,10,4,15,6,1,243,1,15,-1,0
0078.txt,8,162,4,11,1,5,0,1,183,1,26,-1,1
0078.txt,8,163,4,10,0,5,0,0,183,1,25,-1,1
0078.txt,8,164,9,10,0,5,0,0,183,1,20,-1,0
0078.txt,8,165,9,6,0,5,0,1,183,1,16,-1,0
0078.txt,8,167,12,6,1,5,0,1,183,1,13,-1,0
0078.txt,8,168,15,6,0,5,0,0,183,1,16,-1,0
0078.txt,8,169,9,6,0,5,0,0,183,1,16,-1,0
0078.txt,8,171,9,4,0,9,6,0,174,1,2,3,0
0078.txt,8,172,8,5,0,9,6,0,174,1,2,2,0
0078.txt,8,176,12,0,0,5,0,1,183,1,7,14,1
0078.txt,8,177,12,6,1,5,0,1,183,1,13,-1,0
0078.txt,8,178,12,0,1,5,0,1,183,1,7,15,1
0078.txt,8,179,6,0,0,5,0,0,183,1,1,1,1
0078.txt,8,184,12,6,0,13,6,0,198,1,1,1,0
0078.txt,8,212,9,7,0,9,9,0,220,1,2,5,0
0078.txt,8,213,9,8,0,9,9,0,220,1,1,4,1
0078.txt,8,221,12,10,0,13,9,0,223,1,2,1,0
0078.txt,8,221,12,10,0,15,6,1,243,1,7,7,0
0078.txt,8,227,8,10,0,9,11,0,229,1,2,3,0
0078.txt,8,237,13,8,0,15,6,1,243,1,4,2,1
0078.txt,8,243,14,6,1,15,6,0,245,2,1,1,1
0079.txt,6,15,0,1,0,4,1,0,34,1,4,1,0
0079.txt,6,26,1,5,0,2,4,1,34,2,2,1,0
0079.txt,6,27,2,4,0,3,5,0,32,1,2,2,1
0079.txt,6,28,2,5,2,3,5,0,32,1,1,1,0
0079.txt,6,43,10,11,2,11,8,0,47,1,4,1,1
0079.txt,6,43,10,11,2,12,4,0,50,1,9,3,1
0079.txt,6,47,10,8,2,12,4,0,50,1,6,3,0
0079.txt,6,47,10,8,2,11,1,0,54,1,8,6,0
0079.txt,6,50,11,4,0,11,1,0,54,1,3,2,0
0079.txt,6,51,11,4,0,11,1,0,54,1,3,2,1
0079.txt,6,52,11,3,0,11,1,0,54,1,2,2,1
0079.txt,8,15,0,1,0,4,1,0,34,1,4,1,0
0079.txt,8,26,1,5,0,2,4,0,34,2,2,1,0
0079.txt,8,27,2,4,0,3,5,0,32,1,2,2,1
0079.txt,8,28,2,5,0,3,5,0,32,1,1,1,0
0079.txt,8,38,6,11,0,9,11,0,43,1,3,1,0
0079.txt,8,40,8,11,0,9,11,0,43,1,1,1,1
0079.txt,8,42,9,11,0,11,8,0,47,1,5,1,0
0079.txt,8,42,9,11,0,12,4,0,50,1,10,3,0
0079.txt,8,43,10,11,0,11,8,0,47,1,4,1,1
0079.txt,8,43,10,11,0,12,4,0,50,1,9,3,1
0079.txt,8,44,10,9,0,11,8,0,47,1,2,1,0
0079.txt,8,44,10,9,0,12,4,0,50,1,7,3,0
0079.txt,8,47,10,8,0,12,4,0,50,1,6,3,0
0079.txt,8,47,10,8,0,11,1,0,54,1,8,6,0
0079.txt,8,50,11,4,0,11,1,0,54,1,3,2,0
0079.txt,8,51,11,4,0,11,1,0,54,1,3,2,1
0079.txt,8,52,11,3,0,11,1,0,54,1,2,2,1
0080.txt,6,17,13,11,0,11,11,0,60,1,2,1,0
0080.txt,6,18,12,11,0,11,11,0,60,1,1,1,1
0080.txt,6,24,11,1,0,10,0,0,51,1,2,2,0
0080.txt,6,25,11,0,1,10,0,0,51,1,1,1,0
0080.txt,6,31,11,12,2,9,12,0,33,1,2,1,0
0080.txt,6,31,11,12,2,8,6,0,100,1,9,22,0
0080.txt,6,33,8,12,3,8,6,0,100,1,6,17,0
0080.txt,6,57,7,3,1,6,4,0,62,1,2,2,0
0080.txt,6,58,7,4,2,11,13,0,115,1,13,-1,0
0080.txt,6,71,2,9,0,1,7,0,75,1,3,2,0
0080.txt,6,71,2,9,0,2,5,0,160,1,6,11,0
0080.txt,6,72,1,9,0,1,7,0,75,1,2,2,1
0080.txt,6,72,1,9,0,2,5,0,160,1,5,9,1
0080.txt,6,73,1,8,1,1,7,0,75,1,1,1,1
0080.txt,6,73,1,8,1,2,5,0,160,1,4,5,1
0080.txt,6,74,1,7,2,2,5,0,160,1,3,4,0
0080.txt,6,96,7,8,3,11,13,0,115,1,9,17,1
0080.txt,6,97,7,10,2,11,13,0,115,1,7,14,1
0080.txt,6,104,7,10,3,11,13,0,115,1,7,9,0
0080.txt,6,106,7,10,3,11,13,0,115,1,7,10,0
0080.txt,6,110,11,10,2,11,13,0,115,1,3,2,0
0080.txt,6,140,2,7,0,2,5,0,160,1,2,3,0
0080.txt,6,145,7,5,3,9,2,0,148,1,5,9,0
0080.txt,6,146,7,2,0,9,2,0,148,1,2,2,1
0080.txt,6,170,4,5,0,3,5,4,175,1,1,1,1
0080.txt,8,17,13,11,0,11,11,0,60,1,2,1,0
0080.txt,8,18,12,11,0,11,11,0,60,1,1,1,1
0080.txt,8,24,11,1,0,10,0,0,51,1,2,2,0
0080.txt,8,25,11,0,0,10,0,0,51,1,1,1,0
0080.txt,8,31,11,12,0,9,12,0,33,1,2,1,0
0080.txt,8,31,11,12,0,8,6,0,100,1,9,19,0
0080.txt,8,32,9,12,0,8,6,0,100,1,7,23,0
0080.txt,8,33,8,12,1,8,6,0,100,1,6,17,0
0080.txt,8,57,7,3,0,6,4,0,62,1,2,2,0
0080.txt,8,57,7,3,0,11,13,0,115,1,14,-1,0
0080.txt,8,58,7,4,0,6,4,0,62,1,1,1,0
0080.txt,8,58,7,4,0,11,13,0,115,1,13,-1,0
0080.txt,8,61,7,7,1,11,13,0,115,1,10,37,0
0080.txt,8,62,7,4,0,7,11,0,153,1,7,14,0
0080.txt,8,71,2,9,0,1,7,0,75,1,3,2,0
0080.txt,8,71,2,9,0,2,5,0,160,1,6,11,0
0080.txt,8,72,1,9,0,1,7,0,75,1,2,2,1
0080.txt,8,72,1,9,0,2,5,0,160,1,5,10,1
0080.txt,8,73,1,8,0,1,7,0,75,1,1,1,1
0080.txt,8,73,1,8,0,2,5,0,160,1,4,5,1
0080.txt,8,74,1,7,0,2,5,0,160,1,3,4,0
0080.txt,8,75,2,7,0,2,5,0,160,1,2,4,1
0080.txt,8,76,7,7,1,11,13,0,115,1,10,26,1
0080.txt,8,95,7,7,1,11,13,0,115,1,10,21,1
0080.txt,8,96,7,8,1,11,13,0,115,1,9,19,1
0080.txt,8,97,7,10,0,11,13,0,115,1,7,16,1
0080.txt,8,104,7,10,1,11,13,0,115,1,7,12,0
0080.txt,8,106,7,10,1,11,13,0,115,1,7,13,0
0080.txt,8,110,11,10,0,11,13,0,115,1,3,2,0
0080.txt,8,113,11,11,0,11,13,0,115,1,2,1,0
0080.txt,8,121,4,11,0,4,10,0,123,1,1,1,0
0080.txt,8,140,2,7,0,2,5,0,160,1,2,3,0
0080.txt,8,145,7,5,1,9,2,0,148,1,5,9,0
0080.txt,8,146,7,2,0,9,2,0,148,1,2,2,1
0080.txt,8,170,4,5,0,3,5,2,175,1,1,1,1
0081.txt,6,2,1,11,0,14,6,0,340,1,18,-1,0
0081.txt,6,3,2,11,0,14,6,0,340,1,17,-1,0
0081.txt,6,38,13,2,0,11,3,0,105,1,3,12,0
0081.txt,6,49,7,10,0,7,4,0,122,1,8,30,0
0081.txt,6,55,15,0,0,12,0,0,62,1,3,6,0
0081.txt,6,55,15,0,0,11,3,0,105,1,7,11,0
0081.txt,6,57,14,0,0,12,0,0,62,1,2,4,0
0081.txt,6,57,14,0,0,11,3,0,105,1,6,5,0
0081.txt,6,57,14,0,0,16,10,0,312,1,12,-1,0
0081.txt,6,59,14,1,0,11,3,0,105,1,5,3,0
0081.txt,6,59,14,1,0,16,10,0,312,1,11,-1,0
0081.txt,6,62,12,1,2,11,3,0,105,1,3,5,0
0081.txt,6,67,15,4,0,7,12,0,361,1,16,-1,0
0081.txt,6,68,15,5,0,7,12,0,361,1,15,-1,1
0081.txt,6,69,15,6,0,7,12,0,361,1,14,-1,1
0081.txt,6,70,16,6,0,11,15,0,282,1,14,-1,0
0081.txt,6,70,16,6,0,7,12,0,361,1,15,-1,0
0081.txt,6,71,16,7,1,11,15,0,282,1,13,-1,0
0081.txt,6,71,16,7,1,7,12,0,361,1,14,-1,0
0081.txt,6,72,16,8,2,7,12,0,361,1,13,-1,0
0081.txt,6,74,16,9,3,11,15,0,282,1,11,-1,0
0081.txt,6,75,16,9,1,11,15,0,282,1,11,-1,1
0081.txt,6,75,16,9,1,7,12,0,361,1,12,-1,1
0081.txt,6,76,16,10,3,7,12,0,361,1,11,-1,0
0081.txt,6,79,2,0,0,2,2,0,82,1,2,2,0
0081.txt,6,80,2,1,0,2,2,0,82,1,1,1,1
0081.txt,6,85,6,1,0,7,1,0,95,1,1,1,1
0081.txt,6,87,12,1,0,11,3,0,105,1,3,2,1
0081.txt,6,87,12,1,0,16,11,7,312,1,14,-1,1
0081.txt,6,88,12,2,3,11,3,0,105,1,2,1,1
0081.txt,6,88,12,2,3,16,11,7,312,1,13,-1,1
0081.txt,6,89,12,2,2,11,3,0,105,1,2,2,0
0081.txt,6,90,12,3,2,11,3,0,105,1,1,2,0
0081.txt,6,93,12,7,2,16,11,7,312,1,8,29,0
0081.txt,6,94,11,7,2,16,11,7,312,1,9,42,0
0081.txt,6,106,10,4,0,9,4,0,112,1,1,3,0
0081.txt,6,106,10,4,0,5,14,0,330,1,15,-1,0
0081.txt,6,107,9,4,1,5,14,0,330,1,14,-1,1
0081.txt,6,112,9,6,2,5,14,0,330,1,12,-1,1
0081.txt,6,120,9,10,2,5,14,0,330,1,8,45,0
0081.txt,6,126,16,11,3,11,15,0,282,1,9,29,1
0081.txt,6,129,11,9,0,11,15,0,282,1,6,21,1
0081.txt,6,139,3,16,0,4,16,0,292,1,1,1,0
0081.txt,6,147,1,15,0,11,12,0,340,1,13,-1,0
0081.txt,6,153,2,12,3,7,13,0,229,1,6,7,0
0081.txt,6,157,0,3,0,2,4,0,165,1,3,4,0
0081.txt,6,159,0,5,1,1,5,0,162,1,1,1,0
0081.txt,6,160,0,5,0,1,5,0,162,1,1,1,0
0081.txt,6,171,0,7,0,2,7,1,183,1,2,2,0
0081.txt,6,172,2,7,0,2,8,0,193,1,1,3,0
0081.txt,6,173,2,6,0,2,8,0,193,1,2,7,0
0081.txt,6,179,2,7,0,2,8,0,193,1,1,4,0
0081.txt,6,181,1,8,3,4,9,0,186,1,4,8,1
0081.txt,6,184,3,8,0,4,9,0,186,1,2,6,0
0081.txt,6,226,4,12,1,3,12,0,315,1,1,3,0
0081.txt,6,227,3,13,3,5,13,0,229,1,2,1,1
0081.txt,6,233,8,13,0,10,13,2,235,1,2,2,0
0081.txt,6,237,12,13,0,14,15,1,295,1,4,10,1
0081.txt,6,246,8,11,0,5,14,0,334,1,6,25,0
0081.txt,6,256,14,11,3,11,15,0,282,1,7,22,0
0081.txt,6,257,14,11,0,14,15,1,295,1,4,6,0
0081.txt,6,264,9,11,3,11,15,0,282,1,6,22,1
0081.txt,6,265,9,11,1,5,14,0,330,1,7,20,0
0081.txt,6,266,9,13,0,5,14,0,330,1,5,14,1
0081.txt,6,267,7,14,0,7,13,2,291,1,1,1,1
0081.txt,6,273,11,11,0,11,15,0,282,1,4,13,1
0081.txt,6,275,11,12,3,11,15,0,282,1,3,9,0
0081.txt,6,276,11,11,2,11,12,0,340,1,1,1,0
0081.txt,6,284,16,15,0,14,15,0,295,1,2,1,0
0081.txt,6,285,15,15,0,14,15,1,295,1,1,1,0
0081.txt,6,294,12,15,0,10,13,1,299,1,4,4,1
0081.txt,6,295,12,13,3,10,13,1,299,1,2,1,1
0081.txt,6,297,12,13,2,10,13,1,299,1,2,1,0
0081.txt,6,307,8,12,0,5,14,0,334,1,5,13,1
0081.txt,6,308,7,13,0,6,13,0,321,1,1,5,1
0081.txt,6,308,7,13,0,5,14,0,330,1,3,12,1
0081.txt,6,309,11,12,3,12,13,0,312,1,2,2,0
0081.txt,6,310,11,14,2,12,13,0,312,1,2,5,1
0081.txt,6,310,11,14,2,11,12,0,340,1,2,3,1
0081.txt,6,312,11,13,3,11,12,0,340,1,1,2,0
0081.txt,6,317,11,13,2,11,12,0,340,1,1,2,1
0081.txt,6,318,10,13,2,11,12,0,340,1,2,4,1
0081.txt,6,319,6,13,3,5,14,0,330,1,2,8,0
0081.txt,6,320,10,13,0,5,13,5,322,1,5,10,1
0081.txt,6,320,10,13,0,11,12,0,340,1,2,9,1
0081.txt,6,321,5,13,3,5,14,0,330,1,1,4,1
0081.txt,6,321,5,13,3,11,12,0,340,1,7,10,1
0081.txt,6,322,11,13,2,11,12,0,340,1,1,7,1
0081.txt,6,326,5,13,0,5,14,0,330,1,1,4,0
0081.txt,6,336,11,13,3,11,12,0,340,1,1,6,0
0081.txt,6,338,9,13,0,7,12,0,361,1,3,4,1
0081.txt,8,2,1,11,0,14,6,0,340,1,18,-1,0
0081.txt,8,3,2,11,0,14,6,0,340,1,17,-1,0
0081.txt,8,38,13,2,0,11,3,0,105,1,3,12,0
0081.txt,8,49,7,10,0,7,4,0,122,1,8,30,0
0081.txt,8,55,15,0,0,12,0,0,62,1,3,6,0
0081.txt,8,55,15,0,0,11,3,0,105,1,7,11,0
0081.txt,8,57,14,0,0,12,0,0,62,1,2,4,0
0081.txt,8,57,14,0,0,11,3,0,105,1,6,5,0
0081.txt,8,57,14,0,0,12,7,2,134,2,9,14,0
0081.txt,8,57,14,0,0,16,10,0,312,1,12,-1,0
0081.txt,8,59,14,1,0,12,0,0,62,1,3,6,0
0081.txt,8,59,14,1,0,11,3,0,105,1,5,3,0
0081.txt,8,59,14,1,0,12,7,3,134,2,8,13,0
0081.txt,8,59,14,1,0,16,10,0,312,1,11,-1,0
0081.txt,8,62,12,1,0,11,3,0,105,1,3,2,0
0081.txt,8,62,12,1,0,16,10,0,312,1,13,-1,0
0081.txt,8,67,15,4,0,7,12,0,361,1,16,-1,0
0081.txt,8,68,15,5,0,7,12,0,361,1,15,-1,1
0081.txt,8,69,15,6,0,7,12,0,361,1,14,-1,1
0081.txt,8,70,16,6,0,11,15,0,282,1,14,-1,0
0081.txt,8,70,16,6,0,7,12,0,361,1,15,-1,0
0081.txt,8,71,16,7,0,16,10,0,126,1,3,3,0
0081.txt,8,71,16,7,0,11,15,0,282,1,13,-1,0
0081.txt,8,71,16,7,0,7,12,0,361,1,14,-1,0
0081.txt,8,72,16,8,0,15,9,0,74,1,2,1,0
0081.txt,8,72,16,8,0,11,15,0,282,1,12,-1,0
0081.txt,8,72,16,8,0,7,12,0,361,1,13,-1,0
0081.txt,8,74,16,9,1,11,15,0,282,1,11,-1,0
0081.txt,8,74,16,9,1,7,12,0,361,1,12,-1,0
0081.txt,8,75,16,9,0,16,10,0,126,1,1,1,1
0081.txt,8,75,16,9,0,11,15,0,282,1,11,-1,1
0081.txt,8,75,16,9,0,7,12,0,361,1,12,-1,1
0081.txt,8,76,16,10,1,11,15,0,282,1,10,28,0
0081.txt,8,76,16,10,1,7,12,0,361,1,11,-1,0
0081.txt,8,79,2,0,0,2,2,0,82,1,2,2,0
0081.txt,8,80,2,1,0,2,2,0,82,1,1,1,1
0081.txt,8,83,2,7,0,1,3,0,193,1,5,18,1
0081.txt,8,85,6,1,0,7,1,0,95,1,1,1,1
0081.txt,8,87,12,1,0,11,3,0,105,1,3,2,1
0081.txt,8,87,12,1,0,12,7,3,134,2,6,6,1
0081.txt,8,87,12,1,0,16,11,5,312,1,14,-1,1
0081.txt,8,88,12,2,1,11,3,0,105,1,2,1,1
0081.txt,8,88,12,2,1,16,11,7,312,1,13,-1,1
0081.txt,8,89,12,2,0,11,3,0,105,1,2,2,0
0081.txt,8,90,12,3,0,11,3,0,105,1,1,2,0
0081.txt,8,93,12,7,0,16,11,7,312,1,8,29,0
0081.txt,8,94,11,7,0,16,11,7,312,1,9,42,0
0081.txt,8,106,10,4,0,9,4,0,112,1,1,3,0
0081.txt,8,106,10,4,0,5,14,0,330,1,15,-1,0
0081.txt,8,107,9,4,0,5,14,0,330,1,14,-1,1
0081.txt,8,112,9,6,0,5,14,0,330,1,12,-1,1
0081.txt,8,120,9,10,0,5,14,0,330,1,8,45,0
0081.txt,8,121,9,11,1,5,14,0,330,1,7,36,1
0081.txt,8,126,16,11,1,11,15,0,282,1,9,24,1
0081.txt,8,126,16,11,1,7,12,0,361,1,10,25,1
0081.txt,8,129,11,9,0,11,15,0,282,1,6,21,1
0081.txt,8,129,11,9,0,11,8,2,340,1,1,1,1
0081.txt,8,137,11,9,0,11,12,0,340,1,3,4,0
0081.txt,8,139,3,16,0,4,16,0,292,1,1,1,0
0081.txt,8,144,7,16,0,11,12,0,340,1,8,15,0
0081.txt,8,145,7,15,0,11,12,0,340,1,7,11,0
0081.txt,8,147,1,15,0,11,12,0,340,1,13,-1,0
0081.txt,8,148,2,15,0,11,12,0,340,1,12,-1,0
0081.txt,8,149,2,14,0,11,12,0,340,1,11,-1,0
0081.txt,8,153,2,12,1,7,13,0,229,1,6,7,0
0081.txt,8,157,0,3,0,2,4,0,165,1,3,4,0
0081.txt,8,158,0,4,0,2,4,0,165,1,2,3,0
0081.txt,8,159,0,5,0,1,5,0,162,1,1,1,0
0081.txt,8,160,0,5,0,1,5,0,162,1,1,1,0
0081.txt,8,160,0,5,0,2,4,0,165,1,3,4,0
0081.txt,8,164,2,4,0,2,5,0,223,1,1,1,0
0081.txt,8,168,5,5,0,4,7,0,190,1,3,2,0
0081.txt,8,171,0,7,0,2,7,0,183,1,2,2,0
0081.txt,8,172,2,7,0,2,8,0,193,1,1,3,0
0081.txt,8,173,2,6,0,2,5,0,176,1,1,2,0
0081.txt,8,173,2,6,0,2,8,0,193,1,2,7,0
0081.txt,8,176,2,7,1,2,8,0,193,1,1,4,1
0081.txt,8,179,2,7,0,2,8,0,193,1,1,4,0
0081.txt,8,180,1,7,0,4,9,0,186,1,5,9,0
0081.txt,8,180,1,7,0,3,8,0,206,1,3,1,0
0081.txt,8,181,1,8,1,4,9,0,186,1,4,8,1
0081.txt,8,181,1,8,1,3,8,0,206,1,2,1,1
0081.txt,8,182,1,9,0,2,8,0,193,1,2,2,0
0081.txt,8,183,3,8,1,4,9,0,186,1,2,6,0
0081.txt,8,184,3,8,0,4,9,0,186,1,2,6,0
0081.txt,8,187,1,8,0,2,8,0,193,1,1,1,0
0081.txt,8,191,1,8,0,2,8,0,193,1,1,1,0
0081.txt,8,194,2,9,0,3,10,0,196,1,2,1,0
0081.txt,8,226,4,12,0,3,12,0,315,1,1,3,0
0081.txt,8,227,3,13,1,5,13,0,229,1,2,1,1
0081.txt,8,232,6,13,0,11,12,0,340,1,6,12,0
0081.txt,8,233,8,13,0,10,13,0,235,1,2,2,0
0081.txt,8,235,12,13,0,14,15,0,295,1,4,11,0
0081.txt,8,237,12,13,0,14,15,0,295,1,4,10,1
0081.txt,8,246,8,11,0,5,14,0,334,1,6,26,0
0081.txt,8,252,11,11,0,11,15,0,282,1,4,15,0
0081.txt,8,253,9,11,1,5,14,0,330,1,7,22,0
0081.txt,8,256,14,11,1,11,15,0,282,1,7,19,0
0081.txt,8,257,14,11,0,14,15,0,295,1,4,8,0
0081.txt,8,258,14,12,0,14,15,0,295,1,3,5,0
0081.txt,8,259,13,12,0,14,15,1,295,1,4,4,0
0081.txt,8,264,9,11,1,11,15,0,282,1,6,22,1
0081.txt,8,264,9,11,1,5,14,0,330,1,7,20,1
0081.txt,8,265,9,11,0,5,14,0,330,1,7,21,0
0081.txt,8,266,9,13,0,6,13,0,321,1,3,3,1
0081.txt,8,266,9,13,0,5,14,0,330,1,5,14,1
0081.txt,8,267,7,14,0,7,13,0,291,1,1,1,1
0081.txt,8,267,7,14,0,11,12,0,340,1,6,11,1
0081.txt,8,268,7,13,1,5,14,0,330,1,3,7,1
0081.txt,8,273,11,11,0,11,15,0,282,1,4,13,1
0081.txt,8,274,11,10,0,6,13,2,322,1,8,19,0
0081.txt,8,275,11,12,1,11,15,0,282,1,3,9,0
0081.txt,8,276,11,11,0,6,13,2,322,1,7,18,0
0081.txt,8,276,11,11,0,11,12,0,340,1,1,1,0
0081.txt,8,277,10,11,0,12,11,0,346,1,2,1,0
0081.txt,8,278,11,11,0,12,11,0,346,1,1,1,1
0081.txt,8,280,11,14,1,11,15,0,282,1,1,5,1
0081.txt,8,283,15,14,0,14,11,0,353,1,4,3,0
0081.txt,8,284,16,15,0,14,15,0,295,1,2,1,0
0081.txt,8,285,15,15,0,14,15,0,295,1,1,1,0
0081.txt,8,294,12,15,0,10,13,0,299,1,4,4,1
0081.txt,8,295,12,13,1,10,13,1,299,1,2,1,1
0081.txt,8,297,12,13,0,10,13,1,299,1,2,1,0
0081.txt,8,307,8,12,0,5,14,0,334,1,5,13,1
0081.txt,8,308,7,13,0,6,13,0,321,1,1,5,1
0081.txt,8,308,7,13,0,5,14,0,330,1,3,12,1
0081.txt,8,308,7,13,0,7,12,2,332,1,1,1,1
0081.txt,8,309,11,12,1,12,13,0,312,1,2,2,0
0081.txt,8,310,11,14,0,12,13,0,312,1,2,5,1
0081.txt,8,310,11,14,0,11,12,0,340,1,2,3,1
0081.txt,8,312,11,13,1,11,12,0,340,1,1,2,0
0081.txt,8,317,11,13,0,11,12,0,340,1,1,2,1
0081.txt,8,318,10,13,0,11,12,0,340,1,2,4,1
0081.txt,8,319,6,13,1,5,14,0,330,1,2,7,0
0081.txt,8,319,6,13,1,11,12,0,340,1,6,10,0
0081.txt,8,320,10,13,0,5,13,3,322,1,5,10,1
0081.txt,8,320,10,13,0,11,12,0,340,1,2,9,1
0081.txt,8,321,5,13,1,5,14,0,330,1,1,4,1
0081.txt,8,321,5,13,1,11,12,0,340,1,7,10,1
0081.txt,8,322,11,13,0,11,12,0,340,1,1,7,1
0081.txt,8,326,5,13,0,5,14,0,330,1,1,7,0
0081.txt,8,329,5,14,0,7,12,2,332,1,4,5,0
0081.txt,8,330,5,13,0,7,12,2,332,1,3,5,1
0081.txt,8,336,11,13,1,11,12,0,340,1,1,6,0
0081.txt,8,338,9,13,0,7,12,0,361,1,3,4,1
0081.txt,8,343,13,13,0,13,12,0,351,1,1,1,0
0081.txt,8,365,7,13,0,5,13,0,369,1,2,1,0
0081.txt,8,366,6,13,0,5,13,0,369,1,1,1,1
0082.txt,6,36,14,9,0,10,10,0,130,1,5,6,0
0082.txt,6,47,1,1,0,1,5,0,54,1,4,4,0
0082.txt,6,47,1,1,0,1,3,0,194,1,2,2,0
0082.txt,6,49,1,2,0,1,5,0,54,1,3,3,0
0082.txt,6,49,1,2,0,1,3,0,194,1,1,1,0
0082.txt,6,50,1,3,0,1,5,0,54,1,2,2,1
0082.txt,6,53,2,4,2,16,4,1,204,1,16,-1,0
0082.txt,6,57,1,14,0,1,15,1,66,1,1,2,0
0082.txt,6,77,12,1,0,7,0,2,86,1,6,10,0
0082.txt,6,78,11,1,1,7,0,2,86,1,5,9,0
0082.txt,6,79,10,1,1,7,0,2,86,1,4,9,1
0082.txt,6,80,7,0,0,14,13,0,171,1,20,-1,1
0082.txt,6,96,9,12,3,15,13,2,172,1,7,30,0
0082.txt,6,98,12,12,3,15,13,2,172,1,4,14,0
0082.txt,6,100,10,1,0,11,5,0,234,1,5,3,1
0082.txt,6,101,10,2,0,11,5,0,234,1,4,2,0
0082.txt,6,102,10,3,0,11,5,0,234,1,3,2,1
0082.txt,6,103,11,3,0,11,5,0,234,1,2,2,0
0082.txt,6,104,10,3,2,11,5,0,234,1,3,1,0
0082.txt,6,105,6,11,0,6,15,1,223,1,6,9,0
0082.txt,6,121,15,9,2,10,10,0,130,1,6,7,0
0082.txt,6,124,13,9,3,10,10,0,130,1,4,5,0
0082.txt,6,125,10,9,1,10,10,0,130,1,1,1,1
0082.txt,6,128,10,9,0,10,10,0,130,1,1,1,0
0082.txt,6,130,10,9,0,8,6,0,179,1,5,6,0
0082.txt,6,131,10,5,0,8,6,0,179,1,3,15,1
0082.txt,6,134,10,6,0,8,6,0,179,1,2,10,0
0082.txt,6,141,10,9,0,9,7,0,187,1,3,3,1
0082.txt,6,157,12,16,1,12,11,0,163,1,5,7,0
0082.txt,6,157,12,16,1,3,9,1,191,1,16,-1,0
0082.txt,6,158,12,15,1,12,11,0,163,1,4,5,1
0082.txt,6,158,12,15,1,3,9,1,191,1,15,-1,1
0082.txt,6,159,12,14,2,12,11,0,163,1,3,4,0
0082.txt,6,159,12,14,2,3,9,1,191,1,14,-1,0
0082.txt,6,162,12,11,1,3,9,1,191,1,13,-1,0
0082.txt,6,163,12,12,2,3,9,1,191,1,12,-1,0
0082.txt,6,164,12,12,1,3,9,1,191,1,12,-1,1
0082.txt,6,165,12,12,0,3,9,1,191,1,12,-1,1
0082.txt,6,166,11,12,1,3,9,1,191,1,11,-1,0
0082.txt,6,167,10,12,1,3,9,1,191,1,10,25,0
0082.txt,6,168,10,11,2,3,9,1,191,1,9,21,1
0082.txt,6,173,8,12,3,8,6,0,179,1,6,15,1
0082.txt,6,174,7,12,0,8,12,1,223,1,1,1,1
0082.txt,6,175,8,7,1,8,6,0,179,1,1,7,1
0082.txt,6,176,8,7,0,8,6,0,179,1,1,5,0
0082.txt,6,178,8,6,2,8,5,0,220,1,1,1,0
0082.txt,6,182,8,11,2,3,9,1,191,1,7,15,0
0082.txt,6,184,8,9,3,3,9,1,191,1,5,11,0
0082.txt,6,185,6,9,3,3,9,1,191,1,3,4,1
0082.txt,6,189,4,9,2,3,9,1,191,1,1,1,1
0082.txt,6,199,14,6,0,14,5,0,204,1,1,1,0
0082.txt,6,231,11,12,0,10,12,1,235,1,1,1,0
0082.txt,6,282,12,12,2,13,12,0,284,1,1,1,1
0082.txt,8,36,14,9,0,10,10,0,130,1,5,6,0
0082.txt,8,47,1,1,0,1,5,0,54,1,4,4,0
0082.txt,8,47,1,1,0,1,3,0,194,1,2,2,0
0082.txt,8,49,1,2,0,1,5,0,54,1,3,3,0
0082.txt,8,49,1,2,0,1,3,0,194,1,1,1,0
0082.txt,8,50,1,3,0,1,5,0,54,1,2,2,1
0082.txt,8,52,1,4,0,16,4,1,204,1,17,-1,0
0082.txt,8,53,2,4,0,16,4,1,204,1,16,-1,0
0082.txt,8,54,3,4,0,16,4,1,204,1,15,-1,1
0082.txt,8,57,1,14,0,1,15,0,66,1,1,2,0
0082.txt,8,77,12,1,0,7,0,0,86,1,6,6,0
0082.txt,8,78,11,1,0,7,0,1,86,1,5,3,0
0082.txt,8,79,10,1,0,7,0,1,86,1,4,4,1
0082.txt,8,80,7,0,0,14,13,0,171,1,20,-1,1
0082.txt,8,93,8,11,0,14,13,0,171,1,8,37,0
0082.txt,8,94,9,11,0,14,13,0,171,1,7,30,1
0082.txt,8,96,9,12,1,15,13,2,172,1,7,30,0
0082.txt,8,97,11,12,1,15,13,2,172,1,5,18,0
0082.txt,8,98,12,12,1,15,13,2,172,1,4,14,0
0082.txt,8,100,10,1,0,11,5,0,234,1,5,3,1
0082.txt,8,101,10,2,0,11,5,0,234,1,4,2,0
0082.txt,8,102,10,3,0,11,5,0,234,1,3,2,1
0082.txt,8,103,11,3,0,11,5,0,234,1,2,2,0
0082.txt,8,104,10,3,0,11,5,0,234,1,3,1,0
0082.txt,8,105,6,11,0,6,15,0,223,1,6,9,0
0082.txt,8,109,6,15,0,7,11,0,223,1,5,3,0
0082.txt,8,110,7,15,0,7,13,0,113,1,2,1,0
0082.txt,8,110,7,15,0,7,11,0,223,1,4,2,0
0082.txt,8,111,7,14,0,7,13,0,113,1,1,1,1
0082.txt,8,111,7,14,0,7,11,0,223,1,3,2,1
0082.txt,8,114,7,12,0,7,11,0,223,1,1,1,1
0082.txt,8,120,16,9,0,15,9,0,122,1,1,1,0
0082.txt,8,120,16,9,0,14,9,0,124,1,2,2,0
0082.txt,8,120,16,9,0,10,10,0,130,1,7,8,0
0082.txt,8,120,16,9,0,9,7,0,187,1,9,12,0
0082.txt,8,121,15,9,0,14,9,0,124,1,1,1,0
0082.txt,8,121,15,9,0,10,10,0,130,1,6,7,0
0082.txt,8,121,15,9,0,9,7,0,187,1,8,12,0
0082.txt,8,122,14,9,1,10,10,0,130,1,5,6,0
0082.txt,8,122,14,9,1,9,7,0,187,1,7,11,0
0082.txt,8,123,14,9,0,10,10,0,130,1,5,7,0
0082.txt,8,123,14,9,0,9,7,0,187,1,7,11,0
0082.txt,8,124,13,9,1,10,10,0,130,1,4,5,0
0082.txt,8,124,13,9,1,9,7,0,187,1,6,8,0
0082.txt,8,125,10,9,0,10,10,0,130,1,1,1,1
0082.txt,8,125,10,9,0,3,5,1,277,1,11,-1,1
0082.txt,8,128,10,9,0,10,10,0,130,1,1,1,0
0082.txt,8,128,10,9,0,3,5,0,277,1,11,-1,0
0082.txt,8,130,10,9,0,8,6,0,179,1,5,6,0
0082.txt,8,130,10,9,0,3,5,0,277,1,11,-1,0
0082.txt,8,131,10,5,0,8,6,0,179,1,3,15,1
0082.txt,8,131,10,5,0,3,4,0,198,1,8,30,1
0082.txt,8,134,10,6,0,8,6,0,179,1,2,10,0
0082.txt,8,135,10,5,1,10,9,2,284,1,4,4,0
0082.txt,8,139,10,9,1,9,7,0,187,1,3,3,0
0082.txt,8,141,10,9,0,9,7,0,187,1,3,3,1
0082.txt,8,141,10,9,0,3,5,0,277,1,11,-1,1
0082.txt,8,144,10,8,0,9,7,0,187,1,2,2,0
0082.txt,8,144,10,8,0,3,5,1,277,1,10,32,0
0082.txt,8,157,12,16,0,12,11,0,163,1,5,7,0
0082.txt,8,157,12,16,0,3,9,0,191,1,16,-1,0
0082.txt,8,158,12,15,0,12,11,0,163,1,4,5,1
0082.txt,8,158,12,15,0,3,9,0,191,1,15,-1,1
0082.txt,8,159,12,14,0,12,11,0,163,1,3,4,0
0082.txt,8,159,12,14,0,3,9,1,191,1,14,-1,0
0082.txt,8,162,12,11,0,3,9,0,191,1,13,-1,0
0082.txt,8,163,12,12,0,3,9,1,191,1,12,-1,0
0082.txt,8,164,12,12,0,3,9,0,191,1,12,-1,1
0082.txt,8,165,12,12,0,3,9,0,191,1,12,-1,1
0082.txt,8,166,11,12,0,3,9,0,191,1,11,-1,0
0082.txt,8,167,10,12,0,3,9,0,191,1,10,26,0
0082.txt,8,168,10,11,0,3,9,1,191,1,9,20,1
0082.txt,8,172,14,12,0,7,12,1,224,1,7,7,0
0082.txt,8,173,8,12,1,8,6,0,179,1,6,15,1
0082.txt,8,174,7,12,0,8,12,0,223,1,1,1,1
0082.txt,8,175,8,7,0,8,6,0,179,1,1,8,1
0082.txt,8,176,8,7,0,8,6,0,179,1,1,6,0
0082.txt,8,177,9,6,0,8,6,0,179,1,1,1,1
0082.txt,8,178,8,6,0,8,5,0,220,1,1,2,0
0082.txt,8,182,8,11,0,3,9,1,191,1,7,15,0
0082.txt,8,184,8,9,1,3,9,1,191,1,5,11,0
0082.txt,8,185,6,9,1,3,9,1,191,1,3,4,1
0082.txt,8,189,4,9,0,3,9,1,191,1,1,1,1
0082.txt,8,193,3,8,0,3,5,0,211,1,3,4,1
0082.txt,8,194,3,4,0,14,5,0,204,1,12,-1,0
0082.txt,8,196,3,4,0,14,5,0,204,1,12,-1,0
0082.txt,8,199,14,6,0,14,5,0,204,1,1,1,0
0082.txt,8,200,15,5,0,14,5,0,204,1,1,1,0
0082.txt,8,212,3,9,0,7,9,1,273,1,4,10,0
0082.txt,8,214,5,9,0,7,9,0,273,1,2,2,0
0082.txt,8,231,11,12,0,10,12,0,235,1,1,1,0
0082.txt,8,234,10,7,1,10,6,6,251,1,1,1,1
0082.txt,8,234,10,7,1,8,9,4,284,1,4,4,1
0082.txt,8,236,10,11,0,10,10,0,294,1,1,1,0
0082.txt,8,248,10,7,0,10,6,6,251,1,1,1,1
0082.txt,8,249,7,7,0,5,7,0,305,1,2,6,1
0082.txt,8,252,10,10,0,13,12,0,284,1,5,4,0
0082.txt,8,253,10,6,0,7,7,0,263,1,4,3,0
0082.txt,8,253,10,6,0,5,7,0,305,1,6,11,0
0082.txt,8,260,7,7,1,8,10,7,299,1,4,7,0
0082.txt,8,281,11,12,0,13,12,0,284,1,2,1,0
0082.txt,8,282,12,12,0,13,12,0,284,1,1,1,1
0082.txt,8,311,5,9,0,4,9,0,313,1,1,1,1
0083.txt,6,11,12,4,0,11,5,0,42,1,2,2,0
0083.txt,6,32,1,10,0,3,11,0,120,1,3,2,0
0083.txt,6,40,11,4,0,11,5,0,42,1,1,1,0
0083.txt,6,62,10,7,2,8,7,2,75,1,2,2,0
0083.txt,6,63,1,11,0,2,11,0,120,1,1,1,1
0083.txt,6,77,5,7,0,4,7,0,81,1,1,1,0
0083.txt,6,88,5,1,0,6,1,0,91,1,1,1,0
0083.txt,6,104,4,1,0,4,2,0,106,1,1,1,0
0083.txt,6,104,4,1,0,1,6,2,122,1,8,7,0
0083.txt,6,105,4,2,0,1,6,3,122,1,7,6,0
0083.txt,6,106,3,2,1,1,6,3,122,1,6,5,0
0083.txt,6,107,3,2,0,5,3,3,111,1,3,3,0
0083.txt,6,113,3,5,0,1,6,3,122,1,3,5,0
0083.txt,6,114,3,6,0,1,6,3,122,1,2,1,1
0083.txt,6,115,3,7,2,3,6,0,161,1,1,1,0
0083.txt,6,115,3,7,2,4,12,0,168,1,6,12,0
0083.txt,6,126,4,7,0,4,12,0,168,1,5,9,0
0083.txt,6,155,4,9,0,4,12,0,168,1,3,2,0
0083.txt,6,156,4,10,0,4,12,0,168,1,2,2,1
0083.txt,6,161,4,11,1,4,12,0,168,1,1,1,0
0083.txt,6,163,4,11,0,4,12,0,168,1,1,1,1
0083.txt,8,11,12,4,0,11,5,0,42,1,2,2,0
0083.txt,8,32,1,10,0,3,11,0,120,1,3,2,0
0083.txt,8,40,11,4,0,11,5,0,42,1,1,1,0
0083.txt,8,58,10,6,0,8,7,1,75,1,3,3,0
0083.txt,8,62,10,7,0,8,7,2,75,1,2,2,0
0083.txt,8,62,10,7,0,4,8,1,81,1,7,6,0
0083.txt,8,63,1,11,0,2,11,0,120,1,1,1,1
0083.txt,8,65,10,8,0,5,7,4,116,1,6,4,0
0083.txt,8,65,10,8,0,10,7,1,143,1,1,1,0
0083.txt,8,75,5,7,0,4,7,0,81,1,1,1,0
0083.txt,8,75,5,7,0,4,11,1,120,1,5,16,0
0083.txt,8,76,4,12,0,4,11,0,120,1,1,1,0
0083.txt,8,77,5,7,0,4,7,0,81,1,1,1,0
0083.txt,8,88,5,1,0,6,1,0,91,1,1,1,0
0083.txt,8,96,7,0,0,6,1,0,108,1,2,2,0
0083.txt,8,97,6,0,0,6,1,0,108,1,1,1,0
0083.txt,8,104,4,1,0,4,2,0,106,1,1,1,0
0083.txt,8,104,4,1,0,1,6,0,121,2,8,8,0
0083.txt,8,105,4,2,0,1,6,1,122,1,7,7,0
0083.txt,8,106,3,2,0,5,3,5,111,1,3,2,0
0083.txt,8,106,3,2,0,1,6,2,122,1,6,7,0
0083.txt,8,107,3,2,0,5,3,2,111,1,3,3,0
0083.txt,8,110,3,7,1,3,6,0,161,1,1,1,0
0083.txt,8,112,3,5,0,1,6,3,122,1,3,7,0
0083.txt,8,113,3,5,0,1,6,1,122,1,3,5,0
0083.txt,8,114,3,6,0,1,6,1,122,1,2,1,1
0083.txt,8,115,3,7,0,3,6,0,161,1,1,1,0
0083.txt,8,115,3,7,0,4,12,0,168,1,6,15,0
0083.txt,8,117,4,7,0,3,6,0,161,1,2,3,1
0083.txt,8,117,4,7,0,4,12,0,168,1,5,13,1
0083.txt,8,120,3,7,0,0,6,4,139,1,4,9,0
0083.txt,8,126,4,7,0,4,8,0,128,1,1,1,0
0083.txt,8,126,4,7,0,4,12,0,168,1,5,10,0
0083.txt,8,147,3,6,1,2,5,0,157,1,2,1,1
0083.txt,8,155,4,9,0,4,12,0,168,1,3,2,0
0083.txt,8,156,4,10,0,4,12,0,168,1,2,2,1
0083.txt,8,161,4,11,0,4,12,0,168,1,1,1,0
0083.txt,8,163,4,11,0,4,12,0,168,1,1,1,1
0084.txt,6,13,8,14,0,6,10,0,182,1,8,25,0
0084.txt,6,14,9,14,0,6,10,0,182,1,9,37,1
0084.txt,6,27,2,15,1,3,10,0,269,1,8,22,1
0084.txt,6,29,4,15,2,3,10,0,269,1,6,13,1
0084.txt,6,33,7,15,0,9,15,0,36,1,2,2,0
0084.txt,6,34,8,15,1,9,15,0,36,1,1,1,0
0084.txt,6,50,14,4,0,13,7,0,55,1,4,2,1
0084.txt,6,50,14,4,0,12,8,0,57,1,6,3,1
0084.txt,6,51,14,5,0,12,8,0,57,1,5,1,0
0084.txt,6,52,14,6,1,12,8,0,57,1,4,1,0
0084.txt,6,53,14,7,1,12,8,0,57,1,3,2,1
0084.txt,6,54,13,7,3,12,8,0,57,1,2,1,0
0084.txt,6,55,13,8,3,12,8,0,57,1,1,1,1
0084.txt,6,75,2,14,0,4,12,0,79,1,4,5,0
0084.txt,6,75,2,14,0,4,14,3,248,1,2,2,0
0084.txt,6,77,3,13,0,4,12,0,79,1,2,3,0
0084.txt,6,95,0,9,0,0,7,4,241,1,2,2,0
0084.txt,6,96,1,9,0,0,7,5,241,1,3,1,0
0084.txt,6,105,5,9,3,8,9,0,164,1,3,6,0
0084.txt,6,107,7,9,3,8,9,0,164,1,1,1,1
0084.txt,6,110,9,9,3,10,13,1,166,1,7,14,0
0084.txt,6,119,10,11,0,7,4,0,275,1,10,23,0
0084.txt,6,120,9,11,0,7,4,0,275,1,9,19,0
0084.txt,6,121,9,10,1,7,4,0,275,1,8,17,0
0084.txt,6,122,9,9,1,7,4,0,275,1,7,16,1
0084.txt,6,123,9,8,2,7,4,0,275,1,6,11,1
0084.txt,6,137,7,2,0,7,4,1,148,1,2,2,1
0084.txt,6,138,7,2,0,7,4,0,148,1,2,1,0
0084.txt,6,139,7,3,0,7,4,1,148,1,1,1,0
0084.txt,6,143,6,4,3,7,4,1,148,1,1,1,1
0084.txt,6,144,6,4,2,7,4,1,148,1,1,1,1
0084.txt,6,164,11,9,3,10,13,1,166,1,5,4,1
0084.txt,6,182,6,9,2,3,10,0,269,1,4,10,0
0084.txt,6,186,9,7,3,7,4,0,275,1,5,7,0
0084.txt,6,187,8,7,2,7,4,0,275,1,4,7,1
0084.txt,6,199,12,1,0,10,2,0,234,1,3,3,0
0084.txt,6,201,10,1,0,10,2,0,234,1,1,1,1
0084.txt,6,220,7,5,2,7,4,0,275,1,1,1,1
0084.txt,6,231,3,8,3,3,7,0,241,1,1,1,1
0084.txt,6,242,4,14,2,3,8,0,269,1,7,5,1
0084.txt,6,244,6,9,0,3,8,0,269,1,4,3,0
0084.txt,6,245,5,9,1,3,8,0,269,1,3,2,0
0084.txt,6,246,5,8,2,3,8,0,269,1,2,1,0
0084.txt,6,248,4,13,3,3,8,0,269,1,6,4,0
0084.txt,6,250,4,8,2,3,8,0,269,1,1,2,0
0084.txt,6,263,3,5,3,3,8,5,267,1,3,3,1
0084.txt,6,264,3,5,2,3,8,5,267,1,3,3,0
0084.txt,6,282,8,5,1,7,5,1,286,1,1,1,1
0084.txt,6,296,5,2,3,2,0,0,309,1,5,6,1
0084.txt,6,306,3,2,1,2,0,0,309,1,3,3,1
0084.txt,6,307,3,1,3,2,0,0,309,1,2,1,0
0084.txt,8,13,8,14,0,6,10,0,182,1,8,25,0
0084.txt,8,14,9,14,0,6,10,0,182,1,9,37,1
0084.txt,8,15,10,14,0,6,10,0,182,1,10,39,0
0084.txt,8,26,1,15,0,3,10,0,269,1,9,24,0
0084.txt,8,27,2,15,0,3,10,0,269,1,8,22,1
0084.txt,8,28,3,15,0,3,10,0,269,1,7,19,0
0084.txt,8,29,4,15,0,3,10,0,269,1,6,17,1
0084.txt,8,33,7,15,0,9,15,0,36,1,2,2,0
0084.txt,8,34,8,15,0,9,15,0,36,1,1,1,0
0084.txt,8,50,14,4,0,13,7,0,55,1,4,2,1
0084.txt,8,50,14,4,0,12,8,0,57,1,6,3,1
0084.txt,8,51,14,5,0,13,7,0,55,1,3,1,0
0084.txt,8,51,14,5,0,12,8,0,57,1,5,2,0
0084.txt,8,52,14,6,0,13,7,0,55,1,2,1,0
0084.txt,8,52,14,6,0,12,8,0,57,1,4,4,0
0084.txt,8,53,14,7,0,13,7,0,55,1,1,1,1
0084.txt,8,53,14,7,0,12,8,0,57,1,3,2,1
0084.txt,8,54,13,7,1,12,8,0,57,1,2,1,0
0084.txt,8,54,13,7,1,13,6,0,127,1,1,2,0
0084.txt,8,55,13,8,1,12,8,0,57,1,1,1,1
0084.txt,8,55,13,8,1,13,6,0,127,1,2,6,1
0084.txt,8,57,13,8,1,13,6,0,127,1,2,5,0
0084.txt,8,75,2,14,0,4,12,0,79,1,4,5,0
0084.txt,8,75,2,14,0,4,14,1,248,1,2,2,0
0084.txt,8,77,3,13,0,4,12,0,79,1,2,3,0
0084.txt,8,77,3,13,0,4,14,2,248,2,2,2,0
0084.txt,8,87,0,3,0,11,14,1,179,1,22,-1,0
0084.txt,8,88,0,4,0,11,14,1,179,1,21,-1,1
0084.txt,8,95,0,9,0,0,7,2,241,1,2,2,0
0084.txt,8,96,1,9,0,0,7,3,241,1,3,1,0
0084.txt,8,104,4,9,0,8,9,0,164,1,4,10,0
0084.txt,8,105,5,9,1,8,9,0,164,1,3,6,0
0084.txt,8,107,7,9,1,8,9,0,164,1,1,1,1
0084.txt,8,110,9,9,1,10,13,1,166,1,7,17,0
0084.txt,8,117,11,8,0,13,8,5,223,1,2,2,1
0084.txt,8,119,10,11,0,7,4,0,275,1,10,23,0
0084.txt,8,120,9,11,0,7,4,0,275,1,9,21,0
0084.txt,8,121,9,10,0,7,4,0,275,1,8,19,0
0084.txt,8,122,9,9,0,7,4,0,275,1,7,17,1
0084.txt,8,123,9,8,0,6,10,1,189,2,5,8,1
0084.txt,8,123,9,8,0,7,4,0,275,1,6,11,1
0084.txt,8,124,10,8,0,8,8,0,126,1,2,1,0
0084.txt,8,137,7,2,0,7,4,0,148,1,2,2,1
0084.txt,8,138,7,2,0,7,4,0,148,1,2,1,0
0084.txt,8,139,7,3,0,7,4,0,148,1,1,1,0
0084.txt,8,142,6,3,1,7,4,1,148,1,2,2,1
0084.txt,8,143,6,4,1,7,4,1,148,1,1,1,1
0084.txt,8,144,6,4,0,7,4,1,148,1,1,1,1
0084.txt,8,162,11,14,0,6,10,0,182,1,11,-1,0
0084.txt,8,164,11,9,2,10,13,0,166,1,5,4,1
0084.txt,8,182,6,9,0,3,10,0,269,1,4,11,0
0084.txt,8,186,9,7,1,8,7,0,189,2,1,1,0
0084.txt,8,186,9,7,1,7,4,0,275,1,5,7,0
0084.txt,8,187,8,7,0,9,7,1,189,2,1,2,1
0084.txt,8,187,8,7,0,7,4,0,275,1,4,7,1
0084.txt,8,189,7,7,1,7,4,0,275,1,3,3,0
0084.txt,8,195,13,3,0,4,14,1,267,1,20,-1,0
0084.txt,8,197,12,3,0,4,14,2,267,1,21,-1,0
0084.txt,8,198,12,2,0,4,14,2,267,1,22,-1,1
0084.txt,8,199,12,1,0,10,2,0,234,1,3,3,0
0084.txt,8,200,11,1,0,10,2,0,234,1,2,1,0
0084.txt,8,201,10,1,0,10,2,0,234,1,1,1,1
0084.txt,8,204,14,2,0,12,1,0,210,1,3,1,0
0084.txt,8,205,13,2,0,12,1,0,210,1,2,1,0
0084.txt,8,206,12,2,0,12,1,0,210,1,1,1,1
0084.txt,8,220,7,5,0,7,4,0,275,1,1,1,1
0084.txt,8,226,3,7,0,3,9,1,270,1,2,2,0
0084.txt,8,231,3,8,1,3,7,0,241,1,1,1,1
0084.txt,8,236,3,6,0,3,7,3,270,1,1,2,1
0084.txt,8,242,4,14,0,3,8,0,269,1,7,5,1
0084.txt,8,244,6,9,0,3,8,0,269,1,4,3,0
0084.txt,8,245,5,9,0,3,8,0,269,1,3,2,0
0084.txt,8,246,5,8,0,3,8,0,269,1,2,1,0
0084.txt,8,247,4,8,0,3,8,0,269,1,1,1,1
0084.txt,8,248,4,13,1,4,14,2,265,1,1,1,0
0084.txt,8,248,4,13,1,3,8,0,269,1,6,4,0
0084.txt,8,250,4,8,0,3,8,0,269,1,1,2,0
0084.txt,8,263,3,5,1,3,8,5,267,1,3,3,1
0084.txt,8,264,3,5,0,3,8,5,267,1,3,3,0
0084.txt,8,282,8,5,0,7,5,0,286,2,1,1,1
0084.txt,8,286,5,4,0,6,4,0,288,1,1,3,1
0084.txt,8,296,5,2,1,2,0,0,309,1,5,6,1
0084.txt,8,306,3,2,0,2,0,0,309,1,3,3,1
0084.txt,8,307,3,1,1,2,0,0,309,1,2,1,0
0085.txt,6,35,5,16,0,6,13,0,42,1,4,3,0
0085.txt,6,36,5,15,0,6,13,0,42,1,3,3,1
0085.txt,6,39,5,14,0,6,13,0,42,1,2,1,0
0085.txt,6,39,5,14,0,6,9,0,52,1,6,6,0
0085.txt,6,41,6,13,1,6,9,0,52,1,4,4,0
0085.txt,6,45,6,11,0,6,9,0,52,1,2,2,1
0085.txt,6,51,8,15,0,14,15,0,59,1,8,6,0
0085.txt,6,53,9,15,0,14,15,0,59,1,7,5,0
0085.txt,6,54,9,16,1,14,15,0,59,1,6,3,1
0085.txt,6,73,2,1,0,12,3,0,90,1,12,-1,0
0085.txt,6,76,3,1,0,12,3,0,90,1,11,-1,0
0085.txt,6,77,3,2,0,12,3,0,90,1,10,15,0
0085.txt,6,81,3,3,2,12,3,0,90,1,9,12,0
0085.txt,6,82,4,3,3,12,3,0,90,1,8,11,0
0085.txt,6,84,5,3,3,12,3,0,90,1,7,10,1
0085.txt,6,85,8,3,1,12,3,0,90,1,4,6,0
0085.txt,6,86,13,1,0,12,3,0,90,1,3,2,0
0085.txt,6,86,13,1,0,13,4,0,91,1,3,3,0
0085.txt,6,87,13,2,0,12,3,0,90,1,2,2,1
0085.txt,6,87,13,2,0,13,4,0,91,1,2,3,1
0085.txt,6,88,13,4,0,12,3,0,90,1,2,2,0
0085.txt,6,95,14,4,0,14,10,0,105,1,6,8,0
0085.txt,6,100,14,9,0,14,10,0,105,1,1,2,1
0085.txt,6,104,16,10,2,16,6,0,112,1,4,2,0
0085.txt,6,107,18,13,0,16,6,0,112,1,9,6,0
0085.txt,6,110,16,12,3,16,6,0,112,1,6,4,1
0085.txt,8,35,5,16,0,6,13,0,42,1,4,3,0
0085.txt,8,35,5,16,0,10,11,0,63,1,10,11,0
0085.txt,8,36,5,15,0,6,13,0,42,1,3,3,1
0085.txt,8,36,5,15,0,10,11,0,63,1,9,11,1
0085.txt,8,39,5,14,0,6,13,0,42,1,2,1,0
0085.txt,8,39,5,14,0,6,9,0,52,1,6,6,0
0085.txt,8,39,5,14,0,10,11,0,63,1,8,11,0
0085.txt,8,41,6,13,0,6,9,0,52,1,4,4,0
0085.txt,8,42,6,12,0,6,9,0,52,1,3,4,1
0085.txt,8,45,6,11,0,6,9,0,52,1,2,2,1
0085.txt,8,45,6,11,0,10,11,0,63,1,4,5,1
0085.txt,8,51,8,15,0,14,15,0,59,1,8,6,0
0085.txt,8,53,9,15,0,14,15,0,59,1,7,5,0
0085.txt,8,54,9,16,0,14,15,0,59,1,6,3,1
0085.txt,8,64,9,16,0,12,16,0,70,1,3,1,0
0085.txt,8,65,10,16,0,12,16,0,70,1,2,1,0
0085.txt,8,66,11,16,0,12,16,0,70,1,1,1,1
0085.txt,8,73,2,1,0,12,3,0,90,1,12,-1,0
0085.txt,8,76,3,1,0,12,3,0,90,1,11,-1,0
0085.txt,8,77,3,2,0,12,3,0,90,1,10,15,0
0085.txt,8,81,3,3,0,4,3,0,84,1,1,1,0
0085.txt,8,81,3,3,0,12,3,0,90,1,9,13,0
0085.txt,8,82,4,3,1,12,3,0,90,1,8,11,0
0085.txt,8,84,5,3,1,12,3,0,90,1,7,11,1
0085.txt,8,85,8,3,0,12,3,0,90,1,4,6,0
0085.txt,8,86,13,1,0,12,3,0,90,1,3,2,0
0085.txt,8,86,13,1,0,13,4,0,91,1,3,3,0
0085.txt,8,87,13,2,0,12,3,0,90,1,2,2,1
0085.txt,8,87,13,2,0,13,4,0,91,1,2,3,1
0085.txt,8,88,13,4,0,12,3,0,90,1,2,2,0
0085.txt,8,95,14,4,0,14,10,0,105,1,6,8,0
0085.txt,8,100,14,9,0,14,10,0,105,1,1,2,1
0085.txt,8,102,15,10,0,16,6,0,112,1,5,2,0
0085.txt,8,104,16,10,0,16,6,0,112,1,4,2,0
0085.txt,8,105,16,11,0,16,6,0,112,1,5,4,1
0085.txt,8,106,16,11,0,18,13,0,110,1,4,3,0
0085.txt,8,106,16,11,0,16,6,0,112,1,5,5,0
0085.txt,8,107,18,13,0,16,6,0,112,1,9,6,0
0085.txt,8,110,16,12,1,16,6,0,112,1,6,4,1
0085.txt,8,123,9,12,0,9,11,0,128,1,1,1,1
0085.txt,8,133,8,3,0,9,2,0,135,1,2,3,1
0085.txt,8,136,8,4,0,8,5,1,182,1,1,1,1
0085.txt,8,137,8,5,1,8,4,0,182,1,1,1,0
0085.txt,8,193,5,5,0,7,5,0,196,1,2,1,0
0085.txt,8,194,6,5,0,7,5,0,196,1,1,1,1
0086.txt,6,30,3,11,0,5,10,2,34,1,3,2,1
0086.txt,6,30,3,11,0,1,6,0,39,2,9,5,1
0086.txt,6,32,3,10,1,1,6,0,39,2,8,4,0
0086.txt,6,33,3,9,1,1,6,0,39,2,7,5,0
0086.txt,6,34,4,9,1,1,6,0,39,2,8,5,1
0086.txt,6,35,1,9,0,1,6,0,39,2,5,4,0
0086.txt,6,37,0,8,0,1,6,0,39,2,3,1,1
0086.txt,6,39,0,6,0,0,8,0,49,1,2,1,0
0086.txt,6,59,6,6,3,6,5,0,63,1,1,2,1
0086.txt,6,60,6,5,1,5,3,2,66,1,3,3,0
0086.txt,6,61,6,5,0,5,3,2,66,1,3,4,1
0086.txt,6,62,6,5,0,5,3,1,66,1,3,4,1
0086.txt,6,63,6,6,0,5,3,2,66,1,4,3,0
0086.txt,6,64,6,3,0,5,3,0,66,1,1,1,1
0086.txt,6,65,5,3,1,6,1,0,81,1,3,4,0
0086.txt,6,76,5,1,3,5,9,0,83,1,10,6,1
0086.txt,6,78,6,3,3,5,9,0,83,1,7,6,1
0086.txt,6,79,6,6,1,5,9,0,83,1,4,3,1
0086.txt,6,81,5,6,0,5,9,0,83,1,3,2,1
0086.txt,8,30,3,11,0,5,10,0,34,1,3,2,1
0086.txt,8,30,3,11,0,1,6,0,39,2,9,5,1
0086.txt,8,32,3,10,0,1,6,0,39,2,8,5,0
0086.txt,8,33,3,9,0,1,6,0,39,2,7,5,0
0086.txt,8,34,4,9,0,1,6,0,39,2,8,5,1
0086.txt,8,35,1,9,0,1,6,0,39,2,5,4,0
0086.txt,8,37,0,8,0,1,6,0,39,2,3,1,1
0086.txt,8,39,0,6,0,0,8,0,49,1,2,1,0
0086.txt,8,58,5,6,1,6,5,0,63,1,2,1,1
0086.txt,8,58,5,6,1,5,3,2,66,1,5,3,1
0086.txt,8,59,6,6,0,6,5,0,63,1,1,1,1
0086.txt,8,59,6,6,0,5,3,2,66,1,4,3,1
0086.txt,8,60,6,5,0,5,3,1,66,1,3,3,0
0086.txt,8,61,6,5,0,5,3,0,66,1,3,4,1
0086.txt,8,62,6,5,0,5,3,0,66,1,3,4,1
0086.txt,8,63,6,6,0,5,3,0,66,1,4,3,0
0086.txt,8,64,6,3,0,5,3,0,66,1,1,1,1
0086.txt,8,65,5,3,0,6,1,0,81,1,3,4,0
0086.txt,8,68,8,3,0,8,2,0,70,1,1,1,1
0086.txt,8,75,6,1,0,5,3,0,78,1,3,4,0
0086.txt,8,75,6,1,0,5,9,0,83,1,11,-1,0
0086.txt,8,76,5,1,1,5,9,0,83,1,10,6,1
0086.txt,8,77,5,3,1,5,9,0,83,1,8,6,1
0086.txt,8,78,6,3,1,5,9,0,83,1,7,6,1
0086.txt,8,79,6,6,0,5,9,0,83,1,4,3,1
0086.txt,8,81,5,6,0,5,9,0,83,1,3,2,1
0086.txt,8,86,5,1,0,6,3,1,93,1,3,1,0
0087.txt,6,25,1,11,1,5,8,0,81,1,7,6,0
0087.txt,6,26,2,11,1,5,8,0,81,1,6,5,1
0087.txt,6,27,3,11,1,5,8,0,81,1,5,5,1
0087.txt,6,46,5,7,2,5,8,0,80,1,1,1,0
0087.txt,6,48,4,11,2,5,11,0,78,2,1,1,0
0087.txt,6,89,10,11,3,11,8,0,96,1,4,1,0
0087.txt,8,25,1,11,0,5,8,0,81,1,7,7,0
0087.txt,8,26,2,11,0,5,8,0,81,1,6,5,1
0087.txt,8,27,3,11,0,5,8,0,81,1,5,5,1
0087.txt,8,38,3,2,0,3,5,0,42,1,3,1,0
0087.txt,8,39,3,3,0,3,5,0,42,1,2,1,0
0087.txt,8,40,3,4,0,3,5,0,42,1,1,1,1
0087.txt,8,44,5,5,0,5,6,0,59,1,1,2,0
0087.txt,8,46,5,7,0,5,8,0,80,1,1,2,0
0087.txt,8,48,4,11,0,5,11,0,78,2,1,1,0
0087.txt,8,62,10,3,0,11,4,0,70,1,2,2,1
0087.txt,8,88,9,11,0,10,11,0,92,1,1,1,0
0087.txt,8,88,9,11,0,11,8,0,96,1,5,4,0
0087.txt,8,89,10,11,1,11,8,0,96,1,4,1,0
0087.txt,8,102,6,9,0,6,10,0,105,1,1,1,0
0087.txt,8,110,6,13,0,7,14,0,112,1,2,1,1
0088.txt,6,3,13,14,0,15,10,0,46,1,6,6,0
0088.txt,6,4,13,13,0,15,10,0,46,1,5,6,1
0088.txt,6,27,2,3,0,5,5,0,78,1,5,17,0
0088.txt,6,29,1,3,0,5,5,0,78,1,6,9,1
0088.txt,6,45,4,2,0,5,5,0,78,1,4,3,0
0088.txt,6,48,9,12,2,5,5,0,79,1,11,-1,0
0088.txt,6,48,9,12,2,3,8,0,134,1,10,16,0
0088.txt,6,49,4,3,0,5,5,0,78,1,3,2,0
0088.txt,6,51,7,12,3,5,5,0,79,1,9,15,0
0088.txt,6,51,7,12,3,3,8,0,134,1,8,13,0
0088.txt,6,53,1,4,1,5,5,0,78,1,5,4,0
0088.txt,6,62,2,4,1,5,5,0,78,1,4,4,1
0088.txt,6,63,5,3,0,5,5,0,78,1,2,2,0
0088.txt,6,74,6,12,2,5,4,7,79,1,9,10,0
0088.txt,6,74,6,12,2,3,8,0,134,1,7,7,0
0088.txt,6,84,10,2,0,11,3,0,88,1,2,1,0
0088.txt,6,98,5,9,3,3,8,0,134,1,3,2,1
0088.txt,6,99,9,7,0,9,8,2,111,1,1,1,0
0088.txt,6,110,3,9,2,3,8,0,134,1,1,2,1
0088.txt,6,119,2,4,2,2,7,0,130,1,3,4,0
0088.txt,6,121,2,5,3,2,7,0,130,1,2,3,0
0088.txt,6,123,2,6,2,2,7,0,130,1,1,3,1
0088.txt,6,142,1,9,2,2,9,0,144,1,1,1,1
0088.txt,8,3,13,14,0,15,10,0,46,1,6,6,0
0088.txt,8,4,13,13,0,15,10,0,46,1,5,6,1
0088.txt,8,27,2,3,0,5,5,0,78,1,5,17,0
0088.txt,8,29,1,3,0,5,5,0,78,1,6,9,1
0088.txt,8,45,4,2,0,5,5,0,78,1,4,3,0
0088.txt,8,47,9,13,0,9,12,0,58,1,1,1,1
0088.txt,8,48,9,12,0,5,5,0,79,1,11,-1,0
0088.txt,8,48,9,12,0,3,8,0,134,1,10,16,0
0088.txt,8,49,4,3,0,5,5,0,78,1,3,2,0
0088.txt,8,50,8,12,1,5,5,0,79,1,10,13,0
0088.txt,8,50,8,12,1,3,8,0,134,1,9,16,0
0088.txt,8,51,7,12,1,5,5,0,79,1,9,13,0
0088.txt,8,51,7,12,1,3,8,0,134,1,8,14,0
0088.txt,8,53,1,4,0,5,5,0,78,1,5,4,0
0088.txt,8,58,6,12,1,5,5,0,79,1,8,7,1
0088.txt,8,58,6,12,1,3,8,0,134,1,7,11,1
0088.txt,8,62,2,4,0,5,5,0,78,1,4,4,1
0088.txt,8,63,5,3,0,5,5,0,78,1,2,2,0
0088.txt,8,65,12,11,0,12,9,0,91,1,2,1,0
0088.txt,8,66,12,10,0,12,9,0,91,1,1,1,1
0088.txt,8,70,8,1,0,8,2,0,76,1,1,2,0
0088.txt,8,74,6,12,0,5,4,7,79,1,9,10,0
0088.txt,8,74,6,12,0,3,8,0,134,1,7,7,0
0088.txt,8,79,5,12,1,3,8,0,134,1,6,6,0
0088.txt,8,81,1,12,0,2,14,0,105,1,3,1,0
0088.txt,8,82,1,13,0,2,14,0,105,1,2,1,0
0088.txt,8,84,10,2,0,11,3,0,88,1,2,1,0
0088.txt,8,89,9,6,0,9,9,1,92,1,3,4,0
0088.txt,8,90,1,14,0,2,14,0,105,1,1,1,1
0088.txt,8,93,5,12,1,3,8,0,134,1,6,2,0
0088.txt,8,95,5,10,1,3,8,0,134,1,4,2,1
0088.txt,8,97,9,5,0,9,4,0,118,1,1,1,1
0088.txt,8,98,5,9,1,3,8,0,134,1,3,2,1
0088.txt,8,99,9,7,0,9,8,0,111,1,1,1,0
0088.txt,8,110,3,9,0,3,8,0,134,1,1,2,1
0088.txt,8,119,2,4,0,2,5,0,122,1,1,1,0
0088.txt,8,119,2,4,0,2,7,0,130,1,3,4,0
0088.txt,8,121,2,5,1,2,7,0,130,1,2,3,0
0088.txt,8,122,2,6,1,2,7,0,130,1,1,3,1
0088.txt,8,123,2,6,0,2,7,0,130,1,1,3,1
0088.txt,8,125,5,4,0,6,4,0,128,1,1,1,0
0088.txt,8,142,1,9,0,2,9,0,144,1,1,1,1
0089.txt,6,18,13,12,0,13,11,0,157,1,1,4,0
0089.txt,6,25,6,0,0,15,0,0,79,1,9,33,0
0089.txt,6,34,6,4,0,17,1,0,216,1,14,-1,0
0089.txt,6,34,6,4,0,9,8,0,238,1,7,30,0
0089.txt,6,35,16,8,0,15,4,0,56,1,5,8,0
0089.txt,6,37,2,7,0,1,16,0,300,1,10,43,0
0089.txt,6,38,16,7,0,15,4,0,56,1,4,3,0
0089.txt,6,46,15,7,0,15,4,0,56,1,3,3,0
0089.txt,6,47,15,6,0,15,4,0,56,1,2,2,0
0089.txt,6,48,15,5,2,15,4,0,56,1,1,1,0
0089.txt,6,50,15,5,0,15,4,0,56,1,1,1,0
0089.txt,6,51,15,1,0,12,2,0,95,2,4,8,0
0089.txt,6,53,15,4,2,15,3,0,75,1,1,1,0
0089.txt,6,54,7,16,0,6,16,0,244,1,1,1,0
0089.txt,6,54,7,16,0,1,6,0,369,1,16,-1,0
0089.txt,6,62,15,0,1,12,2,0,95,2,5,6,0
0089.txt,6,63,14,0,1,13,3,0,71,1,4,2,0
0089.txt,6,63,14,0,1,12,2,0,95,2,4,4,0
0089.txt,6,66,11,0,2,12,2,0,95,2,3,4,0
0089.txt,6,67,13,0,1,13,3,0,71,1,3,2,1
0089.txt,6,67,13,0,1,12,2,0,95,2,3,4,1
0089.txt,6,68,13,1,1,12,2,0,95,2,2,4,1
0089.txt,6,71,13,2,3,12,2,0,347,1,1,1,0
0089.txt,6,73,13,2,1,12,2,0,95,2,1,1,1
0089.txt,6,77,11,1,0,3,7,0,332,1,14,-1,0
0089.txt,6,80,11,0,2,3,7,0,332,1,15,-1,0
0089.txt,6,81,6,8,0,7,8,0,192,1,1,1,0
0089.txt,6,83,11,2,1,3,7,0,332,1,13,-1,1
0089.txt,6,84,11,2,0,3,7,0,332,1,13,-1,0
0089.txt,6,96,12,5,0,10,6,0,122,1,3,2,0
0089.txt,6,96,12,5,0,12,6,0,175,1,1,1,0
0089.txt,6,108,16,15,3,3,7,0,332,1,21,-1,0
0089.txt,6,108,16,15,3,1,6,1,356,1,24,-1,0
0089.txt,6,110,14,15,3,3,7,0,332,1,19,-1,1
0089.txt,6,110,14,15,3,1,6,1,356,1,22,-1,1
0089.txt,6,111,12,15,0,3,7,0,332,1,17,-1,1
0089.txt,6,111,12,15,0,1,6,0,356,2,20,-1,1
0089.txt,6,113,12,6,0,10,6,0,122,1,2,1,0
0089.txt,6,114,11,6,0,10,6,0,122,1,1,1,1
0089.txt,6,119,2,2,2,1,4,0,125,1,3,3,1
0089.txt,6,121,12,14,2,3,7,0,332,1,16,-1,0
0089.txt,6,121,12,14,2,1,6,1,356,1,19,-1,0
0089.txt,6,122,9,6,2,13,11,2,247,1,9,28,0
0089.txt,6,123,2,3,3,2,5,0,131,1,2,3,0
0089.txt,6,126,2,4,1,2,5,0,131,1,1,1,0
0089.txt,6,132,3,3,0,9,8,0,238,1,11,-1,0
0089.txt,6,135,12,13,0,3,7,0,332,1,15,-1,1
0089.txt,6,135,12,13,0,1,6,0,356,2,18,-1,1
0089.txt,6,137,3,4,0,9,8,0,238,1,10,29,0
0089.txt,6,138,4,4,0,9,8,0,238,1,9,26,1
0089.txt,6,140,1,11,1,9,11,0,227,1,8,18,0
0089.txt,6,148,14,15,0,2,7,0,369,1,20,-1,0
0089.txt,6,149,14,16,0,2,7,0,369,1,21,-1,1
0089.txt,6,155,12,12,0,13,10,0,179,1,3,3,0
0089.txt,6,156,13,11,0,9,11,0,209,1,4,6,0
0089.txt,6,156,13,11,0,2,7,0,369,1,15,-1,0
0089.txt,6,157,12,11,3,9,11,0,209,1,3,5,0
0089.txt,6,157,12,11,3,2,7,0,369,1,14,-1,0
0089.txt,6,161,5,4,3,9,8,0,238,1,8,14,1
0089.txt,6,167,14,17,1,2,7,0,369,1,22,-1,0
0089.txt,6,176,9,10,2,9,11,0,209,1,1,5,0
0089.txt,6,178,10,7,3,9,8,0,214,1,2,1,0
0089.txt,6,178,10,7,3,2,13,0,320,1,14,-1,0
0089.txt,6,181,9,7,0,9,6,1,189,1,1,1,0
0089.txt,6,181,9,7,0,9,8,0,214,1,1,3,0
0089.txt,6,181,9,7,0,2,13,0,320,1,13,-1,0
0089.txt,6,186,6,2,6,2,10,3,332,1,12,-1,1
0089.txt,6,190,9,10,0,9,11,0,207,2,1,5,0
0089.txt,6,191,7,8,0,8,12,0,195,1,5,20,1
0089.txt,6,192,7,9,0,8,12,0,195,1,4,11,0
0089.txt,6,192,7,9,0,7,10,0,200,1,1,2,0
0089.txt,6,196,9,8,1,2,13,0,320,1,12,-1,0
0089.txt,6,197,8,8,2,2,13,0,320,1,11,-1,0
0089.txt,6,198,16,17,0,2,7,0,369,1,24,-1,0
0089.txt,6,199,15,17,0,2,7,0,369,1,23,-1,1
0089.txt,6,209,5,11,0,2,7,0,369,1,7,26,1
0089.txt,6,210,14,17,2,12,16,0,219,1,3,1,1
0089.txt,6,210,14,17,2,2,7,0,369,1,22,-1,1
0089.txt,6,211,13,17,2,3,15,0,351,1,12,-1,1
0089.txt,6,211,13,17,2,2,7,0,369,1,21,-1,1
0089.txt,6,214,5,9,3,2,13,0,320,1,7,15,1
0089.txt,6,217,12,17,3,2,7,0,369,1,20,-1,0
0089.txt,6,219,10,17,3,2,7,0,369,1,18,-1,1
0089.txt,6,223,6,16,2,5,14,0,240,1,3,8,0
0089.txt,6,223,6,16,2,2,7,0,369,1,13,-1,0
0089.txt,6,224,5,16,2,5,14,0,240,1,2,3,0
0089.txt,6,224,5,16,2,2,7,0,369,1,12,-1,0
0089.txt,6,225,5,16,0,1,16,0,300,1,4,8,0
0089.txt,6,232,10,17,0,3,15,0,351,1,9,9,0
0089.txt,6,232,10,17,0,2,7,0,369,1,18,-1,0
0089.txt,6,239,5,14,0,2,7,0,369,1,10,29,0
0089.txt,6,240,4,14,2,2,7,0,369,1,9,28,0
0089.txt,6,244,4,14,1,2,7,0,369,1,9,26,1
0089.txt,6,245,9,14,0,11,13,1,323,1,3,6,0
0089.txt,6,248,5,9,2,2,13,0,320,1,7,14,0
0089.txt,6,251,5,11,0,2,7,0,369,1,7,23,1
0089.txt,6,254,4,11,0,2,7,0,369,1,6,17,1
0089.txt,6,255,10,16,0,6,16,0,279,1,4,3,0
0089.txt,6,255,10,16,0,3,15,0,351,1,8,7,0
0089.txt,6,255,10,16,0,2,7,0,369,1,17,-1,0
0089.txt,6,256,9,16,3,6,16,0,279,1,3,2,1
0089.txt,6,256,9,16,3,3,15,0,351,1,7,6,1
0089.txt,6,256,9,16,3,2,7,0,369,1,16,-1,1
0089.txt,6,260,5,16,2,3,15,0,324,2,3,1,0
0089.txt,6,260,5,16,2,2,7,0,369,1,12,-1,0
0089.txt,6,261,5,15,2,4,14,4,291,1,2,1,0
0089.txt,6,261,5,15,2,2,7,0,369,1,11,-1,0
0089.txt,6,262,11,13,3,2,10,6,344,1,12,-1,0
0089.txt,6,263,11,12,2,2,10,6,332,2,11,-1,1
0089.txt,6,263,11,12,2,2,7,0,369,1,14,-1,1
0089.txt,6,275,6,5,3,2,10,6,332,1,9,10,0
0089.txt,6,278,5,9,2,5,8,1,347,1,1,1,0
0089.txt,6,279,5,14,2,3,15,0,324,2,3,2,1
0089.txt,6,279,5,14,2,2,7,0,369,1,10,25,1
0089.txt,6,280,5,14,0,4,14,2,291,1,1,1,1
0089.txt,6,280,5,14,0,1,16,0,300,1,6,6,1
0089.txt,6,280,5,14,0,2,7,0,369,1,10,25,1
0089.txt,6,282,4,14,3,2,10,0,356,1,6,15,1
0089.txt,6,282,4,14,3,2,7,0,369,1,9,23,1
0089.txt,6,288,4,13,2,2,10,0,356,1,5,14,1
0089.txt,6,288,4,13,2,2,7,0,369,1,8,21,1
0089.txt,6,289,4,12,2,2,10,0,356,1,4,11,1
0089.txt,6,289,4,12,2,2,7,0,369,1,7,21,1
0089.txt,6,291,4,11,0,2,10,0,356,1,3,8,0
0089.txt,6,291,4,11,0,2,7,0,369,1,6,15,0
0089.txt,6,292,4,10,1,2,13,0,320,1,5,10,1
0089.txt,6,293,4,13,0,2,13,0,320,1,2,2,1
0089.txt,6,295,1,16,0,2,7,0,369,1,10,16,0
0089.txt,6,296,2,16,3,2,7,0,369,1,9,11,0
0089.txt,6,297,2,12,0,2,7,0,369,1,5,13,1
0089.txt,6,298,2,11,1,2,7,0,369,1,4,9,0
0089.txt,6,299,2,11,0,2,14,2,324,1,3,2,0
0089.txt,6,299,2,11,0,2,10,0,356,1,1,4,0
0089.txt,6,299,2,11,0,2,7,0,369,1,4,10,0
0089.txt,6,301,2,14,1,2,7,0,369,1,7,13,0
0089.txt,6,313,2,14,0,4,11,6,335,1,5,6,0
0089.txt,6,313,2,14,0,2,7,0,369,1,7,9,0
0089.txt,6,314,2,14,0,2,12,0,324,1,2,2,0
0089.txt,6,314,2,14,0,4,11,4,335,1,5,6,0
0089.txt,6,314,2,14,0,2,7,0,369,1,7,9,0
0089.txt,6,321,2,12,1,2,7,0,369,1,5,7,1
0089.txt,6,323,12,11,3,6,11,0,332,2,6,5,1
0089.txt,6,323,12,11,3,2,10,0,356,1,11,-1,1
0089.txt,6,323,12,11,3,2,7,0,369,1,14,-1,1
0089.txt,6,330,7,11,0,6,11,0,332,1,1,3,0
0089.txt,6,330,7,11,0,2,10,0,356,1,6,7,0
0089.txt,6,330,7,11,0,2,7,0,369,1,9,13,0
0089.txt,6,331,6,11,0,2,10,0,356,1,5,10,0
0089.txt,6,331,6,11,0,2,7,0,369,1,8,14,0
0089.txt,6,332,5,11,3,2,10,0,356,1,4,6,0
0089.txt,6,332,5,11,3,2,7,0,369,1,7,12,0
0089.txt,6,333,5,11,2,2,10,0,356,1,4,5,1
0089.txt,6,333,5,11,2,2,7,0,369,1,7,11,1
0089.txt,6,334,1,11,2,2,10,0,356,1,2,2,1
0089.txt,6,334,1,11,2,2,7,0,369,1,5,5,1
0089.txt,6,335,2,11,0,2,10,0,356,1,1,3,0
0089.txt,6,335,2,11,0,2,7,0,369,1,4,4,0
0089.txt,6,346,1,11,1,2,10,0,356,1,2,2,0
0089.txt,6,346,1,11,1,2,7,0,369,1,5,4,0
0089.txt,6,348,7,12,2,8,12,0,357,1,1,1,0
0089.txt,6,353,2,11,3,2,10,0,356,1,1,1,0
0089.txt,6,353,2,11,3,2,7,0,369,1,4,3,0
0089.txt,6,354,2,11,2,2,10,0,356,1,1,1,0
0089.txt,6,354,2,11,2,2,7,0,369,1,4,4,0
0089.txt,6,355,2,10,3,2,7,0,369,1,3,3,0
0089.txt,6,356,2,9,3,2,7,0,369,1,2,1,1
0089.txt,8,18,13,12,0,13,11,0,157,1,1,4,0
0089.txt,8,25,6,0,0,15,0,0,79,1,9,33,0
0089.txt,8,34,6,4,0,17,1,0,216,1,14,-1,0
0089.txt,8,34,6,4,0,9,8,0,238,1,7,30,0
0089.txt,8,35,16,8,0,15,4,0,56,1,5,8,0
0089.txt,8,37,2,7,0,1,16,0,300,1,10,43,0
0089.txt,8,38,16,7,0,15,4,0,56,1,4,3,0
0089.txt,8,46,15,7,0,15,4,0,56,1,3,3,0
0089.txt,8,47,15,6,0,15,4,0,56,1,2,2,0
0089.txt,8,48,15,5,0,15,4,0,56,1,1,1,0
0089.txt,8,50,15,5,0,15,4,0,56,1,1,1,0
0089.txt,8,51,15,1,0,12,2,0,95,2,4,8,0
0089.txt,8,53,15,4,0,15,3,0,75,1,1,1,0
0089.txt,8,54,7,16,0,6,16,0,244,1,1,1,0
0089.txt,8,54,7,16,0,1,6,0,369,1,16,-1,0
0089.txt,8,55,8,2,0,15,0,0,79,1,9,31,0
0089.txt,8,62,15,0,0,13,3,0,71,1,5,4,0
0089.txt,8,62,15,0,0,12,2,0,95,2,5,6,0
0089.txt,8,63,14,0,0,13,3,0,71,1,4,4,0
0089.txt,8,63,14,0,0,12,2,0,95,2,4,6,0
0089.txt,8,66,11,0,0,13,3,0,71,1,5,8,0
0089.txt,8,66,11,0,0,12,2,0,95,2,3,4,0
0089.txt,8,67,13,0,0,13,3,0,71,1,3,4,1
0089.txt,8,67,13,0,0,12,2,0,95,2,3,6,1
0089.txt,8,68,13,1,0,13,3,0,71,1,2,2,1
0089.txt,8,68,13,1,0,12,2,0,95,2,2,4,1
0089.txt,8,71,13,2,1,12,2,0,95,2,1,1,0
0089.txt,8,73,13,2,0,12,2,0,95,2,1,1,1
0089.txt,8,75,11,1,1,3,7,0,332,1,14,-1,0
0089.txt,8,77,11,1,0,3,7,0,332,1,14,-1,0
0089.txt,8,80,11,0,0,3,7,0,332,1,15,-1,0
0089.txt,8,81,6,8,0,7,8,0,192,1,1,1,0
0089.txt,8,83,11,2,0,3,7,0,332,1,13,-1,1
0089.txt,8,84,11,2,0,3,7,0,332,1,13,-1,0
0089.txt,8,96,12,5,0,10,6,0,122,1,3,2,0
0089.txt,8,96,12,5,0,12,6,0,175,1,1,1,0
0089.txt,8,98,11,2,0,10,3,0,170,1,2,3,0
0089.txt,8,100,3,3,0,9,8,0,238,1,11,-1,1
0089.txt,8,106,16,14,0,16,16,0,110,1,2,1,0
0089.txt,8,106,16,14,0,1,6,1,356,1,23,-1,0
0089.txt,8,108,16,15,1,3,7,0,332,1,21,-1,0
0089.txt,8,108,16,15,1,1,6,1,356,1,24,-1,0
0089.txt,8,110,14,15,1,3,7,0,332,1,19,-1,1
0089.txt,8,110,14,15,1,1,6,1,356,1,22,-1,1
0089.txt,8,111,12,15,0,3,7,0,332,1,17,-1,1
0089.txt,8,111,12,15,0,1,6,0,356,2,20,-1,1
0089.txt,8,113,12,6,0,10,6,0,122,1,2,1,0
0089.txt,8,114,11,6,0,10,6,0,122,1,1,1,1
0089.txt,8,119,2,2,0,1,4,0,125,1,3,4,1
0089.txt,8,119,2,2,0,2,5,0,131,1,3,5,1
0089.txt,8,120,10,6,0,13,11,1,247,1,8,19,0
0089.txt,8,121,12,14,0,3,7,0,332,1,16,-1,0
0089.txt,8,121,12,14,0,1,6,1,356,1,19,-1,0
0089.txt,8,122,9,6,0,13,11,2,247,1,9,28,0
0089.txt,8,123,2,3,1,1,4,0,125,1,2,3,0
0089.txt,8,123,2,3,1,2,5,0,131,1,2,4,0
0089.txt,8,125,2,4,1,2,5,0,131,1,1,1,0
0089.txt,8,126,2,4,0,2,5,0,131,1,1,1,0
0089.txt,8,132,3,3,0,9,8,0,238,1,11,-1,0
0089.txt,8,133,2,11,0,6,16,1,244,1,9,28,1
0089.txt,8,134,12,13,0,3,7,0,332,1,15,-1,1
0089.txt,8,134,12,13,0,1,6,1,356,1,18,-1,1
0089.txt,8,135,12,13,0,3,7,0,332,1,15,-1,1
0089.txt,8,135,12,13,0,1,6,0,356,2,18,-1,1
0089.txt,8,137,3,4,0,9,8,0,238,1,10,29,0
0089.txt,8,138,4,4,0,9,8,0,238,1,9,27,1
0089.txt,8,140,1,11,0,9,11,0,227,1,8,18,0
0089.txt,8,142,2,6,0,3,7,0,145,2,2,2,0
0089.txt,8,145,2,7,1,2,9,0,147,1,2,1,0
0089.txt,8,148,14,15,0,2,7,0,369,1,20,-1,0
0089.txt,8,149,14,16,0,2,7,0,369,1,21,-1,1
0089.txt,8,154,0,11,1,9,11,0,227,1,9,17,0
0089.txt,8,155,12,12,0,13,11,0,157,1,2,2,0
0089.txt,8,155,12,12,0,13,10,0,179,1,3,3,0
0089.txt,8,156,13,11,0,9,11,0,209,1,4,6,0
0089.txt,8,156,13,11,0,2,7,0,369,1,15,-1,0
0089.txt,8,157,12,11,1,9,11,0,209,1,3,5,0
0089.txt,8,157,12,11,1,2,7,0,369,1,14,-1,0
0089.txt,8,160,12,11,0,13,10,0,179,1,2,1,0
0089.txt,8,161,5,4,1,9,8,0,238,1,8,14,1
0089.txt,8,167,14,17,0,3,15,0,351,1,13,-1,0
0089.txt,8,167,14,17,0,2,7,0,369,1,22,-1,0
0089.txt,8,173,10,8,0,2,13,0,320,1,13,-1,0
0089.txt,8,176,9,10,0,9,11,0,207,2,1,5,0
0089.txt,8,178,10,7,1,9,8,0,214,1,2,1,0
0089.txt,8,178,10,7,1,2,13,0,320,1,14,-1,0
0089.txt,8,179,9,7,1,2,13,0,320,1,13,-1,1
0089.txt,8,181,9,7,0,9,6,0,189,1,1,1,0
0089.txt,8,181,9,7,0,9,8,0,214,1,1,4,0
0089.txt,8,181,9,7,0,2,13,0,320,1,13,-1,0
0089.txt,8,182,9,2,1,2,10,6,332,1,15,-1,0
0089.txt,8,184,7,2,1,2,10,6,332,1,13,-1,1
0089.txt,8,185,9,6,0,9,8,0,292,1,2,1,0
0089.txt,8,186,6,2,6,2,10,1,332,1,12,-1,1
0089.txt,8,188,9,7,0,9,8,0,292,1,1,1,1
0089.txt,8,189,9,8,1,2,13,0,320,1,12,-1,1
0089.txt,8,190,9,10,0,9,11,0,207,2,1,5,0
0089.txt,8,191,7,8,0,8,12,0,195,1,5,20,1
0089.txt,8,192,7,9,0,8,12,0,195,1,4,12,0
0089.txt,8,192,7,9,0,7,10,0,200,1,1,2,0
0089.txt,8,196,9,8,0,6,4,0,216,1,7,8,0
0089.txt,8,196,9,8,0,2,13,0,320,1,12,-1,0
0089.txt,8,197,8,8,0,2,13,0,320,1,11,-1,0
0089.txt,8,198,16,17,0,2,7,0,369,1,24,-1,0
0089.txt,8,199,15,17,0,2,7,0,369,1,23,-1,1
0089.txt,8,202,7,8,1,2,13,0,320,1,10,23,0
0089.txt,8,204,5,8,1,2,13,0,320,1,8,17,1
0089.txt,8,209,5,11,0,2,7,0,369,1,7,26,1
0089.txt,8,210,14,17,0,12,16,0,219,1,3,1,1
0089.txt,8,210,14,17,0,3,15,0,351,1,13,-1,1
0089.txt,8,210,14,17,0,2,7,0,369,1,22,-1,1
0089.txt,8,211,13,17,0,12,16,0,219,1,2,1,1
0089.txt,8,211,13,17,0,3,15,0,351,1,12,-1,1
0089.txt,8,211,13,17,0,2,7,0,369,1,21,-1,1
0089.txt,8,214,5,9,1,2,13,0,320,1,7,18,1
0089.txt,8,217,12,17,1,2,7,0,369,1,20,-1,0
0089.txt,8,219,10,17,1,2,7,0,369,1,18,-1,1
0089.txt,8,221,9,12,0,7,11,0,363,1,3,7,0
0089.txt,8,222,9,13,0,7,11,0,363,1,4,7,0
0089.txt,8,223,6,16,0,5,14,0,240,1,3,8,0
0089.txt,8,223,6,16,0,2,7,0,369,1,13,-1,0
0089.txt,8,224,5,16,0,5,14,0,240,1,2,3,0
0089.txt,8,224,5,16,0,2,7,0,369,1,12,-1,0
0089.txt,8,225,5,16,0,1,16,0,300,1,4,8,0
0089.txt,8,232,10,17,0,3,15,0,351,1,9,10,0
0089.txt,8,232,10,17,0,2,7,0,369,1,18,-1,0
0089.txt,8,236,4,11,0,5,3,0,347,1,9,27,0
0089.txt,8,239,5,14,0,2,7,0,369,1,10,29,0
0089.txt,8,240,4,14,0,2,7,0,369,1,9,27,0
0089.txt,8,243,4,10,0,5,3,0,347,1,8,16,0
0089.txt,8,244,4,14,0,2,7,0,369,1,9,26,1
0089.txt,8,245,9,14,0,11,13,0,323,1,3,3,0
0089.txt,8,248,5,9,0,2,13,0,320,1,7,14,0
0089.txt,8,249,5,10,0,2,13,0,320,1,6,14,0
0089.txt,8,251,5,11,0,2,7,0,369,1,7,23,1
0089.txt,8,254,4,11,0,2,7,0,369,1,6,17,1
0089.txt,8,255,10,16,0,6,16,0,279,1,4,3,0
0089.txt,8,255,10,16,0,1,16,0,300,1,9,11,0
0089.txt,8,255,10,16,0,3,15,0,351,1,8,7,0
0089.txt,8,255,10,16,0,2,7,0,369,1,17,-1,0
0089.txt,8,256,9,16,1,6,16,0,279,1,3,2,1
0089.txt,8,256,9,16,1,3,15,0,351,1,7,7,1
0089.txt,8,256,9,16,1,2,7,0,369,1,16,-1,1
0089.txt,8,260,5,16,0,4,14,4,291,1,3,2,0
0089.txt,8,260,5,16,0,3,15,0,324,2,3,1,0
0089.txt,8,260,5,16,0,2,7,0,369,1,12,-1,0
0089.txt,8,261,5,15,0,4,14,4,291,1,2,1,0
0089.txt,8,261,5,15,0,3,15,0,324,2,4,4,0
0089.txt,8,261,5,15,0,2,7,0,369,1,11,-1,0
0089.txt,8,262,11,13,1,2,10,6,332,2,12,-1,0
0089.txt,8,262,11,13,1,2,7,0,369,1,15,-1,0
0089.txt,8,263,11,12,0,2,10,6,332,2,11,-1,1
0089.txt,8,263,11,12,0,2,7,0,369,1,14,-1,1
0089.txt,8,272,5,8,1,5,9,0,306,1,1,1,1
0089.txt,8,275,6,5,1,2,10,6,332,1,9,10,0
0089.txt,8,278,5,9,0,5,8,1,347,1,1,1,0
0089.txt,8,279,5,14,0,4,14,4,291,1,1,1,1
0089.txt,8,279,5,14,0,3,15,0,324,2,3,4,1
0089.txt,8,279,5,14,0,2,7,0,369,1,10,25,1
0089.txt,8,280,5,14,0,4,14,0,291,1,1,1,1
0089.txt,8,280,5,14,0,1,16,0,300,1,6,7,1
0089.txt,8,280,5,14,0,2,7,0,369,1,10,25,1
0089.txt,8,282,4,14,1,2,10,0,356,1,6,13,1
0089.txt,8,282,4,14,1,2,7,0,369,1,9,22,1
0089.txt,8,288,4,13,0,2,10,0,356,1,5,14,1
0089.txt,8,288,4,13,0,2,7,0,369,1,8,21,1
0089.txt,8,289,4,12,0,2,10,0,356,1,4,11,1
0089.txt,8,289,4,12,0,2,7,0,369,1,7,21,1
0089.txt,8,291,4,11,0,1,16,0,300,1,8,17,0
0089.txt,8,291,4,11,0,2,10,0,356,1,3,8,0
0089.txt,8,291,4,11,0,2,7,0,369,1,6,15,0
0089.txt,8,292,4,10,0,2,13,0,320,1,5,10,1
0089.txt,8,293,4,13,0,2,13,0,320,1,2,2,1
0089.txt,8,295,1,16,0,2,7,0,369,1,10,16,0
0089.txt,8,296,2,16,1,2,7,0,369,1,9,11,0
0089.txt,8,297,2,12,0,2,7,0,369,1,5,13,1
0089.txt,8,298,2,11,0,2,10,0,356,1,1,3,0
0089.txt,8,298,2,11,0,2,7,0,369,1,4,9,0
0089.txt,8,299,2,11,0,2,14,0,324,1,3,2,0
0089.txt,8,299,2,11,0,2,10,0,356,1,1,4,0
0089.txt,8,299,2,11,0,2,7,0,369,1,4,10,0
0089.txt,8,301,2,14,0,5,8,5,335,1,9,14,0
0089.txt,8,301,2,14,0,2,7,0,369,1,7,12,0
0089.txt,8,313,2,14,0,2,12,0,324,1,2,4,0
0089.txt,8,313,2,14,0,4,11,4,335,1,5,7,0
0089.txt,8,313,2,14,0,2,7,0,369,1,7,9,0
0089.txt,8,314,2,14,0,2,12,0,324,1,2,2,0
0089.txt,8,314,2,14,0,4,11,2,335,1,5,6,0
0089.txt,8,314,2,14,0,2,7,0,369,1,7,9,0
0089.txt,8,321,2,12,0,4,11,6,335,1,3,3,1
0089.txt,8,321,2,12,0,2,7,0,369,1,5,8,1
0089.txt,8,322,11,11,1,6,11,0,344,1,5,5,0
0089.txt,8,322,11,11,1,2,7,0,369,1,13,-1,0
0089.txt,8,323,12,11,1,6,11,0,332,2,6,5,1
0089.txt,8,323,12,11,1,2,10,0,356,1,11,-1,1
0089.txt,8,323,12,11,1,2,7,0,369,1,14,-1,1
0089.txt,8,324,2,11,0,2,10,0,356,1,1,2,0
0089.txt,8,324,2,11,0,2,7,0,369,1,4,5,0
0089.txt,8,330,7,11,0,6,11,0,332,1,1,3,0
0089.txt,8,330,7,11,0,2,10,0,356,1,6,7,0
0089.txt,8,330,7,11,0,2,7,0,369,1,9,13,0
0089.txt,8,331,6,11,0,2,10,0,356,1,5,10,0
0089.txt,8,331,6,11,0,2,7,0,369,1,8,14,0
0089.txt,8,332,5,11,1,2,10,0,356,1,4,6,0
0089.txt,8,332,5,11,1,2,7,0,369,1,7,12,0
0089.txt,8,333,5,11,0,2,10,0,356,1,4,5,1
0089.txt,8,333,5,11,0,2,7,0,369,1,7,11,1
0089.txt,8,334,1,11,0,2,10,0,356,1,2,2,1
0089.txt,8,334,1,11,0,2,7,0,369,1,5,5,1
0089.txt,8,335,2,11,0,2,10,0,356,1,1,3,0
0089.txt,8,335,2,11,0,2,7,0,369,1,4,4,0
0089.txt,8,346,1,11,0,2,10,0,356,1,2,2,0
0089.txt,8,346,1,11,0,2,7,0,369,1,5,4,0
0089.txt,8,346,1,11,0,2,11,0,380,1,1,1,0
0089.txt,8,348,7,12,0,8,12,0,357,1,1,1,0
0089.txt,8,353,2,11,1,2,10,0,356,1,1,1,0
0089.txt,8,353,2,11,1,2,7,0,369,1,4,3,0
0089.txt,8,354,2,11,0,2,10,0,356,1,1,1,0
0089.txt,8,354,2,11,0,2,7,0,369,1,4,4,0
0089.txt,8,355,2,10,1,2,7,0,369,1,3,3,0
0089.txt,8,356,2,9,1,2,7,0,369,1,2,1,1
0090.txt,6,23,15,1,0,2,3,0,108,1,17,-1,0
0090.txt,6,24,14,1,0,2,3,0,108,1,16,-1,1
0090.txt,6,35,5,16,0,1,16,0,41,1,4,1,0
0090.txt,6,36,4,16,0,1,16,0,41,1,3,1,0
0090.txt,6,37,3,16,0,1,16,0,41,1,2,1,1
0090.txt,6,47,15,16,0,9,9,0,76,1,15,-1,0
0090.txt,6,51,13,14,0,9,9,0,76,1,11,-1,0
0090.txt,6,52,12,14,0,9,9,0,76,1,10,5,0
0090.txt,6,54,10,14,0,9,9,0,76,1,8,4,0
0090.txt,6,55,10,13,0,9,9,0,76,1,7,4,1
0090.txt,6,56,10,12,0,9,9,0,76,1,6,3,0
0090.txt,6,92,8,4,0,3,2,0,108,1,9,6,1
0090.txt,6,117,11,8,0,10,8,2,121,1,1,2,1
0090.txt,8,23,15,1,0,2,3,0,108,1,17,-1,0
0090.txt,8,24,14,1,0,2,3,0,108,1,16,-1,1
0090.txt,8,35,5,16,0,1,16,0,41,1,4,1,0
0090.txt,8,36,4,16,0,1,16,0,41,1,3,1,0
0090.txt,8,37,3,16,0,1,16,0,41,1,2,1,1
0090.txt,8,47,15,16,0,9,9,0,76,1,15,-1,0
0090.txt,8,51,13,14,0,9,9,0,76,1,11,-1,0
0090.txt,8,52,12,14,0,9,9,0,76,1,10,5,0
0090.txt,8,54,10,14,0,9,9,0,76,1,8,4,0
0090.txt,8,55,10,13,0,9,9,0,76,1,7,4,1
0090.txt,8,56,10,12,0,9,9,0,76,1,6,3,0
0090.txt,8,63,13,1,0,3,2,0,108,1,13,-1,0
0090.txt,8,64,12,1,0,3,2,0,108,1,12,-1,0
0090.txt,8,65,12,0,0,3,2,1,108,1,11,-1,0
0090.txt,8,66,11,0,0,3,2,1,108,1,10,5,0
0090.txt,8,68,9,0,0,3,2,1,108,1,8,5,1
0090.txt,8,70,8,1,0,3,2,1,108,1,6,4,0
0090.txt,8,71,11,12,0,9,9,0,76,1,5,2,0
0090.txt,8,72,11,11,0,9,9,0,76,1,4,1,0
0090.txt,8,73,11,10,0,9,9,0,76,1,3,1,0
0090.txt,8,74,11,9,0,9,9,0,76,1,2,1,1
0090.txt,8,80,4,7,0,5,7,0,82,1,1,1,1
0090.txt,8,89,10,4,0,3,2,0,108,1,11,-1,1
0090.txt,8,92,8,4,0,3,2,0,108,1,9,6,1
0090.txt,8,115,12,8,0,10,9,0,121,1,3,2,0
0090.txt,8,117,11,8,0,10,8,0,121,1,1,2,1
0090.txt,8,121,10,7,0,9,4,0,124,1,4,1,0
0090.txt,8,122,10,6,0,10,4,0,131,1,2,1,0
0090.txt,8,125,10,5,0,10,4,0,131,1,1,1,1
0091.txt,6,41,8,9,0,9,9,0,66,1,1,1,1
0091.txt,6,53,6,2,0,7,4,0,97,1,3,2,0
0091.txt,6,59,0,9,2,1,11,0,61,1,3,2,1
0091.txt,6,62,0,9,0,2,9,0,72,1,2,1,0
0091.txt,6,63,1,9,0,2,9,0,72,1,1,1,1
0091.txt,8,41,8,9,0,9,9,0,66,1,1,1,1
0091.txt,8,44,9,2,0,10,3,1,51,1,2,1,0
0091.txt,8,47,5,1,0,9,3,4,57,1,6,8,0
0091.txt,8,48,6,1,0,9,3,4,57,1,5,8,1
0091.txt,8,50,9,9,0,9,8,0,85,1,1,1,0
0091.txt,8,53,6,2,0,6,3,0,57,1,1,3,0
0091.txt,8,53,6,2,0,7,4,0,97,1,3,2,0
0091.txt,8,59,0,9,0,1,11,0,61,1,3,2,1
0091.txt,8,62,0,9,0,2,9,0,72,1,2,1,0
0091.txt,8,63,1,9,0,2,9,0,72,1,1,1,1
0091.txt,8,64,6,4,0,7,4,0,97,1,1,1,1
0091.txt,8,88,8,5,0,9,5,0,94,1,1,3,1
0091.txt,8,90,8,5,0,9,5,0,94,1,1,1,0
0092.txt,6,78,4,8,3,7,12,0,483,1,9,29,0
0092.txt,6,80,6,8,3,7,12,0,483,1,7,18,1
0092.txt,6,81,7,8,3,7,12,0,483,1,6,8,1
0092.txt,6,99,12,4,1,12,5,0,437,1,1,1,0
0092.txt,6,99,12,4,1,13,5,0,457,1,2,3,0
0092.txt,6,102,9,4,1,10,4,0,300,1,1,1,1
0092.txt,6,108,9,16,0,9,17,1,324,2,1,1,0
0092.txt,6,116,1,4,0,1,8,0,125,1,4,4,0
0092.txt,6,116,1,4,0,0,9,0,142,1,6,11,0
0092.txt,6,116,1,4,0,4,9,0,146,1,8,15,0
0092.txt,6,116,1,4,0,4,10,0,150,1,9,14,0
0092.txt,6,117,1,5,0,1,8,0,125,1,3,4,1
0092.txt,6,117,1,5,0,0,9,0,142,1,5,10,1
0092.txt,6,117,1,5,0,4,9,0,146,1,7,18,1
0092.txt,6,117,1,5,0,4,10,0,150,1,8,17,1
0092.txt,6,118,1,6,0,1,9,0,123,1,3,10,0
0092.txt,6,118,1,6,0,1,8,0,125,1,2,8,0
0092.txt,6,118,1,6,0,0,9,0,142,1,4,11,0
0092.txt,6,118,1,6,0,4,9,0,146,1,6,9,0
0092.txt,6,118,1,6,0,4,10,0,150,1,7,21,0
0092.txt,6,119,1,7,0,1,9,0,123,1,2,8,0
0092.txt,6,119,1,7,0,1,8,0,125,1,1,6,0
0092.txt,6,119,1,7,0,0,9,0,142,1,3,10,0
0092.txt,6,119,1,7,0,4,9,0,146,1,5,7,0
0092.txt,6,119,1,7,0,4,10,0,150,1,6,15,0
0092.txt,6,121,1,7,0,1,8,0,125,1,1,2,0
0092.txt,6,121,1,7,0,1,9,1,142,1,2,4,0
0092.txt,6,121,1,7,0,4,9,0,146,1,5,14,0
0092.txt,6,121,1,7,0,4,10,0,150,1,6,11,0
0092.txt,6,123,1,8,3,4,9,0,146,1,4,5,0
0092.txt,6,123,1,8,3,4,10,0,150,1,5,7,0
0092.txt,6,124,1,8,1,4,9,0,146,1,4,11,0
0092.txt,6,124,1,8,1,4,10,0,150,1,5,3,0
0092.txt,6,125,2,8,1,4,9,0,146,1,3,10,1
0092.txt,6,125,2,8,1,4,10,0,150,1,4,6,1
0092.txt,6,141,2,8,0,4,9,0,146,1,3,10,1
0092.txt,6,141,2,8,0,4,10,0,150,1,4,2,1
0092.txt,6,142,2,9,2,4,9,0,146,1,2,8,1
0092.txt,6,142,2,9,2,4,10,0,150,1,3,1,1
0092.txt,6,143,2,9,1,4,9,0,146,1,2,9,0
0092.txt,6,143,2,9,1,4,10,0,150,1,3,5,0
0092.txt,6,144,3,9,1,4,9,0,146,1,1,6,1
0092.txt,6,144,3,9,1,4,10,0,150,1,2,3,1
0092.txt,6,145,4,9,2,4,10,0,150,1,1,3,0
0092.txt,6,149,4,10,3,4,16,0,544,1,8,6,0
0092.txt,6,151,3,3,1,17,1,0,433,1,16,-1,1
0092.txt,6,152,4,3,3,17,1,0,433,1,15,-1,0
0092.txt,6,153,5,3,3,17,1,0,433,1,14,-1,0
0092.txt,6,161,12,4,3,17,1,0,433,1,8,30,1
0092.txt,6,162,13,4,3,17,1,0,433,1,9,36,1
0092.txt,6,173,18,16,0,12,16,0,382,1,6,9,0
0092.txt,6,173,18,16,0,17,17,0,413,1,2,1,0
0092.txt,6,181,1,17,0,8,13,4,319,2,11,-1,0
0092.txt,6,185,1,16,1,2,13,0,381,1,4,9,0
0092.txt,6,186,1,15,1,2,13,0,381,1,3,9,0
0092.txt,6,186,1,15,1,7,17,0,385,1,10,16,0
0092.txt,6,187,2,15,1,2,13,0,381,1,2,9,1
0092.txt,6,189,2,14,3,7,17,0,385,1,8,18,0
0092.txt,6,190,3,14,3,3,12,6,398,1,2,2,1
0092.txt,6,192,6,14,3,3,12,6,398,1,5,8,1
0092.txt,6,193,6,16,2,3,14,0,381,1,5,25,1
0092.txt,6,193,6,16,2,7,17,0,385,1,2,9,1
0092.txt,6,202,6,13,0,13,15,0,362,1,11,-1,0
0092.txt,6,205,6,18,0,6,16,1,322,1,2,2,0
0092.txt,6,214,11,12,0,7,12,1,298,1,6,8,0
0092.txt,6,247,18,13,1,18,14,1,256,1,1,1,0
0092.txt,6,298,14,12,2,13,15,0,362,1,4,4,1
0092.txt,6,302,17,16,1,12,16,0,382,1,5,2,0
0092.txt,6,304,15,16,1,12,16,0,382,1,3,2,0
0092.txt,6,305,14,16,1,12,16,0,382,1,2,1,1
0092.txt,6,309,13,16,2,11,15,0,331,1,3,3,1
0092.txt,6,324,11,17,1,13,15,0,361,1,4,1,1
0092.txt,6,358,14,11,2,14,13,6,523,1,2,3,1
0092.txt,6,365,16,8,3,18,8,0,367,1,2,1,1
0092.txt,6,375,3,13,3,4,16,0,544,1,4,1,1
0092.txt,6,384,3,14,3,6,17,5,399,1,6,11,1
0092.txt,6,410,14,9,2,14,8,0,412,1,1,1,1
0092.txt,6,425,8,8,2,13,8,0,483,1,7,1,0
0092.txt,6,467,14,11,0,13,12,0,480,1,2,2,0
0092.txt,6,493,19,8,2,19,7,0,495,1,1,1,0
0092.txt,6,514,14,10,0,14,12,0,523,1,2,1,0
0092.txt,6,515,14,11,0,14,12,0,523,1,1,1,1
0092.txt,8,20,2,0,0,6,2,0,27,1,6,16,0
0092.txt,8,21,2,1,0,6,2,0,27,1,5,15,1
0092.txt,8,56,4,5,0,7,6,0,69,1,4,9,0
0092.txt,8,57,4,6,0,7,6,0,69,1,3,8,0
0092.txt,8,58,5,6,0,7,6,0,69,1,2,3,1
0092.txt,8,70,4,11,0,3,12,0,72,1,2,1,0
0092.txt,8,78,4,8,1,7,12,0,483,1,9,29,0
0092.txt,8,80,6,8,1,7,12,0,483,1,7,18,1
0092.txt,8,81,7,8,1,7,12,0,483,1,6,8,1
0092.txt,8,98,12,4,1,12,5,0,437,1,1,2,0
0092.txt,8,98,12,4,1,13,5,0,457,1,2,4,0
0092.txt,8,99,12,4,0,12,5,0,437,1,1,1,0
0092.txt,8,99,12,4,0,13,5,0,457,1,2,3,0
0092.txt,8,100,12,5,0,13,5,0,457,1,1,1,0
0092.txt,8,102,9,4,0,10,4,0,300,1,1,1,1
0092.txt,8,108,9,16,0,9,17,0,324,2,1,1,0
0092.txt,8,116,1,4,0,1,8,0,125,1,4,4,0
0092.txt,8,116,1,4,0,0,9,0,142,1,6,11,0
0092.txt,8,116,1,4,0,4,9,0,146,1,8,15,0
0092.txt,8,116,1,4,0,4,10,0,150,1,9,14,0
0092.txt,8,117,1,5,0,1,8,0,125,1,3,4,1
0092.txt,8,117,1,5,0,0,9,0,142,1,5,10,1
0092.txt,8,117,1,5,0,4,9,0,146,1,7,18,1
0092.txt,8,117,1,5,0,4,10,0,150,1,8,17,1
0092.txt,8,118,1,6,0,1,9,0,123,1,3,10,0
0092.txt,8,118,1,6,0,1,8,0,125,1,2,8,0
0092.txt,8,118,1,6,0,0,9,0,142,1,4,11,0
0092.txt,8,118,1,6,0,4,9,0,146,1,6,9,0
0092.txt,8,118,1,6,0,4,10,0,150,1,7,21,0
0092.txt,8,119,1,7,0,1,9,0,123,1,2,8,0
0092.txt,8,119,1,7,0,1,8,0,125,1,1,6,0
0092.txt,8,119,1,7,0,0,9,0,142,1,3,10,0
0092.txt,8,119,1,7,0,4,9,0,146,1,5,7,0
0092.txt,8,119,1,7,0,4,10,0,150,1,6,16,0
0092.txt,8,121,1,7,0,1,9,0,123,2,2,4,0
0092.txt,8,121,1,7,0,1,8,0,125,1,1,2,0
0092.txt,8,121,1,7,0,4,9,0,146,1,5,14,0
0092.txt,8,121,1,7,0,4,10,0,150,1,6,11,0
0092.txt,8,123,1,8,1,4,9,0,146,1,4,5,0
0092.txt,8,123,1,8,1,4,10,0,150,1,5,7,0
0092.txt,8,124,1,8,0,4,9,0,146,1,4,12,0
0092.txt,8,124,1,8,0,4,10,0,150,1,5,3,0
0092.txt,8,125,2,8,0,4,9,0,146,1,3,10,1
0092.txt,8,125,2,8,0,4,10,0,150,1,4,3,1
0092.txt,8,141,2,8,0,4,9,0,146,1,3,10,1
0092.txt,8,141,2,8,0,4,10,0,150,1,4,2,1
0092.txt,8,142,2,9,0,4,9,0,146,1,2,8,1
0092.txt,8,142,2,9,0,4,10,0,150,1,3,1,1
0092.txt,8,142,2,9,0,3,13,0,384,1,5,3,1
0092.txt,8,143,2,9,0,4,9,0,146,1,2,9,0
0092.txt,8,143,2,9,0,4,10,0,150,1,3,6,0
0092.txt,8,143,2,9,0,3,13,0,384,1,5,2,0
0092.txt,8,144,3,9,0,4,9,0,146,1,1,7,1
0092.txt,8,144,3,9,0,4,10,0,150,1,2,4,1
0092.txt,8,144,3,9,0,3,13,0,384,1,6,5,1
0092.txt,8,145,4,9,0,4,10,0,150,1,1,3,0
0092.txt,8,145,4,9,0,3,13,0,384,1,5,4,0
0092.txt,8,146,4,10,1,3,13,0,384,1,4,2,0
0092.txt,8,149,4,10,1,3,13,0,384,1,4,1,0
0092.txt,8,149,4,10,1,4,16,0,544,1,8,6,0
0092.txt,8,150,4,11,1,3,13,0,384,1,3,2,1
0092.txt,8,151,3,3,0,17,1,0,433,1,16,-1,1
0092.txt,8,152,4,3,1,17,1,0,433,1,15,-1,0
0092.txt,8,153,5,3,1,17,1,0,433,1,14,-1,0
0092.txt,8,161,12,4,1,17,1,0,433,1,8,30,1
0092.txt,8,162,13,4,1,17,1,0,433,1,9,37,1
0092.txt,8,173,18,16,0,12,16,0,382,1,6,9,0
0092.txt,8,173,18,16,0,17,17,0,413,1,2,1,0
0092.txt,8,176,16,1,0,17,1,0,274,1,1,6,0
0092.txt,8,181,1,17,0,8,13,2,319,2,11,-1,0
0092.txt,8,182,1,19,0,8,13,3,319,2,13,-1,0
0092.txt,8,183,1,18,0,8,13,3,319,2,12,-1,1
0092.txt,8,184,1,17,0,8,13,4,319,2,11,-1,1
0092.txt,8,185,1,16,0,2,13,0,381,1,4,9,0
0092.txt,8,185,1,16,0,7,17,0,385,1,11,-1,0
0092.txt,8,186,1,15,0,2,13,0,381,1,3,9,0
0092.txt,8,186,1,15,0,7,17,0,385,1,10,16,0
0092.txt,8,187,2,15,0,2,13,0,381,1,2,9,1
0092.txt,8,187,2,15,0,7,17,0,385,1,9,18,1
0092.txt,8,189,2,14,1,7,17,0,385,1,8,21,0
0092.txt,8,190,3,14,1,7,17,0,385,1,7,19,1
0092.txt,8,190,3,14,1,3,12,6,398,1,2,2,1
0092.txt,8,192,6,14,1,3,14,0,381,1,3,22,1
0092.txt,8,192,6,14,1,7,17,0,385,1,4,15,1
0092.txt,8,192,6,14,1,3,12,6,398,1,5,8,1
0092.txt,8,193,6,16,0,3,14,0,381,1,5,25,1
0092.txt,8,193,6,16,0,7,17,0,385,1,2,9,1
0092.txt,8,193,6,16,0,3,12,6,398,1,7,13,1
0092.txt,8,198,6,18,0,6,16,1,322,1,2,4,1
0092.txt,8,199,6,18,0,6,16,1,322,1,2,4,1
0092.txt,8,202,6,13,0,13,15,0,362,1,11,-1,0
0092.txt,8,205,6,18,0,6,16,0,322,1,2,2,0
0092.txt,8,214,11,12,0,7,12,0,298,1,6,8,0
0092.txt,8,214,11,12,0,15,8,0,523,1,8,19,0
0092.txt,8,216,7,12,0,13,15,0,362,1,11,-1,0
0092.txt,8,218,10,11,0,13,15,0,362,1,9,14,1
0092.txt,8,226,9,9,0,12,9,0,229,1,3,13,0
0092.txt,8,227,10,9,0,12,9,0,229,1,2,11,1
0092.txt,8,231,7,9,0,7,11,0,236,1,4,1,0
0092.txt,8,232,8,9,0,7,11,0,236,1,3,1,0
0092.txt,8,233,8,10,0,7,11,0,236,1,2,1,1
0092.txt,8,234,8,11,0,7,11,0,236,1,1,1,1
0092.txt,8,235,7,11,0,8,11,0,389,1,1,1,1
0092.txt,8,247,18,13,0,18,14,0,249,2,1,1,0
0092.txt,8,273,18,5,0,15,8,1,523,1,6,5,0
0092.txt,8,298,14,12,0,13,15,0,362,1,4,6,1
0092.txt,8,302,17,16,0,12,16,0,382,1,5,4,0
0092.txt,8,304,15,16,0,12,16,0,382,1,3,2,0
0092.txt,8,305,14,16,0,12,16,0,382,1,2,1,1
0092.txt,8,307,13,16,1,12,16,0,382,1,1,1,1
0092.txt,8,309,13,16,0,12,16,0,311,2,1,1,1
0092.txt,8,309,13,16,0,11,15,0,331,1,3,3,1
0092.txt,8,310,12,16,1,11,15,0,331,1,2,1,0
0092.txt,8,311,11,16,1,11,15,0,331,1,1,1,1
0092.txt,8,317,6,17,1,3,14,0,381,1,6,19,0
0092.txt,8,319,6,17,1,3,14,0,381,1,6,20,0
0092.txt,8,323,9,17,0,13,15,0,361,1,6,9,0
0092.txt,8,324,11,17,0,13,15,0,361,1,4,5,1
0092.txt,8,332,6,17,1,3,14,0,381,1,6,18,0
0092.txt,8,332,6,17,1,7,17,0,385,1,1,7,0
0092.txt,8,335,10,17,1,9,17,0,387,1,1,1,0
0092.txt,8,348,13,16,0,14,16,0,350,1,1,1,1
0092.txt,8,358,14,11,0,13,12,0,480,1,2,2,1
0092.txt,8,358,14,11,0,14,13,6,523,1,2,3,1
0092.txt,8,364,14,8,1,18,8,0,367,1,4,4,0
0092.txt,8,365,16,8,1,18,8,0,367,1,2,1,1
0092.txt,8,371,4,11,0,3,13,0,384,1,3,1,0
0092.txt,8,371,4,11,0,4,16,0,544,1,7,3,0
0092.txt,8,373,3,12,0,3,13,0,384,1,1,1,1
0092.txt,8,373,3,12,0,4,16,0,544,1,5,3,1
0092.txt,8,375,3,13,1,4,16,0,544,1,4,1,1
0092.txt,8,380,6,16,0,10,17,0,407,1,5,4,0
0092.txt,8,381,6,17,0,10,17,5,383,1,4,6,0
0092.txt,8,384,3,14,1,6,17,5,399,1,6,11,1
0092.txt,8,409,14,10,0,14,8,0,412,1,2,1,0
0092.txt,8,410,14,9,0,14,8,0,412,1,1,1,1
0092.txt,8,414,15,5,0,14,12,0,523,1,8,16,0
0092.txt,8,425,8,8,0,13,8,0,483,1,7,1,0
0092.txt,8,458,14,5,0,15,5,0,464,1,1,1,1
0092.txt,8,465,14,10,0,14,12,0,523,1,2,3,0
0092.txt,8,467,14,11,0,13,12,0,480,1,2,2,0
0092.txt,8,470,13,14,1,15,16,0,475,1,4,2,1
0092.txt,8,471,13,16,1,15,16,0,475,1,2,1,0
0092.txt,8,492,18,8,0,19,7,0,495,1,2,2,0
0092.txt,8,493,19,8,0,19,7,0,495,1,1,1,0
0092.txt,8,514,14,10,0,14,12,0,523,1,2,1,0
0092.txt,8,515,14,11,0,14,12,0,523,1,1,1,1
0092.txt,8,539,6,13,0,6,15,0,546,1,2,2,0
0092.txt,8,540,6,14,0,6,15,0,546,1,1,1,1
0093.txt,6,9,5,8,0,4,6,0,21,1,3,3,1
0093.txt,6,11,5,7,0,5,6,0,21,1,1,1,1
0093.txt,6,21,6,6,1,6,3,0,34,1,3,1,1
0093.txt,6,27,11,5,0,6,2,1,45,1,10,7,0
0093.txt,6,29,10,6,0,6,2,2,45,1,8,6,0
0093.txt,6,35,8,2,2,6,2,2,45,1,2,2,1
0093.txt,6,38,9,0,0,6,2,0,45,1,5,4,0
0093.txt,6,39,9,1,0,6,2,0,45,1,4,4,1
0093.txt,6,40,8,2,0,6,2,0,45,1,2,2,1
0093.txt,6,41,9,2,3,6,2,2,45,1,3,2,0
0093.txt,6,50,1,1,0,3,3,0,60,1,4,3,0
0093.txt,6,52,1,3,0,3,3,0,60,1,2,2,0
0093.txt,6,58,6,4,2,8,5,0,73,2,3,2,0
0093.txt,6,64,6,5,0,6,6,0,70,1,1,2,0
0093.txt,6,64,6,5,0,8,5,0,73,2,2,1,0
0093.txt,8,9,5,8,0,4,6,0,21,1,3,3,1
0093.txt,8,11,5,7,0,5,6,0,21,1,1,1,1
0093.txt,8,12,5,6,0,3,5,0,34,1,9,7,0
0093.txt,8,21,6,6,0,6,3,0,34,1,3,1,1
0093.txt,8,27,11,5,0,6,2,0,45,1,10,7,0
0093.txt,8,29,10,6,0,6,2,0,45,1,8,6,0
0093.txt,8,30,9,6,0,6,2,1,45,1,7,5,0
0093.txt,8,31,9,5,0,6,2,1,45,1,6,4,0
0093.txt,8,32,8,5,0,6,2,1,45,1,5,4,1
0093.txt,8,33,8,3,0,6,2,1,45,1,3,2,0
0093.txt,8,35,8,2,0,9,0,0,41,1,3,4,1
0093.txt,8,35,8,2,0,6,2,2,45,1,2,2,1
0093.txt,8,38,9,0,0,6,2,0,45,1,5,4,0
0093.txt,8,39,9,1,0,6,2,0,45,1,4,4,1
0093.txt,8,40,8,2,0,6,2,0,45,1,2,2,1
0093.txt,8,41,9,2,1,6,2,2,45,1,3,2,0
0093.txt,8,50,1,1,0,3,3,0,60,1,4,3,0
0093.txt,8,52,1,3,0,3,3,0,60,1,2,2,0
0093.txt,8,57,6,3,0,8,5,0,73,2,4,2,0
0093.txt,8,58,6,4,0,8,5,0,73,2,3,2,0
0093.txt,8,60,6,5,0,8,5,0,73,2,2,1,1
0093.txt,8,64,6,5,0,6,6,0,70,1,1,2,0
0093.txt,8,64,6,5,0,8,5,0,73,2,2,1,0
0093.txt,8,67,7,5,0,7,6,0,70,1,1,1,0
0094.txt,6,42,6,16,0,5,15,0,61,1,2,2,0
0094.txt,6,50,2,11,0,4,4,5,65,1,9,8,0
0094.txt,6,51,3,11,0,4,4,5,65,1,8,8,0
0094.txt,6,52,4,11,0,4,4,5,65,1,7,8,1
0094.txt,6,54,6,15,0,5,15,0,61,1,1,1,0
0094.txt,6,54,6,15,0,4,11,0,71,1,6,5,0
0094.txt,6,60,4,14,2,9,11,0,106,1,8,5,1
0094.txt,6,62,4,13,1,9,11,0,106,1,7,4,0
0094.txt,6,81,8,12,2,9,9,0,113,1,4,3,0
0094.txt,6,82,9,12,2,9,11,0,106,1,1,1,1
0094.txt,6,84,13,12,0,14,8,0,90,1,5,4,0
0094.txt,6,85,9,11,3,9,9,0,113,1,2,2,0
0094.txt,6,86,13,11,0,14,8,0,90,1,4,2,0
0094.txt,6,87,13,10,0,14,8,0,90,1,3,2,0
0094.txt,8,42,6,16,0,5,15,0,61,1,2,2,0
0094.txt,8,49,4,3,0,12,2,3,111,1,9,7,0
0094.txt,8,50,2,11,0,4,4,3,65,1,9,8,0
0094.txt,8,51,3,11,0,4,4,3,65,1,8,8,0
0094.txt,8,52,4,11,0,4,4,3,65,1,7,8,1
0094.txt,8,54,6,15,0,5,15,0,61,1,1,1,0
0094.txt,8,54,6,15,0,4,4,4,65,1,13,-1,0
0094.txt,8,54,6,15,0,4,11,0,71,1,6,5,0
0094.txt,8,58,5,15,0,4,4,5,65,1,12,-1,0
0094.txt,8,58,5,15,0,4,11,0,71,1,5,3,0
0094.txt,8,58,5,15,0,9,12,1,76,1,7,4,0
0094.txt,8,59,4,15,0,9,11,0,106,1,9,6,0
0094.txt,8,60,4,14,0,9,11,0,106,1,8,6,1
0094.txt,8,61,4,13,1,9,11,0,106,1,7,5,1
0094.txt,8,62,4,13,0,4,11,0,71,1,2,1,0
0094.txt,8,62,4,13,0,9,12,2,76,1,6,2,0
0094.txt,8,62,4,13,0,9,11,0,106,1,7,4,0
0094.txt,8,62,4,13,0,9,9,0,113,1,9,7,0
0094.txt,8,67,4,12,1,9,9,0,113,1,8,6,0
0094.txt,8,71,8,12,1,9,9,0,113,1,4,4,1
0094.txt,8,72,4,4,0,10,2,3,111,1,8,6,0
0094.txt,8,73,5,4,0,10,2,3,111,1,7,6,0
0094.txt,8,74,6,4,0,10,2,3,111,1,6,5,1
0094.txt,8,76,8,12,1,9,9,0,113,1,4,4,1
0094.txt,8,78,8,12,1,9,9,0,113,1,4,3,1
0094.txt,8,81,8,12,0,9,11,0,106,1,2,2,0
0094.txt,8,81,8,12,0,9,9,0,113,1,4,3,0
0094.txt,8,82,9,12,0,9,11,0,106,1,1,1,1
0094.txt,8,82,9,12,0,9,9,0,113,1,3,3,1
0094.txt,8,84,13,12,0,14,8,0,90,1,5,4,0
0094.txt,8,85,9,11,1,9,9,0,113,1,2,2,0
0094.txt,8,86,13,11,0,14,8,0,90,1,4,2,0
0094.txt,8,87,13,10,0,14,8,0,90,1,3,2,0
0094.txt,8,105,10,5,0,10,2,2,111,1,3,3,1
0094.txt,8,106,9,10,1,9,9,0,113,1,1,2,1
0095.txt,6,4,14,2,0,10,0,0,127,1,6,4,0
0095.txt,6,23,6,12,0,13,12,0,164,1,11,-1,0
0095.txt,6,29,14,0,0,11,1,0,127,1,4,2,1
0095.txt,6,29,14,0,0,8,10,0,250,1,16,-1,1
0095.txt,6,31,13,12,0,11,3,0,87,1,11,-1,0
0095.txt,6,33,13,0,0,11,1,0,127,1,3,1,0
0095.txt,6,33,13,0,0,8,10,0,250,1,15,-1,0
0095.txt,6,34,13,1,0,11,1,0,127,1,2,1,0
0095.txt,6,34,13,1,0,8,10,0,250,1,14,-1,0
0095.txt,6,35,12,1,0,11,1,0,127,1,1,1,1
0095.txt,6,35,12,1,0,8,10,0,250,1,13,-1,1
0095.txt,6,52,10,14,0,12,12,0,81,1,4,4,0
0095.txt,6,52,10,14,0,11,12,0,84,1,5,5,0
0095.txt,6,52,10,14,0,11,3,0,87,1,14,-1,0
0095.txt,6,52,10,14,0,12,4,0,94,1,12,-1,0
0095.txt,6,54,11,14,0,12,12,0,81,1,3,3,1
0095.txt,6,54,11,14,0,11,12,0,84,1,4,4,1
0095.txt,6,54,11,14,0,11,3,0,87,1,13,-1,1
0095.txt,6,54,11,14,0,12,4,0,94,1,11,-1,1
0095.txt,6,58,12,14,0,12,13,0,64,1,1,1,0
0095.txt,6,58,12,14,0,12,12,0,81,1,2,2,0
0095.txt,6,58,12,14,0,11,12,0,84,1,3,3,0
0095.txt,6,58,12,14,0,11,3,0,87,1,12,-1,0
0095.txt,6,58,12,14,0,12,4,0,94,1,10,17,0
0095.txt,6,58,12,14,0,10,4,0,97,1,12,-1,0
0095.txt,6,63,12,13,1,12,12,1,84,1,1,1,0
0095.txt,6,63,12,13,1,11,3,0,87,1,11,-1,0
0095.txt,6,63,12,13,1,12,4,0,94,1,9,14,0
0095.txt,6,63,12,13,1,10,4,0,97,1,11,-1,0
0095.txt,6,64,12,12,3,11,3,0,87,1,10,16,0
0095.txt,6,64,12,12,3,12,4,0,94,1,8,13,0
0095.txt,6,71,11,1,0,8,10,0,250,1,12,-1,0
0095.txt,6,75,12,12,3,11,3,0,87,1,10,15,0
0095.txt,6,75,12,12,3,12,4,0,94,1,8,12,0
0095.txt,6,75,12,12,3,10,4,0,97,1,10,18,0
0095.txt,6,76,12,11,3,11,3,0,87,1,9,15,0
0095.txt,6,76,12,11,3,12,4,0,94,1,7,12,0
0095.txt,6,81,12,7,3,11,3,0,87,1,5,7,1
0095.txt,6,81,12,7,3,12,4,0,94,1,3,3,1
0095.txt,6,82,12,7,2,11,3,0,87,1,5,7,0
0095.txt,6,82,12,7,2,12,4,0,94,1,3,3,0
0095.txt,6,83,12,6,3,11,3,0,87,1,4,4,1
0095.txt,6,83,12,6,3,12,4,0,94,1,2,2,1
0095.txt,6,83,12,6,3,10,4,0,97,1,4,5,1
0095.txt,6,84,12,4,3,11,3,0,87,1,2,1,1
0095.txt,6,85,12,4,2,11,3,0,87,1,2,1,0
0095.txt,6,85,12,4,2,10,4,0,97,1,2,3,0
0095.txt,6,88,11,2,3,8,10,0,250,1,11,-1,0
0095.txt,6,93,11,3,2,8,10,0,250,1,10,24,0
0095.txt,6,95,11,4,1,10,4,0,97,1,1,3,0
0095.txt,6,102,9,3,0,9,4,0,112,1,1,1,0
0095.txt,6,116,11,3,0,8,10,0,250,1,10,20,1
0095.txt,6,119,10,7,0,11,7,0,122,1,1,1,0
0095.txt,6,119,10,7,0,13,10,0,206,1,6,20,0
0095.txt,6,125,11,4,3,8,10,0,250,1,9,17,0
0095.txt,6,126,10,4,3,7,4,1,226,1,3,1,1
0095.txt,6,126,10,4,3,8,10,0,250,1,10,20,1
0095.txt,6,127,9,4,3,8,10,0,250,1,9,16,1
0095.txt,6,129,4,10,0,13,10,0,164,1,11,-1,0
0095.txt,6,135,9,4,2,8,8,0,248,1,7,10,0
0095.txt,6,135,9,4,2,8,10,0,250,1,9,15,0
0095.txt,6,141,4,10,0,13,10,0,164,1,11,-1,0
0095.txt,6,148,6,13,0,13,10,0,164,1,10,14,0
0095.txt,6,151,6,12,0,13,10,0,164,1,9,13,0
0095.txt,6,152,5,11,0,13,10,0,164,1,9,19,0
0095.txt,6,156,6,11,1,13,10,2,164,1,8,12,0
0095.txt,6,157,6,10,2,13,10,2,164,1,7,9,1
0095.txt,6,158,7,10,3,13,10,2,164,1,6,8,0
0095.txt,6,160,7,9,2,13,10,2,164,1,7,14,0
0095.txt,6,161,10,9,3,13,10,2,164,1,4,9,1
0095.txt,6,165,10,9,1,9,10,0,174,1,2,1,0
0095.txt,6,168,8,10,0,5,4,1,240,1,9,14,1
0095.txt,6,182,4,7,2,9,7,2,206,1,5,10,0
0095.txt,6,246,7,4,0,6,4,1,250,1,1,1,1
0095.txt,8,4,14,2,0,10,0,0,127,1,6,4,0
0095.txt,8,23,6,12,0,13,12,0,164,1,11,-1,0
0095.txt,8,29,14,0,0,11,1,0,127,1,4,2,1
0095.txt,8,29,14,0,0,8,10,0,250,1,16,-1,1
0095.txt,8,31,13,12,0,11,3,0,87,1,11,-1,0
0095.txt,8,33,13,0,0,11,1,0,127,1,3,1,0
0095.txt,8,33,13,0,0,8,10,0,250,1,15,-1,0
0095.txt,8,34,13,1,0,11,1,0,127,1,2,1,0
0095.txt,8,34,13,1,0,8,10,0,250,1,14,-1,0
0095.txt,8,35,12,1,0,11,1,0,127,1,1,1,1
0095.txt,8,35,12,1,0,8,10,0,250,1,13,-1,1
0095.txt,8,52,10,14,0,12,12,0,81,1,4,4,0
0095.txt,8,52,10,14,0,11,12,0,84,1,5,5,0
0095.txt,8,52,10,14,0,11,3,0,87,1,14,-1,0
0095.txt,8,52,10,14,0,12,4,0,94,1,12,-1,0
0095.txt,8,54,11,14,0,12,12,0,81,1,3,3,1
0095.txt,8,54,11,14,0,11,12,0,84,1,4,4,1
0095.txt,8,54,11,14,0,11,3,0,87,1,13,-1,1
0095.txt,8,54,11,14,0,12,4,0,94,1,11,-1,1
0095.txt,8,56,13,6,0,11,1,0,127,1,7,18,0
0095.txt,8,58,12,14,0,12,13,0,64,1,1,1,0
0095.txt,8,58,12,14,0,12,12,0,81,1,2,2,0
0095.txt,8,58,12,14,0,11,12,0,84,1,3,3,0
0095.txt,8,58,12,14,0,11,3,0,87,1,12,-1,0
0095.txt,8,58,12,14,0,12,4,0,94,1,10,17,0
0095.txt,8,58,12,14,0,10,4,0,97,1,12,-1,0
0095.txt,8,63,12,13,0,12,12,0,81,2,1,1,0
0095.txt,8,63,12,13,0,11,3,0,87,1,11,-1,0
0095.txt,8,63,12,13,0,12,4,0,94,1,9,14,0
0095.txt,8,63,12,13,0,10,4,0,97,1,11,-1,0
0095.txt,8,64,12,12,1,11,3,0,87,1,10,16,0
0095.txt,8,64,12,12,1,12,4,0,94,1,8,13,0
0095.txt,8,64,12,12,1,10,4,0,97,1,10,17,0
0095.txt,8,68,6,1,0,4,1,0,228,1,2,1,0
0095.txt,8,71,11,1,0,11,2,0,90,1,1,1,0
0095.txt,8,71,11,1,0,8,10,0,250,1,12,-1,0
0095.txt,8,75,12,12,1,11,3,0,87,1,10,15,0
0095.txt,8,75,12,12,1,12,4,0,94,1,8,12,0
0095.txt,8,75,12,12,1,10,4,0,97,1,10,16,0
0095.txt,8,76,12,11,1,11,3,0,87,1,9,15,0
0095.txt,8,76,12,11,1,12,4,0,94,1,7,12,0
0095.txt,8,76,12,11,1,10,4,0,97,1,9,16,0
0095.txt,8,81,12,7,1,11,3,0,87,1,5,7,1
0095.txt,8,81,12,7,1,12,4,0,94,1,3,3,1
0095.txt,8,81,12,7,1,10,4,0,97,1,5,9,1
0095.txt,8,82,12,7,0,11,3,0,87,1,5,7,0
0095.txt,8,82,12,7,0,12,4,0,94,1,3,3,0
0095.txt,8,82,12,7,0,10,4,0,97,1,5,9,0
0095.txt,8,83,12,6,1,11,3,0,87,1,4,4,1
0095.txt,8,83,12,6,1,12,4,0,94,1,2,1,1
0095.txt,8,83,12,6,1,10,4,0,97,1,4,5,1
0095.txt,8,84,12,4,1,11,3,0,87,1,2,1,1
0095.txt,8,84,12,4,1,10,4,0,97,1,2,3,1
0095.txt,8,85,12,4,0,11,3,0,87,1,2,2,0
0095.txt,8,85,12,4,0,10,4,0,97,1,2,1,0
0095.txt,8,87,11,4,1,10,4,0,97,1,1,1,0
0095.txt,8,88,11,2,1,11,5,4,93,1,3,3,0
0095.txt,8,88,11,2,1,8,10,0,250,1,11,-1,0
0095.txt,8,90,11,3,1,8,10,0,250,1,10,24,1
0095.txt,8,93,11,3,0,8,10,0,250,1,10,24,0
0095.txt,8,94,11,4,0,10,4,0,97,1,1,1,1
0095.txt,8,95,11,4,0,10,4,0,97,1,1,1,0
0095.txt,8,102,9,3,0,9,4,0,112,1,1,1,0
0095.txt,8,116,11,3,0,8,10,0,250,1,10,20,1
0095.txt,8,119,10,7,0,11,7,0,122,1,1,1,0
0095.txt,8,119,10,7,0,13,10,0,206,1,6,21,0
0095.txt,8,120,11,7,0,13,10,0,206,1,5,10,0
0095.txt,8,121,4,3,0,2,11,0,191,1,10,24,1
0095.txt,8,122,12,7,0,13,10,0,206,1,4,8,1
0095.txt,8,125,11,4,1,8,8,0,248,1,7,6,0
0095.txt,8,125,11,4,1,8,10,0,250,1,9,17,0
0095.txt,8,126,10,4,1,7,4,1,226,1,3,1,1
0095.txt,8,126,10,4,1,8,8,0,248,1,8,11,1
0095.txt,8,126,10,4,1,8,10,0,250,1,10,20,1
0095.txt,8,127,9,4,1,8,8,0,248,1,7,10,1
0095.txt,8,127,9,4,1,8,10,0,250,1,9,16,1
0095.txt,8,129,4,10,0,13,10,0,164,1,11,-1,0
0095.txt,8,135,9,4,0,7,4,1,226,1,2,1,0
0095.txt,8,135,9,4,0,8,8,0,248,1,7,9,0
0095.txt,8,135,9,4,0,8,10,0,250,1,9,15,0
0095.txt,8,138,2,11,0,2,10,0,182,1,1,1,0
0095.txt,8,141,4,10,0,13,10,0,164,1,11,-1,0
0095.txt,8,143,2,10,0,13,10,1,206,1,13,-1,0
0095.txt,8,144,2,9,0,13,10,1,206,1,14,-1,1
0095.txt,8,147,2,8,0,13,10,0,206,1,15,-1,0
0095.txt,8,148,6,13,0,13,10,0,164,1,10,14,0
0095.txt,8,151,6,12,0,13,10,0,164,1,9,13,0
0095.txt,8,152,5,11,0,13,10,0,164,1,9,19,0
0095.txt,8,156,6,11,0,13,10,1,164,1,8,12,0
0095.txt,8,157,6,10,0,13,10,2,164,2,7,9,1
0095.txt,8,158,7,10,1,13,10,2,164,2,6,8,0
0095.txt,8,160,7,9,0,13,10,2,164,2,7,14,0
0095.txt,8,161,10,9,1,13,10,2,164,1,4,9,1
0095.txt,8,165,10,9,0,9,8,0,169,1,2,2,0
0095.txt,8,165,10,9,0,9,10,0,174,1,2,1,0
0095.txt,8,168,8,10,0,8,9,0,210,1,1,1,1
0095.txt,8,168,8,10,0,5,4,0,240,1,9,14,1
0095.txt,8,173,8,9,0,7,4,0,215,1,6,6,0
0095.txt,8,180,3,7,1,9,7,2,206,1,6,14,0
0095.txt,8,182,4,7,0,9,7,2,206,1,5,8,0
0095.txt,8,184,9,7,0,4,4,6,193,1,8,13,1
0095.txt,8,199,8,8,1,7,4,0,215,1,5,3,0
0095.txt,8,200,8,7,1,7,4,0,215,1,4,3,0
0095.txt,8,210,6,4,1,7,4,0,215,1,1,2,1
0095.txt,8,229,12,7,0,13,7,0,237,1,1,1,0
0095.txt,8,246,7,4,0,6,4,0,248,2,1,1,1
0096.txt,6,16,10,10,0,10,7,0,29,1,3,1,0
0096.txt,6,19,10,7,0,2,10,0,80,1,11,-1,1
0096.txt,6,22,1,10,0,2,7,0,28,1,4,4,0
0096.txt,6,25,1,8,0,1,7,0,28,1,1,1,0
0096.txt,6,25,1,8,0,0,6,0,55,1,3,2,0
0096.txt,6,27,1,7,0,1,6,0,55,1,1,1,0
0096.txt,6,29,10,6,0,1,6,4,80,1,9,17,0
0096.txt,6,45,6,3,0,5,5,0,48,1,3,3,0
0096.txt,6,45,6,3,0,6,4,0,52,1,1,1,0
0096.txt,6,46,6,4,1,5,5,0,48,1,2,2,0
0096.txt,6,53,7,6,0,6,4,4,80,1,3,5,0
0096.txt,8,16,10,10,0,10,7,0,29,1,3,1,0
0096.txt,8,19,10,7,0,2,10,0,80,1,11,-1,1
0096.txt,8,22,1,10,0,2,7,0,28,1,4,4,0
0096.txt,8,25,1,8,0,1,7,0,28,1,1,1,0
0096.txt,8,25,1,8,0,0,6,0,55,1,3,2,0
0096.txt,8,27,1,7,0,1,6,0,55,1,1,1,0
0096.txt,8,29,10,6,0,1,6,2,80,1,9,17,0
0096.txt,8,43,6,4,0,5,5,0,48,1,2,5,0
0096.txt,8,45,6,3,0,5,5,0,48,1,3,3,0
0096.txt,8,45,6,3,0,6,4,0,52,1,1,1,0
0096.txt,8,46,6,4,0,5,5,0,48,1,2,2,0
0096.txt,8,53,7,6,0,6,4,3,80,1,3,5,0
0096.txt,8,62,6,0,0,8,0,0,65,1,2,1,0
0096.txt,8,63,7,0,0,8,0,0,65,1,1,1,1
0097.txt,6,1,16,0,0,14,2,0,14,1,4,8,0
0097.txt,6,1,16,0,0,4,5,0,106,1,21,-1,0
0097.txt,6,4,16,1,0,14,2,0,14,1,3,10,0
0097.txt,6,4,16,1,0,4,5,0,106,1,20,-1,0
0097.txt,6,5,16,2,0,14,2,0,14,1,2,13,0
0097.txt,6,5,16,2,0,4,5,0,106,1,19,-1,0
0097.txt,6,6,15,2,0,14,2,0,14,1,1,8,1
0097.txt,6,6,15,2,0,4,5,0,106,1,18,-1,1
0097.txt,6,9,14,2,0,4,5,0,106,1,17,-1,0
0097.txt,6,10,13,2,1,4,5,0,106,1,16,-1,0
0097.txt,6,13,12,2,3,9,0,0,25,1,5,20,0
0097.txt,6,13,12,2,3,4,5,0,106,1,15,-1,0
0097.txt,6,14,11,2,3,4,5,0,106,1,14,-1,1
0097.txt,6,16,11,2,3,4,5,0,106,1,14,-1,0
0097.txt,6,17,11,2,1,9,0,0,25,1,4,18,1
0097.txt,6,17,11,2,1,4,5,0,106,1,14,-1,1
0097.txt,6,18,11,2,0,9,0,0,25,1,4,15,1
0097.txt,6,31,7,0,0,2,7,0,471,1,14,-1,0
0097.txt,6,32,3,6,0,4,5,0,106,1,2,2,0
0097.txt,6,47,10,0,3,19,12,0,242,1,47,-1,1
0097.txt,6,49,11,6,0,4,5,0,106,1,12,-1,0
0097.txt,6,51,8,1,3,19,12,0,242,1,44,-1,1
0097.txt,6,54,11,7,0,4,6,1,106,1,10,10,1
0097.txt,6,63,7,3,3,19,12,0,242,1,41,-1,0
0097.txt,6,65,7,1,0,2,7,0,471,1,13,-1,0
0097.txt,6,66,7,2,0,2,7,0,471,1,12,-1,1
0097.txt,6,70,11,8,1,10,8,0,79,1,1,1,1
0097.txt,6,70,11,8,1,4,6,3,106,1,9,13,1
0097.txt,6,71,10,2,0,8,12,0,514,1,26,-1,0
0097.txt,6,72,10,3,0,8,12,0,514,1,25,-1,0
0097.txt,6,73,9,3,0,8,12,0,514,1,24,-1,1
0097.txt,6,74,8,3,0,8,12,0,514,1,23,-1,0
0097.txt,6,75,7,3,3,8,12,0,514,1,22,-1,0
0097.txt,6,77,4,6,0,2,15,0,164,1,13,-1,0
0097.txt,6,77,4,6,0,7,7,0,194,1,4,4,0
0097.txt,6,84,6,4,3,19,12,0,242,1,39,-1,1
0097.txt,6,85,4,7,0,7,7,0,194,1,3,3,0
0097.txt,6,86,8,8,2,4,7,2,107,1,5,3,1
0097.txt,6,87,7,8,0,4,7,2,107,1,4,3,0
0097.txt,6,88,6,8,1,4,7,2,107,1,3,3,1
0097.txt,6,89,4,1,0,4,8,2,119,1,17,-1,0
0097.txt,6,90,4,7,0,2,15,0,164,1,12,-1,0
0097.txt,6,90,4,7,0,7,7,0,194,1,3,5,0
0097.txt,6,91,6,3,3,2,7,0,471,1,10,15,1
0097.txt,6,94,7,7,0,2,15,0,164,1,15,-1,0
0097.txt,6,95,6,3,1,6,4,0,262,1,1,1,0
0097.txt,6,95,6,3,1,8,12,0,514,1,21,-1,0
0097.txt,6,102,4,8,3,6,7,5,194,1,3,3,0
0097.txt,6,105,6,4,3,8,12,0,514,1,20,-1,0
0097.txt,6,109,6,8,3,19,12,0,242,1,35,-1,0
0097.txt,6,111,2,8,3,19,12,0,242,1,33,-1,1
0097.txt,6,113,0,3,0,0,10,5,126,1,7,2,0
0097.txt,6,114,0,4,1,0,10,5,126,1,6,2,1
0097.txt,6,115,0,6,1,0,10,5,126,1,4,1,0
0097.txt,6,116,0,7,1,0,10,5,126,1,3,2,0
0097.txt,6,124,0,11,3,19,12,0,242,1,32,-1,0
0097.txt,6,129,6,8,3,2,7,0,471,1,5,12,1
0097.txt,6,131,2,8,0,2,7,0,471,1,1,3,1
0097.txt,6,140,0,14,3,19,12,0,242,1,29,-1,0
0097.txt,6,142,1,16,2,19,12,0,242,1,26,-1,1
0097.txt,6,151,2,17,3,19,12,0,242,1,26,-1,0
0097.txt,6,154,0,13,0,2,16,1,164,1,5,7,0
0097.txt,6,155,0,15,0,2,16,0,164,1,3,3,0
0097.txt,6,207,18,3,0,17,5,0,253,1,3,4,0
0097.txt,6,217,7,18,3,19,12,0,242,1,18,-1,1
0097.txt,6,218,9,18,3,19,12,0,242,1,16,-1,0
0097.txt,6,219,10,18,3,19,12,0,242,1,15,-1,0
0097.txt,6,221,11,16,3,19,12,0,242,1,12,-1,0
0097.txt,6,222,17,4,0,17,5,0,253,1,1,2,0
0097.txt,6,234,13,16,3,19,12,0,242,1,10,22,0
0097.txt,6,236,16,16,3,19,12,0,242,1,7,19,0
0097.txt,6,237,16,15,3,19,12,0,242,1,6,15,0
0097.txt,6,238,17,15,3,19,12,0,242,1,5,11,0
0097.txt,6,240,19,14,3,19,12,0,242,1,2,5,0
0097.txt,6,248,11,16,1,13,16,0,260,1,2,1,0
0097.txt,6,261,6,4,1,8,12,0,514,1,20,-1,1
0097.txt,6,267,15,7,3,11,14,0,356,1,11,-1,1
0097.txt,6,314,16,16,0,17,15,2,324,1,2,2,0
0097.txt,6,314,16,16,0,15,10,1,373,1,11,-1,0
0097.txt,6,335,15,16,0,10,11,2,378,1,10,9,0
0097.txt,6,336,14,16,1,10,11,2,378,1,9,7,0
0097.txt,6,337,15,10,0,11,14,0,356,1,8,11,0
0097.txt,6,338,13,16,2,10,11,2,378,1,8,6,0
0097.txt,6,339,14,10,1,11,14,0,356,1,7,10,0
0097.txt,6,340,13,10,1,5,17,0,402,1,17,-1,0
0097.txt,6,341,13,11,1,11,14,0,356,1,5,9,1
0097.txt,6,342,12,16,2,10,11,2,378,1,7,6,1
0097.txt,6,343,12,11,2,5,17,0,402,1,15,-1,0
0097.txt,6,344,12,12,2,11,14,0,356,1,3,5,0
0097.txt,6,345,11,12,3,5,17,0,402,1,13,-1,0
0097.txt,6,346,11,13,3,11,14,0,356,1,1,4,1
0097.txt,6,350,11,14,3,5,17,0,402,1,11,-1,1
0097.txt,6,357,11,16,2,5,17,0,402,1,9,4,0
0097.txt,6,358,10,16,2,5,17,0,402,1,8,4,0
0097.txt,6,360,10,18,2,5,17,0,402,1,6,2,1
0097.txt,6,363,9,18,2,5,17,0,402,1,5,2,1
0097.txt,6,364,9,18,0,5,17,0,402,1,5,3,0
0097.txt,6,374,9,18,0,7,18,0,378,1,2,2,0
0097.txt,6,377,7,18,3,5,17,0,402,1,3,2,1
0097.txt,6,390,5,12,0,3,9,3,405,1,5,5,0
0097.txt,6,406,6,10,0,5,10,0,412,1,1,1,0
0097.txt,6,493,6,5,0,3,8,0,514,1,6,5,0
0097.txt,6,494,6,6,0,3,8,0,514,1,5,5,1
0097.txt,6,496,6,7,0,3,8,0,514,1,4,4,0
0097.txt,6,497,5,7,0,3,8,0,514,1,3,3,1
0097.txt,6,500,4,7,1,3,8,0,514,1,2,2,0
0097.txt,6,501,4,8,1,3,8,0,514,1,1,2,1
0097.txt,8,1,16,0,0,14,2,0,14,1,4,8,0
0097.txt,8,1,16,0,0,4,5,0,106,1,21,-1,0
0097.txt,8,4,16,1,0,14,2,0,14,1,3,10,0
0097.txt,8,4,16,1,0,4,5,0,106,1,20,-1,0
0097.txt,8,5,16,2,0,14,2,0,14,1,2,13,0
0097.txt,8,5,16,2,0,4,5,0,106,1,19,-1,0
0097.txt,8,6,15,2,0,14,2,0,14,1,1,8,1
0097.txt,8,6,15,2,0,4,5,0,106,1,18,-1,1
0097.txt,8,9,14,2,0,4,5,0,106,1,17,-1,0
0097.txt,8,10,13,2,0,4,5,0,106,1,16,-1,0
0097.txt,8,13,12,2,1,9,0,0,25,1,5,8,0
0097.txt,8,13,12,2,1,4,5,0,106,1,15,-1,0
0097.txt,8,14,11,2,1,9,0,0,25,1,4,6,1
0097.txt,8,14,11,2,1,4,5,0,106,1,14,-1,1
0097.txt,8,16,11,2,1,9,0,0,25,1,4,18,0
0097.txt,8,16,11,2,1,4,5,0,106,1,14,-1,0
0097.txt,8,17,11,2,0,9,0,0,25,1,4,15,1
0097.txt,8,17,11,2,0,4,5,0,106,1,14,-1,1
0097.txt,8,18,11,2,0,9,0,0,25,1,4,15,1
0097.txt,8,31,7,0,0,2,7,0,471,1,14,-1,0
0097.txt,8,32,3,6,0,4,5,0,106,1,2,2,0
0097.txt,8,46,11,0,0,19,12,0,242,1,48,-1,0
0097.txt,8,47,10,0,1,19,12,0,242,1,47,-1,1
0097.txt,8,48,8,0,1,19,12,0,242,1,45,-1,1
0097.txt,8,49,11,6,0,4,5,0,106,1,12,-1,0
0097.txt,8,51,8,1,1,19,12,0,242,1,44,-1,1
0097.txt,8,54,11,7,0,4,6,0,106,1,10,10,1
0097.txt,8,59,8,2,1,19,12,0,242,1,43,-1,1
0097.txt,8,60,8,3,1,9,8,0,123,1,10,3,1
0097.txt,8,60,8,3,1,19,12,0,242,1,42,-1,1
0097.txt,8,63,7,3,1,9,8,0,123,1,9,1,0
0097.txt,8,63,7,3,1,19,12,0,242,1,41,-1,0
0097.txt,8,64,6,3,1,19,12,0,242,1,40,-1,0
0097.txt,8,65,7,1,0,2,7,0,471,1,13,-1,0
0097.txt,8,66,7,2,0,2,7,0,471,1,12,-1,1
0097.txt,8,70,11,8,0,10,8,0,79,1,1,1,1
0097.txt,8,70,11,8,0,4,6,2,106,1,9,13,1
0097.txt,8,71,10,2,0,8,12,0,514,1,26,-1,0
0097.txt,8,72,10,3,0,8,12,0,514,1,25,-1,0
0097.txt,8,73,9,3,0,8,12,0,514,1,24,-1,1
0097.txt,8,74,8,3,0,7,3,0,91,1,1,1,0
0097.txt,8,74,8,3,0,8,12,0,514,1,23,-1,0
0097.txt,8,75,7,3,1,5,4,0,105,1,3,1,0
0097.txt,8,75,7,3,1,8,12,0,514,1,22,-1,0
0097.txt,8,77,4,6,0,2,15,0,164,1,13,-1,0
0097.txt,8,77,4,6,0,7,7,0,194,1,4,4,0
0097.txt,8,84,6,4,1,8,8,6,123,1,6,1,1
0097.txt,8,84,6,4,1,19,12,0,242,1,39,-1,1
0097.txt,8,85,4,7,0,2,15,0,164,1,12,-1,0
0097.txt,8,85,4,7,0,7,7,0,194,1,3,3,0
0097.txt,8,86,8,8,0,4,7,2,107,1,5,5,1
0097.txt,8,87,7,8,0,4,7,0,106,2,4,4,0
0097.txt,8,88,6,8,0,4,7,1,106,2,3,5,1
0097.txt,8,89,4,1,0,4,8,0,119,1,17,-1,0
0097.txt,8,90,4,7,0,2,15,0,164,1,12,-1,0
0097.txt,8,90,4,7,0,7,7,0,194,1,3,5,0
0097.txt,8,91,6,3,1,6,4,0,262,1,1,1,1
0097.txt,8,91,6,3,1,2,7,0,471,1,10,15,1
0097.txt,8,91,6,3,1,8,12,0,514,1,21,-1,1
0097.txt,8,92,4,0,0,4,8,3,119,1,16,-1,0
0097.txt,8,94,7,7,0,2,15,0,164,1,15,-1,0
0097.txt,8,95,6,3,0,5,4,0,105,1,2,2,0
0097.txt,8,95,6,3,0,6,4,0,262,1,1,1,0
0097.txt,8,95,6,3,0,8,12,0,514,1,21,-1,0
0097.txt,8,101,0,1,0,4,8,3,119,1,11,-1,1
0097.txt,8,102,4,8,1,6,7,5,194,1,3,3,0
0097.txt,8,103,2,8,1,6,7,5,194,1,5,4,1
0097.txt,8,105,6,4,1,8,12,0,514,1,20,-1,0
0097.txt,8,107,0,8,0,0,3,3,130,1,5,5,0
0097.txt,8,108,6,6,1,0,8,0,123,1,8,2,0
0097.txt,8,108,6,6,1,19,12,0,242,1,37,-1,0
0097.txt,8,109,6,8,1,0,8,0,123,1,6,1,0
0097.txt,8,109,6,8,1,19,12,0,242,1,35,-1,0
0097.txt,8,110,4,8,1,0,8,0,123,1,4,1,0
0097.txt,8,110,4,8,1,19,12,0,242,1,33,-1,0
0097.txt,8,111,2,8,1,0,8,0,123,1,2,1,1
0097.txt,8,111,2,8,1,19,12,0,242,1,33,-1,1
0097.txt,8,112,0,8,1,19,12,0,242,1,35,-1,1
0097.txt,8,113,0,3,0,0,10,3,119,2,7,2,0
0097.txt,8,114,0,4,0,0,10,4,119,2,6,2,1
0097.txt,8,115,0,6,0,0,10,4,119,2,4,2,0
0097.txt,8,116,0,7,0,0,10,4,119,2,3,2,0
0097.txt,8,118,0,10,0,0,8,4,130,1,2,1,0
0097.txt,8,120,6,7,1,2,7,0,471,1,6,12,1
0097.txt,8,123,0,9,1,1,17,0,217,1,9,5,1
0097.txt,8,123,0,9,1,19,12,0,242,1,34,-1,1
0097.txt,8,124,0,11,1,1,17,0,217,1,7,3,0
0097.txt,8,124,0,11,1,19,12,0,242,1,32,-1,0
0097.txt,8,125,0,12,1,1,17,0,217,1,6,3,0
0097.txt,8,125,0,12,1,19,12,0,242,1,31,-1,0
0097.txt,8,129,6,8,1,2,7,0,471,1,5,12,1
0097.txt,8,131,2,8,0,2,15,0,164,1,11,-1,1
0097.txt,8,131,2,8,0,2,7,0,471,1,1,3,1
0097.txt,8,132,3,8,0,2,15,0,164,1,10,26,1
0097.txt,8,140,0,14,1,1,17,0,217,1,4,2,0
0097.txt,8,140,0,14,1,19,12,0,242,1,29,-1,0
0097.txt,8,141,0,16,1,1,17,0,217,1,2,1,0
0097.txt,8,141,0,16,1,19,12,0,242,1,27,-1,0
0097.txt,8,142,1,16,0,1,17,0,217,1,1,1,1
0097.txt,8,142,1,16,0,19,12,0,242,1,26,-1,1
0097.txt,8,150,1,17,1,19,12,0,242,1,27,-1,0
0097.txt,8,151,2,17,1,19,12,0,242,1,26,-1,0
0097.txt,8,154,0,13,0,2,16,0,164,1,5,7,0
0097.txt,8,155,0,15,0,2,16,0,164,1,3,3,0
0097.txt,8,170,2,16,0,7,18,0,268,1,7,7,0
0097.txt,8,171,3,16,0,7,18,0,268,1,6,7,1
0097.txt,8,198,3,8,0,2,18,0,485,1,13,-1,0
0097.txt,8,204,3,12,1,2,18,0,485,1,7,3,0
0097.txt,8,207,18,3,0,17,5,0,253,1,3,4,0
0097.txt,8,216,6,18,1,19,12,0,242,1,19,-1,1
0097.txt,8,217,7,18,1,19,12,0,242,1,18,-1,1
0097.txt,8,218,9,18,1,19,12,0,242,1,16,-1,0
0097.txt,8,219,10,18,1,19,12,0,242,1,15,-1,0
0097.txt,8,221,11,16,1,19,12,0,242,1,12,-1,0
0097.txt,8,222,17,4,0,17,5,0,253,1,1,2,0
0097.txt,8,234,13,16,1,19,12,0,242,1,10,22,0
0097.txt,8,236,16,16,1,19,12,0,242,1,7,19,0
0097.txt,8,237,16,15,1,19,12,0,242,1,6,15,0
0097.txt,8,238,17,15,1,19,12,0,242,1,5,11,0
0097.txt,8,240,19,14,1,19,12,0,242,1,2,5,0
0097.txt,8,246,11,16,0,11,15,0,248,1,1,2,0
0097.txt,8,248,11,16,0,13,16,0,260,1,2,1,0
0097.txt,8,250,13,18,0,13,16,0,256,2,2,1,0
0097.txt,8,261,6,4,0,8,12,0,514,1,20,-1,1
0097.txt,8,262,6,5,0,8,12,0,514,1,19,-1,0
0097.txt,8,265,16,7,0,11,14,0,356,1,12,-1,0
0097.txt,8,267,15,7,1,11,14,0,356,1,11,-1,1
0097.txt,8,314,16,16,0,17,15,0,324,1,2,2,0
0097.txt,8,314,16,16,0,15,10,0,373,1,11,-1,0
0097.txt,8,324,15,16,0,10,16,0,348,1,5,4,0
0097.txt,8,324,15,16,0,10,11,2,378,1,10,12,0
0097.txt,8,327,16,13,0,13,12,0,334,1,4,1,0
0097.txt,8,328,15,13,0,13,12,0,334,1,3,1,0
0097.txt,8,330,14,12,0,13,12,0,334,1,1,1,1
0097.txt,8,335,15,16,0,10,16,0,348,1,5,4,0
0097.txt,8,335,15,16,0,15,10,2,373,1,10,10,0
0097.txt,8,335,15,16,0,10,11,0,378,1,10,9,0
0097.txt,8,336,14,16,0,10,11,1,378,1,9,7,0
0097.txt,8,337,15,10,0,11,14,0,356,1,8,11,0
0097.txt,8,338,13,16,0,10,11,2,378,1,8,6,0
0097.txt,8,339,14,10,0,11,14,0,356,1,7,10,0
0097.txt,8,339,14,10,0,5,17,0,402,1,18,-1,0
0097.txt,8,340,13,10,0,11,14,0,356,1,6,10,0
0097.txt,8,340,13,10,0,5,17,0,402,1,17,-1,0
0097.txt,8,341,13,11,0,11,14,0,356,1,5,9,1
0097.txt,8,341,13,11,0,5,17,0,402,1,16,-1,1
0097.txt,8,342,12,16,0,10,11,2,378,1,7,6,1
0097.txt,8,343,12,11,0,11,14,0,356,1,4,5,0
0097.txt,8,343,12,11,0,5,17,0,402,1,15,-1,0
0097.txt,8,344,12,12,0,11,14,0,356,1,3,5,0
0097.txt,8,344,12,12,0,5,17,0,402,1,14,-1,0
0097.txt,8,345,11,12,1,11,14,0,356,1,2,4,0
0097.txt,8,345,11,12,1,5,17,0,402,1,13,-1,0
0097.txt,8,346,11,13,1,11,14,0,356,1,1,4,1
0097.txt,8,346,11,13,1,5,17,0,402,1,12,-1,1
0097.txt,8,350,11,14,1,5,17,0,402,1,11,-1,1
0097.txt,8,357,11,16,0,5,17,0,402,1,9,4,0
0097.txt,8,358,10,16,0,5,17,0,402,1,8,4,0
0097.txt,8,360,10,18,0,5,17,0,402,1,6,4,1
0097.txt,8,361,11,15,0,9,18,5,378,1,5,2,0
0097.txt,8,361,11,15,0,12,16,0,472,1,2,1,0
0097.txt,8,363,9,18,0,5,17,0,402,1,5,2,1
0097.txt,8,364,9,18,0,11,16,5,371,1,4,5,0
0097.txt,8,364,9,18,0,7,18,0,378,1,2,1,0
0097.txt,8,364,9,18,0,5,17,0,402,1,5,3,0
0097.txt,8,371,8,18,0,5,17,0,402,1,4,4,0
0097.txt,8,372,9,18,0,7,18,0,378,1,2,2,1
0097.txt,8,372,9,18,0,8,14,0,472,1,5,5,1
0097.txt,8,374,9,18,0,7,18,0,378,1,2,2,0
0097.txt,8,376,8,18,0,7,18,0,378,1,1,1,0
0097.txt,8,376,8,18,0,5,17,0,402,1,4,3,0
0097.txt,8,377,7,18,1,5,17,0,402,1,3,2,1
0097.txt,8,390,5,12,0,3,9,1,405,1,5,3,0
0097.txt,8,392,4,12,0,3,9,2,405,1,4,2,0
0097.txt,8,398,6,18,0,5,17,0,402,1,2,1,0
0097.txt,8,400,3,15,0,3,16,0,485,1,1,1,1
0097.txt,8,406,6,10,0,5,10,0,412,1,1,1,0
0097.txt,8,457,8,13,0,8,14,0,472,1,1,1,0
0097.txt,8,469,2,8,0,2,7,0,471,1,1,2,0
0097.txt,8,493,6,5,0,3,8,0,514,1,6,5,0
0097.txt,8,494,6,6,0,3,8,0,514,1,5,5,1
0097.txt,8,496,6,7,0,3,8,0,514,1,4,4,0
0097.txt,8,497,5,7,0,3,8,0,514,1,3,3,1
0097.txt,8,500,4,7,0,3,8,0,514,1,2,2,0
0097.txt,8,501,4,8,0,3,8,0,514,1,1,2,1
0098.txt,6,39,5,5,3,5,7,0,83,1,2,1,1
0098.txt,6,41,1,9,0,5,5,0,52,1,8,5,0
0098.txt,6,42,1,8,0,5,5,0,52,1,7,5,0
0098.txt,6,43,1,7,0,5,5,0,52,1,6,3,1
0098.txt,6,44,1,6,0,5,5,0,52,1,5,2,0
0098.txt,6,45,2,6,0,5,5,0,52,1,4,2,1
0098.txt,6,46,2,5,0,5,5,0,52,1,3,1,0
0098.txt,6,47,3,5,0,5,5,0,52,1,2,1,0
0098.txt,6,48,4,5,0,5,5,0,52,1,1,1,1
0098.txt,6,53,12,10,0,10,8,0,57,1,4,2,0
0098.txt,6,55,10,10,0,10,8,0,57,1,2,2,1
0098.txt,6,57,10,7,0,11,7,0,123,1,1,1,0
0098.txt,6,62,9,6,0,10,5,0,123,1,2,6,0
0098.txt,6,63,10,5,0,12,0,0,78,1,7,13,0
0098.txt,6,64,9,5,2,12,0,0,78,1,8,16,0
0098.txt,6,66,9,4,3,8,6,0,89,1,3,3,0
0098.txt,6,70,10,4,3,12,0,0,78,1,6,7,1
0098.txt,6,80,8,4,2,8,6,0,89,1,2,1,0
0098.txt,6,81,8,5,2,8,6,0,89,1,1,1,1
0098.txt,6,103,5,12,3,8,11,0,116,1,4,2,0
0098.txt,6,104,8,12,3,8,11,0,116,1,1,1,0
0098.txt,6,105,8,12,2,8,11,0,116,1,1,1,1
0098.txt,8,35,5,1,0,5,4,0,39,1,3,1,0
0098.txt,8,37,5,3,0,5,4,0,39,1,1,1,1
0098.txt,8,39,5,5,1,5,7,0,83,1,2,1,1
0098.txt,8,41,1,9,0,5,5,0,52,1,8,5,0
0098.txt,8,42,1,8,0,5,5,0,52,1,7,5,0
0098.txt,8,43,1,7,0,5,5,0,52,1,6,3,1
0098.txt,8,44,1,6,0,5,5,0,52,1,5,2,0
0098.txt,8,45,2,6,0,5,5,0,52,1,4,2,1
0098.txt,8,46,2,5,0,5,5,0,52,1,3,1,0
0098.txt,8,47,3,5,0,5,5,0,52,1,2,1,0
0098.txt,8,48,4,5,0,5,5,0,52,1,1,1,1
0098.txt,8,53,12,10,0,10,8,0,57,1,4,2,0
0098.txt,8,55,10,10,0,10,8,0,57,1,2,2,1
0098.txt,8,57,10,7,0,11,7,0,123,1,1,1,0
0098.txt,8,62,9,6,0,10,5,0,123,1,2,6,0
0098.txt,8,63,10,5,0,12,0,0,78,1,7,13,0
0098.txt,8,64,9,5,0,12,0,0,78,1,8,16,0
0098.txt,8,64,9,5,0,8,6,0,89,1,2,3,0
0098.txt,8,66,9,4,1,8,6,0,89,1,3,4,0
0098.txt,8,70,10,4,1,12,0,0,78,1,6,7,1
0098.txt,8,72,11,4,0,12,0,0,78,1,5,5,0
0098.txt,8,80,8,4,0,8,6,0,89,1,2,1,0
0098.txt,8,81,8,5,0,8,6,0,89,1,1,1,1
0098.txt,8,100,6,12,0,4,12,0,103,1,2,1,0
0098.txt,8,101,4,12,0,6,12,0,103,1,2,1,0
0098.txt,8,101,4,12,0,8,11,0,116,1,5,3,0
0098.txt,8,103,5,12,3,8,12,0,108,1,3,1,0
0098.txt,8,103,5,12,3,8,11,0,116,1,4,2,0
0098.txt,8,104,8,12,1,8,11,0,116,1,1,1,0
0098.txt,8,105,8,12,0,8,11,0,116,1,1,1,1
0099.txt,6,21,1,0,0,1,2,0,37,1,2,4,0
0099.txt,6,27,1,1,0,1,2,0,37,1,1,2,0
0099.txt,6,29,2,2,1,2,3,0,33,1,1,1,0
0099.txt,6,43,13,1,0,8,14,0,148,1,18,-1,0
0099.txt,6,44,12,1,0,8,14,0,148,1,17,-1,1
0099.txt,6,45,12,2,1,8,14,0,148,1,16,-1,0
0099.txt,6,47,12,2,0,8,14,0,148,1,16,-1,0
0099.txt,6,50,11,2,0,8,14,0,148,1,15,-1,0
0099.txt,6,51,10,2,3,8,14,0,148,1,14,-1,0
0099.txt,6,54,9,1,0,3,5,0,154,1,10,13,0
0099.txt,6,55,9,2,1,8,14,0,148,1,13,-1,0
0099.txt,6,57,7,4,0,2,10,0,184,1,11,-1,0
0099.txt,6,58,9,3,3,8,14,0,148,1,12,-1,0
0099.txt,6,59,8,3,3,7,5,0,64,1,3,2,0
0099.txt,6,61,7,4,3,7,5,0,64,1,1,2,1
0099.txt,6,62,7,4,2,7,5,0,64,1,1,1,0
0099.txt,6,62,7,4,2,8,14,0,148,1,11,-1,0
0099.txt,6,63,7,5,3,8,14,0,148,1,10,28,0
0099.txt,6,65,7,6,1,8,14,0,148,1,9,31,1
0099.txt,6,70,7,7,3,8,14,0,148,1,8,24,0
0099.txt,6,71,9,7,3,8,14,0,148,1,8,28,1
0099.txt,6,73,11,7,2,8,14,0,148,1,10,28,0
0099.txt,6,74,10,7,2,8,14,0,148,1,9,29,1
0099.txt,6,75,9,7,3,8,14,0,148,1,8,29,0
0099.txt,6,76,9,11,1,8,14,0,148,1,4,13,0
0099.txt,6,88,11,11,1,8,14,0,148,1,6,10,0
0099.txt,6,89,11,12,2,8,14,0,148,1,5,10,0
0099.txt,6,90,11,14,0,8,14,0,148,1,3,6,1
0099.txt,6,91,10,14,0,8,14,0,148,1,2,6,1
0099.txt,6,97,6,4,0,2,10,0,184,1,10,14,1
0099.txt,6,98,5,4,0,2,10,0,184,1,9,10,0
0099.txt,6,99,4,4,0,2,10,0,184,1,8,10,0
0099.txt,6,100,4,5,1,2,10,0,184,1,7,9,0
0099.txt,6,101,3,5,3,2,10,0,184,1,6,4,0
0099.txt,6,102,3,6,3,3,9,0,106,1,3,1,1
0099.txt,6,102,3,6,3,2,10,0,184,1,5,3,1
0099.txt,6,103,3,7,3,2,10,0,184,1,4,4,1
0099.txt,6,104,3,8,2,3,9,0,106,1,1,1,1
0099.txt,6,104,3,8,2,2,10,0,184,1,3,6,1
0099.txt,6,105,3,9,3,2,10,0,184,1,2,1,0
0099.txt,6,106,3,10,3,2,10,0,184,1,1,2,1
0099.txt,6,107,4,10,0,14,15,0,159,2,15,-1,0
0099.txt,6,108,3,10,3,14,15,1,161,1,16,-1,1
0099.txt,6,108,3,10,3,2,10,0,184,1,1,1,1
0099.txt,6,109,3,10,0,2,10,0,184,1,1,1,0
0099.txt,6,116,2,14,3,14,15,1,161,1,13,-1,0
0099.txt,6,117,9,14,2,8,14,0,148,1,1,3,1
0099.txt,6,117,9,14,2,14,15,1,161,1,6,6,1
0099.txt,6,119,10,12,0,9,10,1,125,1,3,1,0
0099.txt,6,120,9,12,0,9,10,1,125,1,2,2,1
0099.txt,6,135,4,7,4,7,7,1,146,1,3,1,1
0099.txt,6,135,4,7,4,14,15,0,159,2,18,-1,1
0099.txt,6,138,7,7,3,14,15,1,161,1,15,-1,0
0099.txt,6,139,8,7,3,14,15,1,161,1,14,-1,1
0099.txt,6,140,8,8,2,14,15,1,161,1,13,-1,1
0099.txt,6,142,8,8,2,14,15,0,159,2,13,-1,0
0099.txt,6,143,14,5,0,9,8,4,154,1,8,5,0
0099.txt,6,146,9,8,3,14,15,1,161,1,12,-1,0
0099.txt,6,149,9,8,3,14,15,1,161,1,12,-1,0
0099.txt,6,151,9,8,1,14,15,1,161,1,12,-1,0
0099.txt,6,152,9,9,0,9,8,2,155,1,1,1,0
0099.txt,6,153,9,8,3,14,15,1,161,1,12,-1,1
0099.txt,6,163,10,8,0,9,8,2,165,1,1,1,0
0099.txt,8,21,1,0,0,1,2,0,37,1,2,4,0
0099.txt,8,27,1,1,0,1,2,0,37,1,1,2,0
0099.txt,8,29,2,2,0,2,3,0,33,1,1,1,0
0099.txt,8,43,13,1,0,8,14,0,148,1,18,-1,0
0099.txt,8,44,12,1,0,8,14,0,148,1,17,-1,1
0099.txt,8,45,12,2,0,10,1,0,52,1,3,2,0
0099.txt,8,45,12,2,0,8,14,0,148,1,16,-1,0
0099.txt,8,47,12,2,0,10,2,0,52,1,2,2,0
0099.txt,8,47,12,2,0,8,14,0,148,1,16,-1,0
0099.txt,8,50,11,2,0,10,2,0,52,1,1,1,0
0099.txt,8,50,11,2,0,8,14,0,148,1,15,-1,0
0099.txt,8,51,10,2,1,8,14,0,148,1,14,-1,0
0099.txt,8,52,9,2,1,8,14,0,148,1,13,-1,1
0099.txt,8,54,9,1,0,3,5,0,154,1,10,13,0
0099.txt,8,55,9,2,0,9,3,0,61,1,1,1,0
0099.txt,8,55,9,2,0,8,14,0,148,1,13,-1,0
0099.txt,8,55,9,2,0,3,5,0,154,1,9,15,0
0099.txt,8,57,7,4,0,2,10,0,184,1,11,-1,0
0099.txt,8,58,9,3,1,7,5,0,64,1,4,2,0
0099.txt,8,58,9,3,1,8,14,0,148,1,12,-1,0
0099.txt,8,59,8,3,1,7,5,0,64,1,3,2,0
0099.txt,8,59,8,3,1,8,14,0,148,1,11,-1,0
0099.txt,8,61,7,4,1,7,5,0,64,1,1,2,1
0099.txt,8,61,7,4,1,8,14,0,148,1,11,-1,1
0099.txt,8,62,7,4,0,7,5,0,64,1,1,1,0
0099.txt,8,62,7,4,0,8,14,0,148,1,11,-1,0
0099.txt,8,63,7,5,1,8,14,0,148,1,10,28,0
0099.txt,8,64,7,6,1,8,14,0,148,1,9,30,1
0099.txt,8,65,7,6,0,8,14,0,148,1,9,32,1
0099.txt,8,65,7,6,0,3,5,0,154,1,5,11,1
0099.txt,8,70,7,7,1,8,14,0,148,1,8,28,0
0099.txt,8,71,9,7,1,11,7,0,75,1,2,2,1
0099.txt,8,71,9,7,1,8,14,0,148,1,8,31,1
0099.txt,8,73,11,7,0,8,14,0,148,1,10,28,0
0099.txt,8,74,10,7,0,8,14,0,148,1,9,30,1
0099.txt,8,75,9,7,1,8,14,0,148,1,8,33,0
0099.txt,8,76,9,11,0,8,14,0,148,1,4,10,0
0099.txt,8,88,11,11,0,8,14,0,148,1,6,10,0
0099.txt,8,89,11,12,0,8,14,0,148,1,5,8,0
0099.txt,8,90,11,14,0,8,14,0,148,1,3,6,1
0099.txt,8,91,10,14,0,8,14,0,148,1,2,6,1
0099.txt,8,97,6,4,0,2,10,0,184,1,10,14,1
0099.txt,8,98,5,4,0,4,10,0,108,1,9,11,0
0099.txt,8,98,5,4,0,2,10,0,184,1,9,10,0
0099.txt,8,99,4,4,0,4,10,0,108,1,8,7,0
0099.txt,8,99,4,4,0,2,10,0,184,1,8,10,0
0099.txt,8,100,4,5,0,2,10,0,184,1,7,9,0
0099.txt,8,101,3,5,1,3,9,0,106,1,4,1,0
0099.txt,8,101,3,5,1,2,10,0,184,1,6,5,0
0099.txt,8,102,3,6,1,3,9,0,106,1,3,1,1
0099.txt,8,102,3,6,1,2,10,0,184,1,5,3,1
0099.txt,8,103,3,7,1,3,9,0,106,1,2,1,1
0099.txt,8,103,3,7,1,2,10,0,184,1,4,5,1
0099.txt,8,104,3,8,0,3,9,0,106,1,1,1,1
0099.txt,8,104,3,8,0,2,10,0,184,1,3,6,1
0099.txt,8,105,3,9,1,2,10,0,184,1,2,2,0
0099.txt,8,106,3,10,1,2,10,0,184,1,1,2,1
0099.txt,8,107,4,10,0,14,15,0,159,2,15,-1,0
0099.txt,8,108,3,10,1,14,15,1,161,1,16,-1,1
0099.txt,8,108,3,10,1,2,10,0,184,1,1,1,1
0099.txt,8,109,3,10,0,2,10,0,184,1,1,1,0
0099.txt,8,113,2,13,0,2,15,1,116,1,2,1,0
0099.txt,8,116,2,14,1,14,15,1,161,1,13,-1,0
0099.txt,8,117,9,14,0,8,14,0,148,1,1,3,1
0099.txt,8,117,9,14,0,14,15,1,161,1,6,6,1
0099.txt,8,119,10,12,0,9,10,0,123,2,3,1,0
0099.txt,8,120,9,12,0,9,10,0,123,2,2,2,1
0099.txt,8,121,9,11,0,9,10,0,123,2,1,1,0
0099.txt,8,121,9,11,0,3,7,1,155,1,10,17,0
0099.txt,8,129,2,14,0,1,15,0,131,1,2,2,1
0099.txt,8,132,1,7,0,3,7,0,135,1,2,1,0
0099.txt,8,133,2,7,0,3,7,0,135,1,1,1,1
0099.txt,8,134,3,7,1,14,15,1,161,1,19,-1,1
0099.txt,8,135,4,7,4,7,7,0,146,1,3,1,1
0099.txt,8,135,4,7,4,14,15,0,159,2,18,-1,1
0099.txt,8,138,7,7,1,14,15,1,161,1,15,-1,0
0099.txt,8,139,8,7,1,14,15,1,161,1,14,-1,1
0099.txt,8,140,8,8,0,14,15,1,161,1,13,-1,1
0099.txt,8,142,8,8,0,14,15,0,159,2,13,-1,0
0099.txt,8,143,14,5,0,9,8,2,154,2,8,6,0
0099.txt,8,144,14,6,0,9,8,4,154,1,7,4,1
0099.txt,8,145,14,7,0,9,8,4,154,1,6,4,1
0099.txt,8,146,9,8,1,12,8,4,151,1,3,4,0
0099.txt,8,146,9,8,1,14,15,1,161,1,12,-1,0
0099.txt,8,149,9,8,1,14,15,1,161,1,12,-1,0
0099.txt,8,151,9,8,0,14,15,0,159,2,12,-1,0
0099.txt,8,152,9,9,0,9,8,0,155,1,1,1,0
0099.txt,8,153,9,8,1,14,15,1,161,1,12,-1,1
0099.txt,8,155,11,8,0,14,15,1,161,1,10,10,0
0099.txt,8,163,10,8,0,9,8,0,165,1,1,1,0
0099.txt,8,169,14,9,0,15,9,0,176,1,1,1,0
0099.txt,8,171,15,11,0,15,9,0,176,1,2,2,1
0099.txt,8,181,9,14,0,8,14,0,183,1,1,1,0
