round,case,floors,variant,position,task,iterations,cpu_ns,checksum
0,0000.txt,104,v037,0,reuse_copy,16384,282000,134209536
0,0000.txt,104,v037,0,create_copy_destroy,16384,290000,134209536
0,0000.txt,104,v039,1,reuse_copy,16384,81000,134209536
0,0000.txt,104,v039,1,create_copy_destroy,16384,87000,134209536
0,0001.txt,152,v037,1,reuse_copy,16384,302000,134209536
0,0001.txt,152,v037,1,create_copy_destroy,16384,296000,134209536
0,0001.txt,152,v039,0,reuse_copy,16384,122000,134209536
0,0001.txt,152,v039,0,create_copy_destroy,16384,128000,134209536
0,0002.txt,150,v037,0,reuse_copy,16384,281000,134209536
0,0002.txt,150,v037,0,create_copy_destroy,16384,296000,134209536
0,0002.txt,150,v039,1,reuse_copy,16384,123000,134209536
0,0002.txt,150,v039,1,create_copy_destroy,16384,133000,134209536
0,0003.txt,284,v037,1,reuse_copy,16384,285000,134209536
0,0003.txt,284,v037,1,create_copy_destroy,16384,290000,134209536
0,0003.txt,284,v039,0,reuse_copy,16384,208000,134209536
0,0003.txt,284,v039,0,create_copy_destroy,16384,220000,134209536
0,0004.txt,216,v037,0,reuse_copy,16384,281000,134209536
0,0004.txt,216,v037,0,create_copy_destroy,16384,290000,134209536
0,0004.txt,216,v039,1,reuse_copy,16384,163000,134209536
0,0004.txt,216,v039,1,create_copy_destroy,16384,172000,134209536
0,0005.txt,197,v037,1,reuse_copy,16384,309000,134209536
0,0005.txt,197,v037,1,create_copy_destroy,16384,289000,134209536
0,0005.txt,197,v039,0,reuse_copy,16384,159000,134209536
0,0005.txt,197,v039,0,create_copy_destroy,16384,174000,134209536
0,0006.txt,104,v037,0,reuse_copy,16384,298000,134209536
0,0006.txt,104,v037,0,create_copy_destroy,16384,290000,134209536
0,0006.txt,104,v039,1,reuse_copy,16384,84000,134209536
0,0006.txt,104,v039,1,create_copy_destroy,16384,90000,134209536
0,0007.txt,121,v037,1,reuse_copy,16384,282000,134209536
0,0007.txt,121,v037,1,create_copy_destroy,16384,290000,134209536
0,0007.txt,121,v039,0,reuse_copy,16384,103000,134209536
0,0007.txt,121,v039,0,create_copy_destroy,16384,121000,134209536
0,0008.txt,123,v037,0,reuse_copy,16384,283000,134209536
0,0008.txt,123,v037,0,create_copy_destroy,16384,290000,134209536
0,0008.txt,123,v039,1,reuse_copy,16384,110000,134209536
0,0008.txt,123,v039,1,create_copy_destroy,16384,115000,134209536
0,0009.txt,185,v037,1,reuse_copy,16384,282000,134209536
0,0009.txt,185,v037,1,create_copy_destroy,16384,290000,134209536
0,0009.txt,185,v039,0,reuse_copy,16384,149000,134209536
0,0009.txt,185,v039,0,create_copy_destroy,16384,163000,134209536
0,0010.txt,97,v037,0,reuse_copy,16384,281000,134209536
0,0010.txt,97,v037,0,create_copy_destroy,16384,290000,134209536
0,0010.txt,97,v039,1,reuse_copy,16384,88000,134209536
0,0010.txt,97,v039,1,create_copy_destroy,16384,105000,134209536
0,0011.txt,175,v037,1,reuse_copy,16384,285000,134209536
0,0011.txt,175,v037,1,create_copy_destroy,16384,302000,134209536
0,0011.txt,175,v039,0,reuse_copy,16384,153000,134209536
0,0011.txt,175,v039,0,create_copy_destroy,16384,166000,134209536
0,0012.txt,134,v037,0,reuse_copy,16384,297000,134209536
0,0012.txt,134,v037,0,create_copy_destroy,16384,294000,134209536
0,0012.txt,134,v039,1,reuse_copy,16384,112000,134209536
0,0012.txt,134,v039,1,create_copy_destroy,16384,137000,134209536
0,0013.txt,196,v037,1,reuse_copy,16384,292000,134209536
0,0013.txt,196,v037,1,create_copy_destroy,16384,297000,134209536
0,0013.txt,196,v039,0,reuse_copy,16384,148000,134209536
0,0013.txt,196,v039,0,create_copy_destroy,16384,160000,134209536
0,0014.txt,273,v037,0,reuse_copy,16384,293000,134209536
0,0014.txt,273,v037,0,create_copy_destroy,16384,290000,134209536
0,0014.txt,273,v039,1,reuse_copy,16384,218000,134209536
0,0014.txt,273,v039,1,create_copy_destroy,16384,241000,134209536
0,0015.txt,286,v037,1,reuse_copy,16384,293000,134209536
0,0015.txt,286,v037,1,create_copy_destroy,16384,294000,134209536
0,0015.txt,286,v039,0,reuse_copy,16384,220000,134209536
0,0015.txt,286,v039,0,create_copy_destroy,16384,235000,134209536
0,0016.txt,171,v037,0,reuse_copy,16384,298000,134209536
0,0016.txt,171,v037,0,create_copy_destroy,16384,322000,134209536
0,0016.txt,171,v039,1,reuse_copy,16384,147000,134209536
0,0016.txt,171,v039,1,create_copy_destroy,16384,159000,134209536
0,0017.txt,171,v037,1,reuse_copy,16384,281000,134209536
0,0017.txt,171,v037,1,create_copy_destroy,16384,290000,134209536
0,0017.txt,171,v039,0,reuse_copy,16384,150000,134209536
0,0017.txt,171,v039,0,create_copy_destroy,16384,152000,134209536
0,0018.txt,103,v037,0,reuse_copy,16384,607000,134209536
0,0018.txt,103,v037,0,create_copy_destroy,16384,308000,134209536
0,0018.txt,103,v039,1,reuse_copy,16384,121000,134209536
0,0018.txt,103,v039,1,create_copy_destroy,16384,111000,134209536
0,0019.txt,368,v037,1,reuse_copy,16384,294000,134209536
0,0019.txt,368,v037,1,create_copy_destroy,16384,297000,134209536
0,0019.txt,368,v039,0,reuse_copy,16384,274000,134209536
0,0019.txt,368,v039,0,create_copy_destroy,16384,276000,134209536
0,0020.txt,133,v037,0,reuse_copy,16384,281000,134209536
0,0020.txt,133,v037,0,create_copy_destroy,16384,295000,134209536
0,0020.txt,133,v039,1,reuse_copy,16384,109000,134209536
0,0020.txt,133,v039,1,create_copy_destroy,16384,126000,134209536
0,0021.txt,159,v037,1,reuse_copy,16384,284000,134209536
0,0021.txt,159,v037,1,create_copy_destroy,16384,304000,134209536
0,0021.txt,159,v039,0,reuse_copy,16384,137000,134209536
0,0021.txt,159,v039,0,create_copy_destroy,16384,143000,134209536
0,0022.txt,139,v037,0,reuse_copy,16384,297000,134209536
0,0022.txt,139,v037,0,create_copy_destroy,16384,290000,134209536
0,0022.txt,139,v039,1,reuse_copy,16384,114000,134209536
0,0022.txt,139,v039,1,create_copy_destroy,16384,129000,134209536
0,0023.txt,139,v037,1,reuse_copy,16384,285000,134209536
0,0023.txt,139,v037,1,create_copy_destroy,16384,286000,134209536
0,0023.txt,139,v039,0,reuse_copy,16384,124000,134209536
0,0023.txt,139,v039,0,create_copy_destroy,16384,124000,134209536
0,0024.txt,180,v037,0,reuse_copy,16384,281000,134209536
0,0024.txt,180,v037,0,create_copy_destroy,16384,290000,134209536
0,0024.txt,180,v039,1,reuse_copy,16384,136000,134209536
0,0024.txt,180,v039,1,create_copy_destroy,16384,149000,134209536
0,0025.txt,177,v037,1,reuse_copy,16384,292000,134209536
0,0025.txt,177,v037,1,create_copy_destroy,16384,290000,134209536
0,0025.txt,177,v039,0,reuse_copy,16384,143000,134209536
0,0025.txt,177,v039,0,create_copy_destroy,16384,152000,134209536
0,0026.txt,256,v037,0,reuse_copy,16384,281000,134209536
0,0026.txt,256,v037,0,create_copy_destroy,16384,292000,134209536
0,0026.txt,256,v039,1,reuse_copy,16384,204000,134209536
0,0026.txt,256,v039,1,create_copy_destroy,16384,197000,134209536
0,0027.txt,113,v037,1,reuse_copy,16384,284000,134258688
0,0027.txt,113,v037,1,create_copy_destroy,16384,291000,134258688
0,0027.txt,113,v039,0,reuse_copy,16384,99000,134258688
0,0027.txt,113,v039,0,create_copy_destroy,16384,110000,134258688
0,0028.txt,234,v037,0,reuse_copy,16384,285000,134209536
0,0028.txt,234,v037,0,create_copy_destroy,16384,287000,134209536
0,0028.txt,234,v039,1,reuse_copy,16384,179000,134209536
0,0028.txt,234,v039,1,create_copy_destroy,16384,201000,134209536
0,0029.txt,273,v037,1,reuse_copy,16384,286000,134209536
0,0029.txt,273,v037,1,create_copy_destroy,16384,290000,134209536
0,0029.txt,273,v039,0,reuse_copy,16384,217000,134209536
0,0029.txt,273,v039,0,create_copy_destroy,16384,238000,134209536
0,0030.txt,248,v037,0,reuse_copy,16384,301000,134275072
0,0030.txt,248,v037,0,create_copy_destroy,16384,303000,134275072
0,0030.txt,248,v039,1,reuse_copy,16384,184000,134275072
0,0030.txt,248,v039,1,create_copy_destroy,16384,190000,134275072
0,0031.txt,153,v037,1,reuse_copy,16384,281000,134209536
0,0031.txt,153,v037,1,create_copy_destroy,16384,291000,134209536
0,0031.txt,153,v039,0,reuse_copy,16384,130000,134209536
0,0031.txt,153,v039,0,create_copy_destroy,16384,134000,134209536
0,0032.txt,210,v037,0,reuse_copy,16384,287000,134209536
0,0032.txt,210,v037,0,create_copy_destroy,16384,290000,134209536
0,0032.txt,210,v039,1,reuse_copy,16384,179000,134209536
0,0032.txt,210,v039,1,create_copy_destroy,16384,173000,134209536
0,0033.txt,144,v037,1,reuse_copy,16384,281000,134209536
0,0033.txt,144,v037,1,create_copy_destroy,16384,290000,134209536
0,0033.txt,144,v039,0,reuse_copy,16384,113000,134209536
0,0033.txt,144,v039,0,create_copy_destroy,16384,117000,134209536
0,0034.txt,285,v037,0,reuse_copy,16384,289000,134209536
0,0034.txt,285,v037,0,create_copy_destroy,16384,298000,134209536
0,0034.txt,285,v039,1,reuse_copy,16384,219000,134209536
0,0034.txt,285,v039,1,create_copy_destroy,16384,243000,134209536
0,0035.txt,106,v037,1,reuse_copy,16384,294000,134209536
0,0035.txt,106,v037,1,create_copy_destroy,16384,295000,134209536
0,0035.txt,106,v039,0,reuse_copy,16384,89000,134209536
0,0035.txt,106,v039,0,create_copy_destroy,16384,95000,134209536
0,0036.txt,186,v037,0,reuse_copy,16384,285000,134209536
0,0036.txt,186,v037,0,create_copy_destroy,16384,290000,134209536
0,0036.txt,186,v039,1,reuse_copy,16384,146000,134209536
0,0036.txt,186,v039,1,create_copy_destroy,16384,153000,134209536
0,0037.txt,276,v037,1,reuse_copy,16384,290000,134209536
0,0037.txt,276,v037,1,create_copy_destroy,16384,294000,134209536
0,0037.txt,276,v039,0,reuse_copy,16384,213000,134209536
0,0037.txt,276,v039,0,create_copy_destroy,16384,225000,134209536
0,0038.txt,169,v037,0,reuse_copy,16384,288000,134209536
0,0038.txt,169,v037,0,create_copy_destroy,16384,290000,134209536
0,0038.txt,169,v039,1,reuse_copy,16384,138000,134209536
0,0038.txt,169,v039,1,create_copy_destroy,16384,159000,134209536
0,0039.txt,252,v037,1,reuse_copy,16384,283000,134209536
0,0039.txt,252,v037,1,create_copy_destroy,16384,290000,134209536
0,0039.txt,252,v039,0,reuse_copy,16384,187000,134209536
0,0039.txt,252,v039,0,create_copy_destroy,16384,192000,134209536
0,0040.txt,195,v037,0,reuse_copy,16384,283000,134209536
0,0040.txt,195,v037,0,create_copy_destroy,16384,300000,134209536
0,0040.txt,195,v039,1,reuse_copy,16384,178000,134209536
0,0040.txt,195,v039,1,create_copy_destroy,16384,186000,134209536
0,0041.txt,141,v037,1,reuse_copy,16384,315000,134209536
0,0041.txt,141,v037,1,create_copy_destroy,16384,293000,134209536
0,0041.txt,141,v039,0,reuse_copy,16384,119000,134209536
0,0041.txt,141,v039,0,create_copy_destroy,16384,134000,134209536
0,0042.txt,350,v037,0,reuse_copy,16384,281000,134209536
0,0042.txt,350,v037,0,create_copy_destroy,16384,289000,134209536
0,0042.txt,350,v039,1,reuse_copy,16384,266000,134209536
0,0042.txt,350,v039,1,create_copy_destroy,16384,281000,134209536
0,0043.txt,152,v037,1,reuse_copy,16384,283000,134209536
0,0043.txt,152,v037,1,create_copy_destroy,16384,291000,134209536
0,0043.txt,152,v039,0,reuse_copy,16384,114000,134209536
0,0043.txt,152,v039,0,create_copy_destroy,16384,122000,134209536
0,0044.txt,189,v037,0,reuse_copy,16384,282000,134209536
0,0044.txt,189,v037,0,create_copy_destroy,16384,290000,134209536
0,0044.txt,189,v039,1,reuse_copy,16384,153000,134209536
0,0044.txt,189,v039,1,create_copy_destroy,16384,167000,134209536
0,0045.txt,182,v037,1,reuse_copy,16384,290000,134209536
0,0045.txt,182,v037,1,create_copy_destroy,16384,295000,134209536
0,0045.txt,182,v039,0,reuse_copy,16384,153000,134209536
0,0045.txt,182,v039,0,create_copy_destroy,16384,162000,134209536
0,0046.txt,119,v037,0,reuse_copy,16384,281000,134209536
0,0046.txt,119,v037,0,create_copy_destroy,16384,290000,134209536
0,0046.txt,119,v039,1,reuse_copy,16384,107000,134209536
0,0046.txt,119,v039,1,create_copy_destroy,16384,122000,134209536
0,0047.txt,234,v037,1,reuse_copy,16384,281000,134209536
0,0047.txt,234,v037,1,create_copy_destroy,16384,301000,134209536
0,0047.txt,234,v039,0,reuse_copy,16384,179000,134209536
0,0047.txt,234,v039,0,create_copy_destroy,16384,189000,134209536
0,0048.txt,171,v037,0,reuse_copy,16384,285000,134209536
0,0048.txt,171,v037,0,create_copy_destroy,16384,292000,134209536
0,0048.txt,171,v039,1,reuse_copy,16384,149000,134209536
0,0048.txt,171,v039,1,create_copy_destroy,16384,147000,134209536
0,0049.txt,177,v037,1,reuse_copy,16384,281000,134209536
0,0049.txt,177,v037,1,create_copy_destroy,16384,290000,134209536
0,0049.txt,177,v039,0,reuse_copy,16384,143000,134209536
0,0049.txt,177,v039,0,create_copy_destroy,16384,153000,134209536
0,0050.txt,114,v037,0,reuse_copy,16384,281000,134209536
0,0050.txt,114,v037,0,create_copy_destroy,16384,290000,134209536
0,0050.txt,114,v039,1,reuse_copy,16384,99000,134209536
0,0050.txt,114,v039,1,create_copy_destroy,16384,102000,134209536
0,0051.txt,156,v037,1,reuse_copy,16384,281000,134209536
0,0051.txt,156,v037,1,create_copy_destroy,16384,292000,134209536
0,0051.txt,156,v039,0,reuse_copy,16384,119000,134209536
0,0051.txt,156,v039,0,create_copy_destroy,16384,126000,134209536
0,0052.txt,224,v037,0,reuse_copy,16384,287000,134209536
0,0052.txt,224,v037,0,create_copy_destroy,16384,291000,134209536
0,0052.txt,224,v039,1,reuse_copy,16384,166000,134209536
0,0052.txt,224,v039,1,create_copy_destroy,16384,175000,134209536
0,0053.txt,162,v037,1,reuse_copy,16384,281000,134209536
0,0053.txt,162,v037,1,create_copy_destroy,16384,292000,134209536
0,0053.txt,162,v039,0,reuse_copy,16384,129000,134209536
0,0053.txt,162,v039,0,create_copy_destroy,16384,136000,134209536
0,0054.txt,235,v037,0,reuse_copy,16384,283000,134209536
0,0054.txt,235,v037,0,create_copy_destroy,16384,291000,134209536
0,0054.txt,235,v039,1,reuse_copy,16384,189000,134209536
0,0054.txt,235,v039,1,create_copy_destroy,16384,194000,134209536
0,0055.txt,286,v037,1,reuse_copy,16384,295000,134209536
0,0055.txt,286,v037,1,create_copy_destroy,16384,291000,134209536
0,0055.txt,286,v039,0,reuse_copy,16384,217000,134209536
0,0055.txt,286,v039,0,create_copy_destroy,16384,226000,134209536
0,0056.txt,193,v037,0,reuse_copy,16384,281000,134209536
0,0056.txt,193,v037,0,create_copy_destroy,16384,289000,134209536
0,0056.txt,193,v039,1,reuse_copy,16384,157000,134209536
0,0056.txt,193,v039,1,create_copy_destroy,16384,166000,134209536
0,0057.txt,239,v037,1,reuse_copy,16384,281000,134209536
0,0057.txt,239,v037,1,create_copy_destroy,16384,290000,134209536
0,0057.txt,239,v039,0,reuse_copy,16384,194000,134209536
0,0057.txt,239,v039,0,create_copy_destroy,16384,213000,134209536
0,0058.txt,225,v037,0,reuse_copy,16384,282000,134209536
0,0058.txt,225,v037,0,create_copy_destroy,16384,291000,134209536
0,0058.txt,225,v039,1,reuse_copy,16384,179000,134209536
0,0058.txt,225,v039,1,create_copy_destroy,16384,203000,134209536
0,0059.txt,179,v037,1,reuse_copy,16384,285000,134209536
0,0059.txt,179,v037,1,create_copy_destroy,16384,293000,134209536
0,0059.txt,179,v039,0,reuse_copy,16384,151000,134209536
0,0059.txt,179,v039,0,create_copy_destroy,16384,162000,134209536
0,0060.txt,197,v037,0,reuse_copy,16384,281000,134209536
0,0060.txt,197,v037,0,create_copy_destroy,16384,296000,134209536
0,0060.txt,197,v039,1,reuse_copy,16384,158000,134209536
0,0060.txt,197,v039,1,create_copy_destroy,16384,179000,134209536
0,0061.txt,171,v037,1,reuse_copy,16384,282000,134209536
0,0061.txt,171,v037,1,create_copy_destroy,16384,300000,134209536
0,0061.txt,171,v039,0,reuse_copy,16384,145000,134209536
0,0061.txt,171,v039,0,create_copy_destroy,16384,147000,134209536
0,0062.txt,197,v037,0,reuse_copy,16384,285000,134209536
0,0062.txt,197,v037,0,create_copy_destroy,16384,287000,134209536
0,0062.txt,197,v039,1,reuse_copy,16384,157000,134209536
0,0062.txt,197,v039,1,create_copy_destroy,16384,174000,134209536
0,0063.txt,228,v037,1,reuse_copy,16384,282000,134209536
0,0063.txt,228,v037,1,create_copy_destroy,16384,292000,134209536
0,0063.txt,228,v039,0,reuse_copy,16384,168000,134209536
0,0063.txt,228,v039,0,create_copy_destroy,16384,192000,134209536
0,0064.txt,203,v037,0,reuse_copy,16384,286000,134209536
0,0064.txt,203,v037,0,create_copy_destroy,16384,294000,134209536
0,0064.txt,203,v039,1,reuse_copy,16384,168000,134209536
0,0064.txt,203,v039,1,create_copy_destroy,16384,173000,134209536
0,0065.txt,185,v037,1,reuse_copy,16384,291000,134209536
0,0065.txt,185,v037,1,create_copy_destroy,16384,295000,134209536
0,0065.txt,185,v039,0,reuse_copy,16384,150000,134209536
0,0065.txt,185,v039,0,create_copy_destroy,16384,157000,134209536
0,0066.txt,205,v037,0,reuse_copy,16384,287000,134209536
0,0066.txt,205,v037,0,create_copy_destroy,16384,294000,134209536
0,0066.txt,205,v039,1,reuse_copy,16384,176000,134209536
0,0066.txt,205,v039,1,create_copy_destroy,16384,188000,134209536
0,0067.txt,179,v037,1,reuse_copy,16384,293000,134209536
0,0067.txt,179,v037,1,create_copy_destroy,16384,307000,134209536
0,0067.txt,179,v039,0,reuse_copy,16384,154000,134209536
0,0067.txt,179,v039,0,create_copy_destroy,16384,153000,134209536
0,0068.txt,324,v037,0,reuse_copy,16384,288000,134209536
0,0068.txt,324,v037,0,create_copy_destroy,16384,297000,134209536
0,0068.txt,324,v039,1,reuse_copy,16384,240000,134209536
0,0068.txt,324,v039,1,create_copy_destroy,16384,249000,134209536
0,0069.txt,111,v037,1,reuse_copy,16384,289000,134209536
0,0069.txt,111,v037,1,create_copy_destroy,16384,294000,134209536
0,0069.txt,111,v039,0,reuse_copy,16384,99000,134209536
0,0069.txt,111,v039,0,create_copy_destroy,16384,107000,134209536
0,0070.txt,311,v037,0,reuse_copy,16384,287000,134209536
0,0070.txt,311,v037,0,create_copy_destroy,16384,295000,134209536
0,0070.txt,311,v039,1,reuse_copy,16384,237000,134209536
0,0070.txt,311,v039,1,create_copy_destroy,16384,243000,134209536
0,0071.txt,283,v037,1,reuse_copy,16384,288000,134356992
0,0071.txt,283,v037,1,create_copy_destroy,16384,288000,134356992
0,0071.txt,283,v039,0,reuse_copy,16384,224000,134356992
0,0071.txt,283,v039,0,create_copy_destroy,16384,232000,134356992
0,0072.txt,180,v037,0,reuse_copy,16384,280000,134209536
0,0072.txt,180,v037,0,create_copy_destroy,16384,291000,134209536
0,0072.txt,180,v039,1,reuse_copy,16384,135000,134209536
0,0072.txt,180,v039,1,create_copy_destroy,16384,146000,134209536
0,0073.txt,159,v037,1,reuse_copy,16384,293000,134209536
0,0073.txt,159,v037,1,create_copy_destroy,16384,295000,134209536
0,0073.txt,159,v039,0,reuse_copy,16384,132000,134209536
0,0073.txt,159,v039,0,create_copy_destroy,16384,142000,134209536
0,0074.txt,106,v037,0,reuse_copy,16384,281000,134209536
0,0074.txt,106,v037,0,create_copy_destroy,16384,300000,134209536
0,0074.txt,106,v039,1,reuse_copy,16384,89000,134209536
0,0074.txt,106,v039,1,create_copy_destroy,16384,95000,134209536
0,0075.txt,272,v037,1,reuse_copy,16384,285000,134209536
0,0075.txt,272,v037,1,create_copy_destroy,16384,290000,134209536
0,0075.txt,272,v039,0,reuse_copy,16384,197000,134209536
0,0075.txt,272,v039,0,create_copy_destroy,16384,210000,134209536
0,0076.txt,187,v037,0,reuse_copy,16384,281000,134209536
0,0076.txt,187,v037,0,create_copy_destroy,16384,287000,134209536
0,0076.txt,187,v039,1,reuse_copy,16384,160000,134209536
0,0076.txt,187,v039,1,create_copy_destroy,16384,162000,134209536
0,0077.txt,108,v037,1,reuse_copy,16384,287000,134209536
0,0077.txt,108,v037,1,create_copy_destroy,16384,294000,134209536
0,0077.txt,108,v039,0,reuse_copy,16384,92000,134209536
0,0077.txt,108,v039,0,create_copy_destroy,16384,93000,134209536
0,0078.txt,218,v037,0,reuse_copy,16384,286000,134209536
0,0078.txt,218,v037,0,create_copy_destroy,16384,291000,134209536
0,0078.txt,218,v039,1,reuse_copy,16384,171000,134209536
0,0078.txt,218,v039,1,create_copy_destroy,16384,178000,134209536
0,0079.txt,140,v037,1,reuse_copy,16384,285000,134209536
0,0079.txt,140,v037,1,create_copy_destroy,16384,290000,134209536
0,0079.txt,140,v039,0,reuse_copy,16384,111000,134209536
0,0079.txt,140,v039,0,create_copy_destroy,16384,115000,134209536
0,0080.txt,167,v037,0,reuse_copy,16384,285000,134209536
0,0080.txt,167,v037,0,create_copy_destroy,16384,295000,134209536
0,0080.txt,167,v039,1,reuse_copy,16384,137000,134209536
0,0080.txt,167,v039,1,create_copy_destroy,16384,149000,134209536
0,0081.txt,251,v037,1,reuse_copy,16384,286000,134209536
0,0081.txt,251,v037,1,create_copy_destroy,16384,290000,134209536
0,0081.txt,251,v039,0,reuse_copy,16384,201000,134209536
0,0081.txt,251,v039,0,create_copy_destroy,16384,204000,134209536
0,0082.txt,223,v037,0,reuse_copy,16384,281000,134209536
0,0082.txt,223,v037,0,create_copy_destroy,16384,291000,134209536
0,0082.txt,223,v039,1,reuse_copy,16384,178000,134209536
0,0082.txt,223,v039,1,create_copy_destroy,16384,192000,134209536
0,0083.txt,130,v037,1,reuse_copy,16384,290000,134209536
0,0083.txt,130,v037,1,create_copy_destroy,16384,301000,134209536
0,0083.txt,130,v039,0,reuse_copy,16384,106000,134209536
0,0083.txt,130,v039,0,create_copy_destroy,16384,120000,134209536
0,0084.txt,202,v037,0,reuse_copy,16384,297000,134209536
0,0084.txt,202,v037,0,create_copy_destroy,16384,298000,134209536
0,0084.txt,202,v039,1,reuse_copy,16384,160000,134209536
0,0084.txt,202,v039,1,create_copy_destroy,16384,165000,134209536
0,0085.txt,246,v037,1,reuse_copy,16384,281000,134258688
0,0085.txt,246,v037,1,create_copy_destroy,16384,288000,134258688
0,0085.txt,246,v039,0,reuse_copy,16384,191000,134258688
0,0085.txt,246,v039,0,create_copy_destroy,16384,209000,134258688
0,0086.txt,96,v037,0,reuse_copy,16384,282000,134209536
0,0086.txt,96,v037,0,create_copy_destroy,16384,290000,134209536
0,0086.txt,96,v039,1,reuse_copy,16384,75000,134209536
0,0086.txt,96,v039,1,create_copy_destroy,16384,83000,134209536
0,0087.txt,212,v037,1,reuse_copy,16384,285000,134209536
0,0087.txt,212,v037,1,create_copy_destroy,16384,290000,134209536
0,0087.txt,212,v039,0,reuse_copy,16384,167000,134209536
0,0087.txt,212,v039,0,create_copy_destroy,16384,184000,134209536
0,0088.txt,199,v037,0,reuse_copy,16384,283000,134209536
0,0088.txt,199,v037,0,create_copy_destroy,16384,291000,134209536
0,0088.txt,199,v039,1,reuse_copy,16384,173000,134209536
0,0088.txt,199,v039,1,create_copy_destroy,16384,172000,134209536
0,0089.txt,290,v037,1,reuse_copy,16384,290000,134209536
0,0089.txt,290,v037,1,create_copy_destroy,16384,288000,134209536
0,0089.txt,290,v039,0,reuse_copy,16384,219000,134209536
0,0089.txt,290,v039,0,create_copy_destroy,16384,238000,134209536
0,0090.txt,207,v037,0,reuse_copy,16384,281000,134209536
0,0090.txt,207,v037,0,create_copy_destroy,16384,307000,134209536
0,0090.txt,207,v039,1,reuse_copy,16384,168000,134209536
0,0090.txt,207,v039,1,create_copy_destroy,16384,181000,134209536
0,0091.txt,127,v037,1,reuse_copy,16384,281000,134209536
0,0091.txt,127,v037,1,create_copy_destroy,16384,290000,134209536
0,0091.txt,127,v039,0,reuse_copy,16384,109000,134209536
0,0091.txt,127,v039,0,create_copy_destroy,16384,121000,134209536
0,0092.txt,300,v037,0,reuse_copy,16384,287000,134209536
0,0092.txt,300,v037,0,create_copy_destroy,16384,304000,134209536
0,0092.txt,300,v039,1,reuse_copy,16384,218000,134209536
0,0092.txt,300,v039,1,create_copy_destroy,16384,228000,134209536
0,0093.txt,101,v037,1,reuse_copy,16384,282000,134209536
0,0093.txt,101,v037,1,create_copy_destroy,16384,290000,134209536
0,0093.txt,101,v039,0,reuse_copy,16384,88000,134209536
0,0093.txt,101,v039,0,create_copy_destroy,16384,101000,134209536
0,0094.txt,259,v037,0,reuse_copy,16384,285000,134209536
0,0094.txt,259,v037,0,create_copy_destroy,16384,286000,134209536
0,0094.txt,259,v039,1,reuse_copy,16384,207000,134209536
0,0094.txt,259,v039,1,create_copy_destroy,16384,216000,134209536
0,0095.txt,180,v037,1,reuse_copy,16384,283000,134209536
0,0095.txt,180,v037,1,create_copy_destroy,16384,287000,134209536
0,0095.txt,180,v039,0,reuse_copy,16384,134000,134209536
0,0095.txt,180,v039,0,create_copy_destroy,16384,149000,134209536
0,0096.txt,139,v037,0,reuse_copy,16384,282000,134209536
0,0096.txt,139,v037,0,create_copy_destroy,16384,290000,134209536
0,0096.txt,139,v039,1,reuse_copy,16384,122000,134209536
0,0096.txt,139,v039,1,create_copy_destroy,16384,123000,134209536
0,0097.txt,281,v037,1,reuse_copy,16384,287000,134209536
0,0097.txt,281,v037,1,create_copy_destroy,16384,290000,134209536
0,0097.txt,281,v039,0,reuse_copy,16384,216000,134209536
0,0097.txt,281,v039,0,create_copy_destroy,16384,235000,134209536
0,0098.txt,152,v037,0,reuse_copy,16384,298000,134209536
0,0098.txt,152,v037,0,create_copy_destroy,16384,291000,134209536
0,0098.txt,152,v039,1,reuse_copy,16384,115000,134209536
0,0098.txt,152,v039,1,create_copy_destroy,16384,122000,134209536
0,0099.txt,244,v037,1,reuse_copy,16384,291000,134209536
0,0099.txt,244,v037,1,create_copy_destroy,16384,301000,134209536
0,0099.txt,244,v039,0,reuse_copy,16384,187000,134209536
0,0099.txt,244,v039,0,create_copy_destroy,16384,197000,134209536
1,0000.txt,104,v037,1,reuse_copy,16384,292000,134209536
1,0000.txt,104,v037,1,create_copy_destroy,16384,302000,134209536
1,0000.txt,104,v039,0,reuse_copy,16384,84000,134209536
1,0000.txt,104,v039,0,create_copy_destroy,16384,92000,134209536
1,0001.txt,152,v037,0,reuse_copy,16384,306000,134209536
1,0001.txt,152,v037,0,create_copy_destroy,16384,295000,134209536
1,0001.txt,152,v039,1,reuse_copy,16384,130000,134209536
1,0001.txt,152,v039,1,create_copy_destroy,16384,130000,134209536
1,0002.txt,150,v037,1,reuse_copy,16384,304000,134209536
1,0002.txt,150,v037,1,create_copy_destroy,16384,317000,134209536
1,0002.txt,150,v039,0,reuse_copy,16384,125000,134209536
1,0002.txt,150,v039,0,create_copy_destroy,16384,131000,134209536
1,0003.txt,284,v037,0,reuse_copy,16384,290000,134209536
1,0003.txt,284,v037,0,create_copy_destroy,16384,303000,134209536
1,0003.txt,284,v039,1,reuse_copy,16384,207000,134209536
1,0003.txt,284,v039,1,create_copy_destroy,16384,220000,134209536
1,0004.txt,216,v037,1,reuse_copy,16384,283000,134209536
1,0004.txt,216,v037,1,create_copy_destroy,16384,292000,134209536
1,0004.txt,216,v039,0,reuse_copy,16384,161000,134209536
1,0004.txt,216,v039,0,create_copy_destroy,16384,169000,134209536
1,0005.txt,197,v037,0,reuse_copy,16384,295000,134209536
1,0005.txt,197,v037,0,create_copy_destroy,16384,291000,134209536
1,0005.txt,197,v039,1,reuse_copy,16384,162000,134209536
1,0005.txt,197,v039,1,create_copy_destroy,16384,178000,134209536
1,0006.txt,104,v037,1,reuse_copy,16384,282000,134209536
1,0006.txt,104,v037,1,create_copy_destroy,16384,290000,134209536
1,0006.txt,104,v039,0,reuse_copy,16384,80000,134209536
1,0006.txt,104,v039,0,create_copy_destroy,16384,88000,134209536
1,0007.txt,121,v037,0,reuse_copy,16384,291000,134209536
1,0007.txt,121,v037,0,create_copy_destroy,16384,293000,134209536
1,0007.txt,121,v039,1,reuse_copy,16384,111000,134209536
1,0007.txt,121,v039,1,create_copy_destroy,16384,131000,134209536
1,0008.txt,123,v037,1,reuse_copy,16384,281000,134209536
1,0008.txt,123,v037,1,create_copy_destroy,16384,287000,134209536
1,0008.txt,123,v039,0,reuse_copy,16384,110000,134209536
1,0008.txt,123,v039,0,create_copy_destroy,16384,116000,134209536
1,0009.txt,185,v037,0,reuse_copy,16384,284000,134209536
1,0009.txt,185,v037,0,create_copy_destroy,16384,298000,134209536
1,0009.txt,185,v039,1,reuse_copy,16384,149000,134209536
1,0009.txt,185,v039,1,create_copy_destroy,16384,158000,134209536
1,0010.txt,97,v037,1,reuse_copy,16384,285000,134209536
1,0010.txt,97,v037,1,create_copy_destroy,16384,290000,134209536
1,0010.txt,97,v039,0,reuse_copy,16384,87000,134209536
1,0010.txt,97,v039,0,create_copy_destroy,16384,97000,134209536
1,0011.txt,175,v037,0,reuse_copy,16384,280000,134209536
1,0011.txt,175,v037,0,create_copy_destroy,16384,297000,134209536
1,0011.txt,175,v039,1,reuse_copy,16384,155000,134209536
1,0011.txt,175,v039,1,create_copy_destroy,16384,163000,134209536
1,0012.txt,134,v037,1,reuse_copy,16384,281000,134209536
1,0012.txt,134,v037,1,create_copy_destroy,16384,294000,134209536
1,0012.txt,134,v039,0,reuse_copy,16384,112000,134209536
1,0012.txt,134,v039,0,create_copy_destroy,16384,137000,134209536
1,0013.txt,196,v037,0,reuse_copy,16384,280000,134209536
1,0013.txt,196,v037,0,create_copy_destroy,16384,290000,134209536
1,0013.txt,196,v039,1,reuse_copy,16384,147000,134209536
1,0013.txt,196,v039,1,create_copy_destroy,16384,157000,134209536
1,0014.txt,273,v037,1,reuse_copy,16384,287000,134209536
1,0014.txt,273,v037,1,create_copy_destroy,16384,289000,134209536
1,0014.txt,273,v039,0,reuse_copy,16384,212000,134209536
1,0014.txt,273,v039,0,create_copy_destroy,16384,241000,134209536
1,0015.txt,286,v037,0,reuse_copy,16384,289000,134209536
1,0015.txt,286,v037,0,create_copy_destroy,16384,294000,134209536
1,0015.txt,286,v039,1,reuse_copy,16384,219000,134209536
1,0015.txt,286,v039,1,create_copy_destroy,16384,246000,134209536
1,0016.txt,171,v037,1,reuse_copy,16384,283000,134209536
1,0016.txt,171,v037,1,create_copy_destroy,16384,291000,134209536
1,0016.txt,171,v039,0,reuse_copy,16384,148000,134209536
1,0016.txt,171,v039,0,create_copy_destroy,16384,149000,134209536
1,0017.txt,171,v037,0,reuse_copy,16384,294000,134209536
1,0017.txt,171,v037,0,create_copy_destroy,16384,302000,134209536
1,0017.txt,171,v039,1,reuse_copy,16384,151000,134209536
1,0017.txt,171,v039,1,create_copy_destroy,16384,152000,134209536
1,0018.txt,103,v037,1,reuse_copy,16384,286000,134209536
1,0018.txt,103,v037,1,create_copy_destroy,16384,294000,134209536
1,0018.txt,103,v039,0,reuse_copy,16384,96000,134209536
1,0018.txt,103,v039,0,create_copy_destroy,16384,105000,134209536
1,0019.txt,368,v037,0,reuse_copy,16384,290000,134209536
1,0019.txt,368,v037,0,create_copy_destroy,16384,295000,134209536
1,0019.txt,368,v039,1,reuse_copy,16384,274000,134209536
1,0019.txt,368,v039,1,create_copy_destroy,16384,280000,134209536
1,0020.txt,133,v037,1,reuse_copy,16384,296000,134209536
1,0020.txt,133,v037,1,create_copy_destroy,16384,304000,134209536
1,0020.txt,133,v039,0,reuse_copy,16384,115000,134209536
1,0020.txt,133,v039,0,create_copy_destroy,16384,131000,134209536
1,0021.txt,159,v037,0,reuse_copy,16384,291000,134209536
1,0021.txt,159,v037,0,create_copy_destroy,16384,313000,134209536
1,0021.txt,159,v039,1,reuse_copy,16384,136000,134209536
1,0021.txt,159,v039,1,create_copy_destroy,16384,148000,134209536
1,0022.txt,139,v037,1,reuse_copy,16384,289000,134209536
1,0022.txt,139,v037,1,create_copy_destroy,16384,309000,134209536
1,0022.txt,139,v039,0,reuse_copy,16384,113000,134209536
1,0022.txt,139,v039,0,create_copy_destroy,16384,131000,134209536
1,0023.txt,139,v037,0,reuse_copy,16384,301000,134209536
1,0023.txt,139,v037,0,create_copy_destroy,16384,302000,134209536
1,0023.txt,139,v039,1,reuse_copy,16384,127000,134209536
1,0023.txt,139,v039,1,create_copy_destroy,16384,128000,134209536
1,0024.txt,180,v037,1,reuse_copy,16384,293000,134209536
1,0024.txt,180,v037,1,create_copy_destroy,16384,296000,134209536
1,0024.txt,180,v039,0,reuse_copy,16384,136000,134209536
1,0024.txt,180,v039,0,create_copy_destroy,16384,148000,134209536
1,0025.txt,177,v037,0,reuse_copy,16384,281000,134209536
1,0025.txt,177,v037,0,create_copy_destroy,16384,295000,134209536
1,0025.txt,177,v039,1,reuse_copy,16384,144000,134209536
1,0025.txt,177,v039,1,create_copy_destroy,16384,169000,134209536
1,0026.txt,256,v037,1,reuse_copy,16384,295000,134209536
1,0026.txt,256,v037,1,create_copy_destroy,16384,290000,134209536
1,0026.txt,256,v039,0,reuse_copy,16384,186000,134209536
1,0026.txt,256,v039,0,create_copy_destroy,16384,195000,134209536
1,0027.txt,113,v037,0,reuse_copy,16384,310000,134258688
1,0027.txt,113,v037,0,create_copy_destroy,16384,316000,134258688
1,0027.txt,113,v039,1,reuse_copy,16384,110000,134258688
1,0027.txt,113,v039,1,create_copy_destroy,16384,111000,134258688
1,0028.txt,234,v037,1,reuse_copy,16384,296000,134209536
1,0028.txt,234,v037,1,create_copy_destroy,16384,291000,134209536
1,0028.txt,234,v039,0,reuse_copy,16384,178000,134209536
1,0028.txt,234,v039,0,create_copy_destroy,16384,195000,134209536
1,0029.txt,273,v037,0,reuse_copy,16384,285000,134209536
1,0029.txt,273,v037,0,create_copy_destroy,16384,290000,134209536
1,0029.txt,273,v039,1,reuse_copy,16384,217000,134209536
1,0029.txt,273,v039,1,create_copy_destroy,16384,238000,134209536
1,0030.txt,248,v037,1,reuse_copy,16384,284000,134275072
1,0030.txt,248,v037,1,create_copy_destroy,16384,290000,134275072
1,0030.txt,248,v039,0,reuse_copy,16384,180000,134275072
1,0030.txt,248,v039,0,create_copy_destroy,16384,187000,134275072
1,0031.txt,153,v037,0,reuse_copy,16384,281000,134209536
1,0031.txt,153,v037,0,create_copy_destroy,16384,291000,134209536
1,0031.txt,153,v039,1,reuse_copy,16384,125000,134209536
1,0031.txt,153,v039,1,create_copy_destroy,16384,136000,134209536
1,0032.txt,210,v037,1,reuse_copy,16384,288000,134209536
1,0032.txt,210,v037,1,create_copy_destroy,16384,291000,134209536
1,0032.txt,210,v039,0,reuse_copy,16384,168000,134209536
1,0032.txt,210,v039,0,create_copy_destroy,16384,179000,134209536
1,0033.txt,144,v037,0,reuse_copy,16384,288000,134209536
1,0033.txt,144,v037,0,create_copy_destroy,16384,291000,134209536
1,0033.txt,144,v039,1,reuse_copy,16384,109000,134209536
1,0033.txt,144,v039,1,create_copy_destroy,16384,122000,134209536
1,0034.txt,285,v037,1,reuse_copy,16384,295000,134209536
1,0034.txt,285,v037,1,create_copy_destroy,16384,289000,134209536
1,0034.txt,285,v039,0,reuse_copy,16384,234000,134209536
1,0034.txt,285,v039,0,create_copy_destroy,16384,272000,134209536
1,0035.txt,106,v037,0,reuse_copy,16384,281000,134209536
1,0035.txt,106,v037,0,create_copy_destroy,16384,291000,134209536
1,0035.txt,106,v039,1,reuse_copy,16384,91000,134209536
1,0035.txt,106,v039,1,create_copy_destroy,16384,99000,134209536
1,0036.txt,186,v037,1,reuse_copy,16384,303000,134209536
1,0036.txt,186,v037,1,create_copy_destroy,16384,300000,134209536
1,0036.txt,186,v039,0,reuse_copy,16384,146000,134209536
1,0036.txt,186,v039,0,create_copy_destroy,16384,160000,134209536
1,0037.txt,276,v037,0,reuse_copy,16384,299000,134209536
1,0037.txt,276,v037,0,create_copy_destroy,16384,299000,134209536
1,0037.txt,276,v039,1,reuse_copy,16384,208000,134209536
1,0037.txt,276,v039,1,create_copy_destroy,16384,210000,134209536
1,0038.txt,169,v037,1,reuse_copy,16384,281000,134209536
1,0038.txt,169,v037,1,create_copy_destroy,16384,305000,134209536
1,0038.txt,169,v039,0,reuse_copy,16384,137000,134209536
1,0038.txt,169,v039,0,create_copy_destroy,16384,147000,134209536
1,0039.txt,252,v037,0,reuse_copy,16384,282000,134209536
1,0039.txt,252,v037,0,create_copy_destroy,16384,290000,134209536
1,0039.txt,252,v039,1,reuse_copy,16384,186000,134209536
1,0039.txt,252,v039,1,create_copy_destroy,16384,201000,134209536
1,0040.txt,195,v037,1,reuse_copy,16384,282000,134209536
1,0040.txt,195,v037,1,create_copy_destroy,16384,290000,134209536
1,0040.txt,195,v039,0,reuse_copy,16384,166000,134209536
1,0040.txt,195,v039,0,create_copy_destroy,16384,182000,134209536
1,0041.txt,141,v037,0,reuse_copy,16384,293000,134209536
1,0041.txt,141,v037,0,create_copy_destroy,16384,298000,134209536
1,0041.txt,141,v039,1,reuse_copy,16384,117000,134209536
1,0041.txt,141,v039,1,create_copy_destroy,16384,132000,134209536
1,0042.txt,350,v037,1,reuse_copy,16384,302000,134209536
1,0042.txt,350,v037,1,create_copy_destroy,16384,298000,134209536
1,0042.txt,350,v039,0,reuse_copy,16384,277000,134209536
1,0042.txt,350,v039,0,create_copy_destroy,16384,290000,134209536
1,0043.txt,152,v037,0,reuse_copy,16384,333000,134209536
1,0043.txt,152,v037,0,create_copy_destroy,16384,305000,134209536
1,0043.txt,152,v039,1,reuse_copy,16384,120000,134209536
1,0043.txt,152,v039,1,create_copy_destroy,16384,148000,134209536
1,0044.txt,189,v037,1,reuse_copy,16384,287000,134209536
1,0044.txt,189,v037,1,create_copy_destroy,16384,298000,134209536
1,0044.txt,189,v039,0,reuse_copy,16384,154000,134209536
1,0044.txt,189,v039,0,create_copy_destroy,16384,189000,134209536
1,0045.txt,182,v037,0,reuse_copy,16384,292000,134209536
1,0045.txt,182,v037,0,create_copy_destroy,16384,298000,134209536
1,0045.txt,182,v039,1,reuse_copy,16384,149000,134209536
1,0045.txt,182,v039,1,create_copy_destroy,16384,156000,134209536
1,0046.txt,119,v037,1,reuse_copy,16384,309000,134209536
1,0046.txt,119,v037,1,create_copy_destroy,16384,298000,134209536
1,0046.txt,119,v039,0,reuse_copy,16384,103000,134209536
1,0046.txt,119,v039,0,create_copy_destroy,16384,131000,134209536
1,0047.txt,234,v037,0,reuse_copy,16384,298000,134209536
1,0047.txt,234,v037,0,create_copy_destroy,16384,317000,134209536
1,0047.txt,234,v039,1,reuse_copy,16384,191000,134209536
1,0047.txt,234,v039,1,create_copy_destroy,16384,190000,134209536
1,0048.txt,171,v037,1,reuse_copy,16384,284000,134209536
1,0048.txt,171,v037,1,create_copy_destroy,16384,301000,134209536
1,0048.txt,171,v039,0,reuse_copy,16384,146000,134209536
1,0048.txt,171,v039,0,create_copy_destroy,16384,151000,134209536
1,0049.txt,177,v037,0,reuse_copy,16384,283000,134209536
1,0049.txt,177,v037,0,create_copy_destroy,16384,302000,134209536
1,0049.txt,177,v039,1,reuse_copy,16384,143000,134209536
1,0049.txt,177,v039,1,create_copy_destroy,16384,153000,134209536
1,0050.txt,114,v037,1,reuse_copy,16384,283000,134209536
1,0050.txt,114,v037,1,create_copy_destroy,16384,290000,134209536
1,0050.txt,114,v039,0,reuse_copy,16384,94000,134209536
1,0050.txt,114,v039,0,create_copy_destroy,16384,102000,134209536
1,0051.txt,156,v037,0,reuse_copy,16384,281000,134209536
1,0051.txt,156,v037,0,create_copy_destroy,16384,301000,134209536
1,0051.txt,156,v039,1,reuse_copy,16384,122000,134209536
1,0051.txt,156,v039,1,create_copy_destroy,16384,131000,134209536
1,0052.txt,224,v037,1,reuse_copy,16384,286000,134209536
1,0052.txt,224,v037,1,create_copy_destroy,16384,290000,134209536
1,0052.txt,224,v039,0,reuse_copy,16384,174000,134209536
1,0052.txt,224,v039,0,create_copy_destroy,16384,177000,134209536
1,0053.txt,162,v037,0,reuse_copy,16384,297000,134209536
1,0053.txt,162,v037,0,create_copy_destroy,16384,294000,134209536
1,0053.txt,162,v039,1,reuse_copy,16384,131000,134209536
1,0053.txt,162,v039,1,create_copy_destroy,16384,139000,134209536
1,0054.txt,235,v037,1,reuse_copy,16384,309000,134209536
1,0054.txt,235,v037,1,create_copy_destroy,16384,315000,134209536
1,0054.txt,235,v039,0,reuse_copy,16384,191000,134209536
1,0054.txt,235,v039,0,create_copy_destroy,16384,192000,134209536
1,0055.txt,286,v037,0,reuse_copy,16384,288000,134209536
1,0055.txt,286,v037,0,create_copy_destroy,16384,290000,134209536
1,0055.txt,286,v039,1,reuse_copy,16384,219000,134209536
1,0055.txt,286,v039,1,create_copy_destroy,16384,225000,134209536
1,0056.txt,193,v037,1,reuse_copy,16384,287000,134209536
1,0056.txt,193,v037,1,create_copy_destroy,16384,290000,134209536
1,0056.txt,193,v039,0,reuse_copy,16384,157000,134209536
1,0056.txt,193,v039,0,create_copy_destroy,16384,172000,134209536
1,0057.txt,239,v037,0,reuse_copy,16384,288000,134209536
1,0057.txt,239,v037,0,create_copy_destroy,16384,290000,134209536
1,0057.txt,239,v039,1,reuse_copy,16384,189000,134209536
1,0057.txt,239,v039,1,create_copy_destroy,16384,201000,134209536
1,0058.txt,225,v037,1,reuse_copy,16384,295000,134209536
1,0058.txt,225,v037,1,create_copy_destroy,16384,290000,134209536
1,0058.txt,225,v039,0,reuse_copy,16384,178000,134209536
1,0058.txt,225,v039,0,create_copy_destroy,16384,190000,134209536
1,0059.txt,179,v037,0,reuse_copy,16384,282000,134209536
1,0059.txt,179,v037,0,create_copy_destroy,16384,289000,134209536
1,0059.txt,179,v039,1,reuse_copy,16384,151000,134209536
1,0059.txt,179,v039,1,create_copy_destroy,16384,150000,134209536
1,0060.txt,197,v037,1,reuse_copy,16384,282000,134209536
1,0060.txt,197,v037,1,create_copy_destroy,16384,290000,134209536
1,0060.txt,197,v039,0,reuse_copy,16384,158000,134209536
1,0060.txt,197,v039,0,create_copy_destroy,16384,174000,134209536
1,0061.txt,171,v037,0,reuse_copy,16384,282000,134209536
1,0061.txt,171,v037,0,create_copy_destroy,16384,290000,134209536
1,0061.txt,171,v039,1,reuse_copy,16384,145000,134209536
1,0061.txt,171,v039,1,create_copy_destroy,16384,153000,134209536
1,0062.txt,197,v037,1,reuse_copy,16384,281000,134209536
1,0062.txt,197,v037,1,create_copy_destroy,16384,287000,134209536
1,0062.txt,197,v039,0,reuse_copy,16384,168000,134209536
1,0062.txt,197,v039,0,create_copy_destroy,16384,175000,134209536
1,0063.txt,228,v037,0,reuse_copy,16384,281000,134209536
1,0063.txt,228,v037,0,create_copy_destroy,16384,290000,134209536
1,0063.txt,228,v039,1,reuse_copy,16384,169000,134209536
1,0063.txt,228,v039,1,create_copy_destroy,16384,200000,134209536
1,0064.txt,203,v037,1,reuse_copy,16384,287000,134209536
1,0064.txt,203,v037,1,create_copy_destroy,16384,290000,134209536
1,0064.txt,203,v039,0,reuse_copy,16384,169000,134209536
1,0064.txt,203,v039,0,create_copy_destroy,16384,175000,134209536
1,0065.txt,185,v037,0,reuse_copy,16384,281000,134209536
1,0065.txt,185,v037,0,create_copy_destroy,16384,290000,134209536
1,0065.txt,185,v039,1,reuse_copy,16384,149000,134209536
1,0065.txt,185,v039,1,create_copy_destroy,16384,154000,134209536
1,0066.txt,205,v037,1,reuse_copy,16384,281000,134209536
1,0066.txt,205,v037,1,create_copy_destroy,16384,295000,134209536
1,0066.txt,205,v039,0,reuse_copy,16384,164000,134209536
1,0066.txt,205,v039,0,create_copy_destroy,16384,178000,134209536
1,0067.txt,179,v037,0,reuse_copy,16384,285000,134209536
1,0067.txt,179,v037,0,create_copy_destroy,16384,290000,134209536
1,0067.txt,179,v039,1,reuse_copy,16384,172000,134209536
1,0067.txt,179,v039,1,create_copy_destroy,16384,161000,134209536
1,0068.txt,324,v037,1,reuse_copy,16384,286000,134209536
1,0068.txt,324,v037,1,create_copy_destroy,16384,286000,134209536
1,0068.txt,324,v039,0,reuse_copy,16384,261000,134209536
1,0068.txt,324,v039,0,create_copy_destroy,16384,273000,134209536
1,0069.txt,111,v037,0,reuse_copy,16384,281000,134209536
1,0069.txt,111,v037,0,create_copy_destroy,16384,302000,134209536
1,0069.txt,111,v039,1,reuse_copy,16384,101000,134209536
1,0069.txt,111,v039,1,create_copy_destroy,16384,111000,134209536
1,0070.txt,311,v037,1,reuse_copy,16384,297000,134209536
1,0070.txt,311,v037,1,create_copy_destroy,16384,292000,134209536
1,0070.txt,311,v039,0,reuse_copy,16384,238000,134209536
1,0070.txt,311,v039,0,create_copy_destroy,16384,240000,134209536
1,0071.txt,283,v037,0,reuse_copy,16384,287000,134356992
1,0071.txt,283,v037,0,create_copy_destroy,16384,286000,134356992
1,0071.txt,283,v039,1,reuse_copy,16384,227000,134356992
1,0071.txt,283,v039,1,create_copy_destroy,16384,232000,134356992
1,0072.txt,180,v037,1,reuse_copy,16384,292000,134209536
1,0072.txt,180,v037,1,create_copy_destroy,16384,290000,134209536
1,0072.txt,180,v039,0,reuse_copy,16384,134000,134209536
1,0072.txt,180,v039,0,create_copy_destroy,16384,146000,134209536
1,0073.txt,159,v037,0,reuse_copy,16384,284000,134209536
1,0073.txt,159,v037,0,create_copy_destroy,16384,297000,134209536
1,0073.txt,159,v039,1,reuse_copy,16384,131000,134209536
1,0073.txt,159,v039,1,create_copy_destroy,16384,144000,134209536
1,0074.txt,106,v037,1,reuse_copy,16384,286000,134209536
1,0074.txt,106,v037,1,create_copy_destroy,16384,294000,134209536
1,0074.txt,106,v039,0,reuse_copy,16384,89000,134209536
1,0074.txt,106,v039,0,create_copy_destroy,16384,95000,134209536
1,0075.txt,272,v037,0,reuse_copy,16384,291000,134209536
1,0075.txt,272,v037,0,create_copy_destroy,16384,303000,134209536
1,0075.txt,272,v039,1,reuse_copy,16384,197000,134209536
1,0075.txt,272,v039,1,create_copy_destroy,16384,223000,134209536
1,0076.txt,187,v037,1,reuse_copy,16384,313000,134209536
1,0076.txt,187,v037,1,create_copy_destroy,16384,294000,134209536
1,0076.txt,187,v039,0,reuse_copy,16384,157000,134209536
1,0076.txt,187,v039,0,create_copy_destroy,16384,163000,134209536
1,0077.txt,108,v037,0,reuse_copy,16384,284000,134209536
1,0077.txt,108,v037,0,create_copy_destroy,16384,290000,134209536
1,0077.txt,108,v039,1,reuse_copy,16384,87000,134209536
1,0077.txt,108,v039,1,create_copy_destroy,16384,91000,134209536
1,0078.txt,218,v037,1,reuse_copy,16384,300000,134209536
1,0078.txt,218,v037,1,create_copy_destroy,16384,297000,134209536
1,0078.txt,218,v039,0,reuse_copy,16384,169000,134209536
1,0078.txt,218,v039,0,create_copy_destroy,16384,181000,134209536
1,0079.txt,140,v037,0,reuse_copy,16384,289000,134209536
1,0079.txt,140,v037,0,create_copy_destroy,16384,309000,134209536
1,0079.txt,140,v039,1,reuse_copy,16384,109000,134209536
1,0079.txt,140,v039,1,create_copy_destroy,16384,116000,134209536
1,0080.txt,167,v037,1,reuse_copy,16384,282000,134209536
1,0080.txt,167,v037,1,create_copy_destroy,16384,290000,134209536
1,0080.txt,167,v039,0,reuse_copy,16384,137000,134209536
1,0080.txt,167,v039,0,create_copy_destroy,16384,148000,134209536
1,0081.txt,251,v037,0,reuse_copy,16384,283000,134209536
1,0081.txt,251,v037,0,create_copy_destroy,16384,292000,134209536
1,0081.txt,251,v039,1,reuse_copy,16384,201000,134209536
1,0081.txt,251,v039,1,create_copy_destroy,16384,205000,134209536
1,0082.txt,223,v037,1,reuse_copy,16384,282000,134209536
1,0082.txt,223,v037,1,create_copy_destroy,16384,290000,134209536
1,0082.txt,223,v039,0,reuse_copy,16384,180000,134209536
1,0082.txt,223,v039,0,create_copy_destroy,16384,193000,134209536
1,0083.txt,130,v037,0,reuse_copy,16384,281000,134209536
1,0083.txt,130,v037,0,create_copy_destroy,16384,290000,134209536
1,0083.txt,130,v039,1,reuse_copy,16384,107000,134209536
1,0083.txt,130,v039,1,create_copy_destroy,16384,114000,134209536
1,0084.txt,202,v037,1,reuse_copy,16384,281000,134209536
1,0084.txt,202,v037,1,create_copy_destroy,16384,290000,134209536
1,0084.txt,202,v039,0,reuse_copy,16384,161000,134209536
1,0084.txt,202,v039,0,create_copy_destroy,16384,175000,134209536
1,0085.txt,246,v037,0,reuse_copy,16384,282000,134258688
1,0085.txt,246,v037,0,create_copy_destroy,16384,290000,134258688
1,0085.txt,246,v039,1,reuse_copy,16384,192000,134258688
1,0085.txt,246,v039,1,create_copy_destroy,16384,195000,134258688
1,0086.txt,96,v037,1,reuse_copy,16384,281000,134209536
1,0086.txt,96,v037,1,create_copy_destroy,16384,290000,134209536
1,0086.txt,96,v039,0,reuse_copy,16384,79000,134209536
1,0086.txt,96,v039,0,create_copy_destroy,16384,83000,134209536
1,0087.txt,212,v037,0,reuse_copy,16384,291000,134209536
1,0087.txt,212,v037,0,create_copy_destroy,16384,290000,134209536
1,0087.txt,212,v039,1,reuse_copy,16384,160000,134209536
1,0087.txt,212,v039,1,create_copy_destroy,16384,173000,134209536
1,0088.txt,199,v037,1,reuse_copy,16384,281000,134209536
1,0088.txt,199,v037,1,create_copy_destroy,16384,291000,134209536
1,0088.txt,199,v039,0,reuse_copy,16384,165000,134209536
1,0088.txt,199,v039,0,create_copy_destroy,16384,172000,134209536
1,0089.txt,290,v037,0,reuse_copy,16384,299000,134209536
1,0089.txt,290,v037,0,create_copy_destroy,16384,289000,134209536
1,0089.txt,290,v039,1,reuse_copy,16384,220000,134209536
1,0089.txt,290,v039,1,create_copy_destroy,16384,229000,134209536
1,0090.txt,207,v037,1,reuse_copy,16384,281000,134209536
1,0090.txt,207,v037,1,create_copy_destroy,16384,290000,134209536
1,0090.txt,207,v039,0,reuse_copy,16384,170000,134209536
1,0090.txt,207,v039,0,create_copy_destroy,16384,183000,134209536
1,0091.txt,127,v037,0,reuse_copy,16384,291000,134209536
1,0091.txt,127,v037,0,create_copy_destroy,16384,312000,134209536
1,0091.txt,127,v039,1,reuse_copy,16384,109000,134209536
1,0091.txt,127,v039,1,create_copy_destroy,16384,122000,134209536
1,0092.txt,300,v037,1,reuse_copy,16384,294000,134209536
1,0092.txt,300,v037,1,create_copy_destroy,16384,290000,134209536
1,0092.txt,300,v039,0,reuse_copy,16384,224000,134209536
1,0092.txt,300,v039,0,create_copy_destroy,16384,234000,134209536
1,0093.txt,101,v037,0,reuse_copy,16384,287000,134209536
1,0093.txt,101,v037,0,create_copy_destroy,16384,294000,134209536
1,0093.txt,101,v039,1,reuse_copy,16384,94000,134209536
1,0093.txt,101,v039,1,create_copy_destroy,16384,101000,134209536
1,0094.txt,259,v037,1,reuse_copy,16384,286000,134209536
1,0094.txt,259,v037,1,create_copy_destroy,16384,294000,134209536
1,0094.txt,259,v039,0,reuse_copy,16384,212000,134209536
1,0094.txt,259,v039,0,create_copy_destroy,16384,223000,134209536
1,0095.txt,180,v037,0,reuse_copy,16384,284000,134209536
1,0095.txt,180,v037,0,create_copy_destroy,16384,290000,134209536
1,0095.txt,180,v039,1,reuse_copy,16384,135000,134209536
1,0095.txt,180,v039,1,create_copy_destroy,16384,145000,134209536
1,0096.txt,139,v037,1,reuse_copy,16384,282000,134209536
1,0096.txt,139,v037,1,create_copy_destroy,16384,295000,134209536
1,0096.txt,139,v039,0,reuse_copy,16384,122000,134209536
1,0096.txt,139,v039,0,create_copy_destroy,16384,125000,134209536
1,0097.txt,281,v037,0,reuse_copy,16384,287000,134209536
1,0097.txt,281,v037,0,create_copy_destroy,16384,292000,134209536
1,0097.txt,281,v039,1,reuse_copy,16384,217000,134209536
1,0097.txt,281,v039,1,create_copy_destroy,16384,235000,134209536
1,0098.txt,152,v037,1,reuse_copy,16384,283000,134209536
1,0098.txt,152,v037,1,create_copy_destroy,16384,291000,134209536
1,0098.txt,152,v039,0,reuse_copy,16384,118000,134209536
1,0098.txt,152,v039,0,create_copy_destroy,16384,122000,134209536
1,0099.txt,244,v037,0,reuse_copy,16384,281000,134209536
1,0099.txt,244,v037,0,create_copy_destroy,16384,287000,134209536
1,0099.txt,244,v039,1,reuse_copy,16384,192000,134209536
1,0099.txt,244,v039,1,create_copy_destroy,16384,189000,134209536
2,0000.txt,104,v037,0,reuse_copy,16384,295000,134209536
2,0000.txt,104,v037,0,create_copy_destroy,16384,300000,134209536
2,0000.txt,104,v039,1,reuse_copy,16384,82000,134209536
2,0000.txt,104,v039,1,create_copy_destroy,16384,88000,134209536
2,0001.txt,152,v037,1,reuse_copy,16384,292000,134209536
2,0001.txt,152,v037,1,create_copy_destroy,16384,295000,134209536
2,0001.txt,152,v039,0,reuse_copy,16384,118000,134209536
2,0001.txt,152,v039,0,create_copy_destroy,16384,127000,134209536
2,0002.txt,150,v037,0,reuse_copy,16384,291000,134209536
2,0002.txt,150,v037,0,create_copy_destroy,16384,297000,134209536
2,0002.txt,150,v039,1,reuse_copy,16384,125000,134209536
2,0002.txt,150,v039,1,create_copy_destroy,16384,133000,134209536
2,0003.txt,284,v037,1,reuse_copy,16384,286000,134209536
2,0003.txt,284,v037,1,create_copy_destroy,16384,294000,134209536
2,0003.txt,284,v039,0,reuse_copy,16384,215000,134209536
2,0003.txt,284,v039,0,create_copy_destroy,16384,223000,134209536
2,0004.txt,216,v037,0,reuse_copy,16384,285000,134209536
2,0004.txt,216,v037,0,create_copy_destroy,16384,295000,134209536
2,0004.txt,216,v039,1,reuse_copy,16384,161000,134209536
2,0004.txt,216,v039,1,create_copy_destroy,16384,169000,134209536
2,0005.txt,197,v037,1,reuse_copy,16384,284000,134209536
2,0005.txt,197,v037,1,create_copy_destroy,16384,303000,134209536
2,0005.txt,197,v039,0,reuse_copy,16384,168000,134209536
2,0005.txt,197,v039,0,create_copy_destroy,16384,197000,134209536
2,0006.txt,104,v037,0,reuse_copy,16384,286000,134209536
2,0006.txt,104,v037,0,create_copy_destroy,16384,304000,134209536
2,0006.txt,104,v039,1,reuse_copy,16384,80000,134209536
2,0006.txt,104,v039,1,create_copy_destroy,16384,88000,134209536
2,0007.txt,121,v037,1,reuse_copy,16384,292000,134209536
2,0007.txt,121,v037,1,create_copy_destroy,16384,318000,134209536
2,0007.txt,121,v039,0,reuse_copy,16384,102000,134209536
2,0007.txt,121,v039,0,create_copy_destroy,16384,127000,134209536
2,0008.txt,123,v037,0,reuse_copy,16384,288000,134209536
2,0008.txt,123,v037,0,create_copy_destroy,16384,291000,134209536
2,0008.txt,123,v039,1,reuse_copy,16384,123000,134209536
2,0008.txt,123,v039,1,create_copy_destroy,16384,116000,134209536
2,0009.txt,185,v037,1,reuse_copy,16384,281000,134209536
2,0009.txt,185,v037,1,create_copy_destroy,16384,290000,134209536
2,0009.txt,185,v039,0,reuse_copy,16384,148000,134209536
2,0009.txt,185,v039,0,create_copy_destroy,16384,158000,134209536
2,0010.txt,97,v037,0,reuse_copy,16384,285000,134209536
2,0010.txt,97,v037,0,create_copy_destroy,16384,301000,134209536
2,0010.txt,97,v039,1,reuse_copy,16384,87000,134209536
2,0010.txt,97,v039,1,create_copy_destroy,16384,97000,134209536
2,0011.txt,175,v037,1,reuse_copy,16384,281000,134209536
2,0011.txt,175,v037,1,create_copy_destroy,16384,286000,134209536
2,0011.txt,175,v039,0,reuse_copy,16384,143000,134209536
2,0011.txt,175,v039,0,create_copy_destroy,16384,154000,134209536
2,0012.txt,134,v037,0,reuse_copy,16384,288000,134209536
2,0012.txt,134,v037,0,create_copy_destroy,16384,291000,134209536
2,0012.txt,134,v039,1,reuse_copy,16384,118000,134209536
2,0012.txt,134,v039,1,create_copy_destroy,16384,124000,134209536
2,0013.txt,196,v037,1,reuse_copy,16384,289000,134209536
2,0013.txt,196,v037,1,create_copy_destroy,16384,288000,134209536
2,0013.txt,196,v039,0,reuse_copy,16384,147000,134209536
2,0013.txt,196,v039,0,create_copy_destroy,16384,156000,134209536
2,0014.txt,273,v037,0,reuse_copy,16384,286000,134209536
2,0014.txt,273,v037,0,create_copy_destroy,16384,290000,134209536
2,0014.txt,273,v039,1,reuse_copy,16384,213000,134209536
2,0014.txt,273,v039,1,create_copy_destroy,16384,234000,134209536
2,0015.txt,286,v037,1,reuse_copy,16384,288000,134209536
2,0015.txt,286,v037,1,create_copy_destroy,16384,289000,134209536
2,0015.txt,286,v039,0,reuse_copy,16384,219000,134209536
2,0015.txt,286,v039,0,create_copy_destroy,16384,235000,134209536
2,0016.txt,171,v037,0,reuse_copy,16384,297000,134209536
2,0016.txt,171,v037,0,create_copy_destroy,16384,302000,134209536
2,0016.txt,171,v039,1,reuse_copy,16384,153000,134209536
2,0016.txt,171,v039,1,create_copy_destroy,16384,147000,134209536
2,0017.txt,171,v037,1,reuse_copy,16384,281000,134209536
2,0017.txt,171,v037,1,create_copy_destroy,16384,290000,134209536
2,0017.txt,171,v039,0,reuse_copy,16384,144000,134209536
2,0017.txt,171,v039,0,create_copy_destroy,16384,146000,134209536
2,0018.txt,103,v037,0,reuse_copy,16384,281000,134209536
2,0018.txt,103,v037,0,create_copy_destroy,16384,290000,134209536
2,0018.txt,103,v039,1,reuse_copy,16384,93000,134209536
2,0018.txt,103,v039,1,create_copy_destroy,16384,103000,134209536
2,0019.txt,368,v037,1,reuse_copy,16384,304000,134209536
2,0019.txt,368,v037,1,create_copy_destroy,16384,290000,134209536
2,0019.txt,368,v039,0,reuse_copy,16384,263000,134209536
2,0019.txt,368,v039,0,create_copy_destroy,16384,283000,134209536
2,0020.txt,133,v037,0,reuse_copy,16384,281000,134209536
2,0020.txt,133,v037,0,create_copy_destroy,16384,294000,134209536
2,0020.txt,133,v039,1,reuse_copy,16384,114000,134209536
2,0020.txt,133,v039,1,create_copy_destroy,16384,133000,134209536
2,0021.txt,159,v037,1,reuse_copy,16384,283000,134209536
2,0021.txt,159,v037,1,create_copy_destroy,16384,300000,134209536
2,0021.txt,159,v039,0,reuse_copy,16384,132000,134209536
2,0021.txt,159,v039,0,create_copy_destroy,16384,142000,134209536
2,0022.txt,139,v037,0,reuse_copy,16384,281000,134209536
2,0022.txt,139,v037,0,create_copy_destroy,16384,295000,134209536
2,0022.txt,139,v039,1,reuse_copy,16384,111000,134209536
2,0022.txt,139,v039,1,create_copy_destroy,16384,126000,134209536
2,0023.txt,139,v037,1,reuse_copy,16384,297000,134209536
2,0023.txt,139,v037,1,create_copy_destroy,16384,291000,134209536
2,0023.txt,139,v039,0,reuse_copy,16384,122000,134209536
2,0023.txt,139,v039,0,create_copy_destroy,16384,124000,134209536
2,0024.txt,180,v037,0,reuse_copy,16384,281000,134209536
2,0024.txt,180,v037,0,create_copy_destroy,16384,290000,134209536
2,0024.txt,180,v039,1,reuse_copy,16384,134000,134209536
2,0024.txt,180,v039,1,create_copy_destroy,16384,147000,134209536
2,0025.txt,177,v037,1,reuse_copy,16384,289000,134209536
2,0025.txt,177,v037,1,create_copy_destroy,16384,301000,134209536
2,0025.txt,177,v039,0,reuse_copy,16384,142000,134209536
2,0025.txt,177,v039,0,create_copy_destroy,16384,153000,134209536
2,0026.txt,256,v037,0,reuse_copy,16384,290000,134209536
2,0026.txt,256,v037,0,create_copy_destroy,16384,294000,134209536
2,0026.txt,256,v039,1,reuse_copy,16384,188000,134209536
2,0026.txt,256,v039,1,create_copy_destroy,16384,192000,134209536
2,0027.txt,113,v037,1,reuse_copy,16384,286000,134258688
2,0027.txt,113,v037,1,create_copy_destroy,16384,295000,134258688
2,0027.txt,113,v039,0,reuse_copy,16384,101000,134258688
2,0027.txt,113,v039,0,create_copy_destroy,16384,115000,134258688
2,0028.txt,234,v037,0,reuse_copy,16384,282000,134209536
2,0028.txt,234,v037,0,create_copy_destroy,16384,301000,134209536
2,0028.txt,234,v039,1,reuse_copy,16384,179000,134209536
2,0028.txt,234,v039,1,create_copy_destroy,16384,193000,134209536
2,0029.txt,273,v037,1,reuse_copy,16384,291000,134209536
2,0029.txt,273,v037,1,create_copy_destroy,16384,291000,134209536
2,0029.txt,273,v039,0,reuse_copy,16384,223000,134209536
2,0029.txt,273,v039,0,create_copy_destroy,16384,235000,134209536
2,0030.txt,248,v037,0,reuse_copy,16384,285000,134275072
2,0030.txt,248,v037,0,create_copy_destroy,16384,290000,134275072
2,0030.txt,248,v039,1,reuse_copy,16384,184000,134275072
2,0030.txt,248,v039,1,create_copy_destroy,16384,187000,134275072
2,0031.txt,153,v037,1,reuse_copy,16384,282000,134209536
2,0031.txt,153,v037,1,create_copy_destroy,16384,290000,134209536
2,0031.txt,153,v039,0,reuse_copy,16384,125000,134209536
2,0031.txt,153,v039,0,create_copy_destroy,16384,136000,134209536
2,0032.txt,210,v037,0,reuse_copy,16384,281000,134209536
2,0032.txt,210,v037,0,create_copy_destroy,16384,303000,134209536
2,0032.txt,210,v039,1,reuse_copy,16384,166000,134209536
2,0032.txt,210,v039,1,create_copy_destroy,16384,180000,134209536
2,0033.txt,144,v037,1,reuse_copy,16384,284000,134209536
2,0033.txt,144,v037,1,create_copy_destroy,16384,291000,134209536
2,0033.txt,144,v039,0,reuse_copy,16384,109000,134209536
2,0033.txt,144,v039,0,create_copy_destroy,16384,117000,134209536
2,0034.txt,285,v037,0,reuse_copy,16384,286000,134209536
2,0034.txt,285,v037,0,create_copy_destroy,16384,296000,134209536
2,0034.txt,285,v039,1,reuse_copy,16384,230000,134209536
2,0034.txt,285,v039,1,create_copy_destroy,16384,256000,134209536
2,0035.txt,106,v037,1,reuse_copy,16384,283000,134209536
2,0035.txt,106,v037,1,create_copy_destroy,16384,296000,134209536
2,0035.txt,106,v039,0,reuse_copy,16384,89000,134209536
2,0035.txt,106,v039,0,create_copy_destroy,16384,96000,134209536
2,0036.txt,186,v037,0,reuse_copy,16384,293000,134209536
2,0036.txt,186,v037,0,create_copy_destroy,16384,290000,134209536
2,0036.txt,186,v039,1,reuse_copy,16384,153000,134209536
2,0036.txt,186,v039,1,create_copy_destroy,16384,154000,134209536
2,0037.txt,276,v037,1,reuse_copy,16384,296000,134209536
2,0037.txt,276,v037,1,create_copy_destroy,16384,290000,134209536
2,0037.txt,276,v039,0,reuse_copy,16384,203000,134209536
2,0037.txt,276,v039,0,create_copy_destroy,16384,223000,134209536
2,0038.txt,169,v037,0,reuse_copy,16384,282000,134209536
2,0038.txt,169,v037,0,create_copy_destroy,16384,290000,134209536
2,0038.txt,169,v039,1,reuse_copy,16384,143000,134209536
2,0038.txt,169,v039,1,create_copy_destroy,16384,154000,134209536
2,0039.txt,252,v037,1,reuse_copy,16384,284000,134209536
2,0039.txt,252,v037,1,create_copy_destroy,16384,290000,134209536
2,0039.txt,252,v039,0,reuse_copy,16384,185000,134209536
2,0039.txt,252,v039,0,create_copy_destroy,16384,191000,134209536
2,0040.txt,195,v037,0,reuse_copy,16384,291000,134209536
2,0040.txt,195,v037,0,create_copy_destroy,16384,296000,134209536
2,0040.txt,195,v039,1,reuse_copy,16384,173000,134209536
2,0040.txt,195,v039,1,create_copy_destroy,16384,167000,134209536
2,0041.txt,141,v037,1,reuse_copy,16384,288000,134209536
2,0041.txt,141,v037,1,create_copy_destroy,16384,293000,134209536
2,0041.txt,141,v039,0,reuse_copy,16384,125000,134209536
2,0041.txt,141,v039,0,create_copy_destroy,16384,131000,134209536
2,0042.txt,350,v037,0,reuse_copy,16384,316000,134209536
2,0042.txt,350,v037,0,create_copy_destroy,16384,300000,134209536
2,0042.txt,350,v039,1,reuse_copy,16384,267000,134209536
2,0042.txt,350,v039,1,create_copy_destroy,16384,280000,134209536
2,0043.txt,152,v037,1,reuse_copy,16384,293000,134209536
2,0043.txt,152,v037,1,create_copy_destroy,16384,304000,134209536
2,0043.txt,152,v039,0,reuse_copy,16384,113000,134209536
2,0043.txt,152,v039,0,create_copy_destroy,16384,122000,134209536
2,0044.txt,189,v037,0,reuse_copy,16384,281000,134209536
2,0044.txt,189,v037,0,create_copy_destroy,16384,291000,134209536
2,0044.txt,189,v039,1,reuse_copy,16384,152000,134209536
2,0044.txt,189,v039,1,create_copy_destroy,16384,168000,134209536
2,0045.txt,182,v037,1,reuse_copy,16384,292000,134209536
2,0045.txt,182,v037,1,create_copy_destroy,16384,296000,134209536
2,0045.txt,182,v039,0,reuse_copy,16384,150000,134209536
2,0045.txt,182,v039,0,create_copy_destroy,16384,157000,134209536
2,0046.txt,119,v037,0,reuse_copy,16384,281000,134209536
2,0046.txt,119,v037,0,create_copy_destroy,16384,290000,134209536
2,0046.txt,119,v039,1,reuse_copy,16384,111000,134209536
2,0046.txt,119,v039,1,create_copy_destroy,16384,115000,134209536
2,0047.txt,234,v037,1,reuse_copy,16384,286000,134209536
2,0047.txt,234,v037,1,create_copy_destroy,16384,306000,134209536
2,0047.txt,234,v039,0,reuse_copy,16384,184000,134209536
2,0047.txt,234,v039,0,create_copy_destroy,16384,195000,134209536
2,0048.txt,171,v037,0,reuse_copy,16384,283000,134209536
2,0048.txt,171,v037,0,create_copy_destroy,16384,290000,134209536
2,0048.txt,171,v039,1,reuse_copy,16384,146000,134209536
2,0048.txt,171,v039,1,create_copy_destroy,16384,147000,134209536
2,0049.txt,177,v037,1,reuse_copy,16384,281000,134209536
2,0049.txt,177,v037,1,create_copy_destroy,16384,290000,134209536
2,0049.txt,177,v039,0,reuse_copy,16384,143000,134209536
2,0049.txt,177,v039,0,create_copy_destroy,16384,154000,134209536
2,0050.txt,114,v037,0,reuse_copy,16384,283000,134209536
2,0050.txt,114,v037,0,create_copy_destroy,16384,290000,134209536
2,0050.txt,114,v039,1,reuse_copy,16384,93000,134209536
2,0050.txt,114,v039,1,create_copy_destroy,16384,101000,134209536
2,0051.txt,156,v037,1,reuse_copy,16384,281000,134209536
2,0051.txt,156,v037,1,create_copy_destroy,16384,291000,134209536
2,0051.txt,156,v039,0,reuse_copy,16384,119000,134209536
2,0051.txt,156,v039,0,create_copy_destroy,16384,126000,134209536
2,0052.txt,224,v037,0,reuse_copy,16384,291000,134209536
2,0052.txt,224,v037,0,create_copy_destroy,16384,302000,134209536
2,0052.txt,224,v039,1,reuse_copy,16384,164000,134209536
2,0052.txt,224,v039,1,create_copy_destroy,16384,174000,134209536
2,0053.txt,162,v037,1,reuse_copy,16384,284000,134209536
2,0053.txt,162,v037,1,create_copy_destroy,16384,290000,134209536
2,0053.txt,162,v039,0,reuse_copy,16384,129000,134209536
2,0053.txt,162,v039,0,create_copy_destroy,16384,141000,134209536
2,0054.txt,235,v037,0,reuse_copy,16384,281000,134209536
2,0054.txt,235,v037,0,create_copy_destroy,16384,290000,134209536
2,0054.txt,235,v039,1,reuse_copy,16384,191000,134209536
2,0054.txt,235,v039,1,create_copy_destroy,16384,194000,134209536
2,0055.txt,286,v037,1,reuse_copy,16384,286000,134209536
2,0055.txt,286,v037,1,create_copy_destroy,16384,287000,134209536
2,0055.txt,286,v039,0,reuse_copy,16384,219000,134209536
2,0055.txt,286,v039,0,create_copy_destroy,16384,235000,134209536
2,0056.txt,193,v037,0,reuse_copy,16384,281000,134209536
2,0056.txt,193,v037,0,create_copy_destroy,16384,290000,134209536
2,0056.txt,193,v039,1,reuse_copy,16384,166000,134209536
2,0056.txt,193,v039,1,create_copy_destroy,16384,166000,134209536
2,0057.txt,239,v037,1,reuse_copy,16384,281000,134209536
2,0057.txt,239,v037,1,create_copy_destroy,16384,291000,134209536
2,0057.txt,239,v039,0,reuse_copy,16384,200000,134209536
2,0057.txt,239,v039,0,create_copy_destroy,16384,208000,134209536
2,0058.txt,225,v037,0,reuse_copy,16384,282000,134209536
2,0058.txt,225,v037,0,create_copy_destroy,16384,297000,134209536
2,0058.txt,225,v039,1,reuse_copy,16384,179000,134209536
2,0058.txt,225,v039,1,create_copy_destroy,16384,190000,134209536
2,0059.txt,179,v037,1,reuse_copy,16384,286000,134209536
2,0059.txt,179,v037,1,create_copy_destroy,16384,290000,134209536
2,0059.txt,179,v039,0,reuse_copy,16384,150000,134209536
2,0059.txt,179,v039,0,create_copy_destroy,16384,151000,134209536
2,0060.txt,197,v037,0,reuse_copy,16384,282000,134209536
2,0060.txt,197,v037,0,create_copy_destroy,16384,290000,134209536
2,0060.txt,197,v039,1,reuse_copy,16384,171000,134209536
2,0060.txt,197,v039,1,create_copy_destroy,16384,176000,134209536
2,0061.txt,171,v037,1,reuse_copy,16384,295000,134209536
2,0061.txt,171,v037,1,create_copy_destroy,16384,293000,134209536
2,0061.txt,171,v039,0,reuse_copy,16384,145000,134209536
2,0061.txt,171,v039,0,create_copy_destroy,16384,146000,134209536
2,0062.txt,197,v037,0,reuse_copy,16384,282000,134209536
2,0062.txt,197,v037,0,create_copy_destroy,16384,310000,134209536
2,0062.txt,197,v039,1,reuse_copy,16384,158000,134209536
2,0062.txt,197,v039,1,create_copy_destroy,16384,175000,134209536
2,0063.txt,228,v037,1,reuse_copy,16384,281000,134209536
2,0063.txt,228,v037,1,create_copy_destroy,16384,294000,134209536
2,0063.txt,228,v039,0,reuse_copy,16384,169000,134209536
2,0063.txt,228,v039,0,create_copy_destroy,16384,184000,134209536
2,0064.txt,203,v037,0,reuse_copy,16384,292000,134209536
2,0064.txt,203,v037,0,create_copy_destroy,16384,290000,134209536
2,0064.txt,203,v039,1,reuse_copy,16384,167000,134209536
2,0064.txt,203,v039,1,create_copy_destroy,16384,176000,134209536
2,0065.txt,185,v037,1,reuse_copy,16384,302000,134209536
2,0065.txt,185,v037,1,create_copy_destroy,16384,290000,134209536
2,0065.txt,185,v039,0,reuse_copy,16384,150000,134209536
2,0065.txt,185,v039,0,create_copy_destroy,16384,178000,134209536
2,0066.txt,205,v037,0,reuse_copy,16384,289000,134209536
2,0066.txt,205,v037,0,create_copy_destroy,16384,292000,134209536
2,0066.txt,205,v039,1,reuse_copy,16384,166000,134209536
2,0066.txt,205,v039,1,create_copy_destroy,16384,191000,134209536
2,0067.txt,179,v037,1,reuse_copy,16384,283000,134209536
2,0067.txt,179,v037,1,create_copy_destroy,16384,290000,134209536
2,0067.txt,179,v039,0,reuse_copy,16384,150000,134209536
2,0067.txt,179,v039,0,create_copy_destroy,16384,152000,134209536
2,0068.txt,324,v037,0,reuse_copy,16384,286000,134209536
2,0068.txt,324,v037,0,create_copy_destroy,16384,287000,134209536
2,0068.txt,324,v039,1,reuse_copy,16384,235000,134209536
2,0068.txt,324,v039,1,create_copy_destroy,16384,236000,134209536
2,0069.txt,111,v037,1,reuse_copy,16384,281000,134209536
2,0069.txt,111,v037,1,create_copy_destroy,16384,301000,134209536
2,0069.txt,111,v039,0,reuse_copy,16384,98000,134209536
2,0069.txt,111,v039,0,create_copy_destroy,16384,109000,134209536
2,0070.txt,311,v037,0,reuse_copy,16384,282000,134209536
2,0070.txt,311,v037,0,create_copy_destroy,16384,286000,134209536
2,0070.txt,311,v039,1,reuse_copy,16384,242000,134209536
2,0070.txt,311,v039,1,create_copy_destroy,16384,243000,134209536
2,0071.txt,283,v037,1,reuse_copy,16384,291000,134356992
2,0071.txt,283,v037,1,create_copy_destroy,16384,288000,134356992
2,0071.txt,283,v039,0,reuse_copy,16384,222000,134356992
2,0071.txt,283,v039,0,create_copy_destroy,16384,233000,134356992
2,0072.txt,180,v037,0,reuse_copy,16384,283000,134209536
2,0072.txt,180,v037,0,create_copy_destroy,16384,290000,134209536
2,0072.txt,180,v039,1,reuse_copy,16384,139000,134209536
2,0072.txt,180,v039,1,create_copy_destroy,16384,146000,134209536
2,0073.txt,159,v037,1,reuse_copy,16384,295000,134209536
2,0073.txt,159,v037,1,create_copy_destroy,16384,299000,134209536
2,0073.txt,159,v039,0,reuse_copy,16384,137000,134209536
2,0073.txt,159,v039,0,create_copy_destroy,16384,142000,134209536
2,0074.txt,106,v037,0,reuse_copy,16384,285000,134209536
2,0074.txt,106,v037,0,create_copy_destroy,16384,290000,134209536
2,0074.txt,106,v039,1,reuse_copy,16384,90000,134209536
2,0074.txt,106,v039,1,create_copy_destroy,16384,107000,134209536
2,0075.txt,272,v037,1,reuse_copy,16384,289000,134209536
2,0075.txt,272,v037,1,create_copy_destroy,16384,287000,134209536
2,0075.txt,272,v039,0,reuse_copy,16384,197000,134209536
2,0075.txt,272,v039,0,create_copy_destroy,16384,211000,134209536
2,0076.txt,187,v037,0,reuse_copy,16384,284000,134209536
2,0076.txt,187,v037,0,create_copy_destroy,16384,307000,134209536
2,0076.txt,187,v039,1,reuse_copy,16384,157000,134209536
2,0076.txt,187,v039,1,create_copy_destroy,16384,162000,134209536
2,0077.txt,108,v037,1,reuse_copy,16384,288000,134209536
2,0077.txt,108,v037,1,create_copy_destroy,16384,305000,134209536
2,0077.txt,108,v039,0,reuse_copy,16384,87000,134209536
2,0077.txt,108,v039,0,create_copy_destroy,16384,92000,134209536
2,0078.txt,218,v037,0,reuse_copy,16384,291000,134209536
2,0078.txt,218,v037,0,create_copy_destroy,16384,298000,134209536
2,0078.txt,218,v039,1,reuse_copy,16384,170000,134209536
2,0078.txt,218,v039,1,create_copy_destroy,16384,179000,134209536
2,0079.txt,140,v037,1,reuse_copy,16384,291000,134209536
2,0079.txt,140,v037,1,create_copy_destroy,16384,302000,134209536
2,0079.txt,140,v039,0,reuse_copy,16384,113000,134209536
2,0079.txt,140,v039,0,create_copy_destroy,16384,131000,134209536
2,0080.txt,167,v037,0,reuse_copy,16384,289000,134209536
2,0080.txt,167,v037,0,create_copy_destroy,16384,291000,134209536
2,0080.txt,167,v039,1,reuse_copy,16384,137000,134209536
2,0080.txt,167,v039,1,create_copy_destroy,16384,147000,134209536
2,0081.txt,251,v037,1,reuse_copy,16384,281000,134209536
2,0081.txt,251,v037,1,create_copy_destroy,16384,291000,134209536
2,0081.txt,251,v039,0,reuse_copy,16384,206000,134209536
2,0081.txt,251,v039,0,create_copy_destroy,16384,205000,134209536
2,0082.txt,223,v037,0,reuse_copy,16384,292000,134209536
2,0082.txt,223,v037,0,create_copy_destroy,16384,291000,134209536
2,0082.txt,223,v039,1,reuse_copy,16384,176000,134209536
2,0082.txt,223,v039,1,create_copy_destroy,16384,191000,134209536
2,0083.txt,130,v037,1,reuse_copy,16384,282000,134209536
2,0083.txt,130,v037,1,create_copy_destroy,16384,286000,134209536
2,0083.txt,130,v039,0,reuse_copy,16384,106000,134209536
2,0083.txt,130,v039,0,create_copy_destroy,16384,121000,134209536
2,0084.txt,202,v037,0,reuse_copy,16384,286000,134209536
2,0084.txt,202,v037,0,create_copy_destroy,16384,290000,134209536
2,0084.txt,202,v039,1,reuse_copy,16384,160000,134209536
2,0084.txt,202,v039,1,create_copy_destroy,16384,166000,134209536
2,0085.txt,246,v037,1,reuse_copy,16384,286000,134258688
2,0085.txt,246,v037,1,create_copy_destroy,16384,290000,134258688
2,0085.txt,246,v039,0,reuse_copy,16384,191000,134258688
2,0085.txt,246,v039,0,create_copy_destroy,16384,201000,134258688
2,0086.txt,96,v037,0,reuse_copy,16384,298000,134209536
2,0086.txt,96,v037,0,create_copy_destroy,16384,295000,134209536
2,0086.txt,96,v039,1,reuse_copy,16384,76000,134209536
2,0086.txt,96,v039,1,create_copy_destroy,16384,84000,134209536
2,0087.txt,212,v037,1,reuse_copy,16384,284000,134209536
2,0087.txt,212,v037,1,create_copy_destroy,16384,301000,134209536
2,0087.txt,212,v039,0,reuse_copy,16384,159000,134209536
2,0087.txt,212,v039,0,create_copy_destroy,16384,169000,134209536
2,0088.txt,199,v037,0,reuse_copy,16384,282000,134209536
2,0088.txt,199,v037,0,create_copy_destroy,16384,287000,134209536
2,0088.txt,199,v039,1,reuse_copy,16384,163000,134209536
2,0088.txt,199,v039,1,create_copy_destroy,16384,172000,134209536
2,0089.txt,290,v037,1,reuse_copy,16384,291000,134209536
2,0089.txt,290,v037,1,create_copy_destroy,16384,298000,134209536
2,0089.txt,290,v039,0,reuse_copy,16384,220000,134209536
2,0089.txt,290,v039,0,create_copy_destroy,16384,229000,134209536
2,0090.txt,207,v037,0,reuse_copy,16384,294000,134209536
2,0090.txt,207,v037,0,create_copy_destroy,16384,304000,134209536
2,0090.txt,207,v039,1,reuse_copy,16384,167000,134209536
2,0090.txt,207,v039,1,create_copy_destroy,16384,181000,134209536
2,0091.txt,127,v037,1,reuse_copy,16384,281000,134209536
2,0091.txt,127,v037,1,create_copy_destroy,16384,301000,134209536
2,0091.txt,127,v039,0,reuse_copy,16384,121000,134209536
2,0091.txt,127,v039,0,create_copy_destroy,16384,136000,134209536
2,0092.txt,300,v037,0,reuse_copy,16384,299000,134209536
2,0092.txt,300,v037,0,create_copy_destroy,16384,289000,134209536
2,0092.txt,300,v039,1,reuse_copy,16384,218000,134209536
2,0092.txt,300,v039,1,create_copy_destroy,16384,227000,134209536
2,0093.txt,101,v037,1,reuse_copy,16384,296000,134209536
2,0093.txt,101,v037,1,create_copy_destroy,16384,316000,134209536
2,0093.txt,101,v039,0,reuse_copy,16384,90000,134209536
2,0093.txt,101,v039,0,create_copy_destroy,16384,102000,134209536
2,0094.txt,259,v037,0,reuse_copy,16384,291000,134209536
2,0094.txt,259,v037,0,create_copy_destroy,16384,290000,134209536
2,0094.txt,259,v039,1,reuse_copy,16384,208000,134209536
2,0094.txt,259,v039,1,create_copy_destroy,16384,215000,134209536
2,0095.txt,180,v037,1,reuse_copy,16384,285000,134209536
2,0095.txt,180,v037,1,create_copy_destroy,16384,294000,134209536
2,0095.txt,180,v039,0,reuse_copy,16384,134000,134209536
2,0095.txt,180,v039,0,create_copy_destroy,16384,149000,134209536
2,0096.txt,139,v037,0,reuse_copy,16384,284000,134209536
2,0096.txt,139,v037,0,create_copy_destroy,16384,290000,134209536
2,0096.txt,139,v039,1,reuse_copy,16384,127000,134209536
2,0096.txt,139,v039,1,create_copy_destroy,16384,124000,134209536
2,0097.txt,281,v037,1,reuse_copy,16384,288000,134209536
2,0097.txt,281,v037,1,create_copy_destroy,16384,300000,134209536
2,0097.txt,281,v039,0,reuse_copy,16384,217000,134209536
2,0097.txt,281,v039,0,create_copy_destroy,16384,235000,134209536
2,0098.txt,152,v037,0,reuse_copy,16384,294000,134209536
2,0098.txt,152,v037,0,create_copy_destroy,16384,303000,134209536
2,0098.txt,152,v039,1,reuse_copy,16384,115000,134209536
2,0098.txt,152,v039,1,create_copy_destroy,16384,121000,134209536
2,0099.txt,244,v037,1,reuse_copy,16384,283000,134209536
2,0099.txt,244,v037,1,create_copy_destroy,16384,290000,134209536
2,0099.txt,244,v039,0,reuse_copy,16384,180000,134209536
2,0099.txt,244,v039,0,create_copy_destroy,16384,203000,134209536
3,0000.txt,104,v037,1,reuse_copy,16384,293000,134209536
3,0000.txt,104,v037,1,create_copy_destroy,16384,291000,134209536
3,0000.txt,104,v039,0,reuse_copy,16384,80000,134209536
3,0000.txt,104,v039,0,create_copy_destroy,16384,87000,134209536
3,0001.txt,152,v037,0,reuse_copy,16384,291000,134209536
3,0001.txt,152,v037,0,create_copy_destroy,16384,295000,134209536
3,0001.txt,152,v039,1,reuse_copy,16384,115000,134209536
3,0001.txt,152,v039,1,create_copy_destroy,16384,134000,134209536
3,0002.txt,150,v037,1,reuse_copy,16384,281000,134209536
3,0002.txt,150,v037,1,create_copy_destroy,16384,300000,134209536
3,0002.txt,150,v039,0,reuse_copy,16384,131000,134209536
3,0002.txt,150,v039,0,create_copy_destroy,16384,132000,134209536
3,0003.txt,284,v037,0,reuse_copy,16384,299000,134209536
3,0003.txt,284,v037,0,create_copy_destroy,16384,295000,134209536
3,0003.txt,284,v039,1,reuse_copy,16384,216000,134209536
3,0003.txt,284,v039,1,create_copy_destroy,16384,220000,134209536
3,0004.txt,216,v037,1,reuse_copy,16384,303000,134209536
3,0004.txt,216,v037,1,create_copy_destroy,16384,303000,134209536
3,0004.txt,216,v039,0,reuse_copy,16384,166000,134209536
3,0004.txt,216,v039,0,create_copy_destroy,16384,173000,134209536
3,0005.txt,197,v037,0,reuse_copy,16384,290000,134209536
3,0005.txt,197,v037,0,create_copy_destroy,16384,291000,134209536
3,0005.txt,197,v039,1,reuse_copy,16384,158000,134209536
3,0005.txt,197,v039,1,create_copy_destroy,16384,175000,134209536
3,0006.txt,104,v037,1,reuse_copy,16384,290000,134209536
3,0006.txt,104,v037,1,create_copy_destroy,16384,305000,134209536
3,0006.txt,104,v039,0,reuse_copy,16384,80000,134209536
3,0006.txt,104,v039,0,create_copy_destroy,16384,88000,134209536
3,0007.txt,121,v037,0,reuse_copy,16384,281000,134209536
3,0007.txt,121,v037,0,create_copy_destroy,16384,290000,134209536
3,0007.txt,121,v039,1,reuse_copy,16384,103000,134209536
3,0007.txt,121,v039,1,create_copy_destroy,16384,127000,134209536
3,0008.txt,123,v037,1,reuse_copy,16384,283000,134209536
3,0008.txt,123,v037,1,create_copy_destroy,16384,290000,134209536
3,0008.txt,123,v039,0,reuse_copy,16384,110000,134209536
3,0008.txt,123,v039,0,create_copy_destroy,16384,118000,134209536
3,0009.txt,185,v037,0,reuse_copy,16384,281000,134209536
3,0009.txt,185,v037,0,create_copy_destroy,16384,290000,134209536
3,0009.txt,185,v039,1,reuse_copy,16384,150000,134209536
3,0009.txt,185,v039,1,create_copy_destroy,16384,168000,134209536
3,0010.txt,97,v037,1,reuse_copy,16384,281000,134209536
3,0010.txt,97,v037,1,create_copy_destroy,16384,290000,134209536
3,0010.txt,97,v039,0,reuse_copy,16384,97000,134209536
3,0010.txt,97,v039,0,create_copy_destroy,16384,116000,134209536
3,0011.txt,175,v037,0,reuse_copy,16384,291000,134209536
3,0011.txt,175,v037,0,create_copy_destroy,16384,290000,134209536
3,0011.txt,175,v039,1,reuse_copy,16384,146000,134209536
3,0011.txt,175,v039,1,create_copy_destroy,16384,157000,134209536
3,0012.txt,134,v037,1,reuse_copy,16384,281000,134209536
3,0012.txt,134,v037,1,create_copy_destroy,16384,301000,134209536
3,0012.txt,134,v039,0,reuse_copy,16384,115000,134209536
3,0012.txt,134,v039,0,create_copy_destroy,16384,121000,134209536
3,0013.txt,196,v037,0,reuse_copy,16384,281000,134209536
3,0013.txt,196,v037,0,create_copy_destroy,16384,301000,134209536
3,0013.txt,196,v039,1,reuse_copy,16384,147000,134209536
3,0013.txt,196,v039,1,create_copy_destroy,16384,166000,134209536
3,0014.txt,273,v037,1,reuse_copy,16384,287000,134209536
3,0014.txt,273,v037,1,create_copy_destroy,16384,290000,134209536
3,0014.txt,273,v039,0,reuse_copy,16384,218000,134209536
3,0014.txt,273,v039,0,create_copy_destroy,16384,254000,134209536
3,0015.txt,286,v037,0,reuse_copy,16384,307000,134209536
3,0015.txt,286,v037,0,create_copy_destroy,16384,289000,134209536
3,0015.txt,286,v039,1,reuse_copy,16384,218000,134209536
3,0015.txt,286,v039,1,create_copy_destroy,16384,236000,134209536
3,0016.txt,171,v037,1,reuse_copy,16384,304000,134209536
3,0016.txt,171,v037,1,create_copy_destroy,16384,290000,134209536
3,0016.txt,171,v039,0,reuse_copy,16384,145000,134209536
3,0016.txt,171,v039,0,create_copy_destroy,16384,147000,134209536
3,0017.txt,171,v037,0,reuse_copy,16384,287000,134209536
3,0017.txt,171,v037,0,create_copy_destroy,16384,291000,134209536
3,0017.txt,171,v039,1,reuse_copy,16384,151000,134209536
3,0017.txt,171,v039,1,create_copy_destroy,16384,156000,134209536
3,0018.txt,103,v037,1,reuse_copy,16384,286000,134209536
3,0018.txt,103,v037,1,create_copy_destroy,16384,298000,134209536
3,0018.txt,103,v039,0,reuse_copy,16384,102000,134209536
3,0018.txt,103,v039,0,create_copy_destroy,16384,113000,134209536
3,0019.txt,368,v037,0,reuse_copy,16384,289000,134209536
3,0019.txt,368,v037,0,create_copy_destroy,16384,291000,134209536
3,0019.txt,368,v039,1,reuse_copy,16384,263000,134209536
3,0019.txt,368,v039,1,create_copy_destroy,16384,269000,134209536
3,0020.txt,133,v037,1,reuse_copy,16384,297000,134209536
3,0020.txt,133,v037,1,create_copy_destroy,16384,286000,134209536
3,0020.txt,133,v039,0,reuse_copy,16384,110000,134209536
3,0020.txt,133,v039,0,create_copy_destroy,16384,125000,134209536
3,0021.txt,159,v037,0,reuse_copy,16384,303000,134209536
3,0021.txt,159,v037,0,create_copy_destroy,16384,308000,134209536
3,0021.txt,159,v039,1,reuse_copy,16384,132000,134209536
3,0021.txt,159,v039,1,create_copy_destroy,16384,144000,134209536
3,0022.txt,139,v037,1,reuse_copy,16384,281000,134209536
3,0022.txt,139,v037,1,create_copy_destroy,16384,290000,134209536
3,0022.txt,139,v039,0,reuse_copy,16384,118000,134209536
3,0022.txt,139,v039,0,create_copy_destroy,16384,131000,134209536
3,0023.txt,139,v037,0,reuse_copy,16384,281000,134209536
3,0023.txt,139,v037,0,create_copy_destroy,16384,291000,134209536
3,0023.txt,139,v039,1,reuse_copy,16384,122000,134209536
3,0023.txt,139,v039,1,create_copy_destroy,16384,124000,134209536
3,0024.txt,180,v037,1,reuse_copy,16384,285000,134209536
3,0024.txt,180,v037,1,create_copy_destroy,16384,291000,134209536
3,0024.txt,180,v039,0,reuse_copy,16384,134000,134209536
3,0024.txt,180,v039,0,create_copy_destroy,16384,145000,134209536
3,0025.txt,177,v037,0,reuse_copy,16384,294000,134209536
3,0025.txt,177,v037,0,create_copy_destroy,16384,299000,134209536
3,0025.txt,177,v039,1,reuse_copy,16384,143000,134209536
3,0025.txt,177,v039,1,create_copy_destroy,16384,153000,134209536
3,0026.txt,256,v037,1,reuse_copy,16384,281000,134209536
3,0026.txt,256,v037,1,create_copy_destroy,16384,287000,134209536
3,0026.txt,256,v039,0,reuse_copy,16384,187000,134209536
3,0026.txt,256,v039,0,create_copy_destroy,16384,193000,134209536
3,0027.txt,113,v037,0,reuse_copy,16384,281000,134258688
3,0027.txt,113,v037,0,create_copy_destroy,16384,301000,134258688
3,0027.txt,113,v039,1,reuse_copy,16384,98000,134258688
3,0027.txt,113,v039,1,create_copy_destroy,16384,109000,134258688
3,0028.txt,234,v037,1,reuse_copy,16384,307000,134209536
3,0028.txt,234,v037,1,create_copy_destroy,16384,299000,134209536
3,0028.txt,234,v039,0,reuse_copy,16384,189000,134209536
3,0028.txt,234,v039,0,create_copy_destroy,16384,196000,134209536
3,0029.txt,273,v037,0,reuse_copy,16384,290000,134209536
3,0029.txt,273,v037,0,create_copy_destroy,16384,290000,134209536
3,0029.txt,273,v039,1,reuse_copy,16384,216000,134209536
3,0029.txt,273,v039,1,create_copy_destroy,16384,235000,134209536
3,0030.txt,248,v037,1,reuse_copy,16384,284000,134275072
3,0030.txt,248,v037,1,create_copy_destroy,16384,297000,134275072
3,0030.txt,248,v039,0,reuse_copy,16384,180000,134275072
3,0030.txt,248,v039,0,create_copy_destroy,16384,196000,134275072
3,0031.txt,153,v037,0,reuse_copy,16384,300000,134209536
3,0031.txt,153,v037,0,create_copy_destroy,16384,304000,134209536
3,0031.txt,153,v039,1,reuse_copy,16384,130000,134209536
3,0031.txt,153,v039,1,create_copy_destroy,16384,138000,134209536
3,0032.txt,210,v037,1,reuse_copy,16384,281000,134209536
3,0032.txt,210,v037,1,create_copy_destroy,16384,290000,134209536
3,0032.txt,210,v039,0,reuse_copy,16384,166000,134209536
3,0032.txt,210,v039,0,create_copy_destroy,16384,172000,134209536
3,0033.txt,144,v037,0,reuse_copy,16384,283000,134209536
3,0033.txt,144,v037,0,create_copy_destroy,16384,290000,134209536
3,0033.txt,144,v039,1,reuse_copy,16384,109000,134209536
3,0033.txt,144,v039,1,create_copy_destroy,16384,117000,134209536
3,0034.txt,285,v037,1,reuse_copy,16384,290000,134209536
3,0034.txt,285,v037,1,create_copy_destroy,16384,297000,134209536
3,0034.txt,285,v039,0,reuse_copy,16384,220000,134209536
3,0034.txt,285,v039,0,create_copy_destroy,16384,243000,134209536
3,0035.txt,106,v037,0,reuse_copy,16384,286000,134209536
3,0035.txt,106,v037,0,create_copy_destroy,16384,290000,134209536
3,0035.txt,106,v039,1,reuse_copy,16384,89000,134209536
3,0035.txt,106,v039,1,create_copy_destroy,16384,96000,134209536
3,0036.txt,186,v037,1,reuse_copy,16384,293000,134209536
3,0036.txt,186,v037,1,create_copy_destroy,16384,298000,134209536
3,0036.txt,186,v039,0,reuse_copy,16384,146000,134209536
3,0036.txt,186,v039,0,create_copy_destroy,16384,154000,134209536
3,0037.txt,276,v037,0,reuse_copy,16384,286000,134209536
3,0037.txt,276,v037,0,create_copy_destroy,16384,294000,134209536
3,0037.txt,276,v039,1,reuse_copy,16384,207000,134209536
3,0037.txt,276,v039,1,create_copy_destroy,16384,222000,134209536
3,0038.txt,169,v037,1,reuse_copy,16384,281000,134209536
3,0038.txt,169,v037,1,create_copy_destroy,16384,290000,134209536
3,0038.txt,169,v039,0,reuse_copy,16384,156000,134209536
3,0038.txt,169,v039,0,create_copy_destroy,16384,149000,134209536
3,0039.txt,252,v037,0,reuse_copy,16384,284000,134209536
3,0039.txt,252,v037,0,create_copy_destroy,16384,290000,134209536
3,0039.txt,252,v039,1,reuse_copy,16384,185000,134209536
3,0039.txt,252,v039,1,create_copy_destroy,16384,192000,134209536
3,0040.txt,195,v037,1,reuse_copy,16384,284000,134209536
3,0040.txt,195,v037,1,create_copy_destroy,16384,301000,134209536
3,0040.txt,195,v039,0,reuse_copy,16384,173000,134209536
3,0040.txt,195,v039,0,create_copy_destroy,16384,171000,134209536
3,0041.txt,141,v037,0,reuse_copy,16384,286000,134209536
3,0041.txt,141,v037,0,create_copy_destroy,16384,290000,134209536
3,0041.txt,141,v039,1,reuse_copy,16384,117000,134209536
3,0041.txt,141,v039,1,create_copy_destroy,16384,132000,134209536
3,0042.txt,350,v037,1,reuse_copy,16384,306000,134209536
3,0042.txt,350,v037,1,create_copy_destroy,16384,307000,134209536
3,0042.txt,350,v039,0,reuse_copy,16384,278000,134209536
3,0042.txt,350,v039,0,create_copy_destroy,16384,279000,134209536
3,0043.txt,152,v037,0,reuse_copy,16384,293000,134209536
3,0043.txt,152,v037,0,create_copy_destroy,16384,298000,134209536
3,0043.txt,152,v039,1,reuse_copy,16384,114000,134209536
3,0043.txt,152,v039,1,create_copy_destroy,16384,123000,134209536
3,0044.txt,189,v037,1,reuse_copy,16384,282000,134209536
3,0044.txt,189,v037,1,create_copy_destroy,16384,290000,134209536
3,0044.txt,189,v039,0,reuse_copy,16384,152000,134209536
3,0044.txt,189,v039,0,create_copy_destroy,16384,168000,134209536
3,0045.txt,182,v037,0,reuse_copy,16384,291000,134209536
3,0045.txt,182,v037,0,create_copy_destroy,16384,287000,134209536
3,0045.txt,182,v039,1,reuse_copy,16384,146000,134209536
3,0045.txt,182,v039,1,create_copy_destroy,16384,155000,134209536
3,0046.txt,119,v037,1,reuse_copy,16384,281000,134209536
3,0046.txt,119,v037,1,create_copy_destroy,16384,291000,134209536
3,0046.txt,119,v039,0,reuse_copy,16384,102000,134209536
3,0046.txt,119,v039,0,create_copy_destroy,16384,115000,134209536
3,0047.txt,234,v037,0,reuse_copy,16384,314000,134209536
3,0047.txt,234,v037,0,create_copy_destroy,16384,288000,134209536
3,0047.txt,234,v039,1,reuse_copy,16384,180000,134209536
3,0047.txt,234,v039,1,create_copy_destroy,16384,190000,134209536
3,0048.txt,171,v037,1,reuse_copy,16384,293000,134209536
3,0048.txt,171,v037,1,create_copy_destroy,16384,303000,134209536
3,0048.txt,171,v039,0,reuse_copy,16384,145000,134209536
3,0048.txt,171,v039,0,create_copy_destroy,16384,146000,134209536
3,0049.txt,177,v037,0,reuse_copy,16384,307000,134209536
3,0049.txt,177,v037,0,create_copy_destroy,16384,295000,134209536
3,0049.txt,177,v039,1,reuse_copy,16384,145000,134209536
3,0049.txt,177,v039,1,create_copy_destroy,16384,168000,134209536
3,0050.txt,114,v037,1,reuse_copy,16384,285000,134209536
3,0050.txt,114,v037,1,create_copy_destroy,16384,290000,134209536
3,0050.txt,114,v039,0,reuse_copy,16384,94000,134209536
3,0050.txt,114,v039,0,create_copy_destroy,16384,102000,134209536
3,0051.txt,156,v037,0,reuse_copy,16384,281000,134209536
3,0051.txt,156,v037,0,create_copy_destroy,16384,303000,134209536
3,0051.txt,156,v039,1,reuse_copy,16384,128000,134209536
3,0051.txt,156,v039,1,create_copy_destroy,16384,138000,134209536
3,0052.txt,224,v037,1,reuse_copy,16384,281000,134209536
3,0052.txt,224,v037,1,create_copy_destroy,16384,290000,134209536
3,0052.txt,224,v039,0,reuse_copy,16384,178000,134209536
3,0052.txt,224,v039,0,create_copy_destroy,16384,187000,134209536
3,0053.txt,162,v037,0,reuse_copy,16384,287000,134209536
3,0053.txt,162,v037,0,create_copy_destroy,16384,295000,134209536
3,0053.txt,162,v039,1,reuse_copy,16384,128000,134209536
3,0053.txt,162,v039,1,create_copy_destroy,16384,135000,134209536
3,0054.txt,235,v037,1,reuse_copy,16384,286000,134209536
3,0054.txt,235,v037,1,create_copy_destroy,16384,291000,134209536
3,0054.txt,235,v039,0,reuse_copy,16384,190000,134209536
3,0054.txt,235,v039,0,create_copy_destroy,16384,193000,134209536
3,0055.txt,286,v037,0,reuse_copy,16384,289000,134209536
3,0055.txt,286,v037,0,create_copy_destroy,16384,290000,134209536
3,0055.txt,286,v039,1,reuse_copy,16384,224000,134209536
3,0055.txt,286,v039,1,create_copy_destroy,16384,227000,134209536
3,0056.txt,193,v037,1,reuse_copy,16384,286000,134209536
3,0056.txt,193,v037,1,create_copy_destroy,16384,304000,134209536
3,0056.txt,193,v039,0,reuse_copy,16384,157000,134209536
3,0056.txt,193,v039,0,create_copy_destroy,16384,190000,134209536
3,0057.txt,239,v037,0,reuse_copy,16384,281000,134209536
3,0057.txt,239,v037,0,create_copy_destroy,16384,290000,134209536
3,0057.txt,239,v039,1,reuse_copy,16384,189000,134209536
3,0057.txt,239,v039,1,create_copy_destroy,16384,217000,134209536
3,0058.txt,225,v037,1,reuse_copy,16384,285000,134209536
3,0058.txt,225,v037,1,create_copy_destroy,16384,302000,134209536
3,0058.txt,225,v039,0,reuse_copy,16384,177000,134209536
3,0058.txt,225,v039,0,create_copy_destroy,16384,192000,134209536
3,0059.txt,179,v037,0,reuse_copy,16384,297000,134209536
3,0059.txt,179,v037,0,create_copy_destroy,16384,297000,134209536
3,0059.txt,179,v039,1,reuse_copy,16384,155000,134209536
3,0059.txt,179,v039,1,create_copy_destroy,16384,152000,134209536
3,0060.txt,197,v037,1,reuse_copy,16384,289000,134209536
3,0060.txt,197,v037,1,create_copy_destroy,16384,291000,134209536
3,0060.txt,197,v039,0,reuse_copy,16384,163000,134209536
3,0060.txt,197,v039,0,create_copy_destroy,16384,178000,134209536
3,0061.txt,171,v037,0,reuse_copy,16384,328000,134209536
3,0061.txt,171,v037,0,create_copy_destroy,16384,290000,134209536
3,0061.txt,171,v039,1,reuse_copy,16384,145000,134209536
3,0061.txt,171,v039,1,create_copy_destroy,16384,147000,134209536
3,0062.txt,197,v037,1,reuse_copy,16384,292000,134209536
3,0062.txt,197,v037,1,create_copy_destroy,16384,299000,134209536
3,0062.txt,197,v039,0,reuse_copy,16384,170000,134209536
3,0062.txt,197,v039,0,create_copy_destroy,16384,173000,134209536
3,0063.txt,228,v037,0,reuse_copy,16384,288000,134209536
3,0063.txt,228,v037,0,create_copy_destroy,16384,290000,134209536
3,0063.txt,228,v039,1,reuse_copy,16384,173000,134209536
3,0063.txt,228,v039,1,create_copy_destroy,16384,184000,134209536
3,0064.txt,203,v037,1,reuse_copy,16384,307000,134209536
3,0064.txt,203,v037,1,create_copy_destroy,16384,297000,134209536
3,0064.txt,203,v039,0,reuse_copy,16384,168000,134209536
3,0064.txt,203,v039,0,create_copy_destroy,16384,172000,134209536
3,0065.txt,185,v037,0,reuse_copy,16384,289000,134209536
3,0065.txt,185,v037,0,create_copy_destroy,16384,295000,134209536
3,0065.txt,185,v039,1,reuse_copy,16384,150000,134209536
3,0065.txt,185,v039,1,create_copy_destroy,16384,160000,134209536
3,0066.txt,205,v037,1,reuse_copy,16384,284000,134209536
3,0066.txt,205,v037,1,create_copy_destroy,16384,287000,134209536
3,0066.txt,205,v039,0,reuse_copy,16384,166000,134209536
3,0066.txt,205,v039,0,create_copy_destroy,16384,186000,134209536
3,0067.txt,179,v037,0,reuse_copy,16384,283000,134209536
3,0067.txt,179,v037,0,create_copy_destroy,16384,290000,134209536
3,0067.txt,179,v039,1,reuse_copy,16384,154000,134209536
3,0067.txt,179,v039,1,create_copy_destroy,16384,155000,134209536
3,0068.txt,324,v037,1,reuse_copy,16384,310000,134209536
3,0068.txt,324,v037,1,create_copy_destroy,16384,288000,134209536
3,0068.txt,324,v039,0,reuse_copy,16384,239000,134209536
3,0068.txt,324,v039,0,create_copy_destroy,16384,239000,134209536
3,0069.txt,111,v037,0,reuse_copy,16384,287000,134209536
3,0069.txt,111,v037,0,create_copy_destroy,16384,295000,134209536
3,0069.txt,111,v039,1,reuse_copy,16384,98000,134209536
3,0069.txt,111,v039,1,create_copy_destroy,16384,108000,134209536
3,0070.txt,311,v037,1,reuse_copy,16384,282000,134209536
3,0070.txt,311,v037,1,create_copy_destroy,16384,286000,134209536
3,0070.txt,311,v039,0,reuse_copy,16384,242000,134209536
3,0070.txt,311,v039,0,create_copy_destroy,16384,245000,134209536
3,0071.txt,283,v037,0,reuse_copy,16384,288000,134356992
3,0071.txt,283,v037,0,create_copy_destroy,16384,284000,134356992
3,0071.txt,283,v039,1,reuse_copy,16384,229000,134356992
3,0071.txt,283,v039,1,create_copy_destroy,16384,233000,134356992
3,0072.txt,180,v037,1,reuse_copy,16384,292000,134209536
3,0072.txt,180,v037,1,create_copy_destroy,16384,295000,134209536
3,0072.txt,180,v039,0,reuse_copy,16384,133000,134209536
3,0072.txt,180,v039,0,create_copy_destroy,16384,147000,134209536
3,0073.txt,159,v037,0,reuse_copy,16384,282000,134209536
3,0073.txt,159,v037,0,create_copy_destroy,16384,290000,134209536
3,0073.txt,159,v039,1,reuse_copy,16384,132000,134209536
3,0073.txt,159,v039,1,create_copy_destroy,16384,153000,134209536
3,0074.txt,106,v037,1,reuse_copy,16384,281000,134209536
3,0074.txt,106,v037,1,create_copy_destroy,16384,294000,134209536
3,0074.txt,106,v039,0,reuse_copy,16384,89000,134209536
3,0074.txt,106,v039,0,create_copy_destroy,16384,96000,134209536
3,0075.txt,272,v037,0,reuse_copy,16384,293000,134209536
3,0075.txt,272,v037,0,create_copy_destroy,16384,286000,134209536
3,0075.txt,272,v039,1,reuse_copy,16384,200000,134209536
3,0075.txt,272,v039,1,create_copy_destroy,16384,213000,134209536
3,0076.txt,187,v037,1,reuse_copy,16384,282000,134209536
3,0076.txt,187,v037,1,create_copy_destroy,16384,291000,134209536
3,0076.txt,187,v039,0,reuse_copy,16384,165000,134209536
3,0076.txt,187,v039,0,create_copy_destroy,16384,169000,134209536
3,0077.txt,108,v037,0,reuse_copy,16384,285000,134209536
3,0077.txt,108,v037,0,create_copy_destroy,16384,290000,134209536
3,0077.txt,108,v039,1,reuse_copy,16384,105000,134209536
3,0077.txt,108,v039,1,create_copy_destroy,16384,93000,134209536
3,0078.txt,218,v037,1,reuse_copy,16384,282000,134209536
3,0078.txt,218,v037,1,create_copy_destroy,16384,291000,134209536
3,0078.txt,218,v039,0,reuse_copy,16384,170000,134209536
3,0078.txt,218,v039,0,create_copy_destroy,16384,180000,134209536
3,0079.txt,140,v037,0,reuse_copy,16384,281000,134209536
3,0079.txt,140,v037,0,create_copy_destroy,16384,290000,134209536
3,0079.txt,140,v039,1,reuse_copy,16384,110000,134209536
3,0079.txt,140,v039,1,create_copy_destroy,16384,116000,134209536
3,0080.txt,167,v037,1,reuse_copy,16384,285000,134209536
3,0080.txt,167,v037,1,create_copy_destroy,16384,297000,134209536
3,0080.txt,167,v039,0,reuse_copy,16384,142000,134209536
3,0080.txt,167,v039,0,create_copy_destroy,16384,151000,134209536
3,0081.txt,251,v037,0,reuse_copy,16384,284000,134209536
3,0081.txt,251,v037,0,create_copy_destroy,16384,290000,134209536
3,0081.txt,251,v039,1,reuse_copy,16384,205000,134209536
3,0081.txt,251,v039,1,create_copy_destroy,16384,205000,134209536
3,0082.txt,223,v037,1,reuse_copy,16384,284000,134209536
3,0082.txt,223,v037,1,create_copy_destroy,16384,287000,134209536
3,0082.txt,223,v039,0,reuse_copy,16384,176000,134209536
3,0082.txt,223,v039,0,create_copy_destroy,16384,189000,134209536
3,0083.txt,130,v037,0,reuse_copy,16384,281000,134209536
3,0083.txt,130,v037,0,create_copy_destroy,16384,290000,134209536
3,0083.txt,130,v039,1,reuse_copy,16384,117000,134209536
3,0083.txt,130,v039,1,create_copy_destroy,16384,124000,134209536
3,0084.txt,202,v037,1,reuse_copy,16384,284000,134209536
3,0084.txt,202,v037,1,create_copy_destroy,16384,290000,134209536
3,0084.txt,202,v039,0,reuse_copy,16384,161000,134209536
3,0084.txt,202,v039,0,create_copy_destroy,16384,164000,134209536
3,0085.txt,246,v037,0,reuse_copy,16384,289000,134258688
3,0085.txt,246,v037,0,create_copy_destroy,16384,290000,134258688
3,0085.txt,246,v039,1,reuse_copy,16384,191000,134258688
3,0085.txt,246,v039,1,create_copy_destroy,16384,195000,134258688
3,0086.txt,96,v037,1,reuse_copy,16384,282000,134209536
3,0086.txt,96,v037,1,create_copy_destroy,16384,290000,134209536
3,0086.txt,96,v039,0,reuse_copy,16384,75000,134209536
3,0086.txt,96,v039,0,create_copy_destroy,16384,82000,134209536
3,0087.txt,212,v037,0,reuse_copy,16384,283000,134209536
3,0087.txt,212,v037,0,create_copy_destroy,16384,290000,134209536
3,0087.txt,212,v039,1,reuse_copy,16384,161000,134209536
3,0087.txt,212,v039,1,create_copy_destroy,16384,176000,134209536
3,0088.txt,199,v037,1,reuse_copy,16384,285000,134209536
3,0088.txt,199,v037,1,create_copy_destroy,16384,290000,134209536
3,0088.txt,199,v039,0,reuse_copy,16384,166000,134209536
3,0088.txt,199,v039,0,create_copy_destroy,16384,178000,134209536
3,0089.txt,290,v037,0,reuse_copy,16384,298000,134209536
3,0089.txt,290,v037,0,create_copy_destroy,16384,297000,134209536
3,0089.txt,290,v039,1,reuse_copy,16384,224000,134209536
3,0089.txt,290,v039,1,create_copy_destroy,16384,229000,134209536
3,0090.txt,207,v037,1,reuse_copy,16384,288000,134209536
3,0090.txt,207,v037,1,create_copy_destroy,16384,299000,134209536
3,0090.txt,207,v039,0,reuse_copy,16384,170000,134209536
3,0090.txt,207,v039,0,create_copy_destroy,16384,185000,134209536
3,0091.txt,127,v037,0,reuse_copy,16384,281000,134209536
3,0091.txt,127,v037,0,create_copy_destroy,16384,290000,134209536
3,0091.txt,127,v039,1,reuse_copy,16384,109000,134209536
3,0091.txt,127,v039,1,create_copy_destroy,16384,131000,134209536
3,0092.txt,300,v037,1,reuse_copy,16384,283000,134209536
3,0092.txt,300,v037,1,create_copy_destroy,16384,296000,134209536
3,0092.txt,300,v039,0,reuse_copy,16384,219000,134209536
3,0092.txt,300,v039,0,create_copy_destroy,16384,233000,134209536
3,0093.txt,101,v037,0,reuse_copy,16384,281000,134209536
3,0093.txt,101,v037,0,create_copy_destroy,16384,290000,134209536
3,0093.txt,101,v039,1,reuse_copy,16384,89000,134209536
3,0093.txt,101,v039,1,create_copy_destroy,16384,101000,134209536
3,0094.txt,259,v037,1,reuse_copy,16384,282000,134209536
3,0094.txt,259,v037,1,create_copy_destroy,16384,290000,134209536
3,0094.txt,259,v039,0,reuse_copy,16384,207000,134209536
3,0094.txt,259,v039,0,create_copy_destroy,16384,214000,134209536
3,0095.txt,180,v037,0,reuse_copy,16384,281000,134209536
3,0095.txt,180,v037,0,create_copy_destroy,16384,292000,134209536
3,0095.txt,180,v039,1,reuse_copy,16384,136000,134209536
3,0095.txt,180,v039,1,create_copy_destroy,16384,146000,134209536
3,0096.txt,139,v037,1,reuse_copy,16384,290000,134209536
3,0096.txt,139,v037,1,create_copy_destroy,16384,290000,134209536
3,0096.txt,139,v039,0,reuse_copy,16384,124000,134209536
3,0096.txt,139,v039,0,create_copy_destroy,16384,126000,134209536
3,0097.txt,281,v037,0,reuse_copy,16384,289000,134209536
3,0097.txt,281,v037,0,create_copy_destroy,16384,286000,134209536
3,0097.txt,281,v039,1,reuse_copy,16384,216000,134209536
3,0097.txt,281,v039,1,create_copy_destroy,16384,236000,134209536
3,0098.txt,152,v037,1,reuse_copy,16384,281000,134209536
3,0098.txt,152,v037,1,create_copy_destroy,16384,291000,134209536
3,0098.txt,152,v039,0,reuse_copy,16384,132000,134209536
3,0098.txt,152,v039,0,create_copy_destroy,16384,128000,134209536
3,0099.txt,244,v037,0,reuse_copy,16384,284000,134209536
3,0099.txt,244,v037,0,create_copy_destroy,16384,290000,134209536
3,0099.txt,244,v039,1,reuse_copy,16384,180000,134209536
3,0099.txt,244,v039,1,create_copy_destroy,16384,188000,134209536
4,0000.txt,104,v037,0,reuse_copy,16384,286000,134209536
4,0000.txt,104,v037,0,create_copy_destroy,16384,294000,134209536
4,0000.txt,104,v039,1,reuse_copy,16384,82000,134209536
4,0000.txt,104,v039,1,create_copy_destroy,16384,89000,134209536
4,0001.txt,152,v037,1,reuse_copy,16384,286000,134209536
4,0001.txt,152,v037,1,create_copy_destroy,16384,301000,134209536
4,0001.txt,152,v039,0,reuse_copy,16384,116000,134209536
4,0001.txt,152,v039,0,create_copy_destroy,16384,124000,134209536
4,0002.txt,150,v037,0,reuse_copy,16384,294000,134209536
4,0002.txt,150,v037,0,create_copy_destroy,16384,310000,134209536
4,0002.txt,150,v039,1,reuse_copy,16384,125000,134209536
4,0002.txt,150,v039,1,create_copy_destroy,16384,132000,134209536
4,0003.txt,284,v037,1,reuse_copy,16384,292000,134209536
4,0003.txt,284,v037,1,create_copy_destroy,16384,299000,134209536
4,0003.txt,284,v039,0,reuse_copy,16384,207000,134209536
4,0003.txt,284,v039,0,create_copy_destroy,16384,222000,134209536
4,0004.txt,216,v037,0,reuse_copy,16384,281000,134209536
4,0004.txt,216,v037,0,create_copy_destroy,16384,291000,134209536
4,0004.txt,216,v039,1,reuse_copy,16384,160000,134209536
4,0004.txt,216,v039,1,create_copy_destroy,16384,178000,134209536
4,0005.txt,197,v037,1,reuse_copy,16384,308000,134209536
4,0005.txt,197,v037,1,create_copy_destroy,16384,298000,134209536
4,0005.txt,197,v039,0,reuse_copy,16384,159000,134209536
4,0005.txt,197,v039,0,create_copy_destroy,16384,173000,134209536
4,0006.txt,104,v037,0,reuse_copy,16384,281000,134209536
4,0006.txt,104,v037,0,create_copy_destroy,16384,291000,134209536
4,0006.txt,104,v039,1,reuse_copy,16384,80000,134209536
4,0006.txt,104,v039,1,create_copy_destroy,16384,107000,134209536
4,0007.txt,121,v037,1,reuse_copy,16384,281000,134209536
4,0007.txt,121,v037,1,create_copy_destroy,16384,290000,134209536
4,0007.txt,121,v039,0,reuse_copy,16384,103000,134209536
4,0007.txt,121,v039,0,create_copy_destroy,16384,116000,134209536
4,0008.txt,123,v037,0,reuse_copy,16384,292000,134209536
4,0008.txt,123,v037,0,create_copy_destroy,16384,298000,134209536
4,0008.txt,123,v039,1,reuse_copy,16384,111000,134209536
4,0008.txt,123,v039,1,create_copy_destroy,16384,115000,134209536
4,0009.txt,185,v037,1,reuse_copy,16384,281000,134209536
4,0009.txt,185,v037,1,create_copy_destroy,16384,290000,134209536
4,0009.txt,185,v039,0,reuse_copy,16384,155000,134209536
4,0009.txt,185,v039,0,create_copy_destroy,16384,163000,134209536
4,0010.txt,97,v037,0,reuse_copy,16384,285000,134209536
4,0010.txt,97,v037,0,create_copy_destroy,16384,290000,134209536
4,0010.txt,97,v039,1,reuse_copy,16384,87000,134209536
4,0010.txt,97,v039,1,create_copy_destroy,16384,96000,134209536
4,0011.txt,175,v037,1,reuse_copy,16384,281000,134209536
4,0011.txt,175,v037,1,create_copy_destroy,16384,290000,134209536
4,0011.txt,175,v039,0,reuse_copy,16384,144000,134209536
4,0011.txt,175,v039,0,create_copy_destroy,16384,164000,134209536
4,0012.txt,134,v037,0,reuse_copy,16384,283000,134209536
4,0012.txt,134,v037,0,create_copy_destroy,16384,292000,134209536
4,0012.txt,134,v039,1,reuse_copy,16384,114000,134209536
4,0012.txt,134,v039,1,create_copy_destroy,16384,135000,134209536
4,0013.txt,196,v037,1,reuse_copy,16384,281000,134209536
4,0013.txt,196,v037,1,create_copy_destroy,16384,287000,134209536
4,0013.txt,196,v039,0,reuse_copy,16384,147000,134209536
4,0013.txt,196,v039,0,create_copy_destroy,16384,156000,134209536
4,0014.txt,273,v037,0,reuse_copy,16384,286000,134209536
4,0014.txt,273,v037,0,create_copy_destroy,16384,291000,134209536
4,0014.txt,273,v039,1,reuse_copy,16384,213000,134209536
4,0014.txt,273,v039,1,create_copy_destroy,16384,241000,134209536
4,0015.txt,286,v037,1,reuse_copy,16384,288000,134209536
4,0015.txt,286,v037,1,create_copy_destroy,16384,289000,134209536
4,0015.txt,286,v039,0,reuse_copy,16384,219000,134209536
4,0015.txt,286,v039,0,create_copy_destroy,16384,245000,134209536
4,0016.txt,171,v037,0,reuse_copy,16384,286000,134209536
4,0016.txt,171,v037,0,create_copy_destroy,16384,290000,134209536
4,0016.txt,171,v039,1,reuse_copy,16384,145000,134209536
4,0016.txt,171,v039,1,create_copy_destroy,16384,147000,134209536
4,0017.txt,171,v037,1,reuse_copy,16384,281000,134209536
4,0017.txt,171,v037,1,create_copy_destroy,16384,290000,134209536
4,0017.txt,171,v039,0,reuse_copy,16384,149000,134209536
4,0017.txt,171,v039,0,create_copy_destroy,16384,147000,134209536
4,0018.txt,103,v037,0,reuse_copy,16384,286000,134209536
4,0018.txt,103,v037,0,create_copy_destroy,16384,290000,134209536
4,0018.txt,103,v039,1,reuse_copy,16384,107000,134209536
4,0018.txt,103,v039,1,create_copy_destroy,16384,110000,134209536
4,0019.txt,368,v037,1,reuse_copy,16384,311000,134209536
4,0019.txt,368,v037,1,create_copy_destroy,16384,291000,134209536
4,0019.txt,368,v039,0,reuse_copy,16384,265000,134209536
4,0019.txt,368,v039,0,create_copy_destroy,16384,267000,134209536
4,0020.txt,133,v037,0,reuse_copy,16384,283000,134209536
4,0020.txt,133,v037,0,create_copy_destroy,16384,298000,134209536
4,0020.txt,133,v039,1,reuse_copy,16384,111000,134209536
4,0020.txt,133,v039,1,create_copy_destroy,16384,126000,134209536
4,0021.txt,159,v037,1,reuse_copy,16384,295000,134209536
4,0021.txt,159,v037,1,create_copy_destroy,16384,300000,134209536
4,0021.txt,159,v039,0,reuse_copy,16384,139000,134209536
4,0021.txt,159,v039,0,create_copy_destroy,16384,147000,134209536
4,0022.txt,139,v037,0,reuse_copy,16384,281000,134209536
4,0022.txt,139,v037,0,create_copy_destroy,16384,290000,134209536
4,0022.txt,139,v039,1,reuse_copy,16384,112000,134209536
4,0022.txt,139,v039,1,create_copy_destroy,16384,129000,134209536
4,0023.txt,139,v037,1,reuse_copy,16384,307000,134209536
4,0023.txt,139,v037,1,create_copy_destroy,16384,290000,134209536
4,0023.txt,139,v039,0,reuse_copy,16384,131000,134209536
4,0023.txt,139,v039,0,create_copy_destroy,16384,152000,134209536
4,0024.txt,180,v037,0,reuse_copy,16384,308000,134209536
4,0024.txt,180,v037,0,create_copy_destroy,16384,295000,134209536
4,0024.txt,180,v039,1,reuse_copy,16384,137000,134209536
4,0024.txt,180,v039,1,create_copy_destroy,16384,166000,134209536
4,0025.txt,177,v037,1,reuse_copy,16384,281000,134209536
4,0025.txt,177,v037,1,create_copy_destroy,16384,292000,134209536
4,0025.txt,177,v039,0,reuse_copy,16384,147000,134209536
4,0025.txt,177,v039,0,create_copy_destroy,16384,164000,134209536
4,0026.txt,256,v037,0,reuse_copy,16384,282000,134209536
4,0026.txt,256,v037,0,create_copy_destroy,16384,292000,134209536
4,0026.txt,256,v039,1,reuse_copy,16384,186000,134209536
4,0026.txt,256,v039,1,create_copy_destroy,16384,194000,134209536
4,0027.txt,113,v037,1,reuse_copy,16384,281000,134258688
4,0027.txt,113,v037,1,create_copy_destroy,16384,295000,134258688
4,0027.txt,113,v039,0,reuse_copy,16384,99000,134258688
4,0027.txt,113,v039,0,create_copy_destroy,16384,111000,134258688
4,0028.txt,234,v037,0,reuse_copy,16384,292000,134209536
4,0028.txt,234,v037,0,create_copy_destroy,16384,297000,134209536
4,0028.txt,234,v039,1,reuse_copy,16384,179000,134209536
4,0028.txt,234,v039,1,create_copy_destroy,16384,189000,134209536
4,0029.txt,273,v037,1,reuse_copy,16384,285000,134209536
4,0029.txt,273,v037,1,create_copy_destroy,16384,287000,134209536
4,0029.txt,273,v039,0,reuse_copy,16384,224000,134209536
4,0029.txt,273,v039,0,create_copy_destroy,16384,243000,134209536
4,0030.txt,248,v037,0,reuse_copy,16384,281000,134275072
4,0030.txt,248,v037,0,create_copy_destroy,16384,291000,134275072
4,0030.txt,248,v039,1,reuse_copy,16384,181000,134275072
4,0030.txt,248,v039,1,create_copy_destroy,16384,196000,134275072
4,0031.txt,153,v037,1,reuse_copy,16384,281000,134209536
4,0031.txt,153,v037,1,create_copy_destroy,16384,291000,134209536
4,0031.txt,153,v039,0,reuse_copy,16384,126000,134209536
4,0031.txt,153,v039,0,create_copy_destroy,16384,147000,134209536
4,0032.txt,210,v037,0,reuse_copy,16384,281000,134209536
4,0032.txt,210,v037,0,create_copy_destroy,16384,294000,134209536
4,0032.txt,210,v039,1,reuse_copy,16384,166000,134209536
4,0032.txt,210,v039,1,create_copy_destroy,16384,172000,134209536
4,0033.txt,144,v037,1,reuse_copy,16384,288000,134209536
4,0033.txt,144,v037,1,create_copy_destroy,16384,291000,134209536
4,0033.txt,144,v039,0,reuse_copy,16384,110000,134209536
4,0033.txt,144,v039,0,create_copy_destroy,16384,118000,134209536
4,0034.txt,285,v037,0,reuse_copy,16384,290000,134209536
4,0034.txt,285,v037,0,create_copy_destroy,16384,299000,134209536
4,0034.txt,285,v039,1,reuse_copy,16384,219000,134209536
4,0034.txt,285,v039,1,create_copy_destroy,16384,244000,134209536
4,0035.txt,106,v037,1,reuse_copy,16384,281000,134209536
4,0035.txt,106,v037,1,create_copy_destroy,16384,297000,134209536
4,0035.txt,106,v039,0,reuse_copy,16384,89000,134209536
4,0035.txt,106,v039,0,create_copy_destroy,16384,95000,134209536
4,0036.txt,186,v037,0,reuse_copy,16384,288000,134209536
4,0036.txt,186,v037,0,create_copy_destroy,16384,299000,134209536
4,0036.txt,186,v039,1,reuse_copy,16384,159000,134209536
4,0036.txt,186,v039,1,create_copy_destroy,16384,154000,134209536
4,0037.txt,276,v037,1,reuse_copy,16384,287000,134209536
4,0037.txt,276,v037,1,create_copy_destroy,16384,289000,134209536
4,0037.txt,276,v039,0,reuse_copy,16384,209000,134209536
4,0037.txt,276,v039,0,create_copy_destroy,16384,214000,134209536
4,0038.txt,169,v037,0,reuse_copy,16384,282000,134209536
4,0038.txt,169,v037,0,create_copy_destroy,16384,290000,134209536
4,0038.txt,169,v039,1,reuse_copy,16384,137000,134209536
4,0038.txt,169,v039,1,create_copy_destroy,16384,147000,134209536
4,0039.txt,252,v037,1,reuse_copy,16384,281000,134209536
4,0039.txt,252,v037,1,create_copy_destroy,16384,289000,134209536
4,0039.txt,252,v039,0,reuse_copy,16384,186000,134209536
4,0039.txt,252,v039,0,create_copy_destroy,16384,192000,134209536
4,0040.txt,195,v037,0,reuse_copy,16384,286000,134209536
4,0040.txt,195,v037,0,create_copy_destroy,16384,293000,134209536
4,0040.txt,195,v039,1,reuse_copy,16384,165000,134209536
4,0040.txt,195,v039,1,create_copy_destroy,16384,163000,134209536
4,0041.txt,141,v037,1,reuse_copy,16384,288000,134209536
4,0041.txt,141,v037,1,create_copy_destroy,16384,290000,134209536
4,0041.txt,141,v039,0,reuse_copy,16384,116000,134209536
4,0041.txt,141,v039,0,create_copy_destroy,16384,132000,134209536
4,0042.txt,350,v037,0,reuse_copy,16384,292000,134209536
4,0042.txt,350,v037,0,create_copy_destroy,16384,287000,134209536
4,0042.txt,350,v039,1,reuse_copy,16384,279000,134209536
4,0042.txt,350,v039,1,create_copy_destroy,16384,289000,134209536
4,0043.txt,152,v037,1,reuse_copy,16384,281000,134209536
4,0043.txt,152,v037,1,create_copy_destroy,16384,287000,134209536
4,0043.txt,152,v039,0,reuse_copy,16384,116000,134209536
4,0043.txt,152,v039,0,create_copy_destroy,16384,121000,134209536
4,0044.txt,189,v037,0,reuse_copy,16384,281000,134209536
4,0044.txt,189,v037,0,create_copy_destroy,16384,286000,134209536
4,0044.txt,189,v039,1,reuse_copy,16384,158000,134209536
4,0044.txt,189,v039,1,create_copy_destroy,16384,171000,134209536
4,0045.txt,182,v037,1,reuse_copy,16384,311000,134209536
4,0045.txt,182,v037,1,create_copy_destroy,16384,296000,134209536
4,0045.txt,182,v039,0,reuse_copy,16384,147000,134209536
4,0045.txt,182,v039,0,create_copy_destroy,16384,166000,134209536
4,0046.txt,119,v037,0,reuse_copy,16384,283000,134209536
4,0046.txt,119,v037,0,create_copy_destroy,16384,295000,134209536
4,0046.txt,119,v039,1,reuse_copy,16384,106000,134209536
4,0046.txt,119,v039,1,create_copy_destroy,16384,114000,134209536
4,0047.txt,234,v037,1,reuse_copy,16384,283000,134209536
4,0047.txt,234,v037,1,create_copy_destroy,16384,310000,134209536
4,0047.txt,234,v039,0,reuse_copy,16384,178000,134209536
4,0047.txt,234,v039,0,create_copy_destroy,16384,189000,134209536
4,0048.txt,171,v037,0,reuse_copy,16384,288000,134209536
4,0048.txt,171,v037,0,create_copy_destroy,16384,295000,134209536
4,0048.txt,171,v039,1,reuse_copy,16384,145000,134209536
4,0048.txt,171,v039,1,create_copy_destroy,16384,146000,134209536
4,0049.txt,177,v037,1,reuse_copy,16384,283000,134209536
4,0049.txt,177,v037,1,create_copy_destroy,16384,287000,134209536
4,0049.txt,177,v039,0,reuse_copy,16384,144000,134209536
4,0049.txt,177,v039,0,create_copy_destroy,16384,153000,134209536
4,0050.txt,114,v037,0,reuse_copy,16384,294000,134209536
4,0050.txt,114,v037,0,create_copy_destroy,16384,299000,134209536
4,0050.txt,114,v039,1,reuse_copy,16384,100000,134209536
4,0050.txt,114,v039,1,create_copy_destroy,16384,110000,134209536
4,0051.txt,156,v037,1,reuse_copy,16384,281000,134209536
4,0051.txt,156,v037,1,create_copy_destroy,16384,291000,134209536
4,0051.txt,156,v039,0,reuse_copy,16384,128000,134209536
4,0051.txt,156,v039,0,create_copy_destroy,16384,132000,134209536
4,0052.txt,224,v037,0,reuse_copy,16384,282000,134209536
4,0052.txt,224,v037,0,create_copy_destroy,16384,290000,134209536
4,0052.txt,224,v039,1,reuse_copy,16384,163000,134209536
4,0052.txt,224,v039,1,create_copy_destroy,16384,176000,134209536
4,0053.txt,162,v037,1,reuse_copy,16384,282000,134209536
4,0053.txt,162,v037,1,create_copy_destroy,16384,290000,134209536
4,0053.txt,162,v039,0,reuse_copy,16384,128000,134209536
4,0053.txt,162,v039,0,create_copy_destroy,16384,136000,134209536
4,0054.txt,235,v037,0,reuse_copy,16384,281000,134209536
4,0054.txt,235,v037,0,create_copy_destroy,16384,290000,134209536
4,0054.txt,235,v039,1,reuse_copy,16384,197000,134209536
4,0054.txt,235,v039,1,create_copy_destroy,16384,195000,134209536
4,0055.txt,286,v037,1,reuse_copy,16384,291000,134209536
4,0055.txt,286,v037,1,create_copy_destroy,16384,298000,134209536
4,0055.txt,286,v039,0,reuse_copy,16384,219000,134209536
4,0055.txt,286,v039,0,create_copy_destroy,16384,235000,134209536
4,0056.txt,193,v037,0,reuse_copy,16384,303000,134209536
4,0056.txt,193,v037,0,create_copy_destroy,16384,291000,134209536
4,0056.txt,193,v039,1,reuse_copy,16384,158000,134209536
4,0056.txt,193,v039,1,create_copy_destroy,16384,165000,134209536
4,0057.txt,239,v037,1,reuse_copy,16384,281000,134209536
4,0057.txt,239,v037,1,create_copy_destroy,16384,290000,134209536
4,0057.txt,239,v039,0,reuse_copy,16384,193000,134209536
4,0057.txt,239,v039,0,create_copy_destroy,16384,207000,134209536
4,0058.txt,225,v037,0,reuse_copy,16384,293000,134209536
4,0058.txt,225,v037,0,create_copy_destroy,16384,294000,134209536
4,0058.txt,225,v039,1,reuse_copy,16384,188000,134209536
4,0058.txt,225,v039,1,create_copy_destroy,16384,195000,134209536
4,0059.txt,179,v037,1,reuse_copy,16384,281000,134209536
4,0059.txt,179,v037,1,create_copy_destroy,16384,290000,134209536
4,0059.txt,179,v039,0,reuse_copy,16384,151000,134209536
4,0059.txt,179,v039,0,create_copy_destroy,16384,151000,134209536
4,0060.txt,197,v037,0,reuse_copy,16384,283000,134209536
4,0060.txt,197,v037,0,create_copy_destroy,16384,291000,134209536
4,0060.txt,197,v039,1,reuse_copy,16384,157000,134209536
4,0060.txt,197,v039,1,create_copy_destroy,16384,174000,134209536
4,0061.txt,171,v037,1,reuse_copy,16384,281000,134209536
4,0061.txt,171,v037,1,create_copy_destroy,16384,291000,134209536
4,0061.txt,171,v039,0,reuse_copy,16384,146000,134209536
4,0061.txt,171,v039,0,create_copy_destroy,16384,158000,134209536
4,0062.txt,197,v037,0,reuse_copy,16384,281000,134209536
4,0062.txt,197,v037,0,create_copy_destroy,16384,290000,134209536
4,0062.txt,197,v039,1,reuse_copy,16384,161000,134209536
4,0062.txt,197,v039,1,create_copy_destroy,16384,179000,134209536
4,0063.txt,228,v037,1,reuse_copy,16384,283000,134209536
4,0063.txt,228,v037,1,create_copy_destroy,16384,290000,134209536
4,0063.txt,228,v039,0,reuse_copy,16384,168000,134209536
4,0063.txt,228,v039,0,create_copy_destroy,16384,181000,134209536
4,0064.txt,203,v037,0,reuse_copy,16384,281000,134209536
4,0064.txt,203,v037,0,create_copy_destroy,16384,291000,134209536
4,0064.txt,203,v039,1,reuse_copy,16384,168000,134209536
4,0064.txt,203,v039,1,create_copy_destroy,16384,172000,134209536
4,0065.txt,185,v037,1,reuse_copy,16384,282000,134209536
4,0065.txt,185,v037,1,create_copy_destroy,16384,301000,134209536
4,0065.txt,185,v039,0,reuse_copy,16384,150000,134209536
4,0065.txt,185,v039,0,create_copy_destroy,16384,159000,134209536
4,0066.txt,205,v037,0,reuse_copy,16384,286000,134209536
4,0066.txt,205,v037,0,create_copy_destroy,16384,289000,134209536
4,0066.txt,205,v039,1,reuse_copy,16384,163000,134209536
4,0066.txt,205,v039,1,create_copy_destroy,16384,179000,134209536
4,0067.txt,179,v037,1,reuse_copy,16384,282000,134209536
4,0067.txt,179,v037,1,create_copy_destroy,16384,290000,134209536
4,0067.txt,179,v039,0,reuse_copy,16384,155000,134209536
4,0067.txt,179,v039,0,create_copy_destroy,16384,157000,134209536
4,0068.txt,324,v037,0,reuse_copy,16384,287000,134209536
4,0068.txt,324,v037,0,create_copy_destroy,16384,297000,134209536
4,0068.txt,324,v039,1,reuse_copy,16384,235000,134209536
4,0068.txt,324,v039,1,create_copy_destroy,16384,244000,134209536
4,0069.txt,111,v037,1,reuse_copy,16384,281000,134209536
4,0069.txt,111,v037,1,create_copy_destroy,16384,290000,134209536
4,0069.txt,111,v039,0,reuse_copy,16384,99000,134209536
4,0069.txt,111,v039,0,create_copy_destroy,16384,124000,134209536
4,0070.txt,311,v037,0,reuse_copy,16384,288000,134209536
4,0070.txt,311,v037,0,create_copy_destroy,16384,295000,134209536
4,0070.txt,311,v039,1,reuse_copy,16384,258000,134209536
4,0070.txt,311,v039,1,create_copy_destroy,16384,269000,134209536
4,0071.txt,283,v037,1,reuse_copy,16384,297000,134356992
4,0071.txt,283,v037,1,create_copy_destroy,16384,289000,134356992
4,0071.txt,283,v039,0,reuse_copy,16384,222000,134356992
4,0071.txt,283,v039,0,create_copy_destroy,16384,232000,134356992
4,0072.txt,180,v037,0,reuse_copy,16384,281000,134209536
4,0072.txt,180,v037,0,create_copy_destroy,16384,301000,134209536
4,0072.txt,180,v039,1,reuse_copy,16384,135000,134209536
4,0072.txt,180,v039,1,create_copy_destroy,16384,146000,134209536
4,0073.txt,159,v037,1,reuse_copy,16384,281000,134209536
4,0073.txt,159,v037,1,create_copy_destroy,16384,290000,134209536
4,0073.txt,159,v039,0,reuse_copy,16384,132000,134209536
4,0073.txt,159,v039,0,create_copy_destroy,16384,141000,134209536
4,0074.txt,106,v037,0,reuse_copy,16384,281000,134209536
4,0074.txt,106,v037,0,create_copy_destroy,16384,290000,134209536
4,0074.txt,106,v039,1,reuse_copy,16384,89000,134209536
4,0074.txt,106,v039,1,create_copy_destroy,16384,95000,134209536
4,0075.txt,272,v037,1,reuse_copy,16384,299000,134209536
4,0075.txt,272,v037,1,create_copy_destroy,16384,291000,134209536
4,0075.txt,272,v039,0,reuse_copy,16384,213000,134209536
4,0075.txt,272,v039,0,create_copy_destroy,16384,216000,134209536
4,0076.txt,187,v037,0,reuse_copy,16384,282000,134209536
4,0076.txt,187,v037,0,create_copy_destroy,16384,300000,134209536
4,0076.txt,187,v039,1,reuse_copy,16384,163000,134209536
4,0076.txt,187,v039,1,create_copy_destroy,16384,159000,134209536
4,0077.txt,108,v037,1,reuse_copy,16384,288000,134209536
4,0077.txt,108,v037,1,create_copy_destroy,16384,298000,134209536
4,0077.txt,108,v039,0,reuse_copy,16384,93000,134209536
4,0077.txt,108,v039,0,create_copy_destroy,16384,93000,134209536
4,0078.txt,218,v037,0,reuse_copy,16384,284000,134209536
4,0078.txt,218,v037,0,create_copy_destroy,16384,290000,134209536
4,0078.txt,218,v039,1,reuse_copy,16384,172000,134209536
4,0078.txt,218,v039,1,create_copy_destroy,16384,179000,134209536
4,0079.txt,140,v037,1,reuse_copy,16384,287000,134209536
4,0079.txt,140,v037,1,create_copy_destroy,16384,295000,134209536
4,0079.txt,140,v039,0,reuse_copy,16384,109000,134209536
4,0079.txt,140,v039,0,create_copy_destroy,16384,116000,134209536
4,0080.txt,167,v037,0,reuse_copy,16384,284000,134209536
4,0080.txt,167,v037,0,create_copy_destroy,16384,293000,134209536
4,0080.txt,167,v039,1,reuse_copy,16384,144000,134209536
4,0080.txt,167,v039,1,create_copy_destroy,16384,149000,134209536
4,0081.txt,251,v037,1,reuse_copy,16384,285000,134209536
4,0081.txt,251,v037,1,create_copy_destroy,16384,301000,134209536
4,0081.txt,251,v039,0,reuse_copy,16384,206000,134209536
4,0081.txt,251,v039,0,create_copy_destroy,16384,208000,134209536
4,0082.txt,223,v037,0,reuse_copy,16384,309000,134209536
4,0082.txt,223,v037,0,create_copy_destroy,16384,317000,134209536
4,0082.txt,223,v039,1,reuse_copy,16384,177000,134209536
4,0082.txt,223,v039,1,create_copy_destroy,16384,191000,134209536
4,0083.txt,130,v037,1,reuse_copy,16384,291000,134209536
4,0083.txt,130,v037,1,create_copy_destroy,16384,292000,134209536
4,0083.txt,130,v039,0,reuse_copy,16384,106000,134209536
4,0083.txt,130,v039,0,create_copy_destroy,16384,120000,134209536
4,0084.txt,202,v037,0,reuse_copy,16384,285000,134209536
4,0084.txt,202,v037,0,create_copy_destroy,16384,295000,134209536
4,0084.txt,202,v039,1,reuse_copy,16384,165000,134209536
4,0084.txt,202,v039,1,create_copy_destroy,16384,165000,134209536
4,0085.txt,246,v037,1,reuse_copy,16384,299000,134258688
4,0085.txt,246,v037,1,create_copy_destroy,16384,295000,134258688
4,0085.txt,246,v039,0,reuse_copy,16384,192000,134258688
4,0085.txt,246,v039,0,create_copy_destroy,16384,206000,134258688
4,0086.txt,96,v037,0,reuse_copy,16384,282000,134209536
4,0086.txt,96,v037,0,create_copy_destroy,16384,296000,134209536
4,0086.txt,96,v039,1,reuse_copy,16384,76000,134209536
4,0086.txt,96,v039,1,create_copy_destroy,16384,82000,134209536
4,0087.txt,212,v037,1,reuse_copy,16384,283000,134209536
4,0087.txt,212,v037,1,create_copy_destroy,16384,304000,134209536
4,0087.txt,212,v039,0,reuse_copy,16384,160000,134209536
4,0087.txt,212,v039,0,create_copy_destroy,16384,177000,134209536
4,0088.txt,199,v037,0,reuse_copy,16384,291000,134209536
4,0088.txt,199,v037,0,create_copy_destroy,16384,302000,134209536
4,0088.txt,199,v039,1,reuse_copy,16384,163000,134209536
4,0088.txt,199,v039,1,create_copy_destroy,16384,177000,134209536
4,0089.txt,290,v037,1,reuse_copy,16384,469000,134209536
4,0089.txt,290,v037,1,create_copy_destroy,16384,307000,134209536
4,0089.txt,290,v039,0,reuse_copy,16384,219000,134209536
4,0089.txt,290,v039,0,create_copy_destroy,16384,230000,134209536
4,0090.txt,207,v037,0,reuse_copy,16384,281000,134209536
4,0090.txt,207,v037,0,create_copy_destroy,16384,290000,134209536
4,0090.txt,207,v039,1,reuse_copy,16384,169000,134209536
4,0090.txt,207,v039,1,create_copy_destroy,16384,184000,134209536
4,0091.txt,127,v037,1,reuse_copy,16384,299000,134209536
4,0091.txt,127,v037,1,create_copy_destroy,16384,294000,134209536
4,0091.txt,127,v039,0,reuse_copy,16384,109000,134209536
4,0091.txt,127,v039,0,create_copy_destroy,16384,121000,134209536
4,0092.txt,300,v037,0,reuse_copy,16384,303000,134209536
4,0092.txt,300,v037,0,create_copy_destroy,16384,299000,134209536
4,0092.txt,300,v039,1,reuse_copy,16384,218000,134209536
4,0092.txt,300,v039,1,create_copy_destroy,16384,228000,134209536
4,0093.txt,101,v037,1,reuse_copy,16384,282000,134209536
4,0093.txt,101,v037,1,create_copy_destroy,16384,290000,134209536
4,0093.txt,101,v039,0,reuse_copy,16384,93000,134209536
4,0093.txt,101,v039,0,create_copy_destroy,16384,107000,134209536
4,0094.txt,259,v037,0,reuse_copy,16384,290000,134209536
4,0094.txt,259,v037,0,create_copy_destroy,16384,319000,134209536
4,0094.txt,259,v039,1,reuse_copy,16384,211000,134209536
4,0094.txt,259,v039,1,create_copy_destroy,16384,222000,134209536
4,0095.txt,180,v037,1,reuse_copy,16384,286000,134209536
4,0095.txt,180,v037,1,create_copy_destroy,16384,306000,134209536
4,0095.txt,180,v039,0,reuse_copy,16384,136000,134209536
4,0095.txt,180,v039,0,create_copy_destroy,16384,148000,134209536
4,0096.txt,139,v037,0,reuse_copy,16384,297000,134209536
4,0096.txt,139,v037,0,create_copy_destroy,16384,521000,134209536
4,0096.txt,139,v039,1,reuse_copy,16384,122000,134209536
4,0096.txt,139,v039,1,create_copy_destroy,16384,124000,134209536
4,0097.txt,281,v037,1,reuse_copy,16384,292000,134209536
4,0097.txt,281,v037,1,create_copy_destroy,16384,301000,134209536
4,0097.txt,281,v039,0,reuse_copy,16384,220000,134209536
4,0097.txt,281,v039,0,create_copy_destroy,16384,240000,134209536
4,0098.txt,152,v037,0,reuse_copy,16384,396000,134209536
4,0098.txt,152,v037,0,create_copy_destroy,16384,320000,134209536
4,0098.txt,152,v039,1,reuse_copy,16384,127000,134209536
4,0098.txt,152,v039,1,create_copy_destroy,16384,133000,134209536
4,0099.txt,244,v037,1,reuse_copy,16384,283000,134209536
4,0099.txt,244,v037,1,create_copy_destroy,16384,296000,134209536
4,0099.txt,244,v039,0,reuse_copy,16384,182000,134209536
4,0099.txt,244,v039,0,create_copy_destroy,16384,205000,134209536
5,0000.txt,104,v037,1,reuse_copy,16384,282000,134209536
5,0000.txt,104,v037,1,create_copy_destroy,16384,291000,134209536
5,0000.txt,104,v039,0,reuse_copy,16384,82000,134209536
5,0000.txt,104,v039,0,create_copy_destroy,16384,88000,134209536
5,0001.txt,152,v037,0,reuse_copy,16384,280000,134209536
5,0001.txt,152,v037,0,create_copy_destroy,16384,294000,134209536
5,0001.txt,152,v039,1,reuse_copy,16384,114000,134209536
5,0001.txt,152,v039,1,create_copy_destroy,16384,121000,134209536
5,0002.txt,150,v037,1,reuse_copy,16384,299000,134209536
5,0002.txt,150,v037,1,create_copy_destroy,16384,297000,134209536
5,0002.txt,150,v039,0,reuse_copy,16384,125000,134209536
5,0002.txt,150,v039,0,create_copy_destroy,16384,129000,134209536
5,0003.txt,284,v037,0,reuse_copy,16384,290000,134209536
5,0003.txt,284,v037,0,create_copy_destroy,16384,298000,134209536
5,0003.txt,284,v039,1,reuse_copy,16384,211000,134209536
5,0003.txt,284,v039,1,create_copy_destroy,16384,233000,134209536
5,0004.txt,216,v037,1,reuse_copy,16384,295000,134209536
5,0004.txt,216,v037,1,create_copy_destroy,16384,452000,134209536
5,0004.txt,216,v039,0,reuse_copy,16384,162000,134209536
5,0004.txt,216,v039,0,create_copy_destroy,16384,175000,134209536
5,0005.txt,197,v037,0,reuse_copy,16384,291000,134209536
5,0005.txt,197,v037,0,create_copy_destroy,16384,300000,134209536
5,0005.txt,197,v039,1,reuse_copy,16384,166000,134209536
5,0005.txt,197,v039,1,create_copy_destroy,16384,185000,134209536
5,0006.txt,104,v037,1,reuse_copy,16384,285000,134209536
5,0006.txt,104,v037,1,create_copy_destroy,16384,295000,134209536
5,0006.txt,104,v039,0,reuse_copy,16384,82000,134209536
5,0006.txt,104,v039,0,create_copy_destroy,16384,90000,134209536
5,0007.txt,121,v037,0,reuse_copy,16384,292000,134209536
5,0007.txt,121,v037,0,create_copy_destroy,16384,304000,134209536
5,0007.txt,121,v039,1,reuse_copy,16384,105000,134209536
5,0007.txt,121,v039,1,create_copy_destroy,16384,117000,134209536
5,0008.txt,123,v037,1,reuse_copy,16384,288000,134209536
5,0008.txt,123,v037,1,create_copy_destroy,16384,291000,134209536
5,0008.txt,123,v039,0,reuse_copy,16384,114000,134209536
5,0008.txt,123,v039,0,create_copy_destroy,16384,133000,134209536
5,0009.txt,185,v037,0,reuse_copy,16384,281000,134209536
5,0009.txt,185,v037,0,create_copy_destroy,16384,294000,134209536
5,0009.txt,185,v039,1,reuse_copy,16384,150000,134209536
5,0009.txt,185,v039,1,create_copy_destroy,16384,159000,134209536
5,0010.txt,97,v037,1,reuse_copy,16384,283000,134209536
5,0010.txt,97,v037,1,create_copy_destroy,16384,290000,134209536
5,0010.txt,97,v039,0,reuse_copy,16384,86000,134209536
5,0010.txt,97,v039,0,create_copy_destroy,16384,116000,134209536
5,0011.txt,175,v037,0,reuse_copy,16384,289000,134209536
5,0011.txt,175,v037,0,create_copy_destroy,16384,292000,134209536
5,0011.txt,175,v039,1,reuse_copy,16384,150000,134209536
5,0011.txt,175,v039,1,create_copy_destroy,16384,163000,134209536
5,0012.txt,134,v037,1,reuse_copy,16384,286000,134209536
5,0012.txt,134,v037,1,create_copy_destroy,16384,294000,134209536
5,0012.txt,134,v039,0,reuse_copy,16384,114000,134209536
5,0012.txt,134,v039,0,create_copy_destroy,16384,119000,134209536
5,0013.txt,196,v037,0,reuse_copy,16384,291000,134209536
5,0013.txt,196,v037,0,create_copy_destroy,16384,301000,134209536
5,0013.txt,196,v039,1,reuse_copy,16384,149000,134209536
5,0013.txt,196,v039,1,create_copy_destroy,16384,159000,134209536
5,0014.txt,273,v037,1,reuse_copy,16384,294000,134209536
5,0014.txt,273,v037,1,create_copy_destroy,16384,296000,134209536
5,0014.txt,273,v039,0,reuse_copy,16384,216000,134209536
5,0014.txt,273,v039,0,create_copy_destroy,16384,238000,134209536
5,0015.txt,286,v037,0,reuse_copy,16384,295000,134209536
5,0015.txt,286,v037,0,create_copy_destroy,16384,297000,134209536
5,0015.txt,286,v039,1,reuse_copy,16384,223000,134209536
5,0015.txt,286,v039,1,create_copy_destroy,16384,242000,134209536
5,0016.txt,171,v037,1,reuse_copy,16384,285000,134209536
5,0016.txt,171,v037,1,create_copy_destroy,16384,297000,134209536
5,0016.txt,171,v039,0,reuse_copy,16384,148000,134209536
5,0016.txt,171,v039,0,create_copy_destroy,16384,148000,134209536
5,0017.txt,171,v037,0,reuse_copy,16384,293000,134209536
5,0017.txt,171,v037,0,create_copy_destroy,16384,302000,134209536
5,0017.txt,171,v039,1,reuse_copy,16384,156000,134209536
5,0017.txt,171,v039,1,create_copy_destroy,16384,150000,134209536
5,0018.txt,103,v037,1,reuse_copy,16384,561000,134209536
5,0018.txt,103,v037,1,create_copy_destroy,16384,309000,134209536
5,0018.txt,103,v039,0,reuse_copy,16384,92000,134209536
5,0018.txt,103,v039,0,create_copy_destroy,16384,103000,134209536
5,0019.txt,368,v037,0,reuse_copy,16384,293000,134209536
5,0019.txt,368,v037,0,create_copy_destroy,16384,303000,134209536
5,0019.txt,368,v039,1,reuse_copy,16384,277000,134209536
5,0019.txt,368,v039,1,create_copy_destroy,16384,275000,134209536
5,0020.txt,133,v037,1,reuse_copy,16384,298000,134209536
5,0020.txt,133,v037,1,create_copy_destroy,16384,300000,134209536
5,0020.txt,133,v039,0,reuse_copy,16384,114000,134209536
5,0020.txt,133,v039,0,create_copy_destroy,16384,128000,134209536
5,0021.txt,159,v037,0,reuse_copy,16384,286000,134209536
5,0021.txt,159,v037,0,create_copy_destroy,16384,295000,134209536
5,0021.txt,159,v039,1,reuse_copy,16384,133000,134209536
5,0021.txt,159,v039,1,create_copy_destroy,16384,144000,134209536
5,0022.txt,139,v037,1,reuse_copy,16384,286000,134209536
5,0022.txt,139,v037,1,create_copy_destroy,16384,306000,134209536
5,0022.txt,139,v039,0,reuse_copy,16384,117000,134209536
5,0022.txt,139,v039,0,create_copy_destroy,16384,130000,134209536
5,0023.txt,139,v037,0,reuse_copy,16384,305000,134209536
5,0023.txt,139,v037,0,create_copy_destroy,16384,296000,134209536
5,0023.txt,139,v039,1,reuse_copy,16384,124000,134209536
5,0023.txt,139,v039,1,create_copy_destroy,16384,126000,134209536
5,0024.txt,180,v037,1,reuse_copy,16384,284000,134209536
5,0024.txt,180,v037,1,create_copy_destroy,16384,290000,134209536
5,0024.txt,180,v039,0,reuse_copy,16384,135000,134209536
5,0024.txt,180,v039,0,create_copy_destroy,16384,146000,134209536
5,0025.txt,177,v037,0,reuse_copy,16384,298000,134209536
5,0025.txt,177,v037,0,create_copy_destroy,16384,295000,134209536
5,0025.txt,177,v039,1,reuse_copy,16384,146000,134209536
5,0025.txt,177,v039,1,create_copy_destroy,16384,170000,134209536
5,0026.txt,256,v037,1,reuse_copy,16384,292000,134209536
5,0026.txt,256,v037,1,create_copy_destroy,16384,325000,134209536
5,0026.txt,256,v039,0,reuse_copy,16384,187000,134209536
5,0026.txt,256,v039,0,create_copy_destroy,16384,193000,134209536
5,0027.txt,113,v037,0,reuse_copy,16384,315000,134258688
5,0027.txt,113,v037,0,create_copy_destroy,16384,295000,134258688
5,0027.txt,113,v039,1,reuse_copy,16384,103000,134258688
5,0027.txt,113,v039,1,create_copy_destroy,16384,113000,134258688
5,0028.txt,234,v037,1,reuse_copy,16384,285000,134209536
5,0028.txt,234,v037,1,create_copy_destroy,16384,295000,134209536
5,0028.txt,234,v039,0,reuse_copy,16384,185000,134209536
5,0028.txt,234,v039,0,create_copy_destroy,16384,202000,134209536
5,0029.txt,273,v037,0,reuse_copy,16384,300000,134209536
5,0029.txt,273,v037,0,create_copy_destroy,16384,294000,134209536
5,0029.txt,273,v039,1,reuse_copy,16384,220000,134209536
5,0029.txt,273,v039,1,create_copy_destroy,16384,243000,134209536
5,0030.txt,248,v037,1,reuse_copy,16384,305000,134275072
5,0030.txt,248,v037,1,create_copy_destroy,16384,294000,134275072
5,0030.txt,248,v039,0,reuse_copy,16384,184000,134275072
5,0030.txt,248,v039,0,create_copy_destroy,16384,195000,134275072
5,0031.txt,153,v037,0,reuse_copy,16384,286000,134209536
5,0031.txt,153,v037,0,create_copy_destroy,16384,300000,134209536
5,0031.txt,153,v039,1,reuse_copy,16384,144000,134209536
5,0031.txt,153,v039,1,create_copy_destroy,16384,168000,134209536
5,0032.txt,210,v037,1,reuse_copy,16384,306000,134209536
5,0032.txt,210,v037,1,create_copy_destroy,16384,307000,134209536
5,0032.txt,210,v039,0,reuse_copy,16384,173000,134209536
5,0032.txt,210,v039,0,create_copy_destroy,16384,180000,134209536
5,0033.txt,144,v037,0,reuse_copy,16384,287000,134209536
5,0033.txt,144,v037,0,create_copy_destroy,16384,301000,134209536
5,0033.txt,144,v039,1,reuse_copy,16384,118000,134209536
5,0033.txt,144,v039,1,create_copy_destroy,16384,128000,134209536
5,0034.txt,285,v037,1,reuse_copy,16384,302000,134209536
5,0034.txt,285,v037,1,create_copy_destroy,16384,305000,134209536
5,0034.txt,285,v039,0,reuse_copy,16384,223000,134209536
5,0034.txt,285,v039,0,create_copy_destroy,16384,248000,134209536
5,0035.txt,106,v037,0,reuse_copy,16384,286000,134209536
5,0035.txt,106,v037,0,create_copy_destroy,16384,296000,134209536
5,0035.txt,106,v039,1,reuse_copy,16384,92000,134209536
5,0035.txt,106,v039,1,create_copy_destroy,16384,97000,134209536
5,0036.txt,186,v037,1,reuse_copy,16384,341000,134209536
5,0036.txt,186,v037,1,create_copy_destroy,16384,301000,134209536
5,0036.txt,186,v039,0,reuse_copy,16384,221000,134209536
5,0036.txt,186,v039,0,create_copy_destroy,16384,161000,134209536
5,0037.txt,276,v037,0,reuse_copy,16384,313000,134209536
5,0037.txt,276,v037,0,create_copy_destroy,16384,297000,134209536
5,0037.txt,276,v039,1,reuse_copy,16384,213000,134209536
5,0037.txt,276,v039,1,create_copy_destroy,16384,221000,134209536
5,0038.txt,169,v037,1,reuse_copy,16384,296000,134209536
5,0038.txt,169,v037,1,create_copy_destroy,16384,295000,134209536
5,0038.txt,169,v039,0,reuse_copy,16384,163000,134209536
5,0038.txt,169,v039,0,create_copy_destroy,16384,173000,134209536
5,0039.txt,252,v037,0,reuse_copy,16384,301000,134209536
5,0039.txt,252,v037,0,create_copy_destroy,16384,308000,134209536
5,0039.txt,252,v039,1,reuse_copy,16384,195000,134209536
5,0039.txt,252,v039,1,create_copy_destroy,16384,196000,134209536
5,0040.txt,195,v037,1,reuse_copy,16384,552000,134209536
5,0040.txt,195,v037,1,create_copy_destroy,16384,319000,134209536
5,0040.txt,195,v039,0,reuse_copy,16384,168000,134209536
5,0040.txt,195,v039,0,create_copy_destroy,16384,165000,134209536
5,0041.txt,141,v037,0,reuse_copy,16384,293000,134209536
5,0041.txt,141,v037,0,create_copy_destroy,16384,301000,134209536
5,0041.txt,141,v039,1,reuse_copy,16384,124000,134209536
5,0041.txt,141,v039,1,create_copy_destroy,16384,146000,134209536
5,0042.txt,350,v037,1,reuse_copy,16384,298000,134209536
5,0042.txt,350,v037,1,create_copy_destroy,16384,295000,134209536
5,0042.txt,350,v039,0,reuse_copy,16384,279000,134209536
5,0042.txt,350,v039,0,create_copy_destroy,16384,284000,134209536
5,0043.txt,152,v037,0,reuse_copy,16384,300000,134209536
5,0043.txt,152,v037,0,create_copy_destroy,16384,296000,134209536
5,0043.txt,152,v039,1,reuse_copy,16384,116000,134209536
5,0043.txt,152,v039,1,create_copy_destroy,16384,123000,134209536
5,0044.txt,189,v037,1,reuse_copy,16384,291000,134209536
5,0044.txt,189,v037,1,create_copy_destroy,16384,303000,134209536
5,0044.txt,189,v039,0,reuse_copy,16384,155000,134209536
5,0044.txt,189,v039,0,create_copy_destroy,16384,170000,134209536
5,0045.txt,182,v037,0,reuse_copy,16384,286000,134209536
5,0045.txt,182,v037,0,create_copy_destroy,16384,299000,134209536
5,0045.txt,182,v039,1,reuse_copy,16384,164000,134209536
5,0045.txt,182,v039,1,create_copy_destroy,16384,160000,134209536
5,0046.txt,119,v037,1,reuse_copy,16384,291000,134209536
5,0046.txt,119,v037,1,create_copy_destroy,16384,301000,134209536
5,0046.txt,119,v039,0,reuse_copy,16384,117000,134209536
5,0046.txt,119,v039,0,create_copy_destroy,16384,124000,134209536
5,0047.txt,234,v037,0,reuse_copy,16384,293000,134209536
5,0047.txt,234,v037,0,create_copy_destroy,16384,299000,134209536
5,0047.txt,234,v039,1,reuse_copy,16384,185000,134209536
5,0047.txt,234,v039,1,create_copy_destroy,16384,197000,134209536
5,0048.txt,171,v037,1,reuse_copy,16384,288000,134209536
5,0048.txt,171,v037,1,create_copy_destroy,16384,292000,134209536
5,0048.txt,171,v039,0,reuse_copy,16384,151000,134209536
5,0048.txt,171,v039,0,create_copy_destroy,16384,159000,134209536
5,0049.txt,177,v037,0,reuse_copy,16384,301000,134209536
5,0049.txt,177,v037,0,create_copy_destroy,16384,291000,134209536
5,0049.txt,177,v039,1,reuse_copy,16384,147000,134209536
5,0049.txt,177,v039,1,create_copy_destroy,16384,156000,134209536
5,0050.txt,114,v037,1,reuse_copy,16384,292000,134209536
5,0050.txt,114,v037,1,create_copy_destroy,16384,296000,134209536
5,0050.txt,114,v039,0,reuse_copy,16384,94000,134209536
5,0050.txt,114,v039,0,create_copy_destroy,16384,104000,134209536
5,0051.txt,156,v037,0,reuse_copy,16384,294000,134209536
5,0051.txt,156,v037,0,create_copy_destroy,16384,291000,134209536
5,0051.txt,156,v039,1,reuse_copy,16384,122000,134209536
5,0051.txt,156,v039,1,create_copy_destroy,16384,128000,134209536
5,0052.txt,224,v037,1,reuse_copy,16384,288000,134209536
5,0052.txt,224,v037,1,create_copy_destroy,16384,295000,134209536
5,0052.txt,224,v039,0,reuse_copy,16384,167000,134209536
5,0052.txt,224,v039,0,create_copy_destroy,16384,178000,134209536
5,0053.txt,162,v037,0,reuse_copy,16384,287000,134209536
5,0053.txt,162,v037,0,create_copy_destroy,16384,306000,134209536
5,0053.txt,162,v039,1,reuse_copy,16384,130000,134209536
5,0053.txt,162,v039,1,create_copy_destroy,16384,154000,134209536
5,0054.txt,235,v037,1,reuse_copy,16384,288000,134209536
5,0054.txt,235,v037,1,create_copy_destroy,16384,299000,134209536
5,0054.txt,235,v039,0,reuse_copy,16384,193000,134209536
5,0054.txt,235,v039,0,create_copy_destroy,16384,196000,134209536
5,0055.txt,286,v037,0,reuse_copy,16384,303000,134209536
5,0055.txt,286,v037,0,create_copy_destroy,16384,295000,134209536
5,0055.txt,286,v039,1,reuse_copy,16384,227000,134209536
5,0055.txt,286,v039,1,create_copy_destroy,16384,244000,134209536
5,0056.txt,193,v037,1,reuse_copy,16384,285000,134209536
5,0056.txt,193,v037,1,create_copy_destroy,16384,296000,134209536
5,0056.txt,193,v039,0,reuse_copy,16384,160000,134209536
5,0056.txt,193,v039,0,create_copy_destroy,16384,166000,134209536
5,0057.txt,239,v037,0,reuse_copy,16384,285000,134209536
5,0057.txt,239,v037,0,create_copy_destroy,16384,295000,134209536
5,0057.txt,239,v039,1,reuse_copy,16384,202000,134209536
5,0057.txt,239,v039,1,create_copy_destroy,16384,211000,134209536
5,0058.txt,225,v037,1,reuse_copy,16384,293000,134209536
5,0058.txt,225,v037,1,create_copy_destroy,16384,295000,134209536
5,0058.txt,225,v039,0,reuse_copy,16384,196000,134209536
5,0058.txt,225,v039,0,create_copy_destroy,16384,227000,134209536
5,0059.txt,179,v037,0,reuse_copy,16384,290000,134209536
5,0059.txt,179,v037,0,create_copy_destroy,16384,298000,134209536
5,0059.txt,179,v039,1,reuse_copy,16384,157000,134209536
5,0059.txt,179,v039,1,create_copy_destroy,16384,158000,134209536
5,0060.txt,197,v037,1,reuse_copy,16384,312000,134209536
5,0060.txt,197,v037,1,create_copy_destroy,16384,301000,134209536
5,0060.txt,197,v039,0,reuse_copy,16384,160000,134209536
5,0060.txt,197,v039,0,create_copy_destroy,16384,175000,134209536
5,0061.txt,171,v037,0,reuse_copy,16384,297000,134209536
5,0061.txt,171,v037,0,create_copy_destroy,16384,296000,134209536
5,0061.txt,171,v039,1,reuse_copy,16384,151000,134209536
5,0061.txt,171,v039,1,create_copy_destroy,16384,168000,134209536
5,0062.txt,197,v037,1,reuse_copy,16384,294000,134209536
5,0062.txt,197,v037,1,create_copy_destroy,16384,310000,134209536
5,0062.txt,197,v039,0,reuse_copy,16384,160000,134209536
5,0062.txt,197,v039,0,create_copy_destroy,16384,177000,134209536
5,0063.txt,228,v037,0,reuse_copy,16384,317000,134209536
5,0063.txt,228,v037,0,create_copy_destroy,16384,301000,134209536
5,0063.txt,228,v039,1,reuse_copy,16384,176000,134209536
5,0063.txt,228,v039,1,create_copy_destroy,16384,203000,134209536
5,0064.txt,203,v037,1,reuse_copy,16384,285000,134209536
5,0064.txt,203,v037,1,create_copy_destroy,16384,295000,134209536
5,0064.txt,203,v039,0,reuse_copy,16384,171000,134209536
5,0064.txt,203,v039,0,create_copy_destroy,16384,175000,134209536
5,0065.txt,185,v037,0,reuse_copy,16384,286000,134209536
5,0065.txt,185,v037,0,create_copy_destroy,16384,295000,134209536
5,0065.txt,185,v039,1,reuse_copy,16384,153000,134209536
5,0065.txt,185,v039,1,create_copy_destroy,16384,160000,134209536
5,0066.txt,205,v037,1,reuse_copy,16384,287000,134209536
5,0066.txt,205,v037,1,create_copy_destroy,16384,297000,134209536
5,0066.txt,205,v039,0,reuse_copy,16384,170000,134209536
5,0066.txt,205,v039,0,create_copy_destroy,16384,190000,134209536
5,0067.txt,179,v037,0,reuse_copy,16384,281000,134209536
5,0067.txt,179,v037,0,create_copy_destroy,16384,290000,134209536
5,0067.txt,179,v039,1,reuse_copy,16384,166000,134209536
5,0067.txt,179,v039,1,create_copy_destroy,16384,162000,134209536
5,0068.txt,324,v037,1,reuse_copy,16384,290000,134209536
5,0068.txt,324,v037,1,create_copy_destroy,16384,297000,134209536
5,0068.txt,324,v039,0,reuse_copy,16384,245000,134209536
5,0068.txt,324,v039,0,create_copy_destroy,16384,239000,134209536
5,0069.txt,111,v037,0,reuse_copy,16384,293000,134209536
5,0069.txt,111,v037,0,create_copy_destroy,16384,301000,134209536
5,0069.txt,111,v039,1,reuse_copy,16384,99000,134209536
5,0069.txt,111,v039,1,create_copy_destroy,16384,120000,134209536
5,0070.txt,311,v037,1,reuse_copy,16384,287000,134209536
5,0070.txt,311,v037,1,create_copy_destroy,16384,291000,134209536
5,0070.txt,311,v039,0,reuse_copy,16384,246000,134209536
5,0070.txt,311,v039,0,create_copy_destroy,16384,269000,134209536
5,0071.txt,283,v037,0,reuse_copy,16384,292000,134356992
5,0071.txt,283,v037,0,create_copy_destroy,16384,294000,134356992
5,0071.txt,283,v039,1,reuse_copy,16384,228000,134356992
5,0071.txt,283,v039,1,create_copy_destroy,16384,234000,134356992
5,0072.txt,180,v037,1,reuse_copy,16384,285000,134209536
5,0072.txt,180,v037,1,create_copy_destroy,16384,295000,134209536
5,0072.txt,180,v039,0,reuse_copy,16384,137000,134209536
5,0072.txt,180,v039,0,create_copy_destroy,16384,168000,134209536
5,0073.txt,159,v037,0,reuse_copy,16384,293000,134209536
5,0073.txt,159,v037,0,create_copy_destroy,16384,301000,134209536
5,0073.txt,159,v039,1,reuse_copy,16384,134000,134209536
5,0073.txt,159,v039,1,create_copy_destroy,16384,145000,134209536
5,0074.txt,106,v037,1,reuse_copy,16384,285000,134209536
5,0074.txt,106,v037,1,create_copy_destroy,16384,297000,134209536
5,0074.txt,106,v039,0,reuse_copy,16384,91000,134209536
5,0074.txt,106,v039,0,create_copy_destroy,16384,97000,134209536
5,0075.txt,272,v037,0,reuse_copy,16384,301000,134209536
5,0075.txt,272,v037,0,create_copy_destroy,16384,291000,134209536
5,0075.txt,272,v039,1,reuse_copy,16384,202000,134209536
5,0075.txt,272,v039,1,create_copy_destroy,16384,214000,134209536
5,0076.txt,187,v037,1,reuse_copy,16384,290000,134209536
5,0076.txt,187,v037,1,create_copy_destroy,16384,294000,134209536
5,0076.txt,187,v039,0,reuse_copy,16384,161000,134209536
5,0076.txt,187,v039,0,create_copy_destroy,16384,163000,134209536
5,0077.txt,108,v037,0,reuse_copy,16384,296000,134209536
5,0077.txt,108,v037,0,create_copy_destroy,16384,311000,134209536
5,0077.txt,108,v039,1,reuse_copy,16384,89000,134209536
5,0077.txt,108,v039,1,create_copy_destroy,16384,92000,134209536
5,0078.txt,218,v037,1,reuse_copy,16384,297000,134209536
5,0078.txt,218,v037,1,create_copy_destroy,16384,300000,134209536
5,0078.txt,218,v039,0,reuse_copy,16384,172000,134209536
5,0078.txt,218,v039,0,create_copy_destroy,16384,182000,134209536
5,0079.txt,140,v037,0,reuse_copy,16384,292000,134209536
5,0079.txt,140,v037,0,create_copy_destroy,16384,303000,134209536
5,0079.txt,140,v039,1,reuse_copy,16384,110000,134209536
5,0079.txt,140,v039,1,create_copy_destroy,16384,118000,134209536
5,0080.txt,167,v037,1,reuse_copy,16384,391000,134209536
5,0080.txt,167,v037,1,create_copy_destroy,16384,307000,134209536
5,0080.txt,167,v039,0,reuse_copy,16384,140000,134209536
5,0080.txt,167,v039,0,create_copy_destroy,16384,157000,134209536
5,0081.txt,251,v037,0,reuse_copy,16384,289000,134209536
5,0081.txt,251,v037,0,create_copy_destroy,16384,290000,134209536
5,0081.txt,251,v039,1,reuse_copy,16384,208000,134209536
5,0081.txt,251,v039,1,create_copy_destroy,16384,212000,134209536
5,0082.txt,223,v037,1,reuse_copy,16384,295000,134209536
5,0082.txt,223,v037,1,create_copy_destroy,16384,302000,134209536
5,0082.txt,223,v039,0,reuse_copy,16384,181000,134209536
5,0082.txt,223,v039,0,create_copy_destroy,16384,199000,134209536
5,0083.txt,130,v037,0,reuse_copy,16384,290000,134209536
5,0083.txt,130,v037,0,create_copy_destroy,16384,296000,134209536
5,0083.txt,130,v039,1,reuse_copy,16384,108000,134209536
5,0083.txt,130,v039,1,create_copy_destroy,16384,117000,134209536
5,0084.txt,202,v037,1,reuse_copy,16384,300000,134209536
5,0084.txt,202,v037,1,create_copy_destroy,16384,313000,134209536
5,0084.txt,202,v039,0,reuse_copy,16384,168000,134209536
5,0084.txt,202,v039,0,create_copy_destroy,16384,174000,134209536
5,0085.txt,246,v037,0,reuse_copy,16384,299000,134258688
5,0085.txt,246,v037,0,create_copy_destroy,16384,295000,134258688
5,0085.txt,246,v039,1,reuse_copy,16384,210000,134258688
5,0085.txt,246,v039,1,create_copy_destroy,16384,209000,134258688
5,0086.txt,96,v037,1,reuse_copy,16384,293000,134209536
5,0086.txt,96,v037,1,create_copy_destroy,16384,302000,134209536
5,0086.txt,96,v039,0,reuse_copy,16384,80000,134209536
5,0086.txt,96,v039,0,create_copy_destroy,16384,87000,134209536
5,0087.txt,212,v037,0,reuse_copy,16384,299000,134209536
5,0087.txt,212,v037,0,create_copy_destroy,16384,305000,134209536
5,0087.txt,212,v039,1,reuse_copy,16384,164000,134209536
5,0087.txt,212,v039,1,create_copy_destroy,16384,169000,134209536
5,0088.txt,199,v037,1,reuse_copy,16384,287000,134209536
5,0088.txt,199,v037,1,create_copy_destroy,16384,304000,134209536
5,0088.txt,199,v039,0,reuse_copy,16384,166000,134209536
5,0088.txt,199,v039,0,create_copy_destroy,16384,190000,134209536
5,0089.txt,290,v037,0,reuse_copy,16384,294000,134209536
5,0089.txt,290,v037,0,create_copy_destroy,16384,294000,134209536
5,0089.txt,290,v039,1,reuse_copy,16384,224000,134209536
5,0089.txt,290,v039,1,create_copy_destroy,16384,250000,134209536
5,0090.txt,207,v037,1,reuse_copy,16384,292000,134209536
5,0090.txt,207,v037,1,create_copy_destroy,16384,298000,134209536
5,0090.txt,207,v039,0,reuse_copy,16384,168000,134209536
5,0090.txt,207,v039,0,create_copy_destroy,16384,181000,134209536
5,0091.txt,127,v037,0,reuse_copy,16384,286000,134209536
5,0091.txt,127,v037,0,create_copy_destroy,16384,302000,134209536
5,0091.txt,127,v039,1,reuse_copy,16384,111000,134209536
5,0091.txt,127,v039,1,create_copy_destroy,16384,126000,134209536
5,0092.txt,300,v037,1,reuse_copy,16384,295000,134209536
5,0092.txt,300,v037,1,create_copy_destroy,16384,303000,134209536
5,0092.txt,300,v039,0,reuse_copy,16384,228000,134209536
5,0092.txt,300,v039,0,create_copy_destroy,16384,231000,134209536
5,0093.txt,101,v037,0,reuse_copy,16384,286000,134209536
5,0093.txt,101,v037,0,create_copy_destroy,16384,294000,134209536
5,0093.txt,101,v039,1,reuse_copy,16384,90000,134209536
5,0093.txt,101,v039,1,create_copy_destroy,16384,101000,134209536
5,0094.txt,259,v037,1,reuse_copy,16384,326000,134209536
5,0094.txt,259,v037,1,create_copy_destroy,16384,315000,134209536
5,0094.txt,259,v039,0,reuse_copy,16384,212000,134209536
5,0094.txt,259,v039,0,create_copy_destroy,16384,219000,134209536
5,0095.txt,180,v037,0,reuse_copy,16384,286000,134209536
5,0095.txt,180,v037,0,create_copy_destroy,16384,295000,134209536
5,0095.txt,180,v039,1,reuse_copy,16384,138000,134209536
5,0095.txt,180,v039,1,create_copy_destroy,16384,148000,134209536
5,0096.txt,139,v037,1,reuse_copy,16384,292000,134209536
5,0096.txt,139,v037,1,create_copy_destroy,16384,302000,134209536
5,0096.txt,139,v039,0,reuse_copy,16384,128000,134209536
5,0096.txt,139,v039,0,create_copy_destroy,16384,126000,134209536
5,0097.txt,281,v037,0,reuse_copy,16384,294000,134209536
5,0097.txt,281,v037,0,create_copy_destroy,16384,297000,134209536
5,0097.txt,281,v039,1,reuse_copy,16384,221000,134209536
5,0097.txt,281,v039,1,create_copy_destroy,16384,240000,134209536
5,0098.txt,152,v037,1,reuse_copy,16384,296000,134209536
5,0098.txt,152,v037,1,create_copy_destroy,16384,291000,134209536
5,0098.txt,152,v039,0,reuse_copy,16384,114000,134209536
5,0098.txt,152,v039,0,create_copy_destroy,16384,132000,134209536
5,0099.txt,244,v037,0,reuse_copy,16384,281000,134209536
5,0099.txt,244,v037,0,create_copy_destroy,16384,290000,134209536
5,0099.txt,244,v039,1,reuse_copy,16384,180000,134209536
5,0099.txt,244,v039,1,create_copy_destroy,16384,189000,134209536
