round,case,floors,variant,position,candidates,completed,build_ns,reconstruct_ns,smooth_ns,compress_ns,total_ns,total_wall_ns,checksum
0,0000.txt,104,v037,0,37,37,61000,1152000,140000,52000,1405000,1437000,4794182781335350609
0,0000.txt,104,v039,1,37,37,76000,1119000,103000,34000,1332000,1360000,4794182781335350609
0,0001.txt,152,v037,1,64,49,158000,6903000,402000,161000,7624000,7658000,16689947731493314520
0,0001.txt,152,v039,0,64,49,152000,7323000,363000,119000,7957000,8041000,16689947731493314520
0,0002.txt,150,v037,0,64,62,221000,7680000,488000,230000,8619000,8665000,18342383646653386177
0,0002.txt,150,v039,1,64,62,222000,7916000,425000,162000,8725000,8804000,18342383646653386177
0,0003.txt,284,v037,1,64,37,196000,8756000,392000,149000,9493000,9548000,17033325069789893077
0,0003.txt,284,v039,0,64,37,199000,8462000,355000,132000,9148000,9198000,17033325069789893077
0,0004.txt,216,v037,0,64,37,767000,20203000,670000,313000,21953000,21988000,12280955030868151236
0,0004.txt,216,v039,1,64,37,747000,20429000,579000,244000,21999000,22043000,12280955030868151236
0,0005.txt,197,v037,1,64,31,1482000,41704000,1687000,555000,45428000,45658000,2819693884635199599
0,0005.txt,197,v039,0,64,31,1459000,41319000,1567000,431000,44776000,44834000,2819693884635199599
0,0006.txt,104,v037,0,64,43,270000,6968000,346000,169000,7753000,7821000,8204216429624422745
0,0006.txt,104,v039,1,64,43,269000,6705000,239000,94000,7307000,7363000,8204216429624422745
0,0007.txt,121,v037,1,64,52,257000,7474000,415000,208000,8354000,8403000,9925070849913877582
0,0007.txt,121,v039,0,64,52,265000,7791000,324000,125000,8505000,8583000,9925070849913877582
0,0008.txt,123,v037,0,64,48,244000,8141000,410000,190000,8985000,9039000,10388448316979510227
0,0008.txt,123,v039,1,64,48,255000,8025000,310000,113000,8703000,8754000,10388448316979510227
0,0009.txt,185,v037,1,64,58,118000,6755000,361000,149000,7383000,7444000,10071443029830521817
0,0009.txt,185,v039,0,64,58,121000,6711000,311000,111000,7254000,7308000,10071443029830521817
0,0010.txt,97,v037,0,64,47,118000,3601000,251000,114000,4084000,4134000,4237720024431108278
0,0010.txt,97,v039,1,64,47,119000,3548000,202000,62000,3931000,3980000,4237720024431108278
0,0011.txt,175,v037,1,64,46,438000,10961000,456000,221000,12076000,12154000,7707425770696244922
0,0011.txt,175,v039,0,64,46,420000,11246000,371000,164000,12201000,12291000,7707425770696244922
0,0012.txt,134,v037,0,64,42,269000,9281000,358000,175000,10083000,10130000,9328939437866477492
0,0012.txt,134,v039,1,64,42,255000,9216000,275000,129000,9875000,9927000,9328939437866477492
0,0013.txt,196,v037,1,64,44,344000,9904000,560000,248000,11056000,11111000,12038425132166973434
0,0013.txt,196,v039,0,64,44,333000,10260000,509000,218000,11320000,11381000,12038425132166973434
0,0014.txt,273,v037,0,64,36,1563000,35423000,981000,441000,38408000,38470000,3550099605336564682
0,0014.txt,273,v039,1,64,36,1560000,35625000,920000,393000,38498000,38556000,3550099605336564682
0,0015.txt,286,v037,1,64,36,2092000,57809000,1792000,664000,62357000,62471000,15606292226025197893
0,0015.txt,286,v039,0,64,36,2121000,57483000,1669000,594000,61867000,61933000,15606292226025197893
0,0016.txt,171,v037,0,64,41,306000,10536000,381000,175000,11398000,11622000,826487946221395757
0,0016.txt,171,v039,1,64,41,346000,11160000,354000,143000,12003000,12436000,826487946221395757
0,0017.txt,171,v037,1,64,52,932000,16314000,707000,366000,18319000,18388000,16242368077467193209
0,0017.txt,171,v039,0,64,52,898000,17062000,609000,267000,18836000,18980000,16242368077467193209
0,0018.txt,103,v037,0,64,46,109000,4983000,275000,128000,5495000,5621000,2250121111983633500
0,0018.txt,103,v039,1,64,46,117000,4936000,199000,69000,5321000,5481000,2250121111983633500
0,0019.txt,368,v037,1,64,34,3912000,85400000,1636000,717000,91665000,91918000,7417386263358031830
0,0019.txt,368,v039,0,64,34,4009000,89910000,1733000,735000,96387000,98488000,7417386263358031830
0,0020.txt,133,v037,0,64,46,504000,12946000,471000,223000,14144000,14239000,15732303224388724579
0,0020.txt,133,v039,1,64,46,517000,12873000,363000,149000,13902000,13975000,15732303224388724579
0,0021.txt,159,v037,1,64,46,104000,4143000,280000,101000,4628000,4674000,14857199808408141410
0,0021.txt,159,v039,0,64,46,106000,4116000,241000,71000,4534000,4571000,14857199808408141410
0,0022.txt,139,v037,0,61,29,93000,3581000,161000,72000,3907000,3946000,4602588663863474827
0,0022.txt,139,v039,1,61,29,93000,3542000,130000,53000,3818000,3853000,4602588663863474827
0,0023.txt,139,v037,1,64,44,134000,5786000,286000,121000,6327000,6368000,9599811352505267570
0,0023.txt,139,v039,0,64,44,142000,5620000,220000,85000,6067000,6111000,9599811352505267570
0,0024.txt,180,v037,0,64,44,165000,7335000,447000,169000,8116000,8149000,11810341906000182740
0,0024.txt,180,v039,1,64,44,167000,7329000,400000,139000,8035000,8081000,11810341906000182740
0,0025.txt,177,v037,1,64,59,94000,3199000,257000,111000,3661000,3714000,6261825659435201105
0,0025.txt,177,v039,0,64,59,94000,3276000,218000,85000,3673000,3714000,6261825659435201105
0,0026.txt,256,v037,0,64,43,215000,7051000,422000,163000,7851000,7908000,2537868518424950437
0,0026.txt,256,v039,1,64,43,214000,7071000,389000,154000,7828000,7870000,2537868518424950437
0,0027.txt,113,v037,1,64,31,304000,5950000,310000,148000,6712000,6755000,992099488926560280
0,0027.txt,113,v039,0,64,31,297000,6010000,232000,95000,6634000,6681000,992099488926560280
0,0028.txt,234,v037,0,64,34,575000,12455000,622000,283000,13935000,13986000,9654207709147907553
0,0028.txt,234,v039,1,64,34,568000,12507000,593000,263000,13931000,13990000,9654207709147907553
0,0029.txt,273,v037,1,64,34,873000,18955000,569000,276000,20673000,20737000,1096036353319749662
0,0029.txt,273,v039,0,64,34,854000,19085000,504000,241000,20684000,20741000,1096036353319749662
0,0030.txt,248,v037,0,64,46,1172000,19740000,1567000,630000,23109000,23161000,11342904610067110408
0,0030.txt,248,v039,1,64,46,1198000,20592000,1463000,534000,23787000,23896000,11342904610067110408
0,0031.txt,153,v037,1,64,49,229000,10916000,434000,196000,11775000,11833000,6007647649652556023
0,0031.txt,153,v039,0,64,49,241000,11195000,359000,134000,11929000,11980000,6007647649652556023
0,0032.txt,210,v037,0,64,33,285000,8497000,339000,156000,9277000,9315000,9084787551598269598
0,0032.txt,210,v039,1,64,33,298000,8768000,304000,135000,9505000,9552000,9084787551598269598
0,0033.txt,144,v037,1,64,53,427000,13214000,503000,259000,14403000,14469000,18402673813617418454
0,0033.txt,144,v039,0,64,53,405000,12936000,366000,148000,13855000,13909000,18402673813617418454
0,0034.txt,285,v037,0,64,49,1176000,29540000,1592000,636000,32944000,32995000,13893849988178559116
0,0034.txt,285,v039,1,64,49,1225000,29846000,1534000,588000,33193000,33268000,13893849988178559116
0,0035.txt,106,v037,1,50,39,69000,2789000,202000,84000,3144000,3177000,18196665082858622388
0,0035.txt,106,v039,0,50,39,82000,2787000,174000,49000,3092000,3136000,18196665082858622388
0,0036.txt,186,v037,0,64,43,729000,13917000,549000,286000,15481000,15537000,6054771205011882605
0,0036.txt,186,v039,1,64,43,717000,14143000,437000,238000,15535000,15583000,6054771205011882605
0,0037.txt,276,v037,1,64,38,606000,16208000,745000,286000,17845000,17951000,14320703372907778113
0,0037.txt,276,v039,0,64,38,604000,15626000,643000,287000,17160000,17214000,14320703372907778113
0,0038.txt,169,v037,0,64,49,267000,7857000,471000,199000,8794000,8837000,16477880667340014543
0,0038.txt,169,v039,1,64,49,252000,7982000,389000,149000,8772000,8825000,16477880667340014543
0,0039.txt,252,v037,1,64,33,166000,6748000,290000,133000,7337000,7401000,8596729622775183895
0,0039.txt,252,v039,0,64,33,169000,6681000,262000,100000,7212000,7272000,8596729622775183895
0,0040.txt,195,v037,0,64,43,160000,8348000,553000,184000,9245000,9294000,9647300805240532863
0,0040.txt,195,v039,1,64,43,150000,8284000,531000,161000,9126000,9170000,9647300805240532863
0,0041.txt,141,v037,1,64,56,220000,7116000,360000,169000,7865000,7934000,2875823228312151856
0,0041.txt,141,v039,0,64,56,233000,7135000,284000,119000,7771000,7816000,2875823228312151856
0,0042.txt,350,v037,0,64,38,1139000,27696000,1006000,396000,30237000,30294000,9446476769204508749
0,0042.txt,350,v039,1,64,38,1204000,27725000,984000,386000,30299000,30352000,9446476769204508749
0,0043.txt,152,v037,1,64,27,263000,7631000,368000,150000,8412000,8446000,17527275560155488543
0,0043.txt,152,v039,0,64,27,276000,7715000,308000,97000,8396000,8442000,17527275560155488543
0,0044.txt,189,v037,0,64,42,448000,12138000,489000,237000,13312000,13371000,13432076075233457927
0,0044.txt,189,v039,1,64,42,434000,12666000,428000,181000,13709000,13770000,13432076075233457927
0,0045.txt,182,v037,1,64,42,654000,9312000,546000,254000,10766000,10832000,13925168697874379332
0,0045.txt,182,v039,0,64,42,638000,9219000,436000,184000,10477000,10529000,13925168697874379332
0,0046.txt,119,v037,0,64,43,402000,10311000,420000,206000,11339000,11388000,16455291584090454889
0,0046.txt,119,v039,1,64,43,400000,10480000,305000,138000,11323000,11375000,16455291584090454889
0,0047.txt,234,v037,1,64,41,1118000,28535000,996000,416000,31065000,31124000,8902589508426158474
0,0047.txt,234,v039,0,64,41,1130000,29177000,896000,345000,31548000,31622000,8902589508426158474
0,0048.txt,171,v037,0,64,53,904000,16841000,742000,372000,18859000,18909000,13748459396770593290
0,0048.txt,171,v039,1,64,53,933000,17332000,610000,269000,19144000,19186000,13748459396770593290
0,0049.txt,177,v037,1,64,37,689000,13477000,415000,221000,14802000,14851000,12858603617946795229
0,0049.txt,177,v039,0,64,37,686000,14044000,336000,158000,15224000,15286000,12858603617946795229
0,0050.txt,114,v037,0,64,40,250000,7265000,429000,186000,8130000,8178000,1490710021843272140
0,0050.txt,114,v039,1,64,40,273000,7034000,326000,116000,7749000,7796000,1490710021843272140
0,0051.txt,156,v037,1,64,50,257000,7529000,419000,193000,8398000,8465000,15500888367141373926
0,0051.txt,156,v039,0,64,50,250000,7498000,340000,140000,8228000,8271000,15500888367141373926
0,0052.txt,224,v037,0,64,53,429000,14236000,753000,331000,15749000,15803000,11226816286193969336
0,0052.txt,224,v039,1,64,53,420000,14322000,676000,249000,15667000,15738000,11226816286193969336
0,0053.txt,162,v037,1,64,50,236000,7346000,451000,211000,8244000,8303000,2732817203263270877
0,0053.txt,162,v039,0,64,50,239000,7325000,350000,133000,8047000,8102000,2732817203263270877
0,0054.txt,235,v037,0,64,40,760000,19275000,838000,364000,21237000,21296000,1009219533470316193
0,0054.txt,235,v039,1,64,40,720000,19093000,760000,313000,20886000,20942000,1009219533470316193
0,0055.txt,286,v037,1,64,32,1220000,23167000,670000,299000,25356000,25406000,3902613188640275459
0,0055.txt,286,v039,0,64,32,1228000,23097000,629000,271000,25225000,25267000,3902613188640275459
0,0056.txt,193,v037,0,64,45,469000,14825000,646000,285000,16225000,16275000,2331779951152035572
0,0056.txt,193,v039,1,64,45,463000,15140000,546000,224000,16373000,16431000,2331779951152035572
0,0057.txt,239,v037,1,64,49,852000,16586000,846000,407000,18691000,18737000,7491407054787931024
0,0057.txt,239,v039,0,64,49,830000,16689000,744000,347000,18610000,18664000,7491407054787931024
0,0058.txt,225,v037,0,64,33,610000,15396000,662000,296000,16964000,17010000,11952614316999750590
0,0058.txt,225,v039,1,64,33,598000,15522000,606000,270000,16996000,17031000,11952614316999750590
0,0059.txt,179,v037,1,64,47,102000,4381000,249000,108000,4840000,4887000,8871835986499999321
0,0059.txt,179,v039,0,64,47,111000,4271000,207000,83000,4672000,4729000,8871835986499999321
0,0060.txt,197,v037,0,64,37,222000,10006000,430000,174000,10832000,10877000,9298856456427297427
0,0060.txt,197,v039,1,64,37,223000,9835000,402000,160000,10620000,10660000,9298856456427297427
0,0061.txt,171,v037,1,64,47,694000,17590000,913000,441000,19638000,19679000,5511887438634260458
0,0061.txt,171,v039,0,64,47,686000,18319000,799000,329000,20133000,20198000,5511887438634260458
0,0062.txt,197,v037,0,64,38,511000,13163000,450000,207000,14331000,14370000,8510537815358677246
0,0062.txt,197,v039,1,64,38,473000,13509000,375000,160000,14517000,14562000,8510537815358677246
0,0063.txt,228,v037,1,64,47,542000,21505000,852000,368000,23267000,23315000,17066319291871949238
0,0063.txt,228,v039,0,64,47,540000,21567000,771000,291000,23169000,23227000,17066319291871949238
0,0064.txt,203,v037,0,64,44,421000,6603000,592000,260000,7876000,7921000,1711074768236526699
0,0064.txt,203,v039,1,64,44,403000,6735000,541000,225000,7904000,7954000,1711074768236526699
0,0065.txt,185,v037,1,64,36,179000,7164000,428000,150000,7921000,8088000,13885096275034669449
0,0065.txt,185,v039,0,64,36,181000,6768000,336000,115000,7400000,7439000,13885096275034669449
0,0066.txt,205,v037,0,64,29,963000,22930000,965000,365000,25223000,25294000,14663515985698048981
0,0066.txt,205,v039,1,64,29,942000,23434000,906000,306000,25588000,25693000,14663515985698048981
0,0067.txt,179,v037,1,64,37,337000,11599000,602000,231000,12769000,12977000,10501404806522338864
0,0067.txt,179,v039,0,64,37,508000,11203000,510000,168000,12389000,12549000,10501404806522338864
0,0068.txt,324,v037,0,64,40,1947000,26686000,1178000,521000,30332000,30378000,11033198942462540042
0,0068.txt,324,v039,1,64,40,1937000,26636000,1115000,490000,30178000,30232000,11033198942462540042
0,0069.txt,111,v037,1,64,58,235000,7982000,518000,242000,8977000,9032000,18228917370979637075
0,0069.txt,111,v039,0,64,58,241000,8192000,399000,145000,8977000,9040000,18228917370979637075
0,0070.txt,311,v037,0,64,39,1210000,41806000,1148000,506000,44670000,44730000,7760783960480657877
0,0070.txt,311,v039,1,64,39,1230000,42987000,1129000,473000,45819000,45911000,7760783960480657877
0,0071.txt,283,v037,1,64,52,1238000,36936000,1505000,687000,40366000,40419000,14717286817887090387
0,0071.txt,283,v039,0,64,52,1240000,37389000,1398000,623000,40650000,40710000,14717286817887090387
0,0072.txt,180,v037,0,64,53,146000,7244000,367000,156000,7913000,7980000,9156718833335573972
0,0072.txt,180,v039,1,64,53,132000,7403000,343000,114000,7992000,8041000,9156718833335573972
0,0073.txt,159,v037,1,64,36,768000,13633000,531000,259000,15191000,15236000,10020794304164394421
0,0073.txt,159,v039,0,64,36,796000,13748000,428000,188000,15160000,15212000,10020794304164394421
0,0074.txt,106,v037,0,64,47,221000,6222000,312000,154000,6909000,6972000,6564108582455721402
0,0074.txt,106,v039,1,64,47,220000,6543000,227000,98000,7088000,7141000,6564108582455721402
0,0075.txt,272,v037,1,64,47,973000,26842000,1375000,517000,29707000,29782000,3667807994811378177
0,0075.txt,272,v039,0,64,47,988000,26832000,1287000,436000,29543000,29612000,3667807994811378177
0,0076.txt,187,v037,0,64,50,737000,18898000,911000,396000,20942000,21014000,607827384149352780
0,0076.txt,187,v039,1,64,50,749000,19075000,795000,321000,20940000,21014000,607827384149352780
0,0077.txt,108,v037,1,64,55,186000,6397000,333000,163000,7079000,7122000,4760843873522390477
0,0077.txt,108,v039,0,64,55,171000,6480000,246000,99000,6996000,7067000,4760843873522390477
0,0078.txt,218,v037,0,64,43,721000,16156000,837000,361000,18075000,18125000,15162034028776984913
0,0078.txt,218,v039,1,64,43,682000,17488000,808000,304000,19282000,19393000,15162034028776984913
0,0079.txt,140,v037,1,64,44,86000,4521000,250000,97000,4954000,5005000,7767422573583641398
0,0079.txt,140,v039,0,64,44,95000,4782000,217000,78000,5172000,5226000,7767422573583641398
0,0080.txt,167,v037,0,64,39,533000,15587000,569000,233000,16922000,16967000,3694398191314650395
0,0080.txt,167,v039,1,64,39,527000,15554000,471000,161000,16713000,16771000,3694398191314650395
0,0081.txt,251,v037,1,64,30,1629000,27119000,768000,343000,29859000,29910000,10307198627591057750
0,0081.txt,251,v039,0,64,30,1611000,27582000,712000,293000,30198000,30247000,10307198627591057750
0,0082.txt,223,v037,0,64,50,1107000,26073000,1176000,517000,28873000,28931000,11468284554293480445
0,0082.txt,223,v039,1,64,50,1096000,26381000,1079000,473000,29029000,29103000,11468284554293480445
0,0083.txt,130,v037,1,64,45,409000,10635000,517000,246000,11807000,11881000,5520147818777481445
0,0083.txt,130,v039,0,64,45,412000,10192000,376000,153000,11133000,11174000,5520147818777481445
0,0084.txt,202,v037,0,64,34,1227000,21767000,722000,332000,24048000,24103000,4765555241581982186
0,0084.txt,202,v039,1,64,34,1196000,22093000,641000,278000,24208000,24251000,4765555241581982186
0,0085.txt,246,v037,1,64,52,388000,9448000,705000,317000,10858000,10918000,6253894563584051370
0,0085.txt,246,v039,0,64,52,393000,9551000,631000,278000,10853000,10908000,6253894563584051370
0,0086.txt,96,v037,0,64,41,154000,4198000,288000,124000,4764000,4825000,6253708357576751080
0,0086.txt,96,v039,1,64,41,132000,4186000,236000,72000,4626000,4668000,6253708357576751080
0,0087.txt,212,v037,1,64,56,305000,8021000,480000,210000,9016000,9088000,2267516571599968483
0,0087.txt,212,v039,0,64,56,252000,8076000,419000,172000,8919000,8978000,2267516571599968483
0,0088.txt,199,v037,0,64,51,373000,9313000,534000,243000,10463000,10511000,4018653164877230745
0,0088.txt,199,v039,1,64,51,373000,9319000,476000,214000,10382000,10437000,4018653164877230745
0,0089.txt,290,v037,1,64,39,1175000,37299000,1029000,454000,39957000,40017000,5178693520973726526
0,0089.txt,290,v039,0,64,39,1151000,37528000,954000,404000,40037000,40102000,5178693520973726526
0,0090.txt,207,v037,0,64,36,220000,7792000,454000,170000,8636000,8689000,11503870768449510594
0,0090.txt,207,v039,1,64,36,211000,8112000,427000,141000,8891000,8941000,11503870768449510594
0,0091.txt,127,v037,1,64,49,250000,5416000,341000,174000,6181000,6228000,13956277462663092824
0,0091.txt,127,v039,0,64,49,244000,5572000,251000,103000,6170000,6226000,13956277462663092824
0,0092.txt,300,v037,0,64,41,2239000,45219000,1944000,709000,50111000,50171000,2990358978709707612
0,0092.txt,300,v039,1,64,41,2232000,45908000,1894000,650000,50684000,50762000,2990358978709707612
0,0093.txt,101,v037,1,63,60,111000,4984000,393000,175000,5663000,5709000,7317895666691169533
0,0093.txt,101,v039,0,63,60,117000,4866000,323000,99000,5405000,5446000,7317895666691169533
0,0094.txt,259,v037,0,64,59,243000,7604000,508000,216000,8571000,8633000,8722550326702681724
0,0094.txt,259,v039,1,64,59,244000,7955000,475000,189000,8863000,8898000,8722550326702681724
0,0095.txt,180,v037,1,64,40,863000,18754000,670000,307000,20594000,20646000,2613637707041613388
0,0095.txt,180,v039,0,64,40,837000,18905000,567000,224000,20533000,20588000,2613637707041613388
0,0096.txt,139,v037,0,64,62,186000,6441000,361000,175000,7163000,7208000,7243984548746592669
0,0096.txt,139,v039,1,64,62,201000,6620000,290000,115000,7226000,7281000,7243984548746592669
0,0097.txt,281,v037,1,64,33,1276000,33554000,1666000,551000,37047000,37106000,15851679272005930236
0,0097.txt,281,v039,0,64,33,1277000,33790000,1612000,488000,37167000,37235000,15851679272005930236
0,0098.txt,152,v037,0,64,55,272000,7153000,563000,219000,8207000,8266000,3240956309058950609
0,0098.txt,152,v039,1,64,55,263000,7244000,454000,167000,8128000,8189000,3240956309058950609
0,0099.txt,244,v037,1,64,55,518000,14633000,776000,333000,16260000,16407000,10166858261604005323
0,0099.txt,244,v039,0,64,55,486000,14835000,682000,284000,16287000,16389000,10166858261604005323
1,0000.txt,104,v037,1,37,37,72000,1120000,136000,50000,1378000,1413000,4794182781335350609
1,0000.txt,104,v039,0,37,37,114000,1390000,137000,37000,1678000,1770000,4794182781335350609
1,0001.txt,152,v037,0,64,49,163000,6986000,404000,161000,7714000,7760000,16689947731493314520
1,0001.txt,152,v039,1,64,49,177000,6952000,330000,126000,7585000,7636000,16689947731493314520
1,0002.txt,150,v037,1,64,62,221000,7793000,490000,231000,8735000,8768000,18342383646653386177
1,0002.txt,150,v039,0,64,62,226000,7858000,405000,165000,8654000,8714000,18342383646653386177
1,0003.txt,284,v037,0,64,37,194000,8399000,389000,144000,9126000,9176000,17033325069789893077
1,0003.txt,284,v039,1,64,37,198000,8760000,367000,146000,9471000,9548000,17033325069789893077
1,0004.txt,216,v037,1,64,37,746000,20445000,684000,314000,22189000,22235000,12280955030868151236
1,0004.txt,216,v039,0,64,37,770000,20377000,577000,251000,21975000,22017000,12280955030868151236
1,0005.txt,197,v037,0,64,31,1450000,41386000,1655000,548000,45039000,45105000,2819693884635199599
1,0005.txt,197,v039,1,64,31,1458000,41440000,1576000,437000,44911000,44969000,2819693884635199599
1,0006.txt,104,v037,1,64,43,265000,6542000,324000,179000,7310000,7354000,8204216429624422745
1,0006.txt,104,v039,0,64,43,286000,6801000,243000,96000,7426000,7484000,8204216429624422745
1,0007.txt,121,v037,0,64,52,249000,7679000,421000,200000,8549000,8606000,9925070849913877582
1,0007.txt,121,v039,1,64,52,256000,7770000,327000,125000,8478000,8554000,9925070849913877582
1,0008.txt,123,v037,1,64,48,253000,7966000,414000,189000,8822000,8867000,10388448316979510227
1,0008.txt,123,v039,0,64,48,259000,8446000,326000,123000,9154000,9229000,10388448316979510227
1,0009.txt,185,v037,0,64,58,117000,6692000,376000,153000,7338000,7394000,10071443029830521817
1,0009.txt,185,v039,1,64,58,121000,6772000,319000,135000,7347000,7384000,10071443029830521817
1,0010.txt,97,v037,1,64,47,131000,3492000,252000,111000,3986000,4023000,4237720024431108278
1,0010.txt,97,v039,0,64,47,119000,3703000,192000,69000,4083000,4147000,4237720024431108278
1,0011.txt,175,v037,0,64,46,433000,10769000,451000,232000,11885000,11934000,7707425770696244922
1,0011.txt,175,v039,1,64,46,413000,10965000,355000,173000,11906000,11963000,7707425770696244922
1,0012.txt,134,v037,1,64,42,245000,9309000,355000,173000,10082000,10139000,9328939437866477492
1,0012.txt,134,v039,0,64,42,245000,9127000,273000,142000,9787000,9845000,9328939437866477492
1,0013.txt,196,v037,0,64,44,342000,9983000,566000,247000,11138000,11191000,12038425132166973434
1,0013.txt,196,v039,1,64,44,326000,10041000,488000,200000,11055000,11090000,12038425132166973434
1,0014.txt,273,v037,1,64,36,1621000,35011000,966000,434000,38032000,38110000,3550099605336564682
1,0014.txt,273,v039,0,64,36,1557000,35393000,888000,383000,38221000,38287000,3550099605336564682
1,0015.txt,286,v037,0,64,36,2100000,56558000,1747000,651000,61056000,61108000,15606292226025197893
1,0015.txt,286,v039,1,64,36,2062000,57523000,1707000,592000,61884000,61955000,15606292226025197893
1,0016.txt,171,v037,1,64,41,304000,9944000,374000,173000,10795000,10856000,826487946221395757
1,0016.txt,171,v039,0,64,41,293000,9880000,325000,123000,10621000,10688000,826487946221395757
1,0017.txt,171,v037,0,64,52,886000,16658000,725000,359000,18628000,18707000,16242368077467193209
1,0017.txt,171,v039,1,64,52,915000,16802000,585000,255000,18557000,18617000,16242368077467193209
1,0018.txt,103,v037,1,64,46,112000,4642000,245000,130000,5129000,5173000,2250121111983633500
1,0018.txt,103,v039,0,64,46,116000,4537000,186000,73000,4912000,4947000,2250121111983633500
1,0019.txt,368,v037,0,64,34,3811000,84340000,1623000,699000,90473000,90542000,7417386263358031830
1,0019.txt,368,v039,1,64,34,3713000,86057000,1656000,706000,92132000,92310000,7417386263358031830
1,0020.txt,133,v037,1,64,46,512000,13089000,475000,212000,14288000,14408000,15732303224388724579
1,0020.txt,133,v039,0,64,46,521000,13298000,381000,156000,14356000,14430000,15732303224388724579
1,0021.txt,159,v037,0,64,46,113000,4372000,301000,102000,4888000,4951000,14857199808408141410
1,0021.txt,159,v039,1,64,46,118000,4227000,258000,77000,4680000,4749000,14857199808408141410
1,0022.txt,139,v037,1,61,29,92000,3571000,153000,65000,3881000,3937000,4602588663863474827
1,0022.txt,139,v039,0,61,29,105000,3557000,137000,44000,3843000,3894000,4602588663863474827
1,0023.txt,139,v037,0,64,44,137000,5573000,276000,124000,6110000,6154000,9599811352505267570
1,0023.txt,139,v039,1,64,44,144000,5757000,225000,87000,6213000,6282000,9599811352505267570
1,0024.txt,180,v037,1,64,44,171000,7643000,459000,166000,8439000,8505000,11810341906000182740
1,0024.txt,180,v039,0,64,44,166000,7525000,406000,127000,8224000,8278000,11810341906000182740
1,0025.txt,177,v037,0,64,59,100000,3257000,258000,118000,3733000,3775000,6261825659435201105
1,0025.txt,177,v039,1,64,59,94000,3460000,233000,93000,3880000,3937000,6261825659435201105
1,0026.txt,256,v037,1,64,43,216000,7194000,432000,164000,8006000,8053000,2537868518424950437
1,0026.txt,256,v039,0,64,43,212000,7095000,395000,135000,7837000,7894000,2537868518424950437
1,0027.txt,113,v037,0,64,31,303000,6012000,315000,146000,6776000,6816000,992099488926560280
1,0027.txt,113,v039,1,64,31,316000,6187000,242000,89000,6834000,6885000,992099488926560280
1,0028.txt,234,v037,1,64,34,628000,12342000,632000,272000,13874000,13924000,9654207709147907553
1,0028.txt,234,v039,0,64,34,592000,12751000,576000,221000,14140000,14184000,9654207709147907553
1,0029.txt,273,v037,0,64,34,852000,18751000,566000,285000,20454000,20498000,1096036353319749662
1,0029.txt,273,v039,1,64,34,849000,18918000,509000,235000,20511000,20567000,1096036353319749662
1,0030.txt,248,v037,1,64,46,1263000,19403000,1544000,623000,22833000,22900000,11342904610067110408
1,0030.txt,248,v039,0,64,46,1196000,20090000,1490000,519000,23295000,23347000,11342904610067110408
1,0031.txt,153,v037,0,64,49,232000,11520000,467000,205000,12424000,12498000,6007647649652556023
1,0031.txt,153,v039,1,64,49,233000,10939000,360000,131000,11663000,11721000,6007647649652556023
1,0032.txt,210,v037,1,64,33,300000,8719000,347000,148000,9514000,9566000,9084787551598269598
1,0032.txt,210,v039,0,64,33,308000,8587000,296000,119000,9310000,9359000,9084787551598269598
1,0033.txt,144,v037,0,64,53,401000,13281000,509000,263000,14454000,14498000,18402673813617418454
1,0033.txt,144,v039,1,64,53,410000,13054000,362000,163000,13989000,14028000,18402673813617418454
1,0034.txt,285,v037,1,64,49,1200000,30157000,1625000,641000,33623000,33743000,13893849988178559116
1,0034.txt,285,v039,0,64,49,1177000,29626000,1508000,566000,32877000,32943000,13893849988178559116
1,0035.txt,106,v037,0,50,39,73000,2812000,193000,76000,3154000,3200000,18196665082858622388
1,0035.txt,106,v039,1,50,39,65000,2823000,179000,49000,3116000,3173000,18196665082858622388
1,0036.txt,186,v037,1,64,43,762000,14765000,574000,299000,16400000,16486000,6054771205011882605
1,0036.txt,186,v039,0,64,43,748000,14144000,426000,225000,15543000,15593000,6054771205011882605
1,0037.txt,276,v037,0,64,38,606000,15735000,706000,296000,17343000,17388000,14320703372907778113
1,0037.txt,276,v039,1,64,38,603000,15864000,661000,262000,17390000,17441000,14320703372907778113
1,0038.txt,169,v037,1,64,49,255000,7627000,463000,202000,8547000,8598000,16477880667340014543
1,0038.txt,169,v039,0,64,49,251000,7717000,371000,158000,8497000,8551000,16477880667340014543
1,0039.txt,252,v037,0,64,33,170000,6477000,279000,123000,7049000,7085000,8596729622775183895
1,0039.txt,252,v039,1,64,33,162000,6491000,263000,118000,7034000,7064000,8596729622775183895
1,0040.txt,195,v037,1,64,43,157000,8499000,555000,185000,9396000,9443000,9647300805240532863
1,0040.txt,195,v039,0,64,43,149000,8332000,525000,165000,9171000,9225000,9647300805240532863
1,0041.txt,141,v037,0,64,56,224000,7107000,363000,166000,7860000,7924000,2875823228312151856
1,0041.txt,141,v039,1,64,56,227000,7818000,313000,124000,8482000,8541000,2875823228312151856
1,0042.txt,350,v037,1,64,38,1263000,34195000,1296000,511000,37265000,49203000,9446476769204508749
1,0042.txt,350,v039,0,64,38,1138000,29243000,1067000,406000,31854000,31982000,9446476769204508749
1,0043.txt,152,v037,0,64,27,285000,7758000,389000,152000,8584000,8654000,17527275560155488543
1,0043.txt,152,v039,1,64,27,282000,8112000,342000,117000,8853000,8967000,17527275560155488543
1,0044.txt,189,v037,1,64,42,457000,12847000,522000,250000,14076000,14126000,13432076075233457927
1,0044.txt,189,v039,0,64,42,466000,12916000,450000,182000,14014000,14100000,13432076075233457927
1,0045.txt,182,v037,0,64,42,637000,9134000,543000,254000,10568000,10617000,13925168697874379332
1,0045.txt,182,v039,1,64,42,698000,9646000,454000,190000,10988000,11068000,13925168697874379332
1,0046.txt,119,v037,1,64,43,397000,10586000,442000,213000,11638000,11685000,16455291584090454889
1,0046.txt,119,v039,0,64,43,435000,10597000,321000,137000,11490000,11579000,16455291584090454889
1,0047.txt,234,v037,0,64,41,1136000,28665000,1000000,421000,31222000,31293000,8902589508426158474
1,0047.txt,234,v039,1,64,41,1124000,29300000,908000,348000,31680000,31758000,8902589508426158474
1,0048.txt,171,v037,1,64,53,909000,16925000,729000,373000,18936000,19000000,13748459396770593290
1,0048.txt,171,v039,0,64,53,922000,17387000,619000,269000,19197000,19260000,13748459396770593290
1,0049.txt,177,v037,0,64,37,698000,13587000,415000,216000,14916000,14957000,12858603617946795229
1,0049.txt,177,v039,1,64,37,720000,13853000,337000,162000,15072000,15118000,12858603617946795229
1,0050.txt,114,v037,1,64,40,251000,7070000,412000,180000,7913000,7974000,1490710021843272140
1,0050.txt,114,v039,0,64,40,254000,7078000,312000,112000,7756000,7798000,1490710021843272140
1,0051.txt,156,v037,0,64,50,246000,7543000,426000,188000,8403000,8440000,15500888367141373926
1,0051.txt,156,v039,1,64,50,260000,7531000,344000,121000,8256000,8312000,15500888367141373926
1,0052.txt,224,v037,1,64,53,436000,13840000,740000,323000,15339000,15416000,11226816286193969336
1,0052.txt,224,v039,0,64,53,435000,13882000,642000,250000,15209000,15276000,11226816286193969336
1,0053.txt,162,v037,0,64,50,234000,7140000,427000,196000,7997000,8057000,2732817203263270877
1,0053.txt,162,v039,1,64,50,255000,7234000,350000,157000,7996000,8051000,2732817203263270877
1,0054.txt,235,v037,1,64,40,715000,19392000,831000,368000,21306000,21361000,1009219533470316193
1,0054.txt,235,v039,0,64,40,738000,19087000,741000,310000,20876000,20923000,1009219533470316193
1,0055.txt,286,v037,0,64,32,1279000,23183000,657000,297000,25416000,25478000,3902613188640275459
1,0055.txt,286,v039,1,64,32,1247000,23256000,616000,271000,25390000,25444000,3902613188640275459
1,0056.txt,193,v037,1,64,45,463000,14953000,643000,283000,16342000,16392000,2331779951152035572
1,0056.txt,193,v039,0,64,45,469000,14947000,524000,216000,16156000,16205000,2331779951152035572
1,0057.txt,239,v037,0,64,49,833000,16682000,853000,395000,18763000,18836000,7491407054787931024
1,0057.txt,239,v039,1,64,49,829000,16830000,743000,329000,18731000,18796000,7491407054787931024
1,0058.txt,225,v037,1,64,33,620000,15341000,654000,299000,16914000,16952000,11952614316999750590
1,0058.txt,225,v039,0,64,33,611000,15560000,586000,244000,17001000,17044000,11952614316999750590
1,0059.txt,179,v037,0,64,47,116000,4193000,238000,118000,4665000,4706000,8871835986499999321
1,0059.txt,179,v039,1,64,47,100000,4257000,202000,84000,4643000,4704000,8871835986499999321
1,0060.txt,197,v037,1,64,37,223000,10051000,430000,179000,10883000,10935000,9298856456427297427
1,0060.txt,197,v039,0,64,37,232000,10179000,402000,143000,10956000,11018000,9298856456427297427
1,0061.txt,171,v037,0,64,47,699000,17623000,922000,430000,19674000,19722000,5511887438634260458
1,0061.txt,171,v039,1,64,47,688000,17661000,764000,341000,19454000,19508000,5511887438634260458
1,0062.txt,197,v037,1,64,38,496000,13294000,441000,208000,14439000,14499000,8510537815358677246
1,0062.txt,197,v039,0,64,38,482000,13262000,368000,174000,14286000,14336000,8510537815358677246
1,0063.txt,228,v037,0,64,47,549000,21687000,845000,371000,23452000,23515000,17066319291871949238
1,0063.txt,228,v039,1,64,47,550000,21214000,746000,313000,22823000,22872000,17066319291871949238
1,0064.txt,203,v037,1,64,44,409000,6635000,591000,266000,7901000,7952000,1711074768236526699
1,0064.txt,203,v039,0,64,44,401000,6826000,542000,216000,7985000,8039000,1711074768236526699
1,0065.txt,185,v037,0,64,36,179000,6531000,367000,137000,7214000,7262000,13885096275034669449
1,0065.txt,185,v039,1,64,36,175000,6588000,337000,117000,7217000,7257000,13885096275034669449
1,0066.txt,205,v037,1,64,29,923000,22889000,960000,376000,25148000,25216000,14663515985698048981
1,0066.txt,205,v039,0,64,29,926000,22498000,864000,338000,24626000,24669000,14663515985698048981
1,0067.txt,179,v037,0,64,37,334000,10998000,548000,227000,12107000,12161000,10501404806522338864
1,0067.txt,179,v039,1,64,37,323000,11191000,512000,184000,12210000,12270000,10501404806522338864
1,0068.txt,324,v037,1,64,40,1926000,26499000,1181000,521000,30127000,30170000,11033198942462540042
1,0068.txt,324,v039,0,64,40,2040000,27497000,1169000,486000,31192000,31277000,11033198942462540042
1,0069.txt,111,v037,0,64,58,246000,8037000,521000,246000,9050000,9099000,18228917370979637075
1,0069.txt,111,v039,1,64,58,239000,8246000,402000,162000,9049000,9109000,18228917370979637075
1,0070.txt,311,v037,1,64,39,1232000,41887000,1170000,513000,44802000,44872000,7760783960480657877
1,0070.txt,311,v039,0,64,39,1205000,42348000,1124000,471000,45148000,45198000,7760783960480657877
1,0071.txt,283,v037,0,64,52,1233000,37087000,1537000,671000,40528000,40603000,14717286817887090387
1,0071.txt,283,v039,1,64,52,1232000,37203000,1450000,613000,40498000,40552000,14717286817887090387
1,0072.txt,180,v037,1,64,53,132000,7587000,398000,158000,8275000,8325000,9156718833335573972
1,0072.txt,180,v039,0,64,53,133000,7264000,334000,106000,7837000,7893000,9156718833335573972
1,0073.txt,159,v037,0,64,36,789000,13823000,543000,260000,15415000,15498000,10020794304164394421
1,0073.txt,159,v039,1,64,36,782000,13799000,416000,191000,15188000,15234000,10020794304164394421
1,0074.txt,106,v037,1,64,47,221000,6188000,315000,148000,6872000,6913000,6564108582455721402
1,0074.txt,106,v039,0,64,47,220000,6480000,229000,89000,7018000,7062000,6564108582455721402
1,0075.txt,272,v037,0,64,47,996000,26895000,1386000,509000,29786000,29854000,3667807994811378177
1,0075.txt,272,v039,1,64,47,1011000,26740000,1276000,441000,29468000,29526000,3667807994811378177
1,0076.txt,187,v037,1,64,50,749000,19270000,932000,406000,21357000,21415000,607827384149352780
1,0076.txt,187,v039,0,64,50,732000,19121000,796000,312000,20961000,21014000,607827384149352780
1,0077.txt,108,v037,0,64,55,170000,6326000,324000,166000,6986000,7037000,4760843873522390477
1,0077.txt,108,v039,1,64,55,163000,6327000,257000,101000,6848000,6885000,4760843873522390477
1,0078.txt,218,v037,1,64,43,680000,16489000,852000,370000,18391000,18430000,15162034028776984913
1,0078.txt,218,v039,0,64,43,694000,16367000,741000,319000,18121000,18176000,15162034028776984913
1,0079.txt,140,v037,0,64,44,91000,4553000,256000,100000,5000000,5050000,7767422573583641398
1,0079.txt,140,v039,1,64,44,90000,4502000,205000,92000,4889000,4935000,7767422573583641398
1,0080.txt,167,v037,1,64,39,533000,15496000,572000,232000,16833000,16886000,3694398191314650395
1,0080.txt,167,v039,0,64,39,505000,15581000,467000,164000,16717000,16763000,3694398191314650395
1,0081.txt,251,v037,0,64,30,1628000,26839000,745000,338000,29550000,29605000,10307198627591057750
1,0081.txt,251,v039,1,64,30,1647000,26955000,710000,290000,29602000,29655000,10307198627591057750
1,0082.txt,223,v037,1,64,50,1127000,26115000,1178000,508000,28928000,28994000,11468284554293480445
1,0082.txt,223,v039,0,64,50,1082000,26292000,1031000,415000,28820000,28877000,11468284554293480445
1,0083.txt,130,v037,0,64,45,404000,10491000,508000,267000,11670000,11718000,5520147818777481445
1,0083.txt,130,v039,1,64,45,409000,10108000,372000,154000,11043000,11086000,5520147818777481445
1,0084.txt,202,v037,1,64,34,1176000,21603000,742000,331000,23852000,23896000,4765555241581982186
1,0084.txt,202,v039,0,64,34,1180000,21798000,634000,259000,23871000,23933000,4765555241581982186
1,0085.txt,246,v037,0,64,52,389000,9416000,710000,307000,10822000,10885000,6253894563584051370
1,0085.txt,246,v039,1,64,52,381000,9807000,665000,287000,11140000,11182000,6253894563584051370
1,0086.txt,96,v037,1,64,41,135000,4250000,296000,123000,4804000,4853000,6253708357576751080
1,0086.txt,96,v039,0,64,41,134000,4222000,235000,78000,4669000,4704000,6253708357576751080
1,0087.txt,212,v037,0,64,56,253000,7887000,474000,205000,8819000,8871000,2267516571599968483
1,0087.txt,212,v039,1,64,56,247000,8155000,411000,177000,8990000,9046000,2267516571599968483
1,0088.txt,199,v037,1,64,51,386000,9398000,543000,239000,10566000,10621000,4018653164877230745
1,0088.txt,199,v039,0,64,51,376000,9345000,483000,191000,10395000,10456000,4018653164877230745
1,0089.txt,290,v037,0,64,39,1181000,37059000,1031000,438000,39709000,39809000,5178693520973726526
1,0089.txt,290,v039,1,64,39,1203000,37362000,947000,404000,39916000,39985000,5178693520973726526
1,0090.txt,207,v037,1,64,36,238000,7774000,452000,165000,8629000,8687000,11503870768449510594
1,0090.txt,207,v039,0,64,36,218000,7993000,421000,134000,8766000,8812000,11503870768449510594
1,0091.txt,127,v037,0,64,49,243000,5419000,333000,162000,6157000,6210000,13956277462663092824
1,0091.txt,127,v039,1,64,49,240000,5434000,249000,111000,6034000,6088000,13956277462663092824
1,0092.txt,300,v037,1,64,41,2242000,45919000,1958000,713000,50832000,51026000,2990358978709707612
1,0092.txt,300,v039,0,64,41,2237000,46076000,1929000,648000,50890000,51035000,2990358978709707612
1,0093.txt,101,v037,0,63,60,125000,4947000,395000,153000,5620000,5677000,7317895666691169533
1,0093.txt,101,v039,1,63,60,111000,4991000,346000,95000,5543000,5611000,7317895666691169533
1,0094.txt,259,v037,1,64,59,276000,7695000,519000,223000,8713000,8770000,8722550326702681724
1,0094.txt,259,v039,0,64,59,243000,7729000,467000,216000,8655000,8695000,8722550326702681724
1,0095.txt,180,v037,0,64,40,859000,18994000,677000,312000,20842000,20892000,2613637707041613388
1,0095.txt,180,v039,1,64,40,853000,19026000,576000,230000,20685000,20737000,2613637707041613388
1,0096.txt,139,v037,1,64,62,184000,6318000,351000,180000,7033000,7083000,7243984548746592669
1,0096.txt,139,v039,0,64,62,200000,6379000,273000,107000,6959000,7018000,7243984548746592669
1,0097.txt,281,v037,0,64,33,1265000,33694000,1646000,560000,37165000,37228000,15851679272005930236
1,0097.txt,281,v039,1,64,33,1318000,33743000,1582000,495000,37138000,37205000,15851679272005930236
1,0098.txt,152,v037,1,64,55,264000,7182000,567000,222000,8235000,8296000,3240956309058950609
1,0098.txt,152,v039,0,64,55,263000,7334000,486000,141000,8224000,8273000,3240956309058950609
1,0099.txt,244,v037,0,64,55,491000,14435000,754000,330000,16010000,16059000,10166858261604005323
1,0099.txt,244,v039,1,64,55,484000,14439000,686000,253000,15862000,15929000,10166858261604005323
2,0000.txt,104,v037,0,37,37,83000,1353000,142000,53000,1631000,1765000,4794182781335350609
2,0000.txt,104,v039,1,37,37,79000,1109000,112000,28000,1328000,1366000,4794182781335350609
2,0001.txt,152,v037,1,64,49,166000,7245000,414000,156000,7981000,8050000,16689947731493314520
2,0001.txt,152,v039,0,64,49,154000,7182000,345000,111000,7792000,7859000,16689947731493314520
2,0002.txt,150,v037,0,64,62,235000,7838000,529000,219000,8821000,8876000,18342383646653386177
2,0002.txt,150,v039,1,64,62,226000,8339000,429000,173000,9167000,9265000,18342383646653386177
2,0003.txt,284,v037,1,64,37,208000,8383000,384000,143000,9118000,9175000,17033325069789893077
2,0003.txt,284,v039,0,64,37,204000,8770000,370000,134000,9478000,9535000,17033325069789893077
2,0004.txt,216,v037,0,64,37,757000,20528000,680000,311000,22276000,22330000,12280955030868151236
2,0004.txt,216,v039,1,64,37,776000,20568000,590000,260000,22194000,22249000,12280955030868151236
2,0005.txt,197,v037,1,64,31,1511000,42506000,1729000,570000,46316000,46383000,2819693884635199599
2,0005.txt,197,v039,0,64,31,1505000,41130000,1592000,428000,44655000,44713000,2819693884635199599
2,0006.txt,104,v037,0,64,43,291000,6563000,327000,164000,7345000,7402000,8204216429624422745
2,0006.txt,104,v039,1,64,43,274000,6649000,244000,99000,7266000,7310000,8204216429624422745
2,0007.txt,121,v037,1,64,52,253000,7563000,400000,204000,8420000,8475000,9925070849913877582
2,0007.txt,121,v039,0,64,52,265000,7404000,309000,124000,8102000,8158000,9925070849913877582
2,0008.txt,123,v037,0,64,48,256000,8022000,410000,191000,8879000,8913000,10388448316979510227
2,0008.txt,123,v039,1,64,48,260000,8234000,309000,132000,8935000,9005000,10388448316979510227
2,0009.txt,185,v037,1,64,58,118000,7141000,381000,170000,7810000,7862000,10071443029830521817
2,0009.txt,185,v039,0,64,58,121000,6641000,308000,129000,7199000,7258000,10071443029830521817
2,0010.txt,97,v037,0,64,47,121000,3463000,249000,118000,3951000,3991000,4237720024431108278
2,0010.txt,97,v039,1,64,47,123000,3583000,193000,71000,3970000,4007000,4237720024431108278
2,0011.txt,175,v037,1,64,46,416000,11013000,458000,232000,12119000,12163000,7707425770696244922
2,0011.txt,175,v039,0,64,46,417000,11113000,352000,162000,12044000,12101000,7707425770696244922
2,0012.txt,134,v037,0,64,42,248000,9144000,349000,166000,9907000,9953000,9328939437866477492
2,0012.txt,134,v039,1,64,42,261000,9095000,277000,133000,9766000,9817000,9328939437866477492
2,0013.txt,196,v037,1,64,44,325000,10213000,572000,257000,11367000,11419000,12038425132166973434
2,0013.txt,196,v039,0,64,44,325000,10240000,499000,208000,11272000,11325000,12038425132166973434
2,0014.txt,273,v037,0,64,36,1559000,35079000,975000,435000,38048000,38118000,3550099605336564682
2,0014.txt,273,v039,1,64,36,1558000,35299000,890000,389000,38136000,38213000,3550099605336564682
2,0015.txt,286,v037,1,64,36,2051000,57067000,1757000,650000,61525000,61578000,15606292226025197893
2,0015.txt,286,v039,0,64,36,2035000,57268000,1655000,591000,61549000,61620000,15606292226025197893
2,0016.txt,171,v037,0,64,41,294000,9691000,356000,170000,10511000,10567000,826487946221395757
2,0016.txt,171,v039,1,64,41,323000,9846000,314000,124000,10607000,10658000,826487946221395757
2,0017.txt,171,v037,1,64,52,857000,16186000,699000,351000,18093000,18154000,16242368077467193209
2,0017.txt,171,v039,0,64,52,874000,16239000,578000,245000,17936000,18011000,16242368077467193209
2,0018.txt,103,v037,0,64,46,108000,4496000,235000,118000,4957000,5000000,2250121111983633500
2,0018.txt,103,v039,1,64,46,104000,4501000,187000,67000,4859000,4913000,2250121111983633500
2,0019.txt,368,v037,1,64,34,3682000,84794000,1623000,705000,90804000,90912000,7417386263358031830
2,0019.txt,368,v039,0,64,34,3656000,85271000,1633000,722000,91282000,91360000,7417386263358031830
2,0020.txt,133,v037,0,64,46,491000,12486000,466000,218000,13661000,13707000,15732303224388724579
2,0020.txt,133,v039,1,64,46,482000,12557000,349000,144000,13532000,13582000,15732303224388724579
2,0021.txt,159,v037,1,64,46,102000,4247000,295000,97000,4741000,4804000,14857199808408141410
2,0021.txt,159,v039,0,64,46,104000,4075000,239000,76000,4494000,4525000,14857199808408141410
2,0022.txt,139,v037,0,61,29,88000,3547000,152000,65000,3852000,3889000,4602588663863474827
2,0022.txt,139,v039,1,61,29,86000,3574000,133000,45000,3838000,3883000,4602588663863474827
2,0023.txt,139,v037,1,64,44,132000,5545000,265000,123000,6065000,6111000,9599811352505267570
2,0023.txt,139,v039,0,64,44,130000,5862000,233000,94000,6319000,6350000,9599811352505267570
2,0024.txt,180,v037,0,64,44,173000,7542000,475000,168000,8358000,8415000,11810341906000182740
2,0024.txt,180,v039,1,64,44,166000,7266000,404000,125000,7961000,8014000,11810341906000182740
2,0025.txt,177,v037,1,64,59,90000,3248000,272000,111000,3721000,3775000,6261825659435201105
2,0025.txt,177,v039,0,64,59,90000,3210000,224000,89000,3613000,3662000,6261825659435201105
2,0026.txt,256,v037,0,64,43,216000,7087000,424000,162000,7889000,7926000,2537868518424950437
2,0026.txt,256,v039,1,64,43,213000,7379000,394000,150000,8136000,8185000,2537868518424950437
2,0027.txt,113,v037,1,64,31,298000,5910000,313000,153000,6674000,6712000,992099488926560280
2,0027.txt,113,v039,0,64,31,306000,5887000,226000,88000,6507000,6561000,992099488926560280
2,0028.txt,234,v037,0,64,34,582000,12526000,619000,272000,13999000,14042000,9654207709147907553
2,0028.txt,234,v039,1,64,34,572000,12412000,569000,249000,13802000,13843000,9654207709147907553
2,0029.txt,273,v037,1,64,34,863000,18421000,562000,288000,20134000,20177000,1096036353319749662
2,0029.txt,273,v039,0,64,34,843000,18935000,507000,238000,20523000,20585000,1096036353319749662
2,0030.txt,248,v037,0,64,46,1185000,19282000,1526000,625000,22618000,22666000,11342904610067110408
2,0030.txt,248,v039,1,64,46,1165000,20318000,1458000,515000,23456000,23528000,11342904610067110408
2,0031.txt,153,v037,1,64,49,233000,11048000,457000,194000,11932000,11976000,6007647649652556023
2,0031.txt,153,v039,0,64,49,228000,11225000,367000,137000,11957000,12010000,6007647649652556023
2,0032.txt,210,v037,0,64,33,297000,8550000,337000,152000,9336000,9397000,9084787551598269598
2,0032.txt,210,v039,1,64,33,286000,8765000,300000,128000,9479000,9525000,9084787551598269598
2,0033.txt,144,v037,1,64,53,403000,12909000,506000,248000,14066000,14116000,18402673813617418454
2,0033.txt,144,v039,0,64,53,406000,13077000,373000,153000,14009000,14071000,18402673813617418454
2,0034.txt,285,v037,0,64,49,1226000,29573000,1603000,636000,33038000,33085000,13893849988178559116
2,0034.txt,285,v039,1,64,49,1224000,29434000,1497000,570000,32725000,32771000,13893849988178559116
2,0035.txt,106,v037,1,50,39,65000,2768000,209000,82000,3124000,3162000,18196665082858622388
2,0035.txt,106,v039,0,50,39,71000,2785000,172000,58000,3086000,3110000,18196665082858622388
2,0036.txt,186,v037,0,64,43,751000,14182000,561000,286000,15780000,15833000,6054771205011882605
2,0036.txt,186,v039,1,64,43,715000,14041000,438000,215000,15409000,15457000,6054771205011882605
2,0037.txt,276,v037,1,64,38,576000,15695000,739000,297000,17307000,17362000,14320703372907778113
2,0037.txt,276,v039,0,64,38,588000,15953000,658000,275000,17474000,17528000,14320703372907778113
2,0038.txt,169,v037,0,64,49,260000,7795000,454000,204000,8713000,8753000,16477880667340014543
2,0038.txt,169,v039,1,64,49,249000,7643000,385000,152000,8429000,8472000,16477880667340014543
2,0039.txt,252,v037,1,64,33,174000,6597000,284000,120000,7175000,7221000,8596729622775183895
2,0039.txt,252,v039,0,64,33,164000,6596000,262000,108000,7130000,7170000,8596729622775183895
2,0040.txt,195,v037,0,64,43,147000,8928000,584000,198000,9857000,9951000,9647300805240532863
2,0040.txt,195,v039,1,64,43,166000,8373000,537000,158000,9234000,9288000,9647300805240532863
2,0041.txt,141,v037,1,64,56,229000,7347000,363000,173000,8112000,8167000,2875823228312151856
2,0041.txt,141,v039,0,64,56,245000,7180000,282000,111000,7818000,7864000,2875823228312151856
2,0042.txt,350,v037,0,64,38,1146000,27895000,1026000,394000,30461000,30519000,9446476769204508749
2,0042.txt,350,v039,1,64,38,1166000,28214000,1020000,389000,30789000,30863000,9446476769204508749
2,0043.txt,152,v037,1,64,27,266000,7465000,361000,142000,8234000,8276000,17527275560155488543
2,0043.txt,152,v039,0,64,27,288000,7639000,305000,97000,8329000,8386000,17527275560155488543
2,0044.txt,189,v037,0,64,42,444000,12371000,497000,234000,13546000,13589000,13432076075233457927
2,0044.txt,189,v039,1,64,42,439000,12452000,429000,181000,13501000,13543000,13432076075233457927
2,0045.txt,182,v037,1,64,42,642000,9178000,537000,255000,10612000,10651000,13925168697874379332
2,0045.txt,182,v039,0,64,42,642000,9428000,434000,185000,10689000,10748000,13925168697874379332
2,0046.txt,119,v037,0,64,43,392000,10260000,420000,216000,11288000,11329000,16455291584090454889
2,0046.txt,119,v039,1,64,43,428000,10671000,313000,137000,11549000,11611000,16455291584090454889
2,0047.txt,234,v037,1,64,41,1141000,28957000,1023000,449000,31570000,31624000,8902589508426158474
2,0047.txt,234,v039,0,64,41,1139000,29121000,899000,357000,31516000,31577000,8902589508426158474
2,0048.txt,171,v037,0,64,53,920000,17147000,742000,366000,19175000,19258000,13748459396770593290
2,0048.txt,171,v039,1,64,53,902000,17189000,609000,257000,18957000,19013000,13748459396770593290
2,0049.txt,177,v037,1,64,37,707000,13591000,425000,220000,14943000,14997000,12858603617946795229
2,0049.txt,177,v039,0,64,37,732000,13511000,332000,152000,14727000,14777000,12858603617946795229
2,0050.txt,114,v037,0,64,40,256000,6950000,409000,183000,7798000,7850000,1490710021843272140
2,0050.txt,114,v039,1,64,40,249000,6888000,314000,118000,7569000,7608000,1490710021843272140
2,0051.txt,156,v037,1,64,50,253000,7525000,420000,200000,8398000,8460000,15500888367141373926
2,0051.txt,156,v039,0,64,50,248000,7662000,351000,124000,8385000,8440000,15500888367141373926
2,0052.txt,224,v037,0,64,53,441000,13915000,754000,322000,15432000,15493000,11226816286193969336
2,0052.txt,224,v039,1,64,53,469000,13948000,651000,249000,15317000,15370000,11226816286193969336
2,0053.txt,162,v037,1,64,50,246000,7139000,425000,204000,8014000,8070000,2732817203263270877
2,0053.txt,162,v039,0,64,50,242000,7392000,360000,138000,8132000,8187000,2732817203263270877
2,0054.txt,235,v037,0,64,40,787000,19359000,823000,376000,21345000,21403000,1009219533470316193
2,0054.txt,235,v039,1,64,40,727000,19051000,754000,306000,20838000,20875000,1009219533470316193
2,0055.txt,286,v037,1,64,32,1232000,23323000,657000,296000,25508000,25586000,3902613188640275459
2,0055.txt,286,v039,0,64,32,1210000,23433000,635000,273000,25551000,25611000,3902613188640275459
2,0056.txt,193,v037,0,64,45,465000,15206000,636000,289000,16596000,16650000,2331779951152035572
2,0056.txt,193,v039,1,64,45,497000,15019000,534000,239000,16289000,16332000,2331779951152035572
2,0057.txt,239,v037,1,64,49,852000,16888000,855000,402000,18997000,19054000,7491407054787931024
2,0057.txt,239,v039,0,64,49,843000,16801000,750000,350000,18744000,18797000,7491407054787931024
2,0058.txt,225,v037,0,64,33,611000,15671000,673000,301000,17256000,17302000,11952614316999750590
2,0058.txt,225,v039,1,64,33,612000,15530000,603000,253000,16998000,17050000,11952614316999750590
2,0059.txt,179,v037,1,64,47,105000,4548000,246000,112000,5011000,5065000,8871835986499999321
2,0059.txt,179,v039,0,64,47,103000,4259000,209000,80000,4651000,4701000,8871835986499999321
2,0060.txt,197,v037,0,64,37,221000,9916000,426000,174000,10737000,10767000,9298856456427297427
2,0060.txt,197,v039,1,64,37,217000,9998000,394000,155000,10764000,10822000,9298856456427297427
2,0061.txt,171,v037,1,64,47,682000,17763000,932000,425000,19802000,19854000,5511887438634260458
2,0061.txt,171,v039,0,64,47,714000,17886000,780000,318000,19698000,19747000,5511887438634260458
2,0062.txt,197,v037,0,64,38,485000,13450000,449000,204000,14588000,14637000,8510537815358677246
2,0062.txt,197,v039,1,64,38,497000,13486000,380000,160000,14523000,14582000,8510537815358677246
2,0063.txt,228,v037,1,64,47,546000,21648000,852000,360000,23406000,23470000,17066319291871949238
2,0063.txt,228,v039,0,64,47,544000,21422000,749000,292000,23007000,23063000,17066319291871949238
2,0064.txt,203,v037,0,64,44,409000,6607000,603000,268000,7887000,7941000,1711074768236526699
2,0064.txt,203,v039,1,64,44,411000,6793000,518000,217000,7939000,7986000,1711074768236526699
2,0065.txt,185,v037,1,64,36,183000,6572000,372000,150000,7277000,7321000,13885096275034669449
2,0065.txt,185,v039,0,64,36,180000,6698000,345000,121000,7344000,7409000,13885096275034669449
2,0066.txt,205,v037,0,64,29,958000,23150000,1012000,374000,25494000,25550000,14663515985698048981
2,0066.txt,205,v039,1,64,29,947000,23174000,911000,303000,25335000,25398000,14663515985698048981
2,0067.txt,179,v037,1,64,37,327000,10981000,573000,226000,12107000,12171000,10501404806522338864
2,0067.txt,179,v039,0,64,37,340000,10688000,485000,158000,11671000,11725000,10501404806522338864
2,0068.txt,324,v037,0,64,40,1907000,26181000,1155000,516000,29759000,29813000,11033198942462540042
2,0068.txt,324,v039,1,64,40,1888000,26670000,1117000,491000,30166000,30224000,11033198942462540042
2,0069.txt,111,v037,1,64,58,241000,8068000,526000,241000,9076000,9132000,18228917370979637075
2,0069.txt,111,v039,0,64,58,242000,8086000,409000,138000,8875000,8917000,18228917370979637075
2,0070.txt,311,v037,0,64,39,1229000,42650000,1190000,518000,45587000,45708000,7760783960480657877
2,0070.txt,311,v039,1,64,39,1223000,42284000,1134000,480000,45121000,45189000,7760783960480657877
2,0071.txt,283,v037,1,64,52,1249000,37381000,1534000,679000,40843000,40901000,14717286817887090387
2,0071.txt,283,v039,0,64,52,1255000,37684000,1458000,607000,41004000,41063000,14717286817887090387
2,0072.txt,180,v037,0,64,53,137000,7213000,368000,155000,7873000,7934000,9156718833335573972
2,0072.txt,180,v039,1,64,53,146000,7209000,337000,128000,7820000,7867000,9156718833335573972
2,0073.txt,159,v037,1,64,36,774000,13528000,535000,259000,15096000,15151000,10020794304164394421
2,0073.txt,159,v039,0,64,36,773000,13505000,408000,211000,14897000,14968000,10020794304164394421
2,0074.txt,106,v037,0,64,47,223000,6252000,304000,150000,6929000,7001000,6564108582455721402
2,0074.txt,106,v039,1,64,47,223000,6528000,232000,94000,7077000,7125000,6564108582455721402
2,0075.txt,272,v037,1,64,47,1027000,26586000,1383000,513000,29509000,29588000,3667807994811378177
2,0075.txt,272,v039,0,64,47,994000,26638000,1286000,446000,29364000,29432000,3667807994811378177
2,0076.txt,187,v037,0,64,50,746000,19052000,908000,408000,21114000,21177000,607827384149352780
2,0076.txt,187,v039,1,64,50,737000,19089000,791000,319000,20936000,21013000,607827384149352780
2,0077.txt,108,v037,1,64,55,166000,6365000,331000,157000,7019000,7080000,4760843873522390477
2,0077.txt,108,v039,0,64,55,175000,6379000,252000,100000,6906000,6957000,4760843873522390477
2,0078.txt,218,v037,0,64,43,701000,16284000,848000,359000,18192000,18254000,15162034028776984913
2,0078.txt,218,v039,1,64,43,705000,16569000,764000,298000,18336000,18380000,15162034028776984913
2,0079.txt,140,v037,1,64,44,96000,4651000,251000,103000,5101000,5150000,7767422573583641398
2,0079.txt,140,v039,0,64,44,87000,4595000,211000,77000,4970000,5047000,7767422573583641398
2,0080.txt,167,v037,0,64,39,558000,15844000,575000,233000,17210000,17275000,3694398191314650395
2,0080.txt,167,v039,1,64,39,529000,15680000,466000,168000,16843000,16901000,3694398191314650395
2,0081.txt,251,v037,1,64,30,1670000,27122000,767000,343000,29902000,29946000,10307198627591057750
2,0081.txt,251,v039,0,64,30,1606000,27904000,715000,293000,30518000,30608000,10307198627591057750
2,0082.txt,223,v037,0,64,50,1090000,26171000,1179000,513000,28953000,29024000,11468284554293480445
2,0082.txt,223,v039,1,64,50,1083000,26246000,1022000,419000,28770000,28839000,11468284554293480445
2,0083.txt,130,v037,1,64,45,417000,10010000,503000,235000,11165000,11207000,5520147818777481445
2,0083.txt,130,v039,0,64,45,405000,10188000,372000,162000,11127000,11191000,5520147818777481445
2,0084.txt,202,v037,0,64,34,1190000,22043000,742000,326000,24301000,24348000,4765555241581982186
2,0084.txt,202,v039,1,64,34,1173000,22001000,626000,263000,24063000,24125000,4765555241581982186
2,0085.txt,246,v037,1,64,52,392000,9527000,716000,334000,10969000,11015000,6253894563584051370
2,0085.txt,246,v039,0,64,52,395000,9683000,662000,284000,11024000,11073000,6253894563584051370
2,0086.txt,96,v037,0,64,41,132000,4259000,295000,128000,4814000,4854000,6253708357576751080
2,0086.txt,96,v039,1,64,41,133000,4275000,250000,72000,4730000,4774000,6253708357576751080
2,0087.txt,212,v037,1,64,56,264000,7907000,474000,212000,8857000,8919000,2267516571599968483
2,0087.txt,212,v039,0,64,56,255000,8216000,436000,182000,9089000,9140000,2267516571599968483
2,0088.txt,199,v037,0,64,51,372000,9248000,536000,246000,10402000,10461000,4018653164877230745
2,0088.txt,199,v039,1,64,51,370000,9259000,441000,208000,10278000,10328000,4018653164877230745
2,0089.txt,290,v037,1,64,39,1164000,37278000,1027000,448000,39917000,39979000,5178693520973726526
2,0089.txt,290,v039,0,64,39,1155000,37652000,974000,441000,40222000,40309000,5178693520973726526
2,0090.txt,207,v037,0,64,36,245000,7802000,453000,173000,8673000,8713000,11503870768449510594
2,0090.txt,207,v039,1,64,36,223000,8111000,425000,150000,8909000,8959000,11503870768449510594
2,0091.txt,127,v037,1,64,49,241000,5446000,333000,160000,6180000,6230000,13956277462663092824
2,0091.txt,127,v039,0,64,49,242000,5453000,252000,101000,6048000,6099000,13956277462663092824
2,0092.txt,300,v037,0,64,41,2277000,45631000,1969000,716000,50593000,50664000,2990358978709707612
2,0092.txt,300,v039,1,64,41,2323000,46467000,1937000,652000,51379000,51459000,2990358978709707612
2,0093.txt,101,v037,1,63,60,113000,5070000,418000,158000,5759000,5810000,7317895666691169533
2,0093.txt,101,v039,0,63,60,116000,5005000,337000,91000,5549000,5592000,7317895666691169533
2,0094.txt,259,v037,0,64,59,257000,7684000,503000,224000,8668000,8717000,8722550326702681724
2,0094.txt,259,v039,1,64,59,240000,8008000,478000,208000,8934000,8990000,8722550326702681724
2,0095.txt,180,v037,1,64,40,842000,18951000,673000,321000,20787000,20831000,2613637707041613388
2,0095.txt,180,v039,0,64,40,863000,18948000,549000,231000,20591000,20644000,2613637707041613388
2,0096.txt,139,v037,0,64,62,185000,6578000,353000,179000,7295000,7345000,7243984548746592669
2,0096.txt,139,v039,1,64,62,189000,6423000,292000,115000,7019000,7069000,7243984548746592669
2,0097.txt,281,v037,1,64,33,1334000,34011000,1694000,555000,37594000,37653000,15851679272005930236
2,0097.txt,281,v039,0,64,33,1279000,34328000,1600000,493000,37700000,37768000,15851679272005930236
2,0098.txt,152,v037,0,64,55,280000,7350000,586000,226000,8442000,8491000,3240956309058950609
2,0098.txt,152,v039,1,64,55,272000,7328000,460000,156000,8216000,8265000,3240956309058950609
2,0099.txt,244,v037,1,64,55,506000,14390000,741000,325000,15962000,16022000,10166858261604005323
2,0099.txt,244,v039,0,64,55,481000,14560000,669000,278000,15988000,16041000,10166858261604005323
3,0000.txt,104,v037,1,37,37,64000,1060000,128000,60000,1312000,1335000,4794182781335350609
3,0000.txt,104,v039,0,37,37,77000,1171000,102000,30000,1380000,1428000,4794182781335350609
3,0001.txt,152,v037,0,64,49,147000,7069000,398000,157000,7771000,7831000,16689947731493314520
3,0001.txt,152,v039,1,64,49,154000,6851000,333000,116000,7454000,7507000,16689947731493314520
3,0002.txt,150,v037,1,64,62,218000,7724000,492000,219000,8653000,8709000,18342383646653386177
3,0002.txt,150,v039,0,64,62,221000,7881000,408000,150000,8660000,8706000,18342383646653386177
3,0003.txt,284,v037,0,64,37,220000,8398000,382000,143000,9143000,9196000,17033325069789893077
3,0003.txt,284,v039,1,64,37,207000,8680000,374000,143000,9404000,9447000,17033325069789893077
3,0004.txt,216,v037,1,64,37,788000,20360000,668000,312000,22128000,22175000,12280955030868151236
3,0004.txt,216,v039,0,64,37,786000,20269000,614000,247000,21916000,21968000,12280955030868151236
3,0005.txt,197,v037,0,64,31,1484000,41424000,1691000,541000,45140000,45208000,2819693884635199599
3,0005.txt,197,v039,1,64,31,1463000,41257000,1547000,441000,44708000,44753000,2819693884635199599
3,0006.txt,104,v037,1,64,43,275000,6671000,345000,166000,7457000,7509000,8204216429624422745
3,0006.txt,104,v039,0,64,43,290000,6598000,243000,88000,7219000,7278000,8204216429624422745
3,0007.txt,121,v037,0,64,52,265000,7561000,409000,199000,8434000,8494000,9925070849913877582
3,0007.txt,121,v039,1,64,52,257000,7438000,309000,136000,8140000,8199000,9925070849913877582
3,0008.txt,123,v037,1,64,48,260000,8181000,417000,200000,9058000,9097000,10388448316979510227
3,0008.txt,123,v039,0,64,48,254000,8481000,334000,130000,9199000,9355000,10388448316979510227
3,0009.txt,185,v037,0,64,58,121000,6723000,359000,152000,7355000,7413000,10071443029830521817
3,0009.txt,185,v039,1,64,58,119000,6700000,337000,120000,7276000,7328000,10071443029830521817
3,0010.txt,97,v037,1,64,47,121000,3542000,260000,111000,4034000,4100000,4237720024431108278
3,0010.txt,97,v039,0,64,47,128000,3571000,191000,74000,3964000,3997000,4237720024431108278
3,0011.txt,175,v037,0,64,46,419000,10950000,458000,225000,12052000,12106000,7707425770696244922
3,0011.txt,175,v039,1,64,46,416000,10849000,353000,162000,11780000,11822000,7707425770696244922
3,0012.txt,134,v037,1,64,42,267000,9555000,358000,168000,10348000,10431000,9328939437866477492
3,0012.txt,134,v039,0,64,42,242000,9973000,308000,124000,10647000,10727000,9328939437866477492
3,0013.txt,196,v037,0,64,44,326000,9930000,562000,239000,11057000,11098000,12038425132166973434
3,0013.txt,196,v039,1,64,44,319000,9946000,493000,213000,10971000,11021000,12038425132166973434
3,0014.txt,273,v037,1,64,36,1612000,34610000,947000,434000,37603000,37663000,3550099605336564682
3,0014.txt,273,v039,0,64,36,1607000,35380000,888000,403000,38278000,38328000,3550099605336564682
3,0015.txt,286,v037,0,64,36,2044000,57274000,1749000,644000,61711000,61801000,15606292226025197893
3,0015.txt,286,v039,1,64,36,2055000,57173000,1679000,624000,61531000,61597000,15606292226025197893
3,0016.txt,171,v037,1,64,41,296000,9918000,370000,167000,10751000,10826000,826487946221395757
3,0016.txt,171,v039,0,64,41,301000,9928000,313000,118000,10660000,10707000,826487946221395757
3,0017.txt,171,v037,0,64,52,886000,16312000,727000,341000,18266000,18333000,16242368077467193209
3,0017.txt,171,v039,1,64,52,920000,16366000,577000,243000,18106000,18153000,16242368077467193209
3,0018.txt,103,v037,1,64,46,104000,4558000,244000,115000,5021000,5065000,2250121111983633500
3,0018.txt,103,v039,0,64,46,117000,4436000,180000,77000,4810000,4844000,2250121111983633500
3,0019.txt,368,v037,0,64,34,3670000,84936000,1637000,707000,90950000,91024000,7417386263358031830
3,0019.txt,368,v039,1,64,34,3651000,85845000,1622000,705000,91823000,91939000,7417386263358031830
3,0020.txt,133,v037,1,64,46,492000,12709000,457000,221000,13879000,13933000,15732303224388724579
3,0020.txt,133,v039,0,64,46,505000,12554000,361000,148000,13568000,13614000,15732303224388724579
3,0021.txt,159,v037,0,64,46,103000,4105000,273000,107000,4588000,4637000,14857199808408141410
3,0021.txt,159,v039,1,64,46,104000,4172000,257000,78000,4611000,4657000,14857199808408141410
3,0022.txt,139,v037,1,61,29,87000,3581000,157000,68000,3893000,3933000,4602588663863474827
3,0022.txt,139,v039,0,61,29,86000,3689000,134000,43000,3952000,3994000,4602588663863474827
3,0023.txt,139,v037,0,64,44,131000,5570000,265000,125000,6091000,6144000,9599811352505267570
3,0023.txt,139,v039,1,64,44,131000,5882000,232000,85000,6330000,6380000,9599811352505267570
3,0024.txt,180,v037,1,64,44,176000,7414000,461000,163000,8214000,8261000,11810341906000182740
3,0024.txt,180,v039,0,64,44,164000,7323000,401000,118000,8006000,8062000,11810341906000182740
3,0025.txt,177,v037,0,64,59,92000,3228000,263000,121000,3704000,3752000,6261825659435201105
3,0025.txt,177,v039,1,64,59,103000,3295000,219000,73000,3690000,3762000,6261825659435201105
3,0026.txt,256,v037,1,64,43,211000,7089000,422000,163000,7885000,7947000,2537868518424950437
3,0026.txt,256,v039,0,64,43,212000,7127000,388000,144000,7871000,7934000,2537868518424950437
3,0027.txt,113,v037,0,64,31,296000,6055000,311000,144000,6806000,6851000,992099488926560280
3,0027.txt,113,v039,1,64,31,299000,5954000,224000,98000,6575000,6623000,992099488926560280
3,0028.txt,234,v037,1,64,34,594000,12688000,643000,269000,14194000,14254000,9654207709147907553
3,0028.txt,234,v039,0,64,34,580000,12697000,610000,237000,14124000,14192000,9654207709147907553
3,0029.txt,273,v037,0,64,34,850000,18865000,570000,270000,20555000,20610000,1096036353319749662
3,0029.txt,273,v039,1,64,34,884000,18884000,504000,229000,20501000,20551000,1096036353319749662
3,0030.txt,248,v037,1,64,46,1157000,19406000,1541000,617000,22721000,22781000,11342904610067110408
3,0030.txt,248,v039,0,64,46,1168000,19822000,1419000,502000,22911000,22962000,11342904610067110408
3,0031.txt,153,v037,0,64,49,225000,11364000,460000,201000,12250000,12327000,6007647649652556023
3,0031.txt,153,v039,1,64,49,246000,11491000,383000,146000,12266000,12322000,6007647649652556023
3,0032.txt,210,v037,1,64,33,285000,8492000,351000,152000,9280000,9321000,9084787551598269598
3,0032.txt,210,v039,0,64,33,303000,8738000,302000,123000,9466000,9527000,9084787551598269598
3,0033.txt,144,v037,0,64,53,397000,13128000,503000,247000,14275000,14336000,18402673813617418454
3,0033.txt,144,v039,1,64,53,398000,13308000,378000,165000,14249000,14315000,18402673813617418454
3,0034.txt,285,v037,1,64,49,1173000,35853000,1923000,755000,39704000,54362000,13893849988178559116
3,0034.txt,285,v039,0,64,49,1167000,29797000,1531000,582000,33077000,33173000,13893849988178559116
3,0035.txt,106,v037,0,50,39,72000,2775000,199000,76000,3122000,3160000,18196665082858622388
3,0035.txt,106,v039,1,50,39,67000,2775000,168000,62000,3072000,3115000,18196665082858622388
3,0036.txt,186,v037,1,64,43,728000,14196000,562000,294000,15780000,15832000,6054771205011882605
3,0036.txt,186,v039,0,64,43,722000,14131000,452000,224000,15529000,15573000,6054771205011882605
3,0037.txt,276,v037,0,64,38,597000,15444000,711000,286000,17038000,17078000,14320703372907778113
3,0037.txt,276,v039,1,64,38,588000,15973000,684000,282000,17527000,17583000,14320703372907778113
3,0038.txt,169,v037,1,64,49,277000,7736000,458000,212000,8683000,8730000,16477880667340014543
3,0038.txt,169,v039,0,64,49,253000,8081000,393000,164000,8891000,8969000,16477880667340014543
3,0039.txt,252,v037,0,64,33,166000,6519000,283000,107000,7075000,7126000,8596729622775183895
3,0039.txt,252,v039,1,64,33,166000,6494000,258000,108000,7026000,7064000,8596729622775183895
3,0040.txt,195,v037,1,64,43,155000,8703000,585000,186000,9629000,9672000,9647300805240532863
3,0040.txt,195,v039,0,64,43,145000,8445000,528000,149000,9267000,9318000,9647300805240532863
3,0041.txt,141,v037,0,64,56,240000,7291000,372000,165000,8068000,8135000,2875823228312151856
3,0041.txt,141,v039,1,64,56,230000,7132000,284000,105000,7751000,7805000,2875823228312151856
3,0042.txt,350,v037,1,64,38,1147000,27769000,998000,399000,30313000,30368000,9446476769204508749
3,0042.txt,350,v039,0,64,38,1145000,28516000,1017000,405000,31083000,31145000,9446476769204508749
3,0043.txt,152,v037,0,64,27,277000,7492000,360000,147000,8276000,8314000,17527275560155488543
3,0043.txt,152,v039,1,64,27,271000,7713000,319000,113000,8416000,8511000,17527275560155488543
3,0044.txt,189,v037,1,64,42,454000,12584000,511000,241000,13790000,13845000,13432076075233457927
3,0044.txt,189,v039,0,64,42,433000,12380000,435000,178000,13426000,13468000,13432076075233457927
3,0045.txt,182,v037,0,64,42,626000,9148000,525000,243000,10542000,10601000,13925168697874379332
3,0045.txt,182,v039,1,64,42,632000,9484000,453000,186000,10755000,10809000,13925168697874379332
3,0046.txt,119,v037,1,64,43,389000,10288000,426000,211000,11314000,11353000,16455291584090454889
3,0046.txt,119,v039,0,64,43,396000,10361000,321000,150000,11228000,11281000,16455291584090454889
3,0047.txt,234,v037,0,64,41,1113000,28488000,978000,426000,31005000,31047000,8902589508426158474
3,0047.txt,234,v039,1,64,41,1114000,29328000,900000,360000,31702000,31809000,8902589508426158474
3,0048.txt,171,v037,1,64,53,897000,17514000,763000,375000,19549000,19608000,13748459396770593290
3,0048.txt,171,v039,0,64,53,927000,17471000,611000,256000,19265000,19317000,13748459396770593290
3,0049.txt,177,v037,0,64,37,701000,13376000,415000,221000,14713000,14745000,12858603617946795229
3,0049.txt,177,v039,1,64,37,691000,13605000,328000,161000,14785000,14828000,12858603617946795229
3,0050.txt,114,v037,1,64,40,257000,6973000,408000,187000,7825000,7867000,1490710021843272140
3,0050.txt,114,v039,0,64,40,248000,7018000,326000,108000,7700000,7740000,1490710021843272140
3,0051.txt,156,v037,0,64,50,246000,7529000,419000,201000,8395000,8438000,15500888367141373926
3,0051.txt,156,v039,1,64,50,245000,7602000,360000,144000,8351000,8396000,15500888367141373926
3,0052.txt,224,v037,1,64,53,425000,13805000,749000,317000,15296000,15341000,11226816286193969336
3,0052.txt,224,v039,0,64,53,441000,13806000,643000,242000,15132000,15193000,11226816286193969336
3,0053.txt,162,v037,0,64,50,243000,7229000,426000,203000,8101000,8154000,2732817203263270877
3,0053.txt,162,v039,1,64,50,244000,7411000,358000,149000,8162000,8220000,2732817203263270877
3,0054.txt,235,v037,1,64,40,739000,19585000,847000,371000,21542000,21602000,1009219533470316193
3,0054.txt,235,v039,0,64,40,724000,19203000,744000,299000,20970000,21019000,1009219533470316193
3,0055.txt,286,v037,0,64,32,1232000,22906000,661000,291000,25090000,25154000,3902613188640275459
3,0055.txt,286,v039,1,64,32,1238000,23596000,629000,284000,25747000,25808000,3902613188640275459
3,0056.txt,193,v037,1,64,45,485000,15085000,633000,287000,16490000,16552000,2331779951152035572
3,0056.txt,193,v039,0,64,45,474000,15573000,583000,225000,16855000,16962000,2331779951152035572
3,0057.txt,239,v037,0,64,49,841000,16527000,837000,394000,18599000,18661000,7491407054787931024
3,0057.txt,239,v039,1,64,49,835000,17248000,780000,347000,19210000,19271000,7491407054787931024
3,0058.txt,225,v037,1,64,33,621000,15926000,678000,301000,17526000,17577000,11952614316999750590
3,0058.txt,225,v039,0,64,33,630000,15528000,599000,242000,16999000,17043000,11952614316999750590
3,0059.txt,179,v037,0,64,47,115000,4280000,257000,107000,4759000,4804000,8871835986499999321
3,0059.txt,179,v039,1,64,47,108000,4354000,211000,79000,4752000,4801000,8871835986499999321
3,0060.txt,197,v037,1,64,37,231000,10054000,444000,175000,10904000,10943000,9298856456427297427
3,0060.txt,197,v039,0,64,37,225000,10258000,409000,140000,11032000,11088000,9298856456427297427
3,0061.txt,171,v037,0,64,47,699000,17797000,926000,425000,19847000,19897000,5511887438634260458
3,0061.txt,171,v039,1,64,47,700000,17853000,772000,303000,19628000,19679000,5511887438634260458
3,0062.txt,197,v037,1,64,38,480000,13387000,442000,216000,14525000,14576000,8510537815358677246
3,0062.txt,197,v039,0,64,38,472000,13549000,385000,162000,14568000,14608000,8510537815358677246
3,0063.txt,228,v037,0,64,47,557000,21713000,841000,386000,23497000,23555000,17066319291871949238
3,0063.txt,228,v039,1,64,47,562000,21551000,755000,303000,23171000,23225000,17066319291871949238
3,0064.txt,203,v037,1,64,44,408000,6580000,594000,260000,7842000,7896000,1711074768236526699
3,0064.txt,203,v039,0,64,44,434000,6727000,518000,214000,7893000,7941000,1711074768236526699
3,0065.txt,185,v037,0,64,36,193000,6516000,367000,140000,7216000,7266000,13885096275034669449
3,0065.txt,185,v039,1,64,36,186000,6882000,351000,127000,7546000,7592000,13885096275034669449
3,0066.txt,205,v037,1,64,29,940000,22618000,955000,363000,24876000,24928000,14663515985698048981
3,0066.txt,205,v039,0,64,29,948000,22956000,897000,295000,25096000,25153000,14663515985698048981
3,0067.txt,179,v037,0,64,37,336000,10846000,547000,231000,11960000,12005000,10501404806522338864
3,0067.txt,179,v039,1,64,37,338000,10676000,490000,161000,11665000,11718000,10501404806522338864
3,0068.txt,324,v037,1,64,40,1924000,26949000,1184000,511000,30568000,30636000,11033198942462540042
3,0068.txt,324,v039,0,64,40,1908000,26744000,1118000,484000,30254000,30310000,11033198942462540042
3,0069.txt,111,v037,0,64,58,256000,8378000,540000,254000,9428000,9481000,18228917370979637075
3,0069.txt,111,v039,1,64,58,268000,8623000,424000,155000,9470000,9534000,18228917370979637075
3,0070.txt,311,v037,1,64,39,1245000,41870000,1152000,508000,44775000,44834000,7760783960480657877
3,0070.txt,311,v039,0,64,39,1205000,42882000,1135000,469000,45691000,45747000,7760783960480657877
3,0071.txt,283,v037,0,64,52,1242000,36712000,1493000,676000,40123000,40190000,14717286817887090387
3,0071.txt,283,v039,1,64,52,1275000,37974000,1439000,623000,41311000,41384000,14717286817887090387
3,0072.txt,180,v037,1,64,53,143000,7309000,385000,153000,7990000,8052000,9156718833335573972
3,0072.txt,180,v039,0,64,53,144000,7293000,335000,114000,7886000,7926000,9156718833335573972
3,0073.txt,159,v037,0,64,36,811000,13490000,522000,254000,15077000,15128000,10020794304164394421
3,0073.txt,159,v039,1,64,36,768000,13688000,431000,198000,15085000,15130000,10020794304164394421
3,0074.txt,106,v037,1,64,47,218000,6272000,311000,154000,6955000,6997000,6564108582455721402
3,0074.txt,106,v039,0,64,47,221000,6175000,215000,87000,6698000,6758000,6564108582455721402
3,0075.txt,272,v037,0,64,47,977000,26523000,1381000,517000,29398000,29478000,3667807994811378177
3,0075.txt,272,v039,1,64,47,977000,27037000,1303000,474000,29791000,29851000,3667807994811378177
3,0076.txt,187,v037,1,64,50,749000,19201000,939000,412000,21301000,21366000,607827384149352780
3,0076.txt,187,v039,0,64,50,758000,19166000,815000,301000,21040000,21098000,607827384149352780
3,0077.txt,108,v037,0,64,55,170000,6782000,339000,169000,7460000,7517000,4760843873522390477
3,0077.txt,108,v039,1,64,55,169000,6346000,245000,100000,6860000,6918000,4760843873522390477
3,0078.txt,218,v037,1,64,43,681000,16176000,840000,357000,18054000,18102000,15162034028776984913
3,0078.txt,218,v039,0,64,43,706000,16658000,768000,292000,18424000,18475000,15162034028776984913
3,0079.txt,140,v037,0,64,44,83000,4611000,253000,97000,5044000,5095000,7767422573583641398
3,0079.txt,140,v039,1,64,44,86000,4550000,201000,82000,4919000,4969000,7767422573583641398
3,0080.txt,167,v037,1,64,39,529000,16014000,576000,233000,17352000,17413000,3694398191314650395
3,0080.txt,167,v039,0,64,39,504000,15655000,481000,179000,16819000,16856000,3694398191314650395
3,0081.txt,251,v037,0,64,30,1660000,27971000,779000,356000,30766000,30841000,10307198627591057750
3,0081.txt,251,v039,1,64,30,1641000,27510000,689000,305000,30145000,30200000,10307198627591057750
3,0082.txt,223,v037,1,64,50,1127000,26420000,1211000,516000,29274000,29335000,11468284554293480445
3,0082.txt,223,v039,0,64,50,1094000,26721000,1055000,419000,29289000,29384000,11468284554293480445
3,0083.txt,130,v037,0,64,45,408000,10011000,492000,237000,11148000,11202000,5520147818777481445
3,0083.txt,130,v039,1,64,45,429000,10534000,396000,154000,11513000,11589000,5520147818777481445
3,0084.txt,202,v037,1,64,34,1164000,21940000,741000,330000,24175000,24237000,4765555241581982186
3,0084.txt,202,v039,0,64,34,1194000,21957000,626000,280000,24057000,24113000,4765555241581982186
3,0085.txt,246,v037,0,64,52,384000,9685000,712000,309000,11090000,11139000,6253894563584051370
3,0085.txt,246,v039,1,64,52,408000,9770000,649000,281000,11108000,11169000,6253894563584051370
3,0086.txt,96,v037,1,64,41,133000,4247000,301000,130000,4811000,4856000,6253708357576751080
3,0086.txt,96,v039,0,64,41,136000,4230000,244000,70000,4680000,4727000,6253708357576751080
3,0087.txt,212,v037,0,64,56,247000,7896000,468000,204000,8815000,8870000,2267516571599968483
3,0087.txt,212,v039,1,64,56,247000,7934000,406000,170000,8757000,8821000,2267516571599968483
3,0088.txt,199,v037,1,64,51,392000,9493000,541000,239000,10665000,10733000,4018653164877230745
3,0088.txt,199,v039,0,64,51,410000,9349000,493000,191000,10443000,10490000,4018653164877230745
3,0089.txt,290,v037,0,64,39,1187000,37066000,1027000,450000,39730000,39782000,5178693520973726526
3,0089.txt,290,v039,1,64,39,1166000,37487000,954000,411000,40018000,40107000,5178693520973726526
3,0090.txt,207,v037,1,64,36,211000,8004000,458000,166000,8839000,8890000,11503870768449510594
3,0090.txt,207,v039,0,64,36,222000,7844000,408000,141000,8615000,8654000,11503870768449510594
3,0091.txt,127,v037,0,64,49,250000,5456000,333000,161000,6200000,6251000,13956277462663092824
3,0091.txt,127,v039,1,64,49,238000,5450000,271000,115000,6074000,6119000,13956277462663092824
3,0092.txt,300,v037,1,64,41,2307000,45086000,1954000,707000,50054000,50117000,2990358978709707612
3,0092.txt,300,v039,0,64,41,2245000,45614000,1875000,646000,50380000,50442000,2990358978709707612
3,0093.txt,101,v037,0,63,60,120000,4883000,391000,159000,5553000,5598000,7317895666691169533
3,0093.txt,101,v039,1,63,60,112000,4958000,345000,99000,5514000,5562000,7317895666691169533
3,0094.txt,259,v037,1,64,59,245000,7863000,516000,223000,8847000,8924000,8722550326702681724
3,0094.txt,259,v039,0,64,59,247000,7755000,478000,210000,8690000,8744000,8722550326702681724
3,0095.txt,180,v037,0,64,40,842000,19598000,703000,329000,21472000,21535000,2613637707041613388
3,0095.txt,180,v039,1,64,40,837000,19036000,560000,233000,20666000,20717000,2613637707041613388
3,0096.txt,139,v037,1,64,62,195000,6350000,360000,175000,7080000,7139000,7243984548746592669
3,0096.txt,139,v039,0,64,62,188000,6321000,270000,115000,6894000,6946000,7243984548746592669
3,0097.txt,281,v037,0,64,33,1281000,33528000,1637000,539000,36985000,37041000,15851679272005930236
3,0097.txt,281,v039,1,64,33,1286000,34496000,1650000,502000,37934000,38033000,15851679272005930236
3,0098.txt,152,v037,1,64,55,271000,7499000,602000,245000,8617000,8671000,3240956309058950609
3,0098.txt,152,v039,0,64,55,274000,7727000,495000,151000,8647000,8713000,3240956309058950609
3,0099.txt,244,v037,0,64,55,509000,14397000,742000,322000,15970000,16042000,10166858261604005323
3,0099.txt,244,v039,1,64,55,476000,14679000,683000,261000,16099000,16150000,10166858261604005323
4,0000.txt,104,v037,0,37,37,76000,1340000,138000,53000,1607000,1724000,4794182781335350609
4,0000.txt,104,v039,1,37,37,73000,1076000,104000,33000,1286000,1317000,4794182781335350609
4,0001.txt,152,v037,1,64,49,154000,7261000,418000,160000,7993000,8043000,16689947731493314520
4,0001.txt,152,v039,0,64,49,156000,6899000,335000,113000,7503000,7543000,16689947731493314520
4,0002.txt,150,v037,0,64,62,230000,8121000,506000,238000,9095000,9151000,18342383646653386177
4,0002.txt,150,v039,1,64,62,229000,7825000,403000,149000,8606000,8675000,18342383646653386177
4,0003.txt,284,v037,1,64,37,202000,8844000,402000,153000,9601000,9994000,17033325069789893077
4,0003.txt,284,v039,0,64,37,198000,8542000,355000,134000,9229000,9277000,17033325069789893077
4,0004.txt,216,v037,0,64,37,783000,20255000,677000,318000,22033000,22079000,12280955030868151236
4,0004.txt,216,v039,1,64,37,759000,20876000,586000,243000,22464000,22532000,12280955030868151236
4,0005.txt,197,v037,1,64,31,1453000,41343000,1646000,572000,45014000,45060000,2819693884635199599
4,0005.txt,197,v039,0,64,31,1458000,41589000,1554000,437000,45038000,45102000,2819693884635199599
4,0006.txt,104,v037,0,64,43,268000,6690000,334000,161000,7453000,7511000,8204216429624422745
4,0006.txt,104,v039,1,64,43,290000,6626000,246000,96000,7258000,7304000,8204216429624422745
4,0007.txt,121,v037,1,64,52,257000,7574000,413000,206000,8450000,8497000,9925070849913877582
4,0007.txt,121,v039,0,64,52,252000,7641000,315000,124000,8332000,8389000,9925070849913877582
4,0008.txt,123,v037,0,64,48,249000,8019000,400000,193000,8861000,8911000,10388448316979510227
4,0008.txt,123,v039,1,64,48,252000,8254000,333000,108000,8947000,9006000,10388448316979510227
4,0009.txt,185,v037,1,64,58,124000,6742000,385000,143000,7394000,7458000,10071443029830521817
4,0009.txt,185,v039,0,64,58,123000,6679000,316000,112000,7230000,7284000,10071443029830521817
4,0010.txt,97,v037,0,64,47,117000,3470000,256000,115000,3958000,3999000,4237720024431108278
4,0010.txt,97,v039,1,64,47,116000,3528000,198000,73000,3915000,3943000,4237720024431108278
4,0011.txt,175,v037,1,64,46,421000,11169000,454000,231000,12275000,12346000,7707425770696244922
4,0011.txt,175,v039,0,64,46,415000,11148000,363000,171000,12097000,12141000,7707425770696244922
4,0012.txt,134,v037,0,64,42,257000,9089000,346000,165000,9857000,9905000,9328939437866477492
4,0012.txt,134,v039,1,64,42,246000,9072000,269000,121000,9708000,9753000,9328939437866477492
4,0013.txt,196,v037,1,64,44,329000,9930000,563000,241000,11063000,11114000,12038425132166973434
4,0013.txt,196,v039,0,64,44,338000,10220000,492000,216000,11266000,11312000,12038425132166973434
4,0014.txt,273,v037,0,64,36,1613000,34583000,944000,445000,37585000,37636000,3550099605336564682
4,0014.txt,273,v039,1,64,36,1576000,35424000,911000,429000,38340000,38402000,3550099605336564682
4,0015.txt,286,v037,1,64,36,2158000,57595000,1747000,658000,62158000,62216000,15606292226025197893
4,0015.txt,286,v039,0,64,36,2094000,57636000,1699000,589000,62018000,62103000,15606292226025197893
4,0016.txt,171,v037,0,64,41,290000,9786000,375000,172000,10623000,10676000,826487946221395757
4,0016.txt,171,v039,1,64,41,299000,9741000,303000,136000,10479000,10531000,826487946221395757
4,0017.txt,171,v037,1,64,52,872000,16247000,718000,348000,18185000,18244000,16242368077467193209
4,0017.txt,171,v039,0,64,52,872000,16146000,584000,289000,17891000,17938000,16242368077467193209
4,0018.txt,103,v037,0,64,46,108000,4788000,240000,116000,5252000,5311000,2250121111983633500
4,0018.txt,103,v039,1,64,46,105000,4534000,182000,72000,4893000,4945000,2250121111983633500
4,0019.txt,368,v037,1,64,34,3637000,84028000,1628000,699000,89992000,90053000,7417386263358031830
4,0019.txt,368,v039,0,64,34,3683000,85690000,1617000,705000,91695000,91779000,7417386263358031830
4,0020.txt,133,v037,0,64,46,508000,12303000,436000,220000,13467000,13528000,15732303224388724579
4,0020.txt,133,v039,1,64,46,502000,13214000,388000,157000,14261000,14319000,15732303224388724579
4,0021.txt,159,v037,1,64,46,109000,4146000,286000,101000,4642000,4680000,14857199808408141410
4,0021.txt,159,v039,0,64,46,104000,4111000,247000,67000,4529000,4590000,14857199808408141410
4,0022.txt,139,v037,0,61,29,98000,3535000,154000,64000,3851000,3890000,4602588663863474827
4,0022.txt,139,v039,1,61,29,87000,3573000,131000,52000,3843000,3866000,4602588663863474827
4,0023.txt,139,v037,1,64,44,134000,5605000,285000,137000,6161000,6209000,9599811352505267570
4,0023.txt,139,v039,0,64,44,142000,5618000,231000,90000,6081000,6127000,9599811352505267570
4,0024.txt,180,v037,0,64,44,172000,7426000,478000,162000,8238000,8283000,11810341906000182740
4,0024.txt,180,v039,1,64,44,177000,7469000,414000,129000,8189000,8246000,11810341906000182740
4,0025.txt,177,v037,1,64,59,93000,3274000,257000,108000,3732000,3777000,6261825659435201105
4,0025.txt,177,v039,0,64,59,97000,3242000,223000,92000,3654000,3705000,6261825659435201105
4,0026.txt,256,v037,0,64,43,218000,7093000,413000,160000,7884000,7938000,2537868518424950437
4,0026.txt,256,v039,1,64,43,208000,7378000,399000,142000,8127000,8170000,2537868518424950437
4,0027.txt,113,v037,1,64,31,310000,5887000,305000,156000,6658000,6690000,992099488926560280
4,0027.txt,113,v039,0,64,31,312000,5946000,234000,87000,6579000,6620000,992099488926560280
4,0028.txt,234,v037,0,64,34,572000,12541000,622000,273000,14008000,14051000,9654207709147907553
4,0028.txt,234,v039,1,64,34,605000,12753000,585000,229000,14172000,14213000,9654207709147907553
4,0029.txt,273,v037,1,64,34,858000,18591000,565000,272000,20286000,20326000,1096036353319749662
4,0029.txt,273,v039,0,64,34,865000,19060000,501000,236000,20662000,20739000,1096036353319749662
4,0030.txt,248,v037,0,64,46,1160000,19981000,1632000,629000,23402000,23464000,11342904610067110408
4,0030.txt,248,v039,1,64,46,1198000,19672000,1453000,553000,22876000,22937000,11342904610067110408
4,0031.txt,153,v037,1,64,49,225000,11064000,437000,197000,11923000,11974000,6007647649652556023
4,0031.txt,153,v039,0,64,49,223000,11081000,379000,145000,11828000,11870000,6007647649652556023
4,0032.txt,210,v037,0,64,33,287000,8911000,343000,162000,9703000,9769000,9084787551598269598
4,0032.txt,210,v039,1,64,33,290000,8696000,296000,121000,9403000,9446000,9084787551598269598
4,0033.txt,144,v037,1,64,53,404000,12902000,499000,253000,14058000,14112000,18402673813617418454
4,0033.txt,144,v039,0,64,53,401000,13031000,371000,159000,13962000,14006000,18402673813617418454
4,0034.txt,285,v037,0,64,49,1198000,29398000,1575000,631000,32802000,32876000,13893849988178559116
4,0034.txt,285,v039,1,64,49,1216000,29561000,1532000,584000,32893000,32946000,13893849988178559116
4,0035.txt,106,v037,1,50,39,68000,2804000,204000,77000,3153000,3190000,18196665082858622388
4,0035.txt,106,v039,0,50,39,63000,2784000,179000,51000,3077000,3118000,18196665082858622388
4,0036.txt,186,v037,0,64,43,735000,14275000,543000,285000,15838000,15896000,6054771205011882605
4,0036.txt,186,v039,1,64,43,741000,14147000,462000,208000,15558000,15606000,6054771205011882605
4,0037.txt,276,v037,1,64,38,604000,15584000,703000,289000,17180000,17236000,14320703372907778113
4,0037.txt,276,v039,0,64,38,572000,15687000,659000,248000,17166000,17218000,14320703372907778113
4,0038.txt,169,v037,0,64,49,251000,7833000,470000,203000,8757000,8810000,16477880667340014543
4,0038.txt,169,v039,1,64,49,248000,7734000,381000,151000,8514000,8567000,16477880667340014543
4,0039.txt,252,v037,1,64,33,175000,6524000,280000,116000,7095000,7130000,8596729622775183895
4,0039.txt,252,v039,0,64,33,169000,6808000,273000,102000,7352000,7403000,8596729622775183895
4,0040.txt,195,v037,0,64,43,146000,8597000,580000,189000,9512000,9551000,9647300805240532863
4,0040.txt,195,v039,1,64,43,161000,8495000,547000,158000,9361000,9412000,9647300805240532863
4,0041.txt,141,v037,1,64,56,233000,7022000,382000,172000,7809000,7852000,2875823228312151856
4,0041.txt,141,v039,0,64,56,219000,7121000,280000,118000,7738000,7795000,2875823228312151856
4,0042.txt,350,v037,0,64,38,1131000,27559000,983000,391000,30064000,30117000,9446476769204508749
4,0042.txt,350,v039,1,64,38,1216000,27660000,973000,386000,30235000,30277000,9446476769204508749
4,0043.txt,152,v037,1,64,27,260000,7519000,378000,142000,8299000,8358000,17527275560155488543
4,0043.txt,152,v039,0,64,27,260000,7603000,315000,108000,8286000,8321000,17527275560155488543
4,0044.txt,189,v037,0,64,42,468000,12236000,489000,234000,13427000,13484000,13432076075233457927
4,0044.txt,189,v039,1,64,42,435000,12675000,442000,199000,13751000,13803000,13432076075233457927
4,0045.txt,182,v037,1,64,42,623000,9262000,550000,252000,10687000,10746000,13925168697874379332
4,0045.txt,182,v039,0,64,42,635000,9510000,456000,186000,10787000,10831000,13925168697874379332
4,0046.txt,119,v037,0,64,43,399000,10302000,422000,206000,11329000,11388000,16455291584090454889
4,0046.txt,119,v039,1,64,43,388000,10536000,321000,126000,11371000,11432000,16455291584090454889
4,0047.txt,234,v037,1,64,41,1102000,28938000,1013000,427000,31480000,31545000,8902589508426158474
4,0047.txt,234,v039,0,64,41,1108000,28729000,880000,351000,31068000,31124000,8902589508426158474
4,0048.txt,171,v037,0,64,53,897000,17195000,743000,370000,19205000,19272000,13748459396770593290
4,0048.txt,171,v039,1,64,53,937000,16983000,617000,271000,18808000,18865000,13748459396770593290
4,0049.txt,177,v037,1,64,37,690000,13610000,419000,216000,14935000,15009000,12858603617946795229
4,0049.txt,177,v039,0,64,37,683000,13877000,356000,192000,15108000,15149000,12858603617946795229
4,0050.txt,114,v037,0,64,40,251000,7025000,407000,183000,7866000,7903000,1490710021843272140
4,0050.txt,114,v039,1,64,40,257000,6958000,320000,117000,7652000,7711000,1490710021843272140
4,0051.txt,156,v037,1,64,50,251000,7567000,421000,184000,8423000,8473000,15500888367141373926
4,0051.txt,156,v039,0,64,50,254000,7516000,334000,143000,8247000,8294000,15500888367141373926
4,0052.txt,224,v037,0,64,53,423000,13931000,752000,328000,15434000,15484000,11226816286193969336
4,0052.txt,224,v039,1,64,53,427000,14134000,651000,258000,15470000,15530000,11226816286193969336
4,0053.txt,162,v037,1,64,50,233000,7246000,437000,208000,8124000,8175000,2732817203263270877
4,0053.txt,162,v039,0,64,50,232000,7398000,349000,138000,8117000,8164000,2732817203263270877
4,0054.txt,235,v037,0,64,40,726000,19150000,825000,368000,21069000,21130000,1009219533470316193
4,0054.txt,235,v039,1,64,40,737000,19449000,765000,307000,21258000,21318000,1009219533470316193
4,0055.txt,286,v037,1,64,32,1217000,22857000,652000,299000,25025000,25072000,3902613188640275459
4,0055.txt,286,v039,0,64,32,1233000,23939000,652000,292000,26116000,26180000,3902613188640275459
4,0056.txt,193,v037,0,64,45,491000,15502000,655000,298000,16946000,17009000,2331779951152035572
4,0056.txt,193,v039,1,64,45,473000,15186000,535000,238000,16432000,16481000,2331779951152035572
4,0057.txt,239,v037,1,64,49,837000,16568000,845000,389000,18639000,18702000,7491407054787931024
4,0057.txt,239,v039,0,64,49,842000,16664000,740000,314000,18560000,18610000,7491407054787931024
4,0058.txt,225,v037,0,64,33,609000,15503000,662000,295000,17069000,17107000,11952614316999750590
4,0058.txt,225,v039,1,64,33,599000,15685000,611000,252000,17147000,17190000,11952614316999750590
4,0059.txt,179,v037,1,64,47,103000,4250000,257000,112000,4722000,4764000,8871835986499999321
4,0059.txt,179,v039,0,64,47,107000,4219000,210000,74000,4610000,4672000,8871835986499999321
4,0060.txt,197,v037,0,64,37,223000,10044000,440000,172000,10879000,10917000,9298856456427297427
4,0060.txt,197,v039,1,64,37,222000,10254000,402000,144000,11022000,11098000,9298856456427297427
4,0061.txt,171,v037,1,64,47,717000,17581000,928000,421000,19647000,19711000,5511887438634260458
4,0061.txt,171,v039,0,64,47,707000,17847000,806000,300000,19660000,19703000,5511887438634260458
4,0062.txt,197,v037,0,64,38,501000,13248000,443000,209000,14401000,14455000,8510537815358677246
4,0062.txt,197,v039,1,64,38,475000,13279000,389000,172000,14315000,14357000,8510537815358677246
4,0063.txt,228,v037,1,64,47,546000,21812000,855000,370000,23583000,23645000,17066319291871949238
4,0063.txt,228,v039,0,64,47,538000,21588000,774000,335000,23235000,23278000,17066319291871949238
4,0064.txt,203,v037,0,64,44,416000,6811000,602000,262000,8091000,8140000,1711074768236526699
4,0064.txt,203,v039,1,64,44,414000,6729000,533000,217000,7893000,7944000,1711074768236526699
4,0065.txt,185,v037,1,64,36,181000,6520000,376000,144000,7221000,7260000,13885096275034669449
4,0065.txt,185,v039,0,64,36,187000,6817000,346000,106000,7456000,7512000,13885096275034669449
4,0066.txt,205,v037,0,64,29,933000,22603000,952000,362000,24850000,24898000,14663515985698048981
4,0066.txt,205,v039,1,64,29,921000,22842000,875000,297000,24935000,24983000,14663515985698048981
4,0067.txt,179,v037,1,64,37,327000,10919000,557000,220000,12023000,12064000,10501404806522338864
4,0067.txt,179,v039,0,64,37,327000,10964000,490000,163000,11944000,12014000,10501404806522338864
4,0068.txt,324,v037,0,64,40,1909000,26430000,1193000,520000,30052000,30097000,11033198942462540042
4,0068.txt,324,v039,1,64,40,1895000,26334000,1148000,481000,29858000,29913000,11033198942462540042
4,0069.txt,111,v037,1,64,58,246000,8332000,538000,243000,9359000,9428000,18228917370979637075
4,0069.txt,111,v039,0,64,58,234000,7942000,408000,135000,8719000,8782000,18228917370979637075
4,0070.txt,311,v037,0,64,39,1257000,43371000,1221000,518000,46367000,46480000,7760783960480657877
4,0070.txt,311,v039,1,64,39,1223000,42607000,1140000,491000,45461000,45557000,7760783960480657877
4,0071.txt,283,v037,1,64,52,1238000,38108000,1570000,689000,41605000,41687000,14717286817887090387
4,0071.txt,283,v039,0,64,52,1272000,37958000,1455000,621000,41306000,41386000,14717286817887090387
4,0072.txt,180,v037,0,64,53,137000,7205000,381000,152000,7875000,7916000,9156718833335573972
4,0072.txt,180,v039,1,64,53,134000,7381000,328000,119000,7962000,8013000,9156718833335573972
4,0073.txt,159,v037,1,64,36,781000,13722000,537000,264000,15304000,15350000,10020794304164394421
4,0073.txt,159,v039,0,64,36,776000,13673000,442000,190000,15081000,15119000,10020794304164394421
4,0074.txt,106,v037,0,64,47,226000,6264000,304000,157000,6951000,6997000,6564108582455721402
4,0074.txt,106,v039,1,64,47,224000,6505000,217000,93000,7039000,7082000,6564108582455721402
4,0075.txt,272,v037,1,64,47,1023000,26964000,1391000,505000,29883000,29958000,3667807994811378177
4,0075.txt,272,v039,0,64,47,977000,26923000,1275000,435000,29610000,29680000,3667807994811378177
4,0076.txt,187,v037,0,64,50,740000,19592000,957000,415000,21704000,21762000,607827384149352780
4,0076.txt,187,v039,1,64,50,745000,19225000,782000,319000,21071000,21137000,607827384149352780
4,0077.txt,108,v037,1,64,55,175000,6406000,319000,156000,7056000,7108000,4760843873522390477
4,0077.txt,108,v039,0,64,55,172000,6282000,240000,86000,6780000,6836000,4760843873522390477
4,0078.txt,218,v037,0,64,43,706000,16613000,864000,366000,18549000,18608000,15162034028776984913
4,0078.txt,218,v039,1,64,43,700000,16604000,767000,287000,18358000,18420000,15162034028776984913
4,0079.txt,140,v037,1,64,44,88000,4588000,245000,101000,5022000,5066000,7767422573583641398
4,0079.txt,140,v039,0,64,44,93000,4823000,218000,84000,5218000,5265000,7767422573583641398
4,0080.txt,167,v037,0,64,39,524000,15770000,572000,233000,17099000,17157000,3694398191314650395
4,0080.txt,167,v039,1,64,39,526000,15763000,476000,175000,16940000,16986000,3694398191314650395
4,0081.txt,251,v037,1,64,30,1654000,27470000,767000,342000,30233000,30340000,10307198627591057750
4,0081.txt,251,v039,0,64,30,1675000,28083000,703000,295000,30756000,30906000,10307198627591057750
4,0082.txt,223,v037,0,64,50,1114000,26826000,1195000,512000,29647000,29733000,11468284554293480445
4,0082.txt,223,v039,1,64,50,1136000,27291000,1065000,422000,29914000,30015000,11468284554293480445
4,0083.txt,130,v037,1,64,45,406000,10321000,499000,237000,11463000,11519000,5520147818777481445
4,0083.txt,130,v039,0,64,45,406000,10159000,404000,150000,11119000,11160000,5520147818777481445
4,0084.txt,202,v037,0,64,34,1209000,21459000,716000,331000,23715000,23750000,4765555241581982186
4,0084.txt,202,v039,1,64,34,1179000,21766000,629000,294000,23868000,23924000,4765555241581982186
4,0085.txt,246,v037,1,64,52,389000,9484000,709000,317000,10899000,10962000,6253894563584051370
4,0085.txt,246,v039,0,64,52,381000,9589000,653000,307000,10930000,10980000,6253894563584051370
4,0086.txt,96,v037,0,64,41,141000,4250000,299000,122000,4812000,4845000,6253708357576751080
4,0086.txt,96,v039,1,64,41,132000,4296000,251000,78000,4757000,4809000,6253708357576751080
4,0087.txt,212,v037,1,64,56,256000,7997000,487000,206000,8946000,9008000,2267516571599968483
4,0087.txt,212,v039,0,64,56,253000,8436000,420000,162000,9271000,9325000,2267516571599968483
4,0088.txt,199,v037,0,64,51,385000,9384000,549000,244000,10562000,10622000,4018653164877230745
4,0088.txt,199,v039,1,64,51,373000,9589000,465000,197000,10624000,10683000,4018653164877230745
4,0089.txt,290,v037,1,64,39,1154000,43454000,1261000,551000,46420000,84383000,5178693520973726526
4,0089.txt,290,v039,0,64,39,1190000,37671000,972000,411000,40244000,40297000,5178693520973726526
4,0090.txt,207,v037,0,64,36,247000,8125000,468000,172000,9012000,10818000,11503870768449510594
4,0090.txt,207,v039,1,64,36,243000,8089000,433000,133000,8898000,8958000,11503870768449510594
4,0091.txt,127,v037,1,64,49,259000,5492000,337000,162000,6250000,6298000,13956277462663092824
4,0091.txt,127,v039,0,64,49,256000,5523000,244000,106000,6129000,6178000,13956277462663092824
4,0092.txt,300,v037,0,64,41,2323000,46056000,1985000,714000,51078000,51226000,2990358978709707612
4,0092.txt,300,v039,1,64,41,2355000,45777000,1937000,638000,50707000,50786000,2990358978709707612
4,0093.txt,101,v037,1,63,60,125000,5008000,402000,166000,5701000,5743000,7317895666691169533
4,0093.txt,101,v039,0,63,60,118000,5018000,344000,101000,5581000,5634000,7317895666691169533
4,0094.txt,259,v037,0,64,59,246000,7697000,514000,243000,8700000,8750000,8722550326702681724
4,0094.txt,259,v039,1,64,59,265000,8754000,512000,208000,9739000,9986000,8722550326702681724
4,0095.txt,180,v037,1,64,40,850000,19284000,685000,324000,21143000,21212000,2613637707041613388
4,0095.txt,180,v039,0,64,40,884000,19611000,571000,238000,21304000,21440000,2613637707041613388
4,0096.txt,139,v037,0,64,62,196000,7354000,421000,200000,8171000,8747000,7243984548746592669
4,0096.txt,139,v039,1,64,62,213000,6519000,281000,118000,7131000,7241000,7243984548746592669
4,0097.txt,281,v037,1,64,33,1303000,36357000,1846000,600000,40106000,41181000,15851679272005930236
4,0097.txt,281,v039,0,64,33,1318000,34836000,1687000,499000,38340000,38514000,15851679272005930236
4,0098.txt,152,v037,0,64,55,293000,7513000,578000,229000,8613000,8686000,3240956309058950609
4,0098.txt,152,v039,1,64,55,280000,7482000,490000,165000,8417000,8492000,3240956309058950609
4,0099.txt,244,v037,1,64,55,517000,14687000,769000,328000,16301000,16376000,10166858261604005323
4,0099.txt,244,v039,0,64,55,526000,14619000,674000,263000,16082000,16211000,10166858261604005323
5,0000.txt,104,v037,1,37,37,70000,1125000,125000,51000,1371000,1390000,4794182781335350609
5,0000.txt,104,v039,0,37,37,80000,1199000,113000,41000,1433000,1478000,4794182781335350609
5,0001.txt,152,v037,0,64,49,150000,7071000,401000,161000,7783000,7841000,16689947731493314520
5,0001.txt,152,v039,1,64,49,164000,7033000,359000,104000,7660000,7771000,16689947731493314520
5,0002.txt,150,v037,1,64,62,241000,7742000,502000,223000,8708000,8755000,18342383646653386177
5,0002.txt,150,v039,0,64,62,228000,8132000,418000,154000,8932000,9015000,18342383646653386177
5,0003.txt,284,v037,0,64,37,208000,8525000,389000,154000,9276000,9329000,17033325069789893077
5,0003.txt,284,v039,1,64,37,213000,8901000,370000,141000,9625000,9753000,17033325069789893077
5,0004.txt,216,v037,1,64,37,778000,22326000,788000,342000,24234000,25242000,12280955030868151236
5,0004.txt,216,v039,0,64,37,797000,21216000,589000,258000,22860000,23012000,12280955030868151236
5,0005.txt,197,v037,0,64,31,1527000,42251000,1731000,558000,46067000,46242000,2819693884635199599
5,0005.txt,197,v039,1,64,31,1497000,41771000,1604000,437000,45309000,45415000,2819693884635199599
5,0006.txt,104,v037,1,64,43,280000,6595000,336000,167000,7378000,7428000,8204216429624422745
5,0006.txt,104,v039,0,64,43,281000,6706000,242000,97000,7326000,7380000,8204216429624422745
5,0007.txt,121,v037,0,64,52,273000,8446000,449000,215000,9383000,9651000,9925070849913877582
5,0007.txt,121,v039,1,64,52,272000,7879000,325000,126000,8602000,8733000,9925070849913877582
5,0008.txt,123,v037,1,64,48,267000,8909000,456000,207000,9839000,10166000,10388448316979510227
5,0008.txt,123,v039,0,64,48,268000,8519000,333000,120000,9240000,9366000,10388448316979510227
5,0009.txt,185,v037,0,64,58,128000,6765000,375000,148000,7416000,7481000,10071443029830521817
5,0009.txt,185,v039,1,64,58,138000,7552000,389000,145000,8224000,8367000,10071443029830521817
5,0010.txt,97,v037,1,64,47,130000,3504000,256000,107000,3997000,4045000,4237720024431108278
5,0010.txt,97,v039,0,64,47,124000,3635000,203000,68000,4030000,4074000,4237720024431108278
5,0011.txt,175,v037,0,64,46,447000,10883000,460000,221000,12011000,12067000,7707425770696244922
5,0011.txt,175,v039,1,64,46,418000,12255000,409000,183000,13265000,13486000,7707425770696244922
5,0012.txt,134,v037,1,64,42,277000,9530000,372000,184000,10363000,10503000,9328939437866477492
5,0012.txt,134,v039,0,64,42,285000,9415000,280000,116000,10096000,10150000,9328939437866477492
5,0013.txt,196,v037,0,64,44,341000,10436000,573000,255000,11605000,11728000,12038425132166973434
5,0013.txt,196,v039,1,64,44,345000,10548000,505000,195000,11593000,11718000,12038425132166973434
5,0014.txt,273,v037,1,64,36,1683000,36398000,1006000,455000,39542000,39901000,3550099605336564682
5,0014.txt,273,v039,0,64,36,1627000,36859000,967000,395000,39848000,40213000,3550099605336564682
5,0015.txt,286,v037,0,64,36,2142000,59722000,1982000,673000,64519000,65138000,15606292226025197893
5,0015.txt,286,v039,1,64,36,2157000,65927000,1965000,689000,70738000,223407000,15606292226025197893
5,0016.txt,171,v037,1,64,41,293000,10119000,396000,184000,10992000,11115000,826487946221395757
5,0016.txt,171,v039,0,64,41,312000,14676000,544000,225000,15757000,37138000,826487946221395757
5,0017.txt,171,v037,0,64,52,950000,16761000,734000,350000,18795000,18969000,16242368077467193209
5,0017.txt,171,v039,1,64,52,901000,17479000,605000,259000,19244000,19863000,16242368077467193209
5,0018.txt,103,v037,1,64,46,116000,4924000,247000,119000,5406000,5518000,2250121111983633500
5,0018.txt,103,v039,0,64,46,121000,4604000,186000,64000,4975000,5061000,2250121111983633500
5,0019.txt,368,v037,0,64,34,3734000,87959000,1677000,730000,94100000,94951000,7417386263358031830
5,0019.txt,368,v039,1,64,34,4218000,88944000,1716000,719000,95597000,96530000,7417386263358031830
5,0020.txt,133,v037,1,64,46,526000,13388000,486000,242000,14642000,14933000,15732303224388724579
5,0020.txt,133,v039,0,64,46,510000,12963000,357000,156000,13986000,14061000,15732303224388724579
5,0021.txt,159,v037,0,64,46,119000,4168000,290000,102000,4679000,4722000,14857199808408141410
5,0021.txt,159,v039,1,64,46,105000,4517000,281000,84000,4987000,5112000,14857199808408141410
5,0022.txt,139,v037,1,61,29,106000,3643000,159000,70000,3978000,4032000,4602588663863474827
5,0022.txt,139,v039,0,61,29,92000,3602000,129000,41000,3864000,3905000,4602588663863474827
5,0023.txt,139,v037,0,64,44,138000,5996000,293000,120000,6547000,6620000,9599811352505267570
5,0023.txt,139,v039,1,64,44,139000,5992000,240000,84000,6455000,6563000,9599811352505267570
5,0024.txt,180,v037,1,64,44,172000,7375000,476000,159000,8182000,8231000,11810341906000182740
5,0024.txt,180,v039,0,64,44,179000,8029000,467000,138000,8813000,9027000,11810341906000182740
5,0025.txt,177,v037,0,64,59,93000,3863000,279000,123000,4358000,4513000,6261825659435201105
5,0025.txt,177,v039,1,64,59,101000,3327000,224000,81000,3733000,3804000,6261825659435201105
5,0026.txt,256,v037,1,64,43,344000,7417000,438000,165000,8364000,8567000,2537868518424950437
5,0026.txt,256,v039,0,64,43,223000,7202000,395000,139000,7959000,8015000,2537868518424950437
5,0027.txt,113,v037,0,64,31,343000,6111000,327000,155000,6936000,7001000,992099488926560280
5,0027.txt,113,v039,1,64,31,324000,6246000,234000,89000,6893000,7002000,992099488926560280
5,0028.txt,234,v037,1,64,34,603000,13371000,663000,284000,14921000,15127000,9654207709147907553
5,0028.txt,234,v039,0,64,34,603000,13081000,603000,226000,14513000,14597000,9654207709147907553
5,0029.txt,273,v037,0,64,34,893000,19906000,591000,289000,21679000,21939000,1096036353319749662
5,0029.txt,273,v039,1,64,34,870000,19944000,530000,244000,21588000,21789000,1096036353319749662
5,0030.txt,248,v037,1,64,46,1193000,20635000,1581000,638000,24047000,24362000,11342904610067110408
5,0030.txt,248,v039,0,64,46,1181000,20747000,1465000,523000,23916000,24181000,11342904610067110408
5,0031.txt,153,v037,0,64,49,240000,12250000,490000,202000,13182000,13513000,6007647649652556023
5,0031.txt,153,v039,1,64,49,240000,11664000,382000,139000,12425000,12542000,6007647649652556023
5,0032.txt,210,v037,1,64,33,310000,8855000,372000,154000,9691000,9832000,9084787551598269598
5,0032.txt,210,v039,0,64,33,305000,8861000,302000,122000,9590000,9679000,9084787551598269598
5,0033.txt,144,v037,0,64,53,414000,14451000,587000,275000,15727000,16115000,18402673813617418454
5,0033.txt,144,v039,1,64,53,412000,13726000,395000,171000,14704000,14820000,18402673813617418454
5,0034.txt,285,v037,1,64,49,1222000,30944000,1645000,659000,34470000,34720000,13893849988178559116
5,0034.txt,285,v039,0,64,49,1214000,31449000,1625000,592000,34880000,35275000,13893849988178559116
5,0035.txt,106,v037,0,50,39,76000,3009000,211000,79000,3375000,3450000,18196665082858622388
5,0035.txt,106,v039,1,50,39,70000,2814000,172000,57000,3113000,3136000,18196665082858622388
5,0036.txt,186,v037,1,64,43,1105000,15187000,605000,308000,17205000,17983000,6054771205011882605
5,0036.txt,186,v039,0,64,43,793000,14554000,452000,222000,16021000,16119000,6054771205011882605
5,0037.txt,276,v037,0,64,38,664000,16633000,799000,324000,18420000,18779000,14320703372907778113
5,0037.txt,276,v039,1,64,38,607000,16397000,701000,259000,17964000,18279000,14320703372907778113
5,0038.txt,169,v037,1,64,49,269000,8256000,488000,205000,9218000,9420000,16477880667340014543
5,0038.txt,169,v039,0,64,49,270000,8370000,451000,166000,9257000,9439000,16477880667340014543
5,0039.txt,252,v037,0,64,33,177000,6926000,304000,119000,7526000,7607000,8596729622775183895
5,0039.txt,252,v039,1,64,33,170000,6963000,287000,120000,7540000,7577000,8596729622775183895
5,0040.txt,195,v037,1,64,43,158000,8877000,584000,200000,9819000,9936000,9647300805240532863
5,0040.txt,195,v039,0,64,43,155000,8717000,574000,150000,9596000,9761000,9647300805240532863
5,0041.txt,141,v037,0,64,56,247000,7138000,367000,169000,7921000,7968000,2875823228312151856
5,0041.txt,141,v039,1,64,56,234000,7606000,323000,133000,8296000,8422000,2875823228312151856
5,0042.txt,350,v037,1,64,38,1298000,29728000,1100000,433000,32559000,33223000,9446476769204508749
5,0042.txt,350,v039,0,64,38,1255000,28639000,1030000,407000,31331000,31755000,9446476769204508749
5,0043.txt,152,v037,0,64,27,281000,8067000,382000,154000,8884000,8992000,17527275560155488543
5,0043.txt,152,v039,1,64,27,265000,7966000,333000,106000,8670000,8774000,17527275560155488543
5,0044.txt,189,v037,1,64,42,444000,12942000,518000,238000,14142000,14219000,13432076075233457927
5,0044.txt,189,v039,0,64,42,450000,12986000,449000,184000,14069000,14200000,13432076075233457927
5,0045.txt,182,v037,0,64,42,647000,9441000,546000,255000,10889000,10943000,13925168697874379332
5,0045.txt,182,v039,1,64,42,691000,9660000,457000,193000,11001000,11112000,13925168697874379332
5,0046.txt,119,v037,1,64,43,397000,10911000,432000,210000,11950000,12038000,16455291584090454889
5,0046.txt,119,v039,0,64,43,409000,10962000,319000,137000,11827000,11957000,16455291584090454889
5,0047.txt,234,v037,0,64,41,1143000,30864000,1106000,449000,33562000,34203000,8902589508426158474
5,0047.txt,234,v039,1,64,41,1156000,30953000,952000,373000,33434000,33630000,8902589508426158474
5,0048.txt,171,v037,1,64,53,967000,18354000,786000,383000,20490000,20948000,13748459396770593290
5,0048.txt,171,v039,0,64,53,947000,18447000,674000,295000,20363000,20743000,13748459396770593290
5,0049.txt,177,v037,0,64,37,779000,13974000,424000,221000,15398000,15601000,12858603617946795229
5,0049.txt,177,v039,1,64,37,776000,14235000,346000,166000,15523000,15660000,12858603617946795229
5,0050.txt,114,v037,1,64,40,279000,8464000,474000,213000,9430000,9857000,1490710021843272140
5,0050.txt,114,v039,0,64,40,295000,7264000,342000,114000,8015000,8097000,1490710021843272140
5,0051.txt,156,v037,0,64,50,272000,7748000,439000,196000,8655000,8728000,15500888367141373926
5,0051.txt,156,v039,1,64,50,292000,7628000,349000,135000,8404000,8516000,15500888367141373926
5,0052.txt,224,v037,1,64,53,439000,15030000,792000,331000,16592000,16890000,11226816286193969336
5,0052.txt,224,v039,0,64,53,430000,14957000,676000,254000,16317000,16564000,11226816286193969336
5,0053.txt,162,v037,0,64,50,246000,7711000,456000,226000,8639000,8791000,2732817203263270877
5,0053.txt,162,v039,1,64,50,240000,7557000,364000,154000,8315000,8386000,2732817203263270877
5,0054.txt,235,v037,1,64,40,783000,20764000,872000,378000,22797000,23147000,1009219533470316193
5,0054.txt,235,v039,0,64,40,770000,20322000,796000,326000,22214000,22417000,1009219533470316193
5,0055.txt,286,v037,0,64,32,1249000,23917000,699000,304000,26169000,26332000,3902613188640275459
5,0055.txt,286,v039,1,64,32,1337000,24853000,718000,305000,27213000,27698000,3902613188640275459
5,0056.txt,193,v037,1,64,45,479000,15332000,654000,295000,16760000,16863000,2331779951152035572
5,0056.txt,193,v039,0,64,45,509000,15644000,559000,224000,16936000,17130000,2331779951152035572
5,0057.txt,239,v037,0,64,49,847000,17980000,938000,408000,20173000,20786000,7491407054787931024
5,0057.txt,239,v039,1,64,49,852000,17579000,822000,338000,19591000,19864000,7491407054787931024
5,0058.txt,225,v037,1,64,33,665000,17110000,769000,324000,18868000,19377000,11952614316999750590
5,0058.txt,225,v039,0,64,33,655000,16222000,610000,260000,17747000,17886000,11952614316999750590
5,0059.txt,179,v037,0,64,47,114000,4463000,250000,110000,4937000,5038000,8871835986499999321
5,0059.txt,179,v039,1,64,47,110000,4338000,209000,82000,4739000,4794000,8871835986499999321
5,0060.txt,197,v037,1,64,37,230000,11319000,470000,183000,12202000,12885000,9298856456427297427
5,0060.txt,197,v039,0,64,37,234000,10757000,426000,143000,11560000,11675000,9298856456427297427
5,0061.txt,171,v037,0,64,47,731000,18527000,957000,434000,20649000,20799000,5511887438634260458
5,0061.txt,171,v039,1,64,47,717000,18206000,810000,329000,20062000,20172000,5511887438634260458
5,0062.txt,197,v037,1,64,38,493000,13875000,465000,228000,15061000,15286000,8510537815358677246
5,0062.txt,197,v039,0,64,38,534000,14658000,406000,174000,15772000,16124000,8510537815358677246
5,0063.txt,228,v037,0,64,47,658000,22084000,867000,378000,23987000,24208000,17066319291871949238
5,0063.txt,228,v039,1,64,47,557000,22522000,824000,312000,24215000,24452000,17066319291871949238
5,0064.txt,203,v037,1,64,44,416000,6747000,611000,267000,8041000,8104000,1711074768236526699
5,0064.txt,203,v039,0,64,44,423000,7163000,553000,209000,8348000,8457000,1711074768236526699
5,0065.txt,185,v037,0,64,36,196000,6834000,382000,144000,7556000,7636000,13885096275034669449
5,0065.txt,185,v039,1,64,36,191000,6913000,344000,107000,7555000,7643000,13885096275034669449
5,0066.txt,205,v037,1,64,29,983000,23374000,958000,371000,25686000,25901000,14663515985698048981
5,0066.txt,205,v039,0,64,29,964000,24533000,954000,331000,26782000,27164000,14663515985698048981
5,0067.txt,179,v037,0,64,37,348000,11483000,549000,227000,12607000,12807000,10501404806522338864
5,0067.txt,179,v039,1,64,37,356000,11640000,518000,173000,12687000,12874000,10501404806522338864
5,0068.txt,324,v037,1,64,40,2082000,28595000,1282000,552000,32511000,33144000,11033198942462540042
5,0068.txt,324,v039,0,64,40,1992000,27986000,1195000,501000,31674000,31839000,11033198942462540042
5,0069.txt,111,v037,0,64,58,290000,8304000,537000,241000,9372000,9489000,18228917370979637075
5,0069.txt,111,v039,1,64,58,257000,8397000,424000,141000,9219000,9358000,18228917370979637075
5,0070.txt,311,v037,1,64,39,1239000,43709000,1215000,515000,46678000,47018000,7760783960480657877
5,0070.txt,311,v039,0,64,39,1246000,43965000,1192000,488000,46891000,47171000,7760783960480657877
5,0071.txt,283,v037,0,64,52,1360000,38506000,1656000,730000,42252000,42492000,14717286817887090387
5,0071.txt,283,v039,1,64,52,1280000,38922000,1490000,622000,42314000,42618000,14717286817887090387
5,0072.txt,180,v037,1,64,53,145000,7878000,402000,190000,8615000,8830000,9156718833335573972
5,0072.txt,180,v039,0,64,53,149000,7634000,340000,120000,8243000,8326000,9156718833335573972
5,0073.txt,159,v037,0,64,36,807000,14482000,574000,279000,16142000,16474000,10020794304164394421
5,0073.txt,159,v039,1,64,36,815000,14018000,435000,191000,15459000,15536000,10020794304164394421
5,0074.txt,106,v037,1,64,47,226000,6670000,326000,157000,7379000,7461000,6564108582455721402
5,0074.txt,106,v039,0,64,47,231000,6978000,238000,95000,7542000,7658000,6564108582455721402
5,0075.txt,272,v037,0,64,47,998000,27678000,1385000,520000,30581000,30878000,3667807994811378177
5,0075.txt,272,v039,1,64,47,1007000,28062000,1373000,453000,30895000,31101000,3667807994811378177
5,0076.txt,187,v037,1,64,50,778000,20227000,981000,418000,22404000,22897000,607827384149352780
5,0076.txt,187,v039,0,64,50,763000,20093000,825000,320000,22001000,22169000,607827384149352780
5,0077.txt,108,v037,0,64,55,203000,7070000,357000,171000,7801000,7968000,4760843873522390477
5,0077.txt,108,v039,1,64,55,174000,7331000,281000,112000,7898000,8170000,4760843873522390477
5,0078.txt,218,v037,1,64,43,710000,17018000,867000,367000,18962000,19134000,15162034028776984913
5,0078.txt,218,v039,0,64,43,732000,18234000,857000,362000,20185000,20842000,15162034028776984913
5,0079.txt,140,v037,0,64,44,107000,4581000,261000,101000,5050000,5091000,7767422573583641398
5,0079.txt,140,v039,1,64,44,91000,4797000,212000,74000,5174000,5252000,7767422573583641398
5,0080.txt,167,v037,1,64,39,541000,17941000,694000,282000,19458000,20071000,3694398191314650395
5,0080.txt,167,v039,0,64,39,519000,17000000,565000,188000,18272000,18478000,3694398191314650395
5,0081.txt,251,v037,0,64,30,1659000,28490000,801000,348000,31298000,31610000,10307198627591057750
5,0081.txt,251,v039,1,64,30,1618000,28413000,744000,293000,31068000,31275000,10307198627591057750
5,0082.txt,223,v037,1,64,50,1149000,27262000,1212000,520000,30143000,30433000,11468284554293480445
5,0082.txt,223,v039,0,64,50,1133000,28316000,1132000,423000,31004000,31330000,11468284554293480445
5,0083.txt,130,v037,0,64,45,437000,11256000,548000,251000,12492000,13203000,5520147818777481445
5,0083.txt,130,v039,1,64,45,420000,10826000,399000,163000,11808000,11937000,5520147818777481445
5,0084.txt,202,v037,1,64,34,1234000,23149000,768000,343000,25494000,26212000,4765555241581982186
5,0084.txt,202,v039,0,64,34,1215000,22662000,648000,265000,24790000,24913000,4765555241581982186
5,0085.txt,246,v037,0,64,52,415000,10040000,749000,323000,11527000,11632000,6253894563584051370
5,0085.txt,246,v039,1,64,52,405000,10107000,684000,283000,11479000,11562000,6253894563584051370
5,0086.txt,96,v037,1,64,41,140000,4254000,304000,127000,4825000,4856000,6253708357576751080
5,0086.txt,96,v039,0,64,41,147000,4572000,250000,83000,5052000,5146000,6253708357576751080
5,0087.txt,212,v037,0,64,56,264000,8433000,508000,205000,9410000,9524000,2267516571599968483
5,0087.txt,212,v039,1,64,56,287000,8672000,481000,173000,9613000,9741000,2267516571599968483
5,0088.txt,199,v037,1,64,51,393000,9704000,559000,279000,10935000,11046000,4018653164877230745
5,0088.txt,199,v039,0,64,51,375000,9791000,460000,215000,10841000,11088000,4018653164877230745
5,0089.txt,290,v037,0,64,39,1197000,38803000,1070000,460000,41530000,41790000,5178693520973726526
5,0089.txt,290,v039,1,64,39,1187000,38493000,970000,438000,41088000,41616000,5178693520973726526
5,0090.txt,207,v037,1,64,36,217000,8228000,483000,170000,9098000,9199000,11503870768449510594
5,0090.txt,207,v039,0,64,36,220000,8211000,424000,151000,9006000,9056000,11503870768449510594
5,0091.txt,127,v037,0,64,49,263000,5527000,333000,163000,6286000,6332000,13956277462663092824
5,0091.txt,127,v039,1,64,49,271000,5526000,268000,99000,6164000,6217000,13956277462663092824
5,0092.txt,300,v037,1,64,41,2310000,47808000,2130000,748000,52996000,53450000,2990358978709707612
5,0092.txt,300,v039,0,64,41,2332000,47937000,1931000,663000,52863000,53351000,2990358978709707612
5,0093.txt,101,v037,0,63,60,130000,5001000,419000,168000,5718000,5764000,7317895666691169533
5,0093.txt,101,v039,1,63,60,123000,5340000,348000,108000,5919000,6002000,7317895666691169533
5,0094.txt,259,v037,1,64,59,258000,7804000,520000,233000,8815000,8890000,8722550326702681724
5,0094.txt,259,v039,0,64,59,257000,8160000,483000,198000,9098000,9216000,8722550326702681724
5,0095.txt,180,v037,0,64,40,899000,19727000,689000,327000,21642000,21874000,2613637707041613388
5,0095.txt,180,v039,1,64,40,874000,19356000,592000,257000,21079000,21254000,2613637707041613388
5,0096.txt,139,v037,1,64,62,191000,6577000,365000,184000,7317000,7376000,7243984548746592669
5,0096.txt,139,v039,0,64,62,201000,6840000,295000,132000,7468000,7592000,7243984548746592669
5,0097.txt,281,v037,0,64,33,1323000,34994000,1784000,566000,38667000,38988000,15851679272005930236
5,0097.txt,281,v039,1,64,33,1316000,36221000,1689000,510000,39736000,40386000,15851679272005930236
5,0098.txt,152,v037,1,64,55,267000,7310000,576000,228000,8381000,8438000,3240956309058950609
5,0098.txt,152,v039,0,64,55,282000,7803000,546000,159000,8790000,8998000,3240956309058950609
5,0099.txt,244,v037,0,64,55,496000,14428000,756000,324000,16004000,16121000,10166858261604005323
5,0099.txt,244,v039,1,64,55,488000,14514000,671000,261000,15934000,16060000,10166858261604005323
