new_rank,old_rank,ids,size,gross_removed,broken_support_jumps,original_priority,priority,expanded_ids,expanded_broken,expanded_gross,tested,extract_status,net_removed,insert_status,final_T,extract_ms,insert_ms
0,1,2 5 6 7 19 35,6,20,2,6.8207105391098546,6.1470601154940665,2 5 6 7 19 35 68,1,22,1,ok,18,ok,545,0.020000000000000052,1.718
1,0,11 14 38 41 55 96 144 246,8,25,4,7.1257664002849879,5.9969321190517224,11 14 38 41 55 96 144 246,4,25,1,ok,20,failed,-1,0.021000000000000185,1.4279999999999995
2,18,240 243 245 247,4,15,0,5.8734972664641552,5.8734972664641552,240 243 245 247,0,15,1,ok,15,failed,-1,0.010999999999999725,1.7540000000000004
3,20,240 243 245 247 248 254,6,17,0,5.8239873160441959,5.8239873160441959,240 243 245 247 248 254,0,17,1,ok,17,failed,-1,0.011000000000000593,0.95300000000000074
4,7,2 5 6 7 19 23 35 36,8,26,3,6.5239655264943748,5.7783694663235892,2 5 6 7 19 23 35 36,3,26,1,ok,23,failed,-1,0.016999999999999654,2.0329999999999999
5,8,82 122 125 197 202 219 260 267,8,25,3,6.4872641993934552,5.7165001360991834,82 122 125 197 202 219 260 267,3,25,1,ok,20,failed,-1,0.016000000000000389,1.229000000000001
6,12,51 65 66 69 78 116 130 158,8,22,2,6.2798101311806587,5.7153328160183516,51 65 66 69 78 116 130 158,2,22,1,ok,16,failed,-1,0.016000000000000389,1.0469999999999993
7,3,2 5 6 7 19 23 35,7,24,4,6.7813909207948662,5.6628109750967432,2 5 6 7 19 23 35 160,4,25,1,ok,20,failed,-1,0.016999999999999654,1.0530000000000002
8,14,15 31 46 48 49 50 61 62,8,23,2,6.0517968463250833,5.5312121713723874,15 31 46 48 49 50 61 62,2,23,1,ok,18,failed,-1,0.012999999999999123,1.1990000000000005
9,10,160 238 240 243 245 247,6,21,3,6.3155276259610647,5.423923725825385,19 82 160 238 240 243 245 247,2,24,1,ok,17,failed,-1,0.014000000000000123,0.95800000000000052
10,29,2 5 6 19 36 68 80,7,18,0,5.3512469546091648,5.3512469546091648,2 5 6 19 36 68 80,0,18,1,ok,18,failed,-1,0.0099999999999995925,1.5960000000000001
11,9,11 14 38 41 55 96 144 260,8,25,5,6.475335842898799,5.1930911215327002,11 14 38 41 55 96 144 260,5,25,1,ok,16,failed,-1,0.021999999999997716,1.3480000000000021
12,34,240 243 245,3,10,0,5.1490090481101225,5.1490090481101225,240 243 245,0,10,1,ok,10,failed,-1,0.0099999999999995925,1.1439999999999992
13,27,15 31 36 46 61 62 80 122,8,19,1,5.4188703105526121,5.1373705541602694,15 31 36 46 61 62 80 122,1,19,1,ok,18,failed,-1,0.011999999999998123,1.4900000000000018
14,28,15 31 46 61 62 122,6,16,1,5.353387974457128,5.0239487144905359,15 31 46 61 62 122,1,16,1,ok,15,ok,546,0.011999999999998123,1.3260000000000007
15,5,2 7 23 35 51 65 66 78,8,23,6,6.5956124644201113,4.8935189252149209,2 7 23 35 51 65 66 78,6,23,1,ok,11,failed,-1,0.022000000000001185,0.91399999999999815
16,16,2 19 28 30 35 44 58 60,8,22,4,5.9555549152395031,4.8848933574436373,2 19 28 30 35 44 58 60,4,22,1,ok,10,failed,-1,0.019999999999999185,0.78800000000000048
17,33,238 254 267 280 281 283,6,15,1,5.21546698579834,4.8734691506640226,236 238 254 267 269 280 281 283,3,17,1,ok,13,failed,-1,0.012000000000001593,0.94699999999999995
18,6,11 14 38 41 55 96 144 273,8,23,6,6.5604928131165225,4.8674624097316128,11 14 38 41 55 96 144 273,6,23,1,ok,12,failed,-1,0.023999999999999716,0.89200000000000046
19,23,2 5 6 19 35,5,15,2,5.5769784874273203,4.8455714726827539,2 5 6 19 35 36 68 80,0,22,1,ok,13,ok,545,0.014999999999997654,1.0989999999999993
20,11,11 14 38 41 55 96 144 276,8,25,6,6.2954351704990819,4.7994901794893989,11 14 38 41 55 96 144 276,6,25,1,ok,14,failed,-1,0.022999999999998716,1.0340000000000003
21,22,2 19 28 30 43 44 58 60,8,20,3,5.6341174149199551,4.7994333534503326,2 19 28 30 43 44 58 60,3,20,1,ok,11,failed,-1,0.015999999999998654,1.1179999999999974
22,15,11 14 38 41 55 96 144 184,8,24,5,6.0412514389507717,4.7956325855588595,11 14 38 41 55 96 144 184,5,24,1,ok,15,failed,-1,0.019999999999999185,1.2339999999999991
23,13,11 14 38 41 55 96 144,7,23,5,6.075390890223499,4.7688552149066172,11 14 38 41 55 96 144 246,4,25,1,ok,14,failed,-1,0.018999999999998185,0.99899999999999989
24,4,11 14 38 41 55 96 144 274,8,24,7,6.6994262602493402,4.7655712572907687,11 14 38 41 55 96 144 274,7,24,1,ok,11,failed,-1,0.022000000000001185,0.87600000000000178
25,39,2 5 6 19 36 80,6,16,1,5.0400886481396165,4.7299293467156396,2 5 6 19 36 68 80,0,18,1,ok,14,failed,-1,0.012999999999999123,1.3980000000000035
26,38,15 31 46 61 62,5,14,1,5.0663396672351446,4.7108070590081175,15 31 46 61 62,1,14,1,ok,13,ok,545,0.012999999999999123,1.008000000000002
27,2,11 14 38 41 55 96 144 159,8,25,8,6.8108120407783632,4.6529309981555151,11 14 38 41 55 96 144 159,8,25,1,ok,7,failed,-1,0.028000000000000247,0.69500000000000117
28,45,71 206 240 245 247,5,13,1,4.9366878535093663,4.5641076381501682,71 101 160 163 206 240 245 247,3,20,1,ok,12,failed,-1,0.013000000000006062,1.117
29,25,101 160 163 206 240 245 247,7,18,3,5.4609456728137324,4.5632559731731188,29 101 160 163 206 240 245 247,4,20,1,ok,14,failed,-1,0.014000000000000123,1.1759999999999966
30,49,15 31 36 46 61 62 80,7,17,1,4.8357496331300815,4.5554163210645697,15 31 36 46 61 62 80,1,17,1,ok,16,failed,-1,0.011000000000004062,1.1619999999999964
31,21,2 51 65 66 69 78,6,18,4,5.7194596314177577,4.4658794382303038,2 51 65 66 69 78,4,18,1,ok,6,failed,-1,0.018000000000004124,0.55100000000000282
32,44,169 181 191 196 201 211 212 232,8,19,2,4.9627877161188092,4.4471734079506211,169 181 191 196 201 211 212 232,2,19,0,not_tested,0,not_tested,-1,0,0
33,73,71 240 245 247,4,10,0,4.4449143184969593,4.4449143184969593,71 240 245 247,0,10,0,not_tested,0,not_tested,-1,0,0
34,17,11 14 38 41 55 96 144 216,8,23,6,5.9398833139439438,4.4070102006680871,11 14 38 41 55 96 144 216,6,23,1,ok,12,failed,-1,0.022000000000001185,1.1999999999999997
35,43,2 35,2,8,1,4.9755114783971592,4.3724191779853827,2 5 6 19 35 36 68 80,0,22,0,not_tested,0,not_tested,-1,0,0
36,84,107 122,2,6,0,4.3507597759109409,4.3507597759109409,107 122,0,6,0,not_tested,0,not_tested,-1,0,0
37,19,11 14 38 41 55 96 144 201,8,23,6,5.8314568655165964,4.3265647711897328,11 14 38 41 55 96 144 201,6,23,1,ok,12,failed,-1,0.021000000000000185,0.79499999999999704
38,47,240 243 245 256 257 273 274,7,17,2,4.8856599755932235,4.319206645089662,240 243 245 256 257 273 274,2,17,0,not_tested,0,not_tested,-1,0,0
39,30,2,1,5,1,5.3188567794060706,4.3057412023763426,2 5 6 19 36 68 80,0,18,1,ok,3,ok,543,0.010999999999997123,0.19400000000000667
40,41,71 101 160 163 206 240 245 247,8,20,3,5.0242650229871533,4.2799294640260941,71 101 160 163 206 240 245 247,3,20,0,not_tested,0,not_tested,-1,0,0
41,32,256 257 262 273 274 276 277 278,8,22,4,5.2179343155499129,4.2798787082600409,256 257 262 273 274 276 277 278,4,22,0,not_tested,0,not_tested,-1,0,0
42,40,2 35 44 60 65 66 191 246,8,19,3,5.0305214073929383,4.2465440452018308,2 35 44 60 65 66 191 246,3,19,0,not_tested,0,not_tested,-1,0,0
43,56,11 38 39 41 55 57 96 144,8,18,2,4.7034019605050057,4.1879606497647313,11 38 39 41 55 57 96 144,2,18,0,not_tested,0,not_tested,-1,0,0
44,85,167 169 181 191 195 196 211 212,8,18,1,4.3450344933191669,4.1069504114934592,167 169 181 191 195 196 211 212,1,18,0,not_tested,0,not_tested,-1,0,0
45,37,2 35 65,3,10,2,5.0877485827578175,4.0950171519758047,2 6 7 23 35 65 160,3,17,0,not_tested,0,not_tested,-1,0,0
46,46,51 65 66 69 78 116 130,7,17,3,4.9118357663040113,4.0576034591207044,51 65 66 69 78 116 130 158,2,22,0,not_tested,0,not_tested,-1,0,0
47,74,2 5 6 36 80,5,12,1,4.4182526884709148,4.0575789996161458,2 5 6 19 36 68 80,0,18,0,not_tested,0,not_tested,-1,0,0
48,82,238 254 267 281 283,5,13,1,4.3589881545935443,4.0300079165110123,236 238 254 267 269 280 281 283,3,17,0,not_tested,0,not_tested,-1,0,0
49,26,2 51 65 66 78,5,15,4,5.447546292324847,4.0186816910593137,2 7 23 35 51 65 66 78,6,23,1,ok,3,failed,-1,0.018999999999998185,0.28999999999999859
50,50,122 125 197 202 219 260 267,7,17,3,4.8335712319160722,3.992950148104581,29 122 125 197 202 219 260 267,5,19,0,not_tested,0,not_tested,-1,0,0
51,35,107 122 124 135 137 151 152 153,8,21,5,5.1325523085537776,3.9248929418352416,107 122 124 135 137 151 152 153,5,21,0,not_tested,0,not_tested,-1,0,0
52,92,240 243 245 262,4,10,1,4.2903092990660001,3.8717425381815125,240 243 245 262,1,10,0,not_tested,0,not_tested,-1,0,0
53,76,2 35 181,3,8,1,4.4052734297353533,3.8713008927977342,2 5 6 35 36 80 181,1,15,0,not_tested,0,not_tested,-1,0,0
54,132,240 245 247,3,8,0,3.8594635484369251,3.8594635484369251,240 245 247,0,8,0,not_tested,0,not_tested,-1,0,0
55,51,51 65 66 69 78 116,6,15,3,4.7927891196877717,3.8499453584377186,51 65 66 69 78 116 130 158,2,22,0,not_tested,0,not_tested,-1,0,0
56,72,2 19,2,7,1,4.4564648863348539,3.8417800744265977,2 5 6 19 36 68 80,0,18,0,not_tested,0,not_tested,-1,0,0
57,136,151 240 245,3,7,0,3.8283934276361804,3.8283934276361804,151 240 245,0,7,0,not_tested,0,not_tested,-1,0,0
58,98,238 254 267 283,4,10,1,4.212437706691988,3.8014681743317942,236 238 254 260 267 269 280 283,3,15,0,not_tested,0,not_tested,-1,0,0
59,54,51 65 66 69 78 99 116,7,15,3,4.7229784941246598,3.7938679706903002,51 65 66 69 78 99 116,3,15,0,not_tested,0,not_tested,-1,0,0
60,144,240 245,2,6,0,3.7766971368549362,3.7766971368549362,240 245,0,6,0,not_tested,0,not_tested,-1,0,0
61,106,15 31 46 61 170,5,11,1,4.1319505589938421,3.7646660648610566,15 31 46 61 170,1,11,0,not_tested,0,not_tested,-1,0,0
62,95,90 93 112 126 166 168 192 193,8,17,2,4.2299576377819612,3.7395277667347777,90 93 112 126 166 168 192 193,2,17,0,not_tested,0,not_tested,-1,0,0
63,118,167 169 181 191 196 211 212,7,15,1,3.9963579173758821,3.7343016604987751,167 169 181 191 196 211 212,1,15,0,not_tested,0,not_tested,-1,0,0
64,94,2 28 30 43 44 58 60 71,8,16,2,4.2575129861370975,3.7335113878433006,2 28 30 43 44 58 60 71,2,16,0,not_tested,0,not_tested,-1,0,0
65,71,2 5 6 19 36,5,12,2,4.4606116429342455,3.732348517557226,2 5 6 19 36 68 80,0,18,0,not_tested,0,not_tested,-1,0,0
66,79,11 27 38 39 41 54 55 57,8,18,3,4.3806024821322378,3.6605034439735138,11 27 38 39 41 54 55 57,3,18,0,not_tested,0,not_tested,-1,0,0
67,99,15 31 46 61 170 182 183,7,15,2,4.2019494029476672,3.6508740714135466,15 31 46 61 170 182 183,2,15,0,not_tested,0,not_tested,-1,0,0
68,31,7 23 29 35 140 141 160 171,8,19,6,5.3029985539495783,3.6501158877834765,7 23 29 35 140 141 160 171,6,19,1,ok,7,failed,-1,0.017999999999997185,0.80999999999999828
69,52,29 124 135 151 152 153 155 171,8,17,4,4.7516317887079058,3.6498041275582467,29 124 135 151 152 153 155 171,4,17,0,not_tested,0,not_tested,-1,0,0
70,55,2 39 55 57 96,5,13,3,4.7112526010286633,3.6445538989089656,2 39 54 55 57 81 96 246,2,17,0,not_tested,0,not_tested,-1,0,0
71,104,2 35 58,3,8,1,4.1470372627341234,3.6443660793724111,2 5 6 35 36 58 80,1,15,0,not_tested,0,not_tested,-1,0,0
72,62,51 71 73 117 120 121 131 146,8,19,4,4.5848916554927897,3.6321868959098724,51 71 73 117 120 121 131 146,4,19,0,not_tested,0,not_tested,-1,0,0
73,78,5 6 48 49 50 77 94 127,8,17,3,4.3823635304176731,3.6202133512145993,5 6 48 49 50 77 94 127,3,17,0,not_tested,0,not_tested,-1,0,0
74,127,169 181 191 196 211 212,6,12,1,3.8889962326751255,3.5715271524567473,169 181 191 196 201 211 212 232,2,19,0,not_tested,0,not_tested,-1,0,0
75,63,51 65 66 69 78,5,13,3,4.5682152016743984,3.5339023258235911,7 23 35 51 65 66 69 78,5,19,0,not_tested,0,not_tested,-1,0,0
76,90,2 5 6 19,4,11,2,4.2967929535548155,3.5329186507006263,2 5 6 19 36 68 80,0,18,0,not_tested,0,not_tested,-1,0,0
77,36,2 19 27 68 99 115 238 243,8,19,6,5.1321042528405174,3.5324873428642527,2 19 27 68 99 115 238 243,6,19,0,not_tested,0,not_tested,-1,0,0
78,180,65 69 116 130 158 188 246,7,13,0,3.5265997040820793,3.5265997040820793,65 69 116 130 158 188 246,0,13,0,not_tested,0,not_tested,-1,0,0
79,184,238 254 267 280,4,8,0,3.5020073135727219,3.5020073135727219,238 254 267 280,0,8,0,not_tested,0,not_tested,-1,0,0
80,91,2 28 30 35 43 44 58 60,8,16,3,4.2941546080066768,3.5013876034515987,2 28 30 35 43 44 58 60,3,16,0,not_tested,0,not_tested,-1,0,0
81,112,11 38 39 41 55 57 96,7,15,2,4.0265947397324693,3.498516741079031,11 38 39 41 55 57 96 246,1,17,0,not_tested,0,not_tested,-1,0,0
82,187,188 206,2,5,0,3.4766160233151431,3.4766160233151431,188 206,0,5,0,not_tested,0,not_tested,-1,0,0
83,42,7 23 35 51 65 66 78,7,16,5,5.0112528734196875,3.4693289123674758,7 23 35 51 65 66 78 160,5,17,0,not_tested,0,not_tested,-1,0,0
84,24,14 29 72 73 105 120 121,7,18,7,5.5186371204510518,3.4018995947985933,14 29 35 72 73 105 120 121,6,20,1,ok,6,failed,-1,0.022000000000001185,0.89700000000000202
85,83,36 62 80 154 171 214 227 228,8,18,4,4.3534135531108049,3.3992407195522718,36 62 80 154 171 214 227 228,4,18,0,not_tested,0,not_tested,-1,0,0
86,107,2 39 55 57,4,11,2,4.119037930017404,3.386764520236532,2 39 54 55 57 81,2,13,0,not_tested,0,not_tested,-1,0,0
87,81,2 35 181 191 201 232,6,13,3,4.362977005561663,3.3751331552458153,2 35 181 191 201 232,3,13,0,not_tested,0,not_tested,-1,0,0
88,199,72 105 121,3,6,0,3.3635270499232095,3.3635270499232095,72 105 121,0,6,0,not_tested,0,not_tested,-1,0,0
89,129,15 31 46,3,7,1,3.8721558630587194,3.3380653991885514,6 15 31 46 61 71 121 131,1,16,0,not_tested,0,not_tested,-1,0,0
90,113,35 71 73 117 120 121 131 146,8,17,3,4.0188257322130587,3.3198995179151356,35 71 73 117 120 121 131 146,3,17,0,not_tested,0,not_tested,-1,0,0
91,135,15 167 260,3,7,1,3.8375858374960554,3.308263653013841,15 167 260,1,7,0,not_tested,0,not_tested,-1,0,0
92,108,71 73 117 120 121 131 146,7,15,3,4.1174489034519342,3.3074589552318816,71 73 117 120 121 131 146,3,15,0,not_tested,0,not_tested,-1,0,0
93,214,238 254 267,3,7,0,3.2810333489640868,3.2810333489640868,238 254 267,0,7,0,not_tested,0,not_tested,-1,0,0
94,142,107 122 125,3,7,1,3.8014372571115977,3.2771010837168948,107 122 125 197 202 219 260 267,3,21,0,not_tested,0,not_tested,-1,0,0
95,216,240,1,3,0,3.2747116896918587,3.2747116896918587,240,0,3,0,not_tested,0,not_tested,-1,0,0
96,114,90 93 112 126 166 167 168 191,8,16,3,4.0138492797562577,3.2728309511858722,90 93 112 126 166 167 168 191,3,16,0,not_tested,0,not_tested,-1,0,0
97,58,107 124 135 151 152 153 155,7,16,5,4.690452767897578,3.2472365316213998,107 124 135 137 151 152 153 155,4,19,0,not_tested,0,not_tested,-1,0,0
98,221,65 69 116 130 158 188 237 246,8,13,0,3.2470732131574587,3.2470732131574587,65 69 116 130 158 188 237 246,0,13,0,not_tested,0,not_tested,-1,0,0
99,70,51 71 73 117 120 121 127 131,8,18,5,4.464848825732834,3.2416025721073995,51 71 73 117 120 121 127 131,5,18,0,not_tested,0,not_tested,-1,0,0
100,68,2 65,2,7,2,4.4741601189171005,3.2399090516296245,2 6 7 23 35 65 160,3,17,0,not_tested,0,not_tested,-1,0,0
101,111,54 76 81 90 91 93 112 126,8,15,3,4.0293782445012472,3.2367136718124772,54 76 81 90 91 93 112 126,3,15,0,not_tested,0,not_tested,-1,0,0
102,224,191 192,2,5,0,3.2289706677424048,3.2289706677424048,191 192,0,5,0,not_tested,0,not_tested,-1,0,0
103,64,51 65 66 78,4,10,3,4.5403099470950803,3.2114387430672524,7 23 35 51 65 66 78 160,5,17,0,not_tested,0,not_tested,-1,0,0
104,65,29 167 197 202 219 260 267,7,17,5,4.5099969775625821,3.2027514768198047,29 35 167 197 202 219 260 267,4,19,0,not_tested,0,not_tested,-1,0,0
105,227,65 246,2,5,0,3.1950185790198669,3.1950185790198669,65 246,0,5,0,not_tested,0,not_tested,-1,0,0
106,48,107 124 135 151 152 153 155 160,8,17,6,4.8694196741393849,3.1757084831343807,107 124 135 151 152 153 155 160,6,17,0,not_tested,0,not_tested,-1,0,0
107,67,167 197 202 219 260 267,6,13,4,4.485305934457223,3.1312513127342876,29 35 167 197 202 219 260 267,4,19,0,not_tested,0,not_tested,-1,0,0
108,105,90 93 112 126 168 193,6,12,3,4.1439751981362507,3.1291241292049237,90 93 112 126 168 192 193,2,15,0,not_tested,0,not_tested,-1,0,0
109,88,27 99 115 206 240 245 247,7,14,4,4.3330029404840662,3.116721413330644,27 82 99 115 206 240 245 247,3,15,0,not_tested,0,not_tested,-1,0,0
110,60,256 257 273 274 276,5,12,4,4.6142136493237018,3.1075316413812692,240 243 245 256 257 273 274 276,3,22,0,not_tested,0,not_tested,-1,0,0
111,177,46 190 207 208,4,8,1,3.5355868801688115,3.1070308946938043,46 190 206 207 208,0,11,0,not_tested,0,not_tested,-1,0,0
112,131,6 31 61 71 73 120 121 131,8,15,3,3.8600348844164576,3.10068375961322,6 31 61 71 73 120 121 131,3,15,0,not_tested,0,not_tested,-1,0,0
113,69,15 48 50 77 94 140 141 195,8,16,5,4.4698812514381796,3.0945331740725859,15 48 50 77 94 140 141 195,5,16,0,not_tested,0,not_tested,-1,0,0
114,174,11 38 39 41 55 57 96 115,8,15,2,3.5552005337060755,3.0889447260069178,11 38 39 41 55 57 96 115,2,15,0,not_tested,0,not_tested,-1,0,0
115,101,82 122 125 197 202 219 267,7,15,4,4.1841429970515307,3.0866628666773583,82 122 125 197 202 219 260 267,3,25,0,not_tested,0,not_tested,-1,0,0
116,188,15 31 46 61,4,9,1,3.4551840410039856,3.0816506311657168,6 15 31 46 61 71 121 131,1,16,0,not_tested,0,not_tested,-1,0,0
117,250,192,1,3,0,3.0797976539508052,3.0797976539508052,192,0,3,0,not_tested,0,not_tested,-1,0,0
118,155,124 135 151 152 153 155,6,12,2,3.6741055252712247,3.0742515619616366,107 124 135 137 151 152 153 155,4,19,0,not_tested,0,not_tested,-1,0,0
119,139,11 27 38 39 41 55 57,7,14,3,3.8106327178384096,3.0083942509250603,11 27 38 39 41 55 57 246,2,16,0,not_tested,0,not_tested,-1,0,0
120,120,122 197 202 219 260 267,6,12,3,3.9759113842540761,3.0022188003551182,29 35 122 197 202 219 260 267,4,16,0,not_tested,0,not_tested,-1,0,0
121,87,27 71 99 115 206 240 245 247,8,16,5,4.3340756917396979,3.0005139404351753,27 71 99 115 206 240 245 247,5,16,0,not_tested,0,not_tested,-1,0,0
122,264,19 28 169,3,6,0,2.9983912168813474,2.9983912168813474,19 28 169,0,6,0,not_tested,0,not_tested,-1,0,0
123,61,107 122 124 135 151 152 153,7,17,6,4.5887387633220795,2.9926557152100517,107 122 124 135 137 151 152 153,5,21,0,not_tested,0,not_tested,-1,0,0
124,266,206,1,3,0,2.9887260343191544,2.9887260343191544,206,0,3,0,not_tested,0,not_tested,-1,0,0
125,191,122 125 260,3,7,1,3.4489666668246701,2.9732471265729918,29 122 125 197 202 219 260 267,5,19,0,not_tested,0,not_tested,-1,0,0
126,160,15 31,2,5,1,3.6385599294133226,2.9455008952393564,6 15 31 61 71 121 131,1,13,0,not_tested,0,not_tested,-1,0,0
127,190,54 76 81 90 91 107 122,7,13,2,3.4512758069703895,2.9303285153522172,54 76 81 90 91 107 122,2,13,0,not_tested,0,not_tested,-1,0,0
128,276,15 46,2,4,0,2.9290567525433295,2.9290567525433295,15 46,0,4,0,not_tested,0,not_tested,-1,0,0
129,121,27 99 115 155 206 240 245 247,8,15,4,3.9668533876492411,2.9263672531838663,27 99 115 155 206 240 245 247,4,15,0,not_tested,0,not_tested,-1,0,0
130,278,72 105,2,4,0,2.9162790636159173,2.9162790636159173,72 105,0,4,0,not_tested,0,not_tested,-1,0,0
131,194,19 28 169 181 191 201 232,7,13,2,3.4072942247809066,2.892985662549826,19 28 169 181 191 201 232,2,13,0,not_tested,0,not_tested,-1,0,0
132,138,31 61 71 73 120 121 131 248,8,16,4,3.8125336282555717,2.8740638120695849,31 61 71 73 120 121 131 248,4,16,0,not_tested,0,not_tested,-1,0,0
133,75,2 27 82 99 115 238 243,7,17,6,4.4066992735869812,2.8739343088610743,2 19 27 82 99 115 238 243,5,19,0,not_tested,0,not_tested,-1,0,0
134,288,238 254,2,4,0,2.8727384571624723,2.8727384571624723,238 254,0,4,0,not_tested,0,not_tested,-1,0,0
135,289,19 68,2,4,0,2.8721469312537504,2.8721469312537504,19 68,0,4,0,not_tested,0,not_tested,-1,0,0
136,175,167 191,2,5,1,3.547559011064787,2.8718334851476848,167 169 181 191 196 211 212,1,15,0,not_tested,0,not_tested,-1,0,0
137,109,51 65 66 69 78 99,6,13,4,4.1026815860846408,2.8641362016062586,51 65 66 69 78 99 116,3,15,0,not_tested,0,not_tested,-1,0,0
138,293,192 193,2,4,0,2.8468882076182958,2.8468882076182958,192 193,0,4,0,not_tested,0,not_tested,-1,0,0
139,246,54 76 81 91 166 192 210 225,8,12,1,3.0990667105920298,2.8460816729926801,54 76 81 91 166 192 210 225,1,12,0,not_tested,0,not_tested,-1,0,0
140,146,2 5 6,3,8,2,3.7547620703351421,2.8445167199508652,2 5 6 19 36 68 80,0,18,0,not_tested,0,not_tested,-1,0,0
141,203,191 192 211,3,6,1,3.3509695438954106,2.814814416872145,169 181 191 192 201 211 232,2,12,0,not_tested,0,not_tested,-1,0,0
142,141,72 105 107 124 137 152 153 161,8,15,4,3.8016367841608112,2.8044861522497784,72 105 107 124 137 152 153 161,4,15,0,not_tested,0,not_tested,-1,0,0
143,126,183 205 216 220 236 260 280 283,8,14,4,3.8969300364726625,2.803054938515424,183 205 216 220 236 260 280 283,4,14,0,not_tested,0,not_tested,-1,0,0
144,229,240 245 248 254,4,8,1,3.1890640577039751,2.8025108385883417,240 243 245 247 248 254,0,17,0,not_tested,0,not_tested,-1,0,0
145,124,19 68 238 243 260,5,10,3,3.9320368479018493,2.7811967948574057,19 68 82 238 243 260,2,11,0,not_tested,0,not_tested,-1,0,0
146,145,51 117 127 196 211 212,6,11,3,3.7741324497158391,2.7676971297916153,51 66 78 117 127 196 211 212,4,15,0,not_tested,0,not_tested,-1,0,0
147,213,15 140 141,3,6,1,3.2860987315524932,2.7603229345040945,15 35 140 141 160,1,9,0,not_tested,0,not_tested,-1,0,0
148,53,7 23 29 35 160 171,6,14,6,4.7499197905478434,2.7499535629487517,6 7 23 29 35 160 171,5,16,0,not_tested,0,not_tested,-1,0,0
149,96,256 257 262 273 274 276,6,14,5,4.2290651955310326,2.7451826707833016,256 257 262 273 274 276 277 278,4,22,0,not_tested,0,not_tested,-1,0,0
150,219,65 66 246,3,6,1,3.2650926844948018,2.7426778549756339,6 7 23 35 65 66 160 246,2,15,0,not_tested,0,not_tested,-1,0,0
151,163,39 55 57 96,4,8,2,3.6065679975475455,2.7322484829905651,39 54 55 57 81 96 246,1,12,0,not_tested,0,not_tested,-1,0,0
152,178,90 93 112 126 168 193 224,7,13,3,3.5313135252439389,2.7317708402830472,90 93 112 126 168 192 193 224,2,16,0,not_tested,0,not_tested,-1,0,0
153,59,7 23 29 35 160 171 238 243,8,19,8,4.6536536060309572,2.7196676918362734,7 23 29 35 160 171 238 243,8,19,0,not_tested,0,not_tested,-1,0,0
154,331,240 243,2,4,0,2.7175191748905565,2.7175191748905565,240 243,0,4,0,not_tested,0,not_tested,-1,0,0
155,170,15 48 50 141,4,8,2,3.5757787959447511,2.7089233302611753,15 35 48 50 141,1,10,0,not_tested,0,not_tested,-1,0,0
156,185,2 28 30 43 44 58 60,7,13,3,3.4875707944549688,2.6979321240123344,2 28 30 43 44 58 60 71,2,16,0,not_tested,0,not_tested,-1,0,0
157,271,76 91 166 192 210 214 225 228,8,11,1,2.9559454180317375,2.6931947142066948,76 91 166 192 210 214 225 228,1,11,0,not_tested,0,not_tested,-1,0,0
158,193,65 66 78 246,4,9,2,3.4264062023345381,2.6855616180459894,7 23 35 65 66 78 160 246,4,16,0,not_tested,0,not_tested,-1,0,0
159,133,90 93 112 126 166 167 168,7,13,4,3.8444173149453209,2.6838385028863563,90 93 112 126 166 167 168 191,3,16,0,not_tested,0,not_tested,-1,0,0
160,344,65 77,2,4,0,2.6710966869115511,2.6710966869115511,65 77,0,4,0,not_tested,0,not_tested,-1,0,0
161,347,65 69 116 130 158 188,6,9,0,2.6623968386146406,2.6623968386146406,65 69 116 130 158 188,0,9,0,not_tested,0,not_tested,-1,0,0
162,245,11 38 39 41 54 55 57 81,8,13,2,3.1028503215011782,2.6344955559915664,11 38 39 41 54 55 57 81,2,13,0,not_tested,0,not_tested,-1,0,0
163,158,183 205 216 220 236 269 280 283,8,14,4,3.6546315542802703,2.6287700653594928,183 205 216 220 236 269 280 283,4,14,0,not_tested,0,not_tested,-1,0,0
164,265,44 60 65 66 246,5,8,1,2.9906896144419193,2.6281817823883533,7 23 35 44 60 65 66 246,3,14,0,not_tested,0,not_tested,-1,0,0
165,168,90 93 112 126 167 168,6,11,3,3.5769235540439617,2.6230772729655718,90 93 112 126 167 168 191,2,14,0,not_tested,0,not_tested,-1,0,0
166,197,90 93 112 126 166 168 193,7,13,3,3.3892517338745747,2.621873982808633,90 93 112 126 166 168 192 193,2,17,0,not_tested,0,not_tested,-1,0,0
167,103,7 23 29 35 140 141 171,7,16,6,4.1489173317072101,2.6170093938460863,7 23 29 35 140 141 160 171,6,19,0,not_tested,0,not_tested,-1,0,0
168,283,44 60 65 66 191 246,6,10,1,2.897132617402336,2.6144855327777177,44 60 65 66 191 246,1,10,0,not_tested,0,not_tested,-1,0,0
169,128,29 140 141 197 202 219 260 267,8,15,5,3.8858322205850206,2.6117888695735383,29 140 141 197 202 219 260 267,5,15,0,not_tested,0,not_tested,-1,0,0
170,116,183 205 216 220 236 259 280 283,8,14,5,4.0094919838260754,2.6026526912555221,183 205 216 220 236 259 280 283,5,14,0,not_tested,0,not_tested,-1,0,0
171,362,214 227 228,3,5,0,2.5927170347632971,2.5927170347632971,214 227 228,0,5,0,not_tested,0,not_tested,-1,0,0
172,173,124 191 256,3,7,2,3.5585219647389996,2.5768607330868623,124 191 240 243 245 256,1,17,0,not_tested,0,not_tested,-1,0,0
173,368,15 260,2,4,0,2.5768399464545118,2.5768399464545118,15 260,0,4,0,not_tested,0,not_tested,-1,0,0
174,373,168 192 193,3,5,0,2.5538546401894608,2.5538546401894608,168 192 193,0,5,0,not_tested,0,not_tested,-1,0,0
175,376,72 105 146,3,5,0,2.5529309311851738,2.5529309311851738,72 105 146,0,5,0,not_tested,0,not_tested,-1,0,0
176,179,7 15 23 36 62 80 154 260,8,14,4,3.5296124302615444,2.5388440287846197,7 15 23 36 62 80 154 260,4,14,0,not_tested,0,not_tested,-1,0,0
177,57,2 27 99 115 238 243,6,15,7,4.6911839941968525,2.5378536362048547,2 19 27 82 99 115 238 243,5,19,0,not_tested,0,not_tested,-1,0,0
178,262,39 55 57,3,6,1,3.014433167000901,2.5321238602807572,39 54 55 57 81,1,8,0,not_tested,0,not_tested,-1,0,0
179,80,39 57 107 124 137 152 153,7,14,6,4.3674940001856841,2.5285491580022388,39 57 107 124 137 152 153,6,14,0,not_tested,0,not_tested,-1,0,0
180,66,46 161 171 184 190 204 207 208,8,18,8,4.4860317956625684,2.5195521044132234,46 161 171 184 190 204 207 208,8,18,0,not_tested,0,not_tested,-1,0,0
181,247,167 260,2,5,1,3.0989879342436919,2.5087045181972747,167 169 181 191 196 211 212 260,1,18,0,not_tested,0,not_tested,-1,0,0
182,382,19 35,2,4,0,2.5045205273021467,2.5045205273021467,19 35,0,4,0,not_tested,0,not_tested,-1,0,0
183,115,61 71 73 120 121 131 248,7,13,5,4.0111017284509041,2.4974784346958461,61 71 73 120 121 131 146 248,4,14,0,not_tested,0,not_tested,-1,0,0
184,383,72 105 161,3,5,0,2.4942375769401357,2.4942375769401357,72 105 161,0,5,0,not_tested,0,not_tested,-1,0,0
185,154,107 124 238 254 267 280,6,12,4,3.7010009740509457,2.4925108600751265,107 124 137 238 254 267 280,3,13,0,not_tested,0,not_tested,-1,0,0
186,255,176 206,2,5,1,3.0631443593471599,2.4796882909000821,14 29 35 132 133 175 176 206,6,16,0,not_tested,0,not_tested,-1,0,0
187,387,192 210,2,4,0,2.4791670260831764,2.4791670260831764,192 210,0,4,0,not_tested,0,not_tested,-1,0,0
188,198,6 61 71 121 131 248 280,7,11,3,3.3792240523405486,2.4780976383830691,6 31 61 71 121 131 248 280,2,12,0,not_tested,0,not_tested,-1,0,0
189,389,19,1,2,0,2.4707309599768275,2.4707309599768275,19,0,2,0,not_tested,0,not_tested,-1,0,0
190,391,65,1,2,0,2.4612871073099467,2.4612871073099467,65,0,2,0,not_tested,0,not_tested,-1,0,0
191,159,31 61 71 73 120 121 131,7,12,4,3.6484981108028292,2.4571517889080279,31 61 71 73 120 121 131 146,3,13,0,not_tested,0,not_tested,-1,0,0
192,140,71 73 117 120 121 131,6,11,4,3.8038974445804414,2.4514005753962844,71 73 117 120 121 131 146,3,15,0,not_tested,0,not_tested,-1,0,0
193,97,46 161 184 190 204 207 208,7,14,6,4.2278929750107901,2.4477275118483526,46 161 184 190 204 207 208 219,5,16,0,not_tested,0,not_tested,-1,0,0
194,397,19 28,2,4,0,2.4397095165420559,2.4397095165420559,19 28,0,4,0,not_tested,0,not_tested,-1,0,0
195,325,28 30 43 44 58 60 71,7,9,1,2.7343463461158755,2.4387413357249699,28 30 43 44 58 60 71,1,9,0,not_tested,0,not_tested,-1,0,0
196,77,14 29 72 105,4,11,5,4.3878436588712386,2.4376909215951326,14 29 35 72 105 256,5,16,0,not_tested,0,not_tested,-1,0,0
197,398,43,1,2,0,2.4356766520456765,2.4356766520456765,43,0,2,0,not_tested,0,not_tested,-1,0,0
198,125,107 124 135 137 151 152 153,7,13,5,3.9085132029663257,2.433602560337524,107 124 135 137 151 152 153 155,4,19,0,not_tested,0,not_tested,-1,0,0
199,117,7 23 29 36 62 80 154 171,8,15,6,4.0088296127669087,2.4315851749569775,7 23 29 36 62 80 154 171,6,15,0,not_tested,0,not_tested,-1,0,0
200,209,11 38 39 41 54 55 57,7,11,3,3.3081821474204003,2.4260002414416273,11 38 39 41 54 55 57 81,2,13,0,not_tested,0,not_tested,-1,0,0
201,399,238,1,2,0,2.4201943792008218,2.4201943792008218,238,0,2,0,not_tested,0,not_tested,-1,0,0
202,165,5 6 15 77 94 140 141,7,12,4,3.5922097374856636,2.4192432925923861,5 6 15 35 77 94 140 141,4,14,0,not_tested,0,not_tested,-1,0,0
203,93,73 101 117 120 121 131 160 163,8,18,8,4.2867452179476491,2.4076240265185422,73 101 117 120 121 131 160 163,8,18,0,not_tested,0,not_tested,-1,0,0
204,143,39 57 107 124 137 152 153 188,8,16,6,3.8012523041244668,2.3977129918323561,39 57 107 124 137 152 153 188,6,16,0,not_tested,0,not_tested,-1,0,0
205,407,77,1,2,0,2.3905448105379423,2.3905448105379423,77,0,2,0,not_tested,0,not_tested,-1,0,0
206,285,31 46 61 170 182 183 216,7,11,2,2.8853070215868812,2.3723635510825472,31 46 61 170 182 183 216,2,11,0,not_tested,0,not_tested,-1,0,0
207,217,2 5 19,3,7,2,3.2733574113960691,2.3703622634247399,2 5 6 19 36 68 80,0,18,0,not_tested,0,not_tested,-1,0,0
208,410,6,1,2,0,2.362946600285265,2.362946600285265,6,0,2,0,not_tested,0,not_tested,-1,0,0
209,119,73 101 117 120 121 131,6,12,5,3.9769376803945109,2.3536978108457309,71 73 101 117 120 121 131 146,3,20,0,not_tested,0,not_tested,-1,0,0
210,413,65 69 116 130 158,5,6,0,2.3489361867574838,2.3489361867574838,65 69 116 130 158,0,6,0,not_tested,0,not_tested,-1,0,0
211,414,260,1,2,0,2.3449954047331865,2.3449954047331865,260,0,2,0,not_tested,0,not_tested,-1,0,0
212,415,15,1,2,0,2.342415527617538,2.342415527617538,15,0,2,0,not_tested,0,not_tested,-1,0,0
213,148,51 78 107 117 127 196 211 212,8,13,5,3.746145374875903,2.3325056107717885,51 78 107 117 127 196 211 212,5,13,0,not_tested,0,not_tested,-1,0,0
214,256,90 93 112 126 168,5,8,2,3.0539584643439559,2.3136048972302699,90 93 112 126 167 168 191,2,14,0,not_tested,0,not_tested,-1,0,0
215,355,76 91 166 192 210 225,6,8,1,2.6308292877134951,2.3119408892027682,76 91 166 192 210 225,1,8,0,not_tested,0,not_tested,-1,0,0
216,419,46,1,2,0,2.3070383417071425,2.3070383417071425,46,0,2,0,not_tested,0,not_tested,-1,0,0
217,231,90 93 112 126,4,7,2,3.1816401093229634,2.3039462860614557,90 93 112 126 167 191,2,12,0,not_tested,0,not_tested,-1,0,0
218,420,72 105 137 161,4,6,0,2.296938190784751,2.296938190784751,72 105 137 161,0,6,0,not_tested,0,not_tested,-1,0,0
219,421,278,1,2,0,2.2948852320599107,2.2948852320599107,278,0,2,0,not_tested,0,not_tested,-1,0,0
220,427,71 131,2,3,0,2.2736297411010127,2.2736297411010127,71 131,0,3,0,not_tested,0,not_tested,-1,0,0
221,303,192 210 224,3,5,1,2.808468641860038,2.2735222338866974,192 210 224,1,5,0,not_tested,0,not_tested,-1,0,0
222,430,124,1,2,0,2.2608563551695746,2.2608563551695746,124,0,2,0,not_tested,0,not_tested,-1,0,0
223,309,38 39 57,3,5,1,2.789262036081551,2.2579740292088744,38 39 54 57 81,1,7,0,not_tested,0,not_tested,-1,0,0
224,102,14 28 29 30 44 58 60 72,8,15,7,4.1693628296284837,2.2555569406186882,14 28 29 30 44 58 60 72,7,15,0,not_tested,0,not_tested,-1,0,0
225,186,78 107 256 257 274 276,6,11,4,3.4811703603475928,2.2434208988906708,78 107 256 257 274 276,4,11,0,not_tested,0,not_tested,-1,0,0
226,345,93 112 125 126,4,6,1,2.6705368596256966,2.2432509620855852,54 76 81 91 93 112 125 126,2,10,0,not_tested,0,not_tested,-1,0,0
227,123,15 29 48 50,4,9,4,3.9413844273689969,2.2370019722905119,15 29 35 48 50 127,3,12,0,not_tested,0,not_tested,-1,0,0
228,181,256 257 274 276,4,8,3,3.5140606242910568,2.236220397276127,240 243 245 256 257 274 276,2,18,0,not_tested,0,not_tested,-1,0,0
229,212,191 256 274,3,6,2,3.2866746060945768,2.2349387321443124,191 240 243 245 256 274,1,16,0,not_tested,0,not_tested,-1,0,0
230,319,190 207 208,3,5,1,2.7579902676928922,2.232658788132341,190 206 207 208,0,8,0,not_tested,0,not_tested,-1,0,0
231,274,6 61 71 121 131,5,8,2,2.9400703224906071,2.2273260018868237,6 31 61 71 121 131,1,9,0,not_tested,0,not_tested,-1,0,0
232,169,51 71 73 117 120 121 131,7,13,5,3.5766658037664509,2.2269805947979791,51 71 73 117 120 121 131 146,4,19,0,not_tested,0,not_tested,-1,0,0
233,437,227 228,2,3,0,2.2243478876648917,2.2243478876648917,227 228,0,3,0,not_tested,0,not_tested,-1,0,0
234,218,192 195 210,3,6,2,3.2708456698067305,2.2241750554685766,167 192 195 210,1,8,0,not_tested,0,not_tested,-1,0,0
235,441,35,1,2,0,2.2151374367180598,2.2151374367180598,35,0,2,0,not_tested,0,not_tested,-1,0,0
236,328,93 112 126,3,5,1,2.7274868561966676,2.2079655502544449,54 76 81 91 93 112 126,2,9,0,not_tested,0,not_tested,-1,0,0
237,447,214 228,2,3,0,2.2041790731017152,2.2041790731017152,214 228,0,3,0,not_tested,0,not_tested,-1,0,0
238,330,15 46 48,3,5,1,2.7185289177564793,2.2007138858028639,15 31 46 48 61 62,1,15,0,not_tested,0,not_tested,-1,0,0
239,449,188,1,2,0,2.1952117611635371,2.1952117611635371,188,0,2,0,not_tested,0,not_tested,-1,0,0
240,195,2 28 30 35 44 58 60,7,11,4,3.3980453923289198,2.1898514750564151,2 28 30 35 43 44 58 60,3,16,0,not_tested,0,not_tested,-1,0,0
241,454,246,1,2,0,2.1853925219838604,2.1853925219838604,246,0,2,0,not_tested,0,not_tested,-1,0,0
242,455,191,1,2,0,2.1846058850779286,2.1846058850779286,191,0,2,0,not_tested,0,not_tested,-1,0,0
243,456,68 260,2,3,0,2.1812550539823614,2.1812550539823614,68 260,0,3,0,not_tested,0,not_tested,-1,0,0
244,457,206 207,2,3,0,2.1773773622989037,2.1773773622989037,206 207,0,3,0,not_tested,0,not_tested,-1,0,0
245,147,36 62 80 93 154 171 214 228,8,14,6,3.7516280740157781,2.1719952007459771,36 62 80 93 154 171 214 228,6,14,0,not_tested,0,not_tested,-1,0,0
246,294,140 141,2,4,1,2.8401294298253972,2.1718636816311858,35 140 141 160,1,7,0,not_tested,0,not_tested,-1,0,0
247,462,65 77 94,3,4,0,2.1717758822907114,2.1717758822907114,65 77 94,0,4,0,not_tested,0,not_tested,-1,0,0
248,465,166 192 210,3,4,0,2.1631529627134718,2.1631529627134718,166 192 210,0,4,0,not_tested,0,not_tested,-1,0,0
249,296,211 212,2,4,1,2.8259726909383671,2.1610379401293396,169 181 191 201 211 212 232,2,12,0,not_tested,0,not_tested,-1,0,0
250,234,35 66 78,3,6,2,3.1700807233918322,2.1556548919064458,6 7 23 35 66 78 160,3,13,0,not_tested,0,not_tested,-1,0,0
251,299,167 195,2,4,1,2.818392092881258,2.155241012203315,167 169 181 191 195 196 211 212,1,18,0,not_tested,0,not_tested,-1,0,0
252,228,72 105 107 124 137 152 153,7,12,4,3.1933164027670538,2.1506008426798529,72 105 107 124 137 152 153,4,12,0,not_tested,0,not_tested,-1,0,0
253,238,65 66 78,3,6,2,3.1461963937009654,2.1394135477166563,6 7 23 35 65 66 78 160,3,15,0,not_tested,0,not_tested,-1,0,0
254,100,7 23 29 35 171,5,12,6,4.1931795243767462,2.139377308355483,6 7 23 29 35 160 171,5,16,0,not_tested,0,not_tested,-1,0,0
255,471,227,1,2,0,2.1392621754236383,2.1392621754236383,227,0,2,0,not_tested,0,not_tested,-1,0,0
256,192,5 6 29 48 50 77 94 127,8,13,5,3.4344902886319808,2.1384562174501012,5 6 29 48 50 77 94 127,5,13,0,not_tested,0,not_tested,-1,0,0
257,354,135 151 240,3,5,1,2.6399332051427606,2.137088785115568,135 137 151 240,0,6,0,not_tested,0,not_tested,-1,0,0
258,472,168 193 227,3,4,0,2.1358376201511424,2.1358376201511424,168 193 227,0,4,0,not_tested,0,not_tested,-1,0,0
259,239,73 105 121,3,6,2,3.1300710919966019,2.128448342557689,29 35 73 101 105 121 160 163,5,17,0,not_tested,0,not_tested,-1,0,0
260,211,5 6 48 49 50 77 94,7,11,4,3.2883518987528566,2.1191601125296189,5 6 48 49 50 77 94 127,3,17,0,not_tested,0,not_tested,-1,0,0
261,196,107 124 135 137 151 152 153 154,8,13,5,3.3963855426528582,2.1147306208970624,107 124 135 137 151 152 153 154,5,13,0,not_tested,0,not_tested,-1,0,0
262,337,11 38 39 41 55 57,6,9,2,2.6954995482399497,2.1126888351069875,11 38 39 41 55 57 246,1,11,0,not_tested,0,not_tested,-1,0,0
263,479,44 72 105,3,4,0,2.1096492979519637,2.1096492979519637,44 72 105,0,4,0,not_tested,0,not_tested,-1,0,0
264,320,39 57,2,4,1,2.7570160448554843,2.108306387242429,39 54 57 81,1,6,0,not_tested,0,not_tested,-1,0,0
265,480,71,1,2,0,2.1080155817291004,2.1080155817291004,71,0,2,0,not_tested,0,not_tested,-1,0,0
266,322,238 260,2,4,1,2.7551648624386491,2.1068907771589669,19 238 260,0,6,0,not_tested,0,not_tested,-1,0,0
267,134,132 133 175 248 254 262 281,7,13,6,3.8425947322816154,2.1025518346446579,29 132 133 175 248 254 262 281,8,15,0,not_tested,0,not_tested,-1,0,0
268,360,15 48 50,3,5,1,2.5939274894782023,2.0998460629109252,15 31 46 48 50 61 62,1,17,0,not_tested,0,not_tested,-1,0,0
269,486,192 210 225,3,4,0,2.0955237297229372,2.0955237297229372,192 210 225,0,4,0,not_tested,0,not_tested,-1,0,0
270,200,36 62 76 80 154 171 214 228,8,13,5,3.3609804435628376,2.0926859365579933,36 62 76 80 154 171 214 228,5,13,0,not_tested,0,not_tested,-1,0,0
271,248,15 48 50 76 141,5,9,3,3.0963070705966049,2.0920993720247334,15 35 48 50 76 141,2,11,0,not_tested,0,not_tested,-1,0,0
272,254,246 256 274,3,6,2,3.0710900306042053,2.0883412208108596,240 243 245 246 256 274,1,16,0,not_tested,0,not_tested,-1,0,0
273,164,29 140 141 167 197 202 219 267,8,14,6,3.6033796369734366,2.0861671582477794,29 140 141 167 197 202 219 267,6,14,0,not_tested,0,not_tested,-1,0,0
274,370,71 72 73,3,5,1,2.5691380883526951,2.079778452475991,6 31 61 71 72 73 121 131,1,12,0,not_tested,0,not_tested,-1,0,0
275,496,124 137,2,3,0,2.0719463241452987,2.0719463241452987,124 137,0,3,0,not_tested,0,not_tested,-1,0,0
276,335,188 205,2,4,1,2.6987598367259071,2.063757522202164,188 205 236 243 247 260 269 280,3,11,0,not_tested,0,not_tested,-1,0,0
277,378,210 211 212,3,5,1,2.5425689190452512,2.0582700773223461,169 181 191 201 210 211 212 232,2,13,0,not_tested,0,not_tested,-1,0,0
278,501,122,1,2,0,2.0514974818623588,2.0514974818623588,122,0,2,0,not_tested,0,not_tested,-1,0,0
279,86,14 28 29 30 44 60,6,13,7,4.3432992991607842,2.0487260845098039,14 28 29 30 35 43 44 60,6,17,0,not_tested,0,not_tested,-1,0,0
280,510,238 267,2,3,0,2.0283017409810382,2.0283017409810382,238 267,0,3,0,not_tested,0,not_tested,-1,0,0
281,511,219,1,2,0,2.0280735191157921,2.0280735191157921,219,0,2,0,not_tested,0,not_tested,-1,0,0
282,351,71 73,2,4,1,2.6454466463282338,2.0229886118980609,6 31 61 71 73 121 131,1,11,0,not_tested,0,not_tested,-1,0,0
283,349,169 181 191 201 232,5,8,2,2.6539867462577322,2.0105960198922217,169 181 191 201 232,2,8,0,not_tested,0,not_tested,-1,0,0
284,162,132 133 175 248 254 281,6,11,5,3.6183539866811616,2.0101966592673124,29 35 132 133 175 248 254 281,6,15,0,not_tested,0,not_tested,-1,0,0
285,324,54 76 81 91 166 210 224 225,8,11,3,2.7353399691327116,2.0059159773639887,54 76 81 91 166 210 224 225,3,11,0,not_tested,0,not_tested,-1,0,0
286,153,31 132 133 175 248 254 262 281,8,15,7,3.7067416683938323,2.0052864763442044,31 132 133 175 248 254 262 281,7,15,0,not_tested,0,not_tested,-1,0,0
287,514,101 131,2,3,0,2.0010526012005485,2.0010526012005485,101 131,0,3,0,not_tested,0,not_tested,-1,0,0
288,515,19 169,2,3,0,2.0003401906795668,2.0003401906795668,19 169,0,3,0,not_tested,0,not_tested,-1,0,0
289,518,91 166 192 210 225,5,5,0,1.9959922671088504,1.9959922671088504,91 166 192 210 225,0,5,0,not_tested,0,not_tested,-1,0,0
290,241,197 202 219 260 267,5,8,3,3.1242442987309782,1.9881554628288043,29 35 167 197 202 219 260 267,4,19,0,not_tested,0,not_tested,-1,0,0
291,202,36 62 80 154 171 214 228,7,12,5,3.3537551194160984,1.9848754788380993,35 36 62 80 154 171 214 228,4,14,0,not_tested,0,not_tested,-1,0,0
292,521,277 278,2,3,0,1.9797575957702198,1.9797575957702198,277 278,0,3,0,not_tested,0,not_tested,-1,0,0
293,230,192 195,2,5,2,3.1887974533892582,1.9740174711457312,167 192 195,1,7,0,not_tested,0,not_tested,-1,0,0
294,316,5 6 48 50 77 94 127,7,10,3,2.7703606244622283,1.9595233685220641,5 6 48 50 77 94 127,3,10,0,not_tested,0,not_tested,-1,0,0
295,364,39 57 137 152 153 188,6,8,2,2.5817630660770567,1.9558811106644369,39 54 57 81 137 152 153 188,2,10,0,not_tested,0,not_tested,-1,0,0
296,235,191 256,2,5,2,3.1559735297314515,1.9536978993575651,191 240 243 245 256,1,15,0,not_tested,0,not_tested,-1,0,0
297,233,2 30 35 44 58 60,6,10,4,3.1707632488910726,1.9333922249335809,2 30 35 43 44 58 60 71,2,14,0,not_tested,0,not_tested,-1,0,0
298,348,71 135 151 155,4,7,2,2.6552804111831141,1.9227892632705308,71 107 135 137 151 155,0,9,0,not_tested,0,not_tested,-1,0,0
299,151,39 57 107 124 137 152 153 204,8,14,7,3.7370537815282194,1.9013080642862872,39 57 107 124 137 152 153 204,7,14,0,not_tested,0,not_tested,-1,0,0
300,543,166 192,2,3,0,1.8985245825980679,1.8985245825980679,166 192,0,3,0,not_tested,0,not_tested,-1,0,0
301,257,49 278,2,5,2,3.0502669244413649,1.8882604770351306,15 31 46 49 61 62 278,2,19,0,not_tested,0,not_tested,-1,0,0
302,551,71 121,2,3,0,1.8663855115122059,1.8663855115122059,71 121,0,3,0,not_tested,0,not_tested,-1,0,0
303,201,161 190 204 207 208 238 267,7,11,5,3.3545742512083776,1.8636523617824321,161 190 204 207 208 219 238 267,5,13,0,not_tested,0,not_tested,-1,0,0
304,204,7 23 29 140 141 171,6,11,5,3.3487885495103917,1.860438083061329,7 23 29 35 140 141 160 171,6,19,0,not_tested,0,not_tested,-1,0,0
305,205,61 71 73 120 121 131,6,11,5,3.3456279759768788,1.8586822088760437,6 61 71 73 120 121 131 146,3,15,0,not_tested,0,not_tested,-1,0,0
306,448,169 181 196 211 212,5,6,1,2.2011313159190649,1.8489503053720142,169 181 191 196 201 211 212 232,2,19,0,not_tested,0,not_tested,-1,0,0
307,220,167 262 273 277 278,5,9,4,3.2550255323340425,1.8474469237571594,167 240 243 245 262 273 277 278,3,19,0,not_tested,0,not_tested,-1,0,0
308,400,5 6 36 77 80 94,6,8,2,2.4199851240742478,1.833322063692612,5 6 36 77 80 94 127,2,9,0,not_tested,0,not_tested,-1,0,0
309,176,160 238 243 247,4,8,4,3.5438563775976966,1.8256229823988135,19 82 160 238 240 243 245 247,2,24,0,not_tested,0,not_tested,-1,0,0
310,210,61 71 73 120 121 131 248 262,8,13,6,3.3036848275222401,1.8076766037385841,61 71 73 120 121 131 248 262,6,13,0,not_tested,0,not_tested,-1,0,0
311,182,29 197 202 219 260 267,6,10,5,3.5038990099685638,1.794679980715606,29 35 167 197 202 219 260 267,4,19,0,not_tested,0,not_tested,-1,0,0
312,353,11 38 41 55 96 144 269,7,9,3,2.6410450860240009,1.7844899229891897,11 38 41 55 96 144 246 269,2,11,0,not_tested,0,not_tested,-1,0,0
313,279,5 6 77 94 140 141,6,10,4,2.9162446500668797,1.7781979573578535,5 6 35 77 94 140 141 160,4,13,0,not_tested,0,not_tested,-1,0,0
314,152,14 183 205 216 220 236 280 283,8,13,7,3.7272729108480376,1.7581475994566214,14 183 205 216 220 236 280 283,7,13,0,not_tested,0,not_tested,-1,0,0
315,225,132 133 147 163 175 240 245 247,8,13,6,3.2095020207927396,1.7561426151507444,132 133 147 163 175 240 245 247,6,13,0,not_tested,0,not_tested,-1,0,0
316,365,31 73 77 120,4,6,2,2.5805327145375405,1.7547622458855274,29 31 73 77 101 120 160 163,6,15,0,not_tested,0,not_tested,-1,0,0
317,401,31 46 61 170 182 183,6,7,2,2.4172954511229645,1.7504553266752503,31 46 61 170 182 183,2,7,0,not_tested,0,not_tested,-1,0,0
318,466,5 6 36 80,4,5,1,2.1592781892853377,1.7479871056119398,5 6 19 36 68 80,0,9,0,not_tested,0,not_tested,-1,0,0
319,561,44 60 72,3,3,0,1.7452270445766696,1.7452270445766696,44 60 72,0,3,0,not_tested,0,not_tested,-1,0,0
320,269,256 257 273 274,4,7,3,2.9768003381127079,1.7450208878591735,240 243 245 256 257 273 274,2,17,0,not_tested,0,not_tested,-1,0,0
321,156,107 124 205 220 236 240 245 280,8,15,8,3.6657609424070374,1.7427388086853128,107 124 205 220 236 240 245 280,8,15,0,not_tested,0,not_tested,-1,0,0
322,243,183 205 216 220 236 262 280 283,8,11,5,3.1213193331147004,1.7340662961748337,183 205 216 220 236 262 280 283,5,11,0,not_tested,0,not_tested,-1,0,0
323,280,73 105 120 121,4,7,3,2.9087149176708489,1.7051087448415321,29 73 101 105 120 121 160 163,7,16,0,not_tested,0,not_tested,-1,0,0
324,311,7 23 36 62 80 154 260,7,10,4,2.7797464544313528,1.69496735026302,7 23 35 36 62 80 154 260,5,15,0,not_tested,0,not_tested,-1,0,0
325,445,5 19 35,3,4,1,2.2103840516160314,1.6902936865299065,5 6 19 35,0,6,0,not_tested,0,not_tested,-1,0,0
326,327,51 117 127,3,5,2,2.7277386615481669,1.6886001238155319,7 23 35 51 66 78 117 127,5,15,0,not_tested,0,not_tested,-1,0,0
327,222,7 23 35,3,6,3,3.245292339656265,1.6875520166212579,6 7 23 35 160,2,9,0,not_tested,0,not_tested,-1,0,0
328,260,183 205 216 220 236 280 283,7,11,5,3.0309271789150127,1.6838484327305627,183 205 216 220 236 260 280 283,4,14,0,not_tested,0,not_tested,-1,0,0
329,137,161 184 190 201 204 207 208 232,8,14,8,3.825165010826276,1.6777039521167878,161 184 190 201 204 207 208 232,8,14,0,not_tested,0,not_tested,-1,0,0
330,450,246 260 262,3,4,1,2.1925212356092127,1.6766338860541041,246 260 262,1,4,0,not_tested,0,not_tested,-1,0,0
331,500,170 182 183 216,4,5,1,2.0582861092933213,1.6662316122850698,170 182 183 216 236 260 269 280,2,9,0,not_tested,0,not_tested,-1,0,0
332,275,11 27 38 39 41 55,6,9,4,2.9345250388753215,1.6655412382805879,11 27 38 39 41 55 57 246,2,16,0,not_tested,0,not_tested,-1,0,0
333,460,46 48 50,3,4,1,2.1726337978532664,1.6614258454172037,15 31 46 48 50 61 62,1,17,0,not_tested,0,not_tested,-1,0,0
334,110,132 133 147 159 160 163 175 176,8,15,9,4.0351833724756254,1.6537636772441084,132 133 147 159 160 163 175 176,9,15,0,not_tested,0,not_tested,-1,0,0
335,232,132 133 175 254 281,5,8,4,3.1775697179909947,1.6369298547226336,29 35 132 133 175 206 254 281,4,15,0,not_tested,0,not_tested,-1,0,0
336,473,140 141 154,3,4,1,2.1337011671954635,1.6316538337377076,35 140 141 154 160,1,7,0,not_tested,0,not_tested,-1,0,0
337,474,39 57 58,3,4,1,2.1311721975702795,1.6297199157890376,39 54 57 58 81,1,6,0,not_tested,0,not_tested,-1,0,0
338,409,170 182 183 216 232,5,6,2,2.3704307832372158,1.6118929326013067,170 182 183 216 232 236 269 280,4,8,0,not_tested,0,not_tested,-1,0,0
339,237,132 133 147 163 175 176 206,7,12,6,3.1467222413767275,1.6054705313146569,29 132 133 147 163 175 176 206,7,14,0,not_tested,0,not_tested,-1,0,0
340,488,82 122 125,3,4,1,2.0921285850672255,1.5998630356396433,82 122 125 197 202 219 260 267,3,25,0,not_tested,0,not_tested,-1,0,0
341,172,101 160 163,3,7,4,3.5595404033449989,1.5956560428787927,29 35 101 135 151 155 160 163,5,16,0,not_tested,0,not_tested,-1,0,0
342,367,135 151 155,3,5,2,2.5771984750627124,1.5954085798007267,107 135 137 151 155,0,7,0,not_tested,0,not_tested,-1,0,0
343,332,19 68 238 243,4,7,3,2.7172221600774913,1.5928543697005981,19 68 82 238 240 243 245 247,1,23,0,not_tested,0,not_tested,-1,0,0
344,490,31 46 61,3,4,1,2.082229792856281,1.5922933710077445,6 31 46 61 71 121 131,1,11,0,not_tested,0,not_tested,-1,0,0
345,493,15 61 62,3,4,1,2.0801262118637531,1.5906847502487524,6 15 31 61 62 71 121 131,1,14,0,not_tested,0,not_tested,-1,0,0
346,494,124 127 137,3,4,1,2.0796296151258824,1.5903049998021457,71 73 120 121 124 127 131 137,4,12,0,not_tested,0,not_tested,-1,0,0
347,384,90 93 112 126 166 168,6,8,3,2.4916125842355905,1.5855716445135577,90 93 112 126 166 168 192,2,11,0,not_tested,0,not_tested,-1,0,0
348,498,196 211 212,3,4,1,2.0628546967102879,1.5774771210137497,169 181 191 196 201 211 212 232,2,19,0,not_tested,0,not_tested,-1,0,0
349,295,5 6 7 23 77 94 140 141,8,11,5,2.830256961892359,1.5723649788290883,5 6 7 23 77 94 140 141,5,11,0,not_tested,0,not_tested,-1,0,0
350,183,160 163 206,3,7,4,3.5022845168644507,1.5699896110082023,29 35 135 151 155 160 163 206,5,16,0,not_tested,0,not_tested,-1,0,0
351,122,14 28 29 30 44 58 60,7,13,8,3.9527888788282128,1.5661993670828769,14 28 29 30 35 44 58 60,7,15,0,not_tested,0,not_tested,-1,0,0
352,504,76 214 228,3,4,1,2.0459701524164231,1.5645654106713827,36 62 76 80 154 171 214 228,5,13,0,not_tested,0,not_tested,-1,0,0
353,598,43 44,2,2,0,1.563024469451437,1.563024469451437,43 44,0,2,0,not_tested,0,not_tested,-1,0,0
354,509,90 93 112,3,4,1,2.0294458429141984,1.5519291739932108,54 76 81 90 91 93 112,2,9,0,not_tested,0,not_tested,-1,0,0
355,149,14 28 29 30 60,5,10,6,3.7416994079999091,1.5514363399024014,14 28 29 30 35 43 60 72,4,16,0,not_tested,0,not_tested,-1,0,0
356,268,195 211 212,3,6,3,2.9833696138674592,1.5513521992110788,167 169 181 191 195 196 211 212,1,18,0,not_tested,0,not_tested,-1,0,0
357,433,46 61,2,3,1,2.2378339897297916,1.549269685197548,6 31 46 61 71 121 131,1,11,0,not_tested,0,not_tested,-1,0,0
358,435,151 167,2,3,1,2.2369111537063007,1.5486307987197465,151 167 169 181 191 196 211 212,1,16,0,not_tested,0,not_tested,-1,0,0
359,426,124 135 151 152 153,5,6,2,2.2738181919663725,1.5461963705371333,107 124 135 137 151 152 153 155,4,19,0,not_tested,0,not_tested,-1,0,0
360,436,167 168,2,3,1,2.2297339195207631,1.5436619442836053,167 168 169 181 191 196 211 212,1,16,0,not_tested,0,not_tested,-1,0,0
361,439,6 7,2,3,1,2.2216511403070918,1.538066174058756,6 7 35,0,5,0,not_tested,0,not_tested,-1,0,0
362,403,11 38 41 55 96 144,6,8,3,2.4153552144127648,1.5370442273535776,11 38 41 55 96 144 246,2,10,0,not_tested,0,not_tested,-1,0,0
363,166,29 171,2,5,3,3.584017686495085,1.536007579926465,29 35 160 161 171 184 188 204,5,13,0,not_tested,0,not_tested,-1,0,0
364,381,170 182 183 205 216 220 236 280,8,10,4,2.5125350550921892,1.532033570178164,170 182 183 205 216 220 236 280,4,10,0,not_tested,0,not_tested,-1,0,0
365,516,39 57 202,3,4,1,1.9989776450873564,1.5286299638903316,39 54 57 81 202,1,6,0,not_tested,0,not_tested,-1,0,0
366,287,256 274,2,4,2,2.8737674765820587,1.521406311131678,240 243 245 256 274,1,14,0,not_tested,0,not_tested,-1,0,0
367,395,27 43 57,3,5,2,2.4444810322758479,1.5132501628374295,27 43 54 57 81,2,7,0,not_tested,0,not_tested,-1,0,0
368,523,71 121 131,3,4,1,1.9751492134148172,1.5104082220230957,29 35 71 101 121 131 160 163,4,16,0,not_tested,0,not_tested,-1,0,0
369,272,31 132 133 175 254 281,6,10,5,2.9474542839462439,1.5096717064114908,29 31 35 132 133 175 254 281,6,14,0,not_tested,0,not_tested,-1,0,0
370,617,44 60,2,2,0,1.5070299224731858,1.5070299224731858,44 60,0,2,0,not_tested,0,not_tested,-1,0,0
371,618,46 62,2,2,0,1.5066319159265418,1.5066319159265418,46 62,0,2,0,not_tested,0,not_tested,-1,0,0
372,442,61 71 121 131 248,5,6,2,2.2144939262588372,1.5058558698560092,6 31 61 71 121 131 248,1,10,0,not_tested,0,not_tested,-1,0,0
373,459,31 46,2,3,1,2.1731215163160926,1.5044687420649872,6 31 46 61 71 121 131,1,11,0,not_tested,0,not_tested,-1,0,0
374,464,122 125,2,3,1,2.1695373666896454,1.501987407708216,29 122 125 197 202 219 260 267,5,19,0,not_tested,0,not_tested,-1,0,0
375,620,188 237,2,2,0,1.494588059424192,1.494588059424192,188 237,0,2,0,not_tested,0,not_tested,-1,0,0
376,291,11 27 41,3,6,3,2.8708202407801235,1.4928265252056645,11 27 41 54 81 246,2,10,0,not_tested,0,not_tested,-1,0,0
377,89,66 78 132 133 147 159 175 176,8,15,10,4.3275652108140203,1.4898175315917119,66 78 132 133 147 159 175 176,10,15,0,not_tested,0,not_tested,-1,0,0
378,277,72 105 107 124 137 152 153 204,8,12,6,2.9183237523230234,1.4889406899607263,72 105 107 124 137 152 153 204,6,12,0,not_tested,0,not_tested,-1,0,0
379,621,66 68 69,3,3,0,1.4867212773615168,1.4867212773615168,66 68 69,0,3,0,not_tested,0,not_tested,-1,0,0
380,622,169 181,2,2,0,1.4825574473780319,1.4825574473780319,169 181,0,2,0,not_tested,0,not_tested,-1,0,0
381,306,256 269,2,4,2,2.7946167416465157,1.4795029808716849,240 243 245 256 269,1,14,0,not_tested,0,not_tested,-1,0,0
382,315,260 276,2,4,2,2.7726620908145474,1.4678799304312309,260 262 273 276 277 278,4,9,0,not_tested,0,not_tested,-1,0,0
383,290,161 190 202 204 207 208 219 267,8,12,6,2.8718230574746255,1.465215845650319,161 190 202 204 207 208 219 267,6,12,0,not_tested,0,not_tested,-1,0,0
384,539,140 141 144,3,4,1,1.9085839630993258,1.4595053835465432,35 140 141 144 160,1,7,0,not_tested,0,not_tested,-1,0,0
385,369,51 66 69 78 116 130 158,7,9,4,2.5691616588419115,1.4581728333967603,51 65 66 69 78 116 130 158,2,22,0,not_tested,0,not_tested,-1,0,0
386,481,166 224,2,3,1,2.1025583323207759,1.4556173069913065,90 93 112 126 166 168 193 224,3,16,0,not_tested,0,not_tested,-1,0,0
387,470,54 76 81 91 210 225,6,6,2,2.1405802377551328,1.4555945616734902,54 76 81 91 166 192 210 225,1,12,0,not_tested,0,not_tested,-1,0,0
388,487,124 153,2,3,1,2.0948497302276867,1.4502805824653218,124 137 153,0,4,0,not_tested,0,not_tested,-1,0,0
389,635,5 6,2,2,0,1.4462351182632684,1.4462351182632684,5 6,0,2,0,not_tested,0,not_tested,-1,0,0
390,249,5 7 15 23 29 48 50,7,11,6,3.0860076493263047,1.4401369030189421,5 7 15 23 29 35 48 50,6,16,0,not_tested,0,not_tested,-1,0,0
391,495,15 141,2,3,1,2.0772243877035019,1.4380784222562706,15 35 141,0,5,0,not_tested,0,not_tested,-1,0,0
392,252,29 140 141 197 202 219 267,7,11,6,3.0734461165489604,1.4342748543895147,29 35 140 141 197 202 219 267,5,13,0,not_tested,0,not_tested,-1,0,0
393,497,72 73,2,3,1,2.0706911229590532,1.4335553928178062,6 31 61 71 72 73 121 131,1,12,0,not_tested,0,not_tested,-1,0,0
394,643,69 116 130 158 188,5,4,0,1.4334270567503828,1.4334270567503828,69 116 130 158 188,0,4,0,not_tested,0,not_tested,-1,0,0
395,644,68 69,2,2,0,1.4278718462917979,1.4278718462917979,68 69,0,2,0,not_tested,0,not_tested,-1,0,0
396,483,54 76 81 90 91,5,6,2,2.099231363558685,1.4274773272199055,54 76 81 90 91,2,6,0,not_tested,0,not_tested,-1,0,0
397,339,11 27,2,4,2,2.6895127869924225,1.4238597107606941,11 27 54 81,2,6,0,not_tested,0,not_tested,-1,0,0
398,422,248 254 281 283,4,5,2,2.2933139351839937,1.4196705313043771,240 243 245 247 248 254 281 283,1,20,0,not_tested,0,not_tested,-1,0,0
399,646,66 69,2,2,0,1.4160764858907475,1.4160764858907475,66 69,0,2,0,not_tested,0,not_tested,-1,0,0
400,507,65 66,2,3,1,2.0315705745641197,1.4064719362366984,6 7 23 35 65 66 160,2,12,0,not_tested,0,not_tested,-1,0,0
401,323,5 6 29 48 50 77 94,7,10,5,2.7398040615960286,1.4033142754516246,5 6 29 35 48 50 77 94,4,12,0,not_tested,0,not_tested,-1,0,0
402,512,46 48,2,3,1,2.0188951855118105,1.3976966668927919,15 31 46 48 61 62,1,15,0,not_tested,0,not_tested,-1,0,0
403,650,254 281,2,2,0,1.3922672331722195,1.3922672331722195,254 281,0,2,0,not_tested,0,not_tested,-1,0,0
404,336,71 73 120 121 131,5,8,4,2.6961769526765487,1.388939642287919,6 61 71 73 120 121 131 146,3,15,0,not_tested,0,not_tested,-1,0,0
405,206,107 124 135 151 152 153,6,10,6,3.3341126670779784,1.3824369595201373,107 124 135 137 151 152 153 155,4,19,0,not_tested,0,not_tested,-1,0,0
406,655,190 208,2,2,0,1.3813366706015988,1.3813366706015988,190 208,0,2,0,not_tested,0,not_tested,-1,0,0
407,519,246 259,2,3,1,1.9943222704532486,1.3806846487753262,246 259,1,3,0,not_tested,0,not_tested,-1,0,0
408,438,61 71 121 131,4,5,2,2.2217615159807327,1.3753761765595014,6 31 61 71 121 131,1,9,0,not_tested,0,not_tested,-1,0,0
409,657,28,1,1,0,1.374946356303379,1.374946356303379,28,0,1,0,not_tested,0,not_tested,-1,0,0
410,658,170 182,2,2,0,1.3730364660666214,1.3730364660666214,170 182,0,2,0,not_tested,0,not_tested,-1,0,0
411,520,93 112,2,3,1,1.9822578826119872,1.3723323802698373,54 76 81 91 93 112,2,7,0,not_tested,0,not_tested,-1,0,0
412,659,107,1,1,0,1.3707168052373713,1.3707168052373713,107,0,1,0,not_tested,0,not_tested,-1,0,0
413,663,105 121,2,2,0,1.3685154169782749,1.3685154169782749,105 121,0,2,0,not_tested,0,not_tested,-1,0,0
414,664,182,1,1,0,1.3679323224894266,1.3679323224894266,182,0,1,0,not_tested,0,not_tested,-1,0,0
415,416,73 101 120 121 131,5,7,3,2.3331600435835527,1.3677145083076001,29 73 101 120 121 131 160 163,7,15,0,not_tested,0,not_tested,-1,0,0
416,392,117,1,2,1,2.4609459833815963,1.3671922129897758,71 73 117 120 121 131 146,3,15,0,not_tested,0,not_tested,-1,0,0
417,366,66 78,2,4,2,2.5785051603287186,1.3650909672328508,6 7 23 35 66 78 160,3,13,0,not_tested,0,not_tested,-1,0,0
418,668,101,1,1,0,1.3638630552727689,1.3638630552727689,101,0,1,0,not_tested,0,not_tested,-1,0,0
419,671,15 62,2,2,0,1.3605217693736618,1.3605217693736618,15 62,0,2,0,not_tested,0,not_tested,-1,0,0
420,371,246 276,2,4,2,2.5653404616041984,1.3581214208492813,246 262 273 276 277 278,4,9,0,not_tested,0,not_tested,-1,0,0
421,517,39 57 137 152 153,5,6,2,1.9967264855315221,1.3577740101614348,39 54 57 81 137 152 153,2,8,0,not_tested,0,not_tested,-1,0,0
422,676,77 94,2,2,0,1.3454406067358826,1.3454406067358826,77 94,0,2,0,not_tested,0,not_tested,-1,0,0
423,677,66,1,1,0,1.344938020767442,1.344938020767442,66,0,1,0,not_tested,0,not_tested,-1,0,0
424,529,101 117,2,3,1,1.9410791999778041,1.3438240615230952,71 73 101 117 120 121 131 146,3,20,0,not_tested,0,not_tested,-1,0,0
425,680,248,1,1,0,1.3403885527950758,1.3403885527950758,248,0,1,0,not_tested,0,not_tested,-1,0,0
426,681,237 246,2,2,0,1.3393106150231004,1.3393106150231004,237 246,0,2,0,not_tested,0,not_tested,-1,0,0
427,687,153,1,1,0,1.3341534588655146,1.3341534588655146,153,0,1,0,not_tested,0,not_tested,-1,0,0
428,688,269,1,1,0,1.3336963890473865,1.3336963890473865,269,0,1,0,not_tested,0,not_tested,-1,0,0
429,690,72 146,2,2,0,1.3315527472466155,1.3315527472466155,72 146,0,2,0,not_tested,0,not_tested,-1,0,0
430,469,181 191 201 232,4,5,2,2.147233325525169,1.3292396777060573,181 191 201 232,2,5,0,not_tested,0,not_tested,-1,0,0
431,694,146 161,2,2,0,1.3286023021111393,1.3286023021111393,146 161,0,2,0,not_tested,0,not_tested,-1,0,0
432,695,168 193,2,2,0,1.328469189828317,1.328469189828317,168 193,0,2,0,not_tested,0,not_tested,-1,0,0
433,696,243 247,2,2,0,1.3272031940988349,1.3272031940988349,243 247,0,2,0,not_tested,0,not_tested,-1,0,0
434,538,28 57,2,3,1,1.9113563904372801,1.3232467318411938,28 54 57 81,1,5,0,not_tested,0,not_tested,-1,0,0
435,542,232 246,2,3,1,1.8997389868532049,1.3152039139752958,161 184 190 204 207 208 232 246,7,13,0,not_tested,0,not_tested,-1,0,0
436,702,69 116,2,2,0,1.3142830294927379,1.3142830294927379,69 116,0,2,0,not_tested,0,not_tested,-1,0,0
437,703,228,1,1,0,1.3136648980947814,1.3136648980947814,228,0,1,0,not_tested,0,not_tested,-1,0,0
438,476,5 6 77 94,4,5,2,2.1139090348684739,1.3086103549185792,5 6 36 77 80 94 127,2,9,0,not_tested,0,not_tested,-1,0,0
439,546,219 220,2,3,1,1.8884664456439231,1.3073998469842545,219 220 236 243 247 260 269 280,3,9,0,not_tested,0,not_tested,-1,0,0
440,411,11,1,2,1,2.3532775769696359,1.3073764316497978,11 54 81,1,4,0,not_tested,0,not_tested,-1,0,0
441,258,132 133 175 236 254 269 280 281,8,12,7,3.0372142347369691,1.301663243458701,132 133 175 236 254 269 280 281,7,12,0,not_tested,0,not_tested,-1,0,0
442,550,124 127,2,3,1,1.8795478616697581,1.3012254426944481,71 73 120 121 124 127 131 146,3,12,0,not_tested,0,not_tested,-1,0,0
443,709,6 36,2,2,0,1.300202840954674,1.300202840954674,6 36,0,2,0,not_tested,0,not_tested,-1,0,0
444,710,225 227,2,2,0,1.2996477049649124,1.2996477049649124,225 227,0,2,0,not_tested,0,not_tested,-1,0,0
445,711,72,1,1,0,1.2992000901486036,1.2992000901486036,72,0,1,0,not_tested,0,not_tested,-1,0,0
446,540,28 30 43 44 58 60,6,6,2,1.906902815839099,1.2966939147705874,28 30 43 44 58 60 71,1,9,0,not_tested,0,not_tested,-1,0,0
447,150,14 132 133 175 236 248 259 280,8,15,10,3.7395634626468262,1.2873907002554645,14 132 133 175 236 248 259 280,10,15,0,not_tested,0,not_tested,-1,0,0
448,716,151,1,1,0,1.2841073190617349,1.2841073190617349,151,0,1,0,not_tested,0,not_tested,-1,0,0
449,719,254,1,1,0,1.2770220985666472,1.2770220985666472,254,0,1,0,not_tested,0,not_tested,-1,0,0
450,388,11 38 41 55 96 144 216,7,8,4,2.4749011637221154,1.2749490843416957,11 38 41 55 96 144 216 246,3,10,0,not_tested,0,not_tested,-1,0,0
451,721,146,1,1,0,1.2720032332882167,1.2720032332882167,146,0,1,0,not_tested,0,not_tested,-1,0,0
452,722,210,1,1,0,1.2703841043856978,1.2703841043856978,210,0,1,0,not_tested,0,not_tested,-1,0,0
453,423,167,1,2,1,2.2839784964099983,1.268876942449999,167 169 181 191 196 211 212,1,15,0,not_tested,0,not_tested,-1,0,0
454,723,125,1,1,0,1.2665267100694448,1.2665267100694448,125,0,1,0,not_tested,0,not_tested,-1,0,0
455,161,161 184 190 201 204 207 208,7,12,8,3.6304631152560836,1.2595484277419067,161 184 190 201 204 207 208 219,7,14,0,not_tested,0,not_tested,-1,0,0
456,724,121,1,1,0,1.2588355915519642,1.2588355915519642,121,0,1,0,not_tested,0,not_tested,-1,0,0
457,725,169,1,1,0,1.2537579834180066,1.2537579834180066,169,0,1,0,not_tested,0,not_tested,-1,0,0
458,431,73,1,2,1,2.255065893157334,1.2528143850874076,6 31 61 71 73 121 131,1,11,0,not_tested,0,not_tested,-1,0,0
459,432,57,1,2,1,2.2524648436072154,1.2513693575595641,54 57 81,1,4,0,not_tested,0,not_tested,-1,0,0
460,727,245,1,1,0,1.2483318411736155,1.2483318411736155,245,0,1,0,not_tested,0,not_tested,-1,0,0
461,263,7 23 29 36 62 80 154,7,10,6,3.0083910777268392,1.2473816663745434,7 23 29 35 36 62 80 154,6,15,0,not_tested,0,not_tested,-1,0,0
462,728,68,1,1,0,1.244863302445733,1.244863302445733,68,0,1,0,not_tested,0,not_tested,-1,0,0
463,267,107 124 135 151 152 153 154,7,10,6,2.9869223161576994,1.2384799847483146,107 124 135 137 151 152 153 154,5,13,0,not_tested,0,not_tested,-1,0,0
464,731,161,1,1,0,1.2358446519442972,1.2358446519442972,161,0,1,0,not_tested,0,not_tested,-1,0,0
465,352,27 82 99 115 238 243,6,9,5,2.643105728488238,1.2143999293054066,2 19 27 82 99 115 238 243,5,19,0,not_tested,0,not_tested,-1,0,0
466,334,78 107 256 274,4,7,4,2.7026164795228276,1.211517732199888,78 107 256 257 274 276,4,11,0,not_tested,0,not_tested,-1,0,0
467,242,256,1,3,2,3.123956684149257,1.201521801595868,240 243 245 256 262 273 277 278,2,18,0,not_tested,0,not_tested,-1,0,0
468,130,14 28 29,3,7,5,3.8646432704336746,1.1993720494449336,14 28 29 35 240 243 245 256,4,22,0,not_tested,0,not_tested,-1,0,0
469,739,82,1,1,0,1.1965233134240574,1.1965233134240574,82,0,1,0,not_tested,0,not_tested,-1,0,0
470,259,2 27 99 115,4,8,5,3.0368593264613439,1.196338522545378,2 27 82 99 115,4,9,0,not_tested,0,not_tested,-1,0,0
471,740,193,1,1,0,1.1947029136451011,1.1947029136451011,193,0,1,0,not_tested,0,not_tested,-1,0,0
472,741,131,1,1,0,1.194276094039421,1.194276094039421,131,0,1,0,not_tested,0,not_tested,-1,0,0
473,236,132 133 147 160 163 175 176,7,11,7,3.1535931341098666,1.1913574062192831,29 132 133 147 160 163 175 176,8,13,0,not_tested,0,not_tested,-1,0,0
474,208,35 160 163,3,6,4,3.3085241004994543,1.1910686761798035,29 35 135 137 151 155 160 163,4,14,0,not_tested,0,not_tested,-1,0,0
475,564,127 137 153,3,3,1,1.7204310524826074,1.1910676517187282,71 73 120 121 127 131 137 153,4,11,0,not_tested,0,not_tested,-1,0,0
476,261,14 28 29 30,4,8,5,3.0224254639539185,1.1906524554969982,14 28 29 30 35 256,5,13,0,not_tested,0,not_tested,-1,0,0
477,568,5 6 7,3,3,1,1.7087813397264775,1.1830024659644844,5 6 7 35,0,5,0,not_tested,0,not_tested,-1,0,0
478,746,168,1,1,0,1.181113637040905,1.181113637040905,168,0,1,0,not_tested,0,not_tested,-1,0,0
479,240,51 66 69 78 116 130 158 159,8,11,7,3.1250719692816769,1.1805827439508558,51 66 69 78 116 130 158 159,7,11,0,not_tested,0,not_tested,-1,0,0
480,215,65 107 124,3,6,4,3.2769058821200918,1.1796861175632332,65 107 124 137 240 243 245 247,1,22,0,not_tested,0,not_tested,-1,0,0
481,750,78,1,1,0,1.1775191439982529,1.1775191439982529,78,0,1,0,not_tested,0,not_tested,-1,0,0
482,571,151 166 167,3,3,1,1.6990066528435168,1.1762353750455117,151 166 167,1,3,0,not_tested,0,not_tested,-1,0,0
483,754,60,1,1,0,1.1756643138725948,1.1756643138725948,60,0,1,0,not_tested,0,not_tested,-1,0,0
484,755,166 168 193,3,2,0,1.1729913404930101,1.1729913404930101,166 168 193,0,2,0,not_tested,0,not_tested,-1,0,0
485,757,214,1,1,0,1.1683833190341768,1.1683833190341768,214,0,1,0,not_tested,0,not_tested,-1,0,0
486,758,137,1,1,0,1.1654491382109287,1.1654491382109287,137,0,1,0,not_tested,0,not_tested,-1,0,0
487,451,124 135 151,3,4,2,2.1924010025748064,1.1606828837160741,107 124 135 137 151 243 247,2,9,0,not_tested,0,not_tested,-1,0,0
488,760,69,1,1,0,1.1602419582446613,1.1602419582446613,69,0,1,0,not_tested,0,not_tested,-1,0,0
489,574,68 243 260,3,3,1,1.6725961751478189,1.1579511981792592,2 19 27 68 99 115 243 260,5,14,0,not_tested,0,not_tested,-1,0,0
490,226,160 238 243,3,6,4,3.2063610180903397,1.1542899665125224,19 82 160 238 240 243 245 247,2,24,0,not_tested,0,not_tested,-1,0,0
491,458,135 151 167,3,4,2,2.1755517938977946,1.1517627144164797,135 137 151 167,1,5,0,not_tested,0,not_tested,-1,0,0
492,341,43 49 167,3,5,3,2.6855041533321029,1.150930351428044,15 31 43 46 49 61 62 167,3,19,0,not_tested,0,not_tested,-1,0,0
493,342,192 195 196,3,5,3,2.6845563689461542,1.1505241581197803,167 192 195 196,2,7,0,not_tested,0,not_tested,-1,0,0
494,577,188 232 237,3,3,1,1.6494585252777541,1.1419328251922911,188 232 237,1,3,0,not_tested,0,not_tested,-1,0,0
495,578,122 125 197,3,3,1,1.6489869787958831,1.1416063699356114,29 122 125 197 202 219 260 267,5,19,0,not_tested,0,not_tested,-1,0,0
496,770,184,1,1,0,1.1395128036293531,1.1395128036293531,184,0,1,0,not_tested,0,not_tested,-1,0,0
497,771,190,1,1,0,1.1353779352794904,1.1353779352794904,190,0,1,0,not_tested,0,not_tested,-1,0,0
498,157,14 29 72,3,7,5,3.6568012046083664,1.1348693393612173,14 29 35 72 240 243 245 256,4,22,0,not_tested,0,not_tested,-1,0,0
499,772,96,1,1,0,1.1317433979165017,1.1317433979165017,96,0,1,0,not_tested,0,not_tested,-1,0,0
500,773,116,1,1,0,1.1308404820539413,1.1308404820539413,116,0,1,0,not_tested,0,not_tested,-1,0,0
501,581,122 125 135,3,3,1,1.6312296104818538,1.129312807256668,122 125 135 197 202 219 260 267,3,17,0,not_tested,0,not_tested,-1,0,0
502,582,127 170 182,3,3,1,1.6290503074603513,1.1278040590110123,71 73 120 121 127 131 170 182,4,11,0,not_tested,0,not_tested,-1,0,0
503,583,262 277 278,3,3,1,1.6269959195227139,1.1263817904388018,262 277 278,1,3,0,not_tested,0,not_tested,-1,0,0
504,356,238 243 260,3,5,3,2.627187581927056,1.1259375351115954,19 82 238 240 243 245 247 260,1,23,0,not_tested,0,not_tested,-1,0,0
505,777,69 116 130,3,2,0,1.1212923736027454,1.1212923736027454,69 116 130,0,2,0,not_tested,0,not_tested,-1,0,0
506,779,137 152 153,3,2,0,1.1173619207384224,1.1173619207384224,137 152 153,0,2,0,not_tested,0,not_tested,-1,0,0
507,556,90 112 126 168 193,5,5,2,1.8028534890514434,1.116052159888989,90 112 126 167 168 191 193,2,10,0,not_tested,0,not_tested,-1,0,0
508,557,54 76 81 91 225,5,5,2,1.7978657291424081,1.1129644989929193,54 76 81 91 166 192 210 225,1,12,0,not_tested,0,not_tested,-1,0,0
509,359,246 274 276,3,5,3,2.5958530767002568,1.1125084614429672,240 243 245 246 274 276,2,15,0,not_tested,0,not_tested,-1,0,0
510,386,82 99 115 238 243,5,7,4,2.4803846209136156,1.1118965542026553,2 19 27 82 99 115 238 243,5,19,0,not_tested,0,not_tested,-1,0,0
511,361,256 273 274,3,5,3,2.5933761404948314,1.1114469173549277,240 243 245 256 273 274,2,15,0,not_tested,0,not_tested,-1,0,0
512,484,225 256 269,3,4,2,2.0989308632663679,1.1111986923174888,225 240 243 245 256 269,1,14,0,not_tested,0,not_tested,-1,0,0
513,585,46 48 62,3,3,1,1.5994493727719885,1.1073111042267612,15 31 46 48 61 62,1,15,0,not_tested,0,not_tested,-1,0,0
514,390,7 23 36 62 80 154,6,7,4,2.4665455796976459,1.1056928460713586,7 23 35 36 62 80 154 160,5,13,0,not_tested,0,not_tested,-1,0,0
515,586,77 93 94,3,3,1,1.5944609739262705,1.1038575973335718,54 76 77 81 91 93 94,2,7,0,not_tested,0,not_tested,-1,0,0
516,394,36 62 80 154 171,5,7,4,2.4559446008554096,1.1009406831420803,35 36 62 80 154 171,3,9,0,not_tested,0,not_tested,-1,0,0
517,590,46 61 62,3,3,1,1.5888522718200082,1.0999746497215441,6 31 46 61 62 71 121 131,1,11,0,not_tested,0,not_tested,-1,0,0
518,592,6 61 62,3,3,1,1.5878346583090486,1.0992701480601106,6 31 61 62 71 121 131,1,9,0,not_tested,0,not_tested,-1,0,0
519,785,28 58 72,3,2,0,1.0934818896563308,1.0934818896563308,28 58 72,0,2,0,not_tested,0,not_tested,-1,0,0
520,379,51 66 78,3,5,3,2.5282508444694232,1.0835360762011812,6 7 23 35 51 66 78 160,4,14,0,not_tested,0,not_tested,-1,0,0
521,603,41 71 131,3,3,1,1.5551158688286824,1.076618678419857,41 54 71 81 131,1,5,0,not_tested,0,not_tested,-1,0,0
522,608,6 36 38,3,3,1,1.5478009595608586,1.0715545104652098,6 36 38 54 81,1,5,0,not_tested,0,not_tested,-1,0,0
523,788,77 91 94,3,2,0,1.0676113460790122,1.0676113460790122,77 91 94,0,2,0,not_tested,0,not_tested,-1,0,0
524,789,43 44 58,3,2,0,1.0664093429038515,1.0664093429038515,43 44 58,0,2,0,not_tested,0,not_tested,-1,0,0
525,513,188 204 205,3,4,2,2.01203620215218,1.0651956364335071,188 204 205 236 260 269 280,4,9,0,not_tested,0,not_tested,-1,0,0
526,790,36 80 96,3,2,0,1.0573484279746861,1.0573484279746861,36 80 96,0,2,0,not_tested,0,not_tested,-1,0,0
527,619,248 254 281,3,3,1,1.4954985304640127,1.0353451364750856,240 243 245 247 248 254 281,0,18,0,not_tested,0,not_tested,-1,0,0
528,167,78 107 124 256 274,5,11,8,3.5829878589222077,1.0350853814664158,78 107 124 137 243 247 256 274,6,14,0,not_tested,0,not_tested,-1,0,0
529,797,188 236 237,3,2,0,1.025190876099592,1.025190876099592,188 236 237,0,2,0,not_tested,0,not_tested,-1,0,0
530,626,214 216 228,3,3,1,1.467105440777307,1.0156883820765972,214 216 228 236 260 269 280,3,7,0,not_tested,0,not_tested,-1,0,0
531,412,232 246 276,3,5,3,2.3520117267677061,1.0080050257575883,232 246 262 273 276 277 278,5,10,0,not_tested,0,not_tested,-1,0,0
532,630,243 245 260,3,3,1,1.455376645867114,1.0075684471387711,19 243 245 260,0,5,0,not_tested,0,not_tested,-1,0,0
533,631,170 182 232,3,3,1,1.4550030664119309,1.0073098152082598,170 182 232,1,3,0,not_tested,0,not_tested,-1,0,0
534,544,48 49 50,3,4,2,1.8980372242440227,1.0048432363644826,15 31 46 48 49 50 61 62,2,23,0,not_tested,0,not_tested,-1,0,0
535,308,77 94 140 195,4,6,4,2.7894265610798201,1.0041935619887352,35 77 94 140 167 195,2,10,0,not_tested,0,not_tested,-1,0,0
536,284,107 124 205 220 236 280 281 283,8,12,8,2.8912704067905706,1.0030938146008102,107 124 205 220 236 280 281 283,8,12,0,not_tested,0,not_tested,-1,0,0
537,223,7 23 29 171,4,7,5,3.2315338868144416,1.0028898269424129,6 7 23 29 35 160 171,5,16,0,not_tested,0,not_tested,-1,0,0
538,377,205 220 236 280 281 283,6,8,5,2.5433232380193052,1.0019152149773021,205 220 236 260 269 280 281 283,3,12,0,not_tested,0,not_tested,-1,0,0
539,549,201 232 246,3,4,2,1.8808768553320656,0.99575833517579948,201 232 246,2,4,0,not_tested,0,not_tested,-1,0,0
540,804,210 225 269,3,2,0,0.99438407325794675,0.99438407325794675,210 225 269,0,2,0,not_tested,0,not_tested,-1,0,0
541,417,29 72 73,3,5,3,2.3155183239170514,0.9923649959644506,29 35 72 73,2,7,0,not_tested,0,not_tested,-1,0,0
542,300,72 105 132 133 147 163 175,7,9,6,2.8181280799500348,0.99015310917163379,29 72 105 132 133 147 163 175,7,11,0,not_tested,0,not_tested,-1,0,0
543,312,29 167 197 202 219 267,6,9,6,2.7789704687012082,0.97639502954366797,29 35 167 197 202 219 260 267,4,19,0,not_tested,0,not_tested,-1,0,0
544,425,262 273 277 278,4,5,3,2.276783187287954,0.97576422312340894,240 243 245 262 273 277 278,2,15,0,not_tested,0,not_tested,-1,0,0
545,665,5 6 7 23,4,3,1,1.3660488521877192,0.94572612843765169,5 6 7 23 35 160,2,9,0,not_tested,0,not_tested,-1,0,0
546,558,135 151 152 153,4,4,2,1.7796507971887034,0.94216806909990181,72 105 107 135 137 151 152 153,0,10,0,not_tested,0,not_tested,-1,0,0
547,559,54 76 81 91,4,4,2,1.7634173963747459,0.93357391572780668,54 76 81 91 166 192 210 225,1,12,0,not_tested,0,not_tested,-1,0,0
548,273,161 184 190 204 207 208,6,10,7,2.9409004560921645,0.93248063241946699,161 184 190 204 207 208 219 238,5,14,0,not_tested,0,not_tested,-1,0,0
549,286,161 190 202 204 207 208 267,7,10,7,2.8810297611013667,0.91349724132482357,161 190 202 204 207 208 260 267,6,12,0,not_tested,0,not_tested,-1,0,0
550,380,68 238 243 260,4,6,4,2.5151180058560558,0.90544248210818001,19 68 82 238 243 260,2,11,0,not_tested,0,not_tested,-1,0,0
551,715,36 62 80 154,4,3,1,1.2883576352340422,0.89193990131587542,15 31 36 46 61 62 80 154,1,18,0,not_tested,0,not_tested,-1,0,0
552,807,166 168,2,1,0,0.87419666471494717,0.87419666471494717,166 168,0,1,0,not_tested,0,not_tested,-1,0,0
553,595,166 167,2,2,1,1.5709375499564555,0.87274308330914196,166 167 169 181 191 196 211 212,1,15,0,not_tested,0,not_tested,-1,0,0
554,596,41 57,2,2,1,1.5706274252766255,0.87257079182034747,41 54 57 81,1,4,0,not_tested,0,not_tested,-1,0,0
555,597,210 211,2,2,1,1.5644154574350333,0.86911969857501858,169 181 191 201 210 211 232,2,10,0,not_tested,0,not_tested,-1,0,0
556,809,94 96,2,1,0,0.86815183004634044,0.86815183004634044,94 96,0,1,0,not_tested,0,not_tested,-1,0,0
557,601,54 81,2,2,1,1.561678012818704,0.8675988960103912,54 76 81 91 166 192 210 225,1,12,0,not_tested,0,not_tested,-1,0,0
558,602,220 248,2,2,1,1.5602842178122196,0.8668245654512331,29 133 220 236 248 260 269 280,8,10,0,not_tested,0,not_tested,-1,0,0
559,604,197 219,2,2,1,1.5536942634317705,0.86316347968431706,197 219 260,0,4,0,not_tested,0,not_tested,-1,0,0
560,609,124 152,2,2,1,1.5436387555760727,0.85757708643115149,124 137 152,0,3,0,not_tested,0,not_tested,-1,0,0
561,270,205 220 236 248 254 280 281 283,8,11,8,2.9672217824048519,0.85719740380584608,205 220 236 248 254 280 281 283,8,11,0,not_tested,0,not_tested,-1,0,0
562,815,243 245,2,1,0,0.85394347017288807,0.85394347017288807,243 245,0,1,0,not_tested,0,not_tested,-1,0,0
563,610,41 71,2,2,1,1.5363250159262518,0.85351389773680653,41 54 71 81,1,4,0,not_tested,0,not_tested,-1,0,0
564,282,211 256,2,4,3,2.9006713817392953,0.853138641688028,211 240 243 245 256,2,14,0,not_tested,0,not_tested,-1,0,0
565,343,11 38 41 55 96 144 159,7,10,7,2.6791067484512574,0.84947287146015471,11 38 41 55 96 144 159 246,6,12,0,not_tested,0,not_tested,-1,0,0
566,446,43 49,2,3,2,2.2073628212664929,0.84898570048711264,15 31 43 46 49 61 62,2,17,0,not_tested,0,not_tested,-1,0,0
567,614,243 260,2,2,1,1.5209700839809743,0.84498337998943018,19 243 260,0,4,0,not_tested,0,not_tested,-1,0,0
568,821,69 116 130 158,4,2,0,0.84018455661937586,0.84018455661937586,69 116 130 158,0,2,0,not_tested,0,not_tested,-1,0,0
569,302,29 73,2,4,3,2.8147756032984597,0.82787517744072348,6 29 35 61 71 73 121 131,3,14,0,not_tested,0,not_tested,-1,0,0
570,825,44 72,2,1,0,0.82608215333050594,0.82608215333050594,44 72,0,1,0,not_tested,0,not_tested,-1,0,0
571,826,80 96,2,1,0,0.82519861038213216,0.82519861038213216,80 96,0,1,0,not_tested,0,not_tested,-1,0,0
572,828,225 269,2,1,0,0.82417366499616862,0.82417366499616862,225 269,0,1,0,not_tested,0,not_tested,-1,0,0
573,292,107 124 205 220 236 243 247 280,8,11,8,2.8517749264514198,0.82384608986374352,107 124 205 220 236 243 247 280,8,11,0,not_tested,0,not_tested,-1,0,0
574,625,219 267,2,2,1,1.4745264032369183,0.81918133513162128,219 260 267,0,4,0,not_tested,0,not_tested,-1,0,0
575,831,182 197,2,1,0,0.81882234015194544,0.81882234015194544,182 197,0,1,0,not_tested,0,not_tested,-1,0,0
576,475,11 54,2,3,2,2.1174637190437,0.81440912270911547,11 54 81,1,4,0,not_tested,0,not_tested,-1,0,0
577,627,90 93,2,2,1,1.4606920531046645,0.81149558505814701,54 76 81 90 91 93,2,7,0,not_tested,0,not_tested,-1,0,0
578,840,91 107,2,1,0,0.8036027963204615,0.8036027963204615,91 107,0,1,0,not_tested,0,not_tested,-1,0,0
579,637,262 278,2,2,1,1.4449114617611145,0.80272858986728579,262 278,1,2,0,not_tested,0,not_tested,-1,0,0
580,639,260 262,2,2,1,1.4411820655760463,0.80065670309780346,260 262,1,2,0,not_tested,0,not_tested,-1,0,0
581,492,246 274,2,3,2,2.0809048915193129,0.80034803519973585,240 243 245 246 274,1,13,0,not_tested,0,not_tested,-1,0,0
582,842,58 72,2,1,0,0.7990395252317164,0.7990395252317164,58 72,0,1,0,not_tested,0,not_tested,-1,0,0
583,499,27 57,2,3,2,2.0589417826720626,0.79190068564310101,27 54 57 81,2,5,0,not_tested,0,not_tested,-1,0,0
584,645,232 248,2,2,1,1.4188533437618014,0.78825185764544525,161 184 190 204 207 208 232 248,7,12,0,not_tested,0,not_tested,-1,0,0
585,207,14 256,2,5,4,3.3090239760544327,0.78786285144153168,14 240 243 245 256,3,15,0,not_tested,0,not_tested,-1,0,0
586,506,29 140,2,3,2,2.0331184087840195,0.78196861876308443,29 35 140 160,2,6,0,not_tested,0,not_tested,-1,0,0
587,647,107 160,2,2,1,1.4041187199167118,0.78006595550928426,107 132 133 147 159 160 175 176,8,11,0,not_tested,0,not_tested,-1,0,0
588,850,116 130,2,1,0,0.77912086477599041,0.77912086477599041,116 130,0,1,0,not_tested,0,not_tested,-1,0,0
589,851,36 80,2,1,0,0.7788732514109149,0.7788732514109149,36 80,0,1,0,not_tested,0,not_tested,-1,0,0
590,555,11 38 41 55 96,5,5,3,1.8108801477723,0.77609149190241422,11 38 41 54 55 81 96 246,2,9,0,not_tested,0,not_tested,-1,0,0
591,357,51 65,2,4,3,2.6243786839559191,0.77187608351644676,7 23 35 51 65 66 78 160,5,17,0,not_tested,0,not_tested,-1,0,0
592,358,141 171,2,4,3,2.6185707898616282,0.77016787937106712,35 141 160 161 171 184 188 204,5,12,0,not_tested,0,not_tested,-1,0,0
593,855,158 161,2,1,0,0.76985788898105623,0.76985788898105623,158 161,0,1,0,not_tested,0,not_tested,-1,0,0
594,653,281 283,2,2,1,1.3842824634207112,0.76904581301150632,236 243 247 260 269 280 281 283,2,8,0,not_tested,0,not_tested,-1,0,0
595,301,161 190 204 207 208 267,6,8,6,2.8150862968493264,0.76775080823163455,161 190 204 207 208 219 260 267,5,12,0,not_tested,0,not_tested,-1,0,0
596,654,135 151,2,2,1,1.3814209873823251,0.76745610410129173,135 137 151,0,3,0,not_tested,0,not_tested,-1,0,0
597,857,125 135,2,1,0,0.76664802130624055,0.76664802130624055,125 135,0,1,0,not_tested,0,not_tested,-1,0,0
598,859,30 60,2,1,0,0.76372320579087027,0.76372320579087027,30 60,0,1,0,not_tested,0,not_tested,-1,0,0
599,661,121 131,2,2,1,1.3703690458724369,0.76131613659579833,29 35 101 121 131 160 163,4,14,0,not_tested,0,not_tested,-1,0,0
600,672,127 137,2,2,1,1.358296864123089,0.75460936895727171,71 73 120 121 127 131 137 146,3,11,0,not_tested,0,not_tested,-1,0,0
601,673,254 283,2,2,1,1.3536690822799413,0.75203837904441184,236 243 247 254 260 269 280 283,2,8,0,not_tested,0,not_tested,-1,0,0
602,674,210 224,2,2,1,1.3504553027386801,0.75025294596593339,90 93 112 126 168 193 210 224,3,14,0,not_tested,0,not_tested,-1,0,0
603,404,73 117 120 121 131,5,7,5,2.4134333897543256,0.74899656923410107,71 73 117 120 121 131 146,3,15,0,not_tested,0,not_tested,-1,0,0
604,531,51 117,2,3,2,1.9359484730587329,0.74459556656105119,7 23 35 51 66 78 117 160,5,14,0,not_tested,0,not_tested,-1,0,0
605,684,31 61,2,2,1,1.3373396999716074,0.74296649998422637,6 31 61 71 121 131,1,9,0,not_tested,0,not_tested,-1,0,0
606,533,160 238,2,3,2,1.9312258281903976,0.74277916468861449,160 238 240 245 247,1,11,0,not_tested,0,not_tested,-1,0,0
607,689,124 135,2,2,1,1.3322686241936375,0.74014923566313195,124 135 137,0,3,0,not_tested,0,not_tested,-1,0,0
608,691,48 50,2,2,1,1.3310655702400547,0.73948087235558591,15 31 46 48 50 61 62,1,17,0,not_tested,0,not_tested,-1,0,0
609,865,28 30,2,1,0,0.73800890667834873,0.73800890667834873,28 30,0,1,0,not_tested,0,not_tested,-1,0,0
610,537,195 228,2,3,2,1.9129262932925908,0.73574088203561194,167 195 228,1,5,0,not_tested,0,not_tested,-1,0,0
611,698,248 254,2,2,1,1.3204501350414757,0.73358340835637548,240 243 245 247 248 254,0,17,0,not_tested,0,not_tested,-1,0,0
612,870,245 247,2,1,0,0.72808274546377749,0.72808274546377749,245 247,0,1,0,not_tested,0,not_tested,-1,0,0
613,545,195 214,2,3,2,1.88997022015688,0.72691162313726154,167 195 214,1,5,0,not_tested,0,not_tested,-1,0,0
614,872,210 225,2,1,0,0.72560384146340706,0.72560384146340706,210 225,0,1,0,not_tested,0,not_tested,-1,0,0
615,707,78 107,2,2,1,1.304616349273596,0.72478686070755349,51 78 107 117 127 196 211 212,5,13,0,not_tested,0,not_tested,-1,0,0
616,314,35 132 133 147 163 175 176,7,9,7,2.7731807913528121,0.67455748978852181,29 35 132 133 147 163 175 176,7,11,0,not_tested,0,not_tested,-1,0,0
617,298,51 65 66,3,5,4,2.8229317200741919,0.67212660001766478,7 23 35 51 65 66 78 160,5,17,0,not_tested,0,not_tested,-1,0,0
618,429,73 120 121,3,4,3,2.2623720209918377,0.66540353558583465,29 35 73 101 120 121 160 163,6,15,0,not_tested,0,not_tested,-1,0,0
619,563,31 73 120,3,3,2,1.7265617624472513,0.66406221632586593,29 31 35 73 101 120 160 163,5,14,0,not_tested,0,not_tested,-1,0,0
620,744,36 62 80,3,2,1,1.1882590160261772,0.66014389779232063,15 31 36 46 61 62 80,1,17,0,not_tested,0,not_tested,-1,0,0
621,565,71 120 131,3,3,2,1.7134484631796569,0.65901863968448349,29 35 71 101 120 131 160 163,5,15,0,not_tested,0,not_tested,-1,0,0
622,745,160 245 247,3,2,1,1.1861472674606277,0.6589707041447932,160 245 247,1,2,0,not_tested,0,not_tested,-1,0,0
623,569,54 81 141,3,3,2,1.7071701050697135,0.65660388656527435,35 54 81 141,1,5,0,not_tested,0,not_tested,-1,0,0
624,749,280 281 283,3,2,1,1.178802473118802,0.65489026284377883,236 243 247 260 269 280 281 283,2,8,0,not_tested,0,not_tested,-1,0,0
625,759,80 93 96,3,2,1,1.1622791581838154,0.64571064343545292,54 76 80 81 91 93 96,2,6,0,not_tested,0,not_tested,-1,0,0
626,764,30 57 58,3,2,1,1.1569096825048584,0.64272760139158791,30 54 57 58 81,1,4,0,not_tested,0,not_tested,-1,0,0
627,575,51 69 116,3,3,2,1.6705413263991862,0.64251589476891768,7 23 35 51 66 69 78 116,5,13,0,not_tested,0,not_tested,-1,0,0
628,767,126 168 193,3,2,1,1.1537490607438667,0.64097170041325935,54 76 81 91 126 168 193,2,6,0,not_tested,0,not_tested,-1,0,0
629,461,71 121 133,3,4,3,2.1720424158197962,0.63883600465288126,29 35 71 121 133 135 151 155,4,13,0,not_tested,0,not_tested,-1,0,0
630,463,211 225 256,3,4,3,2.1702656724227603,0.6383134330655178,211 225 240 243 245 256,2,14,0,not_tested,0,not_tested,-1,0,0
631,281,132 133 175 236 248 259 280,7,10,8,2.9025986224411238,0.63715579517000287,29 132 133 175 236 248 259 280,10,12,0,not_tested,0,not_tested,-1,0,0
632,890,116 130 158,3,1,0,0.62317417886136328,0.62317417886136328,116 130 158,0,1,0,not_tested,0,not_tested,-1,0,0
633,363,163 188 206,3,5,4,2.5915410666978831,0.61703358730901969,29 35 135 151 155 163 188 206,5,14,0,not_tested,0,not_tested,-1,0,0
634,307,132 133 147 159 175 176 237,7,10,8,2.7943345364644503,0.61339050800439154,29 132 133 147 159 175 176 237,9,12,0,not_tested,0,not_tested,-1,0,0
635,587,99 101 117,3,3,2,1.5929340810918899,0.61266695426611151,71 73 99 101 117 120 121 131,5,16,0,not_tested,0,not_tested,-1,0,0
636,588,202 219 267,3,3,2,1.5917389060698415,0.61220727156532362,29 35 140 141 202 219 260 267,4,13,0,not_tested,0,not_tested,-1,0,0
637,589,11 38 41,3,3,2,1.591589933274304,0.61214997433627072,11 38 41 54 81 246,1,7,0,not_tested,0,not_tested,-1,0,0
638,593,73 120 161,3,3,2,1.586090836628228,0.61003493716470303,29 35 73 101 120 160 161 163,5,14,0,not_tested,0,not_tested,-1,0,0
639,372,115 238 243,3,5,4,2.5618597068826561,0.60996659687682286,19 82 115 238 240 243 245 247,2,23,0,not_tested,0,not_tested,-1,0,0
640,594,184 201 232,3,3,2,1.5837830314724752,0.6091473197971059,161 184 190 201 204 207 208 232,8,14,0,not_tested,0,not_tested,-1,0,0
641,374,29 48 50,3,5,4,2.5536077240701864,0.60800183906433014,29 35 48 50 127,3,8,0,not_tested,0,not_tested,-1,0,0
642,503,71 131 133,3,4,3,2.0505361752000195,0.60309887505882931,29 35 71 131 133 135 151 155,4,13,0,not_tested,0,not_tested,-1,0,0
643,599,77 94 140,3,3,2,1.5626865699065107,0.60103329611788869,15 35 48 50 77 94 140 141,3,15,0,not_tested,0,not_tested,-1,0,0
644,786,30 44 60,3,2,1,1.0803503342697398,0.60019463014985541,14 29 30 35 43 44 60 72,4,13,0,not_tested,0,not_tested,-1,0,0
645,326,5 6 7 23 77 94 140 195,8,10,8,2.7330549933077228,0.59993890096998792,5 6 7 23 77 94 140 195,8,10,0,not_tested,0,not_tested,-1,0,0
646,606,151 152 153,3,3,2,1.5508513131350559,0.5964812742827138,72 105 107 137 151 152 153,0,9,0,not_tested,0,not_tested,-1,0,0
647,338,132 133 135 147 151 155 163 175,8,10,8,2.6918617996538012,0.590896492606932,132 133 135 147 151 155 163 175,8,10,0,not_tested,0,not_tested,-1,0,0
648,792,36 38 80,3,2,1,1.046275831013908,0.58126435056328218,36 38 54 80 81,1,4,0,not_tested,0,not_tested,-1,0,0
649,524,257 274 276,3,4,3,1.9694748860761175,0.57925731943415226,240 243 245 257 274 276,2,14,0,not_tested,0,not_tested,-1,0,0
650,796,170 182 183,3,2,1,1.0318549600609122,0.57325275558939559,170 182 183 236 260 269 280,2,6,0,not_tested,0,not_tested,-1,0,0
651,534,141 144 171,3,4,3,1.92806016249636,0.56707651838128237,35 141 144 160 161 171 184 204,5,10,0,not_tested,0,not_tested,-1,0,0
652,898,44 58 72,3,1,0,0.56014853511403906,0.56014853511403906,44 58 72,0,1,0,not_tested,0,not_tested,-1,0,0
653,799,169 181 196,3,2,1,1.0074750801661476,0.55970837787008199,169 181 191 196 201 232,2,8,0,not_tested,0,not_tested,-1,0,0
654,633,124 152 153,3,3,2,1.4511108161400665,0.5581195446692564,107 124 137 152 153 243 247,4,9,0,not_tested,0,not_tested,-1,0,0
655,801,237 254 283,3,2,1,1.0006550515503423,0.55591947308352341,236 237 254 260 269 280 283,2,6,0,not_tested,0,not_tested,-1,0,0
656,313,99 115 238 243,4,6,5,2.7761793073570282,0.55523586147140558,2 19 27 82 99 115 238 243,5,19,0,not_tested,0,not_tested,-1,0,0
657,803,90 91 93,3,2,1,0.99764386246819614,0.55424659026010892,54 76 81 90 91 93,2,7,0,not_tested,0,not_tested,-1,0,0
658,553,11 38 41 55,4,4,3,1.8458392612868562,0.54289390037848706,11 38 41 54 55 81 246,2,8,0,not_tested,0,not_tested,-1,0,0
659,385,161 171 184 204,4,6,5,2.4898910920704327,0.49797821841408652,35 161 171 184 188 204 205,4,12,0,not_tested,0,not_tested,-1,0,0
660,244,159 160 238 243,4,8,7,3.1100402264481537,0.47121821612850812,19 82 159 160 238 243,6,11,0,not_tested,0,not_tested,-1,0,0
661,346,161 190 204 207 208,5,7,6,2.6670445443542943,0.45983526626798177,161 190 204 206 207 208 219 238,3,14,0,not_tested,0,not_tested,-1,0,0
662,832,76 91 166 210 225,5,2,1,0.81824108017039687,0.45457837787244276,76 91 166 210 225,1,2,0,not_tested,0,not_tested,-1,0,0
663,552,82 197 202 219 267,5,5,4,1.861548974172597,0.44322594623157069,29 35 82 197 202 219 260 267,4,13,0,not_tested,0,not_tested,-1,0,0
664,297,132 133 175 236 269 280,6,8,7,2.8239809678710084,0.42787590422288008,29 35 132 133 175 236 269 280,8,12,0,not_tested,0,not_tested,-1,0,0
665,491,205 220 236 280 283,5,6,5,2.081157812526484,0.4162315625052968,205 220 236 260 269 280 283,3,10,0,not_tested,0,not_tested,-1,0,0
666,253,132 133 147 159 175 176,6,9,8,3.0718896067120185,0.41512021712324576,29 35 132 133 147 159 175 176,8,13,0,not_tested,0,not_tested,-1,0,0
667,527,5 6 7 23 77 94 140,7,7,6,1.9540727273569434,0.33690909092361088,5 6 7 23 35 77 94 140,6,12,0,not_tested,0,not_tested,-1,0,0
668,340,161 190 201 202 204 207 208 267,8,10,9,2.687977493226589,0.32780213332031577,161 190 201 202 204 207 208 267,9,10,0,not_tested,0,not_tested,-1,0,0
669,660,211,1,1,1,1.3705256316902754,0.27410512633805506,169 181 191 201 211 232,2,9,0,not_tested,0,not_tested,-1,0,0
670,393,195,1,2,2,2.4591943457994039,0.27324381619993376,167 169 181 191 195 196 211 212,1,18,0,not_tested,0,not_tested,-1,0,0
671,667,50,1,1,1,1.3645814253094897,0.27291628506189791,15 31 46 50 61 62,1,15,0,not_tested,0,not_tested,-1,0,0
672,902,181,1,0,0,0.27267555191874726,0.27267555191874726,181,0,0,0,not_tested,0,not_tested,-1,0,0
673,903,155,1,0,0,0.27245316372823492,0.27245316372823492,155,0,0,0,not_tested,0,not_tested,-1,0,0
674,670,76,1,1,1,1.361800440940975,0.27236008818819502,36 62 76 80 154 171 214 228,5,13,0,not_tested,0,not_tested,-1,0,0
675,904,277,1,0,0,0.27166620688710846,0.27166620688710846,277,0,0,0,not_tested,0,not_tested,-1,0,0
676,402,276,1,2,2,2.4159069074716655,0.26843410083018504,240 243 245 262 273 276 277 278,3,17,0,not_tested,0,not_tested,-1,0,0
677,679,220,1,1,1,1.3419119284898338,0.26838238569796674,19 220 236 243 247 260 269 280,2,9,0,not_tested,0,not_tested,-1,0,0
678,685,90,1,1,1,1.3358250398740448,0.26716500797480897,54 76 81 90 91,2,6,0,not_tested,0,not_tested,-1,0,0
679,686,54,1,1,1,1.335499937081269,0.26709998741625379,54 76 91 166 192 210 225,1,9,0,not_tested,0,not_tested,-1,0,0
680,907,80,1,0,0,0.26687515114559085,0.26687515114559085,80,0,0,0,not_tested,0,not_tested,-1,0,0
681,908,152,1,0,0,0.26640970686715348,0.26640970686715348,152,0,0,0,not_tested,0,not_tested,-1,0,0
682,910,94,1,0,0,0.26595350716015131,0.26595350716015131,94,0,0,0,not_tested,0,not_tested,-1,0,0
683,692,141,1,1,1,1.3296700488731648,0.26593400977463294,35 141,0,3,0,not_tested,0,not_tested,-1,0,0
684,693,224,1,1,1,1.3294759054163596,0.26589518108327193,90 93 112 126 168 192 193 224,2,16,0,not_tested,0,not_tested,-1,0,0
685,189,171,1,3,3,3.4535534203539116,0.26565795541183934,35 161 171 184 188 204 205,4,12,0,not_tested,0,not_tested,-1,0,0
686,911,247,1,0,0,0.26331911690785781,0.26331911690785781,247,0,0,0,not_tested,0,not_tested,-1,0,0
687,700,38,1,1,1,1.3159112345732797,0.26318224691465597,38 54 81,1,3,0,not_tested,0,not_tested,-1,0,0
688,701,61,1,1,1,1.3156002808621692,0.26312005617243384,6 31 61 71 121 131,1,9,0,not_tested,0,not_tested,-1,0,0
689,912,237,1,0,0,0.26294388633251542,0.26294388633251542,237,0,0,0,not_tested,0,not_tested,-1,0,0
690,913,154,1,0,0,0.26257768486357608,0.26257768486357608,154,0,0,0,not_tested,0,not_tested,-1,0,0
691,704,31,1,1,1,1.308286299500697,0.26165725990013938,6 31 61 71 121 131,1,9,0,not_tested,0,not_tested,-1,0,0
692,915,105,1,0,0,0.26104034231706802,0.26104034231706802,105,0,0,0,not_tested,0,not_tested,-1,0,0
693,706,259,1,1,1,1.3047966071910935,0.26095932143821871,183 205 216 220 236 259 280 283,5,14,0,not_tested,0,not_tested,-1,0,0
694,916,281,1,0,0,0.26058056186310358,0.26058056186310358,281,0,0,0,not_tested,0,not_tested,-1,0,0
695,712,127,1,1,1,1.2982168300942076,0.25964336601884153,71 73 120 121 127 131 146,3,10,0,not_tested,0,not_tested,-1,0,0
696,717,283,1,1,1,1.2816755682609648,0.25633511365219297,19 236 243 247 260 269 280 283,1,9,0,not_tested,0,not_tested,-1,0,0
697,718,140,1,1,1,1.2779342894100778,0.25558685788201557,35 140,0,3,0,not_tested,0,not_tested,-1,0,0
698,720,48,1,1,1,1.2747555402888318,0.25495110805776633,15 31 46 48 61 62,1,15,0,not_tested,0,not_tested,-1,0,0
699,921,158,1,0,0,0.25162811728457524,0.25162811728457524,158,0,0,0,not_tested,0,not_tested,-1,0,0
700,922,30,1,0,0,0.25047837265719441,0.25047837265719441,30,0,0,0,not_tested,0,not_tested,-1,0,0
701,923,236,1,0,0,0.25010167134122641,0.25010167134122641,236,0,0,0,not_tested,0,not_tested,-1,0,0
702,726,93,1,1,1,1.2493790165826635,0.2498758033165327,54 76 81 91 93,2,5,0,not_tested,0,not_tested,-1,0,0
703,925,36,1,0,0,0.24872195359788379,0.24872195359788379,36,0,0,0,not_tested,0,not_tested,-1,0,0
704,729,205,1,1,1,1.2410872645566786,0.24821745291133571,19 205 236 243 247 260 269 280,2,10,0,not_tested,0,not_tested,-1,0,0
705,927,208,1,0,0,0.24800009406377194,0.24800009406377194,208,0,0,0,not_tested,0,not_tested,-1,0,0
706,930,170,1,0,0,0.24677618391243669,0.24677618391243669,170,0,0,0,not_tested,0,not_tested,-1,0,0
707,933,197,1,0,0,0.2441749035780208,0.2441749035780208,197,0,0,0,not_tested,0,not_tested,-1,0,0
708,732,27,1,1,1,1.2199607884616193,0.24399215769232385,11 27 38 39 41 54 55 57,3,18,0,not_tested,0,not_tested,-1,0,0
709,934,225,1,0,0,0.24380094388895659,0.24380094388895659,225,0,0,0,not_tested,0,not_tested,-1,0,0
710,935,280,1,0,0,0.24332828736744566,0.24332828736744566,280,0,0,0,not_tested,0,not_tested,-1,0,0
711,735,232,1,1,1,1.212596649093487,0.24251932981869739,161 184 190 204 207 208 219 232,6,13,0,not_tested,0,not_tested,-1,0,0
712,936,62,1,0,0,0.24167035158911471,0.24167035158911471,62,0,0,0,not_tested,0,not_tested,-1,0,0
713,937,243,1,0,0,0.24147053832568563,0.24147053832568563,243,0,0,0,not_tested,0,not_tested,-1,0,0
714,942,44,1,0,0,0.23617106077899944,0.23617106077899944,44,0,0,0,not_tested,0,not_tested,-1,0,0
715,943,267,1,0,0,0.23589188070222669,0.23589188070222669,267,0,0,0,not_tested,0,not_tested,-1,0,0
716,752,112,1,1,1,1.176820754300328,0.2353641508600656,54 76 81 91 112,2,5,0,not_tested,0,not_tested,-1,0,0
717,945,58,1,0,0,0.23476864887581847,0.23476864887581847,58,0,0,0,not_tested,0,not_tested,-1,0,0
718,947,91,1,0,0,0.23255892483383989,0.23255892483383989,91,0,0,0,not_tested,0,not_tested,-1,0,0
719,765,160,1,1,1,1.156868805316416,0.23137376106328322,29 132 133 147 159 160 175 176,9,12,0,not_tested,0,not_tested,-1,0,0
720,948,130,1,0,0,0.23099424768382001,0.23099424768382001,130,0,0,0,not_tested,0,not_tested,-1,0,0
721,949,135,1,0,0,0.23094340496610147,0.23094340496610147,135,0,0,0,not_tested,0,not_tested,-1,0,0
722,950,144,1,0,0,0.2302945663202495,0.2302945663202495,144,0,0,0,not_tested,0,not_tested,-1,0,0
723,769,55,1,1,1,1.1417238237326612,0.22834476474653226,54 55 81,1,3,0,not_tested,0,not_tested,-1,0,0
724,953,166,1,0,0,0.22758503984050074,0.22758503984050074,166,0,0,0,not_tested,0,not_tested,-1,0,0
725,505,29,1,2,2,2.0373763785223389,0.22637515316914875,29 35 124 135 151 152 153 155,2,16,0,not_tested,0,not_tested,-1,0,0
726,808,211 225,2,1,1,0.87146905115001649,0.17429381023000329,169 181 191 201 211 225 232,2,9,0,not_tested,0,not_tested,-1,0,0
727,810,38 39,2,1,1,0.86392180632067817,0.17278436126413563,38 39 54 81,1,3,0,not_tested,0,not_tested,-1,0,0
728,605,202 219,2,2,2,1.5534245856498929,0.172602731738877,39 54 57 81 202 219 260,1,10,0,not_tested,0,not_tested,-1,0,0
729,607,73 120,2,2,2,1.5495152170539022,0.17216835745043357,29 35 73 101 120 160 163,5,13,0,not_tested,0,not_tested,-1,0,0
730,812,115 116,2,1,1,0.85821658537395351,0.17164331707479069,115 116,1,1,0,not_tested,0,not_tested,-1,0,0
731,813,93 94,2,1,1,0.85555017999717109,0.1711100359994342,54 76 81 91 93 94,2,5,0,not_tested,0,not_tested,-1,0,0
732,814,61 62,2,1,1,0.85465099220003815,0.17093019844000762,6 31 61 62 71 121 131,1,9,0,not_tested,0,not_tested,-1,0,0
733,958,236 237,2,0,0,0.17052110363756126,0.17052110363756126,236 237,0,0,0,not_tested,0,not_tested,-1,0,0
734,171,14 29,2,5,5,3.560707385881527,0.16955749456578698,14 29 35 240 243 245 256,4,20,0,not_tested,0,not_tested,-1,0,0
735,818,152 153,2,1,1,0.84746972637996798,0.1694939452759936,137 152 153,0,2,0,not_tested,0,not_tested,-1,0,0
736,819,248 262,2,1,1,0.8465984587810047,0.16931969175620093,248 262,1,1,0,not_tested,0,not_tested,-1,0,0
737,615,224 259,2,2,2,1.5194899393231345,0.16883221548034827,90 93 112 126 168 193 224 259,4,14,0,not_tested,0,not_tested,-1,0,0
738,453,257 276,2,3,3,2.1876273838961349,0.16827902953047191,240 243 245 257 276,2,13,0,not_tested,0,not_tested,-1,0,0
739,965,154 170,2,0,0,0.16576754276285752,0.16576754276285752,154 170,0,0,0,not_tested,0,not_tested,-1,0,0
740,824,184 202,2,1,1,0.82745926649343615,0.16549185329868721,39 54 57 81 184 202,1,7,0,not_tested,0,not_tested,-1,0,0
741,468,49 167,2,3,3,2.1489490773338029,0.1653037751795233,15 31 46 49 61 62 167,3,17,0,not_tested,0,not_tested,-1,0,0
742,830,76 91,2,1,1,0.81975167007997174,0.16395033401599435,76 91,1,1,0,not_tested,0,not_tested,-1,0,0
743,834,90 91,2,1,1,0.81601010341751978,0.16320202068350395,54 76 81 90 91,2,6,0,not_tested,0,not_tested,-1,0,0
744,835,214 216,2,1,1,0.81465361221506583,0.16293072244301315,214 216 236 243 247 260 269 280,3,7,0,not_tested,0,not_tested,-1,0,0
745,836,93 126,2,1,1,0.81422589306162862,0.1628451786123257,54 76 81 91 93 126,2,5,0,not_tested,0,not_tested,-1,0,0
746,317,159 188,2,4,4,2.7664901757898459,0.16273471622293209,29 35 132 133 159 175 188 206,7,15,0,not_tested,0,not_tested,-1,0,0
747,321,107 124,2,4,4,2.7566603580837645,0.16215649165198612,107 124 137 240 243 245 247,1,20,0,not_tested,0,not_tested,-1,0,0
748,839,141 144,2,1,1,0.80981627486505481,0.16196325497301095,35 141 144,0,3,0,not_tested,0,not_tested,-1,0,0
749,969,30 58,2,0,0,0.16088841739287549,0.16088841739287549,30 58,0,0,0,not_tested,0,not_tested,-1,0,0
750,634,48 49,2,2,2,1.446241995414604,0.16069355504606708,15 31 46 48 49 61 62,2,16,0,not_tested,0,not_tested,-1,0,0
751,636,38 55,2,2,2,1.4451142758725759,0.16056825287473064,38 54 55 81 246,1,6,0,not_tested,0,not_tested,-1,0,0
752,489,144 171,2,3,3,2.0862385902128797,0.16047989155483691,35 144 161 171 184 188 204 205,4,12,0,not_tested,0,not_tested,-1,0,0
753,970,280 281,2,0,0,0.16015956718321844,0.16015956718321844,280 281,0,0,0,not_tested,0,not_tested,-1,0,0
754,640,38 54,2,2,2,1.4407474737250743,0.16008305263611936,38 54 81,1,3,0,not_tested,0,not_tested,-1,0,0
755,333,160 163,2,4,4,2.710751878214829,0.15945599283616638,29 35 135 137 151 155 160 163,4,14,0,not_tested,0,not_tested,-1,0,0
756,642,201 232,2,2,2,1.4346398830749967,0.15940443145277738,161 184 190 201 204 207 208 232,8,14,0,not_tested,0,not_tested,-1,0,0
757,846,169 196,2,1,1,0.79029981323298737,0.15805996264659747,169 181 191 196 201 232,2,8,0,not_tested,0,not_tested,-1,0,0
758,847,176 190,2,1,1,0.78932284679374209,0.1578645693587484,29 35 132 133 175 176 190 206,4,14,0,not_tested,0,not_tested,-1,0,0
759,648,54 55,2,2,2,1.4013925745589253,0.1557102860621028,54 55 81,1,3,0,not_tested,0,not_tested,-1,0,0
760,852,182 183,2,1,1,0.7758000720068301,0.15516001440136601,170 182 183 236 260 269 280,2,6,0,not_tested,0,not_tested,-1,0,0
761,649,11 41,2,2,2,1.3954935861675934,0.15505484290751037,11 41 54 81 246,1,6,0,not_tested,0,not_tested,-1,0,0
762,975,155 170,2,0,0,0.1544526893736812,0.1544526893736812,155 170,0,0,0,not_tested,0,not_tested,-1,0,0
763,651,76 141,2,2,2,1.3867585861548757,0.15408428735054172,35 76 141,1,4,0,not_tested,0,not_tested,-1,0,0
764,854,205 208,2,1,1,0.77029189022491351,0.15405837804498271,205 208 236 243 247 260 269 280,3,8,0,not_tested,0,not_tested,-1,0,0
765,856,39 55,2,1,1,0.76783408487501104,0.15356681697500221,39 54 55 81,1,3,0,not_tested,0,not_tested,-1,0,0
766,656,188 204,2,2,2,1.3781104348569331,0.15312338165077033,188 204 205 236 260 269 280,4,9,0,not_tested,0,not_tested,-1,0,0
767,858,36 38,2,1,1,0.7641641582565315,0.15283283165130629,36 38 54 81,1,3,0,not_tested,0,not_tested,-1,0,0
768,860,82 99,2,1,1,0.76044028299086142,0.15208805659817226,51 65 66 69 78 82 99 116,3,16,0,not_tested,0,not_tested,-1,0,0
769,861,99 101,2,1,1,0.75770660478925411,0.15154132095785081,51 65 66 69 78 99 101 116,3,16,0,not_tested,0,not_tested,-1,0,0
770,669,49 50,2,2,2,1.362011048058553,0.15133456089539477,15 31 46 49 50 61 62,2,16,0,not_tested,0,not_tested,-1,0,0
771,862,99 116,2,1,1,0.74987253614785243,0.14997450722957045,51 65 66 69 78 99 116,3,15,0,not_tested,0,not_tested,-1,0,0
772,863,94 112,2,1,1,0.74394360253746883,0.14878872050749375,54 76 81 91 94 112,2,5,0,not_tested,0,not_tested,-1,0,0
773,683,51 69,2,2,2,1.3374773418525052,0.14860859353916722,7 23 35 51 66 69 78 160,5,13,0,not_tested,0,not_tested,-1,0,0
774,977,30 44,2,0,0,0.14693845154802812,0.14693845154802812,30 44,0,0,0,not_tested,0,not_tested,-1,0,0
775,541,238 243,2,3,3,1.9049551029601943,0.14653500792001495,19 82 238 240 243 245 247,1,21,0,not_tested,0,not_tested,-1,0,0
776,866,140 154,2,1,1,0.73250791977036878,0.14650158395407373,35 140 154,0,3,0,not_tested,0,not_tested,-1,0,0
777,868,280 283,2,1,1,0.73167198773002851,0.14633439754600569,19 236 243 247 260 269 280 283,1,9,0,not_tested,0,not_tested,-1,0,0
778,869,248 280,2,1,1,0.72921598092844087,0.14584319618568817,29 35 133 236 243 247 248 280,5,9,0,not_tested,0,not_tested,-1,0,0
779,705,76 90,2,2,2,1.3067307318828898,0.14519230354254331,54 76 81 90 91,2,6,0,not_tested,0,not_tested,-1,0,0
780,713,55 96,2,2,2,1.2975904202083453,0.1441767133564828,54 55 81 96 246,1,6,0,not_tested,0,not_tested,-1,0,0
781,562,141 224 259,3,3,3,1.7428643945280711,0.13406649188677469,35 141 224 259,2,5,0,not_tested,0,not_tested,-1,0,0
782,424,14 54 81,3,4,4,2.2774872598843667,0.13396983881672747,14 54 81 240 243 245 256,4,17,0,not_tested,0,not_tested,-1,0,0
783,428,91 107 124,3,4,4,2.266792556103066,0.13334073859429801,91 107 124 137 240 243 245 247,1,20,0,not_tested,0,not_tested,-1,0,0
784,738,36 38 55,3,2,2,1.1970547874769217,0.13300608749743575,36 38 54 55 81 246,1,6,0,not_tested,0,not_tested,-1,0,0
785,880,76 91 225,3,1,1,0.65580389659774896,0.13116077931954978,76 91 225,1,1,0,not_tested,0,not_tested,-1,0,0
786,570,144 154 171,3,3,3,1.7039741600016802,0.13107493538474463,35 144 154 161 171 184 188 204,4,10,0,not_tested,0,not_tested,-1,0,0
787,329,14 29 30,3,5,5,2.7262437132374582,0.12982112920178371,14 29 30 35 240 243 245 256,4,20,0,not_tested,0,not_tested,-1,0,0
788,883,28 30 58,3,1,1,0.64885596654175726,0.12977119330835146,14 28 29 30 35 43 58 72,4,14,0,not_tested,0,not_tested,-1,0,0
789,573,43 49 262,3,3,3,1.6733917148152022,0.12872243960116939,15 31 43 46 49 61 62 262,3,17,0,not_tested,0,not_tested,-1,0,0
790,766,82 125 202,3,2,2,1.1552614573108499,0.12836238414564999,39 54 57 81 82 125 202 260,1,10,0,not_tested,0,not_tested,-1,0,0
791,579,161 184 204,3,3,3,1.640821535928666,0.12621704122528199,161 184 188 204 205 236 269 280,6,10,0,not_tested,0,not_tested,-1,0,0
792,889,28 30 44,3,1,1,0.62847307070745839,0.12569461414149166,14 28 29 30 35 43 44 72,4,14,0,not_tested,0,not_tested,-1,0,0
793,778,38 39 55,3,2,2,1.1195105438588515,0.12439006042876127,38 39 54 55 81 246,1,6,0,not_tested,0,not_tested,-1,0,0
794,477,29 73 120,3,4,4,2.1108209727978462,0.12416593957634389,29 35 73 101 120 160 163,5,13,0,not_tested,0,not_tested,-1,0,0
795,891,69 80 81,3,1,1,0.61808612580053413,0.12361722516010683,69 80 81,1,1,0,not_tested,0,not_tested,-1,0,0
796,781,38 41 55,3,2,2,1.1101418141426456,0.12334909046029395,38 41 54 55 81 246,1,6,0,not_tested,0,not_tested,-1,0,0
797,783,201 232 237,3,2,2,1.098951050608995,0.12210567228988833,201 232 237,2,2,0,not_tested,0,not_tested,-1,0,0
798,892,76 91 94,3,1,1,0.59905203684959152,0.1198104073699183,76 91 94,1,1,0,not_tested,0,not_tested,-1,0,0
799,787,146 161 204,3,2,2,1.0752423975814778,0.11947137750905308,146 161 188 204 205 236 269 280,5,9,0,not_tested,0,not_tested,-1,0,0
800,508,155 160 163,3,4,4,2.0306416303116812,0.11944950766539303,29 35 135 137 151 155 160 163,4,14,0,not_tested,0,not_tested,-1,0,0
801,893,80 81 96,3,1,1,0.59109421278278518,0.11821884255655704,80 81 96,1,1,0,not_tested,0,not_tested,-1,0,0
802,612,38 54 55,3,3,3,1.5285179517960239,0.11757830398430953,38 54 55 81 246,1,6,0,not_tested,0,not_tested,-1,0,0
803,791,197 202 219,3,2,2,1.0515821151978761,0.11684245724420844,29 35 140 141 197 202 219 260,4,12,0,not_tested,0,not_tested,-1,0,0
804,793,76 90 91,3,2,2,1.0437430351425629,0.11597144834917367,54 76 81 90 91,2,6,0,not_tested,0,not_tested,-1,0,0
805,525,232 257 276,3,4,4,1.9687332907280199,0.11580784063106001,232 240 243 245 257 276,3,14,0,not_tested,0,not_tested,-1,0,0
806,794,204 254 281,3,2,2,1.0395814477353296,0.11550904974836995,188 204 205 236 254 269 280 281,5,9,0,not_tested,0,not_tested,-1,0,0
807,528,159 176 188,3,4,4,1.9459785211954865,0.1144693247762051,29 35 132 133 159 175 176 188,8,12,0,not_tested,0,not_tested,-1,0,0
808,798,236 269 280,3,2,2,1.0199625105377994,0.11332916783753327,236 240 243 245 247 269 280,0,17,0,not_tested,0,not_tested,-1,0,0
809,536,107 124 152,3,4,4,1.9194278911061948,0.11290752300624676,107 124 137 152 240 243 245 247,2,20,0,not_tested,0,not_tested,-1,0,0
810,899,183 214 216,3,1,1,0.55984811563514814,0.11196962312702963,183 214 216 236 260 269 280,3,5,0,not_tested,0,not_tested,-1,0,0
811,632,246 257 259,3,3,3,1.4535449614372355,0.11181115087978734,240 243 245 246 257 259,2,13,0,not_tested,0,not_tested,-1,0,0
812,547,132 133 175,3,4,4,1.8846388569081647,0.11086110922989205,14 29 35 132 133 175 206 256,7,17,0,not_tested,0,not_tested,-1,0,0
813,443,205 220 236 280,4,5,5,2.2136971696326273,0.10541415093488703,205 220 236 243 247 260 269 280,3,11,0,not_tested,0,not_tested,-1,0,0
814,560,197 202 219 267,4,4,4,1.7602031775885978,0.10354136338756458,29 35 167 197 202 219 260 267,4,19,0,not_tested,0,not_tested,-1,0,0
815,375,107 124 152 153,4,6,6,2.5535240569661739,0.10214096227864694,107 124 137 152 153 243 247,4,9,0,not_tested,0,not_tested,-1,0,0
816,502,107 124 254 280,4,5,5,2.0506376706016334,0.097649412885792056,107 124 137 243 247 254 280,3,8,0,not_tested,0,not_tested,-1,0,0
817,305,107 124 152 153 160,5,7,7,2.7953168532787331,0.096390236319956316,107 124 137 152 153 160 243 247,6,10,0,not_tested,0,not_tested,-1,0,0
818,730,28 30 44 58 60,5,3,3,1.2401877972806012,0.095399061329277016,28 30 43 44 58 60 71,1,9,0,not_tested,0,not_tested,-1,0,0
819,251,107 124 205 220 236 280,6,9,9,3.0788260882299752,0.083211515898107449,107 124 137 205 220 236 260 280,7,12,0,not_tested,0,not_tested,-1,0,0
820,584,183 205 216 220 236 280,6,5,5,1.6109041087824822,0.076709719465832493,183 205 216 220 236 260 269 280,3,9,0,not_tested,0,not_tested,-1,0,0
821,478,132 133 147 163 175 176,6,7,7,2.1098674640282353,0.072754050483732263,29 35 132 133 147 163 175 176,7,11,0,not_tested,0,not_tested,-1,0,0
822,482,107 124 137 152 153 204,6,7,7,2.1015339103130461,0.072466686562518839,107 124 137 152 153 188 204 205,7,11,0,not_tested,0,not_tested,-1,0,0
823,318,14 29 132 133 147 163 175,7,10,10,2.7642404505142348,0.067420498793030123,14 29 35 132 133 147 163 175,9,12,0,not_tested,0,not_tested,-1,0,0
824,304,5 7 23 29 76 94 140 195,8,10,11,2.8010047066316832,-0.20495156389987926,5 7 23 29 76 94 140 195,11,10,0,not_tested,0,not_tested,-1,0,0
825,485,29 132 133 147 163 175,6,7,8,2.0981751360627636,-0.21705260028235487,29 35 132 133 147 163 175 206,6,12,0,not_tested,0,not_tested,-1,0,0
826,406,161 190 201 204 207 208,6,7,8,2.4046510261590766,-0.24875700270611137,161 190 201 204 207 208 219 238,6,11,0,not_tested,0,not_tested,-1,0,0
827,396,132 133 175 236 259 280,6,7,8,2.4410070028760691,-0.25251796581476577,29 35 132 133 175 236 259 280,9,11,0,not_tested,0,not_tested,-1,0,0
828,408,132 133 175 236 280,5,6,7,2.3741504783801419,-0.28489805740561697,29 35 132 133 175 206 236 280,7,13,0,not_tested,0,not_tested,-1,0,0
829,554,5 7 23 29,4,4,5,1.8326976237284232,-0.32341722771678055,5 6 7 23 29 35 127 160,6,13,0,not_tested,0,not_tested,-1,0,0
830,530,205 220 236,3,4,5,1.9365443719746462,-0.34174312446611405,19 205 220 236 243 247 260,3,10,0,not_tested,0,not_tested,-1,0,0
831,895,112 154 183,3,1,2,0.57394386274034737,-0.34436631764420839,112 154 183 236 260 269 280,4,5,0,not_tested,0,not_tested,-1,0,0
832,894,140 154 183,3,1,2,0.58667998415937628,-0.3520079904956257,35 140 154 183 236 260 269 280,3,7,0,not_tested,0,not_tested,-1,0,0
833,600,196 257 276,3,3,4,1.5620242514473406,-0.36046713494938626,196 240 243 245 257 276,3,13,0,not_tested,0,not_tested,-1,0,0
834,591,51 66 69,3,3,4,1.5882241507590451,-0.36651326555977959,7 23 35 51 66 69 78 160,5,13,0,not_tested,0,not_tested,-1,0,0
835,775,220 236 248,3,2,3,1.1256233477315576,-0.37520778257718584,220 236 240 243 245 247 248,1,17,0,not_tested,0,not_tested,-1,0,0
836,580,7 23 29,3,3,4,1.6347228758406767,-0.37724374057861765,6 7 23 29 35 160 238 243,6,16,0,not_tested,0,not_tested,-1,0,0
837,983,154 183 216,3,0,1,0.12680945374741878,-0.38042836124225632,154 183 216 236 260 269 280,3,4,0,not_tested,0,not_tested,-1,0,0
838,886,81 82 99,3,1,2,0.63855014459438775,-0.38313008675663263,81 82 99,2,1,0,not_tested,0,not_tested,-1,0,0
839,982,181 196 212,3,0,1,0.12787720625301549,-0.3836316187590465,169 181 191 196 201 212 232,2,8,0,not_tested,0,not_tested,-1,0,0
840,763,161 204 205,3,2,3,1.1569467879164015,-0.38564892930546713,161 188 204 205 236 260 269 280,4,10,0,not_tested,0,not_tested,-1,0,0
841,756,39 51 69,3,2,3,1.1715817366113765,-0.39052724553712548,39 51 54 66 69 78 81,4,8,0,not_tested,0,not_tested,-1,0,0
842,881,115 155 160,3,1,2,0.65177339927930877,-0.39106403956758523,115 155 160,2,1,0,not_tested,0,not_tested,-1,0,0
843,748,5 7 31,3,2,3,1.1801113803969565,-0.3933704601323188,5 6 7 31 35,1,6,0,not_tested,0,not_tested,-1,0,0
844,878,5 7 23,3,1,2,0.65834700400377411,-0.39500820240226447,5 6 7 23 35 160,2,9,0,not_tested,0,not_tested,-1,0,0
845,875,232 247 262,3,1,2,0.66836056324001059,-0.40101633794400632,232 247 262,2,1,0,not_tested,0,not_tested,-1,0,0
846,736,27 99 101,3,2,3,1.206413232943957,-0.40213774431465227,27 82 99 101,2,3,0,not_tested,0,not_tested,-1,0,0
847,874,7 23 36,3,1,2,0.6717043762753423,-0.40302262576520537,6 7 23 35 36 160,2,9,0,not_tested,0,not_tested,-1,0,0
848,714,205 220,2,2,3,1.2975071126856479,-0.43250237089521598,205 220 240 243 245 247,1,17,0,not_tested,0,not_tested,-1,0,0
849,548,14 54,2,3,4,1.8838658554055037,-0.43473827432434703,14 54 240 243 245 256,4,16,0,not_tested,0,not_tested,-1,0,0
850,871,82 202,2,1,2,0.72651617710435779,-0.43590970626261466,39 54 57 81 82 202 260,1,9,0,not_tested,0,not_tested,-1,0,0
851,978,183 216,2,0,1,0.14630640243045484,-0.43891920729136458,183 216 236 243 247 260 269 280,3,6,0,not_tested,0,not_tested,-1,0,0
852,867,120 131,2,1,2,0.73182625527053158,-0.43909575316231897,29 35 101 120 131 160 163,5,13,0,not_tested,0,not_tested,-1,0,0
853,697,195 212,2,2,3,1.3207932564144518,-0.44026441880481731,167 169 181 191 195 201 212 232,3,13,0,not_tested,0,not_tested,-1,0,0
854,675,117 120,2,2,3,1.3480036299415332,-0.44933454331384443,29 35 101 117 120 160 163,6,13,0,not_tested,0,not_tested,-1,0,0
855,976,181 196,2,0,1,0.1504832331837761,-0.45144969955132841,169 181 191 196 201 232,2,8,0,not_tested,0,not_tested,-1,0,0
856,652,131 133,2,2,3,1.384635126761476,-0.46154504225382537,29 35 131 133 135 137 151 155,3,12,0,not_tested,0,not_tested,-1,0,0
857,452,5 7 23 29 94 140 195,7,8,10,2.1904109548311519,-0.4646326267823655,5 7 23 29 35 94 140 195,10,13,0,not_tested,0,not_tested,-1,0,0
858,853,5 7,2,1,2,0.77483332726457499,-0.46489999635874502,5 6 7 35,0,5,0,not_tested,0,not_tested,-1,0,0
859,849,184 204,2,1,2,0.78011808058543686,-0.46807084835126211,184 188 204 205 236 260 269 280,4,10,0,not_tested,0,not_tested,-1,0,0
860,848,205 207,2,1,2,0.78568944882458869,-0.4714136692947532,205 206 207 236 260 269 280,3,9,0,not_tested,0,not_tested,-1,0,0
861,974,80 81,2,0,1,0.15782558562763788,-0.47347675688291369,76 80 81 91 166 192 210 225,1,8,0,not_tested,0,not_tested,-1,0,0
862,844,216 259,2,1,2,0.79590974766807321,-0.47754584860084393,216 236 243 247 259 260 269 280,4,7,0,not_tested,0,not_tested,-1,0,0
863,843,257 274,2,1,2,0.79804075847596312,-0.47882445508557792,240 243 245 257 274,1,11,0,not_tested,0,not_tested,-1,0,0
864,638,167 273,2,2,3,1.4412597956577977,-0.48041993188593263,167 240 243 245 273,2,12,0,not_tested,0,not_tested,-1,0,0
865,967,262 277,2,0,1,0.16181812742843452,-0.48545438228530358,262 277,1,0,0,not_tested,0,not_tested,-1,0,0
866,628,161 175,2,2,3,1.458844253258567,-0.48628141775285572,29 35 135 137 151 155 161 175,3,12,0,not_tested,0,not_tested,-1,0,0
867,838,161 204,2,1,2,0.81149084659979343,-0.4868945079598761,161 188 204 205 236 260 269 280,4,10,0,not_tested,0,not_tested,-1,0,0
868,966,115 155,2,0,1,0.16238114897814454,-0.48714344693443368,115 155,1,0,0,not_tested,0,not_tested,-1,0,0
869,837,94 140,2,1,2,0.81270924529826705,-0.48762554717896023,15 35 48 50 77 94 140 141,3,15,0,not_tested,0,not_tested,-1,0,0
870,833,7 23,2,1,2,0.81639631786117739,-0.48983779071670647,6 7 23 35 160,2,9,0,not_tested,0,not_tested,-1,0,0
871,623,205 236,2,2,3,1.4812903669604303,-0.49376345565347679,205 236 240 243 245 247 269 280,2,19,0,not_tested,0,not_tested,-1,0,0
872,827,184 201,2,1,2,0.82453774821543235,-0.49472264892925943,161 184 190 201 204 207 208 219,7,14,0,not_tested,0,not_tested,-1,0,0
873,467,163 206,2,3,4,2.1495660120227535,-0.4960536950821739,29 35 135 137 151 155 163 206,4,13,0,not_tested,0,not_tested,-1,0,0
874,823,202 267,2,1,2,0.8281464009960614,-0.49688784059763685,39 54 57 81 202 260 267,1,9,0,not_tested,0,not_tested,-1,0,0
875,964,94 126,2,0,1,0.16592620243515055,-0.49777860730545165,54 76 81 91 94 126,2,4,0,not_tested,0,not_tested,-1,0,0
876,962,207 208,2,0,1,0.16674728682568765,-0.50024186047706298,206 207 208,0,3,0,not_tested,0,not_tested,-1,0,0
877,961,247 262,2,0,1,0.16758934277911464,-0.50276802833734391,247 262,1,0,0,not_tested,0,not_tested,-1,0,0
878,960,99 130,2,0,1,0.16774144553086756,-0.50322433659260279,51 65 66 69 78 99 116 130,3,17,0,not_tested,0,not_tested,-1,0,0
879,616,133 236,2,2,3,1.5119294568918871,-0.50397648563062902,29 35 133 135 137 151 155 236,3,12,0,not_tested,0,not_tested,-1,0,0
880,611,195 196,2,2,3,1.5293847212442797,-0.50979490708142661,167 169 181 191 195 196 201 232,3,13,0,not_tested,0,not_tested,-1,0,0
881,817,5 31,2,1,2,0.85018683541785689,-0.51011210125071416,5 6 31 61 71 121 131,1,9,0,not_tested,0,not_tested,-1,0,0
882,444,159 161,2,3,4,2.2114292355301148,-0.51032982358387269,29 35 132 133 159 161 175 206,7,14,0,not_tested,0,not_tested,-1,0,0
883,957,154 183,2,0,1,0.17116599289345658,-0.51349797868036984,154 183 236 243 247 260 269 280,3,6,0,not_tested,0,not_tested,-1,0,0
884,811,81 141,2,1,2,0.86138587391206956,-0.51683152434724178,35 81 141,1,3,0,not_tested,0,not_tested,-1,0,0
885,576,43 49 167 262 273 277,6,5,7,1.6687530284408674,-0.55625100948028916,43 49 167 262 273 277 278,6,14,0,not_tested,0,not_tested,-1,0,0
886,753,183 205 216 220 283,5,3,5,1.1763996142091866,-0.63344594611263894,183 205 216 220 243 247 260 283,4,7,0,not_tested,0,not_tested,-1,0,0
887,522,132 133 147 163 175,5,5,7,1.9782221620372751,-0.65940738734575832,29 35 132 133 147 163 175 206,6,12,0,not_tested,0,not_tested,-1,0,0
888,951,216,1,0,1,0.23012013626543559,-0.69036040879630678,19 216 236 243 247 260 269 280,2,8,0,not_tested,0,not_tested,-1,0,0
889,946,176,1,0,1,0.23392611063627472,-0.70177833190882422,14 29 35 132 133 175 176 206,6,16,0,not_tested,0,not_tested,-1,0,0
890,751,49,1,1,2,1.1772513124525112,-0.7063507874715067,15 31 46 49 61 62,2,15,0,not_tested,0,not_tested,-1,0,0
891,940,202,1,0,1,0.23835191793902913,-0.71505575381708741,39 54 57 81 202,1,6,0,not_tested,0,not_tested,-1,0,0
892,939,212,1,0,1,0.24038505516568251,-0.7211551654970475,169 181 191 201 212 232,2,8,0,not_tested,0,not_tested,-1,0,0
893,938,41,1,0,1,0.24130039635935846,-0.72390118907807532,41 54 81,1,2,0,not_tested,0,not_tested,-1,0,0
894,733,51,1,1,2,1.2178418438809826,-0.73070510632858954,6 7 23 35 51 66 78 160,4,14,0,not_tested,0,not_tested,-1,0,0
895,350,14 132 175 259,4,6,8,2.6480515983276449,-0.74145444753174061,14 29 35 132 175 206 256 259,8,17,0,not_tested,0,not_tested,-1,0,0
896,928,99,1,0,1,0.24785443077256517,-0.74356329231769547,51 65 66 69 78 99 116,3,15,0,not_tested,0,not_tested,-1,0,0
897,926,196,1,0,1,0.24807771165168283,-0.7442331349550485,169 181 191 196 201 232,2,8,0,not_tested,0,not_tested,-1,0,0
898,924,39,1,0,1,0.24929048369627696,-0.74787145108883091,39 54 81,1,2,0,not_tested,0,not_tested,-1,0,0
899,920,207,1,0,1,0.25424838146430456,-0.76274514439291363,206 207,0,3,0,not_tested,0,not_tested,-1,0,0
900,919,183,1,0,1,0.25491936778768859,-0.76475810336306571,19 183 236 243 247 260 269 280,2,8,0,not_tested,0,not_tested,-1,0,0
901,310,159 160 163,3,6,8,2.7801122199932111,-0.77843142159809908,29 35 82 159 160 163 238 243,9,16,0,not_tested,0,not_tested,-1,0,0
902,917,262,1,0,1,0.25996831934234377,-0.7799049580270313,183 205 216 220 236 262 280 283,5,11,0,not_tested,0,not_tested,-1,0,0
903,800,130 158 159,3,2,4,1.0057472517880768,-0.78224786250183742,29 35 130 132 133 158 159 175,8,10,0,not_tested,0,not_tested,-1,0,0
904,914,115,1,0,1,0.26200032758420849,-0.78600098275262553,11 38 39 41 55 57 96 115,2,15,0,not_tested,0,not_tested,-1,0,0
905,897,99 101 115,3,1,3,0.56248039461700017,-0.78747255246380032,82 99 101 115,2,2,0,not_tested,0,not_tested,-1,0,0
906,535,147 160 163,3,4,6,1.9258683288724505,-0.79300460600630329,29 35 147 160 163 206,5,11,0,not_tested,0,not_tested,-1,0,0
907,532,107 124 280,3,4,6,1.9353985119917207,-0.79692879905541447,107 124 137 243 247 254 280,3,8,0,not_tested,0,not_tested,-1,0,0
908,405,14,1,2,3,2.4097148552411531,-0.80323828508038442,14 240 243 245 256,3,15,0,not_tested,0,not_tested,-1,0,0
909,678,7,1,1,2,1.3444378969793918,-0.80666273818763512,6 7 35,0,5,0,not_tested,0,not_tested,-1,0,0
910,906,81,1,0,1,0.26979409098700813,-0.80938227296102438,76 81 91 166 192 210 225,1,8,0,not_tested,0,not_tested,-1,0,0
911,905,126,1,0,1,0.27005562827021989,-0.81016688481065968,54 76 81 91 126,2,4,0,not_tested,0,not_tested,-1,0,0
912,901,5,1,0,1,0.2727360340280518,-0.8182081020841554,5 6,0,2,0,not_tested,0,not_tested,-1,0,0
913,666,274,1,1,2,1.3655423608419184,-0.81932541650515112,240 243 245 262 273 274 277 278,2,16,0,not_tested,0,not_tested,-1,0,0
914,900,120,1,0,1,0.2736109480562815,-0.8208328441688445,6 31 61 71 120 121 131,1,9,0,not_tested,0,not_tested,-1,0,0
915,782,146 147 161,3,2,4,1.1045264124525571,-0.85907609857421108,29 35 135 146 147 151 155 161,5,11,0,not_tested,0,not_tested,-1,0,0
916,774,132 175 190,3,2,4,1.1307759513944478,-0.87949240664012596,29 35 132 175 190 206,3,9,0,not_tested,0,not_tested,-1,0,0
917,888,257 273 274,3,1,3,0.63223618434342488,-0.88513065808079494,240 243 245 257 273 274,2,11,0,not_tested,0,not_tested,-1,0,0
918,885,23 36 38,3,1,3,0.64027084932571643,-0.896379189056003,6 23 35 36 38 54 81,1,7,0,not_tested,0,not_tested,-1,0,0
919,761,220 280 283,3,2,4,1.1585913856392229,-0.90112663327495102,19 220 243 247 260 280 283,2,8,0,not_tested,0,not_tested,-1,0,0
920,884,120 161 204,3,1,3,0.64542282038470633,-0.90359194853858893,120 161 188 204 205 236 269 280,6,8,0,not_tested,0,not_tested,-1,0,0
921,572,49 167 273,3,3,5,1.6880869884863767,-0.90896991687727979,49 167 240 243 245 273,4,13,0,not_tested,0,not_tested,-1,0,0
922,440,159 201 232,3,4,6,2.2215273362866217,-0.91474655023566787,29 35 132 133 159 175 201 232,10,12,0,not_tested,0,not_tested,-1,0,0
923,567,94 140 195,3,3,5,1.7118026094948695,-0.92173986665108354,35 77 94 140 167 195,2,10,0,not_tested,0,not_tested,-1,0,0
924,566,132 133 147,3,3,5,1.7127017077372182,-0.92222399647388664,14 29 35 132 133 147 175 206,6,15,0,not_tested,0,not_tested,-1,0,0
925,742,27 99 115,3,2,4,1.1903982664504038,-0.92586531835031394,27 82 99 115,3,3,0,not_tested,0,not_tested,-1,0,0
926,876,99 115 116,3,1,3,0.66743171926382439,-0.93440440696935412,82 99 115 116,2,2,0,not_tested,0,not_tested,-1,0,0
927,708,51 78,2,2,4,1.3008977675377704,-1.0118093747515993,6 7 23 35 51 66 78 160,4,14,0,not_tested,0,not_tested,-1,0,0
928,979,204 236,2,0,2,0.14557405910390842,-1.019018413727359,188 204 205 236 240 243 245 247,2,20,0,not_tested,0,not_tested,-1,0,0
929,682,158 159,2,2,4,1.3380578850843503,-1.0407116883989391,29 35 132 133 158 159 175 206,7,13,0,not_tested,0,not_tested,-1,0,0
930,662,132 133,2,2,4,1.3690656551975484,-1.0648288429314265,29 35 132 133 135 151 155 206,4,14,0,not_tested,0,not_tested,-1,0,0
931,845,204 205,2,1,3,0.79377617295117009,-1.1112866421316381,188 204 205 236 260 269 280,4,9,0,not_tested,0,not_tested,-1,0,0
932,972,23 36,2,0,2,0.15919925495880485,-1.1143947847116342,6 23 35 36,0,4,0,not_tested,0,not_tested,-1,0,0
933,841,220 236,2,1,3,0.79942529175560051,-1.1191954084578408,220 236 240 243 245 247 269 280,2,18,0,not_tested,0,not_tested,-1,0,0
934,971,197 202,2,0,2,0.16000507650622636,-1.1200355355435847,39 54 57 81 197 202 260,1,8,0,not_tested,0,not_tested,-1,0,0
935,829,273 274,2,1,3,0.82170652786172826,-1.1503891390064198,240 243 245 262 273 274 277 278,2,16,0,not_tested,0,not_tested,-1,0,0
936,822,204 220,2,1,3,0.83761898110472788,-1.1726665735466191,188 204 205 220 240 243 245 247,2,20,0,not_tested,0,not_tested,-1,0,0
937,959,204 281,2,0,2,0.16955705027067941,-1.1868993518947561,188 204 205 236 260 269 280 281,4,9,0,not_tested,0,not_tested,-1,0,0
938,613,51 66,2,2,4,1.5283425105874098,-1.1887108415679855,6 7 23 35 51 66 78 160,4,14,0,not_tested,0,not_tested,-1,0,0
939,816,27 99,2,1,3,0.85278416967592652,-1.1938978375462972,27 82 99,2,2,0,not_tested,0,not_tested,-1,0,0
940,434,159 160,2,3,5,2.2376385172881528,-1.2048822785397748,19 82 159 160 238 243,6,11,0,not_tested,0,not_tested,-1,0,0
941,805,167 262 273 277,4,2,5,0.98931860121594506,-1.2091671792639329,167 240 243 245 262 273 277 278,3,19,0,not_tested,0,not_tested,-1,0,0
942,641,133 236 248 280,4,3,6,1.4391342215357514,-1.2177289566840972,29 35 133 236 243 247 248 280,5,9,0,not_tested,0,not_tested,-1,0,0
943,802,120 132 133,3,2,5,0.99818193105365904,-1.220000137954472,29 35 120 132 133 206,4,9,0,not_tested,0,not_tested,-1,0,0
944,780,147 176 188,3,2,5,1.1148648299937733,-1.3626125699923897,29 35 147 176 188 206,4,11,0,not_tested,0,not_tested,-1,0,0
945,984,99 115 155,3,0,3,0.12498559668377107,-1.3748415635214817,82 99 115 155,2,1,0,not_tested,0,not_tested,-1,0,0
946,768,132 175 259,3,2,5,1.1503811190157827,-1.4060213676859565,29 35 132 175 206 259,4,9,0,not_tested,0,not_tested,-1,0,0
947,882,236 280 283,3,1,4,0.64897471543695617,-1.4277443739613036,19 236 243 247 260 269 280 283,1,9,0,not_tested,0,not_tested,-1,0,0
948,747,204 205 220,3,2,5,1.180629684627049,-1.4429918367663932,188 204 205 220 240 243 245 247,2,20,0,not_tested,0,not_tested,-1,0,0
949,879,184 201 204,3,1,4,0.65672273712313445,-1.4447900216708958,184 188 201 204 205 236 269 280,7,8,0,not_tested,0,not_tested,-1,0,0
950,743,81 141 175,3,2,5,1.188482278560685,-1.4525894515741704,29 35 81 141 160 175,5,7,0,not_tested,0,not_tested,-1,0,0
951,873,146 147,2,1,4,0.72382560957371223,-1.592416341062167,29 35 135 137 146 147 151 155,4,11,0,not_tested,0,not_tested,-1,0,0
952,952,273,1,0,2,0.22811560690045013,-1.5968092483031509,240 243 245 273,1,10,0,not_tested,0,not_tested,-1,0,0
953,944,23,1,0,2,0.23528694317295532,-1.6470086022106871,6 23 35,0,4,0,not_tested,0,not_tested,-1,0,0
954,526,51 159,2,3,6,1.9590559074112148,-1.6576626908864127,7 23 35 51 66 78 159 160,9,14,0,not_tested,0,not_tested,-1,0,0
955,629,14 54 132,3,3,7,1.4567676986087232,-1.6808858060869882,14 29 35 54 132 256,8,11,0,not_tested,0,not_tested,-1,0,0
956,734,133,1,1,3,1.2134163606438357,-1.6987829049013703,29 35 107 133 135 137 151 155,2,12,0,not_tested,0,not_tested,-1,0,0
957,896,99 101 163,3,1,5,0.56904370601867937,-1.7071311180560382,29 35 99 101 135 151 155 163,6,10,0,not_tested,0,not_tested,-1,0,0
958,932,257,1,0,2,0.24447626669385553,-1.7113338668569886,240 243 245 257 262 273 277 278,2,15,0,not_tested,0,not_tested,-1,0,0
959,931,204,1,0,2,0.24574716903093261,-1.7202301832165283,188 204 205 236 260 269 280,4,9,0,not_tested,0,not_tested,-1,0,0
960,795,133 236 280,3,2,6,1.0359393483035086,-1.7265655805058477,29 35 133 236 243 247 280,5,8,0,not_tested,0,not_tested,-1,0,0
961,929,201,1,0,2,0.2477296747778733,-1.7341077234451132,161 184 190 201 204 207 208 219,7,14,0,not_tested,0,not_tested,-1,0,0
962,968,99 115,2,0,3,0.16118451424988445,-1.7730296567487291,82 99 115,2,1,0,not_tested,0,not_tested,-1,0,0
963,418,159,1,2,4,2.3115743467549601,-1.7978911585871913,14 29 35 132 133 159 175 206,9,16,0,not_tested,0,not_tested,-1,0,0
964,624,117 147,2,2,5,1.4783879373976683,-1.8069185901527058,29 35 117 135 137 147 151 155,5,12,0,not_tested,0,not_tested,-1,0,0
965,784,39 117 147,3,2,6,1.0965569571442022,-1.8275949285736701,29 35 39 54 81 117 147,6,8,0,not_tested,0,not_tested,-1,0,0
966,963,196 257,2,0,3,0.16625919332615485,-1.8288511265877034,196 240 243 245 257,2,10,0,not_tested,0,not_tested,-1,0,0
967,699,175,1,1,3,1.3181797741202157,-1.8454516837683017,29 35 107 135 137 151 155 175,2,12,0,not_tested,0,not_tested,-1,0,0
968,820,132 175,2,1,4,0.8419211577747403,-1.8522265471044286,29 35 132 135 151 155 175 206,4,13,0,not_tested,0,not_tested,-1,0,0
969,955,262 273,2,0,3,0.17321863267614285,-1.9054049594375715,240 243 245 262 273,2,10,0,not_tested,0,not_tested,-1,0,0
970,887,147 175 176,3,1,5,0.63617935085655508,-1.9085380525696654,29 35 132 133 147 175 176 206,4,14,0,not_tested,0,not_tested,-1,0,0
971,954,257 273,2,0,3,0.17378560276881255,-1.9116416304569384,240 243 245 257 262 273 277 278,2,15,0,not_tested,0,not_tested,-1,0,0
972,762,117 147 176,3,2,6,1.1575836850675845,-1.9293061417793071,29 35 117 147 176 206,5,11,0,not_tested,0,not_tested,-1,0,0
973,981,262 273 277,3,0,4,0.12916162970534437,-1.9374244455801655,240 243 245 262 273 277 278,2,15,0,not_tested,0,not_tested,-1,0,0
974,877,146 147 176,3,1,5,0.66372843914324908,-1.9911853174297474,29 35 146 147 176 206,4,10,0,not_tested,0,not_tested,-1,0,0
975,864,175 176,2,1,5,0.74074080009103815,-2.2222224002731141,14 29 35 132 133 175 176 206,6,16,0,not_tested,0,not_tested,-1,0,0
976,776,117 120 147,3,2,7,1.1227595497035476,-2.370270160485267,29 35 117 120 135 147 151 155,8,11,0,not_tested,0,not_tested,-1,0,0
977,973,120 132,2,0,4,0.15894200978417797,-2.3841301467626694,29 35 120 132 135 137 151 155,4,10,0,not_tested,0,not_tested,-1,0,0
978,941,132,1,0,3,0.23726260874996727,-2.6098886962496399,29 35 107 132 135 137 151 155,2,11,0,not_tested,0,not_tested,-1,0,0
979,806,163 175,2,1,5,0.87515171862899499,-2.6254551558869847,29 35 135 151 155 163 175 206,5,13,0,not_tested,0,not_tested,-1,0,0
980,737,147 159 176,3,2,8,1.2016160726614427,-3.0707966301347982,29 35 147 159 176 206,7,11,0,not_tested,0,not_tested,-1,0,0
981,956,147 176,2,0,5,0.17130100987448724,-3.2547191876152577,29 35 135 147 151 155 176 206,5,14,0,not_tested,0,not_tested,-1,0,0
982,980,147 163,2,0,6,0.14365978193580228,-3.3041749845234523,29 35 135 147 151 155 163 206,6,12,0,not_tested,0,not_tested,-1,0,0
983,918,163,1,0,4,0.25966226073697529,-3.8949339110546295,29 35 107 135 137 151 155 163,3,11,0,not_tested,0,not_tested,-1,0,0
984,909,147,1,0,4,0.26618707702747002,-3.9928061554120502,29 35 107 135 137 147 151 155,3,11,0,not_tested,0,not_tested,-1,0,0
