arm,fold,epoch,loss,pair_loss,point_loss,lr
control_zero,0,1,0.14553967892501124,0.09045245311667963,0.5508722543872057,0.001
control_zero,0,2,0.1278046928248891,0.09642205439877573,0.3138263774914156,0.000999991081748044
control_zero,0,3,0.12191428022347293,0.09523153935337814,0.26682739018148915,0.0009999643273456663
control_zero,0,4,0.1105835179630521,0.08408716696438528,0.26496351247667954,0.0009999197378533222
control_zero,0,5,0.09837221058557301,0.07619840992181792,0.2217379997511134,0.0009998573150383913
control_zero,0,6,0.08521242375551254,0.06508286507416021,0.2012955924549551,0.0009997770613751058
control_zero,0,7,0.07344230243026743,0.053926288556336736,0.19516013632710857,0.0009996789800444546
control_zero,0,8,0.060010140951401884,0.04332729370646937,0.16682846505710414,0.0009995630749340555
control_zero,0,9,0.04984534391768607,0.035785730952499116,0.14059612876674837,0.0009994293506380017
control_zero,0,10,0.041227159404023196,0.029236935572723027,0.11990223692696025,0.0009992778124566796
control_zero,0,11,0.03878504162357619,0.028655291352586397,0.10129750429533481,0.0009991084663965588
control_zero,0,12,0.03649501318681022,0.028026683718043892,0.08468329033014357,0.0009989213191699546
control_zero,0,13,0.03602105198189733,0.02797640068334948,0.08044651201281784,0.0009987163781947602
control_zero,0,14,0.03535427139493255,0.02777330489834046,0.07580966219383806,0.0009984936515941552
control_zero,0,15,0.03430113209017574,0.027111282902854854,0.0718984915522309,0.000998253148196281
control_zero,0,16,0.03377933443740361,0.02690360675184129,0.06875727313033284,0.0009979948775338929
control_zero,0,17,0.033240443372773126,0.02669241650433671,0.06548027270145267,0.0009977188498439813
control_zero,0,18,0.03336355583280247,0.02693596362153326,0.06427592272546832,0.0009974250760673663
control_zero,0,19,0.032776534090465416,0.026618884599162142,0.061576492714819644,0.0009971135678482636
control_zero,0,20,0.0325491724939477,0.026654914867706773,0.0589425716130914,0.000996784337533823
control_zero,0,21,0.03291398365604971,0.026792661941004794,0.06121321681974451,0.0009964373981736403
control_zero,0,22,0.03368436303913749,0.027302788964450826,0.06381574043561522,0.0009960727635192376
control_zero,0,23,0.03343554705323034,0.02689926241167065,0.06536284705755294,0.0009956904480235209
control_zero,0,24,0.03297874978293638,0.026560938087907222,0.06417811601653733,0.0009952904668402048
control_zero,0,25,0.03396955785139734,0.02724140685041953,0.06728151045720197,0.0009948728358232142
control_zero,0,26,0.0337996682439087,0.02717145816386524,0.06628210278466228,0.0009944375715260536
control_zero,0,27,0.033873898436755485,0.02778732836946806,0.06086570158717527,0.000993984691201153
control_zero,0,28,0.03408068963192773,0.027769908600781046,0.06310780938743922,0.0009935142127991828
control_zero,0,29,0.03361865358704375,0.02749970167700211,0.06118951940194123,0.0009930261549683426
control_zero,0,30,0.031730442762608314,0.02622788067780649,0.05502562333802953,0.000992520537053622
control_zero,0,31,0.03120308318333433,0.026033178881277614,0.05169904691607305,0.0009919973790960344
control_zero,0,32,0.031210768073019098,0.02617209966904812,0.05038668617956321,0.000991456701831822
control_zero,0,33,0.031157950863397774,0.02615942815245754,0.04998522228500551,0.0009908985266916337
control_zero,0,34,0.030992691397822555,0.02578488509742149,0.05207806333471527,0.0009903228757996768
control_zero,0,35,0.031700850408475645,0.026320125630451243,0.053807242070725944,0.000989729771972838
control_zero,0,36,0.03178058982907014,0.026414201456285022,0.05366388187006933,0.0009891192387197821
control_zero,0,37,0.03096500969936891,0.025936925905335976,0.050280835129340076,0.0009884913002400169
control_zero,0,38,0.031082707571532024,0.026114902393430395,0.049678048055725996,0.000987845981422936
control_zero,0,39,0.03175170167152315,0.026341249996081346,0.05410451414768752,0.0009871833078468322
control_zero,0,40,0.030709591735514276,0.025927908353838222,0.047816839584638185,0.0009865033057778825
control_zero,0,41,0.030778952881538216,0.025973391512472077,0.04805561245538236,0.0009858060021691085
control_zero,0,42,0.030943411020635,0.026124160133749637,0.048192510152765725,0.0009850914246593069
control_zero,0,43,0.031030773970617015,0.026057076329175703,0.04973697363746695,0.0009843596015719545
control_zero,0,44,0.03280390166816139,0.02681086551368859,0.0599303624882088,0.0009836105619140851
control_zero,0,45,0.03164934907740775,0.026572366753306154,0.050769822647692954,0.000982844335375141
control_zero,0,46,0.03186858001386372,0.026291918515303117,0.05576661404212523,0.0009820609523257943
control_zero,0,47,0.03175620967157516,0.026657782840316353,0.05098426741774026,0.000981260443816745
control_zero,0,48,0.03270059401368815,0.0268233480131346,0.05877245689302138,0.0009804428415774885
control_zero,0,49,0.03068299358589064,0.02583390542892034,0.04849087692038509,0.0009796081780150596
control_zero,0,50,0.030683927374160008,0.025800883526823852,0.0488304377438661,0.000978756486212747
control_zero,0,51,0.031568457525680646,0.026465902362728867,0.051025549771735935,0.0009778877999287825
control_zero,0,52,0.03085841210291529,0.026089780314706323,0.04768632064444589,0.0009770021535950016
control_zero,0,53,0.03060327058867126,0.025837792876339458,0.0476547724740001,0.000976099582315481
control_zero,0,54,0.03042009638199296,0.02565170030836648,0.047683960264524344,0.0009751801218651454
control_zero,0,55,0.03053609272051729,0.025791424071275222,0.04744667701870592,0.0009742438086883502
control_zero,0,56,0.030497536209093373,0.025752637292168472,0.04744898944159401,0.0009732906798974367
control_zero,0,57,0.03037916610197361,0.025663003194153152,0.047161624049549,0.0009723207732712615
control_zero,0,58,0.030292243952072632,0.025616357389925043,0.04675886612725943,0.0009713341272536987
control_zero,0,59,0.03051635864198052,0.02575619102458107,0.04760167739954692,0.0009703307809521158
control_zero,0,60,0.030391147131630398,0.02572092257790248,0.046702246923320596,0.000969310774135825
control_zero,0,61,0.030397810032177845,0.025758316404825714,0.046394936915477324,0.0009682741472345051
control_zero,0,62,0.03056794437081322,0.02570641580628664,0.04861528234794619,0.0009672209413366
control_zero,0,63,0.0314470686932768,0.02646231216526841,0.04984756298460475,0.00096615119818769
control_zero,0,64,0.03237376555644812,0.02703689817854692,0.0533686762884765,0.0009650649601888368
control_zero,0,65,0.03126716226164261,0.026321206455831428,0.04945955618087679,0.0009639622703949038
control_zero,0,66,0.030558644655323527,0.02564462272853982,0.04914021744896164,0.000962843172512848
control_zero,0,67,0.0321692591022418,0.026535119165912,0.05634140121135326,0.0009617077108999891
control_zero,0,68,0.030850992482106928,0.02599379822475636,0.04857194475226552,0.0009605559305622501
control_zero,0,69,0.03007622792655432,0.02560126572827913,0.04474962230372989,0.0009593878771523745
control_zero,0,70,0.030470945266885173,0.025681911196861192,0.04789034133246922,0.0009582035969681164
control_zero,0,71,0.030337375746772432,0.02567906638816505,0.04658309451010146,0.0009570031369504046
control_zero,0,72,0.030021226155150963,0.025503266393632554,0.04517959995929628,0.0009557865446814831
control_zero,0,73,0.030097623698549545,0.02553587619886386,0.04561747764249383,0.0009545538683830249
control_zero,0,74,0.03002759361002526,0.025462155826097992,0.045654376565087244,0.0009533051569142203
control_zero,0,75,0.029979539524481753,0.025484566647296786,0.04494972664172282,0.0009520404597698404
control_zero,0,76,0.029971951020604324,0.025466763883751305,0.04505187077520722,0.000950759827078275
control_zero,0,77,0.0300425974890473,0.025503172415160324,0.045394249805115534,0.0009494633095995468
control_zero,0,78,0.030500825338902113,0.025543786823632824,0.049570381427402596,0.000948150958723298
control_zero,0,79,0.03010484636530241,0.025639719813673054,0.04465126385304386,0.0009468228264667542
control_zero,0,80,0.029890097424815902,0.025422853609795047,0.044672438169661766,0.0009454789654726626
control_zero,0,81,0.02997950851119685,0.025534695087307116,0.04444813393737255,0.000944119429007205
control_zero,0,82,0.03149668071370368,0.026145417394004666,0.05351263366386722,0.0009427442709578871
control_zero,0,83,0.030766572239115716,0.025565043699686894,0.05201528815664448,0.000941353545831402
control_zero,0,84,0.030067619617162734,0.02561820255636235,0.04449416893502751,0.0009399473087514699
control_zero,0,85,0.02953946111874543,0.02521741442995112,0.043220469363364475,0.0009385256154566536
control_zero,0,86,0.030172397195320215,0.02547797010165904,0.046944267503119634,0.0009370885222981487
control_zero,0,87,0.030802201178148584,0.026106459869183696,0.04695741262277175,0.0009356360862375501
control_zero,0,88,0.030597653444224177,0.025502413642585434,0.05095239554582937,0.0009341683648445943
control_zero,0,89,0.030879955028740608,0.02602033110398692,0.04859623912109096,0.0009326854162948781
control_zero,0,90,0.030210586483578147,0.02573496416483473,0.044756224140641586,0.0009311872993675511
control_zero,0,91,0.03007694573066253,0.02550339333557429,0.045735521811028995,0.000929674073442988
control_zero,0,92,0.0301506313599899,0.0255492122128956,0.046014192103172404,0.0009281457985004336
control_zero,0,93,0.029720679766865685,0.025260758204458587,0.0445992165480986,0.0009266025351156256
control_zero,0,94,0.02969274538090117,0.025181850175283287,0.04510895082089982,0.0009250443444583935
control_zero,0,95,0.02998986737146079,0.025421897766445385,0.045679699610092,0.0009234712882902347
control_zero,0,96,0.02981442318105822,0.0254145196320455,0.04399903332109395,0.0009218834289618661
control_zero,0,97,0.02941909377455867,0.025078495716379455,0.043405979015808505,0.000920280829410752
control_zero,0,98,0.02945367913138773,0.025173637471295522,0.042800411319374725,0.0009186635531586108
control_zero,0,99,0.02954537285778759,0.02518704402267777,0.04358329086056266,0.0009170316643088962
control_zero,0,100,0.029671216466252547,0.025082150226162246,0.045890663645908665,0.0009153852275442568
control_zero,0,101,0.030110903259357023,0.025636676392535005,0.04474227114850485,0.0009137243081239721
control_zero,0,102,0.029670561481432565,0.025271008865951558,0.04399552616453669,0.0009120489718813659
control_zero,0,103,0.029455801433161406,0.025172248356258278,0.042835531401260715,0.0009103592852211972
control_zero,0,104,0.02934868456722862,0.025092163548729438,0.04256520941658991,0.0009086553151170272
control_zero,0,105,0.029203081873121522,0.024974753005386333,0.042283288229928,0.0009069371291085661
control_zero,0,106,0.029164407509269664,0.025018189919446217,0.04146217507147291,0.0009052047952989949
control_zero,0,107,0.029441514268867652,0.025061416675582256,0.04380097140998193,0.0009034583823522663
control_zero,0,108,0.029340043167921645,0.025086467468007113,0.04253575758274168,0.0009016979594903832
control_zero,0,109,0.029845936685878365,0.02546603328915551,0.043799034103401024,0.0008999235964906553
control_zero,0,110,0.030607316963977664,0.025977345699001852,0.04629971032509916,0.0008981353636829328
control_zero,0,111,0.03134025754917695,0.02617125137765009,0.05169006204597321,0.0008963333319468188
control_zero,0,112,0.029767031496872168,0.02538159953590784,0.043854317109905394,0.0008945175727088603
control_zero,0,113,0.02952217867028931,0.02504109337381221,0.0448108524978939,0.0008926881579397167
control_zero,0,114,0.029328661900276304,0.025095612092755792,0.04233049435964141,0.0008908451601513074
control_zero,0,115,0.029167144226187516,0.02486325605400393,0.043038877218417024,0.0008889886523939372
control_zero,0,116,0.029211035528397745,0.025052811011827644,0.04158224220881263,0.0008871187082534017
control_zero,0,117,0.029241575292912228,0.024890998889042875,0.04350576065383443,0.0008852354018480694
control_zero,0,118,0.028868091343743994,0.024804395830195503,0.04063695390993248,0.0008833388078259452
control_zero,0,119,0.0290148591442768,0.02473359060894416,0.042812684127774,0.0008814290013617105
control_zero,0,120,0.0289602540725205,0.024878869718305437,0.04081383918463095,0.0008795060581537442
control_zero,0,121,0.02952322362880794,0.02513277330788402,0.043904501497356446,0.000877570054421122
control_zero,0,122,0.029146941646194333,0.02487698765398628,0.04269953866734828,0.0008756210669005949
control_zero,0,123,0.029004882495879503,0.0247487397207915,0.04256142961838849,0.0008736591728435492
control_zero,0,124,0.029564031572433737,0.025337638318849918,0.04226392926769842,0.0008716844500129422
control_zero,0,125,0.0289383354273384,0.024825331042508544,0.04113004011328164,0.000869696976680222
control_zero,0,126,0.02897234220184172,0.024710396012928404,0.04261946082893302,0.0008676968316222237
control_zero,0,127,0.030075920993758866,0.025140850422976844,0.04935070242022721,0.0008656840941180476
control_zero,0,128,0.03003521863244688,0.025358311287261175,0.0467690722068514,0.0008636588439459168
control_zero,0,129,0.0286479697905617,0.024608504810120044,0.04039464951261839,0.0008616211613800151
control_zero,0,130,0.02871696995303774,0.024659226563401696,0.040577432938289706,0.0008595711271873046
control_zero,0,131,0.028734688508487247,0.024700719649191002,0.04033968736741001,0.0008575088226243251
control_zero,0,132,0.029267158699720398,0.0249857087729027,0.042814499229270546,0.0008554343294339731
control_zero,0,133,0.030071290180709594,0.025606755527130307,0.04464534671087178,0.0008533477298422618
control_zero,0,134,0.030848772967764355,0.02610952585604888,0.04739246955117109,0.0008512491065550615
control_zero,0,135,0.031851952336242245,0.025988497481956183,0.05863454997267175,0.0008491385427548225
control_zero,0,136,0.03156224808925592,0.02632480627290574,0.05237441802732938,0.0008470161220972769
control_zero,0,137,0.030802585490962233,0.02622832241164175,0.04574263311786378,0.0008448819287081231
control_zero,0,138,0.02927451556446347,0.02494731886365862,0.043271965169719866,0.0008427360471796918
control_zero,0,139,0.029020342572200705,0.02495589772088565,0.04064444927182583,0.0008405785625675925
control_zero,0,140,0.029521486729227844,0.025267898700839547,0.042535879972631564,0.0008384095603873422
control_zero,0,141,0.030634425945249302,0.02589259160969494,0.047418341351862674,0.0008362291266109763
control_zero,0,142,0.03042416766713867,0.025934979854535807,0.04489187684211656,0.0008340373476636405
control_zero,0,143,0.029649106639755923,0.025336739283745656,0.04312367170232083,0.0008318343104201655
control_zero,0,144,0.02909125076417201,0.024879505561163782,0.0421174484798709,0.0008296201022016233
control_zero,0,145,0.029080887522071833,0.02494466646669272,0.04136221023281311,0.0008273948107718659
control_zero,0,146,0.029547062505513196,0.02511248983656769,0.04434572264318678,0.0008251585243340478
control_zero,0,147,0.029008965642621874,0.02490940413318633,0.04099561570713165,0.0008229113315271283
control_zero,0,148,0.028625495420579187,0.02453588161802323,0.04089613567658411,0.0008206533214223591
control_zero,0,149,0.028779343256906804,0.024724497943727528,0.040548454075273584,0.0008183845835197537
control_zero,0,150,0.028538502208090948,0.02453392909416642,0.04004572696166779,0.0008161052077445399
control_zero,0,151,0.028428099986272756,0.02452814403444762,0.03899956013102755,0.0008138152844435952
control_zero,0,152,0.02839051445279825,0.02444866039442487,0.039418541994091734,0.0008115149043818662
control_zero,0,153,0.028328502886289093,0.024386641912298477,0.0394186069483701,0.0008092041587387706
control_zero,0,154,0.02831258912699652,0.02441069353906822,0.039018953087746944,0.0008068831391045833
control_zero,0,155,0.028451815159996247,0.02459311752772207,0.038586974785937964,0.000804551937476806
control_zero,0,156,0.028232675843310417,0.024389152485614657,0.038435234812236645,0.0008022106462565208
control_zero,0,157,0.0283201279084614,0.024364605687033414,0.0395552208039219,0.0007998593582447277
control_zero,0,158,0.028414443996066213,0.02454401604228169,0.03870427660041005,0.0007974981666386664
control_zero,0,159,0.028361477103697103,0.02432053447178232,0.04040942299264841,0.000795127165028122
control_zero,0,160,0.028453907790756724,0.024502108700320553,0.03951799259679124,0.0007927464473917156
control_zero,0,161,0.02840601523983105,0.024348053536511587,0.040579616420418414,0.0007903561080931794
control_zero,0,162,0.02846411612692141,0.0245182032820917,0.03945912693094647,0.0007879562418776158
control_zero,0,163,0.028386358502406055,0.02452692322374635,0.03859434969353614,0.0007855469438677433
control_zero,0,164,0.02819903097638262,0.024323616731260215,0.03875414365732328,0.0007831283095601248
control_zero,0,165,0.02836041286218104,0.024425158744031082,0.03935253994135726,0.0007807004348213832
control_zero,0,166,0.028508387622727425,0.024586165474615895,0.03922221977409588,0.0007782634158844013
control_zero,0,167,0.028761930559462728,0.02460184173449368,0.041600890107472324,0.0007758173493445075
control_zero,0,168,0.028240386493912566,0.02432692822253735,0.03913458253867321,0.0007733623321556474
control_zero,0,169,0.02810878065407432,0.02424601257800589,0.03862768340632125,0.00077089846162654
control_zero,0,170,0.027945283182724025,0.024119087424391866,0.038261958497622615,0.0007684258354168216
control_zero,0,171,0.028264420481481378,0.024350889197334295,0.03913530924262639,0.0007659445515331749
control_zero,0,172,0.028770897342937734,0.024613305605344922,0.04157591816378325,0.0007634547083254433
control_zero,0,173,0.02816925496446557,0.024238963098345476,0.0393029206454287,0.000760956404482734
control_zero,0,174,0.02819324221569004,0.02434641392731324,0.038468279610764884,0.0007584497390295051
control_zero,0,175,0.029063325107836848,0.024889366312181048,0.04173958796142131,0.0007559348113216416
control_zero,0,176,0.030001750891887176,0.02540690155198929,0.04594849678383795,0.0007534117210425165
control_zero,0,177,0.028479271434617103,0.024355738465102784,0.04123533016202033,0.0007508805681990402
control_zero,0,178,0.028098260443998067,0.024204533031652865,0.038937275358731066,0.0007483414531176961
control_zero,0,179,0.02794475050511777,0.0240742343553286,0.03870515929967865,0.0007457944764405646
control_zero,0,180,0.0281868803633411,0.02430232175608839,0.03884558513877286,0.0007432397391213332
control_zero,0,181,0.028581757390234552,0.024612184711209167,0.0396957283465109,0.0007406773424212957
control_zero,0,182,0.028216463092996618,0.02428215819437728,0.039343051485931285,0.0007381073879053382
control_zero,0,183,0.028157737947436288,0.024291376892097937,0.03866361009623301,0.0007355299774379137
control_zero,0,184,0.02802573987732668,0.024260277157119297,0.037654626141873725,0.0007329452131790039
control_zero,0,185,0.02801306610416339,0.024165675058649663,0.03847391085392812,0.0007303531975800709
control_zero,0,186,0.028060010680564077,0.024192244159762916,0.0386776681454468,0.0007277540333799953
control_zero,0,187,0.02790690531501882,0.02414308449948892,0.03763820972128263,0.0007251478236010049
control_zero,0,188,0.027845511456110146,0.02408302687692113,0.03762484500403504,0.0007225346715445904
control_zero,0,189,0.028066534155070315,0.024277061258026887,0.037894727394724013,0.0007199146807874117
control_zero,0,190,0.0282461054078437,0.024314911301702494,0.03931194027842025,0.0007172879551771918
control_zero,0,191,0.028053372145165973,0.02420895801025489,0.038444141806261344,0.0007146545988286011
control_zero,0,192,0.02806069857049393,0.02418257184715713,0.03878126877989844,0.0007120147161191302
control_zero,0,193,0.028065157378233445,0.0241613894380026,0.03903768020475346,0.000709368411684953
control_zero,0,194,0.028056790400539613,0.024226132653867607,0.038306577311094374,0.0007067157904167792
control_zero,0,195,0.027759762738610062,0.024037066297532685,0.03722696113290737,0.0007040569574556971
control_zero,0,196,0.028194888696735896,0.0241095406871396,0.0408534783840802,0.0007013920181890054
control_zero,0,197,0.02899448995724048,0.024868874137068543,0.041256161265600444,0.0006987210782460367
control_zero,0,198,0.028652209127151624,0.024513773834113975,0.0413843487673889,0.0006960442434939707
control_zero,0,199,0.027884817815947472,0.024036146116785843,0.03848671483230964,0.0006933616200336369
control_zero,0,200,0.028030616846470548,0.024177556424632707,0.03853060432537106,0.000690673314195311
control_zero,0,201,0.027852577305649343,0.024032116398293106,0.03820460706988141,0.0006879794325344985
control_zero,0,202,0.0276147729131167,0.02394112481616496,0.03673647924304475,0.0006852800818277125
control_zero,0,203,0.027722715650619477,0.02393964262722989,0.03783072697548269,0.0006825753690682404
control_zero,0,204,0.02797982046093704,0.02389528545461031,0.040845345832193486,0.000679865401461904
control_zero,0,205,0.027896082568573267,0.024164503318678306,0.03731579377313507,0.0006771502864228094
control_zero,0,206,0.027920856201345243,0.024092025675521506,0.038288303390728896,0.0006744301315690899
control_zero,0,207,0.02797054928817419,0.02409413017274194,0.03876419194217762,0.0006717050447186406
control_zero,0,208,0.027627487382401686,0.023976955796268528,0.03650531788446573,0.0006689751338848441
control_zero,0,209,0.027718090182340487,0.02396417381460766,0.037539164620809085,0.00066624050727229
control_zero,0,210,0.027714121464260565,0.024000175550152054,0.03713945770154734,0.0006635012732724854
control_zero,0,211,0.02759307175485646,0.02379837524700258,0.0379469660220196,0.0006607575404595593
control_zero,0,212,0.02762407029422083,0.023891167904860667,0.03732902511915401,0.0006580094175859585
control_zero,0,213,0.027721087572313164,0.02389022898580636,0.03830858475623492,0.000655257013578137
control_zero,0,214,0.027877184107666226,0.02405436971655247,0.038228145151279924,0.0006525004375322391
control_zero,0,215,0.027856150987331924,0.024137203423573828,0.037189474071597305,0.0006497397987097745
control_zero,0,216,0.027680114164520493,0.023907349029113355,0.03772765243372469,0.000646975206533288
control_zero,0,217,0.02760188445429422,0.023866362855149623,0.037355214289289854,0.0006442067705820222
control_zero,0,218,0.02750341402118729,0.023808966952500083,0.036944474120364175,0.0006414346005875742
control_zero,0,219,0.027640312890626743,0.023984861445878254,0.03655451243407733,0.0006386588064295461
control_zero,0,220,0.027693000337590437,0.02387263558746629,0.038203646081156895,0.0006358794981311898
control_zero,0,221,0.027979761614967576,0.023959502251940358,0.04020259271110785,0.0006330967858550461
control_zero,0,222,0.028065332160489367,0.023970064938107296,0.040952673303474026,0.0006303107798985779
control_zero,0,223,0.027727133115417964,0.024031822523466913,0.036953103127974445,0.0006275215906897991
control_zero,0,224,0.02775559394423395,0.02397496698730608,0.03780626648594443,0.0006247293287828968
control_zero,0,225,0.028353866068135666,0.02446262329797365,0.03891242662683012,0.0006219341048538498
control_zero,0,226,0.02828102712531625,0.024287751858796214,0.039932757188072404,0.0006191360296960414
control_zero,0,227,0.027608681256170373,0.023899173315410204,0.037095079232522775,0.0006163352142158681
control_zero,0,228,0.027946980533922,0.02420047546102235,0.03746505056364418,0.0006135317694283441
control_zero,0,229,0.02798114631412546,0.02422382725358943,0.0375731886892188,0.0006107258064527004
control_zero,0,230,0.027399295727009873,0.023744981969383305,0.036543137123978484,0.0006079174365079803
control_zero,0,231,0.027489786427808492,0.023850532243752914,0.03639254403876885,0.0006051067709086316
control_zero,0,232,0.02730371042910973,0.02368119208010852,0.03622518552773615,0.0006022939210600944
control_zero,0,233,0.027476528547606953,0.02384469373633127,0.036318348268382546,0.0005994789984543849
control_zero,0,234,0.02742462040608452,0.023696128235200987,0.03728492303165381,0.0005966621146656766
control_zero,0,235,0.027491310951798454,0.02377971819560615,0.037115927873174456,0.0005938433813458776
control_zero,0,236,0.027317269775753855,0.023656557530514877,0.036607120594607946,0.0005910229102202056
control_zero,0,237,0.02726447632823227,0.023644037325878678,0.036204387835049444,0.0005882008130827588
control_zero,0,238,0.027278517492057137,0.02368592840495371,0.03592588980597086,0.0005853772017920855
control_zero,0,239,0.02726948040467018,0.023656706347594685,0.03612773888805205,0.0005825521882667496
control_zero,0,240,0.027325446783095675,0.02370402632723745,0.036214201937261825,0.0005797258844808951
control_zero,0,241,0.02733466614708888,0.02365730359041504,0.036773622784928926,0.0005768984024598077
control_zero,0,242,0.02761628446667686,0.023902513291054545,0.03713771314712791,0.0005740698542754742
control_zero,0,243,0.027262790182085012,0.023673312957386436,0.03589477412422083,0.0005712403520421409
control_zero,0,244,0.027335119620938216,0.023685553560991512,0.03649566156240107,0.0005684100079118693
control_zero,0,245,0.02749797507303502,0.023873190811346468,0.0362478419943827,0.0005655789340700907
control_zero,0,246,0.02736873919868905,0.023771253037546073,0.03597486437378602,0.0005627472427311599
control_zero,0,247,0.027242482574194593,0.023626038916506283,0.03616443333792313,0.0005599150461339072
control_zero,0,248,0.02735282320714028,0.023767173659863732,0.03585649530741315,0.0005570824565371895
control_zero,0,249,0.02735743121616056,0.02360589505117338,0.03751536086201668,0.0005542495862154417
control_zero,0,250,0.027415858007792393,0.02384553864287023,0.035703193318517026,0.0005514165474542244
control_zero,0,251,0.027211140111750163,0.023561541992908358,0.03649597933063619,0.0005485834525457758
control_zero,0,252,0.02771309521000628,0.023870466525031754,0.03842628577981854,0.0005457504137845584
control_zero,0,253,0.027333374667727915,0.023652430507050484,0.036809443143578174,0.0005429175434628103
control_zero,0,254,0.027573495787172032,0.023847098168053762,0.037263977922518635,0.0005400849538660929
control_zero,0,255,0.027163815536285815,0.023552497467099063,0.036113174923989855,0.0005372527572688402
control_zero,0,256,0.027114487104798732,0.023536698683590554,0.035777884503879996,0.0005344210659299094
control_zero,0,257,0.02777353316234235,0.023979954723045035,0.03793578994686547,0.0005315899920881308
control_zero,0,258,0.027753826561469012,0.023938847170758497,0.038149792817725216,0.0005287596479578591
control_zero,0,259,0.027401054496864738,0.02383031197592577,0.035707424557707014,0.0005259301457245257
control_zero,0,260,0.02740008328547677,0.023663247125733925,0.03736836190867984,0.0005231015975401924
control_zero,0,261,0.027863927418973988,0.024027543395329705,0.03836384116047045,0.0005202741155191051
control_zero,0,262,0.027209692340412275,0.023442214787706694,0.03767477474892731,0.0005174478117332506
control_zero,0,263,0.02749100993764307,0.023885416314394916,0.03605593653400635,0.0005146227982079145
control_zero,0,264,0.027372359957147204,0.02366260548095479,0.03709754508290216,0.0005117991869172412
control_zero,0,265,0.02704102854796396,0.023469926823446084,0.0357110152414978,0.0005089770897797945
control_zero,0,266,0.027420993096756874,0.02366206554730007,0.03758927501796431,0.0005061566186541225
control_zero,0,267,0.027279987726992787,0.023657638127319806,0.036223497533533655,0.0005033378853343236
control_zero,0,268,0.027073304467973135,0.023516602079838748,0.03556702234454005,0.0005005210015456152
control_zero,0,269,0.027021450046498533,0.023477258700536997,0.03544191460735493,0.0004977060789399056
control_zero,0,270,0.02720991121823887,0.023590516274692806,0.03619394960081297,0.0004948932290913684
control_zero,0,271,0.027348882579499998,0.023646010747349604,0.03702871476156593,0.0004920825634920198
control_zero,0,272,0.02740227227286477,0.02361913699433013,0.03783135185645548,0.0004892741935472998
control_zero,0,273,0.02736574008710702,0.023643852286916178,0.03721887830343321,0.0004864682305716559
control_zero,0,274,0.02711076456712992,0.023545211667374905,0.035655526186560836,0.0004836647857841319
control_zero,0,275,0.02714424281728797,0.02359854798598638,0.0354569495482949,0.00048086397030395876
control_zero,0,276,0.026934899837167705,0.023386004859917157,0.03548895026856241,0.00047806589514615036
control_zero,0,277,0.02697208404113045,0.0234334581037959,0.035386258925921614,0.00047527067121710324
control_zero,0,278,0.027199828778405724,0.023570165315317113,0.036296631965795946,0.00047247840931020094
control_zero,0,279,0.027064576506731403,0.0235308000754672,0.03533776445854115,0.00046968922010142214
control_zero,0,280,0.02698511224697215,0.023421232474301563,0.0356387964330672,0.000466903214144954
control_zero,0,281,0.026857655300873067,0.02337153200984157,0.03486123151941026,0.00046412050186881034
control_zero,0,282,0.026925873059983663,0.023426299768818576,0.03499573242045725,0.0004613411935704541
control_zero,0,283,0.02691854028804495,0.023361034414125483,0.03557505840849005,0.00045856539941242596
control_zero,0,284,0.026892150282937614,0.02339098622472884,0.03501164214807142,0.00045579322941797785
control_zero,0,285,0.02708311553062098,0.0234870212420082,0.03596094121315149,0.0004530247934667121
control_zero,0,286,0.026864332669747717,0.023337792751060765,0.0352653982725685,0.0004502602012902256
control_zero,0,287,0.02688823973969131,0.023356366542705356,0.035318728409921535,0.000447499562467761
control_zero,0,288,0.026876029517141707,0.023384631759737554,0.03491397678618643,0.00044474298642186306
control_zero,0,289,0.026828321105467432,0.02336160841035625,0.034667125852005286,0.0004419905824140415
control_zero,0,290,0.026920603330468383,0.023432946153588145,0.03487657396701546,0.0004392424595404407
control_zero,0,291,0.026888591025812508,0.023338180297971082,0.03550410556166819,0.00043649872672751465
control_zero,0,292,0.026805355507812365,0.023341618964628514,0.03463736963373251,0.0004337594927277102
control_zero,0,293,0.02696058431314426,0.023423045513757526,0.035375386748861704,0.0004310248661151561
control_zero,0,294,0.027227475008788683,0.02359628022767545,0.03631194923121686,0.0004282949552813596
control_zero,0,295,0.027028970673252335,0.023406555234179796,0.03622415347642438,0.00042556986843091013
control_zero,0,296,0.02674188707072492,0.0232972029946725,0.03444683857203775,0.0004228497135771907
control_zero,0,297,0.026898800796651655,0.023434272040819687,0.034645288025196785,0.0004201345985380961
control_zero,0,298,0.026769884198164815,0.023305234107779772,0.034646497008344525,0.00041742463093175964
control_zero,0,299,0.026838934763915856,0.023348516918349205,0.034904179695808855,0.00041471991817228763
control_zero,0,300,0.02680163303336649,0.02328762183495975,0.035140111497737096,0.0004120205674655015
control_zero,0,301,0.02741832818164838,0.023719273765350136,0.036990543365400703,0.0004093266858046891
control_zero,0,302,0.02726136501538069,0.023574788974447286,0.036865761644613027,0.00040663837996636313
control_zero,0,303,0.027561665393470474,0.02381023701387348,0.03751428163666327,0.0004039557565060296
control_zero,0,304,0.027629666448651034,0.02384452107447557,0.03785145527855846,0.00040127892175396333
control_zero,0,305,0.02792099015617028,0.02388010694409475,0.040408833988263775,0.0003986079818109947
control_zero,0,306,0.02670572204004691,0.023171002633733475,0.03534719715619523,0.0003959430425443029
control_zero,0,307,0.026942812548293768,0.023386136023206126,0.035566767274010584,0.00039328420958322077
control_zero,0,308,0.026918509872946354,0.023418652506511144,0.03499857513793299,0.0003906315883150471
control_zero,0,309,0.026887191551939315,0.02332820091153405,0.03558990513959379,0.00038798528388086996
control_zero,0,310,0.027025423652198233,0.023417111126312076,0.03608312540476067,0.00038534540117139893
control_zero,0,311,0.026827095290427108,0.023255796903651937,0.03571298404283063,0.0003827120448228081
control_zero,0,312,0.026987289197684578,0.02348130024171996,0.03505988939429388,0.00038008531921258833
control_zero,0,313,0.026804327201244104,0.023331493611007385,0.03472833623307181,0.0003774653284554097
control_zero,0,314,0.026728772745509062,0.023274393460419096,0.034543796148219244,0.00037485217639899525
control_zero,0,315,0.026726630168624085,0.02325802521571011,0.0346860475351854,0.0003722459666200048
control_zero,0,316,0.02668616422707356,0.023188313989664183,0.03497850347320031,0.0003696468024199291
control_zero,0,317,0.026712514747021715,0.023217395643458042,0.034951191828355155,0.0003670547868209961
control_zero,0,318,0.026808498558581032,0.023314325275098996,0.03494173237766983,0.00036447002256208646
control_zero,0,319,0.0267794646624252,0.02331784398200151,0.0346162061768708,0.00036189261209466185
control_zero,0,320,0.026941446203242393,0.023415841750664437,0.035256044642498846,0.0003593226575787045
control_zero,0,321,0.026881016080824577,0.02336600670401328,0.0351500951541544,0.0003567602608786669
control_zero,0,322,0.026882396227930608,0.023309026628382523,0.03573369305804566,0.00035420552355943557
control_zero,0,323,0.026711160574818406,0.02325325823016951,0.03457902266836042,0.0003516585468823039
control_zero,0,324,0.026749702121858187,0.023257608503570133,0.03492093556037771,0.0003491194318009598
control_zero,0,325,0.02666758849983427,0.023150693902420003,0.03516894412122414,0.00034658827895748363
control_zero,0,326,0.026612276157884623,0.02315019669774774,0.03462079446519635,0.00034406518867835853
control_zero,0,327,0.026657323418647128,0.023194500860361768,0.0346282283841163,0.00034155026097049514
control_zero,0,328,0.02655255812033038,0.02310053845648666,0.03452019459584986,0.000339043595517266
control_zero,0,329,0.0265983670181534,0.023111742495634538,0.034866244135808695,0.00033654529167455674
control_zero,0,330,0.026689672828031894,0.02318326643529511,0.03506406688425622,0.00033405544846682513
control_zero,0,331,0.02674999056923794,0.0232824997650581,0.03467490679192948,0.0003315741645831784
control_zero,0,332,0.02658520716755571,0.02311094788537791,0.03474259299199357,0.0003291015383734601
control_zero,0,333,0.02663042609806005,0.023172209087963514,0.034582168398809184,0.00032663766784435264
control_zero,0,334,0.02698593929059823,0.023463500867896853,0.03522438671702505,0.00032418265065549255
control_zero,0,335,0.02658455265447614,0.023106226284183348,0.034783261232369876,0.00032173658411559876
control_zero,0,336,0.026692426547057946,0.0231657862886981,0.03526640008872389,0.00031929956517861695
control_zero,0,337,0.02656401309619996,0.02306340003566082,0.03500612919989672,0.0003168716904398753
control_zero,0,338,0.026688166021055715,0.023198418820145547,0.03489747196046864,0.0003144530561322569
control_zero,0,339,0.026697607025231766,0.023188212750280185,0.035093939033952144,0.00031204375812238417
control_zero,0,340,0.026596109876433488,0.023177692345671803,0.03418417186926146,0.0003096438919068208
control_zero,0,341,0.02659052181453991,0.023146886611965244,0.034436351101719054,0.00030725355260828444
control_zero,0,342,0.026589496737205016,0.023120495677966986,0.03469000787865711,0.00030487283497187813
control_zero,0,343,0.026556847096656695,0.023123370400841493,0.03433476698733185,0.00030250183336133366
control_zero,0,344,0.026573695699555443,0.023124374585425572,0.034493212658649325,0.0003001406417552723
control_zero,0,345,0.026489675725875884,0.023091054013285872,0.033986221006816114,0.00029778935374347935
control_zero,0,346,0.026672110652098766,0.023230897301598878,0.03441213722056259,0.00029544806252319405
control_zero,0,347,0.026580319518597878,0.023145942941463646,0.03434376652515433,0.00029311686089541686
control_zero,0,348,0.026482386675033494,0.023039285112999127,0.034431016379018985,0.00029079584126122946
control_zero,0,349,0.026618997442387726,0.02315405643406487,0.03464940774884299,0.0002884850956181338
control_zero,0,350,0.026623623314320884,0.02316007483021086,0.034635484233187325,0.00028618471555640475
control_zero,0,351,0.026473871147741537,0.02304890936644208,0.03424961716617523,0.0002838947922554602
control_zero,0,352,0.02646134375514312,0.023032702923832613,0.034286409392758385,0.0002816154164802463
control_zero,0,353,0.026434146227708996,0.022985505275720092,0.03448640704933097,0.00027934667857764105
control_zero,0,354,0.026464705824774178,0.023056705051901757,0.03408000965702394,0.00027708866847287177
control_zero,0,355,0.026465398456424708,0.022991070606534224,0.03474327651467709,0.00027484147566595216
control_zero,0,356,0.026424731144939328,0.022997327243748752,0.03427403390057404,0.00027260518922813407
control_zero,0,357,0.026437170195633998,0.022980675495207777,0.034564947013988816,0.00027037989779837683
control_zero,0,358,0.026425866731114238,0.02300167625512218,0.034241901978111146,0.0002681656895798346
control_zero,0,359,0.026415999487587116,0.023005572782328485,0.03410426613342202,0.00026596265233635937
control_zero,0,360,0.026501160080960463,0.02306989535164117,0.034312650269534506,0.0002637708733890237
control_zero,0,361,0.02641522154873407,0.022962806843629707,0.03452414889423561,0.00026159043961265777
control_zero,0,362,0.026471182616432404,0.023031840052251406,0.034393425928744885,0.00025942143743240765
control_zero,0,363,0.02656726279434585,0.023089884656333114,0.034773783539434014,0.00025726395282030826
control_zero,0,364,0.02644718459299121,0.023013709147044946,0.034334752990745065,0.0002551180712918769
control_zero,0,365,0.0264131919950169,0.023026847652604623,0.03386344359433838,0.00025298387790272326
control_zero,0,366,0.026375728462368016,0.022983507041675927,0.033922213073771246,0.00025086145724517755
control_zero,0,367,0.026403872116271883,0.022968103481801932,0.03435768544985171,0.0002487508934449386
control_zero,0,368,0.026477451939573488,0.023022003598297234,0.03455448264922392,0.0002466522701577384
control_zero,0,369,0.026372674196063695,0.022956907185032845,0.0341576715012132,0.0002445656705660271
control_zero,0,370,0.026420158886061324,0.023007340447165014,0.03412818548320635,0.00024249117737567486
control_zero,0,371,0.02645307861501959,0.02303013605778118,0.03422942634078603,0.0002404288728126955
control_zero,0,372,0.026371084411407265,0.022955938483109364,0.03415145540206302,0.0002383788386199849
control_zero,0,373,0.026465894921874875,0.02302267559981533,0.03443219259809265,0.00023634115605408317
control_zero,0,374,0.026649650108487424,0.023084443699636595,0.0356520640982349,0.00023431590588195243
control_zero,0,375,0.02638929084857668,0.022925364330177517,0.034639266098292626,0.0002323031683777763
control_zero,0,376,0.02636061469700878,0.022937172128972123,0.034234427859126434,0.00023030302331977814
control_zero,0,377,0.026364866298849526,0.022947152086847288,0.034177139107206,0.00022831554998705783
control_zero,0,378,0.026346282756281893,0.02294704433063692,0.033992385661944395,0.00022634082715645103
control_zero,0,379,0.026407946158910546,0.023024472288845726,0.03383473681368653,0.0002243789330994051
control_zero,0,380,0.02652526765517093,0.023066758788519055,0.034585087917570034,0.00022242994557887817
control_zero,0,381,0.026347540712893476,0.022931246553832184,0.034162942203389134,0.0002204939418462558
control_zero,0,382,0.02649668976664543,0.023089809912225284,0.034068797785526156,0.0002185709986382895
control_zero,0,383,0.02663897690861717,0.023108029898557588,0.0353094696434453,0.00021666119217405476
control_zero,0,384,0.026416448511513965,0.023007666818583603,0.034087813991868464,0.00021476459815193065
control_zero,0,385,0.02639381698388655,0.022972411852981652,0.034214048371613806,0.00021288129174659845
control_zero,0,386,0.026410985173895837,0.022985124479074703,0.03425860543086074,0.00021101134760606282
control_zero,0,387,0.026327953540158332,0.022928189804811545,0.03399763608414573,0.00020915483984869278
control_zero,0,388,0.02635914186993249,0.022937240852310515,0.03421900660655517,0.00020731184206028338
control_zero,0,389,0.026315922423341256,0.022928138635566277,0.033877836948858854,0.00020548242729113986
control_zero,0,390,0.026305665473597167,0.022896200632457633,0.03409464796397144,0.0002036666680531812
control_zero,0,391,0.026322875813855826,0.022926060006255893,0.03396815807113604,0.00020186463631706724
control_zero,0,392,0.026309230547232977,0.02292701717242404,0.03382213376267927,0.00020007640350934463
control_zero,0,393,0.0263152613691188,0.02291418615893969,0.03401075083733227,0.00019830204050961682
control_zero,0,394,0.026339916055219605,0.022893689927832264,0.03446226283499373,0.0001965416176477338
control_zero,0,395,0.026294215258901486,0.022893497613368084,0.03400717660123312,0.00019479520470100522
control_zero,0,396,0.02630659483626057,0.022888372854059733,0.0341822177891476,0.00019306287089143387
control_zero,0,397,0.02626286411059743,0.022879565878729906,0.033832979381240066,0.0001913446848829728
control_zero,0,398,0.02633569899255862,0.022936452734563743,0.033992462579948785,0.00018964071477880297
control_zero,0,399,0.0263263488348875,0.02290104156938763,0.03425306985859927,0.0001879510281186341
control_zero,0,400,0.026455758455605792,0.023069074858884587,0.03386683442068162,0.00018627569187602803
control_zero,0,401,0.02628097798937917,0.022903691306126645,0.03377286699787755,0.0001846147724557432
control_zero,0,402,0.026341614160229582,0.02292210769209787,0.03419506014871846,0.00018296833569110386
control_zero,0,403,0.026320492547229127,0.02294611801483301,0.03374374456528584,0.00018133644684138923
control_zero,0,404,0.026325020073443728,0.02292937716814463,0.03395642859097716,0.0001797191705892481
control_zero,0,405,0.02631610973346638,0.022900411518723473,0.034156984783339436,0.000178116571038134
control_zero,0,406,0.02634196107424115,0.022946890001002865,0.0339507094873772,0.00017652871170976533
control_zero,0,407,0.026273009121690345,0.02286700529895003,0.034060038840179344,0.0001749556555416066
control_zero,0,408,0.026264127227173775,0.022886756340688576,0.03377370903020428,0.00017339746488437453
control_zero,0,409,0.026340910352708153,0.022912103911331676,0.03428806473474279,0.00017185420149956645
control_zero,0,410,0.02659919849224875,0.02317593459224732,0.03423263774041874,0.00017032592655701195
control_zero,0,411,0.026635095267982148,0.02294595140292657,0.03689143709429873,0.00016881270063244893
control_zero,0,412,0.026384637416303935,0.02295188210885145,0.03432755554508291,0.00016731458370512203
control_zero,0,413,0.026305493657956234,0.022892058630019193,0.034134350892146635,0.0001658316351554057
control_zero,0,414,0.026248942778564932,0.022866303743138014,0.033826389469147976,0.00016436391376244995
control_zero,0,415,0.02622669160502231,0.02282087782072025,0.03405813767766828,0.0001629114777018514
control_zero,0,416,0.026273555547854918,0.022898155291304578,0.0337540013302244,0.00016147438454334643
control_zero,0,417,0.026262699701767367,0.022856907578618035,0.034057917058779114,0.0001600526912485301
control_zero,0,418,0.026235676163870736,0.022861065391655378,0.033746109434036296,0.00015864645416859815
control_zero,0,419,0.026230034897439473,0.022850902950483577,0.03379131736861197,0.00015725572904211292
control_zero,0,420,0.026248294792038343,0.02287348620982612,0.03374808335156416,0.00015588057099279502
control_zero,0,421,0.026263386779525572,0.022870257667049414,0.033931289403152216,0.00015452103452733736
control_zero,0,422,0.026247089597403846,0.022839048862768527,0.03408040734635321,0.00015317717353324577
control_zero,0,423,0.026284855462163297,0.022881267606900815,0.03403587964200475,0.00015184904127670202
control_zero,0,424,0.026216365854126976,0.02284091328302345,0.03375452679555192,0.0001505366904004532
control_zero,0,425,0.02620480230987539,0.022832597924430438,0.03372204570736804,0.00014924017292172498
control_zero,0,426,0.0262463796475304,0.022859478437441447,0.033869012733118965,0.00014795954023015976
control_zero,0,427,0.02620215888570401,0.022812029993643027,0.03390128800630881,0.00014669484308577974
control_zero,0,428,0.026201663212972272,0.022817320688858667,0.03384342310128262,0.00014544613161697508
control_zero,0,429,0.026198266254003615,0.022836021495394546,0.03362244571858224,0.00014421345531851696
control_zero,0,430,0.02619130080736026,0.022816984877768447,0.03374315915974562,0.0001429968630495956
control_zero,0,431,0.026189196402542584,0.022813641809063232,0.033755543989472225,0.0001417964030318838
control_zero,0,432,0.02625478288601335,0.022843761481441967,0.03411021421106615,0.00014061212284762544
control_zero,0,433,0.026188384911760336,0.02279044269503875,0.033979423713746335,0.00013944406943775003
control_zero,0,434,0.026227203744898887,0.022836592097039633,0.03390611445059508,0.00013829228910001106
control_zero,0,435,0.026204635386717537,0.022812045142832686,0.03392590367412754,0.00013715682748715205
control_zero,0,436,0.026202747233542698,0.022814630455393392,0.03388116716871685,0.00013603772960509627
control_zero,0,437,0.026192303552406575,0.022825723392378258,0.033665800797838145,0.00013493503981116322
control_zero,0,438,0.026265122122848625,0.022846137025143085,0.03418985115213431,0.00013384880181231017
control_zero,0,439,0.026241118798406876,0.022863681381933062,0.03377437587175761,0.00013277905866340012
control_zero,0,440,0.026187000660026355,0.022808392179580333,0.03378608620509155,0.00013172585276549498
control_zero,0,441,0.026233135953584476,0.022824526013072104,0.03408610048964036,0.000130689225864175
control_zero,0,442,0.026208844799402487,0.022832983496839633,0.033758613638404766,0.00012966921904788411
control_zero,0,443,0.026205819216860802,0.022811320778128374,0.03394498253926907,0.00012866587274630136
control_zero,0,444,0.026210540579753507,0.022826103960448395,0.03384436151455339,0.00012767922672873855
control_zero,0,445,0.02618301434651523,0.022811322076630343,0.03371692098696612,0.00012670932010256327
control_zero,0,446,0.026199226826915698,0.02280770194796996,0.033915247700077436,0.0001257561913116499
control_zero,0,447,0.026165811675685817,0.02279152077265259,0.03374290948748277,0.00012481987813485463
control_zero,0,448,0.026210626626178117,0.022836907774054352,0.03373718788900824,0.00012390041768451903
control_zero,0,449,0.026256975447929248,0.022851928966436,0.03405046418270305,0.00012299784640499843
control_zero,0,450,0.02628804915450883,0.022874021990219855,0.034140268413656374,0.00012211220007121764
control_zero,0,451,0.026217597714253256,0.022830729134497536,0.03386868827784186,0.00012124351378725287
control_zero,0,452,0.026180988430548897,0.022792147346054916,0.03388840890934511,0.00012039182198494037
control_zero,0,453,0.026161617888794245,0.022797390035604062,0.03364228052585617,0.00011955715842251154
control_zero,0,454,0.0261499621168596,0.022777614088889512,0.03372347780914282,0.00011873955618325512
control_zero,0,455,0.02617784187333858,0.022806247453115318,0.033715945281885935,0.0001179390476742057
control_zero,0,456,0.026162974371066603,0.022773102339230692,0.033898720610157314,0.00011715566462485903
control_zero,0,457,0.026171432589192925,0.022789647287200388,0.03381784865754236,0.00011638943808591481
control_zero,0,458,0.0261445395239962,0.022771583053018345,0.033729562239220495,0.0001156403984280455
control_zero,0,459,0.02610883236359367,0.022749550937244536,0.03359281284827009,0.00011490857534069303
control_zero,0,460,0.026181511435044963,0.02278677642578867,0.03394734886701051,0.00011419399783089137
control_zero,0,461,0.026169578858478572,0.022800165255293835,0.0336941363333722,0.00011349669422211739
control_zero,0,462,0.026114842005793792,0.022750895348798202,0.03363946641433021,0.00011281669215316785
control_zero,0,463,0.026135636109362693,0.022750861043056993,0.033847752219314055,0.00011215401857706393
control_zero,0,464,0.02612106661572469,0.022754994933505593,0.033660718986360895,0.00011150869975998316
control_zero,0,465,0.026097262589450606,0.022734172472015375,0.03363089868434104,0.00011088076128021786
control_zero,0,466,0.02616831858693464,0.02277869916966005,0.03389619106023181,0.00011027022802716184
control_zero,0,467,0.026119845479182103,0.022746350086116605,0.0337349550856895,0.00010967712420032333
control_zero,0,468,0.02609921482150922,0.02272925734539412,0.033699574926503335,0.00010910147330836623
control_zero,0,469,0.02616958690724547,0.022776121254183605,0.0339346571725747,0.00010854329816817797
control_zero,0,470,0.026109853443293286,0.022748602398576376,0.033612510135917685,0.00010800262090396556
control_zero,0,471,0.02612186350200724,0.02275006740546102,0.03371796191380634,0.00010747946294637797
control_zero,0,472,0.026200651427045193,0.022830158720089623,0.03370492661240518,0.00010697384503165752
control_zero,0,473,0.02612531113173258,0.02274456856572908,0.033807426457616745,0.00010648578720081721
control_zero,0,474,0.026113405356830467,0.022750948504702852,0.03362456993649741,0.00010601530879884693
control_zero,0,475,0.026101648719986176,0.022734579092801084,0.03367069843602087,0.00010556242847394639
control_zero,0,476,0.026097567742277065,0.022740913375083834,0.03356654478076544,0.00010512716417678588
control_zero,0,477,0.026107654213788616,0.022739895743466233,0.03367758518955415,0.00010470953315979514
control_zero,0,478,0.026127387869217998,0.022756471860346534,0.033709160127621096,0.00010430955197647918
control_zero,0,479,0.02609538788817259,0.022724676288800514,0.03370711582836843,0.00010392723648076232
control_zero,0,480,0.026083096681897074,0.022721759401086727,0.033613372812966766,0.00010356260182635971
control_zero,0,481,0.02611204252794735,0.02273521711441929,0.03376825459729443,0.00010321566246617685
control_zero,0,482,0.026089315703892522,0.022731673084296695,0.03357642556372884,0.00010288643215173648
control_zero,0,483,0.02607792571148113,0.022718593560878974,0.03359332074734623,0.00010257492393263363
control_zero,0,484,0.02611232789199284,0.022734570820322236,0.033777570415181216,0.00010228115015601852
control_zero,0,485,0.026114781875912266,0.0227560549950125,0.0335872709828942,0.00010200512246610701
control_zero,0,486,0.02610881961201252,0.02274097527520775,0.03367844397596062,0.00010174685180371902
control_zero,0,487,0.026075310285346626,0.022705609401974913,0.033697010779038424,0.00010150634840584485
control_zero,0,488,0.026112632568215575,0.02273244616470978,0.03380186452138829,0.00010128362180523972
control_zero,0,489,0.02608106143325178,0.022728504457416174,0.033525569758356084,0.00010107868083004547
control_zero,0,490,0.026153641444078935,0.022762086436969493,0.033915550766546794,0.00010089153360344113
control_zero,0,491,0.026121066027264994,0.02273938628326975,0.0338168000758628,0.00010072218754332046
control_zero,0,492,0.026061137471902463,0.022716831289445762,0.03344306140632293,0.00010057064936199837
control_zero,0,493,0.026067292356654496,0.022712608064979548,0.03354684461890562,0.00010043692506594446
control_zero,0,494,0.026070191493311377,0.022708419034398568,0.03361772582440713,0.00010032101995554533
control_zero,0,495,0.026061375131806258,0.022696438067964723,0.033649366154449724,0.00010022293862489412
control_zero,0,496,0.02610671314029096,0.022745463209270497,0.03361249959227622,0.00010014268496160877
control_zero,0,497,0.026095828873059147,0.02271643387975643,0.03379394773481409,0.00010008026214667765
control_zero,0,498,0.026067913084366304,0.02273304370905494,0.03334869033907475,0.00010003567265433361
control_zero,0,499,0.02604370350236992,0.02268820674238877,0.03355496310611929,0.00010000891825195589
control_zero,0,500,0.026064131233850908,0.02268987423290472,0.03374256783070203,0.0001
control_zero,1,1,0.1381950049350659,0.08505833211044471,0.531366728246212,0.001
control_zero,1,2,0.12204654204348724,0.09054691592852275,0.31499624252319336,0.000999991081748044
control_zero,1,3,0.11464498626689117,0.08761927175025146,0.2702571265399456,0.0009999643273456663
control_zero,1,4,0.1048107451448838,0.07951149220267932,0.25299252569675446,0.0009999197378533222
control_zero,1,5,0.09429078300793965,0.07056099424759547,0.23729787518580756,0.0009998573150383913
control_zero,1,6,0.082877350350221,0.06282953421274821,0.20047814771533012,0.0009997770613751058
control_zero,1,7,0.07215723457435767,0.05289176292717457,0.19265470219155154,0.0009996789800444546
control_zero,1,8,0.06363487616181374,0.04579100866491596,0.1784386709332466,0.0009995630749340555
control_zero,1,9,0.05826215942700704,0.04074801659832398,0.17514142456154028,0.0009994293506380017
control_zero,1,10,0.05110208302115401,0.03637921499709288,0.1472286724795898,0.0009992778124566796
control_zero,1,11,0.04318674902121226,0.03063118892411391,0.12555559476216635,0.0009991084663965588
control_zero,1,12,0.04169966094195843,0.030141073744744062,0.11558587104082108,0.0009989213191699546
control_zero,1,13,0.03816794557496905,0.028352143708616495,0.09815801524867614,0.0009987163781947602
control_zero,1,14,0.037066199351102114,0.02824267124136289,0.08823528171827395,0.0009984936515941552
control_zero,1,15,0.03652732788274685,0.028050184560318787,0.08477142763634522,0.000998253148196281
control_zero,1,16,0.03595478103185693,0.0277994218437622,0.08155359234660864,0.0009979948775338929
control_zero,1,17,0.03596772657086452,0.027964088910569746,0.08003637753427029,0.0009977188498439813
control_zero,1,18,0.03599620548387369,0.028327928856015205,0.07668276596814394,0.0009974250760673663
control_zero,1,19,0.035632902601112924,0.028293570814033348,0.073393317249914,0.0009971135678482636
control_zero,1,20,0.03481671245147785,0.027506467731048662,0.07310244503120582,0.000996784337533823
control_zero,1,21,0.03441796715681752,0.027531749646489818,0.06886217277497053,0.0009964373981736403
control_zero,1,22,0.033810576579223074,0.027294565147409838,0.06516011680165927,0.0009960727635192376
control_zero,1,23,0.03373389085754752,0.02733243171436091,0.06401459019010265,0.0009956904480235209
control_zero,1,24,0.03367541326830784,0.027340538954983156,0.06334874623765548,0.0009952904668402048
control_zero,1,25,0.03375312748054663,0.02751934031645457,0.06233786791563034,0.0009948728358232142
control_zero,1,26,0.03381767217069864,0.02750012914960583,0.06317543052136898,0.0009944375715260536
control_zero,1,27,0.03349333597968022,0.02728465711697936,0.06208679281796018,0.000993984691201153
control_zero,1,28,0.03412713948637247,0.0274026218491296,0.06724517575154702,0.0009935142127991828
control_zero,1,29,0.03407799328366915,0.027775256894528866,0.06302736482272546,0.0009930261549683426
control_zero,1,30,0.03370426082983613,0.027619465719908476,0.06084795265148083,0.000992520537053622
control_zero,1,31,0.03354759607464075,0.027444719802588224,0.061028760857880116,0.0009919973790960344
control_zero,1,32,0.03279725012059013,0.027270506291339796,0.05526743860294422,0.000991456701831822
control_zero,1,33,0.032808687848349415,0.02708214505886038,0.05726543006797632,0.0009908985266916337
control_zero,1,34,0.032631370394180216,0.02705134218558669,0.05580027696366111,0.0009903228757996768
control_zero,1,35,0.032892197370529175,0.027148266167690355,0.057439309234420456,0.000989729771972838
control_zero,1,36,0.03312315264095863,0.027261480689048767,0.05861671517292658,0.0009891192387197821
control_zero,1,37,0.03323071527605256,0.027377822902053595,0.05852892684439818,0.0009884913002400169
control_zero,1,38,0.03477805914978186,0.02830150056009491,0.06476558449988563,0.000987845981422936
control_zero,1,39,0.03288864685843388,0.027421074143300455,0.05467572435736656,0.0009871833078468322
control_zero,1,40,0.03362387736948828,0.027452959834287565,0.061709170850614704,0.0009865033057778825
control_zero,1,41,0.033302233864863716,0.02745232917368412,0.05849904380738735,0.0009858060021691085
control_zero,1,42,0.03291804591814677,0.027361434729148943,0.0555661100273331,0.0009850914246593069
control_zero,1,43,0.033906366831312575,0.028175500687211752,0.057308665942400694,0.0009843596015719545
control_zero,1,44,0.036357366014271975,0.02904002709935109,0.07317338759700458,0.0009836105619140851
control_zero,1,45,0.033217248506844044,0.02730249846354127,0.059147500743468605,0.000982844335375141
control_zero,1,46,0.032510352631409965,0.027050841910143692,0.05459510302171111,0.0009820609523257943
control_zero,1,47,0.03301822766661644,0.027556732917825382,0.05461494174475471,0.000981260443816745
control_zero,1,48,0.03296848448614279,0.027111138217151165,0.05857345834374428,0.0009804428415774885
control_zero,1,49,0.032105994100371994,0.026961446274071932,0.051445473140726485,0.0009796081780150596
control_zero,1,50,0.03210699108118812,0.026916352566331625,0.05190638328591982,0.000978756486212747
control_zero,1,51,0.03231363541757067,0.027171958548327286,0.05141676729544997,0.0009778877999287825
control_zero,1,52,0.03260847879573703,0.02719784528017044,0.05410633608698845,0.0009770021535950016
control_zero,1,53,0.03235222166404128,0.02717702028652032,0.051752011912564434,0.000976099582315481
control_zero,1,54,0.03297806469102701,0.027425168082118034,0.055528963605562844,0.0009751801218651454
control_zero,1,55,0.032448170551409326,0.027382788558801014,0.050653816356013216,0.0009742438086883502
control_zero,1,56,0.03246062776694695,0.026666745077818632,0.057938825649519764,0.0009732906798974367
control_zero,1,57,0.03230650521193942,0.027062386895219486,0.05244118502984444,0.0009723207732712615
control_zero,1,58,0.032317530208577715,0.027057842972377937,0.052596871896336474,0.0009713341272536987
control_zero,1,59,0.03249619761481881,0.027447242600222427,0.05048954797287782,0.0009703307809521158
control_zero,1,60,0.0335596768806378,0.02741105854511261,0.06148618180304766,0.000969310774135825
control_zero,1,61,0.03259108712275823,0.02743156844129165,0.05159518402069807,0.0009682741472345051
control_zero,1,62,0.033147195974985756,0.027471962152048945,0.056752335745841265,0.0009672209413366
control_zero,1,63,0.03394007605190078,0.02775105694308877,0.06189018705238899,0.00096615119818769
control_zero,1,64,0.03305497563754519,0.027115800728400547,0.05939175064365069,0.0009650649601888368
control_zero,1,65,0.0323727261275053,0.027222699563329417,0.05150026207168897,0.0009639622703949038
control_zero,1,66,0.03201009674618641,0.02677848593642314,0.052316108563294016,0.000962843172512848
control_zero,1,67,0.03224434610456228,0.026962141195933025,0.05282205017283559,0.0009617077108999891
control_zero,1,68,0.03244552373265227,0.026811576448380947,0.056339470048745476,0.0009605559305622501
control_zero,1,69,0.03182246427362164,0.026886388659477234,0.04936075381313761,0.0009593878771523745
control_zero,1,70,0.032141216254482664,0.027110557227085035,0.05030658530692259,0.0009582035969681164
control_zero,1,71,0.03193904009337226,0.02680040244013071,0.05138637622197469,0.0009570031369504046
control_zero,1,72,0.032708973002930485,0.02736228603559236,0.05346686796595653,0.0009557865446814831
control_zero,1,73,0.03242219425737858,0.027099674567580223,0.053225192707031965,0.0009545538683830249
control_zero,1,74,0.032536289344231285,0.027390190865844488,0.05146098788827658,0.0009533051569142203
control_zero,1,75,0.03165401006117463,0.026729644431422155,0.04924365443487962,0.0009520404597698404
control_zero,1,76,0.03169700037688017,0.026538420623789232,0.051585797065248094,0.000950759827078275
control_zero,1,77,0.03296797350049019,0.027336747540781896,0.05631225214650234,0.0009494633095995468
control_zero,1,78,0.03327608108520508,0.027698943081001442,0.05577138035247723,0.000948150958723298
control_zero,1,79,0.032154203237344824,0.026860264129936695,0.052939389987538256,0.0009468228264667542
control_zero,1,80,0.03220880078151822,0.026848956554507215,0.05359844180444876,0.0009454789654726626
control_zero,1,81,0.031726482324302197,0.026753146046151716,0.04973335936665535,0.000944119429007205
control_zero,1,82,0.03160516948749622,0.02663431433029473,0.049708552192896605,0.0009427442709578871
control_zero,1,83,0.03150645115723213,0.026617793288702767,0.04888658178970218,0.000941353545831402
control_zero,1,84,0.031563652058442436,0.026722097924600046,0.04841554149364432,0.0009399473087514699
control_zero,1,85,0.03162340307608247,0.026647706826527912,0.049756962495545544,0.0009385256154566536
control_zero,1,86,0.032463988134016596,0.02736182107279698,0.051021673095722996,0.0009370885222981487
control_zero,1,87,0.0316962618380785,0.026865280078103144,0.048309815426667534,0.0009356360862375501
control_zero,1,88,0.03149379432822267,0.026647272674987715,0.048465213272720575,0.0009341683648445943
control_zero,1,89,0.031718569031606116,0.026679190807044506,0.0503937816247344,0.0009326854162948781
control_zero,1,90,0.03220175455013911,0.02705086620214085,0.051508883790423475,0.0009311872993675511
control_zero,1,91,0.031783558428287506,0.026703314545253914,0.05080243572592735,0.000929674073442988
control_zero,1,92,0.03190061030909419,0.02693590451963246,0.04964706146468719,0.0009281457985004336
control_zero,1,93,0.03152828523889184,0.026540773610273998,0.04987511488919457,0.0009266025351156256
control_zero,1,94,0.031838015653193,0.026896306003133457,0.0494170932409664,0.0009250443444583935
control_zero,1,95,0.031266153790056705,0.026357974701871473,0.049081789484868445,0.0009234712882902347
control_zero,1,96,0.03159082122147083,0.026668525533750653,0.04922295237580935,0.0009218834289618661
control_zero,1,97,0.03178385148445765,0.02679856385414799,0.0498528767687579,0.000920280829410752
control_zero,1,98,0.03134489913160602,0.026491406528900068,0.04853492540617784,0.0009186635531586108
control_zero,1,99,0.031226930984606344,0.026449439736704033,0.04777491216858228,0.0009170316643088962
control_zero,1,100,0.03127764041225115,0.02655692445114255,0.04720715805888176,0.0009153852275442568
control_zero,1,101,0.031189966946840286,0.026435353017101686,0.047546143333117165,0.0009137243081239721
control_zero,1,102,0.031223624634246033,0.026487294894953568,0.04736329816902677,0.0009120489718813659
control_zero,1,103,0.03125212419157227,0.026386894130458433,0.04865229750672976,0.0009103592852211972
control_zero,1,104,0.03138442896306515,0.02661711908876896,0.047673100139945745,0.0009086553151170272
control_zero,1,105,0.03163002089907726,0.026595084617535274,0.0503493615736564,0.0009069371291085661
control_zero,1,106,0.03161158862834176,0.026763807516545057,0.048477808479219675,0.0009052047952989949
control_zero,1,107,0.03194892328853408,0.02681314681346218,0.05135776335373521,0.0009034583823522663
control_zero,1,108,0.03134369213754932,0.026717322412878275,0.04626369445274273,0.0009016979594903832
control_zero,1,109,0.03135004173964262,0.02639566920697689,0.04954372998327017,0.0008999235964906553
control_zero,1,110,0.031044476044674713,0.02638817112892866,0.046563048070917525,0.0008981353636829328
control_zero,1,111,0.03132316578800479,0.02664489857852459,0.046782666351646185,0.0008963333319468188
control_zero,1,112,0.031137511289368074,0.026417847101887066,0.04719664575532079,0.0008945175727088603
control_zero,1,113,0.031151431767890852,0.02650089655071497,0.046505349377791085,0.0008926881579397167
control_zero,1,114,0.031084167305380106,0.026358230815579493,0.04725936381146312,0.0008908451601513074
control_zero,1,115,0.03116165567189455,0.02629409311339259,0.0486756277581056,0.0008889886523939372
control_zero,1,116,0.03380577995752295,0.02778083411976695,0.06024945992976427,0.0008871187082534017
control_zero,1,117,0.03252756502479315,0.027333744956801336,0.051938199903815985,0.0008852354018480694
control_zero,1,118,0.033516183805962406,0.028003028826788068,0.0551315521200498,0.0008833388078259452
control_zero,1,119,0.031132816802710295,0.026393201512595017,0.047396157712986074,0.0008814290013617105
control_zero,1,120,0.03357218640546004,0.027881688826406997,0.05690497470398744,0.0008795060581537442
control_zero,1,121,0.03212869865819812,0.02703609239930908,0.05092605917404095,0.000877570054421122
control_zero,1,122,0.031168594490736723,0.02654243881503741,0.046261557222654424,0.0008756210669005949
control_zero,1,123,0.031068403429041307,0.026352930037925642,0.04715472956498464,0.0008736591728435492
control_zero,1,124,0.031067090419431526,0.026368288323283195,0.046988018012295164,0.0008716844500129422
control_zero,1,125,0.031099392877270777,0.026416145885984104,0.046832473327716194,0.000869696976680222
control_zero,1,126,0.03126891733457645,0.02658064973851045,0.04688267999639114,0.0008676968316222237
control_zero,1,127,0.031392988127966724,0.026690367454042036,0.047026206428805985,0.0008656840941180476
control_zero,1,128,0.03213639728104075,0.026440376415848732,0.0569602083414793,0.0008636588439459168
control_zero,1,129,0.032424450696756445,0.027248801353077095,0.05175649033238491,0.0008616211613800151
control_zero,1,130,0.031091905664652586,0.026484562472129863,0.04607343332221111,0.0008595711271873046
control_zero,1,131,0.03104811068624258,0.026281586692978937,0.04766524241616329,0.0008575088226243251
control_zero,1,132,0.03118236130103469,0.02632702390352885,0.04855337040498853,0.0008554343294339731
control_zero,1,133,0.031423090025782585,0.02663331921212375,0.047897708447029196,0.0008533477298422618
control_zero,1,134,0.03064423908169071,0.026212414105733235,0.04431824649994572,0.0008512491065550615
control_zero,1,135,0.0326223272519807,0.026726764316360157,0.05895562469959259,0.0008491385427548225
control_zero,1,136,0.03219198753746847,0.026794578414410353,0.053974093248446785,0.0008470161220972769
control_zero,1,137,0.03133583860471845,0.02658781424785654,0.04748024418950081,0.0008448819287081231
control_zero,1,138,0.031225569856663544,0.026451087091118097,0.04774482129141688,0.0008427360471796918
control_zero,1,139,0.030922829483946163,0.026514484857519467,0.04408344362551967,0.0008405785625675925
control_zero,1,140,0.031239787737528484,0.026445955658952396,0.04793831783657273,0.0008384095603873422
control_zero,1,141,0.031085594246784847,0.026548801300426323,0.045367928221821785,0.0008362291266109763
control_zero,1,142,0.031014038094629843,0.026389481965452433,0.046245558032145105,0.0008340373476636405
control_zero,1,143,0.03075724234804511,0.026327064260840416,0.044301778078079224,0.0008318343104201655
control_zero,1,144,0.03079592188199361,0.026232321048155427,0.04563600569963455,0.0008296201022016233
control_zero,1,145,0.03096368567397197,0.026337321537236374,0.046263639349490404,0.0008273948107718659
control_zero,1,146,0.031144768930971622,0.026475728567068774,0.04669040239726504,0.0008251585243340478
control_zero,1,147,0.03160984441637993,0.026773277359704178,0.04836566373705864,0.0008229113315271283
control_zero,1,148,0.031202109375347693,0.02642624561364452,0.047758638858795166,0.0008206533214223591
control_zero,1,149,0.030916926451027393,0.026232992609341938,0.046839341366042696,0.0008183845835197537
control_zero,1,150,0.03178131782139341,0.026829599868506193,0.04951717657968402,0.0008161052077445399
control_zero,1,151,0.03161525415877501,0.026702720516671736,0.04912533424794674,0.0008138152844435952
control_zero,1,152,0.032088845036923885,0.026779017876833677,0.053098267409950495,0.0008115149043818662
control_zero,1,153,0.03079262818209827,0.026273476658388972,0.04519151337444782,0.0008092041587387706
control_zero,1,154,0.030828665165851515,0.02636079800625642,0.0446786698885262,0.0008068831391045833
control_zero,1,155,0.03070380197217067,0.026178523975734908,0.04525278198222319,0.000804551937476806
control_zero,1,156,0.030644715297967196,0.026115173163513344,0.04529541606704394,0.0008022106462565208
control_zero,1,157,0.03068824578076601,0.026183923163140815,0.04504322508970896,0.0007998593582447277
control_zero,1,158,0.030777173427244026,0.02621169202029705,0.0456548078606526,0.0007974981666386664
control_zero,1,159,0.03063013932357232,0.026133802719414234,0.04496336542069912,0.000795127165028122
control_zero,1,160,0.03067506632457177,0.02629867723832528,0.043763891172905765,0.0007927464473917156
control_zero,1,161,0.031006796828781564,0.02643808986370762,0.04568707166860501,0.0007903561080931794
control_zero,1,162,0.03153925358007351,0.02663126929352681,0.049079838674515486,0.0007879562418776158
control_zero,1,163,0.0308619764012595,0.02634592851003011,0.04516048077493906,0.0007855469438677433
control_zero,1,164,0.03088661826526125,0.026156614534556866,0.047300033581753574,0.0007831283095601248
control_zero,1,165,0.030918872604767483,0.02642330628198882,0.04495566322778662,0.0007807004348213832
control_zero,1,166,0.03093523687372605,0.02653085991429786,0.04404376680031419,0.0007782634158844013
control_zero,1,167,0.030676982055107754,0.02617820321271817,0.04498778966565927,0.0007758173493445075
control_zero,1,168,0.03088826158394416,0.026345710425327223,0.04542551298315326,0.0007733623321556474
control_zero,1,169,0.030582933065791924,0.026151550157616537,0.04431382815043131,0.00077089846162654
control_zero,1,170,0.031226217436293762,0.026268837197373312,0.049573803475747504,0.0007684258354168216
control_zero,1,171,0.031213243802388508,0.026367790376146633,0.048454527743160725,0.0007659445515331749
control_zero,1,172,0.03087573793406288,0.026382633950561285,0.044931039990236364,0.0007634547083254433
control_zero,1,173,0.030949802603572607,0.02632059622555971,0.046292065953214966,0.000760956404482734
control_zero,1,174,0.0305994707159698,0.0260150086445113,0.045844623974213995,0.0007584497390295051
control_zero,1,175,0.031138102523982525,0.026586500306924183,0.04551601829007268,0.0007559348113216416
control_zero,1,176,0.031108762448032696,0.026492934208363295,0.046158276653538145,0.0007534117210425165
control_zero,1,177,0.030542053747922182,0.026130462375779945,0.044115912479658924,0.0007508805681990402
control_zero,1,178,0.031205631016443174,0.026566768530756235,0.0463886265642941,0.0007483414531176961
control_zero,1,179,0.030765239459772904,0.026349438820034266,0.04415800515562296,0.0007457944764405646
control_zero,1,180,0.0309801468004783,0.026279827812686563,0.0470031873943905,0.0007432397391213332
control_zero,1,181,0.030827685647333663,0.026253260284041364,0.045744252701600395,0.0007406773424212957
control_zero,1,182,0.03066975235318144,0.02622853483383854,0.04441217938438058,0.0007381073879053382
control_zero,1,183,0.03062621410936117,0.0261274886627992,0.04498725074032942,0.0007355299774379137
control_zero,1,184,0.032338626217097044,0.027145271034290392,0.05193355524291595,0.0007329452131790039
control_zero,1,185,0.030944497634967167,0.02630572416819632,0.04638773435726762,0.0007303531975800709
control_zero,1,186,0.03057543048635125,0.026221065937230986,0.04354364781950911,0.0007277540333799953
control_zero,1,187,0.030678527274479468,0.02623108820989728,0.04447439375023047,0.0007251478236010049
control_zero,1,188,0.030490131117403507,0.02601315127685666,0.04476980042333404,0.0007225346715445904
control_zero,1,189,0.030398472988357145,0.026004568363229435,0.043939047337820135,0.0007199146807874117
control_zero,1,190,0.030434215751787026,0.026122137904167175,0.043120775992671646,0.0007172879551771918
control_zero,1,191,0.030857217498123646,0.026336741944154102,0.04520475429793199,0.0007146545988286011
control_zero,1,192,0.030931894046564896,0.026284880936145782,0.046470130793750286,0.0007120147161191302
control_zero,1,193,0.03065917082130909,0.026247761212289333,0.04411409554692606,0.000709368411684953
control_zero,1,194,0.030552204387883346,0.02624848655735453,0.04303717597698172,0.0007067157904167792
control_zero,1,195,0.030367808416485786,0.026023669634014368,0.04344138797993461,0.0007040569574556971
control_zero,1,196,0.03096191321189205,0.02633653488010168,0.04625378052393595,0.0007013920181890054
control_zero,1,197,0.030399119947105646,0.026046433253213763,0.043526866318037115,0.0006987210782460367
control_zero,1,198,0.03035835052529971,0.026121513297160465,0.04236837103962898,0.0006960442434939707
control_zero,1,199,0.0302772947276632,0.02585230628028512,0.04424988462900122,0.0006933616200336369
control_zero,1,200,0.031220752745866776,0.026313297062491376,0.04907455419500669,0.000690673314195311
control_zero,1,201,0.030862667132169008,0.026192669135828812,0.04669997934252024,0.0006879794325344985
control_zero,1,202,0.030284741272528965,0.0259682588900129,0.043164821496854223,0.0006852800818277125
control_zero,1,203,0.030322289715210598,0.026095714420080185,0.042265751864761114,0.0006825753690682404
control_zero,1,204,0.030529423306385677,0.02618317911401391,0.04346243757754564,0.000679865401461904
control_zero,1,205,0.030384618168075878,0.02609979858001073,0.042848201002925634,0.0006771502864228094
control_zero,1,206,0.03033821051940322,0.026021939236670732,0.043162714379529156,0.0006744301315690899
control_zero,1,207,0.030676772662748892,0.02627282977725069,0.04403943040718635,0.0006717050447186406
control_zero,1,208,0.030408288817852736,0.026123862868795793,0.04284425840402643,0.0006689751338848441
control_zero,1,209,0.030200606988122065,0.025960727439572413,0.04239879470939437,0.00066624050727229
control_zero,1,210,0.030970504662642877,0.026371924361834925,0.04598580331852039,0.0006635012732724854
control_zero,1,211,0.0306055120502909,0.02622911287471652,0.04376399625713626,0.0006607575404595593
control_zero,1,212,0.030262099113315344,0.025979509577155113,0.042825895051161446,0.0006580094175859585
control_zero,1,213,0.030528036877512932,0.026162084036817152,0.04365952809651693,0.000655257013578137
control_zero,1,214,0.030743917217478156,0.02592005122763415,0.0482386602088809,0.0006525004375322391
control_zero,1,215,0.03060158233468731,0.02597234568869074,0.046292367236067854,0.0006497397987097745
control_zero,1,216,0.03119575511664152,0.02652735309675336,0.04668401895711819,0.000646975206533288
control_zero,1,217,0.030685184057801962,0.026202836229155462,0.04482348154609402,0.0006442067705820222
control_zero,1,218,0.03083520879348119,0.02640518530582388,0.04430023363480965,0.0006414346005875742
control_zero,1,219,0.030708680239816506,0.026164199225604534,0.04544480952123801,0.0006386588064295461
control_zero,1,220,0.030523827920357387,0.026170244440436363,0.043535834178328514,0.0006358794981311898
control_zero,1,221,0.0302416089301308,0.02597390611966451,0.04267702888076504,0.0006330967858550461
control_zero,1,222,0.030303673663487036,0.026060960566004116,0.04242713299269477,0.0006303107798985779
control_zero,1,223,0.030233738167832296,0.025974925607442856,0.04258812855308255,0.0006275215906897991
control_zero,1,224,0.030177708249539137,0.025936501411100227,0.04241206714262565,0.0006247293287828968
control_zero,1,225,0.030279327960064013,0.02596996088201801,0.043093669383476176,0.0006219341048538498
control_zero,1,226,0.030292903694013756,0.026044010727976758,0.04248893059169253,0.0006191360296960414
control_zero,1,227,0.030114349133024614,0.025908964065213997,0.04205384819457928,0.0006163352142158681
control_zero,1,228,0.03021304712941249,0.025982488722850878,0.042305583599954844,0.0006135317694283441
control_zero,1,229,0.030412484891712666,0.026044399787982304,0.04368084684635202,0.0006107258064527004
control_zero,1,230,0.030473164282739162,0.026060132465014856,0.04413031693547964,0.0006079174365079803
control_zero,1,231,0.031073634667942922,0.026270783661554258,0.04802851052954793,0.0006051067709086316
control_zero,1,232,0.03157931566238403,0.027033411897718906,0.04545903981973728,0.0006022939210600944
control_zero,1,233,0.030319335870444775,0.026060068824638922,0.04259266828497251,0.0005994789984543849
control_zero,1,234,0.03021147210771839,0.02595995009566347,0.042515215929597616,0.0005966621146656766
control_zero,1,235,0.030147514771670103,0.025965026579797268,0.04182487912476063,0.0005938433813458776
control_zero,1,236,0.030234376589457195,0.025947995328654844,0.04286381043493748,0.0005910229102202056
control_zero,1,237,0.03000980196520686,0.025902763629953068,0.041070382886876665,0.0005882008130827588
control_zero,1,238,0.031207268747190636,0.026551915565505624,0.04655353104074796,0.0005853772017920855
control_zero,1,239,0.03021839742238323,0.025803485962872703,0.04414911630252997,0.0005825521882667496
control_zero,1,240,0.030539735375593107,0.02617733646184206,0.043623987740526594,0.0005797258844808951
control_zero,1,241,0.03005753504112363,0.02596450651374956,0.04093028465285897,0.0005768984024598077
control_zero,1,242,0.03020767883087198,0.025931884689877432,0.042757938305536904,0.0005740698542754742
control_zero,1,243,0.03011507789293925,0.025925357826054096,0.041897198340545096,0.0005712403520421409
control_zero,1,244,0.03015034692361951,0.02590735978446901,0.04242987185716629,0.0005684100079118693
control_zero,1,245,0.030122267392774422,0.025931636802852154,0.04190630574400226,0.0005655789340700907
control_zero,1,246,0.03042011521756649,0.026021349088599283,0.04398766423886021,0.0005627472427311599
control_zero,1,247,0.030134404078125954,0.02592074917629361,0.04213654606913527,0.0005599150461339072
control_zero,1,248,0.030293711616347235,0.02596176089718938,0.04331950734679898,0.0005570824565371895
control_zero,1,249,0.030121570685878396,0.025896818299467366,0.04224752246712645,0.0005542495862154417
control_zero,1,250,0.030171918061872322,0.025868530850857496,0.04303386900573969,0.0005514165474542244
control_zero,1,251,0.030130659230053425,0.025971744830409687,0.04158914384121696,0.0005485834525457758
control_zero,1,252,0.03086697046334545,0.026066681370139122,0.04800288798287511,0.0005457504137845584
control_zero,1,253,0.030331331460426252,0.026074374405046303,0.04256956869115432,0.0005429175434628103
control_zero,1,254,0.030231819332887728,0.026084791248043377,0.04147028115888437,0.0005400849538660929
control_zero,1,255,0.030513806268572807,0.02599675456682841,0.04517051484435797,0.0005372527572688402
control_zero,1,256,0.030358442415793736,0.025961761207630236,0.043966810374210276,0.0005344210659299094
control_zero,1,257,0.03045605154087146,0.026137886724124353,0.04318164677048723,0.0005315899920881308
control_zero,1,258,0.030055639644463856,0.025763817286739748,0.04291822466378411,0.0005287596479578591
control_zero,1,259,0.030012167058885098,0.02596222547193368,0.040499412609885134,0.0005259301457245257
control_zero,1,260,0.030203651792059343,0.026021304074674845,0.04182348020064334,0.0005231015975401924
control_zero,1,261,0.030084706532458465,0.025926564044008654,0.04158142410839597,0.0005202741155191051
control_zero,1,262,0.03019029103840391,0.026004009259243805,0.041862820740789175,0.0005174478117332506
control_zero,1,263,0.030196219217032194,0.025944985759754974,0.04251233271012703,0.0005146227982079145
control_zero,1,264,0.029970936477184296,0.025780880513290565,0.04190056025981903,0.0005117991869172412
control_zero,1,265,0.029897754080593586,0.02574102363238732,0.04156730774169167,0.0005089770897797945
control_zero,1,266,0.030294500446567934,0.026027871295809746,0.04266629290456573,0.0005061566186541225
control_zero,1,267,0.02991356902445356,0.02579818743591507,0.041153812780976295,0.0005033378853343236
control_zero,1,268,0.029876477550715208,0.02580588481699427,0.0407059279580911,0.0005005210015456152
control_zero,1,269,0.03008107856536905,0.02587478669981162,0.04206291974211732,0.0004977060789399056
control_zero,1,270,0.030820165916035574,0.02635330396393935,0.04466861921052138,0.0004948932290913684
control_zero,1,271,0.030150863341987133,0.025932416940728825,0.04218446742743254,0.0004920825634920198
control_zero,1,272,0.029945920531948406,0.025870520155876875,0.04075400376071533,0.0004892741935472998
control_zero,1,273,0.030243951206405956,0.026010657815883558,0.042332934215664864,0.0004864682305716559
control_zero,1,274,0.030206892173737288,0.025990253469596308,0.042166389214495816,0.0004836647857841319
control_zero,1,275,0.030095502889404695,0.025947282711664837,0.0414822013117373,0.00048086397030395876
control_zero,1,276,0.030263149334738653,0.025706694073354203,0.0455645516825219,0.00047806589514615036
control_zero,1,277,0.030159755144268274,0.025913981177533667,0.04245773625249664,0.00047527067121710324
control_zero,1,278,0.02982119160393874,0.025725360338886578,0.0409583148236076,0.00047247840931020094
control_zero,1,279,0.029872008754561346,0.025743490395446617,0.04128518467769027,0.00046968922010142214
control_zero,1,280,0.03025268188988169,0.026030526341249544,0.042221554244558014,0.000466903214144954
control_zero,1,281,0.03008543001487851,0.02576328922683994,0.04322140912214915,0.00046412050186881034
control_zero,1,282,0.02988038103406628,0.025791515906651814,0.0408886531367898,0.0004613411935704541
control_zero,1,283,0.029820846548924845,0.025697960518300533,0.041228858598818384,0.00045856539941242596
control_zero,1,284,0.029835509601980448,0.025744865493228037,0.040906441087524094,0.00045579322941797785
control_zero,1,285,0.02972518280148506,0.025669642103215057,0.040555411794533335,0.0004530247934667121
control_zero,1,286,0.029779604946573574,0.025593780136356752,0.041858248257388674,0.0004502602012902256
control_zero,1,287,0.029967595202227432,0.025738757724563282,0.042288373379657664,0.000447499562467761
control_zero,1,288,0.029878911562263966,0.025760412060966093,0.04118499283989271,0.00044474298642186306
control_zero,1,289,0.02982587382818262,0.025757449058194954,0.04068424661333362,0.0004419905824140415
control_zero,1,290,0.029861791369815666,0.025752003770321608,0.041097874753177166,0.0004392424595404407
control_zero,1,291,0.029876673128455877,0.025767375715076923,0.04109297739341855,0.00043649872672751465
control_zero,1,292,0.029934308336426813,0.025793948986877997,0.04140359566857418,0.0004337594927277102
control_zero,1,293,0.02988694965218504,0.025680565585692722,0.04206383895749847,0.0004310248661151561
control_zero,1,294,0.029766004998236895,0.025756590999662876,0.04009413889919718,0.0004282949552813596
control_zero,1,295,0.029922168081005413,0.025785770112027723,0.041363976430147886,0.00042556986843091013
control_zero,1,296,0.02987353317439556,0.025765472867836554,0.04108060306559006,0.0004228497135771907
control_zero,1,297,0.030413659134258825,0.025971851001183193,0.04441807822634777,0.0004201345985380961
control_zero,1,298,0.03014965495094657,0.02585725230164826,0.042924025639270745,0.00041742463093175964
control_zero,1,299,0.029868451567987602,0.025814355195810396,0.04054096465309461,0.00041471991817228763
control_zero,1,300,0.030092492699623108,0.025863990032424528,0.042285028379410505,0.0004120205674655015
control_zero,1,301,0.029847279501458008,0.025758712242046993,0.04088566886881987,0.0004093266858046891
control_zero,1,302,0.029949771240353584,0.02586936120254298,0.04080410612126192,0.00040663837996636313
control_zero,1,303,0.029675074387341738,0.025649734462300938,0.040253400492171444,0.0004039557565060296
control_zero,1,304,0.02980314427986741,0.0256593629407386,0.0414378143226107,0.00040127892175396333
control_zero,1,305,0.029738851202030975,0.025589594151824713,0.04149256770809492,0.0003986079818109947
control_zero,1,306,0.02966965672870477,0.025630369316786528,0.04039287225653728,0.0003959430425443029
control_zero,1,307,0.029734854586422443,0.025671526634444792,0.040633276415367924,0.00039328420958322077
control_zero,1,308,0.029995701275765896,0.025796369183808565,0.04199332091957331,0.0003906315883150471
control_zero,1,309,0.02981954797481497,0.025732272925476234,0.040872748320301376,0.00038798528388086996
control_zero,1,310,0.029748036060482264,0.025639383122324944,0.041086533262083925,0.00038534540117139893
control_zero,1,311,0.029705057851970196,0.025644773927827675,0.040602840638409056,0.0003827120448228081
control_zero,1,312,0.029683566962679226,0.02560319596280654,0.0408037092226247,0.00038008531921258833
control_zero,1,313,0.029669195568809908,0.025636183563619852,0.040330121759325266,0.0003774653284554097
control_zero,1,314,0.029716439234713714,0.025717080260316532,0.03999358741566539,0.00037485217639899525
control_zero,1,315,0.029632232307145994,0.025575352367013693,0.040568796917796135,0.0003722459666200048
control_zero,1,316,0.029660378737996023,0.02562497742474079,0.04035401297733188,0.0003696468024199291
control_zero,1,317,0.029693937705208857,0.02567258585865299,0.040213517379015684,0.0003670547868209961
control_zero,1,318,0.029846530718108017,0.02568078211819132,0.04165748398130139,0.00036447002256208646
control_zero,1,319,0.029713525902479887,0.025632079380253952,0.040814464911818504,0.00036189261209466185
control_zero,1,320,0.029672888573259115,0.025599599971125524,0.04073288602133592,0.0003593226575787045
control_zero,1,321,0.029680395188430946,0.025620677042752504,0.04059718005980054,0.0003567602608786669
control_zero,1,322,0.030103194682548445,0.025926532534261543,0.04176662334551414,0.00035420552355943557
control_zero,1,323,0.03052898185948531,0.026204224055012066,0.043247575095544256,0.0003516585468823039
control_zero,1,324,0.03025760253270467,0.02593508471424381,0.043225180047253765,0.0003491194318009598
control_zero,1,325,0.029852426300446194,0.025749174257119496,0.04103252229591211,0.00034658827895748363
control_zero,1,326,0.02967106131836772,0.025652957847341895,0.04018103533113996,0.00034406518867835853
control_zero,1,327,0.029583471827208996,0.025609921974440415,0.039735494957615934,0.00034155026097049514
control_zero,1,328,0.029859233958025772,0.025731754954904318,0.04127478785812855,0.000339043595517266
control_zero,1,329,0.029593478112171095,0.02558863442391157,0.04004843936612209,0.00033654529167455674
control_zero,1,330,0.029637456716348726,0.025570314687987167,0.04067141950751344,0.00033405544846682513
control_zero,1,331,0.02980978259195884,0.025689845050995547,0.04119937323654691,0.0003315741645831784
control_zero,1,332,0.02955681085586548,0.025555396918207407,0.04001413797959685,0.0003291015383734601
control_zero,1,333,0.029555168468505144,0.02555037980588774,0.040047882900883756,0.00032663766784435264
control_zero,1,334,0.02961797049889962,0.025537695037201047,0.040802756091579795,0.00032418265065549255
control_zero,1,335,0.029703449923545122,0.02567236249645551,0.0403108725634714,0.00032173658411559876
control_zero,1,336,0.029579161045451958,0.025535311937953036,0.04043849324807525,0.00031929956517861695
control_zero,1,337,0.02966723234082262,0.02560720802284777,0.040600241627544165,0.0003168716904398753
control_zero,1,338,0.02968046333019932,0.025626066296050947,0.04054396770273646,0.0003144530561322569
control_zero,1,339,0.029584577927986782,0.02559375436976552,0.039908238841841616,0.00031204375812238417
control_zero,1,340,0.02953767916187644,0.025480515711630385,0.040571636675546564,0.0003096438919068208
control_zero,1,341,0.029642737470567226,0.02562742695833246,0.04015310170749823,0.00030725355260828444
control_zero,1,342,0.029546761885285378,0.025528763343269627,0.040179985420157514,0.00030487283497187813
control_zero,1,343,0.029628861229866743,0.02557578341414531,0.04053077272449931,0.00030250183336133366
control_zero,1,344,0.02958296254898111,0.025539679918438196,0.04043282809046408,0.0003001406417552723
control_zero,1,345,0.02951009012758732,0.0255170576274395,0.039930322052290045,0.00029778935374347935
control_zero,1,346,0.029532166197896004,0.02556063001975417,0.039715363488843046,0.00029544806252319405
control_zero,1,347,0.029876598467429478,0.02570751200740536,0.04169086211671432,0.00029311686089541686
control_zero,1,348,0.029634233098477125,0.02562352130189538,0.04010711618078252,0.00029079584126122946
control_zero,1,349,0.02971670124679804,0.02562060486525297,0.04096096381545067,0.0002884850956181338
control_zero,1,350,0.02954485857238372,0.025527507221947115,0.04017351443568865,0.00028618471555640475
control_zero,1,351,0.029551524979372818,0.02551211176129679,0.04039413404340545,0.0002838947922554602
control_zero,1,352,0.029811360252400238,0.025659650719414156,0.04151709067324797,0.0002816154164802463
control_zero,1,353,0.029534244289000828,0.025546310003846884,0.03987934269631902,0.00027934667857764105
control_zero,1,354,0.029733527917414904,0.02549556673814853,0.04237961241354545,0.00027708866847287177
control_zero,1,355,0.02979957452043891,0.025578095577657223,0.04221478601296743,0.00027484147566595216
control_zero,1,356,0.029580603043238323,0.02560060393686096,0.03979998966678977,0.00027260518922813407
control_zero,1,357,0.029569678318997223,0.025481694222738344,0.04087984127302965,0.00027037989779837683
control_zero,1,358,0.029497270472347736,0.02553077880293131,0.03966491591806213,0.0002681656895798346
control_zero,1,359,0.029477352121224005,0.025475252652540803,0.04002099297940731,0.00026596265233635937
control_zero,1,360,0.029454660291473072,0.025490700577696163,0.039639596516887345,0.0002637708733890237
control_zero,1,361,0.029514712591965992,0.025485381949692965,0.040293305957069,0.00026159043961265777
control_zero,1,362,0.029475266113877296,0.02544676310693224,0.04028502789636453,0.00025942143743240765
control_zero,1,363,0.029446087622394163,0.02546399738639593,0.03982090453306834,0.00025726395282030826
control_zero,1,364,0.029548230736205976,0.025583229726180434,0.03965001180768013,0.0002551180712918769
control_zero,1,365,0.029515754897147417,0.02545793478687604,0.040578197222203016,0.00025298387790272326
control_zero,1,366,0.029584054990361135,0.02557538527374466,0.04008669778704643,0.00025086145724517755
control_zero,1,367,0.029514752328395844,0.025497402142112453,0.04017350093151132,0.0002487508934449386
control_zero,1,368,0.029414333946382005,0.025436722518255312,0.039776112884283066,0.0002466522701577384
control_zero,1,369,0.02943176683038473,0.025454999413341284,0.0397676732391119,0.0002445656705660271
control_zero,1,370,0.02944711393987139,0.025459096456567448,0.03988017343605558,0.00024249117737567486
control_zero,1,371,0.029454043445487816,0.0255031599663198,0.03950883525734147,0.0002404288728126955
control_zero,1,372,0.029587061842903495,0.0255391428557535,0.04047918731036285,0.0002383788386199849
control_zero,1,373,0.02986277360469103,0.025716170979042847,0.04146602749824524,0.00023634115605408317
control_zero,1,374,0.029441564809530973,0.025430663333584864,0.04010901600122452,0.00023431590588195243
control_zero,1,375,0.029537193477153778,0.0255134974916776,0.04023695969954133,0.0002323031683777763
control_zero,1,376,0.029380330505470436,0.025440243848909933,0.039400866255164146,0.00023030302331977814
control_zero,1,377,0.029692656671007473,0.02562878280878067,0.0406387389327089,0.00022831554998705783
control_zero,1,378,0.029746931822349627,0.025642772515614826,0.041041592601686716,0.00022634082715645103
control_zero,1,379,0.02958008476222555,0.02555133355781436,0.04028750831882159,0.0002243789330994051
control_zero,1,380,0.029537235697110493,0.025446904124692082,0.04090331867337227,0.00022242994557887817
control_zero,1,381,0.029646929508696,0.02567021284873287,0.039767165668308735,0.0002204939418462558
control_zero,1,382,0.029528888097653787,0.025479286288221676,0.040496021353950105,0.0002185709986382895
control_zero,1,383,0.02957986667752266,0.02553389989770949,0.040459669971217714,0.00021666119217405476
control_zero,1,384,0.02968849257255594,0.025661667964110773,0.0402682414278388,0.00021476459815193065
control_zero,1,385,0.029598542178670566,0.025482512544840574,0.041160292302568756,0.00021288129174659845
control_zero,1,386,0.029385488169888657,0.025411816779524088,0.03973671064401666,0.00021101134760606282
control_zero,1,387,0.029500864290942747,0.025542411177108686,0.03958453284576535,0.00020915483984869278
control_zero,1,388,0.029460211750119925,0.02544487655783693,0.04015335083628694,0.00020731184206028338
control_zero,1,389,0.029411672769735258,0.02544169733300805,0.039699748158454895,0.00020548242729113986
control_zero,1,390,0.02941354379678766,0.02545280979635815,0.03960734000429511,0.0002036666680531812
control_zero,1,391,0.02942179221039017,0.025462783096979063,0.03959009191021323,0.00020186463631706724
control_zero,1,392,0.02940932149067521,0.02545422191421191,0.039550996385514736,0.00020007640350934463
control_zero,1,393,0.02941680032139023,0.025384029218306143,0.040327712427824736,0.00019830204050961682
control_zero,1,394,0.029437205754220486,0.02546492296581467,0.039722825245310865,0.0001965416176477338
control_zero,1,395,0.029373823199421167,0.02542526872518162,0.039485543966293335,0.00019479520470100522
control_zero,1,396,0.02943076069156329,0.0254963970122238,0.03934363912170132,0.00019306287089143387
control_zero,1,397,0.02940465385715167,0.025404687349994976,0.039999662432819605,0.0001913446848829728
control_zero,1,398,0.029407061791668337,0.025447596951077383,0.03959464933723211,0.00018964071477880297
control_zero,1,399,0.02938926623513301,0.02540519864608844,0.03984067697698871,0.0001879510281186341
control_zero,1,400,0.029432048089802265,0.025500774538765352,0.03931273395816485,0.00018627569187602803
control_zero,1,401,0.029440246056765318,0.025419227002809446,0.04021018619338671,0.0001846147724557432
control_zero,1,402,0.029430791658038895,0.02546199473241965,0.039687967393547297,0.00018296833569110386
control_zero,1,403,0.029535611315319937,0.02545650800069173,0.040791032214959465,0.00018133644684138923
control_zero,1,404,0.029502329571793478,0.025547548041989405,0.03954781824722886,0.0001797191705892481
control_zero,1,405,0.029461815177152555,0.025482066596547764,0.039797485806047916,0.000178116571038134
control_zero,1,406,0.029343295997629564,0.025394477571050327,0.03948818597321709,0.00017652871170976533
control_zero,1,407,0.029354740710308153,0.02539175298685829,0.03962987521663308,0.0001749556555416066
control_zero,1,408,0.02934252703562379,0.02540156718653937,0.039409597869962454,0.00017339746488437453
control_zero,1,409,0.02935654375081261,0.025387054464469355,0.03969489053512613,0.00017185420149956645
control_zero,1,410,0.02933601848781109,0.025407024503995974,0.039289938285946846,0.00017032592655701195
control_zero,1,411,0.029368150668839615,0.02538954420015216,0.03978606313467026,0.00016881270063244893
control_zero,1,412,0.029314423600832622,0.025363768140474956,0.039506553672254086,0.00016731458370512203
control_zero,1,413,0.02933262862885992,0.02542505180463195,0.039075767155736685,0.0001658316351554057
control_zero,1,414,0.029430408962070942,0.0253647993473957,0.04065609645719329,0.00016436391376244995
control_zero,1,415,0.029385987514009077,0.025437698777144153,0.03948288488512238,0.0001629114777018514
control_zero,1,416,0.02930767779859404,0.025368614122271538,0.03939063443491856,0.00016147438454334643
control_zero,1,417,0.029379563095668953,0.025439603719860315,0.03939959484462937,0.0001600526912485301
control_zero,1,418,0.029335657445092995,0.025365768388534587,0.03969888994470239,0.00015864645416859815
control_zero,1,419,0.02936781756579876,0.025406218133866787,0.039615990438809,0.00015725572904211292
control_zero,1,420,0.029509813680003088,0.02556072703252236,0.03949086476738254,0.00015588057099279502
control_zero,1,421,0.02936033500979344,0.025371340724329155,0.039889943320304155,0.00015452103452733736
control_zero,1,422,0.0293310706038028,0.025408642288918298,0.0392242856323719,0.00015317717353324577
control_zero,1,423,0.029325175564736128,0.02540413523092866,0.0392104039589564,0.00015184904127670202
control_zero,1,424,0.029352525404344004,0.02536271745339036,0.03989808432136973,0.0001505366904004532
control_zero,1,425,0.0293829672348996,0.025462339476992685,0.03920627742384871,0.00014924017292172498
control_zero,1,426,0.029336363542824984,0.025374946805338066,0.03961416225259503,0.00014795954023015976
control_zero,1,427,0.02929239347577095,0.025372485552604,0.039199075351158776,0.00014669484308577974
control_zero,1,428,0.02931820958231886,0.02535819619273146,0.03960013280933102,0.00014544613161697508
control_zero,1,429,0.029275415154794853,0.025357411087801058,0.039180039738615356,0.00014421345531851696
control_zero,1,430,0.02928344781200091,0.025361967273056507,0.0392148089595139,0.0001429968630495956
control_zero,1,431,0.029280772898346186,0.025325994938611984,0.039547777734696865,0.0001417964030318838
control_zero,1,432,0.029296205068627994,0.025371995599319536,0.03924209709900121,0.00014061212284762544
control_zero,1,433,0.02930849992359678,0.025351479183882475,0.0395702103463312,0.00013944406943775003
control_zero,1,434,0.029309330352892477,0.025368293980136514,0.039410360235099993,0.00013829228910001106
control_zero,1,435,0.029275452562918265,0.025376109561572473,0.03899342628816763,0.00013715682748715205
control_zero,1,436,0.029350639786571264,0.025349803268909454,0.04000837278241912,0.00013603772960509627
control_zero,1,437,0.029237981808061402,0.025336950396498043,0.0390103079068164,0.00013493503981116322
control_zero,1,438,0.029314219175527494,0.02539145341143012,0.03922765717531244,0.00013384880181231017
control_zero,1,439,0.029316961377238233,0.025390184096371133,0.039267774826536574,0.00013277905866340012
control_zero,1,440,0.029256874229758978,0.025341772163907688,0.03915102034807205,0.00013172585276549498
control_zero,1,441,0.02929521957412362,0.025387335879107315,0.039078838347146906,0.000130689225864175
control_zero,1,442,0.02925070336398979,0.025316346902400255,0.03934356461589535,0.00012966921904788411
control_zero,1,443,0.02925639847914378,0.025335851901521284,0.039205466552327074,0.00012866587274630136
control_zero,1,444,0.02932841842994094,0.025350764393806458,0.039776540671785675,0.00012767922672873855
control_zero,1,445,0.029561751056462526,0.025606824550777674,0.03954926754037539,0.00012670932010256327
control_zero,1,446,0.029380730198075373,0.025355260508755844,0.04025469503055016,0.0001257561913116499
control_zero,1,447,0.029339441408713657,0.025439443221936624,0.038999981712549925,0.00012481987813485463
control_zero,1,448,0.029268605013688404,0.025295202775547903,0.039734021915743746,0.00012390041768451903
control_zero,1,449,0.029268965901186068,0.02534167670334379,0.039272893220186234,0.00012299784640499843
control_zero,1,450,0.029252921231091022,0.025338254248102505,0.03914666579415401,0.00012211220007121764
control_zero,1,451,0.029284796211868525,0.025325351705153782,0.03959444320450226,0.00012124351378725287
control_zero,1,452,0.02924785514672597,0.025335035907725494,0.03912819161390265,0.00012039182198494037
control_zero,1,453,0.029245396455128986,0.025332482997328043,0.03912913535411159,0.00011955715842251154
control_zero,1,454,0.02925569595148166,0.025347088774045307,0.03908607022215923,0.00011873955618325512
control_zero,1,455,0.029305835564931233,0.02538788706685106,0.03917948342859745,0.0001179390476742057
control_zero,1,456,0.02922953696300586,0.025333995309968788,0.038955416064709425,0.00011715566462485903
control_zero,1,457,0.02928507002070546,0.02533111721277237,0.039539527924110494,0.00011638943808591481
control_zero,1,458,0.02924329958235224,0.02530445794885357,0.0393884147827824,0.0001156403984280455
control_zero,1,459,0.029243538932253916,0.025325592529649537,0.03917946588868896,0.00011490857534069303
control_zero,1,460,0.029323124171545107,0.025336864093939464,0.039862598137309156,0.00011419399783089137
control_zero,1,461,0.029311930915961664,0.02542037811751167,0.038915525268142424,0.00011349669422211739
control_zero,1,462,0.029221695847809315,0.02528889523819089,0.039328006406625114,0.00011281669215316785
control_zero,1,463,0.02925590379163623,0.025305779340366524,0.03950124233961105,0.00011215401857706393
control_zero,1,464,0.02933050288508336,0.025417476737250883,0.039130259305238724,0.00011150869975998316
control_zero,1,465,0.029274487402290106,0.02532426795611779,0.03950219337518016,0.00011088076128021786
control_zero,1,466,0.029245154311259586,0.025310668007781107,0.03934486055125793,0.00011027022802716184
control_zero,1,467,0.029265388380736113,0.025344797875732183,0.039205905670921005,0.00010967712420032333
control_zero,1,468,0.029241330921649933,0.025333721190690994,0.03907609342907866,0.00010910147330836623
control_zero,1,469,0.02922459676240881,0.02530278288759291,0.0392181403003633,0.00010854329816817797
control_zero,1,470,0.029204549733549356,0.025275543487320345,0.03929006292795142,0.00010800262090396556
control_zero,1,471,0.029264510764429968,0.02537178434431553,0.03892725861320893,0.00010747946294637797
control_zero,1,472,0.02925011810536186,0.025314180180430412,0.039359381732841335,0.00010697384503165752
control_zero,1,473,0.02925098082050681,0.02532421580205361,0.03926765359938145,0.00010648578720081721
control_zero,1,474,0.029225092846900225,0.025313388090580702,0.03911704787363609,0.00010601530879884693
control_zero,1,475,0.029218898620456457,0.02532649552449584,0.03892402909696102,0.00010556242847394639
control_zero,1,476,0.029212793335318565,0.02530631795525551,0.03906475597371658,0.00010512716417678588
control_zero,1,477,0.02921985594245295,0.02531737562579413,0.03902480208004514,0.00010470953315979514
control_zero,1,478,0.02920372101167838,0.025304035594065983,0.03899685371046265,0.00010430955197647918
control_zero,1,479,0.029225352065016825,0.02532475007077058,0.03900601761415601,0.00010392723648076232
control_zero,1,480,0.029234963313986857,0.025312351838996012,0.03922611164549986,0.00010356260182635971
control_zero,1,481,0.029245386365801096,0.025316402160873015,0.03928983801354965,0.00010321566246617685
control_zero,1,482,0.029215474613010883,0.02530720504000783,0.03908269635091225,0.00010288643215173648
control_zero,1,483,0.02920971717685461,0.025307457894086838,0.03902259313811859,0.00010257492393263363
control_zero,1,484,0.029293292279665668,0.025391346774995327,0.03901945473626256,0.00010228115015601852
control_zero,1,485,0.029292572910586994,0.025340590626001358,0.03951982439806064,0.00010200512246610701
control_zero,1,486,0.02927451767027378,0.02535698050633073,0.039175373036414385,0.00010174685180371902
control_zero,1,487,0.029251629952341318,0.025321236501137417,0.03930393202851216,0.00010150634840584485
control_zero,1,488,0.029232060847183067,0.02532555302605033,0.03906507712478439,0.00010128362180523972
control_zero,1,489,0.029200017762680847,0.025281397625803947,0.03918619857480129,0.00010107868083004547
control_zero,1,490,0.029231668449938297,0.025309424226482708,0.03922244223455588,0.00010089153360344113
control_zero,1,491,0.029202524727831285,0.025302249783029158,0.03900274494662881,0.00010072218754332046
control_zero,1,492,0.02923460506523649,0.025334114596868556,0.03900490344191591,0.00010057064936199837
control_zero,1,493,0.029215081905325253,0.025286316095540922,0.039287654838214316,0.00010043692506594446
control_zero,1,494,0.029202029885103304,0.025313534153004486,0.03888495701054732,0.00010032101995554533
control_zero,1,495,0.029206450407703716,0.02530895732343197,0.038974928203970194,0.00010022293862489412
control_zero,1,496,0.029216337017714977,0.025309529931594927,0.039068072102963924,0.00010014268496160877
control_zero,1,497,0.029283846107621987,0.025368319358676672,0.0391552709043026,0.00010008026214667765
control_zero,1,498,0.02917070671295126,0.025242673388371866,0.03928033076226711,0.00010003567265433361
control_zero,1,499,0.02923738087217013,0.025353544236471254,0.03883836759875218,0.00010000891825195589
control_zero,1,500,0.029209774142752092,0.02527264381448428,0.03937129924694697,0.0001
control_zero,2,1,0.13928937355625412,0.0841099516179792,0.5517942142860074,0.001
control_zero,2,2,0.12361945394747562,0.09222418762373862,0.3139526481416767,0.000999991081748044
control_zero,2,3,0.11598068432926198,0.08634606013487899,0.2963462344348898,0.0009999643273456663
control_zero,2,4,0.10482393086501264,0.07869001083056547,0.26133920466308497,0.0009999197378533222
control_zero,2,5,0.09136568568160577,0.06912414677071509,0.2224153878249948,0.0009998573150383913
control_zero,2,6,0.07895103200064005,0.05865269097895909,0.20298341017790314,0.0009997770613751058
control_zero,2,7,0.06816730078300048,0.04901128413043819,0.19156016405506482,0.0009996789800444546
control_zero,2,8,0.057135973222962246,0.04016864658685951,0.1696732626260105,0.0009995630749340555
control_zero,2,9,0.04863768469727071,0.03401106654352681,0.1462661808954829,0.0009994293506380017
control_zero,2,10,0.04434425756821589,0.03188181087355234,0.12462446663538407,0.0009992778124566796
control_zero,2,11,0.040141782575036464,0.03006196820588087,0.10079813995653905,0.0009991084663965588
control_zero,2,12,0.04086669888493286,0.03091226101855385,0.09954437119375632,0.0009989213191699546
control_zero,2,13,0.038176529255377095,0.029495865412970747,0.08680663685807982,0.0009987163781947602
control_zero,2,14,0.036938983013284424,0.028842419911146788,0.0809656285119119,0.0009984936515941552
control_zero,2,15,0.036753747407979195,0.028776002658759646,0.07977744684051284,0.000998253148196281
control_zero,2,16,0.036187365816482985,0.028694701694710757,0.07492663938912025,0.0009979948775338929
control_zero,2,17,0.03601328225188716,0.028588811577572523,0.07424470270660465,0.0009977188498439813
control_zero,2,18,0.035664440344231246,0.028494555931100646,0.07169884227352416,0.0009974250760673663
control_zero,2,19,0.03537456590108398,0.02876202904135378,0.0661253698617609,0.0009971135678482636
control_zero,2,20,0.034487519384052985,0.028138103955680647,0.06349415493540601,0.000996784337533823
control_zero,2,21,0.03427625904662179,0.027935222807697776,0.06341035926699949,0.0009964373981736403
control_zero,2,22,0.03427682672055832,0.028088028656985058,0.06188797940045362,0.0009960727635192376
control_zero,2,23,0.033619346656391574,0.02790189411870493,0.057174526038275685,0.0009956904480235209
control_zero,2,24,0.03407455373837493,0.028116220905015112,0.05958332806125322,0.0009952904668402048
control_zero,2,25,0.033328797405600234,0.027712240421235095,0.05616556174625149,0.0009948728358232142
control_zero,2,26,0.03403221310040969,0.027989732125876157,0.06042480721641769,0.0009944375715260536
control_zero,2,27,0.034139890291827776,0.028176194888493412,0.05963695496709789,0.000993984691201153
control_zero,2,28,0.03421783587328759,0.027977461676178962,0.062403741319403634,0.0009935142127991828
control_zero,2,29,0.03350960844568422,0.02775263738655546,0.05756970440516584,0.0009930261549683426
control_zero,2,30,0.033288358027412125,0.027221911443353633,0.06066446303932225,0.000992520537053622
control_zero,2,31,0.03304541986387019,0.02758854084864609,0.054568789082314266,0.0009919973790960344
control_zero,2,32,0.03266825487073657,0.027525910966623546,0.05142343938156145,0.000991456701831822
control_zero,2,33,0.03299223117569253,0.027814627685839453,0.05177603118296703,0.0009908985266916337
control_zero,2,34,0.03287352667270379,0.027645964311635213,0.05227562329943435,0.0009903228757996768
control_zero,2,35,0.032908369273958876,0.027782383080639975,0.05125985915137956,0.000989729771972838
control_zero,2,36,0.03374291651009268,0.02833483413873391,0.054080821826626053,0.0009891192387197821
control_zero,2,37,0.033147048565021694,0.027677879680930478,0.054691690397169195,0.0009884913002400169
control_zero,2,38,0.03263813975040969,0.02741519571342761,0.05222944327807613,0.000987845981422936
control_zero,2,39,0.032650067108651676,0.027441582187776776,0.05208485000633073,0.0009871833078468322
control_zero,2,40,0.032484419400713775,0.027502672926719755,0.04981746054777277,0.0009865033057778825
control_zero,2,41,0.032265558201751574,0.027266508386550623,0.04999049549664592,0.0009858060021691085
control_zero,2,42,0.03259614069141233,0.02744726495277477,0.05148875859247486,0.0009850914246593069
control_zero,2,43,0.03237033643159169,0.027342980114777156,0.05027356358638943,0.0009843596015719545
control_zero,2,44,0.032734130093385286,0.027421310806632352,0.053128189930094126,0.0009836105619140851
control_zero,2,45,0.03248089685180169,0.027535561846651856,0.04945334769765951,0.000982844335375141
control_zero,2,46,0.0325934102578823,0.027625923776906713,0.04967486290334099,0.0009820609523257943
control_zero,2,47,0.03233201401040697,0.02729347551499272,0.050385384195467196,0.000981260443816745
control_zero,2,48,0.03234318236749882,0.027452607247638018,0.04890574950617847,0.0009804428415774885
control_zero,2,49,0.03240176816483079,0.027359861170498573,0.05041906453532899,0.0009796081780150596
control_zero,2,50,0.03210710808537492,0.027260780631134154,0.04846327238310099,0.000978756486212747
control_zero,2,51,0.03232539154336284,0.027395964077340716,0.049294271119736506,0.0009778877999287825
control_zero,2,52,0.032137880680533054,0.02719825411862244,0.049396265949810766,0.0009770021535950016
control_zero,2,53,0.032116601909887695,0.02731430711462977,0.04802295039395751,0.000976099582315481
control_zero,2,54,0.03243997749476146,0.027383029003756477,0.050569484170827794,0.0009751801218651454
control_zero,2,55,0.03223512495816843,0.02737206900516627,0.048630558917245416,0.0009742438086883502
control_zero,2,56,0.03205219961644464,0.027245821742530592,0.04806377793183215,0.0009732906798974367
control_zero,2,57,0.03194281201585933,0.027167084658464936,0.047757272027413464,0.0009723207732712615
control_zero,2,58,0.032038632994298835,0.027208630253339562,0.04830003003577651,0.0009713341272536987
control_zero,2,59,0.031998238377953944,0.02727553906896718,0.047226996805431326,0.0009703307809521158
control_zero,2,60,0.03350708568493006,0.027965362633605228,0.05541722929742255,0.000969310774135825
control_zero,2,61,0.03268377128356275,0.02756225401851745,0.05121517451796146,0.0009682741472345051
control_zero,2,62,0.032030851636130564,0.027342390186364907,0.04688461201737195,0.0009672209413366
control_zero,2,63,0.03185028705366598,0.027182242961955445,0.04668044076147963,0.00096615119818769
control_zero,2,64,0.03194848019581084,0.027068127540010697,0.048803527180504236,0.0009650649601888368
control_zero,2,65,0.03178075608109214,0.027084045992390917,0.046967098698525764,0.0009639622703949038
control_zero,2,66,0.03196086686872938,0.027286125488054036,0.046747413300969896,0.000962843172512848
control_zero,2,67,0.0318006468503967,0.027086953921900095,0.04713693270873152,0.0009617077108999891
control_zero,2,68,0.03219254204988791,0.02735586488721576,0.04836677334833083,0.0009605559305622501
control_zero,2,69,0.03292815450471935,0.027879579138623517,0.05048575316976474,0.0009593878771523745
control_zero,2,70,0.03203834286907946,0.027108828126216993,0.049295146183618986,0.0009582035969681164
control_zero,2,71,0.0316805721408938,0.02701829853358219,0.0466227323478258,0.0009570031369504046
control_zero,2,72,0.03182531237680047,0.027139653721654073,0.04685658808826778,0.0009557865446814831
control_zero,2,73,0.031718231261009956,0.026976470176529325,0.04741760958034749,0.0009545538683830249
control_zero,2,74,0.031853989554525355,0.02706865741635427,0.04785332165405582,0.0009533051569142203
control_zero,2,75,0.032311170962554044,0.027228080431685123,0.050830905347595635,0.0009520404597698404
control_zero,2,76,0.03195036772648286,0.027166309447925023,0.04784058310655639,0.000950759827078275
control_zero,2,77,0.03201772680131636,0.0273346396323595,0.046830868581917824,0.0009494633095995468
control_zero,2,78,0.03166213260073575,0.027007313532749915,0.04654819144826022,0.000948150958723298
control_zero,2,79,0.03203422512966099,0.027353539673840098,0.04680685579348793,0.0009468228264667542
control_zero,2,80,0.03171583651212426,0.02713347275500665,0.04582363663742187,0.0009454789654726626
control_zero,2,81,0.031472678634267566,0.026877428971561687,0.04595249880581861,0.000944119429007205
control_zero,2,82,0.031736834835523725,0.02724365507770456,0.044931796206740114,0.0009427442709578871
control_zero,2,83,0.032268677013816784,0.027300078382924704,0.04968598496664909,0.000941353545831402
control_zero,2,84,0.032459874469640985,0.02702498244846303,0.0543489220890146,0.0009399473087514699
control_zero,2,85,0.03236266262537506,0.027317364264872926,0.050452985268271,0.0009385256154566536
control_zero,2,86,0.032952103579013216,0.027740833848014512,0.052112697572605414,0.0009370885222981487
control_zero,2,87,0.03298422077539384,0.027665913970678968,0.05318306588784211,0.0009356360862375501
control_zero,2,88,0.032322820285748566,0.027485615410902792,0.04837205122874238,0.0009341683648445943
control_zero,2,89,0.031468228249769296,0.026999973645798533,0.044682545115680046,0.0009326854162948781
control_zero,2,90,0.03171590400018362,0.02705247207075435,0.04663431572462809,0.0009311872993675511
control_zero,2,91,0.03174964733441256,0.026903066113007596,0.04846581331315613,0.000929674073442988
control_zero,2,92,0.03165203545913684,0.02707099459345596,0.04581040680875355,0.0009281457985004336
control_zero,2,93,0.03140736072671942,0.026989547642769764,0.04417812943400198,0.0009266025351156256
control_zero,2,94,0.03137716822151104,0.026894507409309282,0.044826607509241403,0.0009250443444583935
control_zero,2,95,0.031357982694402375,0.026837937451179284,0.04520045072034819,0.0009234712882902347
control_zero,2,96,0.03141195585771267,0.02696681091702949,0.04445145031140616,0.0009218834289618661
control_zero,2,97,0.031217735717875526,0.026746325773568752,0.04471409418097364,0.000920280829410752
control_zero,2,98,0.031352541941964594,0.02692787540838239,0.04424666640574876,0.0009186635531586108
control_zero,2,99,0.031469425395636894,0.02694027897155316,0.0452914631320042,0.0009170316643088962
control_zero,2,100,0.03157687682765427,0.02696585640136162,0.046110204720076944,0.0009153852275442568
control_zero,2,101,0.03177186848678414,0.02694884464922835,0.04823023339553539,0.0009137243081239721
control_zero,2,102,0.03128124310029549,0.026808330584949674,0.04472912656381609,0.0009120489718813659
control_zero,2,103,0.03112547807200926,0.02680024612140562,0.04325231918992168,0.0009103592852211972
control_zero,2,104,0.03117978016969896,0.026744579653165672,0.044352004377477786,0.0009086553151170272
control_zero,2,105,0.031126278287222895,0.026646132415583643,0.044801453901722285,0.0009069371291085661
control_zero,2,106,0.03127727515548079,0.026932473433041074,0.0434480204876736,0.0009052047952989949
control_zero,2,107,0.03149198443086589,0.02704655263310313,0.044454318425051535,0.0009034583823522663
control_zero,2,108,0.031194177351639103,0.026793880592399417,0.04400296495648651,0.0009016979594903832
control_zero,2,109,0.03131433581208747,0.02680710848060974,0.045072272672821274,0.0008999235964906553
control_zero,2,110,0.032109020691238555,0.027537353142278936,0.04571667613155225,0.0008981353636829328
control_zero,2,111,0.031903525488572705,0.027253569514726534,0.046499564134887865,0.0008963333319468188
control_zero,2,112,0.031024416670319927,0.026817067849690547,0.04207348665003677,0.0008945175727088603
control_zero,2,113,0.03148363592886116,0.026986029796671928,0.04497606320885392,0.0008926881579397167
control_zero,2,114,0.03254486016890243,0.027686642862214433,0.04858216965284111,0.0008908451601513074
control_zero,2,115,0.031907000989889044,0.027183434301038947,0.047235666878774334,0.0008889886523939372
control_zero,2,116,0.03197321003940024,0.02730078390232888,0.0467242624795468,0.0008871187082534017
control_zero,2,117,0.03206844127909633,0.02727708253552335,0.047913591754343114,0.0008852354018480694
control_zero,2,118,0.03245819971821327,0.02755345082683756,0.04904748921528186,0.0008833388078259452
control_zero,2,119,0.03137653126495625,0.026946579400381906,0.044299519297426114,0.0008814290013617105
control_zero,2,120,0.031104038345479156,0.02661004064813762,0.044939977615371385,0.0008795060581537442
control_zero,2,121,0.03081258838660723,0.026565233435160807,0.04247354500618211,0.000877570054421122
control_zero,2,122,0.03125097690145279,0.026644000550124104,0.04606976120808106,0.0008756210669005949
control_zero,2,123,0.03133797542466819,0.026825155649460638,0.045128197897974565,0.0008736591728435492
control_zero,2,124,0.03071543898229188,0.026440629390294495,0.04274809977171004,0.0008716844500129422
control_zero,2,125,0.03087890802763461,0.026686944330096555,0.04191963481607387,0.000869696976680222
control_zero,2,126,0.030955653827316455,0.026620807928609474,0.04334846067949935,0.0008676968316222237
control_zero,2,127,0.03080592763563983,0.0266460259651702,0.04159901744391837,0.0008656840941180476
control_zero,2,128,0.030900078716228276,0.02655205380550875,0.04348025241424147,0.0008636588439459168
control_zero,2,129,0.030937401222809177,0.02673143826853046,0.042059627354300674,0.0008616211613800151
control_zero,2,130,0.030706034486933414,0.02652961807447065,0.04176416582678379,0.0008595711271873046
control_zero,2,131,0.030716815326294764,0.026497915460103175,0.04218899820476537,0.0008575088226243251
control_zero,2,132,0.030609478741183915,0.02641241767446148,0.04197061318641543,0.0008554343294339731
control_zero,2,133,0.03081415120911038,0.026629040645090158,0.04185110452650577,0.0008533477298422618
control_zero,2,134,0.030479138167502053,0.026335368783993757,0.04143769615487859,0.0008512491065550615
control_zero,2,135,0.031009537938680724,0.026703363785388887,0.04306174104658804,0.0008491385427548225
control_zero,2,136,0.03069754400078995,0.026480580901352607,0.04216963007034583,0.0008470161220972769
control_zero,2,137,0.030602633564030222,0.026390903038471237,0.04211730029502052,0.0008448819287081231
control_zero,2,138,0.030743282191046845,0.026496538012130453,0.042467442372760324,0.0008427360471796918
control_zero,2,139,0.03101368068520456,0.02673944014832183,0.04274240767403309,0.0008405785625675925
control_zero,2,140,0.03163148796394973,0.02690213539834589,0.04729352643903024,0.0008384095603873422
control_zero,2,141,0.03070413699135301,0.026544901749055938,0.04159235366797634,0.0008362291266109763
control_zero,2,142,0.030568475365716545,0.026487873123068724,0.04080601854069893,0.0008340373476636405
control_zero,2,143,0.030620356827157285,0.02655762190354244,0.040627348477473145,0.0008318343104201655
control_zero,2,144,0.03131681073739074,0.026878691421865483,0.0443811890019916,0.0008296201022016233
control_zero,2,145,0.031484852318819756,0.027153377496581477,0.043314744195567724,0.0008273948107718659
control_zero,2,146,0.030896228205597433,0.026577251041721425,0.043189773156110674,0.0008251585243340478
control_zero,2,147,0.031445448872859424,0.02708722236165023,0.043582265734594734,0.0008229113315271283
control_zero,2,148,0.03082748100784055,0.026706867430641195,0.04120613590816605,0.0008206533214223591
control_zero,2,149,0.03037628983743197,0.02637610796537474,0.04000181748529327,0.0008183845835197537
control_zero,2,150,0.03053625118639077,0.02640767125096707,0.04128579594992471,0.0008161052077445399
control_zero,2,151,0.030953289435169715,0.02666725274710369,0.04286036861199623,0.0008138152844435952
control_zero,2,152,0.030520172823736,0.02645554124102891,0.040646314552885435,0.0008115149043818662
control_zero,2,153,0.03038050957977305,0.026352202646220322,0.04028307152401374,0.0008092041587387706
control_zero,2,154,0.03041388514614603,0.026397756021226668,0.0401612892260595,0.0008068831391045833
control_zero,2,155,0.03085727872954336,0.026614506925910945,0.04242771337241635,0.000804551937476806
control_zero,2,156,0.03068526463665788,0.026627598821572163,0.04057665974602064,0.0008022106462565208
control_zero,2,157,0.030428960223927822,0.026418390627901796,0.040105695658735445,0.0007998593582447277
control_zero,2,158,0.03028968347153838,0.026317577517297186,0.03972105970290093,0.0007974981666386664
control_zero,2,159,0.030446836836733333,0.026434328737753802,0.0401250848415315,0.000795127165028122
control_zero,2,160,0.030225546641503863,0.026339724669646344,0.03885821646016198,0.0007927464473917156
control_zero,2,161,0.03043640780386663,0.026335359665300144,0.04101048184281541,0.0007903561080931794
control_zero,2,162,0.030410032991718686,0.026292240145001027,0.041177927504242554,0.0007879562418776158
control_zero,2,163,0.030373101606576,0.026279815932244606,0.040932856607141445,0.0007855469438677433
control_zero,2,164,0.030232183338573335,0.026182882439140864,0.04049300914022381,0.0007831283095601248
control_zero,2,165,0.030316747335945658,0.026393512312527113,0.039232355953430074,0.0007807004348213832
control_zero,2,166,0.03056562694844938,0.026422525729312907,0.04143101282359415,0.0007782634158844013
control_zero,2,167,0.03045965083351957,0.02634268060482202,0.04116970399885825,0.0007758173493445075
control_zero,2,168,0.030253979773807775,0.026283314908725784,0.03970664801859047,0.0007733623321556474
control_zero,2,169,0.030178873495784814,0.026208278307248655,0.03970594912300533,0.00077089846162654
control_zero,2,170,0.030062033563813404,0.026167876678020462,0.03894156732112558,0.0007684258354168216
control_zero,2,171,0.030273735581583517,0.02629299866954745,0.03980736819633304,0.0007659445515331749
control_zero,2,172,0.030116275993635387,0.02624397168504974,0.03872304436976853,0.0007634547083254433
control_zero,2,173,0.03017629243861446,0.026109486978802606,0.04066805554646269,0.000760956404482734
control_zero,2,174,0.030197939687158046,0.026210581066753162,0.03987358743932789,0.0007584497390295051
control_zero,2,175,0.030186391686023682,0.026210137382733294,0.039762542838371766,0.0007559348113216416
control_zero,2,176,0.030178278266372007,0.026188904876691864,0.03989373279769489,0.0007534117210425165
control_zero,2,177,0.03030062319988059,0.02628427712300272,0.040163460029556605,0.0007508805681990402
control_zero,2,178,0.030725426427222417,0.02662555902573832,0.04099867417046669,0.0007483414531176961
control_zero,2,179,0.0303989222793604,0.02631269359849296,0.04086228524269074,0.0007457944764405646
control_zero,2,180,0.029928882190515104,0.026064586429309596,0.03864295887165063,0.0007432397391213332
control_zero,2,181,0.03035364721174651,0.026299939376567112,0.04053707459732384,0.0007406773424212957
control_zero,2,182,0.03001094156725444,0.026174980057670928,0.03835961384110289,0.0007381073879053382
control_zero,2,183,0.03006154305590973,0.026165344069077202,0.03896198750962321,0.0007355299774379137
control_zero,2,184,0.030121677499215845,0.02616199137103153,0.039596858996090625,0.0007329452131790039
control_zero,2,185,0.029980284582541445,0.026159941906950805,0.038203426605143996,0.0007303531975800709
control_zero,2,186,0.030125613813106137,0.026296089439806054,0.03829524309104479,0.0007277540333799953
control_zero,2,187,0.030520247883958542,0.02661081500273616,0.0390943284961091,0.0007251478236010049
control_zero,2,188,0.0300853252897219,0.026189350335817423,0.03895974831349233,0.0007225346715445904
control_zero,2,189,0.030076276316421773,0.026209619951582764,0.03866656409581398,0.0007199146807874117
control_zero,2,190,0.029919612501059747,0.026119794147016175,0.037998181838279604,0.0007172879551771918
control_zero,2,191,0.029952718596662306,0.026085554323020555,0.0386716419777422,0.0007146545988286011
control_zero,2,192,0.030176395535780307,0.026312441937139077,0.038639536433836184,0.0007120147161191302
control_zero,2,193,0.029928334353992583,0.02610970185413062,0.03818632376820394,0.000709368411684953
control_zero,2,194,0.029809796020349697,0.025959469762195497,0.03850326459494957,0.0007067157904167792
control_zero,2,195,0.02998375215667346,0.026133222802111746,0.0385052930398336,0.0007040569574556971
control_zero,2,196,0.029948553376814093,0.02605173524770662,0.038968179924486514,0.0007013920181890054
control_zero,2,197,0.02996977909854747,0.02615481769719572,0.038149614460941395,0.0006987210782460367
control_zero,2,198,0.029875851272758554,0.02606974915642651,0.03806102344907295,0.0006960442434939707
control_zero,2,199,0.029759369119418195,0.02599543204662383,0.03763937123372723,0.0006933616200336369
control_zero,2,200,0.02979352828552922,0.026028724854165207,0.037648034639481465,0.000690673314195311
control_zero,2,201,0.02985617284986431,0.026037833796857854,0.038183390958035274,0.0006879794325344985
control_zero,2,202,0.029740590135282387,0.025945124335528664,0.037954655692331474,0.0006852800818277125
control_zero,2,203,0.02974824638497425,0.02600593272567418,0.03742313750730171,0.0006825753690682404
control_zero,2,204,0.029853817367289148,0.026002564888165453,0.03851252539428656,0.000679865401461904
control_zero,2,205,0.0301080110626339,0.026154564571987556,0.03953446333075317,0.0006771502864228094
control_zero,2,206,0.029846643688590035,0.02602743583077239,0.03819207858790306,0.0006744301315690899
control_zero,2,207,0.02973962387473714,0.025992468797040046,0.03747154808270091,0.0006717050447186406
control_zero,2,208,0.031001614168403042,0.026703125785053867,0.042984884300368884,0.0006689751338848441
control_zero,2,209,0.03008628897757972,0.02608199660756258,0.04004292387525033,0.00066624050727229
control_zero,2,210,0.029793393100288456,0.026034963587128774,0.03758429500515094,0.0006635012732724854
control_zero,2,211,0.029696251973315255,0.025953653056962372,0.03742598979575827,0.0006607575404595593
control_zero,2,212,0.030096925303884647,0.02630453506684023,0.03792390453461412,0.0006580094175859585
control_zero,2,213,0.029771851020677906,0.0260514559482003,0.03720394605600492,0.000655257013578137
control_zero,2,214,0.02964276411903745,0.025950107490035946,0.03692656667907929,0.0006525004375322391
control_zero,2,215,0.029575257301914164,0.02590028986373707,0.036749674012159866,0.0006497397987097745
control_zero,2,216,0.029790279866432085,0.025963882412323752,0.03826397363650892,0.000646975206533288
control_zero,2,217,0.03030581715426775,0.026222086397264706,0.040837310512328896,0.0006442067705820222
control_zero,2,218,0.030026817519227457,0.026129291079179738,0.03897526392387348,0.0006414346005875742
control_zero,2,219,0.02963843678583831,0.025931423617522025,0.037070133258873116,0.0006386588064295461
control_zero,2,220,0.02968443257067907,0.025949259762781098,0.03735172635737038,0.0006358794981311898
control_zero,2,221,0.030003905466541296,0.02607369808086216,0.03930207603068794,0.0006330967858550461
control_zero,2,222,0.029748225925057426,0.025933053135366105,0.038151723704745816,0.0006303107798985779
control_zero,2,223,0.02993350328182116,0.025931265779014667,0.04002237258668668,0.0006275215906897991
control_zero,2,224,0.02988676448637138,0.02605796797935396,0.03828796650971196,0.0006247293287828968
control_zero,2,225,0.030426586849259956,0.026410527838583716,0.04016058914869168,0.0006219341048538498
control_zero,2,226,0.02988304320343481,0.026081073591509935,0.03801969553565232,0.0006191360296960414
control_zero,2,227,0.029569839572354022,0.025936896803329258,0.036329425526077694,0.0006163352142158681
control_zero,2,228,0.02940824786419968,0.025824946611536077,0.035833015770459296,0.0006135317694283441
control_zero,2,229,0.029902112560818463,0.026218840225013678,0.03683272303706983,0.0006107258064527004
control_zero,2,230,0.029710089870516997,0.025918236561605888,0.037918533108564335,0.0006079174365079803
control_zero,2,231,0.029635713729939325,0.025785900939343492,0.038498128504144614,0.0006051067709086316
control_zero,2,232,0.029890702658043517,0.025959755918959413,0.03930946614583541,0.0006022939210600944
control_zero,2,233,0.029499140298164233,0.02574647259813376,0.03752667576502571,0.0005994789984543849
control_zero,2,234,0.029505143632660023,0.025755731330566866,0.037494122549191156,0.0005966621146656766
control_zero,2,235,0.0296123605318776,0.025863677078454363,0.037486830186439245,0.0005938433813458776
control_zero,2,236,0.02967327943086313,0.02594844960454394,0.03724829530630348,0.0005910229102202056
control_zero,2,237,0.029472685873741893,0.025864445032945813,0.03608241151074828,0.0005882008130827588
control_zero,2,238,0.029767957007799384,0.025879195460918367,0.03888761560984598,0.0005853772017920855
control_zero,2,239,0.029476602004923646,0.025797075331794688,0.036795271083946014,0.0005825521882667496
control_zero,2,240,0.029490518069998715,0.02577912469465023,0.037113932518205814,0.0005797258844808951
control_zero,2,241,0.029939898029553363,0.025961243690966626,0.039786544154269264,0.0005768984024598077
control_zero,2,242,0.02996749811205167,0.02611907735933834,0.03848420925846922,0.0005740698542754742
control_zero,2,243,0.02974419324967631,0.026097712488772042,0.03646480672392148,0.0005712403520421409
control_zero,2,244,0.02959098734019942,0.025843556138733036,0.037474312792792334,0.0005684100079118693
control_zero,2,245,0.02949828542185359,0.02586774459940335,0.03630540512171489,0.0005655789340700907
control_zero,2,246,0.03003593910164528,0.026000254892065693,0.040356839002735,0.0005627472427311599
control_zero,2,247,0.029451458060788114,0.025694053221309153,0.03757404453332679,0.0005599150461339072
control_zero,2,248,0.029474226563351896,0.02583281379728031,0.03641412830267189,0.0005570824565371895
control_zero,2,249,0.029322072547464086,0.025713700689278134,0.036083714399418695,0.0005542495862154417
control_zero,2,250,0.029563865310685132,0.025955450635977265,0.03608414641637404,0.0005514165474542244
control_zero,2,251,0.029351237208118015,0.025777220171596612,0.035740170807774634,0.0005485834525457758
control_zero,2,252,0.029316263949357498,0.0256972594609771,0.03619004391114332,0.0005457504137845584
control_zero,2,253,0.029444919573264706,0.025840510324849783,0.036044098076947986,0.0005429175434628103
control_zero,2,254,0.029392174423207813,0.025626530389328227,0.037656443577755834,0.0005400849538660929
control_zero,2,255,0.029323467770810227,0.025650167876645417,0.03673299895623801,0.0005372527572688402
control_zero,2,256,0.029525733064111156,0.02589544206468617,0.036302907951662494,0.0005344210659299094
control_zero,2,257,0.029549279106737117,0.025819162971901833,0.03730116200003549,0.0005315899920881308
control_zero,2,258,0.029607692193580358,0.025857329893828062,0.037503625156829624,0.0005287596479578591
control_zero,2,259,0.029260055266573597,0.02569457665863921,0.035654787616147696,0.0005259301457245257
control_zero,2,260,0.029308439463415905,0.02572000593764041,0.0358843340127493,0.0005231015975401924
control_zero,2,261,0.029208508283677985,0.025668144906936675,0.03540363485679303,0.0005202741155191051
control_zero,2,262,0.029461138568059896,0.025870950916884152,0.03590187308312863,0.0005174478117332506
control_zero,2,263,0.029302999678775473,0.025672998182067048,0.036300011061851725,0.0005146227982079145
control_zero,2,264,0.02918673779902975,0.025641677371048742,0.03545060271382643,0.0005117991869172412
control_zero,2,265,0.02916761274709714,0.02558621341561991,0.03581399392754851,0.0005089770897797945
control_zero,2,266,0.029199044334437145,0.025662452901662487,0.03536591275689963,0.0005061566186541225
control_zero,2,267,0.029164194535493227,0.025622723103736773,0.03541471802340164,0.0005033378853343236
control_zero,2,268,0.029305293815643296,0.025724964483833188,0.035803291625671536,0.0005005210015456152
control_zero,2,269,0.029524462399688152,0.025524720943511,0.039997413637743916,0.0004977060789399056
control_zero,2,270,0.029094522663297293,0.025484769476222618,0.03609752970171348,0.0004948932290913684
control_zero,2,271,0.029136373182423122,0.025606435638494966,0.03529937588670546,0.0004920825634920198
control_zero,2,272,0.029411968641352714,0.025728813501429932,0.03683154796573574,0.0004892741935472998
control_zero,2,273,0.029560295227846964,0.025954974625580617,0.03605320505000281,0.0004864682305716559
control_zero,2,274,0.02965224157853475,0.025733960194235992,0.039182813658182054,0.0004836647857841319
control_zero,2,275,0.02915343741446189,0.025439147543230192,0.037142897438131484,0.00048086397030395876
control_zero,2,276,0.02930581589124844,0.02571679806390257,0.0358901794503781,0.00047806589514615036
control_zero,2,277,0.029788814854684136,0.026028221225069335,0.03760593443836618,0.00047527067121710324
control_zero,2,278,0.029173250531403266,0.025648328444042655,0.035249219745319756,0.00047247840931020094
control_zero,2,279,0.029218179137292792,0.02563419669146793,0.03583982446311192,0.00046968922010142214
control_zero,2,280,0.029097542546047555,0.025484052970616376,0.03613489806438084,0.000466903214144954
control_zero,2,281,0.029181575952170722,0.02559823730556834,0.03583339157249224,0.00046412050186881034
control_zero,2,282,0.029475353570659852,0.02575640404699054,0.03718949179347439,0.0004613411935704541
control_zero,2,283,0.02904367051512859,0.025481857359409332,0.0356181293687061,0.00045856539941242596
control_zero,2,284,0.029166256070292648,0.02561937387808963,0.035468820521398874,0.00045579322941797785
control_zero,2,285,0.02922423978581752,0.025592831150669966,0.036314088102264754,0.0004530247934667121
control_zero,2,286,0.02904728625952108,0.025532275851689493,0.035150101267326594,0.0004502602012902256
control_zero,2,287,0.02917402963258579,0.02560952940941168,0.035645005344255166,0.000447499562467761
control_zero,2,288,0.02904738211522837,0.025516411644593853,0.035309703612101916,0.00044474298642186306
control_zero,2,289,0.029100485180088807,0.025546580557918114,0.03553904606608124,0.0004419905824140415
control_zero,2,290,0.029043454472607793,0.025512437090550018,0.035310176130646825,0.0004392424595404407
control_zero,2,291,0.02913534468132273,0.025631730495794012,0.035036142983573534,0.00043649872672751465
control_zero,2,292,0.029110588989276487,0.025480307925580065,0.03630281158530837,0.0004337594927277102
control_zero,2,293,0.029261903151597428,0.025563660576239267,0.03698242637608443,0.0004310248661151561
control_zero,2,294,0.02905192033098354,0.025500222491027482,0.03551697685789346,0.0004282949552813596
control_zero,2,295,0.030544202862302566,0.026317236560832114,0.042269663768516506,0.00042556986843091013
control_zero,2,296,0.02946824524502997,0.0256881490981999,0.037800961794142,0.0004228497135771907
control_zero,2,297,0.029023351556288355,0.025445079975627734,0.03578271581633284,0.0004201345985380961
control_zero,2,298,0.029007590480401683,0.025483287024669173,0.03524303410017459,0.00041742463093175964
control_zero,2,299,0.029087217393338523,0.0255669665428039,0.03520250619041391,0.00041471991817228763
control_zero,2,300,0.02929886410076064,0.025679709866409512,0.0361915425185902,0.0004120205674655015
control_zero,2,301,0.029279313767547707,0.025570113377222505,0.037092001753671985,0.0004093266858046891
control_zero,2,302,0.029063584171138294,0.02549121092139274,0.03572373652427066,0.00040663837996636313
control_zero,2,303,0.02900053889979426,0.02549124050486648,0.03509298637606612,0.0004039557565060296
control_zero,2,304,0.028974259160361775,0.025483442475294632,0.03490816592664382,0.00040127892175396333
control_zero,2,305,0.029096794973660075,0.02552263118696275,0.03574163460856007,0.0003986079818109947
control_zero,2,306,0.029290101439850138,0.025657204614451288,0.03632896652265255,0.0003959430425443029
control_zero,2,307,0.028976899194810782,0.02545465762889883,0.03522241782815276,0.00039328420958322077
control_zero,2,308,0.029312429808605434,0.025656344335010718,0.036560855650248164,0.0003906315883150471
control_zero,2,309,0.02931512790116878,0.025609808874270314,0.03705319616330822,0.00038798528388086996
control_zero,2,310,0.02896423204060323,0.025510037347051866,0.034541948306965144,0.00038534540117139893
control_zero,2,311,0.028997768314832497,0.02545934079540772,0.03538426959172242,0.0003827120448228081
control_zero,2,312,0.029798153043765936,0.025929826289882236,0.038683268803295826,0.00038008531921258833
control_zero,2,313,0.029138654183508833,0.025630368406132992,0.0350828570150831,0.0003774653284554097
control_zero,2,314,0.029076330616642228,0.0255731995127531,0.03503131043097836,0.00037485217639899525
control_zero,2,315,0.029022137135967574,0.0255408244056739,0.03481312732238993,0.0003722459666200048
control_zero,2,316,0.02899307821811646,0.025473743161629137,0.035193353191057014,0.0003696468024199291
control_zero,2,317,0.02890239075779448,0.02539811651988378,0.03504274096388574,0.0003670547868209961
control_zero,2,318,0.02887583521070742,0.025439758199040947,0.034360772451050285,0.00036447002256208646
control_zero,2,319,0.02882465792153585,0.025354803289352447,0.034698545407533025,0.00036189261209466185
control_zero,2,320,0.028924955366369017,0.025429837259782512,0.03495118419296903,0.0003593226575787045
control_zero,2,321,0.028831272641337884,0.025360376182603152,0.03470896444144821,0.0003567602608786669
control_zero,2,322,0.028984248370671397,0.025463925081234687,0.03520323507312695,0.00035420552355943557
control_zero,2,323,0.028975470356312497,0.025457986409219063,0.03517483796331029,0.0003516585468823039
control_zero,2,324,0.02944959035780349,0.025706974842996572,0.037426155751118774,0.0003491194318009598
control_zero,2,325,0.02893804096405251,0.025481250467795306,0.0345679032555526,0.00034658827895748363
control_zero,2,326,0.02896360048231506,0.025441607543055755,0.035219930141541726,0.00034406518867835853
control_zero,2,327,0.02891263685750899,0.02543197164200149,0.034806654294928435,0.00034155026097049514
control_zero,2,328,0.028910658572734803,0.02543436161512339,0.03476296954693433,0.000339043595517266
control_zero,2,329,0.029099701653300315,0.025430440669271404,0.03669260717519892,0.00033654529167455674
control_zero,2,330,0.029267410288124733,0.025652159370151265,0.03615250324650471,0.00033405544846682513
control_zero,2,331,0.028881191789092344,0.025401640556966667,0.0347955130896587,0.0003315741645831784
control_zero,2,332,0.028820542467869914,0.025355669083778915,0.034648734487729344,0.0003291015383734601
control_zero,2,333,0.028843301219510658,0.0254112038002702,0.03432097449392936,0.00032663766784435264
control_zero,2,334,0.02882345865526803,0.025384397676345885,0.03439060528580265,0.00032418265065549255
control_zero,2,335,0.028977001557617836,0.025455601591198626,0.03521400170677947,0.00032173658411559876
control_zero,2,336,0.028843628568453204,0.025387754192084618,0.03455874403603083,0.00031929956517861695
control_zero,2,337,0.028911524449837425,0.02538765204326291,0.035238724839010374,0.0003168716904398753
control_zero,2,338,0.02891422692423701,0.025370645810978844,0.03543580986812283,0.0003144530561322569
control_zero,2,339,0.0287959547056853,0.025353279198196476,0.034426755493132316,0.00031204375812238417
control_zero,2,340,0.028843139315281773,0.02537962201953557,0.03463517216474363,0.0003096438919068208
control_zero,2,341,0.028814202077278268,0.025356099425326285,0.03458102606236935,0.00030725355260828444
control_zero,2,342,0.028880300938927475,0.025462241293789514,0.03418059801249996,0.00030487283497187813
control_zero,2,343,0.029071984486775983,0.025539987119931155,0.0353199741158722,0.00030250183336133366
control_zero,2,344,0.02884549390787244,0.025404133252780056,0.034413605743615495,0.0003001406417552723
control_zero,2,345,0.028791390442077857,0.025329082776298723,0.0346230746249306,0.00029778935374347935
control_zero,2,346,0.028797841910516,0.025348340844438842,0.03449500788868874,0.00029544806252319405
control_zero,2,347,0.028910664408698716,0.025518527108563144,0.03392136986938843,0.00029311686089541686
control_zero,2,348,0.028887740440919567,0.02536800757108874,0.03519732868858168,0.00029079584126122946
control_zero,2,349,0.02907436278310675,0.0255668047650209,0.035075577856199545,0.0002884850956181338
control_zero,2,350,0.028813891910386146,0.02532069830530306,0.03493193772380719,0.00028618471555640475
control_zero,2,351,0.028814441278849197,0.025374306662509085,0.034401343960324716,0.0002838947922554602
control_zero,2,352,0.02879723575812407,0.025329681478110058,0.03467554418131826,0.0002816154164802463
control_zero,2,353,0.028835335965256156,0.0253610827087111,0.03474252977391447,0.00027934667857764105
control_zero,2,354,0.02874256844581263,0.025299217751342074,0.034433506925252336,0.00027708866847287177
control_zero,2,355,0.028829513793670165,0.025367131943063077,0.03462381808782682,0.00027484147566595216
control_zero,2,356,0.029146421233838905,0.025598979771487396,0.0354744110441239,0.00027260518922813407
control_zero,2,357,0.029197877345913073,0.02562380708540077,0.035740699482882304,0.00027037989779837683
control_zero,2,358,0.028868583582983626,0.025360228595939067,0.035083551601781546,0.0002681656895798346
control_zero,2,359,0.028748447761211944,0.025316941841230692,0.034315057507382986,0.00026596265233635937
control_zero,2,360,0.02876401998044305,0.025330730152192376,0.03433289690132863,0.0002637708733890237
control_zero,2,361,0.028758663270748937,0.025302631746462058,0.034560313044655726,0.00026159043961265777
control_zero,2,362,0.028716980083298434,0.02524205153764228,0.0347492840559302,0.00025942143743240765
control_zero,2,363,0.02876608312013255,0.025316663139910673,0.03449419855721314,0.00025726395282030826
control_zero,2,364,0.02867831742055422,0.0252757484759581,0.034025689475141056,0.0002551180712918769
control_zero,2,365,0.028972400799782718,0.02541941263306857,0.03552988531948225,0.00025298387790272326
control_zero,2,366,0.029759947803873307,0.025805142321490122,0.039548055621413586,0.00025086145724517755
control_zero,2,367,0.028982655332465086,0.025451408660248427,0.03531246275371111,0.0002487508934449386
control_zero,2,368,0.02896295786487527,0.025394735084579134,0.035682228746442196,0.0002466522701577384
control_zero,2,369,0.028830936154248508,0.02536006922062788,0.03470866809120066,0.0002445656705660271
control_zero,2,370,0.028815695247552103,0.02535358869881605,0.03462106363444198,0.00024249117737567486
control_zero,2,371,0.02877316497480278,0.025286320728242554,0.03486843705760904,0.0002404288728126955
control_zero,2,372,0.028826348503015683,0.025383978017044128,0.0344237080986755,0.0002383788386199849
control_zero,2,373,0.028699423222955774,0.025222105394766787,0.03477317921564411,0.00023634115605408317
control_zero,2,374,0.028710357854556164,0.025286489635628136,0.034238678473716616,0.00023431590588195243
control_zero,2,375,0.028787691418480314,0.02526956996041552,0.03518121396787173,0.0002323031683777763
control_zero,2,376,0.028714601271457522,0.02526839547754112,0.03446205858112004,0.00023030302331977814
control_zero,2,377,0.02884685380418369,0.025384109297052378,0.03462744122930357,0.00022831554998705783
control_zero,2,378,0.028771076706425328,0.02527749109478283,0.03493585470606702,0.00022634082715645103
control_zero,2,379,0.028990995241012958,0.025502666573261466,0.03488329010128041,0.0002243789330994051
control_zero,2,380,0.028928728958995474,0.02542634533022776,0.03502383583052662,0.00022242994557887817
control_zero,2,381,0.028869683958842922,0.025394639977820547,0.034750437641190485,0.0002204939418462558
control_zero,2,382,0.02874881940025729,0.025272655706881853,0.034761638952025234,0.0002185709986382895
control_zero,2,383,0.02874357331125917,0.02531064095525144,0.03432932234425146,0.00021666119217405476
control_zero,2,384,0.02876481107453142,0.025312915103942856,0.03451895783837719,0.00021476459815193065
control_zero,2,385,0.02873472936996125,0.0252850911441422,0.03449638351778604,0.00021288129174659845
control_zero,2,386,0.0286997954261443,0.02526946160601885,0.03430334071071901,0.00021101134760606282
control_zero,2,387,0.028692740489857628,0.025255110474697293,0.034376303886620246,0.00020915483984869278
control_zero,2,388,0.02864772324540285,0.025243812753738683,0.0340391027232919,0.00020731184206028338
control_zero,2,389,0.028620816854755187,0.025211274614144245,0.034095422532555326,0.00020548242729113986
control_zero,2,390,0.028685576921965994,0.025278133157806047,0.03407443684888104,0.0002036666680531812
control_zero,2,391,0.028611447910143563,0.02521056072985846,0.034008871491599646,0.00020186463631706724
control_zero,2,392,0.02885133756553224,0.02539684560743231,0.0345449189730864,0.00020007640350934463
control_zero,2,393,0.0288061647050997,0.025287163840222608,0.035190006499190865,0.00019830204050961682
control_zero,2,394,0.028753166031043772,0.025332184683521795,0.03420981535245482,0.0001965416176477338
control_zero,2,395,0.028771060569985105,0.025274550060768352,0.03496510331706185,0.00019479520470100522
control_zero,2,396,0.028691725440654056,0.025285614309127274,0.034061110537139304,0.00019306287089143387
control_zero,2,397,0.028639784418338272,0.025216858216388728,0.03422926279762395,0.0001913446848829728
control_zero,2,398,0.02860119003150855,0.025215990184842763,0.03385199862714691,0.00018964071477880297
control_zero,2,399,0.028605532416631285,0.02517200084816538,0.034335319239733736,0.0001879510281186341
control_zero,2,400,0.028685868058752454,0.025241536946660856,0.03444331501155858,0.00018627569187602803
control_zero,2,401,0.02860377825232461,0.025195932331891345,0.034078458280305014,0.0001846147724557432
control_zero,2,402,0.028605440762818016,0.02519722348541099,0.03408217060017368,0.00018296833569110386
control_zero,2,403,0.028695659206173438,0.025325572516953977,0.03370086516085866,0.00018133644684138923
control_zero,2,404,0.02865974818582479,0.025230780613484643,0.034289678514937506,0.0001797191705892481
control_zero,2,405,0.028583632650792442,0.025190744573352544,0.033928881260729335,0.000178116571038134
control_zero,2,406,0.02858366466105451,0.025193876881084307,0.03389787936082241,0.00017652871170976533
control_zero,2,407,0.028635339996249808,0.025213045649249935,0.0342229420839573,0.0001749556555416066
control_zero,2,408,0.028767494261070267,0.02532122563813903,0.03446268453688285,0.00017339746488437453
control_zero,2,409,0.02861722478005967,0.02522847247516673,0.03388752194009624,0.00017185420149956645
control_zero,2,410,0.028583268987564442,0.025185869578709802,0.0339739937675684,0.00017032592655701195
control_zero,2,411,0.028588636785589996,0.02518083811701122,0.03407798715266484,0.00016881270063244893
control_zero,2,412,0.028604497962847704,0.02520075055233181,0.03403747858912453,0.00016731458370512203
control_zero,2,413,0.028594938950618005,0.025202332458436956,0.03392606475159487,0.0001658316351554057
control_zero,2,414,0.028557199474142054,0.025161594609601066,0.03395604865513645,0.00016436391376244995
control_zero,2,415,0.02881626222603626,0.025328632205841434,0.034876301631759414,0.0001629114777018514
control_zero,2,416,0.028581501133059087,0.025204634721884528,0.03376866289591976,0.00016147438454334643
control_zero,2,417,0.028620409650373085,0.025216754914964147,0.034036542422699864,0.0001600526912485301
control_zero,2,418,0.028573512408503043,0.02514644060040734,0.03427071697212386,0.00015864645416859815
control_zero,2,419,0.028576698796167074,0.025187121854983174,0.033895770510945555,0.00015725572904211292
control_zero,2,420,0.028568632346298303,0.025165043829626577,0.03403588594484578,0.00015588057099279502
control_zero,2,421,0.028584557831015038,0.02518548050472226,0.033990773258064495,0.00015452103452733736
control_zero,2,422,0.028664426479303805,0.025191417630207446,0.034730086020405546,0.00015317717353324577
control_zero,2,423,0.028541208801708396,0.025161453495993625,0.03379755075194194,0.00015184904127670202
control_zero,2,424,0.028563688633180474,0.02516023534551924,0.034034531869908534,0.0001505366904004532
control_zero,2,425,0.028578663638771047,0.02516373819805312,0.03414925181017532,0.00014924017292172498
control_zero,2,426,0.028562985341169193,0.025182013577409575,0.03380971731175486,0.00014795954023015976
control_zero,2,427,0.028559103977742455,0.025164061432641105,0.03395042859270741,0.00014669484308577974
control_zero,2,428,0.028545340917051305,0.025172878192937093,0.03372462725086872,0.00014544613161697508
control_zero,2,429,0.0285792303108671,0.025183351394324018,0.03395879042016308,0.00014421345531851696
control_zero,2,430,0.028627566059482315,0.025168526669667533,0.03459039158807878,0.0001429968630495956
control_zero,2,431,0.028618988748785722,0.025237630391323224,0.03381358060800998,0.0001417964030318838
control_zero,2,432,0.028599166265122263,0.025223212292315753,0.033759539280641175,0.00014061212284762544
control_zero,2,433,0.02869537996989006,0.025199546208775386,0.03495833774731925,0.00013944406943775003
control_zero,2,434,0.028756170900776864,0.025317080562092927,0.03439090447621931,0.00013829228910001106
control_zero,2,435,0.02872866923208336,0.025216514405164644,0.03512155168322608,0.00013715682748715205
control_zero,2,436,0.028546714236079556,0.025169088313108014,0.03377626048444768,0.00013603772960509627
control_zero,2,437,0.028529850989774688,0.025146367514685925,0.033834838938191725,0.00013493503981116322
control_zero,2,438,0.028556579150084416,0.02515755136139866,0.03399028005102751,0.00013384880181231017
control_zero,2,439,0.02858063600976847,0.02517652430379515,0.034041115824454134,0.00013277905866340012
control_zero,2,440,0.028561826707800126,0.025176254336967793,0.03385572169977909,0.00013172585276549498
control_zero,2,441,0.028685651364549022,0.02522837883226243,0.034572723630436404,0.000130689225864175
control_zero,2,442,0.028605545022313338,0.025190647569905685,0.03414897512226285,0.00012966921904788411
control_zero,2,443,0.028527098092646884,0.025143680077620027,0.0338341812104687,0.00012866587274630136
control_zero,2,444,0.028557963557444103,0.025166310000357368,0.033916536524074815,0.00012767922672873855
control_zero,2,445,0.028572641210946652,0.025168703582050284,0.034039379547376854,0.00012670932010256327
control_zero,2,446,0.028614286887739097,0.025188655371220864,0.03425632043700305,0.0001257561913116499
control_zero,2,447,0.02854842876446465,0.025159974866996546,0.033884540375312376,0.00012481987813485463
control_zero,2,448,0.028560760302114113,0.02517171527499785,0.033890453821373984,0.00012390041768451903
control_zero,2,449,0.02854272642467103,0.025147088747422938,0.033956373523794325,0.00012299784640499843
control_zero,2,450,0.02850667510288658,0.02513134012645592,0.033753349472508416,0.00012211220007121764
control_zero,2,451,0.028567430128005403,0.025175513223047046,0.03391917141314897,0.00012124351378725287
control_zero,2,452,0.02872577930165956,0.025302183296404993,0.03423595914797123,0.00012039182198494037
control_zero,2,453,0.02854716345940184,0.025133905120135597,0.03413258156406039,0.00011955715842251154
control_zero,2,454,0.028489599767926466,0.025117500468738396,0.03372099274142059,0.00011873955618325512
control_zero,2,455,0.02852958280291632,0.025159798236685384,0.03369784584711488,0.0001179390476742057
control_zero,2,456,0.02849165927959173,0.02511031631934736,0.03381342910638677,0.00011715566462485903
control_zero,2,457,0.028534942386822665,0.025127770568854502,0.03407171524224643,0.00011638943808591481
control_zero,2,458,0.028508188995695613,0.025122626293110163,0.03385562984657039,0.0001156403984280455
control_zero,2,459,0.02849453381279741,0.025104826262741114,0.03389706931444123,0.00011490857534069303
control_zero,2,460,0.028487747564289338,0.02510731590926336,0.03380431329184662,0.00011419399783089137
control_zero,2,461,0.02854819260245826,0.025162826990100796,0.033853655822049855,0.00011349669422211739
control_zero,2,462,0.028506754471995813,0.02513036001035968,0.033763944168937424,0.00011281669215316785
control_zero,2,463,0.028488487413751238,0.02512595711115446,0.03362530303569437,0.00011215401857706393
control_zero,2,464,0.028533920626260593,0.025162852235508026,0.03371067972994816,0.00011150869975998316
control_zero,2,465,0.0284891952967208,0.02509904046866352,0.03390154845565169,0.00011088076128021786
control_zero,2,466,0.028475196181015933,0.025104066498052358,0.033711298045461545,0.00011027022802716184
control_zero,2,467,0.028499853614883074,0.025122535198576768,0.03377318384694835,0.00010967712420032333
control_zero,2,468,0.02849905929156134,0.025108906496364828,0.03390152560785296,0.00010910147330836623
control_zero,2,469,0.028494389917380503,0.025123298878224648,0.033710912395239497,0.00010854329816817797
control_zero,2,470,0.028508982531162217,0.025115083533463218,0.03393899060921943,0.00010800262090396556
control_zero,2,471,0.02860558561144236,0.025202587076679224,0.03402998704006093,0.00010747946294637797
control_zero,2,472,0.028491257103865204,0.025095758828341804,0.03395498293031289,0.00010697384503165752
control_zero,2,473,0.028624403579817118,0.025233530777436012,0.03390872539276398,0.00010648578720081721
control_zero,2,474,0.02867444415939072,0.025228703127050525,0.03445740925347525,0.00010601530879884693
control_zero,2,475,0.02852807617588236,0.025143380687807932,0.03384695409288917,0.00010556242847394639
control_zero,2,476,0.02849397605999954,0.025117933730699375,0.03376042161029873,0.00010512716417678588
control_zero,2,477,0.02855900066659127,0.025171278608724593,0.03387722056894016,0.00010470953315979514
control_zero,2,478,0.028516003025535194,0.02513811608421429,0.033778866378507785,0.00010430955197647918
control_zero,2,479,0.028508023760103994,0.025117843939531256,0.03390179368771865,0.00010392723648076232
control_zero,2,480,0.028559185476978517,0.02518759382154316,0.033715919963529156,0.00010356260182635971
control_zero,2,481,0.028522094201014498,0.02511197522613305,0.03410119239445143,0.00010321566246617685
control_zero,2,482,0.028477708738559843,0.025110365005876316,0.033673438727466615,0.00010288643215173648
control_zero,2,483,0.028564599714686913,0.02518163620452968,0.033829637406778086,0.00010257492393263363
control_zero,2,484,0.028496635640064355,0.02510546719261467,0.033911684172972065,0.00010228115015601852
control_zero,2,485,0.028516298612244136,0.025138979023881743,0.033773193495742024,0.00010200512246610701
control_zero,2,486,0.02851198443428032,0.025101423813103072,0.034105605141845755,0.00010174685180371902
control_zero,2,487,0.028494630894057123,0.02512883301581166,0.033657979541129916,0.00010150634840584485
control_zero,2,488,0.02848763948223765,0.025103448819631696,0.033841905526953014,0.00010128362180523972
control_zero,2,489,0.0284551593326713,0.02509397243006111,0.03361186768383021,0.00010107868083004547
control_zero,2,490,0.02853775693118261,0.025134005172873602,0.03403751635267436,0.00010089153360344113
control_zero,2,491,0.028481957206001638,0.025103856870228567,0.03378100195709937,0.00010072218754332046
control_zero,2,492,0.028498797203285263,0.025119514819769574,0.03379282406373217,0.00010057064936199837
control_zero,2,493,0.028483576527930425,0.025097721424099672,0.03385854963767622,0.00010043692506594446
control_zero,2,494,0.028455323576149057,0.02509128606292193,0.03364037433955284,0.00010032101995554533
control_zero,2,495,0.02845181622019636,0.02508911103321429,0.033627050673448074,0.00010022293862489412
control_zero,2,496,0.02845149477530397,0.025084440735005833,0.03367053860112752,0.00010014268496160877
control_zero,2,497,0.02849987731375987,0.02511397265773218,0.03385904454686934,0.00010008026214667765
control_zero,2,498,0.028465121079907407,0.025108828868318164,0.0335629259773552,0.00010003567265433361
control_zero,2,499,0.028487827906059224,0.02511797648399835,0.03369851019379364,0.00010000891825195589
control_zero,2,500,0.02845037797606956,0.025073933038208877,0.033764448629658154,0.0001
control_zero,3,1,0.1525256727912096,0.09211984654163878,0.6040582493453363,0.001
control_zero,3,2,0.13028788103602884,0.09508412979134692,0.3520374937717348,0.000999991081748044
control_zero,3,3,0.12172761034249636,0.09150318138048481,0.3022442996190671,0.0009999643273456663
control_zero,3,4,0.11166885362904003,0.08339313374876042,0.28275718895947033,0.0009999197378533222
control_zero,3,5,0.10045967789916395,0.07596998301872074,0.2448969399337669,0.0009998573150383913
control_zero,3,6,0.08846481510148659,0.06663355248792988,0.21831261963819398,0.0009997770613751058
control_zero,3,7,0.07618268180453747,0.05601371127343676,0.2016897022568526,0.0009996789800444546
control_zero,3,8,0.06520419922844548,0.046812218771979955,0.18391980304730468,0.0009995630749340555
control_zero,3,9,0.056212649974903925,0.039560698298615825,0.1665195099250766,0.0009994293506380017
control_zero,3,10,0.04706573285960031,0.033433510997276705,0.13632221803963962,0.0009992778124566796
control_zero,3,11,0.04234440428236446,0.030970660332522257,0.11373743609410976,0.0009991084663965588
control_zero,3,12,0.04040138773600675,0.030457548991662715,0.09943838744344038,0.0009989213191699546
control_zero,3,13,0.039683942092149746,0.03021714153551246,0.09466800333897998,0.0009987163781947602
control_zero,3,14,0.038738534209505696,0.0300344385537404,0.08704095407736831,0.0009984936515941552
control_zero,3,15,0.03836761703884944,0.030101777436138757,0.0826583947821012,0.000998253148196281
control_zero,3,16,0.037641703158461395,0.029538256877318377,0.08103445937793809,0.0009979948775338929
control_zero,3,17,0.03659417067822215,0.02901492427363408,0.07579246684714334,0.0009977188498439813
control_zero,3,18,0.036123470152793914,0.02911831565959958,0.0700515458851508,0.0009974250760673663
control_zero,3,19,0.03575758656423646,0.028863367140682186,0.06894219390483812,0.0009971135678482636
control_zero,3,20,0.03551578582033476,0.028781715065591018,0.06734070492611698,0.000996784337533823
control_zero,3,21,0.03528811470374426,0.02861641801154489,0.06671696566726147,0.0009964373981736403
control_zero,3,22,0.03603645560013096,0.029429335020696525,0.06607120626122148,0.0009960727635192376
control_zero,3,23,0.035662363767234834,0.028983344953730898,0.06679018690948697,0.0009956904480235209
control_zero,3,24,0.03477308564568935,0.028596146212156386,0.06176938967628516,0.0009952904668402048
control_zero,3,25,0.03524915014172347,0.02872031685888923,0.0652883309802872,0.0009948728358232142
control_zero,3,26,0.03526783666473767,0.02908589547942575,0.06181940965490615,0.0009944375715260536
control_zero,3,27,0.03499229718242862,0.028674351411334217,0.06317945211814527,0.000993984691201153
control_zero,3,28,0.03611971210814798,0.029661581250924045,0.06458130485667572,0.0009935142127991828
control_zero,3,29,0.034974375890456044,0.0288190997203243,0.06155276495973062,0.0009930261549683426
control_zero,3,30,0.03549556350505694,0.028943919686128826,0.06551644034858783,0.000992520537053622
control_zero,3,31,0.03456650432150607,0.02865320389638059,0.05913300594368429,0.0009919973790960344
control_zero,3,32,0.036781779925676925,0.03030349264607106,0.064782869722451,0.000991456701831822
control_zero,3,33,0.038274756377421844,0.030866865141623637,0.07407890893421659,0.0009908985266916337
control_zero,3,34,0.035828047239904924,0.029306920430095328,0.0652112634779579,0.0009903228757996768
control_zero,3,35,0.03446179095354155,0.02852822782826797,0.05933562787760331,0.000989729771972838
control_zero,3,36,0.03419718770772297,0.02841668046388396,0.05780507273018827,0.0009891192387197821
control_zero,3,37,0.03442976570277239,0.028461047606275224,0.05968718436928393,0.0009884913002400169
control_zero,3,38,0.03425212813341898,0.028404620604944603,0.058475075420916234,0.000987845981422936
control_zero,3,39,0.03510808696673682,0.029097199449729046,0.06010887361382069,0.0009871833078468322
control_zero,3,40,0.03430632471688111,0.028413386383232497,0.05892938114799968,0.0009865033057778825
control_zero,3,41,0.0346990223516839,0.028732185230125957,0.05966836875474795,0.0009858060021691085
control_zero,3,42,0.03465392252833974,0.028804740885530377,0.05849181552351922,0.0009850914246593069
control_zero,3,43,0.035052484134820046,0.02898219872664845,0.060702855637973036,0.0009843596015719545
control_zero,3,44,0.034095760259787035,0.02856023360637087,0.05535526346055397,0.0009836105619140851
control_zero,3,45,0.03411969312955443,0.028437213408067704,0.05682480048300703,0.000982844335375141
control_zero,3,46,0.03446353552741419,0.02854922071449439,0.05914314941311007,0.0009820609523257943
control_zero,3,47,0.03397036041315479,0.028415314138285797,0.05555046135778527,0.000981260443816745
control_zero,3,48,0.034446373426260585,0.02869304090582671,0.057533324406757055,0.0009804428415774885
control_zero,3,49,0.033960620529813496,0.02839538393245509,0.05565236592495099,0.0009796081780150596
control_zero,3,50,0.0343724174361783,0.028674891612470617,0.05697525884012641,0.000978756486212747
control_zero,3,51,0.035401551130740824,0.029212013392784578,0.0618953714755123,0.0009778877999287825
control_zero,3,52,0.03533545967103918,0.029350713021839257,0.05984746561660468,0.0009770021535950016
control_zero,3,53,0.03390557404519995,0.028400554859101305,0.05505019248348926,0.000976099582315481
control_zero,3,54,0.03357952497607734,0.027862323929528966,0.05717201139923798,0.0009751801218651454
control_zero,3,55,0.0359182444354884,0.029002624235599843,0.06915619800125028,0.0009742438086883502
control_zero,3,56,0.035202313165907446,0.029043997445827054,0.06158315985616754,0.0009732906798974367
control_zero,3,57,0.034020519579515136,0.028542365256317603,0.054781543231975316,0.0009723207732712615
control_zero,3,58,0.03496954170379097,0.029235195203176054,0.05734346344502881,0.0009713341272536987
control_zero,3,59,0.03416824563559602,0.028476702346036078,0.056915436338818105,0.0009703307809521158
control_zero,3,60,0.035143480055014706,0.029160742018148108,0.05982737914311357,0.000969310774135825
control_zero,3,61,0.03439204768319043,0.028758027427890593,0.056340197864774004,0.0009682741472345051
control_zero,3,62,0.03361541695173042,0.028236793884253687,0.053786231268090304,0.0009672209413366
control_zero,3,63,0.03370474921855541,0.027919254739897682,0.057854939514756516,0.00096615119818769
control_zero,3,64,0.035725178357515264,0.029136079779337343,0.06589098667662698,0.0009650649601888368
control_zero,3,65,0.03503456460822656,0.02913696728354957,0.05897597002726311,0.0009639622703949038
control_zero,3,66,0.03586956201116348,0.029445292223877133,0.0642426997695517,0.000962843172512848
control_zero,3,67,0.035053125648289996,0.02900173217447246,0.06051393660568382,0.0009617077108999891
control_zero,3,68,0.0339554005810704,0.02838280175474543,0.05572598859395433,0.0009605559305622501
control_zero,3,69,0.0336512191751218,0.028240983133683315,0.05410235791464699,0.0009593878771523745
control_zero,3,70,0.03363414379152866,0.028270455315592396,0.053636886315619664,0.0009582035969681164
control_zero,3,71,0.03371869676865579,0.028233035912557308,0.054856608560984815,0.0009570031369504046
control_zero,3,72,0.034694134294208596,0.02886431194433344,0.058298226300014216,0.0009557865446814831
control_zero,3,73,0.033670330677891526,0.028321351695504263,0.05348978655573282,0.0009545538683830249
control_zero,3,74,0.033760533193928764,0.02840405306718057,0.05356480037263417,0.0009533051569142203
control_zero,3,75,0.034110679259577247,0.02820990688845943,0.059007721551871485,0.0009520404597698404
control_zero,3,76,0.03325224453315878,0.027900714266743735,0.053515299872614386,0.000950759827078275
control_zero,3,77,0.03428989900738079,0.02876266528300299,0.055272336144671426,0.0009494633095995468
control_zero,3,78,0.03420736440809993,0.028573942414482488,0.05633421618170433,0.000948150958723298
control_zero,3,79,0.03328424211659568,0.027878156996893822,0.054060850593969034,0.0009468228264667542
control_zero,3,80,0.033979740489867585,0.028307341739496426,0.05672398904051544,0.0009454789654726626
control_zero,3,81,0.0343082473849192,0.02857453248149888,0.05733714715696813,0.000944119429007205
control_zero,3,82,0.034593631418582356,0.029039446293685205,0.0555418527760487,0.0009427442709578871
control_zero,3,83,0.03629737567185733,0.02993116011312985,0.06366215771740161,0.000941353545831402
control_zero,3,84,0.03453526323948143,0.028613112832835387,0.05922150145000328,0.0009399473087514699
control_zero,3,85,0.0335162441117334,0.02807786963957875,0.054383741900830604,0.0009385256154566536
control_zero,3,86,0.03432200004786798,0.0287578680477161,0.05564132000151876,0.0009370885222981487
control_zero,3,87,0.035839513805026174,0.029502369225141895,0.06337144391188111,0.0009356360862375501
control_zero,3,88,0.03362459748711038,0.028426955529432696,0.05197641334202208,0.0009341683648445943
control_zero,3,89,0.0337006943519215,0.028192652686068655,0.055080420082293975,0.0009326854162948781
control_zero,3,90,0.033297650603572634,0.028070098572160182,0.052275515052030354,0.0009311872993675511
control_zero,3,91,0.0335597709482706,0.02813654686214874,0.05423224044297445,0.000929674073442988
control_zero,3,92,0.033398051777801065,0.028106627601634116,0.05291424304558154,0.0009281457985004336
control_zero,3,93,0.03391425878140229,0.02848269406696368,0.05431564744591091,0.0009266025351156256
control_zero,3,94,0.033349127657030644,0.028025302899802013,0.05323824986776546,0.0009250443444583935
control_zero,3,95,0.03388106802541656,0.028561848578074894,0.053192192129304455,0.0009234712882902347
control_zero,3,96,0.03392776469493348,0.028487772654070865,0.05439992275760162,0.0009218834289618661
control_zero,3,97,0.033084215912432956,0.02795148549927277,0.05132729853880312,0.000920280829410752
control_zero,3,98,0.033076620055241,0.02787653601901027,0.052000837847979514,0.0009186635531586108
control_zero,3,99,0.033485304943575246,0.028380420555022615,0.05104884176512611,0.0009170316643088962
control_zero,3,100,0.03528872103121511,0.029332093028813677,0.0595662753746964,0.0009153852275442568
control_zero,3,101,0.03416321909556034,0.02815460639351653,0.06008612890739976,0.0009137243081239721
control_zero,3,102,0.03462928406135532,0.028870304706007942,0.057589795119457395,0.0009120489718813659
control_zero,3,103,0.03357513293662831,0.028320383285378975,0.052547495870537295,0.0009103592852211972
control_zero,3,104,0.03535399033977375,0.02953328642089591,0.05820704121677589,0.0009086553151170272
control_zero,3,105,0.03700200635599405,0.030364129030906812,0.06637876827084987,0.0009069371291085661
control_zero,3,106,0.03525738042655253,0.02928413630660147,0.05973243713378906,0.0009052047952989949
control_zero,3,107,0.03368898658154839,0.028119969694794935,0.055690164179310164,0.0009034583823522663
control_zero,3,108,0.033236647209556235,0.027949276912772623,0.05287370032706242,0.0009016979594903832
control_zero,3,109,0.034060077858461414,0.028573183610296125,0.054868944495060426,0.0008999235964906553
control_zero,3,110,0.033137791383982325,0.028075021304987742,0.050627697064655565,0.0008981353636829328
control_zero,3,111,0.03328907837989125,0.028138263126733096,0.05150814932180136,0.0008963333319468188
control_zero,3,112,0.033009141022169244,0.02790357584897283,0.05105564984500253,0.0008945175727088603
control_zero,3,113,0.033095143589509685,0.02794587287769772,0.05149270617463881,0.0008926881579397167
control_zero,3,114,0.03322920492575467,0.028064759360631204,0.051644453929625356,0.0008908451601513074
control_zero,3,115,0.03346262596956121,0.028194967919946027,0.052676577869968065,0.0008889886523939372
control_zero,3,116,0.03315413887211299,0.02804400304006534,0.051101358164850785,0.0008871187082534017
control_zero,3,117,0.03316175348220233,0.027987667225670875,0.05174086480243399,0.0008852354018480694
control_zero,3,118,0.03285430537113633,0.027897256886095352,0.04957048766139904,0.0008833388078259452
control_zero,3,119,0.033701637433963406,0.02846053998927068,0.05241097400922999,0.0008814290013617105
control_zero,3,120,0.03347840493754058,0.028398708642190493,0.05079695812424076,0.0008795060581537442
control_zero,3,121,0.03332642021323931,0.027934105619399106,0.05392314746547928,0.000877570054421122
control_zero,3,122,0.033059704343620544,0.02782209632874469,0.05237607828125007,0.0008756210669005949
control_zero,3,123,0.03304737356950969,0.02786914568015085,0.05178228094590239,0.0008736591728435492
control_zero,3,124,0.03279330973408864,0.02781359311533659,0.04979716572064333,0.0008716844500129422
control_zero,3,125,0.033816463151076136,0.028420200153173727,0.05396262747928617,0.000869696976680222
control_zero,3,126,0.03291960996296014,0.027856284159165138,0.05063325476981018,0.0008676968316222237
control_zero,3,127,0.033067101753722905,0.027952378319075464,0.05114723477444512,0.0008656840941180476
control_zero,3,128,0.03305279566631616,0.028057417683984218,0.049953779628787276,0.0008636588439459168
control_zero,3,129,0.03306203280568278,0.02804388773600831,0.05018145148946317,0.0008616211613800151
control_zero,3,130,0.03289891771641475,0.028034711995845365,0.04864205407372654,0.0008595711271873046
control_zero,3,131,0.03445879754175094,0.028932460104711063,0.05526337282386835,0.0008575088226243251
control_zero,3,132,0.033840677406706945,0.028328141450453988,0.05512536002940671,0.0008554343294339731
control_zero,3,133,0.03359359673007972,0.028011470109068695,0.05582126836941697,0.0008533477298422618
control_zero,3,134,0.03290887517908068,0.0279507998172826,0.0495807541043111,0.0008512491065550615
control_zero,3,135,0.03249915359498004,0.027540642092145455,0.04958511241188871,0.0008491385427548225
control_zero,3,136,0.03353367043615321,0.028345716674629765,0.051879546155195015,0.0008470161220972769
control_zero,3,137,0.03309459833053789,0.02799218653776627,0.05102411701341522,0.0008448819287081231
control_zero,3,138,0.03289373820117497,0.02793279720115288,0.049609408424510656,0.0008427360471796918
control_zero,3,139,0.03283733374125497,0.027824549456722743,0.05012783974253478,0.0008405785625675925
control_zero,3,140,0.03264020687800786,0.027687556526134905,0.04952650230290373,0.0008384095603873422
control_zero,3,141,0.033443377297322996,0.02820295726700489,0.05240419859616159,0.0008362291266109763
control_zero,3,142,0.03294879746654949,0.027908847796154396,0.05039949497261496,0.0008340373476636405
control_zero,3,143,0.03411613807918664,0.028840181400741672,0.05275956756257824,0.0008318343104201655
control_zero,3,144,0.034524346072003054,0.02861160218384963,0.059127436250487136,0.0008296201022016233
control_zero,3,145,0.03300202238147315,0.0277379892338505,0.0526403316367155,0.0008273948107718659
control_zero,3,146,0.03344856345097172,0.0283355644318049,0.05112999144640044,0.0008251585243340478
control_zero,3,147,0.03243120049683294,0.027570277009908276,0.04860923507350543,0.0008229113315271283
control_zero,3,148,0.03262098797891221,0.027769307117160243,0.04851681015432348,0.0008206533214223591
control_zero,3,149,0.032550410379706726,0.027693619319376372,0.04856791525262143,0.0008183845835197537
control_zero,3,150,0.03252791558871381,0.027590842032440336,0.04937073800411299,0.0008161052077445399
control_zero,3,151,0.03281813194153359,0.028057705761752927,0.04760426134551941,0.0008138152844435952
control_zero,3,152,0.03398865628647119,0.028440578084429312,0.0554807810866646,0.0008115149043818662
control_zero,3,153,0.032740280985365335,0.027850948502710842,0.048893323727438404,0.0008092041587387706
control_zero,3,154,0.03260364573614249,0.027591394391834893,0.050122515933087225,0.0008068831391045833
control_zero,3,155,0.0329819558377988,0.02792484996057366,0.050571064827064,0.000804551937476806
control_zero,3,156,0.03272961840694941,0.027810437843086826,0.04919180129083267,0.0008022106462565208
control_zero,3,157,0.03278942072554917,0.027800053630422986,0.04989367184610964,0.0007998593582447277
control_zero,3,158,0.033018382455832655,0.027993401911294492,0.05024980468670631,0.0007974981666386664
control_zero,3,159,0.03319258794344125,0.02804324422372072,0.05149343535887666,0.000795127165028122
control_zero,3,160,0.033784539990769046,0.028552761330578096,0.05231778504565241,0.0007927464473917156
control_zero,3,161,0.03294394460966319,0.027821782772130193,0.051221618073805195,0.0007903561080931794
control_zero,3,162,0.03273567089971456,0.027686989815132425,0.050486810544296594,0.0007879562418776158
control_zero,3,163,0.03256373698810996,0.027832314320998,0.047314225596329564,0.0007855469438677433
control_zero,3,164,0.032588555854465566,0.027668194782095853,0.04920361085014306,0.0007831283095601248
control_zero,3,165,0.0324492074899356,0.02751897511804384,0.0493023215012513,0.0007807004348213832
control_zero,3,166,0.032476478166314084,0.027709485573922686,0.04766993058295847,0.0007782634158844013
control_zero,3,167,0.03247231113731706,0.02767458023605552,0.04797730322042115,0.0007758173493445075
control_zero,3,168,0.032930215742857274,0.02796718412548226,0.049630311816230455,0.0007733623321556474
control_zero,3,169,0.033254229748140116,0.02821709576498124,0.05037134297328269,0.00077089846162654
control_zero,3,170,0.0325001057033128,0.027712789142878808,0.047873166810439086,0.0007684258354168216
control_zero,3,171,0.03318773293697492,0.02807494913843064,0.051127832363464194,0.0007659445515331749
control_zero,3,172,0.03267854747822017,0.027807469195236426,0.04871078191553644,0.0007634547083254433
control_zero,3,173,0.03261100294618009,0.027691717899110235,0.049192852610551965,0.000760956404482734
control_zero,3,174,0.03233442764836254,0.027565923969288097,0.04768503503995527,0.0007584497390295051
control_zero,3,175,0.032872588405332116,0.02785898029181727,0.050136080473739235,0.0007559348113216416
control_zero,3,176,0.03310971725586189,0.027814796593225034,0.05294920662636857,0.0007534117210425165
control_zero,3,177,0.033748235582682855,0.028721778330152402,0.05026457637704072,0.0007508805681990402
control_zero,3,178,0.03457763084932656,0.028780062237934407,0.05797568508290124,0.0007483414531176961
control_zero,3,179,0.03404213614061514,0.02837005206055492,0.056720840508804,0.0007457944764405646
control_zero,3,180,0.03293559078720469,0.02805195087396756,0.04883639866549415,0.0007432397391213332
control_zero,3,181,0.03231055455345554,0.027584189996512378,0.0472636463670133,0.0007406773424212957
control_zero,3,182,0.032425471545043875,0.0275229236145088,0.04902547310950239,0.0007381073879053382
control_zero,3,183,0.03280124231667182,0.02781794599546776,0.04983296088738168,0.0007355299774379137
control_zero,3,184,0.032906092217012115,0.027770973138958606,0.051351190508190085,0.0007329452131790039
control_zero,3,185,0.03241528867313507,0.027545302347632673,0.04869986357600197,0.0007303531975800709
control_zero,3,186,0.03248864143853399,0.027714517064801086,0.04774124419447959,0.0007277540333799953
control_zero,3,187,0.03227630912207125,0.027590078304159424,0.04686230742044299,0.0007251478236010049
control_zero,3,188,0.03236673926501766,0.027631924086427874,0.04734815224304834,0.0007225346715445904
control_zero,3,189,0.03203675159625223,0.02734464502287907,0.04692106229051286,0.0007199146807874117
control_zero,3,190,0.032356194821101254,0.027647210226707918,0.0470898474807372,0.0007172879551771918
control_zero,3,191,0.03239623339501436,0.02757470781961091,0.04821525233026895,0.0007146545988286011
control_zero,3,192,0.03235240360386378,0.027666676001667043,0.04685727785056938,0.0007120147161191302
control_zero,3,193,0.03214952573374731,0.027468002778198327,0.04681523110202025,0.000709368411684953
control_zero,3,194,0.0324753815449249,0.027521030500764637,0.04954351230911113,0.0007067157904167792
control_zero,3,195,0.0330508873547493,0.028075729017741687,0.049751580097073055,0.0007040569574556971
control_zero,3,196,0.03236180354230709,0.027699280496171187,0.04662523294164369,0.0007013920181890054
control_zero,3,197,0.03247611204225463,0.027533102177530917,0.04943010174029801,0.0006987210782460367
control_zero,3,198,0.032216072549396645,0.02747456385090208,0.04741508476727936,0.0006960442434939707
control_zero,3,199,0.03214326632201827,0.027411750661252995,0.047315153028261565,0.0006933616200336369
control_zero,3,200,0.032135688731393365,0.027523466368879413,0.046122222866464224,0.000690673314195311
control_zero,3,201,0.03252720013844438,0.027882594002444812,0.04644606117519012,0.0006879794325344985
control_zero,3,202,0.03232793246369138,0.02755304794593206,0.047748845479117986,0.0006852800818277125
control_zero,3,203,0.03242361263491155,0.02761448630892888,0.048091258328437185,0.0006825753690682404
control_zero,3,204,0.03403724565635151,0.028520015921861944,0.05517229843427556,0.000679865401461904
control_zero,3,205,0.03359682062353851,0.028505136898424543,0.05091683319514476,0.0006771502864228094
control_zero,3,206,0.032718280884716906,0.027909025598521642,0.048092551461321256,0.0006744301315690899
control_zero,3,207,0.03241133792009739,0.02749900965812779,0.04912328355345029,0.0006717050447186406
control_zero,3,208,0.032096331661892935,0.02739696235787464,0.04699369117267449,0.0006689751338848441
control_zero,3,209,0.03268089055937202,0.02797392256771927,0.04706968273724339,0.00066624050727229
control_zero,3,210,0.0323593679562639,0.02758603814901789,0.047733297936287625,0.0006635012732724854
control_zero,3,211,0.032237752056230765,0.027588116758875063,0.04649635657240143,0.0006607575404595593
control_zero,3,212,0.03196573174283803,0.027372701803596772,0.04593029754435736,0.0006580094175859585
control_zero,3,213,0.032372528730889215,0.027504251292340128,0.048682775280338667,0.000655257013578137
control_zero,3,214,0.03200585147069266,0.02730007631602082,0.04705775217894786,0.0006525004375322391
control_zero,3,215,0.03206701601512594,0.02739301969251029,0.04673996415018413,0.0006497397987097745
control_zero,3,216,0.032058815892503714,0.02740034308313701,0.04658472966937732,0.000646975206533288
control_zero,3,217,0.031959021741198496,0.027355559710072787,0.04603462373502261,0.0006442067705820222
control_zero,3,218,0.03210999380904141,0.027430940837679583,0.04679053193128451,0.0006414346005875742
control_zero,3,219,0.03218636315014437,0.02760398747793377,0.045823760778100936,0.0006386588064295461
control_zero,3,220,0.032401760840696084,0.027508724617039876,0.048930363316215364,0.0006358794981311898
control_zero,3,221,0.032269784738127305,0.027510054900697568,0.047597297275190874,0.0006330967858550461
control_zero,3,222,0.03199547328852487,0.02734717812301596,0.04648294992861642,0.0006303107798985779
control_zero,3,223,0.031944287508025804,0.027321267308905602,0.046230206776692415,0.0006275215906897991
control_zero,3,224,0.03258527926711594,0.027884068342008416,0.04701210614828777,0.0006247293287828968
control_zero,3,225,0.03218708186369029,0.027523238357769292,0.04663843675163956,0.0006219341048538498
control_zero,3,226,0.03189220802746616,0.027306575021723543,0.045856329585685744,0.0006191360296960414
control_zero,3,227,0.03182967618963737,0.02732369503585072,0.04505980968008465,0.0006163352142158681
control_zero,3,228,0.03185314057253826,0.027331782553549223,0.045213584547410125,0.0006135317694283441
control_zero,3,229,0.03196710191044577,0.027316207951299517,0.04650893602179796,0.0006107258064527004
control_zero,3,230,0.03212269952438052,0.02739768681011841,0.04725012666601736,0.0006079174365079803
control_zero,3,231,0.03185132353544702,0.027269955471585998,0.045813683770577526,0.0006051067709086316
control_zero,3,232,0.0318564085226613,0.027284917268444914,0.04571490833054324,0.0006022939210600944
control_zero,3,233,0.031843219088589864,0.027293707655047312,0.045495113528117186,0.0005994789984543849
control_zero,3,234,0.031937378154722265,0.02736668947685325,0.045706891598223706,0.0005966621146656766
control_zero,3,235,0.03179594694439798,0.02728926443419475,0.04506682682850498,0.0005938433813458776
control_zero,3,236,0.031811530368679806,0.027281629753252858,0.04529900040584507,0.0005910229102202056
control_zero,3,237,0.03203753096977974,0.02736443990729652,0.04673090785274929,0.0005882008130827588
control_zero,3,238,0.03205016541827285,0.02735318205569805,0.04696983208894418,0.0005853772017920855
control_zero,3,239,0.032889061040845616,0.027902145254822062,0.04986916099220281,0.0005825521882667496
control_zero,3,240,0.03257560455690165,0.027554423210281617,0.050211809731183416,0.0005797258844808951
control_zero,3,241,0.03267512582339755,0.02774898072719263,0.0492614470519534,0.0005768984024598077
control_zero,3,242,0.03394904713250949,0.028198545647896922,0.057505009885556395,0.0005740698542754742
control_zero,3,243,0.034274942375349934,0.028785256936406965,0.05489685375720029,0.0005712403520421409
control_zero,3,244,0.032313470205890295,0.027604525466267186,0.04708944400164539,0.0005684100079118693
control_zero,3,245,0.031987476558971654,0.027360424462598856,0.04627051877524149,0.0005655789340700907
control_zero,3,246,0.03186603399193007,0.027290469341894354,0.045755645838947895,0.0005627472427311599
control_zero,3,247,0.03180672689377483,0.027316431006703612,0.04490295671140556,0.0005599150461339072
control_zero,3,248,0.03202395465020723,0.02740274343941137,0.04621210867446646,0.0005570824565371895
control_zero,3,249,0.03186373209323024,0.02728095405076098,0.0458277826423589,0.0005542495862154417
control_zero,3,250,0.031924309359751546,0.027408630861937223,0.04515678779399582,0.0005514165474542244
control_zero,3,251,0.03209753514464468,0.027443294104568017,0.046542409476738995,0.0005485834525457758
control_zero,3,252,0.0326487261111369,0.02791370680025601,0.047350191455285795,0.0005457504137845584
control_zero,3,253,0.03198824238333627,0.027403968860524132,0.04584273923548332,0.0005429175434628103
control_zero,3,254,0.03185718466695544,0.0272613644366476,0.0459582046763704,0.0005400849538660929
control_zero,3,255,0.03161614969878533,0.027079213843449912,0.04536935779467886,0.0005372527572688402
control_zero,3,256,0.03223934352359012,0.02758225448449038,0.04657089147065078,0.0005344210659299094
control_zero,3,257,0.03210127879877626,0.027364858807922967,0.047364199013685125,0.0005315899920881308
control_zero,3,258,0.03262371869451383,0.027671025905456618,0.04952692818237036,0.0005287596479578591
control_zero,3,259,0.0318408968564191,0.02725586887478206,0.045850273134191724,0.0005259301457245257
control_zero,3,260,0.032311413057790415,0.027623817314911762,0.04687595481232937,0.0005231015975401924
control_zero,3,261,0.03190069246366036,0.02731079415128841,0.045898979096904435,0.0005202741155191051
control_zero,3,262,0.03173048408123283,0.02721731315121327,0.04513170495726577,0.0005174478117332506
control_zero,3,263,0.03162023743162267,0.027142371510595627,0.04477865766374001,0.0005146227982079145
control_zero,3,264,0.03178195865926948,0.027294120286875855,0.04487838436589229,0.0005117991869172412
control_zero,3,265,0.03168484396434951,0.026988862661095264,0.04695981274074425,0.0005089770897797945
control_zero,3,266,0.031549809529754884,0.027130452108717774,0.04419357376294721,0.0005061566186541225
control_zero,3,267,0.03154938775005291,0.027031868973421056,0.04517518865143973,0.0005033378853343236
control_zero,3,268,0.03222121481659674,0.027401795440569872,0.048194192972413556,0.0005005210015456152
control_zero,3,269,0.03191988209053368,0.02716635390338014,0.04753528285392271,0.0004977060789399056
control_zero,3,270,0.031634705204409655,0.027076118676765158,0.04558586063685367,0.0004948932290913684
control_zero,3,271,0.03154510769302478,0.027085263145888133,0.04459844421663421,0.0004920825634920198
control_zero,3,272,0.03163295783900094,0.02717324184355941,0.044597157007253516,0.0004892741935472998
control_zero,3,273,0.031562841786728205,0.027139404637850917,0.044234367802388985,0.0004864682305716559
control_zero,3,274,0.031837526037705476,0.027167962995350518,0.04669563247586355,0.0004836647857841319
control_zero,3,275,0.03180022849932352,0.027193630542168418,0.04606597940619869,0.00048086397030395876
control_zero,3,276,0.03220967348305115,0.027656787841072592,0.04552885331699805,0.00047806589514615036
control_zero,3,277,0.03215528682224433,0.027545847660100802,0.04609439017217091,0.00047527067121710324
control_zero,3,278,0.031713707717840725,0.027120146983091575,0.04593560375837371,0.00047247840931020094
control_zero,3,279,0.03168662661788669,0.027198273372440053,0.04488353074258364,0.00046968922010142214
control_zero,3,280,0.031449070837416784,0.02699885693410358,0.04450214091036712,0.000466903214144954
control_zero,3,281,0.03152870376625976,0.027087109173130116,0.04441594608205884,0.00046412050186881034
control_zero,3,282,0.03158659611490626,0.027149682208000837,0.04436913764896965,0.0004613411935704541
control_zero,3,283,0.03154061686043329,0.02706804456719375,0.044725721016253876,0.00045856539941242596
control_zero,3,284,0.03149156727616532,0.027016632443697584,0.04474934927788478,0.00045579322941797785
control_zero,3,285,0.03160209424657548,0.027150860586381144,0.0445123388001564,0.0004530247934667121
control_zero,3,286,0.031441865279764794,0.027008935945307927,0.044329293179216335,0.0004502602012902256
control_zero,3,287,0.031550747364292565,0.02713451970261631,0.044162276655669,0.000447499562467761
control_zero,3,288,0.031426995773811875,0.02698110151481535,0.04445894117960731,0.00044474298642186306
control_zero,3,289,0.03160701691131679,0.027101588340636643,0.04505428430617011,0.0004419905824140415
control_zero,3,290,0.03135430238965908,0.02698564974897524,0.04368652206877193,0.0004392424595404407
control_zero,3,291,0.031503042045679164,0.02702145026534718,0.04481591875166401,0.00043649872672751465
control_zero,3,292,0.03170842710425275,0.027233698689828653,0.04474728472783734,0.0004337594927277102
control_zero,3,293,0.03167710318558366,0.02704815011150532,0.04628952733647108,0.0004310248661151561
control_zero,3,294,0.031423670475616776,0.027000807318106956,0.04422863128330004,0.0004282949552813596
control_zero,3,295,0.03144333363746538,0.02705067829484261,0.043926555634167426,0.00042556986843091013
control_zero,3,296,0.031550745564870364,0.027090895668100128,0.04459849465881564,0.0004228497135771907
control_zero,3,297,0.032075363267261736,0.027477675567407833,0.04597687639548947,0.0004201345985380961
control_zero,3,298,0.03161851601680016,0.0271497158523328,0.044688004932266615,0.00041742463093175964
control_zero,3,299,0.0313950404233005,0.026960867196905085,0.044341730727150294,0.00041471991817228763
control_zero,3,300,0.031506326876327824,0.02698486031813659,0.045214666068242676,0.0004120205674655015
control_zero,3,301,0.03137509446523053,0.02694571703944754,0.044293774880332676,0.0004093266858046891
control_zero,3,302,0.03137893826936617,0.02697218884531574,0.044067490087243345,0.00040663837996636313
control_zero,3,303,0.031433095683783836,0.02700287411986381,0.04430221590181866,0.0004039557565060296
control_zero,3,304,0.03189041140652201,0.027265889419354594,0.0462452156503269,0.00040127892175396333
control_zero,3,305,0.03132362769765891,0.026901994357687996,0.04421632668348734,0.0003986079818109947
control_zero,3,306,0.03145863092443651,0.027058460752117416,0.04400170375605165,0.0003959430425443029
control_zero,3,307,0.03154891250805818,0.027163576373621316,0.04385336258937422,0.00039328420958322077
control_zero,3,308,0.031459822103031,0.02697459480897876,0.04485226901097335,0.0003906315883150471
control_zero,3,309,0.03137407789867634,0.026981070613386424,0.04393006912760884,0.00038798528388086996
control_zero,3,310,0.03133697668212045,0.02681502599181612,0.04521950785625074,0.00038534540117139893
control_zero,3,311,0.03159045364814701,0.027170660793684014,0.044197929322758484,0.0003827120448228081
control_zero,3,312,0.03151234155204682,0.027110548709414647,0.04401792766278313,0.00038008531921258833
control_zero,3,313,0.03132233984145888,0.026879636828566346,0.044427036047565406,0.0003774653284554097
control_zero,3,314,0.03154574087565624,0.027125424304223246,0.0442031646638564,0.00037485217639899525
control_zero,3,315,0.031287678597645724,0.02690693588718266,0.04380742168691077,0.0003722459666200048
control_zero,3,316,0.0315021096045448,0.026970546974681375,0.045315624722924,0.0003696468024199291
control_zero,3,317,0.03129852846673357,0.02692229066569329,0.04376237598240531,0.0003670547868209961
control_zero,3,318,0.031501082465169326,0.026936976487113663,0.045641059950772216,0.00036447002256208646
control_zero,3,319,0.0313424561513155,0.026965961580021264,0.04376494211896126,0.00036189261209466185
control_zero,3,320,0.0315833091881739,0.027175817784534734,0.04407491465403112,0.0003593226575787045
control_zero,3,321,0.03182007111706248,0.027188319985222257,0.046317507160277965,0.0003567602608786669
control_zero,3,322,0.031361915394858345,0.026895382293249545,0.04466533115226046,0.00035420552355943557
control_zero,3,323,0.031373115222385596,0.027003115111130335,0.04370000199767379,0.0003516585468823039
control_zero,3,324,0.03164759284133388,0.027178146295230007,0.04469446504279465,0.0003491194318009598
control_zero,3,325,0.03171587368721439,0.02711419175639165,0.0460168191380118,0.00034658827895748363
control_zero,3,326,0.031184754409771365,0.026813589323399584,0.043711647002255015,0.00034406518867835853
control_zero,3,327,0.03140714196561211,0.026912226611578122,0.0449491519646296,0.00034155026097049514
control_zero,3,328,0.03126220301999747,0.026941633236159234,0.04320569641829782,0.000339043595517266
control_zero,3,329,0.03126664936795403,0.02692572813840977,0.04340921289849219,0.00033654529167455674
control_zero,3,330,0.031210507443734,0.026815998647605158,0.043945088418438916,0.00033405544846682513
control_zero,3,331,0.031179619379166523,0.026831961322001937,0.04347658569270419,0.0003315741645831784
control_zero,3,332,0.03115655003266297,0.026787350883138397,0.04369199692269218,0.0003291015383734601
control_zero,3,333,0.03115763477300228,0.026814578232348122,0.04343056403509008,0.00032663766784435264
control_zero,3,334,0.031176376864119545,0.026806981232279897,0.0436939551220239,0.00032418265065549255
control_zero,3,335,0.031199957766903288,0.026852308614446974,0.04347649166559893,0.00032173658411559876
control_zero,3,336,0.031313481572869555,0.02688748970647238,0.044259915882162264,0.00031929956517861695
control_zero,3,337,0.03129805757253195,0.02684944725592983,0.04448610581165817,0.0003168716904398753
control_zero,3,338,0.03131978262420111,0.026818831200777084,0.04500951405916139,0.0003144530561322569
control_zero,3,339,0.031131592922048843,0.026788497513875013,0.0434309579918341,0.00031204375812238417
control_zero,3,340,0.031212138999302145,0.026832743034778315,0.04379395856072168,0.0003096438919068208
control_zero,3,341,0.03124937190438375,0.026822938746711916,0.04426432630003432,0.00030725355260828444
control_zero,3,342,0.031097890726502198,0.026751050973607728,0.04346839750462817,0.00030487283497187813
control_zero,3,343,0.031173697621719645,0.026805431939486424,0.04368265853907825,0.00030250183336133366
control_zero,3,344,0.031108185254990588,0.02676379585312801,0.04344389216084393,0.0003001406417552723
control_zero,3,345,0.031091927344042702,0.0267737733866465,0.04318153800797836,0.00029778935374347935
control_zero,3,346,0.031159517591133442,0.02683227939176186,0.04327237921190635,0.00029544806252319405
control_zero,3,347,0.03112772135817818,0.026755302162067698,0.043724190424300986,0.00029311686089541686
control_zero,3,348,0.03109631561929501,0.026750082976863217,0.04346232830641631,0.00029079584126122946
control_zero,3,349,0.03126593797854282,0.02689713988618502,0.04368798307802129,0.0002884850956181338
control_zero,3,350,0.031278231144729544,0.026900670143432778,0.0437756118707495,0.00028618471555640475
control_zero,3,351,0.03150027878485211,0.026953548509092616,0.04546730180438754,0.0002838947922554602
control_zero,3,352,0.03142823016285585,0.02699984450564372,0.04428385482133213,0.0002816154164802463
control_zero,3,353,0.03131021043728288,0.026942434212479827,0.04367776081821937,0.00027934667857764105
control_zero,3,354,0.03124979465188308,0.026780799663487054,0.04468995117759891,0.00027708866847287177
control_zero,3,355,0.031086954421925484,0.026744472504868208,0.04342481777966801,0.00027484147566595216
control_zero,3,356,0.031093257661743513,0.026702142220875615,0.04391115226882556,0.00027260518922813407
control_zero,3,357,0.03118266993963376,0.026813451390392474,0.04369218468510451,0.00027037989779837683
control_zero,3,358,0.031204753431343223,0.026855571934705304,0.04349181374082677,0.0002681656895798346
control_zero,3,359,0.03112281122616937,0.02675379663900358,0.04369014900362523,0.00026596265233635937
control_zero,3,360,0.031048553973903232,0.02670561280539235,0.04342940951607557,0.0002637708733890237
control_zero,3,361,0.030995177022393006,0.026687462913849956,0.04307713861487242,0.00026159043961265777
control_zero,3,362,0.031019699183479923,0.026691484782971227,0.04328214244882992,0.00025942143743240765
control_zero,3,363,0.03107305415285941,0.026725436694550454,0.043476173177594925,0.00025726395282030826
control_zero,3,364,0.031236936496303224,0.026857225569670257,0.04379711144508954,0.0002551180712918769
control_zero,3,365,0.031032945007552677,0.026690617086993187,0.04342327951684633,0.00025298387790272326
control_zero,3,366,0.031087185701175395,0.02673752007242438,0.04349665832037092,0.00025086145724517755
control_zero,3,367,0.03109185389843684,0.02668717307556547,0.04404680693507506,0.0002487508934449386
control_zero,3,368,0.031394826311511095,0.027028089997117886,0.04366736422358543,0.0002466522701577384
control_zero,3,369,0.03118409326314615,0.026712847319151963,0.044712463311131254,0.0002445656705660271
control_zero,3,370,0.031201023195065344,0.026831697161958674,0.04369325739363155,0.00024249117737567486
control_zero,3,371,0.031156218919523703,0.02672759751368596,0.04428620796952173,0.0002404288728126955
control_zero,3,372,0.031037840019551642,0.02671910809260591,0.043187318355156296,0.0002383788386199849
control_zero,3,373,0.031255754425771554,0.02682434763107692,0.04431406703264533,0.00023634115605408317
control_zero,3,374,0.031142426358034967,0.02682124553904832,0.04321180213991718,0.00023431590588195243
control_zero,3,375,0.03109698021400224,0.026773721101273133,0.0432325859819162,0.0002323031683777763
control_zero,3,376,0.03106975854999403,0.02670614706843547,0.043636115146290226,0.00023030302331977814
control_zero,3,377,0.03104902133734668,0.026720343454310538,0.04328677961821656,0.00022831554998705783
control_zero,3,378,0.031005953144350187,0.026653183947558036,0.043527688996443235,0.00022634082715645103
control_zero,3,379,0.03100277643952295,0.02669126181996989,0.043115142655045804,0.0002243789330994051
control_zero,3,380,0.031121440343656055,0.026690185429922283,0.044312548184130274,0.00022242994557887817
control_zero,3,381,0.03126866325210809,0.02685524238268638,0.04413420793554179,0.0002204939418462558
control_zero,3,382,0.031131200161677426,0.026764068110571207,0.04367131878945286,0.0002185709986382895
control_zero,3,383,0.031170931190018864,0.0267722601357935,0.04398670637926607,0.00021666119217405476
control_zero,3,384,0.03144784798412815,0.027063818614414405,0.04384029400352554,0.00021476459815193065
control_zero,3,385,0.031123023864377885,0.02672125702582825,0.044017668560575256,0.00021288129174659845
control_zero,3,386,0.031013801985714518,0.02668899450908286,0.04324807512620099,0.00021101134760606282
control_zero,3,387,0.03100730785151686,0.026713677728183897,0.04293630140840852,0.00020915483984869278
control_zero,3,388,0.03105206029883564,0.02662188465908831,0.04430175623212097,0.00020731184206028338
control_zero,3,389,0.03114580850338189,0.0267510121644477,0.043947961823358236,0.00020548242729113986
control_zero,3,390,0.030925379623476582,0.026630015075984885,0.042953649492005454,0.0002036666680531812
control_zero,3,391,0.03097735816617703,0.026661824556578232,0.04315533284730139,0.00020186463631706724
control_zero,3,392,0.030939552086762908,0.026645597089908764,0.04293954878189545,0.00020007640350934463
control_zero,3,393,0.03097278516807693,0.026673893738469942,0.042988913070517484,0.00019830204050961682
control_zero,3,394,0.030984029134944586,0.02663631401177953,0.04347715385783434,0.0001965416176477338
control_zero,3,395,0.03093550661603091,0.026629573804163434,0.043059326552691096,0.00019479520470100522
control_zero,3,396,0.030945434699481834,0.026647202213423683,0.04298232237057026,0.00019306287089143387
control_zero,3,397,0.030912115737095514,0.02661150273704031,0.04300612503998273,0.0001913446848829728
control_zero,3,398,0.03088706376288796,0.026588123004795988,0.04298940585931038,0.00018964071477880297
control_zero,3,399,0.03093425228258026,0.02664114821303451,0.042931041342276814,0.0001879510281186341
control_zero,3,400,0.03098383333349197,0.02663572756062911,0.04348106007760405,0.00018627569187602803
control_zero,3,401,0.03090942543068069,0.02661377919093747,0.042956461774929386,0.0001846147724557432
control_zero,3,402,0.030910388141014558,0.026629185877915462,0.04281202171668994,0.00018296833569110386
control_zero,3,403,0.030954495189084084,0.026620669305013302,0.04333825933676476,0.00018133644684138923
control_zero,3,404,0.03095346622110658,0.026667864229675996,0.04285602068270778,0.0001797191705892481
control_zero,3,405,0.030945626965312983,0.026627266366161192,0.04318360333615433,0.000178116571038134
control_zero,3,406,0.030902114105909363,0.02659983393145292,0.04302280045092573,0.00017652871170976533
control_zero,3,407,0.030868445131587298,0.026584468582552655,0.04283976254318464,0.0001749556555416066
control_zero,3,408,0.03087179923026431,0.026574538344658387,0.04297260687183151,0.00017339746488437453
control_zero,3,409,0.03093312361688589,0.026613095303506203,0.04320028669373485,0.00017185420149956645
control_zero,3,410,0.03089053288841372,0.026604456676282084,0.042860761654439236,0.00017032592655701195
control_zero,3,411,0.030906877974072572,0.026576745549980404,0.04330132483424468,0.00016881270063244893
control_zero,3,412,0.030882441334173512,0.026611203648753017,0.04271238025851723,0.00016731458370512203
control_zero,3,413,0.030859924755581986,0.026572605230244892,0.042873195905053584,0.0001658316351554057
control_zero,3,414,0.030859768040497684,0.026567033917567748,0.042927339206165184,0.00016436391376244995
control_zero,3,415,0.03091416754528841,0.02662156202754993,0.04292605161744683,0.0001629114777018514
control_zero,3,416,0.03087128214440831,0.02657038899863202,0.04300893175928773,0.00016147438454334643
control_zero,3,417,0.030934121304096816,0.026631335949150764,0.04302785232390809,0.0001600526912485301
control_zero,3,418,0.030864143612801872,0.026561541555755755,0.04302602256441552,0.00015864645416859815
control_zero,3,419,0.03083856811858811,0.026560530081080082,0.04278037569658252,0.00015725572904211292
control_zero,3,420,0.03085321062013468,0.026566522876797706,0.04286687695676602,0.00015588057099279502
control_zero,3,421,0.03085479043015612,0.026569948913456567,0.04284841156815113,0.00015452103452733736
control_zero,3,422,0.030902346216784133,0.02660052421412798,0.04301821848975772,0.00015317717353324577
control_zero,3,423,0.03085207021928954,0.02656496025368999,0.042871098226184325,0.00015184904127670202
control_zero,3,424,0.030921998334071034,0.0266127994736321,0.043091987524736024,0.0001505366904004532
control_zero,3,425,0.030963795254731613,0.026668695261210747,0.04295100022700686,0.00014924017292172498
control_zero,3,426,0.030829926471252666,0.02653891168651475,0.042910147847379156,0.00014795954023015976
control_zero,3,427,0.03084331949292524,0.02655485759224188,0.04288462029074564,0.00014669484308577974
control_zero,3,428,0.030906672971250184,0.026610767113788944,0.042959055471824915,0.00014544613161697508
control_zero,3,429,0.030859566514937126,0.026556032872698015,0.043035331909245675,0.00014421345531851696
control_zero,3,430,0.03101863077897627,0.026690610866828314,0.04328019463751397,0.0001429968630495956
control_zero,3,431,0.0311742650427644,0.02675122915531263,0.04423035636018991,0.0001417964030318838
control_zero,3,432,0.031076318436051784,0.02673841273660137,0.043379055282621405,0.00014061212284762544
control_zero,3,433,0.03094758185759848,0.02659512891412248,0.04352452866635808,0.00013944406943775003
control_zero,3,434,0.030844202756337025,0.026563426951437645,0.04280776083080327,0.00013829228910001106
control_zero,3,435,0.03081801266217356,0.02653438939807776,0.04283623231998,0.00013715682748715205
control_zero,3,436,0.030909499138904926,0.02662155376479769,0.04287945001578206,0.00013603772960509627
control_zero,3,437,0.030901806852135894,0.02660103917472045,0.043007679089086794,0.00013493503981116322
control_zero,3,438,0.03079894504098917,0.026518376568434445,0.04280568008595596,0.00013384880181231017
control_zero,3,439,0.03080105580700751,0.026525030787985567,0.04276024985951481,0.00013277905866340012
control_zero,3,440,0.030824009202634697,0.026543030972463653,0.04280978185914982,0.00013172585276549498
control_zero,3,441,0.030809408155885128,0.026526781552843264,0.04282626661401505,0.000130689225864175
control_zero,3,442,0.030857507012998466,0.026584482102535723,0.04273024781098876,0.00012966921904788411
control_zero,3,443,0.03083431646811433,0.026546979736410296,0.04287337073107923,0.00012866587274630136
control_zero,3,444,0.030857325631240017,0.02657649890755549,0.04280826818032613,0.00012767922672873855
control_zero,3,445,0.03080158873264223,0.026525989058123558,0.042755995033304,0.00012670932010256327
control_zero,3,446,0.03083977553088889,0.026571621943274927,0.04268153525363683,0.0001257561913116499
control_zero,3,447,0.030801978147061003,0.026516683175965325,0.042852951218580765,0.00012481987813485463
control_zero,3,448,0.030791420100485377,0.026519014745678353,0.042724049637974396,0.00012390041768451903
control_zero,3,449,0.030831210699428468,0.026548956046683357,0.04282254558883355,0.00012299784640499843
control_zero,3,450,0.030842827278002125,0.026548920272224566,0.042939073063297,0.00012211220007121764
control_zero,3,451,0.03090984839216536,0.026583289158562146,0.043265594689870936,0.00012124351378725287
control_zero,3,452,0.03080494476205064,0.02652690325700739,0.04278042032225325,0.00012039182198494037
control_zero,3,453,0.030801817278715712,0.026534252141069806,0.04267565011200021,0.00011955715842251154
control_zero,3,454,0.030852775437168915,0.026538301492717808,0.04314473758672921,0.00011873955618325512
control_zero,3,455,0.030856494157144667,0.026590748352069146,0.042657459587559066,0.0001179390476742057
control_zero,3,456,0.03080843398760878,0.026497707539298827,0.043107262275159826,0.00011715566462485903
control_zero,3,457,0.030829609627045167,0.02656212352780387,0.042674858191150286,0.00011638943808591481
control_zero,3,458,0.030805440896796186,0.026511932934777854,0.04293508362754518,0.0001156403984280455
control_zero,3,459,0.030774446744131358,0.026513085279895803,0.04261361171464696,0.00011490857534069303
control_zero,3,460,0.03082076149844314,0.026537729558527626,0.042830318475127534,0.00011419399783089137
control_zero,3,461,0.030789091618969918,0.026520928708403602,0.042681627870384146,0.00011349669422211739
control_zero,3,462,0.03076695488381635,0.026493064976508874,0.04273889689431489,0.00011281669215316785
control_zero,3,463,0.03078772912565473,0.026509654438293322,0.04278074200058419,0.00011215401857706393
control_zero,3,464,0.030783340067410594,0.026505755168183976,0.04277584776185044,0.00011150869975998316
control_zero,3,465,0.030801578899043038,0.02653062314903923,0.04270955499057359,0.00011088076128021786
control_zero,3,466,0.030769269174212886,0.026509789740253368,0.0425947910617288,0.00011027022802716184
control_zero,3,467,0.03084612611010087,0.026529269117871714,0.04316856899826396,0.00010967712420032333
control_zero,3,468,0.030849307415612995,0.026574402750900148,0.042749044925519133,0.00010910147330836623
control_zero,3,469,0.030779110496333622,0.02651786136467681,0.042612491778581944,0.00010854329816817797
control_zero,3,470,0.030790682843164115,0.026498691813519357,0.04291991263083316,0.00010800262090396556
control_zero,3,471,0.030857260618602014,0.02655746600062978,0.042997945742025076,0.00010747946294637797
control_zero,3,472,0.03080670458724231,0.02652855224265442,0.04278151974976841,0.00010697384503165752
control_zero,3,473,0.03076144700806695,0.026480976472713306,0.04280470302887747,0.00010648578720081721
control_zero,3,474,0.03074394224829213,0.026485527556768907,0.04258414596202479,0.00010601530879884693
control_zero,3,475,0.030773700509152277,0.026508309618222186,0.04265390644846946,0.00010556242847394639
control_zero,3,476,0.030837350488487174,0.026496245075921788,0.04341105578890357,0.00010512716417678588
control_zero,3,477,0.030797686884982155,0.026535292571853098,0.04262394514469814,0.00010470953315979514
control_zero,3,478,0.030853560174919917,0.026551775775324582,0.043017842274344,0.00010430955197647918
control_zero,3,479,0.030818320830248044,0.026564295970234172,0.04254025169319957,0.00010392723648076232
control_zero,3,480,0.030801382893331678,0.026515738620342535,0.04285644150433902,0.00010356260182635971
control_zero,3,481,0.03082573718291661,0.026555138803026384,0.0427059839788445,0.00010321566246617685
control_zero,3,482,0.030740616030932717,0.026472714090082727,0.04267901959330544,0.00010288643215173648
control_zero,3,483,0.03073932972126312,0.02647624815529694,0.04263081348090197,0.00010257492393263363
control_zero,3,484,0.03076401531365615,0.026494015825246083,0.042699996119379684,0.00010228115015601852
control_zero,3,485,0.03079806371803539,0.026531877224734806,0.04266186183021834,0.00010200512246610701
control_zero,3,486,0.030747408061908368,0.026470346848040276,0.04277061199278184,0.00010174685180371902
control_zero,3,487,0.030820951818952984,0.02655176399154078,0.0426918805890544,0.00010150634840584485
control_zero,3,488,0.030751450993996066,0.026462247765406614,0.04289203008281811,0.00010128362180523972
control_zero,3,489,0.030741649225120755,0.026465423828277823,0.042762254274817425,0.00010107868083004547
control_zero,3,490,0.030800846962175544,0.026543741880407843,0.042571049417045655,0.00010089153360344113
control_zero,3,491,0.030789438781009953,0.026527926894804515,0.04261512581657803,0.00010072218754332046
control_zero,3,492,0.03076002987067631,0.026474568725371486,0.04285461126824272,0.00010057064936199837
control_zero,3,493,0.030715612111024696,0.026462840767426526,0.04252771653876915,0.00010043692506594446
control_zero,3,494,0.030744857196124666,0.026483770129185742,0.04261087253689766,0.00010032101995554533
control_zero,3,495,0.030738379567978275,0.02647639627692438,0.04261983323151698,0.00010022293862489412
control_zero,3,496,0.030778271780779718,0.026495811629155284,0.042824601817769106,0.00010014268496160877
control_zero,3,497,0.030807304456246427,0.026561381018115084,0.042459235636045665,0.00010008026214667765
control_zero,3,498,0.03090362565460622,0.026525712185405566,0.04377913203664299,0.00010003567265433361
control_zero,3,499,0.03095912677539858,0.026654618930839993,0.043045077220033416,0.00010000891825195589
control_zero,3,500,0.030997135299537574,0.02663843773363776,0.04358697412219433,0.0001
structure,0,1,0.14539232780043201,0.09007746819649913,0.5531486047154618,0.001
structure,0,2,0.1252572338434797,0.09454202402976412,0.3071520756492416,0.000999991081748044
structure,0,3,0.11787646650956754,0.09306587572586443,0.2481058941030627,0.0009999643273456663
structure,0,4,0.10673485472603815,0.08233843901372143,0.24396416525461032,0.0009999197378533222
structure,0,5,0.09781523029424503,0.07532145106294448,0.22493778787767296,0.0009998573150383913
structure,0,6,0.08829699122096478,0.06698509821225707,0.2131189214498505,0.0009997770613751058
structure,0,7,0.07877034423556714,0.05857328477245087,0.20197059035145581,0.0009996789800444546
structure,0,8,0.06612148100884714,0.04909516340875439,0.1702631790939884,0.0009995630749340555
structure,0,9,0.05476442244944622,0.040916278048882905,0.1384814396189336,0.0009994293506380017
structure,0,10,0.044092667466588804,0.03271852445596581,0.11374143431298726,0.0009992778124566796
structure,0,11,0.03929379987031922,0.030398085582077346,0.08895714225991588,0.0009991084663965588
structure,0,12,0.03560374165561741,0.028815561608841776,0.06788180293831439,0.0009989213191699546
structure,0,13,0.03469412872086306,0.02828075098695705,0.06413377267028893,0.0009987163781947602
structure,0,14,0.033658894182574346,0.02760173864273583,0.06057155107977185,0.0009984936515941552
structure,0,15,0.03277089227934419,0.026915967751381914,0.058549242186561885,0.000998253148196281
structure,0,16,0.03208028975942272,0.026513198497595737,0.05567090734644907,0.0009979948775338929
structure,0,17,0.0317484741014071,0.026293906716352653,0.05454567803298525,0.0009977188498439813
structure,0,18,0.031655521649993745,0.026298685509993574,0.05356836139027506,0.0009974250760673663
structure,0,19,0.031127176896788122,0.02604275083475729,0.05084426232246444,0.0009971135678482636
structure,0,20,0.031131366778447172,0.026090823395989893,0.05040543458324811,0.000996784337533823
structure,0,21,0.031530504846853005,0.0260340840635972,0.054964203669570444,0.0009964373981736403
structure,0,22,0.03184179824536214,0.02619891754271312,0.056428803573544906,0.0009960727635192376
structure,0,23,0.03263558162857751,0.026222031271722235,0.06413550138006634,0.0009956904480235209
structure,0,24,0.031599435206337324,0.02580652597990111,0.05792908917130129,0.0009952904668402048
structure,0,25,0.030825335683189237,0.025873938740739313,0.04951396442502348,0.0009948728358232142
structure,0,26,0.030382275892611273,0.02562411332760716,0.04758162181775813,0.0009944375715260536
structure,0,27,0.030488447950029498,0.025681776546583785,0.04806671276999827,0.000993984691201153
structure,0,28,0.03023109798059451,0.02549505706964056,0.04736040755328248,0.0009935142127991828
structure,0,29,0.031117939898457292,0.026082113584595935,0.05035826032762428,0.0009930261549683426
structure,0,30,0.03218609592622005,0.026550975270744404,0.056351207177259284,0.000992520537053622
structure,0,31,0.03122554876532785,0.025843209876404108,0.053823389181035616,0.0009919973790960344
structure,0,32,0.031095523961063465,0.02591542204642576,0.05180101714269611,0.000991456701831822
structure,0,33,0.03092176188026645,0.02584321666557546,0.05078545151468045,0.0009908985266916337
structure,0,34,0.03032025317454774,0.02549894586905798,0.04821307122629554,0.0009903228757996768
structure,0,35,0.030112351259270163,0.025465138883915956,0.04647212483319539,0.000989729771972838
structure,0,36,0.031132852488413805,0.025785044224704214,0.05347807889235238,0.0009891192387197821
structure,0,37,0.029779675472576376,0.02505928086355212,0.04720394468474793,0.0009884913002400169
structure,0,38,0.0298751793296001,0.025227326948399954,0.04647852336457753,0.000987845981422936
structure,0,39,0.030364103333212378,0.02538258017237753,0.04981522930314273,0.0009871833078468322
structure,0,40,0.029891347318070676,0.0252501170148504,0.04641230472463229,0.0009865033057778825
structure,0,41,0.029821591583073296,0.025191418330523116,0.04630173034674194,0.0009858060021691085
structure,0,42,0.02981120190405659,0.02535682934149127,0.044543724828071445,0.0009850914246593069
structure,0,43,0.029593080622642532,0.025029526853219027,0.04563553165401242,0.0009843596015719545
structure,0,44,0.030035745469225914,0.025218061519198257,0.04817684008387299,0.0009836105619140851
structure,0,45,0.03089452603972923,0.025699239871014815,0.051952863078048896,0.000982844335375141
structure,0,46,0.03413370271108792,0.026785245500796768,0.07348457472909524,0.0009820609523257943
structure,0,47,0.0315313205784357,0.026089853984024133,0.05441466550641832,0.000981260443816745
structure,0,48,0.032113367331751644,0.02619677542297865,0.059165918484680335,0.0009804428415774885
structure,0,49,0.029936283145965546,0.025269809964431483,0.04666473210713882,0.0009796081780150596
structure,0,50,0.029901271564375328,0.025004165660463488,0.04897106110115898,0.000978756486212747
structure,0,51,0.029608289509350263,0.02499992764182875,0.04608361431769541,0.0009778877999287825
structure,0,52,0.029300287667438193,0.02483781992260843,0.04462467990912906,0.0009770021535950016
structure,0,53,0.029140781309679346,0.02475015857006489,0.04390622674446193,0.000976099582315481
structure,0,54,0.029184933270354495,0.024727180609892926,0.044577526604615676,0.0009751801218651454
structure,0,55,0.0292072977394099,0.02474694941727829,0.04460348196658391,0.0009742438086883502
structure,0,56,0.029213769998469488,0.02480304228049501,0.04410728001018728,0.0009732906798974367
structure,0,57,0.029267514168282403,0.024774445308367515,0.04493069135177851,0.0009723207732712615
structure,0,58,0.02905422206919436,0.024659848798737515,0.0439437333465245,0.0009713341272536987
structure,0,59,0.028974227743422704,0.024652849984970478,0.04321377959792981,0.0009703307809521158
structure,0,60,0.028956443654961746,0.024608400589531145,0.04348043019715551,0.000969310774135825
structure,0,61,0.028943252421468106,0.024556560213276363,0.04386691821072805,0.0009682741472345051
structure,0,62,0.029070992937053775,0.024562442286168627,0.04508550374649523,0.0009672209413366
structure,0,63,0.029041361316610566,0.024781117055263594,0.042602437516727897,0.00096615119818769
structure,0,64,0.02993978466595433,0.025113356584201593,0.048264279241817115,0.0009650649601888368
structure,0,65,0.0297838283396343,0.025126734194066132,0.046570934000237804,0.0009639622703949038
structure,0,66,0.029474826583118414,0.024602177355915075,0.04872649412008863,0.000962843172512848
structure,0,67,0.02901514294720194,0.024534493295704417,0.04480649776484418,0.0009617077108999891
structure,0,68,0.029393107827276225,0.02498409186560398,0.0440901617760291,0.0009605559305622501
structure,0,69,0.029089638729903156,0.02454507276513091,0.04544565918084535,0.0009593878771523745
structure,0,70,0.028918906842059316,0.024430250418287343,0.044886567189744805,0.0009582035969681164
structure,0,71,0.029243312401614364,0.024605778413131715,0.04637534066295499,0.0009570031369504046
structure,0,72,0.02867679954469982,0.02438330884740807,0.042934906856198225,0.0009557865446814831
structure,0,73,0.02869651734089727,0.02440813252843391,0.04288384811490696,0.0009545538683830249
structure,0,74,0.028771153532026954,0.024459344969561456,0.04311808193827111,0.0009533051569142203
structure,0,75,0.028717281914488767,0.02439176027636304,0.04325521573930123,0.0009520404597698404
structure,0,76,0.02872646947734194,0.02438500437486732,0.043414648554188154,0.000950759827078275
structure,0,77,0.02865440519064587,0.02427215999425158,0.043822450383369356,0.0009494633095995468
structure,0,78,0.028893820197362814,0.02442672802500096,0.04467092218076903,0.000948150958723298
structure,0,79,0.028822262268075743,0.024336689922657088,0.04485572187847631,0.0009468228264667542
structure,0,80,0.02845687871463305,0.024222927790514482,0.04233950796700022,0.0009454789654726626
structure,0,81,0.02865782550319679,0.024377829324716688,0.04279996364258288,0.000944119429007205
structure,0,82,0.028986578515436567,0.024417313822489184,0.04569264597626641,0.0009427442709578871
structure,0,83,0.02930633812247929,0.024356278447390536,0.049500599211718954,0.000941353545831402
structure,0,84,0.029591776508419695,0.024976352234577698,0.04615424271896676,0.0009399473087514699
structure,0,85,0.028453099782099613,0.024198887881873948,0.04254211978524845,0.0009385256154566536
structure,0,86,0.028941962882565144,0.02433021007684441,0.046117526977554,0.0009370885222981487
structure,0,87,0.029908313617771663,0.02512936158878996,0.04778952295490718,0.0009356360862375501
structure,0,88,0.029012122422495647,0.02415436820440753,0.048577543270261106,0.0009341683648445943
structure,0,89,0.029291311113586935,0.02451018398194805,0.04781126931270793,0.0009326854162948781
structure,0,90,0.028980902160272274,0.024510479481117533,0.044704226295490486,0.0009311872993675511
structure,0,91,0.029479605478888702,0.024917193540121493,0.045624120292246495,0.000929674073442988
structure,0,92,0.030579745205357552,0.025187395868078846,0.05392349397583668,0.0009281457985004336
structure,0,93,0.02988233351617974,0.02505247422321347,0.04829858749248963,0.0009266025351156256
structure,0,94,0.02868186161602913,0.024079606666499578,0.046022546985831025,0.0009250443444583935
structure,0,95,0.028728598665553037,0.024288094463921092,0.04440504012935778,0.0009234712882902347
structure,0,96,0.028345537753702767,0.024001961007383568,0.043435764360404513,0.0009218834289618661
structure,0,97,0.028370607736722297,0.024086671003551458,0.042839366106155956,0.000920280829410752
structure,0,98,0.02822503720363967,0.02399942252600162,0.0422561467958337,0.0009186635531586108
structure,0,99,0.02813150512429037,0.02393274211054838,0.04198763061402361,0.0009170316643088962
structure,0,100,0.02825294057145598,0.02390931766023057,0.04343622973475693,0.0009153852275442568
structure,0,101,0.029069017881512952,0.02451394372875012,0.04555074045770162,0.0009137243081239721
structure,0,102,0.029427266288208277,0.024851041721963073,0.045762243152987554,0.0009120489718813659
structure,0,103,0.03029145632551949,0.025211515007224468,0.05079941225892259,0.0009103592852211972
structure,0,104,0.0285866616230565,0.02425668742653595,0.04329974244180921,0.0009086553151170272
structure,0,105,0.028187361781730976,0.023998960721313797,0.04188401216042882,0.0009069371291085661
structure,0,106,0.028157716767750585,0.024031787877294476,0.0412592855099754,0.0009052047952989949
structure,0,107,0.028505326221957217,0.024050345021852004,0.04454980794019394,0.0009034583823522663
structure,0,108,0.028486624136372582,0.024192196436168007,0.042944278558302795,0.0009016979594903832
structure,0,109,0.028771609758505932,0.024221140657874996,0.04550468808832741,0.0008999235964906553
structure,0,110,0.02916958223901903,0.024556153718936536,0.04613428491875335,0.0008981353636829328
structure,0,111,0.02993648211342859,0.024872419679678452,0.05064062310708565,0.0008963333319468188
structure,0,112,0.028708856654968647,0.024331466452882432,0.04377390171447404,0.0008945175727088603
structure,0,113,0.02812204830465211,0.023941801680986315,0.04180246762756268,0.0008926881579397167
structure,0,114,0.027889700047185464,0.02375750758201273,0.04132192654841563,0.0008908451601513074
structure,0,115,0.028671420770198807,0.0240858590507554,0.04585561505458063,0.0008889886523939372
structure,0,116,0.02832685627393405,0.02403000749978322,0.042968485888589765,0.0008871187082534017
structure,0,117,0.028292253448119673,0.023977487005157196,0.04314766442962477,0.0008852354018480694
structure,0,118,0.027990314020111418,0.02382210696568377,0.04168207414312089,0.0008833388078259452
structure,0,119,0.027859257767584866,0.023735340665199115,0.04123916884509764,0.0008814290013617105
structure,0,120,0.027802728077605872,0.023716730048622226,0.040859978291018825,0.0008795060581537442
structure,0,121,0.027957300079242367,0.02374084279252406,0.042164571748623335,0.000877570054421122
structure,0,122,0.027784867922218598,0.02365183003499676,0.04133038013667724,0.0008756210669005949
structure,0,123,0.02792841147427148,0.0236877006315687,0.04240710965258023,0.0008736591728435492
structure,0,124,0.02842209930227724,0.024147350078463244,0.04274749334697313,0.0008716844500129422
structure,0,125,0.027851647276713392,0.023722887389342404,0.04128760137344776,0.000869696976680222
structure,0,126,0.02781760605056977,0.023635540245095992,0.04182065726688263,0.0008676968316222237
structure,0,127,0.02820350118370498,0.023607826779545444,0.04595674312729437,0.0008656840941180476
structure,0,128,0.02845134252473206,0.024188424083683883,0.042629187367370175,0.0008636588439459168
structure,0,129,0.02951688797507367,0.024521182031022975,0.04995705510244046,0.0008616211613800151
structure,0,130,0.028316478208485533,0.024057668709140223,0.042588096860961565,0.0008595711271873046
structure,0,131,0.027667540731030095,0.02366244857620166,0.04005092108627056,0.0008575088226243251
structure,0,132,0.027966968365033054,0.0237586486248139,0.04208319535960416,0.0008554343294339731
structure,0,133,0.029011610409064952,0.02440351220066647,0.04608097945780107,0.0008533477298422618
structure,0,134,0.029187934619056027,0.02453798972867799,0.04649944782899036,0.0008512491065550615
structure,0,135,0.028621900739153123,0.023734682431692553,0.04887218260772857,0.0008491385427548225
structure,0,136,0.029471970321343088,0.024498034346430483,0.04973936020627657,0.0008470161220972769
structure,0,137,0.03027340166718157,0.024933452078435503,0.05339949214758045,0.0008448819287081231
structure,0,138,0.030234226319870813,0.024777610253727468,0.054566157840717555,0.0008427360471796918
structure,0,139,0.02827675216502994,0.023835204974517188,0.044415469901446576,0.0008405785625675925
structure,0,140,0.027771396722946092,0.023561567170229343,0.0420982995734358,0.0008384095603873422
structure,0,141,0.02843062972586709,0.02384905541417804,0.045815746404483486,0.0008362291266109763
structure,0,142,0.02893090833649623,0.02441706183529398,0.04513846022653206,0.0008340373476636405
structure,0,143,0.030420190258335818,0.025103260050515594,0.05316930331348128,0.0008318343104201655
structure,0,144,0.028723452123509376,0.023818869771090562,0.04904582132597505,0.0008296201022016233
structure,0,145,0.028199754237117094,0.023923597816504324,0.04276156499884614,0.0008273948107718659
structure,0,146,0.028958807828259842,0.024320112186296802,0.04638695766463603,0.0008251585243340478
structure,0,147,0.028273749756128296,0.023955527493637784,0.043182223850457536,0.0008229113315271283
structure,0,148,0.027627073515294115,0.023350861045111252,0.042762125324331435,0.0008206533214223591
structure,0,149,0.027380094583834433,0.023288027497674717,0.0409206680797877,0.0008183845835197537
structure,0,150,0.027378484480296974,0.02335989590024201,0.040185883466164064,0.0008161052077445399
structure,0,151,0.027476424297838236,0.023455482199982627,0.04020942360473986,0.0008138152844435952
structure,0,152,0.027249174304403774,0.023268039895138915,0.03981134503612942,0.0008115149043818662
structure,0,153,0.027314746426540006,0.02333077735342961,0.039839690400399363,0.0008092041587387706
structure,0,154,0.027397835972492752,0.02330917175907846,0.04088664290254483,0.0008068831391045833
structure,0,155,0.02724566760013371,0.02331746676961062,0.039282008178785015,0.000804551937476806
structure,0,156,0.027316277968276573,0.02331497983194829,0.040012979067803676,0.0008022106462565208
structure,0,157,0.027474169125756148,0.023333579540135967,0.04140589663433033,0.0007998593582447277
structure,0,158,0.027564788499832463,0.023434962984903985,0.041298251278095395,0.0007974981666386664
structure,0,159,0.027277369878933262,0.02316504408539742,0.0411232542003415,0.000795127165028122
structure,0,160,0.027404537662747013,0.02328381976769269,0.04120717755963846,0.0007927464473917156
structure,0,161,0.027144156065684384,0.02315659691669611,0.03987559042481934,0.0007903561080931794
structure,0,162,0.027835910697285252,0.023536999945774403,0.04298910735948279,0.0007879562418776158
structure,0,163,0.0275374898205538,0.023519984628839842,0.040175048687906244,0.0007855469438677433
structure,0,164,0.02722612150772122,0.023176423884325177,0.040496979327021315,0.0007831283095601248
structure,0,165,0.02737213274848212,0.023282695277144175,0.04089437379907846,0.0007807004348213832
structure,0,166,0.02768386094575607,0.02345709017825656,0.04226770798624651,0.0007782634158844013
structure,0,167,0.027563145530091565,0.023321231511025144,0.042419140973656046,0.0007758173493445075
structure,0,168,0.027262332919722437,0.023222932939760525,0.04039399639044356,0.0007733623321556474
structure,0,169,0.027524441402823743,0.02340569093278743,0.04118750874663146,0.00077089846162654
structure,0,170,0.02705750725774323,0.023130002798750878,0.03927504242089025,0.0007684258354168216
structure,0,171,0.027111666743928085,0.02315458551282671,0.03957081076448331,0.0007659445515331749
structure,0,172,0.027214596908802152,0.023124543692206588,0.04090053139755371,0.0007634547083254433
structure,0,173,0.026866777904584575,0.02289797376364703,0.03968803905553668,0.000760956404482734
structure,0,174,0.027029092931833032,0.023023294698320543,0.040057982665829495,0.0007584497390295051
structure,0,175,0.02777140047741621,0.023538099091217974,0.04233301478601,0.0007559348113216416
structure,0,176,0.029584095076543544,0.024337353714919276,0.05246741303264628,0.0007534117210425165
structure,0,177,0.028822389171111056,0.023959469828297515,0.048629194099271265,0.0007508805681990402
structure,0,178,0.027416249173000336,0.023163898758026078,0.04252350258375895,0.0007483414531176961
structure,0,179,0.026929412727723232,0.02300786866998548,0.03921544337864022,0.0007457944764405646
structure,0,180,0.026900183881192856,0.022921969063638397,0.039782145393735126,0.0007432397391213332
structure,0,181,0.027404142422090935,0.023336270999153662,0.0406787098913062,0.0007406773424212957
structure,0,182,0.027533898042519784,0.02341960874865167,0.04114289199520029,0.0007381073879053382
structure,0,183,0.027264835312962532,0.023287215895036493,0.03977619681517076,0.0007355299774379137
structure,0,184,0.0269302642045849,0.02294923006690669,0.03981034228135649,0.0007329452131790039
structure,0,185,0.027083034143240894,0.023135902544887198,0.03947131833737575,0.0007303531975800709
structure,0,186,0.026980146259925383,0.02310144439261825,0.03878701679583629,0.0007277540333799953
structure,0,187,0.02680733086974129,0.022900508823695133,0.039068220601497367,0.0007251478236010049
structure,0,188,0.026840183874178806,0.022924222611377196,0.03915961169426186,0.0007225346715445904
structure,0,189,0.026912985748900758,0.022970904554811843,0.039420812115968054,0.0007199146807874117
structure,0,190,0.027054104876191434,0.022956136001308032,0.04097968655548426,0.0007172879551771918
structure,0,191,0.026977598039778655,0.022967661222729918,0.040099368472012155,0.0007146545988286011
structure,0,192,0.02687955870932605,0.02291179003860247,0.03967768655161011,0.0007120147161191302
structure,0,193,0.026638551320948736,0.022794943091316106,0.03843608291882915,0.000709368411684953
structure,0,194,0.026961197050448808,0.022977973623857798,0.039832234888412935,0.0007067157904167792
structure,0,195,0.02663272817183879,0.022709122306956635,0.039236058478605965,0.0007040569574556971
structure,0,196,0.026756364667384493,0.022710225017201494,0.04046139420635084,0.0007013920181890054
structure,0,197,0.027115076109183362,0.023074605057195958,0.0404047084870133,0.0006987210782460367
structure,0,198,0.02706798021596499,0.022879326297821325,0.041886537955884214,0.0006960442434939707
structure,0,199,0.027105410007015843,0.02306127984456076,0.040441300360091983,0.0006933616200336369
structure,0,200,0.02668012600324017,0.02277928123897423,0.039008444530145306,0.000690673314195311
structure,0,201,0.026602709349779798,0.022799089458569222,0.03803619441841352,0.0006879794325344985
structure,0,202,0.026671502141004753,0.02281440795926917,0.03857094090305483,0.0006852800818277125
structure,0,203,0.026722326300863186,0.022792136578701494,0.03930189692009211,0.0006825753690682404
structure,0,204,0.026876577198038525,0.022728471644709067,0.041481055436028515,0.000679865401461904
structure,0,205,0.026554350923581473,0.022642504127195238,0.039118467963862355,0.0006771502864228094
structure,0,206,0.026681553796128257,0.02281494680354396,0.03866607010092187,0.0006744301315690899
structure,0,207,0.026809369634554842,0.022787085610293533,0.0402228408651159,0.0006717050447186406
structure,0,208,0.02675082093936345,0.022900675912205296,0.038501448423526305,0.0006689751338848441
structure,0,209,0.026370049879810828,0.022551539424544215,0.03818510426086794,0.00066624050727229
structure,0,210,0.026431294323453394,0.022554743621624792,0.038765505316129864,0.0006635012732724854
structure,0,211,0.026500704039287008,0.022537473939339733,0.039632301631702144,0.0006607575404595593
structure,0,212,0.026467674010610766,0.022604705683167237,0.0386296834106078,0.0006580094175859585
structure,0,213,0.02627079005477167,0.02244304773682247,0.038277421487062466,0.000655257013578137
structure,0,214,0.02636806580770576,0.022501533359833858,0.03866532603497605,0.0006525004375322391
structure,0,215,0.026407858862616998,0.02257735868697067,0.038305002680490904,0.0006497397987097745
structure,0,216,0.026323183787398178,0.02249303745110726,0.038301465867510355,0.000646975206533288
structure,0,217,0.02635571896037763,0.022538893129044352,0.03816826097842296,0.0006442067705820222
structure,0,218,0.026228149112693323,0.022420202116858867,0.03807946827564165,0.0006414346005875742
structure,0,219,0.026273080339903308,0.02248163763482328,0.03791442775111597,0.0006386588064295461
structure,0,220,0.026529364710960623,0.022508837326427354,0.040205271987550875,0.0006358794981311898
structure,0,221,0.026840844388574595,0.022595067963237552,0.04245776347037862,0.0006330967858550461
structure,0,222,0.026562174456315625,0.022568838495770883,0.03993335681877466,0.0006303107798985779
structure,0,223,0.02621542857886917,0.022461054034472756,0.03754374328952079,0.0006275215906897991
structure,0,224,0.02620343648033416,0.022456158088719563,0.03747278313801743,0.0006247293287828968
structure,0,225,0.026334216876573103,0.022456740644364072,0.0387747621518747,0.0006219341048538498
structure,0,226,0.02638606829252629,0.02246301209276868,0.03923056089360627,0.0006191360296960414
structure,0,227,0.026136131427073293,0.022299045813573868,0.038370857837150364,0.0006163352142158681
structure,0,228,0.02633873718078236,0.022478954482327552,0.038597827441698575,0.0006135317694283441
structure,0,229,0.02627851405514127,0.02245765046141166,0.0382086330095875,0.0006107258064527004
structure,0,230,0.02624580841851919,0.022440204387117305,0.03805603938026465,0.0006079174365079803
structure,0,231,0.026215193885580367,0.022455059001635632,0.03760134821694451,0.0006051067709086316
structure,0,232,0.026140457276964936,0.02228485559193568,0.03855601823633396,0.0006022939210600944
structure,0,233,0.026121792045492417,0.022328873930922064,0.037929179297648274,0.0005994789984543849
structure,0,234,0.02610755104367322,0.02224339943077639,0.03864151876487869,0.0005966621146656766
structure,0,235,0.026194330032516085,0.022293184570209477,0.03901145135492631,0.0005938433813458776
structure,0,236,0.026083713134765315,0.022288710914805103,0.03795002205370301,0.0005910229102202056
structure,0,237,0.026111980340888543,0.02230770349522017,0.03804276799953326,0.0005882008130827588
structure,0,238,0.025998070412959817,0.02229079237942129,0.03707277802045289,0.0005853772017920855
structure,0,239,0.0262735149587259,0.022443295945231038,0.03830219061155232,0.0005825521882667496
structure,0,240,0.026244021820843063,0.02241522791569289,0.03828793516572244,0.0005797258844808951
structure,0,241,0.026054220526982537,0.022244896501419437,0.03809323821304361,0.0005768984024598077
structure,0,242,0.026141075018608538,0.022368011855114223,0.0377306289990328,0.0005740698542754742
structure,0,243,0.026039641603399506,0.022315068408730137,0.03724573177161478,0.0005712403520421409
structure,0,244,0.025945703467407676,0.02223563347468955,0.03710069975696562,0.0005684100079118693
structure,0,245,0.02632731600973376,0.022486965792063943,0.038403500289736464,0.0005655789340700907
structure,0,246,0.026641266075189057,0.02259956665006381,0.04041699038006307,0.0005627472427311599
structure,0,247,0.026088771062560242,0.022236124571052916,0.03852646119950957,0.0005599150461339072
structure,0,248,0.026417356923066918,0.0225442533160003,0.03873103577886798,0.0005570824565371895
structure,0,249,0.02610176024039327,0.022300228928811557,0.03801531155469679,0.0005542495862154417
structure,0,250,0.026172681407657678,0.022438702107876463,0.037339794855594015,0.0005514165474542244
structure,0,251,0.026075918801303943,0.02213037593226987,0.039455428670887534,0.0005485834525457758
structure,0,252,0.026654284350165498,0.02247403311122491,0.04180251270065731,0.0005457504137845584
structure,0,253,0.025943452205421408,0.022060464396489194,0.03882987823522122,0.0005429175434628103
structure,0,254,0.026041680621104825,0.0223407637833693,0.03700917147041612,0.0005400849538660929
structure,0,255,0.025973063472940466,0.02209673516267507,0.038763285276550534,0.0005372527572688402
structure,0,256,0.02581853694318947,0.022005469506659957,0.038130672672865594,0.0005344210659299094
structure,0,257,0.025931672681871968,0.022178409446040583,0.037532631589911936,0.0005315899920881308
structure,0,258,0.026075549851665297,0.022191837502949854,0.0388371222421488,0.0005287596479578591
structure,0,259,0.025808682845171065,0.02215482036804406,0.03653862433357276,0.0005259301457245257
structure,0,260,0.025800034870678078,0.022059698932009018,0.03740335756781518,0.0005231015975401924
structure,0,261,0.025882963893580063,0.022047177526136913,0.03835786196254875,0.0005202741155191051
structure,0,262,0.02580841308260244,0.022011463158318954,0.037969498921856866,0.0005174478117332506
structure,0,263,0.025980482466382706,0.022258545400929825,0.037219369876400295,0.0005146227982079145
structure,0,264,0.026041750283060747,0.022112781410506748,0.03928968797659127,0.0005117991869172412
structure,0,265,0.025636309835641566,0.02197842418116471,0.03657885872352839,0.0005089770897797945
structure,0,266,0.025862767708830673,0.02209764622715995,0.037651213727327305,0.0005061566186541225
structure,0,267,0.02622402106307194,0.022269942605619954,0.0395407810340351,0.0005033378853343236
structure,0,268,0.025747688248870266,0.022124329166044298,0.03623359318696177,0.0005005210015456152
structure,0,269,0.025742203391135206,0.02202560455968735,0.03716598830475197,0.0004977060789399056
structure,0,270,0.025813284220645695,0.022108163728376283,0.03705120509777306,0.0004948932290913684
structure,0,271,0.025807254065032415,0.022001513258089595,0.03805740742747217,0.0004920825634920198
structure,0,272,0.025719398053912518,0.022058998844914586,0.03660399614597425,0.0004892741935472998
structure,0,273,0.025891153229395652,0.02216040051734323,0.03730752928955748,0.0004864682305716559
structure,0,274,0.02573439698695514,0.02203623961180682,0.036981576066415556,0.0004836647857841319
structure,0,275,0.025780432894047807,0.02203869570153656,0.03741737318957132,0.00048086397030395876
structure,0,276,0.02562576334913779,0.02189398240346666,0.037317807414123966,0.00047806589514615036
structure,0,277,0.025701668949958238,0.021931937669571636,0.03769731080018509,0.00047527067121710324
structure,0,278,0.02598848384525384,0.02213995126088201,0.03848532522121546,0.00047247840931020094
structure,0,279,0.02568662428727505,0.021986378716698826,0.03700245693131464,0.00046968922010142214
structure,0,280,0.025798173635886792,0.02209676357166107,0.03701409984467546,0.000466903214144954
structure,0,281,0.025828089642851534,0.022130147201390865,0.03697942613621605,0.00046412050186881034
structure,0,282,0.025779020955528354,0.022079920863085876,0.03699100000039716,0.0004613411935704541
structure,0,283,0.02561566363971476,0.02193070064461729,0.03684962948896088,0.00045856539941242596
structure,0,284,0.025535541107542522,0.021918878353178968,0.03616662676064371,0.00045579322941797785
structure,0,285,0.025617778252605982,0.021907171083726085,0.03710606964621158,0.0004530247934667121
structure,0,286,0.0255214461896267,0.02185255586225588,0.03668890512176344,0.0004502602012902256
structure,0,287,0.02552566279027387,0.02186252816286006,0.036631345505736206,0.000447499562467761
structure,0,288,0.025585335842272943,0.021934261268330615,0.036510745112057146,0.00044474298642186306
structure,0,289,0.02556793096015721,0.021923251576507683,0.03644679213433913,0.0004419905824140415
structure,0,290,0.025738356955952495,0.022084547221349362,0.03653809874666266,0.0004392424595404407
structure,0,291,0.025936163412334092,0.022071892230263266,0.038642712141686256,0.00043649872672751465
structure,0,292,0.025453551728327032,0.021858131143388488,0.03595420724029018,0.0004337594927277102
structure,0,293,0.02587774977593758,0.022114919036549004,0.03762830823037394,0.0004310248661151561
structure,0,294,0.026166012977534424,0.022193675797539655,0.03972337476656269,0.0004282949552813596
structure,0,295,0.02580120639180079,0.022052768379566563,0.03748438170777911,0.00042556986843091013
structure,0,296,0.0254648802583118,0.021827902173132248,0.03636978115332033,0.0004228497135771907
structure,0,297,0.02560910353480836,0.021967183808278164,0.03641919446403924,0.0004201345985380961
structure,0,298,0.02547676589427511,0.02184157446026802,0.03635191308533865,0.00041742463093175964
structure,0,299,0.025450939862130515,0.021823677528581484,0.03627262517868227,0.00041471991817228763
structure,0,300,0.02565178793050135,0.021918826238021216,0.03732961708042703,0.0004120205674655015
structure,0,301,0.025636904252882727,0.021843384105138305,0.037935201477444204,0.0004093266858046891
structure,0,302,0.025458773209010653,0.021724561292571123,0.03734212089573123,0.00040663837996636313
structure,0,303,0.025381452625242912,0.02174533181398251,0.036361208117467306,0.0004039557565060296
structure,0,304,0.025566869242695543,0.02181167482804536,0.03755194505107621,0.00040127892175396333
structure,0,305,0.025740179970043447,0.021855935522454836,0.03884244309470797,0.0003986079818109947
structure,0,306,0.025345868739851462,0.021736259029949613,0.03609609323755568,0.0003959430425443029
structure,0,307,0.025387132856459903,0.021745940743320605,0.036411916783599875,0.00039328420958322077
structure,0,308,0.025368549391705124,0.021748807076996984,0.03619742203824825,0.0003906315883150471
structure,0,309,0.025409668606192884,0.02171048283207354,0.03699185555757026,0.00038798528388086996
structure,0,310,0.025522026955575608,0.021850717647910585,0.036713093718606246,0.00038534540117139893
structure,0,311,0.025322332936910517,0.021715255378801424,0.036070777599361795,0.0003827120448228081
structure,0,312,0.025292401068282188,0.02168422170450264,0.03608179506760664,0.00038008531921258833
structure,0,313,0.02531519282716217,0.021677133916602434,0.03638059143025632,0.0003774653284554097
structure,0,314,0.025259158561886447,0.021688293860179637,0.03570864545108444,0.00037485217639899525
structure,0,315,0.02526801740920886,0.02168168724264084,0.03586330056657368,0.0003722459666200048
structure,0,316,0.025395688136392723,0.021709364768380285,0.036863232882542646,0.0003696468024199291
structure,0,317,0.025307196243508055,0.021683388615790607,0.036238074740370635,0.0003670547868209961
structure,0,318,0.02526324904249013,0.021641557530424613,0.03621691450787898,0.00036447002256208646
structure,0,319,0.025311294515123567,0.021672505330946053,0.036387891695876036,0.00036189261209466185
structure,0,320,0.025444877958873544,0.02183440944311202,0.03610468481718405,0.0003593226575787045
structure,0,321,0.025730193205975367,0.021972398086409654,0.037577949474047745,0.0003567602608786669
structure,0,322,0.025748308140093913,0.021875264113355556,0.03873044215434525,0.00035420552355943557
structure,0,323,0.025499040168508225,0.021952945807117083,0.03546094466438492,0.0003516585468823039
structure,0,324,0.025987318836094193,0.02209324559425405,0.0389407307259719,0.0003491194318009598
structure,0,325,0.025770751389798858,0.021881440586310766,0.03889310911939754,0.00034658827895748363
structure,0,326,0.025543011326158015,0.021796763738417907,0.03746247246822551,0.00034406518867835853
structure,0,327,0.025251199440257357,0.021678941577244988,0.03572257910672741,0.00034155026097049514
structure,0,328,0.025269374139509686,0.021632757694423976,0.03636616491773421,0.000339043595517266
structure,0,329,0.025175085417712326,0.02157941159570964,0.03595673960606828,0.00033654529167455674
structure,0,330,0.025239462490064667,0.021653435774166965,0.03586026622522282,0.00033405544846682513
structure,0,331,0.025262078318949156,0.021692417357749166,0.03569660726302442,0.0003315741645831784
structure,0,332,0.025159088739099143,0.021587007846829164,0.035720811407847754,0.0003291015383734601
structure,0,333,0.025128446640957428,0.021564049860243698,0.03564396735971341,0.00032663766784435264
structure,0,334,0.025285601839617713,0.02167869942364898,0.03606902571594435,0.00032418265065549255
structure,0,335,0.025161306196264437,0.02149503141417905,0.03666274751446577,0.00032173658411559876
structure,0,336,0.025358183649867073,0.021693591052768437,0.036645925679188174,0.00031929956517861695
structure,0,337,0.025197835181968643,0.021625425097564183,0.03572410145682081,0.0003168716904398753
structure,0,338,0.025325881370754217,0.02167887600532711,0.03647005073628911,0.0003144530561322569
structure,0,339,0.02536225029055817,0.021694465528191226,0.03667784669964183,0.00031204375812238417
structure,0,340,0.02512732558146936,0.02158599587609656,0.035413297199627124,0.0003096438919068208
structure,0,341,0.025271830676663328,0.021702392756277524,0.035694376723573354,0.00030725355260828444
structure,0,342,0.025245681706592246,0.021638742548367375,0.03606939259381581,0.00030487283497187813
structure,0,343,0.02523078512663007,0.021675913995885664,0.03554871472148298,0.00030250183336133366
structure,0,344,0.025157815385269434,0.021559446218469745,0.03598368907099293,0.0003001406417552723
structure,0,345,0.02504597007061109,0.021528534095141036,0.03517436238088433,0.00029778935374347935
structure,0,346,0.02515855044437762,0.021586324003167626,0.03572226580300468,0.00029544806252319405
structure,0,347,0.02509773616477186,0.021560584289792625,0.035371514693797415,0.00029311686089541686
structure,0,348,0.02521623824735223,0.02161422191435768,0.036020161958494015,0.00029079584126122946
structure,0,349,0.02531519190313455,0.021650142140939403,0.03665049467478969,0.0002884850956181338
structure,0,350,0.025098431111354742,0.02152484503158857,0.03573586095815072,0.00028618471555640475
structure,0,351,0.025056481161993726,0.021528196679160738,0.0352828449985455,0.0002838947922554602
structure,0,352,0.024970049062845914,0.021447431101578023,0.03522617791052275,0.0002816154164802463
structure,0,353,0.0249953960158495,0.021471295350136397,0.035241006214570436,0.00027934667857764105
structure,0,354,0.024994054327745662,0.021451523765804874,0.035425302219958904,0.00027708866847287177
structure,0,355,0.025240017388103525,0.02157981636357681,0.036602011451366365,0.00027484147566595216
structure,0,356,0.025107122106628382,0.021514133144140867,0.03592989086501748,0.00027260518922813407
structure,0,357,0.025104804791257214,0.021509887587386076,0.03594917344906934,0.00027037989779837683
structure,0,358,0.025059008567202497,0.02152103305777277,0.03537975339214111,0.0002681656895798346
structure,0,359,0.02495962342942819,0.0214528321889144,0.035067912424591126,0.00026596265233635937
structure,0,360,0.0250702269628216,0.02150795440974964,0.035622723672937784,0.0002637708733890237
structure,0,361,0.02500071294858624,0.021430785804208825,0.03569926585097537,0.00026159043961265777
structure,0,362,0.02507838583490556,0.021501209980786314,0.035771758998342965,0.00025942143743240765
structure,0,363,0.02531498853924536,0.021659771388994806,0.03655216638631049,0.00025726395282030826
structure,0,364,0.025023022637393706,0.021490005445581502,0.035330168338730816,0.0002551180712918769
structure,0,365,0.024948173934501394,0.021419428439699018,0.03528745309510523,0.00025298387790272326
structure,0,366,0.024994260813875548,0.021465626421236183,0.035286344869874475,0.00025086145724517755
structure,0,367,0.02502163526828233,0.021433164124856106,0.0358847097515593,0.0002487508934449386
structure,0,368,0.024948278271809572,0.02139530465609878,0.03552973428473616,0.0002466522701577384
structure,0,369,0.02486796606108352,0.021368245246477287,0.034997210159469834,0.0002445656705660271
structure,0,370,0.02490122198533296,0.02140555470967884,0.03495667152126215,0.00024249117737567486
structure,0,371,0.025070149461220822,0.021472147006940282,0.03598002624496156,0.0002404288728126955
structure,0,372,0.024999516887235267,0.02147544933089077,0.03524067632212029,0.0002383788386199849
structure,0,373,0.02492086520277489,0.02140049090215027,0.03520373945117152,0.00023634115605408317
structure,0,374,0.024874063967374536,0.02133099525174802,0.03543068824564508,0.00023431590588195243
structure,0,375,0.02491477476651768,0.021370072370059497,0.035447025968262796,0.0002323031683777763
structure,0,376,0.024915530781599624,0.021406454513185017,0.03509076130296792,0.00023030302331977814
structure,0,377,0.024874236719201345,0.021381818793966938,0.034924180954500214,0.00022831554998705783
structure,0,378,0.024826747751928495,0.02134562064905702,0.03481127008523393,0.00022634082715645103
structure,0,379,0.024853265642458402,0.021383114358502642,0.03470151145351618,0.0002243789330994051
structure,0,380,0.02502796603439682,0.021442016056561285,0.03585949900022686,0.00022242994557887817
structure,0,381,0.02491882843677898,0.021448558118612585,0.03470270428077048,0.0002204939418462558
structure,0,382,0.024993211434614252,0.021423969544256325,0.035692422949847605,0.0002185709986382895
structure,0,383,0.025335610895259573,0.02164005123409528,0.03695559595996033,0.00021666119217405476
structure,0,384,0.02505521219000026,0.0215291611743269,0.03526051039989872,0.00021476459815193065
structure,0,385,0.024873031677760903,0.021354197935437098,0.035188336654836144,0.00021288129174659845
structure,0,386,0.024909952057248306,0.02137750356552962,0.03532448444058316,0.00021101134760606282
structure,0,387,0.02484782670403274,0.021362078568214846,0.034857479023793346,0.00020915483984869278
structure,0,388,0.024817806846090147,0.02132548829516294,0.034923183184613134,0.00020731184206028338
structure,0,389,0.024800218894649735,0.021331838392907896,0.03468380468185048,0.00020548242729113986
structure,0,390,0.0247974121218484,0.021312507487074826,0.03484904465530622,0.0002036666680531812
structure,0,391,0.02485969287219309,0.021381909728011326,0.0347778303281212,0.00020186463631706724
structure,0,392,0.024800545275794932,0.021323033469892047,0.03477511947425009,0.00020007640350934463
structure,0,393,0.0248164903401706,0.021316448036902257,0.03500042227887142,0.00019830204050961682
structure,0,394,0.024852332481555155,0.021347229242538814,0.035051034885037975,0.0001965416176477338
structure,0,395,0.024781942941423496,0.021291556605198676,0.03490386273488208,0.00019479520470100522
structure,0,396,0.024805283922867426,0.021299552551760064,0.03505731400287183,0.00019306287089143387
structure,0,397,0.024737097697415177,0.021287041978895974,0.0345005523802484,0.0001913446848829728
structure,0,398,0.024782890040553892,0.021310507045090975,0.034723827308992185,0.00018964071477880297
structure,0,399,0.024736916028721835,0.021237273216636623,0.03499643079080563,0.0001879510281186341
structure,0,400,0.025062920676432454,0.02154920128594802,0.035137195791806006,0.00018627569187602803
structure,0,401,0.024793845817796867,0.021376830450315076,0.0341701541319684,0.0001846147724557432
structure,0,402,0.02477813963401411,0.021255569406067733,0.035225703543922605,0.00018296833569110386
structure,0,403,0.02480385157792749,0.021365790124544898,0.034380615623205824,0.00018133644684138923
structure,0,404,0.024898841140631286,0.021406727558483343,0.034921134260359074,0.0001797191705892481
structure,0,405,0.024768846328358116,0.021342256809183575,0.03426589365980488,0.000178116571038134
structure,0,406,0.024804837024204104,0.021323966484896196,0.034808705252043264,0.00017652871170976533
structure,0,407,0.024748934340461427,0.021257060232229393,0.034918740479270724,0.0001749556555416066
structure,0,408,0.024749242649571703,0.021294384513915986,0.03454857839966879,0.00017339746488437453
structure,0,409,0.02474346542463446,0.021236714048617503,0.03506751592920281,0.00017185420149956645
structure,0,410,0.024883359743588587,0.02141947101791907,0.034638884941762794,0.00017032592655701195
structure,0,411,0.02510437985527142,0.0213129110731593,0.03791468690682018,0.00016881270063244893
structure,0,412,0.024791016352822513,0.02125102388076776,0.0353999236311676,0.00016731458370512203
structure,0,413,0.02475534420820347,0.021260110004841504,0.0349523389405588,0.0001658316351554057
structure,0,414,0.024698312440522344,0.021231161707686384,0.034671505908275085,0.00016436391376244995
structure,0,415,0.024693383516709737,0.021235757213153975,0.034576264134664136,0.0001629114777018514
structure,0,416,0.024676433265909514,0.02123974657109294,0.034366869107472366,0.00016147438454334643
structure,0,417,0.02468800964441841,0.02121646302526053,0.03471546837033864,0.0001600526912485301
structure,0,418,0.024703500724297903,0.021251442513912526,0.03452058178287573,0.00015864645416859815
structure,0,419,0.024697065504155957,0.021225427333314176,0.03471637907250743,0.00015725572904211292
structure,0,420,0.024806933453204425,0.021322165953856224,0.03484767326700936,0.00015588057099279502
structure,0,421,0.024771859130138827,0.021295014851515037,0.03476844527624917,0.00015452103452733736
structure,0,422,0.024694920135734908,0.021197281777858734,0.03497638527605459,0.00015317717353324577
structure,0,423,0.024828519827781084,0.021334786930999307,0.034937329736219686,0.00015184904127670202
structure,0,424,0.02471622202652397,0.02126172471392715,0.03454497483785096,0.0001505366904004532
structure,0,425,0.024675267857959003,0.021215458728820476,0.03459809067860907,0.00014924017292172498
structure,0,426,0.024723622831212013,0.021261603890020915,0.03462019187760571,0.00014795954023015976
structure,0,427,0.024676553472176233,0.021199577631472608,0.03476975624772961,0.00014669484308577974
structure,0,428,0.024745371158650588,0.021287465798753673,0.03457905064208078,0.00014544613161697508
structure,0,429,0.02468518723609709,0.021250179455695826,0.034350077813739256,0.00014421345531851696
structure,0,430,0.024645509947256693,0.021190303521274587,0.034552066584480026,0.0001429968630495956
structure,0,431,0.024646270261498716,0.02118984404610903,0.03456426308765113,0.0001417964030318838
structure,0,432,0.024699498152763975,0.02124206068154726,0.034574371463480566,0.00014061212284762544
structure,0,433,0.024659775528210574,0.021160620417903047,0.03499155421072603,0.00013944406943775003
structure,0,434,0.024767201418159215,0.021278904084670636,0.03488297257621045,0.00013829228910001106
structure,0,435,0.0246501915040122,0.021166312744155254,0.03483879011776055,0.00013715682748715205
structure,0,436,0.024660226127847677,0.02118908355192478,0.03471142543825095,0.00013603772960509627
structure,0,437,0.024678206820206293,0.0212557391839846,0.03422467431962957,0.00013493503981116322
structure,0,438,0.024690860099409642,0.021187407166427173,0.035034526674461115,0.00013384880181231017
structure,0,439,0.02465572426528439,0.021216425290890524,0.03439299160172049,0.00013277905866340012
structure,0,440,0.02463367295405261,0.02118044598976408,0.03453227002222295,0.00013172585276549498
structure,0,441,0.024631028649623337,0.021189907444130348,0.034411212512080416,0.000130689225864175
structure,0,442,0.02462134734233817,0.02118755907170455,0.0343378828716885,0.00012966921904788411
structure,0,443,0.024640893140520814,0.02118909601170774,0.03451796991667922,0.00012866587274630136
structure,0,444,0.02462698542087414,0.021176211093370038,0.03450774033760589,0.00012767922672873855
structure,0,445,0.024615511162007137,0.021170726221045065,0.03444785037255474,0.00012670932010256327
structure,0,446,0.02462655856388356,0.021155761119571584,0.034707975447391876,0.0001257561913116499
structure,0,447,0.024634237398755768,0.02118108742055787,0.034531500414208396,0.00012481987813485463
structure,0,448,0.024564403933582356,0.021131917078038263,0.034324866225918654,0.00012390041768451903
structure,0,449,0.024674919212611474,0.021192143659056323,0.03482775538965242,0.00012299784640499843
structure,0,450,0.0246855659755652,0.021233954299095404,0.034516115694771234,0.00012211220007121764
structure,0,451,0.0246537397919568,0.021181583436152486,0.03472156417568265,0.00012124351378725287
structure,0,452,0.02461732791702679,0.021144721880749687,0.03472606270688321,0.00012039182198494037
structure,0,453,0.024580593082285426,0.02115298157397356,0.034276115374916837,0.00011955715842251154
structure,0,454,0.024572918969680686,0.021140037318472762,0.034328815412972676,0.00011873955618325512
structure,0,455,0.024599649931253093,0.02115710976949404,0.03442540238599242,0.0001179390476742057
structure,0,456,0.024562608912664978,0.02111176952875314,0.03450839416009639,0.00011715566462485903
structure,0,457,0.0245826729590331,0.02113281246566508,0.03449860540542061,0.00011638943808591481
structure,0,458,0.024579061219570843,0.021137301087885238,0.03441760239650935,0.0001156403984280455
structure,0,459,0.024596789968503983,0.0211574645717835,0.034393255226800395,0.00011490857534069303
structure,0,460,0.024620646440640444,0.02116707221218251,0.03453574459951167,0.00011419399783089137
structure,0,461,0.02459091664469429,0.021165573799267763,0.034253424116198763,0.00011349669422211739
structure,0,462,0.024572263950817578,0.02114480766455592,0.034274561160460466,0.00011281669215316785
structure,0,463,0.02456930171766418,0.02111401129757144,0.03455290312127407,0.00011215401857706393
structure,0,464,0.02456345858037783,0.02113621458703015,0.034272438080558264,0.00011150869975998316
structure,0,465,0.02453561260440331,0.021110349478243848,0.03425263017221468,0.00011088076128021786
structure,0,466,0.02461131431123451,0.021158332865947843,0.03452981260481142,0.00011027022802716184
structure,0,467,0.02458020307940696,0.02112428330896573,0.03455919881324544,0.00010967712420032333
structure,0,468,0.0245166916750352,0.02109657446355328,0.034201170422389675,0.00010910147330836623
structure,0,469,0.024594883222920777,0.021128383311917204,0.034664999567186244,0.00010854329816817797
structure,0,470,0.024531244137385184,0.02111586371033061,0.034153803823121845,0.00010800262090396556
structure,0,471,0.02452297448411623,0.0210952151216586,0.03427759422276257,0.00010747946294637797
structure,0,472,0.02463912484831816,0.02120122245413205,0.03437902487075204,0.00010697384503165752
structure,0,473,0.024552736980913512,0.021092078125702494,0.03460659026399294,0.00010648578720081721
structure,0,474,0.02453079280825259,0.021107299399243634,0.034234935189196083,0.00010601530879884693
structure,0,475,0.024545827749192558,0.021091370884688966,0.03454456956906356,0.00010556242847394639
structure,0,476,0.024506967889227693,0.021112730371578556,0.033942372997731514,0.00010512716417678588
structure,0,477,0.024531232849658312,0.02109913052820817,0.03432102631728892,0.00010470953315979514
structure,0,478,0.024547315394753886,0.021119508308701355,0.0342780703547418,0.00010430955197647918
structure,0,479,0.024525555799041653,0.021077671795888916,0.03447883908804652,0.00010392723648076232
structure,0,480,0.02452461244465477,0.02109752188366169,0.03427090405367373,0.00010356260182635971
structure,0,481,0.02450153878926453,0.021066268229998124,0.034352706040087944,0.00010321566246617685
structure,0,482,0.02450868879340336,0.02109270205833115,0.03415986597440728,0.00010288643215173648
structure,0,483,0.02449466674236031,0.02108573763298148,0.03408929170656453,0.00010257492393263363
structure,0,484,0.02453194012957827,0.02107754593846381,0.0345439378843295,0.00010228115015601852
structure,0,485,0.024554119827152856,0.021140855486570388,0.03413264587151942,0.00010200512246610701
structure,0,486,0.024598421057195015,0.021144136052102084,0.03454284756091805,0.00010174685180371902
structure,0,487,0.024470236629014225,0.021061726736376553,0.03408509822606107,0.00010150634840584485
structure,0,488,0.024557601709123068,0.02109838847080659,0.034592132402618,0.00010128362180523972
structure,0,489,0.02449573752501926,0.021088631444321288,0.034071063617968994,0.00010107868083004547
structure,0,490,0.024537370036849776,0.02110958518095645,0.034277845271340236,0.00010089153360344113
structure,0,491,0.024501159597509214,0.021065205617688654,0.03435953903953027,0.00010072218754332046
structure,0,492,0.024475826743221782,0.02106479493604472,0.03411032101893238,0.00010057064936199837
structure,0,493,0.024467943683655704,0.021056872559103424,0.03411071278718993,0.00010043692506594446
structure,0,494,0.024472759880962012,0.02106277749681597,0.03409982336485666,0.00010032101995554533
structure,0,495,0.02449151130962154,0.021071592044308977,0.03419919205007603,0.00010022293862489412
structure,0,496,0.02454714904060252,0.021133089428354183,0.03414059689088528,0.00010014268496160877
structure,0,497,0.02459035922746434,0.021128606654256192,0.03461752328097665,0.00010008026214667765
structure,0,498,0.024486774855898816,0.021082365919420053,0.034044087827983786,0.00010003567265433361
structure,0,499,0.02448709057668326,0.021076420574952355,0.03410669767319689,0.00010000891825195589
structure,0,500,0.024449125053871704,0.021032846525467094,0.03416278775460415,0.0001
structure,1,1,0.13764553455015024,0.08461170985052983,0.5303382550676664,0.001
structure,1,2,0.11923603465159734,0.08894636761397123,0.3028966610630353,0.000999991081748044
structure,1,3,0.11007446485261123,0.08521945898731549,0.24855006113648415,0.0009999643273456663
structure,1,4,0.09883075890441735,0.07571761310100555,0.23113144810001054,0.0009999197378533222
structure,1,5,0.09054985797653596,0.06819585493455331,0.22354003662864366,0.0009998573150383913
structure,1,6,0.08253524017830689,0.061334354182084404,0.21200884878635406,0.0009997770613751058
structure,1,7,0.07417331573863824,0.0545311306292812,0.19642184923092523,0.0009996789800444546
structure,1,8,0.06610616979499657,0.04827114815513293,0.17835021018981934,0.0009995630749340555
structure,1,9,0.06042915644745032,0.04389004409313202,0.16539112105965614,0.0009994293506380017
structure,1,10,0.052023423525194325,0.03825214381019274,0.13771279528737068,0.0009992778124566796
structure,1,11,0.04479959110418955,0.03297791909426451,0.11821671389043331,0.0009991084663965588
structure,1,12,0.04241857072338462,0.03202760980154077,0.10390960207829873,0.0009989213191699546
structure,1,13,0.0380320738380154,0.029759278676162165,0.0827279482036829,0.0009987163781947602
structure,1,14,0.03651969864343604,0.02911401695261399,0.07405681752910216,0.0009984936515941552
structure,1,15,0.03585691455130776,0.028700653929263353,0.07156260094294946,0.000998253148196281
structure,1,16,0.0347950371603171,0.028098782757297158,0.0669625410810113,0.0009979948775338929
structure,1,17,0.03431918891146779,0.027790935554852087,0.06528253015130758,0.0009977188498439813
structure,1,18,0.034325959316144385,0.028048636857420206,0.0627732235006988,0.0009974250760673663
structure,1,19,0.03426045970991254,0.028075479436665773,0.06184979729975263,0.0009971135678482636
structure,1,20,0.0332908418495208,0.027178660190353792,0.06112181612600883,0.000996784337533823
structure,1,21,0.03303123638033867,0.02723824931308627,0.05792986943076054,0.0009964373981736403
structure,1,22,0.0326320438956221,0.02700359063843886,0.05628453210617105,0.0009960727635192376
structure,1,23,0.03272257884964347,0.02697421486179034,0.05748363941287001,0.0009956904480235209
structure,1,24,0.03256987128406763,0.02695961979528268,0.05610251147300005,0.0009952904668402048
structure,1,25,0.03268639510497451,0.026956435681010287,0.05729959377398094,0.0009948728358232142
structure,1,26,0.03278885828331113,0.027098215417936444,0.056906430361171566,0.0009944375715260536
structure,1,27,0.03189838615556558,0.026564274759342272,0.053341114427894354,0.000993984691201153
structure,1,28,0.03217114399497708,0.02660883388792475,0.05562310215706626,0.0009935142127991828
structure,1,29,0.032018780863533415,0.02659485023468733,0.054239303494493164,0.0009930261549683426
structure,1,30,0.03229274290303389,0.026873300317674875,0.054194422283520303,0.000992520537053622
structure,1,31,0.03204535382489363,0.026414039234320324,0.05631314559529225,0.0009919973790960344
structure,1,32,0.03234803071245551,0.026888352042684954,0.05459679073343674,0.000991456701831822
structure,1,33,0.03204712380344669,0.02663972950540483,0.05407393987601002,0.0009908985266916337
structure,1,34,0.03173694992437959,0.026581535426278908,0.05155414482578635,0.0009903228757996768
structure,1,35,0.03232757328078151,0.026640904912104208,0.05686668213456869,0.000989729771972838
structure,1,36,0.03257919428870082,0.02669248861881594,0.05886705809583267,0.0009891192387197821
structure,1,37,0.03223270193363229,0.02656669511149327,0.056660063564777374,0.0009884913002400169
structure,1,38,0.033978442661464214,0.02769827578837673,0.06280166640256842,0.000987845981422936
structure,1,39,0.031830303060511746,0.026348388598610956,0.05481914089371761,0.0009871833078468322
structure,1,40,0.03193447164570292,0.02651329804211855,0.05421173510452112,0.0009865033057778825
structure,1,41,0.032183269349237285,0.026462471423049767,0.05720798019319773,0.0009858060021691085
structure,1,42,0.031910012010484934,0.026676398391524952,0.05233613712092241,0.0009850914246593069
structure,1,43,0.03242963987092177,0.027158559300005436,0.05271080586438378,0.0009843596015719545
structure,1,44,0.03516653894136349,0.027744203495482605,0.0742233560110132,0.0009836105619140851
structure,1,45,0.032463924338420234,0.026658789875606697,0.058051343696812786,0.000982844335375141
structure,1,46,0.031156976862500112,0.026156711392104626,0.050002656100938715,0.0009820609523257943
structure,1,47,0.03142343213160833,0.02640096005052328,0.05022471724078059,0.000981260443816745
structure,1,48,0.03137644783904155,0.026112289012720186,0.052641588263213634,0.0009804428415774885
structure,1,49,0.030990695891280968,0.02611438014234106,0.04876315997292598,0.0009796081780150596
structure,1,50,0.031040675317247707,0.026008259582643706,0.05032415656993786,0.000978756486212747
structure,1,51,0.031220462173223495,0.02628948570539554,0.049309761729091406,0.0009778877999287825
structure,1,52,0.031500367602954306,0.026285397509733837,0.052149705588817596,0.0009770021535950016
structure,1,53,0.03123919867600004,0.02637245669029653,0.04866742001225551,0.000976099582315481
structure,1,54,0.03174826999505361,0.026402491610497236,0.05345778027549386,0.0009751801218651454
structure,1,55,0.03129527143513163,0.02648038975894451,0.04814882048716148,0.0009742438086883502
structure,1,56,0.03121465351432562,0.02580764889717102,0.05407004337757826,0.0009732906798974367
structure,1,57,0.031245751461635034,0.026264270457128685,0.04981481206292907,0.0009723207732712615
structure,1,58,0.031318713600436844,0.026217418334757287,0.05101295281201601,0.0009713341272536987
structure,1,59,0.03081718149284522,0.026096893784900505,0.04720287987341484,0.0009703307809521158
structure,1,60,0.03100238771488269,0.025911265363295872,0.0509112182383736,0.000969310774135825
structure,1,61,0.0311318504003187,0.026359256046513718,0.047725943848490715,0.0009682741472345051
structure,1,62,0.03218503436073661,0.026523074445625145,0.05661959915111462,0.0009672209413366
structure,1,63,0.03268498849744598,0.02694898300493757,0.05736005585640669,0.00096615119818769
structure,1,64,0.032182569770763315,0.026174572684491675,0.06007997070749601,0.0009650649601888368
structure,1,65,0.03105718254422148,0.02620924993728598,0.0484793254484733,0.0009639622703949038
structure,1,66,0.030785469183077414,0.025697772468750674,0.050876966367165245,0.000962843172512848
structure,1,67,0.03066226684798797,0.025836595023671787,0.048256716690957546,0.0009617077108999891
structure,1,68,0.030788089614361525,0.025702603083724778,0.050854864375044904,0.0009605559305622501
structure,1,69,0.03054071543738246,0.025691361787418526,0.048493534636994205,0.0009593878771523745
structure,1,70,0.030416764318943024,0.02577213430777192,0.046446299801270165,0.0009582035969681164
structure,1,71,0.03044408078615864,0.025672797424097855,0.04771283191318313,0.0009570031369504046
structure,1,72,0.030775576674689848,0.02589407788279156,0.048814989471187197,0.0009557865446814831
structure,1,73,0.03029474848881364,0.025567629219343264,0.047271192694703736,0.0009545538683830249
structure,1,74,0.030894502997398376,0.026053122555216152,0.04841380240395665,0.0009533051569142203
structure,1,75,0.030168871860951185,0.02554569471006592,0.04623177461326122,0.0009520404597698404
structure,1,76,0.03039147953192393,0.025564036952952545,0.048274425944934286,0.000950759827078275
structure,1,77,0.031668678391724825,0.026290470734238625,0.053782074712216854,0.0009494633095995468
structure,1,78,0.03072765717903773,0.025811584200710058,0.04916072776541114,0.000948150958723298
structure,1,79,0.03028963056082527,0.0256831261018912,0.046065046141544976,0.0009468228264667542
structure,1,80,0.03056873520836234,0.0256892164858679,0.04879518644884229,0.0009454789654726626
structure,1,81,0.03073613407711188,0.0259243658122917,0.048117680475115776,0.000944119429007205
structure,1,82,0.03049878783834477,0.02569291911398371,0.048058686001847185,0.0009427442709578871
structure,1,83,0.030166380262623232,0.02558456190551321,0.045818183260659374,0.000941353545831402
structure,1,84,0.030153024476021528,0.02559892988453309,0.04554094312091669,0.0009399473087514699
structure,1,85,0.03032519870127241,0.02555309934541583,0.047720990454157196,0.0009385256154566536
structure,1,86,0.030722991097718477,0.025960085758318503,0.047629052152236305,0.0009370885222981487
structure,1,87,0.030325361527502537,0.02568906561161081,0.046362954967965685,0.0009356360862375501
structure,1,88,0.03022645165522893,0.02560472209006548,0.04621729456509153,0.0009341683648445943
structure,1,89,0.030026383232325315,0.025374210672453046,0.04652171799292167,0.0009326854162948781
structure,1,90,0.03035783628001809,0.02555421631162365,0.04803619518255194,0.0009311872993675511
structure,1,91,0.030037754991402228,0.025368190680940945,0.0466956429493924,0.000929674073442988
structure,1,92,0.029994183219969273,0.025452426401898265,0.045417571595559515,0.0009281457985004336
structure,1,93,0.02980519536261757,0.025216021109372377,0.04589174222201109,0.0009266025351156256
structure,1,94,0.03022164385765791,0.025518127717077732,0.0470351615610222,0.0009250443444583935
structure,1,95,0.030115178941438597,0.025504368512580793,0.04610810180505117,0.0009234712882902347
structure,1,96,0.02999985955345134,0.025295098079368472,0.04704761722435554,0.0009218834289618661
structure,1,97,0.030052152772744496,0.02534348548700412,0.04708667270218333,0.000920280829410752
structure,1,98,0.02973929528767864,0.025182667343566816,0.045566280061999954,0.0009186635531586108
structure,1,99,0.02959085162729025,0.025141414410124224,0.04449437030901512,0.0009170316643088962
structure,1,100,0.02957097953185439,0.02510009442145626,0.04470884862045447,0.0009153852275442568
structure,1,101,0.02947082230821252,0.025027343382438023,0.044434791741271816,0.0009137243081239721
structure,1,102,0.029572270655383665,0.0250940325204283,0.04478238460918268,0.0009120489718813659
structure,1,103,0.0296827657148242,0.025060216896235943,0.04622548616801699,0.0009103592852211972
structure,1,104,0.029996867136408884,0.02538663304100434,0.0461023390914003,0.0009086553151170272
structure,1,105,0.030283333268016577,0.02525603026151657,0.050273032703747354,0.0009069371291085661
structure,1,106,0.030010154470801353,0.02534202967459957,0.046681246254593134,0.0009052047952989949
structure,1,107,0.030292058363556862,0.025367135259633262,0.04924923041835427,0.0009034583823522663
structure,1,108,0.02971624132866661,0.025285445464154083,0.04430795833468437,0.0009016979594903832
structure,1,109,0.029910290458550055,0.02514672465622425,0.04763565585017204,0.0008999235964906553
structure,1,110,0.029574874167641003,0.025156049368282158,0.04418824768314759,0.0008981353636829328
structure,1,111,0.029628364214052755,0.025063320218274992,0.045650440423438944,0.0008963333319468188
structure,1,112,0.029390238070239622,0.024996857934941847,0.043933803836504616,0.0008945175727088603
structure,1,113,0.029416213588168223,0.025028576453526814,0.0438763708807528,0.0008926881579397167
structure,1,114,0.029620574942479532,0.02506230352446437,0.04558271262794733,0.0008908451601513074
structure,1,115,0.02944850642234087,0.024923682988931734,0.04524823340276877,0.0008889886523939372
structure,1,116,0.03076265597095092,0.025443338012943666,0.05319318206359943,0.0008871187082534017
structure,1,117,0.030163175814474624,0.025448716711252928,0.04714458777258793,0.0008852354018480694
structure,1,118,0.030007292206088703,0.025354559843738873,0.046527326107025146,0.0008833388078259452
structure,1,119,0.029211053159087896,0.0247740816945831,0.04436971309284369,0.0008814290013617105
structure,1,120,0.029861614884187777,0.025068902410566807,0.04792712302878499,0.0008795060581537442
structure,1,121,0.029417648756255705,0.024843778538828094,0.04573870465780298,0.000877570054421122
structure,1,122,0.029406494771440823,0.024960435228422284,0.04446059372276068,0.0008756210669005949
structure,1,123,0.029478338702271383,0.0248446858022362,0.0463365251198411,0.0008736591728435492
structure,1,124,0.029461277804027002,0.024981190140048664,0.04480087679500381,0.0008716844500129422
structure,1,125,0.0293140293409427,0.024807858901719253,0.04506170625487963,0.000869696976680222
structure,1,126,0.029595779565473396,0.02509895929445823,0.044968202244490385,0.0008676968316222237
structure,1,127,0.029152250848710537,0.024873068012918036,0.0427918266505003,0.0008656840941180476
structure,1,128,0.029953504912555218,0.024775591834137838,0.05177913357814153,0.0008636588439459168
structure,1,129,0.030521221458911896,0.025721470980594557,0.04799750711147984,0.0008616211613800151
structure,1,130,0.030545741009215515,0.025550597812980413,0.04995143273845315,0.0008595711271873046
structure,1,131,0.029774268933882315,0.025089947041124105,0.046843218772361674,0.0008575088226243251
structure,1,132,0.029358369608720142,0.024797221490492422,0.04561148320014278,0.0008554343294339731
structure,1,133,0.029052635965247948,0.024719632230699062,0.04333003874247273,0.0008533477298422618
structure,1,134,0.028795064116517704,0.024641647934913635,0.041534159798175097,0.0008512491065550615
structure,1,135,0.030395538546144962,0.02480809569048385,0.05587442436565956,0.0008491385427548225
structure,1,136,0.03066499050085743,0.025338109272221725,0.05326881275201837,0.0008470161220972769
structure,1,137,0.02934123653297623,0.024701302560667198,0.04639934282749891,0.0008448819287081231
structure,1,138,0.028986594174057245,0.02458059477309386,0.044059993543972574,0.0008427360471796918
structure,1,139,0.02901033265516162,0.024786374143635232,0.04223958138997356,0.0008405785625675925
structure,1,140,0.02921917677546541,0.02483221252138416,0.04386964005728563,0.0008384095603873422
structure,1,141,0.028924634369711082,0.024545349025477965,0.04379285344233116,0.0008362291266109763
structure,1,142,0.029721468997498352,0.024883874071141083,0.04837595275603235,0.0008340373476636405
structure,1,143,0.029116151854395866,0.02482057735323906,0.042955741907159485,0.0008318343104201655
structure,1,144,0.028814048661539953,0.02453874672452609,0.04275302278498808,0.0008296201022016233
structure,1,145,0.029007523708666366,0.024531436540807288,0.044760866556316614,0.0008273948107718659
structure,1,146,0.028968155306453507,0.024587722728028893,0.04380432547380527,0.0008251585243340478
structure,1,147,0.029523902262250584,0.024901711692412693,0.046221907095362745,0.0008229113315271283
structure,1,148,0.030103175124774378,0.0253487351971368,0.04754439772417148,0.0008206533214223591
structure,1,149,0.028577421170969803,0.024296311661601067,0.04281109540412823,0.0008183845835197537
structure,1,150,0.029347350355237722,0.02475005411542952,0.04597296092348794,0.0008161052077445399
structure,1,151,0.028903030324727297,0.024545840919017792,0.04357189514363805,0.0008138152844435952
structure,1,152,0.02927069008971254,0.024593715167914827,0.04676974549268683,0.0008115149043818662
structure,1,153,0.028790429622555774,0.024340283824130893,0.044501459846893944,0.0008092041587387706
structure,1,154,0.02881377035131057,0.024506593743960064,0.043071764055639505,0.0008068831391045833
structure,1,155,0.02887723610425989,0.024601293882975977,0.04275942360982299,0.000804551937476806
structure,1,156,0.02884780988097191,0.0243764272890985,0.04471382467697064,0.0008022106462565208
structure,1,157,0.029083269415423274,0.024578606942668557,0.04504662270968159,0.0007998593582447277
structure,1,158,0.028873286675661802,0.024339294526726007,0.04533992319678267,0.0007974981666386664
structure,1,159,0.028403446388741333,0.024217598062629502,0.041858482640236616,0.000795127165028122
structure,1,160,0.028265895942846935,0.02418991147230069,0.04075984718898932,0.0007927464473917156
structure,1,161,0.0285642739230146,0.024394043255597353,0.04170230853681763,0.0007903561080931794
structure,1,162,0.0290211394118766,0.024542201776057482,0.04478937682385246,0.0007879562418776158
structure,1,163,0.029068665113300085,0.024667893613999087,0.04400771949440241,0.0007855469438677433
structure,1,164,0.029750787032147247,0.024767321379234392,0.04983465885743499,0.0007831283095601248
structure,1,165,0.02948887723808487,0.024832737011214096,0.04656140273436904,0.0007807004348213832
structure,1,166,0.028708030469715595,0.024412881350144744,0.042951492903133236,0.0007782634158844013
structure,1,167,0.02820991848905881,0.024116045329719782,0.040938732835153736,0.0007758173493445075
structure,1,168,0.02852743041391174,0.024319665661702555,0.04207764891907573,0.0007733623321556474
structure,1,169,0.028305257981022198,0.02405717798198263,0.04248080340524515,0.00077089846162654
structure,1,170,0.02841891278512776,0.02411425121439,0.043046614776055016,0.0007684258354168216
structure,1,171,0.028956597515692312,0.024375753942877054,0.04580842951933543,0.0007659445515331749
structure,1,172,0.028409282055993874,0.024271069870640833,0.04138212169830998,0.0007634547083254433
structure,1,173,0.02837818426390489,0.024150854054217536,0.04227330054466923,0.000760956404482734
structure,1,174,0.028553238448997337,0.024266275965298217,0.04286962592353424,0.0007584497390295051
structure,1,175,0.028127409983426332,0.024048237052435677,0.04079172806814313,0.0007559348113216416
structure,1,176,0.02837404888123274,0.02417760466535886,0.04196444076175491,0.0007534117210425165
structure,1,177,0.028081534740825493,0.023973283047477405,0.04108251538127661,0.0007508805681990402
structure,1,178,0.028859854054947693,0.024366019759327173,0.04493834435318907,0.0007483414531176961
structure,1,179,0.02827570851271351,0.024176826312517125,0.04098882262284557,0.0007457944764405646
structure,1,180,0.028241050817693274,0.024102352326735854,0.041386985685676336,0.0007432397391213332
structure,1,181,0.028617083793506026,0.02428439042220513,0.04332693122948209,0.0007406773424212957
structure,1,182,0.029436395658801,0.024865076954786975,0.045713184090952076,0.0007381073879053382
structure,1,183,0.028341089840978384,0.02390066107424597,0.04440429046129187,0.0007355299774379137
structure,1,184,0.028758769389241934,0.024325509555637836,0.044332599422583975,0.0007329452131790039
structure,1,185,0.029035910808791716,0.024733055072526138,0.04302856015662352,0.0007303531975800709
structure,1,186,0.028233658522367477,0.02403130615130067,0.04202352277934551,0.0007277540333799953
structure,1,187,0.02801040792837739,0.02393483432630698,0.04075573912511269,0.0007251478236010049
structure,1,188,0.02788205708687504,0.023834269649038713,0.040477875620126724,0.0007225346715445904
structure,1,189,0.028100657897690933,0.02404125438382228,0.04059403777743379,0.0007199146807874117
structure,1,190,0.027867689728736877,0.023790097795426846,0.04077592073008418,0.0007172879551771918
structure,1,191,0.028075425730397303,0.023943934123963118,0.04131491156294942,0.0007146545988286011
structure,1,192,0.028156720877935488,0.023862363925824564,0.04294356952110926,0.0007120147161191302
structure,1,193,0.027899580930049222,0.023839969576026004,0.040596111599976815,0.000709368411684953
structure,1,194,0.027878728074332077,0.02393953052038948,0.039391974142442145,0.0007067157904167792
structure,1,195,0.02797223177428047,0.023936803452670574,0.04035428181911508,0.0007040569574556971
structure,1,196,0.027742175695796806,0.023629952687770128,0.04112222914894422,0.0007013920181890054
structure,1,197,0.027614730410277843,0.02361460014556845,0.04000130264709393,0.0006987210782460367
structure,1,198,0.02764801075682044,0.023745393380522728,0.03902617438385884,0.0006960442434939707
structure,1,199,0.027541401330381632,0.023524732949833076,0.04016668163239956,0.0006933616200336369
structure,1,200,0.028440355866526563,0.02388644280532996,0.045539127507557474,0.000690673314195311
structure,1,201,0.028200762035946052,0.024112009598563116,0.040887522511184216,0.0006879794325344985
structure,1,202,0.02743196502948801,0.02352139012267192,0.039105747981617846,0.0006852800818277125
structure,1,203,0.027539771205435198,0.02364400386189421,0.03895767188320557,0.0006825753690682404
structure,1,204,0.027665582485496998,0.0236743469722569,0.039912356374164425,0.000679865401461904
structure,1,205,0.02744513051584363,0.023541298927739263,0.039038317278027534,0.0006771502864228094
structure,1,206,0.02760168770328164,0.02371002857883771,0.038916591399659715,0.0006744301315690899
structure,1,207,0.027735538004587095,0.02375847341803213,0.03977064291636149,0.0006717050447186406
structure,1,208,0.027571503383417923,0.023547401186078787,0.040241023215154804,0.0006689751338848441
structure,1,209,0.027576467022299767,0.023620776366442442,0.039556907334675394,0.00066624050727229
structure,1,210,0.027349763705084722,0.023394109836469095,0.03955654085924228,0.0006635012732724854
structure,1,211,0.02762782123560707,0.023687350718925398,0.03940470376983285,0.0006607575404595593
structure,1,212,0.027383626749118168,0.02346445092310508,0.039191752672195435,0.0006580094175859585
structure,1,213,0.02746451615045468,0.023465205372000735,0.03999310980240504,0.000655257013578137
structure,1,214,0.027439631909752887,0.02332181530073285,0.041178167487184204,0.0006525004375322391
structure,1,215,0.02734639806052049,0.02340438535126547,0.03942012771343192,0.0006497397987097745
structure,1,216,0.027342779251436394,0.02339498628862202,0.03947792916248242,0.000646975206533288
structure,1,217,0.027544849552214146,0.02341049024835229,0.04134359505648414,0.0006442067705820222
structure,1,218,0.027579303365200758,0.02368695242330432,0.03892351205771168,0.0006414346005875742
structure,1,219,0.027632003650069237,0.02354768229027589,0.04084321390837431,0.0006386588064295461
structure,1,220,0.02731584245339036,0.02347009147827824,0.03845750664671262,0.0006358794981311898
structure,1,221,0.027433344939102728,0.023524579980100196,0.03908764819304148,0.0006330967858550461
structure,1,222,0.027451038438205917,0.023499804238478344,0.039512339824189745,0.0006303107798985779
structure,1,223,0.027205961756408215,0.02328901660318176,0.039169454791893564,0.0006275215906897991
structure,1,224,0.027068242896348238,0.02323467641447981,0.03833566404258212,0.0006247293287828968
structure,1,225,0.027175534671793383,0.02330772237231334,0.0386781208217144,0.0006219341048538498
structure,1,226,0.026991477391372126,0.023210271106412012,0.03781205974519253,0.0006191360296960414
structure,1,227,0.027029964762429397,0.023203835356980562,0.038261293433606625,0.0006163352142158681
structure,1,228,0.027160026598721743,0.023151302554955084,0.04008723779891928,0.0006135317694283441
structure,1,229,0.027013348415493965,0.023190149571746588,0.038231988747914634,0.0006107258064527004
structure,1,230,0.02708219240109126,0.02321327819178502,0.03868914240350326,0.0006079174365079803
structure,1,231,0.027003228353957336,0.023110136467342574,0.0389309188661476,0.0006051067709086316
structure,1,232,0.027345442057897646,0.023382006213068962,0.039634357672184706,0.0006022939210600944
structure,1,233,0.02788817835971713,0.023767833365127444,0.041203449169794716,0.0005994789984543849
structure,1,234,0.02775796006123225,0.023648987524211407,0.041089728164176144,0.0005966621146656766
structure,1,235,0.02714795572683215,0.023200699361041188,0.039472563502689205,0.0005938433813458776
structure,1,236,0.026915427918235462,0.023115620637933414,0.03799807156125704,0.0005910229102202056
structure,1,237,0.026927174845089514,0.023200370681782562,0.03726804116740823,0.0005882008130827588
structure,1,238,0.028107748522112768,0.023806748058026034,0.04301000448564688,0.0005853772017920855
structure,1,239,0.027802551941325266,0.0234365148935467,0.04366037202998996,0.0005825521882667496
structure,1,240,0.026911011431366205,0.02302669493171076,0.03884316391001145,0.0005797258844808951
structure,1,241,0.026878314247975748,0.023107516424109537,0.03770797715211908,0.0005768984024598077
structure,1,242,0.026924934626246493,0.02309303676399092,0.03831898017476002,0.0005740698542754742
structure,1,243,0.02688950494242211,0.02302991389296949,0.03859591127062837,0.0005712403520421409
structure,1,244,0.026857467057804268,0.023072284646332264,0.03785182489082217,0.0005684100079118693
structure,1,245,0.026965977158397436,0.023154105603074033,0.03811871989940604,0.0005655789340700907
structure,1,246,0.02697838315119346,0.0231044120931377,0.03873971104621887,0.0005627472427311599
structure,1,247,0.027153307261566322,0.023182325530797243,0.03970981373762091,0.0005599150461339072
structure,1,248,0.02686224722613891,0.023017351826032,0.03844895105188092,0.0005570824565371895
structure,1,249,0.02682298670212428,0.022973198133210342,0.038497883981714644,0.0005542495862154417
structure,1,250,0.02684984790782134,0.02304352354258299,0.03806324272106091,0.0005514165474542244
structure,1,251,0.026619612704962492,0.022883060310656827,0.037365525495260954,0.0005485834525457758
structure,1,252,0.026793883958210547,0.022884661952654522,0.03909221990033984,0.0005457504137845584
structure,1,253,0.02662170585244894,0.022828996724759538,0.03792709189777573,0.0005429175434628103
structure,1,254,0.02660981115574638,0.02281276478121678,0.03797046607360244,0.0005400849538660929
structure,1,255,0.026604565947006147,0.022864249534904957,0.03740316458667318,0.0005372527572688402
structure,1,256,0.026558233580241602,0.022787832577402394,0.03770400847618779,0.0005344210659299094
structure,1,257,0.027243248807887237,0.023284675475830834,0.03958573223402103,0.0005315899920881308
structure,1,258,0.027675599480668705,0.023633562494069338,0.04042036831378937,0.0005287596479578591
structure,1,259,0.027042355077962082,0.023161720018833876,0.03880634981517991,0.0005259301457245257
structure,1,260,0.026715208465854328,0.022839784001310665,0.03875424154102802,0.0005231015975401924
structure,1,261,0.026673424212882917,0.022986306964109342,0.03687117574736476,0.0005202741155191051
structure,1,262,0.026608159765601158,0.02286929590627551,0.03738863719627261,0.0005174478117332506
structure,1,263,0.02669575810432434,0.022809159786750872,0.038865981778750815,0.0005146227982079145
structure,1,264,0.026861385131875675,0.022916785441339016,0.0394459975262483,0.0005117991869172412
structure,1,265,0.02643247041851282,0.022803908679634333,0.03628561218890051,0.0005089770897797945
structure,1,266,0.02643918727214138,0.022693762090057135,0.03745425011341771,0.0005061566186541225
structure,1,267,0.02645896413984398,0.02273188523637752,0.03727079089730978,0.0005033378853343236
structure,1,268,0.026447778722892206,0.022707253306483228,0.037405253387987614,0.0005005210015456152
structure,1,269,0.026419179358830053,0.02270005689933896,0.037191224905351795,0.0004977060789399056
structure,1,270,0.02636550460010767,0.02265589389329155,0.037096104895075165,0.0004948932290913684
structure,1,271,0.02660859531412522,0.022804323428620894,0.03804272133857012,0.0004920825634920198
structure,1,272,0.02643402215714256,0.022677397588267922,0.037566241497794785,0.0004892741935472998
structure,1,273,0.02631946513429284,0.022648829811563093,0.03670635120943189,0.0004864682305716559
structure,1,274,0.026517477196951706,0.02264752968524893,0.038699474185705185,0.0004836647857841319
structure,1,275,0.026400291981796425,0.022658413896958034,0.03741878022750219,0.00048086397030395876
structure,1,276,0.026309091520185273,0.0225993562489748,0.03709735115990043,0.00047806589514615036
structure,1,277,0.02630812395364046,0.022604594783236582,0.03703528813396891,0.00047527067121710324
structure,1,278,0.026379491512974102,0.022637566706786554,0.03741924728577336,0.00047247840931020094
structure,1,279,0.02635664539411664,0.022644931683316827,0.03711713493491212,0.00046968922010142214
structure,1,280,0.026509948074817657,0.02265405662668248,0.03855891184260448,0.000466903214144954
structure,1,281,0.026194963448991377,0.022492483103026945,0.037024800976117454,0.00046412050186881034
structure,1,282,0.02645445599531134,0.022709213740502793,0.03745242006455859,0.0004613411935704541
structure,1,283,0.02617816161364317,0.022463387188812096,0.037147743006547294,0.00045856539941242596
structure,1,284,0.026348312851041555,0.02255184544871251,0.037964674488951765,0.00045579322941797785
structure,1,285,0.026212903205305338,0.022540988866239786,0.03671914075190822,0.0004530247934667121
structure,1,286,0.026066827743003767,0.022357224331547815,0.03709603582198421,0.0004502602012902256
structure,1,287,0.026181477742890518,0.022492192996044953,0.036892847158014774,0.000447499562467761
structure,1,288,0.026041327665249508,0.02241115760989487,0.03630170381317536,0.00044474298642186306
structure,1,289,0.026433128863573074,0.022647556693603594,0.037855721854915224,0.0004419905824140415
structure,1,290,0.02634316294764479,0.022601821925491095,0.03741341425726811,0.0004392424595404407
structure,1,291,0.026270833021650713,0.022508790095647175,0.037620430501798786,0.00043649872672751465
structure,1,292,0.026247700055440266,0.022516558567682903,0.037311417050659657,0.0004337594927277102
structure,1,293,0.026369993574917316,0.02248733506227533,0.038826585126419864,0.0004310248661151561
structure,1,294,0.026121140069638688,0.022532419379179675,0.03588720721503099,0.0004282949552813596
structure,1,295,0.026003977671886485,0.02236276352778077,0.03641213818142811,0.00042556986843091013
structure,1,296,0.02599027535567681,0.02237669168971479,0.036135835107415915,0.0004228497135771907
structure,1,297,0.026174490495274465,0.022449401207268238,0.03725089024131497,0.0004201345985380961
structure,1,298,0.026015670426810782,0.022246497372786205,0.03769172759105762,0.00041742463093175964
structure,1,299,0.026027904668202,0.022366452341278393,0.03661452420055866,0.00041471991817228763
structure,1,300,0.026142597974588472,0.022439411065230768,0.03703186738615235,0.0004120205674655015
structure,1,301,0.026003311077753704,0.022337994848688442,0.036653161980211735,0.0004093266858046891
structure,1,302,0.026553431370606024,0.022856189869344234,0.036972415167838335,0.00040663837996636313
structure,1,303,0.02608453296124935,0.022487111234416563,0.03597422239060203,0.0004039557565060296
structure,1,304,0.02596829179674387,0.022252345457673073,0.03715946323548754,0.00040127892175396333
structure,1,305,0.026005818275734782,0.02225612523034215,0.03749693060914675,0.0003986079818109947
structure,1,306,0.025936948290715616,0.022289472942550976,0.036474753792087235,0.0003959430425443029
structure,1,307,0.026231512272109587,0.022525120060890913,0.03706391993910074,0.00039328420958322077
structure,1,308,0.026427711515376966,0.02254771689573924,0.03879994805902243,0.0003906315883150471
structure,1,309,0.026073817008485396,0.02242285634080569,0.03650960768572986,0.00038798528388086996
structure,1,310,0.025875821166361373,0.022292486081520718,0.03583334836487969,0.00038534540117139893
structure,1,311,0.02586776576936245,0.02224118324617545,0.03626582709451517,0.0003827120448228081
structure,1,312,0.025893702715014417,0.02220848676127692,0.036852161244799696,0.00038008531921258833
structure,1,313,0.02585861785337329,0.022217580039675038,0.036410379223525524,0.0003774653284554097
structure,1,314,0.025843288594235975,0.022257963583494227,0.03585324715822935,0.00037485217639899525
structure,1,315,0.02578038815408945,0.022164601522187393,0.03615786569813887,0.0003722459666200048
structure,1,316,0.02590550808236003,0.022298628541951377,0.03606879043703278,0.0003696468024199291
structure,1,317,0.025979619938880205,0.022293329394112032,0.036862904050697885,0.0003670547868209961
structure,1,318,0.02602241118438542,0.022281205747276545,0.03741205375020703,0.00036447002256208646
structure,1,319,0.026036562863737345,0.022312745296706755,0.03723817365244031,0.00036189261209466185
structure,1,320,0.025806225758666795,0.02217548922635615,0.03630736485744516,0.0003593226575787045
structure,1,321,0.025803248242785532,0.022179071015367906,0.03624176885932684,0.0003567602608786669
structure,1,322,0.025694395105044048,0.02206065730812649,0.03633737796917558,0.00035420552355943557
structure,1,323,0.02592395960042874,0.022268903131286304,0.03655056639884909,0.0003516585468823039
structure,1,324,0.0260972217656672,0.022136297076940536,0.03960924269631505,0.0003491194318009598
structure,1,325,0.025892562543352444,0.022162642019490402,0.037299204928179584,0.00034658827895748363
structure,1,326,0.02589895048489173,0.022284339414909482,0.03614610992372036,0.00034406518867835853
structure,1,327,0.02595324767753482,0.022322136132667463,0.03631111420691013,0.00034155026097049514
structure,1,328,0.026143540007372696,0.022372104227542877,0.03771435562521219,0.000339043595517266
structure,1,329,0.025748519382129114,0.02214075376590093,0.03607765678316355,0.00033654529167455674
structure,1,330,0.02571139546732108,0.02210701551909248,0.0360437985509634,0.00033405544846682513
structure,1,331,0.02581613278016448,0.022142564800257485,0.03673567917818824,0.0003315741645831784
structure,1,332,0.025564861328651507,0.021971633192151785,0.03593228276198109,0.0003291015383734601
structure,1,333,0.02573983495434125,0.022134486585855484,0.03605348446095983,0.00032663766784435264
structure,1,334,0.025544966959084075,0.02201240137219429,0.03532565563606719,0.00032418265065549255
structure,1,335,0.025596235257883865,0.02202309248968959,0.035731428768485785,0.00032173658411559876
structure,1,336,0.02555800648406148,0.021973274027307827,0.03584732596452037,0.00031929956517861695
structure,1,337,0.025541595183312893,0.02197438074896733,0.03567214092860619,0.0003168716904398753
structure,1,338,0.025565674528479576,0.021968724982192118,0.035969494841992855,0.0003144530561322569
structure,1,339,0.02555216212446491,0.021998248528689146,0.03553913518165549,0.00031204375812238417
structure,1,340,0.02544128514515857,0.021891163584465783,0.035501215141266584,0.0003096438919068208
structure,1,341,0.02553228832160433,0.021969854986915987,0.035624330708136163,0.00030725355260828444
structure,1,342,0.025453879808386166,0.02188828509921829,0.035655944452931486,0.00030487283497187813
structure,1,343,0.025490282801911235,0.0219091873926421,0.03581095145394405,0.00030250183336133366
structure,1,344,0.0255214167603602,0.021941305448611576,0.03580111482491096,0.0003001406417552723
structure,1,345,0.025489235141625006,0.02191300643607974,0.03576228736589352,0.00029778935374347935
structure,1,346,0.025486326776444912,0.02195408893749118,0.03532238040740291,0.00029544806252319405
structure,1,347,0.025544476695358753,0.02195257569352786,0.03591901110485196,0.00029311686089541686
structure,1,348,0.025572086839626234,0.02200583158992231,0.03566255265225967,0.00029079584126122946
structure,1,349,0.02558248396962881,0.022127604732910793,0.03454879128063718,0.0002884850956181338
structure,1,350,0.025736966636031866,0.02204635910068949,0.036906079233934484,0.00028618471555640475
structure,1,351,0.02530370761329929,0.021825000100458663,0.034787073731422424,0.0002838947922554602
structure,1,352,0.025603762362152338,0.022033529356122017,0.035702330991625786,0.0002816154164802463
structure,1,353,0.02568878016124169,0.022093295430143673,0.03595484389613072,0.00027934667857764105
structure,1,354,0.025388213029752176,0.021833051772167284,0.03555161024754246,0.00027708866847287177
structure,1,355,0.025398745977630217,0.02181909140199423,0.035796544359376035,0.00027484147566595216
structure,1,356,0.025420187662045162,0.02190869627520442,0.0351149116953214,0.00027260518922813407
structure,1,357,0.02531706914305687,0.021797151149561007,0.03519917962451776,0.00027037989779837683
structure,1,358,0.025330301218976576,0.02178884468351801,0.03541456488892436,0.0002681656895798346
structure,1,359,0.025298574085657794,0.021769300413628418,0.03529273749639591,0.00026596265233635937
structure,1,360,0.025279059540480375,0.021722435485571623,0.03556623992820581,0.0002637708733890237
structure,1,361,0.02527833745504419,0.021741235395893455,0.03537102167805036,0.00026159043961265777
structure,1,362,0.02527800714597106,0.02175102476030588,0.035269823390990496,0.00025942143743240765
structure,1,363,0.025282879825681448,0.021751596592366695,0.03531283373013139,0.00025726395282030826
structure,1,364,0.025333238144715626,0.021853171366577346,0.03480066576351722,0.0002551180712918769
structure,1,365,0.02521320649733146,0.021695139662673075,0.03518066400041183,0.00025298387790272326
structure,1,366,0.025326869450509548,0.021730837877839804,0.035960314640154444,0.00025086145724517755
structure,1,367,0.025450101510311168,0.021889754105359316,0.035603476067384086,0.0002487508934449386
structure,1,368,0.025516601124157507,0.021922353965540726,0.03594247189660867,0.0002466522701577384
structure,1,369,0.025315563504894573,0.021680962449560564,0.0363460088459154,0.0002445656705660271
structure,1,370,0.025292910635471344,0.02176660958987971,0.03526300967981418,0.00024249117737567486
structure,1,371,0.025187161285430193,0.02167347182209293,0.035136893624439836,0.0002404288728126955
structure,1,372,0.02528144434715311,0.02173436099352936,0.03547083198403319,0.0002383788386199849
structure,1,373,0.025618216798951227,0.02185592280390362,0.03762293870871266,0.00023634115605408317
structure,1,374,0.025409683895607788,0.021817766207580764,0.035919179363797106,0.00023431590588195243
structure,1,375,0.025306560564786196,0.02170875536588331,0.035978051368147135,0.0002323031683777763
structure,1,376,0.02524851666142543,0.021740614902228117,0.035079019920279585,0.00023030302331977814
structure,1,377,0.025210692392041285,0.02169382432475686,0.035168683622032404,0.00022831554998705783
structure,1,378,0.02526419423520565,0.0217570000483344,0.035071940471728645,0.00022634082715645103
structure,1,379,0.02521886653266847,0.021705331824099023,0.035135346464812756,0.0002243789330994051
structure,1,380,0.025158160986999672,0.021674925616631906,0.03483235261713465,0.00022242994557887817
structure,1,381,0.025169921573251486,0.0216826053801924,0.03487316332757473,0.0002204939418462558
structure,1,382,0.025180664844810963,0.021676540685196716,0.035041240975260735,0.0002185709986382895
structure,1,383,0.025159672057876985,0.02164191131790479,0.035177606313178934,0.00021666119217405476
structure,1,384,0.025196949408079188,0.021731301909312606,0.03465647483244538,0.00021476459815193065
structure,1,385,0.02537756956492861,0.021720185565451782,0.03657383797690272,0.00021288129174659845
structure,1,386,0.02530720519522826,0.021693382567415636,0.036138223173717655,0.00021101134760606282
structure,1,387,0.025378221335510414,0.02180266302699844,0.03575558075681329,0.00020915483984869278
structure,1,388,0.025349293369799852,0.02169486430163185,0.036544291923443474,0.00020731184206028338
structure,1,389,0.025119542532290023,0.02158999869910379,0.035295439107964434,0.00020548242729113986
structure,1,390,0.0251053967513144,0.02164051852499445,0.034648784125844635,0.0002036666680531812
structure,1,391,0.025134043302387,0.02164387213997543,0.034901711934556566,0.00020186463631706724
structure,1,392,0.025111607586344082,0.021619128839423258,0.03492478933185339,0.00020007640350934463
structure,1,393,0.02513700428729256,0.021589895399908226,0.03547108739924928,0.00019830204050961682
structure,1,394,0.025130375909308594,0.02159488806501031,0.035354879995187126,0.0001965416176477338
structure,1,395,0.025088422000408173,0.021651732657725613,0.03436689218506217,0.00019479520470100522
structure,1,396,0.02502121077850461,0.021535427620013554,0.03485783329233527,0.00019306287089143387
structure,1,397,0.02502839732915163,0.021558589379613597,0.034698078874498606,0.0001913446848829728
structure,1,398,0.02506665016214053,0.02157324831932783,0.03493401982511083,0.00018964071477880297
structure,1,399,0.025083341325322788,0.02158910734578967,0.03494234227885803,0.0001879510281186341
structure,1,400,0.025155066202084225,0.021653232630342245,0.03501833680396279,0.00018627569187602803
structure,1,401,0.025057105580344796,0.02155772635402779,0.034993794125815235,0.0001846147724557432
structure,1,402,0.024991935739914577,0.021519487102826435,0.0347244863708814,0.00018296833569110386
structure,1,403,0.02504230523481965,0.02154566200139622,0.03496643186857303,0.00018133644684138923
structure,1,404,0.025088242332761485,0.021596968406811357,0.034912742053469024,0.0001797191705892481
structure,1,405,0.025101689156144857,0.021604027987147372,0.034976610292991005,0.000178116571038134
structure,1,406,0.02505729456121723,0.02156068105250597,0.03496613477667173,0.00017652871170976533
structure,1,407,0.025049426748106878,0.02157737749318282,0.034720489755272865,0.0001749556555416066
structure,1,408,0.025043565857534606,0.021566578031828005,0.03476987515265743,0.00017339746488437453
structure,1,409,0.025041959558924038,0.021527211492260296,0.03514748113229871,0.00017185420149956645
structure,1,410,0.024972306098788977,0.021534132383142907,0.03438173669079939,0.00017032592655701195
structure,1,411,0.024995869646469753,0.021501720417290926,0.03494148872171839,0.00016881270063244893
structure,1,412,0.025017452736695606,0.021556689326340955,0.034607631309578814,0.00016731458370512203
structure,1,413,0.025025761298214395,0.02158160430068771,0.03444157044092814,0.0001658316351554057
structure,1,414,0.025100098301966984,0.02154683554545045,0.035532630048692226,0.00016436391376244995
structure,1,415,0.02509244003643592,0.0216044457629323,0.034879941338052355,0.0001629114777018514
structure,1,416,0.02493379986844957,0.021495165303349495,0.034386347979307175,0.00016147438454334643
structure,1,417,0.02500011531325678,0.02151971566490829,0.03480399353429675,0.0001600526912485301
structure,1,418,0.025006866781041026,0.02154701412655413,0.03459852530310551,0.00015864645416859815
structure,1,419,0.02506231764952342,0.021556533096979063,0.035057849095513426,0.00015725572904211292
structure,1,420,0.025334237841889262,0.021799748996272683,0.035344889077047505,0.00015588057099279502
structure,1,421,0.02512229544421037,0.021577325649559498,0.035449694376438856,0.00015452103452733736
structure,1,422,0.025030578409011166,0.0215667641411225,0.03463813988491893,0.00015317717353324577
structure,1,423,0.024961404347171385,0.02151700745647152,0.03444396875177821,0.00015184904127670202
structure,1,424,0.02491725655272603,0.021439993598808844,0.034772627210865416,0.0001505366904004532
structure,1,425,0.024950485831747454,0.02152723081720372,0.0342325495245556,0.00014924017292172498
structure,1,426,0.024969017133116722,0.021502435440197587,0.03466581522176663,0.00014795954023015976
structure,1,427,0.02492675216247638,0.021491273306310177,0.03435478778555989,0.00014669484308577974
structure,1,428,0.02494315958271424,0.021467168039331835,0.0347599166755875,0.00014544613161697508
structure,1,429,0.024899712142844994,0.02145137032493949,0.03448341926559806,0.00014421345531851696
structure,1,430,0.02490201996018489,0.021480427977318566,0.03421591687947512,0.0001429968630495956
structure,1,431,0.02493455649043123,0.021432952567314107,0.03501603783418735,0.0001417964030318838
structure,1,432,0.024916252431770165,0.021459699297944706,0.03456553149347504,0.00014061212284762544
structure,1,433,0.02488700191800793,0.021425766482328374,0.034612357461204134,0.00013944406943775003
structure,1,434,0.024931432989736397,0.021467413287609816,0.03464019725409647,0.00013829228910001106
structure,1,435,0.02487736699792246,0.02144793444313109,0.03429432461659113,0.00013715682748715205
structure,1,436,0.024885814792166155,0.021422164048999548,0.03463650324071447,0.00013603772960509627
structure,1,437,0.024848897475749254,0.02140973190156122,0.03439165729408463,0.00013493503981116322
structure,1,438,0.024863589477414887,0.021422202233225107,0.034413871044913925,0.00013384880181231017
structure,1,439,0.024907926796004176,0.021462327257419627,0.03445599585150679,0.00013277905866340012
structure,1,440,0.02483770763501525,0.021409216181685526,0.034284915775060654,0.00013172585276549498
structure,1,441,0.024853698288400967,0.021402994481225807,0.03450703822697202,0.000130689225864175
structure,1,442,0.02486952192460497,0.021435097015152376,0.03434424645577868,0.00012966921904788411
structure,1,443,0.024859819406022627,0.021417827267820638,0.034419919829815626,0.00012866587274630136
structure,1,444,0.02484013078113397,0.021400005168591935,0.034401253486673035,0.00012767922672873855
structure,1,445,0.024954395834356546,0.021521913042912882,0.03432482946664095,0.00012670932010256327
structure,1,446,0.025015975814312696,0.021503742163379986,0.03512233650932709,0.0001257561913116499
structure,1,447,0.024901464581489563,0.021457323882107932,0.03444140776991844,0.00012481987813485463
structure,1,448,0.02484576730057597,0.021380994313706953,0.034647731110453606,0.00012390041768451903
structure,1,449,0.024886129967247445,0.021470563330998022,0.03415566496551037,0.00012299784640499843
structure,1,450,0.024822554551064968,0.02137986182545622,0.03442692539344231,0.00012211220007121764
structure,1,451,0.02486812975257635,0.02140539411144952,0.03462735703215003,0.00012124351378725287
structure,1,452,0.024820674986888964,0.02138726320117712,0.03433411723623673,0.00012039182198494037
structure,1,453,0.02480614511296153,0.021384908972928923,0.03421236031378309,0.00011955715842251154
structure,1,454,0.024828720993051927,0.021417555088798206,0.03411165811121464,0.00011873955618325512
structure,1,455,0.024867267347872257,0.02142825536429882,0.034390118749191366,0.0001179390476742057
structure,1,456,0.024803881145392854,0.021382573914403718,0.03421306905026237,0.00011715566462485903
structure,1,457,0.024799622672920425,0.021363993640989065,0.03435628969843189,0.00011638943808591481
structure,1,458,0.024792575277388096,0.021389293018728495,0.03403282351791859,0.0001156403984280455
structure,1,459,0.024862679187208414,0.02143797146466871,0.03424707613885403,0.00011490857534069303
structure,1,460,0.024856205719212692,0.021392900807162125,0.03463304640414814,0.00011419399783089137
structure,1,461,0.024834252738704283,0.02143471618182957,0.033995363085220255,0.00011349669422211739
structure,1,462,0.024795314762741327,0.021339538351943094,0.034557765194525324,0.00011281669215316785
structure,1,463,0.024801769914726417,0.021366658775756758,0.03435111170013746,0.00011215401857706393
structure,1,464,0.024792700074613094,0.021382681870212156,0.03410018111268679,0.00011150869975998316
structure,1,465,0.02484829102953275,0.021398253195608657,0.034500377252697945,0.00011088076128021786
structure,1,466,0.024814725232621033,0.02138057234697044,0.034341526528199516,0.00011027022802716184
structure,1,467,0.024822628125548363,0.02140683603162567,0.034157921094447374,0.00010967712420032333
structure,1,468,0.02479603560641408,0.021367799723520875,0.03428235681106647,0.00010910147330836623
structure,1,469,0.024795604947333533,0.02135613141581416,0.03439473810916146,0.00010854329816817797
structure,1,470,0.024741148420919973,0.021312556695193052,0.03428591601550579,0.00010800262090396556
structure,1,471,0.02477805580322941,0.02138240495696664,0.03395650628954172,0.00010747946294637797
structure,1,472,0.024804336794962484,0.02134773546519379,0.0345660123663644,0.00010697384503165752
structure,1,473,0.024781022996952135,0.02135637914761901,0.03424643795005977,0.00010648578720081721
structure,1,474,0.02475954343875249,0.021339638003458578,0.03419905109331012,0.00010601530879884693
structure,1,475,0.02473095548339188,0.021330759550134342,0.03400196119522055,0.00010556242847394639
structure,1,476,0.024755014572292566,0.021339288136611383,0.03415726311504841,0.00010512716417678588
structure,1,477,0.024743567143256467,0.021318447155257065,0.03425120158741871,0.00010470953315979514
structure,1,478,0.02477683996160825,0.02137673009807865,0.034001096772650875,0.00010430955197647918
structure,1,479,0.024780846511324246,0.021371478990962107,0.034093673496196665,0.00010392723648076232
structure,1,480,0.024750493777294953,0.021335346934696037,0.0341514692020913,0.00010356260182635971
structure,1,481,0.024772118932257097,0.021355493227019906,0.034166258138914905,0.00010321566246617685
structure,1,482,0.02474186352143685,0.021322660458584625,0.03419203357771039,0.00010288643215173648
structure,1,483,0.02474846535672744,0.021352383075281978,0.03396081971004605,0.00010257492393263363
structure,1,484,0.024772692238911986,0.021370951319113374,0.03401741043974956,0.00010228115015601852
structure,1,485,0.024783587238440912,0.02136555368391176,0.034180333372205496,0.00010200512246610701
structure,1,486,0.024770573402444523,0.021369099772224825,0.03401473661263784,0.00010174685180371902
structure,1,487,0.024785892572253942,0.021347169919560354,0.034387226371715464,0.00010150634840584485
structure,1,488,0.024696699033180874,0.0212933667935431,0.03403332053373257,0.00010128362180523972
structure,1,489,0.02471537080903848,0.021290311279396217,0.03425059420987964,0.00010107868083004547
structure,1,490,0.02479336162408193,0.021356222219765186,0.03437139497449001,0.00010089153360344113
structure,1,491,0.024780899829541642,0.021360426209867,0.03420473301472763,0.00010072218754332046
structure,1,492,0.024703113362193108,0.021293741107607882,0.03409372394283613,0.00010057064936199837
structure,1,493,0.024711729182551306,0.02129144229305287,0.03420286672189832,0.00010043692506594446
structure,1,494,0.024740515121569235,0.02133194760729869,0.034085673900942005,0.00010032101995554533
structure,1,495,0.024737964384257793,0.02134121349081397,0.033967508003115654,0.00010022293862489412
structure,1,496,0.024788512227435906,0.021311444307987887,0.03477068183322748,0.00010014268496160877
structure,1,497,0.024764208278308313,0.021344387127707403,0.034198210729906954,0.00010008026214667765
structure,1,498,0.024688541268308956,0.021265695181985695,0.03422846179455519,0.00010003567265433361
structure,1,499,0.024716437018165987,0.02134245727211237,0.03373979513222972,0.00010000891825195589
structure,1,500,0.02473282115533948,0.02126995474100113,0.03462866321206093,0.0001
structure,2,1,0.13925474831547502,0.08403957352120012,0.5521517349285494,0.001
structure,2,2,0.1210424994597547,0.09056040780818182,0.3048209148038461,0.000999991081748044
structure,2,3,0.11135072794113085,0.08387204469728719,0.2747868081608267,0.0009999643273456663
structure,2,4,0.0998727769515533,0.07584738934670354,0.24025385737341315,0.0009999197378533222
structure,2,5,0.0895923956178187,0.06741005421540756,0.22182340589266844,0.0009998573150383913
structure,2,6,0.08110722652381144,0.05954606137566716,0.21561164220226028,0.0009997770613751058
structure,2,7,0.07236073348992175,0.05253974247149948,0.19820990465951027,0.0009996789800444546
structure,2,8,0.06186995801197331,0.044853332274965456,0.17016625365451485,0.0009995630749340555
structure,2,9,0.05263331651142932,0.038056065146045336,0.1457725080318613,0.0009994293506380017
structure,2,10,0.04601729611134249,0.03418238729958279,0.11834909807764207,0.0009992778124566796
structure,2,11,0.04051851650442218,0.03117006239007098,0.09348454024866418,0.0009991084663965588
structure,2,12,0.03972752504147998,0.031246081889453818,0.0848144349634803,0.0009989213191699546
structure,2,13,0.03735107377015891,0.029958960782571188,0.07392113078045161,0.0009987163781947602
structure,2,14,0.03591357043144286,0.02916492487719725,0.06748645742941774,0.0009984936515941552
structure,2,15,0.03532735159129449,0.028840535706974195,0.06486816009793518,0.000998253148196281
structure,2,16,0.034843074960279094,0.028577136863071676,0.06265937414399637,0.0009979948775338929
structure,2,17,0.034908600472516864,0.028562713190718667,0.06345887451041149,0.0009977188498439813
structure,2,18,0.03474752103554829,0.028347081103539652,0.06400439807508072,0.0009974250760673663
structure,2,19,0.0343472805584224,0.028389974971430733,0.05957305433311288,0.0009971135678482636
structure,2,20,0.033734569690790875,0.027943333071065633,0.05791236244278228,0.000996784337533823
structure,2,21,0.033316900691032096,0.027791064038055684,0.055258364506629985,0.0009964373981736403
structure,2,22,0.03345244177969722,0.02788027711018103,0.0557216497882228,0.0009960727635192376
structure,2,23,0.03309074415783969,0.027748754549547835,0.05341989623854428,0.0009956904480235209
structure,2,24,0.03331174322114601,0.027782816493363355,0.05528926665532371,0.0009952904668402048
structure,2,25,0.03287936471811163,0.027542309154690713,0.05337055581415135,0.0009948728358232142
structure,2,26,0.033282577232810286,0.027656470174966842,0.05626106919725632,0.0009944375715260536
structure,2,27,0.033385883248350325,0.02768278293136517,0.05703099540801957,0.000993984691201153
structure,2,28,0.03315824978831698,0.027481326526979242,0.056769228421209995,0.0009935142127991828
structure,2,29,0.032652774655476564,0.027322344131787205,0.05330430512017432,0.0009930261549683426
structure,2,30,0.032543943071489854,0.027186771528916943,0.053571719598443326,0.000992520537053622
structure,2,31,0.03245287003389538,0.027393024074346527,0.05059846088912717,0.0009919973790960344
structure,2,32,0.032262708792370545,0.027262186748279602,0.0500052142061546,0.000991456701831822
structure,2,33,0.03240086204389368,0.02749335879153589,0.049075036239141584,0.0009908985266916337
structure,2,34,0.032275174766312066,0.02730040517745068,0.049747699015717906,0.0009903228757996768
structure,2,35,0.03259421275155351,0.027563255494241615,0.050309570073381105,0.000989729771972838
structure,2,36,0.03299541388183599,0.027718056829806718,0.05277356759258412,0.0009891192387197821
structure,2,37,0.032630227535340554,0.027390003428057655,0.05240223733781212,0.0009884913002400169
structure,2,38,0.032080100844407516,0.0270250566576075,0.05055044043818902,0.000987845981422936
structure,2,39,0.031975699525433485,0.02700159395254623,0.04974105708087082,0.0009871833078468322
structure,2,40,0.03174400826619437,0.02700208339538649,0.04741924684057037,0.0009865033057778825
structure,2,41,0.03154159134482435,0.02683758195830076,0.04704009230897881,0.0009858060021691085
structure,2,42,0.031872362219400256,0.027007320793661686,0.048650411786827656,0.0009850914246593069
structure,2,43,0.0316746394701944,0.02684949489198528,0.048251443175360675,0.0009843596015719545
structure,2,44,0.03198019402495564,0.027002928014990556,0.04977266150028214,0.0009836105619140851
structure,2,45,0.03156089806058699,0.026992211886742407,0.04568686176762569,0.000982844335375141
structure,2,46,0.0316771517067603,0.02700156270095947,0.04675588996074218,0.0009820609523257943
structure,2,47,0.03149901465184539,0.026853643372343663,0.04645371139438594,0.000981260443816745
structure,2,48,0.03141913002760541,0.026824890249275042,0.045942395623997045,0.0009804428415774885
structure,2,49,0.03147467136305244,0.02676557392543352,0.04709097328680925,0.0009796081780150596
structure,2,50,0.03136239104537055,0.026803648143072976,0.04558743045278691,0.000978756486212747
structure,2,51,0.03147737538884576,0.026809192877797795,0.04668182621931283,0.0009778877999287825
structure,2,52,0.0312574093884183,0.026667268304810823,0.045901410495643516,0.0009770021535950016
structure,2,53,0.031211139415402947,0.026690121409398145,0.04521018237498037,0.000976099582315481
structure,2,54,0.03172171895949087,0.02684042622230694,0.048812924531670215,0.0009751801218651454
structure,2,55,0.03134769941959773,0.026704005877591922,0.0464369391453484,0.0009742438086883502
structure,2,56,0.031071930199705902,0.026578414212552436,0.044935164229054365,0.0009732906798974367
structure,2,57,0.030974228713204283,0.026520773700338743,0.044534546996688094,0.0009723207732712615
structure,2,58,0.030994289255562402,0.02651115608530474,0.04483133169285,0.0009713341272536987
structure,2,59,0.030991921498009802,0.026540648659044395,0.04451273287361969,0.0009703307809521158
structure,2,60,0.03240923246966952,0.027066922841433135,0.05342310065933681,0.000969310774135825
structure,2,61,0.031750815062158724,0.026913346231528423,0.048374689716660944,0.0009682741472345051
structure,2,62,0.03125664241631411,0.02675882804234252,0.04497814638535286,0.0009672209413366
structure,2,63,0.03092380176363975,0.02650282198354096,0.04420979807333286,0.00096615119818769
structure,2,64,0.03097593063590732,0.026381724156614383,0.04594206368409622,0.0009650649601888368
structure,2,65,0.031000631197547788,0.026533459296192264,0.04467171466089882,0.0009639622703949038
structure,2,66,0.030985472514719628,0.026556693844244313,0.04428778576127232,0.000962843172512848
structure,2,67,0.030794793812864443,0.02635770567325637,0.04437087801122167,0.0009617077108999891
structure,2,68,0.03132295423714984,0.026659431981589092,0.04663522052274672,0.0009605559305622501
structure,2,69,0.03193361075308086,0.02704663207516191,0.048869790042466034,0.0009593878771523745
structure,2,70,0.031452249006098304,0.026484099335910134,0.04968149526234395,0.0009582035969681164
structure,2,71,0.030856306774069996,0.026352161852832564,0.04504145202336361,0.0009570031369504046
structure,2,72,0.03098060996040663,0.02640151862278775,0.0457909101275022,0.0009557865446814831
structure,2,73,0.030860921868923127,0.026304165504425374,0.04556756040601755,0.0009545538683830249
structure,2,74,0.030546420830114704,0.02614109472957666,0.04405325880716737,0.0009533051569142203
structure,2,75,0.031008171525543103,0.026287494173793818,0.0472067716402578,0.0009520404597698404
structure,2,76,0.030718968223109256,0.026247264831946972,0.044717035779131296,0.000950759827078275
structure,2,77,0.030635089139325188,0.02624225951536673,0.04392829438180276,0.0009494633095995468
structure,2,78,0.03047858441233946,0.026183158091169736,0.04295426337704957,0.000948150958723298
structure,2,79,0.030553515241833952,0.026268811740817664,0.042847035467313416,0.0009468228264667542
structure,2,80,0.030539492480748626,0.026296405880359384,0.04243086304700406,0.0009454789654726626
structure,2,81,0.030264036627802464,0.02599153818693936,0.04272498331925109,0.000944119429007205
structure,2,82,0.03040064598966205,0.026241524859912713,0.04159121513950296,0.0009427442709578871
structure,2,83,0.030768246246458034,0.02609969482954115,0.04668552008294561,0.000941353545831402
structure,2,84,0.031028142967322165,0.02598951199133309,0.05038631052829267,0.0009399473087514699
structure,2,85,0.031000827947344545,0.026179478992525654,0.048213486591300515,0.0009385256154566536
structure,2,86,0.03148884274668544,0.026514803334175763,0.049740394737873006,0.0009370885222981487
structure,2,87,0.0313027794557981,0.02649582380200335,0.048069556858925534,0.0009356360862375501
structure,2,88,0.031643773903267815,0.02668535086878286,0.0495842297126201,0.0009341683648445943
structure,2,89,0.03057214642045703,0.02610656075840986,0.04465585118329867,0.0009326854162948781
structure,2,90,0.030955516103431387,0.02637156250816101,0.045839535782488144,0.0009311872993675511
structure,2,91,0.030720465887075304,0.02596201344488028,0.047584523799447415,0.000929674073442988
structure,2,92,0.03029807460525951,0.02601230810286949,0.042857665811755326,0.0009281457985004336
structure,2,93,0.030125095428748166,0.025986332339344075,0.04138763044661704,0.0009266025351156256
structure,2,94,0.030084989712070236,0.02596336626022198,0.041216234683834854,0.0009250443444583935
structure,2,95,0.030051149739142188,0.025844321578896698,0.042068277575639766,0.0009234712882902347
structure,2,96,0.03023102823109913,0.026045927053254203,0.04185101222587317,0.0009218834289618661
structure,2,97,0.029963952404089448,0.025845162604519654,0.04118789428013423,0.000920280829410752
structure,2,98,0.02988905068632828,0.025824300896172114,0.04064749496412651,0.0009186635531586108
structure,2,99,0.0301224967518301,0.025837416330221116,0.04285080317534292,0.0009170316643088962
structure,2,100,0.030125958319782587,0.025827219354732853,0.04298738933438265,0.0009153852275442568
structure,2,101,0.030274052095086393,0.025870696031160205,0.0440335570793239,0.0009137243081239721
structure,2,102,0.030054442788773356,0.02587660445342954,0.04177838362578312,0.0009120489718813659
structure,2,103,0.029883886398091017,0.025722262520080447,0.04161623878983231,0.0009103592852211972
structure,2,104,0.029948027191717692,0.025757647063534502,0.04190380328551285,0.0009086553151170272
structure,2,105,0.02988283650818288,0.025657051439851756,0.04225785240005731,0.0009069371291085661
structure,2,106,0.030139199392408056,0.025950858092261355,0.04188341487870204,0.0009052047952989949
structure,2,107,0.029927632944079664,0.02581454558156956,0.04113087207857062,0.0009034583823522663
structure,2,108,0.029750410481976155,0.025614629579858744,0.04135781320361494,0.0009016979594903832
structure,2,109,0.029741666744178642,0.025592769483984607,0.0414889745861681,0.0008999235964906553
structure,2,110,0.030441532558311682,0.02619210974004499,0.04249423005017537,0.0008981353636829328
structure,2,111,0.030286146643967914,0.02589678596072969,0.04389360607370695,0.0008963333319468188
structure,2,112,0.029569446641766993,0.025605121111939844,0.0396432514173555,0.0008945175727088603
structure,2,113,0.02999375983780887,0.025904194960083726,0.0408956503335085,0.0008926881579397167
structure,2,114,0.03095461266217437,0.026358542567503203,0.04596070203122831,0.0008908451601513074
structure,2,115,0.03078029234711246,0.026154848778566865,0.04625443832622963,0.0008889886523939372
structure,2,116,0.03017625449025911,0.025796346288592634,0.04379908182213263,0.0008871187082534017
structure,2,117,0.030666289184796903,0.026138257011576668,0.045280323599710785,0.0008852354018480694
structure,2,118,0.030884196641356453,0.026177925147680327,0.047062715705163176,0.0008833388078259452
structure,2,119,0.029821340763070876,0.02576749795663606,0.040538430204201614,0.0008814290013617105
structure,2,120,0.02984030345362409,0.025596507131936657,0.04243796600841044,0.0008795060581537442
structure,2,121,0.029338032624856923,0.025433047550582077,0.039049848860650084,0.000877570054421122
structure,2,122,0.029635555940065,0.025437256452620186,0.04198299674195658,0.0008756210669005949
structure,2,123,0.029699042862568137,0.025515449153108632,0.04183593476020948,0.0008736591728435492
structure,2,124,0.02917367330808241,0.025263052365642927,0.03910621404453295,0.0008716844500129422
structure,2,125,0.029477368622006696,0.025581629236785614,0.03895738980594254,0.000869696976680222
structure,2,126,0.02952445239101004,0.02547098848453234,0.04053464122408364,0.0008676968316222237
structure,2,127,0.029472360752192242,0.025440968281295218,0.040313925467645534,0.0008656840941180476
structure,2,128,0.029408246842905997,0.02533531538150018,0.04072931201705422,0.0008636588439459168
structure,2,129,0.02953876292347597,0.025526131442492685,0.04012631575331364,0.0008616211613800151
structure,2,130,0.02918377201566497,0.025293490258543983,0.03890281352494155,0.0008595711271873046
structure,2,131,0.029143098167900006,0.025207458827498686,0.03935639311221499,0.0008575088226243251
structure,2,132,0.029287976633475283,0.025247228076540458,0.04040748571524732,0.0008554343294339731
structure,2,133,0.029440797398513664,0.025416733220453052,0.040240643623798075,0.0008533477298422618
structure,2,134,0.02890599424179945,0.02504559715738029,0.0386039703870411,0.0008512491065550615
structure,2,135,0.029439287449843577,0.025378717921732612,0.040605696059238194,0.0008491385427548225
structure,2,136,0.029152198439322936,0.025230571272595745,0.03921627183748754,0.0008470161220972769
structure,2,137,0.0290522587342144,0.02514053756667802,0.039117206247917355,0.0008448819287081231
structure,2,138,0.029181991579794075,0.025227086088442617,0.03954905350315664,0.0008427360471796918
structure,2,139,0.029449350470506803,0.025380424415940715,0.0406892575984991,0.0008405785625675925
structure,2,140,0.030272031689242657,0.02562354998201054,0.04648481879879383,0.0008384095603873422
structure,2,141,0.029622327366128916,0.02546055919391057,0.04161768127475955,0.0008362291266109763
structure,2,142,0.02905524733133478,0.02516379466100399,0.03891452562365457,0.0008340373476636405
structure,2,143,0.029009782507354222,0.025155243573238582,0.03854538854843798,0.0008318343104201655
structure,2,144,0.0296255858522638,0.02540414973451481,0.04221435841513365,0.0008296201022016233
structure,2,145,0.02976310680141337,0.02553956036506994,0.04223546077431649,0.0008273948107718659
structure,2,146,0.029557465981721254,0.025313387641940976,0.04244078526531125,0.0008251585243340478
structure,2,147,0.029792143824673198,0.025554169922600217,0.04237973433250547,0.0008229113315271283
structure,2,148,0.029231867307977017,0.025314689840022327,0.03917177236461453,0.0008206533214223591
structure,2,149,0.028905881272127985,0.025089566787952853,0.03816314517245591,0.0008183845835197537
structure,2,150,0.0290643639920897,0.02516216650974813,0.03902197562099748,0.0008161052077445399
structure,2,151,0.029223555956745896,0.025200310690868307,0.04023245000341231,0.0008138152844435952
structure,2,152,0.02878202511576386,0.02504093876940152,0.03741086034138271,0.0008115149043818662
structure,2,153,0.02886918722104777,0.025064594066135256,0.03804593571211277,0.0008092041587387706
structure,2,154,0.028782327720219412,0.0249829166629607,0.037994109979264105,0.0008068831391045833
structure,2,155,0.029293203026095196,0.025203992824213622,0.040892098439424526,0.000804551937476806
structure,2,156,0.028954980024391928,0.025140069464012475,0.03814910671262766,0.0008022106462565208
structure,2,157,0.028844186306661166,0.024995148867641044,0.03849037251296616,0.0007998593582447277
structure,2,158,0.028574114928007436,0.024813416547703682,0.037606983161081534,0.0007974981666386664
structure,2,159,0.02874707620269947,0.024956387081049754,0.03790688829851524,0.000795127165028122
structure,2,160,0.028515483678243178,0.024814770257893182,0.037007135156707414,0.0007927464473917156
structure,2,161,0.02872780148747229,0.024818237627766464,0.03909564178738519,0.0007903561080931794
structure,2,162,0.028687732853481727,0.02482453082972656,0.03863202067524895,0.0007879562418776158
structure,2,163,0.02875943623930605,0.024832431504177053,0.03927004672878716,0.0007855469438677433
structure,2,164,0.028548450201905426,0.024707422064077448,0.03841028060015125,0.0007831283095601248
structure,2,165,0.028356494240988017,0.024719359202422297,0.03637134944217635,0.0007807004348213832
structure,2,166,0.028745437429989286,0.024906991608927207,0.03838445694616196,0.0007782634158844013
structure,2,167,0.02862447370865015,0.024739893469424533,0.03884580114725053,0.0007758173493445075
structure,2,168,0.02836369945334548,0.024707856279245866,0.03655842661507447,0.0007733623321556474
structure,2,169,0.028353081563823216,0.024702816073328023,0.03650265534264923,0.00077089846162654
structure,2,170,0.02843643534763208,0.024736347197319136,0.037000881211331244,0.0007684258354168216
structure,2,171,0.02841906408066849,0.024715929172991462,0.03703134967981991,0.0007659445515331749
structure,2,172,0.028430913266173852,0.024759844023316088,0.03671069421827326,0.0007634547083254433
structure,2,173,0.028490133063172236,0.02457828061562761,0.03911852463107196,0.000760956404482734
structure,2,174,0.02840821889494169,0.02461112550321198,0.03797093158777482,0.0007584497390295051
structure,2,175,0.028597727729197272,0.02478875852051354,0.03808968963573247,0.0007559348113216416
structure,2,176,0.028354367863766206,0.024585686351705157,0.03768681156067251,0.0007534117210425165
structure,2,177,0.028328633981491817,0.024636323862847708,0.03692310071956396,0.0007508805681990402
structure,2,178,0.028596064469755163,0.02480400178591203,0.03792062804453056,0.0007483414531176961
structure,2,179,0.02842090270109961,0.024610651418683422,0.03810251624792736,0.0007457944764405646
structure,2,180,0.027844396042917167,0.02431029530713826,0.035341006399718336,0.0007432397391213332
structure,2,181,0.028158109975545898,0.024442605586727357,0.03715504440369556,0.0007406773424212957
structure,2,182,0.0281237893672198,0.024555356458179634,0.03568432706726749,0.0007381073879053382
structure,2,183,0.028123652008082475,0.024465353464022007,0.03658298745401223,0.0007355299774379137
structure,2,184,0.028512676783859263,0.02472033201383704,0.03792344891604805,0.0007329452131790039
structure,2,185,0.028296170503329048,0.024577911991830282,0.037182583407968206,0.0007303531975800709
structure,2,186,0.028014953518116132,0.0244106305836075,0.036043225444717136,0.0007277540333799953
structure,2,187,0.02840105385346917,0.024697962540442576,0.037030913587416434,0.0007251478236010049
structure,2,188,0.028151713948764936,0.024384628553381166,0.03767085503835435,0.0007225346715445904
structure,2,189,0.028002016450577556,0.024369228709070864,0.036327878660072546,0.0007199146807874117
structure,2,190,0.02795401027829778,0.024424863556113008,0.03529146736774681,0.0007172879551771918
structure,2,191,0.02824007277194576,0.024529565115977207,0.03710507669585803,0.0007146545988286011
structure,2,192,0.02826432059895899,0.024679198267799133,0.03585122297116733,0.0007120147161191302
structure,2,193,0.02801636802932301,0.02443249422482971,0.03583873786499077,0.000709368411684953
structure,2,194,0.028007979925439814,0.024310593763196126,0.036973860854034944,0.0007067157904167792
structure,2,195,0.02784491649417902,0.024320987814322466,0.03523928809220424,0.0007040569574556971
structure,2,196,0.027968861337741423,0.02438329891654281,0.03585562671658731,0.0007013920181890054
structure,2,197,0.02792875688552234,0.02442158691526704,0.035071698185202345,0.0006987210782460367
structure,2,198,0.027731153676310655,0.02422522429094769,0.03505929506945548,0.0006960442434939707
structure,2,199,0.02780615752344032,0.024283409225645015,0.035227487753716834,0.0006933616200336369
structure,2,200,0.027758183142573965,0.024319781238509842,0.03438401888501551,0.000690673314195311
structure,2,201,0.02774437928363175,0.024297814412582327,0.03446564640528851,0.0006879794325344985
structure,2,202,0.027662938027873674,0.02413518282319796,0.035277552805432454,0.0006852800818277125
structure,2,203,0.027790096999381914,0.024318884776093008,0.03471212270949279,0.0006825753690682404
structure,2,204,0.02799485504199257,0.024338953634699706,0.03655900903454649,0.000679865401461904
structure,2,205,0.028370946470657778,0.024434603838245177,0.03936342788038304,0.0006771502864228094
structure,2,206,0.028074512545106928,0.024368042919016383,0.03706469813814051,0.0006744301315690899
structure,2,207,0.027981951297807943,0.024277169875041936,0.03704781237960484,0.0006717050447186406
structure,2,208,0.028807317658130556,0.02468730180521858,0.04120015561113781,0.0006689751338848441
structure,2,209,0.02816896164891925,0.024228814361962264,0.03940147056436414,0.00066624050727229
structure,2,210,0.02761529591274946,0.024149583959003653,0.03465711673619542,0.0006635012732724854
structure,2,211,0.02747725656951532,0.024088965952590927,0.03388290631027975,0.0006607575404595593
structure,2,212,0.02764177885558213,0.024248774990186524,0.03393003649951273,0.0006580094175859585
structure,2,213,0.027539055945239865,0.024180709017202377,0.03358347066155302,0.000655257013578137
structure,2,214,0.027437442626716574,0.024109291929177764,0.033281506061087075,0.0006525004375322391
structure,2,215,0.027430578176292054,0.024087021336465217,0.03343556729916182,0.0006497397987097745
structure,2,216,0.02748655207338439,0.023978913922650696,0.035076381196085527,0.000646975206533288
structure,2,217,0.0281486612970773,0.024285573293467103,0.03863088033276345,0.0006442067705820222
structure,2,218,0.027686262654028737,0.024135001446302814,0.03551261360919974,0.0006414346005875742
structure,2,219,0.027394319317904217,0.024025562316587794,0.03368756858821637,0.0006386588064295461
structure,2,220,0.02738969057175883,0.02405912180579518,0.03330568873928982,0.0006358794981311898
structure,2,221,0.02743022952608122,0.023971971032007867,0.03458258433282064,0.0006330967858550461
structure,2,222,0.02725517302362477,0.02388766001394461,0.0336751305734053,0.0006303107798985779
structure,2,223,0.0276113096867778,0.024078291556348067,0.03533017991339258,0.0006275215906897991
structure,2,224,0.027644277523531924,0.024162218222691247,0.034820593504463725,0.0006247293287828968
structure,2,225,0.02843349380783406,0.02463744217943274,0.0379605189199236,0.0006219341048538498
structure,2,226,0.027526009944571526,0.02409182577916754,0.03434184211119037,0.0006191360296960414
structure,2,227,0.02729913683282333,0.02407224272078696,0.03226894285169968,0.0006163352142158681
structure,2,228,0.02713279130895362,0.023918004458473495,0.032147866345494595,0.0006135317694283441
structure,2,229,0.027433752332748383,0.024134233642573766,0.03299518736375997,0.0006107258064527004
structure,2,230,0.0273937549412873,0.023963408410918773,0.034303468090358044,0.0006079174365079803
structure,2,231,0.027093825798588697,0.023773265769097263,0.03320560012956201,0.0006051067709086316
structure,2,232,0.027404735453290665,0.02385908644403241,0.035456486819579455,0.0006022939210600944
structure,2,233,0.027349961449832268,0.023909062609154312,0.03440899022565498,0.0005994789984543849
structure,2,234,0.027220158081491995,0.023886528833922456,0.033336295884870984,0.0005966621146656766
structure,2,235,0.027043339414595,0.02384626033762105,0.03197079295822597,0.0005938433813458776
structure,2,236,0.02722681849202817,0.023905653214719214,0.0332116537165704,0.0005910229102202056
structure,2,237,0.02718522357839517,0.023984102347462045,0.032011210889246695,0.0005882008130827588
structure,2,238,0.027333818935344176,0.023943180495547254,0.033906386411376783,0.0005853772017920855
structure,2,239,0.02728519377641516,0.023966230731700636,0.03318962859908999,0.0005825521882667496
structure,2,240,0.02751227904976815,0.023832300186701915,0.036799788932187126,0.0005797258844808951
structure,2,241,0.02810407613280081,0.02406851672044622,0.04035559348158986,0.0005768984024598077
structure,2,242,0.027904315430953047,0.02424809418365787,0.036562214953236416,0.0005740698542754742
structure,2,243,0.027320199162157024,0.02406678098805891,0.032534181750707776,0.0005712403520421409
structure,2,244,0.027238594810660762,0.02383235371708092,0.034062408902937685,0.0005684100079118693
structure,2,245,0.027002768459737144,0.023767992032220096,0.03234776705211666,0.0005655789340700907
structure,2,246,0.027603287891759573,0.024004035568540773,0.03599252213308145,0.0005627472427311599
structure,2,247,0.027014092398763637,0.023705747318952575,0.03308344864853057,0.0005599150461339072
structure,2,248,0.02722191029075076,0.02390294252133712,0.03318967520412515,0.0005570824565371895
structure,2,249,0.026968790860190092,0.023736983780839112,0.032318068473714136,0.0005542495862154417
structure,2,250,0.02719728967695261,0.02387794295894882,0.03319346915453906,0.0005514165474542244
structure,2,251,0.02717286597830353,0.023804672694626428,0.033681931124888265,0.0005485834525457758
structure,2,252,0.027042848303641724,0.02379324923296199,0.03249599178645069,0.0005457504137845584
structure,2,253,0.02692235299135624,0.02366770111393991,0.03254651678993559,0.0005429175434628103
structure,2,254,0.026795079527962614,0.023499352531629193,0.03295727521570171,0.0005400849538660929
structure,2,255,0.026900884046100138,0.023655586153774597,0.03245298203090619,0.0005372527572688402
structure,2,256,0.027080050219754948,0.02383749383470097,0.03242556431255359,0.0005344210659299094
structure,2,257,0.026964936288701027,0.023662718518712503,0.03302217648405942,0.0005315899920881308
structure,2,258,0.027064676719958415,0.023707285387242122,0.03357390930034784,0.0005287596479578591
structure,2,259,0.026906479441855036,0.023719216952241433,0.031872623660857,0.0005259301457245257
structure,2,260,0.026935908004797157,0.023696891861352536,0.03239016252382617,0.0005231015975401924
structure,2,261,0.026742795127256733,0.023561410951201973,0.0318138456268737,0.0005202741155191051
structure,2,262,0.02715575098796862,0.02384214779707377,0.03313603036241805,0.0005174478117332506
structure,2,263,0.026994090483526335,0.023588905816134213,0.034051844514614606,0.0005146227982079145
structure,2,264,0.027016794017221846,0.023840411534586402,0.03176382608595,0.0005117991869172412
structure,2,265,0.026931902476374846,0.023683385203735946,0.03248517132575767,0.0005089770897797945
structure,2,266,0.02675007545333307,0.02357976719999671,0.03170308142939374,0.0005061566186541225
structure,2,267,0.02658286058482551,0.023442467159102854,0.031403934111327476,0.0005033378853343236
structure,2,268,0.02683697136084965,0.02369762591862025,0.031393454422294007,0.0005005210015456152
structure,2,269,0.026888346591327272,0.023508557607237416,0.033797887832354316,0.0004977060789399056
structure,2,270,0.02660549239452452,0.023474449175106018,0.03131043499544769,0.0004948932290913684
structure,2,271,0.02671705052139865,0.023577212368189198,0.03139837999042736,0.0004920825634920198
structure,2,272,0.026587572469140158,0.023418017422328106,0.031695554183684194,0.0004892741935472998
structure,2,273,0.026637153296339918,0.023536440306014865,0.03100712932938073,0.0004864682305716559
structure,2,274,0.026707326278440635,0.023475729269474045,0.0323159700799393,0.0004836647857841319
structure,2,275,0.026564419789935217,0.023392061102289134,0.03172358673056174,0.00048086397030395876
structure,2,276,0.026607106792358753,0.023448836243183745,0.0315827051804987,0.00047806589514615036
structure,2,277,0.02697894677480892,0.023718129600308273,0.03260817345688922,0.00047527067121710324
structure,2,278,0.02651082895521084,0.023411278542393804,0.03099550353484739,0.00047247840931020094
structure,2,279,0.026692314131803053,0.023579512372632408,0.03112801665795223,0.00046968922010142214
structure,2,280,0.026548043306790507,0.023363366032471546,0.031846773205203426,0.000466903214144954
structure,2,281,0.026686973004132586,0.0234819383168345,0.03205034703833316,0.00046412050186881034
structure,2,282,0.026969872463698797,0.023653559851175655,0.033163126538612205,0.0004613411935704541
structure,2,283,0.02652232622236558,0.02338677067455517,0.0313555517479505,0.00045856539941242596
structure,2,284,0.02658660462802135,0.02353498825497011,0.030516163443577507,0.00045579322941797785
structure,2,285,0.026508209687066762,0.023390191828457557,0.031180175872368848,0.0004530247934667121
structure,2,286,0.026384794549632322,0.023351533756671625,0.030332610555790736,0.0004502602012902256
structure,2,287,0.026423501517069247,0.0233441502750698,0.030793510708111697,0.000447499562467761
structure,2,288,0.026549021253853493,0.023429568531113255,0.03119452599212333,0.00044474298642186306
structure,2,289,0.026464711782320672,0.023355905778764435,0.031088058017291538,0.0004419905824140415
structure,2,290,0.026426053170708078,0.02333153137455721,0.030945218603464705,0.0004392424595404407
structure,2,291,0.026509509823107534,0.023469089221588624,0.0304042084419774,0.00043649872672751465
structure,2,292,0.02683001523229534,0.023415321284812673,0.03414694009732951,0.0004337594927277102
structure,2,293,0.0265572040533895,0.023328552382460774,0.03228651656825144,0.0004310248661151561
structure,2,294,0.026439744925646807,0.023356970530927338,0.030827741141068718,0.0004282949552813596
structure,2,295,0.027052954875185657,0.023585818391828252,0.034671364201344645,0.00042556986843091013
structure,2,296,0.026861369167272168,0.02353180983339682,0.033295592263963454,0.0004228497135771907
structure,2,297,0.02645749765066503,0.023337211187530123,0.031202863940759988,0.0004201345985380961
structure,2,298,0.02639205351121743,0.023388386618919847,0.030036666121713174,0.00041742463093175964
structure,2,299,0.02636078070586562,0.023276677097415176,0.030841034537973978,0.00041471991817228763
structure,2,300,0.02665132160636526,0.0234651525575405,0.031861689116796064,0.0004120205674655015
structure,2,301,0.026723585001560166,0.023514385284082697,0.03209199997603738,0.0004093266858046891
structure,2,302,0.02654376371663949,0.023387743558919462,0.03156020000149002,0.00040663837996636313
structure,2,303,0.0263875605339092,0.023376851106748257,0.03010709331840199,0.0004039557565060296
structure,2,304,0.026253539937555633,0.02322078100344842,0.030327590128927256,0.00040127892175396333
structure,2,305,0.02628921068154334,0.023276986996825618,0.030122232820362086,0.0003986079818109947
structure,2,306,0.02656875530321044,0.02343794456427776,0.031308104296265946,0.0003959430425443029
structure,2,307,0.026171386844962445,0.023168752261731707,0.030026347369111236,0.00039328420958322077
structure,2,308,0.026653368094104388,0.023420405756516806,0.03232962581725407,0.0003906315883150471
structure,2,309,0.026578740506158174,0.023229077385432104,0.03349662764732271,0.00038798528388086996
structure,2,310,0.026483178547250383,0.02341537190207302,0.030678064457819294,0.00038534540117139893
structure,2,311,0.026090811257184952,0.023109949220643033,0.029808620039577894,0.0003827120448228081
structure,2,312,0.02659004305637692,0.023378996659974827,0.03211046550568806,0.00038008531921258833
structure,2,313,0.026365604786586512,0.02326388100731155,0.03101723607600358,0.0003774653284554097
structure,2,314,0.026207973018249706,0.023186949857415793,0.03021023315486958,0.00037485217639899525
structure,2,315,0.026321425275298384,0.02327979298663513,0.030416322604560977,0.0003722459666200048
structure,2,316,0.026376164934109148,0.023287132236493785,0.030890323095237617,0.0003696468024199291
structure,2,317,0.02617369215283786,0.023145036110484258,0.03028655793838806,0.0003670547868209961
structure,2,318,0.026163213489961375,0.023177957677771154,0.029852559055656428,0.00036447002256208646
structure,2,319,0.02609751881258295,0.0231052188703659,0.029922999431897083,0.00036189261209466185
structure,2,320,0.02609127055240829,0.023088212655103392,0.03003058192021075,0.0003593226575787045
structure,2,321,0.02607550439436971,0.02310255793830278,0.02972946658380349,0.0003567602608786669
structure,2,322,0.026224925846600657,0.02317376940100218,0.030511565540501405,0.00035420552355943557
structure,2,323,0.02630357560032964,0.023248918237791984,0.030546572088572747,0.0003516585468823039
structure,2,324,0.026957385295481657,0.023564249019359794,0.03393136464818028,0.0003491194318009598
structure,2,325,0.02637431209337929,0.02332105742908489,0.030532543058689517,0.00034658827895748363
structure,2,326,0.02657789805072406,0.02346758848887822,0.031103095910256586,0.00034406518867835853
structure,2,327,0.026232298619208696,0.02311899731854857,0.03113301350265819,0.00034155026097049514
structure,2,328,0.026286689472182923,0.023281904059041573,0.030047851062669145,0.000339043595517266
structure,2,329,0.026485622697570616,0.023214291343489762,0.03271331432866365,0.00033654529167455674
structure,2,330,0.026526178328159896,0.023234988039957636,0.03291190243459868,0.00033405544846682513
structure,2,331,0.02602884175338571,0.023087724493743546,0.029411172294896825,0.0003315741645831784
structure,2,332,0.02598594145620772,0.023032208739271674,0.029537328234423857,0.0003291015383734601
structure,2,333,0.025989481089904166,0.023020926449574316,0.029685550313394312,0.00032663766784435264
structure,2,334,0.025925180799383718,0.022988289040233697,0.029368916818235002,0.00032418265065549255
structure,2,335,0.02615271753317849,0.02314847682459236,0.03004240644390527,0.00032173658411559876
structure,2,336,0.026012983688642088,0.023060187337526142,0.029527965368941308,0.00031929956517861695
structure,2,337,0.026021359785029532,0.0230205948160616,0.03000765140642541,0.0003168716904398753
structure,2,338,0.026225899056806265,0.023151661067539655,0.030742377217849302,0.0003144530561322569
structure,2,339,0.025978023755332508,0.022980806711993082,0.02997217032640161,0.00031204375812238417
structure,2,340,0.02607627242181071,0.023113048190430936,0.029632245873735717,0.0003096438919068208
structure,2,341,0.02590256143487776,0.0229715009733023,0.029310602753109472,0.00030725355260828444
structure,2,342,0.026022940844919913,0.02305268257486758,0.029702581509014024,0.00030487283497187813
structure,2,343,0.02614546629451896,0.023173128685113967,0.02972337545695722,0.00030250183336133366
structure,2,344,0.026010516068020316,0.023027820926033175,0.029826950972447506,0.0003001406417552723
structure,2,345,0.025980084954564005,0.022998437370531085,0.029816476326659517,0.00029778935374347935
structure,2,346,0.025882027946004044,0.022948004217823243,0.02934023686356395,0.00029544806252319405
structure,2,347,0.026105741967809418,0.023137067889614765,0.02968673800500037,0.00029311686089541686
structure,2,348,0.025924334793738225,0.022920203543518605,0.030041310196990443,0.00029079584126122946
structure,2,349,0.026163327393387066,0.023121608357983534,0.030417188039103003,0.0002884850956181338
structure,2,350,0.02601009657407087,0.023011007217335327,0.029990893241514115,0.00028618471555640475
structure,2,351,0.025953245040408624,0.022981471394239766,0.029717736009401377,0.0002838947922554602
structure,2,352,0.025940009969099384,0.022949702848069974,0.02990307169662443,0.0002816154164802463
structure,2,353,0.02609900740162511,0.02314685550141428,0.029521515597796005,0.00027934667857764105
structure,2,354,0.025957915027365674,0.022972998863411944,0.02984915745709646,0.00027708866847287177
structure,2,355,0.02603705497774692,0.023054203451380095,0.02982851511776914,0.00027484147566595216
structure,2,356,0.02631956174502796,0.023201359620721472,0.03118202202605672,0.00027260518922813407
structure,2,357,0.026243135250385064,0.023188737952989324,0.030543970182421314,0.00027037989779837683
structure,2,358,0.026003168419236927,0.02307309646052418,0.029300717865518116,0.0002681656895798346
structure,2,359,0.02594688422880658,0.023027685998547483,0.029191980580981654,0.00026596265233635937
structure,2,360,0.025963575659470522,0.023042605713243274,0.029209699617898183,0.0002637708733890237
structure,2,361,0.02582308325634457,0.022881690840730468,0.029413925556772372,0.00026159043961265777
structure,2,362,0.025803273373499865,0.022862390476441882,0.029408831149339676,0.00025942143743240765
structure,2,363,0.025781674208435627,0.022845452272043838,0.029362218741415064,0.00025726395282030826
structure,2,364,0.025768566273600253,0.022897837552249275,0.02870728405236264,0.0002551180712918769
structure,2,365,0.026009232598519824,0.02295660407479376,0.030526284293779817,0.00025298387790272326
structure,2,366,0.026824521683837352,0.023350427039064876,0.03474094321849141,0.00025086145724517755
structure,2,367,0.026107696286225134,0.02304317240479254,0.030645237394241378,0.0002487508934449386
structure,2,368,0.026252017135175026,0.023041651377517625,0.03210365912796779,0.0002466522701577384
structure,2,369,0.026006704629167876,0.022990811492168094,0.03015893136513451,0.0002445656705660271
structure,2,370,0.025882645916222902,0.022952229630775926,0.0293041597419557,0.00024249117737567486
structure,2,371,0.025830156327889108,0.022900251428506706,0.029299045579785157,0.0002404288728126955
structure,2,372,0.025758452324425272,0.022869739234058415,0.028887132946255934,0.0002383788386199849
structure,2,373,0.025744713799099074,0.02284949564669213,0.02895218182073094,0.00023634115605408317
structure,2,374,0.025804629476434568,0.022947566783148066,0.028570630006472683,0.00023431590588195243
structure,2,375,0.02600746806078729,0.02292335972520608,0.030841080729628358,0.0002323031683777763
structure,2,376,0.02584962520077241,0.022857957993762924,0.029916671233606713,0.00023030302331977814
structure,2,377,0.025991742078496954,0.02298038929467413,0.030113528771982492,0.00022831554998705783
structure,2,378,0.02582642191403373,0.02285655849070991,0.02969863253108204,0.00022634082715645103
structure,2,379,0.026010793475701666,0.02302769357071066,0.029830999366024766,0.0002243789330994051
structure,2,380,0.02587099798393312,0.022884870602143805,0.029861271663449762,0.00022242994557887817
structure,2,381,0.025899831477951444,0.022921378104205855,0.029784533718002684,0.0002204939418462558
structure,2,382,0.025721318202759517,0.022812046278414,0.02909271831942756,0.0002185709986382895
structure,2,383,0.025657437479138064,0.022786581169026016,0.028708560615972503,0.00021666119217405476
structure,2,384,0.025726405947466745,0.022831864343766443,0.028945413123884337,0.00021476459815193065
structure,2,385,0.025728931820734983,0.02280033400705371,0.029285980335025812,0.00021288129174659845
structure,2,386,0.025761820502365227,0.022809210478987145,0.0295261000684285,0.00021101134760606282
structure,2,387,0.02590199478709822,0.022904889395475077,0.02997105141649358,0.00020915483984869278
structure,2,388,0.025600260420271994,0.02272397028306601,0.028762902777554472,0.00020731184206028338
structure,2,389,0.0256653076558138,0.022819689803272876,0.028456180208112178,0.00020548242729113986
structure,2,390,0.025679817953324503,0.022788340814275467,0.02891477137590046,0.0002036666680531812
structure,2,391,0.025597022656672307,0.0227450349856917,0.02851987471098844,0.00020186463631706724
structure,2,392,0.02576746567889231,0.022871011445011857,0.028964539158204204,0.00020007640350934463
structure,2,393,0.02571659457356749,0.022754054005907038,0.029625405812777054,0.00019830204050961682
structure,2,394,0.025711157852808114,0.022813205624256993,0.028979521526835916,0.0001965416176477338
structure,2,395,0.025703155374830446,0.02276949332078661,0.029336621260207252,0.00019479520470100522
structure,2,396,0.025614214589328117,0.02275952113690171,0.02854693336193462,0.00019306287089143387
structure,2,397,0.025639949332407187,0.02277866517517025,0.02861283907263148,0.0001913446848829728
structure,2,398,0.02555484097091087,0.022709624846672577,0.02845216111107377,0.00018964071477880297
structure,2,399,0.025565473294717214,0.022671101522430116,0.028943716774526836,0.0001879510281186341
structure,2,400,0.025653285336712323,0.022769093712884204,0.02884191606320227,0.00018627569187602803
structure,2,401,0.025546968839187223,0.022725462806520512,0.028215060141861596,0.0001846147724557432
structure,2,402,0.025567810311329892,0.022694464996651634,0.028733453292681715,0.00018296833569110386
structure,2,403,0.02556974414551227,0.022734781221411246,0.028349628331572518,0.00018133644684138923
structure,2,404,0.025628901721408723,0.022746899328133768,0.02882002423913765,0.0001797191705892481
structure,2,405,0.025590788169372488,0.02272555056482787,0.028652374965792846,0.000178116571038134
structure,2,406,0.02551992549791971,0.02268512909332237,0.028347964673339544,0.00017652871170976533
structure,2,407,0.02555815741303073,0.022687113559355,0.028710436513623122,0.0001749556555416066
structure,2,408,0.025678123320713054,0.022760434416621223,0.029176888578904516,0.00017339746488437453
structure,2,409,0.02561656167297855,0.02272982486856824,0.028867368063556307,0.00017185420149956645
structure,2,410,0.025591649124812207,0.022674420055770375,0.02917228928492368,0.00017032592655701195
structure,2,411,0.02552343055839327,0.022674342758428334,0.028490878310900754,0.00016881270063244893
structure,2,412,0.02554059394832224,0.022677532380189037,0.02863061491293011,0.00016731458370512203
structure,2,413,0.02556840993716885,0.02274233109120756,0.02826079156240035,0.0001658316351554057
structure,2,414,0.025498833852593956,0.02263198337242902,0.028668505287979665,0.00016436391376244995
structure,2,415,0.02558959460289609,0.022709744206724527,0.028798502113660383,0.0001629114777018514
structure,2,416,0.025474957572223313,0.02264347364615367,0.028314838166453197,0.00016147438454334643
structure,2,417,0.02548357764594549,0.022658224506960215,0.02825353018375352,0.0001600526912485301
structure,2,418,0.025513357460965686,0.02263704472885275,0.02876312700987796,0.00015864645416859815
structure,2,419,0.025529110672890983,0.02271557841498609,0.028135322073265405,0.00015725572904211292
structure,2,420,0.02554061671830811,0.022681527423329514,0.0285908943650072,0.00015588057099279502
structure,2,421,0.025487469980984383,0.02263889915501947,0.028485707486383908,0.00015452103452733736
structure,2,422,0.0255747826881804,0.02265880573492293,0.029159772470009854,0.00015317717353324577
structure,2,423,0.025494088654651966,0.02264844985100059,0.028456392826867478,0.00015184904127670202
structure,2,424,0.025490562871643207,0.022655896142164036,0.028346668690559757,0.0001505366904004532
structure,2,425,0.025510769638940497,0.022681820709696016,0.02828949220070017,0.00014924017292172498
structure,2,426,0.02542108105733874,0.022594546658465973,0.028265345644682412,0.00014795954023015976
structure,2,427,0.02545365802068312,0.022641255430313065,0.028124022513978164,0.00014669484308577974
structure,2,428,0.02547762146603812,0.0226465583421465,0.028310632804899864,0.00014544613161697508
structure,2,429,0.025464141804617937,0.022636941276665767,0.02827200650507414,0.00014421345531851696
structure,2,430,0.02555430316738298,0.022660732308193536,0.02893570780890262,0.0001429968630495956
structure,2,431,0.02554284608083979,0.022696873717807604,0.028459724700248584,0.0001417964030318838
structure,2,432,0.02547007295796672,0.02265704258809513,0.028130306013648253,0.00014061212284762544
structure,2,433,0.025494990705004248,0.02261543661044721,0.028795540172305182,0.00013944406943775003
structure,2,434,0.02561063703645614,0.022723300815328917,0.02887336124347489,0.00013829228910001106
structure,2,435,0.02558715721256739,0.022606818929470238,0.02980338307413669,0.00013715682748715205
structure,2,436,0.025509900197036584,0.022675506036252017,0.028343944856532247,0.00013603772960509627
structure,2,437,0.0254568863786543,0.02260885718850025,0.02848029344320764,0.00013493503981116322
structure,2,438,0.02545141003169995,0.022620531032469814,0.02830878868893606,0.00013384880181231017
structure,2,439,0.02542016824935964,0.022603038367730206,0.02817129585940595,0.00013277905866340012
structure,2,440,0.025420103975943735,0.022597670273043158,0.028224333313442086,0.00013172585276549498
structure,2,441,0.025488667423513477,0.022610514252094004,0.028781532827891195,0.000130689225864175
structure,2,442,0.0254119320167107,0.022592201089734507,0.028197311132407064,0.00012966921904788411
structure,2,443,0.02538797842927141,0.022576832545643997,0.02811145866119519,0.00012866587274630136
structure,2,444,0.02536457212880137,0.022551958330033966,0.02812614016157062,0.00012767922672873855
structure,2,445,0.025462806458261555,0.022612745438364404,0.028500609133908082,0.00012670932010256327
structure,2,446,0.02546291712759058,0.022619140896138885,0.02843776202271875,0.0001257561913116499
structure,2,447,0.02537215975728421,0.022545862466330318,0.02826297504939236,0.00012481987813485463
structure,2,448,0.02539314757594863,0.02257505501316515,0.028180923984038302,0.00012390041768451903
structure,2,449,0.025435802334671544,0.02258646918592036,0.028493330865009023,0.00012299784640499843
structure,2,450,0.025388072534189524,0.022577413369952542,0.028106591156039473,0.00012211220007121764
structure,2,451,0.02541817419775628,0.022588992899881952,0.02829181499215081,0.00012124351378725287
structure,2,452,0.025524708867929,0.022677599659126357,0.028471093012054034,0.00012039182198494037
structure,2,453,0.02543722239004414,0.0225782177165423,0.0285900505916179,0.00011955715842251154
structure,2,454,0.025349510133305355,0.022544880477862322,0.028046293349513498,0.00011873955618325512
structure,2,455,0.025351849372447628,0.022542107174314034,0.02809742632912905,0.0001179390476742057
structure,2,456,0.025334186467777343,0.02252631571250858,0.028078705072402954,0.00011715566462485903
structure,2,457,0.025348750568012033,0.0225263534614685,0.028223974605920108,0.00011638943808591481
structure,2,458,0.025331800156722803,0.022517193974465055,0.028146059128307487,0.0001156403984280455
structure,2,459,0.025313123399221555,0.02250581340227208,0.02807309918650292,0.00011490857534069303
structure,2,460,0.02531134408191041,0.02250750610901544,0.028038378936231293,0.00011419399783089137
structure,2,461,0.02536715295739647,0.02255660174390199,0.028105514449877154,0.00011349669422211739
structure,2,462,0.025377478314364238,0.022560264686652638,0.028172135479534264,0.00011281669215316785
structure,2,463,0.02531755208852397,0.022527851485318988,0.027897004145088146,0.00011215401857706393
structure,2,464,0.025372287448174647,0.022553063338189617,0.028192242043331147,0.00011150869975998316
structure,2,465,0.025317911515814827,0.022510080688265845,0.028078304880904157,0.00011088076128021786
structure,2,466,0.025292576915601526,0.02248925661215894,0.028033204118942466,0.00011027022802716184
structure,2,467,0.02536597927696711,0.022562522261206537,0.0280345687618377,0.00010967712420032333
structure,2,468,0.025367618180986484,0.02253526248835397,0.028323559688681412,0.00010910147330836623
structure,2,469,0.02529954141876405,0.022505488723283024,0.027940528501340677,0.00010854329816817797
structure,2,470,0.025320101748208465,0.022517516533053887,0.028025852287718273,0.00010800262090396556
structure,2,471,0.02540268275312904,0.022573716680740562,0.02828966274215565,0.00010747946294637797
structure,2,472,0.0253259187695563,0.022480849638659088,0.028450690200138965,0.00010697384503165752
structure,2,473,0.02538881352652769,0.022582294691752828,0.02806518524982444,0.00010648578720081721
structure,2,474,0.02541301529805903,0.022556314278909494,0.028567009714891643,0.00010601530879884693
structure,2,475,0.02531569320270816,0.022514650496039006,0.028010427222317256,0.00010556242847394639
structure,2,476,0.02534500894674122,0.02252708311258346,0.028179254334215708,0.00010512716417678588
structure,2,477,0.025345927848439302,0.022518458340910333,0.028274693981046466,0.00010470953315979514
structure,2,478,0.025311459405420653,0.022497728549663764,0.02813730996792684,0.00010430955197647918
structure,2,479,0.025314747713331143,0.02251427359733118,0.028004743192860414,0.00010392723648076232
structure,2,480,0.025367526381274118,0.02256432924828159,0.028031971004083948,0.00010356260182635971
structure,2,481,0.025291471272784798,0.022472949849329793,0.028185215494145613,0.00010321566246617685
structure,2,482,0.02529224391550059,0.02249798698073579,0.02794256950813703,0.00010288643215173648
structure,2,483,0.02534359902649262,0.022549905982014406,0.027936931524435472,0.00010257492393263363
structure,2,484,0.025301590270068564,0.022488867022661254,0.028127234497207262,0.00010228115015601852
structure,2,485,0.025271255177671852,0.02247917972621812,0.02792075391148774,0.00010200512246610701
structure,2,486,0.025274540698909574,0.02247573340958466,0.027988068846980834,0.00010174685180371902
structure,2,487,0.025280054571111894,0.02249996036330029,0.027800941154088425,0.00010150634840584485
structure,2,488,0.025293611646593394,0.022494556328802134,0.027990552861797902,0.00010128362180523972
structure,2,489,0.025249323990030638,0.022466200693235697,0.027831232734510856,0.00010107868083004547
structure,2,490,0.025292810188805775,0.022487576331155418,0.028052338270115478,0.00010089153360344113
structure,2,491,0.02528718147212858,0.022492120548226816,0.02795060893749288,0.00010072218754332046
structure,2,492,0.02526526664707119,0.022481766205971608,0.027835003034681005,0.00010057064936199837
structure,2,493,0.02527136987867928,0.022456571119338974,0.02814799100744195,0.00010043692506594446
structure,2,494,0.02524880785738208,0.02247570220663093,0.027731058695997957,0.00010032101995554533
structure,2,495,0.025248942745961345,0.022468139556073644,0.027808035147563595,0.00010022293862489412
structure,2,496,0.02524168829022671,0.022456933559446203,0.027847545445159896,0.00010014268496160877
structure,2,497,0.02525782950378118,0.022461014238062165,0.027968148474749325,0.00010008026214667765
structure,2,498,0.02526145870007049,0.02248169972461602,0.027797590532673246,0.00010003567265433361
structure,2,499,0.025254355777570535,0.02246693054374609,0.0278742500087222,0.00010000891825195589
structure,2,500,0.02523552999873074,0.022442752923378745,0.02792777012129054,0.0001
structure,3,1,0.15224039044921767,0.09199093813295464,0.6024945089228781,0.001
structure,3,2,0.12834326031936366,0.09444154153137854,0.33901717185040364,0.000999991081748044
structure,3,3,0.1186227221285083,0.09068607385258139,0.279366487778198,0.0009999643273456663
structure,3,4,0.1090365286828955,0.08313684009852049,0.2589968858826565,0.0009999197378533222
structure,3,5,0.10083435643123896,0.07699857444037968,0.23835781854686786,0.0009998573150383913
structure,3,6,0.09308019972968039,0.06973922046450971,0.23340978405338667,0.0009997770613751058
structure,3,7,0.0855017690372218,0.0635117434315364,0.21990025171878755,0.0009996789800444546
structure,3,8,0.07652989422839242,0.056189099506671995,0.20340794480500582,0.0009995630749340555
structure,3,9,0.06752318918082484,0.04918863327186506,0.18334554264190614,0.0009994293506380017
structure,3,10,0.05653607208213669,0.041743329295757234,0.14792742971184983,0.0009992778124566796
structure,3,11,0.04874810165976109,0.03606883529330514,0.12679266272107864,0.0009991084663965588
structure,3,12,0.0427588385775413,0.03258204576863321,0.10176792775837622,0.0009989213191699546
structure,3,13,0.04185541983761924,0.03203760915224297,0.09817810401359364,0.0009987163781947602
structure,3,14,0.03917956861421738,0.031005203947619422,0.08174364821251005,0.0009984936515941552
structure,3,15,0.037537464147370414,0.030139262114430222,0.07398201753786587,0.000998253148196281
structure,3,16,0.03657186044958802,0.029585834130566986,0.06986026381271315,0.0009979948775338929
structure,3,17,0.035851922372535996,0.029099520179139107,0.06752402131146613,0.0009977188498439813
structure,3,18,0.03563399431988714,0.02911385748895279,0.06520136616949002,0.0009974250760673663
structure,3,19,0.03523927299651091,0.028774608422664064,0.06464664079735236,0.0009971135678482636
structure,3,20,0.03482507703723702,0.028594714917689952,0.062303619969918275,0.000996784337533823
structure,3,21,0.034782585962711984,0.028525126514367897,0.0625745901453744,0.0009964373981736403
structure,3,22,0.0349400993533841,0.02875104210979011,0.061890568379944985,0.0009960727635192376
structure,3,23,0.034837393591049134,0.028565122621916916,0.06272270754174215,0.0009956904480235209
structure,3,24,0.03418136400708019,0.028180714312444777,0.060006495108025505,0.0009952904668402048
structure,3,25,0.03475032894636259,0.028282978438210548,0.06467350537331858,0.0009948728358232142
structure,3,26,0.03418949554739982,0.02832625707120248,0.05863238382821917,0.0009944375715260536
structure,3,27,0.033983105856818255,0.028137547053960845,0.05845558494523985,0.000993984691201153
structure,3,28,0.035443241131679196,0.02914233346695844,0.0630090741669229,0.0009935142127991828
structure,3,29,0.03440968723914175,0.028242607501289242,0.06167079599734697,0.0009930261549683426
structure,3,30,0.03482123750308164,0.0284784343628597,0.0634280301183073,0.000992520537053622
structure,3,31,0.03415795584882831,0.02814211442521907,0.060158413963747395,0.0009919973790960344
structure,3,32,0.03542542377822393,0.029125048698706663,0.06300375046446803,0.000991456701831822
structure,3,33,0.03728426956904775,0.029830967039647986,0.0745330203237017,0.0009908985266916337
structure,3,34,0.035052674207301425,0.028679665620621127,0.06373008840544728,0.0009903228757996768
structure,3,35,0.034506673980552904,0.028366942804880616,0.06139730790985004,0.000989729771972838
structure,3,36,0.03359986413707932,0.027844693380415283,0.05755170263525089,0.0009891192387197821
structure,3,37,0.03343011762742586,0.027763964681261202,0.05666153181548529,0.0009884913002400169
structure,3,38,0.033293578584068124,0.027648601919295895,0.05644976059777307,0.000987845981422936
structure,3,39,0.03398919168752727,0.028250773094458306,0.05738418158289658,0.0009871833078468322
structure,3,40,0.03367461641525787,0.02781013815174993,0.05864477892924227,0.0009865033057778825
structure,3,41,0.03420150920982149,0.028350249433758676,0.05851259807187957,0.0009858060021691085
structure,3,42,0.03388294423918189,0.028064109239114482,0.05818834612948465,0.0009850914246593069
structure,3,43,0.03408037043388145,0.028268957544633676,0.0581141267331711,0.0009843596015719545
structure,3,44,0.03362418793861611,0.02802860170758424,0.05595586357477751,0.0009836105619140851
structure,3,45,0.033258908800294446,0.02774568201181316,0.0551322672234036,0.000982844335375141
structure,3,46,0.03353239199044499,0.02781856387814716,0.05713827089058824,0.0009820609523257943
structure,3,47,0.0330444290825499,0.027555717301236432,0.0548871206046707,0.000981260443816745
structure,3,48,0.03337232892063517,0.027815242120436838,0.05557086704877587,0.0009804428415774885
structure,3,49,0.03302195481469675,0.0276621861368729,0.05359768600983657,0.0009796081780150596
structure,3,50,0.033647432787144466,0.028023555514940082,0.056238771798016195,0.000978756486212747
structure,3,51,0.03357159294304742,0.027816083715066275,0.05755509194910682,0.0009778877999287825
structure,3,52,0.033630480022016455,0.028034808138487546,0.05595671296041877,0.0009770021535950016
structure,3,53,0.03289078721197872,0.027550794792120824,0.053399925749972654,0.000976099582315481
structure,3,54,0.03286624023831856,0.02730163583634105,0.05564604557603209,0.0009751801218651454
structure,3,55,0.034027744998897644,0.02765716308382566,0.06370581900482078,0.0009742438086883502
structure,3,56,0.033498012074135615,0.027643133523842373,0.0585487849096094,0.0009732906798974367
structure,3,57,0.03304907761261295,0.027668256259112383,0.053808207592049094,0.0009723207732712615
structure,3,58,0.033732625128161504,0.02817723018849176,0.055553948613705585,0.0009713341272536987
structure,3,59,0.0331959391095464,0.027588831606094894,0.05607107473299024,0.0009703307809521158
structure,3,60,0.034471477291913945,0.028387525267218175,0.06083952085000728,0.000969310774135825
structure,3,61,0.03384965728219433,0.028001468137451312,0.058481888383549126,0.0009682741472345051
structure,3,62,0.033154314145562545,0.027769025580534425,0.05385288584481331,0.0009672209413366
structure,3,63,0.03283240686975634,0.027199578931063957,0.05632827756804835,0.00096615119818769
structure,3,64,0.03339019475149735,0.027451152998380187,0.05939041315419867,0.0009650649601888368
structure,3,65,0.03329167898267741,0.027680818390286,0.05610860357980193,0.0009639622703949038
structure,3,66,0.03424378883278401,0.02797177625581739,0.0627201245441138,0.000962843172512848
structure,3,67,0.03372938096445472,0.02775479155755541,0.05974589390364079,0.0009617077108999891
structure,3,68,0.03321479729257582,0.02764657079473177,0.05568225938564181,0.0009605559305622501
structure,3,69,0.03276659151437077,0.02735001903620619,0.054165725092897216,0.0009593878771523745
structure,3,70,0.03242574567972213,0.027225565272273967,0.05200180411338806,0.0009582035969681164
structure,3,71,0.03242694803418752,0.02719939988855438,0.05227547896632015,0.0009570031369504046
structure,3,72,0.032982362925461625,0.027531339137695787,0.05451023924910991,0.0009557865446814831
structure,3,73,0.0324866747770546,0.02724901762336259,0.05237656904690882,0.0009545538683830249
structure,3,74,0.03251212304239173,0.027359759605273253,0.05152363468243621,0.0009533051569142203
structure,3,75,0.03286655658646912,0.027103789033995598,0.05762767365722681,0.0009520404597698404
structure,3,76,0.03258202404425754,0.02727294717149386,0.05309076687958159,0.000950759827078275
structure,3,77,0.032977287820479574,0.027529090881230938,0.054481971901950886,0.0009494633095995468
structure,3,78,0.03290007259045039,0.027485808131452797,0.05414264410850896,0.000948150958723298
structure,3,79,0.03232251971901708,0.027021249046174728,0.05301270515271329,0.0009468228264667542
structure,3,80,0.03234361907754181,0.027048870094373394,0.052947491582473326,0.0009454789654726626
structure,3,81,0.032400214247035916,0.027213036921604806,0.05187177389626715,0.000944119429007205
structure,3,82,0.032471126524181965,0.02723156685111728,0.0523955963902156,0.0009427442709578871
structure,3,83,0.03357208727350745,0.027979070364495172,0.055930169440280675,0.000941353545831402
structure,3,84,0.03385491317561183,0.027693442066562393,0.06161470892146113,0.0009399473087514699
structure,3,85,0.032617796261067804,0.02725209926033767,0.05365697513322295,0.0009385256154566536
structure,3,86,0.03281363859461431,0.027404260318288604,0.05409378197053861,0.0009370885222981487
structure,3,87,0.034055402555913904,0.027789318700644428,0.06266083511920262,0.0009356360862375501
structure,3,88,0.0325335728456862,0.027140133433024502,0.05393439286215809,0.0009341683648445943
structure,3,89,0.032159740333846595,0.027023144290045722,0.05136596102160511,0.0009326854162948781
structure,3,90,0.03218224064955201,0.02684816125264834,0.05334079268512464,0.0009311872993675511
structure,3,91,0.03270395426930709,0.027325615690481257,0.05378338780166586,0.000929674073442988
structure,3,92,0.032086018122752094,0.026966233370587348,0.051197848737473274,0.0009281457985004336
structure,3,93,0.032516476000335755,0.02725979833141475,0.05256677635850545,0.0009266025351156256
structure,3,94,0.032121255643685245,0.0269117288719425,0.05209526939040376,0.0009250443444583935
structure,3,95,0.03275820709200814,0.027495240987164233,0.052629660299490386,0.0009234712882902347
structure,3,96,0.03269579406954134,0.02725288973192322,0.05442904945044698,0.0009218834289618661
structure,3,97,0.03192263395177789,0.026851438734845766,0.05071195044284857,0.000920280829410752
structure,3,98,0.031873847540302626,0.02675697268728488,0.05116874805357375,0.0009186635531586108
structure,3,99,0.032200597528144526,0.02716333097133873,0.05037266183304102,0.0009170316643088962
structure,3,100,0.033422902527972864,0.027678537617775542,0.05744364630071053,0.0009153852275442568
structure,3,101,0.032878819629355446,0.02713009078473864,0.0574872864327605,0.0009137243081239721
structure,3,102,0.032436615172238635,0.027069897052902466,0.05366717560056296,0.0009120489718813659
structure,3,103,0.03190865743584328,0.026839037583873415,0.050696198821223434,0.0009103592852211972
structure,3,104,0.03279629968320732,0.02746889343383107,0.05327406062625407,0.0009086553151170272
structure,3,105,0.035875749917744656,0.02901716498225227,0.0685858474874154,0.0009069371291085661
structure,3,106,0.035292658235089897,0.028847019078681736,0.06445639405409287,0.0009052047952989949
structure,3,107,0.03289132392126337,0.027088170496664222,0.05803153303989231,0.0009034583823522663
structure,3,108,0.0320863592883392,0.026772752837046943,0.05313606309283807,0.0009016979594903832
structure,3,109,0.03306170010224335,0.02750462006203655,0.055570801024570786,0.0008999235964906553
structure,3,110,0.03185447327812098,0.0268948830265367,0.04959590266660517,0.0008981353636829328
structure,3,111,0.03229276038336692,0.02713182201857044,0.051609382208427,0.0008963333319468188
structure,3,112,0.03174542539872171,0.026690290404323188,0.05055134512931497,0.0008945175727088603
structure,3,113,0.03183223358683736,0.026650909567859715,0.051813239917431426,0.0008926881579397167
structure,3,114,0.03178683439313432,0.026713135644949135,0.05073698391218721,0.0008908451601513074
structure,3,115,0.03196989202643343,0.026862788887076838,0.05107103029445942,0.0008889886523939372
structure,3,116,0.03174941808802341,0.026761138028715672,0.049882796741341176,0.0008871187082534017
structure,3,117,0.03198238634370637,0.026941731474885117,0.050406550672440244,0.0008852354018480694
structure,3,118,0.03144682928744713,0.026518414594602645,0.04928414522628871,0.0008833388078259452
structure,3,119,0.0320047946846205,0.026912183405991944,0.05092611338933516,0.0008814290013617105
structure,3,120,0.03198721260805043,0.02692457253001533,0.05062639924354715,0.0008795060581537442
structure,3,121,0.031914984734422544,0.026512928345962854,0.054020566238435694,0.000877570054421122
structure,3,122,0.0319965531461077,0.026882286696614546,0.05114266774361812,0.0008756210669005949
structure,3,123,0.03191855980214656,0.026682619175657278,0.05235940176147394,0.0008736591728435492
structure,3,124,0.031613339915599274,0.026646024039302108,0.04967315273247562,0.0008716844500129422
structure,3,125,0.032519411290789085,0.026910667251746897,0.056087440847572397,0.000869696976680222
structure,3,126,0.031524762569612994,0.026525510900578517,0.04999251435109592,0.0008676968316222237
structure,3,127,0.031660120729989236,0.026628505574738698,0.050316144753607385,0.0008656840941180476
structure,3,128,0.031887067506191934,0.026848581077302404,0.05038486538800185,0.0008636588439459168
structure,3,129,0.031766275201702866,0.026721954506192133,0.050443204324060256,0.0008616211613800151
structure,3,130,0.0314446988542304,0.02655052640730656,0.048941720705041686,0.0008595711271873046
structure,3,131,0.03234230491087113,0.027061031489358248,0.052812733271647996,0.0008575088226243251
structure,3,132,0.0319433975040757,0.026717016653354735,0.05226380743728294,0.0008554343294339731
structure,3,133,0.03169612706135521,0.026390357439068216,0.05305769825573067,0.0008533477298422618
structure,3,134,0.03150674698305348,0.026593602945731452,0.04913143572390235,0.0008512491065550615
structure,3,135,0.031376481493910674,0.02649096463254942,0.04885516397402118,0.0008491385427548225
structure,3,136,0.032081844805503947,0.026969647151721985,0.05112197438823959,0.0008470161220972769
structure,3,137,0.03173775167031792,0.02655575948696846,0.05181991870152732,0.0008448819287081231
structure,3,138,0.03154819121209822,0.026639023732500974,0.049091669679777426,0.0008427360471796918
structure,3,139,0.031250008627499985,0.026352417166527194,0.04897591229479556,0.0008405785625675925
structure,3,140,0.031168727744030268,0.026279918839741626,0.04888809074504257,0.0008384095603873422
structure,3,141,0.031718747165083265,0.026559050005250284,0.05159697052353979,0.0008362291266109763
structure,3,142,0.03142835992551348,0.026378494913522007,0.05049864827185947,0.0008340373476636405
structure,3,143,0.03190339946093198,0.026878204906733788,0.05025194197231733,0.0008318343104201655
structure,3,144,0.032287284177448354,0.0267811560949831,0.055061275864083215,0.0008296201022016233
structure,3,145,0.0310912493703882,0.026200513173060068,0.04890736009604626,0.0008273948107718659
structure,3,146,0.031532316660756544,0.02658106712502848,0.04951249411227498,0.0008251585243340478
structure,3,147,0.031184617877395595,0.026273255861381326,0.0491136172032543,0.0008229113315271283
structure,3,148,0.03121014716536507,0.026396657347523514,0.04813489727384117,0.0008206533214223591
structure,3,149,0.03104349622118722,0.02626151430564045,0.04781981355294235,0.0008183845835197537
structure,3,150,0.031032579384413464,0.026159836655341613,0.0487274282050195,0.0008161052077445399
structure,3,151,0.03134811396756776,0.026592588718426135,0.04755524890716176,0.0008138152844435952
structure,3,152,0.03205994177152532,0.026704920645482234,0.053550211552229,0.0008115149043818662
structure,3,153,0.03130254697044898,0.026399380593091326,0.049031661750442365,0.0008092041587387706
structure,3,154,0.031245210735667158,0.02610102419403452,0.051441865260700645,0.0008068831391045833
structure,3,155,0.031174232127927925,0.026160292152325106,0.05013939645870859,0.000804551937476806
structure,3,156,0.03107501831946423,0.026178630803256994,0.04896387356690887,0.0008022106462565208
structure,3,157,0.031030298864794772,0.02623982773242669,0.047904716449602466,0.0007998593582447277
structure,3,158,0.03128498386562493,0.026379224248522255,0.04905759399226689,0.0007974981666386664
structure,3,159,0.03195927830476207,0.02659956609475239,0.053597120855091135,0.000795127165028122
structure,3,160,0.03271342631108456,0.027275065538855198,0.05438360759584773,0.0007927464473917156
structure,3,161,0.03192619358824065,0.026608926844698018,0.053172668660978736,0.0007903561080931794
structure,3,162,0.03108732403297337,0.026084170241502183,0.05003154489841536,0.0007879562418776158
structure,3,163,0.031202597193439388,0.0264013795809475,0.048012176747421684,0.0007855469438677433
structure,3,164,0.03094245717123968,0.026100489678099633,0.0484196692024292,0.0007831283095601248
structure,3,165,0.030858466075854886,0.02605612171867342,0.04802344354263485,0.0007807004348213832
structure,3,166,0.03104944519367915,0.02623095909527481,0.0481848640868309,0.0007782634158844013
structure,3,167,0.030790429499107305,0.026079275594250963,0.04711154248205551,0.0007758173493445075
structure,3,168,0.03074940357736601,0.02604902952948376,0.047003739700694,0.0007733623321556474
structure,3,169,0.030976236605768728,0.02618325233226034,0.04792983935995139,0.00077089846162654
structure,3,170,0.030909946533625183,0.026183123133745892,0.04726823366808829,0.0007684258354168216
structure,3,171,0.031383017199624615,0.026251686316265604,0.05131330527851538,0.0007659445515331749
structure,3,172,0.030992261812518844,0.026236729876335234,0.04755531504322281,0.0007634547083254433
structure,3,173,0.031074959415135123,0.026216410119913266,0.0485854910652569,0.000760956404482734
structure,3,174,0.03091641851061318,0.0260876989424929,0.04828719598272762,0.0007584497390295051
structure,3,175,0.03265581050445143,0.026805914442392928,0.058498960270427225,0.0007559348113216416
structure,3,176,0.03211847268647998,0.026416714495295954,0.057017581600588854,0.0007534117210425165
structure,3,177,0.03282985159295657,0.027675818632461383,0.05154032777634987,0.0007508805681990402
structure,3,178,0.031970716497372084,0.026306645317348425,0.056640711819689826,0.0007483414531176961
structure,3,179,0.030983482251629505,0.025936609596091835,0.05046872889462557,0.0007457944764405646
structure,3,180,0.030946870541136817,0.026236582605785864,0.047102880306717,0.0007432397391213332
structure,3,181,0.030523629226860426,0.02588112948963287,0.04642499720692323,0.0007406773424212957
structure,3,182,0.03062428965892244,0.0258998742069339,0.04724415688345077,0.0007381073879053382
structure,3,183,0.030855421725825914,0.025891562267243085,0.049638597494083656,0.0007355299774379137
structure,3,184,0.03081160616470068,0.02594723661403432,0.048643697199093144,0.0007329452131790039
structure,3,185,0.030586976480157194,0.025786580182320145,0.04800396546838178,0.0007303531975800709
structure,3,186,0.030484097015219633,0.025773113301660933,0.04710984026755428,0.0007277540333799953
structure,3,187,0.03048991183349109,0.025831903960779504,0.04658007530335036,0.0007251478236010049
structure,3,188,0.03054380484956363,0.025836848918902967,0.04706956116438846,0.0007225346715445904
structure,3,189,0.03022923225211101,0.025587009514047333,0.04642222578547331,0.0007199146807874117
structure,3,190,0.03038866186694439,0.025713691619217553,0.04674970152406095,0.0007172879551771918
structure,3,191,0.030240452208850466,0.02557129632710788,0.046691557115269705,0.0007146545988286011
structure,3,192,0.030432767028052254,0.025756498565289433,0.046762681699919637,0.0007120147161191302
structure,3,193,0.030355508042883624,0.02564812210867517,0.04707386056763696,0.000709368411684953
structure,3,194,0.030267767749201535,0.02554550730956441,0.04722260516477316,0.0007067157904167792
structure,3,195,0.030592410462876835,0.02579679196656684,0.047956184330870524,0.0007040569574556971
structure,3,196,0.030134162561622675,0.025565142176714642,0.04569019978335881,0.0007013920181890054
structure,3,197,0.030220757712738945,0.02554341659494542,0.04677340949523231,0.0006987210782460367
structure,3,198,0.03014840222603347,0.025523624701459476,0.04624777436061876,0.0006960442434939707
structure,3,199,0.029986549178551754,0.025424122479659146,0.04562426560774796,0.0006933616200336369
structure,3,200,0.03005637280526267,0.025504199442679825,0.045521729443387636,0.000690673314195311
structure,3,201,0.030371505835193255,0.02576649070817092,0.04605015393531354,0.0006879794325344985
structure,3,202,0.030295276960878397,0.025633313131394646,0.04661964049305057,0.0006852800818277125
structure,3,203,0.030573640485578667,0.025716988817246402,0.048566516177539105,0.0006825753690682404
structure,3,204,0.03195611443905544,0.026356648644019046,0.055994658884118184,0.000679865401461904
structure,3,205,0.032446102368069066,0.026951846435627178,0.054942554042871565,0.0006771502864228094
structure,3,206,0.030676989560805785,0.02581286606896795,0.048641235881312396,0.0006744301315690899
structure,3,207,0.03030149096880818,0.02551142522194678,0.047900658412094836,0.0006717050447186406
structure,3,208,0.029993688128402276,0.02543377198823594,0.04559916200471298,0.0006689751338848441
structure,3,209,0.030052427343498944,0.0254736208398255,0.04578806302819022,0.00066624050727229
structure,3,210,0.029940008757242023,0.02536458359160716,0.045754249497042,0.0006635012732724854
structure,3,211,0.0300499241283606,0.025482739552894398,0.04567184421785818,0.0006607575404595593
structure,3,212,0.030085339563516972,0.025491297099126536,0.045940421385491176,0.0006580094175859585
structure,3,213,0.030721371424416027,0.025755334460704195,0.049660368100314475,0.000655257013578137
structure,3,214,0.03050881921369631,0.02552807432728243,0.049807449807619614,0.0006525004375322391
structure,3,215,0.030000455108502827,0.025465089866682382,0.04535364823576364,0.0006497397987097745
structure,3,216,0.030084434925887353,0.025454783447417514,0.04629651664248023,0.000646975206533288
structure,3,217,0.029880695701540293,0.02537333767365071,0.04507357905334343,0.0006442067705820222
structure,3,218,0.029987219721078873,0.025347369054317784,0.04639850866156521,0.0006414346005875742
structure,3,219,0.030326477210608847,0.025624865340190518,0.04701611728409874,0.0006386588064295461
structure,3,220,0.03055795824870117,0.025666374192809,0.04891584167748145,0.0006358794981311898
structure,3,221,0.030531018714641776,0.025705374407706,0.048256443079084395,0.0006330967858550461
structure,3,222,0.029846457467844843,0.02527858028990793,0.04567877035442127,0.0006303107798985779
structure,3,223,0.029873441914509854,0.025374709820622874,0.04498731769018323,0.0006275215906897991
structure,3,224,0.02983512937069406,0.02530885245116043,0.04526277198687235,0.0006247293287828968
structure,3,225,0.029793126610722927,0.025290870504069578,0.04502256492799629,0.0006219341048538498
structure,3,226,0.029695854164835056,0.02522164740290872,0.044742069642397506,0.0006191360296960414
structure,3,227,0.029592457108257957,0.025161757428130968,0.04430699462251003,0.0006163352142158681
structure,3,228,0.029741339794026964,0.025270288182767813,0.04471051816004219,0.0006135317694283441
structure,3,229,0.029874564909592623,0.025252659992356215,0.046219047314582234,0.0006107258064527004
structure,3,230,0.030265815570639256,0.02537807490063865,0.04887740607263992,0.0006079174365079803
structure,3,231,0.03007832651486129,0.025301886192345434,0.04776440246648328,0.0006051067709086316
structure,3,232,0.02961885272561726,0.025166393707533107,0.04452458906228175,0.0006022939210600944
structure,3,233,0.02953693022654822,0.02500936664232386,0.045275634937669215,0.0005994789984543849
structure,3,234,0.029855337417040106,0.02528357723674326,0.04571760039261054,0.0005966621146656766
structure,3,235,0.029536847346134036,0.02505328761554729,0.04483559499093509,0.0005938433813458776
structure,3,236,0.029562883847453886,0.025161418032786244,0.04401466140508963,0.0005910229102202056
structure,3,237,0.029914320332263218,0.02536314264834705,0.045511775633062454,0.0005882008130827588
structure,3,238,0.029781785776580905,0.025168954377736186,0.046128312607269066,0.0005853772017920855
structure,3,239,0.030258979458682844,0.025369910260677028,0.04889069058915342,0.0005825521882667496
structure,3,240,0.030140902793555285,0.025272376879115953,0.04868525791884091,0.0005797258844808951
structure,3,241,0.029827623470022536,0.02521495537603804,0.046126681893052385,0.0005768984024598077
structure,3,242,0.03083109734069274,0.025610877371176725,0.05220219893648481,0.0005740698542754742
structure,3,243,0.030639995375828084,0.025694224895914292,0.049457703894563505,0.0005712403520421409
structure,3,244,0.029723964276536327,0.025043112354708092,0.04680852060918708,0.0005684100079118693
structure,3,245,0.02945087844744208,0.024949172582214713,0.04501705648810372,0.0005655789340700907
structure,3,246,0.029607736177295056,0.025118763137890836,0.04488973112353768,0.0005627472427311599
structure,3,247,0.02950281017598533,0.02510294237954654,0.04399867891759536,0.0005599150461339072
structure,3,248,0.029540818359693098,0.02514066506303633,0.04400153389059532,0.0005570824565371895
structure,3,249,0.029349028942595886,0.024967274913082857,0.043817535801438066,0.0005542495862154417
structure,3,250,0.029313232915052858,0.025001831634782312,0.04311400957347208,0.0005514165474542244
structure,3,251,0.02925125670962172,0.02486622981804936,0.04385027047198062,0.0005485834525457758
structure,3,252,0.02959457174060239,0.025163478069688258,0.04431093439420894,0.0005457504137845584
structure,3,253,0.029559730296813476,0.024959729833640254,0.04599999750212963,0.0005429175434628103
structure,3,254,0.02962975697129887,0.025047530033491923,0.045822270623075124,0.0005400849538660929
structure,3,255,0.029298239691528265,0.02492453536753088,0.04373704011773316,0.0005372527572688402
structure,3,256,0.029528071544578118,0.025001296642243705,0.04526774546340614,0.0005344210659299094
structure,3,257,0.029216420391754445,0.024824252955168095,0.04392167512453878,0.0005315899920881308
structure,3,258,0.02931393998098747,0.0248996394615883,0.04414300811197366,0.0005287596479578591
structure,3,259,0.029189540457476525,0.024787947199946907,0.044015930873140034,0.0005259301457245257
structure,3,260,0.02947839977847067,0.0249751858053335,0.045032139303401,0.0005231015975401924
structure,3,261,0.029338683937882942,0.024965243516173748,0.043734403122848695,0.0005202741155191051
structure,3,262,0.029307414804325093,0.02492367351724336,0.04383740882454902,0.0005174478117332506
structure,3,263,0.029132170855571023,0.02475964145700863,0.04372529212784207,0.0005146227982079145
structure,3,264,0.02924533957231294,0.02487072252787591,0.043746169364716925,0.0005117991869172412
structure,3,265,0.029266662856773047,0.024716845482548908,0.04549817511369292,0.0005089770897797945
structure,3,266,0.029129362380613547,0.024802706377002028,0.04326655988048947,0.0005061566186541225
structure,3,267,0.028996294378923062,0.02470038150857852,0.042959129744192324,0.0005033378853343236
structure,3,268,0.0291657857256443,0.02477162147509834,0.04394164265135872,0.0005005210015456152
structure,3,269,0.029022866762766015,0.024712173102846655,0.043106938602874546,0.0004977060789399056
structure,3,270,0.028940391077540872,0.024672868926632497,0.04267522169388928,0.0004948932290913684
structure,3,271,0.029032626347348833,0.024654333229242355,0.043782935519131295,0.0004920825634920198
structure,3,272,0.029022881712560244,0.024721542266306927,0.04301339540601399,0.0004892741935472998
structure,3,273,0.028875498961919904,0.02463020370694427,0.04245295425191249,0.0004864682305716559
structure,3,274,0.029362397263551193,0.024770999341891888,0.04591398112300793,0.0004836647857841319
structure,3,275,0.029081032677084284,0.02474509508351433,0.04335937547854904,0.00048086397030395876
structure,3,276,0.029025905378960444,0.024715791881940383,0.043101133929453694,0.00047806589514615036
structure,3,277,0.029088212425185868,0.02481142213621588,0.04276790383318074,0.00047527067121710324
structure,3,278,0.028842554794862748,0.024548844908492996,0.04293709963209946,0.00047247840931020094
structure,3,279,0.02894489804657259,0.024670974713781796,0.042739229918732344,0.00046968922010142214
structure,3,280,0.02900242059936567,0.024741407080161978,0.04261013317862939,0.000466903214144954
structure,3,281,0.02892279414844264,0.024650084200089035,0.04272709916255804,0.00046412050186881034
structure,3,282,0.02885363095345136,0.024604659459453962,0.04248971824702021,0.0004613411935704541
structure,3,283,0.028832220863891332,0.024565285660190308,0.0426693501792284,0.00045856539941242596
structure,3,284,0.028820141381523317,0.024460026906808114,0.04360114690645868,0.00045579322941797785
structure,3,285,0.02903373588080817,0.024698569193754745,0.04335166488630653,0.0004530247934667121
structure,3,286,0.028803436960976366,0.024524313784338163,0.04279123006422588,0.0004502602012902256
structure,3,287,0.028764047642912006,0.024564808540960516,0.04199239098060847,0.000447499562467761
structure,3,288,0.028761359413127675,0.024525061570710986,0.04236297811291548,0.00044474298642186306
structure,3,289,0.02901153700236552,0.02461715770141263,0.043943794244807946,0.0004419905824140415
structure,3,290,0.028607276183195588,0.02441470440739751,0.041925717757980756,0.0004392424595404407
structure,3,291,0.028701738772947856,0.024438320398914287,0.04263418250505669,0.00043649872672751465
structure,3,292,0.028882285935060162,0.024621686428863136,0.042605995061970256,0.0004337594927277102
structure,3,293,0.028864404955008322,0.02448763362771537,0.04376770830749687,0.0004310248661151561
structure,3,294,0.028732026584310257,0.024526610503620018,0.042054161283506114,0.0004282949552813596
structure,3,295,0.02872137249722182,0.02447792176186416,0.04243450799553264,0.00042556986843091013
structure,3,296,0.02870782726388376,0.024476411623525245,0.04231415718171366,0.0004228497135771907
structure,3,297,0.0296087397053332,0.02508889696519462,0.045198430669525586,0.0004201345985380961
structure,3,298,0.02895597094188471,0.02456426702186893,0.0439170437035766,0.00041742463093175964
structure,3,299,0.029102141134849418,0.02479059256457629,0.04311547809652498,0.00041471991817228763
structure,3,300,0.028716804931431465,0.02439349502149979,0.04323309847681392,0.0004120205674655015
structure,3,301,0.028543270200335327,0.024363454207583443,0.04179815977675641,0.0004093266858046891
structure,3,302,0.028542776662593722,0.02433713992410789,0.042056370186120975,0.00040663837996636313
structure,3,303,0.028524809071974095,0.024298065626512308,0.04226743060288168,0.0004039557565060296
structure,3,304,0.029110545550251755,0.024713331575726714,0.04397214256596627,0.00040127892175396333
structure,3,305,0.028756275734141974,0.024448964642676922,0.04307310857540167,0.0003986079818109947
structure,3,306,0.02872300521025614,0.024496255189608344,0.04226750006057886,0.0003959430425443029
structure,3,307,0.028461653097257913,0.024324288625785638,0.041373646397425676,0.00039328420958322077
structure,3,308,0.02857937878751568,0.024353473512917834,0.04225905169550495,0.0003906315883150471
structure,3,309,0.028414020018151163,0.024288669189647345,0.04125350841634734,0.00038798528388086996
structure,3,310,0.028437355251170637,0.024162987417325026,0.04274367583385491,0.00038534540117139893
structure,3,311,0.028501490379049012,0.024322162260722088,0.04179328523926418,0.0003827120448228081
structure,3,312,0.02849763990246129,0.024343047937859755,0.04154591885816024,0.00038008531921258833
structure,3,313,0.02835116651658134,0.024160380336618922,0.041907862110875604,0.0003774653284554097
structure,3,314,0.028543624151546713,0.024375585863468854,0.04168038242362809,0.00037485217639899525
structure,3,315,0.028432690910508675,0.024300986750163234,0.041317039103716535,0.0003722459666200048
structure,3,316,0.02860463201980211,0.024280499506440237,0.04324132513361874,0.0003696468024199291
structure,3,317,0.028404824238747125,0.02424029340388803,0.04164530898082038,0.0003670547868209961
structure,3,318,0.028532718573320005,0.024218082593330827,0.04314635995065419,0.00036447002256208646
structure,3,319,0.028483044871617857,0.024296729244272328,0.04186315362781831,0.00036189261209466185
structure,3,320,0.028554011486451245,0.024380643008271956,0.04173368323039915,0.0003593226575787045
structure,3,321,0.02884251807205982,0.02439481364781956,0.044477040055098484,0.0003567602608786669
structure,3,322,0.028471054499555507,0.024157914914210224,0.043131399141045836,0.00035420552355943557
structure,3,323,0.028476787176634873,0.02429156872023179,0.041852185799309854,0.0003516585468823039
structure,3,324,0.028803208283593697,0.024588871105299295,0.04214337334892768,0.0003491194318009598
structure,3,325,0.028780768550057012,0.024379148500589726,0.04401619923507732,0.00034658827895748363
structure,3,326,0.02815571355854718,0.02405477453305267,0.04100938946708998,0.00034406518867835853
structure,3,327,0.02828659663857119,0.024074449833706216,0.04212146862251952,0.00034155026097049514
structure,3,328,0.02818267897510653,0.024099144953310333,0.04083533507258712,0.000339043595517266
structure,3,329,0.028157279410888258,0.024090703990183985,0.04066575792260643,0.00033654529167455674
structure,3,330,0.028169181528586322,0.024081960641450732,0.040872206857948325,0.00033405544846682513
structure,3,331,0.02810297944818869,0.024015008678596572,0.04087970629042652,0.0003315741645831784
structure,3,332,0.028161713051033394,0.024033185853270266,0.0412852642352525,0.0003291015383734601
structure,3,333,0.028230660529345197,0.024075904068374135,0.04154755992148626,0.00032663766784435264
structure,3,334,0.028105007392152482,0.024022842672296044,0.040821649669122446,0.00032418265065549255
structure,3,335,0.02819336862753172,0.024081083262635895,0.04112285458757579,0.00032173658411559876
structure,3,336,0.02827192475294631,0.02408670971058212,0.041852146708078235,0.00031929956517861695
structure,3,337,0.028362897552997264,0.024063963053976588,0.042989346254665606,0.0003168716904398753
structure,3,338,0.028278954171480773,0.023992379543714363,0.042865748466150565,0.0003144530561322569
structure,3,339,0.02804747422276838,0.023946050457247865,0.041014238783491495,0.00031204375812238417
structure,3,340,0.02815542523761331,0.0240429836391002,0.0411244172204101,0.0003096438919068208
structure,3,341,0.028033830089295192,0.023944482649858875,0.04089347099005087,0.00030725355260828444
structure,3,342,0.028002809567800078,0.023904235819573502,0.04098573765734469,0.00030487283497187813
structure,3,343,0.02805168082932735,0.023965174502476698,0.04086506356030469,0.00030250183336133366
structure,3,344,0.02796487533548171,0.023895944692388996,0.04068930614399225,0.0003001406417552723
structure,3,345,0.027959647279612077,0.023907418433314204,0.040522291128068925,0.00029778935374347935
structure,3,346,0.028040879875343712,0.023995748222574553,0.04045131261759576,0.00029544806252319405
structure,3,347,0.028047744505710452,0.02393239064448496,0.04115353599579776,0.00029311686089541686
structure,3,348,0.0279661547781671,0.02389710308502455,0.04069051350766,0.00029079584126122946
structure,3,349,0.02811333806042416,0.024019184145424758,0.04094153496268991,0.0002884850956181338
structure,3,350,0.02811815733133813,0.02400026799182045,0.0411788916735674,0.00028618471555640475
structure,3,351,0.028321865226285575,0.024068115629236317,0.04253749597049258,0.0002838947922554602
structure,3,352,0.02821542629023756,0.024045110619371615,0.041703157506241186,0.0002816154164802463
structure,3,353,0.028136001525364097,0.024035378818840332,0.04100622163779119,0.00027934667857764105
structure,3,354,0.028096104420079576,0.023906954479046342,0.04189149645830726,0.00027708866847287177
structure,3,355,0.027904899280236223,0.02386168938606744,0.04043210049794486,0.00027484147566595216
structure,3,356,0.02787460583230534,0.02381385455282488,0.040607507843961915,0.00027260518922813407
structure,3,357,0.027957904655924043,0.023892936279739475,0.04064968130101423,0.00027037989779837683
structure,3,358,0.027975574729103333,0.023920416695797725,0.04055158000235147,0.0002681656895798346
structure,3,359,0.027991341694450254,0.023921800558467446,0.04069541038716742,0.00026596265233635937
structure,3,360,0.027886749296291067,0.023835537055453805,0.04051212301142222,0.0002637708733890237
structure,3,361,0.02776238675820143,0.02374422378769976,0.04018163249168944,0.00026159043961265777
structure,3,362,0.027793283250873456,0.023793273213910372,0.04000010083650796,0.00025942143743240765
structure,3,363,0.027851997342145475,0.02378979874847763,0.04062198221625143,0.00025726395282030826
structure,3,364,0.02802621261958354,0.02392185722567705,0.04104355475609981,0.0002551180712918769
structure,3,365,0.027876971133889792,0.023810423686905877,0.04066547354581151,0.00025298387790272326
structure,3,366,0.027904499667470512,0.023828018607459867,0.0407648081198218,0.00025086145724517755
structure,3,367,0.02780899692900654,0.023715409277585718,0.040935873100169336,0.0002487508934449386
structure,3,368,0.028059604760094038,0.0239879324468091,0.04071672373589897,0.0002466522701577384
structure,3,369,0.02792808259582006,0.023750479294196276,0.04177603285574882,0.0002445656705660271
structure,3,370,0.027903056953968018,0.02384544879820577,0.04057608064332145,0.00024249117737567486
structure,3,371,0.02790814878871329,0.023796907686883726,0.04111240714710624,0.0002404288728126955
structure,3,372,0.027767054425362817,0.02371528485969837,0.040517697679778614,0.0002383788386199849
structure,3,373,0.027823051685764023,0.023734490997486264,0.04088560239881199,0.00023634115605408317
structure,3,374,0.02791462147088026,0.023877461618371794,0.04037160194885015,0.00023431590588195243
structure,3,375,0.027940651654769173,0.023882449115808887,0.0405820238236192,0.0002323031683777763
structure,3,376,0.027742723484496846,0.023721893651133728,0.040208301903295766,0.00023030302331977814
structure,3,377,0.02766367071368987,0.02364598269095309,0.04017688253257356,0.00022831554998705783
structure,3,378,0.027652631589155596,0.02360542758316891,0.040472037584445494,0.00022634082715645103
structure,3,379,0.027672291332102007,0.023672471226584505,0.039998201541505345,0.0002243789330994051
structure,3,380,0.027686813320993754,0.023637246233520558,0.040495669950704354,0.00022242994557887817
structure,3,381,0.027852980099015386,0.023761474320728226,0.04091505979627916,0.0002204939418462558
structure,3,382,0.027777360951620356,0.023682665926046845,0.04094695272629317,0.0002185709986382895
structure,3,383,0.027867465277564743,0.023775784765654694,0.04091680371846916,0.00021666119217405476
structure,3,384,0.027983270235379124,0.023927888256684918,0.04055382380889384,0.00021476459815193065
structure,3,385,0.02773036032078627,0.02366467917887567,0.04065681078687661,0.00021288129174659845
structure,3,386,0.027665376692387826,0.02366441848636763,0.040009581155627576,0.00021101134760606282
structure,3,387,0.027636372525604837,0.023634583317229705,0.0400178914661118,0.00020915483984869278
structure,3,388,0.02765271198928512,0.02355158193810179,0.04101129805100182,0.00020731184206028338
structure,3,389,0.027754207776358484,0.023681775182874645,0.040724326129370506,0.00020548242729113986
structure,3,390,0.027550670724391314,0.02357802183583729,0.039726484703099446,0.0002036666680531812
structure,3,391,0.027582537523876904,0.023585919285917717,0.039966183926122306,0.00020186463631706724
structure,3,392,0.027649601080087707,0.02365690670596246,0.039926940808680596,0.00020007640350934463
structure,3,393,0.02756406869690661,0.023596337322855744,0.03967731356542976,0.00019830204050961682
structure,3,394,0.027630937633447487,0.023609771692332648,0.040211655836620466,0.0001965416176477338
structure,3,395,0.027553696078357746,0.02357938681916375,0.03974309276701887,0.00019479520470100522
structure,3,396,0.027519760663103184,0.023544858192767238,0.03974902332218135,0.00019306287089143387
structure,3,397,0.027514899592097682,0.023535528922983624,0.03979370436648165,0.0001913446848829728
structure,3,398,0.02750053173587621,0.023532915383810787,0.039676162883561523,0.00018964071477880297
structure,3,399,0.027527887267170002,0.023569334726342955,0.0395855268089018,0.0001879510281186341
structure,3,400,0.027578729440703716,0.023550303268681617,0.040284263257024805,0.00018627569187602803
structure,3,401,0.02752277243386361,0.02356580766428544,0.039569649252038715,0.0001846147724557432
structure,3,402,0.027495740832610166,0.023551322471146174,0.03944418297268392,0.00018296833569110386
structure,3,403,0.027466889480542264,0.023477662515196725,0.03989226905040579,0.00018133644684138923
structure,3,404,0.027574951743449306,0.023597826865105344,0.039771250193797576,0.0001797191705892481
structure,3,405,0.027520301331116697,0.023537055338798553,0.03983246019552644,0.000178116571038134
structure,3,406,0.02752166713634141,0.02352666272720998,0.039950046425699874,0.00017652871170976533
structure,3,407,0.027469030126695843,0.023512189663149045,0.03956840759235636,0.0001749556555416066
structure,3,408,0.02746395680654609,0.02350603586291364,0.03957920880409507,0.00017339746488437453
structure,3,409,0.02751438012322309,0.02354461858754214,0.039697618167798765,0.00017185420149956645
structure,3,410,0.027473557453515013,0.02349985174970901,0.03973705826361248,0.00017032592655701195
structure,3,411,0.027494438396226954,0.023511984674916567,0.03982453519969634,0.00016881270063244893
structure,3,412,0.02740690207921027,0.023477006654982157,0.039298949709682486,0.00016731458370512203
structure,3,413,0.02744223606862692,0.02348242114071902,0.03959814788817426,0.0001658316351554057
structure,3,414,0.027410575711501486,0.02344849161492471,0.03962083910798591,0.00016436391376244995
structure,3,415,0.027483023207041365,0.023532308458153635,0.03950714455144212,0.0001629114777018514
structure,3,416,0.027403353876373476,0.02344209973167813,0.03961254220562878,0.00016147438454334643
structure,3,417,0.027506063193783126,0.023522033480144356,0.03984029780752354,0.0001600526912485301
structure,3,418,0.027404892469899772,0.02345275829786887,0.039521342187186136,0.00015864645416859815
structure,3,419,0.02736165452330293,0.023426670897217082,0.039349837175159476,0.00015725572904211292
structure,3,420,0.02739045003005948,0.023442663845676667,0.03947785888693974,0.00015588057099279502
structure,3,421,0.027405852928524228,0.02345025835573362,0.039555944035476555,0.00015452103452733736
structure,3,422,0.02742610146186993,0.023480306012317657,0.03945795325051711,0.00015317717353324577
structure,3,423,0.027360323515013055,0.023415835297061007,0.03944488619660896,0.00015184904127670202
structure,3,424,0.027426120671917815,0.02346602268030687,0.03960097869055701,0.0001505366904004532
structure,3,425,0.027394550285902722,0.023444219032793694,0.03950331054686255,0.00014924017292172498
structure,3,426,0.027349834916408005,0.02339594128879648,0.03953894156738921,0.00014795954023015976
structure,3,427,0.027353811065615314,0.02340291215315967,0.03950898792818383,0.00014669484308577974
structure,3,428,0.027390347837468042,0.02344221913549981,0.039481287972889745,0.00014544613161697508
structure,3,429,0.0273640173202862,0.02339771948268457,0.03966297821066398,0.00014421345531851696
structure,3,430,0.027516174516774343,0.023528440833558612,0.03987733573305078,0.0001429968630495956
structure,3,431,0.02761525092719429,0.023536061026720092,0.040791898401692395,0.0001417964030318838
structure,3,432,0.027560109082930394,0.023564584572694943,0.039955243234846054,0.00014061212284762544
structure,3,433,0.027464577889279036,0.023449497341175927,0.040150804391651175,0.00013944406943775003
structure,3,434,0.02730733145018626,0.023377576162041634,0.03929755195741865,0.00013829228910001106
structure,3,435,0.027312002176365403,0.023371192969517982,0.03940809376090376,0.00013715682748715205
structure,3,436,0.027366119784645874,0.02344761799057999,0.03918501920511766,0.00013603772960509627
structure,3,437,0.02732430261319051,0.023399962705630547,0.03924339706219208,0.00013493503981116322
structure,3,438,0.02729759216503126,0.023363204828558328,0.039343869814517915,0.00013384880181231017
structure,3,439,0.027282507939376033,0.02336593689615826,0.03916570842363349,0.00013277905866340012
structure,3,440,0.02728409396469904,0.023358636231747682,0.03925457808818892,0.00013172585276549498
structure,3,441,0.02729457877479085,0.023350220650201054,0.03944358111945207,0.000130689225864175
structure,3,442,0.027339095074693155,0.023418006786283873,0.03921088442089663,0.00012966921904788411
structure,3,443,0.02727859034434,0.023343945675901583,0.03934644468070322,0.00012866587274630136
structure,3,444,0.027299835193445105,0.02337258970535144,0.03927245612594228,0.00012767922672873855
structure,3,445,0.027289982583597498,0.023347792923255936,0.03942189612681187,0.00012670932010256327
structure,3,446,0.027284845549311713,0.02338868320746926,0.038961621249391266,0.0001257561913116499
structure,3,447,0.027280055234505364,0.023349718363376883,0.0393033643732183,0.00012481987813485463
structure,3,448,0.027252025041466593,0.023343328692933287,0.03908695942447484,0.00012390041768451903
structure,3,449,0.02725604162417722,0.023330594911471048,0.03925446601822855,0.00012299784640499843
structure,3,450,0.027258959552637903,0.02333881059666371,0.03920148925821713,0.00012211220007121764
structure,3,451,0.027302081489998742,0.02335125898003734,0.03950822522605991,0.00012124351378725287
structure,3,452,0.02724816176952799,0.023328121396525722,0.03920040201813994,0.00012039182198494037
structure,3,453,0.027256434160836684,0.023335905998517266,0.03920528194903549,0.00011955715842251154
structure,3,454,0.027271835225836105,0.023346894661416897,0.03924940175841278,0.00011873955618325512
structure,3,455,0.027253580102137735,0.023360863814310368,0.03892716054875141,0.0001179390476742057
structure,3,456,0.02724620308872925,0.02327914978559895,0.039670531659851495,0.00011715566462485903
structure,3,457,0.027243309501101393,0.02332450666370031,0.03918802882143474,0.00011638943808591481
structure,3,458,0.027202490337834968,0.0232875510884872,0.039149392026600574,0.0001156403984280455
structure,3,459,0.027202293432412507,0.02329932749465925,0.03902965921218028,0.00011490857534069303
structure,3,460,0.02721236563499229,0.023302867456628667,0.03909497960001308,0.00011419399783089137
structure,3,461,0.027206445492162095,0.02330112636731281,0.03905319219197368,0.00011349669422211739
structure,3,462,0.027188049352122347,0.023284724736026934,0.039033245091027444,0.00011281669215316785
structure,3,463,0.02722621761632028,0.02330561378100211,0.039206037886304584,0.00011215401857706393
structure,3,464,0.027207498343821915,0.023286224598206055,0.03921273790844582,0.00011150869975998316
structure,3,465,0.02722654658474281,0.023321092464321586,0.03905454198720405,0.00011088076128021786
structure,3,466,0.027176600888215843,0.023282103790043227,0.03894496802483775,0.00011027022802716184
structure,3,467,0.02724059905574776,0.023297906072698438,0.03942692594957725,0.00010967712420032333
structure,3,468,0.027256303722179902,0.023350230731828715,0.0390607273065079,0.00010910147330836623
structure,3,469,0.02718104816020002,0.02328828379861991,0.0389276445252388,0.00010854329816817797
structure,3,470,0.02718522428843745,0.023268827774583827,0.03916396713249055,0.00010800262090396556
structure,3,471,0.027231621699451466,0.023291560094171344,0.03940061389349459,0.00010747946294637797
structure,3,472,0.02720932592455463,0.02329274582100288,0.039165801356495514,0.00010697384503165752
structure,3,473,0.027168562810858297,0.023260265097566745,0.03908297637424021,0.00010648578720081721
structure,3,474,0.027146670670678972,0.02326401177180965,0.03882658852667939,0.00010601530879884693
structure,3,475,0.02718521610349806,0.023277750783466174,0.03907465102155899,0.00010556242847394639
structure,3,476,0.0272232312563194,0.023236879218107104,0.03986351296072218,0.00010512716417678588
structure,3,477,0.02715855122449037,0.023270744806053432,0.038878060449352464,0.00010470953315979514
structure,3,478,0.02717497153086077,0.023274653000324264,0.039003186725449626,0.00010430955197647918
structure,3,479,0.0271486922583054,0.023274483290493645,0.038742089532218464,0.00010392723648076232
structure,3,480,0.02715071049025258,0.023240024929102657,0.03910685046612438,0.00010356260182635971
structure,3,481,0.027151865714446062,0.02325612339665311,0.03895742049338612,0.00010321566246617685
structure,3,482,0.027136395060440268,0.023237129950570066,0.03899265107924882,0.00010288643215173648
structure,3,483,0.027128787672356276,0.023231400867471805,0.038973867757046504,0.00010257492393263363
structure,3,484,0.027124330343060953,0.02322485487587147,0.03899475828046587,0.00010228115015601852
structure,3,485,0.02717285658726493,0.023289559934259085,0.038832970109449666,0.00010200512246610701
structure,3,486,0.027126388852885746,0.023211436895726554,0.039149518628111085,0.00010174685180371902
structure,3,487,0.02720956969276732,0.023318139169919583,0.038914307057079385,0.00010150634840584485
structure,3,488,0.027116660797097975,0.023207576332647868,0.039090837816423286,0.00010128362180523972
structure,3,489,0.027103523653263212,0.023204426964448265,0.03899096486501532,0.00010107868083004547
structure,3,490,0.027165083735014067,0.023282370498457404,0.038827132545508854,0.00010089153360344113
structure,3,491,0.027175855110387268,0.023291742336734467,0.03884112695839947,0.00010072218754332046
structure,3,492,0.027167713916410666,0.023244931330957862,0.039227827585864,0.00010057064936199837
structure,3,493,0.027108913000585516,0.023229063354802192,0.03879849491616609,0.00010043692506594446
structure,3,494,0.027119786836031834,0.02322172202101809,0.038980648164727356,0.00010032101995554533
structure,3,495,0.027135817416732055,0.023243144820821193,0.03892672660106467,0.00010022293862489412
structure,3,496,0.02711950994386063,0.023218173567721177,0.03901336265256137,0.00010014268496160877
structure,3,497,0.02711161857777258,0.02324535256110657,0.038662662982512704,0.00010008026214667765
structure,3,498,0.027181073099219147,0.023220264904842986,0.039608079288398004,0.00010003567265433361
structure,3,499,0.027275677502894526,0.023356214870866535,0.03919462585826611,0.00010000891825195589
structure,3,500,0.02732076588288611,0.023334359857144306,0.03986405795221229,0.0001
