new_rank,old_rank,ids,size,gross_removed,broken_support_jumps,original_priority,priority,expanded_ids,expanded_broken,expanded_gross,tested,extract_status,net_removed,insert_status,final_T,extract_ms,insert_ms
0,1,32 48 100 113 129 130 131 213,8,18,3,5.0843278570899333,4.2485479353765196,32 48 100 113 129 130 131 213,3,18,1,ok,14,ok,380,0.01899999999999992,1.3759999999999997
1,0,11 12 27 28 41 42 43 64,8,20,6,5.6079466290439095,3.9463328130308994,11 12 27 28 41 42 43 64,6,20,1,ok,4,failed,-1,0.023999999999999716,0.32800000000000018
2,21,5 37 38 55 105 164 177 232,8,15,1,4.2144399964877461,3.9380832754065822,5 37 38 55 105 164 177 232,1,15,1,ok,11,failed,-1,0.012999999999999991,1.0140000000000002
3,2,5 37 38 55 132 152 164 177,8,18,4,4.9238985476905084,3.8446879071008078,5 37 38 55 132 152 164 177,4,18,1,ok,8,failed,-1,0.020000000000000052,0.68799999999999939
4,8,1 16 18 50 51 67 86 119,8,18,4,4.5733643356276081,3.5709831113804609,1 16 18 50 51 67 86 119,4,18,1,ok,8,failed,-1,0.018000000000000654,0.80199999999999971
5,68,100 132,2,5,0,3.5084588570067519,3.5084588570067519,100 132,0,5,1,ok,5,ok,376,0.0070000000000000617,0.59200000000000053
6,4,4 6 21 58 81 136 137 138,8,18,5,4.8298039792888678,3.5065700123604109,4 6 21 58 81 136 137 138,5,18,1,ok,4,failed,-1,0.021000000000000185,0.57399999999999984
7,69,250,1,3,0,3.4958363255122982,3.4958363255122982,250,0,3,1,ok,3,ok,376,0.0059999999999990616,0.098000000000000864
8,16,5 37 38 55 98 105 177 250,8,16,3,4.2717036857352308,3.4830814668302654,5 37 38 55 98 105 177 250,3,16,1,ok,6,failed,-1,0.018000000000000654,0.79899999999999938
9,74,109 132 152 174 191 229,6,11,0,3.4718768928320669,3.4718768928320669,109 132 152 174 191 229,0,11,1,ok,11,failed,-1,0.0070000000000000617,1.0689999999999988
10,17,69 117 145 147 151 161 197 199,8,15,3,4.2649445867622564,3.4259390942844354,69 117 145 147 151 161 197 199,3,15,1,ok,7,failed,-1,0.014999999999999389,0.92200000000000093
11,5,5 38 55 98 177 250,6,14,4,4.7323704752050011,3.4039857804106153,5 38 55 98 132 152 177 250,4,19,1,ok,3,failed,-1,0.018000000000000654,0.2669999999999999
12,35,5 37 38 55 105 177 250,7,14,2,3.9555769446201623,3.4004082506383853,5 37 38 55 105 177 250,2,14,1,ok,6,failed,-1,0.014999999999999389,0.5579999999999995
13,55,29 111 124 139 140 155 157 189,8,13,1,3.6271753001711406,3.3534262209129411,29 111 124 139 140 155 157 189,1,13,1,ok,7,failed,-1,0.011000000000000593,0.50899999999999901
14,33,218 247 248 264 265,5,11,2,4.0345834689990312,3.3173241856214259,4 6 58 218 247 248 264 265,6,17,1,ok,7,failed,-1,0.014999999999999389,0.74399999999999988
15,91,132 152 174 191 229,5,9,0,3.3110571640650339,3.3110571640650339,132 152 174 191 229,0,9,1,ok,9,ok,379,0.0070000000000000617,0.90499999999999958
16,37,158 159 192 225 254 271 272,7,13,2,3.8866701498188045,3.3000029573933247,158 159 160 192 225 254 271 272,3,15,1,ok,11,failed,-1,0.012999999999999123,0.7179999999999982
17,95,100 117 132,3,6,0,3.2944570845486036,3.2944570845486036,100 117 132,0,6,1,ok,6,ok,376,0.0070000000000000617,0.83599999999999997
18,7,4 6 21 39 40 58 75 76,8,17,5,4.6375270816287752,3.293316333330579,4 6 21 39 40 58 75 76,5,17,1,ok,0,failed,-1,0.018999999999998185,0.27100000000000041
19,27,145 160 161 177 179 195,6,13,3,4.1562335191484125,3.2151995148129231,145 160 161 164 177 179 195,3,15,1,ok,5,failed,-1,0.015999999999998654,0.45399999999999952
20,28,1 16 18 42 50 51 67 86,8,17,4,4.1465164758374682,3.1850054089766062,1 16 18 42 50 51 67 86,4,17,1,ok,4,failed,-1,0.018999999999998185,0.49000000000000088
21,3,5 38 39 40 55 58 75 76,8,17,6,4.8699431443907395,3.1760498767765686,5 38 39 40 55 58 75 76,6,17,1,ok,7,failed,-1,0.019999999999999185,0.6460000000000008
22,49,5 37 38 55 105 164 177,7,13,2,3.7115250743815538,3.1512948744749041,5 37 38 55 105 164 177 232,1,15,1,ok,6,failed,-1,0.015000000000001124,0.52199999999999813
23,20,32 48 113 129 130 131 213,7,15,4,4.2404366110476825,3.1281909425761589,32 48 100 113 129 130 131 213,3,18,1,ok,5,failed,-1,0.019000000000001654,0.63200000000000056
24,56,36 37 132 151 152 153 169,7,14,2,3.6264642575604427,3.117486817902837,36 37 132 151 152 153 169,2,14,1,ok,11,failed,-1,0.011999999999998123,1.0290000000000021
25,31,5 37 38 55 164 177,6,12,3,4.0946625261046998,3.0918880299157934,5 37 38 55 105 164 177 232,1,15,1,ok,3,failed,-1,0.015999999999998654,0.37200000000000077
26,119,132,1,3,0,3.0844139137495743,3.0844139137495743,132,0,3,1,ok,3,ok,376,0.0059999999999990616,0.15900000000000289
27,10,5 38 55 98 106 177 250,7,16,5,4.4040963319448041,3.0489897682694798,5 38 55 98 106 177 250,5,16,1,ok,4,failed,-1,0.018999999999998185,0.39499999999999952
28,130,36 153 169 190 229,5,9,0,2.9886985340937819,2.9886985340937819,36 153 169 190 229,0,9,1,ok,9,ok,380,0.0060000000000025311,0.78799999999999704
29,52,132 152,2,5,1,3.6550766187999519,2.9588715485523425,132 152 174 191,0,7,1,ok,4,ok,377,0.0090000000000020619,0.42099999999999776
30,30,35 84 99 145 147 160 161 197,8,17,5,4.1228752770508477,2.9278389648621959,35 84 99 145 147 160 161 197,5,17,1,ok,6,failed,-1,0.016999999999999654,0.80900000000000072
31,147,117 132,2,4,0,2.9179363902714424,2.9179363902714424,117 132,0,4,1,ok,4,ok,376,0.0060000000000025311,0.43899999999999839
32,34,5 37 38 55 132 152,6,14,4,4.0236929989149317,2.8942353150089861,5 37 38 55 105 132 152,3,15,0,not_tested,0,not_tested,-1,0,0
33,6,4 6 21 58 81 136 138,7,15,6,4.7247589552684657,2.8658373990972668,4 6 21 58 81 136 137 138,5,18,1,ok,-2,failed,-1,0.022000000000001185,0.063999999999998086
34,9,35 84 99 145 147 160 161,7,14,5,4.4090172981400677,2.861993684757588,35 84 99 145 147 160 161 179,4,16,1,ok,3,failed,-1,0.016000000000002124,0.35999999999999921
35,12,4 6 58 218 247 248 264 265,8,17,6,4.3502926991897581,2.8371474125150593,4 6 58 218 247 248 264 265,6,17,1,ok,5,failed,-1,0.022000000000001185,0.73700000000000154
36,163,132 152 174 191,4,7,0,2.8301722080410108,2.8301722080410108,132 152 174 191,0,7,0,not_tested,0,not_tested,-1,0,0
37,24,145 160 161 164 177 195,6,12,4,4.1993358553452476,2.8281241474774115,145 160 161 164 177 179 195,3,15,1,ok,4,failed,-1,0.016999999999999654,0.51599999999999913
38,170,179 226,2,4,0,2.8154417672781866,2.8154417672781866,179 226,0,4,0,not_tested,0,not_tested,-1,0,0
39,93,158 159 192 205 225 254 271 272,8,13,2,3.3054778998517418,2.8065378394967619,158 159 192 205 225 254 271 272,2,13,0,not_tested,0,not_tested,-1,0,0
40,175,5 36 41,3,5,0,2.7931278374461508,2.7931278374461508,5 36 41,0,5,0,not_tested,0,not_tested,-1,0,0
41,177,5 36,2,4,0,2.7770744677141943,2.7770744677141943,5 36,0,4,0,not_tested,0,not_tested,-1,0,0
42,182,36 153 169,3,5,0,2.7572538398521678,2.7572538398521678,36 153 169,0,5,0,not_tested,0,not_tested,-1,0,0
43,66,1 16 18 50 51 67 69 117,8,13,3,3.5524379937656874,2.7481124102715695,1 16 18 50 51 67 69 117,3,13,0,not_tested,0,not_tested,-1,0,0
44,188,69 117 197 199,4,6,0,2.7377793198132458,2.7377793198132458,69 117 197 199,0,6,0,not_tested,0,not_tested,-1,0,0
45,190,248 250,2,4,0,2.7317695898605567,2.7317695898605567,248 250,0,4,0,not_tested,0,not_tested,-1,0,0
46,46,177 179 195,3,7,2,3.7665295893950739,2.7274869440447089,132 152 164 174 177 179 191 195,1,16,0,not_tested,0,not_tested,-1,0,0
47,96,158 159 225 254 271 272,6,11,2,3.2931310023085949,2.7076854907870667,158 159 160 195 225 254 271 272,2,16,0,not_tested,0,not_tested,-1,0,0
48,58,4 6 21 36 37 58 75 76,8,15,4,3.613591121956043,2.6657639424265889,4 6 21 36 37 58 75 76,4,15,0,not_tested,0,not_tested,-1,0,0
49,80,100 145 147 151 161 221 229,7,13,3,3.4400962910207,2.6612065647518621,100 145 147 151 161 195 221 229,3,16,0,not_tested,0,not_tested,-1,0,0
50,25,5 38 55,3,8,3,4.1680023634573402,2.6523651403819439,5 38 55 132 152 174 191,2,15,1,ok,4,ok,380,0.012999999999999123,0.67700000000000049
51,219,136 137 138,3,5,0,2.6350632169322252,2.6350632169322252,136 137 138,0,5,0,not_tested,0,not_tested,-1,0,0
52,221,67 100 132,3,5,0,2.6332100745157279,2.6332100745157279,67 100 132,0,5,0,not_tested,0,not_tested,-1,0,0
53,227,13 92 111,3,5,0,2.6060373680583084,2.6060373680583084,13 92 111,0,5,0,not_tested,0,not_tested,-1,0,0
54,77,21 81 136 138 179 226,6,12,3,3.4470624798570428,2.6028839133614401,21 36 37 81 136 138 179 226,2,15,0,not_tested,0,not_tested,-1,0,0
55,118,81 179 226,3,6,1,3.0851679365450986,2.5915410666978831,81 83 98 114 179 226,2,10,0,not_tested,0,not_tested,-1,0,0
56,231,36 69 117,3,5,0,2.5784471527552482,2.5784471527552482,36 69 117,0,5,0,not_tested,0,not_tested,-1,0,0
57,104,5 124,2,5,1,3.1775893876622003,2.5723342662027338,5 111 124 172 248,1,9,0,not_tested,0,not_tested,-1,0,0
58,42,35 84 99 160,4,9,3,3.8064989434723682,2.5719587455894377,35 84 99 160 164 177 179 195,3,18,0,not_tested,0,not_tested,-1,0,0
59,85,107 142 188 197 199 243 247 264,8,12,3,3.4028561443289376,2.5695036191871568,107 142 188 197 199 243 247 264,3,12,0,not_tested,0,not_tested,-1,0,0
60,51,100 145 147 151 161 221 222 229,8,13,4,3.6745163325695365,2.5652283831145817,100 145 147 151 161 221 222 229,4,13,0,not_tested,0,not_tested,-1,0,0
61,71,69 117 145 147 151 161,6,11,3,3.4803281608498366,2.5522406512898801,69 117 145 147 151 161 179 195,2,16,0,not_tested,0,not_tested,-1,0,0
62,53,35 84 99 145 147 151 161,7,13,4,3.6461170426095442,2.5454024637085499,35 84 99 145 147 151 160 161,4,18,0,not_tested,0,not_tested,-1,0,0
63,237,13 92,2,4,0,2.5364116907295475,2.5364116907295475,13 92,0,4,0,not_tested,0,not_tested,-1,0,0
64,153,36 151 153 169,4,7,1,2.8910787350216931,2.4923092543290455,36 69 117 151 153 169 197 199,0,13,0,not_tested,0,not_tested,-1,0,0
65,142,29 64 142,3,6,1,2.9394575996077381,2.4691443836705003,13 29 46 61 63 64 92 142,0,16,0,not_tested,0,not_tested,-1,0,0
66,64,64,1,3,1,3.5551924883365897,2.4612871073099467,13 29 46 61 63 64 92,0,14,0,not_tested,0,not_tested,-1,0,0
67,124,188 189 197 199 247 248 264,7,10,2,3.0563898733231887,2.4600211175528108,188 189 197 199 247 248 264,2,10,0,not_tested,0,not_tested,-1,0,0
68,19,11 12 27 28 42 43 64,7,14,6,4.2487445999069617,2.4597995052092938,11 12 27 28 42 43 64 106,5,16,1,ok,-2,failed,-1,0.022999999999998716,0.054999999999999494
69,14,81 83 98 113 114 129 130 195,8,16,7,4.3180715898489614,2.4579792126832549,81 83 98 113 114 129 130 195,7,16,1,ok,4,failed,-1,0.022000000000001185,0.48699999999999788
70,29,35 83 84 99 195,5,12,5,4.1327887139977539,2.4459361776721402,35 83 84 99 160 164 177 195,6,18,1,ok,3,failed,-1,0.018999999999998185,0.43300000000000283
71,87,11 12 27 28 41 43 106 114,8,14,4,3.3912604487460625,2.4393276912033079,11 12 27 28 41 43 106 114,4,14,0,not_tested,0,not_tested,-1,0,0
72,57,1 16 18 50 51 67 86,7,12,4,3.6153925550680852,2.4348562105560578,1 16 18 50 51 67 86 119,4,18,0,not_tested,0,not_tested,-1,0,0
73,81,81 83 98 113 114 129 131,7,13,4,3.4264088162635571,2.3920212490896535,81 83 98 100 113 114 129 131,3,15,0,not_tested,0,not_tested,-1,0,0
74,259,36 153 169 190,4,6,0,2.3861518810570215,2.3861518810570215,36 153 169 190,0,6,0,not_tested,0,not_tested,-1,0,0
75,263,179,1,2,0,2.3727235934163882,2.3727235934163882,179,0,2,0,not_tested,0,not_tested,-1,0,0
76,165,100 132 151,3,6,1,2.8226880751561692,2.3710579831311822,69 100 117 132 151 197 199,0,12,0,not_tested,0,not_tested,-1,0,0
77,44,11 12 27 28 41 42 43,7,13,5,3.7969627974259086,2.3641466474538677,11 12 27 28 41 42 43 106,4,15,0,not_tested,0,not_tested,-1,0,0
78,144,5 37 38 55 105 177,6,10,2,2.928846888324804,2.3573645686516715,5 37 38 55 105 132 152 177,3,16,0,not_tested,0,not_tested,-1,0,0
79,267,5,1,2,0,2.3532775769696359,2.3532775769696359,5,0,2,0,not_tested,0,not_tested,-1,0,0
80,268,192 250 272,3,5,0,2.3520117267677061,2.3520117267677061,192 250 272,0,5,0,not_tested,0,not_tested,-1,0,0
81,269,13 29 46,3,5,0,2.3494743660733048,2.3494743660733048,13 29 46,0,5,0,not_tested,0,not_tested,-1,0,0
82,271,69 117 188 189 197 199,6,7,0,2.3335435756511074,2.3335435756511074,69 117 188 189 197 199,0,7,0,not_tested,0,not_tested,-1,0,0
83,76,81 83 98 113 114 129,6,12,4,3.4585273575018465,2.3292123019910393,81 83 98 100 113 114 129,3,14,0,not_tested,0,not_tested,-1,0,0
84,50,35 84 99 145 160 161 197,7,13,5,3.7060524325747091,2.3075420806597249,35 84 99 145 160 161 179 197,4,15,0,not_tested,0,not_tested,-1,0,0
85,65,35 84 99 145 160 161 197 199,8,14,5,3.5528693536479965,2.3062485278065941,35 84 99 145 160 161 197 199,5,14,0,not_tested,0,not_tested,-1,0,0
86,83,11 12 27 28 41 43 105 106,8,12,4,3.4101289225128029,2.2966174376106632,11 12 27 28 41 43 105 106,4,12,0,not_tested,0,not_tested,-1,0,0
87,107,13 61 63 64,4,7,2,3.1623105705381174,2.2899490338379471,13 29 46 61 63 64 92,0,14,0,not_tested,0,not_tested,-1,0,0
88,126,158 159 175 208 225 254 271 272,8,12,3,3.0305799891181615,2.2883971346402445,158 159 175 208 225 254 271 272,3,12,0,not_tested,0,not_tested,-1,0,0
89,166,247 248 264,3,5,1,2.8215015608887346,2.284072692148023,21 81 136 138 247 248 264,3,12,0,not_tested,0,not_tested,-1,0,0
90,283,92 111,2,3,0,2.2764472261449753,2.2764472261449753,92 111,0,3,0,not_tested,0,not_tested,-1,0,0
91,134,177 250,2,4,1,2.9725497717210012,2.273126296021942,5 38 132 152 174 177 191 250,2,15,0,not_tested,0,not_tested,-1,0,0
92,135,35 36,2,4,1,2.9724626977434774,2.2730597100391297,35 36 160 164 177 179 195,2,15,0,not_tested,0,not_tested,-1,0,0
93,285,36 37,2,3,0,2.2680689520895125,2.2680689520895125,36 37,0,3,0,not_tested,0,not_tested,-1,0,0
94,138,218 229,2,4,1,2.9550069751550634,2.2597112162950483,4 6 58 218 229 247 248 264,6,15,0,not_tested,0,not_tested,-1,0,0
95,32,5 38 55 106 177,5,11,5,4.0457545510218225,2.247641417234346,5 38 55 106 132 152 177,5,16,0,not_tested,0,not_tested,-1,0,0
96,178,0 3 48,3,5,1,2.7743625176290601,2.2459125142711436,0 3 48 100,0,7,0,not_tested,0,not_tested,-1,0,0
97,291,36,1,2,0,2.2436143532664925,2.2436143532664925,36,0,2,0,not_tested,0,not_tested,-1,0,0
98,143,29 64,2,4,1,2.9290567525433295,2.2398669284154873,13 29 46 61 63 64 92,0,14,0,not_tested,0,not_tested,-1,0,0
99,295,100,1,2,0,2.2306898769530865,2.2306898769530865,100,0,2,0,not_tested,0,not_tested,-1,0,0
100,11,179 226 227 240 241 256 259,7,14,7,4.3792663438147583,2.2280477889583858,179 226 227 229 240 241 256 259,6,16,1,failed,0,not_tested,-1,0.026999999999999247,0
101,195,172 188 189 197 199 247 248 264,8,11,2,2.7080352877264056,2.2266067921306001,172 188 189 197 199 247 248 264,2,11,0,not_tested,0,not_tested,-1,0,0
102,162,29 111 124 139 140 155 189,7,9,2,2.8307882107614333,2.2187258949211235,29 111 124 139 140 155 157 189,1,13,0,not_tested,0,not_tested,-1,0,0
103,186,142 188 197 199 243 247 264,7,10,2,2.7426199989276174,2.2074746332832045,142 188 197 199 229 243 247 264,1,12,0,not_tested,0,not_tested,-1,0,0
104,108,21 81 136 138 247 248 264 265,8,13,4,3.1565542627167398,2.2036322211418748,21 81 136 138 247 248 264 265,4,13,0,not_tested,0,not_tested,-1,0,0
105,198,32 48 50,3,5,1,2.7031712316245575,2.1882814732198796,32 48 50 100,0,7,0,not_tested,0,not_tested,-1,0,0
106,309,69 117,2,3,0,2.1790711830258265,2.1790711830258265,69 117,0,3,0,not_tested,0,not_tested,-1,0,0
107,310,13 29,2,3,0,2.17866145612849,2.17866145612849,13 29,0,3,0,not_tested,0,not_tested,-1,0,0
108,204,117 218 229,3,5,1,2.6821250089198712,2.1712440548398955,117 218 229 247 248 264,2,10,0,not_tested,0,not_tested,-1,0,0
109,314,158 159 271 272,4,5,0,2.1666801009878327,2.1666801009878327,158 159 271 272,0,5,0,not_tested,0,not_tested,-1,0,0
110,18,4 6 21 58 81 83 104 121,8,16,8,4.2569239203237643,2.1612075287797574,4 6 21 58 81 83 104 121,8,16,1,ok,-4,failed,-1,0.025000000000004186,0.050000000000001432
111,319,254 271 272,3,4,0,2.1569842253632165,2.1569842253632165,254 271 272,0,4,0,not_tested,0,not_tested,-1,0,0
112,320,92,1,2,0,2.1537419641633031,2.1537419641633031,92,0,2,0,not_tested,0,not_tested,-1,0,0
113,220,35 36 50,3,5,1,2.6344563627169442,2.1326551507708591,35 36 50 160 164 177 179 195,2,16,0,not_tested,0,not_tested,-1,0,0
114,121,195,1,3,1,3.0797976539508052,2.1321676065813269,132 152 164 174 177 191 195,1,13,0,not_tested,0,not_tested,-1,0,0
115,82,35 84 99 124 139 140 154,7,13,5,3.4198851032175499,2.1293624227580974,35 84 99 124 139 140 154 160,6,16,0,not_tested,0,not_tested,-1,0,0
116,326,41 69 117,3,4,0,2.1266555150398632,2.1266555150398632,41 69 117,0,4,0,not_tested,0,not_tested,-1,0,0
117,152,13 61 63 92 93 95 109 125,8,11,3,2.8913336553511755,2.120311347257529,13 61 63 92 93 95 109 125,3,11,0,not_tested,0,not_tested,-1,0,0
118,115,4 5 36,3,6,2,3.1173264034089252,2.1197819543180692,4 5 36 37 132 152 174 191,3,14,0,not_tested,0,not_tested,-1,0,0
119,330,136 137,2,3,0,2.1169873219602344,2.1169873219602344,136 137,0,3,0,not_tested,0,not_tested,-1,0,0
120,332,92 109,2,3,0,2.1161831593201699,2.1161831593201699,92 109,0,3,0,not_tested,0,not_tested,-1,0,0
121,247,98 114 247 248 264,5,7,1,2.4494925668172103,2.1116315231182852,98 114 247 248 264,1,7,0,not_tested,0,not_tested,-1,0,0
122,88,11 12 27 28 41 43 98 114,8,13,5,3.3656470165468728,2.0955915386046566,11 12 27 28 41 43 98 114,5,13,0,not_tested,0,not_tested,-1,0,0
123,47,4 6 21 58 75 76,6,11,5,3.7540335815941774,2.0855742119967653,4 5 6 21 58 75 76,4,14,0,not_tested,0,not_tested,-1,0,0
124,192,218 265,2,4,1,2.7202566199822953,2.0801962388099904,4 6 58 218 247 248 264 265,6,17,0,not_tested,0,not_tested,-1,0,0
125,215,41 69 114 117 175 208,6,9,2,2.6538391143840387,2.0800360626253278,41 69 114 117 175 208,2,9,0,not_tested,0,not_tested,-1,0,0
126,340,137,1,2,0,2.0784906446949134,2.0784906446949134,137,0,2,0,not_tested,0,not_tested,-1,0,0
127,341,248 250 251,3,4,0,2.0757964289281015,2.0757964289281015,248 250 251,0,4,0,not_tested,0,not_tested,-1,0,0
128,193,106 137,2,4,1,2.7138058940362844,2.075263330733629,11 12 28 42 43 106 137 227,6,11,0,not_tested,0,not_tested,-1,0,0
129,343,142,1,2,0,2.0726510968822454,2.0726510968822454,142,0,2,0,not_tested,0,not_tested,-1,0,0
130,89,100 145 147 151 161 221,6,10,4,3.349255800009459,2.0422291463472311,100 145 147 151 161 179 195 221,3,15,0,not_tested,0,not_tested,-1,0,0
131,354,142 157,2,3,0,2.0408974579975081,2.0408974579975081,142 157,0,3,0,not_tested,0,not_tested,-1,0,0
132,127,36 37 58 75 76,5,9,3,3.0204282184157689,2.0408298773079521,5 36 37 38 55 58 75 76,5,17,0,not_tested,0,not_tested,-1,0,0
133,356,5 36 69,3,4,0,2.038906027479316,2.038906027479316,5 36 69,0,4,0,not_tested,0,not_tested,-1,0,0
134,239,117 119 132,3,5,1,2.5141709665129328,2.0352812586057074,4 6 21 58 81 117 119 132,7,15,0,not_tested,0,not_tested,-1,0,0
135,358,164 232,2,3,0,2.0330200263873301,2.0330200263873301,164 232,0,3,0,not_tested,0,not_tested,-1,0,0
136,359,29 155 157 189,4,5,0,2.0308101559457756,2.0308101559457756,29 155 157 189,0,5,0,not_tested,0,not_tested,-1,0,0
137,360,197 229,2,3,0,2.0283070095221358,2.0283070095221358,197 229,0,3,0,not_tested,0,not_tested,-1,0,0
138,361,229,1,2,0,2.0280735191157921,2.0280735191157921,229,0,2,0,not_tested,0,not_tested,-1,0,0
139,92,145 160 161 177 195,5,10,4,3.3072671334123869,2.0166263008612115,145 160 161 164 177 179 195,3,15,0,not_tested,0,not_tested,-1,0,0
140,116,46 61 63 93 94 95 125 248,8,11,4,3.099154999061442,1.9972332216173738,46 61 63 93 94 95 125 248,4,11,0,not_tested,0,not_tested,-1,0,0
141,36,184 200 205 215 240 251 256 259,8,14,7,3.9106252036498628,1.9896163316815092,184 200 205 215 240 251 256 259,7,14,0,not_tested,0,not_tested,-1,0,0
142,38,179 226 227 240 241 256,6,12,6,3.8679993864780013,1.9734690747336741,100 179 226 227 229 240 241 256,4,16,0,not_tested,0,not_tested,-1,0,0
143,371,36 41,2,3,0,1.9670090337566244,1.9670090337566244,36 41,0,3,0,not_tested,0,not_tested,-1,0,0
144,110,35 84 99 124 139 140 154 187,8,13,5,3.1546140841906278,1.964193675062089,35 84 99 124 139 140 154 187,5,13,0,not_tested,0,not_tested,-1,0,0
145,372,137 138,2,3,0,1.9619843592889064,1.9619843592889064,137 138,0,3,0,not_tested,0,not_tested,-1,0,0
146,232,98 250,2,4,1,2.5645084069325446,1.961094664124887,98 247 248 250 264,1,9,0,not_tested,0,not_tested,-1,0,0
147,298,155 188 189 197 199 247 264,7,8,1,2.2225749204028,1.9531718997479151,155 188 189 197 199 247 264,1,8,0,not_tested,0,not_tested,-1,0,0
148,70,35 84 99 145 160 161,6,11,5,3.4892921410197344,1.9384956338998525,35 84 99 145 160 161 179 195,3,16,0,not_tested,0,not_tested,-1,0,0
149,157,109 132 152 174 191 205 229 251,8,12,4,2.8729579651952788,1.9348492418662082,109 132 152 174 191 205 229 251,4,12,0,not_tested,0,not_tested,-1,0,0
150,214,29 111 124 139 140,5,7,2,2.654321396837509,1.9220948046064721,29 111 124 139 140 172 248,1,10,0,not_tested,0,not_tested,-1,0,0
151,382,29 111,2,3,0,1.9209493159300046,1.9209493159300046,29 111,0,3,0,not_tested,0,not_tested,-1,0,0
152,242,32 48,2,4,1,2.5045205273021467,1.9152215797016414,32 48 100,0,6,0,not_tested,0,not_tested,-1,0,0
153,385,187 248 250,3,4,0,1.9087110431322256,1.9087110431322256,187 248 250,0,4,0,not_tested,0,not_tested,-1,0,0
154,222,29 46 94 95 111,5,7,2,2.6309079555574062,1.9051402436795011,13 29 46 92 94 95 111 142,0,15,0,not_tested,0,not_tested,-1,0,0
155,388,250 251,2,3,0,1.8924627683508093,1.8924627683508093,250 251,0,3,0,not_tested,0,not_tested,-1,0,0
156,228,111 124 139 140 172,5,7,2,2.5954548676866018,1.8794673179799533,111 124 139 140 172 248,1,8,0,not_tested,0,not_tested,-1,0,0
157,22,130 174 191 195 201 202 213 225,8,16,9,4.2083651492927299,1.8775782973767565,130 174 191 195 201 202 213 225,9,16,1,ok,3,failed,-1,0.027000000000006186,0.54799999999999982
158,106,11 12 27 28 41 43 114,7,12,5,3.1695546322886798,1.8758588640075864,11 12 27 28 41 42 43 114,5,16,0,not_tested,0,not_tested,-1,0,0
159,184,35 84 99,3,6,2,2.7565694332345849,1.8744672145995176,35 84 99 160 164 177 179 195,3,18,0,not_tested,0,not_tested,-1,0,0
160,180,13 61 63 92 93 95 109,7,9,3,2.7686916183240444,1.8707375799486785,13 61 63 92 93 95 109,3,9,0,not_tested,0,not_tested,-1,0,0
161,280,13 29 46 63,4,5,1,2.2956475893379897,1.8583813818450396,13 29 46 63 92,0,8,0,not_tested,0,not_tested,-1,0,0
162,59,35 83 84 99,4,8,4,3.589199918776028,1.848981776339166,35 83 84 99 160 164 177 195,6,18,0,not_tested,0,not_tested,-1,0,0
163,99,39 40 58 75 76,5,9,4,3.2503379318986219,1.8447863937802991,36 37 39 40 58 75 76,3,12,0,not_tested,0,not_tested,-1,0,0
164,240,41 69 114 117 175,5,7,2,2.5108365365589096,1.8181919747495554,41 69 114 117 175 247 248 264,2,12,0,not_tested,0,not_tested,-1,0,0
165,274,155 188 189 197 199 243 247 264,8,9,2,2.3171711948186466,1.8161612067497503,155 188 189 197 199 243 247 264,2,9,0,not_tested,0,not_tested,-1,0,0
166,63,11 12 27 28 41 43 105 227,8,14,7,3.5603427327574972,1.8114024429818847,11 12 27 28 41 43 105 227,7,14,0,not_tested,0,not_tested,-1,0,0
167,40,35 83 84 99 130 195,6,13,7,3.8343966202123254,1.8086776510435498,35 83 84 99 100 130 160 195,5,18,0,not_tested,0,not_tested,-1,0,0
168,139,32 48 113 129 130 131,6,10,4,2.9512300715409268,1.7995305314273944,32 48 100 113 129 130 131 195,4,15,0,not_tested,0,not_tested,-1,0,0
169,145,13 92 100 145 151 161 221,7,10,4,2.9252354880923517,1.7836801756660681,13 92 100 145 151 161 195 221,4,13,0,not_tested,0,not_tested,-1,0,0
170,72,179 226 227 240 256,5,10,5,3.4762024296601037,1.7804939273868823,100 179 213 226 227 229 240 256,3,16,0,not_tested,0,not_tested,-1,0,0
171,48,5 38 42 51 86 119 124 240,8,13,7,3.7390118208759464,1.763684821167899,5 38 42 51 86 119 124 240,7,13,0,not_tested,0,not_tested,-1,0,0
172,179,32 48 113 129 131,5,8,3,2.7697971556924257,1.762598189986089,32 48 100 113 129 131,2,10,0,not_tested,0,not_tested,-1,0,0
173,26,39 40 70 75 76 130 195 213,8,17,10,4.163986608169691,1.7500813280713197,39 40 70 75 76 130 195 213,10,17,1,ok,-2,failed,-1,0.026999999999999247,0.072999999999996679
174,168,83 179 226,3,5,2,2.8162836094906747,1.7434136630180368,83 98 114 179 226 247 248 264,2,13,0,not_tested,0,not_tested,-1,0,0
175,197,1 16 18 50 51 67 69 70,8,11,4,2.7048347619173336,1.7431157354578375,1 16 18 50 51 67 69 70,4,11,0,not_tested,0,not_tested,-1,0,0
176,136,21 81 136 138,4,7,3,2.9620879060807619,1.7363963587369982,21 36 37 81 136 138,2,10,0,not_tested,0,not_tested,-1,0,0
177,261,83 98 104 114 121,5,7,2,2.3785010481571982,1.722362827975902,83 98 104 114 121 247 248 264,2,12,0,not_tested,0,not_tested,-1,0,0
178,23,227 229 240 241 243 244 256 259,8,15,9,4.2004359146781995,1.7214901289664752,227 229 240 241 243 244 256 259,9,15,1,failed,0,not_tested,-1,0.030000000000002247,0
179,238,83 104 121 158 219 232 254 271,8,9,3,2.5275916247376937,1.70783217887682,83 104 121 158 219 232 254 271,3,9,0,not_tested,0,not_tested,-1,0,0
180,406,164 197 199,3,3,0,1.7074791165201497,1.7074791165201497,164 197 199,0,3,0,not_tested,0,not_tested,-1,0,0
181,149,145 160 161 195,4,7,3,2.9087149176708489,1.7051087448415321,145 160 161 164 177 179 195,3,15,0,not_tested,0,not_tested,-1,0,0
182,185,5 36 37,3,5,2,2.7518775289344868,1.7035432321975394,5 36 37 132 152 174 191,2,12,0,not_tested,0,not_tested,-1,0,0
183,62,174 185 191 201 202 225 227 241,8,15,8,3.5751266633867789,1.6996503809543702,174 185 191 201 202 225 227 241,8,15,0,not_tested,0,not_tested,-1,0,0
184,338,158 159 175 192,4,5,1,2.0880409356510929,1.6903188526699324,158 159 175 192 225 254 271 272,2,15,0,not_tested,0,not_tested,-1,0,0
185,301,16 32 48,3,4,1,2.2103840516160314,1.6902936865299065,16 32 48 100,0,6,0,not_tested,0,not_tested,-1,0,0
186,305,105 106 137,3,4,1,2.1954161876805398,1.6788476729321777,11 12 28 42 43 105 106 137,4,10,0,not_tested,0,not_tested,-1,0,0
187,102,179 226 227,3,6,3,3.2183094045533966,1.6735208903677663,4 6 58 179 218 226 227 229,8,16,0,not_tested,0,not_tested,-1,0,0
188,416,158 159 192,3,3,0,1.6720653228753997,1.6720653228753997,158 159 192,0,3,0,not_tested,0,not_tested,-1,0,0
189,13,184 200 215 231 240 244 256 259,8,16,10,4.3416885078986107,1.6698801953456195,184 200 215 231 240 244 256 259,10,16,1,failed,0,not_tested,-1,0.029000000000001247,0
190,311,38 41 42,3,4,1,2.1769208877074355,1.6647042082468626,38 41 42 104 121 218 219 265,4,12,0,not_tested,0,not_tested,-1,0,0
191,350,29 46 94 111,4,5,1,2.053060674085347,1.6620014980690907,29 46 94 111 142,0,7,0,not_tested,0,not_tested,-1,0,0
192,203,92 124 139,3,5,2,2.6827819722414672,1.6607697923399558,92 111 124 139 172 248,1,9,0,not_tested,0,not_tested,-1,0,0
193,207,0 3 32,3,5,2,2.6791064240083986,1.65849445295758,0 3 32 48 100,0,10,0,not_tested,0,not_tested,-1,0,0
194,315,36 37 151,3,4,1,2.1663057021727945,1.6565867134262549,36 37 69 117 151 197 199,0,10,0,not_tested,0,not_tested,-1,0,0
195,209,0 3 70,3,5,2,2.6730735321896599,1.6547598056412181,0 3 48 70 100,1,9,0,not_tested,0,not_tested,-1,0,0
196,370,188 189 197 199 247 264,6,6,1,1.96750900029994,1.6527075602519496,69 117 188 189 197 199 247 264,0,10,0,not_tested,0,not_tested,-1,0,0
197,45,4 6 21 58 81 113 129 131,8,14,8,3.7680057596499554,1.6526341051096294,4 6 21 58 81 113 129 131,8,14,0,not_tested,0,not_tested,-1,0,0
198,216,37 132 151,3,5,2,2.6480284585095069,1.639255712410647,36 37 69 117 132 151 197 199,0,14,0,not_tested,0,not_tested,-1,0,0
199,423,142 155 157,3,3,0,1.6333430409030911,1.6333430409030911,142 155 157,0,3,0,not_tested,0,not_tested,-1,0,0
200,111,195 197 213,3,6,3,3.140937676692857,1.6332875918802856,100 132 152 164 177 195 197 213,3,16,0,not_tested,0,not_tested,-1,0,0
201,254,225 254 271 272,4,6,2,2.4014181772508727,1.6329643605305935,160 164 177 195 225 254 271 272,4,14,0,not_tested,0,not_tested,-1,0,0
202,78,0 1 3 16 18 32 35 51,8,13,7,3.4467772264743317,1.6258383143746846,0 1 3 16 18 32 35 51,7,13,0,not_tested,0,not_tested,-1,0,0
203,327,69 114 117,3,4,1,2.1247551436241081,1.624812756889024,69 114 117 247 248 264,1,9,0,not_tested,0,not_tested,-1,0,0
204,425,158 232 254 271,4,4,0,1.6232328935651525,1.6232328935651525,158 232 254 271,0,4,0,not_tested,0,not_tested,-1,0,0
205,264,247 248 264 265,4,6,2,2.3687758370085596,1.6107675691658203,4 5 6 58 247 248 264 265,5,13,0,not_tested,0,not_tested,-1,0,0
206,432,13 38 111,3,3,0,1.6050199227757833,1.6050199227757833,13 38 111,0,3,0,not_tested,0,not_tested,-1,0,0
207,112,0 1 3 16 18 32 35,7,12,6,3.1408923536934616,1.6024960988231947,0 1 3 16 18 32 35 100,5,14,0,not_tested,0,not_tested,-1,0,0
208,433,215 229 243,3,3,0,1.6024593227293051,1.6024593227293051,215 229 243,0,3,0,not_tested,0,not_tested,-1,0,0
209,86,5 38 55 93 106 125 177,7,13,7,3.3944971397401109,1.6011778961038259,5 38 55 93 106 125 177,7,13,0,not_tested,0,not_tested,-1,0,0
210,171,1 16 18 50 51 67 69,7,9,4,2.8110410225961959,1.5954557155275704,1 16 18 50 51 67 69 119,4,10,0,not_tested,0,not_tested,-1,0,0
211,123,32 48 130,3,6,3,3.0679454963675292,1.5953316581111154,32 48 100 130 164 177 195,4,14,0,not_tested,0,not_tested,-1,0,0
212,117,11 12 27 28 41 43 105,7,10,5,3.0917201777956298,1.5835639935050787,11 12 27 28 41 42 43 105,5,14,0,not_tested,0,not_tested,-1,0,0
213,278,41 114 175 208,4,6,2,2.3098143231247308,1.5706737397248169,41 114 175 208 247 248 264,2,11,0,not_tested,0,not_tested,-1,0,0
214,438,92 105 111,3,3,0,1.5693677407892321,1.5693677407892321,92 105 111,0,3,0,not_tested,0,not_tested,-1,0,0
215,439,247 264,2,2,0,1.5686442920700296,1.5686442920700296,247 264,0,2,0,not_tested,0,not_tested,-1,0,0
216,84,179 226 240 256 259,5,9,5,3.4094268574251414,1.566493420979119,100 179 213 226 229 240 256 259,3,15,0,not_tested,0,not_tested,-1,0,0
217,137,131 132,2,4,2,2.9585166476194398,1.5662735193279387,83 98 100 114 131 132,2,10,0,not_tested,0,not_tested,-1,0,0
218,125,64 164 227 232,4,8,4,3.032166147320555,1.5620249849833163,13 61 63 64 164 227 229 232,4,14,0,not_tested,0,not_tested,-1,0,0
219,444,92 107,2,2,0,1.5602842178122196,1.5602842178122196,92 107,0,2,0,not_tested,0,not_tested,-1,0,0
220,211,145 147 151 161,4,7,3,2.6612203442268854,1.5600257190295532,145 147 151 161 164 177 179 195,3,16,0,not_tested,0,not_tested,-1,0,0
221,140,81 113,2,4,2,2.9445798752169372,1.5588952280560253,81 83 98 100 113 114,2,11,0,not_tested,0,not_tested,-1,0,0
222,288,35 84,2,3,1,2.2498235553292849,1.557570153689505,35 84 160 164 177 179 195,2,14,0,not_tested,0,not_tested,-1,0,0
223,448,159 192,2,2,0,1.5486307987197465,1.5486307987197465,159 192,0,2,0,not_tested,0,not_tested,-1,0,0
224,450,13 111,2,2,0,1.5423633149813287,1.5423633149813287,13 111,0,2,0,not_tested,0,not_tested,-1,0,0
225,451,158 159,2,2,0,1.541709088870385,1.541709088870385,158 159,0,2,0,not_tested,0,not_tested,-1,0,0
226,452,247 248,2,2,0,1.5399331529987712,1.5399331529987712,247 248,0,2,0,not_tested,0,not_tested,-1,0,0
227,458,184 200,2,2,0,1.5309237303769481,1.5309237303769481,184 200,0,2,0,not_tested,0,not_tested,-1,0,0
228,101,5 41 69 109 117 124 205 251,8,13,7,3.2334146463331881,1.5251955878930132,5 41 69 109 117 124 205 251,7,13,0,not_tested,0,not_tested,-1,0,0
229,201,13 61 63 92 93 95 125,7,9,4,2.6838385028863563,1.5232596908273912,13 61 63 92 93 95 109 125,3,11,0,not_tested,0,not_tested,-1,0,0
230,160,5 38,2,4,2,2.8617762084627523,1.5150579927155745,5 38 132 152 164 174 191 232,0,14,0,not_tested,0,not_tested,-1,0,0
231,368,35 50 84,3,4,1,1.9788655975566385,1.5132501628374295,35 50 84 160 164 177 179 195,2,15,0,not_tested,0,not_tested,-1,0,0
232,312,48 50,2,3,1,2.1768209991279348,1.5070299224731858,48 50 100,0,5,0,not_tested,0,not_tested,-1,0,0
233,396,158 159 175 192 208,5,5,1,1.8602307526160495,1.5059010854510877,158 159 175 192 208,1,5,0,not_tested,0,not_tested,-1,0,0
234,105,11 12 27 28 41 42 43 185,8,13,7,3.1741817037498179,1.4972555206367064,11 12 27 28 41 42 43 185,7,13,0,not_tested,0,not_tested,-1,0,0
235,316,0 3,2,3,1,2.1619550968411825,1.4967381439669725,0 3 48 100,0,7,0,not_tested,0,not_tested,-1,0,0
236,472,164 197,2,2,0,1.4841679467877782,1.4841679467877782,164 197,0,2,0,not_tested,0,not_tested,-1,0,0
237,473,197 199,2,2,0,1.4784948737326142,1.4784948737326142,197 199,0,2,0,not_tested,0,not_tested,-1,0,0
238,213,36 109 153 169 190 205 229 251,8,11,5,2.6552483327668503,1.4751379626482504,36 109 153 169 190 205 229 251,5,11,0,not_tested,0,not_tested,-1,0,0
239,325,169 218,2,3,1,2.1289380843950578,1.4738802122735017,4 6 58 169 218 247 248 264,6,14,0,not_tested,0,not_tested,-1,0,0
240,474,232 247 248,3,3,0,1.467105440777307,1.467105440777307,232 247 248,0,3,0,not_tested,0,not_tested,-1,0,0
241,476,232 247,2,2,0,1.4663765019871184,1.4663765019871184,232 247,0,2,0,not_tested,0,not_tested,-1,0,0
242,486,232 247 264,3,3,0,1.4520970487430558,1.4520970487430558,232 247 264,0,3,0,not_tested,0,not_tested,-1,0,0
243,487,100 221,2,2,0,1.4511856079129382,1.4511856079129382,100 221,0,2,0,not_tested,0,not_tested,-1,0,0
244,488,157 191,2,2,0,1.4510471803605549,1.4510471803605549,157 191,0,2,0,not_tested,0,not_tested,-1,0,0
245,169,11 12 27 28 43 106,6,8,4,2.8155427485155173,1.4504311128716303,11 12 27 28 42 43 106 227,6,12,0,not_tested,0,not_tested,-1,0,0
246,336,41 114,2,3,1,2.0892111143509338,1.446376925319877,41 114 247 248 264,1,8,0,not_tested,0,not_tested,-1,0,0
247,492,157 174 191,3,3,0,1.4456583543964698,1.4456583543964698,157 174 191,0,3,0,not_tested,0,not_tested,-1,0,0
248,390,248 250 265,3,4,1,1.8861348421250033,1.4423384086838262,4 6 58 247 248 250 264 265,6,13,0,not_tested,0,not_tested,-1,0,0
249,497,174 191,2,2,0,1.4351039355254975,1.4351039355254975,174 191,0,2,0,not_tested,0,not_tested,-1,0,0
250,344,84 100,2,3,1,2.0706911229590532,1.4335553928178062,84 100 160 164 177 179 195,2,14,0,not_tested,0,not_tested,-1,0,0
251,275,32 48 113,3,5,2,2.3155234053746097,1.4334192509461867,32 48 83 98 100 113 114,2,11,0,not_tested,0,not_tested,-1,0,0
252,276,37 132 152,3,5,2,2.3154384354988262,1.4333666505468925,37 132 152 174 191,1,7,0,not_tested,0,not_tested,-1,0,0
253,348,35 50,2,3,1,2.0589417826720626,1.4254212341575818,35 50 160 164 177 179 195,2,14,0,not_tested,0,not_tested,-1,0,0
254,181,104 121 218 219 265,5,8,4,2.7660507969838797,1.4249352590523017,98 104 114 121 218 219 265,4,10,0,not_tested,0,not_tested,-1,0,0
255,502,215 229,2,2,0,1.4225396638193772,1.4225396638193772,215 229,0,2,0,not_tested,0,not_tested,-1,0,0
256,202,4 5,2,4,2,2.6837173647506893,1.4207915460444827,4 5 36 37 132 152 174 191,3,14,0,not_tested,0,not_tested,-1,0,0
257,122,174 185 191 201 202 225,6,9,5,3.0788260882299752,1.4145957702678267,160 174 185 191 195 201 202 225,5,14,0,not_tested,0,not_tested,-1,0,0
258,507,29 46,2,2,0,1.3922672331722195,1.3922672331722195,29 46,0,2,0,not_tested,0,not_tested,-1,0,0
259,508,92 105,2,2,0,1.3895446261925219,1.3895446261925219,92 105,0,2,0,not_tested,0,not_tested,-1,0,0
260,210,124 139 140 154,4,6,3,2.6648986024027637,1.3857472732494371,111 124 139 140 154 172 248,2,10,0,not_tested,0,not_tested,-1,0,0
261,512,136 138,2,2,0,1.3799664383512329,1.3799664383512329,136 138,0,2,0,not_tested,0,not_tested,-1,0,0
262,367,41 42,2,3,1,1.9868268114669818,1.3754954848617567,41 42 104 121 218 219 265,4,11,0,not_tested,0,not_tested,-1,0,0
263,54,4 6 21 58 81 119,6,11,7,3.6354688847895904,1.3733993564760676,4 5 6 21 58 81 119 137,5,16,0,not_tested,0,not_tested,-1,0,0
264,75,21 81 136 137 138 231 244,7,13,8,3.4623195395897359,1.3718624590827255,21 81 136 137 138 229 231 244,7,15,0,not_tested,0,not_tested,-1,0,0
265,244,106,1,2,1,2.4672902494272684,1.3707168052373713,11 12 28 42 43 106 227 229,5,11,0,not_tested,0,not_tested,-1,0,0
266,515,271 272,2,2,0,1.3699819065701169,1.3699819065701169,271 272,0,2,0,not_tested,0,not_tested,-1,0,0
267,520,199,1,1,0,1.3662190809996688,1.3662190809996688,199,0,1,0,not_tested,0,not_tested,-1,0,0
268,522,1,1,1,0,1.363680170140259,1.363680170140259,1,0,1,0,not_tested,0,not_tested,-1,0,0
269,526,192 272,2,2,0,1.3581214208492813,1.3581214208492813,192 272,0,2,0,not_tested,0,not_tested,-1,0,0
270,527,38,1,1,0,1.3531536955809313,1.3531536955809313,38,0,1,0,not_tested,0,not_tested,-1,0,0
271,373,0 32,2,3,1,1.9542802724077788,1.3529632655130777,0 32 100,0,5,0,not_tested,0,not_tested,-1,0,0
272,375,92 124,2,3,1,1.9434142097296081,1.3454406067358826,92 111 124 172 248,1,7,0,not_tested,0,not_tested,-1,0,0
273,113,195 213,2,5,3,3.1336808225204646,1.343006066794485,100 132 152 164 177 195 213,3,15,0,not_tested,0,not_tested,-1,0,0
274,376,100 259,2,3,1,1.9372946002279023,1.3412039540039324,100 229 259,0,5,0,not_tested,0,not_tested,-1,0,0
275,159,42 51 86 104 121 218 219 265,8,11,6,2.8648867334888721,1.3369471422948072,42 51 86 104 121 218 219 265,6,11,0,not_tested,0,not_tested,-1,0,0
276,253,48,1,2,1,2.403899886746284,1.335499937081269,48 100,0,4,0,not_tested,0,not_tested,-1,0,0
277,380,109 229,2,3,1,1.9227469150334,1.3311324796385078,109 174 191 229,0,5,0,not_tested,0,not_tested,-1,0,0
278,381,111 172,2,3,1,1.9224936588712487,1.3309571484493259,111 172 248,0,4,0,not_tested,0,not_tested,-1,0,0
279,537,232,1,1,0,1.3294759054163596,1.3294759054163596,232,0,1,0,not_tested,0,not_tested,-1,0,0
280,151,11 12 27 28 42 43,6,9,5,2.8915318266481345,1.3285416500815754,11 12 27 28 42 43 106 227,6,12,0,not_tested,0,not_tested,-1,0,0
281,257,81,1,2,1,2.3905448105379423,1.3280804502988568,81 83 98 114 247 248 264,2,11,0,not_tested,0,not_tested,-1,0,0
282,540,36 69,2,2,0,1.3232467318411938,1.3232467318411938,36 69,0,2,0,not_tested,0,not_tested,-1,0,0
283,542,172 248,2,2,0,1.3204501350414757,1.3204501350414757,172 248,0,2,0,not_tested,0,not_tested,-1,0,0
284,543,264,1,1,0,1.3165955845392889,1.3165955845392889,264,0,1,0,not_tested,0,not_tested,-1,0,0
285,265,35,1,2,1,2.3686402222319036,1.3159112345732797,35 132 152 160 164 177 179 195,2,18,0,not_tested,0,not_tested,-1,0,0
286,545,248,1,1,0,1.314719431662577,1.314719431662577,248,0,1,0,not_tested,0,not_tested,-1,0,0
287,547,3,1,1,0,1.3127481112695916,1.3127481112695916,3,0,1,0,not_tested,0,not_tested,-1,0,0
288,161,0 1 3 16 18 32,6,9,5,2.856063815774355,1.3122455369774066,0 1 3 16 18 32 100 119,4,12,0,not_tested,0,not_tested,-1,0,0
289,548,232 248,2,2,0,1.3116019215789236,1.3116019215789236,232 248,0,2,0,not_tested,0,not_tested,-1,0,0
290,549,109,1,1,0,1.3100016379210424,1.3100016379210424,109,0,1,0,not_tested,0,not_tested,-1,0,0
291,299,29 46 93 94 95 111,6,7,3,2.220613218637157,1.301738783339023,29 46 93 94 95 111 142,2,9,0,not_tested,0,not_tested,-1,0,0
292,167,109 132 152 205 229 251,6,9,5,2.8173326020661578,1.2944501144628293,109 132 152 205 218 229 251,5,11,0,not_tested,0,not_tested,-1,0,0
293,393,177 179,2,3,1,1.8675771651654296,1.2929380374222206,5 38 132 152 174 177 179 191,2,14,0,not_tested,0,not_tested,-1,0,0
294,154,37 132 151 152,4,7,4,2.8790278610062914,1.290598696313165,36 37 132 151 152 174 191,2,12,0,not_tested,0,not_tested,-1,0,0
295,155,81 98 113 129,4,7,4,2.8788914217694184,1.2905375338966358,81 83 98 100 113 114 129,3,14,0,not_tested,0,not_tested,-1,0,0
296,132,11 12 28 43 83 158 254 271,8,12,7,2.9796073873919018,1.2769745945965292,11 12 28 43 83 158 254 271,7,12,0,not_tested,0,not_tested,-1,0,0
297,133,32 48 72 73 113 129 131 241,8,12,7,2.978481299722286,1.2764919855952654,32 48 72 73 113 129 131 241,7,12,0,not_tested,0,not_tested,-1,0,0
298,558,41,1,1,0,1.2747555402888318,1.2747555402888318,41,0,1,0,not_tested,0,not_tested,-1,0,0
299,559,188,1,1,0,1.274596838938443,1.274596838938443,188,0,1,0,not_tested,0,not_tested,-1,0,0
300,281,218,1,2,1,2.2882354331787411,1.2712419073215229,4 5 6 58 218 247 248 264,5,16,0,not_tested,0,not_tested,-1,0,0
301,561,169,1,1,0,1.268876942449999,1.268876942449999,169,0,1,0,not_tested,0,not_tested,-1,0,0
302,563,0,1,1,0,1.2663944712871598,1.2663944712871598,0,0,1,0,not_tested,0,not_tested,-1,0,0
303,251,81 113 129 131,4,6,3,2.42497185010357,1.2609853620538563,81 83 98 100 113 114 129 131,3,15,0,not_tested,0,not_tested,-1,0,0
304,564,117,1,1,0,1.2588355915519642,1.2588355915519642,117,0,1,0,not_tested,0,not_tested,-1,0,0
305,565,157,1,1,0,1.2581405864228761,1.2581405864228761,157,0,1,0,not_tested,0,not_tested,-1,0,0
306,567,247,1,1,0,1.2505083567061321,1.2505083567061321,247,0,1,0,not_tested,0,not_tested,-1,0,0
307,252,35 84 99 154,4,6,3,2.4040183532115464,1.2500895436700041,35 84 99 154 160 164 177 195,5,15,0,not_tested,0,not_tested,-1,0,0
308,94,174 185 191 201 202 225 241,7,11,7,3.3014551320367302,1.2472163832138761,174 185 191 201 202 225 229 241,6,13,0,not_tested,0,not_tested,-1,0,0
309,199,11 12 27 28 41 43,6,9,5,2.7013053998150349,1.2411403188339349,11 12 27 28 41 42 43 106,4,15,0,not_tested,0,not_tested,-1,0,0
310,397,188 197 199 243 247 264,6,6,2,1.8184480639556,1.2365446834898082,188 197 199 229 243 247 264,1,8,0,not_tested,0,not_tested,-1,0,0
311,217,35 84 99 160 185 201 202 225,8,11,6,2.6479702106781144,1.2357194316497866,35 84 99 160 185 201 202 225,6,11,0,not_tested,0,not_tested,-1,0,0
312,569,29,1,1,0,1.2306319092878111,1.2306319092878111,29,0,1,0,not_tested,0,not_tested,-1,0,0
313,90,100 227 240 241 243 244 256 259,8,14,9,3.3375746062932228,1.2296327496869768,100 227 240 241 243 244 256 259,9,14,0,not_tested,0,not_tested,-1,0,0
314,141,11 12 28 43 158 254 271,7,10,6,2.9438107430931502,1.2206044544532575,11 12 28 42 43 158 254 271,6,12,0,not_tested,0,not_tested,-1,0,0
315,270,124 139 140 154 187,5,6,3,2.3454125188601909,1.2196145098072992,111 124 139 140 154 172 187 248,2,10,0,not_tested,0,not_tested,-1,0,0
316,572,192,1,1,0,1.2136699361544048,1.2136699361544048,192,0,1,0,not_tested,0,not_tested,-1,0,0
317,573,136,1,1,0,1.2134163606438357,1.2134163606438357,136,0,1,0,not_tested,0,not_tested,-1,0,0
318,148,0 3 174 191 201 202 225,7,10,6,2.9142508319414282,1.208347905926934,0 3 160 174 191 201 202 225,7,12,0,not_tested,0,not_tested,-1,0,0
319,282,83 104 121,3,4,2,2.2807715351727507,1.2074672833267504,83 98 104 114 121 247 248 264,2,12,0,not_tested,0,not_tested,-1,0,0
320,400,27 29 46,3,3,1,1.7357940075780469,1.2017035437078785,11 12 27 28 29 42 43 46,5,11,0,not_tested,0,not_tested,-1,0,0
321,578,272,1,1,0,1.201521801595868,1.201521801595868,272,0,1,0,not_tested,0,not_tested,-1,0,0
322,284,41 114 175,3,4,2,2.2692644199761571,1.2013752811638481,41 114 175 247 248 264,2,9,0,not_tested,0,not_tested,-1,0,0
323,286,106 137 154,3,4,2,2.2678550006815503,1.2006291180078796,11 12 28 42 43 106 137 154,5,10,0,not_tested,0,not_tested,-1,0,0
324,208,11 12 28 43 250,5,7,4,2.6768889221188967,1.1999846892257124,11 12 28 42 43 106 227 250,5,12,0,not_tested,0,not_tested,-1,0,0
325,377,111 124 139 140,4,5,2,1.937195917980711,1.1992165206547258,111 124 139 140 172 248,1,8,0,not_tested,0,not_tested,-1,0,0
326,579,197,1,1,0,1.1947029136451011,1.1947029136451011,197,0,1,0,not_tested,0,not_tested,-1,0,0
327,582,92 105 152,3,2,0,1.1832013968877495,1.1832013968877495,92 105 152,0,2,0,not_tested,0,not_tested,-1,0,0
328,407,137 138 154,3,3,1,1.7039741600016802,1.1796744184627017,42 51 86 124 137 138 139 154,5,10,0,not_tested,0,not_tested,-1,0,0
329,296,205 250 251,3,4,2,2.227243692992837,1.1791290139373842,174 191 205 250 251,1,6,0,not_tested,0,not_tested,-1,0,0
330,591,200 215 229,3,2,0,1.1775044411304232,1.1775044411304232,200 215 229,0,2,0,not_tested,0,not_tested,-1,0,0
331,329,42,1,2,1,2.1190523624145201,1.1772513124525112,42 98 104 114 121 218 219 265,4,12,0,not_tested,0,not_tested,-1,0,0
332,592,13,1,1,0,1.1764347158647765,1.1764347158647765,13,0,1,0,not_tested,0,not_tested,-1,0,0
333,595,184 200 215,3,2,0,1.1750529275150152,1.1750529275150152,184 200 215,0,2,0,not_tested,0,not_tested,-1,0,0
334,409,153 169 218,3,3,1,1.6946108381262028,1.1731921187027559,153 169 218 247 248 264,2,8,0,not_tested,0,not_tested,-1,0,0
335,300,29 63 64,3,4,2,2.2129877247103775,1.1715817366113765,13 29 46 61 63 64 92,0,14,0,not_tested,0,not_tested,-1,0,0
336,600,184,1,1,0,1.1696305531813735,1.1696305531813735,184,0,1,0,not_tested,0,not_tested,-1,0,0
337,602,158 254 271,3,2,0,1.1685044159052596,1.1685044159052596,158 254 271,0,2,0,not_tested,0,not_tested,-1,0,0
338,603,226,1,1,0,1.1683833190341768,1.1683833190341768,226,0,1,0,not_tested,0,not_tested,-1,0,0
339,302,36 37 38,3,4,2,2.2061102862419748,1.1679407397751631,36 37 38 132 152 174 191,2,11,0,not_tested,0,not_tested,-1,0,0
340,605,138,1,1,0,1.1654491382109287,1.1654491382109287,138,0,1,0,not_tested,0,not_tested,-1,0,0
341,304,29 64 107,3,4,2,2.2007138858028639,1.1650838218956339,13 29 46 61 63 64 92 107,0,14,0,not_tested,0,not_tested,-1,0,0
342,194,132 145 161,3,5,3,2.708260062004173,1.1606828837160741,132 145 152 161 164 177 179 195,3,16,0,not_tested,0,not_tested,-1,0,0
343,337,70,1,2,1,2.0884355248403903,1.1602419582446613,1 16 18 50 51 67 69 70,4,11,0,not_tested,0,not_tested,-1,0,0
344,610,159,1,1,0,1.156868805316416,1.156868805316416,159,0,1,0,not_tested,0,not_tested,-1,0,0
345,103,70 130 213,3,6,4,3.2055641505194563,1.1540030941870043,70 100 130 164 177 195 213,6,14,0,not_tested,0,not_tested,-1,0,0
346,206,13 63 64,3,5,3,2.6809164188751748,1.1489641795179319,13 29 46 61 63 64 92,0,14,0,not_tested,0,not_tested,-1,0,0
347,61,64 72 73 164 185 227 232,7,13,9,3.57950356826167,1.1481426539707245,64 72 73 164 185 227 229 232,8,15,0,not_tested,0,not_tested,-1,0,0
348,616,136 138 158,3,2,0,1.1473559300881615,1.1473559300881615,136 138 158,0,2,0,not_tested,0,not_tested,-1,0,0
349,617,29 155 189,3,2,0,1.1438039797311732,1.1438039797311732,29 155 189,0,2,0,not_tested,0,not_tested,-1,0,0
350,419,84 99 100,3,3,1,1.6502026088032806,1.1424479599407327,84 99 100 160 164 177 179 195,2,14,0,not_tested,0,not_tested,-1,0,0
351,619,50,1,1,0,1.1417238237326612,1.1417238237326612,50,0,1,0,not_tested,0,not_tested,-1,0,0
352,212,4 5 6,3,5,3,2.6595533422066531,1.1398085752314229,4 5 6 36 37 132 152,5,13,0,not_tested,0,not_tested,-1,0,0
353,622,164,1,1,0,1.1379251992025037,1.1379251992025037,164,0,1,0,not_tested,0,not_tested,-1,0,0
354,321,83 98 114,3,4,2,2.1455812845527311,1.1358959741749755,83 98 114 247 248 264,2,9,0,not_tested,0,not_tested,-1,0,0
355,623,191,1,1,0,1.1353779352794904,1.1353779352794904,191,0,1,0,not_tested,0,not_tested,-1,0,0
356,624,111,1,1,0,1.1308404820539413,1.1308404820539413,111,0,1,0,not_tested,0,not_tested,-1,0,0
357,223,98 177 250,3,5,3,2.6280426621043835,1.1263039980447358,37 98 105 132 152 177 250,5,11,0,not_tested,0,not_tested,-1,0,0
358,430,98 114 117,3,3,1,1.6052972765277458,1.111359652980747,98 114 117 247 248 264,1,8,0,not_tested,0,not_tested,-1,0,0
359,431,35 50 55,3,3,1,1.6050275549821695,1.1111729226799634,35 50 55 160 164 177 195 232,3,13,0,not_tested,0,not_tested,-1,0,0
360,120,58 75 76,3,6,4,3.0837518069231926,1.1101506504923493,5 36 37 38 55 58 75 76,5,17,0,not_tested,0,not_tested,-1,0,0
361,435,151 184 200,3,3,1,1.5994983503819344,1.1073450118028778,69 117 151 184 197 199 200,0,9,0,not_tested,0,not_tested,-1,0,0
362,335,27 41 42,3,4,2,2.090908173434435,1.1069513859358775,11 12 27 28 41 42 43 106,4,15,0,not_tested,0,not_tested,-1,0,0
363,339,124 139 140,3,4,2,2.0796296151258824,1.1009803844784085,111 124 139 140 172 248,1,8,0,not_tested,0,not_tested,-1,0,0
364,233,81 98 113,3,5,3,2.5613875443175433,1.0977375189932328,81 83 98 100 113 114,2,11,0,not_tested,0,not_tested,-1,0,0
365,260,36 151 153 169 185 201 202 225,8,9,5,2.3839160621737698,1.0953127853230835,36 151 153 169 185 201 202 225,5,9,0,not_tested,0,not_tested,-1,0,0
366,79,4 6 21 58 81,5,10,7,3.4427394362362431,1.0916003090505162,4 5 6 21 58 81 137,5,15,0,not_tested,0,not_tested,-1,0,0
367,634,46 94 142,3,2,0,1.0884278009243016,1.0884278009243016,46 94 142,0,2,0,not_tested,0,not_tested,-1,0,0
368,241,81 83 179,3,5,3,2.5107881023167695,1.076052043850044,81 83 98 114 179 247 248 264,2,13,0,not_tested,0,not_tested,-1,0,0
369,637,155 188 189,3,2,0,1.0549278390357066,1.0549278390357066,155 188 189,0,2,0,not_tested,0,not_tested,-1,0,0
370,248,35 83 84,3,5,3,2.4351540566847416,1.0436374528648893,35 83 84 99 160 164 177 195,6,18,0,not_tested,0,not_tested,-1,0,0
371,73,215 227 240 241 243 244 256 259,8,14,10,3.4755563437126651,1.0365694358441282,215 227 240 241 243 244 256 259,10,14,0,not_tested,0,not_tested,-1,0,0
372,258,132 145 147,3,5,3,2.3884121236132114,1.0236051958342334,132 145 147 152 164 177 179 195,3,16,0,not_tested,0,not_tested,-1,0,0
373,642,155 157 189,3,2,0,1.0230551751032466,1.0230551751032466,155 157 189,0,2,0,not_tested,0,not_tested,-1,0,0
374,262,231 248 250,3,5,3,2.3741866610418558,1.0175085690179382,42 51 86 124 139 231 248 250,7,12,0,not_tested,0,not_tested,-1,0,0
375,98,130 195 213,3,7,5,3.2598829836331662,1.0116878225068446,100 130 132 152 164 177 195 213,5,17,0,not_tested,0,not_tested,-1,0,0
376,156,32 48 113 129 131 241,6,9,6,2.8765258109287397,1.0106712308668546,32 48 100 113 129 131 229 241,4,13,0,not_tested,0,not_tested,-1,0,0
377,290,83 104 121 158 219 254 271,7,7,4,2.2453504316330353,1.0065364003872226,83 104 121 158 219 232 254 271,3,9,0,not_tested,0,not_tested,-1,0,0
378,109,184 200 205 215 240 256 259,7,10,7,3.1557801319866345,1.000613212581128,184 200 205 215 229 240 256 259,7,12,0,not_tested,0,not_tested,-1,0,0
379,114,0 1 3 16 18 32 51,7,10,7,3.1232952714092552,0.99031313483708094,0 1 3 16 18 32 51 100,6,12,0,not_tested,0,not_tested,-1,0,0
380,306,1 16 18 50 51 67,6,7,4,2.1923116700954082,0.98276040383587282,1 16 18 50 51 67 119,4,8,0,not_tested,0,not_tested,-1,0,0
381,15,4 6 58 218 227 241 243,7,14,11,4.2748292827927443,0.97496106449659081,4 6 58 218 227 229 241 243,10,16,1,failed,0,not_tested,-1,0.035000000000000309,0
382,513,188 189 197 199,4,3,1,1.3795786386801634,0.95509290370165156,69 117 188 189 197 199,0,7,0,not_tested,0,not_tested,-1,0,0
383,60,4 6 21 58 81 83,6,12,9,3.5864365304916812,0.95150356931411961,4 5 6 21 58 81 83 137,7,17,0,not_tested,0,not_tested,-1,0,0
384,328,1 16 18 42 51 67 86,7,7,4,2.1191601125296189,0.94996832630638084,1 16 18 42 51 67 86 119,4,8,0,not_tested,0,not_tested,-1,0,0
385,97,130 174 191 201 202 213 225,7,11,8,3.2875174052566472,0.94972725040747585,100 130 174 191 201 202 213 225,7,13,0,not_tested,0,not_tested,-1,0,0
386,236,0 1 16 32,4,6,4,2.5502302345447858,0.91808288443612285,0 1 16 32 48 100 119,2,12,0,not_tested,0,not_tested,-1,0,0
387,277,35 84 99 185 201 202 225,7,8,5,2.3127498245404738,0.91108326421291386,35 84 99 160 185 201 202 225,6,11,0,not_tested,0,not_tested,-1,0,0
388,229,42 51 86 119 124 139 240,7,9,6,2.5929543547125573,0.9110380165206281,42 51 86 119 124 139 229 240,5,11,0,not_tested,0,not_tested,-1,0,0
389,230,1 16 18 38 67 111 172 222,8,9,6,2.5909754323034582,0.91034271945797185,1 16 18 38 67 111 172 222,6,9,0,not_tested,0,not_tested,-1,0,0
390,554,184 200 215 259,4,3,1,1.2925137596856071,0.89481721824388172,184 200 215 229 259,0,5,0,not_tested,0,not_tested,-1,0,0
391,412,83 158 254 271,4,4,2,1.6872582868242736,0.89325438714226246,83 98 114 158 254 271,2,7,0,not_tested,0,not_tested,-1,0,0
392,100,4 6 58 218,4,8,6,3.2445761175947507,0.88488439570765931,4 5 6 36 37 58 218,6,14,0,not_tested,0,not_tested,-1,0,0
393,39,213 227 240 241 243 244 256 259,8,14,11,3.8372260345981455,0.87515681490834896,213 227 240 241 243 244 256 259,11,14,0,not_tested,0,not_tested,-1,0,0
394,652,155 189,2,1,0,0.87111720784043067,0.87111720784043067,155 189,0,1,0,not_tested,0,not_tested,-1,0,0
395,441,147 151,2,2,1,1.5632736920628154,0.86848538447934198,69 117 147 151 197 199,0,8,0,not_tested,0,not_tested,-1,0,0
396,445,27 29,2,2,1,1.559382826891424,0.86632379271745785,11 12 27 28 29 42 43 106,4,12,0,not_tested,0,not_tested,-1,0,0
397,654,157 174,2,1,0,0.86387269042230252,0.86387269042230252,157 174,0,1,0,not_tested,0,not_tested,-1,0,0
398,655,153 169,2,1,0,0.86138587391206956,0.86138587391206956,153 169,0,1,0,not_tested,0,not_tested,-1,0,0
399,449,264 265,2,2,1,1.5463948401467826,0.85910824452599044,4 5 6 58 247 248 264 265,5,13,0,not_tested,0,not_tested,-1,0,0
400,664,13 46,2,1,0,0.84898570048711264,0.84898570048711264,13 46,0,1,0,not_tested,0,not_tested,-1,0,0
401,463,55 106,2,2,1,1.5130719506797279,0.84059552815540439,11 12 28 42 43 55 106 227,6,9,0,not_tested,0,not_tested,-1,0,0
402,196,42 51 86 124 139,5,7,5,2.7049402752923837,0.83946422336660187,42 51 86 111 119 124 139 172,5,11,0,not_tested,0,not_tested,-1,0,0
403,668,138 158,2,1,0,0.832817473191788,0.832817473191788,138 158,0,1,0,not_tested,0,not_tested,-1,0,0
404,469,35 55,2,2,1,1.4970607965271134,0.83170044251506303,35 55 160 164 177 179 195 232,2,15,0,not_tested,0,not_tested,-1,0,0
405,164,130 213,2,4,3,2.827011793991606,0.83147405705635458,100 130 132 152 164 177 195 213,5,17,0,not_tested,0,not_tested,-1,0,0
406,470,98 114,2,2,1,1.4959835949868783,0.83110199721493239,98 114 247 248 264,1,7,0,not_tested,0,not_tested,-1,0,0
407,437,158 202 225 254 271,5,4,2,1.5695612451586318,0.83094418861339325,158 160 195 202 225 254 271,2,9,0,not_tested,0,not_tested,-1,0,0
408,323,124 139,2,3,2,2.1354492429077432,0.82132663188759347,111 124 139 172 248,1,7,0,not_tested,0,not_tested,-1,0,0
409,478,200 218,2,2,1,1.464612446006389,0.81367358111466059,4 6 58 200 218 247 248 264,6,13,0,not_tested,0,not_tested,-1,0,0
410,481,147 164,2,2,1,1.4614303408033009,0.81190574489072276,69 117 147 164 197 199,0,8,0,not_tested,0,not_tested,-1,0,0
411,183,42 104,2,4,3,2.7570160448554843,0.81088707201631893,42 98 104 114 247 248 264,3,11,0,not_tested,0,not_tested,-1,0,0
412,489,105 106,2,2,1,1.45066062824896,0.80592257124942235,11 12 28 42 43 105 106 227,6,9,0,not_tested,0,not_tested,-1,0,0
413,355,46 61 63 94 95 98 248 250,8,8,5,2.0390554620948143,0.80326427294644187,46 61 63 94 95 98 248 250,5,8,0,not_tested,0,not_tested,-1,0,0
414,679,155 157,2,1,0,0.79866181148116488,0.79866181148116488,155 157,0,1,0,not_tested,0,not_tested,-1,0,0
415,303,0 1 16 18 32,5,6,4,2.2033873966709954,0.79321946280155819,0 1 16 18 32 48 100 119,2,12,0,not_tested,0,not_tested,-1,0,0
416,235,39 40 70 75 76,5,7,5,2.5553792779946365,0.79304874144661142,36 37 39 40 58 70 75 76,4,15,0,not_tested,0,not_tested,-1,0,0
417,352,164 177,2,3,2,2.0517981190751522,0.78915312272121241,5 38 132 152 164 174 177 191,2,14,0,not_tested,0,not_tested,-1,0,0
418,363,27 106,2,3,2,2.0244972520519018,0.77865278925073145,27 41 42 106 114 247 248 264,3,13,0,not_tested,0,not_tested,-1,0,0
419,506,12 13,2,2,1,1.3946999890762348,0.77483332726457499,12 13 250,0,5,0,not_tested,0,not_tested,-1,0,0
420,686,152 169,2,1,0,0.77226344686840609,0.77226344686840609,152 169,0,1,0,not_tested,0,not_tested,-1,0,0
421,687,199 200,2,1,0,0.77022248357719447,0.77022248357719447,199 200,0,1,0,not_tested,0,not_tested,-1,0,0
422,689,158 271,2,1,0,0.76963561584636486,0.76963561584636486,158 271,0,1,0,not_tested,0,not_tested,-1,0,0
423,690,188 189,2,1,0,0.76936161179983342,0.76936161179983342,188 189,0,1,0,not_tested,0,not_tested,-1,0,0
424,691,94 111,2,1,0,0.76933594791997595,0.76933594791997595,94 111,0,1,0,not_tested,0,not_tested,-1,0,0
425,369,197 213,2,3,2,1.9740174711457312,0.75923748890220433,32 48 100 113 129 131 197 213,2,13,0,not_tested,0,not_tested,-1,0,0
426,187,184 200 215 240 256 259,6,8,6,2.7397933489919111,0.74721636790688484,100 184 200 215 229 240 256 259,4,12,0,not_tested,0,not_tested,-1,0,0
427,531,114 117,2,2,1,1.3390984845674438,0.74394360253746883,114 117 247 248 264,1,7,0,not_tested,0,not_tested,-1,0,0
428,378,63 64,2,3,2,1.9319117160091741,0.74304296769583622,13 29 46 61 63 64 92,0,14,0,not_tested,0,not_tested,-1,0,0
429,379,226 256,2,3,2,1.9274414827999367,0.74132364723074484,100 179 226 229 240 256,0,11,0,not_tested,0,not_tested,-1,0,0
430,534,109 124,2,2,1,1.3331451824746203,0.74063621248590017,109 111 124 172 248,1,6,0,not_tested,0,not_tested,-1,0,0
431,538,137 154,2,2,1,1.3285364912720268,0.73807582848445941,42 51 86 119 124 137 139 154,5,10,0,not_tested,0,not_tested,-1,0,0
432,703,254 272,2,1,0,0.73627824672141828,0.73627824672141828,254 272,0,1,0,not_tested,0,not_tested,-1,0,0
433,706,187 188,2,1,0,0.72848585916653108,0.72848585916653108,187 188,0,1,0,not_tested,0,not_tested,-1,0,0
434,550,99 100,2,2,1,1.3077291187878439,0.72651617710435779,99 100 160 164 177 179 195,2,13,0,not_tested,0,not_tested,-1,0,0
435,392,5 55,2,3,2,1.8694520098267375,0.71902000377951447,5 55 132 152 164 174 191 232,0,13,0,not_tested,0,not_tested,-1,0,0
436,308,36 153 169 185 201 202 225,7,7,5,2.1845331548696718,0.67795856530438081,36 153 160 169 185 201 202 225,6,9,0,not_tested,0,not_tested,-1,0,0
437,287,42 104 121,3,4,3,2.2579740292088744,0.66411000859084535,42 98 104 114 121 218 219 265,4,12,0,not_tested,0,not_tested,-1,0,0
438,403,114 175 208,3,3,2,1.7194641626505831,0.66133237025022429,114 175 208 247 248 264,2,8,0,not_tested,0,not_tested,-1,0,0
439,713,152 153 169,3,1,0,0.66026793253371385,0.66026793253371385,152 153 169,0,1,0,not_tested,0,not_tested,-1,0,0
440,405,95 109 111,3,3,2,1.7134214227451514,0.65900823951736587,13 29 46 92 94 95 109 111,1,14,0,not_tested,0,not_tested,-1,0,0
441,128,124 139 140 154 187 231 244,7,10,8,3.0009167055522963,0.65873781341391879,124 139 140 154 187 229 231 244,7,12,0,not_tested,0,not_tested,-1,0,0
442,292,114 117 160,3,4,3,2.2356668470613479,0.65754907266510232,114 117 160 164 177 179 195,3,13,0,not_tested,0,not_tested,-1,0,0
443,583,12 13 46,3,2,1,1.1830024659644844,0.65722359220249127,12 13 46 250,0,5,0,not_tested,0,not_tested,-1,0,0
444,589,29 46 94,3,2,1,1.1798663084701002,0.65548128248338899,29 46 94 142,0,4,0,not_tested,0,not_tested,-1,0,0
445,413,125 142 157,3,3,2,1.6818430047970008,0.6468626941526926,5 13 38 92 125 142 157,2,11,0,not_tested,0,not_tested,-1,0,0
446,43,4 6 58 137 218 231 244,7,13,11,3.8033276514327796,0.64584809175273616,4 6 58 137 218 229 231 244,10,15,0,not_tested,0,not_tested,-1,0,0
447,414,158 159 175,3,3,2,1.6791011861694767,0.64580814852672186,158 159 175 192 225 254 271 272,2,15,0,not_tested,0,not_tested,-1,0,0
448,67,227 240 241 243 244 256 259,7,12,10,3.515740097471264,0.64574818116819144,227 229 240 241 243 244 256 259,9,15,0,not_tested,0,not_tested,-1,0,0
449,415,13 61 63,3,3,2,1.6766338860541041,0.64485918694388611,13 29 46 61 63 92,0,10,0,not_tested,0,not_tested,-1,0,0
450,621,137 154 187,3,2,1,1.1390747171407709,0.63281928730042825,42 51 86 124 137 139 154 187,5,9,0,not_tested,0,not_tested,-1,0,0
451,158,184 200 215 240 244 256 259,7,10,8,2.8656274998619002,0.62904018289651475,184 200 215 229 240 244 256 259,7,12,0,not_tested,0,not_tested,-1,0,0
452,720,138 158 254,3,1,0,0.62855552503399059,0.62855552503399059,138 158 254,0,1,0,not_tested,0,not_tested,-1,0,0
453,625,151 152 184,3,2,1,1.1239536111180268,0.62441867284334818,69 117 151 152 184 197 199,0,8,0,not_tested,0,not_tested,-1,0,0
454,234,11 12 27 28 41 43 185,7,9,7,2.5574033050037013,0.62207107419008945,11 12 27 28 41 43 160 185,8,11,0,not_tested,0,not_tested,-1,0,0
455,627,124 153 169,3,2,1,1.1096954702335837,0.61649748346310207,111 124 153 169 172 248,1,6,0,not_tested,0,not_tested,-1,0,0
456,631,109 124 153,3,2,1,1.0965569571442022,0.60919830952455667,109 111 124 153 172 248,1,6,0,not_tested,0,not_tested,-1,0,0
457,189,184 200 205 215 222 240 256 259,8,10,8,2.7341296558056123,0.60017480249391497,184 200 205 215 222 240 256 259,8,10,0,not_tested,0,not_tested,-1,0,0
458,255,145 147 151 161 185 201 202 225,8,9,7,2.4010101114478761,0.58402948656840237,145 147 151 161 185 201 202 225,7,9,0,not_tested,0,not_tested,-1,0,0
459,639,107 142 155,3,2,1,1.0370522419396044,0.5761401344108914,92 107 142 155,0,4,0,not_tested,0,not_tested,-1,0,0
460,374,111 172 222,3,4,3,1.9437120438379127,0.57168001289350379,111 172 222 248,2,5,0,not_tested,0,not_tested,-1,0,0
461,479,131 164 197,3,3,2,1.4632763524798063,0.5627985971076177,83 98 100 114 131 164 197,2,9,0,not_tested,0,not_tested,-1,0,0
462,498,158 159 175 208,4,3,2,1.4350547193260819,0.55194412281772376,158 159 175 192 208,1,5,0,not_tested,0,not_tested,-1,0,0
463,129,174 185 191 201 202 225 231 244,8,12,10,2.9933791044648439,0.54980432530986934,174 185 191 201 202 225 231 244,10,12,0,not_tested,0,not_tested,-1,0,0
464,205,4 6 21 58,4,6,5,2.6813244053182852,0.536264881063657,4 5 6 21 36 37 58,5,12,0,not_tested,0,not_tested,-1,0,0
465,384,42 51 86 119 240,5,5,4,1.9175776233948443,0.45656610080829629,42 51 86 119 229 240,3,7,0,not_tested,0,not_tested,-1,0,0
466,394,100 145 151 161 221,5,5,4,1.8654199157034332,0.4441475989770079,100 145 151 161 179 195 221 229,2,12,0,not_tested,0,not_tested,-1,0,0
467,307,174 191 201 202 225,5,6,5,2.1861860548606247,0.43723721097212498,160 174 191 195 201 202 225,5,11,0,not_tested,0,not_tested,-1,0,0
468,176,5 109 124 205 251,5,8,7,2.7843157964365783,0.42186602976311793,5 109 124 174 191 205 218 251,6,12,0,not_tested,0,not_tested,-1,0,0
469,334,42 51 86 119 124 240,6,6,5,2.0910952632218067,0.41821905264436138,42 51 86 119 124 229 240,4,8,0,not_tested,0,not_tested,-1,0,0
470,342,11 12 27 28 43,5,6,5,2.0727599250356707,0.41455198500713408,11 12 27 28 42 43 106 227,6,12,0,not_tested,0,not_tested,-1,0,0
471,389,1 16 18 32 48 51,6,6,5,1.8922958397310095,0.37845916794620188,1 16 18 32 48 51 100 119,4,9,0,not_tested,0,not_tested,-1,0,0
472,465,46 61 63 93 94 95 125,7,5,4,1.5083799230373329,0.35913807691365068,46 61 63 93 94 95 125 142,3,7,0,not_tested,0,not_tested,-1,0,0
473,250,109 114 175 205 208 218 251 265,8,9,8,2.4304440103816511,0.32843837978130425,109 114 175 205 208 218 251 265,8,9,0,not_tested,0,not_tested,-1,0,0
474,200,72 73 174 191 201 202 225 241,8,10,9,2.687977493226589,0.32780213332031577,72 73 174 191 201 202 225 241,9,10,0,not_tested,0,not_tested,-1,0,0
475,174,83 104 121 218 219 227 241 243,8,11,10,2.802642420131801,0.31140471334797798,83 104 121 218 219 227 241 243,10,11,0,not_tested,0,not_tested,-1,0,0
476,740,18,1,0,0,0.27498927126067579,0.27498927126067579,18,0,0,0,not_tested,0,not_tested,-1,0,0
477,514,12,1,1,1,1.3726283110982374,0.27452566221964747,12 250,0,4,0,not_tested,0,not_tested,-1,0,0
478,518,114,1,1,1,1.3680547402814076,0.2736109480562815,21 81 114 136 138 247 248 264,3,13,0,not_tested,0,not_tested,-1,0,0
479,742,187,1,0,0,0.27358646449788532,0.27358646449788532,187,0,0,0,not_tested,0,not_tested,-1,0,0
480,245,104,1,2,2,2.4549534994909838,0.27277261105455375,98 104 114 247 248 264,2,9,0,not_tested,0,not_tested,-1,0,0
481,745,155,1,0,0,0.27245316372823492,0.27245316372823492,155,0,0,0,not_tested,0,not_tested,-1,0,0
482,748,67,1,0,0,0.26898760415348838,0.26898760415348838,67,0,0,0,not_tested,0,not_tested,-1,0,0
483,533,84,1,1,1,1.3343757557279543,0.26687515114559085,84 132 152 160 164 177 179 195,2,17,0,not_tested,0,not_tested,-1,0,0
484,752,153,1,0,0,0.26683069177310292,0.26683069177310292,153,0,0,0,not_tested,0,not_tested,-1,0,0
485,753,152,1,0,0,0.26640970686715348,0.26640970686715348,152,0,0,0,not_tested,0,not_tested,-1,0,0
486,536,147,1,1,1,1.3309353851373502,0.26618707702747002,69 117 147 197 199,0,7,0,not_tested,0,not_tested,-1,0,0
487,539,177,1,1,1,1.3282897770591968,0.26565795541183934,5 38 132 152 174 177 191,2,12,0,not_tested,0,not_tested,-1,0,0
488,544,61,1,1,1,1.3156002808621692,0.26312005617243384,13 61 92,0,5,0,not_tested,0,not_tested,-1,0,0
489,546,243,1,1,1,1.3136648980947814,0.26273297961895625,229 243,0,3,0,not_tested,0,not_tested,-1,0,0
490,758,105,1,0,0,0.26104034231706802,0.26104034231706802,105,0,0,0,not_tested,0,not_tested,-1,0,0
491,762,158,1,0,0,0.25684159408388446,0.25684159408388446,158,0,0,0,not_tested,0,not_tested,-1,0,0
492,555,151,1,1,1,1.2841073190617349,0.256821463812347,69 117 151 197 199,0,7,0,not_tested,0,not_tested,-1,0,0
493,557,139,1,1,1,1.2779342894100778,0.25558685788201557,29 111 139 155 157 172 189 248,0,11,0,not_tested,0,not_tested,-1,0,0
494,763,271,1,0,0,0.25540441971332944,0.25540441971332944,271,0,0,0,not_tested,0,not_tested,-1,0,0
495,764,221,1,0,0,0.25407682087713956,0.25407682087713956,221,0,0,0,not_tested,0,not_tested,-1,0,0
496,562,124,1,1,1,1.2665267100694448,0.25330534201388899,29 111 124 155 157 172 189 248,0,11,0,not_tested,0,not_tested,-1,0,0
497,765,251,1,0,0,0.25190089920706604,0.25190089920706604,251,0,0,0,not_tested,0,not_tested,-1,0,0
498,767,174,1,0,0,0.25075159668360131,0.25075159668360131,174,0,0,0,not_tested,0,not_tested,-1,0,0
499,566,27,1,1,1,1.2523918632859721,0.25047837265719441,11 12 27 28 42 43 106 227,6,12,0,not_tested,0,not_tested,-1,0,0
500,289,256,1,2,2,2.2469973141125079,0.2496663682347231,100 179 226 229 240 256,0,11,0,not_tested,0,not_tested,-1,0,0
501,771,69,1,0,0,0.24897266048914657,0.24897266048914657,69,0,0,0,not_tested,0,not_tested,-1,0,0
502,568,32,1,1,1,1.2436097679894189,0.24872195359788379,32 100,0,3,0,not_tested,0,not_tested,-1,0,0
503,294,213,1,2,2,2.2339570762020213,0.24821745291133571,32 48 100 113 129 131 213,2,12,0,not_tested,0,not_tested,-1,0,0
504,772,200,1,0,0,0.24807771165168283,0.24807771165168283,200,0,0,0,not_tested,0,not_tested,-1,0,0
505,297,160,1,2,2,2.2245203734997347,0.24716893038885943,132 152 160 164 177 179 195,2,16,0,not_tested,0,not_tested,-1,0,0
506,778,16,1,0,0,0.24399215769232385,0.24399215769232385,16,0,0,0,not_tested,0,not_tested,-1,0,0
507,779,190,1,0,0,0.24391241790705967,0.24391241790705967,190,0,0,0,not_tested,0,not_tested,-1,0,0
508,570,240,1,1,1,1.2190047194447831,0.24380094388895659,229 240,0,3,0,not_tested,0,not_tested,-1,0,0
509,780,46,1,0,0,0.2435683687761965,0.2435683687761965,46,0,0,0,not_tested,0,not_tested,-1,0,0
510,571,259,1,1,1,1.2141069566577003,0.24282139133154004,229 259,0,3,0,not_tested,0,not_tested,-1,0,0
511,783,254,1,0,0,0.24147053832568563,0.24147053832568563,254,0,0,0,not_tested,0,not_tested,-1,0,0
512,784,37,1,0,0,0.24130039635935846,0.24130039635935846,37,0,0,0,not_tested,0,not_tested,-1,0,0
513,586,172,1,1,1,1.181113637040905,0.23622272740818101,172 248,0,2,0,not_tested,0,not_tested,-1,0,0
514,790,55,1,0,0,0.23476864887581847,0.23476864887581847,55,0,0,0,not_tested,0,not_tested,-1,0,0
515,791,94,1,0,0,0.23255892483383989,0.23255892483383989,94,0,0,0,not_tested,0,not_tested,-1,0,0
516,792,215,1,0,0,0.22990200263993496,0.22990200263993496,215,0,0,0,not_tested,0,not_tested,-1,0,0
517,620,119,1,1,1,1.1397208232568659,0.22794416465137318,4 5 6 21 58 81 119 137,5,16,0,not_tested,0,not_tested,-1,0,0
518,793,189,1,0,0,0.22790256072587062,0.22790256072587062,189,0,0,0,not_tested,0,not_tested,-1,0,0
519,442,50 67,2,2,2,1.561678012818704,0.17351977920207823,50 67 69 117 119,1,6,0,not_tested,0,not_tested,-1,0,0
520,658,175 192,2,1,1,0.8606301989569819,0.17212603979139637,158 159 175 192 225 254 271 272,2,15,0,not_tested,0,not_tested,-1,0,0
521,146,64 227,2,4,4,2.924133503318695,0.17200785313639383,13 61 63 64 92 227 229,3,13,0,not_tested,0,not_tested,-1,0,0
522,456,114 175,2,2,2,1.5340330801732516,0.17044812001925017,114 175 247 248 264,2,7,0,not_tested,0,not_tested,-1,0,0
523,461,27 61,2,2,2,1.5207128305632469,0.16896809228480519,11 12 13 27 28 43 61 92,5,11,0,not_tested,0,not_tested,-1,0,0
524,313,81 83,2,3,3,2.1742853627922401,0.16725272021478771,81 83 98 114 247 248 264,2,11,0,not_tested,0,not_tested,-1,0,0
525,807,200 215,2,0,0,0.16638437938961551,0.16638437938961551,200 215,0,0,0,not_tested,0,not_tested,-1,0,0
526,809,254 271,2,0,0,0.16606533993602132,0.16606533993602132,254 271,0,0,0,not_tested,0,not_tested,-1,0,0
527,669,172 190,2,1,1,0.82801630155394568,0.16560326031078912,172 190 248,0,2,0,not_tested,0,not_tested,-1,0,0
528,172,130 195,2,4,4,2.8074256312473524,0.16514268419102071,100 130 132 152 164 177 195,4,14,0,not_tested,0,not_tested,-1,0,0
529,173,195 227,2,4,4,2.805820419658223,0.16504825997989545,132 152 164 177 195 227 229,4,14,0,not_tested,0,not_tested,-1,0,0
530,674,151 152,2,1,1,0.81679674075991016,0.16335934815198203,69 117 151 152 197 199,0,7,0,not_tested,0,not_tested,-1,0,0
531,813,189 190,2,0,0,0.16309868602698266,0.16309868602698266,189 190,0,0,0,not_tested,0,not_tested,-1,0,0
532,482,104 121,2,2,2,1.4613225164070502,0.16236916848967226,98 104 114 121 247 248 264,2,9,0,not_tested,0,not_tested,-1,0,0
533,483,119 151,2,2,2,1.4599610638068155,0.16221789597853503,69 117 119 151 197 199,1,8,0,not_tested,0,not_tested,-1,0,0
534,485,222 229,2,2,2,1.4521159973559137,0.16134622192843484,100 145 147 151 161 221 222 229,4,13,0,not_tested,0,not_tested,-1,0,0
535,333,114 160,2,3,3,2.0948497302276867,0.16114228694059129,114 132 152 160 164 177 179 195,3,17,0,not_tested,0,not_tested,-1,0,0
536,677,69 84,2,1,1,0.8027222004727167,0.16054444009454333,69 84 160 164 177 179 195,2,12,0,not_tested,0,not_tested,-1,0,0
537,678,215 259,2,1,1,0.80114364280123751,0.1602287285602475,215 229 259,0,3,0,not_tested,0,not_tested,-1,0,0
538,494,218 219,2,2,2,1.4400456885560371,0.16000507650622636,100 213 218 219 227 229 241 243,5,13,0,not_tested,0,not_tested,-1,0,0
539,495,147 240,2,2,2,1.438965525160081,0.1598850583511201,69 117 147 197 199 229 240,0,10,0,not_tested,0,not_tested,-1,0,0
540,681,16 32,2,1,1,0.79599627479402435,0.15919925495880485,16 32 100,0,3,0,not_tested,0,not_tested,-1,0,0
541,345,240 256,2,3,3,2.0693653439369903,0.15918194953361461,100 179 226 229 240 256,0,11,0,not_tested,0,not_tested,-1,0,0
542,346,72 73,2,3,3,2.0666388801869178,0.1589722215528398,36 37 58 72 73 75 76,5,12,0,not_tested,0,not_tested,-1,0,0
543,349,70 72,2,3,3,2.0557568964571402,0.1581351458813185,70 72 160 174 191 201 202 225,8,11,0,not_tested,0,not_tested,-1,0,0
544,503,95 111,2,2,2,1.4204302706487411,0.15782558562763788,13 29 46 92 94 95 111 142,0,15,0,not_tested,0,not_tested,-1,0,0
545,504,81 98,2,2,2,1.4160764858907475,0.15734183176563862,81 83 98 114 247 248 264,2,11,0,not_tested,0,not_tested,-1,0,0
546,364,104 119,2,3,3,2.0199062625867485,0.15537740481436527,98 104 114 119 247 248 264,3,10,0,not_tested,0,not_tested,-1,0,0
547,685,37 105,2,1,1,0.77580404919935786,0.15516080983987157,37 105 132 152 164 174 191 232,1,11,0,not_tested,0,not_tested,-1,0,0
548,511,5 6,2,2,2,1.3830408267935752,0.15367120297706391,5 6 36 37 132 152 174 191,3,12,0,not_tested,0,not_tested,-1,0,0
549,516,125 142,2,2,2,1.3690656551975484,0.15211840613306091,5 13 38 92 125 132 142 152,2,15,0,not_tested,0,not_tested,-1,0,0
550,521,119 240,2,2,2,1.3647757891901589,0.15164175435446209,4 6 21 58 81 119 229 240,7,14,0,not_tested,0,not_tested,-1,0,0
551,694,61 63,2,1,1,0.75667280447697394,0.15133456089539477,13 29 46 61 63 92,0,10,0,not_tested,0,not_tested,-1,0,0
552,695,192 205,2,1,1,0.75392969394579823,0.15078593878915963,158 159 192 205 225 254 271 272,2,13,0,not_tested,0,not_tested,-1,0,0
553,528,131 164,2,2,2,1.3446251799823123,0.14940279777581247,83 98 100 114 131 164,2,8,0,not_tested,0,not_tested,-1,0,0
554,532,139 172,2,2,2,1.3380578850843503,0.14867309834270559,29 111 139 155 157 172 189 248,0,11,0,not_tested,0,not_tested,-1,0,0
555,699,192 208,2,1,1,0.74074080009103815,0.1481481600182076,158 159 192 208 225 254 271 272,2,13,0,not_tested,0,not_tested,-1,0,0
556,383,160 177,2,3,3,1.9190922141605347,0.14762247801234882,132 152 160 164 177 179 195,2,16,0,not_tested,0,not_tested,-1,0,0
557,831,152 153,2,0,0,0.14612403878235797,0.14612403878235797,152 153,0,0,0,not_tested,0,not_tested,-1,0,0
558,705,84 99,2,1,1,0.72905874379843993,0.14581174875968797,84 99 160 164 177 179 195,2,12,0,not_tested,0,not_tested,-1,0,0
559,708,138 154,2,1,1,0.72382560957371223,0.14476512191474245,42 51 86 119 124 138 139 154,5,9,0,not_tested,0,not_tested,-1,0,0
560,552,104 105,2,2,2,1.2984787704232938,0.14427541893592152,98 104 105 114 247 248 264,2,9,0,not_tested,0,not_tested,-1,0,0
561,711,248 265,2,1,1,0.72001370614859106,0.14400274122971821,4 5 6 58 247 248 264 265,5,13,0,not_tested,0,not_tested,-1,0,0
562,712,154 187 188,3,1,1,0.67166052846495505,0.13433210569299101,42 51 86 124 139 154 187 188,5,8,0,not_tested,0,not_tested,-1,0,0
563,401,113 129 131,3,3,3,1.7334296017258743,0.13334073859429801,83 98 100 113 114 129 131,3,9,0,not_tested,0,not_tested,-1,0,0
564,402,145 151 161,3,3,3,1.7307767808447561,0.13313667544959662,145 151 161 164 177 179 195,3,12,0,not_tested,0,not_tested,-1,0,0
565,404,55 72 73,3,3,3,1.7193668436711103,0.13225898797470079,36 37 55 58 72 73 75 76,7,12,0,not_tested,0,not_tested,-1,0,0
566,293,0 3 4,3,4,4,2.2343838924728274,0.13143434661604866,0 3 4 5 36 37 48 100,3,14,0,not_tested,0,not_tested,-1,0,0
567,585,98 99 114,3,2,2,1.1818869958174938,0.13132077731305486,98 99 114 160 164 177 179 195,3,13,0,not_tested,0,not_tested,-1,0,0
568,596,27 61 63,3,2,2,1.1742521789091014,0.13047246432323348,13 27 29 46 61 63 92,1,11,0,not_tested,0,not_tested,-1,0,0
569,597,185 188 199,3,2,2,1.1729913404930101,0.13033237116589,160 164 177 179 185 188 195 199,3,13,0,not_tested,0,not_tested,-1,0,0
570,598,95 159 192,3,2,2,1.1720263609507657,0.13022515121675174,13 92 95 159 192,1,6,0,not_tested,0,not_tested,-1,0,0
571,410,42 51 86,3,3,3,1.6914801675518409,0.13011385904244929,1 16 18 42 51 67 86 119,4,8,0,not_tested,0,not_tested,-1,0,0
572,601,104 105 121,3,2,2,1.1689229383700004,0.12988032648555559,98 104 105 114 121 247 248 264,2,9,0,not_tested,0,not_tested,-1,0,0
573,717,109 175 190,3,1,1,0.64542282038470633,0.12908456407694127,109 175 190,1,1,0,not_tested,0,not_tested,-1,0,0
574,614,125 159 192,3,2,2,1.1508948562771395,0.12787720625301549,5 13 38 92 125 159 192,2,10,0,not_tested,0,not_tested,-1,0,0
575,420,58 136 138,3,3,3,1.6489869787958831,0.12684515221506792,21 36 37 58 81 136 137 138,3,14,0,not_tested,0,not_tested,-1,0,0
576,427,104 105 119,3,3,3,1.6210641109922723,0.12469723930709786,98 104 105 114 119 247 248 264,3,10,0,not_tested,0,not_tested,-1,0,0
577,721,175 190 192,3,1,1,0.62348255589537904,0.12469651117907581,175 190 192,1,1,0,not_tested,0,not_tested,-1,0,0
578,224,240 256 259,3,5,5,2.6149214410101824,0.12452006861953248,100 179 213 226 229 240 256 259,3,15,0,not_tested,0,not_tested,-1,0,0
579,626,137 140 154,3,2,2,1.1199527158604945,0.12443919065116604,111 137 140 154 172 248,2,6,0,not_tested,0,not_tested,-1,0,0
580,434,129 131 164,3,3,3,1.5998630356396433,0.12306638735689562,83 98 100 114 129 131 164,3,9,0,not_tested,0,not_tested,-1,0,0
581,630,67 81 98,3,2,2,1.099539796679339,0.12217108851992654,67 81 83 98 114 247 248 264,2,11,0,not_tested,0,not_tested,-1,0,0
582,632,218 219 221,3,2,2,1.0964651756347905,0.12182946395942117,100 218 219 221 227 229 241 243,5,11,0,not_tested,0,not_tested,-1,0,0
583,727,151 152 153,3,1,1,0.60103329611788869,0.12020665922357773,69 117 151 152 153 197 199,0,7,0,not_tested,0,not_tested,-1,0,0
584,635,174 191 225,3,2,2,1.0750455689885372,0.11944950766539303,160 164 174 177 179 191 195 225,3,13,0,not_tested,0,not_tested,-1,0,0
585,131,195 213 227,3,6,6,2.9803035597096814,0.11921214238838726,100 164 177 195 213 227 229,5,13,0,not_tested,0,not_tested,-1,0,0
586,729,46 61 63,3,1,1,0.5924496349465842,0.11848992698931683,13 29 46 61 63 92,0,10,0,not_tested,0,not_tested,-1,0,0
587,457,145 147 161,3,3,3,1.5330897296642825,0.11792997920494479,145 147 161 164 177 179 195,3,12,0,not_tested,0,not_tested,-1,0,0
588,636,185 197 199,3,2,2,1.0588262576601091,0.11764736196223434,160 164 177 179 185 195 197 199,3,13,0,not_tested,0,not_tested,-1,0,0
589,366,145 160 161,3,4,4,1.9947119461418792,0.11733599683187525,145 160 161 164 177 179 195,3,15,0,not_tested,0,not_tested,-1,0,0
590,460,104 119 121,3,3,3,1.5230032677179415,0.11715409751676471,98 104 114 119 121 247 248 264,3,10,0,not_tested,0,not_tested,-1,0,0
591,638,200 218 219,3,2,2,1.0515821151978761,0.11684245724420844,100 200 218 219 227 229 241 243,5,11,0,not_tested,0,not_tested,-1,0,0
592,733,175 192 208,3,1,1,0.57809444948115662,0.11561888989623131,175 192 208,1,1,0,not_tested,0,not_tested,-1,0,0
593,640,109 124 175,3,2,2,1.0324834396626721,0.11472038218474133,109 111 124 172 175 248,2,6,0,not_tested,0,not_tested,-1,0,0
594,643,139 172 190,3,2,2,1.0057472517880768,0.11174969464311962,111 139 172 190 248,1,5,0,not_tested,0,not_tested,-1,0,0
595,644,27 46 61,3,2,2,1.0020509715803343,0.11133899684225936,13 27 46 61 92,1,6,0,not_tested,0,not_tested,-1,0,0
596,493,104 121 139,3,3,3,1.4440893691306038,0.11108379762543105,98 104 111 114 121 139 172 248,3,9,0,not_tested,0,not_tested,-1,0,0
597,391,145 161 197 199,4,4,4,1.8740497438303656,0.11023822022531563,145 161 164 177 179 195 197 199,4,13,0,not_tested,0,not_tested,-1,0,0
598,398,39 40 75 76,4,4,4,1.798044984262102,0.10576735201541776,36 37 39 40 58 75 76,3,12,0,not_tested,0,not_tested,-1,0,0
599,225,58 73 75 76,4,6,6,2.610240690983975,0.10440962763935899,36 37 58 73 75 76,5,9,0,not_tested,0,not_tested,-1,0,0
600,150,218 227 241 243,4,7,7,2.9064473495268275,0.1002223223974768,100 213 218 227 229 241 243,5,13,0,not_tested,0,not_tested,-1,0,0
601,418,83 104 121 219,4,4,4,1.6580505177102647,0.09753238339472145,83 98 104 114 121 218 219 265,4,13,0,not_tested,0,not_tested,-1,0,0
602,576,61 63 93 95 125,5,3,3,1.2030745465597401,0.092544195889210784,13 61 63 92 93 95 109 125,3,11,0,not_tested,0,not_tested,-1,0,0
603,462,13 61 63 93 95,5,4,4,1.5164045781202968,0.089200269301193943,13 61 63 92 93 95 109,3,9,0,not_tested,0,not_tested,-1,0,0
604,322,109 205 218 251 265,5,6,6,2.1430957916863052,0.085723831667452205,109 174 191 205 218 251 265,5,8,0,not_tested,0,not_tested,-1,0,0
605,41,4 6 58 218 227 241,6,11,11,3.8276559998130715,0.08505902221806827,4 6 58 100 218 227 229 241,9,15,0,not_tested,0,not_tested,-1,0,0
606,246,174 191 201 202 225 241,6,7,7,2.451276124087133,0.084526762899556324,160 174 191 201 202 225 229 241,7,11,0,not_tested,0,not_tested,-1,0,0
607,272,37 105 109 205 208 218 251 265,8,8,8,2.3289356197804176,0.070573806660012658,37 105 109 205 208 218 251 265,8,8,0,not_tested,0,not_tested,-1,0,0
608,421,1 16 18 67 111 172 222,7,6,6,1.645438946255716,0.06581755785022865,1 16 18 67 111 119 172 222,6,7,0,not_tested,0,not_tested,-1,0,0
609,256,42 51 86 124 139 154 231 244,8,10,10,2.3994434338149451,0.058523010580852311,42 51 86 124 139 154 231 244,10,10,0,not_tested,0,not_tested,-1,0,0
610,362,42 51 86 104 119 121 139 147 219 240,10,9,10,2.0250624886654793,-0.16419425583774155,42 51 86 104 119 121 139 147 219 240,10,9,0,not_tested,0,not_tested,-1,0,0
611,266,215 240 244 256 259,5,7,8,2.3582366398122132,-0.24395551446333238,100 213 215 229 240 244 256 259,6,13,0,not_tested,0,not_tested,-1,0,0
612,633,46 61 63 94 95 248,6,3,4,1.0963977837887056,-0.25301487318200894,46 61 63 94 95 142 248,3,5,0,not_tested,0,not_tested,-1,0,0
613,661,1 16 18 67,4,2,3,0.85351628882959485,-0.28450542960986497,1 16 18 67 69 117 119,2,6,0,not_tested,0,not_tested,-1,0,0
614,243,83 114 130 195,4,6,7,2.474553702464164,-0.29694644429569966,83 98 100 114 130 164 177 195,6,13,0,not_tested,0,not_tested,-1,0,0
615,399,11 12 28 43,4,4,5,1.7430087044055063,-0.30758977136567761,11 12 28 42 43 106 227 229,5,11,0,not_tested,0,not_tested,-1,0,0
616,218,4 6 58 83,4,6,7,2.6413320543635179,-0.31695984652362219,4 5 6 36 37 58 83,7,12,0,not_tested,0,not_tested,-1,0,0
617,273,11 12 27 28,4,5,6,2.3283589181733655,-0.33262270259619509,11 12 27 28 42 106 227 229,6,12,0,not_tested,0,not_tested,-1,0,0
618,645,37 105 208 265,4,2,3,1.0019032663325549,-0.33396775544418494,37 105 132 152 164 208 232 265,4,10,0,not_tested,0,not_tested,-1,0,0
619,490,86 104 119,3,3,4,1.4501990941099712,-0.33466132940999327,86 98 104 114 119 247 248 264,4,10,0,not_tested,0,not_tested,-1,0,0
620,844,200 221 265,3,0,1,0.11195204968208568,-0.33585614904625705,200 221 247 248 264 265,2,6,0,not_tested,0,not_tested,-1,0,0
621,484,161 177 179,3,3,4,1.4586695144476722,-0.33661604179561661,132 152 161 164 177 179 195,3,14,0,not_tested,0,not_tested,-1,0,0
622,735,107 124 155,3,1,2,0.56248039461700017,-0.33748823677020007,92 107 111 124 155 172 248,1,7,0,not_tested,0,not_tested,-1,0,0
623,641,40 75 76,3,2,3,1.0292685766348963,-0.34308952554496541,5 36 37 38 40 55 75 76,4,13,0,not_tested,0,not_tested,-1,0,0
624,466,84 86 104,3,3,4,1.5076288285392578,-0.347914345047521,84 86 104 160 164 177 179 195,5,14,0,not_tested,0,not_tested,-1,0,0
625,732,84 98 99,3,1,2,0.58425951843024559,-0.35055571105814731,84 98 99 160 164 177 179 195,3,12,0,not_tested,0,not_tested,-1,0,0
626,365,4 6 58,3,4,5,2.0043307229288887,-0.3537054216933333,4 5 6 36 37 38 55 58,5,16,0,not_tested,0,not_tested,-1,0,0
627,731,191 201 202,3,1,2,0.59068438613727903,-0.35441063168236742,160 164 177 179 191 195 201 202,3,12,0,not_tested,0,not_tested,-1,0,0
628,730,172 190 205,3,1,2,0.5917334002112441,-0.35504004012674645,172 190 205 248,1,2,0,not_tested,0,not_tested,-1,0,0
629,447,4 6 21,3,3,4,1.5488420686404039,-0.35742509276317008,4 5 6 21 36 37 132 152,5,14,0,not_tested,0,not_tested,-1,0,0
630,728,51 69 84,3,1,2,0.59817462846305625,-0.35890477707783375,51 69 84 160 164 177 179 195,3,12,0,not_tested,0,not_tested,-1,0,0
631,443,72 73 107,3,3,4,1.5608910681105441,-0.36020563110243325,58 72 73 75 76 92 107,6,11,0,not_tested,0,not_tested,-1,0,0
632,628,93 109 125,3,2,3,1.1028005176790008,-0.36760017255966687,5 13 38 92 93 109 125,3,10,0,not_tested,0,not_tested,-1,0,0
633,724,190 205 251,3,1,2,0.61353826978258619,-0.36812296186955168,174 190 191 205 251,1,3,0,not_tested,0,not_tested,-1,0,0
634,722,37 38 55,3,1,2,0.62082969788171949,-0.37249781872903165,37 38 55 132 152 174 191,2,8,0,not_tested,0,not_tested,-1,0,0
635,226,137 231 244,3,5,6,2.6083620532211902,-0.37262315046016997,21 81 136 137 138 229 231 244,7,15,0,not_tested,0,not_tested,-1,0,0
636,428,113 114 129,3,3,4,1.6196395508585379,-0.37376297327504721,83 98 100 113 114 129,3,8,0,not_tested,0,not_tested,-1,0,0
637,317,226 227 256,3,4,5,2.1597179472984958,-0.38112669658208748,100 179 213 226 227 229 240 256,3,16,0,not_tested,0,not_tested,-1,0,0
638,719,18 37 38,3,1,2,0.6360709227415875,-0.38164255364495253,18 37 38 132 152 174 191,2,8,0,not_tested,0,not_tested,-1,0,0
639,611,51 119 147,3,2,3,1.1552404891642973,-0.38508016305476572,51 69 117 119 147 197 199,2,8,0,not_tested,0,not_tested,-1,0,0
640,607,147 219 240,3,2,3,1.1584030623499892,-0.38613435411666303,147 218 219 227 229 240 241 243,7,11,0,not_tested,0,not_tested,-1,0,0
641,606,202 225 254,3,2,3,1.1642739200049739,-0.38809130666832459,160 164 177 179 195 202 225 254,4,13,0,not_tested,0,not_tested,-1,0,0
642,191,83 130 195,3,5,6,2.7260455653112627,-0.38943508075875177,83 100 130 132 152 164 177 195,6,15,0,not_tested,0,not_tested,-1,0,0
643,588,83 84 99,3,2,3,1.1803852768386263,-0.39346175894620872,35 83 84 99 160 164 177 195,6,18,0,not_tested,0,not_tested,-1,0,0
644,714,219 248 265,3,1,2,0.65609964623068262,-0.39365978773840959,4 6 58 219 247 248 264 265,7,10,0,not_tested,0,not_tested,-1,0,0
645,587,93 125 177,3,2,3,1.1809944970559727,-0.3936648323519909,5 13 38 92 93 125 177,4,10,0,not_tested,0,not_tested,-1,0,0
646,581,125 137 140,3,2,3,1.1862335514320703,-0.39541118381069001,13 92 111 125 137 140 172 248,2,10,0,not_tested,0,not_tested,-1,0,0
647,575,50 51 67,3,2,3,1.2082341077838481,-0.40274470259461598,50 51 67 69 117 119,2,6,0,not_tested,0,not_tested,-1,0,0
648,835,175 208,2,0,1,0.14371799733917898,-0.43115399201753701,158 159 175 208 225 254 271 272,3,12,0,not_tested,0,not_tested,-1,0,0
649,710,192 225,2,1,2,0.72083728482535991,-0.43250237089521598,160 164 177 179 192 195 225,3,12,0,not_tested,0,not_tested,-1,0,0
650,709,16 50,2,1,2,0.72233491164148556,-0.43340094698489134,16 50 69 117 119,1,5,0,not_tested,0,not_tested,-1,0,0
651,551,160 161,2,2,3,1.3075522571482823,-0.43585075238276078,132 152 160 161 164 177 179 195,3,16,0,not_tested,0,not_tested,-1,0,0
652,541,11 12,2,2,3,1.3222003189114639,-0.44073343963715472,11 12 41 42 106 114 227 250,6,13,0,not_tested,0,not_tested,-1,0,0
653,702,98 177,2,1,2,0.73723677820515043,-0.4423420669230903,5 38 98 132 152 174 177 191,3,12,0,not_tested,0,not_tested,-1,0,0
654,701,37 38,2,1,2,0.73800890667834873,-0.44280534400700922,37 38 132 152 164 174 191 232,1,11,0,not_tested,0,not_tested,-1,0,0
655,700,185 188,2,1,2,0.73803843879350939,-0.44282306327610566,160 164 177 179 185 188 195,3,12,0,not_tested,0,not_tested,-1,0,0
656,535,41 58,2,2,3,1.3310655702400547,-0.44368852341335158,5 36 37 38 41 55 58 105,3,14,0,not_tested,0,not_tested,-1,0,0
657,698,205 251,2,1,2,0.74129581057422833,-0.44477748634453701,174 191 205 251,1,3,0,not_tested,0,not_tested,-1,0,0
658,696,13 63,2,1,2,0.75170135622824974,-0.45102081373694985,13 29 46 63 92,0,8,0,not_tested,0,not_tested,-1,0,0
659,525,240 259,2,2,3,1.3596109692677771,-0.45320365642259236,100 179 226 229 240 259,0,10,0,not_tested,0,not_tested,-1,0,0
660,693,107 124,2,1,2,0.75770660478925411,-0.4546239628735525,92 107 111 124 172 248,1,7,0,not_tested,0,not_tested,-1,0,0
661,517,113 129,2,2,3,1.3685154169782749,-0.45617180565942506,83 98 100 113 114 129,3,8,0,not_tested,0,not_tested,-1,0,0
662,692,37 151,2,1,2,0.76494702007603577,-0.45896821204562144,36 37 69 117 151 197 199,0,10,0,not_tested,0,not_tested,-1,0,0
663,510,145 161,2,2,3,1.384635126761476,-0.46154504225382537,132 145 152 161 164 177 179 195,3,16,0,not_tested,0,not_tested,-1,0,0
664,820,175 190,2,0,1,0.15549742067768982,-0.46649226203306948,158 159 175 190 225 254 271 272,3,12,0,not_tested,0,not_tested,-1,0,0
665,505,86 104,2,2,3,1.4034481508726608,-0.46781605029088702,86 98 104 114 247 248 264,3,9,0,not_tested,0,not_tested,-1,0,0
666,818,154 155,2,0,1,0.15822645168614755,-0.47467935505844266,42 51 86 119 124 139 154 155,5,8,0,not_tested,0,not_tested,-1,0,0
667,817,219 221,2,0,1,0.158755234590234,-0.47626570377070204,100 218 219 221 227 229 241 243,5,11,0,not_tested,0,not_tested,-1,0,0
668,501,114 129,2,2,3,1.4291786887730473,-0.4763928962576825,83 98 100 114 129 247 248 264,2,12,0,not_tested,0,not_tested,-1,0,0
669,500,83 84,2,2,3,1.433078501190616,-0.47769283373020532,83 84 160 164 177 179 195,5,13,0,not_tested,0,not_tested,-1,0,0
670,816,21 37,2,0,1,0.15934819546211584,-0.47804458638634761,21 36 37,0,3,0,not_tested,0,not_tested,-1,0,0
671,680,51 147,2,1,2,0.7969024323635765,-0.47814145941814595,51 69 117 147 197 199,1,7,0,not_tested,0,not_tested,-1,0,0
672,496,145 147,2,2,3,1.4375746265479006,-0.4791915421826336,132 145 147 152 164 177 179 195,3,16,0,not_tested,0,not_tested,-1,0,0
673,491,39 40,2,2,3,1.4479957565358794,-0.48266525217862649,5 38 39 40 55 132 152,5,15,0,not_tested,0,not_tested,-1,0,0
674,331,256 259,2,3,4,2.1167738347391252,-0.48848626955518271,100 179 213 226 229 240 256 259,3,15,0,not_tested,0,not_tested,-1,0,0
675,477,226 227,2,2,3,1.4660370271388197,-0.48867900904627326,4 5 6 58 218 226 227 229,7,15,0,not_tested,0,not_tested,-1,0,0
676,673,38 55,2,1,2,0.8179862281490129,-0.4907917368894078,38 55 132 152 164 174 191 232,0,11,0,not_tested,0,not_tested,-1,0,0
677,811,140 187,2,0,1,0.16366661719828676,-0.49099985159486031,111 140 172 187 248,1,4,0,not_tested,0,not_tested,-1,0,0
678,672,55 72,2,1,2,0.81898348268208088,-0.49139008960924851,55 72 160 174 191 201 202 225,7,9,0,not_tested,0,not_tested,-1,0,0
679,671,84 86,2,1,2,0.81975167007997174,-0.49185100204798304,84 86 160 164 177 179 195,3,12,0,not_tested,0,not_tested,-1,0,0
680,810,190 205,2,0,1,0.16576754276285752,-0.49730262828857258,190 205,1,0,0,not_tested,0,not_tested,-1,0,0
681,318,4 35,2,3,4,2.1588172085703801,-0.49818858659316462,4 5 35 36 37 160 195,4,14,0,not_tested,0,not_tested,-1,0,0
682,808,46 94,2,0,1,0.16625919332615485,-0.49877757997846456,46 94 142,0,2,0,not_tested,0,not_tested,-1,0,0
683,806,154 187,2,0,1,0.16685075240570016,-0.5005522572171005,42 51 86 119 124 139 154 187,5,8,0,not_tested,0,not_tested,-1,0,0
684,667,225 254,2,1,2,0.83684053445978634,-0.50210432067587185,160 164 177 179 195 225 254,3,12,0,not_tested,0,not_tested,-1,0,0
685,802,221 265,2,0,1,0.16899667599788604,-0.50699002799365811,4 6 58 221 247 248 264 265,6,10,0,not_tested,0,not_tested,-1,0,0
686,665,184 185,2,1,2,0.84504686092413772,-0.50702811655448266,160 164 177 179 184 185 195,3,12,0,not_tested,0,not_tested,-1,0,0
687,455,113 114,2,2,3,1.5354150283942314,-0.51180500946474383,83 98 100 113 114 247 248 264,2,12,0,not_tested,0,not_tested,-1,0,0
688,454,129 131,2,2,3,1.5355064913400955,-0.51183549711336518,83 98 100 114 129 131,3,8,0,not_tested,0,not_tested,-1,0,0
689,660,191 225,2,1,2,0.85369062430924614,-0.51221437458554775,160 164 177 179 191 195 225,3,12,0,not_tested,0,not_tested,-1,0,0
690,453,39 70,2,2,3,1.5383717859600685,-0.51279059532002291,5 38 39 55 70 132 152,5,15,0,not_tested,0,not_tested,-1,0,0
691,249,83 104 121 219 227 241 243,7,8,10,2.433602560337524,-0.51621872492008081,83 104 121 219 227 229 241 243,9,10,0,not_tested,0,not_tested,-1,0,0
692,657,109 125,2,1,2,0.86084178725216787,-0.51650507235130083,5 13 38 92 109 125 132 152,2,14,0,not_tested,0,not_tested,-1,0,0
693,446,3 4,2,2,3,1.5581477298216482,-0.5193825766072161,3 4 5 36 37 132 152,4,13,0,not_tested,0,not_tested,-1,0,0
694,395,109 205 208 218 251 265,6,6,8,1.860438083061329,-0.52092266325717218,109 174 191 205 208 218 251 265,7,8,0,not_tested,0,not_tested,-1,0,0
695,799,46 63,2,0,1,0.17366938549460412,-0.52100815648381238,13 29 46 63 92,0,8,0,not_tested,0,not_tested,-1,0,0
696,798,107 155,2,0,1,0.17373853551849489,-0.52121560655548471,92 107 155,0,2,0,not_tested,0,not_tested,-1,0,0
697,440,1 4,2,2,3,1.5664198752591314,-0.5221399584197105,1 4 5 36 37 132 152,4,13,0,not_tested,0,not_tested,-1,0,0
698,649,139 140,2,1,2,0.87447297734654339,-0.52468378640792612,111 139 140 172 248,1,5,0,not_tested,0,not_tested,-1,0,0
699,648,28 61,2,1,2,0.8748032779959577,-0.5248819667975746,13 28 61 92 250,0,8,0,not_tested,0,not_tested,-1,0,0
700,422,109 205 229 251,4,4,6,1.6353297813179921,-0.67337108642505561,109 174 191 205 218 229 251,5,8,0,not_tested,0,not_tested,-1,0,0
701,795,99,1,0,1,0.22634867958330032,-0.67904603874990099,99 132 152 160 164 177 179 195,2,16,0,not_tested,0,not_tested,-1,0,0
702,794,21,1,0,1,0.22637515316914875,-0.67912545950744629,21 36 37,0,3,0,not_tested,0,not_tested,-1,0,0
703,408,109 205 218 251,4,4,6,1.6976165825349696,-0.69901859280851686,109 132 152 174 191 205 218 251,4,11,0,not_tested,0,not_tested,-1,0,0
704,599,72,1,1,2,1.171119767627278,-0.70267186057636677,72 160 174 191 195 201 202 225,6,12,0,not_tested,0,not_tested,-1,0,0
705,789,107,1,0,1,0.2353641508600656,-0.70609245258019682,92 107,0,2,0,not_tested,0,not_tested,-1,0,0
706,590,83,1,1,2,1.1775191439982529,-0.70651148639895167,83 98 114 247 248 264,2,9,0,not_tested,0,not_tested,-1,0,0
707,786,205,1,0,1,0.23835191793902913,-0.71505575381708741,158 159 192 205 225 254 271 272,2,13,0,not_tested,0,not_tested,-1,0,0
708,580,131,1,1,2,1.194276094039421,-0.71656565642365255,83 98 100 114 131 247 248 264,2,12,0,not_tested,0,not_tested,-1,0,0
709,782,63,1,0,1,0.24167035158911471,-0.72501105476734407,13 29 46 63 92,0,8,0,not_tested,0,not_tested,-1,0,0
710,646,1 16 18 51,4,2,4,0.94399718967753299,-0.73422003641585909,1 16 18 51 69 117 119,3,6,0,not_tested,0,not_tested,-1,0,0
711,776,208,1,0,1,0.24574716903093261,-0.73724150709279779,158 159 160 208 225 254 271 272,4,13,0,not_tested,0,not_tested,-1,0,0
712,775,175,1,0,1,0.24677618391243669,-0.74032855173731005,158 159 160 175 225 254 271 272,4,14,0,not_tested,0,not_tested,-1,0,0
713,773,219,1,0,1,0.24800009406377194,-0.74400028219131586,100 213 218 219 227 229 241 243,5,13,0,not_tested,0,not_tested,-1,0,0
714,769,51,1,0,1,0.25027387151191283,-0.75082161453573848,51 98 104 114 121 218 219 265,4,10,0,not_tested,0,not_tested,-1,0,0
715,739,61 63 93 95,4,1,3,0.54027685089850208,-0.756387591257903,13 61 63 92 93 95 109,3,9,0,not_tested,0,not_tested,-1,0,0
716,279,98 114 231 244,4,5,7,2.3070124744898979,-0.76900415816329937,98 114 229 231 244 247 248 264,6,12,0,not_tested,0,not_tested,-1,0,0
717,556,40,1,1,2,1.2816879676150792,-0.76901278056904743,5 38 40 55 132 152 174 191,3,16,0,not_tested,0,not_tested,-1,0,0
718,499,129 130 131,3,3,5,1.4339765061793992,-0.77214119563506112,100 129 130 131 164 177 195,6,11,0,not_tested,0,not_tested,-1,0,0
719,553,129,1,1,2,1.2982168300942076,-0.77893009805652458,83 98 100 114 129 247 248 264,2,12,0,not_tested,0,not_tested,-1,0,0
720,759,11,1,0,1,0.26026839195750423,-0.78080517587251275,11 250,0,3,0,not_tested,0,not_tested,-1,0,0
721,386,227 240 256,3,4,6,1.8973852641493141,-0.78127628523795289,100 179 213 226 227 229 240 256,3,16,0,not_tested,0,not_tested,-1,0,0
722,737,1 16 18,3,1,3,0.55846529284390767,-0.78185140998147074,1 16 18 32 48 69 117 119,2,9,0,not_tested,0,not_tested,-1,0,0
723,757,28,1,0,1,0.26165725990013938,-0.78497177970041809,28 250,0,3,0,not_tested,0,not_tested,-1,0,0
724,756,154,1,0,1,0.26257768486357608,-0.78773305459072818,42 51 86 119 124 139 154,5,8,0,not_tested,0,not_tested,-1,0,0
725,755,140,1,0,1,0.26593400977463294,-0.79780202932389876,29 111 140 155 157 172 189 248,0,10,0,not_tested,0,not_tested,-1,0,0
726,754,98,1,0,1,0.26595350716015131,-0.79786052148045394,21 81 98 136 138 247 248 264,3,12,0,not_tested,0,not_tested,-1,0,0
727,749,265,1,0,1,0.26807771055901519,-0.80423313167704558,4 5 6 58 247 248 264 265,5,13,0,not_tested,0,not_tested,-1,0,0
728,747,86,1,0,1,0.26979409098700813,-0.80938227296102438,86 98 104 114 121 218 219 265,4,10,0,not_tested,0,not_tested,-1,0,0
729,468,72 73 185,3,3,5,1.5051767859275276,-0.81047980780713014,72 73 160 164 177 179 185 195,6,14,0,not_tested,0,not_tested,-1,0,0
730,467,11 12 28,3,3,5,1.5059405464036641,-0.81089106344812678,11 12 28 42 106 227 229 250,5,13,0,not_tested,0,not_tested,-1,0,0
731,743,43,1,0,1,0.27291628506189791,-0.81874885518569374,43 250,0,3,0,not_tested,0,not_tested,-1,0,0
732,519,113,1,1,2,1.3671922129897758,-0.8203153277938654,83 98 100 113 114 247 248 264,2,12,0,not_tested,0,not_tested,-1,0,0
733,459,39 70 72,3,3,5,1.5256327975596249,-0.82149458330133651,5 38 39 55 70 72 132 152,7,16,0,not_tested,0,not_tested,-1,0,0
734,351,227 241 243,3,4,6,2.0524402343360415,-0.84512244943248782,100 213 227 229 241 243,4,10,0,not_tested,0,not_tested,-1,0,0
735,726,98 99 177,3,1,3,0.6038421580800778,-0.84537902131210885,98 99 160 164 177 179 195,3,11,0,not_tested,0,not_tested,-1,0,0
736,347,231 244 248,3,4,6,2.0628546967102879,-0.84941075746894212,21 81 136 138 229 231 244 248,7,13,0,not_tested,0,not_tested,-1,0,0
737,629,39 70 75,3,2,4,1.0999746497215441,-0.85553583867231209,5 36 37 38 39 55 70 75,5,13,0,not_tested,0,not_tested,-1,0,0
738,429,160 161 177,3,3,5,1.6139672188443879,-0.86905927168543962,132 152 160 161 164 177 179 195,3,16,0,not_tested,0,not_tested,-1,0,0
739,840,175 190 205,3,0,2,0.12453949521647267,-0.87177646651530882,175 190 205,2,0,0,not_tested,0,not_tested,-1,0,0
740,426,72 73 241,3,3,5,1.6228090103748516,-0.87382023635568928,58 72 73 75 76 229 241,7,11,0,not_tested,0,not_tested,-1,0,0
741,424,215 256 259,3,3,5,1.6326126250105268,-0.87909910577489903,100 213 215 229 240 256 259,3,11,0,not_tested,0,not_tested,-1,0,0
742,609,39 40 75,3,2,4,1.1569096825048584,-0.89981864194822314,36 37 39 40 58 75 76,3,12,0,not_tested,0,not_tested,-1,0,0
743,608,38 55 72,3,2,4,1.1575715507715394,-0.9003334283778639,38 55 72 132 152 174 191,3,9,0,not_tested,0,not_tested,-1,0,0
744,604,197 241 243,3,2,4,1.1674505941700706,-0.9080171287989437,100 197 229 241 243,2,6,0,not_tested,0,not_tested,-1,0,0
745,593,104 121 219,3,2,4,1.1761027074458588,-0.91474655023566787,98 104 114 121 218 219 265,4,10,0,not_tested,0,not_tested,-1,0,0
746,715,172 221 222,3,1,3,0.65349215806708483,-0.9148890212939188,172 221 222 248,2,2,0,not_tested,0,not_tested,-1,0,0
747,584,201 202 213,3,2,4,1.1819958290112396,-0.91933008923096404,100 160 164 177 195 201 202 213,5,12,0,not_tested,0,not_tested,-1,0,0
748,574,1 16 18 32 51,5,3,6,1.2107098584557112,-1.0244468033086787,1 16 18 32 48 51 100 119,4,9,0,not_tested,0,not_tested,-1,0,0
749,704,200 231,2,1,3,0.73377403134136221,-1.0272836438779072,42 51 86 119 124 139 200 231,7,9,0,not_tested,0,not_tested,-1,0,0
750,830,208 265,2,0,2,0.14696024943394717,-1.0287217460376303,4 6 58 208 247 248 264 265,7,10,0,not_tested,0,not_tested,-1,0,0
751,829,201 202,2,0,2,0.14898702200087943,-1.0429091540061561,160 164 177 179 195 201 202,3,11,0,not_tested,0,not_tested,-1,0,0
752,828,105 121,2,0,2,0.1497781811046148,-1.0484472677323036,98 105 114 121 247 248 264,2,7,0,not_tested,0,not_tested,-1,0,0
753,524,222 256,2,2,4,1.3598122291400097,-1.0576317337755632,100 179 222 226 229 240 256,2,11,0,not_tested,0,not_tested,-1,0,0
754,826,94 95,2,0,2,0.15290966360468036,-1.0703676452327626,13 29 46 92 94 95 111 142,0,15,0,not_tested,0,not_tested,-1,0,0
755,688,172 222,2,1,3,0.76985788898105623,-1.0778010445734789,172 222 248,2,2,0,not_tested,0,not_tested,-1,0,0
756,509,227 240,2,2,4,1.3865254024048443,-1.078408646314879,4 6 58 100 218 227 229 240,8,14,0,not_tested,0,not_tested,-1,0,0
757,647,185 201 202 225,4,2,5,0.89055170702235753,-1.088452086360659,160 164 177 185 195 201 202 225,7,10,0,not_tested,0,not_tested,-1,0,0
758,684,50 51,2,1,3,0.78118055419450094,-1.0936527758723014,50 51 69 117 119,2,5,0,not_tested,0,not_tested,-1,0,0
759,819,185 201,2,0,2,0.1578645693587484,-1.1050519855112391,160 164 177 179 185 195 201,3,11,0,not_tested,0,not_tested,-1,0,0
760,683,75 76,2,1,3,0.79326213682877655,-1.1105669915602874,5 36 37 38 55 75 76 105,3,13,0,not_tested,0,not_tested,-1,0,0
761,682,93 125,2,1,3,0.79471004892088992,-1.1125940684892459,5 13 38 92 93 125 132 152,3,14,0,not_tested,0,not_tested,-1,0,0
762,815,121 219,2,0,2,0.15940443145277738,-1.1158310201694419,98 114 121 219 247 248 264,2,7,0,not_tested,0,not_tested,-1,0,0
763,814,98 99,2,0,2,0.16089342957708219,-1.1262540070395755,98 99 160 164 177 179 195,3,11,0,not_tested,0,not_tested,-1,0,0
764,480,4 6,2,2,4,1.462485180499995,-1.1374884737222184,4 5 6 36 37 132 152,5,13,0,not_tested,0,not_tested,-1,0,0
765,475,129 130,2,2,4,1.4666146564711733,-1.1407002883664683,100 129 130 132 152 164 177 195,5,15,0,not_tested,0,not_tested,-1,0,0
766,670,93 109,2,1,3,0.82519861038213216,-1.1552780545349852,5 13 38 92 93 109 132 152,3,14,0,not_tested,0,not_tested,-1,0,0
767,663,1 16,2,1,3,0.84993845313883587,-1.1899138343943703,1 16 32 48 69 100 117 119,1,11,0,not_tested,0,not_tested,-1,0,0
768,659,202 225,2,1,3,0.85736885106879446,-1.2003163914963124,160 164 177 179 195 202 225,4,12,0,not_tested,0,not_tested,-1,0,0
769,656,121 139,2,1,3,0.86123811761645519,-1.2057333646630373,98 111 114 121 139 172 248,3,7,0,not_tested,0,not_tested,-1,0,0
770,800,221 222,2,0,2,0.172602731738877,-1.208219122172139,100 145 147 151 161 221 222 229,4,13,0,not_tested,0,not_tested,-1,0,0
771,738,93 125 140,3,1,4,0.55454551725203272,-1.220000137954472,13 92 93 111 125 140 172 248,3,9,0,not_tested,0,not_tested,-1,0,0
772,797,16 67,2,0,2,0.17436782616010602,-1.2205747831207423,16 67 69 117 119,1,4,0,not_tested,0,not_tested,-1,0,0
773,796,185 202,2,0,2,0.17445755852467559,-1.2212029096727293,160 164 177 179 185 195 202,3,11,0,not_tested,0,not_tested,-1,0,0
774,845,93 94 95,3,0,3,0.11105582445522015,-1.2216140690074218,5 13 38 92 93 94 95,3,8,0,not_tested,0,not_tested,-1,0,0
775,387,231 243 244,3,4,7,1.8954798497501217,-1.2264869616030198,100 229 231 243 244,5,8,0,not_tested,0,not_tested,-1,0,0
776,736,125 139 140,3,1,4,0.5622748623958802,-1.2370046972709363,13 92 111 125 139 140 172 248,2,9,0,not_tested,0,not_tested,-1,0,0
777,734,18 50 51,3,1,4,0.56447686202710412,-1.2418490964596289,18 32 48 50 51 69 117 119,3,9,0,not_tested,0,not_tested,-1,0,0
778,843,190 205 222,3,0,3,0.11546616422987226,-1.2701278065285948,190 205 222,3,0,0,not_tested,0,not_tested,-1,0,0
779,357,4 81 83,3,4,7,2.0336130592375072,-1.3158672736242696,4 5 36 37 81 83 132 152,8,15,0,not_tested,0,not_tested,-1,0,0
780,725,172 208 222,3,1,4,0.6080606286165382,-1.337733382956384,172 208 222 248,3,2,0,not_tested,0,not_tested,-1,0,0
781,723,51 86 147,3,1,4,0.61517283568153402,-1.3533802384993747,51 69 86 117 119 147 197 199,3,8,0,not_tested,0,not_tested,-1,0,0
782,841,16 18 67,3,0,3,0.12336738623419748,-1.3570412485761723,16 18 32 48 67 69 117 119,2,8,0,not_tested,0,not_tested,-1,0,0
783,618,41 43 58,3,2,5,1.1430519347437764,-1.3970634757979488,36 37 41 42 43 58 250,3,10,0,not_tested,0,not_tested,-1,0,0
784,839,219 221 222,3,0,3,0.12715027422288966,-1.3986530164517863,218 219 221 222 227 229 241 243,8,9,0,not_tested,0,not_tested,-1,0,0
785,417,227 240 241,3,3,6,1.6654929937732696,-1.4092633024235357,100 213 227 229 240 241,4,9,0,not_tested,0,not_tested,-1,0,0
786,838,205 221 222,3,0,3,0.12854964310182238,-1.4140460741200462,205 221 222,3,0,0,not_tested,0,not_tested,-1,0,0
787,411,154 231 244,3,3,6,1.6877372571141971,-1.4280853714043205,21 81 136 138 154 229 231 244,7,12,0,not_tested,0,not_tested,-1,0,0
788,577,201 202 225,3,2,5,1.201584542363807,-1.4686033295557639,160 164 177 179 195 201 202 225,6,13,0,not_tested,0,not_tested,-1,0,0
789,324,227 241 243 244,4,5,9,2.1313259914504061,-1.5223757081788614,100 213 227 229 241 243 244,7,11,0,not_tested,0,not_tested,-1,0,0
790,707,43 58,2,1,4,0.72658282351751846,-1.5984822117385407,5 36 37 38 43 55 58 250,4,15,0,not_tested,0,not_tested,-1,0,0
791,834,93 95,2,0,3,0.14552728801920331,-1.6008001682112367,5 13 38 92 93 95 132 152,3,13,0,not_tested,0,not_tested,-1,0,0
792,833,205 222,2,0,3,0.14583335447548096,-1.6041668992302907,184 200 205 215 222 240 256 259,8,10,0,not_tested,0,not_tested,-1,0,0
793,832,11 28,2,0,3,0.14584994484304284,-1.6043493932734716,11 28 41 42 106 114 227 250,6,11,0,not_tested,0,not_tested,-1,0,0
794,615,227,1,1,3,1.1506006813271781,-1.610840953858049,4 5 6 58 218 227 229 243,7,15,0,not_tested,0,not_tested,-1,0,0
795,612,130,1,1,3,1.1549712384191,-1.6169597337867401,100 130 132 152 164 177 195,4,14,0,not_tested,0,not_tested,-1,0,0
796,594,58,1,1,3,1.1756643138725948,-1.6459300394216327,5 36 37 38 55 58 105,3,13,0,not_tested,0,not_tested,-1,0,0
797,697,240 241,2,1,4,0.75025294596593339,-1.6505564811250535,4 6 58 100 218 229 240 241,8,13,0,not_tested,0,not_tested,-1,0,0
798,788,39,1,0,2,0.23617106077899944,-1.653197425452996,5 38 39 55 132 152 174 191,3,15,0,not_tested,0,not_tested,-1,0,0
799,827,93 94,2,0,3,0.15167677413698341,-1.6684445155068177,5 13 38 92 93 94 132 152,3,13,0,not_tested,0,not_tested,-1,0,0
800,785,225,1,0,2,0.24038505516568251,-1.6826953861597775,132 152 160 164 177 179 195 225,3,16,0,not_tested,0,not_tested,-1,0,0
801,825,55 73,2,0,3,0.15437521670328935,-1.698127383736183,36 37 55 58 73 75 76,7,9,0,not_tested,0,not_tested,-1,0,0
802,823,16 18,2,0,3,0.15496409262475958,-1.7046050188723554,16 18 32 48 69 100 117 119,1,10,0,not_tested,0,not_tested,-1,0,0
803,821,51 86,2,0,3,0.15529962965475466,-1.7082959262023014,1 16 18 51 67 86 119,4,4,0,not_tested,0,not_tested,-1,0,0
804,777,201,1,0,2,0.2441749035780208,-1.7092243250461456,132 152 160 164 177 179 195 201,3,16,0,not_tested,0,not_tested,-1,0,0
805,353,231 244,2,3,6,2.0485950062645206,-1.7334265437622867,21 81 136 138 229 231 244,7,12,0,not_tested,0,not_tested,-1,0,0
806,774,202,1,0,2,0.2477296747778733,-1.7341077234451132,132 152 160 164 177 179 195 202,3,16,0,not_tested,0,not_tested,-1,0,0
807,770,95,1,0,2,0.2498758033165327,-1.7491306232157289,13 29 46 92 94 95 111 142,0,15,0,not_tested,0,not_tested,-1,0,0
808,766,121,1,0,2,0.2512062616855083,-1.7584438317985582,98 114 121 247 248 264,2,7,0,not_tested,0,not_tested,-1,0,0
809,842,185 201 202,3,0,4,0.11792278119920398,-1.7688417179880598,160 164 177 179 185 195 201 202,5,11,0,not_tested,0,not_tested,-1,0,0
810,676,11 27,2,1,4,0.80755313600415646,-1.7766168992091442,11 27 41 42 106 114 227 250,6,12,0,not_tested,0,not_tested,-1,0,0
811,560,145,1,1,3,1.2720032332882167,-1.7808045266035033,132 145 152 164 177 179 195,3,15,0,not_tested,0,not_tested,-1,0,0
812,675,27 28,2,1,4,0.81440912270911547,-1.791700069960054,27 28 41 42 106 114 227 250,6,12,0,not_tested,0,not_tested,-1,0,0
813,812,28 43,2,0,3,0.16316572646033287,-1.7948229910636617,28 41 42 43 106 114 227 250,6,11,0,not_tested,0,not_tested,-1,0,0
814,471,227 241,2,2,5,1.48997829570649,-1.8210845836412655,4 6 58 100 218 227 229 241,9,15,0,not_tested,0,not_tested,-1,0,0
815,805,208 222,2,0,3,0.16746401221284091,-1.8421041343412501,158 159 208 222 225 254 271 272,5,11,0,not_tested,0,not_tested,-1,0,0
816,436,161 256 259,3,3,7,1.5966426632727251,-1.8422799960839134,100 161 195 213 229 240 256 259,5,14,0,not_tested,0,not_tested,-1,0,0
817,804,125 140,2,0,3,0.16774144553086756,-1.8451559008395435,13 92 111 125 140 172 248,2,8,0,not_tested,0,not_tested,-1,0,0
818,530,231,1,1,3,1.3419119284898338,-1.8786766998857671,42 51 86 119 124 139 231,7,9,0,not_tested,0,not_tested,-1,0,0
819,529,4,1,1,3,1.3444378969793918,-1.8822130557711487,4 5 36 37 132 152 174 191,3,14,0,not_tested,0,not_tested,-1,0,0
820,746,125,1,0,2,0.27005562827021989,-1.8903893978915391,5 13 38 92 125 132 152,2,13,0,not_tested,0,not_tested,-1,0,0
821,523,76,1,1,3,1.361800440940975,-1.9065206173173652,5 36 37 38 55 76 105,3,13,0,not_tested,0,not_tested,-1,0,0
822,744,185,1,0,2,0.27267555191874726,-1.9087288634312309,132 152 160 164 177 179 185 195,3,16,0,not_tested,0,not_tested,-1,0,0
823,653,241 243,2,1,4,0.87032128923877961,-1.9147068363253152,4 6 58 100 218 229 241 243,7,13,0,not_tested,0,not_tested,-1,0,0
824,741,222,1,0,2,0.27410512633805506,-1.9187358843663853,100 145 147 151 161 221 222 229,4,13,0,not_tested,0,not_tested,-1,0,0
825,650,27 43,2,1,4,0.87257079182034747,-1.9196557420047646,27 41 42 43 106 114 227 250,6,12,0,not_tested,0,not_tested,-1,0,0
826,613,109 205 251,3,2,6,1.1542899665125224,-1.9238166108542039,109 132 152 174 191 205 218 251,4,11,0,not_tested,0,not_tested,-1,0,0
827,837,16 18 51,3,0,4,0.13130255988530007,-1.9695383982795012,16 18 32 48 51 69 117 119,3,8,0,not_tested,0,not_tested,-1,0,0
828,824,6 21,2,0,4,0.15485345957435842,-2.3228018936153765,5 6 21 36 37 132 152,5,10,0,not_tested,0,not_tested,-1,0,0
829,822,18 51,2,0,4,0.15505484290751037,-2.3258226436126561,18 32 48 51 69 100 117 119,2,10,0,not_tested,0,not_tested,-1,0,0
830,718,28 43 58,3,1,6,0.63940575079335771,-2.4297418530147592,28 36 37 42 43 58 250,4,9,0,not_tested,0,not_tested,-1,0,0
831,716,27 28 43,3,1,6,0.6513698862165368,-2.4752055676228397,27 28 42 43 106 227 229 250,5,11,0,not_tested,0,not_tested,-1,0,0
832,836,11 28 43,3,0,5,0.13275323514874163,-2.5223114678260909,11 28 42 43 106 227 229 250,5,10,0,not_tested,0,not_tested,-1,0,0
833,662,40 73,2,1,5,0.85331584848619912,-2.5599475454585976,5 38 40 55 73 132 152,7,14,0,not_tested,0,not_tested,-1,0,0
834,787,241,1,0,3,0.23769579726929316,-2.6146537699622248,4 5 6 58 218 229 241 243,7,14,0,not_tested,0,not_tested,-1,0,0
835,651,243 244,2,1,5,0.87246812258945405,-2.6174043677683621,100 229 243 244,3,5,0,not_tested,0,not_tested,-1,0,0
836,464,227 241 244,3,3,9,1.5098959482032013,-2.6713543698979718,100 213 227 229 241 244,7,9,0,not_tested,0,not_tested,-1,0,0
837,768,75,1,0,3,0.25056287701748153,-2.7561916471922969,5 36 37 38 55 75 105,3,12,0,not_tested,0,not_tested,-1,0,0
838,761,161,1,0,3,0.25966226073697529,-2.8562848681067283,132 152 161 164 177 179 195,3,14,0,not_tested,0,not_tested,-1,0,0
839,760,73,1,0,3,0.25984001802972073,-2.8582401983269281,36 37 58 73 75 76,5,9,0,not_tested,0,not_tested,-1,0,0
840,751,93,1,0,3,0.26716500797480897,-2.9388150877228987,5 13 38 92 93 132 152,3,13,0,not_tested,0,not_tested,-1,0,0
841,750,6,1,0,3,0.26774609502679481,-2.945207045294743,5 6 36 37 132 152 174 191,3,12,0,not_tested,0,not_tested,-1,0,0
842,666,73 76,2,1,6,0.83729224681112469,-3.1817105378822741,36 37 58 73 75 76,5,9,0,not_tested,0,not_tested,-1,0,0
843,801,39 73,2,0,5,0.17003736708357137,-3.2307099745878562,5 38 39 55 73 132 152,7,13,0,not_tested,0,not_tested,-1,0,0
844,781,244,1,0,4,0.24251932981869739,-3.6377899472804609,42 51 86 119 124 139 229 244,7,10,0,not_tested,0,not_tested,-1,0,0
845,803,73 75,2,0,6,0.16778885030633547,-3.8591435570457162,36 37 58 73 75 76,5,9,0,not_tested,0,not_tested,-1,0,0
