round,case,floors,variant,position,candidates,completed,build_ns,reconstruct_ns,smooth_ns,compress_ns,plan_pair_ns,final_ns,total_ns,total_wall_ns,checksum
0,0000.txt,104,v055,0,37,37,62000,1124000,108000,31000,349000,18079000,19753000,19822000,651502957109634443
0,0000.txt,104,v056,1,37,37,75000,1237000,102000,31000,324000,18192000,19961000,19994000,651502957109634443
0,0001.txt,152,v055,1,64,50,162000,8093000,337000,108000,535000,55382000,64617000,64682000,4933058971047106250
0,0001.txt,152,v056,0,64,50,164000,8470000,321000,112000,534000,55394000,64995000,65051000,4933058971047106250
0,0002.txt,150,v055,0,64,62,223000,7586000,414000,162000,428000,30573000,39386000,39482000,976749115892701362
0,0002.txt,150,v056,1,64,62,222000,8040000,408000,151000,477000,29913000,39211000,39273000,976749115892701362
0,0003.txt,284,v055,1,64,39,200000,8278000,388000,138000,999000,77958000,87961000,88060000,14880691787312181520
0,0003.txt,284,v056,0,64,39,206000,8645000,380000,140000,999000,73780000,84150000,84199000,14880691787312181520
0,0004.txt,216,v055,0,64,36,752000,22313000,571000,271000,694000,62385000,86986000,87048000,6512735954918420511
0,0004.txt,216,v056,1,64,36,730000,23600000,555000,235000,677000,62949000,88746000,89263000,6512735954918420511
0,0005.txt,197,v055,1,64,24,1670000,36081000,1256000,332000,494000,39471000,79304000,79601000,351141178555315729
0,0005.txt,197,v056,0,64,24,1568000,36198000,1300000,339000,516000,40039000,79960000,80183000,351141178555315729
0,0006.txt,104,v055,0,64,43,289000,6765000,260000,96000,324000,15537000,23271000,23414000,5957452000684754799
0,0006.txt,104,v056,1,64,43,285000,7289000,251000,102000,326000,15480000,23733000,23843000,5957452000684754799
0,0007.txt,121,v055,1,64,52,264000,7309000,341000,130000,341000,20284000,28669000,28738000,18008135368463823583
0,0007.txt,121,v056,0,64,52,259000,7520000,312000,121000,344000,20208000,28764000,28842000,18008135368463823583
0,0008.txt,123,v055,0,64,50,257000,7629000,350000,131000,454000,31374000,40195000,40267000,5423900506180571714
0,0008.txt,123,v056,1,64,50,256000,8169000,348000,116000,414000,31307000,40610000,40796000,5423900506180571714
0,0009.txt,185,v055,1,64,57,125000,5218000,345000,114000,665000,61903000,68370000,68561000,2576477532328089130
0,0009.txt,185,v056,0,64,57,125000,5343000,319000,111000,665000,61509000,68072000,68170000,2576477532328089130
0,0010.txt,97,v055,0,64,55,118000,3841000,246000,80000,327000,24663000,29275000,29427000,7750678338596061692
0,0010.txt,97,v056,1,64,55,115000,3822000,208000,76000,324000,24359000,28904000,28967000,7750678338596061692
0,0011.txt,175,v055,1,64,38,431000,10247000,357000,128000,586000,90531000,102280000,102391000,17633475164315570031
0,0011.txt,175,v056,0,64,38,433000,10689000,344000,133000,595000,90837000,103031000,103184000,17633475164315570031
0,0012.txt,134,v055,0,64,47,259000,8811000,333000,132000,397000,37909000,47841000,48027000,3048775526160309546
0,0012.txt,134,v056,1,64,47,247000,9445000,327000,138000,403000,37615000,48175000,48301000,3048775526160309546
0,0013.txt,196,v055,1,64,56,321000,11208000,663000,247000,547000,40934000,53920000,54045000,3970836100233028945
0,0013.txt,196,v056,0,64,56,321000,11543000,626000,232000,555000,41380000,54657000,54774000,3970836100233028945
0,0014.txt,273,v055,0,64,41,1550000,36439000,948000,450000,853000,243005000,283245000,283638000,15604707923607379811
0,0014.txt,273,v056,1,64,41,1555000,36718000,923000,424000,884000,243834000,284338000,284721000,15604707923607379811
0,0015.txt,286,v055,1,64,32,2031000,35979000,1313000,487000,840000,100699000,141349000,141602000,9468913526032209481
0,0015.txt,286,v056,0,64,32,2048000,36952000,1291000,491000,828000,100089000,141699000,141977000,9468913526032209481
0,0016.txt,171,v055,0,64,41,299000,10003000,333000,127000,584000,42751000,54097000,54162000,15636719685651304257
0,0016.txt,171,v056,1,64,41,289000,9990000,322000,132000,584000,42990000,54307000,54363000,15636719685651304257
0,0017.txt,171,v055,1,64,61,869000,13770000,677000,259000,513000,65856000,81944000,82348000,16826570314351584884
0,0017.txt,171,v056,0,64,61,867000,14272000,641000,309000,519000,65471000,82079000,82142000,16826570314351584884
0,0018.txt,103,v055,0,64,46,113000,6200000,219000,78000,451000,46789000,53850000,53914000,504753219035892238
0,0018.txt,103,v056,1,64,46,105000,6392000,196000,78000,446000,46424000,53641000,53694000,504753219035892238
0,0019.txt,368,v055,1,64,45,3680000,83857000,2036000,891000,1472000,350741000,442677000,442958000,10502072735767109732
0,0019.txt,368,v056,0,64,45,3613000,83289000,2027000,909000,1546000,352542000,443926000,444184000,10502072735767109732
0,0020.txt,133,v055,0,64,54,497000,11810000,403000,155000,434000,27407000,40706000,40911000,15023914603616818157
0,0020.txt,133,v056,1,64,54,490000,11733000,376000,160000,428000,26919000,40106000,40161000,15023914603616818157
0,0021.txt,159,v055,1,64,61,107000,5868000,355000,109000,619000,36823000,43881000,43939000,2593815936161865029
0,0021.txt,159,v056,0,64,61,105000,6195000,322000,100000,621000,36683000,44026000,44087000,2593815936161865029
0,0022.txt,139,v055,0,59,49,95000,4063000,259000,62000,415000,46932000,51826000,51900000,9009703560101214494
0,0022.txt,139,v056,1,59,49,90000,4353000,246000,74000,369000,47158000,52290000,52369000,9009703560101214494
0,0023.txt,139,v055,1,64,44,137000,5559000,240000,91000,486000,101230000,107743000,107990000,3147173496848840315
0,0023.txt,139,v056,0,64,44,155000,6139000,238000,83000,549000,99459000,106623000,106740000,3147173496848840315
0,0024.txt,180,v055,0,64,36,201000,6017000,345000,91000,554000,63465000,70673000,70809000,5570036374208619209
0,0024.txt,180,v056,1,64,36,167000,6119000,315000,96000,536000,63260000,70493000,70566000,5570036374208619209
0,0025.txt,177,v055,1,64,57,101000,3125000,221000,79000,570000,32595000,36691000,36742000,12521612584225577690
0,0025.txt,177,v056,0,64,57,110000,3514000,210000,88000,580000,33160000,37662000,37724000,12521612584225577690
0,0026.txt,256,v055,0,64,46,218000,7561000,410000,146000,1007000,43477000,52819000,52872000,8870076843888318843
0,0026.txt,256,v056,1,64,46,213000,8462000,420000,149000,1015000,43831000,54090000,54183000,8870076843888318843
0,0027.txt,113,v055,1,64,30,303000,5123000,239000,87000,327000,56468000,62547000,62592000,12262402835451245322
0,0027.txt,113,v056,0,64,30,291000,5277000,225000,86000,333000,57320000,63532000,63597000,12262402835451245322
0,0028.txt,234,v055,0,64,48,587000,16398000,914000,335000,714000,65303000,84251000,84367000,14147868367880295846
0,0028.txt,234,v056,1,64,48,576000,16337000,858000,313000,714000,65020000,83818000,83935000,14147868367880295846
0,0029.txt,273,v055,1,64,46,856000,23911000,736000,341000,1047000,68249000,95140000,95241000,9699230532889559425
0,0029.txt,273,v056,0,64,46,859000,24327000,723000,331000,1015000,68163000,95418000,95501000,9699230532889559425
0,0030.txt,248,v055,0,64,47,1260000,19193000,1503000,509000,613000,39825000,62903000,62983000,5013100668756870763
0,0030.txt,248,v056,1,64,47,1158000,20367000,1505000,517000,599000,40082000,64228000,64412000,5013100668756870763
0,0031.txt,153,v055,1,64,49,228000,11073000,386000,140000,607000,44991000,57425000,57607000,3915087852050672582
0,0031.txt,153,v056,0,64,49,240000,11455000,374000,133000,628000,44554000,57384000,57492000,3915087852050672582
0,0032.txt,210,v055,0,64,32,302000,10470000,319000,124000,903000,99117000,111235000,111391000,8315965392081282871
0,0032.txt,210,v056,1,64,32,307000,10599000,306000,121000,899000,98541000,110773000,110909000,8315965392081282871
0,0033.txt,144,v055,1,64,53,398000,13162000,398000,167000,515000,68592000,83232000,83335000,11373778343893457680
0,0033.txt,144,v056,0,64,53,399000,13494000,389000,169000,517000,68398000,83366000,83526000,11373778343893457680
0,0034.txt,285,v055,0,64,50,1147000,24733000,1631000,587000,764000,33939000,62801000,62981000,15339262967217878099
0,0034.txt,285,v056,1,64,50,1163000,25407000,1530000,560000,687000,34505000,63852000,63977000,15339262967217878099
0,0035.txt,106,v055,1,48,34,70000,2713000,167000,54000,254000,28154000,31412000,31486000,6315367975138848173
0,0035.txt,106,v056,0,48,34,75000,2872000,152000,55000,266000,28998000,32418000,32477000,6315367975138848173
0,0036.txt,186,v055,0,64,53,731000,20482000,587000,282000,621000,190010000,212713000,212982000,9115942500696969956
0,0036.txt,186,v056,1,64,53,728000,20862000,553000,266000,602000,189504000,212515000,212738000,9115942500696969956
0,0037.txt,276,v055,1,64,47,578000,13720000,823000,319000,827000,51098000,67365000,67485000,3260472156651201571
0,0037.txt,276,v056,0,64,47,577000,14504000,843000,324000,855000,49535000,66638000,66882000,3260472156651201571
0,0038.txt,169,v055,0,64,43,250000,6777000,343000,120000,498000,37538000,45526000,45611000,16549015918030132524
0,0038.txt,169,v056,1,64,43,254000,7198000,316000,119000,563000,37056000,45506000,45569000,16549015918030132524
0,0039.txt,252,v055,1,64,33,174000,6595000,273000,94000,817000,211768000,219721000,220151000,2624865848341593540
0,0039.txt,252,v056,0,64,33,170000,6934000,263000,99000,813000,210646000,218925000,219184000,2624865848341593540
0,0040.txt,195,v055,0,64,53,159000,9743000,571000,186000,575000,41250000,52484000,52551000,7889689243462111053
0,0040.txt,195,v056,1,64,53,153000,10114000,542000,169000,578000,41780000,53336000,53385000,7889689243462111053
0,0041.txt,141,v055,1,64,56,226000,6914000,295000,122000,466000,37211000,45234000,45296000,8705311096240595613
0,0041.txt,141,v056,0,64,56,227000,7323000,284000,102000,434000,37346000,45716000,45781000,8705311096240595613
0,0042.txt,350,v055,0,64,45,1138000,33511000,1094000,458000,916000,124575000,161692000,161813000,2966106535726032211
0,0042.txt,350,v056,1,64,45,1127000,34202000,1069000,491000,941000,125147000,162977000,163184000,2966106535726032211
0,0043.txt,152,v055,1,64,25,267000,7128000,302000,103000,509000,58921000,67230000,67285000,10383538881002181269
0,0043.txt,152,v056,0,64,25,266000,7690000,295000,92000,502000,58401000,67246000,67358000,10383538881002181269
0,0044.txt,189,v055,0,64,51,444000,13958000,636000,221000,783000,42634000,58676000,58809000,11746968691344160114
0,0044.txt,189,v056,1,64,51,442000,14186000,605000,214000,793000,42252000,58492000,58567000,11746968691344160114
0,0045.txt,182,v055,1,64,42,626000,9002000,477000,200000,478000,39638000,50421000,50501000,8042225122249429818
0,0045.txt,182,v056,0,64,42,648000,9255000,448000,209000,576000,38391000,49527000,49663000,8042225122249429818
0,0046.txt,119,v055,0,64,42,386000,9542000,366000,131000,344000,28881000,39650000,39757000,8912149879481772922
0,0046.txt,119,v056,1,64,42,386000,9602000,336000,123000,342000,31593000,42382000,44036000,8912149879481772922
0,0047.txt,234,v055,1,64,46,1111000,27843000,1052000,386000,851000,61119000,92362000,92595000,540750150729514273
0,0047.txt,234,v056,0,64,46,1149000,27798000,1020000,384000,994000,61919000,93264000,94547000,540750150729514273
0,0048.txt,171,v055,0,64,56,933000,15028000,718000,273000,513000,58425000,75890000,75947000,8898938944784872293
0,0048.txt,171,v056,1,64,56,917000,15677000,694000,277000,532000,58649000,76746000,76873000,8898938944784872293
0,0049.txt,177,v055,1,64,57,724000,17083000,567000,268000,518000,55111000,74271000,74347000,6129627318974663299
0,0049.txt,177,v056,0,64,57,698000,17490000,530000,242000,523000,55104000,74587000,74658000,6129627318974663299
0,0050.txt,114,v055,0,64,40,251000,7144000,348000,121000,346000,41766000,49976000,50030000,7404888229228437290
0,0050.txt,114,v056,1,64,40,259000,7283000,332000,109000,346000,43255000,51584000,51719000,7404888229228437290
0,0051.txt,156,v055,1,64,50,262000,7334000,373000,131000,469000,54888000,63457000,63557000,2731687730261621710
0,0051.txt,156,v056,0,64,50,258000,7667000,357000,127000,479000,54706000,63594000,63735000,2731687730261621710
0,0052.txt,224,v055,0,64,41,440000,12282000,490000,186000,619000,108983000,123000000,123088000,10010023486144790586
0,0052.txt,224,v056,1,64,41,443000,12581000,475000,189000,619000,108735000,123042000,123128000,10010023486144790586
0,0053.txt,162,v055,1,64,60,250000,7741000,473000,182000,511000,44612000,53769000,53823000,9845802523960628012
0,0053.txt,162,v056,0,64,60,245000,8422000,467000,164000,512000,42457000,52267000,52330000,9845802523960628012
0,0054.txt,235,v055,0,64,32,736000,18749000,643000,251000,805000,31315000,52499000,52550000,8447118323873371613
0,0054.txt,235,v056,1,64,32,728000,19123000,625000,246000,822000,31343000,52887000,52951000,8447118323873371613
0,0055.txt,286,v055,1,64,35,1222000,27453000,676000,302000,1016000,76977000,107646000,107768000,11533583684390915798
0,0055.txt,286,v056,0,64,35,1203000,27375000,638000,299000,965000,77174000,107654000,107765000,11533583684390915798
0,0056.txt,193,v055,0,64,39,470000,11587000,476000,191000,581000,63779000,77084000,77180000,1242787652055414265
0,0056.txt,193,v056,1,64,39,473000,11951000,460000,172000,573000,63528000,77157000,77230000,1242787652055414265
0,0057.txt,239,v055,1,64,54,799000,18587000,891000,331000,763000,61262000,82633000,82743000,9009611972586096755
0,0057.txt,239,v056,0,64,54,857000,19278000,875000,368000,780000,60810000,82968000,83050000,9009611972586096755
0,0058.txt,225,v055,0,64,35,586000,17528000,698000,261000,622000,96977000,116672000,116929000,9489166609703044991
0,0058.txt,225,v056,1,64,35,590000,17485000,645000,253000,614000,96481000,116068000,116174000,9489166609703044991
0,0059.txt,179,v055,1,64,48,108000,4636000,239000,83000,823000,35354000,41243000,41377000,11940462588535546885
0,0059.txt,179,v056,0,64,48,115000,4963000,222000,81000,829000,35207000,41417000,41511000,11940462588535546885
0,0060.txt,197,v055,0,64,37,235000,10305000,446000,148000,547000,36379000,48060000,48210000,2284706829366959548
0,0060.txt,197,v056,1,64,37,226000,10734000,402000,139000,557000,35800000,47858000,47966000,2284706829366959548
0,0061.txt,171,v055,1,64,44,688000,16606000,771000,293000,311000,31284000,49953000,50062000,1378591167984923730
0,0061.txt,171,v056,0,64,44,692000,16797000,747000,316000,324000,31315000,50191000,50322000,1378591167984923730
0,0062.txt,197,v055,0,64,40,485000,11810000,398000,166000,658000,80838000,94355000,94473000,9739813166833192039
0,0062.txt,197,v056,1,64,40,486000,12066000,378000,161000,646000,80919000,94656000,94806000,9739813166833192039
0,0063.txt,228,v055,1,64,43,554000,16132000,791000,297000,676000,75010000,93460000,93613000,15701388375862983760
0,0063.txt,228,v056,0,64,43,531000,16923000,779000,297000,671000,75545000,94746000,94981000,15701388375862983760
0,0064.txt,203,v055,0,64,52,392000,8420000,703000,245000,637000,32864000,43261000,43448000,10978536969957682288
0,0064.txt,203,v056,1,64,52,393000,8895000,678000,240000,630000,32766000,43602000,43702000,10978536969957682288
0,0065.txt,185,v055,1,64,43,190000,8335000,483000,138000,586000,51360000,61092000,61283000,2692879391604841810
0,0065.txt,185,v056,0,64,43,188000,8418000,433000,125000,599000,51811000,61574000,61650000,2692879391604841810
0,0066.txt,205,v055,0,64,30,930000,22473000,898000,309000,574000,55681000,80865000,80971000,3440753162604613155
0,0066.txt,205,v056,1,64,30,930000,23024000,902000,322000,594000,55758000,81530000,81711000,3440753162604613155
0,0067.txt,179,v055,1,64,37,329000,10683000,518000,177000,544000,41615000,53866000,54075000,518537980846609178
0,0067.txt,179,v056,0,64,37,329000,11135000,504000,175000,549000,40690000,53382000,53432000,518537980846609178
0,0068.txt,324,v055,0,64,51,1918000,42190000,1658000,651000,1180000,166843000,214440000,215123000,3010506433124712658
0,0068.txt,324,v056,1,64,51,1909000,42999000,1632000,651000,1164000,164243000,212598000,213069000,3010506433124712658
0,0069.txt,111,v055,1,64,50,242000,7823000,331000,128000,392000,61745000,70661000,70805000,401141176791929579
0,0069.txt,111,v056,0,64,50,240000,8425000,338000,121000,390000,61414000,70928000,71010000,401141176791929579
0,0070.txt,311,v055,0,64,31,1224000,34080000,1022000,389000,1378000,269542000,307635000,307835000,3174923369749020954
0,0070.txt,311,v056,1,64,31,1211000,35038000,1013000,394000,1303000,268711000,307670000,307837000,3174923369749020954
0,0071.txt,283,v055,1,64,51,1205000,27712000,1450000,576000,907000,222266000,254116000,254251000,18275660328933919546
0,0071.txt,283,v056,0,64,51,1198000,28613000,1399000,569000,914000,223751000,256444000,256626000,18275660328933919546
0,0072.txt,180,v055,0,64,53,143000,7215000,337000,117000,632000,105006000,113450000,113549000,12224339061634710834
0,0072.txt,180,v056,1,64,53,140000,7572000,316000,116000,617000,104230000,112991000,113081000,12224339061634710834
0,0073.txt,159,v055,1,64,56,750000,15361000,767000,284000,522000,117242000,134926000,135100000,10182950326237673119
0,0073.txt,159,v056,0,64,56,758000,15504000,713000,285000,525000,117345000,135130000,135260000,10182950326237673119
0,0074.txt,106,v055,0,64,47,221000,6352000,240000,91000,421000,47900000,55225000,55289000,1816062131706021092
0,0074.txt,106,v056,1,64,47,220000,6368000,220000,86000,415000,47739000,55048000,55123000,1816062131706021092
0,0075.txt,272,v055,1,64,35,1002000,26213000,999000,345000,738000,93139000,122436000,122547000,13103987032980397401
0,0075.txt,272,v056,0,64,35,1007000,26903000,963000,356000,815000,93376000,123420000,123496000,13103987032980397401
0,0076.txt,187,v055,0,64,48,767000,16718000,786000,283000,598000,76110000,95262000,95336000,17180050780777750190
0,0076.txt,187,v056,1,64,48,766000,17369000,750000,298000,600000,76195000,95978000,96086000,17180050780777750190
0,0077.txt,108,v055,1,64,47,172000,5145000,243000,82000,426000,79149000,85217000,85349000,16439210750581027355
0,0077.txt,108,v056,0,64,47,171000,5398000,218000,78000,418000,78234000,84517000,84590000,16439210750581027355
0,0078.txt,218,v055,0,64,39,762000,19258000,699000,275000,737000,85259000,106990000,107087000,16017285524825103905
0,0078.txt,218,v056,1,64,39,724000,19479000,667000,259000,751000,84460000,106340000,106541000,16017285524825103905
0,0079.txt,140,v055,1,64,44,88000,4501000,227000,69000,425000,48351000,53661000,53727000,6403767646850799369
0,0079.txt,140,v056,0,64,44,89000,4779000,208000,70000,435000,48350000,53931000,54042000,6403767646850799369
0,0080.txt,167,v055,0,64,48,526000,15332000,511000,191000,655000,104577000,121792000,122083000,9626972428735276528
0,0080.txt,167,v056,1,64,48,527000,15787000,485000,177000,669000,104212000,121857000,122110000,9626972428735276528
0,0081.txt,251,v055,1,64,51,1620000,43223000,1320000,497000,810000,122554000,170024000,170401000,17620279889268604133
0,0081.txt,251,v056,0,64,51,1612000,43551000,1294000,490000,809000,122307000,170063000,170452000,17620279889268604133
0,0082.txt,223,v055,0,64,39,1082000,22384000,782000,317000,758000,130682000,156005000,156402000,14011127803163096471
0,0082.txt,223,v056,1,64,39,1108000,22878000,776000,339000,719000,130257000,156077000,156489000,14011127803163096471
0,0083.txt,130,v055,1,64,39,416000,10618000,367000,147000,419000,69111000,81078000,81178000,16708713439459758159
0,0083.txt,130,v056,0,64,39,430000,11228000,347000,130000,435000,69317000,81887000,82164000,16708713439459758159
0,0084.txt,202,v055,0,64,45,1185000,25470000,863000,363000,676000,176973000,205530000,205914000,5776255337602728319
0,0084.txt,202,v056,1,64,45,1193000,25013000,817000,349000,669000,177210000,205251000,205539000,5776255337602728319
0,0085.txt,246,v055,1,64,52,390000,9464000,676000,275000,856000,33516000,45177000,45338000,3576416962009350065
0,0085.txt,246,v056,0,64,52,396000,9868000,645000,256000,848000,33693000,45706000,45773000,3576416962009350065
0,0086.txt,96,v055,0,64,42,136000,4221000,262000,78000,303000,115583000,120583000,120657000,573914775549972413
0,0086.txt,96,v056,1,64,42,140000,4430000,248000,74000,294000,114693000,119879000,119960000,573914775549972413
0,0087.txt,212,v055,1,64,54,249000,7697000,413000,164000,680000,54187000,63390000,63474000,17054705058765699979
0,0087.txt,212,v056,0,64,54,248000,8035000,393000,149000,669000,54596000,64090000,64178000,17054705058765699979
0,0088.txt,199,v055,0,64,52,363000,9397000,500000,191000,628000,63568000,74647000,74716000,11338808711507850348
0,0088.txt,199,v056,1,64,52,379000,9805000,479000,190000,628000,63707000,75188000,75251000,11338808711507850348
0,0089.txt,290,v055,1,64,41,1172000,29796000,1043000,427000,1024000,96521000,129983000,130119000,4138778922105874312
0,0089.txt,290,v056,0,64,41,1147000,30264000,1007000,410000,1000000,96078000,129906000,130007000,4138778922105874312
0,0090.txt,207,v055,0,64,36,228000,8239000,476000,149000,638000,47715000,57445000,57608000,17859897952400767448
0,0090.txt,207,v056,1,64,36,229000,8229000,418000,134000,724000,46731000,56465000,56533000,17859897952400767448
0,0091.txt,127,v055,1,64,49,240000,5367000,262000,103000,404000,28717000,35093000,35149000,12578692012870422577
0,0091.txt,127,v056,0,64,49,245000,5611000,245000,95000,467000,28813000,35476000,35540000,12578692012870422577
0,0092.txt,300,v055,0,64,24,2256000,25629000,1128000,367000,724000,73017000,103121000,103210000,4933549780794552966
0,0092.txt,300,v056,1,64,24,2274000,26453000,1132000,394000,735000,72545000,103533000,103604000,4933549780794552966
0,0093.txt,101,v055,1,64,58,118000,5567000,341000,93000,281000,31902000,38302000,38373000,2608640644662118367
0,0093.txt,101,v056,0,64,58,111000,6001000,332000,100000,280000,31650000,38474000,38540000,2608640644662118367
0,0094.txt,259,v055,0,64,59,249000,7590000,501000,177000,650000,49096000,58263000,58348000,12709919675615041441
0,0094.txt,259,v056,1,64,59,247000,8152000,470000,197000,652000,49008000,58726000,58784000,12709919675615041441
0,0095.txt,180,v055,1,64,46,848000,19562000,641000,257000,513000,55451000,77272000,77348000,5526592668055396031
0,0095.txt,180,v056,0,64,46,836000,20237000,627000,274000,520000,54855000,77349000,77409000,5526592668055396031
0,0096.txt,139,v055,0,64,62,190000,6245000,307000,104000,428000,32662000,39936000,40023000,2538599436080739106
0,0096.txt,139,v056,1,64,62,193000,6495000,276000,115000,464000,32383000,39926000,39994000,2538599436080739106
0,0097.txt,281,v055,1,64,31,1355000,38944000,1473000,454000,779000,53618000,96623000,96713000,15465399488680359742
0,0097.txt,281,v056,0,64,31,1285000,39865000,1466000,462000,774000,54059000,97911000,98011000,15465399488680359742
0,0098.txt,152,v055,0,64,55,265000,7141000,510000,161000,567000,41709000,50353000,50417000,13144959898922110880
0,0098.txt,152,v056,1,64,55,266000,7494000,481000,140000,584000,41437000,50402000,50462000,13144959898922110880
0,0099.txt,244,v055,1,64,37,502000,11637000,550000,179000,763000,167469000,181100000,181275000,12651571196149036617
0,0099.txt,244,v056,0,64,37,491000,12294000,543000,177000,805000,167037000,181347000,181445000,12651571196149036617
1,0000.txt,104,v055,1,37,37,73000,1157000,110000,39000,334000,17882000,19595000,19671000,651502957109634443
1,0000.txt,104,v056,0,37,37,73000,1248000,99000,33000,444000,18004000,19901000,20011000,651502957109634443
1,0001.txt,152,v055,0,64,50,169000,8740000,348000,121000,526000,55602000,65506000,65719000,4933058971047106250
1,0001.txt,152,v056,1,64,50,164000,8845000,326000,111000,533000,55369000,65348000,65402000,4933058971047106250
1,0002.txt,150,v055,1,64,62,226000,7586000,449000,158000,420000,30120000,38959000,39026000,976749115892701362
1,0002.txt,150,v056,0,64,62,228000,8201000,416000,143000,421000,30484000,39893000,40008000,976749115892701362
1,0003.txt,284,v055,0,64,39,200000,8131000,383000,151000,985000,73480000,83330000,83530000,14880691787312181520
1,0003.txt,284,v056,1,64,39,198000,9158000,405000,143000,999000,72653000,83556000,83634000,14880691787312181520
1,0004.txt,216,v055,1,64,36,756000,22555000,586000,233000,739000,62758000,87627000,87820000,6512735954918420511
1,0004.txt,216,v056,0,64,36,738000,23116000,547000,234000,675000,63108000,88418000,88673000,6512735954918420511
1,0005.txt,197,v055,0,64,24,1524000,36064000,1271000,370000,500000,39935000,79664000,79836000,351141178555315729
1,0005.txt,197,v056,1,64,24,1488000,35778000,1227000,341000,514000,39627000,78975000,79072000,351141178555315729
1,0006.txt,104,v055,1,64,43,305000,6467000,252000,87000,338000,15566000,23015000,23111000,5957452000684754799
1,0006.txt,104,v056,0,64,43,268000,6698000,230000,85000,312000,15446000,23039000,23088000,5957452000684754799
1,0007.txt,121,v055,0,64,52,257000,7584000,371000,137000,346000,19905000,28600000,28712000,18008135368463823583
1,0007.txt,121,v056,1,64,52,257000,7781000,314000,123000,351000,19904000,28730000,28797000,18008135368463823583
1,0008.txt,123,v055,1,64,50,253000,7630000,344000,135000,414000,31348000,40124000,40311000,5423900506180571714
1,0008.txt,123,v056,0,64,50,255000,8018000,342000,121000,399000,31246000,40381000,40465000,5423900506180571714
1,0009.txt,185,v055,0,64,57,123000,5121000,341000,119000,661000,61847000,68212000,68315000,2576477532328089130
1,0009.txt,185,v056,1,64,57,124000,5360000,317000,121000,685000,61785000,68392000,68480000,2576477532328089130
1,0010.txt,97,v055,1,64,55,114000,3558000,236000,82000,324000,25687000,30001000,30177000,7750678338596061692
1,0010.txt,97,v056,0,64,55,125000,3785000,222000,77000,323000,25007000,29539000,29631000,7750678338596061692
1,0011.txt,175,v055,0,64,38,431000,10333000,359000,144000,579000,93536000,105382000,105783000,17633475164315570031
1,0011.txt,175,v056,1,64,38,429000,11063000,358000,138000,585000,90784000,103357000,103482000,17633475164315570031
1,0012.txt,134,v055,1,64,47,251000,8822000,333000,130000,398000,37946000,47880000,48012000,3048775526160309546
1,0012.txt,134,v056,0,64,47,254000,9027000,318000,118000,405000,37950000,48072000,48131000,3048775526160309546
1,0013.txt,196,v055,0,64,56,322000,10967000,656000,272000,554000,41893000,54664000,54754000,3970836100233028945
1,0013.txt,196,v056,1,64,56,321000,11398000,612000,267000,573000,40936000,54107000,54289000,3970836100233028945
1,0014.txt,273,v055,1,64,41,1553000,36715000,930000,414000,939000,243899000,284450000,284776000,15604707923607379811
1,0014.txt,273,v056,0,64,41,1548000,37105000,923000,427000,936000,252793000,293732000,304083000,15604707923607379811
1,0015.txt,286,v055,0,64,32,2024000,36118000,1322000,489000,904000,100272000,141129000,141282000,9468913526032209481
1,0015.txt,286,v056,1,64,32,2024000,36689000,1287000,490000,815000,99893000,141198000,141284000,9468913526032209481
1,0016.txt,171,v055,1,64,41,291000,9535000,330000,116000,657000,42958000,53887000,53937000,15636719685651304257
1,0016.txt,171,v056,0,64,41,294000,10181000,306000,125000,579000,42721000,54206000,54263000,15636719685651304257
1,0017.txt,171,v055,0,64,61,874000,13921000,669000,265000,510000,65332000,81571000,81695000,16826570314351584884
1,0017.txt,171,v056,1,64,61,871000,14311000,633000,269000,518000,64861000,81463000,81545000,16826570314351584884
1,0018.txt,103,v055,1,64,46,105000,6180000,227000,78000,443000,46699000,53732000,53797000,504753219035892238
1,0018.txt,103,v056,0,64,46,105000,6735000,206000,70000,446000,46265000,53827000,53914000,504753219035892238
1,0019.txt,368,v055,0,64,45,3622000,84191000,2045000,908000,1486000,352892000,445144000,445624000,10502072735767109732
1,0019.txt,368,v056,1,64,45,3620000,83376000,2021000,906000,1509000,353199000,444631000,445007000,10502072735767109732
1,0020.txt,133,v055,1,64,54,501000,11400000,389000,164000,433000,26523000,39410000,39468000,15023914603616818157
1,0020.txt,133,v056,0,64,54,498000,11799000,380000,149000,431000,26767000,40024000,40080000,15023914603616818157
1,0021.txt,159,v055,0,64,61,107000,5893000,333000,104000,678000,38030000,45145000,45368000,2593815936161865029
1,0021.txt,159,v056,1,64,61,122000,6433000,327000,100000,740000,37190000,44912000,45073000,2593815936161865029
1,0022.txt,139,v055,1,59,49,93000,4058000,259000,77000,375000,47023000,51885000,51935000,9009703560101214494
1,0022.txt,139,v056,0,59,49,91000,4411000,246000,64000,381000,46961000,52154000,52218000,9009703560101214494
1,0023.txt,139,v055,0,64,44,136000,5529000,234000,86000,488000,99935000,106408000,106490000,3147173496848840315
1,0023.txt,139,v056,1,64,44,141000,5791000,221000,86000,490000,99968000,106697000,106834000,3147173496848840315
1,0024.txt,180,v055,1,64,36,169000,5798000,345000,111000,518000,63803000,70744000,70820000,5570036374208619209
1,0024.txt,180,v056,0,64,36,168000,6100000,321000,97000,533000,64284000,71503000,71564000,5570036374208619209
1,0025.txt,177,v055,0,64,57,101000,3125000,211000,89000,570000,32543000,36639000,36724000,12521612584225577690
1,0025.txt,177,v056,1,64,57,107000,3475000,204000,83000,585000,32715000,37169000,37233000,12521612584225577690
1,0026.txt,256,v055,1,64,46,213000,7440000,428000,157000,1002000,43624000,52864000,52938000,8870076843888318843
1,0026.txt,256,v056,0,64,46,209000,8306000,416000,142000,1010000,43515000,53598000,53657000,8870076843888318843
1,0027.txt,113,v055,0,64,30,297000,5325000,249000,84000,326000,56690000,62971000,63031000,12262402835451245322
1,0027.txt,113,v056,1,64,30,302000,5534000,237000,91000,343000,56544000,63051000,63122000,12262402835451245322
1,0028.txt,234,v055,1,64,48,589000,15639000,874000,308000,703000,65743000,83856000,83951000,14147868367880295846
1,0028.txt,234,v056,0,64,48,581000,16471000,863000,314000,714000,65372000,84315000,84420000,14147868367880295846
1,0029.txt,273,v055,0,64,46,856000,23658000,745000,337000,1042000,68390000,95028000,95136000,9699230532889559425
1,0029.txt,273,v056,1,64,46,860000,24753000,736000,340000,1043000,68811000,96543000,96744000,9699230532889559425
1,0030.txt,248,v055,1,64,47,1155000,19277000,1476000,514000,611000,39857000,62890000,62994000,5013100668756870763
1,0030.txt,248,v056,0,64,47,1155000,19864000,1477000,518000,618000,40230000,63862000,63972000,5013100668756870763
1,0031.txt,153,v055,0,64,49,225000,10930000,383000,129000,625000,44710000,57002000,57108000,3915087852050672582
1,0031.txt,153,v056,1,64,49,226000,11333000,379000,134000,616000,44459000,57147000,57277000,3915087852050672582
1,0032.txt,210,v055,1,64,32,317000,10275000,331000,113000,887000,98480000,110403000,110501000,8315965392081282871
1,0032.txt,210,v056,0,64,32,305000,10852000,315000,124000,897000,98450000,110943000,111066000,8315965392081282871
1,0033.txt,144,v055,0,64,53,398000,12709000,395000,166000,566000,68389000,82623000,82782000,11373778343893457680
1,0033.txt,144,v056,1,64,53,402000,13481000,384000,167000,516000,68998000,83948000,84079000,11373778343893457680
1,0034.txt,285,v055,1,64,50,1153000,24965000,1627000,556000,696000,33735000,62732000,62850000,15339262967217878099
1,0034.txt,285,v056,0,64,50,1151000,25780000,1587000,562000,686000,34027000,63793000,63956000,15339262967217878099
1,0035.txt,106,v055,0,48,34,71000,2664000,162000,47000,261000,28271000,31476000,31530000,6315367975138848173
1,0035.txt,106,v056,1,48,34,69000,2848000,154000,44000,255000,28317000,31687000,31814000,6315367975138848173
1,0036.txt,186,v055,1,64,53,738000,20598000,580000,276000,605000,189230000,212027000,212387000,9115942500696969956
1,0036.txt,186,v056,0,64,53,776000,20739000,560000,281000,625000,197159000,220140000,221932000,9115942500696969956
1,0037.txt,276,v055,0,64,47,599000,13633000,824000,305000,906000,49450000,65717000,65815000,3260472156651201571
1,0037.txt,276,v056,1,64,47,641000,14177000,803000,317000,838000,49438000,66214000,66291000,3260472156651201571
1,0038.txt,169,v055,1,64,43,254000,6829000,339000,130000,490000,37146000,45188000,45254000,16549015918030132524
1,0038.txt,169,v056,0,64,43,250000,7159000,321000,129000,506000,37389000,45754000,45881000,16549015918030132524
1,0039.txt,252,v055,0,64,33,173000,6494000,270000,105000,822000,212916000,220780000,221132000,2624865848341593540
1,0039.txt,252,v056,1,64,33,173000,6928000,255000,95000,897000,210689000,219037000,219263000,2624865848341593540
1,0040.txt,195,v055,1,64,53,159000,9534000,544000,190000,588000,41479000,52494000,52563000,7889689243462111053
1,0040.txt,195,v056,0,64,53,159000,10379000,550000,169000,589000,41962000,53808000,53941000,7889689243462111053
1,0041.txt,141,v055,0,64,56,222000,7241000,299000,130000,424000,37637000,45953000,46043000,8705311096240595613
1,0041.txt,141,v056,1,64,56,224000,7528000,297000,112000,428000,37203000,45792000,45866000,8705311096240595613
1,0042.txt,350,v055,1,64,45,1138000,33809000,1108000,489000,927000,125593000,163064000,163361000,2966106535726032211
1,0042.txt,350,v056,0,64,45,1139000,34774000,1095000,463000,932000,126005000,164408000,164602000,2966106535726032211
1,0043.txt,152,v055,0,64,25,262000,7139000,306000,97000,499000,58475000,66778000,66873000,10383538881002181269
1,0043.txt,152,v056,1,64,25,263000,7700000,302000,94000,495000,57751000,66605000,66678000,10383538881002181269
1,0044.txt,189,v055,1,64,51,435000,13835000,649000,240000,789000,44237000,60185000,60255000,11746968691344160114
1,0044.txt,189,v056,0,64,51,430000,14356000,625000,221000,856000,42071000,58559000,58629000,11746968691344160114
1,0045.txt,182,v055,0,64,42,622000,9008000,473000,194000,481000,38782000,49560000,49615000,8042225122249429818
1,0045.txt,182,v056,1,64,42,624000,9290000,461000,176000,492000,38304000,49347000,49409000,8042225122249429818
1,0046.txt,119,v055,1,64,42,383000,9236000,361000,128000,402000,28838000,39348000,39386000,8912149879481772922
1,0046.txt,119,v056,0,64,42,389000,9424000,341000,133000,344000,28549000,39180000,39217000,8912149879481772922
1,0047.txt,234,v055,0,64,46,1088000,27038000,997000,376000,857000,61183000,91539000,91711000,540750150729514273
1,0047.txt,234,v056,1,64,46,1087000,27178000,1001000,379000,858000,60907000,91410000,91486000,540750150729514273
1,0048.txt,171,v055,1,64,56,934000,14948000,698000,260000,514000,58388000,75742000,75825000,8898938944784872293
1,0048.txt,171,v056,0,64,56,916000,15402000,682000,312000,515000,58987000,76814000,76944000,8898938944784872293
1,0049.txt,177,v055,0,64,57,704000,17062000,553000,255000,524000,55047000,74145000,74218000,6129627318974663299
1,0049.txt,177,v056,1,64,57,706000,17245000,538000,236000,535000,55597000,74857000,74966000,6129627318974663299
1,0050.txt,114,v055,1,64,40,251000,6754000,337000,122000,354000,41517000,49335000,49391000,7404888229228437290
1,0050.txt,114,v056,0,64,40,269000,6930000,311000,106000,360000,41924000,49900000,49962000,7404888229228437290
1,0051.txt,156,v055,0,64,50,249000,7721000,377000,138000,463000,54407000,63355000,63423000,2731687730261621710
1,0051.txt,156,v056,1,64,50,251000,7959000,349000,131000,463000,54147000,63300000,63363000,2731687730261621710
1,0052.txt,224,v055,1,64,41,434000,12125000,482000,198000,625000,108695000,122559000,122665000,10010023486144790586
1,0052.txt,224,v056,0,64,41,437000,12491000,476000,190000,635000,108518000,122747000,122824000,10010023486144790586
1,0053.txt,162,v055,0,64,60,254000,7934000,459000,162000,510000,42544000,51863000,51960000,9845802523960628012
1,0053.txt,162,v056,1,64,60,245000,8132000,442000,173000,522000,42615000,52129000,52204000,9845802523960628012
1,0054.txt,235,v055,1,64,32,731000,18748000,648000,238000,817000,31388000,52570000,52634000,8447118323873371613
1,0054.txt,235,v056,0,64,32,726000,18990000,615000,235000,809000,31513000,52888000,52951000,8447118323873371613
1,0055.txt,286,v055,0,64,35,1214000,27210000,661000,305000,913000,76892000,107195000,107259000,11533583684390915798
1,0055.txt,286,v056,1,64,35,1215000,27762000,645000,295000,951000,78409000,109277000,109459000,11533583684390915798
1,0056.txt,193,v055,1,64,39,474000,11724000,464000,170000,571000,64226000,77629000,77845000,1242787652055414265
1,0056.txt,193,v056,0,64,39,471000,12204000,455000,177000,583000,64127000,78017000,78216000,1242787652055414265
1,0057.txt,239,v055,0,64,54,802000,18809000,898000,350000,774000,61985000,83618000,83807000,9009611972586096755
1,0057.txt,239,v056,1,64,54,815000,19489000,882000,364000,767000,61197000,83514000,83699000,9009611972586096755
1,0058.txt,225,v055,1,64,35,601000,17371000,686000,252000,627000,96495000,116032000,116212000,9489166609703044991
1,0058.txt,225,v056,0,64,35,586000,17831000,665000,278000,622000,96978000,116960000,117144000,9489166609703044991
1,0059.txt,179,v055,0,64,48,107000,4447000,230000,82000,828000,35128000,40822000,40880000,11940462588535546885
1,0059.txt,179,v056,1,64,48,109000,4853000,219000,82000,853000,35300000,41416000,41467000,11940462588535546885
1,0060.txt,197,v055,1,64,37,225000,9808000,407000,150000,550000,35828000,46968000,47052000,2284706829366959548
1,0060.txt,197,v056,0,64,37,224000,10416000,394000,137000,549000,36363000,48083000,48253000,2284706829366959548
1,0061.txt,171,v055,0,64,44,688000,16922000,779000,295000,313000,31657000,50654000,50759000,1378591167984923730
1,0061.txt,171,v056,1,64,44,688000,16711000,727000,293000,311000,31307000,50037000,50217000,1378591167984923730
1,0062.txt,197,v055,1,64,40,488000,11987000,406000,175000,712000,81095000,94863000,95040000,9739813166833192039
1,0062.txt,197,v056,0,64,40,481000,12323000,381000,164000,652000,81195000,95196000,95342000,9739813166833192039
1,0063.txt,228,v055,0,64,43,530000,16355000,786000,278000,652000,74731000,93332000,93504000,15701388375862983760
1,0063.txt,228,v056,1,64,43,532000,17546000,790000,282000,686000,76452000,96288000,97105000,15701388375862983760
1,0064.txt,203,v055,1,64,52,407000,8923000,731000,262000,659000,33647000,44629000,44819000,10978536969957682288
1,0064.txt,203,v056,0,64,52,395000,8684000,668000,260000,653000,33248000,43908000,44048000,10978536969957682288
1,0065.txt,185,v055,0,64,43,188000,8345000,482000,125000,605000,51939000,61684000,61901000,2692879391604841810
1,0065.txt,185,v056,1,64,43,188000,8497000,452000,133000,588000,51527000,61385000,61559000,2692879391604841810
1,0066.txt,205,v055,1,64,30,938000,22621000,884000,298000,580000,55772000,81093000,81277000,3440753162604613155
1,0066.txt,205,v056,0,64,30,941000,22876000,903000,319000,582000,55964000,81585000,81757000,3440753162604613155
1,0067.txt,179,v055,0,64,37,329000,10621000,516000,176000,562000,42431000,54635000,54778000,518537980846609178
1,0067.txt,179,v056,1,64,37,326000,11360000,504000,158000,547000,40675000,53570000,53686000,518537980846609178
1,0068.txt,324,v055,1,64,51,1908000,41577000,1646000,629000,1146000,163111000,210017000,210127000,3010506433124712658
1,0068.txt,324,v056,0,64,51,1911000,42029000,1606000,646000,1163000,162666000,210021000,210198000,3010506433124712658
1,0069.txt,111,v055,0,64,50,252000,7825000,348000,126000,396000,61388000,70335000,70432000,401141176791929579
1,0069.txt,111,v056,1,64,50,238000,8071000,308000,126000,377000,61051000,70171000,70244000,401141176791929579
1,0070.txt,311,v055,1,64,31,1240000,34686000,1044000,394000,1280000,271183000,309827000,310069000,3174923369749020954
1,0070.txt,311,v056,0,64,31,1220000,35327000,1000000,387000,1310000,269186000,308430000,308584000,3174923369749020954
1,0071.txt,283,v055,0,64,51,1214000,27055000,1440000,572000,905000,223635000,254821000,255168000,18275660328933919546
1,0071.txt,283,v056,1,64,51,1275000,27967000,1410000,650000,996000,223037000,255335000,255556000,18275660328933919546
1,0072.txt,180,v055,1,64,53,153000,7448000,350000,113000,544000,104952000,113560000,113651000,12224339061634710834
1,0072.txt,180,v056,0,64,53,142000,7878000,313000,121000,545000,104229000,113228000,113339000,12224339061634710834
1,0073.txt,159,v055,0,64,56,755000,15132000,753000,271000,523000,117433000,134867000,134963000,10182950326237673119
1,0073.txt,159,v056,1,64,56,755000,15323000,709000,260000,520000,117418000,134985000,135089000,10182950326237673119
1,0074.txt,106,v055,1,64,47,221000,6342000,246000,92000,416000,48148000,55465000,55598000,1816062131706021092
1,0074.txt,106,v056,0,64,47,233000,6298000,222000,89000,413000,47924000,55179000,55235000,1816062131706021092
1,0075.txt,272,v055,0,64,35,1010000,26545000,1034000,352000,730000,93509000,123180000,123269000,13103987032980397401
1,0075.txt,272,v056,1,64,35,993000,27326000,974000,335000,749000,93326000,123703000,123792000,13103987032980397401
1,0076.txt,187,v055,1,64,48,765000,16504000,798000,275000,598000,78118000,97058000,97208000,17180050780777750190
1,0076.txt,187,v056,0,64,48,778000,17062000,746000,308000,598000,76113000,95605000,95674000,17180050780777750190
1,0077.txt,108,v055,0,64,47,172000,5366000,250000,79000,422000,78996000,85285000,85392000,16439210750581027355
1,0077.txt,108,v056,1,64,47,188000,5440000,221000,71000,422000,78401000,84743000,84921000,16439210750581027355
1,0078.txt,218,v055,1,64,39,742000,19130000,697000,265000,730000,85001000,106565000,106739000,16017285524825103905
1,0078.txt,218,v056,0,64,39,749000,19625000,689000,290000,751000,84830000,106934000,107040000,16017285524825103905
1,0079.txt,140,v055,0,64,44,88000,4683000,218000,69000,434000,48824000,54316000,54483000,6403767646850799369
1,0079.txt,140,v056,1,64,44,89000,4776000,209000,72000,450000,48495000,54091000,54212000,6403767646850799369
1,0080.txt,167,v055,1,64,48,525000,15394000,503000,194000,652000,105657000,122925000,123319000,9626972428735276528
1,0080.txt,167,v056,0,64,48,534000,16093000,489000,188000,644000,104558000,122506000,122822000,9626972428735276528
1,0081.txt,251,v055,0,64,51,1612000,43292000,1318000,484000,808000,124656000,172170000,172750000,17620279889268604133
1,0081.txt,251,v056,1,64,51,1639000,44366000,1318000,506000,809000,123208000,171846000,172221000,17620279889268604133
1,0082.txt,223,v055,1,64,39,1105000,23322000,837000,335000,758000,131043000,157400000,157847000,14011127803163096471
1,0082.txt,223,v056,0,64,39,1102000,22642000,767000,314000,733000,133303000,158861000,165433000,14011127803163096471
1,0083.txt,130,v055,0,64,39,407000,10926000,359000,134000,414000,69214000,81454000,81645000,16708713439459758159
1,0083.txt,130,v056,1,64,39,409000,11015000,344000,151000,433000,68729000,81081000,81173000,16708713439459758159
1,0084.txt,202,v055,1,64,45,1184000,24731000,873000,351000,653000,176610000,204402000,204516000,5776255337602728319
1,0084.txt,202,v056,0,64,45,1181000,25270000,827000,372000,654000,177403000,205707000,206062000,5776255337602728319
1,0085.txt,246,v055,0,64,52,383000,9552000,665000,251000,832000,35556000,47239000,47307000,3576416962009350065
1,0085.txt,246,v056,1,64,52,385000,9825000,639000,262000,844000,33590000,45545000,45613000,3576416962009350065
1,0086.txt,96,v055,1,64,42,136000,4252000,267000,83000,304000,115493000,120535000,120607000,573914775549972413
1,0086.txt,96,v056,0,64,42,136000,4415000,243000,74000,309000,114952000,120129000,120232000,573914775549972413
1,0087.txt,212,v055,0,64,54,261000,7720000,406000,150000,681000,54630000,63848000,63899000,17054705058765699979
1,0087.txt,212,v056,1,64,54,246000,8041000,375000,150000,733000,54552000,64097000,64177000,17054705058765699979
1,0088.txt,199,v055,1,64,52,373000,9350000,509000,198000,634000,63766000,74830000,74914000,11338808711507850348
1,0088.txt,199,v056,0,64,52,365000,9576000,469000,187000,632000,64396000,75625000,75710000,11338808711507850348
1,0089.txt,290,v055,0,64,41,1175000,29669000,1013000,409000,986000,96256000,129508000,129604000,4138778922105874312
1,0089.txt,290,v056,1,64,41,1167000,30093000,1016000,417000,1045000,96596000,130334000,130438000,4138778922105874312
1,0090.txt,207,v055,1,64,36,219000,7734000,440000,144000,621000,46923000,56081000,56126000,17859897952400767448
1,0090.txt,207,v056,0,64,36,213000,8461000,436000,138000,637000,46510000,56395000,56451000,17859897952400767448
1,0091.txt,127,v055,0,64,49,246000,5454000,270000,104000,401000,28657000,35132000,35194000,12578692012870422577
1,0091.txt,127,v056,1,64,49,242000,5595000,248000,100000,402000,28768000,35355000,35401000,12578692012870422577
1,0092.txt,300,v055,1,64,24,2243000,25836000,1156000,373000,733000,72857000,103198000,103279000,4933549780794552966
1,0092.txt,300,v056,0,64,24,2243000,26413000,1117000,375000,760000,72498000,103406000,103484000,4933549780794552966
1,0093.txt,101,v055,0,64,58,110000,5883000,360000,90000,280000,31914000,38637000,38727000,2608640644662118367
1,0093.txt,101,v056,1,64,58,111000,5809000,316000,84000,290000,31671000,38281000,38345000,2608640644662118367
1,0094.txt,259,v055,1,64,59,246000,7677000,485000,178000,646000,49192000,58424000,58507000,12709919675615041441
1,0094.txt,259,v056,0,64,59,248000,8201000,476000,178000,648000,49829000,59580000,59662000,12709919675615041441
1,0095.txt,180,v055,0,64,46,859000,20176000,661000,282000,531000,55525000,78034000,78143000,5526592668055396031
1,0095.txt,180,v056,1,64,46,844000,20240000,620000,275000,543000,55579000,78101000,78222000,5526592668055396031
1,0096.txt,139,v055,1,64,62,192000,6247000,306000,113000,442000,32527000,39827000,39908000,2538599436080739106
1,0096.txt,139,v056,0,64,62,201000,6661000,277000,108000,465000,33340000,41052000,41141000,2538599436080739106
1,0097.txt,281,v055,0,64,31,1322000,39108000,1519000,480000,749000,54085000,97263000,97348000,15465399488680359742
1,0097.txt,281,v056,1,64,31,1300000,39716000,1480000,450000,815000,54022000,97783000,97855000,15465399488680359742
1,0098.txt,152,v055,1,64,55,264000,7199000,515000,156000,583000,42834000,51551000,51639000,13144959898922110880
1,0098.txt,152,v056,0,64,55,267000,7523000,486000,134000,582000,43332000,52324000,52392000,13144959898922110880
1,0099.txt,244,v055,0,64,37,495000,11852000,556000,192000,760000,167016000,180871000,180978000,12651571196149036617
1,0099.txt,244,v056,1,64,37,495000,12509000,541000,184000,770000,168312000,182811000,183156000,12651571196149036617
2,0000.txt,104,v055,0,37,37,78000,1169000,113000,36000,347000,17559000,19302000,19339000,651502957109634443
2,0000.txt,104,v056,1,37,37,67000,1213000,105000,42000,326000,18283000,20036000,20061000,651502957109634443
2,0001.txt,152,v055,1,64,50,167000,8033000,349000,123000,529000,55898000,65099000,65239000,4933058971047106250
2,0001.txt,152,v056,0,64,50,167000,9225000,340000,116000,546000,56080000,66474000,66705000,4933058971047106250
2,0002.txt,150,v055,0,64,62,227000,7681000,439000,160000,419000,30104000,39030000,39094000,976749115892701362
2,0002.txt,150,v056,1,64,62,230000,8418000,420000,158000,434000,30298000,39958000,40177000,976749115892701362
2,0003.txt,284,v055,1,64,39,205000,8205000,390000,149000,1062000,73212000,83223000,83424000,14880691787312181520
2,0003.txt,284,v056,0,64,39,200000,9039000,387000,146000,1010000,73093000,83875000,83985000,14880691787312181520
2,0004.txt,216,v055,0,64,36,741000,22255000,583000,276000,685000,62826000,87366000,87515000,6512735954918420511
2,0004.txt,216,v056,1,64,36,742000,22950000,557000,246000,683000,62819000,87997000,88182000,6512735954918420511
2,0005.txt,197,v055,1,64,24,1514000,35808000,1294000,356000,503000,39520000,78995000,79111000,351141178555315729
2,0005.txt,197,v056,0,64,24,1510000,36166000,1250000,345000,534000,39672000,79477000,79652000,351141178555315729
2,0006.txt,104,v055,0,64,43,274000,6534000,255000,93000,325000,15495000,22976000,23049000,5957452000684754799
2,0006.txt,104,v056,1,64,43,269000,6688000,246000,89000,318000,15507000,23117000,23237000,5957452000684754799
2,0007.txt,121,v055,1,64,52,262000,7303000,329000,111000,347000,20111000,28463000,28523000,18008135368463823583
2,0007.txt,121,v056,0,64,52,259000,7510000,317000,117000,340000,20239000,28782000,28852000,18008135368463823583
2,0008.txt,123,v055,0,64,50,276000,7752000,342000,120000,437000,31461000,40388000,40490000,5423900506180571714
2,0008.txt,123,v056,1,64,50,257000,8226000,353000,131000,405000,31481000,40853000,40974000,5423900506180571714
2,0009.txt,185,v055,1,64,57,124000,5055000,344000,126000,658000,62081000,68388000,68518000,2576477532328089130
2,0009.txt,185,v056,0,64,57,122000,5354000,315000,107000,664000,61962000,68524000,68658000,2576477532328089130
2,0010.txt,97,v055,0,64,55,113000,3791000,247000,81000,328000,24716000,29276000,29402000,7750678338596061692
2,0010.txt,97,v056,1,64,55,116000,3932000,228000,76000,321000,24608000,29281000,29396000,7750678338596061692
2,0011.txt,175,v055,1,64,38,450000,10227000,368000,127000,631000,90520000,102323000,102438000,17633475164315570031
2,0011.txt,175,v056,0,64,38,433000,10618000,340000,133000,586000,91659000,103769000,103872000,17633475164315570031
2,0012.txt,134,v055,0,64,47,250000,8806000,330000,127000,403000,38116000,48032000,48117000,3048775526160309546
2,0012.txt,134,v056,1,64,47,250000,9532000,344000,139000,426000,37659000,48350000,48538000,3048775526160309546
2,0013.txt,196,v055,1,64,56,324000,11228000,655000,267000,564000,40943000,53981000,54057000,3970836100233028945
2,0013.txt,196,v056,0,64,56,320000,11736000,637000,239000,542000,41083000,54557000,54649000,3970836100233028945
2,0014.txt,273,v055,0,64,41,1570000,37052000,926000,416000,852000,244152000,284968000,285691000,15604707923607379811
2,0014.txt,273,v056,1,64,41,1562000,36962000,931000,417000,852000,245227000,285951000,286254000,15604707923607379811
2,0015.txt,286,v055,1,64,32,2068000,36085000,1329000,529000,831000,100381000,141223000,141337000,9468913526032209481
2,0015.txt,286,v056,0,64,32,2134000,36146000,1295000,482000,821000,100952000,141830000,141930000,9468913526032209481
2,0016.txt,171,v055,0,64,41,292000,9929000,339000,126000,576000,43099000,54361000,54405000,15636719685651304257
2,0016.txt,171,v056,1,64,41,292000,9964000,317000,132000,583000,43785000,55073000,55146000,15636719685651304257
2,0017.txt,171,v055,1,64,61,884000,13867000,672000,297000,510000,65384000,81614000,81686000,16826570314351584884
2,0017.txt,171,v056,0,64,61,874000,14622000,648000,278000,516000,65281000,82219000,82314000,16826570314351584884
2,0018.txt,103,v055,0,64,46,104000,6236000,219000,76000,437000,46854000,53926000,53999000,504753219035892238
2,0018.txt,103,v056,1,64,46,106000,6653000,210000,73000,449000,46366000,53857000,53935000,504753219035892238
2,0019.txt,368,v055,1,64,45,3640000,84314000,2051000,902000,1516000,352895000,445318000,445617000,10502072735767109732
2,0019.txt,368,v056,0,64,45,3651000,83783000,2021000,904000,1678000,352406000,444443000,444791000,10502072735767109732
2,0020.txt,133,v055,0,64,54,505000,11520000,388000,175000,431000,27240000,40259000,40365000,15023914603616818157
2,0020.txt,133,v056,1,64,54,494000,11784000,371000,159000,434000,26614000,39856000,39967000,15023914603616818157
2,0021.txt,159,v055,1,64,61,108000,5937000,348000,98000,652000,37129000,44272000,44348000,2593815936161865029
2,0021.txt,159,v056,0,64,61,104000,6419000,339000,89000,625000,36691000,44267000,44359000,2593815936161865029
2,0022.txt,139,v055,0,59,49,91000,4055000,263000,82000,364000,47203000,52058000,52101000,9009703560101214494
2,0022.txt,139,v056,1,59,49,90000,4349000,252000,71000,376000,46632000,51770000,51839000,9009703560101214494
2,0023.txt,139,v055,1,64,44,137000,5517000,245000,81000,494000,99329000,105803000,105868000,3147173496848840315
2,0023.txt,139,v056,0,64,44,138000,5914000,230000,76000,496000,99290000,106144000,106237000,3147173496848840315
2,0024.txt,180,v055,0,64,36,170000,5847000,342000,110000,526000,63647000,70642000,70783000,5570036374208619209
2,0024.txt,180,v056,1,64,36,170000,6131000,328000,96000,537000,63849000,71111000,71182000,5570036374208619209
2,0025.txt,177,v055,1,64,57,100000,3087000,224000,83000,577000,32532000,36603000,36668000,12521612584225577690
2,0025.txt,177,v056,0,64,57,105000,3478000,205000,84000,623000,32372000,36867000,36927000,12521612584225577690
2,0026.txt,256,v055,0,64,46,212000,7402000,419000,154000,994000,43683000,52864000,52954000,8870076843888318843
2,0026.txt,256,v056,1,64,46,216000,8467000,421000,154000,1043000,43817000,54118000,54202000,8870076843888318843
2,0027.txt,113,v055,1,64,30,301000,5093000,246000,92000,333000,57049000,63114000,63189000,12262402835451245322
2,0027.txt,113,v056,0,64,30,307000,5236000,221000,87000,360000,57016000,63227000,63283000,12262402835451245322
2,0028.txt,234,v055,0,64,48,589000,15843000,884000,320000,715000,67621000,85972000,86159000,14147868367880295846
2,0028.txt,234,v056,1,64,48,583000,16585000,863000,321000,701000,65571000,84624000,84718000,14147868367880295846
2,0029.txt,273,v055,1,64,46,864000,23803000,748000,325000,1045000,68738000,95523000,95743000,9699230532889559425
2,0029.txt,273,v056,0,64,46,897000,24412000,721000,332000,1032000,68605000,95999000,96165000,9699230532889559425
2,0030.txt,248,v055,0,64,47,1159000,19255000,1513000,520000,615000,40033000,63095000,63202000,5013100668756870763
2,0030.txt,248,v056,1,64,47,1159000,20071000,1461000,517000,608000,40203000,64019000,64229000,5013100668756870763
2,0031.txt,153,v055,1,64,49,234000,10847000,375000,147000,663000,44727000,56993000,57116000,3915087852050672582
2,0031.txt,153,v056,0,64,49,235000,11588000,369000,135000,638000,44563000,57528000,57621000,3915087852050672582
2,0032.txt,210,v055,0,64,32,302000,10310000,318000,115000,903000,98881000,110829000,110968000,8315965392081282871
2,0032.txt,210,v056,1,64,32,303000,10854000,313000,121000,917000,98658000,111166000,111384000,8315965392081282871
2,0033.txt,144,v055,1,64,53,400000,12845000,409000,170000,580000,68869000,83273000,83394000,11373778343893457680
2,0033.txt,144,v056,0,64,53,394000,13201000,389000,162000,539000,68930000,83615000,83722000,11373778343893457680
2,0034.txt,285,v055,0,64,50,1174000,24917000,1617000,568000,698000,34026000,63000000,63163000,15339262967217878099
2,0034.txt,285,v056,1,64,50,1142000,25486000,1563000,540000,680000,34274000,63685000,63993000,15339262967217878099
2,0035.txt,106,v055,1,48,34,69000,2722000,164000,49000,263000,28258000,31525000,31563000,6315367975138848173
2,0035.txt,106,v056,0,48,34,74000,2930000,187000,53000,260000,28139000,31643000,31721000,6315367975138848173
2,0036.txt,186,v055,0,64,53,726000,20648000,581000,259000,599000,190557000,213370000,213616000,9115942500696969956
2,0036.txt,186,v056,1,64,53,733000,20900000,575000,256000,601000,189943000,213008000,213272000,9115942500696969956
2,0037.txt,276,v055,1,64,47,611000,14038000,838000,331000,833000,49498000,66149000,66253000,3260472156651201571
2,0037.txt,276,v056,0,64,47,579000,14468000,814000,321000,848000,50298000,67328000,67726000,3260472156651201571
2,0038.txt,169,v055,0,64,43,247000,6817000,348000,139000,496000,37156000,45203000,45280000,16549015918030132524
2,0038.txt,169,v056,1,64,43,249000,7213000,327000,118000,480000,37062000,45449000,45506000,16549015918030132524
2,0039.txt,252,v055,1,64,33,168000,6493000,282000,99000,825000,211892000,219759000,219908000,2624865848341593540
2,0039.txt,252,v056,0,64,33,171000,7216000,271000,101000,832000,210779000,219370000,219509000,2624865848341593540
2,0040.txt,195,v055,0,64,53,153000,9851000,563000,174000,581000,42431000,53753000,53958000,7889689243462111053
2,0040.txt,195,v056,1,64,53,153000,10040000,535000,168000,595000,41329000,52820000,52878000,7889689243462111053
2,0041.txt,141,v055,1,64,56,227000,7073000,310000,118000,420000,37958000,46106000,46178000,8705311096240595613
2,0041.txt,141,v056,0,64,56,225000,7584000,303000,118000,436000,37613000,46279000,46370000,8705311096240595613
2,0042.txt,350,v055,0,64,45,1194000,33859000,1105000,472000,951000,124708000,162289000,162433000,2966106535726032211
2,0042.txt,350,v056,1,64,45,1138000,35010000,1092000,491000,1024000,127439000,166194000,166604000,2966106535726032211
2,0043.txt,152,v055,1,64,25,273000,7634000,328000,101000,503000,58930000,67769000,67894000,10383538881002181269
2,0043.txt,152,v056,0,64,25,285000,8156000,326000,109000,502000,61530000,70908000,78286000,10383538881002181269
2,0044.txt,189,v055,0,64,51,437000,13827000,656000,243000,811000,42785000,58759000,58812000,11746968691344160114
2,0044.txt,189,v056,1,64,51,432000,14624000,628000,218000,787000,42629000,59318000,59463000,11746968691344160114
2,0045.txt,182,v055,1,64,42,621000,8998000,477000,204000,569000,38464000,49333000,49398000,8042225122249429818
2,0045.txt,182,v056,0,64,42,621000,9593000,460000,191000,489000,38059000,49413000,49513000,8042225122249429818
2,0046.txt,119,v055,0,64,42,383000,9319000,368000,136000,346000,28995000,39547000,39613000,8912149879481772922
2,0046.txt,119,v056,1,64,42,393000,9609000,341000,137000,349000,30152000,40981000,41031000,8912149879481772922
2,0047.txt,234,v055,1,64,46,1079000,26856000,1009000,389000,851000,61356000,91540000,91614000,540750150729514273
2,0047.txt,234,v056,0,64,46,1076000,27400000,1000000,378000,864000,61038000,91756000,91847000,540750150729514273
2,0048.txt,171,v055,0,64,56,913000,15379000,729000,284000,521000,58602000,76428000,76484000,8898938944784872293
2,0048.txt,171,v056,1,64,56,924000,15433000,697000,298000,516000,58513000,76381000,76456000,8898938944784872293
2,0049.txt,177,v055,1,64,57,700000,17105000,541000,249000,514000,55250000,74359000,74433000,6129627318974663299
2,0049.txt,177,v056,0,64,57,709000,17564000,522000,240000,515000,55024000,74574000,74672000,6129627318974663299
2,0050.txt,114,v055,0,64,40,255000,6871000,333000,121000,348000,41970000,49898000,49978000,7404888229228437290
2,0050.txt,114,v056,1,64,40,252000,6949000,316000,108000,360000,41582000,49567000,49645000,7404888229228437290
2,0051.txt,156,v055,1,64,50,265000,7555000,363000,122000,463000,54631000,63399000,63469000,2731687730261621710
2,0051.txt,156,v056,0,64,50,261000,8015000,362000,128000,475000,54574000,63815000,63918000,2731687730261621710
2,0052.txt,224,v055,0,64,41,443000,12290000,497000,207000,617000,109572000,123626000,123739000,10010023486144790586
2,0052.txt,224,v056,1,64,41,436000,12872000,478000,215000,632000,108656000,123289000,123342000,10010023486144790586
2,0053.txt,162,v055,1,64,60,241000,8078000,468000,178000,519000,42616000,52100000,52189000,9845802523960628012
2,0053.txt,162,v056,0,64,60,245000,8098000,444000,164000,543000,42948000,52442000,52518000,9845802523960628012
2,0054.txt,235,v055,0,64,32,734000,18566000,633000,240000,870000,31434000,52477000,52549000,8447118323873371613
2,0054.txt,235,v056,1,64,32,729000,19404000,627000,244000,808000,31479000,53291000,53390000,8447118323873371613
2,0055.txt,286,v055,1,64,35,1235000,27530000,662000,304000,915000,77605000,108251000,108481000,11533583684390915798
2,0055.txt,286,v056,0,64,35,1221000,27690000,652000,292000,916000,77636000,108407000,108627000,11533583684390915798
2,0056.txt,193,v055,0,64,39,497000,11410000,474000,192000,590000,64062000,77225000,77315000,1242787652055414265
2,0056.txt,193,v056,1,64,39,474000,12068000,459000,199000,604000,63506000,77310000,77481000,1242787652055414265
2,0057.txt,239,v055,1,64,54,820000,18750000,880000,346000,845000,61466000,83107000,83219000,9009611972586096755
2,0057.txt,239,v056,0,64,54,799000,19382000,869000,328000,769000,61298000,83445000,83568000,9009611972586096755
2,0058.txt,225,v055,0,64,35,591000,17503000,665000,257000,643000,96832000,116491000,116737000,9489166609703044991
2,0058.txt,225,v056,1,64,35,594000,17918000,668000,256000,623000,97295000,117354000,117530000,9489166609703044991
2,0059.txt,179,v055,1,64,48,106000,4446000,237000,92000,822000,35418000,41121000,41167000,11940462588535546885
2,0059.txt,179,v056,0,64,48,108000,5042000,235000,77000,834000,35227000,41523000,41619000,11940462588535546885
2,0060.txt,197,v055,0,64,37,232000,10032000,425000,149000,554000,36828000,48220000,48547000,2284706829366959548
2,0060.txt,197,v056,1,64,37,226000,10565000,418000,134000,548000,35870000,47761000,47868000,2284706829366959548
2,0061.txt,171,v055,1,64,44,696000,16833000,793000,306000,333000,31507000,50468000,50672000,1378591167984923730
2,0061.txt,171,v056,0,64,44,686000,16732000,755000,288000,316000,32171000,50948000,51073000,1378591167984923730
2,0062.txt,197,v055,0,64,40,483000,11983000,401000,182000,641000,80971000,94661000,94813000,9739813166833192039
2,0062.txt,197,v056,1,64,40,486000,12099000,371000,163000,664000,82135000,95918000,96188000,9739813166833192039
2,0063.txt,228,v055,1,64,43,535000,16396000,786000,285000,660000,76013000,94675000,94991000,15701388375862983760
2,0063.txt,228,v056,0,64,43,539000,17118000,817000,282000,660000,75688000,95104000,95285000,15701388375862983760
2,0064.txt,203,v055,0,64,52,400000,8635000,732000,243000,640000,33381000,44031000,44248000,10978536969957682288
2,0064.txt,203,v056,1,64,52,402000,9159000,709000,247000,650000,33347000,44514000,44710000,10978536969957682288
2,0065.txt,185,v055,1,64,43,206000,8028000,471000,120000,609000,51984000,61418000,61573000,2692879391604841810
2,0065.txt,185,v056,0,64,43,189000,8736000,459000,128000,605000,51833000,61950000,62098000,2692879391604841810
2,0066.txt,205,v055,0,64,30,926000,22911000,926000,298000,608000,55754000,81423000,81613000,3440753162604613155
2,0066.txt,205,v056,1,64,30,923000,22597000,866000,327000,583000,55347000,80643000,80728000,3440753162604613155
2,0067.txt,179,v055,1,64,37,327000,10583000,520000,174000,565000,41249000,53418000,53490000,518537980846609178
2,0067.txt,179,v056,0,64,37,330000,11023000,490000,161000,547000,40884000,53435000,53534000,518537980846609178
2,0068.txt,324,v055,0,64,51,1916000,41543000,1628000,637000,1187000,163039000,209950000,210119000,3010506433124712658
2,0068.txt,324,v056,1,64,51,1895000,42464000,1620000,651000,1153000,163249000,211032000,211229000,3010506433124712658
2,0069.txt,111,v055,1,64,50,249000,7846000,347000,131000,382000,61504000,70459000,70526000,401141176791929579
2,0069.txt,111,v056,0,64,50,238000,8115000,323000,114000,382000,61713000,70885000,70957000,401141176791929579
2,0070.txt,311,v055,0,64,31,1219000,34303000,1039000,393000,1271000,270020000,308245000,308551000,3174923369749020954
2,0070.txt,311,v056,1,64,31,1201000,34915000,996000,383000,1301000,274708000,313504000,315387000,3174923369749020954
2,0071.txt,283,v055,1,64,51,1210000,27752000,1423000,583000,931000,223169000,255068000,255251000,18275660328933919546
2,0071.txt,283,v056,0,64,51,1244000,28234000,1399000,597000,901000,222992000,255367000,255576000,18275660328933919546
2,0072.txt,180,v055,0,64,53,139000,7222000,331000,119000,540000,106709000,115060000,115272000,12224339061634710834
2,0072.txt,180,v056,1,64,53,141000,7865000,332000,113000,542000,104249000,113242000,113362000,12224339061634710834
2,0073.txt,159,v055,1,64,56,743000,15221000,743000,277000,524000,117890000,135398000,135504000,10182950326237673119
2,0073.txt,159,v056,0,64,56,813000,15185000,704000,265000,531000,117609000,135107000,135183000,10182950326237673119
2,0074.txt,106,v055,0,64,47,221000,6090000,243000,94000,415000,48272000,55335000,55407000,1816062131706021092
2,0074.txt,106,v056,1,64,47,222000,6541000,224000,89000,414000,48109000,55599000,55659000,1816062131706021092
2,0075.txt,272,v055,1,64,35,1023000,26945000,1022000,335000,778000,93799000,123902000,124097000,13103987032980397401
2,0075.txt,272,v056,0,64,35,1005000,27462000,1013000,352000,752000,93228000,123812000,123917000,13103987032980397401
2,0076.txt,187,v055,0,64,48,766000,16577000,790000,321000,607000,76899000,95960000,96094000,17180050780777750190
2,0076.txt,187,v056,1,64,48,762000,16924000,732000,285000,612000,76461000,95776000,95946000,17180050780777750190
2,0077.txt,108,v055,1,64,47,172000,5365000,243000,74000,424000,79457000,85735000,85970000,16439210750581027355
2,0077.txt,108,v056,0,64,47,172000,5506000,220000,74000,417000,78227000,84616000,84710000,16439210750581027355
2,0078.txt,218,v055,0,64,39,743000,18990000,683000,279000,731000,85290000,106716000,106967000,16017285524825103905
2,0078.txt,218,v056,1,64,39,735000,19720000,683000,267000,781000,85231000,107417000,107654000,16017285524825103905
2,0079.txt,140,v055,1,64,44,88000,4532000,217000,78000,434000,48486000,53835000,53921000,6403767646850799369
2,0079.txt,140,v056,0,64,44,96000,4896000,213000,74000,458000,48425000,54162000,54355000,6403767646850799369
2,0080.txt,167,v055,0,64,48,528000,15482000,518000,183000,827000,105110000,122648000,123032000,9626972428735276528
2,0080.txt,167,v056,1,64,48,519000,15795000,490000,193000,648000,104008000,121653000,121868000,9626972428735276528
2,0081.txt,251,v055,1,64,51,1608000,43713000,1336000,492000,814000,122893000,170856000,171129000,17620279889268604133
2,0081.txt,251,v056,0,64,51,1602000,43627000,1323000,497000,799000,123062000,170910000,171209000,17620279889268604133
2,0082.txt,223,v055,0,64,39,1090000,22377000,785000,339000,810000,130200000,155601000,155851000,14011127803163096471
2,0082.txt,223,v056,1,64,39,1095000,22579000,750000,311000,715000,130514000,155964000,156127000,14011127803163096471
2,0083.txt,130,v055,1,64,39,451000,10718000,361000,128000,467000,68992000,81117000,81191000,16708713439459758159
2,0083.txt,130,v056,0,64,39,408000,11449000,370000,145000,435000,68584000,81391000,81544000,16708713439459758159
2,0084.txt,202,v055,0,64,45,1181000,25132000,861000,364000,665000,178050000,206253000,206402000,5776255337602728319
2,0084.txt,202,v056,1,64,45,1178000,25117000,823000,367000,668000,176643000,204796000,204914000,5776255337602728319
2,0085.txt,246,v055,1,64,52,407000,9319000,654000,276000,851000,33446000,44953000,45019000,3576416962009350065
2,0085.txt,246,v056,0,64,52,396000,9989000,634000,254000,845000,33580000,45698000,45768000,3576416962009350065
2,0086.txt,96,v055,0,64,42,136000,4264000,276000,69000,301000,116170000,121216000,121305000,573914775549972413
2,0086.txt,96,v056,1,64,42,144000,4451000,247000,79000,302000,115096000,120319000,120406000,573914775549972413
2,0087.txt,212,v055,1,64,54,252000,7627000,421000,165000,669000,54475000,63609000,63696000,17054705058765699979
2,0087.txt,212,v056,0,64,54,259000,8269000,394000,154000,711000,54623000,64410000,64486000,17054705058765699979
2,0088.txt,199,v055,0,64,52,364000,9358000,503000,194000,629000,63840000,74888000,75025000,11338808711507850348
2,0088.txt,199,v056,1,64,52,372000,9567000,472000,188000,630000,64155000,75384000,75452000,11338808711507850348
2,0089.txt,290,v055,1,64,41,1168000,29762000,1033000,463000,1003000,95928000,129357000,129540000,4138778922105874312
2,0089.txt,290,v056,0,64,41,1157000,31862000,1057000,426000,1012000,97677000,133191000,168046000,4138778922105874312
2,0090.txt,207,v055,0,64,36,217000,7813000,446000,146000,620000,48468000,57710000,57911000,17859897952400767448
2,0090.txt,207,v056,1,64,36,216000,8746000,443000,140000,628000,47146000,57319000,57416000,17859897952400767448
2,0091.txt,127,v055,1,64,49,242000,5368000,277000,111000,399000,28862000,35259000,35397000,12578692012870422577
2,0091.txt,127,v056,0,64,49,245000,5604000,252000,101000,410000,28874000,35486000,35565000,12578692012870422577
2,0092.txt,300,v055,0,64,24,2245000,25732000,1136000,364000,726000,72942000,103145000,103227000,4933549780794552966
2,0092.txt,300,v056,1,64,24,2306000,26039000,1142000,407000,737000,73008000,103639000,103730000,4933549780794552966
2,0093.txt,101,v055,1,64,58,112000,5598000,354000,102000,278000,31901000,38345000,38405000,2608640644662118367
2,0093.txt,101,v056,0,64,58,112000,5867000,326000,96000,280000,31891000,38572000,38639000,2608640644662118367
2,0094.txt,259,v055,0,64,59,247000,7925000,508000,195000,682000,49225000,58782000,58876000,12709919675615041441
2,0094.txt,259,v056,1,64,59,250000,8236000,473000,181000,657000,52447000,62244000,62314000,12709919675615041441
2,0095.txt,180,v055,1,64,46,838000,19656000,656000,284000,516000,55700000,77650000,77711000,5526592668055396031
2,0095.txt,180,v056,0,64,46,835000,20180000,628000,304000,519000,55941000,78407000,78523000,5526592668055396031
2,0096.txt,139,v055,0,64,62,195000,6279000,299000,122000,440000,32526000,39861000,39907000,2538599436080739106
2,0096.txt,139,v056,1,64,62,189000,7075000,296000,117000,434000,32549000,40660000,40786000,2538599436080739106
2,0097.txt,281,v055,1,64,31,1282000,39491000,1559000,489000,760000,54164000,97745000,97828000,15465399488680359742
2,0097.txt,281,v056,0,64,31,1274000,40029000,1462000,458000,767000,53895000,97885000,98075000,15465399488680359742
2,0098.txt,152,v055,0,64,55,267000,7318000,509000,148000,594000,41922000,50758000,50809000,13144959898922110880
2,0098.txt,152,v056,1,64,55,267000,7548000,476000,133000,593000,42038000,51055000,51119000,13144959898922110880
2,0099.txt,244,v055,1,64,37,501000,12029000,549000,183000,776000,168071000,182109000,182546000,12651571196149036617
2,0099.txt,244,v056,0,64,37,517000,11950000,523000,178000,771000,168754000,182693000,182956000,12651571196149036617
3,0000.txt,104,v055,1,37,37,76000,1144000,114000,39000,350000,18429000,20152000,20461000,651502957109634443
3,0000.txt,104,v056,0,37,37,74000,1255000,113000,35000,445000,18445000,20367000,20511000,651502957109634443
3,0001.txt,152,v055,0,64,50,177000,8760000,361000,112000,559000,56278000,66247000,66410000,4933058971047106250
3,0001.txt,152,v056,1,64,50,170000,8887000,327000,112000,537000,55461000,65494000,65600000,4933058971047106250
3,0002.txt,150,v055,1,64,62,224000,8169000,462000,160000,422000,30049000,39486000,39617000,976749115892701362
3,0002.txt,150,v056,0,64,62,234000,8226000,414000,153000,434000,30495000,39956000,40044000,976749115892701362
3,0003.txt,284,v055,0,64,39,200000,8180000,388000,150000,1009000,73561000,83488000,83583000,14880691787312181520
3,0003.txt,284,v056,1,64,39,206000,8943000,380000,142000,1035000,73354000,84060000,84197000,14880691787312181520
3,0004.txt,216,v055,1,64,36,758000,22324000,568000,226000,690000,64664000,89230000,229059000,6512735954918420511
3,0004.txt,216,v056,0,64,36,745000,23244000,555000,238000,669000,62808000,88259000,88399000,6512735954918420511
3,0005.txt,197,v055,0,64,24,1603000,36146000,1264000,368000,592000,39469000,79442000,86368000,351141178555315729
3,0005.txt,197,v056,1,64,24,1488000,36037000,1271000,342000,579000,39694000,79411000,79591000,351141178555315729
3,0006.txt,104,v055,1,64,43,269000,6542000,269000,101000,306000,15449000,22936000,23026000,5957452000684754799
3,0006.txt,104,v056,0,64,43,282000,6653000,237000,90000,321000,15400000,22983000,23083000,5957452000684754799
3,0007.txt,121,v055,0,64,52,256000,7581000,334000,120000,346000,20060000,28697000,28757000,18008135368463823583
3,0007.txt,121,v056,1,64,52,259000,7891000,311000,128000,352000,19864000,28805000,28871000,18008135368463823583
3,0008.txt,123,v055,1,64,50,254000,7715000,355000,131000,411000,31432000,40298000,40392000,5423900506180571714
3,0008.txt,123,v056,0,64,50,249000,8082000,331000,126000,406000,31275000,40469000,40632000,5423900506180571714
3,0009.txt,185,v055,0,64,57,126000,4958000,335000,115000,758000,62069000,68361000,68469000,2576477532328089130
3,0009.txt,185,v056,1,64,57,122000,5358000,321000,121000,659000,62284000,68865000,68988000,2576477532328089130
3,0010.txt,97,v055,1,64,55,114000,3602000,243000,81000,323000,24731000,29094000,29158000,7750678338596061692
3,0010.txt,97,v056,0,64,55,119000,3776000,219000,73000,323000,24735000,29245000,29350000,7750678338596061692
3,0011.txt,175,v055,0,64,38,437000,10597000,379000,131000,577000,90805000,102926000,103130000,17633475164315570031
3,0011.txt,175,v056,1,64,38,425000,11136000,361000,133000,585000,91189000,103829000,104079000,17633475164315570031
3,0012.txt,134,v055,1,64,47,250000,8831000,344000,129000,402000,38288000,48244000,48366000,3048775526160309546
3,0012.txt,134,v056,0,64,47,254000,9018000,314000,120000,408000,37823000,47937000,48028000,3048775526160309546
3,0013.txt,196,v055,0,64,56,324000,11310000,667000,259000,546000,41404000,54510000,54616000,3970836100233028945
3,0013.txt,196,v056,1,64,56,325000,11345000,610000,276000,564000,41116000,54236000,54307000,3970836100233028945
3,0014.txt,273,v055,1,64,41,1546000,36682000,939000,426000,856000,243604000,284053000,284316000,15604707923607379811
3,0014.txt,273,v056,0,64,41,1558000,36756000,908000,431000,868000,243343000,283864000,284818000,15604707923607379811
3,0015.txt,286,v055,0,64,32,2022000,35547000,1321000,532000,826000,100411000,140659000,140846000,9468913526032209481
3,0015.txt,286,v056,1,64,32,2030000,36773000,1297000,485000,835000,100802000,142222000,142339000,9468913526032209481
3,0016.txt,171,v055,1,64,41,300000,9719000,323000,121000,580000,43041000,54084000,54132000,15636719685651304257
3,0016.txt,171,v056,0,64,41,288000,10149000,310000,125000,585000,43042000,54499000,54582000,15636719685651304257
3,0017.txt,171,v055,0,64,61,927000,14166000,666000,266000,529000,65307000,81861000,81963000,16826570314351584884
3,0017.txt,171,v056,1,64,61,874000,14649000,648000,281000,516000,65039000,82007000,82124000,16826570314351584884
3,0018.txt,103,v055,1,64,46,109000,6189000,223000,69000,452000,46906000,53948000,54009000,504753219035892238
3,0018.txt,103,v056,0,64,46,104000,6659000,212000,72000,449000,46593000,54089000,54198000,504753219035892238
3,0019.txt,368,v055,0,64,45,3623000,84189000,2041000,895000,1463000,351842000,444053000,444249000,10502072735767109732
3,0019.txt,368,v056,1,64,45,3630000,83724000,2037000,912000,1491000,352618000,444412000,444730000,10502072735767109732
3,0020.txt,133,v055,1,64,54,488000,11604000,397000,168000,428000,26523000,39608000,39678000,15023914603616818157
3,0020.txt,133,v056,0,64,54,479000,11904000,373000,157000,436000,26490000,39839000,39919000,15023914603616818157
3,0021.txt,159,v055,0,64,61,104000,5916000,353000,107000,648000,36754000,43882000,43948000,2593815936161865029
3,0021.txt,159,v056,1,64,61,106000,6500000,328000,99000,630000,36367000,44030000,44097000,2593815936161865029
3,0022.txt,139,v055,1,59,49,89000,4186000,261000,70000,371000,47182000,52159000,52272000,9009703560101214494
3,0022.txt,139,v056,0,59,49,88000,4326000,257000,78000,373000,47138000,52260000,52317000,9009703560101214494
3,0023.txt,139,v055,0,64,44,141000,5563000,234000,85000,494000,100102000,106619000,106686000,3147173496848840315
3,0023.txt,139,v056,1,64,44,159000,5950000,237000,82000,491000,99633000,106552000,106699000,3147173496848840315
3,0024.txt,180,v055,1,64,36,187000,5936000,328000,95000,536000,63400000,70482000,70587000,5570036374208619209
3,0024.txt,180,v056,0,64,36,170000,6055000,314000,103000,519000,62998000,70159000,70264000,5570036374208619209
3,0025.txt,177,v055,0,64,57,99000,3130000,221000,85000,592000,32590000,36717000,36799000,12521612584225577690
3,0025.txt,177,v056,1,64,57,99000,3445000,203000,71000,584000,32608000,37010000,37107000,12521612584225577690
3,0026.txt,256,v055,1,64,46,216000,7413000,423000,157000,995000,44325000,53529000,53630000,8870076843888318843
3,0026.txt,256,v056,0,64,46,214000,8024000,399000,148000,1032000,43668000,53485000,53614000,8870076843888318843
3,0027.txt,113,v055,0,64,30,295000,5090000,236000,91000,324000,56974000,63010000,63124000,12262402835451245322
3,0027.txt,113,v056,1,64,30,291000,5247000,223000,86000,334000,56826000,63007000,63082000,12262402835451245322
3,0028.txt,234,v055,1,64,48,581000,15914000,878000,318000,714000,65814000,84219000,84326000,14147868367880295846
3,0028.txt,234,v056,0,64,48,583000,16350000,852000,322000,720000,64957000,83784000,83911000,14147868367880295846
3,0029.txt,273,v055,0,64,46,861000,23608000,751000,324000,1025000,68979000,95548000,95724000,9699230532889559425
3,0029.txt,273,v056,1,64,46,856000,24444000,725000,337000,1035000,68110000,95507000,95706000,9699230532889559425
3,0030.txt,248,v055,1,64,47,1161000,18955000,1444000,523000,608000,39976000,62667000,62840000,5013100668756870763
3,0030.txt,248,v056,0,64,47,1146000,19806000,1455000,519000,599000,40329000,63854000,63962000,5013100668756870763
3,0031.txt,153,v055,0,64,49,224000,11162000,397000,154000,625000,44773000,57335000,57422000,3915087852050672582
3,0031.txt,153,v056,1,64,49,227000,11452000,369000,130000,643000,44503000,57324000,57428000,3915087852050672582
3,0032.txt,210,v055,1,64,32,308000,10600000,327000,121000,949000,99328000,111633000,111788000,8315965392081282871
3,0032.txt,210,v056,0,64,32,321000,10937000,319000,127000,892000,99918000,112514000,112665000,8315965392081282871
3,0033.txt,144,v055,0,64,53,432000,12811000,402000,172000,540000,68845000,83202000,83339000,11373778343893457680
3,0033.txt,144,v056,1,64,53,400000,13547000,396000,158000,524000,68541000,83566000,83676000,11373778343893457680
3,0034.txt,285,v055,1,64,50,1158000,24814000,1587000,564000,712000,34090000,62925000,63110000,15339262967217878099
3,0034.txt,285,v056,0,64,50,1150000,25530000,1583000,570000,704000,34058000,63595000,63737000,15339262967217878099
3,0035.txt,106,v055,0,48,34,76000,2712000,166000,45000,274000,28316000,31589000,31657000,6315367975138848173
3,0035.txt,106,v056,1,48,34,70000,2837000,149000,47000,261000,27921000,31285000,31354000,6315367975138848173
3,0036.txt,186,v055,1,64,53,722000,20492000,570000,258000,614000,189285000,211941000,212057000,9115942500696969956
3,0036.txt,186,v056,0,64,53,732000,20818000,566000,253000,607000,189704000,212680000,212850000,9115942500696969956
3,0037.txt,276,v055,0,64,47,581000,14003000,846000,346000,838000,50152000,66766000,67007000,3260472156651201571
3,0037.txt,276,v056,1,64,47,578000,14152000,812000,310000,868000,51977000,68697000,68769000,3260472156651201571
3,0038.txt,169,v055,1,64,43,254000,6922000,349000,139000,475000,37888000,46027000,46082000,16549015918030132524
3,0038.txt,169,v056,0,64,43,248000,7273000,311000,124000,474000,38076000,46506000,46570000,16549015918030132524
3,0039.txt,252,v055,0,64,33,174000,6540000,274000,106000,804000,212013000,219911000,220093000,2624865848341593540
3,0039.txt,252,v056,1,64,33,168000,6966000,266000,98000,829000,210781000,219108000,219177000,2624865848341593540
3,0040.txt,195,v055,1,64,53,154000,9821000,554000,176000,566000,41778000,53049000,53137000,7889689243462111053
3,0040.txt,195,v056,0,64,53,161000,10119000,533000,166000,589000,42406000,53974000,54207000,7889689243462111053
3,0041.txt,141,v055,0,64,56,233000,6997000,304000,116000,464000,37589000,45703000,45771000,8705311096240595613
3,0041.txt,141,v056,1,64,56,226000,7234000,297000,107000,500000,37538000,45902000,46016000,8705311096240595613
3,0042.txt,350,v055,1,64,45,1134000,33737000,1095000,485000,935000,125250000,162636000,162794000,2966106535726032211
3,0042.txt,350,v056,0,64,45,1134000,34250000,1071000,457000,919000,125416000,163247000,163397000,2966106535726032211
3,0043.txt,152,v055,0,64,25,259000,7421000,320000,100000,506000,58298000,66904000,66977000,10383538881002181269
3,0043.txt,152,v056,1,64,25,265000,7370000,284000,102000,502000,57866000,66389000,66432000,10383538881002181269
3,0044.txt,189,v055,1,64,51,426000,13852000,639000,224000,789000,42174000,58104000,58162000,11746968691344160114
3,0044.txt,189,v056,0,64,51,436000,14451000,619000,211000,788000,42031000,58536000,58598000,11746968691344160114
3,0045.txt,182,v055,0,64,42,625000,9118000,456000,175000,492000,38225000,49091000,49146000,8042225122249429818
3,0045.txt,182,v056,1,64,42,620000,9449000,457000,201000,496000,38109000,49332000,49393000,8042225122249429818
3,0046.txt,119,v055,1,64,42,391000,9213000,354000,134000,345000,28995000,39432000,39495000,8912149879481772922
3,0046.txt,119,v056,0,64,42,389000,10051000,356000,151000,348000,28887000,40182000,40278000,8912149879481772922
3,0047.txt,234,v055,0,64,46,1085000,26813000,1006000,382000,856000,61107000,91249000,91349000,540750150729514273
3,0047.txt,234,v056,1,64,46,1074000,27336000,996000,386000,868000,62122000,92782000,92940000,540750150729514273
3,0048.txt,171,v055,1,64,56,921000,15065000,708000,299000,516000,58975000,76484000,76554000,8898938944784872293
3,0048.txt,171,v056,0,64,56,933000,15431000,682000,267000,509000,58798000,76620000,76730000,8898938944784872293
3,0049.txt,177,v055,0,64,57,703000,17120000,542000,245000,529000,55319000,74458000,74580000,6129627318974663299
3,0049.txt,177,v056,1,64,57,701000,17749000,538000,253000,526000,54997000,74764000,74870000,6129627318974663299
3,0050.txt,114,v055,1,64,40,255000,6953000,340000,122000,351000,42391000,50412000,50573000,7404888229228437290
3,0050.txt,114,v056,0,64,40,254000,7264000,329000,112000,357000,41700000,50016000,50065000,7404888229228437290
3,0051.txt,156,v055,0,64,50,263000,7380000,372000,137000,479000,54500000,63131000,63186000,2731687730261621710
3,0051.txt,156,v056,1,64,50,253000,7706000,345000,123000,472000,54551000,63450000,63527000,2731687730261621710
3,0052.txt,224,v055,1,64,41,448000,12372000,494000,198000,625000,109681000,123818000,124030000,10010023486144790586
3,0052.txt,224,v056,0,64,41,444000,13002000,501000,204000,632000,109032000,123815000,124059000,10010023486144790586
3,0053.txt,162,v055,0,64,60,246000,7768000,459000,180000,526000,44082000,53261000,53324000,9845802523960628012
3,0053.txt,162,v056,1,64,60,255000,8109000,442000,166000,532000,42687000,52191000,52293000,9845802523960628012
3,0054.txt,235,v055,1,64,32,731000,18729000,653000,252000,810000,31347000,52522000,52602000,8447118323873371613
3,0054.txt,235,v056,0,64,32,729000,19135000,628000,266000,834000,31351000,52943000,53067000,8447118323873371613
3,0055.txt,286,v055,0,64,35,1225000,27291000,665000,287000,912000,77423000,107803000,107944000,11533583684390915798
3,0055.txt,286,v056,1,64,35,1208000,27249000,634000,303000,1006000,77126000,107526000,107724000,11533583684390915798
3,0056.txt,193,v055,1,64,39,466000,11664000,471000,184000,568000,64225000,77578000,77736000,1242787652055414265
3,0056.txt,193,v056,0,64,39,475000,11881000,462000,174000,568000,63609000,77169000,77466000,1242787652055414265
3,0057.txt,239,v055,0,64,54,811000,18765000,893000,327000,789000,61401000,82986000,83135000,9009611972586096755
3,0057.txt,239,v056,1,64,54,799000,19400000,873000,340000,770000,61106000,83288000,83447000,9009611972586096755
3,0058.txt,225,v055,1,64,35,586000,17466000,676000,259000,627000,97100000,116714000,116932000,9489166609703044991
3,0058.txt,225,v056,0,64,35,600000,17830000,666000,254000,612000,96273000,116235000,116467000,9489166609703044991
3,0059.txt,179,v055,0,64,48,122000,4485000,228000,73000,906000,35945000,41759000,41815000,11940462588535546885
3,0059.txt,179,v056,1,64,48,109000,5150000,219000,95000,853000,35347000,41773000,41901000,11940462588535546885
3,0060.txt,197,v055,1,64,37,230000,10024000,414000,141000,548000,36122000,47479000,47553000,2284706829366959548
3,0060.txt,197,v056,0,64,37,222000,10809000,423000,142000,556000,36263000,48415000,48523000,2284706829366959548
3,0061.txt,171,v055,0,64,44,686000,16851000,796000,307000,329000,31310000,50279000,50434000,1378591167984923730
3,0061.txt,171,v056,1,64,44,681000,16843000,748000,284000,313000,31345000,50214000,50333000,1378591167984923730
3,0062.txt,197,v055,1,64,40,488000,11764000,410000,154000,657000,81061000,94534000,94716000,9739813166833192039
3,0062.txt,197,v056,0,64,40,481000,12444000,382000,173000,647000,82117000,96244000,96567000,9739813166833192039
3,0063.txt,228,v055,0,64,43,532000,16338000,779000,280000,671000,75017000,93617000,93722000,15701388375862983760
3,0063.txt,228,v056,1,64,43,529000,16640000,755000,292000,668000,78208000,97092000,97173000,15701388375862983760
3,0064.txt,203,v055,1,64,52,396000,8185000,710000,267000,629000,32820000,43007000,43047000,10978536969957682288
3,0064.txt,203,v056,0,64,52,399000,8647000,654000,265000,646000,34809000,45420000,45483000,10978536969957682288
3,0065.txt,185,v055,0,64,43,186000,7943000,464000,136000,599000,52420000,61748000,61832000,2692879391604841810
3,0065.txt,185,v056,1,64,43,202000,8631000,448000,130000,621000,52621000,62653000,62720000,2692879391604841810
3,0066.txt,205,v055,1,64,30,932000,22483000,915000,306000,578000,55603000,80817000,80896000,3440753162604613155
3,0066.txt,205,v056,0,64,30,951000,22708000,904000,296000,585000,55846000,81290000,81352000,3440753162604613155
3,0067.txt,179,v055,0,64,37,326000,10799000,501000,158000,548000,41175000,53507000,53595000,518537980846609178
3,0067.txt,179,v056,1,64,37,325000,11131000,497000,171000,546000,40814000,53484000,53593000,518537980846609178
3,0068.txt,324,v055,1,64,51,1945000,41339000,1643000,668000,1154000,163284000,210033000,210222000,3010506433124712658
3,0068.txt,324,v056,0,64,51,1994000,42706000,1625000,667000,1170000,162908000,211070000,211280000,3010506433124712658
3,0069.txt,111,v055,0,64,50,238000,7854000,344000,136000,388000,61293000,70253000,70319000,401141176791929579
3,0069.txt,111,v056,1,64,50,240000,8023000,315000,117000,391000,61377000,70463000,70578000,401141176791929579
3,0070.txt,311,v055,1,64,31,1219000,34369000,1018000,381000,1264000,270086000,308337000,308632000,3174923369749020954
3,0070.txt,311,v056,0,64,31,1217000,35558000,1018000,386000,1319000,268625000,308123000,308302000,3174923369749020954
3,0071.txt,283,v055,0,64,51,1215000,27332000,1418000,569000,912000,223304000,254750000,254875000,18275660328933919546
3,0071.txt,283,v056,1,64,51,1201000,27919000,1376000,628000,924000,223440000,255488000,255625000,18275660328933919546
3,0072.txt,180,v055,1,64,53,140000,7250000,332000,117000,540000,105471000,113850000,114069000,12224339061634710834
3,0072.txt,180,v056,0,64,53,140000,7695000,319000,103000,536000,104740000,113533000,113619000,12224339061634710834
3,0073.txt,159,v055,0,64,56,748000,15393000,741000,275000,521000,118518000,136196000,136426000,10182950326237673119
3,0073.txt,159,v056,1,64,56,748000,15341000,705000,284000,526000,118300000,135904000,136112000,10182950326237673119
3,0074.txt,106,v055,1,64,47,225000,6104000,238000,105000,422000,48037000,55131000,55232000,1816062131706021092
3,0074.txt,106,v056,0,64,47,245000,6312000,219000,92000,475000,48117000,55460000,55551000,1816062131706021092
3,0075.txt,272,v055,0,64,35,1031000,26501000,1030000,335000,736000,94658000,124291000,124529000,13103987032980397401
3,0075.txt,272,v056,1,64,35,1044000,27790000,1013000,348000,760000,93774000,124729000,124951000,13103987032980397401
3,0076.txt,187,v055,1,64,48,764000,16858000,802000,299000,603000,76829000,96155000,96442000,17180050780777750190
3,0076.txt,187,v056,0,64,48,870000,17142000,759000,311000,605000,76383000,96070000,96244000,17180050780777750190
3,0077.txt,108,v055,0,64,47,171000,5130000,239000,81000,423000,79742000,85786000,86152000,16439210750581027355
3,0077.txt,108,v056,1,64,47,190000,5364000,221000,76000,460000,79116000,85427000,85614000,16439210750581027355
3,0078.txt,218,v055,1,64,39,734000,19147000,691000,269000,736000,85707000,107284000,107503000,16017285524825103905
3,0078.txt,218,v056,0,64,39,734000,19875000,703000,286000,746000,85123000,107467000,107717000,16017285524825103905
3,0079.txt,140,v055,0,64,44,98000,4530000,219000,78000,447000,48851000,54223000,54330000,6403767646850799369
3,0079.txt,140,v056,1,64,44,89000,4839000,216000,73000,432000,48509000,54158000,54253000,6403767646850799369
3,0080.txt,167,v055,1,64,48,523000,15388000,503000,197000,640000,104518000,121769000,121905000,9626972428735276528
3,0080.txt,167,v056,0,64,48,542000,16219000,508000,193000,653000,105083000,123198000,123683000,9626972428735276528
3,0081.txt,251,v055,0,64,51,1595000,43439000,1314000,492000,826000,122870000,170536000,170763000,17620279889268604133
3,0081.txt,251,v056,1,64,51,1609000,43833000,1327000,503000,810000,122246000,170328000,170656000,17620279889268604133
3,0082.txt,223,v055,1,64,39,1121000,22195000,778000,336000,702000,129584000,154716000,154830000,14011127803163096471
3,0082.txt,223,v056,0,64,39,1085000,22470000,744000,318000,842000,129663000,155122000,155229000,14011127803163096471
3,0083.txt,130,v055,0,64,39,410000,10954000,369000,135000,411000,69146000,81425000,81473000,16708713439459758159
3,0083.txt,130,v056,1,64,39,410000,11001000,345000,129000,426000,68337000,80648000,80719000,16708713439459758159
3,0084.txt,202,v055,1,64,45,1196000,25041000,869000,372000,673000,176581000,204732000,204908000,5776255337602728319
3,0084.txt,202,v056,0,64,45,1186000,25145000,814000,359000,662000,176888000,205054000,205276000,5776255337602728319
3,0085.txt,246,v055,0,64,52,388000,9549000,651000,255000,828000,33586000,45257000,45326000,3576416962009350065
3,0085.txt,246,v056,1,64,52,389000,9871000,641000,265000,866000,33784000,45816000,45859000,3576416962009350065
3,0086.txt,96,v055,1,64,42,142000,4275000,270000,76000,320000,115579000,120662000,120748000,573914775549972413
3,0086.txt,96,v056,0,64,42,137000,4429000,250000,75000,298000,115099000,120288000,120386000,573914775549972413
3,0087.txt,212,v055,0,64,54,274000,7772000,401000,156000,678000,55409000,64690000,64761000,17054705058765699979
3,0087.txt,212,v056,1,64,54,248000,8078000,392000,156000,683000,55260000,64817000,64883000,17054705058765699979
3,0088.txt,199,v055,1,64,52,371000,9230000,522000,210000,644000,63868000,74845000,74911000,11338808711507850348
3,0088.txt,199,v056,0,64,52,392000,10119000,485000,203000,639000,64306000,76144000,76227000,11338808711507850348
3,0089.txt,290,v055,0,64,41,1169000,29473000,1023000,412000,999000,96149000,129225000,129353000,4138778922105874312
3,0089.txt,290,v056,1,64,41,1187000,30149000,1014000,429000,1013000,96051000,129843000,130023000,4138778922105874312
3,0090.txt,207,v055,1,64,36,224000,7790000,452000,146000,621000,49398000,58631000,58677000,17859897952400767448
3,0090.txt,207,v056,0,64,36,217000,8237000,429000,130000,620000,46817000,56450000,56511000,17859897952400767448
3,0091.txt,127,v055,0,64,49,239000,5367000,255000,97000,402000,28801000,35161000,35228000,12578692012870422577
3,0091.txt,127,v056,1,64,49,246000,5747000,247000,94000,405000,29421000,36160000,36219000,12578692012870422577
3,0092.txt,300,v055,1,64,24,2247000,25550000,1115000,366000,735000,73035000,103048000,103155000,4933549780794552966
3,0092.txt,300,v056,0,64,24,2251000,26340000,1125000,376000,743000,74331000,105166000,105794000,4933549780794552966
3,0093.txt,101,v055,0,64,58,122000,5663000,353000,96000,332000,31944000,38510000,38587000,2608640644662118367
3,0093.txt,101,v056,1,64,58,114000,5820000,324000,88000,282000,31673000,38301000,38362000,2608640644662118367
3,0094.txt,259,v055,1,64,59,246000,7624000,482000,205000,659000,49542000,58758000,58855000,12709919675615041441
3,0094.txt,259,v056,0,64,59,267000,8176000,482000,191000,664000,49446000,59226000,59277000,12709919675615041441
3,0095.txt,180,v055,0,64,46,859000,19944000,658000,276000,516000,55354000,77607000,77697000,5526592668055396031
3,0095.txt,180,v056,1,64,46,830000,20555000,632000,266000,532000,55193000,78008000,78078000,5526592668055396031
3,0096.txt,139,v055,1,64,62,201000,6304000,297000,136000,437000,32225000,39600000,39661000,2538599436080739106
3,0096.txt,139,v056,0,64,62,194000,6897000,300000,111000,451000,32843000,40796000,40944000,2538599436080739106
3,0097.txt,281,v055,0,64,31,1301000,39169000,1506000,473000,769000,54464000,97682000,97898000,15465399488680359742
3,0097.txt,281,v056,1,64,31,1285000,39880000,1485000,465000,769000,54357000,98241000,98454000,15465399488680359742
3,0098.txt,152,v055,1,64,55,267000,7272000,502000,139000,584000,41863000,50627000,50760000,13144959898922110880
3,0098.txt,152,v056,0,64,55,265000,7578000,482000,147000,580000,42184000,51236000,51349000,13144959898922110880
3,0099.txt,244,v055,0,64,37,495000,11665000,538000,179000,798000,169368000,183043000,184219000,12651571196149036617
3,0099.txt,244,v056,1,64,37,491000,12364000,540000,194000,767000,167281000,181637000,181919000,12651571196149036617
4,0000.txt,104,v055,0,37,37,70000,1112000,115000,35000,361000,17584000,19277000,19323000,651502957109634443
4,0000.txt,104,v056,1,37,37,68000,1219000,102000,29000,326000,17672000,19416000,19475000,651502957109634443
4,0001.txt,152,v055,1,64,50,167000,8020000,340000,126000,527000,55565000,64745000,64830000,4933058971047106250
4,0001.txt,152,v056,0,64,50,165000,8441000,316000,111000,605000,55688000,65326000,65499000,4933058971047106250
4,0002.txt,150,v055,0,64,62,230000,7617000,429000,163000,448000,30098000,38985000,39074000,976749115892701362
4,0002.txt,150,v056,1,64,62,223000,8052000,415000,154000,434000,30572000,39850000,40031000,976749115892701362
4,0003.txt,284,v055,1,64,39,203000,8148000,392000,146000,1004000,73018000,82911000,83083000,14880691787312181520
4,0003.txt,284,v056,0,64,39,211000,9018000,387000,146000,1021000,72616000,83399000,83568000,14880691787312181520
4,0004.txt,216,v055,0,64,36,757000,22467000,566000,268000,796000,62677000,87531000,87657000,6512735954918420511
4,0004.txt,216,v056,1,64,36,745000,22964000,552000,237000,680000,62457000,87635000,87818000,6512735954918420511
4,0005.txt,197,v055,1,64,24,1516000,35851000,1276000,335000,512000,40878000,80368000,80564000,351141178555315729
4,0005.txt,197,v056,0,64,24,1543000,35804000,1237000,337000,516000,39888000,79325000,79448000,351141178555315729
4,0006.txt,104,v055,0,64,43,283000,7023000,258000,98000,323000,15797000,23782000,23939000,5957452000684754799
4,0006.txt,104,v056,1,64,43,272000,6928000,238000,100000,313000,15232000,23083000,23132000,5957452000684754799
4,0007.txt,121,v055,1,64,52,261000,7392000,338000,128000,376000,20166000,28661000,28713000,18008135368463823583
4,0007.txt,121,v056,0,64,52,260000,7512000,309000,114000,348000,20143000,28686000,28753000,18008135368463823583
4,0008.txt,123,v055,0,64,50,250000,7684000,342000,129000,419000,31383000,40207000,40293000,5423900506180571714
4,0008.txt,123,v056,1,64,50,260000,8165000,340000,124000,399000,31251000,40539000,40624000,5423900506180571714
4,0009.txt,185,v055,1,64,57,155000,5409000,357000,116000,951000,65937000,72925000,78754000,2576477532328089130
4,0009.txt,185,v056,0,64,57,121000,5335000,312000,111000,662000,62464000,69005000,69187000,2576477532328089130
4,0010.txt,97,v055,0,64,55,122000,3848000,249000,76000,337000,25560000,30192000,30365000,7750678338596061692
4,0010.txt,97,v056,1,64,55,121000,4123000,228000,83000,337000,25247000,30139000,30260000,7750678338596061692
4,0011.txt,175,v055,1,64,38,457000,10378000,363000,136000,612000,90840000,102786000,102887000,17633475164315570031
4,0011.txt,175,v056,0,64,38,438000,10793000,356000,134000,583000,91434000,103738000,103864000,17633475164315570031
4,0012.txt,134,v055,0,64,47,264000,8845000,340000,142000,408000,38012000,48011000,48075000,3048775526160309546
4,0012.txt,134,v056,1,64,47,251000,9400000,334000,126000,403000,37674000,48188000,48243000,3048775526160309546
4,0013.txt,196,v055,1,64,56,327000,11209000,667000,259000,545000,41071000,54078000,54157000,3970836100233028945
4,0013.txt,196,v056,0,64,56,320000,11761000,629000,248000,558000,40986000,54502000,54576000,3970836100233028945
4,0014.txt,273,v055,0,64,41,1552000,37273000,945000,423000,851000,242922000,283966000,284124000,15604707923607379811
4,0014.txt,273,v056,1,64,41,1543000,36697000,912000,429000,885000,242971000,283437000,283677000,15604707923607379811
4,0015.txt,286,v055,1,64,32,2022000,36265000,1322000,485000,827000,100024000,140945000,141077000,9468913526032209481
4,0015.txt,286,v056,0,64,32,2028000,36731000,1316000,487000,832000,99973000,141367000,141504000,9468913526032209481
4,0016.txt,171,v055,0,64,41,289000,9602000,332000,129000,574000,43366000,54292000,54421000,15636719685651304257
4,0016.txt,171,v056,1,64,41,313000,10048000,306000,125000,591000,44021000,55404000,55472000,15636719685651304257
4,0017.txt,171,v055,1,64,61,876000,14188000,672000,295000,525000,66195000,82751000,82913000,16826570314351584884
4,0017.txt,171,v056,0,64,61,878000,14463000,649000,274000,603000,67972000,84839000,90638000,16826570314351584884
4,0018.txt,103,v055,0,64,46,105000,6271000,215000,75000,447000,47829000,54942000,55043000,504753219035892238
4,0018.txt,103,v056,1,64,46,110000,6656000,201000,73000,465000,47806000,55311000,55515000,504753219035892238
4,0019.txt,368,v055,1,64,45,3677000,86702000,2081000,922000,1547000,364426000,459355000,465045000,10502072735767109732
4,0019.txt,368,v056,0,64,45,3694000,85302000,2057000,926000,1473000,361739000,455191000,457495000,10502072735767109732
4,0020.txt,133,v055,0,64,54,512000,12145000,430000,176000,442000,29712000,43417000,44375000,15023914603616818157
4,0020.txt,133,v056,1,64,54,775000,13784000,433000,191000,1055000,28288000,44526000,45359000,15023914603616818157
4,0021.txt,159,v055,1,64,61,115000,6603000,371000,107000,659000,37796000,45651000,46017000,2593815936161865029
4,0021.txt,159,v056,0,64,61,117000,6436000,337000,106000,801000,39341000,47138000,47667000,2593815936161865029
4,0022.txt,139,v055,0,59,49,94000,4176000,281000,77000,375000,48824000,53827000,54213000,9009703560101214494
4,0022.txt,139,v056,1,59,49,178000,8713000,565000,172000,868000,49394000,59890000,61816000,9009703560101214494
4,0023.txt,139,v055,1,64,44,151000,5545000,235000,78000,602000,101821000,108432000,108949000,3147173496848840315
4,0023.txt,139,v056,0,64,44,152000,6022000,237000,79000,513000,102985000,109988000,110832000,3147173496848840315
4,0024.txt,180,v055,0,64,36,176000,6252000,366000,106000,527000,64362000,71789000,72294000,5570036374208619209
4,0024.txt,180,v056,1,64,36,173000,6180000,321000,101000,534000,64716000,72025000,72370000,5570036374208619209
4,0025.txt,177,v055,1,64,57,105000,3168000,219000,85000,586000,33320000,37483000,37776000,12521612584225577690
4,0025.txt,177,v056,0,64,57,103000,3633000,214000,83000,576000,33172000,37781000,38036000,12521612584225577690
4,0026.txt,256,v055,0,64,46,219000,7634000,421000,139000,1018000,43988000,53419000,53711000,8870076843888318843
4,0026.txt,256,v056,1,64,46,213000,8097000,402000,143000,1011000,44600000,54466000,54741000,8870076843888318843
4,0027.txt,113,v055,1,64,30,308000,5175000,244000,96000,341000,58968000,65132000,68646000,12262402835451245322
4,0027.txt,113,v056,0,64,30,303000,5425000,230000,94000,326000,57142000,63520000,63726000,12262402835451245322
4,0028.txt,234,v055,0,64,48,623000,16296000,896000,307000,713000,66614000,85449000,85987000,14147868367880295846
4,0028.txt,234,v056,1,64,48,619000,16589000,883000,324000,734000,65970000,85119000,85360000,14147868367880295846
4,0029.txt,273,v055,1,64,46,864000,24171000,769000,346000,1024000,68985000,96159000,96354000,9699230532889559425
4,0029.txt,273,v056,0,64,46,862000,24088000,726000,333000,1205000,69037000,96251000,96441000,9699230532889559425
4,0030.txt,248,v055,0,64,47,1159000,19285000,1514000,580000,597000,40149000,63284000,63407000,5013100668756870763
4,0030.txt,248,v056,1,64,47,1158000,20376000,1483000,508000,593000,40430000,64548000,64696000,5013100668756870763
4,0031.txt,153,v055,1,64,49,234000,11304000,398000,145000,662000,46100000,58843000,59276000,3915087852050672582
4,0031.txt,153,v056,0,64,49,242000,11619000,386000,139000,638000,52275000,65299000,71004000,3915087852050672582
4,0032.txt,210,v055,0,64,32,314000,10738000,328000,132000,941000,99709000,112162000,112473000,8315965392081282871
4,0032.txt,210,v056,1,64,32,324000,11057000,306000,116000,907000,104038000,116748000,121927000,8315965392081282871
4,0033.txt,144,v055,1,64,53,405000,13209000,402000,167000,519000,70111000,84813000,85184000,11373778343893457680
4,0033.txt,144,v056,0,64,53,415000,14145000,408000,182000,541000,71316000,87007000,88217000,11373778343893457680
4,0034.txt,285,v055,0,64,50,1179000,25475000,1635000,556000,708000,34361000,63914000,64232000,15339262967217878099
4,0034.txt,285,v056,1,64,50,1165000,25644000,1581000,581000,705000,34456000,64132000,64487000,15339262967217878099
4,0035.txt,106,v055,1,48,34,71000,2763000,162000,46000,258000,28859000,32159000,32338000,6315367975138848173
4,0035.txt,106,v056,0,48,34,71000,2900000,155000,51000,257000,28909000,32343000,32489000,6315367975138848173
4,0036.txt,186,v055,0,64,53,749000,21038000,586000,282000,613000,195778000,219046000,220384000,9115942500696969956
4,0036.txt,186,v056,1,64,53,1010000,22060000,596000,281000,644000,194218000,218809000,220196000,9115942500696969956
4,0037.txt,276,v055,1,64,47,883000,14119000,877000,369000,1027000,51294000,68569000,69304000,3260472156651201571
4,0037.txt,276,v056,0,64,47,624000,15444000,884000,371000,1481000,52354000,71158000,72706000,3260472156651201571
4,0038.txt,169,v055,0,64,43,269000,6918000,354000,137000,494000,37818000,45990000,46287000,16549015918030132524
4,0038.txt,169,v056,1,64,43,258000,7344000,322000,133000,485000,37985000,46527000,46834000,16549015918030132524
4,0039.txt,252,v055,1,64,33,174000,7000000,285000,108000,830000,215412000,223809000,224688000,2624865848341593540
4,0039.txt,252,v056,0,64,33,184000,7500000,304000,99000,833000,215654000,224574000,225604000,2624865848341593540
4,0040.txt,195,v055,0,64,53,158000,9847000,554000,201000,581000,42980000,54321000,54571000,7889689243462111053
4,0040.txt,195,v056,1,64,53,165000,10143000,537000,188000,639000,42294000,53966000,54128000,7889689243462111053
4,0041.txt,141,v055,1,64,56,229000,7434000,319000,112000,434000,38215000,46743000,46949000,8705311096240595613
4,0041.txt,141,v056,0,64,56,225000,7860000,306000,117000,434000,37759000,46701000,46912000,8705311096240595613
4,0042.txt,350,v055,0,64,45,1173000,33648000,1094000,469000,942000,125656000,162982000,163388000,2966106535726032211
4,0042.txt,350,v056,1,64,45,1131000,34293000,1086000,483000,940000,125237000,163170000,163320000,2966106535726032211
4,0043.txt,152,v055,1,64,25,264000,7160000,293000,102000,502000,59397000,67718000,67811000,10383538881002181269
4,0043.txt,152,v056,0,64,25,265000,7343000,288000,89000,497000,58686000,67168000,67481000,10383538881002181269
4,0044.txt,189,v055,0,64,51,427000,13809000,634000,259000,837000,42267000,58233000,58304000,11746968691344160114
4,0044.txt,189,v056,1,64,51,426000,14417000,639000,226000,795000,42266000,58769000,58852000,11746968691344160114
4,0045.txt,182,v055,1,64,42,626000,8922000,476000,201000,478000,38363000,49066000,49164000,8042225122249429818
4,0045.txt,182,v056,0,64,42,621000,9716000,463000,181000,488000,37967000,49436000,49481000,8042225122249429818
4,0046.txt,119,v055,0,64,42,385000,9291000,355000,137000,347000,28908000,39423000,39506000,8912149879481772922
4,0046.txt,119,v056,1,64,42,390000,9406000,336000,119000,341000,29163000,39755000,39818000,8912149879481772922
4,0047.txt,234,v055,1,64,46,1082000,27420000,1034000,381000,867000,60759000,91543000,91706000,540750150729514273
4,0047.txt,234,v056,0,64,46,1104000,27232000,988000,378000,891000,61254000,91847000,91984000,540750150729514273
4,0048.txt,171,v055,0,64,56,914000,15221000,756000,307000,527000,58869000,76594000,76684000,8898938944784872293
4,0048.txt,171,v056,1,64,56,926000,16600000,732000,307000,555000,59113000,78233000,78702000,8898938944784872293
4,0049.txt,177,v055,1,64,57,699000,17137000,543000,239000,525000,55252000,74395000,74510000,6129627318974663299
4,0049.txt,177,v056,0,64,57,707000,17497000,527000,239000,538000,55399000,74907000,75036000,6129627318974663299
4,0050.txt,114,v055,0,64,40,253000,6867000,348000,112000,355000,41869000,49804000,49893000,7404888229228437290
4,0050.txt,114,v056,1,64,40,255000,7468000,335000,117000,345000,42251000,50771000,51034000,7404888229228437290
4,0051.txt,156,v055,1,64,50,252000,7334000,360000,134000,472000,54790000,63342000,63528000,2731687730261621710
4,0051.txt,156,v056,0,64,50,253000,7713000,351000,133000,476000,54463000,63389000,63519000,2731687730261621710
4,0052.txt,224,v055,0,64,41,437000,12374000,501000,222000,623000,110654000,124811000,125012000,10010023486144790586
4,0052.txt,224,v056,1,64,41,452000,12615000,477000,191000,627000,108745000,123107000,123288000,10010023486144790586
4,0053.txt,162,v055,1,64,60,264000,7771000,465000,161000,539000,42879000,52079000,52190000,9845802523960628012
4,0053.txt,162,v056,0,64,60,243000,8445000,453000,174000,515000,42956000,52786000,52913000,9845802523960628012
4,0054.txt,235,v055,0,64,32,732000,18767000,648000,241000,881000,31391000,52660000,52732000,8447118323873371613
4,0054.txt,235,v056,1,64,32,726000,18804000,609000,256000,808000,32166000,53369000,53456000,8447118323873371613
4,0055.txt,286,v055,1,64,35,1225000,27478000,672000,304000,933000,76967000,107579000,107797000,11533583684390915798
4,0055.txt,286,v056,0,64,35,1211000,27186000,646000,284000,930000,77522000,107779000,107911000,11533583684390915798
4,0056.txt,193,v055,0,64,39,485000,11735000,482000,206000,660000,64307000,77875000,77991000,1242787652055414265
4,0056.txt,193,v056,1,64,39,473000,12662000,476000,181000,581000,64178000,78551000,78828000,1242787652055414265
4,0057.txt,239,v055,1,64,54,796000,18834000,907000,334000,777000,61192000,82840000,83004000,9009611972586096755
4,0057.txt,239,v056,0,64,54,808000,19688000,873000,345000,837000,61153000,83704000,83927000,9009611972586096755
4,0058.txt,225,v055,0,64,35,591000,17290000,649000,248000,615000,97059000,116452000,116636000,9489166609703044991
4,0058.txt,225,v056,1,64,35,594000,18556000,688000,263000,626000,96865000,117592000,117891000,9489166609703044991
4,0059.txt,179,v055,1,64,48,117000,4464000,222000,81000,911000,35481000,41276000,41332000,11940462588535546885
4,0059.txt,179,v056,0,64,48,109000,4837000,220000,74000,809000,35538000,41587000,41701000,11940462588535546885
4,0060.txt,197,v055,0,64,37,235000,10199000,420000,147000,561000,36679000,48241000,48449000,2284706829366959548
4,0060.txt,197,v056,1,64,37,237000,10354000,404000,134000,552000,36120000,47801000,47854000,2284706829366959548
4,0061.txt,171,v055,1,64,44,691000,16649000,772000,286000,328000,31376000,50102000,50171000,1378591167984923730
4,0061.txt,171,v056,0,64,44,699000,17026000,772000,298000,325000,31681000,50801000,50902000,1378591167984923730
4,0062.txt,197,v055,0,64,40,483000,12000000,398000,176000,652000,81115000,94824000,94893000,9739813166833192039
4,0062.txt,197,v056,1,64,40,490000,12060000,379000,171000,667000,81416000,95183000,95291000,9739813166833192039
4,0063.txt,228,v055,1,64,43,542000,16502000,800000,291000,670000,74737000,93542000,93627000,15701388375862983760
4,0063.txt,228,v056,0,64,43,540000,16884000,768000,277000,668000,75244000,94381000,94515000,15701388375862983760
4,0064.txt,203,v055,0,64,52,410000,8150000,702000,274000,706000,33196000,43438000,43512000,10978536969957682288
4,0064.txt,203,v056,1,64,52,392000,8640000,664000,259000,636000,34705000,45296000,45348000,10978536969957682288
4,0065.txt,185,v055,1,64,43,193000,7929000,457000,140000,627000,51466000,60812000,60877000,2692879391604841810
4,0065.txt,185,v056,0,64,43,189000,8443000,443000,133000,605000,51412000,61225000,61366000,2692879391604841810
4,0066.txt,205,v055,0,64,30,934000,22801000,928000,344000,567000,55476000,81050000,81144000,3440753162604613155
4,0066.txt,205,v056,1,64,30,921000,22909000,881000,306000,609000,55916000,81542000,81666000,3440753162604613155
4,0067.txt,179,v055,1,64,37,324000,10788000,537000,175000,538000,40716000,53078000,53255000,518537980846609178
4,0067.txt,179,v056,0,64,37,325000,11215000,495000,160000,550000,40792000,53537000,53598000,518537980846609178
4,0068.txt,324,v055,0,64,51,1928000,41313000,1622000,634000,1181000,163240000,209918000,210148000,3010506433124712658
4,0068.txt,324,v056,1,64,51,1898000,42592000,1621000,642000,1160000,164137000,212050000,212258000,3010506433124712658
4,0069.txt,111,v055,1,64,50,241000,7846000,338000,130000,384000,61748000,70687000,70856000,401141176791929579
4,0069.txt,111,v056,0,64,50,238000,8299000,326000,124000,374000,61219000,70580000,70659000,401141176791929579
4,0070.txt,311,v055,0,64,31,1228000,34386000,1036000,387000,1267000,269501000,307805000,307952000,3174923369749020954
4,0070.txt,311,v056,1,64,31,1214000,35050000,1001000,381000,1323000,268330000,307299000,307466000,3174923369749020954
4,0071.txt,283,v055,1,64,51,1202000,27337000,1439000,616000,899000,227114000,258607000,259234000,18275660328933919546
4,0071.txt,283,v056,0,64,51,1199000,28100000,1387000,568000,933000,223186000,255373000,255595000,18275660328933919546
4,0072.txt,180,v055,0,64,53,141000,7245000,326000,127000,540000,106292000,114671000,115078000,12224339061634710834
4,0072.txt,180,v056,1,64,53,142000,7658000,310000,111000,539000,104788000,113548000,113730000,12224339061634710834
4,0073.txt,159,v055,1,64,56,747000,15226000,742000,266000,531000,118010000,135522000,135884000,10182950326237673119
4,0073.txt,159,v056,0,64,56,756000,15301000,705000,256000,522000,118637000,136177000,136487000,10182950326237673119
4,0074.txt,106,v055,0,64,47,223000,6137000,248000,92000,434000,48674000,55808000,55959000,1816062131706021092
4,0074.txt,106,v056,1,64,47,221000,6621000,242000,92000,417000,48087000,55680000,55812000,1816062131706021092
4,0075.txt,272,v055,1,64,35,1001000,26334000,1006000,330000,744000,94255000,123670000,123929000,13103987032980397401
4,0075.txt,272,v056,0,64,35,1021000,27387000,1007000,364000,739000,93475000,123993000,124286000,13103987032980397401
4,0076.txt,187,v055,0,64,48,760000,16735000,799000,316000,591000,76627000,95828000,95983000,17180050780777750190
4,0076.txt,187,v056,1,64,48,762000,17244000,764000,307000,612000,76441000,96130000,96366000,17180050780777750190
4,0077.txt,108,v055,1,64,47,183000,5322000,244000,88000,446000,80873000,87156000,87789000,16439210750581027355
4,0077.txt,108,v056,0,64,47,172000,5548000,223000,78000,414000,81798000,88233000,92773000,16439210750581027355
4,0078.txt,218,v055,0,64,39,745000,19131000,697000,305000,734000,84866000,106478000,106665000,16017285524825103905
4,0078.txt,218,v056,1,64,39,724000,19578000,683000,276000,736000,86636000,108633000,108922000,16017285524825103905
4,0079.txt,140,v055,1,64,44,88000,4585000,223000,81000,424000,48927000,54328000,54466000,6403767646850799369
4,0079.txt,140,v056,0,64,44,90000,5225000,236000,83000,445000,48413000,54492000,54627000,6403767646850799369
4,0080.txt,167,v055,0,64,48,524000,15308000,512000,180000,740000,104143000,121407000,121631000,9626972428735276528
4,0080.txt,167,v056,1,64,48,526000,15753000,491000,193000,675000,103720000,121358000,121426000,9626972428735276528
4,0081.txt,251,v055,1,64,51,1604000,43047000,1348000,491000,817000,122546000,169853000,170028000,17620279889268604133
4,0081.txt,251,v056,0,64,51,1603000,43467000,1298000,498000,800000,121927000,169593000,169704000,17620279889268604133
4,0082.txt,223,v055,0,64,39,1074000,22315000,782000,359000,721000,129553000,154804000,154930000,14011127803163096471
4,0082.txt,223,v056,1,64,39,1072000,22039000,740000,343000,724000,130297000,155215000,155354000,14011127803163096471
4,0083.txt,130,v055,1,64,39,430000,10689000,368000,141000,419000,68797000,80844000,80916000,16708713439459758159
4,0083.txt,130,v056,0,64,39,408000,10984000,346000,129000,438000,68153000,80458000,80518000,16708713439459758159
4,0084.txt,202,v055,0,64,45,1179000,25031000,854000,376000,664000,176632000,204736000,204868000,5776255337602728319
4,0084.txt,202,v056,1,64,45,1177000,25367000,829000,352000,651000,176129000,204505000,204636000,5776255337602728319
4,0085.txt,246,v055,1,64,52,384000,9575000,673000,292000,845000,33385000,45154000,45213000,3576416962009350065
4,0085.txt,246,v056,0,64,52,392000,9813000,626000,262000,845000,33580000,45518000,45569000,3576416962009350065
4,0086.txt,96,v055,0,64,42,133000,4252000,273000,81000,303000,115527000,120569000,120651000,573914775549972413
4,0086.txt,96,v056,1,64,42,136000,4434000,251000,71000,306000,115479000,120677000,121199000,573914775549972413
4,0087.txt,212,v055,1,64,54,252000,7845000,420000,158000,668000,54334000,63677000,63823000,17054705058765699979
4,0087.txt,212,v056,0,64,54,249000,8022000,384000,154000,693000,54500000,64002000,64071000,17054705058765699979
4,0088.txt,199,v055,0,64,52,374000,9380000,495000,187000,639000,63639000,74714000,74780000,11338808711507850348
4,0088.txt,199,v056,1,64,52,370000,9790000,471000,195000,639000,63758000,75223000,75311000,11338808711507850348
4,0089.txt,290,v055,1,64,41,1164000,29699000,1040000,428000,988000,96581000,129900000,130077000,4138778922105874312
4,0089.txt,290,v056,0,64,41,1205000,29948000,1005000,436000,991000,96323000,129908000,130038000,4138778922105874312
4,0090.txt,207,v055,0,64,36,222000,8074000,459000,151000,637000,46786000,56329000,56372000,17859897952400767448
4,0090.txt,207,v056,1,64,36,220000,8266000,428000,135000,629000,46537000,56215000,56265000,17859897952400767448
4,0091.txt,127,v055,1,64,49,244000,5341000,266000,109000,424000,28800000,35184000,35244000,12578692012870422577
4,0091.txt,127,v056,0,64,49,252000,5654000,241000,101000,417000,28810000,35475000,35549000,12578692012870422577
4,0092.txt,300,v055,0,64,24,2258000,26534000,1198000,405000,739000,73624000,104758000,104968000,4933549780794552966
4,0092.txt,300,v056,1,64,24,2263000,26384000,1107000,370000,757000,73181000,104062000,104171000,4933549780794552966
4,0093.txt,101,v055,1,64,58,112000,5566000,348000,100000,290000,31748000,38164000,38292000,2608640644662118367
4,0093.txt,101,v056,0,64,58,119000,5814000,326000,84000,291000,32030000,38664000,38781000,2608640644662118367
4,0094.txt,259,v055,0,64,59,246000,7554000,501000,199000,683000,49730000,58913000,59064000,12709919675615041441
4,0094.txt,259,v056,1,64,59,249000,8180000,467000,184000,741000,49630000,59451000,59626000,12709919675615041441
4,0095.txt,180,v055,1,64,46,835000,19924000,640000,272000,512000,55502000,77685000,77842000,5526592668055396031
4,0095.txt,180,v056,0,64,46,846000,20494000,625000,278000,528000,55491000,78262000,78465000,5526592668055396031
4,0096.txt,139,v055,0,64,62,190000,6642000,314000,109000,448000,32735000,40438000,40521000,2538599436080739106
4,0096.txt,139,v056,1,64,62,192000,6720000,300000,130000,460000,32686000,40488000,40720000,2538599436080739106
4,0097.txt,281,v055,1,64,31,1286000,39620000,1529000,473000,764000,55059000,98731000,99091000,15465399488680359742
4,0097.txt,281,v056,0,64,31,1276000,40100000,1516000,471000,781000,54075000,98219000,98480000,15465399488680359742
4,0098.txt,152,v055,0,64,55,279000,7572000,518000,153000,590000,42058000,51170000,51287000,13144959898922110880
4,0098.txt,152,v056,1,64,55,268000,7521000,475000,141000,576000,41638000,50619000,50723000,13144959898922110880
4,0099.txt,244,v055,1,64,37,499000,11628000,531000,184000,813000,172935000,186590000,188511000,12651571196149036617
4,0099.txt,244,v056,0,64,37,500000,12097000,523000,178000,770000,168001000,182069000,182345000,12651571196149036617
5,0000.txt,104,v055,1,37,37,68000,1120000,106000,35000,330000,17519000,19178000,19223000,651502957109634443
5,0000.txt,104,v056,0,37,37,81000,1479000,122000,39000,516000,17729000,19966000,20193000,651502957109634443
5,0001.txt,152,v055,0,64,50,163000,8719000,348000,120000,531000,55634000,65515000,65742000,4933058971047106250
5,0001.txt,152,v056,1,64,50,165000,8833000,318000,119000,537000,56781000,66753000,67323000,4933058971047106250
5,0002.txt,150,v055,1,64,62,224000,8065000,439000,154000,430000,30391000,39703000,39959000,976749115892701362
5,0002.txt,150,v056,0,64,62,231000,8525000,447000,160000,440000,31803000,41606000,42335000,976749115892701362
5,0003.txt,284,v055,0,64,39,208000,8731000,426000,151000,1031000,74447000,84994000,85499000,14880691787312181520
5,0003.txt,284,v056,1,64,39,205000,8645000,386000,140000,995000,76898000,87269000,88777000,14880691787312181520
5,0004.txt,216,v055,1,64,36,752000,23289000,579000,253000,694000,69594000,95161000,136533000,6512735954918420511
5,0004.txt,216,v056,0,64,36,749000,23272000,565000,233000,686000,64218000,89723000,90336000,6512735954918420511
5,0005.txt,197,v055,0,64,24,1546000,40908000,1445000,401000,633000,47947000,92880000,140383000,351141178555315729
5,0005.txt,197,v056,1,64,24,1528000,37129000,1289000,360000,538000,40788000,81632000,83086000,351141178555315729
5,0006.txt,104,v055,1,64,43,271000,6747000,278000,105000,308000,16090000,23799000,24188000,5957452000684754799
5,0006.txt,104,v056,0,64,43,272000,7194000,263000,99000,321000,15534000,23683000,24420000,5957452000684754799
5,0007.txt,121,v055,0,64,52,275000,7455000,335000,121000,354000,20396000,28936000,29105000,18008135368463823583
5,0007.txt,121,v056,1,64,52,304000,8261000,329000,120000,350000,20218000,29582000,29884000,18008135368463823583
5,0008.txt,123,v055,1,64,50,271000,8027000,348000,119000,401000,32460000,41626000,42058000,5423900506180571714
5,0008.txt,123,v056,0,64,50,264000,8878000,383000,139000,419000,32561000,42644000,43049000,5423900506180571714
5,0009.txt,185,v055,0,64,57,128000,5615000,372000,143000,671000,63232000,70161000,71005000,2576477532328089130
5,0009.txt,185,v056,1,64,57,127000,5456000,324000,117000,751000,64378000,71153000,71906000,2576477532328089130
5,0010.txt,97,v055,1,64,55,117000,3631000,246000,80000,334000,25765000,30173000,30418000,7750678338596061692
5,0010.txt,97,v056,0,64,55,125000,3927000,222000,78000,329000,25481000,30162000,30440000,7750678338596061692
5,0011.txt,175,v055,0,64,38,452000,10439000,365000,132000,630000,95530000,107548000,108712000,17633475164315570031
5,0011.txt,175,v056,1,64,38,443000,10712000,342000,140000,729000,93937000,106303000,107062000,17633475164315570031
5,0012.txt,134,v055,1,64,47,263000,8961000,331000,128000,452000,38896000,49031000,49275000,3048775526160309546
5,0012.txt,134,v056,0,64,47,259000,9422000,318000,129000,409000,39019000,49556000,50085000,3048775526160309546
5,0013.txt,196,v055,0,64,56,340000,11285000,646000,249000,565000,42434000,55519000,56002000,3970836100233028945
5,0013.txt,196,v056,1,64,56,345000,12122000,659000,242000,697000,42058000,56123000,56358000,3970836100233028945
5,0014.txt,273,v055,1,64,41,1561000,37680000,953000,442000,860000,249447000,290943000,292396000,15604707923607379811
5,0014.txt,273,v056,0,64,41,1551000,37782000,923000,438000,930000,246872000,288496000,290043000,15604707923607379811
5,0015.txt,286,v055,0,64,32,2056000,37091000,1363000,538000,842000,102339000,144229000,145018000,9468913526032209481
5,0015.txt,286,v056,1,64,32,2069000,37329000,1333000,497000,821000,101515000,143564000,144374000,9468913526032209481
5,0016.txt,171,v055,1,64,41,293000,10002000,332000,131000,572000,43135000,54465000,54659000,15636719685651304257
5,0016.txt,171,v056,0,64,41,293000,10722000,316000,135000,591000,43514000,55571000,55792000,15636719685651304257
5,0017.txt,171,v055,0,64,61,883000,14215000,661000,272000,514000,65740000,82285000,82608000,16826570314351584884
5,0017.txt,171,v056,1,64,61,868000,14595000,644000,279000,517000,65279000,82182000,82485000,16826570314351584884
5,0018.txt,103,v055,1,64,46,106000,6546000,233000,78000,451000,47072000,54486000,54716000,504753219035892238
5,0018.txt,103,v056,0,64,46,106000,6399000,204000,71000,450000,47053000,54283000,54505000,504753219035892238
5,0019.txt,368,v055,0,64,45,3631000,83457000,2082000,981000,1494000,352311000,443956000,444373000,10502072735767109732
5,0019.txt,368,v056,1,64,45,3632000,82986000,2039000,895000,1455000,352143000,443150000,443741000,10502072735767109732
5,0020.txt,133,v055,1,64,54,495000,12223000,400000,181000,460000,26739000,40498000,40930000,15023914603616818157
5,0020.txt,133,v056,0,64,54,479000,12021000,389000,160000,432000,26708000,40189000,40280000,15023914603616818157
5,0021.txt,159,v055,0,64,61,114000,6483000,362000,102000,646000,37482000,45189000,45458000,2593815936161865029
5,0021.txt,159,v056,1,64,61,108000,6576000,348000,100000,622000,36536000,44290000,44432000,2593815936161865029
5,0022.txt,139,v055,1,59,49,92000,4400000,301000,78000,375000,47036000,52282000,52464000,9009703560101214494
5,0022.txt,139,v056,0,59,49,90000,4300000,247000,65000,367000,47477000,52546000,52716000,9009703560101214494
5,0023.txt,139,v055,0,64,44,137000,5477000,239000,91000,489000,99726000,106159000,106331000,3147173496848840315
5,0023.txt,139,v056,1,64,44,140000,6389000,237000,79000,509000,100878000,108232000,108837000,3147173496848840315
5,0024.txt,180,v055,1,64,36,173000,5834000,340000,105000,540000,63497000,70489000,70739000,5570036374208619209
5,0024.txt,180,v056,0,64,36,169000,6418000,339000,106000,522000,63994000,71548000,71884000,5570036374208619209
5,0025.txt,177,v055,0,64,57,105000,3200000,223000,94000,576000,32877000,37075000,37189000,12521612584225577690
5,0025.txt,177,v056,1,64,57,99000,3618000,207000,92000,571000,32631000,37218000,37354000,12521612584225577690
5,0026.txt,256,v055,1,64,46,215000,7622000,418000,139000,1109000,44031000,53534000,54064000,8870076843888318843
5,0026.txt,256,v056,0,64,46,213000,8551000,421000,153000,1016000,43897000,54251000,54432000,8870076843888318843
5,0027.txt,113,v055,0,64,30,293000,5110000,238000,91000,327000,58073000,64132000,64247000,12262402835451245322
5,0027.txt,113,v056,1,64,30,295000,5675000,231000,95000,337000,56701000,63334000,63443000,12262402835451245322
5,0028.txt,234,v055,1,64,48,597000,15802000,873000,306000,722000,67733000,86033000,126965000,14147868367880295846
5,0028.txt,234,v056,0,64,48,579000,16211000,858000,310000,710000,65476000,84144000,84328000,14147868367880295846
5,0029.txt,273,v055,0,64,46,918000,24358000,761000,350000,1053000,69570000,97010000,97607000,9699230532889559425
5,0029.txt,273,v056,1,64,46,935000,24310000,737000,340000,1076000,68190000,95588000,95803000,9699230532889559425
5,0030.txt,248,v055,1,64,47,1167000,19281000,1506000,522000,631000,40016000,63123000,63206000,5013100668756870763
5,0030.txt,248,v056,0,64,47,1152000,19919000,1441000,511000,624000,39948000,63595000,63685000,5013100668756870763
5,0031.txt,153,v055,0,64,49,225000,10832000,388000,144000,646000,44573000,56808000,56872000,3915087852050672582
5,0031.txt,153,v056,1,64,49,232000,11262000,354000,132000,616000,44487000,57083000,57156000,3915087852050672582
5,0032.txt,210,v055,1,64,32,299000,10614000,334000,131000,887000,98886000,111151000,111247000,8315965392081282871
5,0032.txt,210,v056,0,64,32,298000,10913000,316000,129000,908000,99102000,111666000,111723000,8315965392081282871
5,0033.txt,144,v055,0,64,53,392000,13131000,404000,168000,509000,68527000,83131000,83185000,11373778343893457680
5,0033.txt,144,v056,1,64,53,398000,13131000,387000,178000,527000,68496000,83117000,83194000,11373778343893457680
5,0034.txt,285,v055,1,64,50,1144000,24626000,1601000,585000,694000,34168000,62818000,62967000,15339262967217878099
5,0034.txt,285,v056,0,64,50,1147000,25459000,1579000,548000,697000,33792000,63222000,63325000,15339262967217878099
5,0035.txt,106,v055,0,48,34,78000,2774000,166000,53000,276000,32113000,35460000,43494000,6315367975138848173
5,0035.txt,106,v056,1,48,34,77000,3103000,167000,50000,373000,30146000,33916000,34970000,6315367975138848173
5,0036.txt,186,v055,1,64,53,756000,20484000,598000,254000,595000,190190000,212877000,213181000,9115942500696969956
5,0036.txt,186,v056,0,64,53,757000,20912000,556000,271000,624000,189396000,212516000,212738000,9115942500696969956
5,0037.txt,276,v055,0,64,47,590000,13876000,835000,317000,827000,49305000,65750000,65819000,3260472156651201571
5,0037.txt,276,v056,1,64,47,580000,14467000,810000,316000,845000,49562000,66580000,66668000,3260472156651201571
5,0038.txt,169,v055,1,64,43,266000,6983000,352000,121000,492000,39460000,47674000,47769000,16549015918030132524
5,0038.txt,169,v056,0,64,43,248000,7227000,327000,120000,508000,37522000,45952000,46053000,16549015918030132524
5,0039.txt,252,v055,0,64,33,171000,6427000,265000,112000,821000,212153000,219949000,220255000,2624865848341593540
5,0039.txt,252,v056,1,64,33,174000,6885000,260000,97000,861000,211763000,220040000,220453000,2624865848341593540
5,0040.txt,195,v055,1,64,53,164000,9532000,528000,180000,597000,41654000,52655000,52754000,7889689243462111053
5,0040.txt,195,v056,0,64,53,160000,10801000,581000,170000,577000,42075000,54364000,54535000,7889689243462111053
5,0041.txt,141,v055,0,64,56,239000,7210000,303000,127000,425000,37469000,45773000,45848000,8705311096240595613
5,0041.txt,141,v056,1,64,56,222000,7490000,292000,114000,427000,37116000,45661000,45728000,8705311096240595613
5,0042.txt,350,v055,1,64,45,1150000,33953000,1099000,476000,1007000,125402000,163087000,163306000,2966106535726032211
5,0042.txt,350,v056,0,64,45,1123000,34259000,1082000,457000,935000,124991000,162847000,162967000,2966106535726032211
5,0043.txt,152,v055,0,64,25,266000,7111000,299000,98000,504000,58431000,66709000,66749000,10383538881002181269
5,0043.txt,152,v056,1,64,25,269000,7537000,295000,104000,501000,57945000,66651000,66799000,10383538881002181269
5,0044.txt,189,v055,1,64,51,442000,14265000,701000,238000,788000,42307000,58741000,58845000,11746968691344160114
5,0044.txt,189,v056,0,64,51,447000,14285000,624000,227000,796000,42240000,58619000,58742000,11746968691344160114
5,0045.txt,182,v055,0,64,42,621000,9319000,481000,207000,488000,38632000,49748000,49907000,8042225122249429818
5,0045.txt,182,v056,1,64,42,651000,9340000,441000,184000,494000,38383000,49493000,49610000,8042225122249429818
5,0046.txt,119,v055,1,64,42,383000,9357000,363000,132000,348000,29232000,39815000,39926000,8912149879481772922
5,0046.txt,119,v056,0,64,42,400000,9486000,337000,122000,368000,28933000,39646000,39716000,8912149879481772922
5,0047.txt,234,v055,0,64,46,1081000,26533000,1012000,410000,873000,60848000,90757000,90970000,540750150729514273
5,0047.txt,234,v056,1,64,46,1085000,27137000,985000,396000,892000,61270000,91765000,91954000,540750150729514273
5,0048.txt,171,v055,1,64,56,915000,15732000,734000,273000,516000,59008000,77178000,77414000,8898938944784872293
5,0048.txt,171,v056,0,64,56,914000,15520000,682000,297000,528000,59500000,77441000,77787000,8898938944784872293
5,0049.txt,177,v055,0,64,57,702000,16813000,538000,232000,547000,55417000,74249000,74372000,6129627318974663299
5,0049.txt,177,v056,1,64,57,702000,17523000,523000,244000,519000,55261000,74772000,74886000,6129627318974663299
5,0050.txt,114,v055,1,64,40,254000,6876000,340000,122000,354000,41845000,49791000,49851000,7404888229228437290
5,0050.txt,114,v056,0,64,40,252000,6999000,313000,112000,349000,41988000,50013000,50082000,7404888229228437290
5,0051.txt,156,v055,0,64,50,251000,7611000,372000,124000,479000,54642000,63479000,63609000,2731687730261621710
5,0051.txt,156,v056,1,64,50,273000,7931000,364000,134000,480000,54252000,63434000,63512000,2731687730261621710
5,0052.txt,224,v055,1,64,41,454000,12654000,557000,218000,698000,110633000,125214000,125576000,10010023486144790586
5,0052.txt,224,v056,0,64,41,443000,12913000,480000,196000,631000,109542000,124205000,124511000,10010023486144790586
5,0053.txt,162,v055,0,64,60,240000,7713000,469000,180000,536000,42982000,52120000,52182000,9845802523960628012
5,0053.txt,162,v056,1,64,60,242000,8441000,446000,174000,511000,42584000,52398000,52473000,9845802523960628012
5,0054.txt,235,v055,1,64,32,733000,19030000,650000,246000,810000,31808000,53277000,53454000,8447118323873371613
5,0054.txt,235,v056,0,64,32,771000,19156000,636000,247000,820000,31418000,53048000,53155000,8447118323873371613
5,0055.txt,286,v055,0,64,35,1423000,27055000,663000,278000,908000,77684000,108011000,108281000,11533583684390915798
5,0055.txt,286,v056,1,64,35,1263000,27702000,656000,301000,948000,77327000,108197000,108400000,11533583684390915798
5,0056.txt,193,v055,1,64,39,474000,11688000,482000,180000,653000,63919000,77396000,77472000,1242787652055414265
5,0056.txt,193,v056,0,64,39,475000,11570000,450000,174000,571000,63970000,77210000,77291000,1242787652055414265
5,0057.txt,239,v055,0,64,54,803000,18806000,883000,334000,769000,61384000,82979000,83065000,9009611972586096755
5,0057.txt,239,v056,1,64,54,805000,19457000,863000,339000,775000,61014000,83253000,83324000,9009611972586096755
5,0058.txt,225,v055,1,64,35,602000,17178000,669000,275000,621000,96800000,116145000,116219000,9489166609703044991
5,0058.txt,225,v056,0,64,35,590000,17520000,643000,254000,616000,96372000,115995000,116088000,9489166609703044991
5,0059.txt,179,v055,0,64,48,107000,4713000,232000,84000,828000,35522000,41486000,41534000,11940462588535546885
5,0059.txt,179,v056,1,64,48,106000,4819000,212000,71000,809000,35286000,41303000,41365000,11940462588535546885
5,0060.txt,197,v055,1,64,37,224000,9856000,418000,153000,554000,36689000,47894000,47952000,2284706829366959548
5,0060.txt,197,v056,0,64,37,225000,10501000,413000,133000,551000,35732000,47555000,47623000,2284706829366959548
5,0061.txt,171,v055,0,64,44,694000,16539000,778000,279000,309000,31480000,50079000,50177000,1378591167984923730
5,0061.txt,171,v056,1,64,44,684000,16666000,742000,311000,333000,31632000,50368000,50425000,1378591167984923730
5,0062.txt,197,v055,1,64,40,479000,11921000,385000,160000,628000,81070000,94643000,94746000,9739813166833192039
5,0062.txt,197,v056,0,64,40,477000,12114000,378000,166000,639000,82222000,95996000,96083000,9739813166833192039
5,0063.txt,228,v055,0,64,43,530000,16378000,800000,288000,655000,74732000,93383000,93446000,15701388375862983760
5,0063.txt,228,v056,1,64,43,530000,16577000,762000,272000,669000,75032000,93842000,93936000,15701388375862983760
5,0064.txt,203,v055,1,64,52,390000,8494000,715000,254000,637000,32775000,43265000,43322000,10978536969957682288
5,0064.txt,203,v056,0,64,52,392000,8790000,683000,266000,632000,34185000,44948000,45019000,10978536969957682288
5,0065.txt,185,v055,0,64,43,188000,8244000,472000,135000,593000,51194000,60826000,60902000,2692879391604841810
5,0065.txt,185,v056,1,64,43,187000,8397000,437000,131000,594000,51735000,61481000,61538000,2692879391604841810
5,0066.txt,205,v055,1,64,30,935000,22568000,915000,318000,665000,55646000,81047000,81411000,3440753162604613155
5,0066.txt,205,v056,0,64,30,923000,22382000,863000,338000,594000,55516000,80616000,80711000,3440753162604613155
5,0067.txt,179,v055,0,64,37,330000,10735000,525000,168000,562000,41077000,53397000,53484000,518537980846609178
5,0067.txt,179,v056,1,64,37,392000,11053000,499000,181000,730000,40969000,53824000,53910000,518537980846609178
5,0068.txt,324,v055,1,64,51,1895000,41546000,1650000,635000,1179000,163481000,210386000,210519000,3010506433124712658
5,0068.txt,324,v056,0,64,51,1895000,42424000,1619000,662000,1173000,163297000,211070000,211185000,3010506433124712658
5,0069.txt,111,v055,0,64,50,248000,7829000,353000,129000,382000,61682000,70623000,70683000,401141176791929579
5,0069.txt,111,v056,1,64,50,239000,8157000,316000,132000,385000,61905000,71134000,71358000,401141176791929579
5,0070.txt,311,v055,1,64,31,1211000,34082000,1034000,382000,1256000,270457000,308422000,308791000,3174923369749020954
5,0070.txt,311,v056,0,64,31,1222000,35020000,1010000,383000,1280000,279439000,318354000,467878000,3174923369749020954
5,0071.txt,283,v055,0,64,51,1214000,27272000,1424000,569000,993000,224592000,256064000,256478000,18275660328933919546
5,0071.txt,283,v056,1,64,51,1214000,28763000,1439000,607000,932000,224546000,257501000,257920000,18275660328933919546
5,0072.txt,180,v055,1,64,53,140000,7626000,344000,113000,538000,105489000,114250000,114411000,12224339061634710834
5,0072.txt,180,v056,0,64,53,139000,8041000,334000,108000,542000,104687000,113851000,114040000,12224339061634710834
5,0073.txt,159,v055,0,64,56,768000,15433000,754000,290000,528000,118585000,136358000,136680000,10182950326237673119
5,0073.txt,159,v056,1,64,56,753000,15610000,715000,284000,527000,118650000,136539000,136764000,10182950326237673119
5,0074.txt,106,v055,1,64,47,226000,6079000,241000,92000,414000,48130000,55182000,55315000,1816062131706021092
5,0074.txt,106,v056,0,64,47,222000,6682000,227000,88000,412000,48180000,55811000,55968000,1816062131706021092
5,0075.txt,272,v055,0,64,35,1004000,26553000,1007000,341000,736000,93390000,123031000,123268000,13103987032980397401
5,0075.txt,272,v056,1,64,35,1001000,27354000,993000,344000,736000,94647000,125075000,125246000,13103987032980397401
5,0076.txt,187,v055,1,64,48,765000,16727000,802000,281000,675000,76118000,95368000,95433000,17180050780777750190
5,0076.txt,187,v056,0,64,48,768000,16886000,750000,292000,594000,76630000,95920000,96064000,17180050780777750190
5,0077.txt,108,v055,0,64,47,174000,5092000,241000,83000,430000,78582000,84602000,84674000,16439210750581027355
5,0077.txt,108,v056,1,64,47,170000,5372000,219000,77000,423000,78678000,84939000,85043000,16439210750581027355
5,0078.txt,218,v055,1,64,39,734000,19135000,690000,254000,740000,84577000,106130000,106236000,16017285524825103905
5,0078.txt,218,v056,0,64,39,746000,19631000,677000,254000,731000,84581000,106620000,106690000,16017285524825103905
5,0079.txt,140,v055,0,64,44,87000,4498000,228000,73000,435000,48371000,53692000,53747000,6403767646850799369
5,0079.txt,140,v056,1,64,44,86000,5074000,222000,75000,428000,48065000,53950000,54001000,6403767646850799369
5,0080.txt,167,v055,1,64,48,520000,15188000,518000,209000,652000,105971000,123058000,123285000,9626972428735276528
5,0080.txt,167,v056,0,64,48,536000,15970000,496000,190000,648000,105013000,122853000,123137000,9626972428735276528
5,0081.txt,251,v055,0,64,51,1638000,42895000,1290000,479000,796000,122354000,169452000,169547000,17620279889268604133
5,0081.txt,251,v056,1,64,51,1617000,43294000,1263000,517000,796000,122810000,170297000,170401000,17620279889268604133
5,0082.txt,223,v055,1,64,39,1088000,22154000,781000,321000,695000,129667000,154706000,154851000,14011127803163096471
5,0082.txt,223,v056,0,64,39,1089000,22272000,747000,330000,705000,129779000,154922000,154987000,14011127803163096471
5,0083.txt,130,v055,0,64,39,411000,10996000,373000,148000,426000,68826000,81180000,81260000,16708713439459758159
5,0083.txt,130,v056,1,64,39,410000,10886000,339000,126000,413000,68548000,80722000,80784000,16708713439459758159
5,0084.txt,202,v055,1,64,45,1200000,24937000,846000,352000,676000,176631000,204642000,204767000,5776255337602728319
5,0084.txt,202,v056,0,64,45,1181000,24861000,824000,359000,668000,177453000,205346000,205484000,5776255337602728319
5,0085.txt,246,v055,0,64,52,384000,9409000,655000,251000,842000,33643000,45184000,45275000,3576416962009350065
5,0085.txt,246,v056,1,64,52,387000,9915000,652000,268000,843000,33887000,45952000,46011000,3576416962009350065
5,0086.txt,96,v055,1,64,42,136000,4237000,274000,80000,306000,115478000,120511000,120671000,573914775549972413
5,0086.txt,96,v056,0,64,42,143000,4416000,248000,74000,316000,115066000,120263000,120345000,573914775549972413
5,0087.txt,212,v055,0,64,54,253000,7681000,406000,151000,684000,54551000,63726000,63782000,17054705058765699979
5,0087.txt,212,v056,1,64,54,255000,8025000,387000,149000,688000,56104000,65608000,65684000,17054705058765699979
5,0088.txt,199,v055,1,64,52,369000,9366000,506000,190000,631000,64045000,75107000,75257000,11338808711507850348
5,0088.txt,199,v056,0,64,52,371000,10055000,477000,196000,642000,64005000,75746000,75835000,11338808711507850348
5,0089.txt,290,v055,0,64,41,1173000,29858000,1024000,413000,983000,96560000,130011000,130198000,4138778922105874312
5,0089.txt,290,v056,1,64,41,1176000,30181000,1016000,425000,982000,97179000,130959000,131206000,4138778922105874312
5,0090.txt,207,v055,1,64,36,217000,7854000,458000,146000,618000,46751000,56044000,56159000,17859897952400767448
5,0090.txt,207,v056,0,64,36,214000,8344000,425000,137000,621000,47685000,57426000,57542000,17859897952400767448
5,0091.txt,127,v055,0,64,49,254000,5375000,260000,110000,460000,28888000,35347000,35413000,12578692012870422577
5,0091.txt,127,v056,1,64,49,247000,5600000,247000,100000,404000,28992000,35590000,35657000,12578692012870422577
5,0092.txt,300,v055,1,64,24,2241000,25846000,1149000,364000,751000,73101000,103452000,103629000,4933549780794552966
5,0092.txt,300,v056,0,64,24,2237000,26477000,1095000,371000,729000,72621000,103530000,103706000,4933549780794552966
5,0093.txt,101,v055,0,64,58,112000,5614000,343000,96000,285000,31843000,38293000,38367000,2608640644662118367
5,0093.txt,101,v056,1,64,58,112000,5822000,317000,109000,278000,31946000,38584000,38674000,2608640644662118367
5,0094.txt,259,v055,1,64,59,255000,7804000,496000,198000,705000,49849000,59307000,59488000,12709919675615041441
5,0094.txt,259,v056,0,64,59,249000,9387000,515000,195000,747000,51386000,62479000,63385000,12709919675615041441
5,0095.txt,180,v055,0,64,46,862000,20474000,669000,268000,510000,55328000,78111000,78322000,5526592668055396031
5,0095.txt,180,v056,1,64,46,865000,20345000,624000,290000,576000,55348000,78048000,78232000,5526592668055396031
5,0096.txt,139,v055,1,64,62,193000,6534000,309000,111000,433000,32771000,40351000,40511000,2538599436080739106
5,0096.txt,139,v056,0,64,62,196000,6572000,277000,116000,449000,32473000,40083000,40131000,2538599436080739106
5,0097.txt,281,v055,0,64,31,1295000,39615000,1505000,477000,756000,54138000,97786000,97960000,15465399488680359742
5,0097.txt,281,v056,1,64,31,1282000,40192000,1479000,460000,786000,54239000,98438000,98564000,15465399488680359742
5,0098.txt,152,v055,1,64,55,269000,7147000,511000,152000,592000,41929000,50600000,50682000,13144959898922110880
5,0098.txt,152,v056,0,64,55,272000,7822000,485000,157000,575000,41663000,50974000,51136000,13144959898922110880
5,0099.txt,244,v055,0,64,37,493000,11586000,543000,178000,768000,168480000,182048000,182440000,12651571196149036617
5,0099.txt,244,v056,1,64,37,503000,12654000,579000,203000,809000,168384000,183132000,183573000,12651571196149036617
