case,key,before,after,current_before,current_after,saved,preference_changed,probability_changed,heavy_kind,us
0000.txt,9047599593789624016,44,44,43,43,0,0,0,2,760
0000.txt,10617334769590141132,43,43,43,43,0,0,0,4,289
0000.txt,4325467423782471724,43,43,43,43,0,0,0,5,278
0000.txt,322646318841397264,43,43,43,43,0,0,0,6,43313
0000.txt,10030751572872630398,43,43,43,43,0,0,0,-1,30
0000.txt,15517026116888352347,44,44,43,43,0,0,0,-1,28
0000.txt,7058479711393265240,43,43,43,43,0,0,0,-1,27
0000.txt,12477472924860482759,43,43,43,43,0,0,0,-1,26
0000.txt,6336720308864750724,43,43,43,43,0,0,0,-1,26
0000.txt,18404534551500670329,43,43,43,43,0,0,0,-1,26
0000.txt,2076003185386298522,45,45,43,43,0,0,0,-1,27
0000.txt,17371959175779877784,43,43,43,43,0,0,0,-1,26
0000.txt,9480931305912422496,43,43,43,43,0,0,0,-1,26
0000.txt,4368108036130502894,43,43,43,43,0,0,0,-1,26
0000.txt,14067286414197718358,43,43,43,43,0,0,0,-1,27
0000.txt,5152459526817763109,43,43,43,43,0,0,0,-1,26
0000.txt,12291006832092087638,43,43,43,43,0,0,0,-1,27
0000.txt,5819404824664321164,44,44,43,43,0,0,0,-1,27
0000.txt,5667034848317898368,43,43,43,43,0,0,0,-1,26
0000.txt,7792855413938517222,44,44,43,43,0,0,0,-1,26
0000.txt,11833965910403831368,44,44,43,43,0,0,0,-1,28
0000.txt,5464510488787805256,43,43,43,43,0,0,0,-1,27
0000.txt,1825775775843087955,43,43,43,43,0,0,0,-1,33
0000.txt,7615753211428412060,43,43,43,43,0,0,0,-1,30
0000.txt,8479143277792438263,43,43,43,43,0,0,0,-1,26
0000.txt,9629412290520450673,43,43,43,43,0,0,0,-1,26
0000.txt,2975691158868390591,43,43,43,43,0,0,0,-1,26
0000.txt,4608753441923792695,43,43,43,43,0,0,0,-1,27
0000.txt,13576511735255258093,43,43,43,43,0,0,0,-1,26
0000.txt,16587166115459936799,43,43,43,43,0,0,0,-1,26
0000.txt,9690589859868357276,43,43,43,43,0,0,0,-1,27
0000.txt,8601410476558280473,43,43,43,43,0,0,0,-1,26
0000.txt,9693630344119431958,45,45,43,43,0,0,0,-1,27
0000.txt,14890981299691724335,43,43,43,43,0,0,0,-1,26
0000.txt,4098243927013406942,43,43,43,43,0,0,0,-1,26
0000.txt,798922790919018073,43,43,43,43,0,0,0,-1,26
0000.txt,8872953859267541404,43,43,43,43,0,0,0,-1,26
0000.txt,12381933549317865053,43,43,43,43,0,0,0,-1,26
0000.txt,5153608355855863427,43,43,43,43,0,0,0,-1,26
0000.txt,5057651548878108622,43,43,43,43,0,0,0,-1,26
0000.txt,6767534266540453948,43,43,43,43,0,0,0,-1,26
0001.txt,18172111217572952075,109,109,106,106,0,0,0,2,1421
0001.txt,5771604285054592998,106,106,106,106,0,0,0,4,576
0001.txt,3855653557855213384,106,106,106,106,0,0,0,5,720
0001.txt,16408935982974037810,106,106,106,106,0,0,0,6,146610
0001.txt,16343869421887736588,109,109,106,106,0,0,0,-1,46
0001.txt,16188502259084211155,106,106,106,106,0,0,0,-1,42
0001.txt,11237389446142676845,107,107,106,106,0,0,0,-1,41
0001.txt,13050714764978852691,108,108,106,106,0,0,0,-1,41
0001.txt,3972441366211879887,106,106,106,106,0,0,0,-1,40
0001.txt,18312392819700600527,106,106,106,106,0,0,0,-1,41
0001.txt,3490266480368525850,106,106,106,106,0,0,0,-1,40
0001.txt,16462512383696510062,110,110,106,106,0,0,0,-1,41
0001.txt,2410190724424693490,106,106,106,106,0,0,0,-1,40
0001.txt,5333253007152601512,108,108,106,106,0,0,0,-1,40
0001.txt,10602049384617509468,106,106,106,106,0,0,0,-1,40
0001.txt,16497652982053585585,106,106,106,106,0,0,0,-1,39
0001.txt,12781201766808364974,106,106,106,106,0,0,0,-1,39
0001.txt,8569805240236889795,106,106,106,106,0,0,0,-1,39
0001.txt,13257300632152286574,107,107,106,106,0,0,0,-1,40
0001.txt,15957929726345641158,106,106,106,106,0,0,0,-1,39
0001.txt,5197651047410160957,106,106,106,106,0,0,0,-1,39
0001.txt,10658686399495717606,106,106,106,106,0,0,0,-1,39
0001.txt,11593428312110884336,108,108,106,106,0,0,0,-1,40
0001.txt,4547399057724531205,108,108,106,106,0,0,0,-1,40
0001.txt,6512740723204420073,106,106,106,106,0,0,0,-1,40
0001.txt,5802477920697570690,106,106,106,106,0,0,0,-1,40
0001.txt,16434972953964868890,107,107,106,106,0,0,0,-1,40
0001.txt,11717993168952927182,109,109,106,106,0,0,0,-1,40
0001.txt,11143248360476831961,110,110,106,106,0,0,0,-1,40
0001.txt,3097427913080168140,106,106,106,106,0,0,0,-1,40
0001.txt,10263868277788843615,106,106,106,106,0,0,0,-1,42
0001.txt,18104155277529890985,106,106,106,106,0,0,0,-1,40
0001.txt,1402657616122794772,106,106,106,106,0,0,0,-1,39
0001.txt,8025391895937499833,106,106,106,106,0,0,0,-1,40
0001.txt,11534548400839178369,106,106,106,106,0,0,0,-1,39
0001.txt,3769418459669020169,106,106,106,106,0,0,0,-1,39
0002.txt,7775152004133877801,115,113,111,111,2,0,1,2,1894
0002.txt,13059892635244316488,115,115,111,111,0,0,0,4,657
0002.txt,7758942436207338637,111,111,111,111,0,0,0,5,715
0002.txt,10328292515446890361,111,110,111,111,1,1,0,6,43295
0002.txt,3613594568242497382,111,111,111,111,0,0,0,-1,44
0002.txt,8344366634736379111,113,113,111,111,0,0,0,-1,43
0002.txt,2496248712838029464,114,114,111,111,0,0,0,-1,42
0002.txt,15440174202960669493,111,111,111,111,0,0,0,-1,41
0002.txt,18262038770251136524,111,111,111,111,0,0,0,-1,43
0002.txt,8045137178111662959,111,111,111,111,0,0,0,-1,45
0002.txt,752743755639024728,111,111,111,111,0,0,0,-1,44
0002.txt,15222819112483530329,111,111,111,111,0,0,0,-1,45
0002.txt,9364625451606564118,111,111,111,111,0,0,0,-1,47
0002.txt,14815642860798493662,111,111,111,111,0,0,0,-1,44
0002.txt,9936682818343456586,115,115,111,111,0,0,0,-1,46
0002.txt,14264603380300853381,111,111,111,111,0,0,0,-1,45
0002.txt,5242767859559504867,111,111,111,111,0,0,0,-1,45
0002.txt,16889607475085168860,111,111,111,111,0,0,0,-1,45
0002.txt,18036498758307723903,111,111,111,111,0,0,0,-1,44
0002.txt,12326242798344933194,112,112,111,111,0,0,0,-1,45
0002.txt,10967722322506026063,111,111,111,111,0,0,0,-1,44
0002.txt,17066424023751641648,111,111,111,111,0,0,0,-1,46
0002.txt,12260196795106087504,115,115,111,111,0,0,0,-1,45
0002.txt,1698526449461547109,114,112,111,111,2,0,1,-1,155
0002.txt,18043677539621604893,111,111,111,111,0,0,0,-1,45
0002.txt,12986817203559742070,111,111,111,111,0,0,0,-1,44
0002.txt,7791552459434253839,111,111,111,111,0,0,0,-1,44
0002.txt,5547949381885031229,111,111,111,111,0,0,0,-1,45
0002.txt,16431083962226474271,111,111,111,111,0,0,0,-1,45
0002.txt,11010641068435392504,111,111,111,111,0,0,0,-1,45
0002.txt,5337760383375031788,111,111,111,111,0,0,0,-1,45
0002.txt,1077925857021765335,111,111,111,111,0,0,0,-1,45
0002.txt,1647456768435805075,111,111,111,111,0,0,0,-1,45
0002.txt,8394580025232610990,111,111,111,111,0,0,0,-1,45
0002.txt,4532177299071077813,111,111,111,111,0,0,0,-1,45
0002.txt,10025609404993138341,111,111,111,111,0,0,0,-1,45
0002.txt,2863234846874212372,115,115,111,111,0,0,0,-1,45
0002.txt,14470905905828559742,111,111,111,111,0,0,0,-1,45
0002.txt,2281098374047680064,111,111,111,111,0,0,0,-1,44
0002.txt,467773055211504218,111,111,111,111,0,0,0,-1,44
0002.txt,16726549673278099415,111,111,111,111,0,0,0,-1,44
0002.txt,9603198504678264706,115,115,111,111,0,0,0,-1,45
0002.txt,18186059814345008811,111,111,111,111,0,0,0,-1,44
0002.txt,8543982193907127665,111,111,111,111,0,0,0,-1,45
0002.txt,12958040069868616689,111,111,111,111,0,0,0,-1,45
0002.txt,6727525972858233681,113,113,111,111,0,0,0,-1,46
0002.txt,11140030559958655680,112,112,111,111,0,0,0,-1,44
0002.txt,13709637495196385908,111,111,111,111,0,0,0,-1,45
0002.txt,1230349378670165155,111,111,111,111,0,0,0,-1,45
0002.txt,15649560574169479353,111,111,111,111,0,0,0,-1,44
0002.txt,2643303719201392527,111,111,111,111,0,0,0,-1,44
0002.txt,16706162706971420047,111,111,111,111,0,0,0,-1,44
0002.txt,434861357321785744,111,111,111,111,0,0,0,-1,48
0002.txt,16473037761413774086,111,111,111,111,0,0,0,-1,44
0002.txt,18106100044469176190,111,111,111,111,0,0,0,-1,45
0002.txt,16149425086021805729,111,111,111,111,0,0,0,-1,45
0002.txt,12120618403179618396,114,112,111,111,2,0,1,-1,156
0002.txt,4137485661579638838,113,112,111,111,1,0,1,-1,151
0003.txt,6500050001020937829,133,132,132,132,1,0,1,2,2049
0003.txt,15646617595247076210,133,133,132,132,0,0,0,4,757
0003.txt,1112478730385971851,132,132,132,132,0,0,0,5,888
0003.txt,6947768662101825517,132,130,132,132,2,1,0,6,126203
0003.txt,11473017201788561992,132,132,132,132,0,0,0,-1,48
0003.txt,5284426786614487940,132,132,132,132,0,0,0,-1,47
0003.txt,16970078681950151663,133,133,132,132,0,0,0,-1,51
0003.txt,14827043646756601679,133,133,132,132,0,0,0,-1,51
0003.txt,4214412415894624893,132,132,132,132,0,0,0,-1,50
0003.txt,2308873376201069155,132,132,132,132,0,0,0,-1,50
0003.txt,9191393690470445606,133,133,132,132,0,0,0,-1,50
0003.txt,11927272091835398233,133,133,132,132,0,0,0,-1,50
0003.txt,10687695794970145045,133,133,132,132,0,0,0,-1,50
0003.txt,8646715591389729761,132,132,132,132,0,0,0,-1,50
0003.txt,11359116125330048238,133,133,132,132,0,0,0,-1,50
0003.txt,13465968542401235555,132,132,132,132,0,0,0,-1,49
0003.txt,17971578894721786709,132,132,132,132,0,0,0,-1,50
0003.txt,13417329471400618278,133,133,132,132,0,0,0,-1,50
0003.txt,6328185766310423670,132,132,132,132,0,0,0,-1,50
0003.txt,7591702002082307358,133,133,132,132,0,0,0,-1,50
0003.txt,2365680808928634746,132,132,132,132,0,0,0,-1,50
0003.txt,5242895374738741486,132,132,132,132,0,0,0,-1,50
0003.txt,13766876773133779624,132,132,132,132,0,0,0,-1,50
0003.txt,7398271387521802464,132,132,132,132,0,0,0,-1,50
0003.txt,894357819358638659,132,132,132,132,0,0,0,-1,49
0003.txt,937073878715518110,132,132,132,132,0,0,0,-1,50
0003.txt,12440813460589571020,134,133,132,132,1,0,1,-1,183
0003.txt,15566499780350462172,132,132,132,132,0,0,0,-1,57
0003.txt,2551070540407287316,132,132,132,132,0,0,0,-1,51
0003.txt,2557698759854563341,133,133,132,132,0,0,0,-1,50
0003.txt,15971887738360133929,132,132,132,132,0,0,0,-1,51
0003.txt,707465629139175997,132,132,132,132,0,0,0,-1,51
0003.txt,8475942915939222824,132,132,132,132,0,0,0,-1,54
0003.txt,2972950996168096290,132,132,132,132,0,0,0,-1,50
0003.txt,4336325984957757329,132,132,132,132,0,0,0,-1,50
0003.txt,10293617425666714427,132,132,132,132,0,0,0,-1,59
0003.txt,11176673617056541295,132,132,132,132,0,0,0,-1,56
0003.txt,10765373539777156433,132,132,132,132,0,0,0,-1,55
0003.txt,2885206011275293946,132,132,132,132,0,0,0,-1,47
0003.txt,11853881581773331423,132,132,132,132,0,0,0,-1,49
0003.txt,15143325992079166259,132,132,132,132,0,0,0,-1,46
0003.txt,11345281112136331692,132,132,132,132,0,0,0,-1,46
0003.txt,17228346625062788694,132,132,132,132,0,0,0,-1,48
0004.txt,9271534197082644619,255,253,255,254,2,1,0,2,4075
0004.txt,9021788473578279355,255,254,255,254,1,0,0,4,1379
0004.txt,16091857874506501273,255,254,255,254,1,0,0,-1,268
0004.txt,11521480121517663124,255,254,255,254,1,0,0,5,1817
0004.txt,17685833047946171608,257,252,255,254,5,1,1,6,143492
0004.txt,7058479711393265240,255,254,255,254,1,0,0,-1,269
0004.txt,299941035005801165,254,253,255,254,1,0,0,-1,264
0004.txt,10100816555118490101,255,254,255,254,1,0,0,-1,264
0004.txt,13607085211511547434,257,256,255,254,1,0,0,-1,264
0004.txt,9941022224997987841,256,254,255,254,2,0,1,-1,267
0004.txt,15012630113973530888,255,254,255,254,1,0,0,-1,262
0004.txt,930622777178315482,256,255,255,254,1,0,0,-1,264
0004.txt,5374555785748773272,257,256,255,254,1,0,0,-1,283
0004.txt,2047992610811161512,257,256,255,254,1,0,0,-1,281
0004.txt,7019137607953200862,256,255,255,254,1,0,0,-1,282
0004.txt,2370453874923803800,256,255,255,254,1,0,0,-1,293
0004.txt,8236464968704273709,255,254,255,254,1,0,0,-1,294
0004.txt,5635606426847862577,255,254,255,254,1,0,0,-1,286
0004.txt,3983347286977498641,258,257,255,254,1,0,0,-1,286
0004.txt,13671753297420923009,258,257,255,254,1,0,0,-1,298
0004.txt,13076507151817448171,255,254,255,254,1,0,0,-1,289
0004.txt,17811787333099554519,258,257,255,254,1,0,0,-1,289
0004.txt,5918205631828452193,254,253,255,254,1,0,0,-1,280
0004.txt,2290670919899326066,255,254,255,254,1,0,0,-1,288
0004.txt,12149393560254818029,255,254,255,254,1,0,0,-1,280
0004.txt,7782062955596124927,257,256,255,254,1,0,0,-1,279
0004.txt,13335715582757364060,256,254,255,254,2,0,1,-1,292
0004.txt,16023763585113725094,255,254,255,254,1,0,0,-1,280
0004.txt,9843843910471554507,255,254,255,254,1,0,0,-1,291
0004.txt,11441499905397142310,255,254,255,254,1,0,0,-1,295
0004.txt,17995436525320258789,255,255,255,254,0,0,1,-1,78
0004.txt,7059274910728655784,256,255,255,254,1,0,0,-1,289
0004.txt,13030654939527619602,256,255,255,254,1,0,0,-1,303
0004.txt,12589580357475708451,255,254,255,254,1,0,0,-1,283
0004.txt,13577629615873963225,257,256,255,254,1,0,0,-1,286
0004.txt,5337760383375031788,255,254,255,254,1,0,0,-1,289
0004.txt,8207842210221479924,255,254,255,254,1,0,0,-1,283
0004.txt,4649815935314137590,257,256,255,254,1,0,0,-1,285
0004.txt,6404114820134456371,257,256,255,254,1,0,0,-1,295
0004.txt,10628636970791495492,256,255,255,254,1,0,0,-1,296
0004.txt,6967817748948813708,255,254,255,254,1,0,0,-1,288
0004.txt,2761789983471351418,256,255,255,254,1,0,0,-1,289
0004.txt,17603394345570651773,257,256,255,254,1,0,0,-1,292
0004.txt,15617601708145378901,256,254,255,254,2,0,1,-1,288
0004.txt,2774252158021925819,257,256,255,254,1,0,0,-1,288
0004.txt,8345689956295351329,256,255,255,254,1,0,0,-1,291
0004.txt,2872517429803239130,255,254,255,254,1,0,0,-1,288
0004.txt,2263249797190815280,257,256,255,254,1,0,0,-1,294
0005.txt,12961369429383858827,573,568,572,570,5,1,1,2,10350
0005.txt,17470569599079379918,575,574,572,570,1,0,0,4,3052
0005.txt,11572408002959495036,573,571,572,570,2,0,0,5,4925
0005.txt,9119579912354983753,573,569,572,570,4,1,1,6,107720
0005.txt,17863414503840831151,572,570,572,570,2,0,0,-1,583
0005.txt,6550798299113144784,574,572,572,570,2,0,0,-1,563
0005.txt,14801821795988082895,572,570,572,570,2,0,0,-1,562
0005.txt,5998519031406994588,573,571,572,570,2,0,0,-1,556
0005.txt,16595646456057767166,574,572,572,570,2,0,0,-1,556
0005.txt,4340601167519998519,570,568,572,570,2,0,0,-1,559
0005.txt,10721155021679466890,572,570,572,570,2,0,0,-1,607
0005.txt,3374805250892727447,574,572,572,570,2,0,0,-1,557
0005.txt,913388325179982677,570,568,572,570,2,0,0,-1,557
0005.txt,16440987187144574102,574,572,572,570,2,0,0,-1,557
0005.txt,2999483680349293892,569,567,572,570,2,0,0,-1,560
0005.txt,13073511495808484199,575,573,572,570,2,0,0,-1,580
0005.txt,5812285300405170268,572,570,572,570,2,0,0,-1,583
0005.txt,3038381383421176393,572,571,572,570,1,0,1,-1,564
0005.txt,1780374399581613074,571,570,572,570,1,1,0,-1,571
0005.txt,2438791043264463984,574,572,572,570,2,0,0,-1,595
0005.txt,12362680400372061749,571,570,572,570,1,1,0,-1,583
0005.txt,17493165485437590672,572,570,572,570,2,0,0,-1,544
0005.txt,15979961678249591491,575,573,572,570,2,0,0,-1,534
0005.txt,5676845735089562359,573,571,572,570,2,0,0,-1,518
0005.txt,2237704466813667955,572,570,572,570,2,0,0,-1,525
0005.txt,18246795814060234644,572,570,572,570,2,0,0,-1,519
0005.txt,5333253007152601512,572,570,572,570,2,0,0,-1,519
0005.txt,14804561958688377196,572,570,572,570,2,0,0,-1,516
0005.txt,18073780317202185479,570,568,572,570,2,0,0,-1,521
0005.txt,13750876803438085690,572,570,572,570,2,0,0,-1,538
0005.txt,8277881091797328378,572,570,572,570,2,0,0,-1,558
0005.txt,12381439922175507195,569,567,572,570,2,0,0,-1,557
0005.txt,4360483186476980175,569,567,572,570,2,0,0,-1,553
0005.txt,16733967826475799997,571,570,572,570,1,1,0,-1,553
0005.txt,18194191427524507823,573,571,572,570,2,0,0,-1,570
0005.txt,15864578378859207391,573,571,572,570,2,0,0,-1,581
0005.txt,10126836577920788625,573,571,572,570,2,0,0,-1,578
0005.txt,7978803241882673752,572,570,572,570,2,0,0,-1,576
0005.txt,14264131443575013221,572,570,572,570,2,0,0,-1,585
0005.txt,384522429116848106,573,571,572,570,2,0,0,-1,531
0006.txt,7620487180865363168,114,114,114,114,0,0,0,2,1490
0006.txt,15212501063717812567,118,118,114,114,0,0,0,4,604
0006.txt,15498916247620608517,115,115,114,114,0,0,0,5,736
0006.txt,17249602655937832796,115,115,114,114,0,0,0,6,95683
0006.txt,9218469403324389977,115,115,114,114,0,0,0,-1,55
0006.txt,5865893598668940575,115,115,114,114,0,0,0,-1,51
0006.txt,3912412625902073602,114,114,114,114,0,0,0,-1,42
0006.txt,41845975182073147,114,114,114,114,0,0,0,-1,42
0006.txt,1850261487905327737,116,116,114,114,0,0,0,-1,43
0006.txt,14325646248512836336,116,116,114,114,0,0,0,-1,41
0006.txt,7874826928172171439,114,114,114,114,0,0,0,-1,41
0006.txt,1495175667010766170,115,115,114,114,0,0,0,-1,41
0006.txt,8464542422379122067,115,115,114,114,0,0,0,-1,53
0006.txt,15546564451838027101,114,114,114,114,0,0,0,-1,41
0006.txt,13382572748399748968,114,114,114,114,0,0,0,-1,40
0006.txt,489224905922914842,115,115,114,114,0,0,0,-1,41
0006.txt,10262316519375915255,114,114,114,114,0,0,0,-1,41
0006.txt,17809253613777980152,115,115,114,114,0,0,0,-1,41
0006.txt,938729687465511817,115,115,114,114,0,0,0,-1,41
0006.txt,14842449159403583183,116,116,114,114,0,0,0,-1,41
0006.txt,10444308128420972244,114,114,114,114,0,0,0,-1,43
0006.txt,7605367528620210725,116,116,114,114,0,0,0,-1,41
0006.txt,16491818580795468322,117,117,114,114,0,0,0,-1,42
0006.txt,9157172408696502830,115,115,114,114,0,0,0,-1,41
0006.txt,17209906327325364678,115,115,114,114,0,0,0,-1,42
0006.txt,5242414229856795093,114,114,114,114,0,0,0,-1,41
0006.txt,11238301172310890579,117,117,114,114,0,0,0,-1,47
0006.txt,13608087592791452255,114,114,114,114,0,0,0,-1,41
0006.txt,17036321246171061062,114,114,114,114,0,0,0,-1,41
0006.txt,15015495076671341717,114,114,114,114,0,0,0,-1,40
0006.txt,11402629977764375373,115,115,114,114,0,0,0,-1,41
0006.txt,14102307717223700621,115,115,114,114,0,0,0,-1,41
0006.txt,3494870212794689033,115,115,114,114,0,0,0,-1,42
0006.txt,15885119847822118823,115,115,114,114,0,0,0,-1,42
0006.txt,13833583967554393097,116,116,114,114,0,0,0,-1,42
0006.txt,13559123607293482978,114,114,114,114,0,0,0,-1,41
0006.txt,10721155021679466890,114,114,114,114,0,0,0,-1,41
0006.txt,891971286361054132,114,114,114,114,0,0,0,-1,41
0006.txt,1438866584870348633,115,115,114,114,0,0,0,-1,41
0006.txt,1402785131302031391,114,114,114,114,0,0,0,-1,41
0006.txt,18397309701963137574,114,114,114,114,0,0,0,-1,41
0006.txt,4206055187675989788,116,116,114,114,0,0,0,-1,41
0006.txt,17886888126982722817,114,114,114,114,0,0,0,-1,41
0006.txt,3822104293160331844,114,114,114,114,0,0,0,-1,41
0006.txt,7148080784729587450,114,114,114,114,0,0,0,-1,42
0006.txt,18004471134674779864,114,114,114,114,0,0,0,-1,45
0006.txt,829732827905018207,116,116,114,114,0,0,0,-1,41
0006.txt,9960189214204127345,115,115,114,114,0,0,0,-1,41
0007.txt,5457648726851257039,119,119,119,119,0,0,0,2,1423
0007.txt,1331793576896313917,119,119,119,119,0,0,0,4,553
0007.txt,285391674930898145,120,120,119,119,0,0,0,5,756
0007.txt,17041182252096201112,119,118,119,119,1,1,0,6,12920
0007.txt,1470606156638425349,119,119,119,119,0,0,0,-1,44
0007.txt,13595599057696119939,120,120,119,119,0,0,0,-1,43
0007.txt,10506369772025653282,119,119,119,119,0,0,0,-1,43
0007.txt,10050497546945869103,119,119,119,119,0,0,0,-1,43
0007.txt,8333470225185585100,120,119,119,119,1,0,1,-1,153
0007.txt,17801625042983275033,119,119,119,119,0,0,0,-1,43
0007.txt,18122374611822008540,123,123,119,119,0,0,0,-1,43
0007.txt,5635783241699217464,119,119,119,119,0,0,0,-1,43
0007.txt,6213038591288069418,119,119,119,119,0,0,0,-1,43
0007.txt,4977199313691164471,119,119,119,119,0,0,0,-1,42
0007.txt,8303190632753649627,119,119,119,119,0,0,0,-1,43
0007.txt,12164523347773790265,123,123,119,119,0,0,0,-1,43
0007.txt,6505446653107847298,121,121,119,119,0,0,0,-1,43
0007.txt,3709566534210568771,119,119,119,119,0,0,0,-1,42
0007.txt,12959454588679455785,119,119,119,119,0,0,0,-1,43
0007.txt,10443159299382871926,121,121,119,119,0,0,0,-1,42
0007.txt,8122012613482766269,120,120,119,119,0,0,0,-1,43
0007.txt,7391272854775702674,119,119,119,119,0,0,0,-1,43
0007.txt,1765665838319865347,120,120,119,119,0,0,0,-1,42
0007.txt,14364692471802557021,122,122,119,119,0,0,0,-1,43
0007.txt,15734339478264132793,119,119,119,119,0,0,0,-1,43
0007.txt,8122152568266575624,119,119,119,119,0,0,0,-1,43
0007.txt,3858226113860259031,119,119,119,119,0,0,0,-1,42
0007.txt,15586880546080762658,119,119,119,119,0,0,0,-1,43
0007.txt,6422255575611323428,119,119,119,119,0,0,0,-1,42
0007.txt,10375301006910225127,119,119,119,119,0,0,0,-1,43
0007.txt,11140030559958655680,119,119,119,119,0,0,0,-1,43
0007.txt,6878393490463846385,119,119,119,119,0,0,0,-1,42
0007.txt,17665636569327181276,119,119,119,119,0,0,0,-1,43
0007.txt,2731166219234980935,121,121,119,119,0,0,0,-1,43
0007.txt,12135433725394179333,120,120,119,119,0,0,0,-1,42
0007.txt,14475059599031730265,119,119,119,119,0,0,0,-1,42
0007.txt,7799016782549208962,121,120,119,119,1,0,1,-1,152
0007.txt,5230053209940699396,119,119,119,119,0,0,0,-1,46
0007.txt,14857509642520583582,119,119,119,119,0,0,0,-1,45
0007.txt,11956164101818661460,119,119,119,119,0,0,0,-1,45
0007.txt,16391271452508708398,121,121,119,119,0,0,0,-1,45
0007.txt,11306281203884776576,121,121,119,119,0,0,0,-1,46
0007.txt,5122356749237182523,119,119,119,119,0,0,0,-1,45
0007.txt,17948074904486735653,120,120,119,119,0,0,0,-1,46
0007.txt,13106256299695318983,119,119,119,119,0,0,0,-1,45
0007.txt,1250818084330436637,119,119,119,119,0,0,0,-1,45
0007.txt,10871153421663681702,120,120,119,119,0,0,0,-1,46
0007.txt,11172343055685465906,120,120,119,119,0,0,0,-1,46
0008.txt,3316080995535323210,126,125,124,124,1,0,1,2,1766
0008.txt,2108926579005285533,127,127,124,124,0,0,0,4,706
0008.txt,14927241539417812356,127,127,124,124,0,0,0,5,824
0008.txt,18256988715702332195,126,124,124,124,2,0,1,6,92799
0008.txt,11605477302196501753,126,126,124,124,0,0,0,-1,46
0008.txt,17705653077015203644,124,124,124,124,0,0,0,-1,48
0008.txt,5605503649267281991,126,126,124,124,0,0,0,-1,48
0008.txt,4010978360128793774,124,124,124,124,0,0,0,-1,47
0008.txt,12044266302447141732,125,125,124,124,0,0,0,-1,47
0008.txt,4906375151063457525,126,126,124,124,0,0,0,-1,48
0008.txt,17453173838537986925,124,124,124,124,0,0,0,-1,47
0008.txt,13831374249408163457,124,124,124,124,0,0,0,-1,47
0008.txt,4271475867288626596,124,124,124,124,0,0,0,-1,46
0008.txt,16909904105698771417,124,124,124,124,0,0,0,-1,51
0008.txt,16523071568560381008,124,124,124,124,0,0,0,-1,47
0008.txt,13056692160260619213,125,125,124,124,0,0,0,-1,48
0008.txt,6098263462280637406,124,124,124,124,0,0,0,-1,46
0008.txt,16009468261246991180,124,124,124,124,0,0,0,-1,47
0008.txt,14316003937034319796,124,124,124,124,0,0,0,-1,46
0008.txt,14424691291186990999,124,124,124,124,0,0,0,-1,54
0008.txt,705650157569434607,124,124,124,124,0,0,0,-1,51
0008.txt,12535187599921062284,124,124,124,124,0,0,0,-1,57
0008.txt,18026570063997266588,124,124,124,124,0,0,0,-1,46
0008.txt,17706271461499239301,124,124,124,124,0,0,0,-1,50
0008.txt,6273951405854650138,124,124,124,124,0,0,0,-1,46
0008.txt,4251621985731776379,124,124,124,124,0,0,0,-1,50
0008.txt,8722793601067348248,124,124,124,124,0,0,0,-1,46
0008.txt,17915022709673032033,124,124,124,124,0,0,0,-1,46
0008.txt,9477395943876737651,125,125,124,124,0,0,0,-1,47
0008.txt,6599251213494285505,127,127,124,124,0,0,0,-1,48
0008.txt,2023749660055011405,124,124,124,124,0,0,0,-1,47
0008.txt,15168181822652928755,124,124,124,124,0,0,0,-1,46
0008.txt,10631200318640434906,124,124,124,124,0,0,0,-1,47
0008.txt,11413960475665501138,124,124,124,124,0,0,0,-1,47
0008.txt,4900098595363676776,125,125,124,124,0,0,0,-1,46
0008.txt,12777865909009226838,124,124,124,124,0,0,0,-1,47
0008.txt,2945411566436455118,124,124,124,124,0,0,0,-1,50
0008.txt,6906969642786836371,124,124,124,124,0,0,0,-1,50
0008.txt,14717234073852756604,126,126,124,124,0,0,0,-1,48
0008.txt,8805510223081930419,125,125,124,124,0,0,0,-1,47
0008.txt,13012386743628851331,124,124,124,124,0,0,0,-1,47
0008.txt,10596243527593437474,124,124,124,124,0,0,0,-1,47
0008.txt,14895496103879953648,124,124,124,124,0,0,0,-1,46
0008.txt,926030824980910050,125,125,124,124,0,0,0,-1,46
0008.txt,13775537103993586080,124,124,124,124,0,0,0,-1,46
0008.txt,4428313591291664066,124,124,124,124,0,0,0,-1,52
0008.txt,16558565796620166305,124,124,124,124,0,0,0,-1,46
0008.txt,6305556642176040816,124,124,124,124,0,0,0,-1,46
0008.txt,14803538917955756280,124,124,124,124,0,0,0,-1,50
0008.txt,15923225735094998928,124,124,124,124,0,0,0,-1,46
0008.txt,12801869976705183165,124,124,124,124,0,0,0,-1,50
0008.txt,15615834494623242926,124,124,124,124,0,0,0,-1,46
0009.txt,5164041059189671887,84,83,83,83,1,0,1,2,1481
0009.txt,18179595446225894473,84,84,83,83,0,0,0,4,531
0009.txt,9518726624126517241,84,84,83,83,0,0,0,5,576
0009.txt,5504423164832086959,84,84,83,83,0,0,0,6,155062
0009.txt,10009092173117770582,83,83,83,83,0,0,0,-1,40
0009.txt,13859797753396579064,83,83,83,83,0,0,0,-1,36
0009.txt,12351021279544403837,83,83,83,83,0,0,0,-1,35
0009.txt,10756472434887897300,83,83,83,83,0,0,0,-1,35
0009.txt,2855987307951487795,84,84,83,83,0,0,0,-1,35
0009.txt,17494756819099784655,83,83,83,83,0,0,0,-1,35
0009.txt,18378343455043676184,83,83,83,83,0,0,0,-1,35
0009.txt,11043958267772590538,83,83,83,83,0,0,0,-1,35
0009.txt,7033168813589776416,84,84,83,83,0,0,0,-1,35
0009.txt,16086004812068031089,85,85,83,83,0,0,0,-1,36
0009.txt,7208463154742103509,83,83,83,83,0,0,0,-1,35
0009.txt,12023243395570747152,83,83,83,83,0,0,0,-1,35
0009.txt,17429159813459418772,83,83,83,83,0,0,0,-1,35
0009.txt,8400040574095719345,83,83,83,83,0,0,0,-1,35
0009.txt,7083879418637651764,84,84,83,83,0,0,0,-1,35
0009.txt,4421987985661933580,83,83,83,83,0,0,0,-1,35
0009.txt,2706003864602649526,83,83,83,83,0,0,0,-1,35
0009.txt,12120957755096913401,83,83,83,83,0,0,0,-1,35
0009.txt,414215836810159375,83,83,83,83,0,0,0,-1,35
0009.txt,3109004746256116462,85,85,83,83,0,0,0,-1,35
0009.txt,3285442932314093437,83,83,83,83,0,0,0,-1,35
0009.txt,14294382146045377990,83,83,83,83,0,0,0,-1,35
0009.txt,9939190063989791202,83,83,83,83,0,0,0,-1,36
0009.txt,16466755005137614455,83,83,83,83,0,0,0,-1,38
0009.txt,9883085145553449341,83,83,83,83,0,0,0,-1,37
0009.txt,3489736035814461189,83,83,83,83,0,0,0,-1,38
0009.txt,13805160463565977490,83,83,83,83,0,0,0,-1,37
0009.txt,12188275411225411290,83,83,83,83,0,0,0,-1,38
0009.txt,4464691893608223798,83,83,83,83,0,0,0,-1,38
0009.txt,13388317828581663453,83,83,83,83,0,0,0,-1,38
0009.txt,7030144147334820629,83,83,83,83,0,0,0,-1,38
0009.txt,4518268294330696050,83,83,83,83,0,0,0,-1,38
0009.txt,17613753410611267903,83,83,83,83,0,0,0,-1,38
0009.txt,10898501079908591444,83,83,83,83,0,0,0,-1,38
0009.txt,16261780642255464838,84,84,83,83,0,0,0,-1,38
0009.txt,11749156835641637090,83,83,83,83,0,0,0,-1,38
0009.txt,7006644524169291280,83,83,83,83,0,0,0,-1,38
0009.txt,17607250437329295489,83,83,83,83,0,0,0,-1,37
0009.txt,8369990676313931594,83,83,83,83,0,0,0,-1,38
0009.txt,16558983884985310931,83,83,83,83,0,0,0,-1,38
0009.txt,10574150495788611122,83,83,83,83,0,0,0,-1,38
0009.txt,2977988816944591227,83,83,83,83,0,0,0,-1,38
0009.txt,6091655466779001643,83,83,83,83,0,0,0,-1,37
0009.txt,14198440600487015970,83,83,83,83,0,0,0,-1,37
0009.txt,8693486022822158206,83,83,83,83,0,0,0,-1,38
0009.txt,2172279718756834331,84,84,83,83,0,0,0,-1,38
0009.txt,11139853745107300793,83,83,83,83,0,0,0,-1,41
0009.txt,17440296344120537968,83,83,83,83,0,0,0,-1,38
0009.txt,12079226499919894214,83,83,83,83,0,0,0,-1,38
0009.txt,2462264666406355650,83,83,83,83,0,0,0,-1,38
0009.txt,12542435138843786861,84,84,83,83,0,0,0,-1,39
0009.txt,865757500518868165,83,83,83,83,0,0,0,-1,38
0009.txt,11138712158270092210,83,83,83,83,0,0,0,-1,38
0010.txt,4950218526933127563,71,71,71,71,0,0,0,2,994
0010.txt,3592099803609166383,71,71,71,71,0,0,0,4,408
0010.txt,17426666461269454350,71,71,71,71,0,0,0,5,466
0010.txt,16522541124006316347,71,71,71,71,0,0,0,6,36257
0010.txt,3806695903080557988,73,73,71,71,0,0,0,-1,38
0010.txt,8150222442552281457,73,73,71,71,0,0,0,-1,36
0010.txt,5230099632180025312,71,71,71,71,0,0,0,-1,36
0010.txt,10596060416093366570,75,75,71,71,0,0,0,-1,38
0010.txt,13243053656183848683,72,72,71,71,0,0,0,-1,39
0010.txt,9662236101796748130,71,71,71,71,0,0,0,-1,35
0010.txt,10838825969301494933,71,71,71,71,0,0,0,-1,37
0010.txt,17415827820981090497,73,73,71,71,0,0,0,-1,37
0010.txt,14776764267149796283,71,71,71,71,0,0,0,-1,37
0010.txt,8448686870509147903,71,71,71,71,0,0,0,-1,39
0010.txt,16948045816724194057,71,71,71,71,0,0,0,-1,35
0010.txt,10751611428962757250,72,72,71,71,0,0,0,-1,34
0010.txt,6903262503411999717,71,71,71,71,0,0,0,-1,34
0010.txt,10992080019904692164,72,72,71,71,0,0,0,-1,35
0010.txt,16025973303259954734,73,73,71,71,0,0,0,-1,40
0010.txt,11170133337539236266,71,71,71,71,0,0,0,-1,35
0010.txt,14222159992514724662,75,75,71,71,0,0,0,-1,35
0010.txt,252899127061925271,71,71,71,71,0,0,0,-1,34
0010.txt,15660850980554593083,71,71,71,71,0,0,0,-1,34
0010.txt,8183985328849513437,72,72,71,71,0,0,0,-1,34
0010.txt,8344603987348434226,71,71,71,71,0,0,0,-1,35
0010.txt,13438712496971160634,71,71,71,71,0,0,0,-1,38
0010.txt,7057595637136490805,71,71,71,71,0,0,0,-1,34
0010.txt,10111851931145130593,71,71,71,71,0,0,0,-1,34
0010.txt,7979481664643072575,72,72,71,71,0,0,0,-1,34
0010.txt,10022427672660163270,71,71,71,71,0,0,0,-1,34
0010.txt,6302374909843065745,71,71,71,71,0,0,0,-1,34
0010.txt,4004400232235980339,71,71,71,71,0,0,0,-1,34
0010.txt,8056025118072145080,71,71,71,71,0,0,0,-1,34
0010.txt,7452997552273787929,71,71,71,71,0,0,0,-1,34
0010.txt,15012453299122176001,72,72,71,71,0,0,0,-1,34
0010.txt,7272734516493014187,72,72,71,71,0,0,0,-1,34
0010.txt,17106374548171431757,71,71,71,71,0,0,0,-1,33
0010.txt,16733330312987186910,71,71,71,71,0,0,0,-1,34
0010.txt,12914547197879985097,71,71,71,71,0,0,0,-1,34
0010.txt,3241736271906066916,71,71,71,71,0,0,0,-1,35
0010.txt,5767396871793232521,71,71,71,71,0,0,0,-1,35
0010.txt,6250248899691015247,71,71,71,71,0,0,0,-1,37
0010.txt,164643618501980018,71,71,71,71,0,0,0,-1,34
0010.txt,1528990621478386488,71,71,71,71,0,0,0,-1,34
0010.txt,16161043038258023432,71,71,71,71,0,0,0,-1,34
0010.txt,13619682792157353924,71,71,71,71,0,0,0,-1,34
0010.txt,11078322546056684416,71,71,71,71,0,0,0,-1,34
0011.txt,15226265599597831283,162,162,162,162,0,0,0,2,1372
0011.txt,4459211568207635196,165,165,162,162,0,0,0,4,896
0011.txt,18076702507022250675,162,162,162,162,0,0,0,5,718
0011.txt,8700947433089401754,163,163,162,162,0,0,0,6,248216
0011.txt,8187749573906941507,162,162,162,162,0,0,0,-1,58
0011.txt,2221442445761710962,162,162,162,162,0,0,0,-1,53
0011.txt,3085895473735200712,165,165,162,162,0,0,0,-1,60
0011.txt,11539121723516343433,163,163,162,162,0,0,0,-1,53
0011.txt,8674110517648984312,165,165,162,162,0,0,0,-1,52
0011.txt,4466547982051743664,162,162,162,162,0,0,0,-1,51
0011.txt,13066001232036909466,165,165,162,162,0,0,0,-1,53
0011.txt,8534907609374087960,163,163,162,162,0,0,0,-1,52
0011.txt,459964173162091049,162,162,162,162,0,0,0,-1,51
0011.txt,462055584285190303,164,164,162,162,0,0,0,-1,52
0011.txt,15084799710510170066,162,162,162,162,0,0,0,-1,51
0011.txt,17464858751311132908,165,165,162,162,0,0,0,-1,52
0011.txt,1826129405545797729,162,162,162,162,0,0,0,-1,50
0011.txt,3855653557855213384,163,163,162,162,0,0,0,-1,52
0011.txt,9748001903452865675,162,162,162,162,0,0,0,-1,54
0011.txt,13356358962557563001,162,162,162,162,0,0,0,-1,56
0011.txt,18288775245887209281,162,162,162,162,0,0,0,-1,56
0011.txt,5788153218045640260,162,162,162,162,0,0,0,-1,56
0011.txt,12542435138843786861,162,162,162,162,0,0,0,-1,55
0011.txt,15379821211733349950,162,162,162,162,0,0,0,-1,55
0011.txt,16915910135848738718,165,165,162,162,0,0,0,-1,56
0011.txt,15354189938615616982,162,162,162,162,0,0,0,-1,55
0011.txt,14929746135005868594,162,162,162,162,0,0,0,-1,56
0011.txt,1626694768841052101,166,166,162,162,0,0,0,-1,55
0011.txt,7208639969593458396,164,164,162,162,0,0,0,-1,55
0011.txt,3732149590121299860,162,162,162,162,0,0,0,-1,55
0011.txt,361270514677579997,164,164,162,162,0,0,0,-1,54
0011.txt,17018691308397661675,162,162,162,162,0,0,0,-1,54
0012.txt,11065468249635804806,128,128,126,126,0,0,0,2,1761
0012.txt,9994180983523102550,128,128,126,126,0,0,0,4,677
0012.txt,16440930970499889451,126,126,126,126,0,0,0,5,786
0012.txt,17050660133016023543,130,129,126,126,1,0,0,6,103368
0012.txt,13270711143196451710,128,128,126,126,0,0,0,-1,49
0012.txt,17868075017221461618,128,128,126,126,0,0,0,-1,47
0012.txt,8623775148970055954,128,128,126,126,0,0,0,-1,46
0012.txt,9732019223575369466,126,126,126,126,0,0,0,-1,47
0012.txt,18004647949526134751,126,126,126,126,0,0,0,-1,45
0012.txt,8874633132859706383,126,126,126,126,0,0,0,-1,78
0012.txt,508744643747989495,126,126,126,126,0,0,0,-1,53
0012.txt,3277249379228261112,126,126,126,126,0,0,0,-1,49
0012.txt,12302121215508190803,126,126,126,126,0,0,0,-1,49
0012.txt,9237545737418838394,126,126,126,126,0,0,0,-1,50
0012.txt,14600803152520695757,126,126,126,126,0,0,0,-1,48
0012.txt,9720052854946391767,129,129,126,126,0,0,0,-1,48
0012.txt,14286520032761400679,126,126,126,126,0,0,0,-1,43
0012.txt,6788880357057495171,127,127,126,126,0,0,0,-1,43
0012.txt,1089823340608962678,126,126,126,126,0,0,0,-1,43
0012.txt,6820044023746205079,126,126,126,126,0,0,0,-1,42
0012.txt,16035632747417058879,126,126,126,126,0,0,0,-1,42
0012.txt,4481134670986729907,126,126,126,126,0,0,0,-1,43
0012.txt,18094425837713811848,126,126,126,126,0,0,0,-1,43
0012.txt,6509332876347971847,126,126,126,126,0,0,0,-1,44
0012.txt,18190302435786113204,126,126,126,126,0,0,0,-1,43
0012.txt,2646947138479588672,126,126,126,126,0,0,0,-1,42
0012.txt,283021825529427609,126,126,126,126,0,0,0,-1,42
0012.txt,12958685374195679180,130,130,126,126,0,0,0,-1,43
0012.txt,8636086869214033383,126,126,126,126,0,0,0,-1,42
0012.txt,3263002403259823221,126,126,126,126,0,0,0,-1,42
0012.txt,8357052893877950940,126,126,126,126,0,0,0,-1,43
0012.txt,6420113334367967241,126,126,126,126,0,0,0,-1,43
0012.txt,12694839945325279462,126,126,126,126,0,0,0,-1,43
0012.txt,4283993781169155428,127,127,126,126,0,0,0,-1,43
0012.txt,15976106061184083613,130,130,126,126,0,0,0,-1,44
0012.txt,15372448926129658824,126,126,126,126,0,0,0,-1,42
0012.txt,5755310277764765373,130,130,126,126,0,0,0,-1,43
0012.txt,15160403839176139517,126,126,126,126,0,0,0,-1,42
0012.txt,7242631738912433601,126,126,126,126,0,0,0,-1,42
0012.txt,5093933245248766916,126,126,126,126,0,0,0,-1,42
0013.txt,5126195452995496000,184,183,183,183,1,0,1,2,1860
0013.txt,5036291037936545158,185,185,183,183,0,0,0,4,1023
0013.txt,4427164762253563748,184,183,183,183,1,0,1,5,1074
0013.txt,8864835615674031086,185,185,183,183,0,0,0,6,201943
0013.txt,7638828853385121269,183,183,183,183,0,0,0,-1,61
0013.txt,6531158884357539308,185,185,183,183,0,0,0,-1,57
0013.txt,4836742217102875714,185,185,183,183,0,0,0,-1,56
0013.txt,1403364875528214320,183,183,183,183,0,0,0,-1,60
0013.txt,18232107810599291774,183,183,183,183,0,0,0,-1,60
0013.txt,16861220832388916571,186,186,183,183,0,0,0,-1,61
0013.txt,8449325564932995069,185,185,183,183,0,0,0,-1,60
0013.txt,4392562339475070433,187,186,183,183,1,0,0,-1,221
0013.txt,4359631958748561612,186,186,183,183,0,0,0,-1,61
0013.txt,6426938338386441798,185,185,183,183,0,0,0,-1,60
0013.txt,2488482872634613303,183,183,183,183,0,0,0,-1,60
0013.txt,17523511513147886745,187,187,183,183,0,0,0,-1,60
0013.txt,6394287555946153567,184,184,183,183,0,0,0,-1,64
0013.txt,14965597966986648268,185,184,183,183,1,0,1,-1,219
0013.txt,5109519307883930629,184,184,183,183,0,0,0,-1,60
0013.txt,13227639424204386758,183,183,183,183,0,0,0,-1,60
0013.txt,12493282148632058492,184,184,183,183,0,0,0,-1,60
0013.txt,1109407823793778150,183,183,183,183,0,0,0,-1,60
0013.txt,5985478653739087173,183,183,183,183,0,0,0,-1,60
0013.txt,11657787613791766010,183,183,183,183,0,0,0,-1,60
0013.txt,11470108651171385965,183,183,183,183,0,0,0,-1,66
0013.txt,16915379691294674057,183,183,183,183,0,0,0,-1,60
0013.txt,15228387377814089927,183,183,183,183,0,0,0,-1,59
0013.txt,8182358123427736796,183,183,183,183,0,0,0,-1,60
0013.txt,7939421552532632501,187,187,183,183,0,0,0,-1,61
0013.txt,17456619034285606495,187,187,183,183,0,0,0,-1,61
0013.txt,8766777046227626934,184,184,183,183,0,0,0,-1,60
0013.txt,17494454197486227417,186,186,183,183,0,0,0,-1,61
0013.txt,14322563887696378046,183,183,183,183,0,0,0,-1,60
0013.txt,9535193255250380211,184,184,183,183,0,0,0,-1,59
0013.txt,16543077067488004001,183,183,183,183,0,0,0,-1,94
0013.txt,9727316109308236935,184,184,183,183,0,0,0,-1,64
0013.txt,4641596382204667582,183,183,183,183,0,0,0,-1,62
0013.txt,3919748104754769175,183,183,183,183,0,0,0,-1,61
0013.txt,1732735510909906505,183,183,183,183,0,0,0,-1,60
0013.txt,13303435037888401868,185,185,183,183,0,0,0,-1,72
0013.txt,6797023453969884408,183,183,183,183,0,0,0,-1,57
0013.txt,5026137759550753353,186,186,183,183,0,0,0,-1,57
0013.txt,10657060474779911099,183,183,183,183,0,0,0,-1,56
0013.txt,12587449594842661291,185,185,183,183,0,0,0,-1,57
0013.txt,13502983858722071312,184,184,183,183,0,0,0,-1,57
0013.txt,13214157476903798573,184,184,183,183,0,0,0,-1,56
0014.txt,10511792699345643208,384,383,383,383,1,0,1,2,5320
0014.txt,7271496812533529978,383,383,383,383,0,0,0,4,1942
0014.txt,13072045229008550148,384,384,383,383,0,0,0,5,2657
0014.txt,14465211852192520742,383,379,383,383,4,1,0,6,300369
0014.txt,13011332783230804180,383,383,383,383,0,0,0,-1,113
0014.txt,42022790033428034,383,383,383,383,0,0,0,-1,111
0014.txt,16068524987370052034,383,383,383,383,0,0,0,-1,111
0014.txt,8974936398764647504,383,383,383,383,0,0,0,-1,110
0014.txt,15012099669419466227,383,383,383,383,0,0,0,-1,110
0014.txt,9931412080513001964,383,383,383,383,0,0,0,-1,109
0014.txt,5370779203515848667,384,384,383,383,0,0,0,-1,110
0014.txt,7466438180668943924,381,381,383,383,0,0,0,-1,111
0014.txt,3486912353570267578,384,384,383,383,0,0,0,-1,118
0014.txt,16192363402485547923,383,383,383,383,0,0,0,-1,111
0014.txt,6445120771651791263,383,383,383,383,0,0,0,-1,109
0014.txt,3613663325851340969,383,383,383,383,0,0,0,-1,110
0014.txt,8522341608489282750,383,383,383,383,0,0,0,-1,109
0014.txt,9913748403910151860,385,385,383,383,0,0,0,-1,109
0014.txt,10934083247898347737,383,383,383,383,0,0,0,-1,116
0014.txt,7558295624765006923,384,384,383,383,0,0,0,-1,109
0014.txt,12591246151279057627,383,383,383,383,0,0,0,-1,109
0014.txt,8597590492170897972,383,383,383,383,0,0,0,-1,109
0014.txt,10062702198255298106,383,383,383,383,0,0,0,-1,110
0014.txt,5942113593062844144,383,383,383,383,0,0,0,-1,109
0014.txt,8987777771680345272,384,384,383,383,0,0,0,-1,108
0014.txt,17544122474551041089,381,381,383,383,0,0,0,-1,108
0014.txt,830799667847357880,384,384,383,383,0,0,0,-1,110
0014.txt,4883221479892670382,384,384,383,383,0,0,0,-1,112
0014.txt,10264752352045618050,383,383,383,383,0,0,0,-1,109
0014.txt,10323101818763259356,383,383,383,383,0,0,0,-1,109
0014.txt,7708491665615236658,384,384,383,383,0,0,0,-1,110
0014.txt,17008869756369390886,382,382,383,383,0,0,0,-1,108
0014.txt,4426987947402208861,383,383,383,383,0,0,0,-1,110
0014.txt,11977909651180606941,384,384,383,383,0,0,0,-1,110
0014.txt,16863482564164366784,383,383,383,383,0,0,0,-1,108
0014.txt,7353775903537397635,386,386,383,383,0,0,0,-1,109
0014.txt,1523599170999181777,383,383,383,383,0,0,0,-1,109
0014.txt,4150210061494726333,383,383,383,383,0,0,0,-1,109
0014.txt,230594253845055675,384,384,383,383,0,0,0,-1,112
0014.txt,7418121708698038289,383,383,383,383,0,0,0,-1,110
0014.txt,3626587187347136444,385,385,383,383,0,0,0,-1,110
0014.txt,1931198919743397630,385,385,383,383,0,0,0,-1,108
0014.txt,17410436370501885786,383,383,383,383,0,0,0,-1,109
0014.txt,17495993588067855969,384,384,383,383,0,0,0,-1,114
0015.txt,14846022286697777960,554,551,550,548,3,0,0,2,9267
0015.txt,18203471869742107153,549,547,550,548,2,0,0,4,3515
0015.txt,15814708433537179682,550,546,550,548,4,1,0,5,4367
0015.txt,16484042913456323761,550,548,550,548,2,0,0,6,312512
0015.txt,2551777799812706864,550,548,550,548,2,0,0,-1,629
0015.txt,16675795174609513578,549,547,550,548,2,0,0,-1,603
0015.txt,15952974882972869740,550,548,550,548,2,0,0,-1,599
0015.txt,11018470620598233018,550,548,550,548,2,0,0,-1,592
0015.txt,7377714741931559986,550,548,550,548,2,0,0,-1,601
0015.txt,6700054312427473222,550,548,550,548,2,0,0,-1,591
0015.txt,4437064013453580196,553,551,550,548,2,0,0,-1,602
0015.txt,8225397163656870621,549,547,550,548,2,0,0,-1,594
0015.txt,14728579176903253138,551,549,550,548,2,0,0,-1,616
0015.txt,9227525635021551012,552,549,550,548,3,0,1,-1,596
0015.txt,10936542015831594432,550,548,550,548,2,0,0,-1,600
0015.txt,15119339631702206020,552,548,550,548,4,0,1,-1,598
0015.txt,495066912482946916,550,548,550,548,2,0,0,-1,601
0015.txt,3027324466208784876,550,548,550,548,2,0,0,-1,592
0015.txt,7382653092697649843,550,548,550,548,2,0,0,-1,586
0015.txt,4920187007717762059,554,552,550,548,2,0,0,-1,594
0015.txt,8719788683585728064,551,549,550,548,2,0,0,-1,591
0015.txt,908058903588711802,550,548,550,548,2,0,0,-1,588
0015.txt,10289710739399492335,552,550,550,548,2,0,0,-1,601
0015.txt,16785132639829174184,550,548,550,548,2,0,0,-1,593
0015.txt,12305972459937323580,553,551,550,548,2,0,0,-1,594
0015.txt,827346294907433680,550,548,550,548,2,0,0,-1,594
0015.txt,13537750656747346778,550,548,550,548,2,0,0,-1,598
0015.txt,3921074683635637275,550,548,550,548,2,0,0,-1,590
0015.txt,13217662960669949840,551,549,550,548,2,0,0,-1,624
0015.txt,2341853556084033306,550,548,550,548,2,0,0,-1,594
0015.txt,17298975914483109374,550,548,550,548,2,0,0,-1,589
0015.txt,15236230362093489808,552,550,550,548,2,0,0,-1,592
0015.txt,14470992022912384813,551,549,550,548,2,0,0,-1,598
0015.txt,3239150975482370454,550,548,550,548,2,0,0,-1,593
0015.txt,10595922533997820098,551,549,550,548,2,0,0,-1,592
0015.txt,3798518313829520143,551,549,550,548,2,0,0,-1,602
0015.txt,6788173097652075623,550,548,550,548,2,0,0,-1,595
0016.txt,5645063683916816794,127,127,127,127,0,0,0,2,1541
0016.txt,16776389566501249747,128,128,127,127,0,0,0,4,758
0016.txt,10115828862813496208,127,127,127,127,0,0,0,5,861
0016.txt,16850879457182731404,128,128,127,127,0,0,0,6,161309
0016.txt,10992167959834663160,127,127,127,127,0,0,0,-1,51
0016.txt,10356827898309495783,127,127,127,127,0,0,0,-1,46
0016.txt,16253887783833654026,127,127,127,127,0,0,0,-1,46
0016.txt,2502531960461310001,128,128,127,127,0,0,0,-1,48
0016.txt,738753553685226642,129,129,127,127,0,0,0,-1,52
0016.txt,10762103432007134533,127,127,127,127,0,0,0,-1,48
0016.txt,13937037014934461255,129,129,127,127,0,0,0,-1,49
0016.txt,3556563389625944805,131,131,127,127,0,0,0,-1,50
0016.txt,7031823420926985608,127,127,127,127,0,0,0,-1,49
0016.txt,16224341450830775784,127,127,127,127,0,0,0,-1,48
0016.txt,488266351886937669,127,127,127,127,0,0,0,-1,48
0016.txt,3877293333489083221,131,131,127,127,0,0,0,-1,49
0016.txt,1558739769356257300,130,130,127,127,0,0,0,-1,49
0016.txt,15144595104756322711,127,127,127,127,0,0,0,-1,48
0016.txt,4326572374269941367,130,130,127,127,0,0,0,-1,49
0016.txt,9253726278772120159,127,127,127,127,0,0,0,-1,48
0016.txt,10900357168352111310,127,127,127,127,0,0,0,-1,48
0016.txt,12973071782183798136,128,128,127,127,0,0,0,-1,48
0016.txt,12923783545768315601,127,127,127,127,0,0,0,-1,49
0016.txt,3764370455218624740,130,130,127,127,0,0,0,-1,50
0016.txt,6034543704020844546,127,127,127,127,0,0,0,-1,48
0016.txt,1434970111849604998,128,128,127,127,0,0,0,-1,49
0016.txt,14777943463281055991,130,130,127,127,0,0,0,-1,49
0016.txt,3254394140570405103,127,127,127,127,0,0,0,-1,48
0016.txt,12425445307494472110,127,127,127,127,0,0,0,-1,48
0016.txt,12336052696808634311,128,128,127,127,0,0,0,-1,48
0016.txt,8238437855007214545,128,128,127,127,0,0,0,-1,48
0016.txt,107619795673793917,127,127,127,127,0,0,0,-1,48
0016.txt,5968416253826414002,127,127,127,127,0,0,0,-1,50
0016.txt,4639604389534868120,130,130,127,127,0,0,0,-1,48
0016.txt,13392152775533743986,127,127,127,127,0,0,0,-1,48
0016.txt,12390985847079515501,128,128,127,127,0,0,0,-1,49
0016.txt,3428743750908221363,127,127,127,127,0,0,0,-1,48
0017.txt,4896817153090407515,212,212,211,211,0,0,0,2,2975
0017.txt,5701265372394561773,211,211,211,211,0,0,0,4,1175
0017.txt,802547027876086809,211,211,211,211,0,0,0,5,1303
0017.txt,2772749699281115727,211,210,211,211,1,1,0,6,147467
0017.txt,3195338816592977334,215,215,211,211,0,0,0,-1,75
0017.txt,6172489390063137502,212,212,211,211,0,0,0,-1,73
0017.txt,16048384703271196965,212,212,211,211,0,0,0,-1,72
0017.txt,2254550140823911732,211,211,211,211,0,0,0,-1,72
0017.txt,9175841352020594494,212,212,211,211,0,0,0,-1,71
0017.txt,5178873590193445389,212,212,211,211,0,0,0,-1,97
0017.txt,5034313323237239984,211,211,211,211,0,0,0,-1,73
0017.txt,8459873247791391068,214,214,211,211,0,0,0,-1,83
0017.txt,5436057117190567321,212,212,211,211,0,0,0,-1,77
0017.txt,16085741397743404534,215,215,211,211,0,0,0,-1,75
0017.txt,8904355542148145169,211,211,211,211,0,0,0,-1,72
0017.txt,2221442445761710962,211,211,211,211,0,0,0,-1,71
0017.txt,15134454808115279433,211,211,211,211,0,0,0,-1,71
0017.txt,2936931732248280892,211,211,211,211,0,0,0,-1,71
0017.txt,594658327638052494,212,212,211,211,0,0,0,-1,71
0017.txt,5982893275523726444,212,212,211,211,0,0,0,-1,71
0017.txt,14686716836410758756,212,212,211,211,0,0,0,-1,70
0017.txt,14284772001560392113,211,211,211,211,0,0,0,-1,71
0017.txt,4356717749695182494,214,214,211,211,0,0,0,-1,72
0017.txt,18397821017512624805,211,211,211,211,0,0,0,-1,72
0017.txt,12899425848369649500,211,211,211,211,0,0,0,-1,71
0017.txt,11365454207098492089,211,211,211,211,0,0,0,-1,71
0017.txt,3882309848321493016,211,211,211,211,0,0,0,-1,71
0017.txt,15396813020530322359,211,211,211,211,0,0,0,-1,71
0017.txt,16374855338733678714,211,211,211,211,0,0,0,-1,71
0017.txt,12303647504528761679,211,211,211,211,0,0,0,-1,71
0017.txt,2952217535726498925,211,211,211,211,0,0,0,-1,75
0017.txt,17309639769852594067,212,212,211,211,0,0,0,-1,71
0017.txt,13229318697796551737,211,211,211,211,0,0,0,-1,71
0017.txt,9536871799989455984,212,212,211,211,0,0,0,-1,71
0017.txt,12414409050090717357,211,211,211,211,0,0,0,-1,72
0017.txt,9456573608513756395,213,213,211,211,0,0,0,-1,71
0017.txt,3933541321228122091,214,214,211,211,0,0,0,-1,72
0017.txt,9804910490814909970,213,213,211,211,0,0,0,-1,72
0017.txt,3308259693747757559,212,212,211,211,0,0,0,-1,71
0017.txt,12977809639999223274,211,211,211,211,0,0,0,-1,72
0017.txt,13139982379241555410,211,211,211,211,0,0,0,-1,71
0017.txt,8623124075062377920,211,211,211,211,0,0,0,-1,71
0017.txt,9845611123993690482,212,212,211,211,0,0,0,-1,71
0017.txt,17402857152695848914,211,211,211,211,0,0,0,-1,71
0017.txt,2432257756205882159,211,211,211,211,0,0,0,-1,70
0018.txt,1045554550408012098,74,74,74,74,0,0,0,-1,33
0018.txt,5425858997970543906,74,74,74,74,0,0,0,-1,32
0018.txt,14110141689772612821,75,75,74,74,0,0,0,2,795
0018.txt,16948399446426903831,77,77,74,74,0,0,0,4,466
0018.txt,9785494443753913201,75,75,74,74,0,0,0,5,478
0018.txt,15072809828275475148,76,76,74,74,0,0,0,6,114948
0018.txt,13382749563251103855,77,77,74,74,0,0,0,-1,37
0018.txt,13982595396716485935,76,76,74,74,0,0,0,-1,33
0018.txt,5342068993926709698,77,77,74,74,0,0,0,-1,33
0018.txt,11741684962385746554,75,75,74,74,0,0,0,-1,33
0018.txt,17723393846371725659,75,75,74,74,0,0,0,-1,32
0018.txt,18337280961653331289,74,74,74,74,0,0,0,-1,32
0018.txt,6369362670391292781,74,74,74,74,0,0,0,-1,32
0018.txt,9569206735359289501,74,74,74,74,0,0,0,-1,32
0018.txt,15059294714521542312,74,74,74,74,0,0,0,-1,32
0018.txt,15558166446451804256,76,76,74,74,0,0,0,-1,32
0018.txt,5515195316525540233,75,75,74,74,0,0,0,-1,32
0018.txt,16735293470365255202,74,74,74,74,0,0,0,-1,32
0018.txt,6874280164392285807,74,74,74,74,0,0,0,-1,32
0018.txt,12216229550560638255,76,76,74,74,0,0,0,-1,32
0018.txt,18278224235530270435,74,74,74,74,0,0,0,-1,32
0018.txt,7510993389288719461,74,74,74,74,0,0,0,-1,32
0018.txt,8497385362659996954,74,74,74,74,0,0,0,-1,32
0018.txt,1567819719029347047,74,74,74,74,0,0,0,-1,32
0018.txt,16614882360042932858,75,75,74,74,0,0,0,-1,32
0018.txt,6877863045909781724,74,74,74,74,0,0,0,-1,32
0018.txt,5922505283966192401,75,75,74,74,0,0,0,-1,32
0018.txt,1024644078689441294,75,75,74,74,0,0,0,-1,32
0018.txt,2360655214548684643,78,78,74,74,0,0,0,-1,33
0018.txt,4244515193475205479,74,74,74,74,0,0,0,-1,31
0018.txt,5661533723938220445,76,76,74,74,0,0,0,-1,33
0018.txt,8141864964591477821,74,74,74,74,0,0,0,-1,32
0018.txt,3055303629764827319,74,74,74,74,0,0,0,-1,32
0018.txt,2948151729136749419,74,74,74,74,0,0,0,-1,34
0018.txt,16404870176384288304,74,74,74,74,0,0,0,-1,32
0018.txt,43171619071528352,75,75,74,74,0,0,0,-1,33
0018.txt,11202092203563336718,74,74,74,74,0,0,0,-1,32
0018.txt,6952716816074592241,74,74,74,74,0,0,0,-1,32
0018.txt,1204582863552701778,74,74,74,74,0,0,0,-1,32
0018.txt,4706728932401542321,76,76,74,74,0,0,0,-1,33
0018.txt,8146333450813886838,74,74,74,74,0,0,0,-1,32
0018.txt,5819404824664321164,74,74,74,74,0,0,0,-1,32
0018.txt,15160207103437862878,74,74,74,74,0,0,0,-1,31
0018.txt,4065754616435241829,74,74,74,74,0,0,0,-1,32
0018.txt,4839246557639253565,76,76,74,74,0,0,0,-1,33
0018.txt,3886881683206358144,75,75,74,74,0,0,0,-1,32
0018.txt,1374764556688443826,74,74,74,74,0,0,0,-1,32
0018.txt,6420733195983591584,74,74,74,74,0,0,0,-1,32
0018.txt,12833475213026573843,74,74,74,74,0,0,0,-1,31
0018.txt,9869880881462385587,74,74,74,74,0,0,0,-1,32
0018.txt,801839768470667261,74,74,74,74,0,0,0,-1,32
0018.txt,10421783830080634187,76,76,74,74,0,0,0,-1,33
0018.txt,3786797379474689051,74,74,74,74,0,0,0,-1,32
0019.txt,14804105245278097971,679,670,678,674,9,1,1,2,9041
0019.txt,10474295531414568727,676,673,678,674,3,0,0,4,3685
0019.txt,7855529809058305069,678,674,678,674,4,0,0,5,2836
0019.txt,619595063433379189,677,672,678,674,5,0,0,6,359080
0019.txt,13960801312506893221,678,675,678,674,3,0,1,-1,706
0019.txt,9349561414771748738,678,674,678,674,4,0,0,-1,713
0019.txt,18163803685953773996,677,673,678,674,4,0,0,-1,713
0019.txt,7114230117837646395,676,672,678,674,4,0,0,-1,708
0019.txt,18242856994640035940,679,675,678,674,4,0,0,-1,706
0019.txt,1655198544764176273,678,674,678,674,4,0,0,-1,703
0019.txt,14399221439400845932,677,673,678,674,4,0,0,-1,704
0019.txt,13558769977590773204,681,676,678,674,5,0,1,-1,707
0019.txt,13238775954865505954,677,673,678,674,4,0,0,-1,738
0019.txt,1131378988194859724,678,674,678,674,4,0,0,-1,713
0019.txt,4990540920475374704,678,674,678,674,4,0,0,-1,700
0019.txt,5348169193754873323,678,674,678,674,4,0,0,-1,704
0019.txt,12716864219521262227,678,674,678,674,4,0,0,-1,702
0019.txt,14749163773315287752,680,676,678,674,4,0,0,-1,702
0019.txt,9318263832581356078,678,674,678,674,4,0,0,-1,700
0019.txt,17671262407365880711,679,675,678,674,4,0,0,-1,702
0019.txt,7715744406145665993,678,674,678,674,4,0,0,-1,700
0019.txt,16260237970558979760,681,676,678,674,5,0,1,-1,724
0019.txt,12386955434434417213,681,677,678,674,4,0,0,-1,710
0019.txt,13907666216076967766,678,674,678,674,4,0,0,-1,702
0019.txt,16116382169712175183,677,673,678,674,4,0,0,-1,707
0019.txt,3068560341453444262,678,674,678,674,4,0,0,-1,703
0019.txt,7802366444382211372,677,673,678,674,4,0,0,-1,702
0019.txt,159379155192326109,677,673,678,674,4,0,0,-1,799
0019.txt,14064999230177031096,680,676,678,674,4,0,0,-1,732
0019.txt,4509696046509929163,677,673,678,674,4,0,0,-1,673
0019.txt,9512801297015139057,677,673,678,674,4,0,0,-1,668
0019.txt,2919992979929659695,679,675,678,674,4,0,0,-1,706
0019.txt,14892963123124173624,678,674,678,674,4,0,0,-1,704
0019.txt,18154809142717740802,678,674,678,674,4,0,0,-1,703
0019.txt,6443241548210384685,679,675,678,674,4,0,0,-1,705
0020.txt,18209538638117749124,151,151,150,150,0,0,0,2,2155
0020.txt,10556156341226601542,152,152,150,150,0,0,0,4,878
0020.txt,16071529904851672218,151,151,150,150,0,0,0,5,933
0020.txt,4396978268703465300,153,153,150,150,0,0,0,6,150975
0020.txt,4910116730314997920,152,152,150,150,0,0,0,-1,61
0020.txt,17144988982495529023,151,151,150,150,0,0,0,-1,57
0020.txt,5374555785748773272,150,150,150,150,0,0,0,-1,56
0020.txt,17100680547851942736,151,151,150,150,0,0,0,-1,55
0020.txt,13096986606742675801,150,150,150,150,0,0,0,-1,54
0020.txt,5362825340179117437,152,152,150,150,0,0,0,-1,55
0020.txt,12549186813605348051,152,152,150,150,0,0,0,-1,55
0020.txt,4538689437853317731,150,150,150,150,0,0,0,-1,55
0020.txt,790831002730953215,150,150,150,150,0,0,0,-1,54
0020.txt,14625182997164377889,150,150,150,150,0,0,0,-1,54
0020.txt,496551708768494316,150,150,150,150,0,0,0,-1,54
0020.txt,9663404059839425878,150,150,150,150,0,0,0,-1,54
0020.txt,16701016286812238019,152,152,150,150,0,0,0,-1,55
0020.txt,6407570809312516550,152,152,150,150,0,0,0,-1,55
0020.txt,11205455909699532705,151,151,150,150,0,0,0,-1,55
0020.txt,4397851066270138635,152,152,150,150,0,0,0,-1,54
0020.txt,9222503062630672897,152,152,150,150,0,0,0,-1,54
0020.txt,6666613158291652961,150,150,150,150,0,0,0,-1,72
0020.txt,8722793601067348248,150,150,150,150,0,0,0,-1,70
0020.txt,12201316883834381537,151,151,150,150,0,0,0,-1,66
0020.txt,4066108246137951603,150,150,150,150,0,0,0,-1,59
0020.txt,1374587741837088939,150,150,150,150,0,0,0,-1,55
0020.txt,12265273641609112802,154,154,150,150,0,0,0,-1,61
0020.txt,256454409984531868,150,150,150,150,0,0,0,-1,55
0020.txt,16281895718213026546,150,150,150,150,0,0,0,-1,57
0020.txt,2681115722649918764,151,151,150,150,0,0,0,-1,55
0020.txt,16695299846849725707,151,151,150,150,0,0,0,-1,55
0020.txt,1800710819039002306,151,151,150,150,0,0,0,-1,54
0020.txt,17778768816017456150,150,150,150,150,0,0,0,-1,50
0020.txt,16617622522743227159,150,150,150,150,0,0,0,-1,51
0020.txt,315422261186208831,152,152,150,150,0,0,0,-1,51
0020.txt,11380852780603300368,150,150,150,150,0,0,0,-1,51
0020.txt,7250734492992277100,152,152,150,150,0,0,0,-1,51
0020.txt,4121636602684050816,151,151,150,150,0,0,0,-1,51
0020.txt,5144868065832772053,150,150,150,150,0,0,0,-1,55
0020.txt,6638720098857302015,150,150,150,150,0,0,0,-1,50
0020.txt,16370878407065313099,150,150,150,150,0,0,0,-1,50
0020.txt,16523071568560381008,150,150,150,150,0,0,0,-1,50
0020.txt,9159529204034152313,150,150,150,150,0,0,0,-1,51
0020.txt,9834042731340333811,151,151,150,150,0,0,0,-1,51
0020.txt,2419856369158176517,151,151,150,150,0,0,0,-1,51
0020.txt,15504590482021637003,152,152,150,150,0,0,0,-1,51
0020.txt,8935987517058967873,150,150,150,150,0,0,0,-1,50
0020.txt,5522302108782111133,150,150,150,150,0,0,0,-1,51
0020.txt,10072451558958298995,150,150,150,150,0,0,0,-1,50
0020.txt,16815211671593487102,150,150,150,150,0,0,0,-1,51
0020.txt,227323646590696713,151,151,150,150,0,0,0,-1,51
0020.txt,14696323602134185800,150,150,150,150,0,0,0,-1,50
0020.txt,14093591647033939734,150,150,150,150,0,0,0,-1,51
0021.txt,14228366563216241669,65,65,65,65,0,0,0,2,815
0021.txt,2892608175148518650,65,65,65,65,0,0,0,4,344
0021.txt,1912083010399683590,65,65,65,65,0,0,0,5,399
0021.txt,2251810913115030326,65,65,65,65,0,0,0,6,117609
0021.txt,13095191544883481975,65,65,65,65,0,0,0,-1,32
0021.txt,255923965430467207,66,66,65,65,0,0,0,-1,30
0021.txt,16915910135848738718,65,65,65,65,0,0,0,-1,29
0021.txt,14515678296431300111,65,65,65,65,0,0,0,-1,29
0021.txt,14758533420370819552,66,66,65,65,0,0,0,-1,29
0021.txt,3470391689616791007,66,66,65,65,0,0,0,-1,29
0021.txt,8735938565447843179,66,66,65,65,0,0,0,-1,30
0021.txt,8904205465886222308,65,65,65,65,0,0,0,-1,29
0021.txt,17947624126697948650,67,67,65,65,0,0,0,-1,29
0021.txt,8989131067481239776,65,65,65,65,0,0,0,-1,29
0021.txt,1410789229302293784,65,65,65,65,0,0,0,-1,31
0021.txt,4914071580360473660,65,65,65,65,0,0,0,-1,31
0021.txt,5485446168647669421,65,65,65,65,0,0,0,-1,31
0021.txt,5635429611996507690,65,65,65,65,0,0,0,-1,34
0021.txt,8201950985340088452,67,67,65,65,0,0,0,-1,32
0021.txt,10081314813540640072,66,66,65,65,0,0,0,-1,32
0021.txt,13258891030823067662,65,65,65,65,0,0,0,-1,31
0021.txt,18246088554654815096,65,65,65,65,0,0,0,-1,31
0021.txt,17000160625321803224,66,66,65,65,0,0,0,-1,31
0021.txt,13014887077845447903,65,65,65,65,0,0,0,-1,31
0021.txt,13563189413883232484,65,65,65,65,0,0,0,-1,31
0021.txt,8928189862437425414,67,67,65,65,0,0,0,-1,31
0021.txt,16431506599280196163,65,65,65,65,0,0,0,-1,31
0021.txt,7299125117186555041,65,65,65,65,0,0,0,-1,31
0021.txt,16647371670621097971,65,65,65,65,0,0,0,-1,31
0021.txt,14228278623286270673,65,65,65,65,0,0,0,-1,31
0021.txt,8143425192594718071,66,66,65,65,0,0,0,-1,32
0021.txt,13887848695103326019,65,65,65,65,0,0,0,-1,31
0021.txt,17496612907543304521,66,66,65,65,0,0,0,-1,31
0021.txt,1256984563515941609,65,65,65,65,0,0,0,-1,31
0021.txt,16643482678882703352,65,65,65,65,0,0,0,-1,31
0021.txt,10768436965087001118,65,65,65,65,0,0,0,-1,30
0021.txt,14221984153379211749,65,65,65,65,0,0,0,-1,31
0021.txt,2530601834747015834,65,65,65,65,0,0,0,-1,31
0021.txt,3289923698249597267,67,67,65,65,0,0,0,-1,31
0021.txt,16254533103332740261,65,65,65,65,0,0,0,-1,31
0021.txt,6938068601070942896,65,65,65,65,0,0,0,-1,33
0021.txt,6922761224818001495,65,65,65,65,0,0,0,-1,34
0021.txt,9966464738940106491,65,65,65,65,0,0,0,-1,31
0021.txt,256454409984531868,65,65,65,65,0,0,0,-1,31
0021.txt,525169690063527502,65,65,65,65,0,0,0,-1,31
0021.txt,15890913239368188702,65,65,65,65,0,0,0,-1,31
0021.txt,7565345514627447588,65,65,65,65,0,0,0,-1,31
0021.txt,12326155900039475051,65,65,65,65,0,0,0,-1,31
0021.txt,9685444231591519570,65,65,65,65,0,0,0,-1,31
0022.txt,17961918462256719690,70,70,68,68,0,0,0,2,792
0022.txt,9359368960926380131,70,70,68,68,0,0,0,4,407
0022.txt,8793185809856765132,68,68,68,68,0,0,0,5,435
0022.txt,8143770102964947424,69,69,68,68,0,0,0,6,85393
0022.txt,2356501521345514120,68,68,68,68,0,0,0,-1,35
0022.txt,14256770884883529867,71,71,68,68,0,0,0,-1,34
0022.txt,6693711018390613363,68,68,68,68,0,0,0,-1,33
0022.txt,15162328685228502970,69,69,68,68,0,0,0,-1,32
0022.txt,13741665118829329947,70,70,68,68,0,0,0,-1,33
0022.txt,14301244407466263269,68,68,68,68,0,0,0,-1,33
0022.txt,12711738458814796294,68,68,68,68,0,0,0,-1,32
0022.txt,12593429009396192290,68,68,68,68,0,0,0,-1,33
0022.txt,16258242442243111893,68,68,68,68,0,0,0,-1,32
0022.txt,3052369119935422919,68,68,68,68,0,0,0,-1,32
0022.txt,12566792836242452962,68,68,68,68,0,0,0,-1,32
0022.txt,13076507151817448171,68,68,68,68,0,0,0,-1,33
0022.txt,12856340409067041678,68,68,68,68,0,0,0,-1,32
0022.txt,2995493471739189532,68,68,68,68,0,0,0,-1,57
0022.txt,12743697324838896746,69,69,68,68,0,0,0,-1,44
0022.txt,348442016318438605,68,68,68,68,0,0,0,-1,35
0022.txt,15472918937369106247,70,70,68,68,0,0,0,-1,33
0022.txt,957745106852774902,68,68,68,68,0,0,0,-1,33
0022.txt,15650798278128963562,68,68,68,68,0,0,0,-1,33
0022.txt,3783467472509761266,70,70,68,68,0,0,0,-1,33
0022.txt,636047883100019446,68,68,68,68,0,0,0,-1,33
0022.txt,2158408787970284493,68,68,68,68,0,0,0,-1,34
0022.txt,4767398943006194637,68,68,68,68,0,0,0,-1,37
0022.txt,3971734106806460339,70,70,68,68,0,0,0,-1,33
0022.txt,11200363630299053471,69,69,68,68,0,0,0,-1,31
0022.txt,10960235716887657769,70,70,68,68,0,0,0,-1,30
0022.txt,8378180850638205086,68,68,68,68,0,0,0,-1,30
0022.txt,17771600874381611201,68,68,68,68,0,0,0,-1,31
0022.txt,6082149409522266220,68,68,68,68,0,0,0,-1,30
0022.txt,16683459813589419907,68,68,68,68,0,0,0,-1,30
0022.txt,15468502339053315067,68,68,68,68,0,0,0,-1,30
0022.txt,12928026167209419994,68,68,68,68,0,0,0,-1,30
0022.txt,9449326069591031818,68,68,68,68,0,0,0,-1,31
0022.txt,1316238275119447633,68,68,68,68,0,0,0,-1,30
0022.txt,16647371670621097971,68,68,68,68,0,0,0,-1,30
0022.txt,11695115979475673694,69,69,68,68,0,0,0,-1,30
0022.txt,5675406746703224245,68,68,68,68,0,0,0,-1,30
0022.txt,7047066344231161646,68,68,68,68,0,0,0,-1,32
0022.txt,4849752477419792270,68,68,68,68,0,0,0,-1,33
0022.txt,5009723622391649417,68,68,68,68,0,0,0,-1,32
0022.txt,1676587531829640230,68,68,68,68,0,0,0,-1,32
0022.txt,6482991575326549261,68,68,68,68,0,0,0,-1,33
0022.txt,17071638659379491472,68,68,68,68,0,0,0,-1,33
0022.txt,1705541480372120498,68,68,68,68,0,0,0,-1,32
0022.txt,12871532788935298554,68,68,68,68,0,0,0,-1,33
0022.txt,16796647854564516692,68,68,68,68,0,0,0,-1,33
0022.txt,2256141474486105715,68,68,68,68,0,0,0,-1,33
0023.txt,4245222452880625027,84,84,84,84,0,0,0,2,1189
0023.txt,13559123607293482978,85,85,84,84,0,0,0,4,522
0023.txt,14189201513708989459,88,88,84,84,0,0,0,5,679
0023.txt,10413233336653646227,85,83,84,84,2,1,1,6,225329
0023.txt,2011076632400356634,84,84,84,84,0,0,0,-1,38
0023.txt,10610030793232580039,86,86,84,84,0,0,0,-1,38
0023.txt,11017714061520695202,85,85,84,84,0,0,0,-1,37
0023.txt,11563679164233013524,84,84,84,84,0,0,0,-1,36
0023.txt,12230801276930926466,85,85,84,84,0,0,0,-1,37
0023.txt,14824068357802346542,85,85,84,84,0,0,0,-1,36
0023.txt,5918463914919821183,86,86,84,84,0,0,0,-1,37
0023.txt,1372731653393569073,84,84,84,84,0,0,0,-1,37
0023.txt,4141964147840498410,85,85,84,84,0,0,0,-1,36
0023.txt,5046429357961662688,85,85,84,84,0,0,0,-1,36
0023.txt,8150224493769186433,86,86,84,84,0,0,0,-1,37
0023.txt,11898256204733700924,84,84,84,84,0,0,0,-1,35
0023.txt,15705789197662274910,84,84,84,84,0,0,0,-1,36
0023.txt,3175846912889485830,86,86,84,84,0,0,0,-1,37
0023.txt,13316445298205318424,85,85,84,84,0,0,0,-1,36
0023.txt,980197416135802869,85,85,84,84,0,0,0,-1,37
0023.txt,1052567255474783099,84,84,84,84,0,0,0,-1,36
0023.txt,7154356309465566596,85,85,84,84,0,0,0,-1,37
0023.txt,12079049685068539327,87,87,84,84,0,0,0,-1,37
0023.txt,18363152355881389442,85,85,84,84,0,0,0,-1,37
0023.txt,4680453078350517461,87,87,84,84,0,0,0,-1,37
0023.txt,12697285778033432812,85,85,84,84,0,0,0,-1,37
0023.txt,14587125421255653178,85,85,84,84,0,0,0,-1,36
0023.txt,2276256550443667423,84,84,84,84,0,0,0,-1,42
0023.txt,1221068936452565825,86,86,84,84,0,0,0,-1,38
0023.txt,2791715946200577117,84,84,84,84,0,0,0,-1,42
0023.txt,2994081418367901996,85,85,84,84,0,0,0,-1,45
0024.txt,6936212512627423030,118,118,118,118,0,0,0,2,1409
0024.txt,12226205025787112299,118,118,118,118,0,0,0,4,765
0024.txt,18309484061997094698,118,118,118,118,0,0,0,5,986
0024.txt,2105282176728636370,118,118,118,118,0,0,0,6,202616
0024.txt,11536934933836762896,118,118,118,118,0,0,0,-1,50
0024.txt,14436788348204105135,120,120,118,118,0,0,0,-1,46
0024.txt,6365231752783137327,119,119,118,118,0,0,0,-1,45
0024.txt,12473302771167736133,118,118,118,118,0,0,0,-1,44
0024.txt,16418921527630380208,118,118,118,118,0,0,0,-1,44
0024.txt,194746396082560604,118,118,118,118,0,0,0,-1,44
0024.txt,13739809280127978612,118,118,118,118,0,0,0,-1,44
0024.txt,2917960076634784942,118,118,118,118,0,0,0,-1,44
0024.txt,199165832375019884,118,118,118,118,0,0,0,-1,44
0024.txt,1164221928475734611,118,118,118,118,0,0,0,-1,43
0024.txt,18340373819064922469,118,118,118,118,0,0,0,-1,44
0024.txt,14440500525091144867,118,118,118,118,0,0,0,-1,43
0024.txt,14745063662932635572,121,121,118,118,0,0,0,-1,44
0024.txt,10925903519780311883,122,122,118,118,0,0,0,-1,45
0024.txt,8546781406575822258,118,118,118,118,0,0,0,-1,44
0024.txt,4252301396800138076,119,119,118,118,0,0,0,-1,44
0024.txt,164113173947915357,119,119,118,118,0,0,0,-1,44
0025.txt,6274036546337455642,58,58,58,58,0,0,0,2,702
0025.txt,11897991449952375041,58,58,58,58,0,0,0,4,323
0025.txt,12691630864139583602,59,59,58,58,0,0,0,5,377
0025.txt,14351938443360104479,58,58,58,58,0,0,0,6,69202
0025.txt,16905954354134672452,59,59,58,58,0,0,0,-1,34
0025.txt,7561075653466192403,61,61,58,58,0,0,0,-1,31
0025.txt,2168934415429717048,58,58,58,58,0,0,0,-1,30
0025.txt,17188507863308167,59,59,58,58,0,0,0,-1,30
0025.txt,16699838870871285507,60,60,58,58,0,0,0,-1,30
0025.txt,16552918473141236108,60,60,58,58,0,0,0,-1,30
0025.txt,7783597661106109714,58,58,58,58,0,0,0,-1,30
0025.txt,12218911455174876586,60,60,58,58,0,0,0,-1,30
0025.txt,16799918461818875654,58,58,58,58,0,0,0,-1,29
0025.txt,7551621794328732602,58,58,58,58,0,0,0,-1,29
0025.txt,15137248830598184629,60,60,58,58,0,0,0,-1,30
0025.txt,426765519929480682,58,58,58,58,0,0,0,-1,29
0025.txt,2425838052725640524,58,58,58,58,0,0,0,-1,29
0025.txt,14416326494392958323,58,58,58,58,0,0,0,-1,30
0025.txt,7573673417377436156,60,60,58,58,0,0,0,-1,30
0025.txt,1072411136993182761,59,59,58,58,0,0,0,-1,30
0025.txt,8903859763633648633,58,58,58,58,0,0,0,-1,29
0025.txt,13777267404131626544,58,58,58,58,0,0,0,-1,29
0025.txt,3518199168368692398,59,59,58,58,0,0,0,-1,30
0025.txt,15586535798159653281,58,58,58,58,0,0,0,-1,30
0025.txt,6163563326774753539,58,58,58,58,0,0,0,-1,29
0025.txt,15887377877332503857,58,58,58,58,0,0,0,-1,29
0025.txt,321793153817958010,59,59,58,58,0,0,0,-1,29
0025.txt,4345783242026711546,58,58,58,58,0,0,0,-1,29
0025.txt,710740656779606645,58,58,58,58,0,0,0,-1,30
0025.txt,6878393490463846385,59,59,58,58,0,0,0,-1,29
0025.txt,13859042182627004122,59,59,58,58,0,0,0,-1,29
0025.txt,16762751952625648582,58,58,58,58,0,0,0,-1,29
0025.txt,8270367863101865023,58,58,58,58,0,0,0,-1,29
0025.txt,4882329727927928379,58,58,58,58,0,0,0,-1,29
0025.txt,10625199994892019281,59,59,58,58,0,0,0,-1,29
0025.txt,14074052558496328011,58,58,58,58,0,0,0,-1,29
0025.txt,13108466017841548623,58,58,58,58,0,0,0,-1,29
0025.txt,9676429489807370268,58,58,58,58,0,0,0,-1,29
0025.txt,2315198200609166569,58,58,58,58,0,0,0,-1,30
0025.txt,11628745725319314746,58,58,58,58,0,0,0,-1,29
0025.txt,6889093217592913736,58,58,58,58,0,0,0,-1,29
0025.txt,11174552773831695546,58,58,58,58,0,0,0,-1,34
0025.txt,16918384608776294241,58,58,58,58,0,0,0,-1,35
0025.txt,15314548956494834387,58,58,58,58,0,0,0,-1,30
0025.txt,14200296688930535836,58,58,58,58,0,0,0,-1,30
0025.txt,5610718284895131815,58,58,58,58,0,0,0,-1,30
0025.txt,2614609434611485085,60,60,58,58,0,0,0,-1,32
0025.txt,11208522645647823251,59,59,58,58,0,0,0,-1,31
0025.txt,7087561228431532106,60,60,58,58,0,0,0,-1,30
0025.txt,709153784512941373,60,60,58,58,0,0,0,-1,32
0025.txt,1762922777172413692,59,59,58,58,0,0,0,-1,32
0025.txt,14745862783169760740,58,58,58,58,0,0,0,-1,30
0025.txt,3407446168180954086,58,58,58,58,0,0,0,-1,30
0025.txt,4456913910131434560,58,58,58,58,0,0,0,-1,32
0025.txt,13323936629397934279,59,59,58,58,0,0,0,-1,29
0025.txt,3248388725993236421,58,58,58,58,0,0,0,-1,30
0025.txt,8977701944362448096,58,58,58,58,0,0,0,-1,29
0025.txt,5970272342269933868,58,58,58,58,0,0,0,-1,29
0025.txt,7671141349111931495,58,58,58,58,0,0,0,-1,31
0025.txt,11467665379875172883,58,58,58,58,0,0,0,-1,27
0026.txt,14965975276035067725,121,121,121,121,0,0,0,2,1879
0026.txt,17031817854827626639,121,121,121,121,0,0,0,4,716
0026.txt,13310616262972428796,121,121,121,121,0,0,0,5,685
0026.txt,13449141768226860282,121,121,121,121,0,0,0,6,93364
0026.txt,5220531005385684515,121,121,121,121,0,0,0,-1,53
0026.txt,3209538230423765424,121,121,121,121,0,0,0,-1,54
0026.txt,4072206956022575862,121,121,121,121,0,0,0,-1,59
0026.txt,14687950965183065580,121,121,121,121,0,0,0,-1,49
0026.txt,12795687311769583763,121,121,121,121,0,0,0,-1,49
0026.txt,11817735580554805523,121,121,121,121,0,0,0,-1,48
0026.txt,10028972892534108934,121,121,121,121,0,0,0,-1,48
0026.txt,12114720727979679511,121,121,121,121,0,0,0,-1,48
0026.txt,16380513695366347986,121,121,121,121,0,0,0,-1,50
0026.txt,4383664003084081370,121,121,121,121,0,0,0,-1,48
0026.txt,4066761418101218336,121,121,121,121,0,0,0,-1,48
0026.txt,13204076926141111201,121,121,121,121,0,0,0,-1,51
0026.txt,2920569399214941830,123,123,121,121,0,0,0,-1,55
0026.txt,6105154603002382139,121,121,121,121,0,0,0,-1,56
0026.txt,6821562942976591274,121,121,121,121,0,0,0,-1,50
0026.txt,5184772022544573335,121,121,121,121,0,0,0,-1,49
0026.txt,15242445349068768726,121,121,121,121,0,0,0,-1,48
0026.txt,12047948457770499794,121,121,121,121,0,0,0,-1,45
0026.txt,11983826258959504704,122,122,121,121,0,0,0,-1,46
0026.txt,15231480235225681107,121,121,121,121,0,0,0,-1,45
0026.txt,11280421536568926195,123,123,121,121,0,0,0,-1,45
0026.txt,6860728959998516973,123,123,121,121,0,0,0,-1,45
0026.txt,13471644486929632342,121,121,121,121,0,0,0,-1,45
0026.txt,17828424284804396999,123,123,121,121,0,0,0,-1,45
0026.txt,12266560259772037646,121,121,121,121,0,0,0,-1,45
0026.txt,15900818505727659852,122,122,121,121,0,0,0,-1,45
0026.txt,3019585164797502753,122,122,121,121,0,0,0,-1,45
0026.txt,12470916238170151606,123,123,121,121,0,0,0,-1,45
0026.txt,9306678105094889122,121,121,121,121,0,0,0,-1,45
0026.txt,16633066925390229922,121,121,121,121,0,0,0,-1,45
0026.txt,16553174346140961594,121,121,121,121,0,0,0,-1,45
0026.txt,10187224877539493536,121,121,121,121,0,0,0,-1,44
0026.txt,18106596030070002528,121,121,121,121,0,0,0,-1,45
0026.txt,10858777445112209462,121,121,121,121,0,0,0,-1,44
0026.txt,420762555985300567,121,121,121,121,0,0,0,-1,44
0026.txt,2896787521477595882,123,123,121,121,0,0,0,-1,45
0026.txt,2796223322423007393,121,121,121,121,0,0,0,-1,48
0026.txt,1612846614632794213,121,121,121,121,0,0,0,-1,48
0026.txt,7250674477170548722,121,121,121,121,0,0,0,-1,48
0027.txt,10139403732577311643,152,152,152,152,0,0,0,-1,53
0027.txt,11768456052811092159,153,153,152,152,0,0,0,2,1815
0027.txt,7844952045305371204,152,152,152,152,0,0,0,-1,56
0027.txt,526495333952982707,152,152,152,152,0,0,0,4,669
0027.txt,16511629675464598917,152,152,152,152,0,0,0,-1,49
0027.txt,17430699382009942927,153,153,152,152,0,0,0,5,954
0027.txt,14328492472129652112,152,152,152,152,0,0,0,-1,49
0027.txt,17459262591039999358,152,150,152,152,2,1,0,6,56221
0027.txt,6551198681697662396,154,154,152,152,0,0,0,-1,55
0027.txt,18030637401035154759,152,152,152,152,0,0,0,-1,53
0027.txt,8866542875119780190,152,152,152,152,0,0,0,-1,52
0027.txt,4160128755766733093,156,156,152,152,0,0,0,-1,53
0027.txt,13649431940035224736,152,152,152,152,0,0,0,-1,52
0027.txt,1667522002581072724,156,155,152,152,1,0,0,-1,185
0027.txt,3821495170148952399,152,152,152,152,0,0,0,-1,68
0027.txt,2974542329830290273,152,152,152,152,0,0,0,-1,56
0027.txt,343029167820723456,154,154,152,152,0,0,0,-1,54
0027.txt,10990842315945207955,152,152,152,152,0,0,0,-1,55
0027.txt,222816270368266437,152,152,152,152,0,0,0,-1,56
0027.txt,500988807516216288,152,152,152,152,0,0,0,-1,60
0027.txt,15871570423618657185,152,152,152,152,0,0,0,-1,49
0027.txt,12853467325421130925,155,155,152,152,0,0,0,-1,50
0027.txt,17460941864632164337,152,152,152,152,0,0,0,-1,50
0027.txt,1616558791519833945,155,154,152,152,1,0,1,-1,170
0027.txt,2733896924037000472,152,152,152,152,0,0,0,-1,49
0027.txt,13064350348921978129,152,152,152,152,0,0,0,-1,49
0027.txt,3192332496965724065,152,152,152,152,0,0,0,-1,48
0027.txt,6210210488657804121,152,152,152,152,0,0,0,-1,49
0027.txt,12651203968519083211,152,152,152,152,0,0,0,-1,48
0027.txt,1136328869041383665,152,152,152,152,0,0,0,-1,48
0027.txt,15222819112483530329,152,152,152,152,0,0,0,-1,48
0027.txt,15222465482780820555,152,152,152,152,0,0,0,-1,62
0027.txt,3788418634062255341,152,152,152,152,0,0,0,-1,49
0027.txt,18426860636971143061,154,154,152,152,0,0,0,-1,49
0027.txt,6154049830891507829,153,153,152,152,0,0,0,-1,49
0027.txt,15708358496345424675,152,152,152,152,0,0,0,-1,48
0027.txt,635987844823656280,152,152,152,152,0,0,0,-1,49
0027.txt,12953483393974068145,152,152,152,152,0,0,0,-1,49
0027.txt,5299419911988366638,152,152,152,152,0,0,0,-1,48
0027.txt,3827672558490891442,152,152,152,152,0,0,0,-1,48
0027.txt,5412024898098834633,152,152,152,152,0,0,0,-1,49
0028.txt,16377506626512589124,263,261,263,263,2,1,0,2,3582
0028.txt,9828563340931158104,263,263,263,263,0,0,0,4,1518
0028.txt,7204787046040264987,266,266,263,263,0,0,0,5,1978
0028.txt,13718564307711275464,263,262,263,263,1,1,0,6,70510
0028.txt,13724180909430988006,263,263,263,263,0,0,0,-1,82
0028.txt,10368675120454143339,263,263,263,263,0,0,0,-1,99
0028.txt,8033169879414289071,263,263,263,263,0,0,0,-1,93
0028.txt,4270599239304191253,266,265,263,263,1,0,1,-1,308
0028.txt,6787591822977754029,265,265,263,263,0,0,0,-1,74
0028.txt,16472323270468174053,263,263,263,263,0,0,0,-1,74
0028.txt,10110791042037001271,263,263,263,263,0,0,0,-1,74
0028.txt,13660335421170001869,263,263,263,263,0,0,0,-1,73
0028.txt,15230280576067323856,263,263,263,263,0,0,0,-1,78
0028.txt,14048898726770858471,263,263,263,263,0,0,0,-1,85
0028.txt,8995046738079971456,264,264,263,263,0,0,0,-1,74
0028.txt,18221084399070388465,265,265,263,263,0,0,0,-1,74
0028.txt,12674570865341217640,263,263,263,263,0,0,0,-1,74
0028.txt,11114473006976013776,264,264,263,263,0,0,0,-1,74
0028.txt,959601195296294768,263,263,263,263,0,0,0,-1,79
0028.txt,9902016562337840926,263,263,263,263,0,0,0,-1,78
0028.txt,5648775860803856526,263,263,263,263,0,0,0,-1,78
0028.txt,9115817702539541266,263,263,263,263,0,0,0,-1,79
0028.txt,10176770927862767864,267,267,263,263,0,0,0,-1,80
0028.txt,13905889919892708098,265,265,263,263,0,0,0,-1,79
0028.txt,6172840261928288456,263,263,263,263,0,0,0,-1,79
0028.txt,14414374679178929896,263,263,263,263,0,0,0,-1,78
0028.txt,6362580465004226917,266,266,263,263,0,0,0,-1,80
0028.txt,17238445869322977663,264,264,263,263,0,0,0,-1,78
0028.txt,12795160374279583515,266,265,263,263,1,0,1,-1,294
0028.txt,2449196387084840405,265,265,263,263,0,0,0,-1,79
0028.txt,14422538114913771362,263,263,263,263,0,0,0,-1,79
0028.txt,5876922082220126606,263,263,263,263,0,0,0,-1,79
0028.txt,7078074050437205582,263,263,263,263,0,0,0,-1,79
0028.txt,6741168799002250854,266,266,263,263,0,0,0,-1,80
0028.txt,15631189719290143288,265,265,263,263,0,0,0,-1,80
0028.txt,606381887382085083,267,266,263,263,1,0,0,-1,309
0028.txt,8385280703752602761,267,267,263,263,0,0,0,-1,80
0028.txt,14134767103861858469,263,263,263,263,0,0,0,-1,79
0028.txt,15735361530688790835,263,263,263,263,0,0,0,-1,78
0028.txt,681605472999699804,264,264,263,263,0,0,0,-1,79
0028.txt,2822472198803142946,263,263,263,263,0,0,0,-1,78
0028.txt,2073226215935008668,263,263,263,263,0,0,0,-1,79
0028.txt,17013907577145885823,263,263,263,263,0,0,0,-1,79
0028.txt,2577629533028589931,263,263,263,263,0,0,0,-1,78
0028.txt,1065142938617742089,264,264,263,263,0,0,0,-1,78
0028.txt,15353844528761050567,262,262,263,263,0,0,0,-1,78
0028.txt,8543414639543348941,263,263,263,263,0,0,0,-1,79
0028.txt,12237959940932267152,263,263,263,263,0,0,0,-1,79
0028.txt,9694213161834013117,263,263,263,263,0,0,0,-1,79
0029.txt,16521344775486404957,261,260,261,261,1,1,0,2,3251
0029.txt,9836542480532295667,261,261,261,261,0,0,0,4,1581
0029.txt,7546398742427120867,261,261,261,261,0,0,0,5,1628
0029.txt,6962966254238498401,265,262,261,261,3,0,1,6,328250
0029.txt,9094014633657334158,261,261,261,261,0,0,0,-1,86
0029.txt,3371930124167127874,262,262,261,261,0,0,0,-1,83
0029.txt,2974542329830290273,261,261,261,261,0,0,0,-1,82
0029.txt,8381121877064840452,261,261,261,261,0,0,0,-1,81
0029.txt,7640456058806897910,261,261,261,261,0,0,0,-1,81
0029.txt,7075797226569933971,263,263,261,261,0,0,0,-1,82
0029.txt,4226697775593844407,261,261,261,261,0,0,0,-1,80
0029.txt,7692435580326140938,261,261,261,261,0,0,0,-1,81
0029.txt,11018470620598233018,261,261,261,261,0,0,0,-1,96
0029.txt,133215197031944227,261,261,261,261,0,0,0,-1,119
0029.txt,6937714971368233122,261,261,261,261,0,0,0,-1,94
0029.txt,15409425442301163930,261,261,261,261,0,0,0,-1,83
0029.txt,16020074347354045715,261,261,261,261,0,0,0,-1,82
0029.txt,2013992674960592927,261,261,261,261,0,0,0,-1,77
0029.txt,5748594118387518352,261,261,261,261,0,0,0,-1,76
0029.txt,1916348863366155596,261,261,261,261,0,0,0,-1,76
0029.txt,11905200005717427755,263,263,261,261,0,0,0,-1,79
0029.txt,3006501195854390725,261,261,261,261,0,0,0,-1,76
0029.txt,3042298765636804654,261,261,261,261,0,0,0,-1,76
0029.txt,14462891754473296815,261,261,261,261,0,0,0,-1,84
0029.txt,2735753012480520338,262,262,261,261,0,0,0,-1,76
0029.txt,523765617458926044,262,262,261,261,0,0,0,-1,76
0029.txt,17022746449730804383,264,264,261,261,0,0,0,-1,81
0029.txt,3258961350005683891,264,264,261,261,0,0,0,-1,78
0029.txt,3346292871982927949,264,264,261,261,0,0,0,-1,82
0029.txt,14458918186759927040,261,261,261,261,0,0,0,-1,84
0029.txt,12362083228141629228,264,264,261,261,0,0,0,-1,81
0029.txt,12086209284061292908,261,261,261,261,0,0,0,-1,81
0029.txt,1358768015557539303,261,261,261,261,0,0,0,-1,82
0029.txt,9919136731512944255,261,261,261,261,0,0,0,-1,81
0029.txt,6854756282232219158,261,261,261,261,0,0,0,-1,81
0029.txt,11715824806246270361,261,261,261,261,0,0,0,-1,81
0029.txt,1731206680963627248,261,261,261,261,0,0,0,-1,81
0029.txt,9250161787693407329,261,261,261,261,0,0,0,-1,81
0029.txt,13665845784796321412,260,260,261,261,0,0,0,-1,81
0029.txt,12480398821306742734,261,261,261,261,0,0,0,-1,84
0030.txt,928614343458939747,460,459,458,458,1,0,1,2,6707
0030.txt,17077918896899549564,458,458,458,458,0,0,0,4,1653
0030.txt,1770961671161131494,459,459,458,458,0,0,0,5,2071
0030.txt,9658277364141547050,458,457,458,458,1,1,0,6,61798
0030.txt,14048963392519623125,458,458,458,458,0,0,0,-1,123
0030.txt,7239273191728103643,458,458,458,458,0,0,0,-1,121
0030.txt,2681115722649918764,458,458,458,458,0,0,0,-1,121
0030.txt,2970749944037797092,458,458,458,458,0,0,0,-1,120
0030.txt,1504897678861046270,458,458,458,458,0,0,0,-1,122
0030.txt,7704651160723143706,460,460,458,458,0,0,0,-1,223
0030.txt,11296877632448543254,458,458,458,458,0,0,0,-1,125
0030.txt,16885290347468970339,458,458,458,458,0,0,0,-1,122
0030.txt,6094041999776586170,458,458,458,458,0,0,0,-1,113
0030.txt,7440074689746666578,458,458,458,458,0,0,0,-1,117
0030.txt,10650822256279264568,458,458,458,458,0,0,0,-1,112
0030.txt,9024528636278573656,457,457,458,458,0,0,0,-1,112
0030.txt,2218791157982800552,458,458,458,458,0,0,0,-1,111
0030.txt,5153608355855863427,458,458,458,458,0,0,0,-1,111
0030.txt,16136635052879276189,459,459,458,458,0,0,0,-1,112
0030.txt,16667468855624213654,458,458,458,458,0,0,0,-1,121
0030.txt,11385578870610123696,460,460,458,458,0,0,0,-1,120
0030.txt,6693887833241968250,458,458,458,458,0,0,0,-1,120
0030.txt,10958618695139781620,458,458,458,458,0,0,0,-1,120
0030.txt,5732867421070502314,459,459,458,458,0,0,0,-1,121
0030.txt,3970272703724656335,458,458,458,458,0,0,0,-1,120
0030.txt,3179704256828750925,458,458,458,458,0,0,0,-1,121
0030.txt,18280884731465287078,458,458,458,458,0,0,0,-1,120
0030.txt,5333253007152601512,458,458,458,458,0,0,0,-1,119
0030.txt,16562433629421507767,459,459,458,458,0,0,0,-1,123
0030.txt,4912054019841174179,461,461,458,458,0,0,0,-1,120
0030.txt,6515787194617486330,459,459,458,458,0,0,0,-1,120
0030.txt,9094161505913911116,458,458,458,458,0,0,0,-1,119
0030.txt,2978254506717330005,458,458,458,458,0,0,0,-1,120
0030.txt,13894407907199589926,458,458,458,458,0,0,0,-1,119
0030.txt,7590058133095504847,458,458,458,458,0,0,0,-1,120
0030.txt,14174055914756749312,458,458,458,458,0,0,0,-1,120
0030.txt,1339364718877176938,460,460,458,458,0,0,0,-1,120
0030.txt,2498356316438741999,457,457,458,458,0,0,0,-1,124
0030.txt,7532562123799310055,458,458,458,458,0,0,0,-1,120
0031.txt,14156455864032172083,122,122,121,121,0,0,0,2,1843
0031.txt,4221087334907158777,124,124,121,121,0,0,0,4,731
0031.txt,5698880816012902994,121,121,121,121,0,0,0,5,728
0031.txt,17128731239816521160,121,121,121,121,0,0,0,6,119976
0031.txt,4928819240498342133,121,121,121,121,0,0,0,-1,50
0031.txt,18380657445591975289,121,121,121,121,0,0,0,-1,46
0031.txt,2201055956071034153,122,122,121,121,0,0,0,-1,50
0031.txt,2974188700127580499,121,121,121,121,0,0,0,-1,45
0031.txt,11927210153276181192,121,121,121,121,0,0,0,-1,45
0031.txt,10413056521802291340,121,121,121,121,0,0,0,-1,45
0031.txt,2096347144365603455,121,121,121,121,0,0,0,-1,45
0031.txt,10643255557267779790,124,124,121,121,0,0,0,-1,46
0031.txt,16701547273506478471,121,121,121,121,0,0,0,-1,45
0031.txt,6659100239152289994,124,124,121,121,0,0,0,-1,45
0031.txt,14656178068849876269,121,121,121,121,0,0,0,-1,44
0031.txt,4483787435897229003,121,121,121,121,0,0,0,-1,45
0031.txt,1068168515552078368,123,123,121,121,0,0,0,-1,46
0031.txt,7192979213379975752,123,123,121,121,0,0,0,-1,45
0031.txt,13127857670313001975,121,121,121,121,0,0,0,-1,45
0031.txt,17230418799957122269,121,121,121,121,0,0,0,-1,45
0031.txt,7876822971399500660,121,121,121,121,0,0,0,-1,45
0031.txt,5011234300980602868,121,121,121,121,0,0,0,-1,45
0031.txt,8154119654138819435,121,121,121,121,0,0,0,-1,44
0031.txt,16758481679273104890,121,121,121,121,0,0,0,-1,45
0031.txt,9631356318893941535,121,121,121,121,0,0,0,-1,45
0031.txt,1218151958900916637,121,121,121,121,0,0,0,-1,45
0031.txt,4923218838545027199,121,121,121,121,0,0,0,-1,45
0031.txt,3190387533600820308,121,121,121,121,0,0,0,-1,46
0031.txt,3186832989244008054,122,122,121,121,0,0,0,-1,46
0031.txt,10846581762877429411,122,122,121,121,0,0,0,-1,45
0031.txt,9374431522660964902,121,121,121,121,0,0,0,-1,45
0031.txt,7061870819698731995,121,121,121,121,0,0,0,-1,45
0031.txt,8941291027608201588,121,121,121,121,0,0,0,-1,44
0031.txt,15222819112483530329,121,121,121,121,0,0,0,-1,45
0031.txt,17724867914635302109,121,121,121,121,0,0,0,-1,45
0031.txt,17561015095381961926,123,123,121,121,0,0,0,-1,46
0031.txt,4338071008579038544,121,121,121,121,0,0,0,-1,45
0031.txt,6930420531158090474,121,121,121,121,0,0,0,-1,45
0031.txt,7030940281661624068,121,121,121,121,0,0,0,-1,45
0031.txt,12685435798051226436,121,121,121,121,0,0,0,-1,45
0031.txt,18168158919575587158,121,121,121,121,0,0,0,-1,44
0031.txt,13293148489914781645,121,121,121,121,0,0,0,-1,44
0031.txt,8146333450813886838,121,121,121,121,0,0,0,-1,45
0031.txt,16038599024640826335,121,121,121,121,0,0,0,-1,51
0031.txt,9537929182033520893,121,121,121,121,0,0,0,-1,45
0031.txt,66863412504347724,121,121,121,121,0,0,0,-1,44
0031.txt,2662449799212647405,121,121,121,121,0,0,0,-1,45
0031.txt,11423021927675619549,121,121,121,121,0,0,0,-1,45
0031.txt,9385231522691476027,121,121,121,121,0,0,0,-1,44
0031.txt,11534371585987823482,121,121,121,121,0,0,0,-1,44
0031.txt,503177616467561302,121,121,121,121,0,0,0,-1,45
0031.txt,4912167750727183082,121,121,121,121,0,0,0,-1,45
0031.txt,5986894821708120873,121,121,121,121,0,0,0,-1,45
0031.txt,15891422774727368737,121,121,121,121,0,0,0,-1,45
0031.txt,11112491130227014508,123,123,121,121,0,0,0,-1,45
0031.txt,4515746301921329455,121,121,121,121,0,0,0,-1,45
0031.txt,10586143794509622693,121,121,121,121,0,0,0,-1,44
0031.txt,13523581859751886609,121,121,121,121,0,0,0,-1,45
0032.txt,14605708065213759389,142,142,142,142,0,0,0,2,1890
0032.txt,4797627259150086094,142,142,142,142,0,0,0,4,819
0032.txt,1412496021158611858,142,142,142,142,0,0,0,5,898
0032.txt,2463059865741746194,142,142,142,142,0,0,0,6,212074
0032.txt,12561224570911893364,142,142,142,142,0,0,0,-1,55
0032.txt,7168031272232339105,142,142,142,142,0,0,0,-1,51
0032.txt,1438628743434667706,142,142,142,142,0,0,0,-1,52
0032.txt,5019332778568672420,142,142,142,142,0,0,0,-1,52
0032.txt,326121446175100391,145,145,142,142,0,0,0,-1,54
0032.txt,14859729693073043431,142,142,142,142,0,0,0,-1,53
0032.txt,6777072342778150377,142,142,142,142,0,0,0,-1,52
0032.txt,998512892206304735,142,142,142,142,0,0,0,-1,52
0032.txt,14038951588705068090,142,142,142,142,0,0,0,-1,52
0032.txt,12694805115190209657,142,142,142,142,0,0,0,-1,55
0032.txt,13174063023481914506,142,142,142,142,0,0,0,-1,52
0032.txt,11001044431052921595,144,144,142,142,0,0,0,-1,52
0032.txt,8016001876689961788,142,142,142,142,0,0,0,-1,52
0032.txt,15952974882972869740,144,143,142,142,1,0,1,-1,183
0032.txt,908058903588711802,144,143,142,142,1,0,1,-1,177
0032.txt,16355333146720852042,144,144,142,142,0,0,0,-1,53
0032.txt,250216191483885337,142,142,142,142,0,0,0,-1,52
0032.txt,677893296112660072,142,142,142,142,0,0,0,-1,52
0032.txt,6147200543290687609,143,143,142,142,0,0,0,-1,52
0032.txt,18097938760106473402,142,142,142,142,0,0,0,-1,52
0032.txt,6338576397308270590,142,142,142,142,0,0,0,-1,52
0032.txt,5798228859598630134,142,142,142,142,0,0,0,-1,52
0032.txt,11399740109983989693,142,142,142,142,0,0,0,-1,51
0032.txt,197574498712825901,142,142,142,142,0,0,0,-1,52
0032.txt,1465072889430185584,143,143,142,142,0,0,0,-1,57
0032.txt,17590633417172086011,142,142,142,142,0,0,0,-1,53
0032.txt,4612730373592158310,142,142,142,142,0,0,0,-1,52
0032.txt,8274522544612998420,142,142,142,142,0,0,0,-1,52
0032.txt,16468708241667211550,142,142,142,142,0,0,0,-1,53
0032.txt,8659936758127276666,142,142,142,142,0,0,0,-1,52
0032.txt,2048957393457726458,144,144,142,142,0,0,0,-1,52
0032.txt,5788153218045640260,142,142,142,142,0,0,0,-1,52
0032.txt,17835556035460092729,142,142,142,142,0,0,0,-1,52
0032.txt,4533591817881916909,142,142,142,142,0,0,0,-1,55
0032.txt,4553270664777719435,142,142,142,142,0,0,0,-1,52
0032.txt,11437205119813260871,142,142,142,142,0,0,0,-1,55
0032.txt,12625593080748881271,142,142,142,142,0,0,0,-1,53
0032.txt,13106000806386649312,142,142,142,142,0,0,0,-1,52
0032.txt,10678008056308195966,142,142,142,142,0,0,0,-1,52
0032.txt,7281341302050843619,142,142,142,142,0,0,0,-1,52
0033.txt,10511153381552738237,143,143,141,141,0,0,0,2,2046
0033.txt,12488388256857657513,141,141,141,141,0,0,0,4,633
0033.txt,13619340694294522925,144,144,141,141,0,0,0,5,922
0033.txt,16103135141173062896,141,141,141,141,0,0,0,-1,58
0033.txt,17323924594196540364,141,141,141,141,0,0,0,6,102132
0033.txt,9538750328075999141,141,141,141,141,0,0,0,-1,55
0033.txt,6132458167914268132,142,142,141,141,0,0,0,-1,51
0033.txt,10350324978344073348,141,141,141,141,0,0,0,-1,49
0033.txt,5539358058376236891,145,145,141,141,0,0,0,-1,56
0033.txt,2487529900743937612,141,141,141,141,0,0,0,-1,49
0033.txt,8908309859417274563,145,145,141,141,0,0,0,-1,50
0033.txt,10324073832950004787,141,141,141,141,0,0,0,-1,51
0033.txt,5201331326755902634,144,144,141,141,0,0,0,-1,54
0033.txt,11005314454663296756,143,143,141,141,0,0,0,-1,63
0033.txt,747743466726046249,144,144,141,141,0,0,0,-1,53
0033.txt,16831383743356456977,141,141,141,141,0,0,0,-1,53
0033.txt,575723032607765014,141,141,141,141,0,0,0,-1,52
0033.txt,17500832350775591280,142,142,141,141,0,0,0,-1,52
0033.txt,72479197316718394,145,145,141,141,0,0,0,-1,54
0033.txt,3306468082552067263,141,141,141,141,0,0,0,-1,52
0033.txt,6940012629444433758,141,141,141,141,0,0,0,-1,53
0033.txt,15498251486931185879,141,141,141,141,0,0,0,-1,52
0033.txt,17003692480293423656,141,141,141,141,0,0,0,-1,52
0033.txt,7334265715543630564,141,141,141,141,0,0,0,-1,52
0033.txt,2249247565266090912,144,144,141,141,0,0,0,-1,53
0033.txt,16951934808462588676,141,141,141,141,0,0,0,-1,52
0033.txt,12139255240229700499,141,141,141,141,0,0,0,-1,53
0033.txt,6637394454967846810,141,141,141,141,0,0,0,-1,52
0033.txt,7755792541601729764,141,141,141,141,0,0,0,-1,53
0033.txt,15768483026604803388,141,141,141,141,0,0,0,-1,52
0033.txt,4434765930878998099,141,141,141,141,0,0,0,-1,52
0033.txt,9492897127478207698,141,141,141,141,0,0,0,-1,52
0033.txt,5733316423978491977,141,141,141,141,0,0,0,-1,52
0033.txt,1612973640988405020,142,142,141,141,0,0,0,-1,52
0033.txt,6791215810192654234,141,141,141,141,0,0,0,-1,52
0033.txt,4618335695415881992,142,142,141,141,0,0,0,-1,52
0033.txt,653005154159929310,141,141,141,141,0,0,0,-1,52
0033.txt,11085937515535930550,144,144,141,141,0,0,0,-1,53
0033.txt,5129752193474472258,141,141,141,141,0,0,0,-1,52
0033.txt,14801821795988082895,141,141,141,141,0,0,0,-1,52
0033.txt,17497533103301830145,142,142,141,141,0,0,0,-1,52
0033.txt,11536227674431343348,141,141,141,141,0,0,0,-1,52
0033.txt,10958265065437071846,145,145,141,141,0,0,0,-1,53
0033.txt,6074784854943092641,141,141,141,141,0,0,0,-1,59
0033.txt,11749189396762773887,141,141,141,141,0,0,0,-1,61
0033.txt,12657454798686904494,141,141,141,141,0,0,0,-1,52
0033.txt,1831874485727712214,141,141,141,141,0,0,0,-1,52
0033.txt,12321109609672668224,143,143,141,141,0,0,0,-1,62
0033.txt,11569727586137556641,143,143,141,141,0,0,0,-1,58
0033.txt,12106501174870209503,145,145,141,141,0,0,0,-1,54
0033.txt,5583482196886119275,143,143,141,141,0,0,0,-1,52
0034.txt,14108044327815303216,446,444,446,446,2,1,0,2,3258
0034.txt,4205975828892447346,448,448,446,446,0,0,0,4,2281
0034.txt,14225008016031911711,446,446,446,446,0,0,0,5,1812
0034.txt,12660307041809588360,446,444,446,446,2,1,0,6,203514
0034.txt,11572605976747903080,446,446,446,446,0,0,0,-1,122
0034.txt,8605210593375291201,448,447,446,446,1,0,1,-1,475
0034.txt,16787670208594436531,448,448,446,446,0,0,0,-1,119
0034.txt,5525978217483949655,446,446,446,446,0,0,0,-1,119
0034.txt,11377885961239357121,447,447,446,446,0,0,0,-1,120
0034.txt,15616163468985546380,446,446,446,446,0,0,0,-1,119
0034.txt,11296554282824798978,449,449,446,446,0,0,0,-1,119
0034.txt,5062151194076021351,447,447,446,446,0,0,0,-1,119
0034.txt,4526576722361549949,448,448,446,446,0,0,0,-1,119
0034.txt,17569585990417903249,446,446,446,446,0,0,0,-1,118
0034.txt,10696974139132155676,446,446,446,446,0,0,0,-1,119
0034.txt,1642371594994543555,446,446,446,446,0,0,0,-1,120
0034.txt,17284744635441140101,446,446,446,446,0,0,0,-1,119
0034.txt,14640063527267879271,445,445,446,446,0,0,0,-1,119
0034.txt,13992671038269475809,446,446,446,446,0,0,0,-1,120
0034.txt,6169461405928816348,447,447,446,446,0,0,0,-1,118
0034.txt,14392647057305571069,446,446,446,446,0,0,0,-1,122
0034.txt,1284166510766251355,448,447,446,446,1,0,1,-1,472
0034.txt,1736793086990801402,446,446,446,446,0,0,0,-1,118
0034.txt,4128523519445342415,446,446,446,446,0,0,0,-1,138
0034.txt,385969147673098655,446,446,446,446,0,0,0,-1,124
0034.txt,5145036108035096540,446,446,446,446,0,0,0,-1,120
0034.txt,17200358197732667715,446,446,446,446,0,0,0,-1,124
0034.txt,11179944224310900257,447,447,446,446,0,0,0,-1,120
0035.txt,17527039755690647633,65,65,63,63,0,0,0,2,1072
0035.txt,323029869469479345,64,64,63,63,0,0,0,4,402
0035.txt,1310846824640242922,65,65,63,63,0,0,0,5,444
0035.txt,10084489316264844308,63,63,63,63,0,0,0,6,61585
0035.txt,1359987874731735617,63,63,63,63,0,0,0,-1,33
0035.txt,14168249882976464388,63,63,63,63,0,0,0,-1,31
0035.txt,15814782173212219003,66,66,63,63,0,0,0,-1,31
0035.txt,4513936601555557410,64,64,63,63,0,0,0,-1,34
0035.txt,5005429921088119560,63,63,63,63,0,0,0,-1,30
0035.txt,871795205103595633,64,64,63,63,0,0,0,-1,31
0035.txt,8901287303613959890,66,66,63,63,0,0,0,-1,31
0035.txt,7105411043338528295,66,66,63,63,0,0,0,-1,30
0035.txt,13223307731429248118,64,64,63,63,0,0,0,-1,31
0035.txt,15314806718817437066,63,63,63,63,0,0,0,-1,43
0035.txt,14439174881201689662,63,63,63,63,0,0,0,-1,39
0035.txt,7479034523264619009,65,65,63,63,0,0,0,-1,31
0035.txt,12090567307415570922,64,64,63,63,0,0,0,-1,31
0035.txt,6301049265953610540,64,64,63,63,0,0,0,-1,31
0035.txt,468853126640760949,63,63,63,63,0,0,0,-1,30
0035.txt,13015044710375675381,64,64,63,63,0,0,0,-1,30
0035.txt,6094218814627941057,63,63,63,63,0,0,0,-1,32
0035.txt,7000483874378333708,63,63,63,63,0,0,0,-1,31
0035.txt,4443993316618246217,63,63,63,63,0,0,0,-1,30
0035.txt,1119165654087090929,63,63,63,63,0,0,0,-1,30
0035.txt,14914719481202291528,63,63,63,63,0,0,0,-1,31
0035.txt,3875397798404863657,63,63,63,63,0,0,0,-1,29
0035.txt,5228873524985813876,66,66,63,63,0,0,0,-1,30
0035.txt,11079648189946139621,63,63,63,63,0,0,0,-1,28
0035.txt,8174403325099592671,64,64,63,63,0,0,0,-1,28
0035.txt,17504661835717087274,64,64,63,63,0,0,0,-1,28
0035.txt,14527627125499911554,63,63,63,63,0,0,0,-1,28
0035.txt,11821123495863620747,64,64,63,63,0,0,0,-1,28
0035.txt,13532909821451297011,63,63,63,63,0,0,0,-1,28
0035.txt,9178224256514451657,63,63,63,63,0,0,0,-1,28
0035.txt,5853396593983296369,63,63,63,63,0,0,0,-1,28
0035.txt,13903723429294427592,63,63,63,63,0,0,0,-1,28
0035.txt,18154454578023618133,65,65,63,63,0,0,0,-1,29
0035.txt,17674968775018132933,63,63,63,63,0,0,0,-1,28
0035.txt,16568470813237468924,65,65,63,63,0,0,0,-1,28
0036.txt,5774576026355199695,211,211,207,207,0,0,0,2,2438
0036.txt,4992585540592694441,211,211,207,207,0,0,0,4,1094
0036.txt,10604986532798248939,211,211,207,207,0,0,0,5,1429
0036.txt,13701956670466385149,210,210,207,207,0,0,0,6,220119
0036.txt,253360617581527793,208,208,207,207,0,0,0,-1,73
0036.txt,11079171828194243512,210,210,207,207,0,0,0,-1,69
0036.txt,17627720381039698376,208,208,207,207,0,0,0,-1,67
0036.txt,12412654711382481296,207,207,207,207,0,0,0,-1,66
0036.txt,13473211782377551397,207,207,207,207,0,0,0,-1,67
0036.txt,15562842913783682916,207,207,207,207,0,0,0,-1,67
0036.txt,7589471199984980162,207,207,207,207,0,0,0,-1,66
0036.txt,9849235360950759218,207,207,207,207,0,0,0,-1,66
0036.txt,14048848385474227350,209,209,207,207,0,0,0,-1,67
0036.txt,15501145536016185964,207,207,207,207,0,0,0,-1,67
0036.txt,10680425498539115674,209,209,207,207,0,0,0,-1,68
0036.txt,593064353780094021,207,207,207,207,0,0,0,-1,67
0036.txt,12506328238052718977,207,207,207,207,0,0,0,-1,67
0036.txt,16253095656055252062,207,207,207,207,0,0,0,-1,67
0036.txt,17034618544627909918,207,207,207,207,0,0,0,-1,68
0036.txt,12362680400372061749,207,207,207,207,0,0,0,-1,67
0036.txt,2565697904455618720,207,207,207,207,0,0,0,-1,66
0036.txt,16115684085726589860,207,207,207,207,0,0,0,-1,66
0036.txt,10754969976147087208,207,207,207,207,0,0,0,-1,67
0036.txt,4012242727691754408,207,207,207,207,0,0,0,-1,67
0036.txt,17712546986235218447,207,207,207,207,0,0,0,-1,66
0036.txt,17786073821143892375,207,207,207,207,0,0,0,-1,70
0036.txt,10721368154458191518,207,207,207,207,0,0,0,-1,67
0036.txt,3945961890596955142,208,208,207,207,0,0,0,-1,66
0036.txt,7159071281470181360,207,207,207,207,0,0,0,-1,67
0036.txt,13281301738137036952,207,207,207,207,0,0,0,-1,66
0036.txt,13077632064080936512,210,210,207,207,0,0,0,-1,68
0036.txt,979266607267014887,209,209,207,207,0,0,0,-1,74
0036.txt,11410601928481171180,207,207,207,207,0,0,0,-1,74
0036.txt,16043636845417321272,207,207,207,207,0,0,0,-1,73
0036.txt,6577365714658040525,207,207,207,207,0,0,0,-1,68
0036.txt,2311552509302402458,208,208,207,207,0,0,0,-1,68
0037.txt,10568230088547641686,246,245,245,245,1,0,1,2,3627
0037.txt,4592880987407335380,247,247,245,245,0,0,0,4,1369
0037.txt,5079209619770409919,245,245,245,245,0,0,0,5,1599
0037.txt,16553881605546381142,245,243,245,245,2,1,0,6,80860
0037.txt,1274998739503233877,246,246,245,245,0,0,0,-1,82
0037.txt,9115013783871670301,245,245,245,245,0,0,0,-1,83
0037.txt,6214982619661560280,245,245,245,245,0,0,0,-1,79
0037.txt,2855172979611519821,245,245,245,245,0,0,0,-1,82
0037.txt,5958028391326837152,245,245,245,245,0,0,0,-1,78
0037.txt,10144694871426005480,245,245,245,245,0,0,0,-1,79
0037.txt,6045149790127899081,245,245,245,245,0,0,0,-1,79
0037.txt,41138715776653599,245,245,245,245,0,0,0,-1,79
0037.txt,1537123917692630253,245,245,245,245,0,0,0,-1,78
0037.txt,5102184078773403587,245,245,245,245,0,0,0,-1,78
0037.txt,15118964026881034560,248,248,245,245,0,0,0,-1,80
0037.txt,17123428717575250319,245,245,245,245,0,0,0,-1,79
0037.txt,6706835626932202902,245,245,245,245,0,0,0,-1,79
0037.txt,8306481410637098872,248,248,245,245,0,0,0,-1,79
0037.txt,17917588087454447174,245,245,245,245,0,0,0,-1,78
0037.txt,15323910346183681509,246,246,245,245,0,0,0,-1,78
0037.txt,11129554018963313491,245,245,245,245,0,0,0,-1,78
0037.txt,6663785055661387664,245,245,245,245,0,0,0,-1,78
0037.txt,12111101846400095356,246,246,245,245,0,0,0,-1,79
0037.txt,61472211767311544,245,245,245,245,0,0,0,-1,78
0037.txt,12937838737015828738,245,245,245,245,0,0,0,-1,79
0037.txt,15802174342785793427,246,246,245,245,0,0,0,-1,78
0037.txt,10785426383430377568,246,246,245,245,0,0,0,-1,79
0037.txt,10810011394017169213,245,245,245,245,0,0,0,-1,79
0037.txt,8710623745659394423,248,248,245,245,0,0,0,-1,79
0037.txt,5424886983783798475,245,245,245,245,0,0,0,-1,78
0037.txt,16829755549626717462,245,245,245,245,0,0,0,-1,79
0037.txt,4774388469864148004,245,245,245,245,0,0,0,-1,78
0037.txt,3859454609663637007,247,247,245,245,0,0,0,-1,79
0037.txt,5429283491609608652,245,245,245,245,0,0,0,-1,79
0037.txt,188100510895322682,245,245,245,245,0,0,0,-1,81
0037.txt,894779218362229146,246,246,245,245,0,0,0,-1,78
0037.txt,12260550424808797278,245,245,245,245,0,0,0,-1,78
0037.txt,7053095503114952264,248,248,245,245,0,0,0,-1,83
0037.txt,17460941864632164337,245,245,245,245,0,0,0,-1,78
0038.txt,892501730915118793,131,131,131,131,0,0,0,2,2019
0038.txt,5797596733974766124,134,134,131,131,0,0,0,4,778
0038.txt,6872392178407467886,132,132,131,131,0,0,0,5,849
0038.txt,7056269993247035600,131,131,131,131,0,0,0,6,62110
0038.txt,4545364737111999623,133,133,131,131,0,0,0,-1,56
0038.txt,13175565482222724598,131,131,131,131,0,0,0,-1,50
0038.txt,12715627450553190913,131,131,131,131,0,0,0,-1,50
0038.txt,13520787361505588463,131,131,131,131,0,0,0,-1,49
0038.txt,2250641966764389704,132,132,131,131,0,0,0,-1,49
0038.txt,5791246075457231440,131,131,131,131,0,0,0,-1,49
0038.txt,3523203329783324802,131,131,131,131,0,0,0,-1,50
0038.txt,1950252692755159805,131,131,131,131,0,0,0,-1,50
0038.txt,3301413162703470623,133,133,131,131,0,0,0,-1,50
0038.txt,236106455117536710,131,131,131,131,0,0,0,-1,65
0038.txt,11048396583327458717,131,131,131,131,0,0,0,-1,60
0038.txt,12986267576684550000,131,131,131,131,0,0,0,-1,50
0038.txt,1252850987625311390,131,131,131,131,0,0,0,-1,53
0038.txt,7397477744286904347,132,132,131,131,0,0,0,-1,49
0038.txt,11600331429487005372,135,135,131,131,0,0,0,-1,51
0038.txt,17671484492844873552,131,131,131,131,0,0,0,-1,49
0038.txt,17331521814969009021,131,131,131,131,0,0,0,-1,46
0038.txt,4098369715318886344,131,131,131,131,0,0,0,-1,46
0038.txt,15223437496967565986,131,131,131,131,0,0,0,-1,45
0038.txt,2902741575303227432,131,131,131,131,0,0,0,-1,45
0038.txt,2370876262235357161,131,131,131,131,0,0,0,-1,46
0038.txt,11224210375020882708,131,131,131,131,0,0,0,-1,46
0038.txt,13606672282098268837,134,134,131,131,0,0,0,-1,46
0038.txt,4850106107122502044,131,131,131,131,0,0,0,-1,46
0038.txt,6420929931721868223,131,131,131,131,0,0,0,-1,45
0038.txt,11264958254659514533,135,135,131,131,0,0,0,-1,46
0038.txt,1664725558410648201,131,131,131,131,0,0,0,-1,46
0038.txt,10717688417252625632,131,131,131,131,0,0,0,-1,46
0038.txt,965340851612150949,132,132,131,131,0,0,0,-1,46
0038.txt,13739740272776966494,131,131,131,131,0,0,0,-1,46
0038.txt,5970341099878777455,131,131,131,131,0,0,0,-1,47
0038.txt,5436057117190567321,131,131,131,131,0,0,0,-1,46
0038.txt,5563240019586991159,131,131,131,131,0,0,0,-1,46
0038.txt,4910134847432308329,131,131,131,131,0,0,0,-1,46
0038.txt,3463708272979736342,135,135,131,131,0,0,0,-1,47
0038.txt,15679486536898705052,131,131,131,131,0,0,0,-1,45
0038.txt,11260795299983687798,131,131,131,131,0,0,0,-1,48
0038.txt,1412220133901781328,131,131,131,131,0,0,0,-1,49
0038.txt,7918097901658614569,131,131,131,131,0,0,0,-1,48
0038.txt,2537266611203118881,132,132,131,131,0,0,0,-1,50
0038.txt,1860210920637404888,132,132,131,131,0,0,0,-1,49
0038.txt,13954613462360751098,131,131,131,131,0,0,0,-1,49
0038.txt,7060256133071507448,131,131,131,131,0,0,0,-1,49
0038.txt,5049699768790403098,131,131,131,131,0,0,0,-1,49
0038.txt,17229812324802299818,134,134,131,131,0,0,0,-1,50
0038.txt,6578895719660466839,131,131,131,131,0,0,0,-1,51
0038.txt,6761728159774213423,131,131,131,131,0,0,0,-1,49
0039.txt,15301679681925528789,118,117,117,117,1,0,1,2,1870
0039.txt,617687740951498900,119,119,117,117,0,0,0,4,718
0039.txt,10859425946947235978,118,117,117,117,1,0,1,5,937
0039.txt,14891374557960249711,117,116,117,117,1,1,0,6,266995
0039.txt,12509680138492882970,117,117,117,117,0,0,0,-1,43
0039.txt,4476276183817691396,119,119,117,117,0,0,0,-1,43
0039.txt,6978738179625412952,119,119,117,117,0,0,0,-1,42
0039.txt,3265624801077162927,117,117,117,117,0,0,0,-1,45
0039.txt,10161670612114677789,117,117,117,117,0,0,0,-1,44
0039.txt,2226480266538205899,117,117,117,117,0,0,0,-1,44
0039.txt,15917657469764439330,117,117,117,117,0,0,0,-1,44
0039.txt,12744492524174287290,117,117,117,117,0,0,0,-1,53
0039.txt,10323101818763259356,117,117,117,117,0,0,0,-1,47
0039.txt,11350638635141762621,117,117,117,117,0,0,0,-1,45
0039.txt,16518162304587635543,117,117,117,117,0,0,0,-1,45
0039.txt,4152771639814069801,119,118,117,117,1,0,1,-1,161
0039.txt,9401678110192765059,117,117,117,117,0,0,0,-1,44
0039.txt,3277072564376906225,118,118,117,117,0,0,0,-1,45
0039.txt,5672691988569841857,117,117,117,117,0,0,0,-1,44
0039.txt,3361058841208820639,120,120,117,117,0,0,0,-1,45
0039.txt,17951384958381794313,121,121,117,117,0,0,0,-1,45
0039.txt,12313460182999628458,117,117,117,117,0,0,0,-1,44
0039.txt,16068524987370052034,118,118,117,117,0,0,0,-1,44
0039.txt,3553565827932691097,117,117,117,117,0,0,0,-1,47
0039.txt,3378849898545423796,117,117,117,117,0,0,0,-1,44
0039.txt,10627664956604750061,117,117,117,117,0,0,0,-1,44
0039.txt,13568138359738343530,117,117,117,117,0,0,0,-1,44
0039.txt,9828034729883950618,119,119,117,117,0,0,0,-1,45
0039.txt,11963765270444095811,117,117,117,117,0,0,0,-1,44
0039.txt,7609079705507250457,117,117,117,117,0,0,0,-1,45
0039.txt,11904354914618325183,117,117,117,117,0,0,0,-1,44
0039.txt,8942616671497656793,118,118,117,117,0,0,0,-1,44
0039.txt,8301859951351991344,119,119,117,117,0,0,0,-1,45
0039.txt,555802912198172749,117,117,117,117,0,0,0,-1,44
0039.txt,13480128620064215303,120,119,117,117,1,0,1,-1,157
0039.txt,14388072953406772933,118,118,117,117,0,0,0,-1,45
0040.txt,14570689455985119541,140,140,137,137,0,0,0,2,2258
0040.txt,1804608030625540284,139,139,137,137,0,0,0,4,837
0040.txt,5376149183775085324,140,140,137,137,0,0,0,5,999
0040.txt,13589580014576773338,139,139,137,137,0,0,0,6,141407
0040.txt,3191360482778978634,137,137,137,137,0,0,0,-1,52
0040.txt,5682568410060095895,141,141,137,137,0,0,0,-1,50
0040.txt,141266155138202707,140,140,137,137,0,0,0,-1,49
0040.txt,13613947961756058525,140,140,137,137,0,0,0,-1,49
0040.txt,1199958506105464842,139,139,137,137,0,0,0,-1,49
0040.txt,942553019382525286,137,137,137,137,0,0,0,-1,48
0040.txt,386123557313072593,137,137,137,137,0,0,0,-1,48
0040.txt,11623354274840110035,137,137,137,137,0,0,0,-1,48
0040.txt,157229514508519640,137,137,137,137,0,0,0,-1,48
0040.txt,16940631712730733679,137,137,137,137,0,0,0,-1,48
0040.txt,3048866927922809876,137,137,137,137,0,0,0,-1,48
0040.txt,11816786744576877726,137,137,137,137,0,0,0,-1,48
0040.txt,2188865195253574853,137,137,137,137,0,0,0,-1,48
0040.txt,2845244784785399568,137,137,137,137,0,0,0,-1,48
0040.txt,12976159745192254811,139,139,137,137,0,0,0,-1,48
0040.txt,5031521600445103468,138,138,137,137,0,0,0,-1,49
0040.txt,11480795185265351230,137,137,137,137,0,0,0,-1,48
0040.txt,4434765930878998099,137,137,137,137,0,0,0,-1,47
0040.txt,14655196899823574584,138,138,137,137,0,0,0,-1,48
0040.txt,5629453629521085503,138,138,137,137,0,0,0,-1,49
0040.txt,8652079857111715363,138,138,137,137,0,0,0,-1,49
0040.txt,15909301479595935630,137,137,137,137,0,0,0,-1,48
0040.txt,17494667944178400764,140,140,137,137,0,0,0,-1,56
0040.txt,7162345698847323245,139,138,137,137,1,0,1,-1,178
0040.txt,11960141033487027075,137,137,137,137,0,0,0,-1,48
0040.txt,10601362295841180203,138,138,137,137,0,0,0,-1,48
0040.txt,11264655826258893174,139,139,137,137,0,0,0,-1,49
0040.txt,7222374439157129530,137,137,137,137,0,0,0,-1,48
0040.txt,14895488675914154611,138,138,137,137,0,0,0,-1,48
0040.txt,4777789358993028287,139,139,137,137,0,0,0,-1,48
0040.txt,5185744036731318766,137,137,137,137,0,0,0,-1,52
0040.txt,18099551598420277781,137,137,137,137,0,0,0,-1,55
0040.txt,12596541984120323774,137,137,137,137,0,0,0,-1,48
0040.txt,10811081997821103974,140,140,137,137,0,0,0,-1,49
0040.txt,9267383760218093097,137,137,137,137,0,0,0,-1,48
0040.txt,2647664647665627306,137,137,137,137,0,0,0,-1,48
0040.txt,988237635637816451,137,137,137,137,0,0,0,-1,48
0040.txt,378721608750374078,137,137,137,137,0,0,0,-1,48
0040.txt,15649383759318124466,137,137,137,137,0,0,0,-1,48
0040.txt,9298723306766744997,137,137,137,137,0,0,0,-1,50
0040.txt,6702409197625928225,137,137,137,137,0,0,0,-1,50
0040.txt,4907900170886953859,137,137,137,137,0,0,0,-1,48
0040.txt,17858000613718603149,139,139,137,137,0,0,0,-1,48
0041.txt,12488388256857657513,93,93,92,92,0,0,0,2,1207
0041.txt,652297894754509762,92,92,92,92,0,0,0,4,518
0041.txt,7331266998638389262,93,93,92,92,0,0,0,5,626
0041.txt,12724821158560833780,94,92,92,92,2,0,1,6,149338
0041.txt,4806337568346893073,93,93,92,92,0,0,0,-1,38
0041.txt,18073780317202185479,92,92,92,92,0,0,0,-1,37
0041.txt,8091524558400346385,92,92,92,92,0,0,0,-1,37
0041.txt,8500890966219429468,94,94,92,92,0,0,0,-1,38
0041.txt,16317652815214007453,92,92,92,92,0,0,0,-1,37
0041.txt,6856897498441095231,93,93,92,92,0,0,0,-1,37
0041.txt,5427666775049908378,92,92,92,92,0,0,0,-1,37
0041.txt,2070052031361113881,93,93,92,92,0,0,0,-1,37
0041.txt,14730991721625245372,92,92,92,92,0,0,0,-1,37
0041.txt,11995724136468196263,92,92,92,92,0,0,0,-1,39
0041.txt,9797044567408149736,93,93,92,92,0,0,0,-1,40
0041.txt,3944371491926174054,92,92,92,92,0,0,0,-1,39
0041.txt,8241092405188910497,92,92,92,92,0,0,0,-1,40
0041.txt,2585327064507588404,92,92,92,92,0,0,0,-1,39
0041.txt,5110261472410375583,92,92,92,92,0,0,0,-1,40
0041.txt,10405490932538432387,92,92,92,92,0,0,0,-1,39
0041.txt,10285887108358469532,93,93,92,92,0,0,0,-1,40
0041.txt,9041121618221508206,93,93,92,92,0,0,0,-1,39
0041.txt,17495905648137884973,94,94,92,92,0,0,0,-1,40
0041.txt,1530846709921906354,92,92,92,92,0,0,0,-1,39
0041.txt,1645689554913669100,92,92,92,92,0,0,0,-1,40
0041.txt,3377169886387464474,92,92,92,92,0,0,0,-1,39
0041.txt,6757893505220140150,92,92,92,92,0,0,0,-1,40
0041.txt,1615586777333088514,92,92,92,92,0,0,0,-1,40
0041.txt,5103280664884902637,92,92,92,92,0,0,0,-1,40
0041.txt,11370726611988772071,92,92,92,92,0,0,0,-1,39
0041.txt,7187461688261450920,95,95,92,92,0,0,0,-1,40
0041.txt,12117144859610603913,92,92,92,92,0,0,0,-1,39
0041.txt,12118231459529114436,92,92,92,92,0,0,0,-1,40
0041.txt,11288698609198657830,92,92,92,92,0,0,0,-1,39
0041.txt,4253125974920725136,92,92,92,92,0,0,0,-1,39
0041.txt,16320665765795586813,92,92,92,92,0,0,0,-1,39
0041.txt,281735810205788006,92,92,92,92,0,0,0,-1,40
0041.txt,9736164801139949921,92,92,92,92,0,0,0,-1,39
0041.txt,8673759156960207546,92,92,92,92,0,0,0,-1,39
0041.txt,18244625724479820606,92,92,92,92,0,0,0,-1,40
0041.txt,2013145603880432597,93,93,92,92,0,0,0,-1,40
0041.txt,10431592740236372430,92,92,92,92,0,0,0,-1,39
0041.txt,11642837825953011555,94,94,92,92,0,0,0,-1,41
0041.txt,11666013314161064921,92,92,92,92,0,0,0,-1,39
0041.txt,858165300968082766,92,92,92,92,0,0,0,-1,40
0041.txt,3060825472856061001,96,96,92,92,0,0,0,-1,41
0041.txt,2954582171221235952,92,92,92,92,0,0,0,-1,40
0041.txt,831058471794473412,92,92,92,92,0,0,0,-1,39
0041.txt,16224253510900804788,92,92,92,92,0,0,0,-1,40
0041.txt,15920556330198778109,93,93,92,92,0,0,0,-1,40
0041.txt,13893435893012844495,92,92,92,92,0,0,0,-1,39
0041.txt,11870222398633196301,92,92,92,92,0,0,0,-1,39
0041.txt,11050429486622333470,92,92,92,92,0,0,0,-1,39
0041.txt,5973630889454263826,92,92,92,92,0,0,0,-1,39
0041.txt,12409627354257837821,92,92,92,92,0,0,0,-1,39
0041.txt,7302814854430571482,92,92,92,92,0,0,0,-1,39
0041.txt,14715314515054764760,92,92,92,92,0,0,0,-1,40
0041.txt,11296112713192118208,92,92,92,92,0,0,0,-1,39
0041.txt,13349111423634838424,92,92,92,92,0,0,0,-1,39
0041.txt,4852226950347347793,92,92,92,92,0,0,0,-1,39
0042.txt,15863638564417873413,324,324,324,324,0,0,0,-1,107
0042.txt,14023837345153950207,325,325,324,324,0,0,0,2,5001
0042.txt,1091517560404413146,326,326,324,324,0,0,0,4,1913
0042.txt,3712962005787688612,326,326,324,324,0,0,0,5,1865
0042.txt,3383855572038452147,325,325,324,324,0,0,0,6,322305
0042.txt,4808785559011547210,324,324,324,324,0,0,0,-1,113
0042.txt,15745172417460454826,326,326,324,324,0,0,0,-1,106
0042.txt,2897985608380160081,324,324,324,324,0,0,0,-1,103
0042.txt,2914778344301809871,324,324,324,324,0,0,0,-1,103
0042.txt,11598289318036024386,325,325,324,324,0,0,0,-1,102
0042.txt,17514115043581801287,324,324,324,324,0,0,0,-1,102
0042.txt,4593036198507139582,324,324,324,324,0,0,0,-1,103
0042.txt,3942751873933882653,328,328,324,324,0,0,0,-1,101
0042.txt,3944548306777528941,324,324,324,324,0,0,0,-1,101
0042.txt,11302037248421152070,325,325,324,324,0,0,0,-1,102
0042.txt,10983425597223257330,324,324,324,324,0,0,0,-1,103
0042.txt,8866420821951128110,325,325,324,324,0,0,0,-1,103
0042.txt,1223545421938851947,325,325,324,324,0,0,0,-1,102
0042.txt,15979192297318783071,324,324,324,324,0,0,0,-1,102
0042.txt,3471389108370448351,325,325,324,324,0,0,0,-1,102
0042.txt,6467861013924962747,325,325,324,324,0,0,0,-1,102
0042.txt,1863833351751812666,327,327,324,324,0,0,0,-1,105
0042.txt,7396945743632347259,324,324,324,324,0,0,0,-1,103
0042.txt,6008521493111099688,324,324,324,324,0,0,0,-1,103
0042.txt,1736793086990801402,325,325,324,324,0,0,0,-1,107
0042.txt,2273240716601439426,324,324,324,324,0,0,0,-1,102
0042.txt,15474475966868137395,324,324,324,324,0,0,0,-1,102
0042.txt,2443387294408278151,325,325,324,324,0,0,0,-1,102
0042.txt,13222160208551423981,324,324,324,324,0,0,0,-1,102
0042.txt,14827957099798572630,325,325,324,324,0,0,0,-1,129
0042.txt,17993785881286784733,325,325,324,324,0,0,0,-1,106
0042.txt,471769169200997242,324,324,324,324,0,0,0,-1,104
0042.txt,18134783711894501685,324,324,324,324,0,0,0,-1,103
0042.txt,16022866242835892972,324,324,324,324,0,0,0,-1,103
0042.txt,7753141253822819354,325,325,324,324,0,0,0,-1,100
0042.txt,4182106120744193549,324,324,324,324,0,0,0,-1,95
0042.txt,1061638985299729487,324,324,324,324,0,0,0,-1,95
0042.txt,11051727829537436240,328,328,324,324,0,0,0,-1,97
0042.txt,10574706940366313466,325,325,324,324,0,0,0,-1,95
0042.txt,11998957601582724290,323,323,324,324,0,0,0,-1,98
0043.txt,18321149257021971359,171,170,169,169,1,0,1,2,2656
0043.txt,5007690719096774664,169,169,169,169,0,0,0,4,996
0043.txt,16600162238328977370,173,173,169,169,0,0,0,5,1287
0043.txt,12635252232507978156,169,168,169,169,1,1,0,6,134782
0043.txt,5295292589990665280,171,171,169,169,0,0,0,-1,61
0043.txt,17651015787184602070,171,171,169,169,0,0,0,-1,59
0043.txt,1860209114794743930,171,171,169,169,0,0,0,-1,58
0043.txt,194746396082560604,169,169,169,169,0,0,0,-1,58
0043.txt,13675774427985155219,169,169,169,169,0,0,0,-1,58
0043.txt,12090016090278308330,169,169,169,169,0,0,0,-1,58
0043.txt,12623463029367929289,169,169,169,169,0,0,0,-1,57
0043.txt,11204478736560921245,169,169,169,169,0,0,0,-1,58
0043.txt,5797966298845281658,169,169,169,169,0,0,0,-1,58
0043.txt,1723846920588667431,169,169,169,169,0,0,0,-1,57
0043.txt,17312991324578200821,169,169,169,169,0,0,0,-1,57
0043.txt,11142858662588920977,169,169,169,169,0,0,0,-1,56
0043.txt,1946186886165410299,169,169,169,169,0,0,0,-1,56
0043.txt,7084026854703810135,169,169,169,169,0,0,0,-1,56
0043.txt,11687625636591020713,169,169,169,169,0,0,0,-1,56
0043.txt,11571759750866637051,169,169,169,169,0,0,0,-1,56
0043.txt,12683668584529090461,169,169,169,169,0,0,0,-1,56
0043.txt,11068676365694105923,169,169,169,169,0,0,0,-1,56
0043.txt,7485133233149243268,169,169,169,169,0,0,0,-1,56
0043.txt,12563522228988094000,169,169,169,169,0,0,0,-1,56
0043.txt,3961756112823884756,169,169,169,169,0,0,0,-1,56
0043.txt,15626209178952452697,169,169,169,169,0,0,0,-1,56
0043.txt,8245075999891961897,169,169,169,169,0,0,0,-1,57
0043.txt,17129811311245777891,169,169,169,169,0,0,0,-1,57
0043.txt,8974845940078574969,169,169,169,169,0,0,0,-1,56
0043.txt,7850558159011439208,169,169,169,169,0,0,0,-1,56
0043.txt,14436788348204105135,169,169,169,169,0,0,0,-1,55
0043.txt,4435299690210812938,169,169,169,169,0,0,0,-1,55
0043.txt,1826129405545797729,169,169,169,169,0,0,0,-1,55
0043.txt,14316995622365818448,169,169,169,169,0,0,0,-1,58
0043.txt,8461950141912773220,169,169,169,169,0,0,0,-1,58
0043.txt,9655781439878931110,169,169,169,169,0,0,0,-1,59
0043.txt,16983893674486689128,169,169,169,169,0,0,0,-1,63
0043.txt,8603620194704510113,169,169,169,169,0,0,0,-1,62
0043.txt,17433844004533203935,169,169,169,169,0,0,0,-1,56
0043.txt,3020295703694425025,169,169,169,169,0,0,0,-1,57
0043.txt,13139363994757519753,169,169,169,169,0,0,0,-1,55
0043.txt,15499666005742024975,171,171,169,169,0,0,0,-1,55
0043.txt,17920181845052384707,169,169,169,169,0,0,0,-1,56
0044.txt,10231448713127484963,184,183,182,181,1,0,0,2,3209
0044.txt,4957064399187264188,184,183,182,181,1,0,0,4,1228
0044.txt,2545939235193297490,182,181,182,181,1,0,0,5,1411
0044.txt,12677551733947851646,182,181,182,181,1,0,0,6,168904
0044.txt,16068348172518697147,183,182,182,181,1,0,0,-1,226
0044.txt,986072494288492049,183,182,182,181,1,0,0,-1,218
0044.txt,5212042836835023058,183,182,182,181,1,0,0,-1,215
0044.txt,5972039555792069843,185,184,182,181,1,0,0,-1,218
0044.txt,17976116388295207844,182,181,182,181,1,0,0,-1,213
0044.txt,3599619371031064389,183,182,182,181,1,0,0,-1,215
0044.txt,2680764733142973480,182,181,182,181,1,0,0,-1,212
0044.txt,11539121723516343433,183,182,182,181,1,0,0,-1,217
0044.txt,8010612695224690085,182,181,182,181,1,0,0,-1,214
0044.txt,3429385022057672506,182,181,182,181,1,0,0,-1,221
0044.txt,10061390502548460379,182,181,182,181,1,0,0,-1,219
0044.txt,16445877833105974791,185,184,182,181,1,0,0,-1,214
0044.txt,11474342845678017197,183,182,182,181,1,0,0,-1,213
0044.txt,11296112713192118208,182,181,182,181,1,0,0,-1,217
0044.txt,7800483192850878019,182,181,182,181,1,0,0,-1,212
0044.txt,8346748130221760560,184,183,182,181,1,0,0,-1,219
0044.txt,15375453843611279008,182,181,182,181,1,0,0,-1,212
0044.txt,11091491980012678365,182,181,182,181,1,0,0,-1,214
0044.txt,3494773856590956126,182,181,182,181,1,0,0,-1,212
0044.txt,1957500231677884382,182,181,182,181,1,0,0,-1,212
0044.txt,9023061126062590594,183,182,182,181,1,0,0,-1,231
0044.txt,3550295220678332135,184,183,182,181,1,0,0,-1,215
0044.txt,17858029503680173853,182,181,182,181,1,0,0,-1,212
0044.txt,16433735250005384681,182,181,182,181,1,0,0,-1,213
0044.txt,4633443317690108153,182,181,182,181,1,0,0,-1,211
0044.txt,11436000604761756101,182,181,182,181,1,0,0,-1,210
0044.txt,12745464538361032721,182,181,182,181,1,0,0,-1,210
0044.txt,324261133771127391,182,181,182,181,1,0,0,-1,215
0044.txt,13944457861644476306,182,181,182,181,1,0,0,-1,210
0044.txt,4039894460295765636,182,181,182,181,1,0,0,-1,212
0044.txt,15508376696759345134,183,182,182,181,1,0,0,-1,216
0044.txt,11776342635670568488,182,181,182,181,1,0,0,-1,213
0044.txt,6764645929208206933,182,181,182,181,1,0,0,-1,211
0044.txt,6821103977862921506,182,181,182,181,1,0,0,-1,219
0044.txt,4466547982051743664,182,181,182,181,1,0,0,-1,215
0044.txt,13542695011258041829,182,181,182,181,1,0,0,-1,212
0044.txt,9362851153353231928,182,181,182,181,1,0,0,-1,212
0044.txt,15682498393522498461,182,181,182,181,1,0,0,-1,214
0044.txt,17346629464194466252,182,181,182,181,1,0,0,-1,211
0044.txt,3705582174576404119,182,181,182,181,1,0,0,-1,212
0045.txt,15092220753645803669,204,203,204,204,1,1,0,2,3325
0045.txt,15432680448677010289,206,206,204,204,0,0,0,4,1207
0045.txt,14224920076101940715,207,207,204,204,0,0,0,5,1462
0045.txt,9476850717641557092,204,203,204,204,1,1,0,6,109912
0045.txt,6562559404173967269,206,206,204,204,0,0,0,-1,71
0045.txt,3124446004855093160,204,204,204,204,0,0,0,-1,69
0045.txt,7316687541243583504,205,205,204,204,0,0,0,-1,69
0045.txt,11986443694250596933,206,206,204,204,0,0,0,-1,68
0045.txt,4907328050746128174,206,206,204,204,0,0,0,-1,69
0045.txt,18406392420134497391,204,204,204,204,0,0,0,-1,69
0045.txt,11512110023157046831,206,206,204,204,0,0,0,-1,68
0045.txt,1612499317948273218,205,205,204,204,0,0,0,-1,69
0045.txt,15650798278128963562,205,205,204,204,0,0,0,-1,69
0045.txt,7462454809342742146,204,204,204,204,0,0,0,-1,69
0045.txt,13956027981171590194,204,204,204,204,0,0,0,-1,68
0045.txt,2725003719775318137,207,207,204,204,0,0,0,-1,69
0045.txt,10448020305308011976,204,204,204,204,0,0,0,-1,68
0045.txt,14986837727134935408,204,204,204,204,0,0,0,-1,68
0045.txt,12203880231683320951,204,204,204,204,0,0,0,-1,69
0045.txt,15420353010827461653,204,204,204,204,0,0,0,-1,69
0045.txt,1510177511717125289,204,204,204,204,0,0,0,-1,68
0045.txt,9027919744584040411,203,203,204,204,0,0,0,-1,68
0045.txt,17712546986235218447,204,204,204,204,0,0,0,-1,68
0045.txt,3792001515579751258,204,204,204,204,0,0,0,-1,68
0045.txt,10447136231051237541,204,204,204,204,0,0,0,-1,69
0045.txt,10178244136120887020,204,204,204,204,0,0,0,-1,67
0045.txt,16422199546775670387,207,207,204,204,0,0,0,-1,68
0045.txt,3898399984305252225,206,206,204,204,0,0,0,-1,68
0045.txt,8715496273648879591,204,204,204,204,0,0,0,-1,68
0045.txt,3168568475394137322,204,204,204,204,0,0,0,-1,68
0045.txt,2067602975492642744,203,203,204,204,0,0,0,-1,68
0045.txt,2954098603568544924,204,204,204,204,0,0,0,-1,68
0045.txt,14288606416960744086,205,205,204,204,0,0,0,-1,70
0045.txt,12238228270900770420,205,205,204,204,0,0,0,-1,68
0045.txt,2710242433197522545,205,205,204,204,0,0,0,-1,68
0045.txt,5616407986268212101,205,205,204,204,0,0,0,-1,69
0045.txt,9556314282581166269,207,207,204,204,0,0,0,-1,69
0045.txt,1872527774180894584,205,205,204,204,0,0,0,-1,68
0045.txt,402143174382588656,205,205,204,204,0,0,0,-1,69
0045.txt,15750008714728638577,207,207,204,204,0,0,0,-1,68
0045.txt,17283015323611062511,204,204,204,204,0,0,0,-1,68
0045.txt,12342737101753651850,205,205,204,204,0,0,0,-1,68
0045.txt,14026963380812809576,204,204,204,204,0,0,0,-1,68
0045.txt,14182130300813993957,206,206,204,204,0,0,0,-1,68
0045.txt,4755329787642688331,206,206,204,204,0,0,0,-1,69
0045.txt,14593758310831169420,204,204,204,204,0,0,0,-1,74
0045.txt,17017122805591410586,203,203,204,204,0,0,0,-1,72
0045.txt,11368286555358616142,204,204,204,204,0,0,0,-1,67
0045.txt,9204438042356637624,204,204,204,204,0,0,0,-1,68
0046.txt,18053894401492350512,151,150,149,149,1,0,1,2,1721
0046.txt,9654690592455559931,149,149,149,149,0,0,0,4,718
0046.txt,15321825624460586949,150,150,149,149,0,0,0,5,877
0046.txt,13382572748399748968,150,150,149,149,0,0,0,6,52786
0046.txt,12138027732734285397,149,149,149,149,0,0,0,-1,53
0046.txt,17572877689454889721,149,149,149,149,0,0,0,-1,51
0046.txt,16606052403216113271,149,149,149,149,0,0,0,-1,50
0046.txt,13952835780762283562,149,149,149,149,0,0,0,-1,53
0046.txt,17581706604657196455,149,149,149,149,0,0,0,-1,52
0046.txt,14922409721161760126,149,149,149,149,0,0,0,-1,52
0046.txt,16190423774752068572,152,152,149,149,0,0,0,-1,54
0046.txt,14138745319250829176,149,149,149,149,0,0,0,-1,52
0046.txt,5515195316525540233,149,149,149,149,0,0,0,-1,52
0046.txt,1858353026351224064,149,149,149,149,0,0,0,-1,52
0046.txt,14310669463935200921,149,149,149,149,0,0,0,-1,53
0046.txt,7265262643237123651,152,152,149,149,0,0,0,-1,54
0046.txt,2218967972834155439,149,149,149,149,0,0,0,-1,53
0046.txt,12593978636271384360,149,149,149,149,0,0,0,-1,53
0046.txt,2513993894443407009,149,149,149,149,0,0,0,-1,52
0046.txt,218610955162494659,151,151,149,149,0,0,0,-1,53
0046.txt,17436826641407549830,149,149,149,149,0,0,0,-1,52
0046.txt,15948290691899084577,150,150,149,149,0,0,0,-1,53
0046.txt,5665886019279798050,149,149,149,149,0,0,0,-1,53
0046.txt,10540337533863596981,153,153,149,149,0,0,0,-1,53
0046.txt,13312891795473019023,150,150,149,149,0,0,0,-1,53
0046.txt,13716157604084600654,149,149,149,149,0,0,0,-1,53
0046.txt,14895223921132828728,149,149,149,149,0,0,0,-1,52
0046.txt,1258385688354747573,151,151,149,149,0,0,0,-1,53
0046.txt,6116168527693962214,151,151,149,149,0,0,0,-1,53
0046.txt,11125650891273720423,149,149,149,149,0,0,0,-1,52
0046.txt,4965398113245089881,149,149,149,149,0,0,0,-1,52
0046.txt,5880118384736523706,149,149,149,149,0,0,0,-1,52
0046.txt,3022532824009925433,151,151,149,149,0,0,0,-1,53
0046.txt,14286520032761400679,150,150,149,149,0,0,0,-1,53
0046.txt,11711136565968244994,151,151,149,149,0,0,0,-1,52
0046.txt,13927226839999433307,149,149,149,149,0,0,0,-1,52
0046.txt,7510737895980049790,149,149,149,149,0,0,0,-1,52
0046.txt,1243313771393072255,149,149,149,149,0,0,0,-1,52
0046.txt,15221659815369098450,151,151,149,149,0,0,0,-1,52
0046.txt,17032237298884697000,151,151,149,149,0,0,0,-1,52
0046.txt,11203064217750082149,150,150,149,149,0,0,0,-1,52
0046.txt,6008395907289232096,149,149,149,149,0,0,0,-1,52
0046.txt,1220715306749856051,149,149,149,149,0,0,0,-1,52
0047.txt,5407953640159211838,336,334,337,336,2,0,0,2,5172
0047.txt,18247944643098334962,337,336,337,336,1,0,0,-1,356
0047.txt,13001759498813363835,339,338,337,336,1,0,0,4,1823
0047.txt,8943650822016354089,338,337,337,336,1,0,0,5,2501
0047.txt,4064605787397141511,339,337,337,336,2,0,1,6,309332
0047.txt,16468965636605851368,338,337,337,336,1,0,0,-1,375
0047.txt,8680205592188175560,340,339,337,336,1,0,0,-1,455
0047.txt,4951992540158043768,340,338,337,336,2,0,1,-1,379
0047.txt,8196055105137019756,340,338,337,336,2,0,1,-1,347
0047.txt,16663816424615529828,338,337,337,336,1,0,0,-1,356
0047.txt,5873381338882543668,337,336,337,336,1,0,0,-1,338
0047.txt,8437964658280864278,338,337,337,336,1,0,0,-1,350
0047.txt,8583076148089373060,339,338,337,336,1,0,0,-1,340
0047.txt,2923794031738083318,337,336,337,336,1,0,0,-1,366
0047.txt,4563488412486657342,338,337,337,336,1,0,0,-1,364
0047.txt,2193637326257331012,339,338,337,336,1,0,0,-1,363
0047.txt,16524927657003900874,338,337,337,336,1,0,0,-1,367
0047.txt,1623011131107167978,337,336,337,336,1,0,0,-1,364
0047.txt,11638885575792570941,338,337,337,336,1,0,0,-1,360
0047.txt,2808420742192255911,339,338,337,336,1,0,0,-1,365
0047.txt,11051047871106369127,337,336,337,336,1,0,0,-1,362
0047.txt,4157034963363729018,339,338,337,336,1,0,0,-1,362
0047.txt,12216435993939358189,337,336,337,336,1,0,0,-1,363
0047.txt,9754595531846529176,336,335,337,336,1,0,0,-1,376
0047.txt,8480999366235958129,338,337,337,336,1,0,0,-1,365
0047.txt,8646359064886244337,338,337,337,336,1,0,0,-1,368
0047.txt,1950950540929023353,337,336,337,336,1,0,0,-1,376
0047.txt,15137939090288538814,339,338,337,336,1,0,0,-1,366
0047.txt,12950683192997410678,339,338,337,336,1,0,0,-1,362
0047.txt,5690202260541533633,338,337,337,336,1,0,0,-1,361
0047.txt,10023930131400973362,337,336,337,336,1,0,0,-1,361
0047.txt,13969144108907064400,337,336,337,336,1,0,0,-1,369
0047.txt,4993001185187693129,340,339,337,336,1,0,0,-1,365
0047.txt,3432535398134920201,339,338,337,336,1,0,0,-1,368
0047.txt,1136239994119999774,337,336,337,336,1,0,0,-1,370
0047.txt,11441270692587522275,339,338,337,336,1,0,0,-1,385
0047.txt,13986307573603525667,337,336,337,336,1,0,0,-1,370
0048.txt,14899651577273431367,231,231,229,229,0,0,0,2,3752
0048.txt,7964214326589593230,229,229,229,229,0,0,0,4,951
0048.txt,7938417098664413224,229,229,229,229,0,0,0,-1,75
0048.txt,11388285354225523191,229,229,229,229,0,0,0,5,1019
0048.txt,495420542185656690,229,229,229,229,0,0,0,6,48267
0048.txt,11053619438803451900,229,229,229,229,0,0,0,-1,79
0048.txt,6272370268656525262,229,229,229,229,0,0,0,-1,75
0048.txt,11144803625953824734,229,229,229,229,0,0,0,-1,74
0048.txt,5496405884457433730,229,229,229,229,0,0,0,-1,73
0048.txt,13703902914537259040,232,232,229,229,0,0,0,-1,74
0048.txt,11414755675000891682,229,229,229,229,0,0,0,-1,74
0048.txt,15223591622433729051,230,230,229,229,0,0,0,-1,74
0048.txt,11633098951326072271,230,230,229,229,0,0,0,-1,73
0048.txt,15500991649631480180,229,229,229,229,0,0,0,-1,74
0048.txt,16124391316797009849,229,229,229,229,0,0,0,-1,73
0048.txt,10629760788113921001,229,229,229,229,0,0,0,-1,75
0048.txt,1119754117645754279,230,230,229,229,0,0,0,-1,73
0048.txt,16885100098862738584,229,229,229,229,0,0,0,-1,74
0048.txt,2974188700127580499,229,229,229,229,0,0,0,-1,73
0048.txt,16177929611627304590,230,230,229,229,0,0,0,-1,74
0048.txt,14038828493911903157,229,229,229,229,0,0,0,-1,73
0048.txt,18369481893073565802,229,229,229,229,0,0,0,-1,73
0048.txt,1310846824640242922,230,230,229,229,0,0,0,-1,74
0048.txt,12890451516372948872,229,229,229,229,0,0,0,-1,73
0048.txt,9690589859868357276,229,229,229,229,0,0,0,-1,73
0048.txt,12090016090278308330,230,230,229,229,0,0,0,-1,73
0048.txt,14285567200895782657,230,230,229,229,0,0,0,-1,73
0048.txt,1556887309416464798,231,231,229,229,0,0,0,-1,74
0048.txt,14896107995389603163,229,229,229,229,0,0,0,-1,73
0048.txt,12805173947551470477,230,230,229,229,0,0,0,-1,74
0048.txt,5242767859559504867,229,229,229,229,0,0,0,-1,73
0048.txt,11618296543837404596,229,229,229,229,0,0,0,-1,73
0048.txt,7426084726874325773,229,229,229,229,0,0,0,-1,74
0048.txt,1207440833791789403,229,229,229,229,0,0,0,-1,73
0048.txt,3614831337210568696,231,231,229,229,0,0,0,-1,74
0048.txt,3221056823920666765,229,229,229,229,0,0,0,-1,74
0048.txt,9514003157782080901,232,232,229,229,0,0,0,-1,73
0048.txt,3895061703735369454,231,230,229,229,1,0,1,-1,255
0048.txt,1346959437184063876,229,229,229,229,0,0,0,-1,73
0048.txt,7485133233149243268,229,229,229,229,0,0,0,-1,73
0048.txt,11822832148240982242,229,229,229,229,0,0,0,-1,74
0048.txt,15948113877047729690,229,229,229,229,0,0,0,-1,80
0048.txt,7802959934792366550,229,229,229,229,0,0,0,-1,74
0048.txt,15316976216839088746,229,229,229,229,0,0,0,-1,74
0048.txt,14901573224243465623,230,230,229,229,0,0,0,-1,74
0048.txt,13422471193657540,229,229,229,229,0,0,0,-1,78
0048.txt,11125914824165391905,229,229,229,229,0,0,0,-1,76
0049.txt,11517265348413616582,190,190,190,190,0,0,0,2,2030
0049.txt,5848342089610687441,192,192,190,190,0,0,0,4,970
0049.txt,12649480871354182939,190,190,190,190,0,0,0,5,791
0049.txt,8306415200351397117,190,190,190,190,0,0,0,6,170912
0049.txt,7770237571901844612,190,190,190,190,0,0,0,-1,72
0049.txt,5642126535736077323,193,193,190,190,0,0,0,-1,68
0049.txt,3186410601932454693,190,190,190,190,0,0,0,-1,66
0049.txt,7298948302335200154,191,191,190,190,0,0,0,-1,66
0049.txt,8158538102123315841,190,190,190,190,0,0,0,-1,65
0049.txt,13691208924371169664,192,192,190,190,0,0,0,-1,66
0049.txt,2622781101695301299,191,191,190,190,0,0,0,-1,65
0049.txt,9812009801789131854,191,191,190,190,0,0,0,-1,66
0049.txt,9264997227220508570,190,190,190,190,0,0,0,-1,65
0049.txt,13740157622576316777,190,190,190,190,0,0,0,-1,65
0049.txt,15976014178682972371,191,191,190,190,0,0,0,-1,64
0049.txt,11929066241719701058,190,190,190,190,0,0,0,-1,65
0049.txt,3801642819040240847,190,190,190,190,0,0,0,-1,68
0049.txt,9115013783871670301,191,191,190,190,0,0,0,-1,65
0049.txt,15679486536898705052,190,190,190,190,0,0,0,-1,65
0049.txt,5611667067556509633,191,191,190,190,0,0,0,-1,66
0049.txt,8546307700320386152,190,190,190,190,0,0,0,-1,65
0049.txt,5088781773581736888,191,191,190,190,0,0,0,-1,65
0049.txt,16649450578654500277,190,190,190,190,0,0,0,-1,65
0049.txt,6595401356146879282,192,192,190,190,0,0,0,-1,65
0049.txt,8906945628586516609,190,190,190,190,0,0,0,-1,65
0049.txt,15399499266746808154,190,190,190,190,0,0,0,-1,65
0049.txt,17070931399974071924,190,190,190,190,0,0,0,-1,64
0049.txt,7118508451703071525,190,190,190,190,0,0,0,-1,65
0049.txt,10796624657572211525,190,190,190,190,0,0,0,-1,65
0049.txt,3365830918896026819,190,190,190,190,0,0,0,-1,65
0049.txt,13867362090521508176,191,191,190,190,0,0,0,-1,65
0049.txt,2826149285152233092,190,190,190,190,0,0,0,-1,65
0049.txt,2155652929981839075,190,190,190,190,0,0,0,-1,64
0049.txt,6305556642176040816,190,190,190,190,0,0,0,-1,66
0049.txt,2092108943310570748,190,190,190,190,0,0,0,-1,66
0049.txt,16948310571505519940,190,190,190,190,0,0,0,-1,65
0049.txt,12741841236395376880,190,190,190,190,0,0,0,-1,65
0049.txt,1044759600814790085,190,190,190,190,0,0,0,-1,65
0049.txt,3864083724987306481,191,191,190,190,0,0,0,-1,66
0049.txt,669653094211185219,191,191,190,190,0,0,0,-1,65
0049.txt,10746731294033039770,192,192,190,190,0,0,0,-1,66
0049.txt,194344425407121373,190,190,190,190,0,0,0,-1,65
0049.txt,4085171651804201472,190,190,190,190,0,0,0,-1,65
0049.txt,1118308928683037283,190,190,190,190,0,0,0,-1,65
0049.txt,9143502788147033613,190,190,190,190,0,0,0,-1,65
0049.txt,7322667205539283034,190,190,190,190,0,0,0,-1,65
0049.txt,7194835301823495618,190,190,190,190,0,0,0,-1,65
0049.txt,3530097959199391230,190,190,190,190,0,0,0,-1,64
0050.txt,10325929921393524653,143,143,140,140,0,0,0,2,2117
0050.txt,12042798355791040423,143,143,140,140,0,0,0,4,852
0050.txt,6097739849644557721,141,141,140,140,0,0,0,5,1038
0050.txt,10510558794848230672,140,140,140,140,0,0,0,-1,47
0050.txt,16733967826475799997,140,140,140,140,0,0,0,6,64108
0050.txt,17506312968574187142,140,140,140,140,0,0,0,-1,55
0050.txt,3281411595338293504,144,144,140,140,0,0,0,-1,48
0050.txt,18297763324067882158,142,142,140,140,0,0,0,-1,47
0050.txt,3249002690091200392,140,140,140,140,0,0,0,-1,46
0050.txt,5013944096587737779,140,140,140,140,0,0,0,-1,46
0050.txt,6996418067788584202,140,140,140,140,0,0,0,-1,58
0050.txt,17673958965772429075,140,140,140,140,0,0,0,-1,46
0050.txt,12032668505356234783,140,140,140,140,0,0,0,-1,46
0050.txt,1815035271948764205,140,140,140,140,0,0,0,-1,46
0050.txt,8809743386624760048,140,140,140,140,0,0,0,-1,46
0050.txt,2162474594560033999,141,141,140,140,0,0,0,-1,46
0050.txt,445502773048247146,140,140,140,140,0,0,0,-1,51
0050.txt,1240899833211582002,143,143,140,140,0,0,0,-1,47
0050.txt,5968416253826414002,140,140,140,140,0,0,0,-1,46
0050.txt,10742369084862834857,143,143,140,140,0,0,0,-1,47
0050.txt,10774181306703121260,141,141,140,140,0,0,0,-1,46
0050.txt,3786208915916025701,142,142,140,140,0,0,0,-1,47
0050.txt,17733722951300909477,140,140,140,140,0,0,0,-1,46
0050.txt,14238655576629413452,143,143,140,140,0,0,0,-1,46
0050.txt,11989094982029507343,141,141,140,140,0,0,0,-1,46
0050.txt,1403364875528214320,143,143,140,140,0,0,0,-1,46
0050.txt,8602382490745025904,142,141,140,140,1,0,1,-1,173
0050.txt,737568406719756583,140,140,140,140,0,0,0,-1,49
0050.txt,1830291621655830121,142,142,140,140,0,0,0,-1,49
0050.txt,7600572022982018380,141,141,140,140,0,0,0,-1,50
0050.txt,2498179501587387112,140,140,140,140,0,0,0,-1,49
0050.txt,6864087507182846931,142,142,140,140,0,0,0,-1,50
0050.txt,18247326258614299305,141,141,140,140,0,0,0,-1,49
0050.txt,10775792311510068464,141,141,140,140,0,0,0,-1,49
0051.txt,11380675965751945481,119,119,119,119,0,0,0,2,1253
0051.txt,11206371230680003173,123,123,119,119,0,0,0,4,756
0051.txt,13530945675765265845,120,120,119,119,0,0,0,5,714
0051.txt,6169599272540583291,122,121,119,119,1,0,1,6,148844
0051.txt,14309380603765981889,121,121,119,119,0,0,0,-1,47
0051.txt,5921056295541403732,120,120,119,119,0,0,0,-1,44
0051.txt,8158344382822492435,122,122,119,119,0,0,0,-1,45
0051.txt,15311193666632400311,121,121,119,119,0,0,0,-1,44
0051.txt,1687908108882294798,121,121,119,119,0,0,0,-1,47
0051.txt,8741180603244963771,123,123,119,119,0,0,0,-1,48
0051.txt,4570253488338194841,121,121,119,119,0,0,0,-1,48
0051.txt,615301207953914373,119,119,119,119,0,0,0,-1,47
0051.txt,13493390653417709215,119,119,119,119,0,0,0,-1,46
0051.txt,10294943069556169632,119,119,119,119,0,0,0,-1,46
0051.txt,18107593589261045960,119,119,119,119,0,0,0,-1,46
0051.txt,18026926265772627880,123,123,119,119,0,0,0,-1,47
0051.txt,7356824023112660906,122,122,119,119,0,0,0,-1,48
0051.txt,5709929210318432642,119,119,119,119,0,0,0,-1,46
0051.txt,13531210138148584468,121,121,119,119,0,0,0,-1,48
0051.txt,10967722322506026063,119,119,119,119,0,0,0,-1,46
0051.txt,7555952105957639460,119,119,119,119,0,0,0,-1,46
0051.txt,59497577219204011,120,120,119,119,0,0,0,-1,47
0051.txt,8011421284860921406,120,120,119,119,0,0,0,-1,47
0051.txt,1341921616407568939,119,119,119,119,0,0,0,-1,48
0051.txt,14194994113372715016,119,119,119,119,0,0,0,-1,47
0051.txt,8841879067500215387,119,119,119,119,0,0,0,-1,47
0051.txt,5096938162730387100,119,119,119,119,0,0,0,-1,46
0051.txt,4547575872575886092,119,119,119,119,0,0,0,-1,47
0051.txt,1232446002061680417,119,119,119,119,0,0,0,-1,46
0051.txt,1781382554581437755,119,119,119,119,0,0,0,-1,47
0051.txt,12602173719805355350,119,119,119,119,0,0,0,-1,46
0051.txt,10380899389591775584,120,120,119,119,0,0,0,-1,47
0051.txt,1984244462074135010,119,119,119,119,0,0,0,-1,47
0051.txt,5635606426847862577,119,119,119,119,0,0,0,-1,46
0051.txt,11838404279275249526,119,119,119,119,0,0,0,-1,47
0051.txt,12775398178798225988,119,119,119,119,0,0,0,-1,46
0051.txt,6301049265953610540,119,119,119,119,0,0,0,-1,47
0051.txt,8919469243559087261,121,121,119,119,0,0,0,-1,47
0051.txt,12727678836401914145,119,119,119,119,0,0,0,-1,47
0051.txt,17584097558040852668,119,119,119,119,0,0,0,-1,46
0051.txt,17346452649343111365,120,120,119,119,0,0,0,-1,47
0051.txt,10394267089734184837,119,119,119,119,0,0,0,-1,47
0051.txt,12502167844788832510,119,119,119,119,0,0,0,-1,55
0051.txt,7545073098537665662,120,120,119,119,0,0,0,-1,47
0051.txt,13472969021071461722,121,121,119,119,0,0,0,-1,47
0051.txt,16418754101285882286,119,119,119,119,0,0,0,-1,46
0051.txt,4773914752948000648,119,119,119,119,0,0,0,-1,46
0051.txt,16025900706504295026,119,119,119,119,0,0,0,-1,46
0051.txt,9637282384571114062,119,119,119,119,0,0,0,-1,46
0051.txt,17447783429683295067,120,120,119,119,0,0,0,-1,53
0051.txt,6315991614523782284,120,120,119,119,0,0,0,-1,47
0051.txt,14619238662488085226,121,121,119,119,0,0,0,-1,47
0052.txt,9514746260380042814,200,200,197,197,0,0,0,2,2755
0052.txt,14458946051108650048,197,197,197,197,0,0,0,4,1129
0052.txt,6431069543113667137,197,197,197,197,0,0,0,5,1467
0052.txt,7146401511137422471,197,197,197,197,0,0,0,6,58216
0052.txt,12410294708212415221,199,198,197,197,1,0,1,-1,244
0052.txt,14325304050396672347,197,197,197,197,0,0,0,-1,65
0052.txt,18445272294489164904,197,197,197,197,0,0,0,-1,64
0052.txt,17690139507125710840,197,197,197,197,0,0,0,-1,64
0052.txt,11632634717057709365,198,198,197,197,0,0,0,-1,65
0052.txt,9094078369551983327,198,198,197,197,0,0,0,-1,68
0052.txt,1739980029532111062,198,198,197,197,0,0,0,-1,64
0052.txt,17414294702749113755,197,197,197,197,0,0,0,-1,64
0052.txt,1980620225117066274,197,197,197,197,0,0,0,-1,64
0052.txt,5349285873358267625,197,197,197,197,0,0,0,-1,65
0052.txt,15230598009282326840,198,198,197,197,0,0,0,-1,64
0052.txt,938049453282877933,197,197,197,197,0,0,0,-1,64
0052.txt,16328505497676107518,197,197,197,197,0,0,0,-1,64
0052.txt,4817888001644210227,197,197,197,197,0,0,0,-1,64
0052.txt,145535886350570608,197,197,197,197,0,0,0,-1,66
0052.txt,4947749918716939375,197,197,197,197,0,0,0,-1,63
0052.txt,6800464897009131300,197,197,197,197,0,0,0,-1,64
0052.txt,6855361436954635489,197,197,197,197,0,0,0,-1,63
0052.txt,4098243927013406942,197,197,197,197,0,0,0,-1,63
0052.txt,5046749017719839470,198,198,197,197,0,0,0,-1,70
0052.txt,14534785789501252240,197,197,197,197,0,0,0,-1,64
0052.txt,7947435650571345449,201,201,197,197,0,0,0,-1,64
0052.txt,6033043648246939868,199,198,197,197,1,0,1,-1,227
0052.txt,13777267404131626544,198,198,197,197,0,0,0,-1,63
0052.txt,10764455203177841746,197,197,197,197,0,0,0,-1,76
0052.txt,6543373945339065320,197,197,197,197,0,0,0,-1,74
0052.txt,12416897332823585689,197,197,197,197,0,0,0,-1,67
0052.txt,4940414439864243802,197,197,197,197,0,0,0,-1,66
0052.txt,13896799599149040482,200,200,197,197,0,0,0,-1,66
0052.txt,15765669637260481267,198,198,197,197,0,0,0,-1,66
0052.txt,4802751436091863383,197,197,197,197,0,0,0,-1,65
0052.txt,8561089291486791859,199,198,197,197,1,0,1,-1,247
0052.txt,17643591433410522606,201,201,197,197,0,0,0,-1,65
0052.txt,10177337080080913503,197,197,197,197,0,0,0,-1,69
0052.txt,1803430072544411981,197,197,197,197,0,0,0,-1,63
0053.txt,8109789983797170917,134,134,131,131,0,0,0,2,1947
0053.txt,8574340328184691227,134,134,131,131,0,0,0,4,756
0053.txt,10413056521802291340,131,131,131,131,0,0,0,5,728
0053.txt,4517473094995305506,131,131,131,131,0,0,0,6,68822
0053.txt,14433667001884865617,131,131,131,131,0,0,0,-1,52
0053.txt,2530601834747015834,131,131,131,131,0,0,0,-1,48
0053.txt,15988796740711727128,131,131,131,131,0,0,0,-1,48
0053.txt,7727874470451704009,131,131,131,131,0,0,0,-1,47
0053.txt,8212911678797104385,131,131,131,131,0,0,0,-1,47
0053.txt,5671551432696434877,131,131,131,131,0,0,0,-1,48
0053.txt,9932718542081329760,131,131,131,131,0,0,0,-1,48
0053.txt,7090438577417365692,131,131,131,131,0,0,0,-1,48
0053.txt,16823745714663477094,131,131,131,131,0,0,0,-1,47
0053.txt,5335354668056319852,131,131,131,131,0,0,0,-1,48
0053.txt,3768032830819751777,134,134,131,131,0,0,0,-1,48
0053.txt,7033148784125376860,132,132,131,131,0,0,0,-1,48
0053.txt,3714279115761587576,131,131,131,131,0,0,0,-1,47
0053.txt,15346853524771508514,131,131,131,131,0,0,0,-1,47
0053.txt,9569897311168595058,131,131,131,131,0,0,0,-1,47
0053.txt,16889607475085168860,131,131,131,131,0,0,0,-1,47
0053.txt,18125794030979247799,131,131,131,131,0,0,0,-1,47
0053.txt,14241100378373765199,131,131,131,131,0,0,0,-1,47
0053.txt,8448510055657793016,131,131,131,131,0,0,0,-1,47
0053.txt,5004066482139705928,131,131,131,131,0,0,0,-1,47
0053.txt,8468888681246243240,132,132,131,131,0,0,0,-1,48
0053.txt,16067385669546776459,131,131,131,131,0,0,0,-1,47
0053.txt,16173682441497622931,132,132,131,131,0,0,0,-1,48
0053.txt,1686256433885019139,131,131,131,131,0,0,0,-1,47
0053.txt,13485110865606257489,131,131,131,131,0,0,0,-1,47
0053.txt,17398880221027483299,131,131,131,131,0,0,0,-1,47
0053.txt,7389178206361795659,131,131,131,131,0,0,0,-1,47
0053.txt,11104905425288932752,131,131,131,131,0,0,0,-1,47
0053.txt,2065841437410194827,131,131,131,131,0,0,0,-1,47
0053.txt,7180834850089078446,131,131,131,131,0,0,0,-1,47
0053.txt,2371285142444395554,131,131,131,131,0,0,0,-1,47
0053.txt,15735538345540145722,131,131,131,131,0,0,0,-1,47
0053.txt,7429025057391005525,131,131,131,131,0,0,0,-1,47
0053.txt,8196887781666087224,131,131,131,131,0,0,0,-1,47
0053.txt,3005617121597616290,131,131,131,131,0,0,0,-1,47
0053.txt,9846915805371711082,131,131,131,131,0,0,0,-1,47
0053.txt,17463239522708364973,131,131,131,131,0,0,0,-1,48
0053.txt,9717864534818672565,131,131,131,131,0,0,0,-1,47
0053.txt,4820975343728666889,131,131,131,131,0,0,0,-1,47
0053.txt,16068524987370052034,131,131,131,131,0,0,0,-1,47
0053.txt,15744797628820691895,131,131,131,131,0,0,0,-1,47
0053.txt,13661454738981095774,131,131,131,131,0,0,0,-1,47
0053.txt,16701779588606330508,131,131,131,131,0,0,0,-1,47
0053.txt,9184124992610667872,131,131,131,131,0,0,0,-1,48
0054.txt,10084748859347331349,307,306,307,306,1,0,0,2,3631
0054.txt,2054030044369291200,307,306,307,306,1,0,0,4,1240
0054.txt,8830253697466772880,308,307,307,306,1,0,0,5,2268
0054.txt,11999436313355235995,309,306,307,306,3,0,1,6,138548
0054.txt,8599629678388908067,309,308,307,306,1,0,0,-1,335
0054.txt,16695299846849725707,310,309,307,306,1,0,0,-1,327
0054.txt,13845313185734628777,307,306,307,306,1,0,0,-1,340
0054.txt,3161867582003524604,307,306,307,306,1,0,0,-1,337
0054.txt,6009337750808436689,311,309,307,306,2,0,0,-1,334
0054.txt,15113898162525036955,308,307,307,306,1,0,0,-1,325
0054.txt,853652415611356282,311,309,307,306,2,0,0,-1,338
0054.txt,8296970369184710350,307,306,307,306,1,0,0,-1,320
0054.txt,301764976165854445,307,306,307,306,1,0,0,-1,345
0054.txt,120882567593082172,308,307,307,306,1,0,0,-1,451
0054.txt,12121561527404793123,311,310,307,306,1,0,0,-1,356
0054.txt,8118332334137024592,311,310,307,306,1,0,0,-1,346
0054.txt,3911528551645299167,307,306,307,306,1,0,0,-1,334
0054.txt,5757166366208285239,311,310,307,306,1,0,0,-1,326
0054.txt,13679534717615805322,307,306,307,306,1,0,0,-1,301
0054.txt,4409877788926267337,308,307,307,306,1,0,0,-1,304
0054.txt,1548760298242093031,310,309,307,306,1,0,0,-1,308
0054.txt,10809076821423624121,308,307,307,306,1,0,0,-1,305
0054.txt,2961844011693758964,311,309,307,306,2,0,0,-1,342
0054.txt,15795743900701306894,307,306,307,306,1,0,0,-1,322
0054.txt,6219844560578113225,310,309,307,306,1,0,0,-1,326
0054.txt,9389012457187359346,307,306,307,306,1,0,0,-1,325
0054.txt,17398091960834265980,309,308,307,306,1,0,0,-1,326
0054.txt,17207163895611137369,308,307,307,306,1,0,0,-1,322
0054.txt,2681115722649918764,307,306,307,306,1,0,0,-1,321
0054.txt,13970230880397037075,309,307,307,306,2,0,1,-1,340
0054.txt,6815094142899681138,311,309,307,306,2,0,0,-1,333
0054.txt,8130349974131029601,307,307,307,306,0,0,1,-1,86
0054.txt,17824276856502849709,308,307,307,306,1,0,0,-1,326
0054.txt,11835576176644984229,307,306,307,306,1,0,0,-1,338
0054.txt,9328914959268709474,307,306,307,306,1,0,0,-1,333
0054.txt,419229188011155294,311,309,307,306,2,0,0,-1,410
0054.txt,9536894239632479275,307,306,307,306,1,0,0,-1,353
0054.txt,4544930566778129170,308,307,307,306,1,0,0,-1,302
0054.txt,6883784940943051096,307,306,307,306,1,0,0,-1,310
0054.txt,15527028620622311260,308,307,307,306,1,0,0,-1,332
0055.txt,4095307767140630345,299,296,297,297,3,1,1,2,4421
0055.txt,5160471219230856354,299,299,297,297,0,0,0,4,1614
0055.txt,16386788361535768328,300,300,297,297,0,0,0,5,2069
0055.txt,10756239252919745340,297,296,297,297,1,1,0,6,121078
0055.txt,10776480441910910582,298,298,297,297,0,0,0,-1,97
0055.txt,17519094566002954941,299,299,297,297,0,0,0,-1,95
0055.txt,12935855883467762188,297,297,297,297,0,0,0,-1,94
0055.txt,10687870511765911233,297,297,297,297,0,0,0,-1,94
0055.txt,7941485614803010966,298,298,297,297,0,0,0,-1,94
0055.txt,1561511504869725524,297,297,297,297,0,0,0,-1,94
0055.txt,15842709004375467217,297,297,297,297,0,0,0,-1,94
0055.txt,3687946133452833529,298,298,297,297,0,0,0,-1,95
0055.txt,15740261373297402165,300,300,297,297,0,0,0,-1,107
0055.txt,3008180469446555704,299,299,297,297,0,0,0,-1,93
0055.txt,7431998402059451786,297,297,297,297,0,0,0,-1,94
0055.txt,245672444017535341,297,297,297,297,0,0,0,-1,93
0055.txt,11221448950913764664,297,297,297,297,0,0,0,-1,93
0055.txt,10852767663465519073,299,299,297,297,0,0,0,-1,93
0055.txt,14558947489727436045,298,298,297,297,0,0,0,-1,93
0055.txt,16827899461183197596,297,297,297,297,0,0,0,-1,93
0055.txt,11084486017662462037,297,297,297,297,0,0,0,-1,93
0055.txt,8726809119677016612,298,298,297,297,0,0,0,-1,109
0055.txt,15759970619281491560,297,297,297,297,0,0,0,-1,114
0055.txt,10503698533751247057,298,298,297,297,0,0,0,-1,96
0055.txt,14683531528890606300,297,297,297,297,0,0,0,-1,93
0055.txt,13415887904607023715,297,297,297,297,0,0,0,-1,93
0055.txt,3220667126032755781,298,298,297,297,0,0,0,-1,93
0055.txt,8894309975290307425,297,297,297,297,0,0,0,-1,93
0055.txt,15283024667644691501,297,297,297,297,0,0,0,-1,97
0055.txt,3587203032557543633,297,297,297,297,0,0,0,-1,93
0055.txt,4015888287681377981,299,299,297,297,0,0,0,-1,88
0055.txt,5834222787074646591,297,297,297,297,0,0,0,-1,86
0055.txt,16819916099987374520,299,299,297,297,0,0,0,-1,87
0055.txt,11767673689829474867,301,301,297,297,0,0,0,-1,87
0055.txt,16685394693620736393,297,297,297,297,0,0,0,-1,86
0055.txt,4984835480438918655,297,297,297,297,0,0,0,-1,86
0055.txt,6421794876974065228,299,299,297,297,0,0,0,-1,87
0055.txt,5810336776659652119,298,298,297,297,0,0,0,-1,93
0055.txt,3112632194616845718,297,297,297,297,0,0,0,-1,92
0055.txt,8493351453611545503,301,301,297,297,0,0,0,-1,94
0055.txt,439450084933567302,297,297,297,297,0,0,0,-1,92
0055.txt,17601856717836157770,299,299,297,297,0,0,0,-1,110
0055.txt,8611839747813980121,297,297,297,297,0,0,0,-1,92
0055.txt,5232204170516536004,297,297,297,297,0,0,0,-1,92
0055.txt,4651228349206545358,298,298,297,297,0,0,0,-1,93
0055.txt,1649995604053406742,298,298,297,297,0,0,0,-1,93
0055.txt,14201982651922705509,299,299,297,297,0,0,0,-1,93
0055.txt,11850718836140609997,299,299,297,297,0,0,0,-1,94
0056.txt,6257371159141463230,200,199,198,198,1,0,1,2,2640
0056.txt,16820854732495481326,198,198,198,198,0,0,0,4,1105
0056.txt,7709660675300818598,198,198,198,198,0,0,0,5,1314
0056.txt,15955514553128654458,200,199,198,198,1,0,1,6,173015
0056.txt,11850106334367671719,198,198,198,198,0,0,0,-1,69
0056.txt,1509705824733453660,198,198,198,198,0,0,0,-1,75
0056.txt,13290231512363132457,198,198,198,198,0,0,0,-1,65
0056.txt,3829528646934411308,200,200,198,198,0,0,0,-1,65
0056.txt,14537084382568865771,198,198,198,198,0,0,0,-1,65
0056.txt,9458846557933000732,198,198,198,198,0,0,0,-1,65
0056.txt,14013493373632457065,198,198,198,198,0,0,0,-1,64
0056.txt,16526518055674681962,198,198,198,198,0,0,0,-1,65
0056.txt,17275219672406246489,200,200,198,198,0,0,0,-1,65
0056.txt,4458062739169534878,198,198,198,198,0,0,0,-1,64
0056.txt,1057811020145660908,201,201,198,198,0,0,0,-1,65
0056.txt,17673085087979723747,201,201,198,198,0,0,0,-1,65
0056.txt,592072168964258307,200,200,198,198,0,0,0,-1,65
0056.txt,8579444024941277845,198,198,198,198,0,0,0,-1,65
0056.txt,11534446772957257230,198,198,198,198,0,0,0,-1,64
0056.txt,5458878753102773680,198,198,198,198,0,0,0,-1,64
0056.txt,11188756650704394051,198,198,198,198,0,0,0,-1,64
0056.txt,17579271021729662191,198,198,198,198,0,0,0,-1,64
0056.txt,1327851944114111747,199,199,198,198,0,0,0,-1,65
0056.txt,2099705691549933413,200,199,198,198,1,0,1,-1,230
0056.txt,14495553634272958059,199,199,198,198,0,0,0,-1,65
0056.txt,16008142617357535975,199,199,198,198,0,0,0,-1,65
0056.txt,16748790087832534159,198,198,198,198,0,0,0,-1,64
0056.txt,10916743903341944478,200,199,198,198,1,0,1,-1,229
0056.txt,5247716805414615913,198,198,198,198,0,0,0,-1,65
0056.txt,6257053142107301837,198,198,198,198,0,0,0,-1,64
0056.txt,15948113877047729690,199,199,198,198,0,0,0,-1,65
0056.txt,9931916774785597473,199,199,198,198,0,0,0,-1,65
0056.txt,1595504565555382113,198,198,198,198,0,0,0,-1,64
0056.txt,15041593323988667368,200,200,198,198,0,0,0,-1,65
0056.txt,7819003014244511120,198,198,198,198,0,0,0,-1,64
0056.txt,5848690266325206425,198,198,198,198,0,0,0,-1,64
0056.txt,18254196490141159412,198,198,198,198,0,0,0,-1,64
0056.txt,6210740933211868782,200,200,198,198,0,0,0,-1,67
0057.txt,9221127524688804049,257,257,257,257,0,0,0,-1,83
0057.txt,13838002468855439482,257,257,257,257,0,0,0,-1,82
0057.txt,7381043782028187848,257,257,257,257,0,0,0,-1,82
0057.txt,6763373830620728752,257,257,257,257,0,0,0,2,2121
0057.txt,17507665722234905855,258,258,257,257,0,0,0,4,1429
0057.txt,15964795392273592546,260,260,257,257,0,0,0,5,1902
0057.txt,15731051397826190416,261,261,257,257,0,0,0,6,197189
0057.txt,18426882034989653499,257,257,257,257,0,0,0,-1,91
0057.txt,18358199360822038192,257,257,257,257,0,0,0,-1,85
0057.txt,11518269310186231551,260,260,257,257,0,0,0,-1,83
0057.txt,15576744917094178463,257,257,257,257,0,0,0,-1,87
0057.txt,3403935079295149707,257,257,257,257,0,0,0,-1,82
0057.txt,6970204281946398235,257,257,257,257,0,0,0,-1,109
0057.txt,8885946478372180466,257,257,257,257,0,0,0,-1,90
0057.txt,16538273905811249710,257,257,257,257,0,0,0,-1,85
0057.txt,17697361357891470,257,257,257,257,0,0,0,-1,84
0057.txt,3655306530106426045,257,257,257,257,0,0,0,-1,87
0057.txt,2884323046766145336,258,258,257,257,0,0,0,-1,91
0057.txt,1197595313310674159,257,257,257,257,0,0,0,-1,82
0057.txt,8275117037176578500,257,257,257,257,0,0,0,-1,82
0057.txt,805816700139032876,257,257,257,257,0,0,0,-1,82
0057.txt,10212574221483059630,257,257,257,257,0,0,0,-1,82
0057.txt,15784056712201194025,257,257,257,257,0,0,0,-1,81
0057.txt,16189122131360546748,260,260,257,257,0,0,0,-1,83
0057.txt,6636572320617405688,257,257,257,257,0,0,0,-1,82
0057.txt,12385556851283520894,257,257,257,257,0,0,0,-1,82
0057.txt,15839044374412609491,257,257,257,257,0,0,0,-1,81
0057.txt,5385309796745611990,257,257,257,257,0,0,0,-1,91
0057.txt,14358146990677547234,257,257,257,257,0,0,0,-1,81
0057.txt,5705823985091619848,260,260,257,257,0,0,0,-1,83
0057.txt,5618702137280348324,257,257,257,257,0,0,0,-1,80
0057.txt,18348275610959286865,259,259,257,257,0,0,0,-1,81
0057.txt,10934436877601057511,257,257,257,257,0,0,0,-1,81
0057.txt,6430298313869438549,257,257,257,257,0,0,0,-1,81
0057.txt,4645301453045509369,257,257,257,257,0,0,0,-1,81
0057.txt,13653447708387061631,257,257,257,257,0,0,0,-1,82
0057.txt,2707741028896907614,257,257,257,257,0,0,0,-1,81
0057.txt,8402740692469182386,257,257,257,257,0,0,0,-1,81
0057.txt,18413342172045588087,258,258,257,257,0,0,0,-1,81
0057.txt,3435535381528661432,258,258,257,257,0,0,0,-1,81
0058.txt,16385550299762117140,313,312,313,313,1,1,0,2,2431
0058.txt,1798395773568794361,313,313,313,313,0,0,0,4,1553
0058.txt,10087826704512121109,313,313,313,313,0,0,0,5,2534
0058.txt,4320127047856182621,317,315,313,313,2,0,1,6,185090
0058.txt,13829871790667353365,313,313,313,313,0,0,0,-1,91
0058.txt,5848535588058156319,313,313,313,313,0,0,0,-1,89
0058.txt,6783842536281000234,313,313,313,313,0,0,0,-1,94
0058.txt,4931484735650852725,315,315,313,313,0,0,0,-1,96
0058.txt,12975197616038476199,315,315,313,313,0,0,0,-1,92
0058.txt,16501256060073601164,313,313,313,313,0,0,0,-1,87
0058.txt,14330523356152762388,313,313,313,313,0,0,0,-1,102
0058.txt,8179882715508768378,314,314,313,313,0,0,0,-1,91
0058.txt,8851515779616288981,314,314,313,313,0,0,0,-1,82
0058.txt,11462187031090510029,314,314,313,313,0,0,0,-1,83
0058.txt,770145657227892692,313,313,313,313,0,0,0,-1,89
0058.txt,15857876997065463489,312,312,313,313,0,0,0,-1,86
0058.txt,5488539026059260601,313,313,313,313,0,0,0,-1,85
0058.txt,13692793813066017628,314,314,313,313,0,0,0,-1,85
0058.txt,15031201243962816599,316,316,313,313,0,0,0,-1,86
0058.txt,15482647570367606300,314,314,313,313,0,0,0,-1,86
0058.txt,8579618321036531193,314,314,313,313,0,0,0,-1,96
0058.txt,13514060711627947574,313,313,313,313,0,0,0,-1,85
0058.txt,10667849023513812362,314,314,313,313,0,0,0,-1,85
0058.txt,14089110629424857723,315,315,313,313,0,0,0,-1,86
0058.txt,16254444228411356370,313,313,313,313,0,0,0,-1,85
0058.txt,9602844874975554932,313,313,313,313,0,0,0,-1,86
0058.txt,14825921459152370944,314,314,313,313,0,0,0,-1,86
0058.txt,12470916238170151606,313,313,313,313,0,0,0,-1,85
0058.txt,11242373233348661139,317,317,313,313,0,0,0,-1,87
0058.txt,1778946262112142346,314,314,313,313,0,0,0,-1,86
0058.txt,13815001142960508208,314,314,313,313,0,0,0,-1,85
0058.txt,13242484795374765832,314,314,313,313,0,0,0,-1,87
0058.txt,9179370247575883875,312,312,313,313,0,0,0,-1,86
0058.txt,16761576263558453287,313,313,313,313,0,0,0,-1,85
0058.txt,2050636788489554388,313,313,313,313,0,0,0,-1,86
0058.txt,2775639938243332889,313,313,313,313,0,0,0,-1,85
0058.txt,17806037172749598227,314,314,313,313,0,0,0,-1,85
0058.txt,114690519745163607,313,313,313,313,0,0,0,-1,88
0058.txt,5305447887648221562,317,317,313,313,0,0,0,-1,87
0058.txt,10657414104482620873,313,313,313,313,0,0,0,-1,86
0058.txt,15779089982579829105,314,314,313,313,0,0,0,-1,86
0058.txt,12448783401839337192,314,314,313,313,0,0,0,-1,86
0058.txt,14590925538072663906,313,313,313,313,0,0,0,-1,85
0058.txt,15175782991278363106,313,313,313,313,0,0,0,-1,85
0058.txt,12842286358714097503,313,313,313,313,0,0,0,-1,85
0058.txt,5239713892147934946,312,312,313,313,0,0,0,-1,85
0059.txt,423443961115201836,69,69,68,68,0,0,0,2,958
0059.txt,12398702304487641637,69,69,68,68,0,0,0,4,419
0059.txt,17929666450974059713,69,69,68,68,0,0,0,5,445
0059.txt,15887908321886568518,68,68,68,68,0,0,0,6,77157
0059.txt,17251460125527584444,68,68,68,68,0,0,0,-1,35
0059.txt,11626568971991249776,72,72,68,68,0,0,0,-1,34
0059.txt,1368113950914694489,69,69,68,68,0,0,0,-1,33
0059.txt,2851341268311929548,71,71,68,68,0,0,0,-1,34
0059.txt,12835684931172803483,68,68,68,68,0,0,0,-1,33
0059.txt,9674178131162579343,68,68,68,68,0,0,0,-1,32
0059.txt,14374726704599424097,69,69,68,68,0,0,0,-1,33
0059.txt,2763148592178971293,70,70,68,68,0,0,0,-1,33
0059.txt,17353607093238275288,71,71,68,68,0,0,0,-1,34
0059.txt,12030105157507295369,69,69,68,68,0,0,0,-1,33
0059.txt,5839708941869782593,68,68,68,68,0,0,0,-1,33
0059.txt,7607223617063730591,68,68,68,68,0,0,0,-1,32
0059.txt,16800189570048214453,68,68,68,68,0,0,0,-1,33
0059.txt,6543373945339065320,68,68,68,68,0,0,0,-1,32
0059.txt,6500255524399887380,69,69,68,68,0,0,0,-1,33
0059.txt,9064832051835279196,69,69,68,68,0,0,0,-1,33
0059.txt,4539849921667637311,70,70,68,68,0,0,0,-1,33
0059.txt,6689327357885348033,68,68,68,68,0,0,0,-1,33
0059.txt,11809273515881414371,68,68,68,68,0,0,0,-1,32
0059.txt,18186767073750428359,68,68,68,68,0,0,0,-1,33
0059.txt,4279068395550484267,68,68,68,68,0,0,0,-1,32
0059.txt,16773918350895590106,68,68,68,68,0,0,0,-1,32
0059.txt,18010547208490762280,68,68,68,68,0,0,0,-1,32
0059.txt,5117887524448979163,68,68,68,68,0,0,0,-1,33
0059.txt,3639228121034874608,68,68,68,68,0,0,0,-1,33
0059.txt,14107955452893919325,68,68,68,68,0,0,0,-1,33
0059.txt,17308571888285741541,68,68,68,68,0,0,0,-1,34
0059.txt,15636975387948911776,68,68,68,68,0,0,0,-1,32
0059.txt,774277702670384246,70,70,68,68,0,0,0,-1,33
0059.txt,2396115764876864689,68,68,68,68,0,0,0,-1,32
0059.txt,13193332861866173059,68,68,68,68,0,0,0,-1,32
0059.txt,13229318697796551737,68,68,68,68,0,0,0,-1,32
0059.txt,2250837963936872000,68,68,68,68,0,0,0,-1,32
0059.txt,13034042366012809014,68,68,68,68,0,0,0,-1,33
0059.txt,5551219989139390191,68,68,68,68,0,0,0,-1,32
0059.txt,8079830919581686103,68,68,68,68,0,0,0,-1,32
0059.txt,709498532434050750,68,68,68,68,0,0,0,-1,32
0059.txt,8874633132859706383,68,68,68,68,0,0,0,-1,32
0059.txt,15529415153619895787,68,68,68,68,0,0,0,-1,32
0059.txt,1256739979363706009,69,69,68,68,0,0,0,-1,33
0059.txt,3132214881734533889,68,68,68,68,0,0,0,-1,33
0059.txt,3194165949340602088,68,68,68,68,0,0,0,-1,32
0059.txt,15103026386645243642,68,68,68,68,0,0,0,-1,36
0059.txt,3250681963683365371,68,68,68,68,0,0,0,-1,33
0059.txt,7123192642776856688,68,68,68,68,0,0,0,-1,32
0059.txt,4488519146452825238,68,68,68,68,0,0,0,-1,32
0059.txt,17165018148455595462,68,68,68,68,0,0,0,-1,33
0059.txt,7506007601080764981,71,71,68,68,0,0,0,-1,34
0059.txt,16588933328982072774,68,68,68,68,0,0,0,-1,33
0059.txt,8997518716109584250,68,68,68,68,0,0,0,-1,32
0059.txt,707907198771856767,68,68,68,68,0,0,0,-1,33
0059.txt,8302680358828675249,68,68,68,68,0,0,0,-1,33
0059.txt,12260196795106087504,68,68,68,68,0,0,0,-1,32
0059.txt,1647810398138514849,68,68,68,68,0,0,0,-1,32
0059.txt,10933200108632986197,68,68,68,68,0,0,0,-1,33
0059.txt,17286247094181950193,68,68,68,68,0,0,0,-1,32
0060.txt,7849105791825091706,158,158,156,156,0,0,0,2,2624
0060.txt,15314604153684613027,156,156,156,156,0,0,0,4,1055
0060.txt,15970890897546547972,157,157,156,156,0,0,0,5,1266
0060.txt,11947985957465314250,156,155,156,156,1,1,0,6,66125
0060.txt,16667109674002697174,158,158,156,156,0,0,0,-1,55
0060.txt,18268720447287468020,158,158,156,156,0,0,0,-1,53
0060.txt,17096526801332222234,156,156,156,156,0,0,0,-1,52
0060.txt,16526518055674681962,156,156,156,156,0,0,0,-1,52
0060.txt,6609057288973018552,158,158,156,156,0,0,0,-1,53
0060.txt,7116475548408196772,156,156,156,156,0,0,0,-1,52
0060.txt,457316435103083781,156,156,156,156,0,0,0,-1,52
0060.txt,13410878467929990955,156,156,156,156,0,0,0,-1,52
0060.txt,13956027981171590194,157,157,156,156,0,0,0,-1,53
0060.txt,18248475087652399623,156,156,156,156,0,0,0,-1,52
0060.txt,12906383716767762093,156,156,156,156,0,0,0,-1,51
0060.txt,10047091480279728073,159,159,156,156,0,0,0,-1,53
0060.txt,13804276389309203055,156,156,156,156,0,0,0,-1,56
0060.txt,8240241062113572502,156,156,156,156,0,0,0,-1,52
0060.txt,5311554817380989180,157,157,156,156,0,0,0,-1,52
0060.txt,15714802151745133263,158,158,156,156,0,0,0,-1,52
0060.txt,14920288877936914377,156,156,156,156,0,0,0,-1,52
0060.txt,17402680337844494027,156,156,156,156,0,0,0,-1,52
0060.txt,18322558738320607377,156,156,156,156,0,0,0,-1,51
0060.txt,17278469110705160955,156,156,156,156,0,0,0,-1,52
0060.txt,1633265728222940167,159,159,156,156,0,0,0,-1,52
0060.txt,6524055470862527241,156,156,156,156,0,0,0,-1,52
0060.txt,1553171504025697702,156,156,156,156,0,0,0,-1,52
0060.txt,14617581828538943538,156,156,156,156,0,0,0,-1,51
0060.txt,6759749593663660016,156,156,156,156,0,0,0,-1,52
0060.txt,13217957790146427853,156,156,156,156,0,0,0,-1,52
0060.txt,4434765930878998099,156,156,156,156,0,0,0,-1,52
0060.txt,3759512205001586145,156,156,156,156,0,0,0,-1,52
0061.txt,7762606730739916930,292,291,292,292,1,1,0,2,3159
0061.txt,9840308548435869662,295,295,292,292,0,0,0,4,1671
0061.txt,617579683708987600,293,293,292,292,0,0,0,5,1825
0061.txt,9485004344042352487,295,291,292,292,4,1,1,6,79214
0061.txt,18094425837713811848,292,292,292,292,0,0,0,-1,84
0061.txt,12830127903930825845,293,293,292,292,0,0,0,-1,83
0061.txt,16985195890425158168,293,293,292,292,0,0,0,-1,83
0061.txt,370628593172889065,292,292,292,292,0,0,0,-1,82
0061.txt,902140704662565924,292,292,292,292,0,0,0,-1,82
0061.txt,10514678200056507181,292,292,292,292,0,0,0,-1,82
0061.txt,6914866422110381807,292,292,292,292,0,0,0,-1,81
0061.txt,5313764535527218820,293,293,292,292,0,0,0,-1,82
0061.txt,13596531762450636098,294,294,292,292,0,0,0,-1,83
0061.txt,8206892635677757784,292,292,292,292,0,0,0,-1,81
0061.txt,11724453728388404574,292,292,292,292,0,0,0,-1,81
0061.txt,11204478736560921245,294,294,292,292,0,0,0,-1,82
0061.txt,9493770646465550444,296,296,292,292,0,0,0,-1,83
0061.txt,2968307671710258134,296,296,292,292,0,0,0,-1,83
0061.txt,16647371670621097971,292,292,292,292,0,0,0,-1,85
0061.txt,9690589859868357276,292,292,292,292,0,0,0,-1,82
0061.txt,13526524709024667900,292,292,292,292,0,0,0,-1,81
0061.txt,16983540044783979354,292,292,292,292,0,0,0,-1,81
0061.txt,17371959175779877784,292,292,292,292,0,0,0,-1,81
0061.txt,16282749744510227921,294,294,292,292,0,0,0,-1,84
0061.txt,6286031343226202966,292,292,292,292,0,0,0,-1,82
0061.txt,13581047105118741264,293,293,292,292,0,0,0,-1,82
0061.txt,7026520845369164788,292,292,292,292,0,0,0,-1,81
0061.txt,13589580014576773338,292,292,292,292,0,0,0,-1,81
0061.txt,10086377965829500971,293,293,292,292,0,0,0,-1,82
0061.txt,18401249951532853260,294,294,292,292,0,0,0,-1,87
0061.txt,3631002861523852924,292,292,292,292,0,0,0,-1,85
0061.txt,6543550760190420207,293,293,292,292,0,0,0,-1,81
0061.txt,17368165562597964448,293,293,292,292,0,0,0,-1,82
0061.txt,14108044327815303216,294,294,292,292,0,0,0,-1,83
0061.txt,4886639576529737694,292,292,292,292,0,0,0,-1,81
0061.txt,13712200843045325322,292,292,292,292,0,0,0,-1,81
0061.txt,5769814563766320760,294,294,292,292,0,0,0,-1,81
0061.txt,555449282495462975,292,292,292,292,0,0,0,-1,83
0061.txt,4435922979765241776,293,293,292,292,0,0,0,-1,82
0061.txt,13166638669707835042,293,293,292,292,0,0,0,-1,85
0062.txt,5418170273110279496,170,169,168,168,1,0,1,2,2228
0062.txt,7871165831147557171,168,168,168,168,0,0,0,4,781
0062.txt,2320236021385661506,168,168,168,168,0,0,0,5,736
0062.txt,3222399892179924971,168,168,168,168,0,0,0,6,68771
0062.txt,6031218217441988447,168,168,168,168,0,0,0,-1,63
0062.txt,3145395968171872202,169,169,168,168,0,0,0,-1,59
0062.txt,169305619674910421,168,168,168,168,0,0,0,-1,58
0062.txt,4118106918452304873,170,170,168,168,0,0,0,-1,58
0062.txt,17995821303337761025,168,168,168,168,0,0,0,-1,58
0062.txt,593064353780094021,168,168,168,168,0,0,0,-1,57
0062.txt,133223427540798836,170,170,168,168,0,0,0,-1,59
0062.txt,9118408399241201469,169,169,168,168,0,0,0,-1,59
0062.txt,8305605556228467796,172,172,168,168,0,0,0,-1,59
0062.txt,8228456279359595321,168,168,168,168,0,0,0,-1,57
0062.txt,11533222756949723164,168,168,168,168,0,0,0,-1,58
0062.txt,5695281537454959088,169,169,168,168,0,0,0,-1,57
0062.txt,14670255222425682477,168,168,168,168,0,0,0,-1,58
0062.txt,14375521903934814641,168,168,168,168,0,0,0,-1,57
0062.txt,15415190693112168698,168,168,168,168,0,0,0,-1,58
0062.txt,10270143802524822761,168,168,168,168,0,0,0,-1,57
0062.txt,12348361159730715858,168,168,168,168,0,0,0,-1,58
0062.txt,17435117776677889354,169,169,168,168,0,0,0,-1,58
0062.txt,2824205256778742230,168,168,168,168,0,0,0,-1,58
0062.txt,15645230012798403964,168,168,168,168,0,0,0,-1,58
0062.txt,16310672851904151927,168,168,168,168,0,0,0,-1,57
0062.txt,11963853210374066807,168,168,168,168,0,0,0,-1,57
0062.txt,5028723918224547540,172,172,168,168,0,0,0,-1,59
0062.txt,14060366481923306492,169,169,168,168,0,0,0,-1,58
0062.txt,14748253615113754002,171,171,168,168,0,0,0,-1,60
0062.txt,9935958043676734989,168,168,168,168,0,0,0,-1,57
0062.txt,16859593572425972165,168,168,168,168,0,0,0,-1,58
0062.txt,6163186057188631617,168,168,168,168,0,0,0,-1,57
0062.txt,1266622197968104535,168,168,168,168,0,0,0,-1,58
0062.txt,17378448125692588818,168,168,168,168,0,0,0,-1,57
0062.txt,16871088445573880081,172,172,168,168,0,0,0,-1,65
0062.txt,18113846380146835904,170,170,168,168,0,0,0,-1,57
0062.txt,5545298094106120819,168,168,168,168,0,0,0,-1,62
0062.txt,6396925864025911896,168,168,168,168,0,0,0,-1,58
0062.txt,11351280447576784443,168,168,168,168,0,0,0,-1,61
0062.txt,14662708023600606611,168,168,168,168,0,0,0,-1,57
0062.txt,16895066641548704305,168,168,168,168,0,0,0,-1,57
0062.txt,9325202782381669742,168,168,168,168,0,0,0,-1,57
0062.txt,9480488801288328831,168,168,168,168,0,0,0,-1,61
0062.txt,17305098715898558540,168,168,168,168,0,0,0,-1,57
0062.txt,2871280767468267774,169,169,168,168,0,0,0,-1,57
0062.txt,13298627083132103174,168,168,168,168,0,0,0,-1,57
0062.txt,2828712633001172506,168,168,168,168,0,0,0,-1,57
0062.txt,14788401409187800154,169,169,168,168,0,0,0,-1,58
0062.txt,839021489970760896,168,168,168,168,0,0,0,-1,60
0062.txt,12561578200614603138,168,168,168,168,0,0,0,-1,57
0063.txt,1292890440283035369,257,257,257,257,0,0,0,2,1533
0063.txt,12469060149726631740,257,257,257,257,0,0,0,4,950
0063.txt,10068882768933177430,259,259,257,257,0,0,0,5,1667
0063.txt,3700907244975275168,257,257,257,257,0,0,0,6,45468
0063.txt,14890608487667887152,257,257,257,257,0,0,0,-1,84
0063.txt,8783941112878195849,258,258,257,257,0,0,0,-1,81
0063.txt,1613377059186858874,257,257,257,257,0,0,0,-1,79
0063.txt,13256770187598221913,257,257,257,257,0,0,0,-1,78
0063.txt,1902156834845327814,258,258,257,257,0,0,0,-1,78
0063.txt,13658691223315770909,257,257,257,257,0,0,0,-1,77
0063.txt,10999340885387306545,258,258,257,257,0,0,0,-1,78
0063.txt,4579622678529957540,258,258,257,257,0,0,0,-1,77
0063.txt,17612604581573167585,257,257,257,257,0,0,0,-1,77
0063.txt,7026520845369164788,257,257,257,257,0,0,0,-1,77
0063.txt,1551380123986781219,260,260,257,257,0,0,0,-1,77
0063.txt,7553357056993020543,257,257,257,257,0,0,0,-1,79
0063.txt,9327766130230609156,257,257,257,257,0,0,0,-1,77
0063.txt,8485776167367954505,257,257,257,257,0,0,0,-1,77
0063.txt,3597388692796946811,258,258,257,257,0,0,0,-1,78
0063.txt,14493668613212028760,259,259,257,257,0,0,0,-1,77
0063.txt,3877618504177746666,258,258,257,257,0,0,0,-1,81
0063.txt,12158877096739596574,260,260,257,257,0,0,0,-1,78
0063.txt,14968069618099383742,258,258,257,257,0,0,0,-1,78
0063.txt,17954199735834660546,259,259,257,257,0,0,0,-1,78
0063.txt,2716609950709704061,257,257,257,257,0,0,0,-1,76
0063.txt,17762588024922005854,257,257,257,257,0,0,0,-1,77
0063.txt,8710634475841395219,257,257,257,257,0,0,0,-1,79
0063.txt,10103523469294920821,257,257,257,257,0,0,0,-1,77
0063.txt,12058320937411020908,257,257,257,257,0,0,0,-1,77
0063.txt,10540803110977309257,257,257,257,257,0,0,0,-1,77
0063.txt,6831269646740759825,257,257,257,257,0,0,0,-1,77
0063.txt,9419134417089067341,257,257,257,257,0,0,0,-1,77
0063.txt,2015584008622786910,258,258,257,257,0,0,0,-1,77
0063.txt,10872552048847731360,257,257,257,257,0,0,0,-1,77
0063.txt,7482569885300303854,257,257,257,257,0,0,0,-1,77
0064.txt,14339800858300629496,195,195,195,195,0,0,0,2,3010
0064.txt,17140559393491032869,199,199,195,195,0,0,0,4,1271
0064.txt,10960419904258804349,197,197,195,195,0,0,0,5,894
0064.txt,12803662512881585077,198,198,195,195,0,0,0,6,80562
0064.txt,14033061840955265304,197,197,195,195,0,0,0,-1,72
0064.txt,8223635324054073268,199,199,195,195,0,0,0,-1,69
0064.txt,14344800741870198398,195,195,195,195,0,0,0,-1,66
0064.txt,189484395534081980,195,195,195,195,0,0,0,-1,66
0064.txt,15346853524771508514,195,195,195,195,0,0,0,-1,66
0064.txt,5255583663812789042,195,195,195,195,0,0,0,-1,66
0064.txt,3081264268251671426,195,195,195,195,0,0,0,-1,65
0064.txt,6122642318616356664,195,195,195,195,0,0,0,-1,68
0064.txt,868804024165259093,199,199,195,195,0,0,0,-1,69
0064.txt,9579201918264657395,195,195,195,195,0,0,0,-1,65
0064.txt,1718888143017139545,198,198,195,195,0,0,0,-1,65
0064.txt,15970067889060159582,195,195,195,195,0,0,0,-1,66
0064.txt,15929831711324870214,196,196,195,195,0,0,0,-1,65
0064.txt,16113375289830103953,195,195,195,195,0,0,0,-1,66
0064.txt,2352327098591417839,196,196,195,195,0,0,0,-1,65
0064.txt,2252694052380391866,195,195,195,195,0,0,0,-1,65
0064.txt,15840084482628359767,195,195,195,195,0,0,0,-1,65
0064.txt,16436955569279662501,199,199,195,195,0,0,0,-1,66
0064.txt,10186791350056372256,195,195,195,195,0,0,0,-1,70
0064.txt,2893167552319992744,195,195,195,195,0,0,0,-1,65
0064.txt,5360537193317741544,195,195,195,195,0,0,0,-1,69
0064.txt,9035488352088337965,195,195,195,195,0,0,0,-1,68
0064.txt,17983825614163153495,195,195,195,195,0,0,0,-1,104
0064.txt,3017460911664155034,195,195,195,195,0,0,0,-1,72
0064.txt,4789546922258631098,195,195,195,195,0,0,0,-1,67
0064.txt,14164537706089424656,198,198,195,195,0,0,0,-1,67
0064.txt,10026316664398557889,195,195,195,195,0,0,0,-1,66
0064.txt,12204144986464646834,195,195,195,195,0,0,0,-1,65
0064.txt,3802253971984096019,195,195,195,195,0,0,0,-1,65
0064.txt,11091491980012678365,195,195,195,195,0,0,0,-1,65
0064.txt,10813496257716083401,195,195,195,195,0,0,0,-1,65
0064.txt,13108993057481020743,198,198,195,195,0,0,0,-1,66
0064.txt,17109519420436861296,195,195,195,195,0,0,0,-1,65
0064.txt,1164840312959770268,197,197,195,195,0,0,0,-1,65
0064.txt,17086489096986158395,196,196,195,195,0,0,0,-1,65
0064.txt,502844895959736154,195,195,195,195,0,0,0,-1,65
0064.txt,15500397991390431151,196,196,195,195,0,0,0,-1,65
0064.txt,8469075866748302998,195,195,195,195,0,0,0,-1,68
0064.txt,4069739725295912074,195,195,195,195,0,0,0,-1,64
0064.txt,1465072889430185584,195,195,195,195,0,0,0,-1,65
0064.txt,17921587155707117570,195,195,195,195,0,0,0,-1,66
0064.txt,5697844885303898502,195,195,195,195,0,0,0,-1,65
0064.txt,2930191587973308922,195,195,195,195,0,0,0,-1,64
0064.txt,3558905210241507470,195,195,195,195,0,0,0,-1,65
0064.txt,16326293819660341046,197,197,195,195,0,0,0,-1,66
0064.txt,12418137676978834388,195,195,195,195,0,0,0,-1,65
0064.txt,9546884581451262643,197,197,195,195,0,0,0,-1,65
0064.txt,15938846702851188047,197,197,195,195,0,0,0,-1,66
0064.txt,112751204155751691,197,197,195,195,0,0,0,-1,65
0064.txt,13398464523621433274,195,195,195,195,0,0,0,-1,65
0064.txt,4229384881815787496,195,195,195,195,0,0,0,-1,66
0064.txt,8182269248506352905,197,197,195,195,0,0,0,-1,65
0064.txt,1423046612361949867,196,196,195,195,0,0,0,-1,65
0065.txt,9422581839194781190,122,122,122,122,0,0,0,2,1379
0065.txt,8189640991969868240,125,125,122,122,0,0,0,4,765
0065.txt,2011783891805776182,122,122,122,122,0,0,0,5,679
0065.txt,16578811156255234702,122,122,122,122,0,0,0,6,144033
0065.txt,11478181496119780695,122,122,122,122,0,0,0,-1,52
0065.txt,9594536446944701033,122,122,122,122,0,0,0,-1,43
0065.txt,5332403720375058153,123,123,122,122,0,0,0,-1,43
0065.txt,2421384285425156536,123,123,122,122,0,0,0,-1,42
0065.txt,10202197862520212226,122,122,122,122,0,0,0,-1,42
0065.txt,313124603110008195,122,122,122,122,0,0,0,-1,42
0065.txt,463108046458846464,123,123,122,122,0,0,0,-1,42
0065.txt,3096809528596132483,122,122,122,122,0,0,0,-1,42
0065.txt,8457269261477433918,123,123,122,122,0,0,0,-1,42
0065.txt,2647575719427693436,124,124,122,122,0,0,0,-1,43
0065.txt,11179944224310900257,122,122,122,122,0,0,0,-1,42
0065.txt,12683933339310416344,122,122,122,122,0,0,0,-1,42
0065.txt,12907295203854518546,122,122,122,122,0,0,0,-1,42
0065.txt,8240707590145378102,122,122,122,122,0,0,0,-1,43
0065.txt,4428313591291664066,122,122,122,122,0,0,0,-1,46
0065.txt,4269179989402733156,122,122,122,122,0,0,0,-1,45
0065.txt,10207178163776445536,122,122,122,122,0,0,0,-1,45
0065.txt,7011121729724180718,122,122,122,122,0,0,0,-1,46
0065.txt,5142248645986585635,125,125,122,122,0,0,0,-1,45
0065.txt,9376876563486773930,122,122,122,122,0,0,0,-1,45
0065.txt,10736302483075617179,122,122,122,122,0,0,0,-1,45
0065.txt,1891991165967489495,124,124,122,122,0,0,0,-1,46
0065.txt,13685367737727690803,125,125,122,122,0,0,0,-1,46
0065.txt,16269652755577892704,122,122,122,122,0,0,0,-1,45
0065.txt,12621430126073054536,122,122,122,122,0,0,0,-1,46
0065.txt,15895509490512002869,122,122,122,122,0,0,0,-1,45
0065.txt,8455413173033914052,123,123,122,122,0,0,0,-1,46
0065.txt,8387155671458531526,122,122,122,122,0,0,0,-1,45
0065.txt,13901213876489633733,122,122,122,122,0,0,0,-1,45
0065.txt,16064879049335754350,123,122,122,122,1,0,1,-1,170
0065.txt,6180814970482643083,122,122,122,122,0,0,0,-1,46
0065.txt,3970185116891802049,122,122,122,122,0,0,0,-1,46
0065.txt,3858725160357362699,122,122,122,122,0,0,0,-1,45
0065.txt,15705789197662274910,122,122,122,122,0,0,0,-1,45
0065.txt,8809212942070695387,122,122,122,122,0,0,0,-1,45
0065.txt,13466959186108221354,122,122,122,122,0,0,0,-1,45
0065.txt,4767784145522078334,122,122,122,122,0,0,0,-1,45
0066.txt,9210624692171232879,417,415,415,415,2,0,1,2,5208
0066.txt,16866771818653668212,416,416,415,415,0,0,0,4,2670
0066.txt,1773436144088687017,415,415,415,415,0,0,0,5,3050
0066.txt,3339222147911558259,415,415,415,415,0,0,0,6,158091
0066.txt,17066424023751641648,415,415,415,415,0,0,0,-1,118
0066.txt,14711336648394986250,415,415,415,415,0,0,0,-1,112
0066.txt,8308160684229263851,415,415,415,415,0,0,0,-1,110
0066.txt,16966980848921507663,415,415,415,415,0,0,0,-1,109
0066.txt,2585445981794007553,416,415,415,415,1,0,1,-1,432
0066.txt,12717429940378183776,415,415,415,415,0,0,0,-1,109
0066.txt,16569469937195477863,415,415,415,415,0,0,0,-1,110
0066.txt,6671032594584112241,415,415,415,415,0,0,0,-1,133
0066.txt,5665709204428443163,415,415,415,415,0,0,0,-1,138
0066.txt,15310387282524977786,416,416,415,415,0,0,0,-1,118
0066.txt,4365607616495859667,415,415,415,415,0,0,0,-1,110
0066.txt,4976946920963516578,416,416,415,415,0,0,0,-1,108
0066.txt,1190612529169275465,416,416,415,415,0,0,0,-1,109
0066.txt,12414953304450094827,417,417,415,415,0,0,0,-1,109
0066.txt,16530849552037170246,416,416,415,415,0,0,0,-1,110
0066.txt,17372754375115268328,415,415,415,415,0,0,0,-1,109
0066.txt,11567391341120053256,415,415,415,415,0,0,0,-1,109
0066.txt,15408561538673479778,415,414,415,415,1,1,0,-1,426
0066.txt,4609902270961893013,415,415,415,415,0,0,0,-1,108
0066.txt,8626917002995046892,415,415,415,415,0,0,0,-1,109
0067.txt,12611429149373863314,198,198,198,198,0,0,0,2,3037
0067.txt,15961106496152368752,198,198,198,198,0,0,0,4,796
0067.txt,314891816632144170,198,198,198,198,0,0,0,5,1338
0067.txt,7120781098063597352,198,198,198,198,0,0,0,6,18322
0067.txt,329473393651995822,200,200,198,198,0,0,0,-1,67
0067.txt,6603933130202936266,198,198,198,198,0,0,0,-1,64
0067.txt,4484991026618032128,198,198,198,198,0,0,0,-1,68
0067.txt,16961458054642116410,198,198,198,198,0,0,0,-1,73
0067.txt,6875632883947834175,199,199,198,198,0,0,0,-1,64
0067.txt,14046752871830337913,199,199,198,198,0,0,0,-1,64
0067.txt,7997234081721823004,199,199,198,198,0,0,0,-1,63
0067.txt,1667698817432427611,198,198,198,198,0,0,0,-1,63
0067.txt,4402458594104053902,198,198,198,198,0,0,0,-1,63
0067.txt,12726741833969294078,198,198,198,198,0,0,0,-1,63
0067.txt,16163959080818259725,198,198,198,198,0,0,0,-1,66
0067.txt,11082476292576404918,198,198,198,198,0,0,0,-1,63
0067.txt,11178243791781682121,198,198,198,198,0,0,0,-1,63
0067.txt,14677610568848749823,198,198,198,198,0,0,0,-1,62
0067.txt,10973798885145634291,198,198,198,198,0,0,0,-1,63
0067.txt,13525735167192063890,200,199,198,198,1,0,1,-1,231
0067.txt,14021801801663310964,198,198,198,198,0,0,0,-1,63
0067.txt,16523762144369686565,198,198,198,198,0,0,0,-1,62
0067.txt,16071529904851672218,198,198,198,198,0,0,0,-1,63
0067.txt,2884587626791258289,198,198,198,198,0,0,0,-1,62
0067.txt,8423036090342163394,198,198,198,198,0,0,0,-1,69
0067.txt,16233598953921014761,198,198,198,198,0,0,0,-1,72
0067.txt,16603401907319547183,198,198,198,198,0,0,0,-1,78
0067.txt,11240305435386363159,198,198,198,198,0,0,0,-1,69
0067.txt,2690783636397334799,201,201,198,198,0,0,0,-1,65
0067.txt,13393418327830286046,198,198,198,198,0,0,0,-1,67
0067.txt,6738904319173318407,198,198,198,198,0,0,0,-1,63
0067.txt,7998470850689894318,198,198,198,198,0,0,0,-1,63
0067.txt,5579563826362528140,198,198,198,198,0,0,0,-1,63
0067.txt,5727240403479059540,198,198,198,198,0,0,0,-1,61
0067.txt,1106405206188006165,198,198,198,198,0,0,0,-1,59
0067.txt,13625866377562352448,201,201,198,198,0,0,0,-1,60
0067.txt,7778039103415993411,198,198,198,198,0,0,0,-1,58
0067.txt,4308352227794327122,198,198,198,198,0,0,0,-1,58
0067.txt,1042042669639863397,198,198,198,198,0,0,0,-1,58
0067.txt,16434972953964868890,198,198,198,198,0,0,0,-1,59
0067.txt,13411791451723555119,198,198,198,198,0,0,0,-1,58
0067.txt,13501046822807303654,200,200,198,198,0,0,0,-1,59
0067.txt,3551002480083751683,198,198,198,198,0,0,0,-1,62
0067.txt,11958284945043507209,198,198,198,198,0,0,0,-1,63
0067.txt,8054522659331334988,199,199,198,198,0,0,0,-1,63
0068.txt,4861065822932266353,420,417,420,419,3,1,0,2,6790
0068.txt,15059020226360439141,422,421,420,419,1,0,0,4,2465
0068.txt,16016602216591375567,420,419,420,419,1,0,0,5,3556
0068.txt,15931975732758533597,420,419,420,419,1,0,0,6,189781
0068.txt,4953808616232593582,420,419,420,419,1,0,0,-1,488
0068.txt,17743003393518508807,420,419,420,419,1,0,0,-1,462
0068.txt,4182991193969642108,420,419,420,419,1,0,0,-1,467
0068.txt,15935990503494985923,422,421,420,419,1,0,0,-1,458
0068.txt,5669158331738508607,421,420,420,419,1,0,0,-1,466
0068.txt,17206665282689699884,420,419,420,419,1,0,0,-1,462
0068.txt,6717539206226627698,420,419,420,419,1,0,0,-1,460
0068.txt,7077409359054216015,420,419,420,419,1,0,0,-1,455
0068.txt,4784597224696582199,420,419,420,419,1,0,0,-1,461
0068.txt,2383949514743831133,420,419,420,419,1,0,0,-1,464
0068.txt,13150750821671610741,421,420,420,419,1,0,0,-1,484
0068.txt,1768021015916327610,421,420,420,419,1,0,0,-1,458
0068.txt,9777724887211597124,421,419,420,419,2,0,1,-1,572
0068.txt,6912384324791408695,420,419,420,419,1,0,0,-1,455
0068.txt,8288237306903930840,420,419,420,419,1,0,0,-1,459
0068.txt,16886160987970867906,420,419,420,419,1,0,0,-1,456
0068.txt,15847486581933234951,423,422,420,419,1,0,0,-1,456
0068.txt,7583837933851809921,420,419,420,419,1,0,0,-1,459
0068.txt,1833818514101203076,420,419,420,419,1,0,0,-1,456
0068.txt,13052148519427369175,420,419,420,419,1,0,0,-1,458
0068.txt,12743874139690251633,420,419,420,419,1,0,0,-1,460
0068.txt,17557347972267117459,420,419,420,419,1,0,0,-1,453
0068.txt,13875972104834193197,420,419,420,419,1,0,0,-1,462
0068.txt,13951610642934719613,420,419,420,419,1,0,0,-1,458
0068.txt,197662438642796897,420,419,420,419,1,0,0,-1,459
0068.txt,3864058092347631659,420,419,420,419,1,0,0,-1,466
0068.txt,9950980547835810203,421,420,420,419,1,0,0,-1,455
0068.txt,6156633152943918974,420,419,420,419,1,0,0,-1,458
0068.txt,1651384347115502443,420,419,420,419,1,0,0,-1,455
0068.txt,8536000004070424022,421,420,420,419,1,0,0,-1,459
0068.txt,10151058336091955622,422,421,420,419,1,0,0,-1,466
0068.txt,2749452890990578948,420,419,420,419,1,0,0,-1,454
0068.txt,5088257172417864549,420,419,420,419,1,0,0,-1,487
0068.txt,10270120124831668065,420,419,420,419,1,0,0,-1,458
0068.txt,17260983371707112178,423,422,420,419,1,0,0,-1,462
0068.txt,16997009802222163334,422,421,420,419,1,0,0,-1,455
0068.txt,17460595434474507569,421,420,420,419,1,0,0,-1,456
0068.txt,16294498500466537794,420,419,420,419,1,0,0,-1,455
0068.txt,13259510350298516214,420,419,420,419,1,0,0,-1,457
0069.txt,102944182048038388,133,133,133,133,0,0,0,2,1561
0069.txt,11247235918040569856,136,136,133,133,0,0,0,4,855
0069.txt,11485865317420814433,133,133,133,133,0,0,0,5,826
0069.txt,6301226080804965427,135,135,133,133,0,0,0,6,183573
0069.txt,14901403828800446476,135,135,133,133,0,0,0,-1,54
0069.txt,764354397179229547,136,136,133,133,0,0,0,-1,53
0069.txt,977868902142817031,135,135,133,133,0,0,0,-1,52
0069.txt,13139363994757519753,133,133,133,133,0,0,0,-1,49
0069.txt,5343540293692016078,135,135,133,133,0,0,0,-1,49
0069.txt,12518674168861055753,136,136,133,133,0,0,0,-1,50
0069.txt,16516070351324360498,135,135,133,133,0,0,0,-1,49
0069.txt,17286247094181950193,133,133,133,133,0,0,0,-1,48
0069.txt,4054922665546882670,136,136,133,133,0,0,0,-1,50
0069.txt,10235267958949073121,136,136,133,133,0,0,0,-1,49
0069.txt,6363287724409646465,133,133,133,133,0,0,0,-1,48
0069.txt,11719357399783685136,133,133,133,133,0,0,0,-1,48
0069.txt,9444917871387154498,133,133,133,133,0,0,0,-1,50
0069.txt,8207687835013148328,133,133,133,133,0,0,0,-1,48
0069.txt,9235689648975318528,134,134,133,133,0,0,0,-1,48
0069.txt,17859525512102436532,135,135,133,133,0,0,0,-1,48
0069.txt,4567399550158222488,133,133,133,133,0,0,0,-1,48
0069.txt,5027109773737498784,133,133,133,133,0,0,0,-1,48
0069.txt,14044657040321166973,133,133,133,133,0,0,0,-1,48
0069.txt,6008071167548093026,136,136,133,133,0,0,0,-1,49
0069.txt,15013256176165534113,135,135,133,133,0,0,0,-1,48
0069.txt,164358746408113831,137,137,133,133,0,0,0,-1,49
0069.txt,9509354809900838103,133,133,133,133,0,0,0,-1,48
0069.txt,3398278874034619113,133,133,133,133,0,0,0,-1,49
0069.txt,8632131638622896716,133,133,133,133,0,0,0,-1,48
0069.txt,2402766370650614026,133,133,133,133,0,0,0,-1,48
0069.txt,17459262591039999358,133,133,133,133,0,0,0,-1,48
0069.txt,6787201083465330192,134,133,133,133,1,0,1,-1,165
0069.txt,18034043467701295789,136,136,133,133,0,0,0,-1,49
0069.txt,6396925864025911896,135,135,133,133,0,0,0,-1,48
0069.txt,16615235989745642632,133,133,133,133,0,0,0,-1,48
0069.txt,7126236147199779621,133,133,133,133,0,0,0,-1,49
0069.txt,14827594012197588092,136,136,133,133,0,0,0,-1,49
0069.txt,3065822676758777462,133,133,133,133,0,0,0,-1,48
0069.txt,12899051309472055100,134,133,133,133,1,0,1,-1,161
0070.txt,14965548735002910858,427,426,424,424,1,0,1,2,7085
0070.txt,11616655592779203320,424,424,424,424,0,0,0,4,1794
0070.txt,8060267739513249473,424,424,424,424,0,0,0,5,1551
0070.txt,12074285338405850694,424,423,424,424,1,1,0,6,357274
0070.txt,11378289432754360954,424,424,424,424,0,0,0,-1,132
0070.txt,12427945923554733889,424,424,424,424,0,0,0,-1,169
0070.txt,6052890631464857384,424,424,424,424,0,0,0,-1,148
0070.txt,500434153789532390,424,424,424,424,0,0,0,-1,124
0070.txt,9115013783871670301,424,424,424,424,0,0,0,-1,122
0070.txt,12980901560976770,425,424,424,424,1,0,1,-1,465
0070.txt,11952256916067102306,425,425,424,424,0,0,0,-1,122
0070.txt,1189267756275242830,426,426,424,424,0,0,0,-1,134
0070.txt,1430561913645727678,424,424,424,424,0,0,0,-1,120
0070.txt,10775703436588684573,424,424,424,424,0,0,0,-1,120
0070.txt,3051275866131775352,424,424,424,424,0,0,0,-1,120
0070.txt,10746842689233869379,424,424,424,424,0,0,0,-1,121
0070.txt,13619682792157353924,424,424,424,424,0,0,0,-1,124
0070.txt,9933091354105166943,424,424,424,424,0,0,0,-1,120
0070.txt,7380254601130403785,427,427,424,424,0,0,0,-1,122
0070.txt,16736000729770674750,424,424,424,424,0,0,0,-1,128
0070.txt,2287834650737467389,423,423,424,424,0,0,0,-1,123
0070.txt,17187346449623451223,424,424,424,424,0,0,0,-1,123
0070.txt,9660668620583921773,424,424,424,424,0,0,0,-1,120
0070.txt,17436559958060878999,426,426,424,424,0,0,0,-1,121
0070.txt,12414953304450094827,424,424,424,424,0,0,0,-1,120
0070.txt,8824061649618854315,424,424,424,424,0,0,0,-1,119
0070.txt,1835145092982071176,424,424,424,424,0,0,0,-1,122
0070.txt,13712851788650497776,428,428,424,424,0,0,0,-1,121
0070.txt,13372242655162602276,424,424,424,424,0,0,0,-1,121
0071.txt,4780621044735154437,408,407,408,408,1,1,0,2,5469
0071.txt,15156212255347776995,410,410,408,408,0,0,0,4,2412
0071.txt,13634261132941691228,411,411,408,408,0,0,0,5,2777
0071.txt,2700982635083952320,412,407,408,408,5,1,1,6,159545
0071.txt,10613860039092618752,409,409,408,408,0,0,0,-1,126
0071.txt,13936930630658068902,409,409,408,408,0,0,0,-1,128
0071.txt,7273219812272803560,408,408,408,408,0,0,0,-1,117
0071.txt,14686513953412653214,409,409,408,408,0,0,0,-1,114
0071.txt,4006289684343692574,408,408,408,408,0,0,0,-1,113
0071.txt,164643618501980018,409,409,408,408,0,0,0,-1,119
0071.txt,1190612529169275465,408,408,408,408,0,0,0,-1,114
0071.txt,5528999300356732855,408,408,408,408,0,0,0,-1,112
0071.txt,2143508347640572609,408,408,408,408,0,0,0,-1,112
0071.txt,13079865699001778129,409,409,408,408,0,0,0,-1,114
0071.txt,14743207574489115706,410,410,408,408,0,0,0,-1,112
0071.txt,14227606550212283183,410,410,408,408,0,0,0,-1,113
0071.txt,5282327894209039670,408,408,408,408,0,0,0,-1,114
0071.txt,7613529922730539338,408,408,408,408,0,0,0,-1,113
0071.txt,11653457052420690621,408,408,408,408,0,0,0,-1,113
0071.txt,5000443180174050087,408,408,408,408,0,0,0,-1,112
0071.txt,10868133547546684975,408,408,408,408,0,0,0,-1,112
0071.txt,1454538579172413237,410,410,408,408,0,0,0,-1,114
0071.txt,16810648056556765333,410,410,408,408,0,0,0,-1,113
0071.txt,16531413349594716026,408,408,408,408,0,0,0,-1,117
0071.txt,294725411069988467,409,409,408,408,0,0,0,-1,113
0071.txt,1678625051936205221,411,411,408,408,0,0,0,-1,113
0071.txt,18104236724485475839,408,408,408,408,0,0,0,-1,112
0071.txt,1538801508250050479,408,408,408,408,0,0,0,-1,112
0071.txt,2983027572712499059,408,408,408,408,0,0,0,-1,112
0071.txt,2213734457943896716,411,411,408,408,0,0,0,-1,113
0071.txt,7313973824734713969,408,408,408,408,0,0,0,-1,112
0071.txt,13713767218308394475,408,408,408,408,0,0,0,-1,111
0071.txt,3708917293809747912,409,409,408,408,0,0,0,-1,113
0071.txt,17613966749449504775,408,408,408,408,0,0,0,-1,114
0071.txt,15129307596073753083,408,408,408,408,0,0,0,-1,116
0071.txt,13170945510729917006,408,408,408,408,0,0,0,-1,112
0071.txt,15746999195241891148,408,408,408,408,0,0,0,-1,118
0071.txt,11444681637730117381,408,408,408,408,0,0,0,-1,120
0071.txt,4646080038078104433,409,409,408,408,0,0,0,-1,113
0071.txt,8698942920271760643,409,409,408,408,0,0,0,-1,118
0071.txt,11933396803090776447,408,408,408,408,0,0,0,-1,117
0071.txt,11102923546901615983,408,408,408,408,0,0,0,-1,111
0071.txt,5335373850377447261,408,408,408,408,0,0,0,-1,110
0071.txt,1018954259674566678,408,408,408,408,0,0,0,-1,110
0071.txt,13914907714770181754,408,408,408,408,0,0,0,-1,111
0071.txt,7607754061617795252,408,408,408,408,0,0,0,-1,110
0071.txt,15456609748798995117,409,409,408,408,0,0,0,-1,111
0071.txt,15171020879738093633,408,408,408,408,0,0,0,-1,112
0072.txt,17134033023491997658,88,88,88,88,0,0,0,2,1554
0072.txt,5589608677392238772,91,91,88,88,0,0,0,4,569
0072.txt,7603688255028045746,88,88,88,88,0,0,0,5,637
0072.txt,4747492993278956082,88,88,88,88,0,0,0,6,116384
0072.txt,9920944690352756764,91,91,88,88,0,0,0,-1,39
0072.txt,4729341367097469926,88,88,88,88,0,0,0,-1,36
0072.txt,10866781956950142066,89,89,88,88,0,0,0,-1,46
0072.txt,15980249557923185029,88,88,88,88,0,0,0,-1,35
0072.txt,2717234036285781538,92,92,88,88,0,0,0,-1,37
0072.txt,12192725560325587199,88,88,88,88,0,0,0,-1,35
0072.txt,2465181643958004838,88,88,88,88,0,0,0,-1,35
0072.txt,12993364911042846136,89,89,88,88,0,0,0,-1,39
0072.txt,4669666256490373415,88,88,88,88,0,0,0,-1,35
0072.txt,14078029490164693626,88,88,88,88,0,0,0,-1,36
0072.txt,17218970814949419331,88,88,88,88,0,0,0,-1,35
0072.txt,2221442445761710962,88,88,88,88,0,0,0,-1,36
0072.txt,5446647594774386179,88,88,88,88,0,0,0,-1,35
0072.txt,14414463554100313787,88,88,88,88,0,0,0,-1,35
0072.txt,13028796082585829666,88,88,88,88,0,0,0,-1,35
0072.txt,13391035105471147380,88,88,88,88,0,0,0,-1,35
0072.txt,5763420981749379759,89,89,88,88,0,0,0,-1,38
0072.txt,3994894424721413447,89,89,88,88,0,0,0,-1,38
0072.txt,7781564757811234961,88,88,88,88,0,0,0,-1,38
0072.txt,46890235616404247,88,88,88,88,0,0,0,-1,37
0072.txt,5586537402347820601,88,88,88,88,0,0,0,-1,38
0072.txt,16106228933576066971,88,88,88,88,0,0,0,-1,37
0072.txt,3663350495753961321,91,91,88,88,0,0,0,-1,42
0072.txt,15883293930046139795,88,88,88,88,0,0,0,-1,38
0072.txt,5607536552562156744,88,88,88,88,0,0,0,-1,37
0072.txt,17734164520933590247,88,88,88,88,0,0,0,-1,38
0072.txt,7529213954839497241,90,90,88,88,0,0,0,-1,38
0072.txt,6155078822458339096,88,88,88,88,0,0,0,-1,37
0072.txt,14561776949117888686,90,90,88,88,0,0,0,-1,38
0072.txt,9452663707580477150,89,89,88,88,0,0,0,-1,38
0072.txt,4125429727042338340,88,88,88,88,0,0,0,-1,38
0072.txt,8396436113676130856,88,88,88,88,0,0,0,-1,37
0072.txt,2047549314304723525,88,88,88,88,0,0,0,-1,38
0072.txt,2771136414799524265,88,88,88,88,0,0,0,-1,37
0072.txt,3363486557298348023,88,88,88,88,0,0,0,-1,42
0072.txt,6216641919050253528,88,88,88,88,0,0,0,-1,38
0072.txt,2345778616007629135,90,90,88,88,0,0,0,-1,38
0072.txt,1259840264741096226,88,88,88,88,0,0,0,-1,37
0072.txt,4182612224025264772,88,88,88,88,0,0,0,-1,38
0072.txt,8298880242011664521,88,88,88,88,0,0,0,-1,38
0072.txt,7151948867273097443,88,88,88,88,0,0,0,-1,38
0072.txt,8451197411621904636,89,89,88,88,0,0,0,-1,41
0072.txt,6577365714658040525,88,88,88,88,0,0,0,-1,43
0072.txt,464964134902366330,88,88,88,88,0,0,0,-1,38
0072.txt,10354883869936004921,88,88,88,88,0,0,0,-1,38
0072.txt,7027846489258619993,88,88,88,88,0,0,0,-1,38
0072.txt,7094150754304405424,88,88,88,88,0,0,0,-1,40
0072.txt,14383542941115700814,88,88,88,88,0,0,0,-1,37
0072.txt,8816064619333334974,88,88,88,88,0,0,0,-1,38
0072.txt,10270591811815339694,88,88,88,88,0,0,0,-1,38
0072.txt,13655332925873609482,88,88,88,88,0,0,0,-1,37
0072.txt,14054886068774525569,88,88,88,88,0,0,0,-1,40
0073.txt,14649998376399009566,238,238,236,236,0,0,0,2,2404
0073.txt,7419182597806167611,237,237,236,236,0,0,0,4,1351
0073.txt,17947712066627919646,236,236,236,236,0,0,0,5,1087
0073.txt,8920587359789470950,236,235,236,236,1,1,0,6,92533
0073.txt,7904537929967016729,236,236,236,236,0,0,0,-1,74
0073.txt,3004468292559515972,236,236,236,236,0,0,0,-1,73
0073.txt,3304041675970343785,237,237,236,236,0,0,0,-1,73
0073.txt,18174990022020968725,238,238,236,236,0,0,0,-1,73
0073.txt,4565901794852625596,238,238,236,236,0,0,0,-1,72
0073.txt,18427235664692363273,236,236,236,236,0,0,0,-1,72
0073.txt,3813926148806984634,236,236,236,236,0,0,0,-1,74
0073.txt,15132933167053341932,238,238,236,236,0,0,0,-1,72
0073.txt,15354189938615616982,236,236,236,236,0,0,0,-1,71
0073.txt,10850732993982155329,239,239,236,236,0,0,0,-1,72
0073.txt,16760396525287017788,236,236,236,236,0,0,0,-1,71
0073.txt,15214640968130183119,236,236,236,236,0,0,0,-1,71
0073.txt,2468717005993689683,236,236,236,236,0,0,0,-1,71
0073.txt,4307902480969341722,237,237,236,236,0,0,0,-1,72
0073.txt,3018910313926613914,236,236,236,236,0,0,0,-1,71
0073.txt,14813966159278980201,236,236,236,236,0,0,0,-1,72
0073.txt,18034573912255360450,236,236,236,236,0,0,0,-1,72
0073.txt,990943870864336970,238,238,236,236,0,0,0,-1,71
0073.txt,15380546974708034421,237,237,236,236,0,0,0,-1,71
0073.txt,6723813795971193949,236,236,236,236,0,0,0,-1,71
0073.txt,1191407728504666009,236,236,236,236,0,0,0,-1,71
0073.txt,2393262582407811611,236,236,236,236,0,0,0,-1,72
0073.txt,5678285233298927588,236,236,236,236,0,0,0,-1,71
0073.txt,12570660669043794424,238,238,236,236,0,0,0,-1,72
0073.txt,6606407603130491789,236,236,236,236,0,0,0,-1,71
0073.txt,3190387533600820308,236,236,236,236,0,0,0,-1,71
0073.txt,6353486545278425769,236,236,236,236,0,0,0,-1,71
0073.txt,17582324989141232112,236,236,236,236,0,0,0,-1,72
0073.txt,12810506879614003456,239,239,236,236,0,0,0,-1,72
0073.txt,13186609202686651410,239,239,236,236,0,0,0,-1,72
0073.txt,9680196167974233026,236,236,236,236,0,0,0,-1,71
0073.txt,7393145626815336531,236,236,236,236,0,0,0,-1,71
0073.txt,8752542748945219060,236,236,236,236,0,0,0,-1,72
0073.txt,5325510603037387672,238,238,236,236,0,0,0,-1,71
0073.txt,15032774809735576813,236,236,236,236,0,0,0,-1,71
0073.txt,1101453025465634025,236,236,236,236,0,0,0,-1,71
0073.txt,4170297246459391461,236,236,236,236,0,0,0,-1,71
0074.txt,6454310309015530975,97,97,96,96,0,0,0,2,1222
0074.txt,11628745725319314746,98,98,96,96,0,0,0,4,557
0074.txt,101128102416482132,98,98,96,96,0,0,0,5,695
0074.txt,12865706761282136277,98,98,96,96,0,0,0,6,101449
0074.txt,9782821757956492353,98,98,96,96,0,0,0,-1,41
0074.txt,5575400871686701405,96,96,96,96,0,0,0,-1,39
0074.txt,10274699583801890437,98,98,96,96,0,0,0,-1,38
0074.txt,6635282873215657273,96,96,96,96,0,0,0,-1,37
0074.txt,3326897574495402130,96,96,96,96,0,0,0,-1,38
0074.txt,5921711615078940522,96,96,96,96,0,0,0,-1,37
0074.txt,2225730455100239462,97,97,96,96,0,0,0,-1,37
0074.txt,11331729169176768515,97,97,96,96,0,0,0,-1,37
0074.txt,4458198043612855729,96,96,96,96,0,0,0,-1,38
0074.txt,13059362265391179482,97,97,96,96,0,0,0,-1,38
0074.txt,9930086436623546759,96,96,96,96,0,0,0,-1,37
0074.txt,4305251193190431312,96,96,96,96,0,0,0,-1,37
0074.txt,11001868759431340124,97,97,96,96,0,0,0,-1,37
0074.txt,12807615056887097650,96,96,96,96,0,0,0,-1,36
0074.txt,13292087600806652323,96,96,96,96,0,0,0,-1,37
0074.txt,71037981595429890,100,100,96,96,0,0,0,-1,39
0074.txt,14557022643675072592,96,96,96,96,0,0,0,-1,37
0074.txt,2142276344773130220,97,97,96,96,0,0,0,-1,37
0074.txt,4429992864883829045,97,97,96,96,0,0,0,-1,37
0074.txt,17433844004533203935,96,96,96,96,0,0,0,-1,37
0074.txt,9234540819937218210,96,96,96,96,0,0,0,-1,37
0074.txt,16842340690667951216,96,96,96,96,0,0,0,-1,37
0074.txt,8207097040529792930,96,96,96,96,0,0,0,-1,37
0074.txt,16615334126139682735,96,96,96,96,0,0,0,-1,37
0074.txt,14752465869461699005,98,98,96,96,0,0,0,-1,38
0074.txt,14862956813303442609,97,97,96,96,0,0,0,-1,38
0074.txt,7838039995388741845,96,96,96,96,0,0,0,-1,39
0074.txt,6091959058243798806,96,96,96,96,0,0,0,-1,39
0074.txt,1744048053879325016,96,96,96,96,0,0,0,-1,40
0074.txt,3861907131771795051,96,96,96,96,0,0,0,-1,40
0074.txt,13132891984025432499,97,97,96,96,0,0,0,-1,40
0074.txt,10810823571918662553,97,97,96,96,0,0,0,-1,39
0074.txt,539024236179924968,96,96,96,96,0,0,0,-1,39
0074.txt,17345790777835115924,96,96,96,96,0,0,0,-1,39
0074.txt,18346627392981504136,96,96,96,96,0,0,0,-1,40
0074.txt,9291249111180371474,96,96,96,96,0,0,0,-1,40
0074.txt,17246313758684952395,96,96,96,96,0,0,0,-1,39
0074.txt,9314639093338700879,96,96,96,96,0,0,0,-1,39
0074.txt,1856585812829088089,96,96,96,96,0,0,0,-1,39
0074.txt,17805219704729528701,96,96,96,96,0,0,0,-1,40
0074.txt,18036871570331561086,96,96,96,96,0,0,0,-1,40
0075.txt,8148287925393615338,370,367,370,368,3,1,0,2,6281
0075.txt,5733515928215038686,370,369,370,368,1,0,1,4,2476
0075.txt,11502412719963723030,370,368,370,368,2,0,0,5,1831
0075.txt,13422471193657540,370,367,370,368,3,1,0,6,144465
0075.txt,16195748559956804327,370,368,370,368,2,0,0,-1,434
0075.txt,13743806079366716000,370,368,370,368,2,0,0,-1,422
0075.txt,1503756277788744989,370,368,370,368,2,0,0,-1,413
0075.txt,4919768919352617433,370,368,370,368,2,0,0,-1,429
0075.txt,3662487712882597366,370,368,370,368,2,0,0,-1,413
0075.txt,7306549470960634505,370,368,370,368,2,0,0,-1,471
0075.txt,3283524903964240258,371,369,370,368,2,0,0,-1,426
0075.txt,16888906070541570955,372,370,370,368,2,0,0,-1,422
0075.txt,16704129803676545294,370,368,370,368,2,0,0,-1,417
0075.txt,4835883078790591321,371,369,370,368,2,0,0,-1,386
0075.txt,15346310406454430542,372,370,370,368,2,0,0,-1,386
0075.txt,9243556507373491657,370,368,370,368,2,0,0,-1,388
0075.txt,11982403278980597820,370,368,370,368,2,0,0,-1,413
0075.txt,7862897977334643019,370,368,370,368,2,0,0,-1,414
0075.txt,8228817268904991160,370,368,370,368,2,0,0,-1,416
0075.txt,9476688684471318103,370,368,370,368,2,0,0,-1,413
0075.txt,7830758864381078868,373,371,370,368,2,0,0,-1,425
0075.txt,11182772326941165554,369,367,370,368,2,0,0,-1,411
0075.txt,12350151498145119488,370,368,370,368,2,0,0,-1,410
0075.txt,12907092214223313046,371,369,370,368,2,0,0,-1,414
0075.txt,16224341450830775784,370,368,370,368,2,0,0,-1,421
0075.txt,16284900635694646730,371,369,370,368,2,0,0,-1,412
0075.txt,12219146831171005953,371,369,370,368,2,0,0,-1,420
0075.txt,6500050001020937829,372,370,370,368,2,0,0,-1,418
0075.txt,8898999801270604369,369,367,370,368,2,0,0,-1,412
0075.txt,8345365705377838071,370,368,370,368,2,0,0,-1,415
0076.txt,9693250355803373919,271,271,271,271,0,0,0,2,4274
0076.txt,5182915934101053469,271,271,271,271,0,0,0,4,1058
0076.txt,5833214144390829156,275,275,271,271,0,0,0,5,2083
0076.txt,11576503436943149814,272,269,271,271,3,1,1,6,206534
0076.txt,12111362180795349553,271,271,271,271,0,0,0,-1,86
0076.txt,16471670417353465704,273,273,271,271,0,0,0,-1,86
0076.txt,5370095465751897290,272,272,271,271,0,0,0,-1,84
0076.txt,11738298689942339197,274,274,271,271,0,0,0,-1,89
0076.txt,8492965384227361883,271,271,271,271,0,0,0,-1,84
0076.txt,18184776567519639278,272,272,271,271,0,0,0,-1,83
0076.txt,6603756315351581379,275,275,271,271,0,0,0,-1,84
0076.txt,9300314640428938980,273,273,271,271,0,0,0,-1,84
0076.txt,7475834650235029382,271,271,271,271,0,0,0,-1,87
0076.txt,5544237204997991497,271,271,271,271,0,0,0,-1,87
0076.txt,14493437143311071024,274,274,271,271,0,0,0,-1,83
0076.txt,3840582492589814245,275,275,271,271,0,0,0,-1,84
0076.txt,384113059229578789,273,273,271,271,0,0,0,-1,84
0076.txt,16933344290953441707,271,271,271,271,0,0,0,-1,83
0076.txt,13443132846585627187,271,271,271,271,0,0,0,-1,83
0076.txt,17703796988571683778,271,271,271,271,0,0,0,-1,83
0076.txt,2891392661089889201,272,272,271,271,0,0,0,-1,83
0076.txt,8065128745438389523,272,272,271,271,0,0,0,-1,101
0076.txt,13663430372497877431,273,273,271,271,0,0,0,-1,94
0076.txt,8872158659932150860,271,271,271,271,0,0,0,-1,86
0076.txt,9356277574148995759,271,271,271,271,0,0,0,-1,84
0076.txt,18154454578023618133,273,273,271,271,0,0,0,-1,85
0076.txt,9169696502054060814,273,273,271,271,0,0,0,-1,89
0076.txt,11148700890856912691,273,273,271,271,0,0,0,-1,84
0076.txt,16261780642255464838,274,274,271,271,0,0,0,-1,84
0076.txt,115979406835041228,272,272,271,271,0,0,0,-1,84
0076.txt,8963615821711992936,271,271,271,271,0,0,0,-1,86
0076.txt,12542435138843786861,272,272,271,271,0,0,0,-1,83
0076.txt,11110281412080784868,271,271,271,271,0,0,0,-1,91
0076.txt,14591102352924018793,271,271,271,271,0,0,0,-1,84
0076.txt,7541096166869300047,271,271,271,271,0,0,0,-1,83
0077.txt,5486064553131705078,84,84,84,84,0,0,0,2,1116
0077.txt,9118549145907355146,84,84,84,84,0,0,0,4,471
0077.txt,815161351276898527,84,84,84,84,0,0,0,5,573
0077.txt,4424601414404624334,84,84,84,84,0,0,0,-1,37
0077.txt,1099773751873469046,84,84,84,84,0,0,0,-1,40
0077.txt,13340262458808372244,88,87,84,84,1,0,0,6,95059
0077.txt,9480931305912422496,85,85,84,84,0,0,0,-1,39
0077.txt,17818326082168720883,84,84,84,84,0,0,0,-1,37
0077.txt,17067749667641096853,84,84,84,84,0,0,0,-1,37
0077.txt,3946050765518339033,84,84,84,84,0,0,0,-1,37
0077.txt,9108954952295030175,84,84,84,84,0,0,0,-1,36
0077.txt,1593326441891732018,86,86,84,84,0,0,0,-1,37
0077.txt,7774523653544349488,84,84,84,84,0,0,0,-1,36
0077.txt,12504731192637771924,84,84,84,84,0,0,0,-1,36
0077.txt,11931452774717285585,84,84,84,84,0,0,0,-1,43
0077.txt,6453860811932714106,84,84,84,84,0,0,0,-1,42
0077.txt,14888780300877975116,85,85,84,84,0,0,0,-1,37
0077.txt,11457061573442762606,84,84,84,84,0,0,0,-1,37
0077.txt,16262854511383044955,87,87,84,84,0,0,0,-1,37
0077.txt,9305387291340503722,84,84,84,84,0,0,0,-1,36
0077.txt,9607723653058104837,84,84,84,84,0,0,0,-1,36
0077.txt,16913855781218803548,84,84,84,84,0,0,0,-1,36
0077.txt,10893356439939716612,86,86,84,84,0,0,0,-1,37
0077.txt,471453084815077364,84,84,84,84,0,0,0,-1,36
0077.txt,6570158054043300081,84,84,84,84,0,0,0,-1,37
0077.txt,11292754166007788250,84,84,84,84,0,0,0,-1,45
0077.txt,15920044002762023857,84,84,84,84,0,0,0,-1,42
0077.txt,17066247208900286761,84,84,84,84,0,0,0,-1,36
0077.txt,8601410476558280473,84,84,84,84,0,0,0,-1,37
0077.txt,14376405978191589076,84,84,84,84,0,0,0,-1,36
0077.txt,2463325555514484972,84,84,84,84,0,0,0,-1,37
0077.txt,1040098641266372535,84,84,84,84,0,0,0,-1,36
0077.txt,17036321246171061062,84,84,84,84,0,0,0,-1,36
0077.txt,12444525637476610752,84,84,84,84,0,0,0,-1,36
0077.txt,1947689344906220391,84,84,84,84,0,0,0,-1,36
0077.txt,10415884624432556637,84,84,84,84,0,0,0,-1,36
0077.txt,8058234836218374720,84,84,84,84,0,0,0,-1,36
0077.txt,6937714971368233122,84,84,84,84,0,0,0,-1,36
0077.txt,2341853556084033306,85,85,84,84,0,0,0,-1,37
0078.txt,13076683966668803058,263,263,263,263,0,0,0,2,3876
0078.txt,9623056014738842287,265,265,263,263,0,0,0,4,1519
0078.txt,12711738458814796294,263,263,263,263,0,0,0,5,1695
0078.txt,18067513012314349692,265,264,263,263,1,0,1,6,219185
0078.txt,10120543240629690029,264,264,263,263,0,0,0,-1,85
0078.txt,8363216312167178582,266,266,263,263,0,0,0,-1,83
0078.txt,11481804798085436536,265,265,263,263,0,0,0,-1,81
0078.txt,1251171714033146411,264,264,263,263,0,0,0,-1,80
0078.txt,7964214326589593230,264,264,263,263,0,0,0,-1,91
0078.txt,14224920076101940715,263,263,263,263,0,0,0,-1,83
0078.txt,3169889259227115636,265,265,263,263,0,0,0,-1,82
0078.txt,13133972544278315042,263,263,263,263,0,0,0,-1,82
0078.txt,2287106333639626977,263,263,263,263,0,0,0,-1,81
0078.txt,5545298094106120819,263,263,263,263,0,0,0,-1,82
0078.txt,8756785370386323453,263,263,263,263,0,0,0,-1,81
0078.txt,2188902554805457447,266,266,263,263,0,0,0,-1,83
0078.txt,15950234720272575439,263,263,263,263,0,0,0,-1,81
0078.txt,2850307977798689546,264,264,263,263,0,0,0,-1,81
0078.txt,16355333146720852042,263,263,263,263,0,0,0,-1,80
0078.txt,7695763801291923479,263,263,263,263,0,0,0,-1,80
0078.txt,4122636215465685567,264,264,263,263,0,0,0,-1,80
0078.txt,5005127371247835250,265,265,263,263,0,0,0,-1,81
0078.txt,3522402161243981189,263,263,263,263,0,0,0,-1,81
0078.txt,10024902145587718793,263,263,263,263,0,0,0,-1,80
0078.txt,7628841151762102391,263,263,263,263,0,0,0,-1,86
0078.txt,708799492876774561,263,263,263,263,0,0,0,-1,81
0078.txt,18097938760106473402,264,262,263,263,2,1,1,-1,296
0078.txt,5694375273297329893,263,263,263,263,0,0,0,-1,80
0078.txt,9484820297650817115,263,263,263,263,0,0,0,-1,80
0078.txt,6399494140295928442,263,263,263,263,0,0,0,-1,80
0078.txt,1203497900200264959,264,264,263,263,0,0,0,-1,81
0078.txt,9292359842100794855,263,263,263,263,0,0,0,-1,80
0078.txt,14374903519450778984,263,263,263,263,0,0,0,-1,90
0078.txt,2583383036134097542,264,264,263,263,0,0,0,-1,80
0078.txt,9509089120128099325,263,263,263,263,0,0,0,-1,80
0078.txt,10692563172430008286,263,263,263,263,0,0,0,-1,80
0078.txt,12774775745109950127,263,263,263,263,0,0,0,-1,80
0078.txt,1434970111849604998,263,263,263,263,0,0,0,-1,89
0078.txt,3767327048545920915,264,264,263,263,0,0,0,-1,80
0078.txt,3069119841966789772,264,264,263,263,0,0,0,-1,80
0079.txt,7135452491276064331,69,69,67,67,0,0,0,2,885
0079.txt,8661432054220639629,68,68,67,67,0,0,0,4,396
0079.txt,14203044332913179153,69,69,67,67,0,0,0,5,453
0079.txt,13649962384589289397,67,67,67,67,0,0,0,6,72878
0079.txt,16980092622678265505,69,69,67,67,0,0,0,-1,40
0079.txt,15810946651789845807,68,68,67,67,0,0,0,-1,34
0079.txt,9883381797876073279,67,67,67,67,0,0,0,-1,37
0079.txt,8869902410612073022,68,68,67,67,0,0,0,-1,33
0079.txt,1254795015998802252,67,67,67,67,0,0,0,-1,32
0079.txt,14466537496081975947,67,67,67,67,0,0,0,-1,32
0079.txt,17051120703137119666,67,67,67,67,0,0,0,-1,32
0079.txt,957745106852774902,69,69,67,67,0,0,0,-1,36
0079.txt,5343985960585691135,69,69,67,67,0,0,0,-1,33
0079.txt,2249512320047416795,67,67,67,67,0,0,0,-1,32
0079.txt,11535520415025923800,68,67,67,67,1,0,1,-1,109
0079.txt,2042227994221178601,70,70,67,67,0,0,0,-1,33
0079.txt,3957398941165882921,67,67,67,67,0,0,0,-1,34
0079.txt,708150991041748045,67,67,67,67,0,0,0,-1,33
0079.txt,12871069321799770284,67,67,67,67,0,0,0,-1,34
0079.txt,9598071808980385878,67,67,67,67,0,0,0,-1,33
0079.txt,807769144786285649,67,67,67,67,0,0,0,-1,32
0079.txt,12840181584367172238,68,68,67,67,0,0,0,-1,31
0079.txt,15918541544021213765,68,68,67,67,0,0,0,-1,32
0079.txt,5877577476530607583,67,67,67,67,0,0,0,-1,35
0079.txt,15498958746336605427,67,67,67,67,0,0,0,-1,35
0079.txt,12815189779321107235,68,68,67,67,0,0,0,-1,33
0079.txt,7631934944165106466,67,67,67,67,0,0,0,-1,31
0079.txt,14952866128445050486,67,67,67,67,0,0,0,-1,31
0079.txt,6108953136054704223,68,68,67,67,0,0,0,-1,34
0079.txt,18155258496691489098,67,67,67,67,0,0,0,-1,32
0079.txt,17352948659402926461,68,68,67,67,0,0,0,-1,31
0079.txt,322405045327607525,67,67,67,67,0,0,0,-1,31
0079.txt,13356358962557563001,69,69,67,67,0,0,0,-1,32
0079.txt,2072017341907511306,68,68,67,67,0,0,0,-1,31
0079.txt,7062138539403946500,67,67,67,67,0,0,0,-1,31
0079.txt,11693017087070225424,67,67,67,67,0,0,0,-1,32
0079.txt,14499557251214205721,67,67,67,67,0,0,0,-1,31
0079.txt,18312392819700600527,67,67,67,67,0,0,0,-1,31
0079.txt,3526358130400912199,67,67,67,67,0,0,0,-1,31
0079.txt,12941876414379408725,67,67,67,67,0,0,0,-1,31
0079.txt,17520970604941970622,67,67,67,67,0,0,0,-1,32
0079.txt,16758276723686684892,67,67,67,67,0,0,0,-1,32
0079.txt,17522119433980070940,67,67,67,67,0,0,0,-1,32
0079.txt,14697913155606072587,68,68,67,67,0,0,0,-1,32
0079.txt,12450457006912109,67,67,67,67,0,0,0,-1,32
0080.txt,5808625628178871588,181,181,181,181,0,0,0,-1,64
0080.txt,8489942220621129349,183,183,181,181,0,0,0,2,2361
0080.txt,922958138198409153,181,181,181,181,0,0,0,4,757
0080.txt,10993071310103047010,181,181,181,181,0,0,0,5,1029
0080.txt,1097674214592708439,184,183,181,181,1,0,1,6,250500
0080.txt,4312013675456515335,182,182,181,181,0,0,0,-1,65
0080.txt,11351103632725429556,181,181,181,181,0,0,0,-1,62
0080.txt,2079357736682938255,181,181,181,181,0,0,0,-1,62
0080.txt,3060586839538035752,184,184,181,181,0,0,0,-1,62
0080.txt,14224920076101940715,181,181,181,181,0,0,0,-1,61
0080.txt,13481599000912976608,181,181,181,181,0,0,0,-1,61
0080.txt,10372002747744426866,181,181,181,181,0,0,0,-1,62
0080.txt,15331959274357464262,181,181,181,181,0,0,0,-1,61
0080.txt,1589372991490902547,181,181,181,181,0,0,0,-1,60
0080.txt,11534371585987823482,183,183,181,181,0,0,0,-1,62
0080.txt,17873319520458133770,184,184,181,181,0,0,0,-1,63
0080.txt,1381489870905247101,182,182,181,181,0,0,0,-1,62
0080.txt,15538784952998142711,184,184,181,181,0,0,0,-1,62
0080.txt,8302680358828675249,181,181,181,181,0,0,0,-1,61
0080.txt,13685810242351784468,183,183,181,181,0,0,0,-1,62
0080.txt,8228609794562469623,181,181,181,181,0,0,0,-1,61
0080.txt,12005275523382789108,181,181,181,181,0,0,0,-1,61
0080.txt,11996881185354439940,181,181,181,181,0,0,0,-1,61
0080.txt,16568588381694804967,181,181,181,181,0,0,0,-1,61
0080.txt,15360026141063442744,183,183,181,181,0,0,0,-1,61
0080.txt,12891652285278931948,181,181,181,181,0,0,0,-1,61
0080.txt,5736175435842092455,182,182,181,181,0,0,0,-1,61
0080.txt,5609572456723724970,181,181,181,181,0,0,0,-1,61
0080.txt,16672278626355751441,184,184,181,181,0,0,0,-1,62
0080.txt,3739483358175106036,182,182,181,181,0,0,0,-1,60
0080.txt,17086959467748992240,184,184,181,181,0,0,0,-1,65
0080.txt,15467176695163859862,181,181,181,181,0,0,0,-1,60
0080.txt,12715627450553190913,181,181,181,181,0,0,0,-1,60
0080.txt,11148162173138154692,181,181,181,181,0,0,0,-1,61
0080.txt,11810549068216406986,185,185,181,181,0,0,0,-1,63
0080.txt,13443906961969920175,181,181,181,181,0,0,0,-1,60
0080.txt,2025224270458763646,184,184,181,181,0,0,0,-1,61
0080.txt,8621012473564128208,183,182,181,181,1,0,1,-1,216
0080.txt,6853505348511115623,181,181,181,181,0,0,0,-1,60
0080.txt,10884962101911367444,181,181,181,181,0,0,0,-1,61
0080.txt,14486164720975177218,182,182,181,181,0,0,0,-1,62
0080.txt,7685226430137873802,181,181,181,181,0,0,0,-1,60
0080.txt,5579024173652357246,181,181,181,181,0,0,0,-1,60
0080.txt,17429159813459418772,181,181,181,181,0,0,0,-1,61
0080.txt,14531073612614212508,181,181,181,181,0,0,0,-1,61
0080.txt,404562093745097050,180,180,181,181,0,0,0,-1,66
0080.txt,8901907807810021672,181,181,181,181,0,0,0,-1,74
0080.txt,3769183875555235124,181,181,181,181,0,0,0,-1,68
0080.txt,13686605441687175012,181,181,181,181,0,0,0,-1,66
0080.txt,649135438433144106,184,184,181,181,0,0,0,-1,63
0081.txt,18349719208768582463,376,373,374,374,3,1,1,2,5557
0081.txt,10969760188327148293,374,374,374,374,0,0,0,4,1995
0081.txt,13574695285510131964,374,374,374,374,0,0,0,5,1961
0081.txt,17380449381188334047,374,373,374,374,1,1,0,6,121915
0081.txt,2851214241956318741,378,378,374,374,0,0,0,-1,114
0081.txt,16657953829292829279,374,374,374,374,0,0,0,-1,115
0081.txt,8997607591030968141,374,374,374,374,0,0,0,-1,109
0081.txt,2853777589805258155,374,374,374,374,0,0,0,-1,110
0081.txt,14277636071252884452,377,377,374,374,0,0,0,-1,108
0081.txt,17081958010277248582,372,372,374,374,0,0,0,-1,107
0081.txt,13761517469938041499,374,374,374,374,0,0,0,-1,108
0081.txt,11983007510233465044,376,376,374,374,0,0,0,-1,113
0081.txt,4307284096485306065,374,374,374,374,0,0,0,-1,108
0081.txt,12793526896508155064,378,378,374,374,0,0,0,-1,109
0081.txt,9508012605807478490,375,375,374,374,0,0,0,-1,111
0081.txt,8719788683585728064,374,374,374,374,0,0,0,-1,108
0081.txt,5819264905395379459,375,375,374,374,0,0,0,-1,108
0081.txt,8297200968419499542,374,374,374,374,0,0,0,-1,114
0081.txt,8419291352333986865,374,374,374,374,0,0,0,-1,109
0081.txt,18166522434224431356,374,374,374,374,0,0,0,-1,108
0081.txt,16376180982623133919,375,375,374,374,0,0,0,-1,108
0081.txt,18279912228454915835,376,376,374,374,0,0,0,-1,115
0081.txt,1765923850384636557,374,374,374,374,0,0,0,-1,110
0081.txt,6017288053764553527,374,374,374,374,0,0,0,-1,115
0081.txt,11204752699498353361,375,375,374,374,0,0,0,-1,109
0081.txt,9165394537163323561,377,377,374,374,0,0,0,-1,109
0081.txt,2930514671123459450,378,378,374,374,0,0,0,-1,109
0081.txt,15817521097862381899,374,374,374,374,0,0,0,-1,114
0081.txt,1460311061523598490,375,375,374,374,0,0,0,-1,108
0081.txt,7285812465780075231,376,376,374,374,0,0,0,-1,109
0081.txt,3404819153551924142,374,374,374,374,0,0,0,-1,109
0081.txt,13436856408527640768,373,373,374,374,0,0,0,-1,108
0081.txt,1022582784917332899,374,374,374,374,0,0,0,-1,108
0081.txt,11110635041783494642,374,374,374,374,0,0,0,-1,107
0082.txt,743002188006145478,322,318,320,318,4,0,1,2,5705
0082.txt,1761014517218521008,320,318,320,318,2,0,0,4,1639
0082.txt,2708987623147216553,321,319,320,318,2,0,0,5,2485
0082.txt,6559101625362959004,322,318,320,318,4,0,1,6,177527
0082.txt,13988869986461052186,320,318,320,318,2,0,0,-1,354
0082.txt,636958600480211702,321,319,320,318,2,0,0,-1,330
0082.txt,9758633016082158012,320,318,320,318,2,0,0,-1,338
0082.txt,5001592009212150405,321,319,320,318,2,0,0,-1,342
0082.txt,13679888347318515096,320,318,320,318,2,0,0,-1,342
0082.txt,11723030989729422119,320,318,320,318,2,0,0,-1,341
0082.txt,18312569634551955414,321,319,320,318,2,0,0,-1,343
0082.txt,8730550425607084329,321,319,320,318,2,0,0,-1,339
0082.txt,15587604064340578328,324,322,320,318,2,0,0,-1,355
0082.txt,12985491559670286865,320,318,320,318,2,0,0,-1,339
0082.txt,9250982805433379997,320,318,320,318,2,0,0,-1,357
0082.txt,3772143518539977284,320,318,320,318,2,0,0,-1,349
0082.txt,6818187935302685213,320,318,320,318,2,0,0,-1,338
0082.txt,12633361856069564276,320,318,320,318,2,0,0,-1,342
0082.txt,10508490615250499031,320,318,320,318,2,0,0,-1,338
0082.txt,8044366872850152894,320,318,320,318,2,0,0,-1,339
0082.txt,11112491130227014508,321,319,320,318,2,0,0,-1,346
0082.txt,6203852932170225601,320,318,320,318,2,0,0,-1,338
0082.txt,1420983538399534276,320,318,320,318,2,0,0,-1,342
0082.txt,6681730498867033667,322,320,320,318,2,0,0,-1,341
0082.txt,12716131459576542058,324,322,320,318,2,0,0,-1,343
0082.txt,9324849152678959968,322,320,320,318,2,0,0,-1,341
0082.txt,2360007451279452470,324,322,320,318,2,0,0,-1,344
0082.txt,3302560950117058088,321,319,320,318,2,0,0,-1,348
0082.txt,2087756070598977648,322,320,320,318,2,0,0,-1,340
0082.txt,7509586505586416954,320,318,320,318,2,0,0,-1,340
0082.txt,17240871650397124615,321,319,320,318,2,0,0,-1,348
0082.txt,14067076713497102542,320,318,320,318,2,0,0,-1,342
0082.txt,16571180066704428044,321,319,320,318,2,0,0,-1,341
0082.txt,14177861807651757461,320,318,320,318,2,0,0,-1,350
0082.txt,4437594033509263396,320,318,320,318,2,0,0,-1,350
0082.txt,9524327275822000706,321,319,320,318,2,0,0,-1,396
0082.txt,8659936758127276666,321,319,320,318,2,0,0,-1,378
0082.txt,13921656831868436063,320,318,320,318,2,0,0,-1,342
0082.txt,11165840927602387793,320,318,320,318,2,0,0,-1,339
0082.txt,5763088261241554611,320,318,320,318,2,0,0,-1,342
0082.txt,15273337719794829632,320,318,320,318,2,0,0,-1,340
0082.txt,16394564923904472112,321,319,320,318,2,0,0,-1,343
0082.txt,11725601276720534758,320,318,320,318,2,0,0,-1,353
0082.txt,5922299090329640998,321,319,320,318,2,0,0,-1,338
0082.txt,12080994648433443084,322,320,320,318,2,0,0,-1,346
0082.txt,2689365068382255499,320,318,320,318,2,0,0,-1,338
0083.txt,1526969691823253080,176,176,172,172,0,0,0,2,2666
0083.txt,1346455912473026049,172,172,172,172,0,0,0,4,980
0083.txt,5207224828297303406,176,176,172,172,0,0,0,5,1231
0083.txt,1522076299533189163,176,172,172,172,4,0,1,6,114560
0083.txt,15252576729951713031,172,172,172,172,0,0,0,-1,60
0083.txt,12894705172464469876,172,172,172,172,0,0,0,-1,58
0083.txt,7334026945613918620,172,172,172,172,0,0,0,-1,58
0083.txt,2672400066297828088,174,174,172,172,0,0,0,-1,58
0083.txt,8087031417548979418,172,172,172,172,0,0,0,-1,57
0083.txt,7240490778375047548,172,172,172,172,0,0,0,-1,57
0083.txt,6561568667901168823,172,172,172,172,0,0,0,-1,56
0083.txt,5612574373338651681,172,172,172,172,0,0,0,-1,57
0083.txt,8896672951514683365,173,173,172,172,0,0,0,-1,57
0083.txt,10336244806527828539,172,172,172,172,0,0,0,-1,57
0083.txt,15403082148264304071,172,172,172,172,0,0,0,-1,57
0083.txt,7385431951622270724,172,172,172,172,0,0,0,-1,57
0083.txt,14861939411219273071,172,172,172,172,0,0,0,-1,61
0083.txt,3582607716405142361,176,176,172,172,0,0,0,-1,58
0083.txt,925441080716276566,172,172,172,172,0,0,0,-1,57
0083.txt,10574706940366313466,172,172,172,172,0,0,0,-1,57
0083.txt,16141873780037950920,172,172,172,172,0,0,0,-1,56
0083.txt,14293939349023277065,173,173,172,172,0,0,0,-1,57
0083.txt,16977863722210908456,172,172,172,172,0,0,0,-1,57
0083.txt,15307625668489623068,172,172,172,172,0,0,0,-1,57
0083.txt,13586377622791082172,174,174,172,172,0,0,0,-1,66
0083.txt,11206688454707150885,172,172,172,172,0,0,0,-1,57
0083.txt,13954613462360751098,173,173,172,172,0,0,0,-1,57
0083.txt,3490266480368525850,172,172,172,172,0,0,0,-1,57
0083.txt,11929066241719701058,173,173,172,172,0,0,0,-1,57
0083.txt,16823842320609378532,172,172,172,172,0,0,0,-1,57
0083.txt,12019020944758733042,172,172,172,172,0,0,0,-1,57
0083.txt,18184026911050134058,172,172,172,172,0,0,0,-1,57
0083.txt,1511208033732095221,172,172,172,172,0,0,0,-1,57
0083.txt,1825167641139671384,172,172,172,172,0,0,0,-1,58
0083.txt,11657787613791766010,172,172,172,172,0,0,0,-1,60
0083.txt,15382436627752677702,172,172,172,172,0,0,0,-1,57
0083.txt,10021897228106098609,172,172,172,172,0,0,0,-1,65
0083.txt,14030409814610560551,172,172,172,172,0,0,0,-1,56
0083.txt,7856712608226017898,173,173,172,172,0,0,0,-1,57
0083.txt,6245351087014879644,172,172,172,172,0,0,0,-1,57
0083.txt,464964134902366330,172,172,172,172,0,0,0,-1,56
0084.txt,13595363402349247978,321,318,321,321,3,1,0,2,5100
0084.txt,11231134092035787982,324,324,321,321,0,0,0,4,1907
0084.txt,16072213247482479789,321,321,321,321,0,0,0,5,2212
0084.txt,13922634925191897425,321,318,321,321,3,1,0,6,281752
0084.txt,12609097746376361012,321,321,321,321,0,0,0,-1,97
0084.txt,5813113604640190901,322,322,321,321,0,0,0,-1,96
0084.txt,6658305289559067981,323,323,321,321,0,0,0,-1,95
0084.txt,15855595826159758292,321,321,321,321,0,0,0,-1,94
0084.txt,15224567143684538895,322,322,321,321,0,0,0,-1,93
0084.txt,5642595215140021601,322,322,321,321,0,0,0,-1,93
0084.txt,3616356379401719587,319,319,321,321,0,0,0,-1,93
0084.txt,14862827905862119192,321,321,321,321,0,0,0,-1,93
0084.txt,11221422829450464030,321,321,321,321,0,0,0,-1,93
0084.txt,6988791451940399209,321,321,321,321,0,0,0,-1,94
0084.txt,7088582488973845826,321,321,321,321,0,0,0,-1,93
0084.txt,7329051079915780740,321,321,321,321,0,0,0,-1,92
0084.txt,14439243638810533249,322,322,321,321,0,0,0,-1,93
0084.txt,13384667894659675544,321,321,321,321,0,0,0,-1,93
0084.txt,4467519996238489095,321,321,321,321,0,0,0,-1,100
0084.txt,533416536279074227,321,321,321,321,0,0,0,-1,93
0084.txt,15890829719824289392,321,321,321,321,0,0,0,-1,93
0084.txt,13741661372683808253,321,321,321,321,0,0,0,-1,97
0084.txt,9028063998314258501,321,321,321,321,0,0,0,-1,93
0084.txt,1949982752997605954,321,321,321,321,0,0,0,-1,93
0084.txt,16570741318886567323,320,320,321,321,0,0,0,-1,93
0084.txt,6694805956412179418,324,324,321,321,0,0,0,-1,98
0084.txt,13283729330963504365,321,321,321,321,0,0,0,-1,104
0084.txt,14478558100999869578,321,321,321,321,0,0,0,-1,97
0084.txt,12894371343997040572,324,324,321,321,0,0,0,-1,94
0084.txt,6707031570233043026,324,324,321,321,0,0,0,-1,94
0084.txt,5152149678459887100,321,321,321,321,0,0,0,-1,100
0084.txt,16189352977037841567,322,322,321,321,0,0,0,-1,94
0084.txt,14250938906396157239,322,322,321,321,0,0,0,-1,94
0084.txt,18088308987132573033,323,323,321,321,0,0,0,-1,94
0084.txt,17017892675345844818,322,322,321,321,0,0,0,-1,111
0084.txt,9843578220698815729,321,321,321,321,0,0,0,-1,97
0084.txt,14260865081950513015,322,322,321,321,0,0,0,-1,96
0085.txt,2648782067986055381,203,203,203,203,0,0,0,2,1732
0085.txt,5787445958640220712,203,203,203,203,0,0,0,4,809
0085.txt,2649598426258499082,203,203,203,203,0,0,0,5,784
0085.txt,14654755330190893814,207,205,203,203,2,0,1,6,90071
0085.txt,5575380950799779653,203,203,203,203,0,0,0,-1,70
0085.txt,18156664296169847773,203,203,203,203,0,0,0,-1,68
0085.txt,15196870081422670245,203,203,203,203,0,0,0,-1,67
0085.txt,1007198914721520508,203,203,203,203,0,0,0,-1,67
0085.txt,7623342418727371303,204,204,203,203,0,0,0,-1,68
0085.txt,12829597459376761184,203,203,203,203,0,0,0,-1,67
0085.txt,16191299505797691250,207,207,203,203,0,0,0,-1,69
0085.txt,12052131280016698302,203,203,203,203,0,0,0,-1,67
0085.txt,15697142255201100766,203,203,203,203,0,0,0,-1,67
0085.txt,16012622766166908413,203,203,203,203,0,0,0,-1,67
0085.txt,260872911285578253,203,203,203,203,0,0,0,-1,67
0085.txt,11265213801284734183,203,203,203,203,0,0,0,-1,70
0085.txt,1414942975822014286,203,203,203,203,0,0,0,-1,67
0085.txt,12944382535106093772,203,203,203,203,0,0,0,-1,66
0085.txt,16809366225387707226,203,203,203,203,0,0,0,-1,68
0085.txt,13157918885901986338,206,206,203,203,0,0,0,-1,68
0085.txt,2995784002269258810,203,203,203,203,0,0,0,-1,67
0085.txt,17353324368662271408,203,203,203,203,0,0,0,-1,67
0085.txt,14890804484840369448,204,204,203,203,0,0,0,-1,68
0085.txt,13527164741269382526,203,203,203,203,0,0,0,-1,67
0085.txt,11492190751828309646,207,206,203,203,1,0,0,-1,322
0085.txt,17789275649120002128,205,205,203,203,0,0,0,-1,84
0085.txt,8324179576377511811,204,204,203,203,0,0,0,-1,69
0085.txt,10958441880288426733,203,203,203,203,0,0,0,-1,67
0085.txt,17696232387615787699,203,203,203,203,0,0,0,-1,67
0085.txt,28978438147236016,203,203,203,203,0,0,0,-1,67
0085.txt,6945288912580609635,203,203,203,203,0,0,0,-1,67
0085.txt,6391180783843997411,203,203,203,203,0,0,0,-1,67
0085.txt,16199608422652170961,204,204,203,203,0,0,0,-1,68
0085.txt,15895134701872239938,203,203,203,203,0,0,0,-1,68
0085.txt,17646065906338078129,204,204,203,203,0,0,0,-1,67
0085.txt,10438425819297679745,204,204,203,203,0,0,0,-1,68
0085.txt,12087601166803490161,205,205,203,203,0,0,0,-1,64
0085.txt,862045323631828433,203,203,203,203,0,0,0,-1,62
0085.txt,1389143282457282720,203,203,203,203,0,0,0,-1,63
0085.txt,14059728581988912174,207,207,203,203,0,0,0,-1,64
0085.txt,13717061848970465372,203,203,203,203,0,0,0,-1,63
0085.txt,6361240066027594919,203,203,203,203,0,0,0,-1,63
0085.txt,707465629139175997,205,205,203,203,0,0,0,-1,64
0085.txt,11297526297011544409,203,203,203,203,0,0,0,-1,67
0085.txt,11222538676666914711,203,203,203,203,0,0,0,-1,67
0085.txt,448346801275005544,203,203,203,203,0,0,0,-1,67
0085.txt,11174112909403366371,204,204,203,203,0,0,0,-1,67
0086.txt,7814844602534052080,100,99,97,97,1,0,1,2,1483
0086.txt,15677158830862931356,101,101,97,97,0,0,0,4,602
0086.txt,7822871013862897071,100,100,97,97,0,0,0,5,741
0086.txt,8149338368295507022,97,97,97,97,0,0,0,6,86589
0086.txt,2617374805453072747,97,97,97,97,0,0,0,-1,43
0086.txt,10281904907585645246,99,99,97,97,0,0,0,-1,39
0086.txt,3891005259058537808,97,97,97,97,0,0,0,-1,39
0086.txt,6362644290948738218,97,97,97,97,0,0,0,-1,38
0086.txt,8418584092928567317,97,97,97,97,0,0,0,-1,38
0086.txt,15705789197662274910,99,97,97,97,2,0,1,-1,129
0086.txt,9486330976239770566,99,99,97,97,0,0,0,-1,38
0086.txt,3582077341242495499,99,99,97,97,0,0,0,-1,38
0086.txt,13561510140291067505,97,97,97,97,0,0,0,-1,37
0086.txt,15195367622681860153,97,97,97,97,0,0,0,-1,38
0086.txt,13123348567216814482,97,97,97,97,0,0,0,-1,37
0086.txt,918185072203240099,97,97,97,97,0,0,0,-1,38
0086.txt,11260441670280978024,97,97,97,97,0,0,0,-1,37
0086.txt,16079139293325249928,97,97,97,97,0,0,0,-1,38
0086.txt,12373779852085382073,99,99,97,97,0,0,0,-1,39
0086.txt,8176563743573704043,99,99,97,97,0,0,0,-1,38
0086.txt,11115200256659772875,101,101,97,97,0,0,0,-1,38
0086.txt,8356876079026596053,99,99,97,97,0,0,0,-1,38
0086.txt,13660399875693132404,99,99,97,97,0,0,0,-1,38
0086.txt,18409570592086858070,97,97,97,97,0,0,0,-1,38
0086.txt,707465629139175997,101,101,97,97,0,0,0,-1,39
0086.txt,4420458417149859980,100,99,97,97,1,0,1,-1,128
0086.txt,954032929965735170,97,97,97,97,0,0,0,-1,38
0086.txt,4305074378339076425,97,97,97,97,0,0,0,-1,37
0086.txt,12561578200614603138,97,97,97,97,0,0,0,-1,38
0086.txt,3871215714724459492,97,97,97,97,0,0,0,-1,38
0086.txt,6725493069563358928,97,97,97,97,0,0,0,-1,37
0086.txt,14927721451559137200,101,101,97,97,0,0,0,-1,39
0086.txt,8602382490745025904,97,97,97,97,0,0,0,-1,38
0086.txt,3035896714029551763,97,97,97,97,0,0,0,-1,37
0086.txt,9192134791702972085,97,97,97,97,0,0,0,-1,37
0086.txt,11019619449636333336,97,97,97,97,0,0,0,-1,37
0086.txt,11004370830953784967,98,98,97,97,0,0,0,-1,38
0086.txt,5834612613265063155,98,98,97,97,0,0,0,-1,38
0086.txt,7433647128207706643,98,98,97,97,0,0,0,-1,38
0086.txt,5149846879296705427,97,97,97,97,0,0,0,-1,37
0086.txt,6486173307659524332,97,97,97,97,0,0,0,-1,38
0086.txt,7541096166869300047,97,97,97,97,0,0,0,-1,37
0086.txt,8000062184352088301,97,97,97,97,0,0,0,-1,38
0086.txt,709675347285405637,97,97,97,97,0,0,0,-1,37
0086.txt,3098842431891007236,97,97,97,97,0,0,0,-1,44
0086.txt,12743520509987541859,98,98,97,97,0,0,0,-1,80
0086.txt,12380607905428409848,97,97,97,97,0,0,0,-1,41
0087.txt,9031245730647233572,114,114,114,114,0,0,0,2,1350
0087.txt,11755645785554348124,114,114,114,114,0,0,0,4,617
0087.txt,10986332275383826433,116,116,114,114,0,0,0,5,796
0087.txt,6455186455822169311,114,114,114,114,0,0,0,6,106224
0087.txt,6573299908068291019,117,117,114,114,0,0,0,-1,53
0087.txt,16441018118547516125,114,114,114,114,0,0,0,-1,49
0087.txt,5275349726879331214,114,114,114,114,0,0,0,-1,48
0087.txt,17897052643457096582,114,114,114,114,0,0,0,-1,47
0087.txt,15706493792728743212,116,115,114,114,1,0,1,-1,175
0087.txt,6186117546040463903,114,114,114,114,0,0,0,-1,47
0087.txt,11364866742508502863,114,114,114,114,0,0,0,-1,47
0087.txt,2703886703198081120,114,114,114,114,0,0,0,-1,47
0087.txt,6373540180813991226,114,114,114,114,0,0,0,-1,48
0087.txt,7164048814228144600,114,114,114,114,0,0,0,-1,47
0087.txt,17013907577145885823,114,114,114,114,0,0,0,-1,47
0087.txt,776576837878173568,114,114,114,114,0,0,0,-1,47
0087.txt,12694805115190209657,114,114,114,114,0,0,0,-1,47
0087.txt,15543000449582940083,114,114,114,114,0,0,0,-1,47
0087.txt,9026597607758649619,114,114,114,114,0,0,0,-1,50
0087.txt,12140738516649383182,114,114,114,114,0,0,0,-1,47
0087.txt,9475541088173839334,115,115,114,114,0,0,0,-1,47
0087.txt,6633859092932161965,114,114,114,114,0,0,0,-1,47
0087.txt,12067980392228836303,115,114,114,114,1,0,1,-1,159
0087.txt,1051411986778846618,114,114,114,114,0,0,0,-1,47
0087.txt,563789283339490797,114,114,114,114,0,0,0,-1,47
0087.txt,17701764085276809025,114,114,114,114,0,0,0,-1,47
0087.txt,5067896274257935836,114,114,114,114,0,0,0,-1,48
0087.txt,17197971664735083188,114,114,114,114,0,0,0,-1,47
0087.txt,17594670704982096295,114,114,114,114,0,0,0,-1,47
0087.txt,6353713814556893613,114,114,114,114,0,0,0,-1,47
0087.txt,555188209534414435,117,117,114,114,0,0,0,-1,48
0087.txt,106382091714309708,114,114,114,114,0,0,0,-1,48
0087.txt,9850207375137504649,115,115,114,114,0,0,0,-1,48
0087.txt,1008848267388313180,115,115,114,114,0,0,0,-1,46
0087.txt,10828407233083450552,117,117,114,114,0,0,0,-1,53
0087.txt,15776579679993437460,114,114,114,114,0,0,0,-1,47
0087.txt,12027308213852533784,114,114,114,114,0,0,0,-1,47
0087.txt,2019214685237691809,114,114,114,114,0,0,0,-1,47
0087.txt,10187550408450011781,114,114,114,114,0,0,0,-1,47
0087.txt,12442915121493289360,114,114,114,114,0,0,0,-1,48
0087.txt,4504760475308975762,114,114,114,114,0,0,0,-1,48
0087.txt,867650199287765032,114,114,114,114,0,0,0,-1,50
0087.txt,13896775257876047044,114,114,114,114,0,0,0,-1,48
0087.txt,14554114093057896565,114,114,114,114,0,0,0,-1,47
0087.txt,7067001075777225215,114,114,114,114,0,0,0,-1,48
0087.txt,1330591118506443174,116,116,114,114,0,0,0,-1,47
0087.txt,5097005140148923491,114,114,114,114,0,0,0,-1,47
0087.txt,10375301006910225127,114,114,114,114,0,0,0,-1,47
0087.txt,1251171714033146411,114,114,114,114,0,0,0,-1,47
0087.txt,2218614343131445665,114,114,114,114,0,0,0,-1,47
0087.txt,3797605902412062045,114,114,114,114,0,0,0,-1,47
0087.txt,14508484063729095277,114,114,114,114,0,0,0,-1,47
0087.txt,707465629139175997,114,114,114,114,0,0,0,-1,47
0087.txt,3494773856590956126,114,114,114,114,0,0,0,-1,47
0087.txt,15222111853078110781,114,114,114,114,0,0,0,-1,48
0087.txt,9696398606830362291,114,114,114,114,0,0,0,-1,48
0087.txt,2496874820209366512,114,114,114,114,0,0,0,-1,47
0087.txt,14699564580861179715,114,114,114,114,0,0,0,-1,47
0087.txt,18118901413125914380,117,117,114,114,0,0,0,-1,48
0087.txt,3306821712254777037,114,114,114,114,0,0,0,-1,62
0088.txt,7479034523264619009,155,155,155,155,0,0,0,2,2341
0088.txt,2438702168343080093,155,155,155,155,0,0,0,4,760
0088.txt,2339025453453768009,155,155,155,155,0,0,0,5,726
0088.txt,9899698786949099986,156,156,155,155,0,0,0,6,108054
0088.txt,9676217663386969536,159,159,155,155,0,0,0,-1,65
0088.txt,5267233704606465069,157,157,155,155,0,0,0,-1,60
0088.txt,7180638852916596150,155,155,155,155,0,0,0,-1,62
0088.txt,2868651240580518169,156,156,155,155,0,0,0,-1,57
0088.txt,3759689019852941032,155,155,155,155,0,0,0,-1,57
0088.txt,8870017699394764807,156,156,155,155,0,0,0,-1,57
0088.txt,12488803954769206180,157,157,155,155,0,0,0,-1,58
0088.txt,9743486612570467915,156,156,155,155,0,0,0,-1,58
0088.txt,17643768248261877493,155,155,155,155,0,0,0,-1,56
0088.txt,13502983858722071312,155,155,155,155,0,0,0,-1,56
0088.txt,6094218814627941057,155,155,155,155,0,0,0,-1,61
0088.txt,10540884198842503583,156,156,155,155,0,0,0,-1,57
0088.txt,1964899919450846276,157,157,155,155,0,0,0,-1,60
0088.txt,3461264220461890188,155,155,155,155,0,0,0,-1,57
0088.txt,11322149684182949288,155,155,155,155,0,0,0,-1,59
0088.txt,8308160684229263851,155,155,155,155,0,0,0,-1,56
0088.txt,16068524987370052034,155,155,155,155,0,0,0,-1,56
0088.txt,6491330045722438418,155,155,155,155,0,0,0,-1,56
0088.txt,15559689823337628704,159,159,155,155,0,0,0,-1,58
0088.txt,3065999491610132349,156,156,155,155,0,0,0,-1,57
0088.txt,10366174037239661370,156,156,155,155,0,0,0,-1,58
0088.txt,11875408394041643952,156,156,155,155,0,0,0,-1,58
0088.txt,14261625073106159643,155,155,155,155,0,0,0,-1,61
0088.txt,11791315840157525434,156,156,155,155,0,0,0,-1,59
0088.txt,13757895209596898511,155,155,155,155,0,0,0,-1,57
0088.txt,13098431785044681547,155,155,155,155,0,0,0,-1,57
0088.txt,3139555519539095491,155,155,155,155,0,0,0,-1,56
0088.txt,17364838771070481758,158,158,155,155,0,0,0,-1,58
0088.txt,15438133871699995703,155,155,155,155,0,0,0,-1,57
0088.txt,4462305360610639271,155,155,155,155,0,0,0,-1,57
0088.txt,10540803110977309257,155,155,155,155,0,0,0,-1,57
0088.txt,5342005645011900671,158,158,155,155,0,0,0,-1,57
0088.txt,8035025967857808937,155,155,155,155,0,0,0,-1,56
0088.txt,12851923491530683937,156,156,155,155,0,0,0,-1,57
0088.txt,5150973306501525002,157,157,155,155,0,0,0,-1,57
0088.txt,1232446002061680417,155,155,155,155,0,0,0,-1,56
0088.txt,739866064795957219,155,155,155,155,0,0,0,-1,59
0088.txt,15924020934430389472,155,155,155,155,0,0,0,-1,57
0088.txt,10799749848032176593,155,155,155,155,0,0,0,-1,56
0088.txt,3104057067518857060,155,155,155,155,0,0,0,-1,56
0088.txt,8799638720188061013,155,155,155,155,0,0,0,-1,58
0088.txt,9205940501097447716,156,156,155,155,0,0,0,-1,56
0088.txt,16973207682532899654,157,156,155,155,1,0,1,-1,204
0088.txt,2694997617619037019,155,155,155,155,0,0,0,-1,57
0088.txt,4446078898346798071,155,155,155,155,0,0,0,-1,56
0088.txt,16464463685160492258,155,155,155,155,0,0,0,-1,57
0088.txt,15117999591132200588,155,155,155,155,0,0,0,-1,57
0088.txt,3495188634317654891,155,155,155,155,0,0,0,-1,56
0088.txt,6548978820995001919,155,155,155,155,0,0,0,-1,56
0088.txt,13930021052545794372,155,155,155,155,0,0,0,-1,56
0089.txt,5684446903714996710,385,382,385,385,3,1,0,2,3554
0089.txt,2683377173577701360,385,385,385,385,0,0,0,4,1737
0089.txt,4737091437911956962,386,386,385,385,0,0,0,5,3058
0089.txt,2697298138903764889,385,378,385,385,7,1,0,6,278680
0089.txt,17018660971996301656,385,385,385,385,0,0,0,-1,114
0089.txt,7340769787912517553,385,385,385,385,0,0,0,-1,111
0089.txt,7499722440840331050,386,385,385,385,1,0,1,-1,413
0089.txt,18311331930592471205,387,387,385,385,0,0,0,-1,111
0089.txt,17810045502474924835,387,387,385,385,0,0,0,-1,111
0089.txt,7118508451703071525,385,385,385,385,0,0,0,-1,110
0089.txt,1221068936452565825,385,385,385,385,0,0,0,-1,109
0089.txt,12681635681234215708,385,385,385,385,0,0,0,-1,109
0089.txt,15414756355019668413,384,384,385,385,0,0,0,-1,109
0089.txt,10445192202677746679,384,384,385,385,0,0,0,-1,108
0089.txt,12330750913133157813,385,385,385,385,0,0,0,-1,109
0089.txt,3447927366067691904,389,389,385,385,0,0,0,-1,111
0089.txt,7359543369619365008,386,386,385,385,0,0,0,-1,110
0089.txt,9616795473645878504,387,387,385,385,0,0,0,-1,110
0089.txt,2044095452541173513,385,385,385,385,0,0,0,-1,116
0089.txt,14965031718796113921,385,385,385,385,0,0,0,-1,114
0089.txt,1606702699765311915,387,387,385,385,0,0,0,-1,125
0089.txt,12989153448577245455,385,385,385,385,0,0,0,-1,138
0089.txt,10782597467248362327,385,384,385,385,1,1,0,-1,428
0089.txt,240029658959137593,387,387,385,385,0,0,0,-1,111
0089.txt,7361186760791236079,385,385,385,385,0,0,0,-1,110
0089.txt,15135995853797392274,389,389,385,385,0,0,0,-1,104
0089.txt,17783507215973057079,385,385,385,385,0,0,0,-1,104
0089.txt,13442904830432183885,385,385,385,385,0,0,0,-1,103
0089.txt,3428776191942984764,389,389,385,385,0,0,0,-1,111
0089.txt,11815161604880572912,385,385,385,385,0,0,0,-1,110
0089.txt,6754223021655700522,386,386,385,385,0,0,0,-1,112
0089.txt,10537975008347043960,385,385,385,385,0,0,0,-1,113
0089.txt,5461794795663009973,385,385,385,385,0,0,0,-1,110
0089.txt,6183059964931729611,385,385,385,385,0,0,0,-1,109
0089.txt,11529342984028146028,385,385,385,385,0,0,0,-1,109
0089.txt,15313127445225272087,385,385,385,385,0,0,0,-1,110
0089.txt,12363868872476480317,385,385,385,385,0,0,0,-1,109
0089.txt,18096614843090775414,387,387,385,385,0,0,0,-1,110
0090.txt,9385231522691476027,153,153,153,153,0,0,0,2,1532
0090.txt,11942269303275501057,153,153,153,153,0,0,0,4,832
0090.txt,3407736131103573330,153,153,153,153,0,0,0,5,749
0090.txt,8138940575148897416,154,154,153,153,0,0,0,6,99735
0090.txt,13055162591748545613,154,154,153,153,0,0,0,-1,57
0090.txt,14866036862308489197,153,153,153,153,0,0,0,-1,54
0090.txt,7044055421089135400,157,157,153,153,0,0,0,-1,54
0090.txt,5255583663812789042,153,153,153,153,0,0,0,-1,52
0090.txt,830174397537698977,153,153,153,153,0,0,0,-1,52
0090.txt,10304397627518271578,155,155,153,153,0,0,0,-1,52
0090.txt,12450457006912109,153,153,153,153,0,0,0,-1,52
0090.txt,9323117322092780839,153,153,153,153,0,0,0,-1,52
0090.txt,8108316741521109134,153,153,153,153,0,0,0,-1,52
0090.txt,1821774677657941832,153,153,153,153,0,0,0,-1,52
0090.txt,12747674256507262361,153,153,153,153,0,0,0,-1,52
0090.txt,12472683451692287581,153,153,153,153,0,0,0,-1,52
0090.txt,959072152887863192,153,153,153,153,0,0,0,-1,52
0090.txt,17690635046558750095,154,154,153,153,0,0,0,-1,52
0090.txt,13194178099439476214,153,153,153,153,0,0,0,-1,52
0090.txt,17459262591039999358,153,153,153,153,0,0,0,-1,53
0090.txt,17984982663049397172,154,154,153,153,0,0,0,-1,52
0090.txt,9870234511165095361,153,153,153,153,0,0,0,-1,52
0090.txt,17338497851014967240,153,153,153,153,0,0,0,-1,52
0090.txt,2605837125607432705,153,153,153,153,0,0,0,-1,52
0090.txt,14534785789501252240,153,153,153,153,0,0,0,-1,52
0090.txt,15395077072616790054,153,153,153,153,0,0,0,-1,52
0090.txt,13842548628444791059,153,153,153,153,0,0,0,-1,52
0090.txt,15658198704467719799,153,153,153,153,0,0,0,-1,52
0090.txt,395814614837663920,153,153,153,153,0,0,0,-1,51
0090.txt,6933472349927128729,153,153,153,153,0,0,0,-1,52
0090.txt,17791541973464486122,153,153,153,153,0,0,0,-1,52
0090.txt,8180889756256202166,154,154,153,153,0,0,0,-1,52
0090.txt,14381002229335403243,153,153,153,153,0,0,0,-1,52
0090.txt,1284633038798056955,153,153,153,153,0,0,0,-1,52
0090.txt,8511551933297362844,153,153,153,153,0,0,0,-1,52
0090.txt,1219424004171844839,155,155,153,153,0,0,0,-1,53
0090.txt,474067762268610773,154,154,153,153,0,0,0,-1,52
0090.txt,1310846824640242922,153,153,153,153,0,0,0,-1,52
0090.txt,15776195219228098884,154,154,153,153,0,0,0,-1,52
0090.txt,6945316139993667473,153,153,153,153,0,0,0,-1,52
0090.txt,14622274239460872060,153,153,153,153,0,0,0,-1,52
0090.txt,13166285040005125268,153,153,153,153,0,0,0,-1,53
0090.txt,6519849295651298169,153,153,153,153,0,0,0,-1,57
0090.txt,10454419099593368985,153,153,153,153,0,0,0,-1,80
0090.txt,15256167538919345047,153,153,153,153,0,0,0,-1,106
0090.txt,4531974612498590823,153,153,153,153,0,0,0,-1,65
0091.txt,17446907416530116218,99,99,98,98,0,0,0,2,1449
0091.txt,873744610225980556,98,98,98,98,0,0,0,4,558
0091.txt,17501138092094569699,99,99,98,98,0,0,0,5,622
0091.txt,16520159026479847019,98,98,98,98,0,0,0,6,49318
0091.txt,5096938162730387100,98,98,98,98,0,0,0,-1,45
0091.txt,18085923442442951380,99,99,98,98,0,0,0,-1,42
0091.txt,14729667358441760301,98,98,98,98,0,0,0,-1,41
0091.txt,2315442784761402169,100,100,98,98,0,0,0,-1,42
0091.txt,11937968083243344884,99,99,98,98,0,0,0,-1,42
0091.txt,14314874779140972699,98,98,98,98,0,0,0,-1,41
0091.txt,4369441357727925667,100,100,98,98,0,0,0,-1,42
0091.txt,401642597437346323,98,98,98,98,0,0,0,-1,41
0091.txt,12711807466165808412,98,98,98,98,0,0,0,-1,41
0091.txt,6663785055661387664,100,100,98,98,0,0,0,-1,42
0091.txt,10232425074637691926,100,100,98,98,0,0,0,-1,41
0091.txt,10264752352045618050,98,98,98,98,0,0,0,-1,41
0091.txt,3843881490321406849,98,98,98,98,0,0,0,-1,41
0091.txt,17646065906338078129,98,98,98,98,0,0,0,-1,44
0091.txt,15433184925844884657,98,98,98,98,0,0,0,-1,41
0091.txt,3821750663457622070,98,98,98,98,0,0,0,-1,41
0091.txt,16001669076177310056,99,99,98,98,0,0,0,-1,41
0091.txt,3039783623502197557,99,99,98,98,0,0,0,-1,42
0091.txt,17246488793346000086,98,98,98,98,0,0,0,-1,41
0091.txt,13256897702777458532,98,98,98,98,0,0,0,-1,41
0091.txt,7048298042530239793,98,98,98,98,0,0,0,-1,41
0091.txt,4320073454547165474,98,98,98,98,0,0,0,-1,41
0091.txt,11386774675636569740,98,98,98,98,0,0,0,-1,41
0091.txt,16043636845417321272,98,98,98,98,0,0,0,-1,41
0091.txt,1553171504025697702,100,100,98,98,0,0,0,-1,42
0091.txt,15615127235217823378,98,98,98,98,0,0,0,-1,41
0091.txt,2430286129237501977,98,98,98,98,0,0,0,-1,45
0091.txt,14284595186709037226,98,98,98,98,0,0,0,-1,41
0091.txt,6246058346420299192,98,98,98,98,0,0,0,-1,41
0091.txt,14319382155363402975,98,98,98,98,0,0,0,-1,41
0091.txt,13318124571797483403,98,98,98,98,0,0,0,-1,41
0091.txt,1374764556688443826,98,98,98,98,0,0,0,-1,40
0091.txt,10962319160690796957,98,98,98,98,0,0,0,-1,41
0091.txt,7274767419787888940,98,98,98,98,0,0,0,-1,41
0091.txt,9208503848946387130,98,98,98,98,0,0,0,-1,42
0091.txt,3309649814885042334,98,98,98,98,0,0,0,-1,41
0091.txt,4911460491321763534,98,98,98,98,0,0,0,-1,41
0091.txt,3399162948291393548,99,98,98,98,1,0,1,-1,138
0091.txt,561194362677377460,98,98,98,98,0,0,0,-1,41
0091.txt,7485133233149243268,98,98,98,98,0,0,0,-1,41
0091.txt,17621706126673663203,98,98,98,98,0,0,0,-1,41
0091.txt,6633505463229452191,98,98,98,98,0,0,0,-1,41
0091.txt,11418063880888590519,100,100,98,98,0,0,0,-1,41
0091.txt,3070191825071155600,98,98,98,98,0,0,0,-1,41
0091.txt,1777772602977422778,98,98,98,98,0,0,0,-1,41
0091.txt,17922890110211380953,98,98,98,98,0,0,0,-1,41
0092.txt,10020571584216643404,565,556,563,559,9,1,1,2,5764
0092.txt,16853318047689993019,564,560,563,559,4,0,0,4,3758
0092.txt,17332772191878592967,565,561,563,559,4,0,0,5,3489
0092.txt,2341323111529968645,563,558,563,559,5,1,0,6,148046
0092.txt,9632609827130758877,562,558,563,559,4,0,0,-1,633
0092.txt,2820445560409891426,565,561,563,559,4,0,0,-1,620
0092.txt,10463652705775416239,564,560,563,559,4,0,0,-1,622
0092.txt,8955796654864406178,563,559,563,559,4,0,0,-1,619
0092.txt,4963746827516355979,564,560,563,559,4,0,0,-1,612
0092.txt,1557502065396773091,563,559,563,559,4,0,0,-1,613
0092.txt,13181858815287538646,566,562,563,559,4,0,0,-1,624
0092.txt,16336669788927978782,566,562,563,559,4,0,0,-1,615
0092.txt,6151153762534743267,563,559,563,559,4,0,0,-1,626
0092.txt,13456114010595787766,563,559,563,559,4,0,0,-1,621
0092.txt,17815881779908706198,563,559,563,559,4,0,0,-1,628
0092.txt,9881105352053475779,564,559,563,559,5,0,1,-1,716
0092.txt,2487124842380234231,563,559,563,559,4,0,0,-1,636
0092.txt,9089273836385294641,565,561,563,559,4,0,0,-1,626
0092.txt,17374875218340114077,561,557,563,559,4,0,0,-1,613
0092.txt,12415482814012746593,561,557,563,559,4,0,0,-1,617
0092.txt,6245351087014879644,563,559,563,559,4,0,0,-1,625
0092.txt,7370518935790388365,563,559,563,559,4,0,0,-1,618
0092.txt,2088075783488624890,561,557,563,559,4,0,0,-1,615
0092.txt,13221228440056625544,563,559,563,559,4,0,0,-1,611
0092.txt,9043583194309837524,563,559,563,559,4,0,0,-1,612
0092.txt,10008350799688440784,563,559,563,559,4,0,0,-1,611
0092.txt,6926557000032764759,564,559,563,559,5,0,1,-1,630
0092.txt,529476531085609466,564,560,563,559,4,0,0,-1,615
0092.txt,15035112843666268224,561,558,563,559,3,0,0,-1,612
0092.txt,16249821790693768052,565,561,563,559,4,0,0,-1,612
0092.txt,5677311407639712629,565,561,563,559,4,0,0,-1,623
0092.txt,6823402570930535037,563,559,563,559,4,0,0,-1,731
0092.txt,17202216230461996457,563,559,563,559,4,0,0,-1,636
0092.txt,2579819708119560516,564,559,563,559,5,0,1,-1,632
0092.txt,16040086893281312190,566,562,563,559,4,0,0,-1,638
0092.txt,1980620225117066274,563,559,563,559,4,0,0,-1,614
0092.txt,9949520853543048644,562,558,563,559,4,0,0,-1,614
0092.txt,10652113606386664742,563,559,563,559,4,0,0,-1,616
0092.txt,14320089414768822523,564,560,563,559,4,0,0,-1,616
0092.txt,4972088433794478067,563,559,563,559,4,0,0,-1,610
0092.txt,6213038591288069418,561,557,563,559,4,0,0,-1,608
0092.txt,15078226184622483876,563,559,563,559,4,0,0,-1,613
0092.txt,8097352366243815858,564,560,563,559,4,0,0,-1,613
0092.txt,2045125304113462074,563,559,563,559,4,0,0,-1,611
0092.txt,2653097581145765887,563,559,563,559,4,0,0,-1,615
0092.txt,14163839904582279872,563,559,563,559,4,0,0,-1,617
0092.txt,55192223989421983,563,559,563,559,4,0,0,-1,615
0092.txt,6306917822771232690,563,559,563,559,4,0,0,-1,615
0092.txt,4166456013284265195,563,559,563,559,4,0,0,-1,673
0092.txt,17949025281921496487,563,559,563,559,4,0,0,-1,622
0093.txt,11204478736560921245,86,84,84,84,2,0,1,2,1062
0093.txt,3822878550278892725,84,84,84,84,0,0,0,4,457
0093.txt,6146731422086880761,84,84,84,84,0,0,0,5,582
0093.txt,11567989554974998630,85,85,84,84,0,0,0,6,60510
0093.txt,15163681438889221683,84,84,84,84,0,0,0,-1,39
0093.txt,6185189258000827075,85,85,84,84,0,0,0,-1,36
0093.txt,8694803200048956248,88,87,84,84,1,0,0,-1,122
0093.txt,5078125791534920244,87,87,84,84,0,0,0,-1,37
0093.txt,9387087611134995893,86,86,84,84,0,0,0,-1,36
0093.txt,12851186061457723551,86,86,84,84,0,0,0,-1,36
0093.txt,7416483051979651786,84,84,84,84,0,0,0,-1,35
0093.txt,4696754714935263759,84,84,84,84,0,0,0,-1,36
0093.txt,9327500440457870378,84,84,84,84,0,0,0,-1,35
0093.txt,10927985473005136373,84,84,84,84,0,0,0,-1,35
0093.txt,1673759429199374933,84,84,84,84,0,0,0,-1,35
0093.txt,3403826968736088428,87,87,84,84,0,0,0,-1,36
0093.txt,15405115051559178824,87,87,84,84,0,0,0,-1,36
0093.txt,7119657280741171843,85,85,84,84,0,0,0,-1,35
0093.txt,7300981205630074907,84,84,84,84,0,0,0,-1,35
0093.txt,1134472780597863799,84,84,84,84,0,0,0,-1,35
0093.txt,15378674162885556828,84,84,84,84,0,0,0,-1,35
0093.txt,1918293826731059353,84,84,84,84,0,0,0,-1,35
0093.txt,13709814310047740795,85,85,84,84,0,0,0,-1,40
0093.txt,14332197731158947868,87,87,84,84,0,0,0,-1,43
0093.txt,17547606289272084138,84,84,84,84,0,0,0,-1,38
0093.txt,5699945557899653968,84,84,84,84,0,0,0,-1,41
0093.txt,7941100826124797480,84,84,84,84,0,0,0,-1,41
0093.txt,1250464454627726863,84,84,84,84,0,0,0,-1,37
0093.txt,585728874927398448,86,86,84,84,0,0,0,-1,40
0093.txt,5118889655986715453,84,84,84,84,0,0,0,-1,37
0093.txt,15827879581576762233,84,84,84,84,0,0,0,-1,35
0093.txt,10383130559073065641,84,84,84,84,0,0,0,-1,35
0093.txt,77143217761413274,85,85,84,84,0,0,0,-1,36
0093.txt,8692337193784057888,88,88,84,84,0,0,0,-1,36
0093.txt,14169201726534119536,85,85,84,84,0,0,0,-1,35
0093.txt,15887377877332503857,84,84,84,84,0,0,0,-1,37
0093.txt,2162474594560033999,84,84,84,84,0,0,0,-1,35
0093.txt,798725805438572903,84,84,84,84,0,0,0,-1,35
0093.txt,2729279221558125888,87,87,84,84,0,0,0,-1,36
0093.txt,8782822341377154533,86,86,84,84,0,0,0,-1,35
0093.txt,8056025118072145080,84,84,84,84,0,0,0,-1,35
0093.txt,10839002784152849820,84,84,84,84,0,0,0,-1,35
0093.txt,1735821072804055971,84,84,84,84,0,0,0,-1,35
0093.txt,1891372781483453838,84,84,84,84,0,0,0,-1,35
0093.txt,3948083668813213786,84,84,84,84,0,0,0,-1,35
0093.txt,4048591401480949093,86,86,84,84,0,0,0,-1,35
0093.txt,13476334996221590717,84,84,84,84,0,0,0,-1,35
0093.txt,17162300621823943004,84,84,84,84,0,0,0,-1,35
0094.txt,9135169639758453391,124,123,122,122,1,0,1,2,1811
0094.txt,1991520263171587649,122,122,122,122,0,0,0,4,645
0094.txt,10461034563878386378,122,122,122,122,0,0,0,5,720
0094.txt,10179129123699668728,123,123,122,122,0,0,0,6,122690
0094.txt,8720966506744717910,122,122,122,122,0,0,0,-1,53
0094.txt,7984135435307148369,122,122,122,122,0,0,0,-1,51
0094.txt,9702610464786250907,122,122,122,122,0,0,0,-1,51
0094.txt,12630533753439298979,122,122,122,122,0,0,0,-1,47
0094.txt,4530749554587689241,123,123,122,122,0,0,0,-1,48
0094.txt,16508670535248893024,122,122,122,122,0,0,0,-1,47
0094.txt,2406595510860829662,124,124,122,122,0,0,0,-1,48
0094.txt,14241448057242264622,122,122,122,122,0,0,0,-1,47
0094.txt,1643479836767439460,122,122,122,122,0,0,0,-1,47
0094.txt,9787438472127404063,123,123,122,122,0,0,0,-1,48
0094.txt,11145282794219845379,123,123,122,122,0,0,0,-1,49
0094.txt,9925114126794710777,122,122,122,122,0,0,0,-1,47
0094.txt,196336794753341692,124,124,122,122,0,0,0,-1,48
0094.txt,10715942590740305723,122,122,122,122,0,0,0,-1,47
0094.txt,7594619664883200910,123,123,122,122,0,0,0,-1,47
0094.txt,319929637408639107,122,122,122,122,0,0,0,-1,47
0094.txt,7147321664240109366,122,122,122,122,0,0,0,-1,47
0094.txt,17151053764906379500,122,122,122,122,0,0,0,-1,47
0094.txt,15321434938264713091,122,122,122,122,0,0,0,-1,47
0094.txt,13044194656090637945,122,122,122,122,0,0,0,-1,48
0094.txt,14522478000819720685,122,122,122,122,0,0,0,-1,47
0094.txt,18237202522069146922,122,122,122,122,0,0,0,-1,47
0094.txt,5943090962627074156,124,124,122,122,0,0,0,-1,47
0094.txt,14710364634208240819,122,122,122,122,0,0,0,-1,47
0094.txt,8012141970311938867,123,123,122,122,0,0,0,-1,47
0094.txt,7582538317020836901,122,122,122,122,0,0,0,-1,47
0094.txt,4540134366413154946,122,122,122,122,0,0,0,-1,47
0094.txt,17408077446759901829,122,122,122,122,0,0,0,-1,52
0094.txt,11086277344384828541,124,124,122,122,0,0,0,-1,54
0094.txt,3632979955812327501,122,122,122,122,0,0,0,-1,49
0094.txt,12884412465679954894,122,122,122,122,0,0,0,-1,51
0094.txt,5394784206203217889,122,122,122,122,0,0,0,-1,51
0094.txt,1964572411211437136,123,123,122,122,0,0,0,-1,48
0094.txt,4705137795164966890,123,123,122,122,0,0,0,-1,48
0094.txt,3824137196455206597,122,122,122,122,0,0,0,-1,48
0094.txt,9477660698658063534,122,122,122,122,0,0,0,-1,47
0094.txt,12709741883081184974,123,123,122,122,0,0,0,-1,47
0094.txt,2250042764601481456,122,122,122,122,0,0,0,-1,47
0094.txt,11593251497259529449,123,123,122,122,0,0,0,-1,47
0094.txt,2406832177240363532,122,122,122,122,0,0,0,-1,47
0094.txt,14327690583394256874,122,122,122,122,0,0,0,-1,47
0094.txt,10811728109202534531,122,122,122,122,0,0,0,-1,47
0094.txt,4636626580471221889,122,122,122,122,0,0,0,-1,47
0094.txt,16079131073477106569,122,122,122,122,0,0,0,-1,47
0094.txt,14695408565327526205,122,122,122,122,0,0,0,-1,47
0094.txt,8601940921112345134,122,122,122,122,0,0,0,-1,47
0094.txt,2291159664282537550,123,123,122,122,0,0,0,-1,48
0094.txt,7485044358227859377,122,122,122,122,0,0,0,-1,47
0094.txt,15654687269867358181,122,122,122,122,0,0,0,-1,54
0094.txt,16687726904606023318,122,122,122,122,0,0,0,-1,47
0095.txt,1718470400379520354,256,256,255,255,0,0,0,2,3822
0095.txt,13080990807690885022,258,258,255,255,0,0,0,4,1457
0095.txt,8915077241766015621,255,255,255,255,0,0,0,5,1092
0095.txt,707474348471656418,255,254,255,255,1,1,0,6,132769
0095.txt,18355935975934168577,255,255,255,255,0,0,0,-1,83
0095.txt,18099551598420277781,255,255,255,255,0,0,0,-1,80
0095.txt,16312742865008740743,255,255,255,255,0,0,0,-1,80
0095.txt,5354140442681650521,255,255,255,255,0,0,0,-1,79
0095.txt,12501647596698836956,257,257,255,255,0,0,0,-1,81
0095.txt,3107769244405896792,255,255,255,255,0,0,0,-1,80
0095.txt,6233280098144516163,254,254,255,255,0,0,0,-1,79
0095.txt,15399463320001269895,256,256,255,255,0,0,0,-1,81
0095.txt,15342658296233883536,256,256,255,255,0,0,0,-1,80
0095.txt,7033945199143244252,255,255,255,255,0,0,0,-1,80
0095.txt,14018392966498899864,256,256,255,255,0,0,0,-1,81
0095.txt,7888523049875997105,258,256,255,255,2,0,1,-1,301
0095.txt,3379130463098672187,257,257,255,255,0,0,0,-1,81
0095.txt,11050168955801460721,256,256,255,255,0,0,0,-1,81
0095.txt,11897735956643705370,256,256,255,255,0,0,0,-1,79
0095.txt,315422261186208831,255,255,255,255,0,0,0,-1,79
0095.txt,2434459546901975700,255,255,255,255,0,0,0,-1,86
0095.txt,3025151369048643487,254,254,255,255,0,0,0,-1,80
0095.txt,15861782475974353547,255,255,255,255,0,0,0,-1,84
0095.txt,12497492872531864830,257,257,255,255,0,0,0,-1,82
0095.txt,3611384850096267742,255,255,255,255,0,0,0,-1,80
0095.txt,2462264666406355650,256,254,255,255,2,1,1,-1,289
0095.txt,1224692238418221666,254,254,255,255,0,0,0,-1,79
0095.txt,3194011770557889044,255,255,255,255,0,0,0,-1,80
0095.txt,7474197536107206631,257,257,255,255,0,0,0,-1,80
0095.txt,9679851578234267539,256,256,255,255,0,0,0,-1,80
0095.txt,4671312474414566214,257,257,255,255,0,0,0,-1,88
0095.txt,6878811828571159542,256,256,255,255,0,0,0,-1,94
0095.txt,15810686445697097190,257,257,255,255,0,0,0,-1,84
0095.txt,12578345478652791036,255,255,255,255,0,0,0,-1,89
0095.txt,4671963914566574051,255,255,255,255,0,0,0,-1,80
0095.txt,8210579062283328364,255,255,255,255,0,0,0,-1,80
0095.txt,14695301636339224003,254,254,255,255,0,0,0,-1,80
0095.txt,15948113877047729690,255,255,255,255,0,0,0,-1,79
0095.txt,11416884775469923623,256,256,255,255,0,0,0,-1,81
0095.txt,12337612924811874561,255,255,255,255,0,0,0,-1,80
0095.txt,1410028424594897212,256,256,255,255,0,0,0,-1,80
0095.txt,7365818883694632904,256,256,255,255,0,0,0,-1,80
0095.txt,6002231208294034320,255,255,255,255,0,0,0,-1,79
0095.txt,1844961234677989904,255,255,255,255,0,0,0,-1,79
0095.txt,4305074378339076425,255,255,255,255,0,0,0,-1,83
0095.txt,1793677454519515210,255,255,255,255,0,0,0,-1,80
0095.txt,9533721726116321687,255,255,255,255,0,0,0,-1,80
0095.txt,17143140920994026648,255,255,255,255,0,0,0,-1,79
0095.txt,5623829571544021495,256,256,255,255,0,0,0,-1,80
0095.txt,4325934269679558827,258,258,255,255,0,0,0,-1,84
0095.txt,873489402111144403,254,254,255,255,0,0,0,-1,80
0096.txt,5778891835938761195,86,86,85,85,0,0,0,2,917
0096.txt,16465163671475420472,87,86,85,85,1,0,1,4,534
0096.txt,8350902997491253833,87,87,85,85,0,0,0,5,567
0096.txt,7574380677637460816,86,86,85,85,0,0,0,6,171713
0096.txt,11037028481483483221,85,85,85,85,0,0,0,-1,42
0096.txt,5474262368246907684,85,85,85,85,0,0,0,-1,39
0096.txt,434861357321785744,85,85,85,85,0,0,0,-1,38
0096.txt,2303102080778391799,86,86,85,85,0,0,0,-1,39
0096.txt,3788355088721827762,85,85,85,85,0,0,0,-1,38
0096.txt,14703657247480024198,85,85,85,85,0,0,0,-1,37
0096.txt,10762221435971546409,86,86,85,85,0,0,0,-1,38
0096.txt,9626672127820156372,87,87,85,85,0,0,0,-1,38
0096.txt,8955639821790956925,85,85,85,85,0,0,0,-1,37
0096.txt,4168529044629292612,85,85,85,85,0,0,0,-1,38
0096.txt,4487173581676448281,85,85,85,85,0,0,0,-1,38
0096.txt,12335608608419852002,85,85,85,85,0,0,0,-1,38
0096.txt,12713485751450010517,85,85,85,85,0,0,0,-1,38
0096.txt,10053502464427489287,85,85,85,85,0,0,0,-1,37
0096.txt,4883036987333347927,85,85,85,85,0,0,0,-1,37
0096.txt,3348655185147181989,85,85,85,85,0,0,0,-1,37
0096.txt,15802814624772676584,85,85,85,85,0,0,0,-1,38
0096.txt,9082524473293505188,85,85,85,85,0,0,0,-1,37
0096.txt,15889233965776023723,85,85,85,85,0,0,0,-1,37
0096.txt,7992904806407919143,85,85,85,85,0,0,0,-1,37
0096.txt,9697721917722075833,86,85,85,85,1,0,1,-1,123
0096.txt,2416624981982916853,85,85,85,85,0,0,0,-1,37
0096.txt,9981317170964381491,85,85,85,85,0,0,0,-1,37
0096.txt,1551030054664685837,85,85,85,85,0,0,0,-1,37
0096.txt,656519357258560998,85,85,85,85,0,0,0,-1,37
0096.txt,2413527124364007417,85,85,85,85,0,0,0,-1,37
0096.txt,13655625279249824685,87,87,85,85,0,0,0,-1,38
0096.txt,1556353236358672773,85,85,85,85,0,0,0,-1,37
0096.txt,17795872534835561511,85,85,85,85,0,0,0,-1,37
0096.txt,288236461157277433,85,85,85,85,0,0,0,-1,38
0096.txt,2372133148515968779,85,85,85,85,0,0,0,-1,38
0096.txt,8730550425607084329,87,87,85,85,0,0,0,-1,38
0096.txt,4036447038190051787,85,85,85,85,0,0,0,-1,38
0096.txt,11775370621483823057,85,85,85,85,0,0,0,-1,37
0096.txt,16733967826475799997,85,85,85,85,0,0,0,-1,37
0096.txt,11508334614996992402,85,85,85,85,0,0,0,-1,37
0096.txt,9693860467122716238,85,85,85,85,0,0,0,-1,37
0096.txt,14768537286074527238,85,85,85,85,0,0,0,-1,37
0096.txt,15014220512644311976,85,85,85,85,0,0,0,-1,37
0096.txt,7476119766761554244,86,86,85,85,0,0,0,-1,37
0097.txt,16515951794559061581,553,552,552,552,1,0,1,2,6997
0097.txt,1525874098780307850,553,553,552,552,0,0,0,4,3443
0097.txt,4430273779846756515,552,552,552,552,0,0,0,5,4628
0097.txt,5361460826755087065,552,551,552,552,1,1,0,6,238029
0097.txt,17190370496109648837,552,552,552,552,0,0,0,-1,148
0097.txt,4878919112573210083,552,552,552,552,0,0,0,-1,152
0097.txt,15946291152268402193,554,554,552,552,0,0,0,-1,147
0097.txt,13093800266105239322,553,553,552,552,0,0,0,-1,142
0097.txt,14262535147386571761,552,552,552,552,0,0,0,-1,142
0097.txt,8638583978210230749,552,552,552,552,0,0,0,-1,141
0097.txt,17698526538627923922,552,552,552,552,0,0,0,-1,141
0097.txt,10338568835809498340,550,550,552,552,0,0,0,-1,141
0097.txt,5487282336204267535,552,552,552,552,0,0,0,-1,141
0097.txt,2411516368314148695,551,551,552,552,0,0,0,-1,141
0097.txt,3622555971810999462,552,552,552,552,0,0,0,-1,142
0097.txt,4691320858342620549,552,552,552,552,0,0,0,-1,141
0097.txt,9081976031943296993,554,554,552,552,0,0,0,-1,142
0097.txt,8012936724506359886,553,553,552,552,0,0,0,-1,146
0097.txt,5828508573470228558,552,552,552,552,0,0,0,-1,144
0097.txt,15393129483862684800,552,552,552,552,0,0,0,-1,141
0097.txt,11234846268922827714,552,552,552,552,0,0,0,-1,142
0097.txt,753543004178655476,552,552,552,552,0,0,0,-1,144
0097.txt,16161898429539608538,551,551,552,552,0,0,0,-1,142
0097.txt,9749469771140063243,552,552,552,552,0,0,0,-1,142
0097.txt,14086107754467834166,552,552,552,552,0,0,0,-1,141
0097.txt,6855241187013223268,553,553,552,552,0,0,0,-1,141
0097.txt,10341022262894964287,552,552,552,552,0,0,0,-1,145
0098.txt,5291281182280344160,131,131,130,130,0,0,0,2,1952
0098.txt,11390486852523609472,130,130,130,130,0,0,0,4,634
0098.txt,6286535069764295206,131,131,130,130,0,0,0,5,890
0098.txt,10125003977898744178,131,131,130,130,0,0,0,6,132827
0098.txt,4233597874729526842,131,131,130,130,0,0,0,-1,51
0098.txt,7428286794761132062,134,134,130,130,0,0,0,-1,48
0098.txt,2282065547147840969,130,130,130,130,0,0,0,-1,46
0098.txt,9028646143426128443,133,133,130,130,0,0,0,-1,52
0098.txt,3277072564376906225,130,130,130,130,0,0,0,-1,49
0098.txt,6456472814578459451,131,131,130,130,0,0,0,-1,49
0098.txt,5921380546458916990,130,130,130,130,0,0,0,-1,49
0098.txt,9716103521872915472,131,131,130,130,0,0,0,-1,49
0098.txt,8663383245241577620,130,130,130,130,0,0,0,-1,49
0098.txt,16419636198926730973,130,130,130,130,0,0,0,-1,49
0098.txt,8903062784107950893,130,130,130,130,0,0,0,-1,49
0098.txt,18340727448767632243,130,130,130,130,0,0,0,-1,49
0098.txt,3480584846310566945,130,130,130,130,0,0,0,-1,50
0098.txt,3348237835347831706,130,130,130,130,0,0,0,-1,50
0098.txt,1168124372995306213,131,131,130,130,0,0,0,-1,50
0098.txt,15498251486931185879,130,130,130,130,0,0,0,-1,49
0098.txt,16212981281746446243,131,131,130,130,0,0,0,-1,50
0098.txt,8331142699500562136,131,131,130,130,0,0,0,-1,50
0098.txt,6062613578306550379,130,130,130,130,0,0,0,-1,49
0098.txt,42553234587492695,130,130,130,130,0,0,0,-1,49
0098.txt,18133809057511991764,130,130,130,130,0,0,0,-1,52
0098.txt,10657944549036685534,130,130,130,130,0,0,0,-1,49
0098.txt,6768626064881918451,130,130,130,130,0,0,0,-1,50
0098.txt,12675165450692435650,130,130,130,130,0,0,0,-1,49
0098.txt,14718875262117413261,130,130,130,130,0,0,0,-1,52
0098.txt,16286942747145627716,130,130,130,130,0,0,0,-1,49
0098.txt,14108044327815303216,131,131,130,130,0,0,0,-1,50
0098.txt,15560843575089931578,130,130,130,130,0,0,0,-1,49
0098.txt,3912058996199363828,130,130,130,130,0,0,0,-1,49
0098.txt,18190302435786113204,130,130,130,130,0,0,0,-1,50
0098.txt,14715586208978263868,130,130,130,130,0,0,0,-1,49
0098.txt,3068473964537687872,130,130,130,130,0,0,0,-1,49
0098.txt,17735579039744429343,130,130,130,130,0,0,0,-1,49
0098.txt,3490266480368525850,130,130,130,130,0,0,0,-1,49
0098.txt,16567533926315190319,130,130,130,130,0,0,0,-1,49
0098.txt,4733583988538574319,130,130,130,130,0,0,0,-1,49
0098.txt,1042573114193928058,131,131,130,130,0,0,0,-1,49
0098.txt,6088473734446026572,130,130,130,130,0,0,0,-1,49
0098.txt,10977743865956151872,130,130,130,130,0,0,0,-1,49
0098.txt,14665746565497282067,131,131,130,130,0,0,0,-1,49
0098.txt,4585551512705400137,130,130,130,130,0,0,0,-1,49
0098.txt,7509321357897446217,130,130,130,130,0,0,0,-1,50
0098.txt,1027262427302540796,130,130,130,130,0,0,0,-1,49
0098.txt,9258997642037887288,130,130,130,130,0,0,0,-1,49
0099.txt,12651072205016376922,200,200,198,198,0,0,0,2,3014
0099.txt,8668509940939456448,199,199,198,198,0,0,0,4,1190
0099.txt,18246972628911589531,200,200,198,198,0,0,0,5,1553
0099.txt,6021516358049103627,200,199,198,198,1,0,1,6,172677
0099.txt,9178842640998487314,198,198,198,198,0,0,0,-1,71
0099.txt,14497701162770685855,198,198,198,198,0,0,0,-1,70
0099.txt,9050901096275499954,198,198,198,198,0,0,0,-1,68
0099.txt,1297288535713325588,200,200,198,198,0,0,0,-1,68
0099.txt,391484106783138510,200,200,198,198,0,0,0,-1,68
0099.txt,748174492826811118,198,198,198,198,0,0,0,-1,68
0099.txt,4850106107122502044,198,198,198,198,0,0,0,-1,67
0099.txt,8477622678355013615,199,199,198,198,0,0,0,-1,67
0099.txt,8528107263290407540,198,198,198,198,0,0,0,-1,70
0099.txt,5141188578369374698,199,199,198,198,0,0,0,-1,67
0099.txt,862133263561799429,198,198,198,198,0,0,0,-1,67
0099.txt,11195269564493917606,198,198,198,198,0,0,0,-1,68
0099.txt,9573802986503103668,198,198,198,198,0,0,0,-1,67
0099.txt,17819592229921988713,198,198,198,198,0,0,0,-1,67
0099.txt,2923617216886728431,198,198,198,198,0,0,0,-1,68
0099.txt,2648430717957989865,198,198,198,198,0,0,0,-1,67
0099.txt,16035213033115731831,198,198,198,198,0,0,0,-1,67
0099.txt,12925286004509125693,198,198,198,198,0,0,0,-1,69
0099.txt,17872818454689265625,198,198,198,198,0,0,0,-1,68
0099.txt,13841273076109798444,199,199,198,198,0,0,0,-1,68
0099.txt,9479252032320257517,200,199,198,198,1,0,1,-1,243
0099.txt,3190481328392612947,202,202,198,198,0,0,0,-1,69
0099.txt,3348148960426447815,198,198,198,198,0,0,0,-1,68
0099.txt,11873456937702354053,199,199,198,198,0,0,0,-1,68
0099.txt,2974786995246304512,198,198,198,198,0,0,0,-1,67
0099.txt,12980434121065588686,198,198,198,198,0,0,0,-1,67
0099.txt,13993469669682975165,198,198,198,198,0,0,0,-1,68
0099.txt,15571449586211030512,201,201,198,198,0,0,0,-1,68
0099.txt,12200698499350345880,198,198,198,198,0,0,0,-1,68
0099.txt,3613417753391142495,198,198,198,198,0,0,0,-1,67
0099.txt,6935858882924713256,200,200,198,198,0,0,0,-1,69
0099.txt,11916347596213205362,198,198,198,198,0,0,0,-1,67
0099.txt,10362485038561439272,198,198,198,198,0,0,0,-1,68
0099.txt,2891392661089889201,198,198,198,198,0,0,0,-1,67
0099.txt,3949409312702668991,199,199,198,198,0,0,0,-1,68
0099.txt,9303850002464623825,198,198,198,198,0,0,0,-1,68
0099.txt,525169690063527502,198,198,198,198,0,0,0,-1,68
0099.txt,8679003171373253886,202,202,198,198,0,0,0,-1,69
0099.txt,17330489161670288852,200,200,198,198,0,0,0,-1,69
0099.txt,2077911342000206726,202,202,198,198,0,0,0,-1,68
0099.txt,3792973529766496689,198,198,198,198,0,0,0,-1,67
0099.txt,10425165066650155967,198,198,198,198,0,0,0,-1,67
0099.txt,16261780642255464838,198,198,198,198,0,0,0,-1,68
