new_rank,old_rank,ids,size,gross_removed,broken_support_jumps,original_priority,priority,expanded_ids,expanded_broken,expanded_gross,tested,extract_status,net_removed,insert_status,final_T,extract_ms,insert_ms
0,1,11 12 13 28 29 64 157,7,20,3,6.0227522073666835,5.1304926210901378,11 12 13 28 29 64 157,3,20,1,ok,15,failed,-1,0.019999999999999619,1.111
1,2,11 12 13 28 29 64,6,19,3,5.6680965459708696,4.7847568245208638,11 12 13 28 29 35 50 64,3,25,1,ok,15,failed,-1,0.012999999999999991,0.72600000000000053
2,0,1 16 18 51 55 67 86 241,8,22,7,6.2431086814734913,4.2789846019087978,1 16 18 51 55 67 86 241,7,22,1,ok,7,failed,-1,0.025999999999999981,0.71199999999999997
3,5,11 12 13 29 64,5,14,2,4.8606454421475451,4.1784495906180652,11 12 13 29 35 50 64 69,1,22,1,ok,11,ok,385,0.010999999999999725,0.64800000000000013
4,7,69 84 98 99 100 114 117 132,8,18,3,4.7797259628887776,3.994017585427609,69 84 98 99 100 114 117 132,3,18,1,ok,10,failed,-1,0.018000000000000654,0.89699999999999935
5,14,188 189 197 199 227 232 247 264,8,15,2,4.2767502894067171,3.7158650055500986,188 189 197 199 227 232 247 264,2,15,1,ok,13,failed,-1,0.010999999999999725,1.1359999999999999
6,16,221 227 232 247 248 250 264 265,8,15,2,4.2649445867622564,3.7056075917770426,221 227 232 247 248 250 264 265,2,15,1,ok,12,failed,-1,0.014000000000000123,1.0400000000000009
7,9,69 83 84 98 99 100 114,7,15,3,4.6062070262189527,3.7000679390939122,69 83 84 98 99 100 114 195,2,17,1,ok,10,failed,-1,0.017000000000001389,1.044999999999999
8,21,4 136 137 138,4,9,1,4.1174127789693493,3.6722870731348247,4 104 105 119 121 136 137 138,3,14,1,ok,7,ok,386,0.013000000000000858,1.3959999999999997
9,68,81 179 226 227,4,8,0,3.6395655856638012,3.6395655856638012,81 179 226 227,0,8,1,ok,8,ok,383,0.0080000000000010618,1.0119999999999991
10,40,0 1 3 16 18 35,6,12,1,3.9288563338945885,3.608133367862377,0 1 3 16 18 35 50 69,0,17,1,ok,10,ok,386,0.011999999999999858,0.99600000000000033
11,11,69 83 84 98 99 100 114 130,8,16,3,4.4230461043618785,3.6064837466335318,69 83 84 98 99 100 114 130,3,16,1,ok,11,failed,-1,0.013999999999998389,0.91900000000000137
12,29,35 50 55,3,8,1,4.074300716493199,3.5804460841909931,35 50 55 69,0,10,1,ok,7,ok,383,0.0090000000000003272,0.81799999999999928
13,84,35 55,2,5,0,3.4931418585632645,3.4931418585632645,35 55,0,5,1,ok,5,ok,382,0.0070000000000000617,0.42799999999999783
14,33,69 84 98 99 100 114 160,7,14,2,4.0400950369573287,3.4730641545773526,69 84 98 99 100 114 160 195,1,16,1,ok,11,failed,-1,0.012000000000001593,1.0270000000000001
15,39,27 36 37 38 41 42 43 58,8,16,2,3.9552666994705299,3.46846464415108,27 36 37 38 41 42 43 58,2,16,1,ok,14,failed,-1,0.011999999999998123,0.99199999999999977
16,90,35,1,3,0,3.4213692098905275,3.4213692098905275,35,0,3,1,ok,3,ok,382,0.0070000000000000617,0.1370000000000017
17,3,27 42 174 185 191 201 202 225,8,18,6,5.0611262693882288,3.3971943452057975,27 42 174 185 191 201 202 225,6,18,1,ok,0,failed,-1,0.026999999999999247,0.27599999999999847
18,10,69 83 84 98 99 100 114 147,8,16,4,4.476001413047257,3.3742164498356244,69 83 84 98 99 100 114 147,4,16,1,ok,5,failed,-1,0.019999999999999185,0.51500000000000157
19,44,4 5 6 21 136 137 138,7,15,2,3.8809529773892457,3.3719755377316396,4 5 6 21 41 136 137 138,2,17,1,ok,12,failed,-1,0.011000000000000593,1.1900000000000002
20,15,1 16 18 35 50 51 67,7,14,3,4.2652153201592222,3.3672752527572807,1 16 18 35 50 51 67 69,2,16,1,ok,10,failed,-1,0.012000000000001593,1.1800000000000006
21,49,36 37 38 55,4,9,1,3.7743407471262826,3.3663039095991167,36 37 38 55 69 114 160 229,2,18,1,ok,8,ok,386,0.0080000000000010618,1.2859999999999989
22,94,111 225,2,5,0,3.3627581530107746,3.3627581530107746,111 225,0,5,1,ok,5,ok,382,0.0059999999999990616,0.47100000000000264
23,38,11 12 13 28 158 254 271,7,13,2,3.9560640188054799,3.3589222801178602,11 12 13 28 158 254 271,2,13,1,ok,10,failed,-1,0.012999999999999123,1.0839999999999981
24,48,29 35 50 64 107 142 155 157,8,16,2,3.8110666885243489,3.3420123268598139,29 35 50 64 107 142 155 157,2,16,1,ok,14,ok,385,0.0099999999999995925,0.91799999999999871
25,37,35 50,2,6,1,3.959503428215505,3.3259828797010238,35 50 69,0,8,1,ok,5,ok,383,0.0079999999999975924,0.50599999999999956
26,30,1 16 18 35 50 51 67 86,8,16,3,4.0707061530597848,3.3191911709564406,1 16 18 35 50 51 67 86,3,16,1,ok,11,failed,-1,0.013000000000002593,0.80399999999999916
27,6,83 145 147 160 161 177 195 197,8,19,6,4.7847567001676934,3.2934039624530884,83 145 147 160 161 177 195 197,6,19,1,ok,5,failed,-1,0.022999999999998716,0.53000000000000269
28,45,32 48 113 129 130 131 164,7,14,2,3.8167491066678219,3.2810650215214605,32 48 81 113 129 130 131 164,1,20,1,ok,8,failed,-1,0.011000000000000593,0.85400000000000054
29,55,158 159 175 192 208 254 271 272,8,15,2,3.710380190846871,3.223772952703019,158 159 175 192 208 254 271 272,2,15,1,ok,10,failed,-1,0.012000000000001593,0.57799999999999863
30,34,36 37 38 39 40 55 75 76,8,15,3,4.0128761074281378,3.2234578567865371,36 37 38 39 40 55 75 76,3,15,1,ok,8,failed,-1,0.012999999999999123,0.75099999999999822
31,52,32 48 81,3,7,1,3.7340925461111634,3.2190452983716926,32 48 81 113 129 130 131 164,1,20,1,ok,6,ok,383,0.0070000000000000617,0.58000000000000407
32,28,35 50 158 159 192 271 272,7,14,3,4.0757861808738323,3.2177259322688148,35 50 158 159 192 254 271 272,2,18,1,ok,7,failed,-1,0.015000000000001124,0.63900000000000068
33,105,81 177 179 195,4,8,0,3.2174054674545705,3.2174054674545705,81 177 179 195,0,8,0,not_tested,0,not_tested,-1,0,0
34,25,32 48 81 113,4,9,2,4.1023466653530729,3.2153527917632192,32 48 81 113 129 130 131 164,1,20,1,ok,6,failed,-1,0.010000000000003062,0.7059999999999983
35,17,81 179 226 227 240 241 256,7,16,4,4.2542117910966359,3.2070211963651563,81 179 226 227 229 240 241 256,3,18,1,ok,4,failed,-1,0.021000000000000185,0.64100000000000268
36,51,227 232 247 248 250 264 265,7,12,2,3.7610480129104853,3.1469993577414264,227 232 247 248 250 264 265,2,12,0,not_tested,0,not_tested,-1,0,0
37,112,136 137 138,3,6,0,3.1369800201574107,3.1369800201574107,136 137 138,0,6,0,not_tested,0,not_tested,-1,0,0
38,69,35 36 50,3,7,1,3.638058786609113,3.1362575746630283,35 36 50 69,0,9,0,not_tested,0,not_tested,-1,0,0
39,4,83 145 147 160 161 177 195,7,16,6,4.9138549702646346,3.0995085197053851,83 145 147 160 161 177 189 195,5,17,1,ok,2,failed,-1,0.022000000000001185,0.33699999999999702
40,41,11 13 29 64,4,9,2,3.9179196493765245,3.0708018873491678,11 13 29 35 50 64 69,1,17,0,not_tested,0,not_tested,-1,0,0
41,122,81 179 195,3,6,0,3.0231058091964922,3.0231058091964922,81 179 195,0,6,0,not_tested,0,not_tested,-1,0,0
42,53,36 69 114 160 229,5,10,2,3.7284888867426655,3.0009788600611698,36 69 114 117 132 160 195 229,2,16,0,not_tested,0,not_tested,-1,0,0
43,131,35 36,2,4,0,2.9724626977434774,2.9724626977434774,35 36,0,4,0,not_tested,0,not_tested,-1,0,0
44,13,27 106 174 185 191 201 202 225,8,16,5,4.2854883871475158,2.9668765757175106,27 106 174 185 191 201 202 225,5,16,1,ok,-1,failed,-1,0.022000000000001185,0.10699999999999599
45,86,36 37 69 114 160 229,6,12,2,3.4857713002969732,2.9166657818811408,36 37 69 114 160 195 229,1,14,0,not_tested,0,not_tested,-1,0,0
46,50,145 147 161 172 188 189 197 199,8,13,3,3.7638380285383257,2.9116482862277615,145 147 161 172 188 189 197 199,3,13,0,not_tested,0,not_tested,-1,0,0
47,72,27 41 42 43 58,5,10,2,3.6017258164282029,2.8989500473690413,27 41 42 43 58 229 241,3,16,0,not_tested,0,not_tested,-1,0,0
48,110,221 227 232 247 264 265,6,10,1,3.1762449442919669,2.866367388751287,221 227 232 247 264 265,1,10,0,not_tested,0,not_tested,-1,0,0
49,59,0 1 3 16 18 35 51,7,13,3,3.6992378832353792,2.8616745889179347,0 1 3 16 18 35 50 51,3,16,0,not_tested,0,not_tested,-1,0,0
50,148,81 179,2,4,0,2.860743502018023,2.860743502018023,81 179,0,4,0,not_tested,0,not_tested,-1,0,0
51,65,28 36 37 38 92 124 142 157,8,13,3,3.6495590734089278,2.8232438115050198,28 36 37 38 92 124 142 157,3,13,0,not_tested,0,not_tested,-1,0,0
52,35,81 145 160 161 177 179 195,7,13,4,4.0118844372836273,2.8007495128206457,81 145 160 161 177 179 189 195,4,14,0,not_tested,0,not_tested,-1,0,0
53,70,11 12 13 151 152 153 169,7,13,3,3.6136558808641186,2.795469643687337,11 12 13 151 152 153 169,3,13,0,not_tested,0,not_tested,-1,0,0
54,63,11 13 29 46 61 63 64,7,12,3,3.6690578154248987,2.7705130443004342,11 13 29 46 61 63 64 111,3,15,0,not_tested,0,not_tested,-1,0,0
55,27,151 152 153 169,4,9,3,4.087835709093901,2.7620511547931765,5 41 151 152 153 169,5,10,1,ok,2,failed,-1,0.014000000000000123,0.74899999999999967
56,8,213 229 240 241 243 244 256 259,8,17,7,4.6375270816287752,2.7556320340113012,213 229 240 241 243 244 256 259,7,17,1,ok,3,failed,-1,0.019999999999999185,0.4149999999999987
57,91,32 48 81 113 129,5,10,2,3.407875304105024,2.7429240252552631,32 48 81 113 129 130 131 164,1,20,0,not_tested,0,not_tested,-1,0,0
58,85,11 13 29 64 125,5,9,2,3.4899301717481448,2.7353506751539514,11 13 29 35 50 64 69 125,1,17,0,not_tested,0,not_tested,-1,0,0
59,92,69 84 98 99 100 114,6,10,2,3.3913462437288326,2.7296201473914996,69 84 98 99 100 114 160 195,1,16,0,not_tested,0,not_tested,-1,0,0
60,103,36 37 38,3,6,1,3.2442798327087865,2.7251950594753809,36 37 38 69 114 160 195 229,1,17,0,not_tested,0,not_tested,-1,0,0
61,12,174 185 191 201 202 225,6,13,5,4.3650701945573509,2.7178738947243883,42 174 185 191 201 202 225 241,8,18,1,failed,0,not_tested,-1,0.022000000000001185,0
62,61,32 48 113 129 131 164,6,11,3,3.6877069521176473,2.7043184315529412,32 48 81 113 129 130 131 164,1,20,0,not_tested,0,not_tested,-1,0,0
63,20,27 41 42 43 58 75 76,7,14,5,4.1617822711580503,2.7015077900499631,27 41 42 43 58 75 76 241,7,18,1,ok,6,failed,-1,0.015000000000001124,0.60999999999999943
64,120,0 1 3 16 18,5,8,1,3.0539584643439559,2.6837816807871127,0 1 3 16 18 35 50 69,0,17,0,not_tested,0,not_tested,-1,0,0
65,115,0 1 3 16,4,7,1,3.1102666589916219,2.6812643611996738,0 1 3 16 35 50 69,0,15,0,not_tested,0,not_tested,-1,0,0
66,78,5 6 21 27 41 42 43 58,8,15,4,3.5552005337060755,2.6226889183077602,5 6 21 27 41 42 43 58,4,15,0,not_tested,0,not_tested,-1,0,0
67,77,35 50 158 159 192 271,6,11,3,3.5635954797793197,2.6133033518381681,35 50 69 158 159 192 254 271,1,14,0,not_tested,0,not_tested,-1,0,0
68,195,136 138,2,4,0,2.6066032724412178,2.6066032724412178,136 138,0,4,0,not_tested,0,not_tested,-1,0,0
69,118,4 136 138,3,6,1,3.097435107840194,2.6018454905857631,4 104 105 119 121 136 138 241,5,15,0,not_tested,0,not_tested,-1,0,0
70,23,83 145 147 160 161 177 197 199,8,16,6,4.1123657099758235,2.5939537555232115,83 145 147 160 161 177 197 199,6,16,1,ok,-3,failed,-1,0.023000000000002185,0.046999999999998432
71,198,81 179 226,3,5,0,2.5915410666978831,2.5915410666978831,81 179 226,0,5,0,not_tested,0,not_tested,-1,0,0
72,104,29 64 107 142 155 157,6,10,2,3.2175439169617133,2.5897304697496719,29 35 50 64 107 142 155 157,2,16,0,not_tested,0,not_tested,-1,0,0
73,26,32 48 113 129 131 164 243,7,13,5,4.0901405239319022,2.5466912696179773,32 48 113 129 131 164 229 243,4,15,1,ok,4,failed,-1,0.018999999999998185,0.48700000000000132
74,141,227 232 247 264,4,7,1,2.919207714818369,2.5165583748434215,227 232 247 264,1,7,0,not_tested,0,not_tested,-1,0,0
75,127,81 83 179,3,6,1,2.989033455139011,2.5107881023167695,81 83 179 195,0,8,0,not_tested,0,not_tested,-1,0,0
76,99,158 159 192 227 247 264 271 272,8,12,3,3.2960531038399297,2.4888564253485184,158 159 192 227 247 264 271 272,3,12,0,not_tested,0,not_tested,-1,0,0
77,60,0 3 174 191 201 202 225,7,12,4,3.693959138360992,2.487768399304342,0 3 42 174 191 201 202 225,5,13,0,not_tested,0,not_tested,-1,0,0
78,100,11 12 28 83 158 254 271,7,12,3,3.2936039911617057,2.4870070953670025,11 12 28 83 158 195 254 271,2,14,0,not_tested,0,not_tested,-1,0,0
79,153,188 189 197 199 232,5,8,1,2.8252175743666417,2.4827669592918968,188 189 195 197 199 232,0,10,0,not_tested,0,not_tested,-1,0,0
80,101,29 64 124 139 140 142 157,7,12,3,3.2758070732295099,2.473568606316161,29 64 124 139 140 142 157,3,12,0,not_tested,0,not_tested,-1,0,0
81,46,32 48 81 98 113 114,6,11,4,3.8166145738177142,2.4595960586825267,32 48 81 98 113 114 117 132,5,15,0,not_tested,0,not_tested,-1,0,0
82,93,35 50 84,3,7,2,3.3757119017142658,2.4444810322758479,35 50 69 84 114 117 132 160,3,16,0,not_tested,0,not_tested,-1,0,0
83,221,136 138 226,3,5,0,2.3989070965048471,2.3989070965048471,136 138 226,0,5,0,not_tested,0,not_tested,-1,0,0
84,222,232,1,2,0,2.3930566297494473,2.3930566297494473,232,0,2,0,not_tested,0,not_tested,-1,0,0
85,223,136 138 226 227,4,6,0,2.391987928615027,2.391987928615027,136 138 226 227,0,6,0,not_tested,0,not_tested,-1,0,0
86,116,35 50 159 192,4,8,2,3.101268382026356,2.3494457439593606,35 50 69 159 192 227 247 264,1,15,0,not_tested,0,not_tested,-1,0,0
87,147,227 232 247 248 264 265,6,10,2,2.8907289728586845,2.3266842952277216,136 138 227 232 247 248 264 265,1,14,0,not_tested,0,not_tested,-1,0,0
88,236,0,1,2,0,2.2795100483168875,2.2795100483168875,0,0,2,0,not_tested,0,not_tested,-1,0,0
89,129,92 111,2,4,1,2.9768925264972759,2.2764472261449753,92 111 225,0,6,0,not_tested,0,not_tested,-1,0,0
90,117,158 159 175 192 208 271 272,7,11,3,3.0997987398794264,2.2731857425782462,158 159 175 192 208 254 271 272,2,15,0,not_tested,0,not_tested,-1,0,0
91,83,1 16 18 35 50 51 67 243,8,14,5,3.4976173487593765,2.2703831912999459,1 16 18 35 50 51 67 243,5,14,0,not_tested,0,not_tested,-1,0,0
92,155,38 92 111,3,5,1,2.8036972655155497,2.2696596911316349,38 92 111 225,0,7,0,not_tested,0,not_tested,-1,0,0
93,67,42 104 105 119 121 218 219 241,8,13,5,3.6451864850567244,2.2696444152239983,42 104 105 119 121 218 219 241,5,13,0,not_tested,0,not_tested,-1,0,0
94,247,69,1,2,0,2.2407539444023192,2.2407539444023192,69,0,2,0,not_tested,0,not_tested,-1,0,0
95,140,29 64,2,4,1,2.9290567525433295,2.2398669284154873,29 35 50 64 69,0,12,0,not_tested,0,not_tested,-1,0,0
96,123,13 42 104 105 119 121 218 219,8,11,3,3.0198671138102178,2.21456921679416,13 42 104 105 119 121 218 219,3,11,0,not_tested,0,not_tested,-1,0,0
97,102,92 107 124 139 155,5,9,3,3.2744581569491764,2.2124717276683628,35 38 50 92 107 124 139 155,2,16,0,not_tested,0,not_tested,-1,0,0
98,113,221 222 227 232 247 264 265,7,10,3,3.1208116251270708,2.2074033446020747,221 222 227 232 247 264 265,3,10,0,not_tested,0,not_tested,-1,0,0
99,81,6 21 43 58 151 152 153 169,8,13,5,3.5401460141327137,2.2042418578562177,6 21 43 58 151 152 153 169,5,13,0,not_tested,0,not_tested,-1,0,0
100,31,70 130 174 191 201 202 213 225,8,15,7,4.0546273616962267,2.1934869333766471,70 130 174 191 201 202 213 225,7,15,1,ok,-4,failed,-1,0.026999999999999247,0.051999999999996493
101,259,136,1,2,0,2.1841494491589044,2.1841494491589044,136,0,2,0,not_tested,0,not_tested,-1,0,0
102,82,4 5 6 21 104 105 119 121,8,13,5,3.5035843028324147,2.1814770187447112,4 5 6 21 104 105 119 121,5,13,0,not_tested,0,not_tested,-1,0,0
103,265,0 3 32,3,4,0,2.1688004384829891,2.1688004384829891,0 3 32,0,4,0,not_tested,0,not_tested,-1,0,0
104,268,0 3 70,3,4,0,2.163916668915439,2.163916668915439,0 3 70,0,4,0,not_tested,0,not_tested,-1,0,0
105,269,225,1,2,0,2.1634654964911424,2.1634654964911424,225,0,2,0,not_tested,0,not_tested,-1,0,0
106,270,0 3,2,3,0,2.1619550968411825,2.1619550968411825,0 3,0,3,0,not_tested,0,not_tested,-1,0,0
107,154,4 35,2,4,1,2.8230686573612664,2.1588172085703801,4 35 104 105 119 121 229 241,4,15,0,not_tested,0,not_tested,-1,0,0
108,111,254 271 272,3,6,2,3.172035625534142,2.1569842253632165,227 232 247 254 264 271 272,2,13,0,not_tested,0,not_tested,-1,0,0
109,188,58 136 138,3,5,1,2.6637481965164262,2.1563675876561543,36 37 38 58 136 138,1,11,0,not_tested,0,not_tested,-1,0,0
110,273,195 227,2,3,0,2.1456273797386407,2.1456273797386407,195 227,0,3,0,not_tested,0,not_tested,-1,0,0
111,58,27 174 185 191 201 202 225,7,14,6,3.699726199776979,2.1419467472393041,27 42 174 185 191 201 202 225,6,18,0,not_tested,0,not_tested,-1,0,0
112,278,195,1,2,0,2.1321676065813269,2.1321676065813269,195,0,2,0,not_tested,0,not_tested,-1,0,0
113,47,81 179 226 227 240 256,6,11,5,3.8164371648153139,2.1202428693418409,81 179 226 227 229 240 241 256,3,18,0,not_tested,0,not_tested,-1,0,0
114,287,136 137,2,3,0,2.1169873219602344,2.1169873219602344,136 137,0,3,0,not_tested,0,not_tested,-1,0,0
115,177,4 136 138 232 247 248,6,9,2,2.6997604082520335,2.1160284280894315,4 136 138 232 247 248,2,9,0,not_tested,0,not_tested,-1,0,0
116,42,28 46 61 63 93 94 95 125,8,15,7,3.9100482416360984,2.1152719995736269,28 46 61 63 93 94 95 125,7,15,0,not_tested,0,not_tested,-1,0,0
117,290,55,1,2,0,2.1129178398823663,2.1129178398823663,55,0,2,0,not_tested,0,not_tested,-1,0,0
118,183,11 12 28 158 254 271,6,9,2,2.6806876125859276,2.1010794801349162,11 12 28 38 92 158 254 271,1,11,0,not_tested,0,not_tested,-1,0,0
119,22,4 136 137 138 231 244,6,12,6,4.1144988613512474,2.0992341129343099,4 136 137 138 229 231 244,5,14,1,ok,1,failed,-1,0.019999999999999185,0.30200000000000365
120,293,50 67 69,3,4,0,2.0919075602482269,2.0919075602482269,50 67 69,0,4,0,not_tested,0,not_tested,-1,0,0
121,24,213 215 240 241 243 244 256 259,8,16,8,4.1121708219558739,2.0877174942237513,213 215 240 241 243 244 256 259,8,16,1,ok,-3,failed,-1,0.022999999999995246,0.052000000000003432
122,199,32 48 130,3,5,1,2.5695676734787538,2.0801262118637531,32 48 81 113 129 130 131 164,1,20,0,not_tested,0,not_tested,-1,0,0
123,182,95 111,2,4,1,2.6830349556698443,2.0517326131592926,95 111 225,0,6,0,not_tested,0,not_tested,-1,0,0
124,139,111,1,3,1,2.9401852533402475,2.0355128676970944,111 225,0,5,0,not_tested,0,not_tested,-1,0,0
125,313,229,1,2,0,2.0280735191157921,2.0280735191157921,229,0,2,0,not_tested,0,not_tested,-1,0,0
126,57,32 48 174 191 201 202 225 243,8,13,6,3.702415458906374,2.0258499680808462,32 48 174 191 201 202 225 243,6,13,0,not_tested,0,not_tested,-1,0,0
127,211,0 1 16,3,5,1,2.4722882794714609,2.0013762262388015,0 1 16 35 50 69,0,13,0,not_tested,0,not_tested,-1,0,0
128,134,4 5 6 21 113 129 131 164,8,12,4,2.9608979584882618,1.9940741353084215,4 5 6 21 113 129 131 164,4,12,0,not_tested,0,not_tested,-1,0,0
129,43,72 73 174 185 191 201 202 225,8,16,8,3.9038752034945974,1.9819674110049494,72 73 174 185 191 201 202 225,8,16,0,not_tested,0,not_tested,-1,0,0
130,71,4 5 6 21 39 40 75 76,8,13,6,3.6051822675327885,1.9726469011028465,4 5 6 21 39 40 75 76,6,13,0,not_tested,0,not_tested,-1,0,0
131,324,0 32,2,3,0,1.9542802724077788,1.9542802724077788,0 32,0,3,0,not_tested,0,not_tested,-1,0,0
132,79,184 200 205 215 240 251 256 259,8,13,6,3.5524379937656874,1.9437868267774516,184 200 205 215 240 251 256 259,6,13,0,not_tested,0,not_tested,-1,0,0
133,185,12 13 29 64,4,7,2,2.6744205569363548,1.9366493688159809,12 13 29 35 50 64 69,1,15,0,not_tested,0,not_tested,-1,0,0
134,151,35 70 213,3,6,2,2.8461742823407659,1.9353985119917207,35 70 213 229,1,8,0,not_tested,0,not_tested,-1,0,0
135,225,36 37 229,3,5,1,2.3661177884138129,1.9154286858588006,36 37 69 114 160 195 229,1,14,0,not_tested,0,not_tested,-1,0,0
136,332,36 69,2,3,0,1.9113563904372801,1.9113563904372801,36 69,0,3,0,not_tested,0,not_tested,-1,0,0
137,54,27 41 42 43 58 73 75 76,8,14,7,3.7200124374421701,1.8926379067688235,27 41 42 43 58 73 75 76,7,14,0,not_tested,0,not_tested,-1,0,0
138,157,29 64 142 157,4,6,2,2.782157341652483,1.8918669923236882,29 35 50 64 69 142 157,1,14,0,not_tested,0,not_tested,-1,0,0
139,108,5 6 21 41 151 152 153 169,8,12,5,3.1885811340852586,1.8871194467035206,5 6 21 41 151 152 153 169,5,12,0,not_tested,0,not_tested,-1,0,0
140,132,11 12 13 28 157,5,8,3,2.9631617848779634,1.885648408558704,11 12 13 28 35 50 69 157,2,16,0,not_tested,0,not_tested,-1,0,0
141,233,227 247 264,3,5,1,2.3284159668915039,1.8849081636740743,227 232 247 264,1,7,0,not_tested,0,not_tested,-1,0,0
142,173,42 104 105 119 121 218 219,7,9,3,2.7291669368180838,1.8440317140662725,42 104 105 119 121 218 219 241,5,13,0,not_tested,0,not_tested,-1,0,0
143,239,188 189 197 199,4,5,1,2.2658854275527536,1.8342882032569912,188 189 195 197 199,0,7,0,not_tested,0,not_tested,-1,0,0
144,114,4 5 6 21,4,7,3,3.1117197687074531,1.8241115885526449,4 5 6 21 36 37 38 41,3,15,0,not_tested,0,not_tested,-1,0,0
145,75,109 117 132 151 152 174 191 225,8,14,7,3.5714895665775712,1.8170736391359574,109 117 132 151 152 174 191 225,7,14,0,not_tested,0,not_tested,-1,0,0
146,208,104 105 119 121 219,5,7,2,2.5087764341722321,1.8167001764695474,104 105 119 121 219 229 241,3,13,0,not_tested,0,not_tested,-1,0,0
147,80,145 147 151 152 153 161 169 172,8,14,7,3.5450325120591488,1.8036130324511459,145 147 151 152 153 161 169 172,7,14,0,not_tested,0,not_tested,-1,0,0
148,137,130 174 191 201 202 225,6,10,4,2.9421472442524315,1.7939922221051412,42 130 174 191 201 202 225 241,7,15,0,not_tested,0,not_tested,-1,0,0
149,143,51 86 104 105 119 121 219,7,10,4,2.9142508319414282,1.776982214598432,51 86 104 105 119 121 219 241,6,14,0,not_tested,0,not_tested,-1,0,0
150,130,11 12 13 117 132 174 191 225,8,12,5,2.9742837267899387,1.7602903689164946,11 12 13 117 132 174 191 225,5,12,0,not_tested,0,not_tested,-1,0,0
151,36,213 240 241 243 244 256 259,7,14,8,4.0081682522905036,1.7579685317063609,213 229 240 241 243 244 256 259,7,17,0,not_tested,0,not_tested,-1,0,0
152,106,38 92 111 145 147 161 172 229,8,13,6,3.2031381997470234,1.7526605243898807,38 92 111 145 147 161 172 229,6,13,0,not_tested,0,not_tested,-1,0,0
153,179,39 40 55 75 76,5,8,3,2.6938954380464968,1.7142970969386797,36 37 38 39 40 55 75 76,3,15,0,not_tested,0,not_tested,-1,0,0
154,164,95 109 111,3,5,2,2.7678346059729368,1.7134214227451514,42 95 109 111 174 191 225 241,8,14,0,not_tested,0,not_tested,-1,0,0
155,180,42 104 105 119 121 219,6,8,3,2.6914649745365633,1.7127504383414494,42 104 105 119 121 219 229 241,4,14,0,not_tested,0,not_tested,-1,0,0
156,119,145 147 161 172 189 222 229,7,11,5,3.0775236447097138,1.7097353581720633,145 147 161 172 189 195 222 229,5,13,0,not_tested,0,not_tested,-1,0,0
157,248,0 3 4,3,4,1,2.2343838924728274,1.7086465060086329,0 3 4 104 105 119 121 241,5,13,0,not_tested,0,not_tested,-1,0,0
158,169,164 197 199,3,5,2,2.7582354959171651,1.7074791165201497,4 5 6 21 164 195 197 199,3,14,0,not_tested,0,not_tested,-1,0,0
159,96,109 117 132 174 191 225,6,10,5,3.3235413411873251,1.7023016625593617,42 109 117 132 174 191 225 241,8,15,0,not_tested,0,not_tested,-1,0,0
160,255,16 32 48,3,4,1,2.2103840516160314,1.6902936865299065,16 32 48 81 113 129 131 164,2,18,0,not_tested,0,not_tested,-1,0,0
161,74,83 145 147 160 161 177 197,7,13,7,3.5761270859478271,1.6868523990319939,83 145 147 160 161 177 195 197,6,19,0,not_tested,0,not_tested,-1,0,0
162,166,4 6 21 43 58 138 226 227,8,10,4,2.7654772665111071,1.6862666259214067,4 6 21 43 58 138 226 227,4,10,0,not_tested,0,not_tested,-1,0,0
163,257,29 64 107,3,4,1,2.2007138858028639,1.6828988538492491,29 35 50 64 69 107,0,12,0,not_tested,0,not_tested,-1,0,0
164,216,27 42 43 58,4,6,2,2.4383095848680365,1.6580505177102647,27 42 43 58 213 229 241 243,3,15,0,not_tested,0,not_tested,-1,0,0
165,266,136 138 158,3,4,1,2.1672278679443049,1.6572918990162333,136 138 158 227 232 247 264,1,11,0,not_tested,0,not_tested,-1,0,0
166,145,0 1 3 16 18 51,6,9,4,2.9119133204439112,1.6527075602519496,0 1 3 16 18 51 67 69,3,12,0,not_tested,0,not_tested,-1,0,0
167,178,1 16 18 51 55 67 86,7,10,4,2.6979216711105978,1.6450741897015841,1 16 18 51 55 67 69 86,3,12,0,not_tested,0,not_tested,-1,0,0
168,18,174 185 191 201 202 225 231 244,8,16,10,4.2539529510609952,1.6361357504080751,174 185 191 201 202 225 231 244,10,16,1,failed,0,not_tested,-1,0.033999999999999309,0
169,276,195 197 213,3,4,1,2.1358376201511424,1.6332875918802856,195 197 213 229,0,6,0,not_tested,0,not_tested,-1,0,0
170,162,158 159 175 192 208,5,7,3,2.7767034644559461,1.6277227205431408,158 159 175 192 208 254 271 272,2,15,0,not_tested,0,not_tested,-1,0,0
171,192,69 114 160,3,5,2,2.6214607090670681,1.6228090103748516,69 114 117 132 160 195,2,11,0,not_tested,0,not_tested,-1,0,0
172,150,145 147 161 172 188 197 199,7,9,4,2.847899143500134,1.6163751895541298,145 147 161 172 188 195 197 199,4,11,0,not_tested,0,not_tested,-1,0,0
173,196,13 92 111,3,5,2,2.6060373680583084,1.6132612278456193,13 92 111 225,1,7,0,not_tested,0,not_tested,-1,0,0
174,62,39 40 70 75 76 130 195 213,8,14,8,3.6756252653003747,1.6121163444299889,39 40 70 75 76 130 195 213,8,14,0,not_tested,0,not_tested,-1,0,0
175,295,36 69 117,3,4,1,2.087314361754248,1.5961815707532487,36 42 69 117 174 191 225 241,8,13,0,not_tested,0,not_tested,-1,0,0
176,297,188 197 199,3,4,1,2.08620293752992,1.5953316581111154,188 195 197 199,0,6,0,not_tested,0,not_tested,-1,0,0
177,56,145 147 151 152 153 161 169,7,12,7,3.7042705649676448,1.5875445278432763,145 147 151 152 153 161 169 195,7,14,0,not_tested,0,not_tested,-1,0,0
178,302,11 12 13,3,4,1,2.0663995331229241,1.5801878782704715,11 12 13 28 158 254 271,2,13,0,not_tested,0,not_tested,-1,0,0
179,89,32 48 241 243,4,9,5,3.4348842099412749,1.5781900424054505,32 35 48 70 213 229 241 243,3,19,0,not_tested,0,not_tested,-1,0,0
180,158,145 147 161 172 189 190,6,9,4,2.778222858062541,1.5768291897111721,83 145 147 161 172 189 190 195,5,14,0,not_tested,0,not_tested,-1,0,0
181,73,184 200 215 240 241 244 256 259,8,14,8,3.5943634508150764,1.5764751977259106,184 200 215 240 241 244 256 259,8,14,0,not_tested,0,not_tested,-1,0,0
182,238,36 37,2,3,1,2.2680689520895125,1.5702015822158164,36 37 69 114 160 195 229,1,14,0,not_tested,0,not_tested,-1,0,0
183,186,32 48 113 129 130,5,7,3,2.6722534828467324,1.566493420979119,32 48 81 113 129 130 131 164,1,20,0,not_tested,0,not_tested,-1,0,0
184,214,83 84 98 99 100 114,6,8,3,2.4606723539235742,1.5658824070422745,83 84 98 99 100 114 195,2,10,0,not_tested,0,not_tested,-1,0,0
185,241,218 229,2,3,1,2.2597112162950483,1.5644154574350333,35 70 213 218 229 241 243,2,15,0,not_tested,0,not_tested,-1,0,0
186,390,226 227,2,2,0,1.5640704249193131,1.5640704249193131,226 227,0,2,0,not_tested,0,not_tested,-1,0,0
187,242,107 155,2,3,1,2.2586009617404335,1.5636468196664541,35 50 69 107 155,0,11,0,not_tested,0,not_tested,-1,0,0
188,121,174 191 201 202 225,5,8,4,3.0349127573686796,1.5634399053111381,42 174 191 201 202 225 229 241,6,15,0,not_tested,0,not_tested,-1,0,0
189,125,151 152 153,3,6,3,3.0051664805894434,1.5626865699065107,5 36 37 38 41 151 152 153,5,13,0,not_tested,0,not_tested,-1,0,0
190,392,138 226 227,3,3,0,1.5624835456055262,1.5624835456055262,138 226 227,0,3,0,not_tested,0,not_tested,-1,0,0
191,19,32 48 72 73 241 243,6,14,9,4.2112721430155267,1.5515213158478256,32 48 72 73 213 229 241 243,7,19,1,failed,0,not_tested,-1,0.033999999999999309,0
192,314,195 213 227,3,4,1,2.0266064206025836,1.5497578510490344,195 213 227 229,0,6,0,not_tested,0,not_tested,-1,0,0
193,142,117 132,2,4,2,2.9179363902714424,1.5447898536731164,42 117 132 174 191 225 229 241,7,15,0,not_tested,0,not_tested,-1,0,0
194,144,13 111,2,4,2,2.9133529282980657,1.5423633149813287,13 111 225,1,6,0,not_tested,0,not_tested,-1,0,0
195,253,12 28,2,3,1,2.2181604683888727,1.5356495550384504,12 28 38 92,0,5,0,not_tested,0,not_tested,-1,0,0
196,76,241 254,2,5,3,3.5688767015794007,1.5295185863911718,35 70 213 229 241 243 254,2,15,0,not_tested,0,not_tested,-1,0,0
197,212,29 64 142,3,5,2,2.4691443836705003,1.5285179517960239,29 35 38 50 64 69 92 142,0,15,0,not_tested,0,not_tested,-1,0,0
198,133,6 21 151 152 153 169,6,10,5,2.9614570031855627,1.5168438308999226,5 6 21 41 151 152 153 169,5,12,0,not_tested,0,not_tested,-1,0,0
199,138,145 147 161 172 189,5,8,4,2.94076845606924,1.5149413258538509,83 145 147 161 172 189 195,5,13,0,not_tested,0,not_tested,-1,0,0
200,412,38 92,2,2,0,1.5146816325949357,1.5146816325949357,38 92,0,2,0,not_tested,0,not_tested,-1,0,0
201,262,81 83,2,3,1,2.1742853627922401,1.5052744819330892,81 83 195,0,5,0,not_tested,0,not_tested,-1,0,0
202,146,12 28 46 61 63,5,8,4,2.9034075552859466,1.4956948012079119,12 28 46 61 63 64 111 225,3,15,0,not_tested,0,not_tested,-1,0,0
203,87,227 241,2,5,3,3.4766160233151431,1.48997829570649,35 70 213 227 229 241 243,2,15,0,not_tested,0,not_tested,-1,0,0
204,203,158 159 192 271 272,5,7,3,2.5359758236383247,1.4866065173052248,35 50 158 159 192 254 271 272,2,18,0,not_tested,0,not_tested,-1,0,0
205,277,197 199,2,3,1,2.135603706502665,1.4784948737326142,195 197 199,0,5,0,not_tested,0,not_tested,-1,0,0
206,424,38 55,2,2,0,1.4723752106682233,1.4723752106682233,38 55,0,2,0,not_tested,0,not_tested,-1,0,0
207,286,232 247,2,3,1,2.1180993917591708,1.4663765019871184,4 6 21 43 58 232 247,5,9,0,not_tested,0,not_tested,-1,0,0
208,333,130 195 213,3,4,1,1.9109658869573733,1.461326854732109,130 195 213 229,0,6,0,not_tested,0,not_tested,-1,0,0
209,337,232 247 264,3,4,1,1.8988961406639957,1.4520970487430558,4 6 21 43 58 232 247 264,5,10,0,not_tested,0,not_tested,-1,0,0
210,200,27 84 93 98 99 100 106 125,8,9,4,2.5581339542894885,1.4519138659480879,27 84 93 98 99 100 106 125,4,9,0,not_tested,0,not_tested,-1,0,0
211,66,229 240 241 243 244 256 259,7,13,8,3.6463471441397708,1.4447790571119847,213 229 240 241 243 244 256 259,7,17,0,not_tested,0,not_tested,-1,0,0
212,445,106 137,2,2,0,1.4367207674309739,1.4367207674309739,106 137,0,2,0,not_tested,0,not_tested,-1,0,0
213,448,16 32,2,2,0,1.4327932946292439,1.4327932946292439,16 32,0,2,0,not_tested,0,not_tested,-1,0,0
214,156,109 117 132 175 190 205 218 251,8,10,5,2.78829179360025,1.4281494552586644,109 117 132 175 190 205 218 251,5,10,0,not_tested,0,not_tested,-1,0,0
215,172,83 84 99 100,4,6,3,2.7329137968309407,1.4211151743520891,83 84 99 100 117 132 195,3,12,0,not_tested,0,not_tested,-1,0,0
216,168,28 158 241 254 271,5,8,4,2.7584920357349265,1.4210413517422349,28 158 213 229 241 243 254 271,3,13,0,not_tested,0,not_tested,-1,0,0
217,184,13 64,2,4,2,2.6800563159945141,1.4188533437618014,13 35 50 64 69,1,12,0,not_tested,0,not_tested,-1,0,0
218,220,28 38 92 124 142 157,6,7,3,2.4192660859162478,1.4181904641578005,28 35 38 50 92 124 142 157,3,13,0,not_tested,0,not_tested,-1,0,0
219,312,197 229,2,3,1,2.0283070095221358,1.4042125450537861,195 197 229,0,5,0,not_tested,0,not_tested,-1,0,0
220,124,12 28 46 61 63 93 94 95,8,11,6,3.007753088070563,1.4036181077662628,12 28 46 61 63 93 94 95,6,11,0,not_tested,0,not_tested,-1,0,0
221,126,1 16 18 50 51 67 70 213,8,11,6,3.0008740124695743,1.4004078724858013,1 16 18 50 51 67 70 213,6,11,0,not_tested,0,not_tested,-1,0,0
222,316,104 119,2,3,1,2.0199062625867485,1.3983966433292876,35 70 104 119 213 229 241 243,2,17,0,not_tested,0,not_tested,-1,0,0
223,317,94 111,2,3,1,2.0002734645919373,1.3848047062559565,94 111 225,0,5,0,not_tested,0,not_tested,-1,0,0
224,462,106,1,1,0,1.3707168052373713,1.3707168052373713,106,0,1,0,not_tested,0,not_tested,-1,0,0
225,213,64,1,2,1,2.4612871073099467,1.3673817262833037,35 50 64 69,0,10,0,not_tested,0,not_tested,-1,0,0
226,465,199,1,1,0,1.3662190809996688,1.3662190809996688,199,0,1,0,not_tested,0,not_tested,-1,0,0
227,469,137 138,2,2,0,1.358296864123089,1.358296864123089,137 138,0,2,0,not_tested,0,not_tested,-1,0,0
228,323,175 208,2,3,1,1.95545573466567,1.3537770470762331,158 159 175 192 208 254 271 272,2,15,0,not_tested,0,not_tested,-1,0,0
229,326,195 213,2,3,1,1.9398976520364781,1.343006066794485,195 213 229,0,5,0,not_tested,0,not_tested,-1,0,0
230,327,27 106,2,3,1,1.9384032555749662,1.3419714846288229,27 36 37 38 106,1,9,0,not_tested,0,not_tested,-1,0,0
231,267,113 129 131 164,4,5,2,2.1666801009878327,1.3412781577543726,32 48 81 113 129 130 131 164,1,20,0,not_tested,0,not_tested,-1,0,0
232,197,1 16 18 50 51 67,6,8,4,2.6025934349030813,1.3407299513137085,1 16 18 35 50 51 67 69,2,16,0,not_tested,0,not_tested,-1,0,0
233,237,221 222 227 247 264 265,6,7,3,2.2688220883707468,1.3299991552518171,221 222 227 232 247 264 265,3,10,0,not_tested,0,not_tested,-1,0,0
234,484,81,1,1,0,1.3280804502988568,1.3280804502988568,81,0,1,0,not_tested,0,not_tested,-1,0,0
235,330,32 48,2,3,1,1.9152215797016414,1.3259226321011364,32 48 81 113 129 130 131 164,1,20,0,not_tested,0,not_tested,-1,0,0
236,152,109 117 132 174 191 205 225 251,8,11,6,2.8371474125150593,1.3240021258403609,109 117 132 174 191 205 225 251,6,11,0,not_tested,0,not_tested,-1,0,0
237,489,264,1,1,0,1.3165955845392889,1.3165955845392889,264,0,1,0,not_tested,0,not_tested,-1,0,0
238,341,192 225,2,3,1,1.8741769405459359,1.2975071126856479,192 225 227 232 247 264,1,10,0,not_tested,0,not_tested,-1,0,0
239,505,221,1,1,0,1.2703841043856978,1.2703841043856978,221,0,1,0,not_tested,0,not_tested,-1,0,0
240,170,72 73 113 129 131 164 185,7,9,5,2.7413701074382675,1.2595484277419067,72 73 113 129 131 164 185,5,9,0,not_tested,0,not_tested,-1,0,0
241,510,247,1,1,0,1.2505083567061321,1.2505083567061321,247,0,1,0,not_tested,0,not_tested,-1,0,0
242,511,95,1,1,0,1.2493790165826635,1.2493790165826635,95,0,1,0,not_tested,0,not_tested,-1,0,0
243,512,36,1,1,0,1.2464524184813848,1.2464524184813848,36,0,1,0,not_tested,0,not_tested,-1,0,0
244,513,32,1,1,0,1.2436097679894189,1.2436097679894189,32,0,1,0,not_tested,0,not_tested,-1,0,0
245,516,202,1,1,0,1.2386483738893665,1.2386483738893665,202,0,1,0,not_tested,0,not_tested,-1,0,0
246,250,160,1,2,1,2.2245203734997347,1.2358446519442972,160 195,0,4,0,not_tested,0,not_tested,-1,0,0
247,519,16,1,1,0,1.2199607884616193,1.2199607884616193,16,0,1,0,not_tested,0,not_tested,-1,0,0
248,526,254,1,1,0,1.2073526916284281,1.2073526916284281,254,0,1,0,not_tested,0,not_tested,-1,0,0
249,350,83 179 226,3,3,1,1.7434136630180368,1.2069786897817179,83 179 195 226,0,5,0,not_tested,0,not_tested,-1,0,0
250,530,92,1,1,0,1.1965233134240574,1.1965233134240574,92,0,1,0,not_tested,0,not_tested,-1,0,0
251,356,227 264 265,3,3,1,1.7277691853419708,1.1961478975444413,227 232 264 265,0,5,0,not_tested,0,not_tested,-1,0,0
252,97,28 241 254,3,6,4,3.3111650974787348,1.1920194350923445,28 35 70 213 229 241 243 254,3,16,0,not_tested,0,not_tested,-1,0,0
253,32,241,1,4,3,4.0408285535779838,1.1884789863464658,35 70 213 229 241 243,2,14,0,not_tested,0,not_tested,-1,0,0
254,165,100 117 132,3,5,3,2.7673439510208273,1.1860045504374974,42 100 117 132 174 191 225 241,9,14,0,not_tested,0,not_tested,-1,0,0
255,167,32 48 243,3,5,3,2.7648634590042072,1.1849414824303743,32 35 48 70 213 229 243,2,15,0,not_tested,0,not_tested,-1,0,0
256,190,39 40 75 76 195,5,7,4,2.6376291026809917,1.1823854598225136,39 40 55 75 76 195,3,11,0,not_tested,0,not_tested,-1,0,0
257,284,83,1,2,1,2.119534459196855,1.1775191439982529,83 195,0,4,0,not_tested,0,not_tested,-1,0,0
258,128,145 160 161 177 195,5,8,5,2.9854898985137366,1.1761020812326841,83 145 160 161 177 189 195,4,11,0,not_tested,0,not_tested,-1,0,0
259,366,95 159 192,3,3,1,1.6929269658177728,1.1720263609507657,95 159 192 227 232 247 264,1,10,0,not_tested,0,not_tested,-1,0,0
260,254,29 63 64,3,4,2,2.2129877247103775,1.1715817366113765,11 13 29 35 50 63 64 69,1,17,0,not_tested,0,not_tested,-1,0,0
261,549,184,1,1,0,1.1696305531813735,1.1696305531813735,184,0,1,0,not_tested,0,not_tested,-1,0,0
262,552,226,1,1,0,1.1683833190341768,1.1683833190341768,226,0,1,0,not_tested,0,not_tested,-1,0,0
263,246,109 117 132 205 251,5,6,3,2.2414352605550181,1.1655463354886093,109 117 132 174 191 205 225 251,6,11,0,not_tested,0,not_tested,-1,0,0
264,553,138,1,1,0,1.1654491382109287,1.1654491382109287,138,0,1,0,not_tested,0,not_tested,-1,0,0
265,556,70,1,1,0,1.1602419582446613,1.1602419582446613,70,0,1,0,not_tested,0,not_tested,-1,0,0
266,258,32 48 50,3,4,2,2.1882814732198796,1.1585019564105246,32 48 50 69 113 129 131 164,3,14,0,not_tested,0,not_tested,-1,0,0
267,558,130,1,1,0,1.1549712384191,1.1549712384191,130,0,1,0,not_tested,0,not_tested,-1,0,0
268,559,137,1,1,0,1.1547170248305074,1.1547170248305074,137,0,1,0,not_tested,0,not_tested,-1,0,0
269,562,227,1,1,0,1.1506006813271781,1.1506006813271781,227,0,1,0,not_tested,0,not_tested,-1,0,0
270,264,117 218 229,3,4,2,2.1712440548398955,1.1494821466799447,35 70 117 213 218 229 241 243,3,16,0,not_tested,0,not_tested,-1,0,0
271,566,189,1,1,0,1.1395128036293531,1.1395128036293531,189,0,1,0,not_tested,0,not_tested,-1,0,0
272,305,164,1,2,1,2.0482653585645068,1.1379251992025037,4 5 6 21 41 164,3,11,0,not_tested,0,not_tested,-1,0,0
273,275,27 42 43,3,4,2,2.1399303935626914,1.1329043260037779,27 42 43 70 213 229 241 243,4,15,0,not_tested,0,not_tested,-1,0,0
274,191,151 152 184,3,5,3,2.6225584259420627,1.1239536111180268,5 36 37 38 41 151 152 184,5,12,0,not_tested,0,not_tested,-1,0,0
275,282,104 105 119,3,4,2,2.1198530682206638,1.1222751537638809,70 104 105 119 213 229 241 243,4,15,0,not_tested,0,not_tested,-1,0,0
276,283,4 5 36,3,4,2,2.1197819543180692,1.1222375052272131,4 5 36 136 137 138,1,12,0,not_tested,0,not_tested,-1,0,0
277,136,46 61 63 93 94 95 109 125,8,11,7,2.9573361399965536,1.1172158751098091,46 61 63 93 94 95 109 125,7,11,0,not_tested,0,not_tested,-1,0,0
278,291,13 38 111,3,4,2,2.0988722067067935,1.1111676388447731,13 38 111 225,1,6,0,not_tested,0,not_tested,-1,0,0
279,187,38 92 111 145 147 161 172,7,10,6,2.6719586227234533,1.1078852825926515,38 92 111 145 147 161 172 195,6,12,0,not_tested,0,not_tested,-1,0,0
280,285,113 129 131 164 185,5,6,3,2.1195074557979319,1.1021438770149246,32 48 113 129 130 131 164 185,3,15,0,not_tested,0,not_tested,-1,0,0
281,205,92 105 111,3,5,3,2.5351325043518367,1.08648535900793,92 105 111 213 225 229 241 243,3,16,0,not_tested,0,not_tested,-1,0,0
282,307,12 28 157,3,4,2,2.0426470980465221,1.0814014048481588,12 28 35 38 50 69 92 157,1,14,0,not_tested,0,not_tested,-1,0,0
283,207,117 119 132,3,5,3,2.5141709665129328,1.0775018427912568,70 117 119 132 213 229 241 243,5,16,0,not_tested,0,not_tested,-1,0,0
284,310,4 81 83,3,4,2,2.0336130592375072,1.076618678419857,4 81 83 104 105 119 121 195,3,11,0,not_tested,0,not_tested,-1,0,0
285,176,117 132 174 191 225,5,8,5,2.7140869641808858,1.0691857737682278,42 117 132 174 191 225 229 241,7,15,0,not_tested,0,not_tested,-1,0,0
286,95,184 200 215 231 240 244 256 259,8,13,9,3.3274743524060377,1.0673030941679742,184 200 215 231 240 244 256 259,9,13,0,not_tested,0,not_tested,-1,0,0
287,64,215 240 241 244 256 259,6,11,8,3.6568304693178382,1.0564176911362644,215 229 240 241 244 256 259,7,13,0,not_tested,0,not_tested,-1,0,0
288,409,104 119 121,3,3,1,1.5230032677179415,1.0543868776508825,70 104 119 121 213 229 241 243,3,14,0,not_tested,0,not_tested,-1,0,0
289,98,83 145 147 160 161 177,6,10,7,3.3040965560579476,1.047640371433008,83 145 147 160 161 177 189 195,5,17,0,not_tested,0,not_tested,-1,0,0
290,414,11 12 28,3,3,1,1.5059405464036641,1.0425742244333058,11 12 28 38 92,0,5,0,not_tested,0,not_tested,-1,0,0
291,322,107 142 155,3,4,2,1.9588764569970305,1.0370522419396044,35 38 50 69 92 107 142 155,0,15,0,not_tested,0,not_tested,-1,0,0
292,251,4 6 21 43 58 232 247 248,8,9,5,2.2204207827035249,1.0201933325935115,4 6 21 43 58 232 247 248,5,9,0,not_tested,0,not_tested,-1,0,0
293,245,109 117 132 190 205 251,6,7,4,2.2415534592809667,1.0048343093328473,109 117 132 175 190 205 218 251,5,10,0,not_tested,0,not_tested,-1,0,0
294,189,46 61 63 93 94 95 109 111,8,11,7,2.6596099896484944,1.0047415516449869,46 61 63 93 94 95 109 111,7,11,0,not_tested,0,not_tested,-1,0,0
295,234,70 213 243,3,5,3,2.3258619144315595,0.99679796332781112,35 70 213 229 243,1,10,0,not_tested,0,not_tested,-1,0,0
296,340,35 84 99,3,4,2,1.8744672145995176,0.9923649959644506,35 84 99 117 132 174 191 225,6,12,0,not_tested,0,not_tested,-1,0,0
297,347,28 158 254 271,4,4,2,1.7920405658930794,0.94872735841398326,28 38 92 158 254 271,1,6,0,not_tested,0,not_tested,-1,0,0
298,227,4 6 21 43 58 138 226,7,8,5,2.3597348024249807,0.92959249792499221,4 6 21 43 58 138 226 227,4,10,0,not_tested,0,not_tested,-1,0,0
299,194,175 208 218 240 256 259,6,9,6,2.6120498471025639,0.91774724357657667,175 208 218 229 240 241 256 259,4,15,0,not_tested,0,not_tested,-1,0,0
300,357,104 119 121 219,4,4,2,1.7271039496223182,0.91434914980005089,104 119 121 213 219 229 241 243,3,13,0,not_tested,0,not_tested,-1,0,0
301,294,104 105 119 121,4,5,3,2.0880409356510929,0.89487468670761128,104 105 119 121 219 229 241,3,13,0,not_tested,0,not_tested,-1,0,0
302,215,124 139 140 154,4,6,4,2.4448391531409137,0.88014209513072883,38 92 107 124 139 140 154 155,3,14,0,not_tested,0,not_tested,-1,0,0
303,388,27 43,2,2,1,1.5706274252766255,0.87257079182034747,27 36 37 38 43,1,8,0,not_tested,0,not_tested,-1,0,0
304,389,247 264,2,2,1,1.5686442920700296,0.87146905115001649,4 6 21 43 58 232 247 264,5,10,0,not_tested,0,not_tested,-1,0,0
305,394,50 67,2,2,1,1.561678012818704,0.8675988960103912,50 67 69,0,4,0,not_tested,0,not_tested,-1,0,0
306,161,145 147 161 172 229,5,7,5,2.7770659521798624,0.86184805412478493,83 145 147 161 172 189 195 229,5,16,0,not_tested,0,not_tested,-1,0,0
307,401,159 192,2,2,1,1.5486307987197465,0.86035044373319258,159 192 227 232 247 264,1,9,0,not_tested,0,not_tested,-1,0,0
308,378,84 98 99 100,4,4,2,1.6215009829373133,0.85844169684916583,84 98 99 100 117 132,3,8,0,not_tested,0,not_tested,-1,0,0
309,402,158 159,2,2,1,1.541709088870385,0.85650504937243621,158 159 227 232 247 264,1,9,0,not_tested,0,not_tested,-1,0,0
310,224,124 139 140 142 157,5,6,4,2.3700222259962982,0.85320800135866726,35 50 69 124 139 140 142 157,3,14,0,not_tested,0,not_tested,-1,0,0
311,226,28 92 124 142 157,5,6,4,2.3630706157940979,0.85070542168587504,28 35 38 50 92 124 142 157,3,13,0,not_tested,0,not_tested,-1,0,0
312,404,184 200,2,2,1,1.5309237303769481,0.85051318354274896,35 70 184 200 213 229 241 243,2,16,0,not_tested,0,not_tested,-1,0,0
313,405,1 16,2,2,1,1.5298892156499044,0.84993845313883587,1 16 35 50 69,0,10,0,not_tested,0,not_tested,-1,0,0
314,231,1 16 18 42 67,5,6,4,2.3443801595226672,0.8439768574281602,1 16 18 42 67 69 229 241,4,14,0,not_tested,0,not_tested,-1,0,0
315,416,130 213,2,2,1,1.4966533027014381,0.83147405705635458,130 213 229,0,4,0,not_tested,0,not_tested,-1,0,0
316,622,179 226,2,1,0,0.82807110802299611,0.82807110802299611,179 226,0,1,0,not_tested,0,not_tested,-1,0,0
317,274,164 197,2,3,2,2.1437981453601243,0.82453774821543235,4 5 6 21 41 164 195 197,3,14,0,not_tested,0,not_tested,-1,0,0
318,235,4 6 21 43 58,5,6,4,2.2882081007219908,0.82375491625991659,4 5 6 21 41 43 58,3,13,0,not_tested,0,not_tested,-1,0,0
319,279,55 72,2,3,2,2.12935705497341,0.81898348268208088,42 55 72 174 191 201 202 225,6,12,0,not_tested,0,not_tested,-1,0,0
320,280,213 243,2,3,2,2.1264678857063797,0.81787226373322308,35 70 213 229 243,1,10,0,not_tested,0,not_tested,-1,0,0
321,160,151 152,2,4,3,2.7771089185836946,0.81679674075991016,5 36 37 38 41 151 152,5,11,0,not_tested,0,not_tested,-1,0,0
322,425,189 190,2,2,1,1.4678881742428438,0.81549343013491327,83 145 147 161 172 189 190 195,5,14,0,not_tested,0,not_tested,-1,0,0
323,436,109 117,2,2,1,1.4580573603031681,0.81003186683509343,42 109 117 174 191 225 229 241,7,13,0,not_tested,0,not_tested,-1,0,0
324,440,114 160,2,2,1,1.4502805824653218,0.80571143470295647,114 160 195,0,4,0,not_tested,0,not_tested,-1,0,0
325,634,248 250,2,1,0,0.80346164407663434,0.80346164407663434,248 250,0,1,0,not_tested,0,not_tested,-1,0,0
326,296,69 84,2,3,2,2.0870777212290634,0.8027222004727167,69 84 114 117 132 160 195,2,12,0,not_tested,0,not_tested,-1,0,0
327,444,92 107,2,2,1,1.4389787061844541,0.79943261454691894,35 50 69 92 107,0,10,0,not_tested,0,not_tested,-1,0,0
328,299,84 100,2,3,2,2.0706911229590532,0.79641966267655895,42 84 100 117 132 174 191 225,7,12,0,not_tested,0,not_tested,-1,0,0
329,300,83 84,2,3,2,2.0700022794975563,0.7961547228836755,69 83 84 114 117 132 160 195,2,14,0,not_tested,0,not_tested,-1,0,0
330,452,215 229,2,2,1,1.4225396638193772,0.79029981323298737,35 70 213 215 229 243,1,10,0,not_tested,0,not_tested,-1,0,0
331,303,4 5,2,3,2,2.0522544553975859,0.7893286366913792,4 5 136 137 138,1,11,0,not_tested,0,not_tested,-1,0,0
332,455,81 98,2,2,1,1.4160764858907475,0.78670915882819314,69 81 98 114 117 132 160 195,2,14,0,not_tested,0,not_tested,-1,0,0
333,651,199 200,2,1,0,0.77022248357719447,0.77022248357719447,199 200,0,1,0,not_tested,0,not_tested,-1,0,0
334,653,188 189,2,1,0,0.76936161179983342,0.76936161179983342,188 189,0,1,0,not_tested,0,not_tested,-1,0,0
335,460,94 95,2,2,1,1.3761869724421234,0.76454831802340184,94 95 111 225,0,7,0,not_tested,0,not_tested,-1,0,0
336,163,38 92 111 145 161 172,6,8,6,2.7713719215386203,0.75582870587416917,38 92 111 145 161 172 189 195,5,11,0,not_tested,0,not_tested,-1,0,0
337,472,131 164,2,2,1,1.3446251799823123,0.74701398887906245,4 5 6 21 41 131 164,3,11,0,not_tested,0,not_tested,-1,0,0
338,329,160 177,2,3,2,1.9190922141605347,0.73811239006174412,81 83 160 177 179 195,0,12,0,not_tested,0,not_tested,-1,0,0
339,358,84 93 98 99 100 125,6,5,3,1.7164146344642857,0.73560627191326533,84 93 98 99 100 117 125 132,4,9,0,not_tested,0,not_tested,-1,0,0
340,334,35 243,2,3,2,1.9073168617265761,0.73358340835637548,35 70 213 229 243,1,10,0,not_tested,0,not_tested,-1,0,0
341,488,69 114,2,2,1,1.3170095779140514,0.73167198773002851,42 69 114 117 132 174 191 225,6,11,0,not_tested,0,not_tested,-1,0,0
342,491,232 248,2,2,1,1.3116019215789236,0.72866773421051312,4 6 21 43 58 232 248,5,8,0,not_tested,0,not_tested,-1,0,0
343,494,43 58,2,2,1,1.3078490823315332,0.72658282351751846,36 37 38 43 58,1,8,0,not_tested,0,not_tested,-1,0,0
344,497,227 264,2,2,1,1.3040134926320486,0.72445194035113814,227 232 264,0,4,0,not_tested,0,not_tested,-1,0,0
345,498,16 50,2,2,1,1.300202840954674,0.72233491164148556,16 50 69,0,4,0,not_tested,0,not_tested,-1,0,0
346,201,13 42 218 221 222 265,6,8,6,2.5544998554866631,0.69668177876908999,13 42 218 221 222 229 241 265,8,14,0,not_tested,0,not_tested,-1,0,0
347,353,160 177 187,3,3,2,1.7384460772950263,0.66863310665193321,81 83 160 177 179 187 195,0,12,0,not_tested,0,not_tested,-1,0,0
348,528,106 137 154,3,2,1,1.2006291180078796,0.66701617667104418,38 92 106 124 137 139 154,3,7,0,not_tested,0,not_tested,-1,0,0
349,159,55 72 73,3,5,4,2.7774387474687163,0.66129493987350385,36 37 38 55 72 73 75 76,5,14,0,not_tested,0,not_tested,-1,0,0
350,360,114 117 160,3,3,2,1.7096275889292663,0.65754907266510232,42 114 117 160 174 191 195 225,6,10,0,not_tested,0,not_tested,-1,0,0
351,539,137 138 154,3,2,1,1.1796744184627017,0.6553746769237232,38 92 124 137 138 139 154,3,7,0,not_tested,0,not_tested,-1,0,0
352,344,1 16 18 51 67 86,6,6,4,1.8104642937565254,0.65176714575234918,1 16 18 51 67 69 86,3,8,0,not_tested,0,not_tested,-1,0,0
353,365,27 28 43,3,3,2,1.6935617041629958,0.6513698862165368,27 28 36 37 38 43 92,1,11,0,not_tested,0,not_tested,-1,0,0
354,292,124 139 140 154 177 187,6,7,5,2.0941350621182844,0.64990398479532963,124 139 140 154 177 187 195,4,9,0,not_tested,0,not_tested,-1,0,0
355,551,158 254 271,3,2,1,1.1685044159052596,0.64916911994736637,158 227 232 247 254 264 271,1,9,0,not_tested,0,not_tested,-1,0,0
356,368,105 106 137,3,3,2,1.6788476729321777,0.64571064343545292,70 105 106 137 213 229 241 243,4,14,0,not_tested,0,not_tested,-1,0,0
357,370,158 159 192,3,3,2,1.6720653228753997,0.64310204725976905,158 159 192 227 232 247 254 264,1,11,0,not_tested,0,not_tested,-1,0,0
358,371,38 55 72,3,3,2,1.6720477955588902,0.64309530598418851,38 55 72 174 191 201 202 225,5,11,0,not_tested,0,not_tested,-1,0,0
359,181,227 240 241,3,5,4,2.6904117591722048,0.64057422837433442,35 70 213 227 229 240 241 243,3,15,0,not_tested,0,not_tested,-1,0,0
360,372,28 43 58,3,3,2,1.6624549520627303,0.63940575079335771,28 36 37 38 43 58 92,1,11,0,not_tested,0,not_tested,-1,0,0
361,263,92 124 139,3,4,3,2.1717758822907114,0.63875761243844453,35 38 50 92 107 124 139 155,2,16,0,not_tested,0,not_tested,-1,0,0
362,271,226 227 256,3,4,3,2.1597179472984958,0.63521116097014585,35 70 213 226 227 229 243 256,2,14,0,not_tested,0,not_tested,-1,0,0
363,563,41 43 58,3,2,1,1.1430519347437764,0.6350288526354313,36 37 38 41 43 58,1,8,0,not_tested,0,not_tested,-1,0,0
364,373,84 99 100,3,3,2,1.6502026088032806,0.63469331107818483,84 99 100 117 132 174 191 225,6,11,0,not_tested,0,not_tested,-1,0,0
365,567,138 158 254,3,2,1,1.1313999450611831,0.62855552503399059,138 158 227 232 247 254 264,1,9,0,not_tested,0,not_tested,-1,0,0
366,281,46 63 64,3,4,3,2.126177434604053,0.6253463042953098,35 46 50 63 64 69 111 225,1,17,0,not_tested,0,not_tested,-1,0,0
367,377,69 114 117,3,3,2,1.624812756889024,0.62492798341885536,42 69 114 117 132 174 191 225,6,11,0,not_tested,0,not_tested,-1,0,0
368,571,37 38 55,3,2,1,1.1174934561870951,0.62082969788171949,36 37 38 55 69 114 160 229,2,18,0,not_tested,0,not_tested,-1,0,0
369,574,129 131 164,3,2,1,1.1075974862120606,0.61533193678447806,4 5 6 21 41 129 131 164,3,11,0,not_tested,0,not_tested,-1,0,0
370,381,151 184 200,3,3,2,1.5994983503819344,0.61519167322382096,70 151 184 200 213 229 241 243,4,14,0,not_tested,0,not_tested,-1,0,0
371,206,46 61 63 93 94 95 125,7,9,7,2.5168357712150025,0.61220329570094645,46 61 63 93 94 95 111 125,7,12,0,not_tested,0,not_tested,-1,0,0
372,580,218 219 221,3,2,1,1.0964651756347905,0.6091473197971059,70 213 218 219 221 229 241 243,3,13,0,not_tested,0,not_tested,-1,0,0
373,209,184 200 205 215 240 256 259,7,9,7,2.4945584553421147,0.60678448913727112,184 200 205 215 229 240 256 259,6,11,0,not_tested,0,not_tested,-1,0,0
374,204,227 241 243,3,5,4,2.5353673482974632,0.60365889245177695,35 70 213 227 229 241 243,2,15,0,not_tested,0,not_tested,-1,0,0
375,306,175 190 218,3,4,3,2.0462976855984416,0.60185226047012996,70 175 190 213 218 229 241 243,5,15,0,not_tested,0,not_tested,-1,0,0
376,308,13 42 218,3,4,3,2.0423082593931237,0.60067889982150702,13 42 70 213 218 229 241 243,5,15,0,not_tested,0,not_tested,-1,0,0
377,398,5 36 69,3,3,2,1.5591634327783008,0.59967824337626952,5 36 69 104 105 119 121 241,6,12,0,not_tested,0,not_tested,-1,0,0
378,217,37 100 109 117 124 139 205 251,8,9,7,2.4366794855884626,0.59270582081881518,37 100 109 117 124 139 205 251,7,9,0,not_tested,0,not_tested,-1,0,0
379,406,185 197 199,3,3,2,1.5294157055090465,0.58823680981117166,185 195 197 199,1,5,0,not_tested,0,not_tested,-1,0,0
380,589,155 188 189,3,2,1,1.0549278390357066,0.5860710216865036,35 50 69 155 188 189,0,10,0,not_tested,0,not_tested,-1,0,0
381,321,175 192 208,3,4,3,1.9655211282359322,0.57809444948115662,175 192 208 227 232 247 254 264,2,12,0,not_tested,0,not_tested,-1,0,0
382,149,46 61 63 93 94 95 125 272,8,11,9,2.8517749264514198,0.57035498529028406,46 61 63 93 94 95 125 272,9,11,0,not_tested,0,not_tested,-1,0,0
383,427,232 247 248,3,3,2,1.467105440777307,0.56427132337588726,136 138 232 247 248,1,7,0,not_tested,0,not_tested,-1,0,0
384,429,131 164 197,3,3,2,1.4632763524798063,0.5627985971076177,4 5 6 21 131 164 195 197,3,12,0,not_tested,0,not_tested,-1,0,0
385,705,187 248 250,3,1,0,0.56138560092124279,0.56138560092124279,187 248 250,0,1,0,not_tested,0,not_tested,-1,0,0
386,335,107 139 155,3,4,3,1.9051877170423535,0.5603493285418687,35 50 69 92 107 124 139 155,2,17,0,not_tested,0,not_tested,-1,0,0
387,336,92 107 124,3,4,3,1.9019554392021989,0.55939865858888205,35 38 50 69 92 107 124,1,13,0,not_tested,0,not_tested,-1,0,0
388,596,1 16 18,3,2,1,1.0052375271190339,0.55846529284390767,1 16 18 35 50 69,0,10,0,not_tested,0,not_tested,-1,0,0
389,598,93 94 95,3,2,1,0.99950242009698143,0.55527912227610077,93 94 95 111 225,0,7,0,not_tested,0,not_tested,-1,0,0
390,708,248 250 265,3,1,0,0.55474554180147162,0.55474554180147162,248 250 265,0,1,0,not_tested,0,not_tested,-1,0,0
391,446,28 142 157,3,3,2,1.4354735372561038,0.55210520663696305,28 35 38 50 69 92 142 157,1,13,0,not_tested,0,not_tested,-1,0,0
392,171,1 16 18 42 67 240 256 259,8,11,9,2.7363741312782768,0.54727482625565538,1 16 18 42 67 240 256 259,9,11,0,not_tested,0,not_tested,-1,0,0
393,459,109 117 205 251,4,3,2,1.3886791670053622,0.53410737192513924,109 117 132 174 191 205 225 251,6,11,0,not_tested,0,not_tested,-1,0,0
394,349,4 232 247 248,4,4,3,1.746867147734966,0.51378445521616645,4 136 138 232 247 248,2,9,0,not_tested,0,not_tested,-1,0,0
395,352,32 48 113 129,4,4,3,1.7430087044055063,0.51264961894279593,32 48 81 113 129 130 131 164,1,20,0,not_tested,0,not_tested,-1,0,0
396,487,1 16 18 67,4,3,2,1.3243178462762459,0.50935301779855613,1 16 18 35 50 67 69,0,12,0,not_tested,0,not_tested,-1,0,0
397,375,158 159 175 192,4,4,3,1.6329643605305935,0.48028363545017455,158 159 175 192 254 271 272,2,12,0,not_tested,0,not_tested,-1,0,0
398,385,13 218 221 265,4,4,3,1.5820704357372508,0.46531483404036789,13 218 221 229 232 241 265,3,12,0,not_tested,0,not_tested,-1,0,0
399,232,184 200 215 240 256 259,6,7,6,2.3325155709445862,0.40215785705941143,184 200 215 229 240 241 256 259,5,13,0,not_tested,0,not_tested,-1,0,0
400,109,240 241 243 244 256 259,6,10,9,3.1791328395957579,0.38769912677997054,213 229 240 241 243 244 256 259,7,17,0,not_tested,0,not_tested,-1,0,0
401,249,145 147 161 172 222 229,6,7,6,2.2330741371282867,0.38501278226349767,145 147 161 172 189 195 222 229,5,13,0,not_tested,0,not_tested,-1,0,0
402,107,124 139 140 154 177 187 231 244,8,11,10,3.1959048287702498,0.35510053653002782,124 139 140 154 177 187 231 244,10,11,0,not_tested,0,not_tested,-1,0,0
403,351,27 84 93 98 99 106 125,7,6,5,1.7430595109968847,0.34861190219937693,27 84 93 98 99 100 106 125,4,9,0,not_tested,0,not_tested,-1,0,0
404,244,46 61 63 93 94 95 109,7,8,7,2.2424444721257375,0.33976431395844503,46 61 63 93 94 95 109 111,7,11,0,not_tested,0,not_tested,-1,0,0
405,261,46 61 63 94 95 248 250 272,8,9,8,2.175136305835403,0.29393733862640586,46 61 63 94 95 248 250 272,8,9,0,not_tested,0,not_tested,-1,0,0
406,272,184 200 205 215 222 240 256 259,8,9,8,2.158960121787683,0.2917513678091464,184 200 205 215 222 240 256 259,8,9,0,not_tested,0,not_tested,-1,0,0
407,711,18,1,0,0,0.27498927126067579,0.27498927126067579,18,0,0,0,not_tested,0,not_tested,-1,0,0
408,712,12,1,0,0,0.27452566221964747,0.27452566221964747,12,0,0,0,not_tested,0,not_tested,-1,0,0
409,714,114,1,0,0,0.2736109480562815,0.2736109480562815,114,0,0,0,not_tested,0,not_tested,-1,0,0
410,715,187,1,0,0,0.27358646449788532,0.27358646449788532,187,0,0,0,not_tested,0,not_tested,-1,0,0
411,466,104,1,1,1,1.3638630552727689,0.27277261105455375,35 70 104 213 229 241 243,2,15,0,not_tested,0,not_tested,-1,0,0
412,718,1,1,0,0,0.2727360340280518,0.2727360340280518,1,0,0,0,not_tested,0,not_tested,-1,0,0
413,467,155,1,1,1,1.3622658186411747,0.27245316372823492,35 50 69 155,0,9,0,not_tested,0,not_tested,-1,0,0
414,720,38,1,0,0,0.27063073911618629,0.27063073911618629,38,0,0,0,not_tested,0,not_tested,-1,0,0
415,724,250,1,0,0,0.26891048657786909,0.26891048657786909,250,0,0,0,not_tested,0,not_tested,-1,0,0
416,473,4,1,1,1,1.3444378969793918,0.26888757939587837,4 104 105 119 121 219 229 241,3,14,0,not_tested,0,not_tested,-1,0,0
417,725,265,1,0,0,0.26807771055901519,0.26807771055901519,265,0,0,0,not_tested,0,not_tested,-1,0,0
418,726,93,1,0,0,0.26716500797480897,0.26716500797480897,93,0,0,0,not_tested,0,not_tested,-1,0,0
419,727,48,1,0,0,0.26709998741625379,0.26709998741625379,48,0,0,0,not_tested,0,not_tested,-1,0,0
420,480,84,1,1,1,1.3343757557279543,0.26687515114559085,69 84 114 117 132 160 195,2,12,0,not_tested,0,not_tested,-1,0,0
421,482,98,1,1,1,1.3297675358007566,0.26595350716015131,69 98 114 117 132 160 195,2,13,0,not_tested,0,not_tested,-1,0,0
422,483,177,1,1,1,1.3282897770591968,0.26565795541183934,177 195,0,3,0,not_tested,0,not_tested,-1,0,0
423,731,179,1,0,0,0.26363595482404312,0.26363595482404312,179,0,0,0,not_tested,0,not_tested,-1,0,0
424,490,61,1,1,1,1.3156002808621692,0.26312005617243384,11 13 29 35 50 61 64 69,1,18,0,not_tested,0,not_tested,-1,0,0
425,732,248,1,0,0,0.26294388633251542,0.26294388633251542,248,0,0,0,not_tested,0,not_tested,-1,0,0
426,735,3,1,0,0,0.26254962225391831,0.26254962225391831,3,0,0,0,not_tested,0,not_tested,-1,0,0
427,492,109,1,1,1,1.3100016379210424,0.26200032758420849,42 109 174 191 225 229 241,7,12,0,not_tested,0,not_tested,-1,0,0
428,493,28,1,1,1,1.308286299500697,0.26165725990013938,28 38 92,0,3,0,not_tested,0,not_tested,-1,0,0
429,737,11,1,0,0,0.26026839195750423,0.26026839195750423,11,0,0,0,not_tested,0,not_tested,-1,0,0
430,500,151,1,1,1,1.2841073190617349,0.256821463812347,5 6 21 41 43 58 151,3,7,0,not_tested,0,not_tested,-1,0,0
431,501,40,1,1,1,1.2816879676150792,0.25633759352301583,4 5 6 21 40 41,3,10,0,not_tested,0,not_tested,-1,0,0
432,744,188,1,0,0,0.25491936778768859,0.25491936778768859,188,0,0,0,not_tested,0,not_tested,-1,0,0
433,504,218,1,1,1,1.2712419073215229,0.25424838146430456,35 70 213 218 229 241 243,2,15,0,not_tested,0,not_tested,-1,0,0
434,506,169,1,1,1,1.268876942449999,0.25377538848999981,5 6 21 41 43 58 169,3,7,0,not_tested,0,not_tested,-1,0,0
435,508,117,1,1,1,1.2588355915519642,0.25176711831039283,42 117 174 191 225 229 241,7,12,0,not_tested,0,not_tested,-1,0,0
436,749,174,1,0,0,0.25075159668360131,0.25075159668360131,174,0,0,0,not_tested,0,not_tested,-1,0,0
437,509,27,1,1,1,1.2523918632859721,0.25047837265719441,27 36 37 38 69 114 160 229,2,16,0,not_tested,0,not_tested,-1,0,0
438,514,213,1,1,1,1.2410872645566786,0.24821745291133571,213 229,0,3,0,not_tested,0,not_tested,-1,0,0
439,752,200,1,0,0,0.24807771165168283,0.24807771165168283,200,0,0,0,not_tested,0,not_tested,-1,0,0
440,515,100,1,1,1,1.2392721538628257,0.24785443077256517,69 100 114 117 132 160 195,2,12,0,not_tested,0,not_tested,-1,0,0
441,518,29,1,1,1,1.2306319092878111,0.24612638185756222,29 35 50 69,0,9,0,not_tested,0,not_tested,-1,0,0
442,756,201,1,0,0,0.2441749035780208,0.2441749035780208,201,0,0,0,not_tested,0,not_tested,-1,0,0
443,520,190,1,1,1,1.2195620895352983,0.24391241790705967,83 145 147 161 172 189 190 195,5,14,0,not_tested,0,not_tested,-1,0,0
444,523,192,1,1,1,1.2136699361544048,0.24273398723088094,192 227 232 247 264,1,8,0,not_tested,0,not_tested,-1,0,0
445,532,197,1,1,1,1.1947029136451011,0.23894058272902022,195 197,0,3,0,not_tested,0,not_tested,-1,0,0
446,534,132,1,1,1,1.1863130437498364,0.23726260874996727,42 132 174 191 225 229 241,7,12,0,not_tested,0,not_tested,-1,0,0
447,538,172,1,1,1,1.181113637040905,0.23622272740818101,5 41 151 152 153 169 172,5,11,0,not_tested,0,not_tested,-1,0,0
448,542,13,1,1,1,1.1764347158647765,0.23528694317295532,11 12 13 28 158 254 271,2,13,0,not_tested,0,not_tested,-1,0,0
449,545,58,1,1,1,1.1756643138725948,0.23513286277451897,36 37 38 58 69 114 160 229,2,16,0,not_tested,0,not_tested,-1,0,0
450,765,94,1,0,0,0.23255892483383989,0.23255892483383989,94,0,0,0,not_tested,0,not_tested,-1,0,0
451,557,159,1,1,1,1.156868805316416,0.23137376106328322,159 227 232 247 264,1,8,0,not_tested,0,not_tested,-1,0,0
452,564,50,1,1,1,1.1417238237326612,0.22834476474653226,50 69,0,3,0,not_tested,0,not_tested,-1,0,0
453,565,119,1,1,1,1.1397208232568659,0.22794416465137318,35 70 119 213 229 241 243,2,15,0,not_tested,0,not_tested,-1,0,0
454,767,191,1,0,0,0.22707558705589809,0.22707558705589809,191,0,0,0,not_tested,0,not_tested,-1,0,0
455,387,28 61,2,2,2,1.5746459003927238,0.17496065559919152,11 13 28 29 38 61 64 92,2,13,0,not_tested,0,not_tested,-1,0,0
456,135,241 243,2,4,4,2.9590923834118508,0.17406425784775592,35 70 213 229 241 243,2,14,0,not_tested,0,not_tested,-1,0,0
457,604,1 4,2,1,1,0.87023326403285084,0.17404665280657017,1 4 104 105 119 121 229 241,4,12,0,not_tested,0,not_tested,-1,0,0
458,395,28 157,2,2,2,1.5610371622899351,0.17344857358777058,28 35 38 50 69 92 157,1,12,0,not_tested,0,not_tested,-1,0,0
459,397,27 29,2,2,2,1.559382826891424,0.17326475854349155,27 29 35 36 37 38 50 69,1,16,0,not_tested,0,not_tested,-1,0,0
460,606,3 4,2,1,1,0.86563762767869346,0.17312752553573868,3 4 104 105 119 121 229 241,4,12,0,not_tested,0,not_tested,-1,0,0
461,611,264 265,2,1,1,0.85910824452599044,0.17182164890519808,232 264 265,0,3,0,not_tested,0,not_tested,-1,0,0
462,612,247 248,2,1,1,0.85551841833265063,0.17110368366653012,4 6 21 43 58 247 248,5,7,0,not_tested,0,not_tested,-1,0,0
463,613,39 70,2,1,1,0.85465099220003815,0.17093019844000762,4 5 6 21 39 41 70,3,10,0,not_tested,0,not_tested,-1,0,0
464,615,184 185,2,1,1,0.84504686092413772,0.16900937218482753,42 174 184 185 191 201 202 225,6,15,0,not_tested,0,not_tested,-1,0,0
465,616,221 265,2,1,1,0.84498337998943018,0.16899667599788604,221 232 265,0,3,0,not_tested,0,not_tested,-1,0,0
466,410,27 61,2,2,2,1.5207128305632469,0.16896809228480519,27 36 37 38 61,2,8,0,not_tested,0,not_tested,-1,0,0
467,618,48 50,2,1,1,0.83723884581843655,0.16744776916368728,48 50 69,0,3,0,not_tested,0,not_tested,-1,0,0
468,415,100 132,2,2,2,1.503625224431465,0.1670694693812739,42 100 132 174 191 225 229 241,8,13,0,not_tested,0,not_tested,-1,0,0
469,619,138 158,2,1,1,0.832817473191788,0.1665634946383576,138 158 227 232 247 264,1,8,0,not_tested,0,not_tested,-1,0,0
470,417,98 114,2,2,2,1.4959835949868783,0.16622039944298647,69 98 114 117 132 160 195,2,13,0,not_tested,0,not_tested,-1,0,0
471,620,254 271,2,1,1,0.83032669968010675,0.16606533993602132,227 232 247 254 264 271,1,8,0,not_tested,0,not_tested,-1,0,0
472,418,172 190,2,2,2,1.490429342797102,0.16560326031078912,5 41 151 152 153 169 172 190,6,12,0,not_tested,0,not_tested,-1,0,0
473,423,169 218,2,2,2,1.4738802122735017,0.16376446803038908,35 70 169 213 218 229 241 243,3,16,0,not_tested,0,not_tested,-1,0,0
474,627,129 130,2,1,1,0.814785920261763,0.16295718405235257,4 5 6 21 41 129 130,3,10,0,not_tested,0,not_tested,-1,0,0
475,628,177 187,2,1,1,0.81454605296610072,0.16290921059322014,177 187 195,0,3,0,not_tested,0,not_tested,-1,0,0
476,428,27 28,2,2,2,1.4659364208764079,0.16288182454182309,27 28 36 37 38 92,1,10,0,not_tested,0,not_tested,-1,0,0
477,629,200 218,2,1,1,0.81367358111466059,0.16273471622293209,35 70 200 213 218 229 241 243,2,15,0,not_tested,0,not_tested,-1,0,0
478,430,4 6,2,2,2,1.462485180499995,0.16249835338888832,4 6 136 137 138,1,10,0,not_tested,0,not_tested,-1,0,0
479,630,104 121,2,1,1,0.81184584244836122,0.16236916848967226,35 70 104 121 213 229 241 243,2,15,0,not_tested,0,not_tested,-1,0,0
480,433,119 151,2,2,2,1.4599610638068155,0.16221789597853503,35 70 119 151 213 229 241 243,3,16,0,not_tested,0,not_tested,-1,0,0
481,434,42 104,2,2,2,1.4595967296293741,0.16217741440326378,35 42 70 104 213 229 241 243,3,16,0,not_tested,0,not_tested,-1,0,0
482,631,11 27,2,1,1,0.80755313600415646,0.16151062720083129,11 27 36 37 38,1,7,0,not_tested,0,not_tested,-1,0,0
483,439,105 106,2,2,2,1.45066062824896,0.16118451424988445,35 70 105 106 213 229 241 243,3,16,0,not_tested,0,not_tested,-1,0,0
484,635,218 219,2,1,1,0.80002538253113176,0.16000507650622636,35 70 213 218 219 229 241 243,2,15,0,not_tested,0,not_tested,-1,0,0
485,638,93 125,2,1,1,0.79471004892088992,0.15894200978417797,11 13 29 35 50 64 93 125,2,16,0,not_tested,0,not_tested,-1,0,0
486,639,219 221,2,1,1,0.79377617295117009,0.158755234590234,35 70 213 219 221 229 241 243,2,15,0,not_tested,0,not_tested,-1,0,0
487,451,70 72,2,2,2,1.4232163129318665,0.1581351458813185,42 70 72 174 191 201 202 225,6,11,0,not_tested,0,not_tested,-1,0,0
488,453,27 42,2,2,2,1.4201120670800971,0.15779022967556633,27 35 42 70 213 229 241 243,3,16,0,not_tested,0,not_tested,-1,0,0
489,646,12 13,2,1,1,0.77483332726457499,0.15496666545291499,11 12 13 28 158 254 271,2,13,0,not_tested,0,not_tested,-1,0,0
490,647,16 18,2,1,1,0.77482046312379793,0.15496409262475958,16 18 35 50 69,0,9,0,not_tested,0,not_tested,-1,0,0
491,457,92 105,2,2,2,1.3895446261925219,0.15439384735472467,35 70 92 105 213 229 241 243,3,16,0,not_tested,0,not_tested,-1,0,0
492,318,83 147,2,3,3,1.9995191138299162,0.15380916260230124,83 147 151 152 153 169 195,4,14,0,not_tested,0,not_tested,-1,0,0
493,463,271 272,2,2,2,1.3699819065701169,0.15222021184112411,227 232 247 264 271 272,2,9,0,not_tested,0,not_tested,-1,0,0
494,464,197 213,2,2,2,1.3666274800239677,0.15184749778044085,195 197 213 229,0,6,0,not_tested,0,not_tested,-1,0,0
495,659,36 41,2,1,1,0.75654193606024012,0.15130838721204801,36 37 38 41 69 114 160 229,2,15,0,not_tested,0,not_tested,-1,0,0
496,662,158 271,2,1,1,0.75473749484651032,0.15094749896930204,158 227 232 247 264 271,1,8,0,not_tested,0,not_tested,-1,0,0
497,470,192 272,2,2,2,1.3581214208492813,0.1509023800943646,192 227 232 247 264 272,2,9,0,not_tested,0,not_tested,-1,0,0
498,663,12 29,2,1,1,0.75203837904441184,0.15040767580888237,12 29 35 50 69,0,9,0,not_tested,0,not_tested,-1,0,0
499,202,240 241,2,4,4,2.5508600162841737,0.15005058919318667,35 70 213 229 240 241 243,3,14,0,not_tested,0,not_tested,-1,0,0
500,471,92 124,2,2,2,1.3454406067358826,0.1494934007484314,29 38 64 92 124 142 157,2,10,0,not_tested,0,not_tested,-1,0,0
501,665,114 117,2,1,1,0.74394360253746883,0.14878872050749375,42 114 117 174 191 225 229 241,7,12,0,not_tested,0,not_tested,-1,0,0
502,478,63 64,2,2,2,1.3374773418525052,0.14860859353916722,11 13 29 35 50 63 64 69,1,17,0,not_tested,0,not_tested,-1,0,0
503,479,175 218,2,2,2,1.3373396999716074,0.14859329999684529,35 70 175 213 218 229 241 243,3,16,0,not_tested,0,not_tested,-1,0,0
504,328,226 256,2,3,3,1.9274414827999367,0.14826472944614896,35 70 213 226 229 243 256,2,13,0,not_tested,0,not_tested,-1,0,0
505,666,205 251,2,1,1,0.74129581057422833,0.14825916211484566,42 174 191 205 225 229 241 251,6,12,0,not_tested,0,not_tested,-1,0,0
506,669,41 58,2,1,1,0.73948087235558591,0.14789617447111719,36 37 38 41 58,1,7,0,not_tested,0,not_tested,-1,0,0
507,670,137 154,2,1,1,0.73807582848445941,0.14761516569689187,38 92 107 124 137 139 154 155,3,11,0,not_tested,0,not_tested,-1,0,0
508,485,98 177,2,2,2,1.3270262007692708,0.14744735564103009,69 83 98 114 160 177 195,2,12,0,not_tested,0,not_tested,-1,0,0
509,486,254 272,2,2,2,1.325300844098553,0.14725564934428365,227 232 247 254 264 272,2,9,0,not_tested,0,not_tested,-1,0,0
510,795,11 12,2,0,0,0.14691114654571821,0.14691114654571821,11 12,0,0,0,not_tested,0,not_tested,-1,0,0
511,338,70 213,2,3,3,1.8973650232907997,0.14595115563775382,35 70 213 229,1,8,0,not_tested,0,not_tested,-1,0,0
512,673,11 28,2,1,1,0.72924972421521428,0.14584994484304284,11 28 38 92,0,3,0,not_tested,0,not_tested,-1,0,0
513,797,187 188,2,0,0,0.14569717183330619,0.14569717183330619,187 188,0,0,0,not_tested,0,not_tested,-1,0,0
514,676,138 154,2,1,1,0.72382560957371223,0.14476512191474245,38 92 107 124 138 139 154 155,3,11,0,not_tested,0,not_tested,-1,0,0
515,499,104 105,2,2,2,1.2984787704232938,0.14427541893592152,35 70 104 105 213 229 241 243,3,16,0,not_tested,0,not_tested,-1,0,0
516,799,248 265,2,0,0,0.14400274122971821,0.14400274122971821,248 265,0,0,0,not_tested,0,not_tested,-1,0,0
517,677,177 179,2,1,1,0.71829890967901144,0.14365978193580228,177 179 195,0,3,0,not_tested,0,not_tested,-1,0,0
518,531,42 104 121,3,2,2,1.1953980154635218,0.13282200171816907,42 70 104 121 213 229 241 243,4,13,0,not_tested,0,not_tested,-1,0,0
519,537,98 99 114,3,2,2,1.1818869958174938,0.13132077731305486,69 98 99 114 117 132 160 195,2,13,0,not_tested,0,not_tested,-1,0,0
520,362,83 84 99,3,3,3,1.7050009554335714,0.13115391964873624,83 84 99 117 132 195,3,9,0,not_tested,0,not_tested,-1,0,0
521,363,5 36 37,3,3,3,1.7035432321975394,0.13104178709211839,5 36 37 104 105 119 121 241,7,12,0,not_tested,0,not_tested,-1,0,0
522,681,205 250 251,3,1,1,0.65507167440965797,0.13101433488193159,42 174 191 205 225 241 250 251,7,10,0,not_tested,0,not_tested,-1,0,0
523,540,200 215 229,3,2,2,1.1775044411304232,0.13083382679226924,35 70 200 213 215 229 241 243,2,14,0,not_tested,0,not_tested,-1,0,0
524,682,104 121 219,3,1,1,0.65339039302547697,0.13067807860509539,70 104 121 213 219 229 241 243,3,12,0,not_tested,0,not_tested,-1,0,0
525,546,184 200 215,3,2,2,1.1750529275150152,0.13056143639055723,70 184 200 213 215 229 241 243,3,13,0,not_tested,0,not_tested,-1,0,0
526,683,185 188 199,3,1,1,0.65166185582945002,0.13033237116589,174 185 188 191 199 201 202 225,5,14,0,not_tested,0,not_tested,-1,0,0
527,550,104 105 121,3,2,2,1.1689229383700004,0.12988032648555559,70 104 105 121 213 229 241 243,4,13,0,not_tested,0,not_tested,-1,0,0
528,175,197 241 243,3,5,5,2.7240513863968312,0.12971673268556339,35 70 195 197 213 229 241 243,2,17,0,not_tested,0,not_tested,-1,0,0
529,260,70 130 213,3,4,4,2.1797836223532303,0.12822256602077825,35 70 130 213 229,2,9,0,not_tested,0,not_tested,-1,0,0
530,561,125 159 192,3,2,2,1.1508948562771395,0.12787720625301549,125 159 192 227 232 247 264,2,9,0,not_tested,0,not_tested,-1,0,0
531,690,137 154 187,3,1,1,0.63281928730042825,0.12656385746008564,38 92 124 137 139 154 187,3,6,0,not_tested,0,not_tested,-1,0,0
532,568,142 155 157,3,2,2,1.1307759513944478,0.12564177237716084,35 38 50 69 92 142 155 157,1,12,0,not_tested,0,not_tested,-1,0,0
533,380,98 114 117,3,3,3,1.6052972765277458,0.12348440588674967,69 98 114 117 132 160 195,2,13,0,not_tested,0,not_tested,-1,0,0
534,573,215 229 243,3,2,2,1.1093949157356726,0.12326610174840807,35 70 213 215 229 243,1,10,0,not_tested,0,not_tested,-1,0,0
535,575,27 41 42,3,2,2,1.1069513859358775,0.1229945984373197,27 41 42 70 213 229 241 243,4,13,0,not_tested,0,not_tested,-1,0,0
536,576,190 205 251,3,2,2,1.1043688856086551,0.12270765395651723,42 174 190 191 205 225 241 251,8,11,0,not_tested,0,not_tested,-1,0,0
537,383,124 139 140,3,3,3,1.5903049998021457,0.12233115383093428,38 92 107 124 139 140 155,2,11,0,not_tested,0,not_tested,-1,0,0
538,578,67 81 98,3,2,2,1.099539796679339,0.12217108851992654,67 69 81 98 114 117 132 160,3,12,0,not_tested,0,not_tested,-1,0,0
539,697,248 250 251,3,1,1,0.61052836144944167,0.12210567228988833,42 174 191 225 241 248 250 251,7,10,0,not_tested,0,not_tested,-1,0,0
540,311,174 191 225,3,4,4,2.0306416303116812,0.11944950766539303,42 174 191 213 225 229 241 243,6,14,0,not_tested,0,not_tested,-1,0,0
541,403,46 61 63,3,3,3,1.540369050861119,0.11848992698931683,35 46 50 61 63 64 111 225,2,16,0,not_tested,0,not_tested,-1,0,0
542,590,84 98 99,3,2,2,1.051667133174442,0.11685190368604911,84 98 99 117 132 174 191 225,6,10,0,not_tested,0,not_tested,-1,0,0
543,700,200 218 219,3,1,1,0.58421228622104227,0.11684245724420844,70 200 213 218 219 229 241 243,3,12,0,not_tested,0,not_tested,-1,0,0
544,593,155 157 189,3,2,2,1.0230551751032466,0.11367279723369407,35 38 50 69 92 155 157 189,0,12,0,not_tested,0,not_tested,-1,0,0
545,426,100 132 151,3,3,3,1.4677977990812081,0.11290752300624676,42 100 132 151 174 191 225 241,10,12,0,not_tested,0,not_tested,-1,0,0
546,331,51 86 105,3,4,4,1.913440167458665,0.11255530396815677,51 70 86 105 213 229 241 243,6,15,0,not_tested,0,not_tested,-1,0,0
547,431,107 124 155,3,3,3,1.4624490260042007,0.11249607892340004,35 38 50 69 92 107 124 155,1,16,0,not_tested,0,not_tested,-1,0,0
548,595,192 250 272,3,2,2,1.0080050257575883,0.1120005584175098,192 227 232 247 250 264 272,2,9,0,not_tested,0,not_tested,-1,0,0
549,707,200 221 265,3,1,1,0.55976024841042837,0.11195204968208568,200 221 232 265,0,3,0,not_tested,0,not_tested,-1,0,0
550,441,86 104 119,3,3,3,1.4501990941099712,0.11155377646999777,70 86 104 119 213 229 241 243,5,14,0,not_tested,0,not_tested,-1,0,0
551,710,129 130 131,3,1,1,0.55152942545361505,0.110305885090723,4 5 6 21 41 129 130 131,3,10,0,not_tested,0,not_tested,-1,0,0
552,447,32 48 113,3,3,3,1.4334192509461867,0.11026301930355283,32 48 81 113 129 130 131 164,1,20,0,not_tested,0,not_tested,-1,0,0
553,346,28 124 142 157,4,4,4,1.7968406499360001,0.10569650881976471,28 35 50 69 124 142 157,3,12,0,not_tested,0,not_tested,-1,0,0
554,348,39 40 75 76,4,4,4,1.7809542336749478,0.10476201374558516,36 37 38 39 40 55 75 76,3,15,0,not_tested,0,not_tested,-1,0,0
555,315,13 218 221 222 265,5,5,5,2.0234321723814737,0.096353912970546379,13 189 218 221 222 229 241 265,6,12,0,not_tested,0,not_tested,-1,0,0
556,517,5 6 21 41,4,3,3,1.2384250845584286,0.095263468042956045,5 6 21 36 37 38 41,3,9,0,not_tested,0,not_tested,-1,0,0
557,325,37 100 124 139,4,5,5,1.9525017194726908,0.092976272355842424,37 38 92 100 107 124 139 155,4,13,0,not_tested,0,not_tested,-1,0,0
558,393,6 21 43 58,4,4,4,1.5619179697336305,0.091877527631390024,5 6 21 41 43 58,3,6,0,not_tested,0,not_tested,-1,0,0
559,435,104 119 121 219 222,5,4,4,1.4593577038000838,0.085844570811769647,104 119 121 189 219 222 229 241,5,11,0,not_tested,0,not_tested,-1,0,0
560,228,145 147 160 161 177 187,6,7,7,2.3536978108457309,0.081161993477439007,145 147 160 161 177 187 189 195,5,12,0,not_tested,0,not_tested,-1,0,0
561,229,145 147 160 161 177,5,7,7,2.350092835971302,0.081037683999010429,83 145 147 160 161 177 189 195,5,17,0,not_tested,0,not_tested,-1,0,0
562,230,13 218 221 240 256 259 265,7,8,8,2.3491388447540924,0.071186025598608857,13 218 221 229 240 256 259 265,7,10,0,not_tested,0,not_tested,-1,0,0
563,320,5 41 153 158 159 175 192,7,7,8,1.9715016534380008,-0.20394844690737937,5 41 153 158 159 175 192 254,7,8,0,not_tested,0,not_tested,-1,0,0
564,298,46 61 63 94 95 272,6,7,8,2.0807053050287778,-0.21524537638228736,28 46 61 63 94 95 111 272,8,11,0,not_tested,0,not_tested,-1,0,0
565,256,184 200 215 240 244 256 259,7,7,8,2.2088030896905679,-0.2284968713473001,184 200 215 229 240 244 256 259,7,9,0,not_tested,0,not_tested,-1,0,0
566,461,109 117 124 205 251,5,4,5,1.3727441386068606,-0.2422489656365048,38 92 109 117 124 132 205 251,5,10,0,not_tested,0,not_tested,-1,0,0
567,309,46 61 63 93 94 95,6,6,7,2.0351520518585726,-0.24421824622302873,28 46 61 63 93 94 95 111,7,10,0,not_tested,0,not_tested,-1,0,0
568,359,5 41 158 159 175 192,6,5,6,1.7118685834080813,-0.24455265477258303,5 41 158 159 175 192 254,5,6,0,not_tested,0,not_tested,-1,0,0
569,218,42 132 240 256 259,5,7,8,2.430771912500985,-0.25145916336217083,42 132 229 240 241 256 259,6,13,0,not_tested,0,not_tested,-1,0,0
570,345,37 51 86 100 105,5,5,6,1.8103251857918812,-0.25861788368455441,37 51 86 100 105 229 241,7,11,0,not_tested,0,not_tested,-1,0,0
571,507,1 16 18 51,4,3,4,1.2596809265004347,-0.29069559842317721,1 16 18 35 50 51 67 69,2,16,0,not_tested,0,not_tested,-1,0,0
572,342,145 147 161 172,4,4,5,1.8370124808166834,-0.32417867308529708,83 145 147 161 172 189 195,5,13,0,not_tested,0,not_tested,-1,0,0
573,709,93 125 140,3,1,2,0.55454551725203272,-0.33272731035121961,29 64 93 125 140 142 157,3,7,0,not_tested,0,not_tested,-1,0,0
574,597,104 121 139,3,2,3,0.9997541786288795,-0.33325139287629313,70 104 121 139 213 229 241 243,5,13,0,not_tested,0,not_tested,-1,0,0
575,443,27 46 61,3,3,4,1.4474069589493717,-0.33401699052677802,27 42 46 61 64 111 225 241,6,15,0,not_tested,0,not_tested,-1,0,0
576,437,139 172 190,3,3,4,1.4527460303605553,-0.33524908392935887,35 50 69 107 139 155 172 190,4,14,0,not_tested,0,not_tested,-1,0,0
577,594,231 248 250,3,2,3,1.0175085690179382,-0.33916952300597936,38 92 124 139 231 248 250,5,7,0,not_tested,0,not_tested,-1,0,0
578,420,72 73 185,3,3,4,1.4863680335231098,-0.34300800773610224,55 72 73 75 76 185,5,7,0,not_tested,0,not_tested,-1,0,0
579,419,40 75 76,3,3,4,1.4867212773615168,-0.34308952554496541,36 37 38 40 55 75 76,3,12,0,not_tested,0,not_tested,-1,0,0
580,588,39 70 72,3,2,3,1.0562073213874326,-0.35206910712914419,4 5 6 21 39 41 70 72,5,11,0,not_tested,0,not_tested,-1,0,0
581,585,191 201 202,3,2,3,1.0632318950471025,-0.35441063168236742,42 191 201 202 213 229 241 243,5,12,0,not_tested,0,not_tested,-1,0,0
582,584,172 190 205,3,2,3,1.0651201203802394,-0.35504004012674645,42 172 174 190 191 205 225 241,9,11,0,not_tested,0,not_tested,-1,0,0
583,583,4 6 21,3,2,3,1.0722752782895104,-0.35742509276317008,4 5 6 21 36 37 38 41,3,15,0,not_tested,0,not_tested,-1,0,0
584,399,51 69 84,3,3,4,1.5552540340039462,-0.35890477707783375,51 69 84 114 117 132 160 195,4,12,0,not_tested,0,not_tested,-1,0,0
585,581,98 99 177,3,2,3,1.08691588454414,-0.36230529484804663,98 99 117 132 177 195,3,8,0,not_tested,0,not_tested,-1,0,0
586,577,93 109 125,3,2,3,1.1028005176790008,-0.36760017255966687,42 93 109 111 125 174 191 225,7,10,0,not_tested,0,not_tested,-1,0,0
587,695,16 18 67,3,1,2,0.61683693117098737,-0.37010215870259244,16 18 35 50 67 69,0,10,0,not_tested,0,not_tested,-1,0,0
588,379,160 161 177,3,3,4,1.6139672188443879,-0.37245397357947407,81 83 160 161 177 179 195,2,12,0,not_tested,0,not_tested,-1,0,0
589,694,137 140 154,3,1,2,0.62219595325583021,-0.37331757195349807,38 92 124 137 139 140 154,3,10,0,not_tested,0,not_tested,-1,0,0
590,288,240 256 259,3,4,5,2.1168411665320521,-0.37356020585859745,70 213 229 240 241 243 256 259,5,15,0,not_tested,0,not_tested,-1,0,0
591,805,113 114 129,3,0,1,0.12458765775834907,-0.37376297327504721,4 5 6 21 41 113 114 129,3,9,0,not_tested,0,not_tested,-1,0,0
592,570,175 190 192,3,2,3,1.1222686006116824,-0.3740895335372274,175 190 192 227 232 247 264,3,9,0,not_tested,0,not_tested,-1,0,0
593,692,140 177 187,3,1,2,0.62371641650005294,-0.37422984990003177,29 64 140 142 157 177 187 195,2,9,0,not_tested,0,not_tested,-1,0,0
594,569,67 100 132,3,2,3,1.1285186033638832,-0.37617286778796105,67 69 100 114 117 132 160 195,2,12,0,not_tested,0,not_tested,-1,0,0
595,804,18 37 38,3,0,1,0.12721418454831751,-0.38164255364495253,18 36 37 38 69 114 160 229,2,15,0,not_tested,0,not_tested,-1,0,0
596,688,38 41 42,3,1,2,0.64027084932571643,-0.3841625095954298,38 41 42 70 213 229 241 243,4,12,0,not_tested,0,not_tested,-1,0,0
597,554,109 175 190,3,2,3,1.1617610766924715,-0.38725369223082379,42 109 174 175 190 191 225 241,10,11,0,not_tested,0,not_tested,-1,0,0
598,802,219 248 265,3,0,1,0.13121992924613654,-0.39365978773840959,70 213 219 229 241 243 248 265,3,11,0,not_tested,0,not_tested,-1,0,0
599,361,201 202 213,3,3,4,1.7073273085717904,-0.39399860967041311,42 70 201 202 213 229 241 243,6,14,0,not_tested,0,not_tested,-1,0,0
600,536,12 13 46,3,2,3,1.1830024659644844,-0.39433415532149474,12 13 35 46 50 64 69,2,13,0,not_tested,0,not_tested,-1,0,0
601,535,92 105 152,3,2,3,1.1832013968877495,-0.3944004656292498,70 92 105 152 213 229 241 243,5,13,0,not_tested,0,not_tested,-1,0,0
602,679,125 137 140,3,1,2,0.65901863968448349,-0.39541118381069001,29 64 125 137 140 142 157,3,7,0,not_tested,0,not_tested,-1,0,0
603,678,11 28 43,3,1,2,0.66376617574370822,-0.39825970544622491,11 28 36 37 38 43 92,1,9,0,not_tested,0,not_tested,-1,0,0
604,529,5 36 41,3,2,3,1.1970547874769217,-0.39901826249230721,5 36 37 38 41,3,7,0,not_tested,0,not_tested,-1,0,0
605,801,113 129 131,3,0,1,0.13334073859429801,-0.40002221578289404,4 5 6 21 41 113 129 131,3,9,0,not_tested,0,not_tested,-1,0,0
606,355,37 100 139,3,3,4,1.7353198505700027,-0.40045842705461598,35 37 50 69 100 107 139 155,5,14,0,not_tested,0,not_tested,-1,0,0
607,354,27 29 46,3,3,4,1.7357940075780469,-0.40056784790262612,27 29 35 46 50 64 69,2,14,0,not_tested,0,not_tested,-1,0,0
608,800,154 187 188,3,0,1,0.13433210569299101,-0.40299631707897299,38 92 124 139 154 187 188,3,5,0,not_tested,0,not_tested,-1,0,0
609,524,124 142 157,3,2,3,1.2103097634483175,-0.40343658781610581,35 38 50 69 92 124 142 157,2,13,0,not_tested,0,not_tested,-1,0,0
610,495,160 161,2,2,3,1.3075522571482823,-0.43585075238276078,81 83 160 161 179 195,1,10,0,not_tested,0,not_tested,-1,0,0
611,675,99 100,2,1,2,0.72651617710435779,-0.43590970626261466,42 99 100 117 132 174 191 225,7,10,0,not_tested,0,not_tested,-1,0,0
612,798,250 251,2,0,1,0.14557405910390842,-0.43672217731172525,42 174 191 225 229 241 250 251,6,11,0,not_tested,0,not_tested,-1,0,0
613,674,84 99,2,1,2,0.72905874379843993,-0.43743524627906399,42 84 99 117 132 174 191 225,7,10,0,not_tested,0,not_tested,-1,0,0
614,794,37 38,2,0,1,0.14760178133566973,-0.44280534400700922,36 37 38 69 114 160 195 229,1,17,0,not_tested,0,not_tested,-1,0,0
615,793,185 188,2,0,1,0.14760768775870187,-0.44282306327610566,42 174 185 188 191 201 202 225,6,14,0,not_tested,0,not_tested,-1,0,0
616,667,192 208,2,1,2,0.74074080009103815,-0.44444448005462289,192 208 227 232 247 264,2,8,0,not_tested,0,not_tested,-1,0,0
617,477,139 172,2,2,3,1.3380578850843503,-0.44601929502811677,35 50 69 107 139 155 172,3,13,0,not_tested,0,not_tested,-1,0,0
618,475,201 202,2,2,3,1.340883198007915,-0.44696106600263835,42 70 201 202 213 229 241 243,6,14,0,not_tested,0,not_tested,-1,0,0
619,664,105 121,2,1,2,0.74889090552307402,-0.44933454331384443,35 70 105 121 213 229 241 243,3,15,0,not_tested,0,not_tested,-1,0,0
620,661,37 100,2,1,2,0.75508529905656907,-0.45305117943394146,37 69 100 114 117 132 160 195,3,12,0,not_tested,0,not_tested,-1,0,0
621,791,93 94,2,0,1,0.15167677413698341,-0.45503032241095032,93 94 111 225,0,5,0,not_tested,0,not_tested,-1,0,0
622,790,113 129,2,0,1,0.15205726855314167,-0.45617180565942506,4 5 6 21 41 113 129,3,9,0,not_tested,0,not_tested,-1,0,0
623,656,41 42,2,1,2,0.7641641582565315,-0.45849849495391892,35 41 42 70 213 229 241 243,3,15,0,not_tested,0,not_tested,-1,0,0
624,219,145 147 160 161 177 185 201 202,8,9,11,2.4244963249813294,-0.45868849391538674,145 147 160 161 177 185 201 202,11,9,0,not_tested,0,not_tested,-1,0,0
625,655,5 6,2,1,2,0.76835601488531957,-0.46101360893119175,5 6 104 105 119 121 229 241,5,12,0,not_tested,0,not_tested,-1,0,0
626,645,175 190,2,1,2,0.77748710338844906,-0.46649226203306948,158 159 175 190 192 254 271 272,3,13,0,not_tested,0,not_tested,-1,0,0
627,642,142 157,2,1,2,0.78496056076827236,-0.47097633646096343,35 38 50 69 92 142 157,1,11,0,not_tested,0,not_tested,-1,0,0
628,641,154 155,2,1,2,0.79113225843073776,-0.47467935505844266,35 50 69 107 124 139 154 155,4,13,0,not_tested,0,not_tested,-1,0,0
629,786,114 129,2,0,1,0.15879763208589415,-0.4763928962576825,4 5 6 21 41 114 129,3,9,0,not_tested,0,not_tested,-1,0,0
630,301,72 73,2,3,4,2.0666388801869178,-0.47691666465851945,36 37 38 55 72 73 75 76,5,14,0,not_tested,0,not_tested,-1,0,0
631,783,121 219,2,0,1,0.15940443145277738,-0.47821329435833226,35 70 121 213 219 229 241 243,2,14,0,not_tested,0,not_tested,-1,0,0
632,636,155 157,2,1,2,0.79866181148116488,-0.479197086888699,35 38 50 69 92 155 157,0,11,0,not_tested,0,not_tested,-1,0,0
633,632,98 99,2,1,2,0.80446714788541096,-0.48268028873124658,42 98 99 117 132 174 191 225,7,10,0,not_tested,0,not_tested,-1,0,0
634,432,147 164,2,2,3,1.4614303408033009,-0.48714344693443368,4 5 6 21 41 147 164 195,4,13,0,not_tested,0,not_tested,-1,0,0
635,626,28 43,2,1,2,0.81582863230166447,-0.48949717938099868,28 36 37 38 43 92,1,9,0,not_tested,0,not_tested,-1,0,0
636,625,5 36,2,1,2,0.8167866081512335,-0.49007196489074017,5 36 104 105 119 121 229 241,5,12,0,not_tested,0,not_tested,-1,0,0
637,421,124 139,2,2,3,1.4783879373976683,-0.49279597913255613,35 38 50 92 107 124 139 155,2,16,0,not_tested,0,not_tested,-1,0,0
638,623,93 109,2,1,2,0.82519861038213216,-0.49511916622927932,42 93 109 111 174 191 225 241,8,13,0,not_tested,0,not_tested,-1,0,0
639,88,241 244,2,5,6,3.467996368011435,-0.49542805257306216,35 70 213 229 241 243 244,5,15,0,not_tested,0,not_tested,-1,0,0
640,621,190 205,2,1,2,0.82883771381428761,-0.49730262828857258,42 174 190 191 205 225 229 241,7,12,0,not_tested,0,not_tested,-1,0,0
641,778,154 187,2,0,1,0.16685075240570016,-0.5005522572171005,38 92 107 124 139 154 155 187,3,10,0,not_tested,0,not_tested,-1,0,0
642,413,139 155,2,2,3,1.5129875137973876,-0.50432917126579591,35 50 69 92 107 124 139 155,2,17,0,not_tested,0,not_tested,-1,0,0
643,411,222 229,2,2,3,1.5205483753696323,-0.50684945845654417,145 147 161 172 189 195 222 229,5,13,0,not_tested,0,not_tested,-1,0,0
644,407,13 46,2,2,3,1.5281742608768027,-0.50939142029226758,11 13 29 35 46 50 64 69,1,18,0,not_tested,0,not_tested,-1,0,0
645,773,113 114,2,0,1,0.17060166982158126,-0.51180500946474383,4 5 6 21 41 113 114,3,9,0,not_tested,0,not_tested,-1,0,0
646,772,129 131,2,0,1,0.17061183237112171,-0.51183549711336518,4 5 6 21 41 129 131,3,9,0,not_tested,0,not_tested,-1,0,0
647,252,191 225,2,3,4,2.2195956232040399,-0.51221437458554775,42 70 191 213 225 229 241 243,7,15,0,not_tested,0,not_tested,-1,0,0
648,610,175 192,2,1,2,0.8606301989569819,-0.51637811937418909,175 192 227 232 247 264,2,8,0,not_tested,0,not_tested,-1,0,0
649,609,109 125,2,1,2,0.86084178725216787,-0.51650507235130083,42 109 125 174 191 225 229 241,8,12,0,not_tested,0,not_tested,-1,0,0
650,391,46 63,2,2,3,1.563024469451437,-0.52100815648381238,35 46 50 63 64 69 111 225,1,17,0,not_tested,0,not_tested,-1,0,0
651,605,131 132,2,1,2,0.87015195518218813,-0.52209117310931297,42 131 132 174 191 225 229 241,8,12,0,not_tested,0,not_tested,-1,0,0
652,603,16 67,2,1,2,0.8718391308005301,-0.52310347848031813,16 35 50 67 69,0,10,0,not_tested,0,not_tested,-1,0,0
653,601,139 140,2,1,2,0.87447297734654339,-0.52468378640792612,35 50 69 107 139 140 155,2,12,0,not_tested,0,not_tested,-1,0,0
654,240,37 42 100 105 222 240 256 259,8,9,12,2.2644681019020059,-0.67322024651140711,37 42 100 105 222 240 256 259,12,9,0,not_tested,0,not_tested,-1,0,0
655,769,99,1,0,1,0.22634867958330032,-0.67904603874990099,69 99 114 117 132 160 195,2,11,0,not_tested,0,not_tested,-1,0,0
656,766,215,1,0,1,0.22990200263993496,-0.68970600791980485,35 70 213 215 229 243,1,10,0,not_tested,0,not_tested,-1,0,0
657,560,142,1,1,2,1.1514728316012475,-0.69088369896074853,35 38 50 69 92 142,0,11,0,not_tested,0,not_tested,-1,0,0
658,367,51 86 105 222,4,4,6,1.6809758025614074,-0.69216650693705017,51 86 105 189 222 229 241,7,11,0,not_tested,0,not_tested,-1,0,0
659,600,13 221 222 265,4,2,4,0.89325438714226246,-0.69475341222175979,13 221 222 232 265,3,4,0,not_tested,0,not_tested,-1,0,0
660,548,72,1,1,2,1.171119767627278,-0.70267186057636677,42 72 174 191 201 202 225 241,8,14,0,not_tested,0,not_tested,-1,0,0
661,764,107,1,0,1,0.2353641508600656,-0.70609245258019682,35 50 69 107,0,8,0,not_tested,0,not_tested,-1,0,0
662,541,42,1,1,2,1.1772513124525112,-0.7063507874715067,35 42 70 213 229 241 243,3,15,0,not_tested,0,not_tested,-1,0,0
663,763,39,1,0,1,0.23617106077899944,-0.70851318233699834,4 5 6 21 39 41,3,9,0,not_tested,0,not_tested,-1,0,0
664,762,205,1,0,1,0.23835191793902913,-0.71505575381708741,42 174 191 205 225 229 241,6,11,0,not_tested,0,not_tested,-1,0,0
665,761,131,1,0,1,0.23885521880788418,-0.71656565642365255,4 5 6 21 41 131,3,9,0,not_tested,0,not_tested,-1,0,0
666,527,272,1,1,2,1.201521801595868,-0.72091308095752082,227 232 247 264 272,2,8,0,not_tested,0,not_tested,-1,0,0
667,760,37,1,0,1,0.24130039635935846,-0.72390118907807532,36 37 69 114 160 195 229,1,14,0,not_tested,0,not_tested,-1,0,0
668,522,259,1,1,2,1.2141069566577003,-0.72846417399462016,35 70 213 229 243 259,1,11,0,not_tested,0,not_tested,-1,0,0
669,521,46,1,1,2,1.2178418438809826,-0.73070510632858954,11 13 29 35 46 50 64 69,1,18,0,not_tested,0,not_tested,-1,0,0
670,755,208,1,0,1,0.24574716903093261,-0.73724150709279779,158 159 192 208 254 271 272,2,11,0,not_tested,0,not_tested,-1,0,0
671,754,175,1,0,1,0.24677618391243669,-0.74032855173731005,158 159 175 192 254 271 272,2,12,0,not_tested,0,not_tested,-1,0,0
672,753,219,1,0,1,0.24800009406377194,-0.74400028219131586,35 70 213 219 229 241 243,2,14,0,not_tested,0,not_tested,-1,0,0
673,243,256,1,2,3,2.2469973141125079,-0.74899910470416931,35 70 213 229 243 256,2,12,0,not_tested,0,not_tested,-1,0,0
674,748,121,1,0,1,0.2512062616855083,-0.75361878505652491,35 70 121 213 229 241 243,2,14,0,not_tested,0,not_tested,-1,0,0
675,746,251,1,0,1,0.25190089920706604,-0.75570269762119813,42 174 191 225 229 241 251,6,11,0,not_tested,0,not_tested,-1,0,0
676,319,5 41 109 117 124 153 205 251,8,7,10,1.9972332216173738,-0.75757122199279692,5 41 109 117 124 153 205 251,10,7,0,not_tested,0,not_tested,-1,0,0
677,503,145,1,1,2,1.2720032332882167,-0.76320193997292995,5 41 145 151 152 153 169 195,5,13,0,not_tested,0,not_tested,-1,0,0
678,743,41,1,0,1,0.25495110805776633,-0.76485332417329899,36 37 38 41 69 114 160 229,2,15,0,not_tested,0,not_tested,-1,0,0
679,742,271,1,0,1,0.25540441971332944,-0.76621325913998839,227 232 247 264 271,1,7,0,not_tested,0,not_tested,-1,0,0
680,502,139,1,1,2,1.2779342894100778,-0.76676057364604677,35 50 69 92 107 124 139 155,2,17,0,not_tested,0,not_tested,-1,0,0
681,741,158,1,0,1,0.25684159408388446,-0.77052478225165344,158 227 232 247 264,1,7,0,not_tested,0,not_tested,-1,0,0
682,339,137 231 244,3,4,6,1.8831491742053736,-0.77541436584927159,35 70 137 213 229 231 243 244,5,14,0,not_tested,0,not_tested,-1,0,0
683,193,51 86 105 124 139 154 231 244,8,9,12,2.618422541256439,-0.77844994469786033,51 86 105 124 139 154 231 244,12,9,0,not_tested,0,not_tested,-1,0,0
684,740,129,1,0,1,0.25964336601884153,-0.77893009805652458,4 5 6 21 41 129,3,9,0,not_tested,0,not_tested,-1,0,0
685,438,227 240 256,3,3,5,1.4509416725847699,-0.78127628523795289,70 213 227 229 240 241 243 256,5,14,0,not_tested,0,not_tested,-1,0,0
686,496,105,1,1,2,1.30520171158534,-0.78312102695120411,35 70 105 213 229 241 243,3,15,0,not_tested,0,not_tested,-1,0,0
687,706,161 177 179,3,1,3,0.56102673632602773,-0.7854374308564388,81 83 161 177 179 195,1,10,0,not_tested,0,not_tested,-1,0,0
688,704,125 139 140,3,1,3,0.5622748623958802,-0.78718480735423224,35 50 69 107 125 139 140 155,3,12,0,not_tested,0,not_tested,-1,0,0
689,734,154,1,0,1,0.26257768486357608,-0.78773305459072818,38 92 107 124 139 154 155,3,10,0,not_tested,0,not_tested,-1,0,0
690,730,140,1,0,1,0.26593400977463294,-0.79780202932389876,29 35 50 64 69 140 142 157,1,14,0,not_tested,0,not_tested,-1,0,0
691,728,152,1,0,1,0.26640970686715348,-0.79922912060146045,5 6 21 41 43 58 152,3,6,0,not_tested,0,not_tested,-1,0,0
692,481,153,1,1,2,1.3341534588655146,-0.80049207531930877,5 36 37 38 41 151 152 153,5,13,0,not_tested,0,not_tested,-1,0,0
693,476,6,1,1,2,1.3387304751339739,-0.80323828508038442,6 104 105 119 121 219 229 241,4,14,0,not_tested,0,not_tested,-1,0,0
694,723,67,1,0,1,0.26898760415348838,-0.80696281246046508,67 69,0,2,0,not_tested,0,not_tested,-1,0,0
695,721,125,1,0,1,0.27005562827021989,-0.81016688481065968,11 13 29 35 50 64 69 125,1,17,0,not_tested,0,not_tested,-1,0,0
696,591,84 86 104,3,2,4,1.0437430351425629,-0.81180013844421572,70 84 86 104 213 229 241 243,6,13,0,not_tested,0,not_tested,-1,0,0
697,468,76,1,1,2,1.361800440940975,-0.81708026456458505,4 5 6 21 41 76,4,10,0,not_tested,0,not_tested,-1,0,0
698,719,185,1,0,1,0.27267555191874726,-0.81802665575624178,42 174 185 191 201 202 225 241,8,18,0,not_tested,0,not_tested,-1,0,0
699,717,43,1,0,1,0.27291628506189791,-0.81874885518569374,36 37 38 43 69 114 160 229,2,15,0,not_tested,0,not_tested,-1,0,0
700,699,5 6 21,3,1,3,0.58493245201475164,-0.81890543282065231,5 6 21 36 37 38 41,3,9,0,not_tested,0,not_tested,-1,0,0
701,716,113,1,0,1,0.27343844259795513,-0.8203153277938654,4 5 6 21 41 113,3,9,0,not_tested,0,not_tested,-1,0,0
702,408,145 160 161,3,3,5,1.5253679588143783,-0.82135197782312674,81 83 145 160 161 179 189 195,3,12,0,not_tested,0,not_tested,-1,0,0
703,210,160 231 244,3,5,7,2.4889255804635058,-0.82964186015450192,70 160 195 213 229 231 243 244,6,14,0,not_tested,0,not_tested,-1,0,0
704,396,72 73 107,3,3,5,1.5608910681105441,-0.84047980590567761,35 50 69 72 73 75 76 107,6,13,0,not_tested,0,not_tested,-1,0,0
705,693,175 190 205,3,1,3,0.62269747608236337,-0.87177646651530882,42 174 175 190 191 205 225 241,9,10,0,not_tested,0,not_tested,-1,0,0
706,376,215 256 259,3,3,5,1.6326126250105268,-0.87909910577489903,70 213 215 229 241 243 256 259,5,14,0,not_tested,0,not_tested,-1,0,0
707,691,221 222 265,3,1,3,0.63133144179482148,-0.88386401851274998,221 222 232 265,2,3,0,not_tested,0,not_tested,-1,0,0
708,684,125 142 157,3,1,3,0.6468626941526926,-0.90560777181376961,35 38 50 69 92 125 142 157,2,11,0,not_tested,0,not_tested,-1,0,0
709,174,241 243 244,3,5,7,2.7260455653112627,-0.90868185510375421,35 70 213 229 241 243 244,5,15,0,not_tested,0,not_tested,-1,0,0
710,364,153 169 218,3,3,5,1.6946108381262028,-0.91248275899103226,70 153 169 213 218 229 241 243,7,14,0,not_tested,0,not_tested,-1,0,0
711,547,27 61 63,3,2,4,1.1742521789091014,-0.91330725026263426,27 42 61 63 64 111 225 241,6,14,0,not_tested,0,not_tested,-1,0,0
712,680,16 18 51,3,1,3,0.65651279942650043,-0.91911791919710062,1 16 18 35 50 51 67 69,2,16,0,not_tested,0,not_tested,-1,0,0
713,533,152 153 169,3,2,4,1.188482278560685,-0.92437510554719937,5 41 151 152 153 169,5,10,0,not_tested,0,not_tested,-1,0,0
714,525,50 51 67,3,2,4,1.2082341077838481,-0.93973763938743737,1 16 18 35 50 51 67 69,2,16,0,not_tested,0,not_tested,-1,0,0
715,343,37 100 105 139 222,5,5,8,1.8146472964156801,-0.95052953621773717,37 100 105 139 189 222 229 241,9,12,0,not_tested,0,not_tested,-1,0,0
716,671,200 231,2,1,3,0.73377403134136221,-1.0272836438779072,38 92 107 124 139 155 200 231,5,11,0,not_tested,0,not_tested,-1,0,0
717,668,109 124,2,1,3,0.74063621248590017,-1.0368906974802603,38 42 92 109 124 174 191 225,7,9,0,not_tested,0,not_tested,-1,0,0
718,384,42 51 86 104 119 121 139 147 219 240,10,7,12,1.587211139764835,-1.0398969536390299,42 51 86 104 119 121 139 147 219 240,12,7,0,not_tested,0,not_tested,-1,0,0
719,658,61 63,2,1,3,0.75667280447697394,-1.0593419262677635,35 50 61 63 64 69 111 225,1,16,0,not_tested,0,not_tested,-1,0,0
720,657,125 142,2,1,3,0.76059203066530467,-1.0648288429314265,35 38 50 69 92 125 142,1,11,0,not_tested,0,not_tested,-1,0,0
721,650,227 240,2,1,3,0.77029189022491351,-1.078408646314879,35 70 213 227 229 240 243,2,11,0,not_tested,0,not_tested,-1,0,0
722,458,55 73,2,2,4,1.3893769503296043,-1.0806265169230256,36 37 38 55 73 75 76,5,11,0,not_tested,0,not_tested,-1,0,0
723,649,152 169,2,1,3,0.77226344686840609,-1.0811688256157685,5 36 37 38 41 152 169,5,8,0,not_tested,0,not_tested,-1,0,0
724,648,6 21,2,1,3,0.77426729787179216,-1.0839742170205091,5 6 21 36 37 38 41,3,9,0,not_tested,0,not_tested,-1,0,0
725,644,86 104,2,1,3,0.77969341715147833,-1.0915707840120696,35 70 86 104 213 229 241 243,4,15,0,not_tested,0,not_tested,-1,0,0
726,643,50 51,2,1,3,0.78118055419450094,-1.0936527758723014,50 51 69 104 119 121 219 241,5,11,0,not_tested,0,not_tested,-1,0,0
727,640,5 41,2,1,3,0.79322836265633756,-1.1105197077188727,5 36 37 38 41,3,7,0,not_tested,0,not_tested,-1,0,0
728,450,75 76,2,2,4,1.4278718462917979,-1.1105669915602874,36 37 38 55 75 76,3,11,0,not_tested,0,not_tested,-1,0,0
729,633,39 40,2,1,3,0.80444208696437747,-1.1262189217501286,36 37 38 39 40 55,2,10,0,not_tested,0,not_tested,-1,0,0
730,780,157 191,2,0,2,0.16122746448450612,-1.128592251391543,35 38 50 69 92 157 191,0,10,0,not_tested,0,not_tested,-1,0,0
731,289,256 259,2,3,5,2.1167738347391252,-1.1398012956287598,35 70 213 229 241 243 256 259,4,17,0,not_tested,0,not_tested,-1,0,0
732,624,84 86,2,1,3,0.81975167007997174,-1.1476523381119605,69 84 86 114 117 132 160 195,4,12,0,not_tested,0,not_tested,-1,0,0
733,779,200 215,2,0,2,0.16638437938961551,-1.1646906557273087,35 70 200 213 215 229 241 243,2,14,0,not_tested,0,not_tested,-1,0,0
734,776,125 140,2,0,2,0.16774144553086756,-1.1741901187160733,29 35 50 64 125 140 142 157,3,12,0,not_tested,0,not_tested,-1,0,0
735,454,37 100 105 222,4,3,6,1.4166428015314103,-1.1986977551419626,37 100 105 189 222 229 241,7,10,0,not_tested,0,not_tested,-1,0,0
736,369,124 139 154 231 244,5,5,9,1.6782816560670912,-1.1987726114764936,124 139 154 213 229 231 243 244,8,10,0,not_tested,0,not_tested,-1,0,0
737,608,121 139,2,1,3,0.86123811761645519,-1.2057333646630373,35 70 121 139 213 229 241 243,4,15,0,not_tested,0,not_tested,-1,0,0
738,400,153 169,2,2,4,1.5504945730417252,-1.2059402234768974,5 41 151 152 153 169,5,10,0,not_tested,0,not_tested,-1,0,0
739,607,221 222,2,1,3,0.86301365869438496,-1.208219122172139,145 147 161 172 221 222 229 232,6,10,0,not_tested,0,not_tested,-1,0,0
740,771,157 174,2,0,2,0.1727745380844605,-1.2094217665912237,35 38 50 69 92 157 174,0,10,0,not_tested,0,not_tested,-1,0,0
741,602,185 202,2,1,3,0.87228779262337808,-1.2212029096727293,42 70 185 202 213 229 241 243,6,13,0,not_tested,0,not_tested,-1,0,0
742,703,18 50 51,3,1,4,0.56447686202710412,-1.2418490964596289,1 16 18 35 50 51 67 69,2,16,0,not_tested,0,not_tested,-1,0,0
743,592,132 145 147,3,2,5,1.0236051958342334,-1.2510730171307296,83 132 145 147 189 195,4,8,0,not_tested,0,not_tested,-1,0,0
744,702,109 124 175,3,1,4,0.57360191092370671,-1.2619242040321548,38 92 109 124 174 175 191 225,7,8,0,not_tested,0,not_tested,-1,0,0
745,701,190 205 222,3,1,4,0.5773308211493613,-1.2701278065285948,42 174 190 191 205 222 225 241,10,10,0,not_tested,0,not_tested,-1,0,0
746,587,185 201 202,3,2,5,1.061305030792836,-1.2971505931912437,42 185 201 202 213 229 241 243,7,12,0,not_tested,0,not_tested,-1,0,0
747,586,145 147 161,3,2,5,1.0613698128445033,-1.2972297712543928,81 83 145 147 161 179 189 195,4,12,0,not_tested,0,not_tested,-1,0,0
748,582,145 161 172,3,2,5,1.0788088762090076,-1.3185441820332313,81 83 145 161 172 179 189 195,2,11,0,not_tested,0,not_tested,-1,0,0
749,386,231 244 248,3,3,6,1.5774771210137497,-1.3347883331654804,35 70 213 229 231 243 244 248,5,13,0,not_tested,0,not_tested,-1,0,0
750,579,109 124 153,3,2,5,1.0965569571442022,-1.3402362809540247,38 92 109 124 151 152 153,5,10,0,not_tested,0,not_tested,-1,0,0
751,696,39 70 75,3,1,4,0.61109702762308005,-1.3444134607707761,36 37 38 39 55 70 75,3,10,0,not_tested,0,not_tested,-1,0,0
752,689,219 221 222,3,1,4,0.63575137111444835,-1.3986530164517863,189 219 221 222 229 232 241,4,10,0,not_tested,0,not_tested,-1,0,0
753,686,39 40 75,3,1,4,0.64272760139158791,-1.4140007230614935,36 37 38 39 40 55 75,3,10,0,not_tested,0,not_tested,-1,0,0
754,685,205 221 222,3,1,4,0.64274821550911199,-1.4140460741200462,42 174 191 205 221 222 225 232,7,8,0,not_tested,0,not_tested,-1,0,0
755,555,132 145 161,3,2,5,1.1606828837160741,-1.4186124134307572,81 83 132 145 161 179 189 195,3,11,0,not_tested,0,not_tested,-1,0,0
756,544,5 41 153,3,2,5,1.1759478499612113,-1.4372695943970359,5 36 37 38 41 151 152 153,5,13,0,not_tested,0,not_tested,-1,0,0
757,543,172 221 222,3,2,5,1.1762858845207529,-1.4376827477475866,172 189 221 222 232,3,5,0,not_tested,0,not_tested,-1,0,0
758,768,21,1,0,2,0.22637515316914875,-1.5846260721840413,21 104 105 119 121 219 229 241,4,13,0,not_tested,0,not_tested,-1,0,0
759,796,205 222,2,0,3,0.14583335447548096,-1.6041668992302907,42 174 191 205 222 225 229 241,9,11,0,not_tested,0,not_tested,-1,0,0
760,672,152 153,2,1,4,0.73062019391178989,-1.6073644266059379,5 36 37 38 41 151 152 153,5,13,0,not_tested,0,not_tested,-1,0,0
761,599,73 75 76,3,2,6,0.99438407325794675,-1.6573067887632447,36 37 38 55 73 75 76,5,11,0,not_tested,0,not_tested,-1,0,0
762,792,107 124,2,0,3,0.15154132095785081,-1.6669545305363591,35 38 50 69 92 107 124,1,13,0,not_tested,0,not_tested,-1,0,0
763,442,231 243 244,3,3,7,1.4494845909853873,-1.6724822203677545,35 70 213 229 231 243 244,5,13,0,not_tested,0,not_tested,-1,0,0
764,759,63,1,0,2,0.24167035158911471,-1.6916924611238029,11 13 29 35 50 63 64 69,1,17,0,not_tested,0,not_tested,-1,0,0
765,654,145 161,2,1,4,0.76924173708970889,-1.6923318215973597,81 83 145 161 179 189 195,2,10,0,not_tested,0,not_tested,-1,0,0
766,652,172 222,2,1,4,0.76985788898105623,-1.6936873557583239,151 152 153 169 172 189 222,5,11,0,not_tested,0,not_tested,-1,0,0
767,789,18 51,2,0,3,0.15505484290751037,-1.7056032719826144,1 16 18 35 50 51 67 69,2,16,0,not_tested,0,not_tested,-1,0,0
768,422,222 256 259,3,3,7,1.4782614575097313,-1.7056862971266129,189 213 222 229 241 243 256 259,6,13,0,not_tested,0,not_tested,-1,0,0
769,788,51 86,2,0,3,0.15529962965475466,-1.7082959262023014,35 50 51 69 86,2,8,0,not_tested,0,not_tested,-1,0,0
770,456,42 240,2,2,5,1.3996037257040659,-1.7106267758605251,35 42 70 213 229 240 241 243,4,16,0,not_tested,0,not_tested,-1,0,0
771,304,231 244,2,3,6,2.0485950062645206,-1.7334265437622867,35 70 213 229 231 243 244,5,13,0,not_tested,0,not_tested,-1,0,0
772,787,185 201,2,0,3,0.1578645693587484,-1.7365102629462326,42 70 185 201 213 229 241 243,6,12,0,not_tested,0,not_tested,-1,0,0
773,449,240 256,2,2,5,1.4326375458025318,-1.7510014448697611,35 70 213 229 240 241 243 256,4,16,0,not_tested,0,not_tested,-1,0,0
774,751,51,1,0,2,0.25027387151191283,-1.7519171005833898,51 104 119 121 219 229 241,4,10,0,not_tested,0,not_tested,-1,0,0
775,785,21 37,2,0,3,0.15934819546211584,-1.7528301500832746,21 37 104 105 119 121 229 241,6,11,0,not_tested,0,not_tested,-1,0,0
776,750,75,1,0,2,0.25056287701748153,-1.7539401391223708,4 5 6 21 41 75,4,9,0,not_tested,0,not_tested,-1,0,0
777,637,145 147,2,1,4,0.7986525703043893,-1.7570356546696564,83 145 147 188 189 195 197 199,2,11,0,not_tested,0,not_tested,-1,0,0
778,747,157,1,0,2,0.25162811728457524,-1.7613968209920268,35 38 50 69 92 157,0,10,0,not_tested,0,not_tested,-1,0,0
779,745,124,1,0,2,0.25330534201388899,-1.773137394097223,29 38 64 92 124 142 157,2,10,0,not_tested,0,not_tested,-1,0,0
780,739,161,1,0,2,0.25966226073697529,-1.8176358251588272,5 41 151 152 153 161 169 195,5,12,0,not_tested,0,not_tested,-1,0,0
781,698,172 208 222,3,1,5,0.6080606286165382,-1.8241818858496146,151 152 153 169 172 189 208 222,6,11,0,not_tested,0,not_tested,-1,0,0
782,736,5,1,0,2,0.26147528632995953,-1.8303270043097166,5 104 105 119 121 219 229 241,4,13,0,not_tested,0,not_tested,-1,0,0
783,733,243,1,0,2,0.26273297961895625,-1.8391308573326937,35 70 213 229 243,1,10,0,not_tested,0,not_tested,-1,0,0
784,777,208 222,2,0,3,0.16746401221284091,-1.8421041343412501,158 159 192 208 222 254 271 272,4,11,0,not_tested,0,not_tested,-1,0,0
785,382,161 256 259,3,3,7,1.5966426632727251,-1.8422799960839134,161 189 195 229 241 256 259,5,12,0,not_tested,0,not_tested,-1,0,0
786,572,124 153 169,3,2,6,1.1096954702335837,-1.8494924503893062,5 38 41 92 124 153 169,7,6,0,not_tested,0,not_tested,-1,0,0
787,729,147,1,0,2,0.26618707702747002,-1.86330953919229,5 41 147 151 152 153 169 195,5,12,0,not_tested,0,not_tested,-1,0,0
788,474,231,1,1,3,1.3419119284898338,-1.8786766998857671,38 92 107 124 139 155 231,5,11,0,not_tested,0,not_tested,-1,0,0
789,722,86,1,0,2,0.26979409098700813,-1.8885586369090568,86 104 119 121 219 229 241,4,10,0,not_tested,0,not_tested,-1,0,0
790,374,154 231 244,3,3,7,1.6473421464405054,-1.9007793997390445,35 70 154 213 229 231 243 244,6,13,0,not_tested,0,not_tested,-1,0,0
791,713,222,1,0,2,0.27410512633805506,-1.9187358843663853,145 147 161 172 189 195 222 229,5,13,0,not_tested,0,not_tested,-1,0,0
792,687,51 119 147,3,1,5,0.64180027175794296,-1.9254008152738287,51 119 147 189 195 229 241,5,10,0,not_tested,0,not_tested,-1,0,0
793,660,240 259,2,1,5,0.75533942737098725,-2.2660182821129617,35 70 213 229 240 241 243 259,4,15,0,not_tested,0,not_tested,-1,0,0
794,806,51 86 147,3,0,5,0.1230345671363068,-2.3376567755898292,35 50 51 69 86 147 195,3,10,0,not_tested,0,not_tested,-1,0,0
795,784,51 147,2,0,4,0.1593804864727153,-2.3907072970907297,51 147 151 152 153 169 195,5,11,0,not_tested,0,not_tested,-1,0,0
796,782,174 191,2,0,4,0.15945599283616638,-2.391839892542496,42 70 174 191 213 229 241 243,7,12,0,not_tested,0,not_tested,-1,0,0
797,617,73 76,2,1,5,0.83729224681112469,-2.5118767404333742,36 37 38 55 73 75 76,5,11,0,not_tested,0,not_tested,-1,0,0
798,807,157 174 191,3,0,6,0.11120448879972844,-2.557703242393754,42 157 174 191 213 229 241 243,8,10,0,not_tested,0,not_tested,-1,0,0
799,614,40 73,2,1,5,0.85331584848619912,-2.5599475454585976,36 37 38 40 55 73 75 76,5,12,0,not_tested,0,not_tested,-1,0,0
800,757,240,1,0,3,0.24380094388895659,-2.6818103827785227,35 70 213 229 240 243,2,10,0,not_tested,0,not_tested,-1,0,0
801,803,147 219 240,3,0,6,0.12871145137222101,-2.9603633815610837,147 189 195 219 229 240 241,4,9,0,not_tested,0,not_tested,-1,0,0
802,781,147 240,2,0,5,0.1598850583511201,-3.037816108671282,70 147 189 195 213 229 240 243,4,10,0,not_tested,0,not_tested,-1,0,0
803,775,73 75,2,0,5,0.16778885030633547,-3.1879881558203746,36 37 38 55 73 75 76,5,11,0,not_tested,0,not_tested,-1,0,0
804,774,39 73,2,0,5,0.17003736708357137,-3.2307099745878562,36 37 38 39 55 73 75 76,5,11,0,not_tested,0,not_tested,-1,0,0
805,738,73,1,0,4,0.25984001802972073,-3.8976002704458108,36 37 38 55 73 75 76,5,11,0,not_tested,0,not_tested,-1,0,0
806,770,243 244,2,0,6,0.1744936245178908,-4.0133533639114889,35 70 124 139 213 229 243 244,7,12,0,not_tested,0,not_tested,-1,0,0
807,758,244,1,0,5,0.24251932981869739,-4.6078672665552505,35 70 124 139 213 229 243 244,7,12,0,not_tested,0,not_tested,-1,0,0
