new_rank,old_rank,ids,size,gross_removed,broken_support_jumps,original_priority,priority,expanded_ids,expanded_broken,expanded_gross,tested,extract_status,net_removed,insert_status,final_T,extract_ms,insert_ms
0,18,225 254 271 272,4,9,0,3.7700237383766759,3.7700237383766759,225 254 271 272,0,9,1,ok,9,ok,333,0.011999999999999858,0.9840000000000001
1,0,114 145 147 160 161 177 179 195,8,17,4,4.8935189252149209,3.7587898990781281,114 145 147 160 161 177 179 195,4,17,1,ok,11,failed,-1,0.01899999999999992,0.57900000000000051
2,1,4 6 21 39 40 58 75 76,8,17,4,4.6654123959519156,3.5835776374703117,4 6 21 39 40 58 75 76,4,17,1,ok,-3,failed,-1,0.023999999999999716,0.046000000000000034
3,17,5 18 105 139 225 254 271 272,8,15,1,3.7901133058681609,3.5415812858112319,5 18 105 139 225 254 271 272,1,15,1,ok,14,failed,-1,0.0089999999999994598,0.94300000000000028
4,33,208 225 254 271 272,5,10,0,3.4110596666277395,3.4110596666277395,208 225 254 271 272,0,10,1,ok,10,failed,-1,0.005999999999999929,0.49200000000000027
5,2,11 12 27 28 41 42 43 69,8,17,5,4.5157346711262871,3.2068260707998273,11 12 27 28 41 42 43 69,5,17,1,ok,4,failed,-1,0.021000000000000185,0.48599999999999943
6,13,113 129 130 131 164 195 197 213,8,16,3,3.9224765413582001,3.1983270260305328,113 129 130 131 164 195 197 213,3,16,1,ok,7,failed,-1,0.019000000000000787,0.57299999999999973
7,11,174 185 188 191 199 201 202 225,8,15,3,3.9601279415429507,3.1810863792722062,174 185 188 191 199 201 202 225,3,15,1,ok,11,failed,-1,0.011999999999999858,1.0470000000000002
8,10,113 129 130 131 164 197 213,7,14,3,3.9706772375406612,3.1347451875321006,113 114 129 130 131 164 197 213,2,16,1,ok,5,failed,-1,0.018000000000000654,0.44999999999999901
9,27,39 40 70 75 76 201 202 225,8,13,2,3.642147780538286,3.0923896249853366,39 40 70 75 76 201 202 225,2,13,1,ok,8,failed,-1,0.013000000000000858,0.94999999999999951
10,37,35 55 61 84 98 99 106 202,8,12,1,3.3491603057671426,3.0757594644800288,35 55 61 84 98 99 106 202,1,12,1,ok,10,failed,-1,0.0090000000000003272,0.8020000000000006
11,7,11 12 27 28 42 43 69,7,14,4,4.2487445999069617,3.056114536775183,4 11 12 27 28 42 43 69,6,17,1,ok,6,failed,-1,0.016000000000000389,0.46799999999999964
12,88,92 111,2,4,0,2.9768925264972759,2.9768925264972759,92 111,0,4,1,ok,4,ok,331,0.0059999999999990616,0.35600000000000043
13,35,61 98 105 106,4,8,1,3.3763166417255697,2.9670661396982285,61 98 105 106 139 225 272,1,11,1,ok,6,ok,335,0.0079999999999993271,0.71300000000000008
14,30,177 195,2,5,1,3.5840371387468846,2.9013633980331925,114 145 147 160 161 177 195 199,4,13,1,ok,3,ok,333,0.0070000000000000617,0.36800000000000027
15,69,13 29 46 63 64 94 95 111,8,13,1,3.1028503215011782,2.8686729387463723,13 29 46 63 64 94 95 111,1,13,1,ok,12,failed,-1,0.0090000000000003272,0.85099999999999931
16,23,37 61 98 104 105 106 119 121,8,13,3,3.69091949036165,2.8552396057514651,37 61 98 104 105 106 119 121,3,13,1,ok,7,failed,-1,0.011000000000000593,0.61299999999999899
17,19,11 12 27 28 42 43 61,7,12,3,3.7628166530936449,2.8413105339686711,4 11 12 27 28 42 43 61,5,14,1,ok,5,failed,-1,0.016000000000000389,0.39200000000000002
18,5,4 11 12 27 28 42 43 69,8,17,6,4.3522021710895222,2.8383927202757753,4 11 12 27 28 42 43 69,6,17,1,ok,7,failed,-1,0.016000000000000389,0.60999999999999943
19,104,0 3,2,4,0,2.8271720497153927,2.8271720497153927,0 3,0,4,1,ok,4,ok,331,0.0040000000000005309,0.13799999999999923
20,107,164 197,2,4,0,2.8034283439324703,2.8034283439324703,164 197,0,4,1,ok,4,ok,331,0.005000000000001531,0.4709999999999992
21,108,61 98 106,3,6,0,2.8017466427093436,2.8017466427093436,61 98 106,0,6,1,ok,6,ok,331,0.0059999999999990616,0.43699999999999989
22,34,5 18 105 139 254 271 272,7,11,2,3.4063169750521363,2.8007495128206457,5 18 105 139 225 254 271 272,1,15,1,ok,6,failed,-1,0.012999999999999123,0.77400000000000035
23,52,114 177 179 195,4,7,1,3.2011271063381486,2.759592333050128,114 177 179 195,1,7,1,ok,5,failed,-1,0.0079999999999975924,0.93400000000000083
24,29,1 16 32 48 50 67 81,7,12,3,3.6085898249313471,2.7248535412746908,1 16 32 48 50 67 81 98,2,14,1,ok,8,failed,-1,0.014000000000000123,0.85999999999999965
25,123,0 3 32,3,5,0,2.6791064240083986,2.6791064240083986,0 3 32,0,5,1,ok,5,ok,331,0.0049999999999980616,0.24700000000000069
26,125,0 3 70,3,5,0,2.6730735321896599,2.6730735321896599,0 3 70,0,5,1,ok,5,ok,331,0.0059999999999990616,0.28700000000000253
27,57,254 271 272,3,6,1,3.172035625534142,2.6645099254486797,225 254 271 272,0,9,1,ok,5,ok,332,0.0089999999999985925,0.52500000000000113
28,87,1 16 32 48 50 81,6,9,1,2.9815463866035619,2.6592170475112846,1 16 32 48 50 81 98,0,11,1,ok,8,failed,-1,0.0090000000000020619,0.74399999999999811
29,12,221 232 247 248 250 259 264 265,8,15,5,3.9493888324131774,2.6545072480154142,221 232 247 248 250 259 264 265,5,15,1,ok,3,failed,-1,0.018000000000000654,0.27100000000000041
30,31,114 145 160 161 177 179 195,7,12,3,3.5088091613875267,2.6495089585987452,114 145 160 161 164 177 179 195,2,14,1,ok,8,failed,-1,0.011999999999998123,0.80600000000000116
31,62,195 197 213,3,6,1,3.140937676692857,2.6383876484219999,113 114 129 131 164 195 197 213,2,14,1,ok,5,ok,332,0.0070000000000000617,0.72100000000000286
32,40,13 29 46 63 64,5,9,2,3.336231621906609,2.6148842441970719,13 29 46 63 64 111 158,0,12,0,not_tested,0,not_tested,-1,0,0
33,139,13 92 111,3,5,0,2.6060373680583084,2.6060373680583084,13 92 111,0,5,0,not_tested,0,not_tested,-1,0,0
34,142,197 213,2,4,0,2.581407462267495,2.581407462267495,197 213,0,4,0,not_tested,0,not_tested,-1,0,0
35,143,136 158 254 271,4,6,0,2.5719587455894377,2.5719587455894377,136 158 254 271,0,6,0,not_tested,0,not_tested,-1,0,0
36,36,72 73 113 129 131 164 197 243,8,12,3,3.3626207561124839,2.5391217954318757,72 73 113 129 131 164 197 243,3,12,0,not_tested,0,not_tested,-1,0,0
37,155,13 29 46,3,5,0,2.513371934730396,2.513371934730396,13 29 46,0,5,0,not_tested,0,not_tested,-1,0,0
38,70,35 55 61 84 98 99 106,7,10,2,3.094240619122167,2.4904863519763785,35 55 61 84 98 99 106 202,1,12,0,not_tested,0,not_tested,-1,0,0
39,93,177 179 195,3,6,1,2.9389271351215709,2.4686987935021198,177 179 195,1,6,0,not_tested,0,not_tested,-1,0,0
40,76,29 64 92 142 155 157,6,10,2,3.0316638960340945,2.4401197211981738,29 64 92 142 155 157 158,1,11,0,not_tested,0,not_tested,-1,0,0
41,41,130 174 191 195 201 202 213 225,8,14,4,3.3358116031085823,2.3994434338149451,130 174 191 195 201 202 213 225,4,14,0,not_tested,0,not_tested,-1,0,0
42,169,98,1,2,0,2.3935815644413618,2.3935815644413618,98,0,2,0,not_tested,0,not_tested,-1,0,0
43,48,113 129 130 131 164 197,6,11,3,3.2495199239766479,2.3829812775828749,113 114 129 130 131 164 197,2,13,0,not_tested,0,not_tested,-1,0,0
44,173,61,1,2,0,2.3680805055519043,2.3680805055519043,61,0,2,0,not_tested,0,not_tested,-1,0,0
45,174,3,1,2,0,2.362946600285265,2.362946600285265,3,0,2,0,not_tested,0,not_tested,-1,0,0
46,6,1 16 38 51 67 81 86 151,8,17,8,4.3212111470942336,2.3171711948186466,1 16 38 51 67 81 86 151,8,17,1,failed,0,not_tested,-1,0.033999999999999309,0
47,180,136 138 158 254 271,5,7,0,2.3162027232165654,2.3162027232165654,136 138 158 254 271,0,7,0,not_tested,0,not_tested,-1,0,0
48,16,1 16 32 48 50 51 67 81,8,15,6,3.8005182938545325,2.3052324077478312,1 16 32 48 50 51 67 81,6,15,1,ok,0,failed,-1,0.018000000000000654,0.14199999999999977
49,63,0 1 3 16,4,7,2,3.1241451604100452,2.2623120127107224,0 1 3 16 32 48 50,0,10,0,not_tested,0,not_tested,-1,0,0
50,28,114 145 147 160 161 177 179 199,8,13,5,3.6224800253926031,2.2555064309048283,114 145 147 160 161 177 179 199,5,13,1,ok,6,failed,-1,0.014000000000000123,0.46699999999999864
51,53,221 232 247 251 264 265,6,10,3,3.1875015742723871,2.2545742842414445,92 221 232 247 251 264 265,2,12,0,not_tested,0,not_tested,-1,0,0
52,146,136 158 254 264 265 271,6,8,1,2.5522406512898801,2.2428781481032281,136 158 254 264 265 271,1,8,0,not_tested,0,not_tested,-1,0,0
53,113,32 48 81,3,5,1,2.7608066691194448,2.2349387321443124,32 48 50 81,0,6,0,not_tested,0,not_tested,-1,0,0
54,193,213,1,2,0,2.2339570762020213,2.2339570762020213,213,0,2,0,not_tested,0,not_tested,-1,0,0
55,114,164 197 199,3,5,1,2.7582354959171651,2.2328573062186572,164 174 191 197 199 201 202 225,2,11,0,not_tested,0,not_tested,-1,0,0
56,194,98 99 114,3,4,0,2.2324532143219327,2.2324532143219327,98 99 114,0,4,0,not_tested,0,not_tested,-1,0,0
57,195,13 111,2,3,0,2.2278581216396973,2.2278581216396973,13 111,0,3,0,not_tested,0,not_tested,-1,0,0
58,96,1 16 32 48 81,5,8,2,2.9034075552859466,2.1995511782469293,1 16 32 48 50 81 98,0,11,0,not_tested,0,not_tested,-1,0,0
59,203,13 29,2,3,0,2.1963476533116912,2.1963476533116912,13 29,0,3,0,not_tested,0,not_tested,-1,0,0
60,85,37 61 98 104 106 119 121,7,11,3,2.986549350322047,2.190136190236168,37 61 98 104 105 106 119 121,3,13,0,not_tested,0,not_tested,-1,0,0
61,20,27 41 42 50 69 152 153 169,8,14,6,3.7580436625755138,2.1757094888595079,27 41 42 50 69 152 153 169,6,14,1,ok,-1,failed,-1,0.025000000000000716,0.12399999999999911
62,99,29 36 64 124 140 142 155 157,8,12,3,2.880585918538777,2.175136305835403,29 36 64 124 140 142 155 157,3,12,0,not_tested,0,not_tested,-1,0,0
63,90,35 37 55 84 99 104 119 121,8,11,3,2.9603184399060032,2.1709001892644024,35 37 55 84 99 104 119 121,3,11,0,not_tested,0,not_tested,-1,0,0
64,101,29 64 142 155 157,5,8,2,2.8633165882779599,2.1691792335439088,13 29 46 64 142 155 157 158,0,13,0,not_tested,0,not_tested,-1,0,0
65,210,136 158 271,3,4,0,2.1633496489837447,2.1633496489837447,136 158 271,0,4,0,not_tested,0,not_tested,-1,0,0
66,211,98 114,2,3,0,2.1608651927588243,2.1608651927588243,98 114,0,3,0,not_tested,0,not_tested,-1,0,0
67,43,63 93 94 95 109 111 125 159,8,14,5,3.324976926422051,2.1583183557476469,63 93 94 95 109 111 125 159,5,14,0,not_tested,0,not_tested,-1,0,0
68,157,13 46 174 191 192,5,7,1,2.5007392516855571,2.1558096997289287,13 36 46 124 174 191 192,2,8,0,not_tested,0,not_tested,-1,0,0
69,213,92,1,2,0,2.1537419641633031,2.1537419641633031,92,0,2,0,not_tested,0,not_tested,-1,0,0
70,214,197,1,2,0,2.150465244561182,2.150465244561182,197,0,2,0,not_tested,0,not_tested,-1,0,0
71,21,4 6 21 38 55 58 75 76,8,14,6,3.7075647789524808,2.1464848720251206,4 6 21 38 55 58 75 76,6,14,1,failed,0,not_tested,-1,0.023999999999999716,0
72,22,11 12 27 28 41 42 43 50,8,14,6,3.7069113567742811,2.146106574974584,11 12 27 28 41 42 43 50,6,14,1,ok,0,failed,-1,0.021000000000000185,0.17800000000000107
73,217,195,1,2,0,2.1321676065813269,2.1321676065813269,195,0,2,0,not_tested,0,not_tested,-1,0,0
74,98,13 100 109 117 132 159 174 191,8,11,3,2.8993573729140443,2.1261954068036326,13 100 109 117 132 159 174 191,3,11,0,not_tested,0,not_tested,-1,0,0
75,65,32 48 72 73 185 188 199 243,8,12,4,3.1182955165524788,2.1000765723720778,32 48 72 73 185 188 199 243,4,12,0,not_tested,0,not_tested,-1,0,0
76,230,114 160,2,3,0,2.0948497302276867,2.0948497302276867,114 160,0,3,0,not_tested,0,not_tested,-1,0,0
77,232,98 99,2,3,0,2.0916145845020684,2.0916145845020684,98 99,0,3,0,not_tested,0,not_tested,-1,0,0
78,71,72 73 185 188 199 243,6,9,3,3.087913484326426,2.0864280299502878,72 73 114 160 185 188 199 243,2,12,0,not_tested,0,not_tested,-1,0,0
79,50,4 6 21 58 75 76,6,11,4,3.224260494938326,2.0778567634046992,4 6 21 38 55 58 75 76,6,14,0,not_tested,0,not_tested,-1,0,0
80,74,114 145 147 160 161 164 177 179,8,12,4,3.0537738102275367,2.0566231783165043,114 145 147 160 161 164 177 179,4,12,0,not_tested,0,not_tested,-1,0,0
81,151,98 99 177,3,5,1,2.536137063936327,2.0530633374722642,98 99 177,1,5,0,not_tested,0,not_tested,-1,0,0
82,152,92 105 111,3,5,1,2.5351325043518367,2.0522501225705341,92 105 111 139 225 254 271 272,0,15,0,not_tested,0,not_tested,-1,0,0
83,241,164,1,2,0,2.0482653585645068,2.0482653585645068,164,0,2,0,not_tested,0,not_tested,-1,0,0
84,124,81 98,2,4,1,2.6748111400158567,2.0454438129533021,32 48 50 81 98,0,8,0,not_tested,0,not_tested,-1,0,0
85,245,111,1,2,0,2.0355128676970944,2.0355128676970944,111,0,2,0,not_tested,0,not_tested,-1,0,0
86,89,221 232 247 264 265,5,9,3,2.971122738630855,2.0075153639397669,92 221 232 247 264 265,2,11,0,not_tested,0,not_tested,-1,0,0
87,67,136 137 138 158 231 244 254 271,8,11,4,3.1079812547548484,2.002921253064236,136 137 138 158 231 244 254 271,4,11,0,not_tested,0,not_tested,-1,0,0
88,47,29 64 142 157 158 159,6,10,4,3.2676139224900407,1.9924475137134396,13 29 46 64 142 157 158 159,5,14,0,not_tested,0,not_tested,-1,0,0
89,24,1 16 51 67 81 86 177 179,8,15,7,3.680277354539041,1.9909697163899731,1 16 51 67 81 86 177 179,7,15,1,ok,-4,failed,-1,0.026000000000001716,0.03899999999999737
90,260,271 272,2,3,0,1.9788627539346133,1.9788627539346133,271 272,0,3,0,not_tested,0,not_tested,-1,0,0
91,14,1 16 32 48 51 67 81 83,8,14,7,3.8858860997115516,1.9770297700286843,1 16 32 48 51 67 81 83,7,14,1,ok,-3,failed,-1,0.021000000000000185,0.037999999999999839
92,39,232 247 248 250 259 264 265,7,12,5,3.3381649804503892,1.9756486618992102,92 232 247 248 250 259 264 265,4,14,0,not_tested,0,not_tested,-1,0,0
93,118,39 40 58 75 76,5,7,2,2.7276371765963034,1.9751855416731852,4 6 21 39 40 58 75 76,4,17,0,not_tested,0,not_tested,-1,0,0
94,126,92 107 189 227 232 241 247 264,8,11,3,2.6688238504895234,1.957137490358984,92 107 189 227 232 241 247 264,3,11,0,not_tested,0,not_tested,-1,0,0
95,72,41 69 153 169 175,5,8,3,3.0730050069654071,1.955548640796168,41 69 100 117 132 153 169 175,5,11,0,not_tested,0,not_tested,-1,0,0
96,265,61 106,2,3,0,1.9552997855154708,1.9552997855154708,61 106,0,3,0,not_tested,0,not_tested,-1,0,0
97,150,195 213,2,4,1,2.5367892372784717,1.9398976520364781,113 114 129 131 164 195 197 213,2,14,0,not_tested,0,not_tested,-1,0,0
98,156,98 177,2,4,1,2.5066050458975115,1.9168156233333911,98 114 145 147 160 161 177 199,5,12,0,not_tested,0,not_tested,-1,0,0
99,49,4 6 21 58 136 137 138 158,8,12,5,3.2367136718124772,1.9156060506645274,4 6 21 58 136 137 138 158,5,12,0,not_tested,0,not_tested,-1,0,0
100,73,4 6 21 58 136 138 158,7,10,4,3.0548072020721224,1.8626873183366601,4 6 21 58 136 137 138 158,5,12,0,not_tested,0,not_tested,-1,0,0
101,79,63 93 94 95 109 111 125,7,10,4,3.0103788144078951,1.8355968380535945,63 93 94 95 109 111 125,4,10,0,not_tested,0,not_tested,-1,0,0
102,3,1 16 38 51 67 81 86,7,15,9,4.4733373422442844,1.8333349763296247,1 16 38 50 51 67 81 86,8,16,1,failed,0,not_tested,-1,0.028000000000000247,0
103,130,35 37 55 84 99 104 119,7,9,3,2.6533985802516895,1.7928368785484385,35 37 55 84 99 104 119,3,9,0,not_tested,0,not_tested,-1,0,0
104,109,113 129 131 164 197,5,8,3,2.7896332186380852,1.775221139133327,113 114 129 131 164 197,2,10,0,not_tested,0,not_tested,-1,0,0
105,106,41 69 175,3,5,2,2.8215015608887346,1.7466438234073118,4 11 12 28 41 43 69 175,5,11,0,not_tested,0,not_tested,-1,0,0
106,172,35 37 55 84 99 104,6,7,2,2.3765222580313727,1.7209299109882354,35 37 55 84 99 104,2,7,0,not_tested,0,not_tested,-1,0,0
107,185,13 46 192,3,4,1,2.2459125142711436,1.7174625109132275,13 36 46 124 192,2,5,0,not_tested,0,not_tested,-1,0,0
108,191,92 105 152,3,4,1,2.2349359718990822,1.709068684393416,92 105 139 152 225 254 271 272,0,14,0,not_tested,0,not_tested,-1,0,0
109,300,12 13 46,3,3,0,1.7087813397264775,1.7087813397264775,12 13 46,0,3,0,not_tested,0,not_tested,-1,0,0
110,44,0 3 4,3,6,3,3.2858586654012165,1.7086465060086329,0 3 4 6 21 38 55 58,5,13,0,not_tested,0,not_tested,-1,0,0
111,131,92 184 200 205 215 222 251 256,8,11,4,2.6495985534055864,1.707519067750267,92 184 200 205 215 222 251 256,4,11,0,not_tested,0,not_tested,-1,0,0
112,38,1 16 51 67 81 83 98 99,8,12,6,3.3454143862894758,1.7068440746374876,1 16 51 67 81 83 98 99,6,12,0,not_tested,0,not_tested,-1,0,0
113,82,130 174 191 195 213,5,9,4,2.9973716744400041,1.7012109503578401,46 130 174 191 192 195 213,4,10,0,not_tested,0,not_tested,-1,0,0
114,68,4 6 21 37 58 104 119 121,8,13,6,3.1032422002417941,1.6980004491889062,4 6 21 37 58 104 119 121,6,13,0,not_tested,0,not_tested,-1,0,0
115,308,158 254 271,3,3,0,1.6878397118631525,1.6878397118631525,158 254 271,0,3,0,not_tested,0,not_tested,-1,0,0
116,315,32 48 50,3,3,0,1.6733917148152022,1.6733917148152022,32 48 50,0,3,0,not_tested,0,not_tested,-1,0,0
117,116,38 39 40 55 58 75 76,7,10,4,2.7373914727601947,1.669141141926948,38 39 40 55 58 75 76,4,10,0,not_tested,0,not_tested,-1,0,0
118,83,114 145 147 160 161 187 188 199,8,11,5,2.9927635325258763,1.6626464069588203,114 145 147 160 161 187 188 199,5,11,0,not_tested,0,not_tested,-1,0,0
119,319,136 138 158,3,3,0,1.6572918990162333,1.6572918990162333,136 138 158,0,3,0,not_tested,0,not_tested,-1,0,0
120,140,13 100 109 117 132 159,6,8,3,2.5889610150725364,1.6475206459552505,13 100 109 117 132 159 174 191,3,11,0,not_tested,0,not_tested,-1,0,0
121,246,70 201 202 225,4,5,1,2.0340134733000377,1.6465823355286022,70 201 202 225,1,5,0,not_tested,0,not_tested,-1,0,0
122,224,72 73 243,3,4,1,2.1125767413431724,1.6154998610271321,72 73 113 129 131 164 197 243,3,12,0,not_tested,0,not_tested,-1,0,0
123,32,1 16 32 48 51 67 81,7,13,7,3.4164579272912579,1.6115367581562536,1 16 32 48 50 51 67 81,6,15,0,not_tested,0,not_tested,-1,0,0
124,64,5 18 36 105 124 139 140,7,10,5,3.1232952714092552,1.5997366024291308,5 18 36 105 124 139 140 225,4,11,0,not_tested,0,not_tested,-1,0,0
125,201,29 63 64 94 95 111,6,7,2,2.204729486688509,1.5965282489813342,29 63 64 94 95 111 158,1,8,0,not_tested,0,not_tested,-1,0,0
126,144,67 81 98,3,5,2,2.5655928589184573,1.5882241507590451,32 48 50 67 81 98,0,9,0,not_tested,0,not_tested,-1,0,0
127,343,28 61,2,2,0,1.5746459003927238,1.5746459003927238,28 61,0,2,0,not_tested,0,not_tested,-1,0,0
128,268,35 55 84 99 202,5,5,1,1.938869773431251,1.5695612451586318,5 18 35 36 55 84 99 202,5,9,0,not_tested,0,not_tested,-1,0,0
129,351,157 174,2,2,0,1.5549708427601445,1.5549708427601445,157 174,0,2,0,not_tested,0,not_tested,-1,0,0
130,354,153 169,2,2,0,1.5504945730417252,1.5504945730417252,153 169,0,2,0,not_tested,0,not_tested,-1,0,0
131,97,41 69,2,4,2,2.902099031244898,1.536405369482593,4 11 12 28 41 43 50 69,5,12,0,not_tested,0,not_tested,-1,0,0
132,359,226 259,2,2,0,1.536007579926465,1.536007579926465,226 259,0,2,0,not_tested,0,not_tested,-1,0,0
133,366,13 46,2,2,0,1.5281742608768027,1.5281742608768027,13 46,0,2,0,not_tested,0,not_tested,-1,0,0
134,187,174 191 201 202 225,5,6,2,2.2438124154252352,1.5257924424891598,46 174 191 192 201 202 225,2,7,0,not_tested,0,not_tested,-1,0,0
135,231,174 185 191 201 202 225,6,7,2,2.0946890998141785,1.5168438308999226,46 174 185 191 192 201 202 225,2,8,0,not_tested,0,not_tested,-1,0,0
136,378,138 158,2,2,0,1.4990714517452184,1.4990714517452184,138 158,0,2,0,not_tested,0,not_tested,-1,0,0
137,383,254 271,2,2,0,1.494588059424192,1.494588059424192,254 271,0,2,0,not_tested,0,not_tested,-1,0,0
138,135,107 189 227 232 241 247 264,7,9,4,2.6299336776056799,1.4926650602626828,107 189 227 232 241 243 247 264,7,10,0,not_tested,0,not_tested,-1,0,0
139,95,114 145 147 160 161 177 179,7,10,5,2.9107779083396963,1.4908862457349663,114 145 147 160 161 177 179 195,4,17,0,not_tested,0,not_tested,-1,0,0
140,8,226 227 240 241 243 244 256 259,8,14,9,4.0291464362308753,1.4844223712429538,226 227 240 241 243 244 256 259,9,14,1,ok,1,failed,-1,0.023000000000002185,0.17199999999999854
141,216,197 199,2,3,1,2.135603706502665,1.4784948737326142,174 191 197 199 201 202 225,2,9,0,not_tested,0,not_tested,-1,0,0
142,389,155 157 189,3,3,0,1.4777463640380231,1.4777463640380231,155 157 189,0,3,0,not_tested,0,not_tested,-1,0,0
143,9,5 18 35 36 37 69 84 86,8,14,9,4.0098716103153054,1.4773211195898495,5 18 35 36 37 69 84 86,9,14,1,ok,2,failed,-1,0.023999999999999716,0.3290000000000029
144,392,189 190,2,2,0,1.4678881742428438,1.4678881742428438,189 190,0,2,0,not_tested,0,not_tested,-1,0,0
145,393,232 247,2,2,0,1.4663765019871184,1.4663765019871184,232 247,0,2,0,not_tested,0,not_tested,-1,0,0
146,100,4 11 12 28 43 81 179 226,8,12,6,2.8718230574746255,1.465215845650319,4 11 12 28 43 81 179 226,6,12,0,not_tested,0,not_tested,-1,0,0
147,226,147 164,2,3,1,2.1109549367158791,1.4614303408033009,38 145 147 151 152 161 164 195,3,10,0,not_tested,0,not_tested,-1,0,0
148,58,5 18 36 105 124 139,6,9,5,3.1709270744443705,1.4569124396095758,5 18 36 105 124 139 225 272,3,12,0,not_tested,0,not_tested,-1,0,0
149,177,232 247 264,3,5,2,2.3456952325849363,1.4520970487430558,92 232 247 264,1,7,0,not_tested,0,not_tested,-1,0,0
150,26,5 18 35 36 37 38 55 84,8,13,8,3.6496626906385328,1.4460927642152677,5 18 35 36 37 38 55 84,8,13,1,ok,3,failed,-1,0.016999999999999654,0.40600000000000014
151,275,61 105 106,3,4,1,1.8901262084839796,1.4453906300171611,61 105 106 139 225 254 271 272,0,14,0,not_tested,0,not_tested,-1,0,0
152,117,69 84,2,4,2,2.729255481607237,1.4448999608508899,5 18 36 69 84 225 254 271,5,10,0,not_tested,0,not_tested,-1,0,0
153,402,225 271,2,2,0,1.4406264633595245,1.4406264633595245,225 271,0,2,0,not_tested,0,not_tested,-1,0,0
154,404,155 157,2,2,0,1.4375912606660968,1.4375912606660968,155 157,0,2,0,not_tested,0,not_tested,-1,0,0
155,278,13 174 191,3,4,1,1.8744025430228592,1.4333666505468925,13 36 46 124 174 191 192,2,8,0,not_tested,0,not_tested,-1,0,0
156,112,29 64 157 158 159,5,8,4,2.7687843037793205,1.42634342921965,13 29 46 64 157 158 159,5,12,0,not_tested,0,not_tested,-1,0,0
157,4,1 16 38 51 67 81 86 119,8,16,11,4.4128078980026064,1.4256763978162266,1 16 38 51 67 81 86 119,11,16,1,failed,0,not_tested,-1,0.037000000000002309,0
158,111,4 11 12 28 43 226 248 259,8,10,5,2.7736296453045184,1.4206395744242655,4 11 12 28 43 226 248 259,5,10,0,not_tested,0,not_tested,-1,0,0
159,115,4 11 12 28 43 226,6,8,4,2.7459800246375456,1.4145957702678267,4 11 12 28 41 43 50 226,5,11,0,not_tested,0,not_tested,-1,0,0
160,60,4 6 21 58,4,7,4,3.1505497941492511,1.4123154249634573,4 6 21 38 55 58,5,9,0,not_tested,0,not_tested,-1,0,0
161,80,4 6 21 58 113 129 130 131,8,11,6,3.0057843516221152,1.4026993640903205,4 6 21 58 113 129 130 131,6,11,0,not_tested,0,not_tested,-1,0,0
162,284,35 55 84 99,4,4,1,1.8241115885526449,1.3949088618343755,5 18 35 36 55 84 99,5,8,0,not_tested,0,not_tested,-1,0,0
163,417,12 13,2,2,0,1.3946999890762348,1.3946999890762348,12 13,0,2,0,not_tested,0,not_tested,-1,0,0
164,77,232 247 248 259 264 265,6,9,5,3.0302822788564669,1.3922918578529715,92 232 247 248 259 264 265,4,11,0,not_tested,0,not_tested,-1,0,0
165,418,152 169,2,2,0,1.3900742043631309,1.3900742043631309,152 169,0,2,0,not_tested,0,not_tested,-1,0,0
166,255,92 105,2,3,1,2.0071200156114206,1.3895446261925219,92 105 139 225 254 271 272,0,13,0,not_tested,0,not_tested,-1,0,0
167,423,136 138,2,2,0,1.3799664383512329,1.3799664383512329,136 138,0,2,0,not_tested,0,not_tested,-1,0,0
168,427,12,1,1,0,1.3726283110982374,1.3726283110982374,12,0,1,0,not_tested,0,not_tested,-1,0,0
169,134,232 247 251 264,4,6,3,2.6325996836187273,1.368951835481738,92 221 232 247 251 264 265,2,12,0,not_tested,0,not_tested,-1,0,0
170,429,114,1,1,0,1.3680547402814076,1.3680547402814076,114,0,1,0,not_tested,0,not_tested,-1,0,0
171,430,64,1,1,0,1.3673817262833037,1.3673817262833037,64,0,1,0,not_tested,0,not_tested,-1,0,0
172,434,155,1,1,0,1.3622658186411747,1.3622658186411747,155,0,1,0,not_tested,0,not_tested,-1,0,0
173,436,76,1,1,0,1.361800440940975,1.361800440940975,76,0,1,0,not_tested,0,not_tested,-1,0,0
174,438,0 32,2,2,0,1.3529632655130777,1.3529632655130777,0 32,0,2,0,not_tested,0,not_tested,-1,0,0
175,447,152,1,1,0,1.3320485343357675,1.3320485343357675,152,0,1,0,not_tested,0,not_tested,-1,0,0
176,449,232,1,1,0,1.3294759054163596,1.3294759054163596,232,0,1,0,not_tested,0,not_tested,-1,0,0
177,270,160 177,2,3,1,1.9190922141605347,1.3286023021111393,114 145 147 160 161 177 195 199,4,13,0,not_tested,0,not_tested,-1,0,0
178,170,177,1,2,1,2.3909215987065542,1.3282897770591968,114 145 147 160 161 177 195 199,4,13,0,not_tested,0,not_tested,-1,0,0
179,171,81,1,2,1,2.3905448105379423,1.3280804502988568,32 48 50 81,0,6,0,not_tested,0,not_tested,-1,0,0
180,271,254 272,2,3,1,1.9143234414756876,1.325300844098553,225 254 271 272,0,9,0,not_tested,0,not_tested,-1,0,0
181,453,11 12,2,2,0,1.3222003189114639,1.3222003189114639,11 12,0,2,0,not_tested,0,not_tested,-1,0,0
182,299,39 40 75 76,4,4,1,1.7094623200211925,1.3072358917809119,4 6 21 39 40 58 75 76,4,17,0,not_tested,0,not_tested,-1,0,0
183,233,136 137 138 158,4,5,2,2.0848132786597278,1.290598696313165,136 137 138 158 254 271,1,9,0,not_tested,0,not_tested,-1,0,0
184,466,158,1,1,0,1.2842079704194223,1.2842079704194223,158,0,1,0,not_tested,0,not_tested,-1,0,0
185,468,40,1,1,0,1.2816879676150792,1.2816879676150792,40,0,1,0,not_tested,0,not_tested,-1,0,0
186,469,271,1,1,0,1.2770220985666472,1.2770220985666472,271,0,1,0,not_tested,0,not_tested,-1,0,0
187,25,5 18 35 36 37 55 84,7,12,8,3.6666456566994099,1.2721015543651015,5 18 35 36 37 55 84 99,7,14,1,ok,2,failed,-1,0.019000000000001654,0.3269999999999974
188,472,145,1,1,0,1.2720032332882167,1.2720032332882167,145,0,1,0,not_tested,0,not_tested,-1,0,0
189,473,221,1,1,0,1.2703841043856978,1.2703841043856978,221,0,1,0,not_tested,0,not_tested,-1,0,0
190,474,169,1,1,0,1.268876942449999,1.268876942449999,169,0,1,0,not_tested,0,not_tested,-1,0,0
191,475,0,1,1,0,1.2663944712871598,1.2663944712871598,0,0,1,0,not_tested,0,not_tested,-1,0,0
192,244,29 64 142 157,4,5,2,2.0385956859864214,1.2619878056106419,13 29 46 64 142 157 158,0,10,0,not_tested,0,not_tested,-1,0,0
193,477,157,1,1,0,1.2581405864228761,1.2581405864228761,157,0,1,0,not_tested,0,not_tested,-1,0,0
194,478,174,1,1,0,1.2537579834180066,1.2537579834180066,174,0,1,0,not_tested,0,not_tested,-1,0,0
195,165,113 129 130 131 197,5,6,3,2.4097559079989082,1.2530730721594321,113 114 129 130 131 197,2,8,0,not_tested,0,not_tested,-1,0,0
196,119,11 12 27 28 41 42 43,7,9,5,2.7232078692036907,1.2512036155800741,4 11 12 27 28 41 42 43,7,11,0,not_tested,0,not_tested,-1,0,0
197,479,247,1,1,0,1.2505083567061321,1.2505083567061321,247,0,1,0,not_tested,0,not_tested,-1,0,0
198,254,40 58 75 76,4,5,2,2.0119867995171381,1.2455156377963237,4 6 21 40 58 75 76,4,13,0,not_tested,0,not_tested,-1,0,0
199,189,69,1,2,1,2.2407539444023192,1.244863302445733,4 11 12 28 41 43 50 69,5,12,0,not_tested,0,not_tested,-1,0,0
200,481,32,1,1,0,1.2436097679894189,1.2436097679894189,32,0,1,0,not_tested,0,not_tested,-1,0,0
201,166,29 36 64 124 140 142 157,7,8,4,2.4058436500687512,1.2393740015505688,29 36 64 124 140 142 157 158,3,9,0,not_tested,0,not_tested,-1,0,0
202,482,202,1,1,0,1.2386483738893665,1.2386483738893665,202,0,1,0,not_tested,0,not_tested,-1,0,0
203,483,160,1,1,0,1.2358446519442972,1.2358446519442972,160,0,1,0,not_tested,0,not_tested,-1,0,0
204,484,29,1,1,0,1.2306319092878111,1.2306319092878111,29,0,1,0,not_tested,0,not_tested,-1,0,0
205,487,190,1,1,0,1.2195620895352983,1.2195620895352983,190,0,1,0,not_tested,0,not_tested,-1,0,0
206,489,259,1,1,0,1.2141069566577003,1.2141069566577003,259,0,1,0,not_tested,0,not_tested,-1,0,0
207,490,136,1,1,0,1.2134163606438357,1.2134163606438357,136,0,1,0,not_tested,0,not_tested,-1,0,0
208,176,11 12 27 28 42 43,6,8,4,2.3528587672015777,1.2120787588614188,4 11 12 27 28 42 43 61,5,14,0,not_tested,0,not_tested,-1,0,0
209,493,225,1,1,0,1.2019252758284125,1.2019252758284125,225,0,1,0,not_tested,0,not_tested,-1,0,0
210,494,272,1,1,0,1.201521801595868,1.201521801595868,272,0,1,0,not_tested,0,not_tested,-1,0,0
211,502,132,1,1,0,1.1863130437498364,1.1863130437498364,132,0,1,0,not_tested,0,not_tested,-1,0,0
212,81,29 64 142 157 159,5,8,5,3.0014400133956114,1.1823854598225136,13 29 46 64 142 157 158 159,5,14,0,not_tested,0,not_tested,-1,0,0
213,302,201 202 213,3,3,1,1.7073273085717904,1.1819958290112396,130 174 191 195 201 202 213,4,10,0,not_tested,0,not_tested,-1,0,0
214,506,13,1,1,0,1.1764347158647765,1.1764347158647765,13,0,1,0,not_tested,0,not_tested,-1,0,0
215,182,184 200 205 215 232 247 256 264,8,8,4,2.2799429489196004,1.1745160645949455,184 200 205 215 232 247 256 264,4,8,0,not_tested,0,not_tested,-1,0,0
216,256,92 184 200 205 215 222 256,7,7,3,2.0004495736927685,1.1726773363026575,92 184 200 205 215 222 243 256,4,8,0,not_tested,0,not_tested,-1,0,0
217,515,138,1,1,0,1.1654491382109287,1.1654491382109287,138,0,1,0,not_tested,0,not_tested,-1,0,0
218,517,70,1,1,0,1.1602419582446613,1.1602419582446613,70,0,1,0,not_tested,0,not_tested,-1,0,0
219,154,37 104 119 121 218 219 229 240,8,9,5,2.5187832399619676,1.1572787859284717,37 104 119 121 218 219 229 240,5,9,0,not_tested,0,not_tested,-1,0,0
220,282,63 93 94 95 111,5,5,2,1.8489503053720142,1.1445882842779136,13 46 63 93 94 95 111,1,7,0,not_tested,0,not_tested,-1,0,0
221,78,37 83 100 104 117 119 121 132,8,11,7,3.0244741836709399,1.1425791360534663,37 83 100 104 117 119 121 132,7,11,0,not_tested,0,not_tested,-1,0,0
222,525,50,1,1,0,1.1417238237326612,1.1417238237326612,50,0,1,0,not_tested,0,not_tested,-1,0,0
223,528,189,1,1,0,1.1395128036293531,1.1395128036293531,189,0,1,0,not_tested,0,not_tested,-1,0,0
224,45,1 16 51 67 81 86 179,7,12,8,3.2762555740956336,1.1366600971352199,1 16 50 51 67 81 86 179,7,13,0,not_tested,0,not_tested,-1,0,0
225,325,201 202 225,3,3,1,1.639255712410647,1.1348693393612173,130 174 191 195 201 202 213 225,4,14,0,not_tested,0,not_tested,-1,0,0
226,529,99,1,1,0,1.1317433979165017,1.1317433979165017,99,0,1,0,not_tested,0,not_tested,-1,0,0
227,530,138 158 254,3,2,0,1.1313999450611831,1.1313999450611831,138 158 254,0,2,0,not_tested,0,not_tested,-1,0,0
228,221,113 114 129,3,4,2,2.1179901818919342,1.1212889198251417,13 83 100 113 114 117 129 132,5,12,0,not_tested,0,not_tested,-1,0,0
229,51,5 18 35 36 37 55 84 104,8,12,8,3.2083092079664399,1.1130868680699892,5 18 35 36 37 55 84 104,8,12,0,not_tested,0,not_tested,-1,0,0
230,334,35 50 55,3,3,1,1.6050275549821695,1.1111729226799634,5 18 35 36 50 55 254 271,5,8,0,not_tested,0,not_tested,-1,0,0
231,335,13 38 111,3,3,1,1.6050199227757833,1.1111676388447731,13 38 111,1,3,0,not_tested,0,not_tested,-1,0,0
232,218,40 41 58 75 76,5,6,3,2.1318620360296254,1.1085682587354051,4 6 21 40 41 58 75 76,5,14,0,not_tested,0,not_tested,-1,0,0
233,223,5 18 105 139 272,5,6,3,2.1150584788506133,1.0998304090023188,5 18 105 139 225 254 271 272,1,15,0,not_tested,0,not_tested,-1,0,0
234,102,1 16 51 67 81 83 99 100,8,11,7,2.8514301051554529,1.0772069286142822,1 16 51 67 81 83 99 100,7,11,0,not_tested,0,not_tested,-1,0,0
235,353,174 191 225,3,3,1,1.5528435996501095,1.0750455689885372,36 46 124 174 191 192 225,2,5,0,not_tested,0,not_tested,-1,0,0
236,249,195 213 227,3,4,2,2.0266064206025836,1.0729092814954855,195 213 227 243,2,5,0,not_tested,0,not_tested,-1,0,0
237,120,114 145 147 160 161 199,6,8,5,2.7126597045222454,1.068623519963309,114 145 147 160 161 164 195 199,3,12,0,not_tested,0,not_tested,-1,0,0
238,363,185 197 199,3,3,1,1.5294157055090465,1.0588262576601091,174 185 191 197 199 201 202 225,2,10,0,not_tested,0,not_tested,-1,0,0
239,364,13 100 132,3,3,1,1.5286299638903316,1.0582822826933065,13 46 100 132 174 191 192,1,9,0,not_tested,0,not_tested,-1,0,0
240,369,155 188 189,3,3,1,1.5237846563849096,1.0549278390357066,155 174 188 189 191 201 202 225,2,9,0,not_tested,0,not_tested,-1,0,0
241,372,84 98 99,3,3,1,1.5190747479186386,1.051667133174442,5 18 36 84 98 99 254 271,5,8,0,not_tested,0,not_tested,-1,0,0
242,46,226 227 240 241 256 259,6,10,7,3.2703985410917125,1.0369556349802993,213 226 227 240 241 243 256 259,6,13,0,not_tested,0,not_tested,-1,0,0
243,266,37 99 104,3,4,2,1.9521577637304841,1.0334952866808447,35 37 55 84 99 104,2,7,0,not_tested,0,not_tested,-1,0,0
244,385,40 75 76,3,3,1,1.4867212773615168,1.0292685766348963,4 6 21 40 58 75 76,4,13,0,not_tested,0,not_tested,-1,0,0
245,267,29 64 157,3,4,2,1.9433720748339447,1.0288440396179708,13 29 46 64 157 158,0,9,0,not_tested,0,not_tested,-1,0,0
246,264,92 184 200 205 215 256,6,6,3,1.9672074858515332,1.0229478926427973,92 184 200 205 213 215 243 256,3,9,0,not_tested,0,not_tested,-1,0,0
247,15,4 5 18 35 36 37,6,12,9,3.8554563897483112,1.0228761850352663,4 5 18 35 36 37 254 271,9,14,1,ok,1,failed,-1,0.022000000000001185,0.25000000000000022
248,198,36 46 124 140 147 154 172 192,8,9,5,2.2222058850661552,1.0210135147601254,36 46 124 140 147 154 172 192,5,9,0,not_tested,0,not_tested,-1,0,0
249,272,131 164 197,3,4,2,1.9135152301659002,1.0130374747937119,13 83 100 117 131 132 164 197,5,12,0,not_tested,0,not_tested,-1,0,0
250,147,38 145 147 151 152 161 172,7,8,5,2.5466912696179773,1.0032420153040515,38 145 147 151 152 161 172 195,4,10,0,not_tested,0,not_tested,-1,0,0
251,401,157 174 191,3,3,1,1.4456583543964698,1.0008403991975561,36 46 124 157 174 191 192,2,5,0,not_tested,0,not_tested,-1,0,0
252,42,4 5 6 18 21 35 36 37,8,14,10,3.328946610258487,0.99284372586656622,4 5 6 18 21 35 36 37,10,14,0,not_tested,0,not_tested,-1,0,0
253,277,185 201 202 225,4,4,2,1.8749277259480188,0.99260879609012764,46 174 185 191 192 201 202 225,2,8,0,not_tested,0,not_tested,-1,0,0
254,280,11 12 28 43,4,4,2,1.8583813818450396,0.98384896685913859,4 11 12 28 41 43 50,5,9,0,not_tested,0,not_tested,-1,0,0
255,204,27 42 50 152 153 169,6,7,4,2.1903883315811719,0.98189821760535301,27 41 42 50 69 152 153 169,6,14,0,not_tested,0,not_tested,-1,0,0
256,136,29 64 158 159,4,6,4,2.617133525277505,0.94216806909990181,13 29 46 64 158 159 174 191,5,13,0,not_tested,0,not_tested,-1,0,0
257,91,1 16 51 67 81 83 99,7,10,7,2.9582989386342828,0.93799722444501654,1 16 50 51 67 81 83 99,7,11,0,not_tested,0,not_tested,-1,0,0
258,54,1 16 51 67 81 86,6,11,8,3.1809429807575924,0.91893908332997132,1 16 50 51 67 81 86 98,6,14,0,not_tested,0,not_tested,-1,0,0
259,55,197 227 229 240 241 243 244 256,8,11,8,3.1757084831343807,0.91742689512771014,197 227 229 240 241 243 244 256,8,11,0,not_tested,0,not_tested,-1,0,0
260,215,50 152 153 169,4,5,3,2.1383611567004048,0.91644049572874497,27 41 42 50 69 152 153 169,6,14,0,not_tested,0,not_tested,-1,0,0
261,181,6 21 58 83 138 254 264 265,8,8,5,2.3103357095650918,0.91013224922261182,6 21 58 83 138 254 264 265,5,8,0,not_tested,0,not_tested,-1,0,0
262,66,42 51 86 147 172 248 250 259,8,11,8,3.1103821813832799,0.8985548523996143,42 51 86 147 172 248 250 259,8,11,0,not_tested,0,not_tested,-1,0,0
263,148,42 51 86 139 218 219 229 240,8,9,6,2.5447528291905432,0.89410234539127198,42 51 86 139 218 219 229 240,6,9,0,not_tested,0,not_tested,-1,0,0
264,314,63 94 95 111,4,4,2,1.6747780706403819,0.88664721386843748,13 29 46 63 64 94 95 111,1,13,0,not_tested,0,not_tested,-1,0,0
265,345,247 264,2,2,1,1.5686442920700296,0.87146905115001649,6 21 58 83 138 247 254 264,5,8,0,not_tested,0,not_tested,-1,0,0
266,577,107 155,2,1,0,0.86869267759247448,0.86869267759247448,107 155,0,1,0,not_tested,0,not_tested,-1,0,0
267,347,139 272,2,2,1,1.5632736920628154,0.86848538447934198,139 225 254 271 272,0,10,0,not_tested,0,not_tested,-1,0,0
268,348,50 67,2,2,1,1.561678012818704,0.8675988960103912,32 48 50 67,0,4,0,not_tested,0,not_tested,-1,0,0
269,326,63 93 95 111 125,5,4,2,1.6363646800341103,0.86631071295923479,13 46 63 93 95 111 125,1,6,0,not_tested,0,not_tested,-1,0,0
270,92,3 4,2,4,3,2.9431679341075578,0.86563762767869346,3 4 6 21 38 55 58,5,11,0,not_tested,0,not_tested,-1,0,0
271,186,81 179,2,3,2,2.2453975028385629,0.86361442416867817,32 48 50 81 179,1,7,0,not_tested,0,not_tested,-1,0,0
272,253,11 12 27 28 43,5,5,3,2.0139951458791963,0.86314077680536971,4 11 12 27 28 43 61,4,9,0,not_tested,0,not_tested,-1,0,0
273,579,221 222,2,1,0,0.86301365869438496,0.86301365869438496,221 222,0,1,0,not_tested,0,not_tested,-1,0,0
274,190,29 64,2,3,2,2.2398669284154873,0.8614872801598028,13 29 46 64 158,0,8,0,not_tested,0,not_tested,-1,0,0
275,581,39 70,2,1,0,0.85465099220003815,0.85465099220003815,39 70,0,1,0,not_tested,0,not_tested,-1,0,0
276,582,191 225,2,1,0,0.85369062430924614,0.85369062430924614,191 225,0,1,0,not_tested,0,not_tested,-1,0,0
277,360,40 73,2,2,1,1.5359685272751584,0.85331584848619912,40 73 113 114 129 131 164 197,2,12,0,not_tested,0,not_tested,-1,0,0
278,200,113 114,2,3,2,2.2178217076805566,0.85300834910790646,13 83 100 113 114 117 132,5,11,0,not_tested,0,not_tested,-1,0,0
279,258,37 104 119 121,4,5,3,1.9818811094072539,0.84937761831739467,37 61 98 104 105 106 119 121,3,13,0,not_tested,0,not_tested,-1,0,0
280,370,221 265,2,2,1,1.5209700839809743,0.84498337998943018,6 21 58 83 138 221 254 265,5,8,0,not_tested,0,not_tested,-1,0,0
281,371,27 61,2,2,1,1.5207128305632469,0.84484046142402602,4 11 12 27 28 43 61,4,9,0,not_tested,0,not_tested,-1,0,0
282,179,27 41 42 69,4,6,4,2.3345838114891793,0.84045017213610462,4 6 21 27 41 42 58 69,7,13,0,not_tested,0,not_tested,-1,0,0
283,59,41 50 83 100 117 132 152 153,8,12,9,3.1591656789399547,0.83814599645345744,41 50 83 100 117 132 152 153,9,12,0,not_tested,0,not_tested,-1,0,0
284,374,73 76,2,2,1,1.5071260442600245,0.83729224681112469,73 76 113 114 129 131 164 197,2,12,0,not_tested,0,not_tested,-1,0,0
285,206,172 259,2,3,2,2.1768911335640735,0.83726582060156685,38 145 151 152 161 172 259,4,8,0,not_tested,0,not_tested,-1,0,0
286,589,48 50,2,1,0,0.83723884581843655,0.83723884581843655,48 50,0,1,0,not_tested,0,not_tested,-1,0,0
287,377,81 83,2,2,1,1.5052744819330892,0.83626360107393849,32 48 50 81 83 100 117 132,4,12,0,not_tested,0,not_tested,-1,0,0
288,133,83 100 113 117 129 130 131 132,8,10,7,2.6369293641255789,0.8360995544788421,83 100 113 117 129 130 131 132,7,10,0,not_tested,0,not_tested,-1,0,0
289,379,35 55,2,2,1,1.4970607965271134,0.83170044251506303,5 18 35 36 55 225 254 271,4,8,0,not_tested,0,not_tested,-1,0,0
290,387,195 227,2,2,1,1.485434339819059,0.82524129989947725,195 213 227 243,2,5,0,not_tested,0,not_tested,-1,0,0
291,596,151 152,2,1,0,0.81679674075991016,0.81679674075991016,151 152,0,1,0,not_tested,0,not_tested,-1,0,0
292,105,213 227 229 240 241 243 244 256,8,11,8,2.8216726768628688,0.81514988442705105,213 227 229 240 241 243 244 256,8,11,0,not_tested,0,not_tested,-1,0,0
293,137,147 172 248 250 259,5,7,5,2.6163575755665338,0.8119730406930622,147 153 169 172 248 250 259,4,9,0,not_tested,0,not_tested,-1,0,0
294,601,157 191,2,1,0,0.80613732242253056,0.80613732242253056,157 191,0,1,0,not_tested,0,not_tested,-1,0,0
295,276,139 218 219 229 240,5,5,3,1.8807958834375822,0.80605537861610665,139 205 213 218 219 229 240 251,6,10,0,not_tested,0,not_tested,-1,0,0
296,400,39 40,2,2,1,1.4479957565358794,0.80444208696437747,4 6 21 38 39 40 55 58,5,11,0,not_tested,0,not_tested,-1,0,0
297,406,174 191,2,2,1,1.4351039355254975,0.79727996418083202,36 46 124 174 191 192,2,4,0,not_tested,0,not_tested,-1,0,0
298,409,72 73,2,2,1,1.4307499939755584,0.79486110776419905,72 73 113 114 129 131 164 197,2,12,0,not_tested,0,not_tested,-1,0,0
299,410,75 76,2,2,1,1.4278718462917979,0.79326213682877655,4 6 21 38 55 58 75 76,6,14,0,not_tested,0,not_tested,-1,0,0
300,411,35 50,2,2,1,1.4254212341575818,0.79190068564310101,5 18 35 36 50 225 254 271,4,8,0,not_tested,0,not_tested,-1,0,0
301,609,154 155,2,1,0,0.79113225843073776,0.79113225843073776,154 155,0,1,0,not_tested,0,not_tested,-1,0,0
302,239,95 111,2,3,2,2.0517326131592926,0.78912792813818944,13 29 46 64 95 111 158,0,11,0,not_tested,0,not_tested,-1,0,0
303,240,188 199,2,3,2,2.0484434137479823,0.78786285144153168,114 160 188 199,1,6,0,not_tested,0,not_tested,-1,0,0
304,416,197 229,2,2,1,1.4042125450537861,0.78011808058543686,37 104 119 121 197 229,3,7,0,not_tested,0,not_tested,-1,0,0
305,614,175 190,2,1,0,0.77748710338844906,0.77748710338844906,175 190,0,1,0,not_tested,0,not_tested,-1,0,0
306,162,145 147 152 153 161 169 188 199,8,10,7,2.4430050135950272,0.77461134577403301,145 147 152 153 161 169 188 199,7,10,0,not_tested,0,not_tested,-1,0,0
307,420,188 189,2,2,1,1.3848509012397001,0.76936161179983342,174 188 189 191 201 202 225,2,8,0,not_tested,0,not_tested,-1,0,0
308,287,92 184 200 215 222 256,6,5,3,1.7917090217826022,0.76787529504968666,92 184 200 213 215 222 243 256,3,8,0,not_tested,0,not_tested,-1,0,0
309,435,61 63,2,2,1,1.362011048058553,0.75667280447697394,13 29 46 61 63 64 111 158,0,14,0,not_tested,0,not_tested,-1,0,0
310,437,240 259,2,2,1,1.3596109692677771,0.75533942737098725,37 104 119 121 240 259,4,7,0,not_tested,0,not_tested,-1,0,0
311,627,192 272,2,1,0,0.75451190047182304,0.75451190047182304,192 272,0,1,0,not_tested,0,not_tested,-1,0,0
312,236,100 109 117 132 159,5,6,4,2.0690332747374125,0.74485197890546839,13 100 109 117 132 159 174 191,3,11,0,not_tested,0,not_tested,-1,0,0
313,451,32 48,2,2,1,1.3259226321011364,0.73662368450063143,32 48 50,0,3,0,not_tested,0,not_tested,-1,0,0
314,304,38 145 151 152 161,5,5,3,1.6962883571883627,0.72698072450929829,38 114 145 151 152 160 161 195,2,11,0,not_tested,0,not_tested,-1,0,0
315,178,36 124 140 147 154 172,6,7,5,2.3419032979893633,0.7267975752380782,36 124 140 147 153 154 169 172,4,9,0,not_tested,0,not_tested,-1,0,0
316,305,92 184 200 215 256,5,5,3,1.6958349153331289,0.72678639228562669,92 184 200 213 215 243 256,3,8,0,not_tested,0,not_tested,-1,0,0
317,649,99 100,2,1,0,0.72651617710435779,0.72651617710435779,99 100,0,1,0,not_tested,0,not_tested,-1,0,0
318,650,160 161,2,1,0,0.72641792063793464,0.72641792063793464,160 161,0,1,0,not_tested,0,not_tested,-1,0,0
319,651,138 154,2,1,0,0.72382560957371223,0.72382560957371223,138 154,0,1,0,not_tested,0,not_tested,-1,0,0
320,654,192 225,2,1,0,0.72083728482535991,0.72083728482535991,192 225,0,1,0,not_tested,0,not_tested,-1,0,0
321,464,177 179,2,2,1,1.2929380374222206,0.71829890967901144,114 145 147 160 161 177 179 199,5,13,0,not_tested,0,not_tested,-1,0,0
322,259,6 21 58 83 138 254,6,6,4,1.9797752665440667,0.71271909595586402,6 21 32 48 58 83 138 254,4,8,0,not_tested,0,not_tested,-1,0,0
323,188,136 137 138 158 231 244,6,7,5,2.2415534592809667,0.69565452184581733,136 137 138 158 213 231 243 244,5,10,0,not_tested,0,not_tested,-1,0,0
324,340,36 46 124 140 154 187 192,7,5,3,1.5906021675303192,0.68168664322727979,36 46 124 140 154 187 192,3,5,0,not_tested,0,not_tested,-1,0,0
325,292,55 72 73,3,3,2,1.7193668436711103,0.66129493987350385,5 18 36 55 72 73 254 271,6,8,0,not_tested,0,not_tested,-1,0,0
326,293,248 250 259,3,3,2,1.7180361955281487,0.66078315212621097,42 51 86 147 172 248 250 259,8,11,0,not_tested,0,not_tested,-1,0,0
327,298,114 117 160,3,3,2,1.7096275889292663,0.65754907266510232,13 100 114 117 132 160 174 191,2,11,0,not_tested,0,not_tested,-1,0,0
328,122,42 51 86 147 172 259,6,9,7,2.6919819044586659,0.65480640919264854,32 42 48 51 86 147 172 259,7,11,0,not_tested,0,not_tested,-1,0,0
329,511,153 169 218,3,2,1,1.1731921187027559,0.65177339927930877,37 104 119 121 153 169 218,3,7,0,not_tested,0,not_tested,-1,0,0
330,306,185 188 199,3,3,2,1.6943208251565702,0.65166185582945002,114 160 185 188 199,1,6,0,not_tested,0,not_tested,-1,0,0
331,513,16 32 48,3,2,1,1.1702033214437815,0.65011295635765631,16 32 48 50,0,3,0,not_tested,0,not_tested,-1,0,0
332,310,197 241 243,3,3,2,1.6863175249123241,0.64858366342781693,113 129 131 164 197 213 241 243,3,11,0,not_tested,0,not_tested,-1,0,0
333,312,29 64 107,3,3,2,1.6828988538492491,0.64726878994201886,13 29 46 64 107 158,0,8,0,not_tested,0,not_tested,-1,0,0
334,375,36 46 124 140 154 192,6,5,3,1.5069534665683186,0.64583719995785083,36 46 124 140 147 154 172 192,5,9,0,not_tested,0,not_tested,-1,0,0
335,520,39 40 75,3,2,1,1.1569096825048584,0.64272760139158791,4 6 21 39 40 58 75,4,9,0,not_tested,0,not_tested,-1,0,0
336,237,37 139 218 219 229 240,6,7,5,2.0630075042573921,0.6402437082178114,37 139 213 218 219 229 240,4,9,0,not_tested,0,not_tested,-1,0,0
337,318,94 95 111,3,3,2,1.6576970424046285,0.63757578554024164,13 29 46 64 94 95 111 158,0,11,0,not_tested,0,not_tested,-1,0,0
338,526,58 136 138,3,2,1,1.1416063699356114,0.63422576107533957,37 58 104 119 121 136 138,3,7,0,not_tested,0,not_tested,-1,0,0
339,324,50 152 153,3,3,2,1.6414617486665357,0.63133144179482148,41 50 69 100 117 132 152 153,6,12,0,not_tested,0,not_tested,-1,0,0
340,531,142 155 157,3,2,1,1.1307759513944478,0.62820886188580427,142 155 157 158,0,3,0,not_tested,0,not_tested,-1,0,0
341,328,58 75 76,3,3,2,1.6259003911678054,0.6253463042953098,4 6 21 38 55 58 75 76,6,14,0,not_tested,0,not_tested,-1,0,0
342,672,175 190 192,3,1,0,0.62348255589537904,0.62348255589537904,175 190 192,0,1,0,not_tested,0,not_tested,-1,0,0
343,331,160 161 177,3,3,2,1.6139672188443879,0.62075662263245679,114 145 147 160 161 177 195 199,4,13,0,not_tested,0,not_tested,-1,0,0
344,333,98 114 117,3,3,2,1.6052972765277458,0.61742202943374835,13 98 100 114 117 132 174 191,2,11,0,not_tested,0,not_tested,-1,0,0
345,336,81 179 226,3,3,2,1.6042873270034514,0.61703358730901969,32 48 50 81 179 226,1,7,0,not_tested,0,not_tested,-1,0,0
346,552,72 73 107,3,2,1,1.0806168933072997,0.60034271850405541,72 73 107 113 129 131 164 197,3,10,0,not_tested,0,not_tested,-1,0,0
347,352,81 83 179,3,3,2,1.5542973966722859,0.59780669102780226,32 48 50 81 83 179,2,7,0,not_tested,0,not_tested,-1,0,0
348,86,37 42 51 86 147 172 259,7,11,9,2.9844907805336365,0.59689815610672736,37 42 51 86 147 172 259,9,11,0,not_tested,0,not_tested,-1,0,0
349,554,46 61 63,3,2,1,1.0664093429038515,0.5924496349465842,13 29 46 61 63 64 111 158,0,14,0,not_tested,0,not_tested,-1,0,0
350,556,35 55 84,3,2,1,1.0635683347397555,0.59087129707764185,5 18 35 36 55 84 254 271,5,8,0,not_tested,0,not_tested,-1,0,0
351,365,29 64 142,3,3,2,1.5285179517960239,0.58789151992154765,13 29 46 64 142 158,0,8,0,not_tested,0,not_tested,-1,0,0
352,559,35 50 84,3,2,1,1.0476347281182206,0.58201929339901137,5 18 35 36 50 84 254 271,5,7,0,not_tested,0,not_tested,-1,0,0
353,376,11 12 28,3,3,2,1.5059405464036641,0.57920790246294773,4 11 12 28 41 43 50,5,9,0,not_tested,0,not_tested,-1,0,0
354,687,107 142 155,3,1,0,0.5761401344108914,0.5761401344108914,107 142 155,0,1,0,not_tested,0,not_tested,-1,0,0
355,386,218 229 240,3,3,2,1.486355982337481,0.57167537782210809,37 104 119 121 213 218 229 240,4,10,0,not_tested,0,not_tested,-1,0,0
356,563,232 247 248,3,2,1,1.0156883820765972,0.56427132337588726,232 247 248,1,2,0,not_tested,0,not_tested,-1,0,0
357,273,130 195 213,3,4,3,1.9109658869573733,0.56204879028158039,13 83 100 117 130 132 195 213,6,12,0,not_tested,0,not_tested,-1,0,0
358,569,27 46 61,3,2,1,1.0020509715803343,0.55669498421129671,4 11 12 27 28 43 46 61,4,9,0,not_tested,0,not_tested,-1,0,0
359,570,35 84 99,3,2,1,0.9923649959644506,0.55131388664691694,5 18 35 36 84 99 254 271,5,7,0,not_tested,0,not_tested,-1,0,0
360,252,36 46 124 140 154 159 187 192,8,8,6,2.0196607395342214,0.550816565327515,36 46 124 140 154 159 187 192,6,8,0,not_tested,0,not_tested,-1,0,0
361,413,232 247 248 259,4,3,2,1.4196705313043771,0.54602712742476045,232 247 248 259,2,3,0,not_tested,0,not_tested,-1,0,0
362,257,38 109 117 145 151 152 159 161,8,8,6,1.9983691827577434,0.54500977711574816,38 109 117 145 151 152 159 161,6,8,0,not_tested,0,not_tested,-1,0,0
363,285,11 12 27 28,4,4,3,1.8156236118488553,0.53400694466142795,4 11 12 27 28 43 61,4,9,0,not_tested,0,not_tested,-1,0,0
364,288,113 129 130 131,4,4,3,1.7891170868574002,0.52621090789923541,113 114 129 130 131,2,6,0,not_tested,0,not_tested,-1,0,0
365,441,36 124 140 154,4,3,2,1.3450869035688933,0.51734111675726657,5 18 36 105 124 139 140 154,5,11,0,not_tested,0,not_tested,-1,0,0
366,149,41 50 152 153,4,6,5,2.5389743253494821,0.50779486506989635,41 50 69 100 117 132 152 153,6,12,0,not_tested,0,not_tested,-1,0,0
367,159,83 100 117 132,4,6,5,2.474553702464164,0.49491074049283273,13 32 48 50 83 100 117 132,3,11,0,not_tested,0,not_tested,-1,0,0
368,313,218 219 229 240,4,4,3,1.6818521171208838,0.49466238738849516,159 205 213 218 219 229 240 251,8,11,0,not_tested,0,not_tested,-1,0,0
369,121,5 18 36 105 124,5,7,6,2.7104444738548112,0.4673180127335882,5 18 36 105 124 139 225 272,3,12,0,not_tested,0,not_tested,-1,0,0
370,84,5 18 35 36 37,5,8,7,2.9903792417085286,0.45308776389523159,5 18 35 36 37 225 254 271,6,11,0,not_tested,0,not_tested,-1,0,0
371,279,6 21 58 83 138,5,5,4,1.8686977158016231,0.44492802757181504,6 21 32 48 50 58 83 138,4,8,0,not_tested,0,not_tested,-1,0,0
372,289,27 42 50 139 272,5,5,4,1.7737704794193594,0.422326304623657,27 42 50 139 225 254 271 272,3,13,0,not_tested,0,not_tested,-1,0,0
373,229,38 55 58 75 76,5,6,5,2.0986869820147134,0.41973739640294272,38 39 40 55 58 75 76,4,10,0,not_tested,0,not_tested,-1,0,0
374,75,5 18 35 36 37 84,6,9,8,3.035428535645543,0.41019304535750584,5 18 35 36 37 69 84,8,13,0,not_tested,0,not_tested,-1,0,0
375,243,145 147 161 188 199,5,6,5,2.042019113716754,0.40840382274335085,114 145 147 160 161 188 195 199,4,13,0,not_tested,0,not_tested,-1,0,0
376,261,63 93 94 95 109 111,6,6,5,1.9750131589603153,0.39500263179206302,63 93 94 95 109 111 125,4,10,0,not_tested,0,not_tested,-1,0,0
377,263,145 147 161 187 188 199,6,6,5,1.96750900029994,0.39350180005998803,145 147 161 187 188 195 199,4,8,0,not_tested,0,not_tested,-1,0,0
378,103,1 16 51 67 81 83 100,7,9,8,2.8426816617744923,0.3841461705100665,1 16 50 51 67 81 83 100,8,10,0,not_tested,0,not_tested,-1,0,0
379,283,5 18 35 36 55 84,6,6,5,1.8263416272884789,0.36526832545769577,5 18 35 36 55 84 254 271,5,8,0,not_tested,0,not_tested,-1,0,0
380,94,5 18 35 36 37 84 86,7,10,9,2.9218623992725146,0.35632468283811153,5 18 35 36 37 69 84 86,9,14,0,not_tested,0,not_tested,-1,0,0
381,56,1 5 16 18 37 67 105 208,8,11,10,3.1751848977879731,0.35279832197644151,1 5 16 18 37 67 105 208,10,11,0,not_tested,0,not_tested,-1,0,0
382,141,6 21 41 50 58 83 152 153,8,9,8,2.5869336018066145,0.34958562186575876,6 21 41 50 58 83 152 153,8,9,0,not_tested,0,not_tested,-1,0,0
383,127,1 16 18 37 67 105 208,7,10,9,2.6603655181553436,0.32443481928723705,1 16 18 37 50 67 105 208,8,11,0,not_tested,0,not_tested,-1,0,0
384,358,63 93 94 95 125 177 248 250,8,6,5,1.5438611244406395,0.30877222488812794,63 93 94 95 125 177 248 250,5,6,0,not_tested,0,not_tested,-1,0,0
385,202,184 200 215 227 241 243 244 256,8,9,8,2.2036322211418748,0.29778813799214526,184 200 215 227 241 243 244 256,8,9,0,not_tested,0,not_tested,-1,0,0
386,426,18,1,1,1,1.374946356303379,0.27498927126067579,18 139 225 254 271 272,0,11,0,not_tested,0,not_tested,-1,0,0
387,693,106,1,0,0,0.27414336104747428,0.27414336104747428,106,0,0,0,not_tested,0,not_tested,-1,0,0
388,694,222,1,0,0,0.27410512633805506,0.27410512633805506,222,0,0,0,not_tested,0,not_tested,-1,0,0
389,695,187,1,0,0,0.27358646449788532,0.27358646449788532,187,0,0,0,not_tested,0,not_tested,-1,0,0
390,432,199,1,1,1,1.3662190809996688,0.27324381619993376,46 174 191 192 199 201 202 225,2,8,0,not_tested,0,not_tested,-1,0,0
391,696,43,1,0,0,0.27291628506189791,0.27291628506189791,43,0,0,0,not_tested,0,not_tested,-1,0,0
392,433,1,1,1,1,1.363680170140259,0.2727360340280518,1 32 48 50,0,4,0,not_tested,0,not_tested,-1,0,0
393,439,86,1,1,1,1.3489704549350408,0.26979409098700813,86 139 213 218 219 229 240,2,8,0,not_tested,0,not_tested,-1,0,0
394,442,67,1,1,1,1.344938020767442,0.26898760415348838,32 48 50 67,0,4,0,not_tested,0,not_tested,-1,0,0
395,704,48,1,0,0,0.26709998741625379,0.26709998741625379,48,0,0,0,not_tested,0,not_tested,-1,0,0
396,706,153,1,0,0,0.26683069177310292,0.26683069177310292,153,0,0,0,not_tested,0,not_tested,-1,0,0
397,448,147,1,1,1,1.3309353851373502,0.26618707702747002,38 145 147 151 152 161 195,3,8,0,not_tested,0,not_tested,-1,0,0
398,454,264,1,1,1,1.3165955845392889,0.26331911690785781,6 21 58 83 138 254 264,5,7,0,not_tested,0,not_tested,-1,0,0
399,455,35,1,1,1,1.3159112345732797,0.26318224691465597,5 18 35 36 225 254 271,4,7,0,not_tested,0,not_tested,-1,0,0
400,456,243,1,1,1,1.3136648980947814,0.26273297961895625,113 114 129 131 164 197 243,2,11,0,not_tested,0,not_tested,-1,0,0
401,710,154,1,0,0,0.26257768486357608,0.26257768486357608,154,0,0,0,not_tested,0,not_tested,-1,0,0
402,712,28,1,0,0,0.26165725990013938,0.26165725990013938,28,0,0,0,not_tested,0,not_tested,-1,0,0
403,459,105,1,1,1,1.30520171158534,0.26104034231706802,105 139 225 254 271 272,0,11,0,not_tested,0,not_tested,-1,0,0
404,713,11,1,0,0,0.26026839195750423,0.26026839195750423,11,0,0,0,not_tested,0,not_tested,-1,0,0
405,461,73,1,1,1,1.2992000901486036,0.25984001802972073,73 113 114 129 131 164 197,2,11,0,not_tested,0,not_tested,-1,0,0
406,714,161,1,0,0,0.25966226073697529,0.25966226073697529,161,0,0,0,not_tested,0,not_tested,-1,0,0
407,716,151,1,0,0,0.256821463812347,0.256821463812347,151,0,0,0,not_tested,0,not_tested,-1,0,0
408,717,139,1,0,0,0.25558685788201557,0.25558685788201557,139,0,0,0,not_tested,0,not_tested,-1,0,0
409,471,188,1,1,1,1.274596838938443,0.25491936778768859,46 174 188 191 192 201 202 225,2,8,0,not_tested,0,not_tested,-1,0,0
410,476,251,1,1,1,1.2595044960353303,0.25190089920706604,92 221 232 247 251 264 265,2,12,0,not_tested,0,not_tested,-1,0,0
411,722,75,1,0,0,0.25056287701748153,0.25056287701748153,75,0,0,0,not_tested,0,not_tested,-1,0,0
412,729,100,1,0,0,0.24785443077256517,0.24785443077256517,100,0,0,0,not_tested,0,not_tested,-1,0,0
413,730,175,1,0,0,0.24677618391243669,0.24677618391243669,175,0,0,0,not_tested,0,not_tested,-1,0,0
414,485,208,1,1,1,1.2287358451546631,0.24574716903093261,208 225 254 271 272,0,10,0,not_tested,0,not_tested,-1,0,0
415,731,201,1,0,0,0.2441749035780208,0.2441749035780208,201,0,0,0,not_tested,0,not_tested,-1,0,0
416,488,240,1,1,1,1.2190047194447831,0.24380094388895659,37 61 98 104 106 119 121 240,4,12,0,not_tested,0,not_tested,-1,0,0
417,733,46,1,0,0,0.2435683687761965,0.2435683687761965,46,0,0,0,not_tested,0,not_tested,-1,0,0
418,734,192,1,0,0,0.24273398723088094,0.24273398723088094,192,0,0,0,not_tested,0,not_tested,-1,0,0
419,736,254,1,0,0,0.24147053832568563,0.24147053832568563,254,0,0,0,not_tested,0,not_tested,-1,0,0
420,208,37,1,2,2,2.1717035672342262,0.24130039635935846,35 37 55 61 84 98 99 106,2,12,0,not_tested,0,not_tested,-1,0,0
421,740,39,1,0,0,0.23617106077899944,0.23617106077899944,39,0,0,0,not_tested,0,not_tested,-1,0,0
422,742,107,1,0,0,0.2353641508600656,0.2353641508600656,107,0,0,0,not_tested,0,not_tested,-1,0,0
423,510,55,1,1,1,1.1738432443790923,0.23476864887581847,5 18 36 55 225 254 271,4,7,0,not_tested,0,not_tested,-1,0,0
424,745,226,1,0,0,0.23367666380683538,0.23367666380683538,226,0,0,0,not_tested,0,not_tested,-1,0,0
425,746,94,1,0,0,0.23255892483383989,0.23255892483383989,94,0,0,0,not_tested,0,not_tested,-1,0,0
426,749,142,1,0,0,0.2302945663202495,0.2302945663202495,142,0,0,0,not_tested,0,not_tested,-1,0,0
427,752,191,1,0,0,0.22707558705589809,0.22707558705589809,191,0,0,0,not_tested,0,not_tested,-1,0,0
428,573,185 202,2,1,1,0.87228779262337808,0.17445755852467559,46 174 185 191 192 201 202 225,2,8,0,not_tested,0,not_tested,-1,0,0
429,346,18 105,2,2,2,1.5639168222497142,0.17376853580552379,18 105 139 225 254 271 272,0,12,0,not_tested,0,not_tested,-1,0,0
430,578,27 29,2,1,1,0.86632379271745785,0.17326475854349155,4 11 12 27 28 29 43 61,4,10,0,not_tested,0,not_tested,-1,0,0
431,761,175 192,2,0,0,0.17212603979139637,0.17212603979139637,175 192,0,0,0,not_tested,0,not_tested,-1,0,0
432,356,264 265,2,2,2,1.5463948401467826,0.17182164890519808,136 158 264 265 271,1,6,0,not_tested,0,not_tested,-1,0,0
433,197,158 159,2,3,3,2.2269131283683339,0.17130100987448724,13 100 132 158 159 174 191,3,9,0,not_tested,0,not_tested,-1,0,0
434,580,247 248,2,1,1,0.85551841833265063,0.17110368366653012,42 51 86 147 172 247 248 259,8,10,0,not_tested,0,not_tested,-1,0,0
435,585,39 73,2,1,1,0.85018683541785689,0.17003736708357137,39 73 113 114 129 131 164 197,2,11,0,not_tested,0,not_tested,-1,0,0
436,362,1 16,2,2,2,1.5298892156499044,0.16998769062776717,1 16 32 48 50,0,5,0,not_tested,0,not_tested,-1,0,0
437,368,229 240,2,2,2,1.5238094349547462,0.16931215943941624,37 104 119 121 213 229 240,4,9,0,not_tested,0,not_tested,-1,0,0
438,587,73 75,2,1,1,0.83894425153167751,0.16778885030633547,73 75 113 114 129 131 164 197,2,11,0,not_tested,0,not_tested,-1,0,0
439,588,208 222,2,1,1,0.83732006106420465,0.16746401221284091,208 222 225 254 271 272,0,10,0,not_tested,0,not_tested,-1,0,0
440,590,100 132,2,1,1,0.83534734690636947,0.1670694693812739,36 46 100 124 132 174 191 192,2,5,0,not_tested,0,not_tested,-1,0,0
441,209,147 172,2,3,3,2.1700766895327255,0.16692897611790197,147 153 169 172,2,5,0,not_tested,0,not_tested,-1,0,0
442,764,154 187,2,0,0,0.16685075240570016,0.16685075240570016,154 187,0,0,0,not_tested,0,not_tested,-1,0,0
443,591,27 50,2,1,1,0.83261189362038712,0.16652237872407744,4 11 12 27 28 41 43 50,6,10,0,not_tested,0,not_tested,-1,0,0
444,384,172 190,2,2,2,1.490429342797102,0.16560326031078912,38 145 151 152 161 172 190,4,7,0,not_tested,0,not_tested,-1,0,0
445,220,41 50,2,3,3,2.1298714713422151,0.16383626702632423,13 41 50 100 117 132 174 191,4,11,0,not_tested,0,not_tested,-1,0,0
446,595,169 218,2,1,1,0.81882234015194544,0.16376446803038908,37 104 119 121 169 218,3,6,0,not_tested,0,not_tested,-1,0,0
447,391,38 55,2,2,2,1.4723752106682233,0.16359724562980257,5 18 36 38 55 225 254 271,5,8,0,not_tested,0,not_tested,-1,0,0
448,770,28 43,2,0,0,0.16316572646033287,0.16316572646033287,28 43,0,0,0,not_tested,0,not_tested,-1,0,0
449,598,136 137,2,1,1,0.81422589306162862,0.1628451786123257,6 21 58 83 136 137 138 158,4,9,0,not_tested,0,not_tested,-1,0,0
450,602,105 106,2,1,1,0.80592257124942235,0.16118451424988445,105 106 139 225 254 271 272,0,11,0,not_tested,0,not_tested,-1,0,0
451,603,248 250,2,1,1,0.80346164407663434,0.16069232881532686,42 51 86 147 172 248 250 259,8,11,0,not_tested,0,not_tested,-1,0,0
452,403,147 240,2,2,2,1.438965525160081,0.1598850583511201,37 104 119 121 147 240,5,7,0,not_tested,0,not_tested,-1,0,0
453,607,219 221,2,1,1,0.79377617295117009,0.158755234590234,37 104 119 121 219 221,4,6,0,not_tested,0,not_tested,-1,0,0
454,412,37 104,2,2,2,1.4238597107606941,0.15820663452896599,37 61 98 104 106,1,8,0,not_tested,0,not_tested,-1,0,0
455,610,70 72,2,1,1,0.79067572940659248,0.1581351458813185,70 72 113 114 129 131 164 197,2,11,0,not_tested,0,not_tested,-1,0,0
456,611,142 157,2,1,1,0.78496056076827236,0.15699211215365447,142 157 158,0,2,0,not_tested,0,not_tested,-1,0,0
457,419,55 73,2,2,2,1.3893769503296043,0.15437521670328935,5 18 36 55 73 225 254 271,5,8,0,not_tested,0,not_tested,-1,0,0
458,421,94 111,2,2,2,1.3848047062559565,0.15386718958399517,13 29 46 64 94 111 158,0,10,0,not_tested,0,not_tested,-1,0,0
459,628,35 84,2,1,1,0.75392969394579823,0.15078593878915963,5 18 35 36 84 225 254 271,4,7,0,not_tested,0,not_tested,-1,0,0
460,440,92 124,2,2,2,1.3454406067358826,0.1494934007484314,5 18 92 105 124 139 225 272,3,9,0,not_tested,0,not_tested,-1,0,0
461,443,131 164,2,2,2,1.3446251799823123,0.14940279777581247,13 83 100 117 131 132 164,5,10,0,not_tested,0,not_tested,-1,0,0
462,632,201 202,2,1,1,0.74493511000439727,0.14898702200087943,130 174 191 195 201 202 213,4,10,0,not_tested,0,not_tested,-1,0,0
463,634,46 192,2,1,1,0.74340154127959246,0.14868030825591849,5 18 36 46 105 124 139 192,5,10,0,not_tested,0,not_tested,-1,0,0
464,638,192 208,2,1,1,0.74074080009103815,0.1481481600182076,192 208 225 254 271 272,0,10,0,not_tested,0,not_tested,-1,0,0
465,639,38 151,2,1,1,0.73951804424361545,0.14790360884872308,38 151,1,1,0,not_tested,0,not_tested,-1,0,0
466,641,185 188,2,1,1,0.73803843879350939,0.14760768775870187,174 185 188 191 201 202 225,2,8,0,not_tested,0,not_tested,-1,0,0
467,644,152 153,2,1,1,0.73062019391178989,0.14612403878235797,13 100 117 132 152 153 174 191,2,9,0,not_tested,0,not_tested,-1,0,0
468,792,11 28,2,0,0,0.14584994484304284,0.14584994484304284,11 28,0,0,0,not_tested,0,not_tested,-1,0,0
469,645,84 99,2,1,1,0.72905874379843993,0.14581174875968797,5 18 36 84 99 225 254 271,4,7,0,not_tested,0,not_tested,-1,0,0
470,646,232 248,2,1,1,0.72866773421051312,0.14573354684210263,42 51 86 147 172 232 248 259,8,10,0,not_tested,0,not_tested,-1,0,0
471,652,16 50,2,1,1,0.72233491164148556,0.14446698232829711,16 32 48 50,0,3,0,not_tested,0,not_tested,-1,0,0
472,492,50 51 67,3,2,2,1.2082341077838481,0.13424823419820534,32 48 50 51 67,1,4,0,not_tested,0,not_tested,-1,0,0
473,657,27 29 46,3,1,1,0.66761307983771023,0.13352261596754206,4 11 12 27 28 29 43 46,5,8,0,not_tested,0,not_tested,-1,0,0
474,499,254 264 265,3,2,2,1.1937303723182566,0.13263670803536184,136 158 254 264 265 271,1,8,0,not_tested,0,not_tested,-1,0,0
475,294,152 153 169,3,3,3,1.716696624587656,0.13205358650674276,41 69 100 117 132 152 153 169,6,10,0,not_tested,0,not_tested,-1,0,0
476,296,100 117 132,3,3,3,1.713117683965274,0.13177828338194414,13 46 100 117 132 174 191 192,2,11,0,not_tested,0,not_tested,-1,0,0
477,507,172 221 222,3,2,2,1.1762858845207529,0.13069843161341696,38 145 151 152 161 172 221 222,4,7,0,not_tested,0,not_tested,-1,0,0
478,509,27 61 63,3,2,2,1.1742521789091014,0.13047246432323348,13 27 29 46 61 63 64 111,2,13,0,not_tested,0,not_tested,-1,0,0
479,307,29 63 64,3,3,3,1.6922847306608773,0.13017574851237515,13 29 46 63 64 111 158,0,12,0,not_tested,0,not_tested,-1,0,0
480,516,132 145 161,3,2,2,1.1606828837160741,0.12896476485734157,114 132 145 153 160 161 169 195,0,10,0,not_tested,0,not_tested,-1,0,0
481,317,70 130 213,3,3,3,1.6668933582701175,0.12822256602077825,13 70 83 100 117 130 132 213,6,11,0,not_tested,0,not_tested,-1,0,0
482,524,92 124 139,3,2,2,1.1497637023892002,0.1277515224876889,5 18 92 105 124 139 225 272,3,9,0,not_tested,0,not_tested,-1,0,0
483,668,219 221 222,3,1,1,0.63575137111444835,0.12715027422288966,37 104 119 121 219 221 222,4,6,0,not_tested,0,not_tested,-1,0,0
484,671,84 99 100,3,1,1,0.63469331107818483,0.12693866221563696,5 18 36 84 99 100 254 271,5,6,0,not_tested,0,not_tested,-1,0,0
485,128,4 18 35,3,5,5,2.6595533422066531,0.12664539724793586,4 5 18 35 36 37 254 271,9,14,0,not_tested,0,not_tested,-1,0,0
486,533,136 137 138,3,2,2,1.129312807256668,0.12547920080629643,136 137 138 158 254 271,1,9,0,not_tested,0,not_tested,-1,0,0
487,535,67 100 132,3,2,2,1.1285186033638832,0.12539095592932037,32 48 50 67 100 132 174 191,1,7,0,not_tested,0,not_tested,-1,0,0
488,329,69 114 117,3,3,3,1.624812756889024,0.12498559668377107,13 69 100 114 117 132 174 191,3,11,0,not_tested,0,not_tested,-1,0,0
489,227,37 38 55,3,4,4,2.1108209727978462,0.12416593957634389,35 37 38 55 84 99,3,7,0,not_tested,0,not_tested,-1,0,0
490,540,124 153 169,3,2,2,1.1096954702335837,0.12329949669262041,5 18 105 124 139 153 169 225,4,7,0,not_tested,0,not_tested,-1,0,0
491,541,129 131 164,3,2,2,1.1075974862120606,0.12306638735689562,13 83 100 117 129 131 132 164,5,10,0,not_tested,0,not_tested,-1,0,0
492,338,27 42 50,3,3,3,1.5982510131464709,0.12294238562665159,4 27 41 42 50 69,7,11,0,not_tested,0,not_tested,-1,0,0
493,339,190 205 251,3,3,3,1.595199501434724,0.12270765395651723,189 190 205 213 227 241 243 251,7,8,0,not_tested,0,not_tested,-1,0,0
494,675,39 70 75,3,1,1,0.61109702762308005,0.12221940552461601,4 6 21 39 58 70 75,4,8,0,not_tested,0,not_tested,-1,0,0
495,547,248 250 251,3,2,2,1.098951050608995,0.12210567228988833,92 232 247 248 250 251 264,3,9,0,not_tested,0,not_tested,-1,0,0
496,676,218 219 221,3,1,1,0.6091473197971059,0.12182946395942117,37 104 119 121 218 219 221,4,6,0,not_tested,0,not_tested,-1,0,0
497,551,36 124 140,3,2,2,1.0883180913107373,0.12092423236785969,5 18 36 105 124 139 140 225,4,11,0,not_tested,0,not_tested,-1,0,0
498,678,151 152 153,3,1,1,0.60103329611788869,0.12020665922357773,13 100 117 132 151 152 153,2,6,0,not_tested,0,not_tested,-1,0,0
499,242,1 16 67,3,4,4,2.0426470980465221,0.12015571164979542,1 16 32 48 50 67 98,1,9,0,not_tested,0,not_tested,-1,0,0
500,553,226 248 259,3,2,2,1.0788088762090076,0.11986765291211195,42 51 86 147 172 226 248 259,8,10,0,not_tested,0,not_tested,-1,0,0
501,247,51 69 84,3,4,4,2.033793736774391,0.11963492569261125,32 48 50 51 69 84,3,7,0,not_tested,0,not_tested,-1,0,0
502,248,4 81 83,3,4,4,2.0336130592375072,0.11962429760220632,4 32 48 50 81 83,4,8,0,not_tested,0,not_tested,-1,0,0
503,250,4 6 21,3,4,4,2.0254088589912973,0.11914169758772337,4 6 21 38 55 58,5,9,0,not_tested,0,not_tested,-1,0,0
504,679,191 201 202,3,1,1,0.59068438613727903,0.11813687722745581,130 174 191 195 201 202 213,4,10,0,not_tested,0,not_tested,-1,0,0
505,681,39 70 72,3,1,1,0.58678184521524035,0.11735636904304807,39 70 72 113 129 131 164 197,3,9,0,not_tested,0,not_tested,-1,0,0
506,367,145 160 161,3,3,3,1.5253679588143783,0.11733599683187525,114 145 153 160 161 169 195,0,9,0,not_tested,0,not_tested,-1,0,0
507,558,145 152 161,3,2,2,1.0514046403888262,0.11682273782098068,114 145 152 153 160 161 169 195,3,10,0,not_tested,0,not_tested,-1,0,0
508,684,46 154 192,3,1,1,0.57966616760097422,0.11593323352019484,36 46 124 154 192,2,2,0,not_tested,0,not_tested,-1,0,0
509,685,175 192 208,3,1,1,0.57809444948115662,0.11561888989623131,175 192 208 225 254 271 272,0,10,0,not_tested,0,not_tested,-1,0,0
510,560,232 248 259,3,2,2,1.0290240232083068,0.11433600257870075,42 51 86 147 172 232 248 259,8,10,0,not_tested,0,not_tested,-1,0,0
511,388,132 145 147,3,3,3,1.4785408384272261,0.11373391064824814,114 132 145 147 153 160 169 195,1,10,0,not_tested,0,not_tested,-1,0,0
512,390,113 129 130,3,3,3,1.4758221121592183,0.1135247778584014,83 100 113 114 117 129 130 132,6,11,0,not_tested,0,not_tested,-1,0,0
513,688,100 132 151,3,1,1,0.56453761503123379,0.11290752300624676,46 100 132 151 174 191 192,1,4,0,not_tested,0,not_tested,-1,0,0
514,690,187 248 250,3,1,1,0.56138560092124279,0.11227712018424857,187 248 250,1,1,0,not_tested,0,not_tested,-1,0,0
515,564,161 177 179,3,2,2,1.0098481253868499,0.11220534726520554,161 177 179 195,1,6,0,not_tested,0,not_tested,-1,0,0
516,691,192 250 272,3,1,1,0.560002792087549,0.1120005584175098,192 250 272,1,1,0,not_tested,0,not_tested,-1,0,0
517,566,139 172 190,3,2,2,1.0057472517880768,0.11174969464311962,38 139 145 151 152 161 172 190,4,7,0,not_tested,0,not_tested,-1,0,0
518,397,1 16 18,3,3,3,1.45200976139416,0.11169305856878153,1 16 18 32 48 50 139 272,2,8,0,not_tested,0,not_tested,-1,0,0
519,408,32 48 113,3,3,3,1.4334192509461867,0.11026301930355283,32 48 50 83 100 113 117 132,5,10,0,not_tested,0,not_tested,-1,0,0
520,219,5 18 36 124,4,5,5,2.1313259914504061,0.10149171387859077,5 18 36 124 225 254 271,4,8,0,not_tested,0,not_tested,-1,0,0
521,297,5 18 105 139,4,4,4,1.7098999485490554,0.10058234991465032,5 18 105 139 225 254 271 272,1,15,0,not_tested,0,not_tested,-1,0,0
522,301,41 58 75 76,4,4,4,1.7079471296824591,0.10046747821661524,4 6 21 40 41 58 75 76,5,14,0,not_tested,0,not_tested,-1,0,0
523,337,42 51 86 139,4,4,4,1.6030708726478904,0.094298286626346497,32 42 48 50 51 86 139,3,7,0,not_tested,0,not_tested,-1,0,0
524,501,184 200 215 256,4,3,3,1.1902981153579477,0.091561393489072898,184 200 213 215 243 256,3,6,0,not_tested,0,not_tested,-1,0,0
525,199,41 50 83 152 153,5,6,6,2.2220788014189234,0.088883152056756926,32 41 48 50 69 83 152 153,4,11,0,not_tested,0,not_tested,-1,0,0
526,538,184 200 205 215 256,5,3,3,1.116052159888989,0.085850166145306842,184 200 205 213 215 243 256,3,6,0,not_tested,0,not_tested,-1,0,0
527,61,5 18 35 36 37 86,6,9,9,3.1483767970629732,0.085091264785485773,5 18 35 36 37 69 86,9,11,0,not_tested,0,not_tested,-1,0,0
528,290,145 147 152 161 172,5,5,5,1.7490197848691338,0.083286656422339719,114 145 147 152 160 161 172 195,4,11,0,not_tested,0,not_tested,-1,0,0
529,167,1 16 51 67 86,5,7,7,2.4045932812681601,0.082917009698902075,1 16 50 51 67 86 98 177,5,12,0,not_tested,0,not_tested,-1,0,0
530,291,83 100 113 129 130 131,6,5,5,1.7372551729120078,0.082726436805333717,83 100 113 114 129 130 131,4,7,0,not_tested,0,not_tested,-1,0,0
531,138,1 16 51 67 81 83,6,8,8,2.6146423753636117,0.079231587132230663,1 16 50 51 67 81 83 98,7,11,0,not_tested,0,not_tested,-1,0,0
532,463,63 93 94 95 125 177,6,4,4,1.2944501144628293,0.076144124380166434,63 93 94 95 111 125 177,3,10,0,not_tested,0,not_tested,-1,0,0
533,110,227 229 240 241 243 244 256,7,9,9,2.779010437969883,0.075108390215402235,213 227 229 240 241 243 244 256,8,11,0,not_tested,0,not_tested,-1,0,0
534,168,145 147 152 153 161 169 172,7,8,8,2.4001807826700281,0.072732750990000858,145 147 152 153 161 169 172 195,7,10,0,not_tested,0,not_tested,-1,0,0
535,145,37 205 218 219 229 240 251,7,9,9,2.5630424526899112,0.069271417640267868,37 205 213 218 219 229 240 251,8,11,0,not_tested,0,not_tested,-1,0,0
536,153,42 51 86 137 139 231 244 272,8,9,9,2.5321789831383432,0.068437269814549812,42 51 86 137 139 231 244 272,9,9,0,not_tested,0,not_tested,-1,0,0
537,311,63 93 94 95 109 125 159,7,6,6,1.6861290489241303,0.067445161956965219,63 93 94 95 109 111 125 159,5,14,0,not_tested,0,not_tested,-1,0,0
538,161,1 16 51 67 86 137 231 244,8,10,11,2.4554990538441985,-0.17967066247640479,1 16 51 67 86 137 231 244,11,10,0,not_tested,0,not_tested,-1,0,0
539,341,184 189 200 205 215 227 241 256,8,6,7,1.5875693474277701,-0.19050832169133244,184 189 200 205 215 227 241 256,7,6,0,not_tested,0,not_tested,-1,0,0
540,175,5 36 124 190 205 218 229 251,8,9,10,2.3601748440694243,-0.19136552789752093,5 36 124 190 205 218 229 251,10,9,0,not_tested,0,not_tested,-1,0,0
541,281,109 117 159 205 218 229 251,7,7,8,1.8520909990438037,-0.19159562059073829,109 117 159 205 218 229 251,8,7,0,not_tested,0,not_tested,-1,0,0
542,158,184 200 215 227 231 241 244 256,8,9,10,2.4800038824401964,-0.20108139587352947,184 200 215 227 231 241 244 256,10,9,0,not_tested,0,not_tested,-1,0,0
543,251,6 21 58 83 137 138 231 244,8,7,8,2.0238901218472667,-0.20936794363937239,6 21 58 83 137 138 231 244,8,7,0,not_tested,0,not_tested,-1,0,0
544,571,63 93 94 95 125 172,6,3,4,0.94856446776422809,-0.21889949256097568,63 93 94 95 111 125 172,3,9,0,not_tested,0,not_tested,-1,0,0
545,164,1 5 16 18 67 105 208,7,8,9,2.4178988198751674,-0.21980898362501519,1 5 16 18 50 67 105 208,8,9,0,not_tested,0,not_tested,-1,0,0
546,262,145 147 152 153 161 169,6,6,7,1.9716616931083948,-0.23659940317300737,145 147 152 153 161 169 195,6,8,0,not_tested,0,not_tested,-1,0,0
547,160,1 16 51 67 81,5,7,8,2.4606630336910631,-0.25455134831286857,1 16 50 51 67 81 98 99,5,11,0,not_tested,0,not_tested,-1,0,0
548,192,37 42 51 86 147,5,6,7,2.2346765945198372,-0.26816119134238042,32 37 42 48 50 51 86 147,6,9,0,not_tested,0,not_tested,-1,0,0
549,129,226 227 240 241 256,5,7,8,2.6549859222361438,-0.27465371609339417,197 213 226 227 240 241 243 256,6,12,0,not_tested,0,not_tested,-1,0,0
550,584,63 93 94 95 125,5,2,3,0.85080725745774621,-0.28360241915258205,13 46 63 93 94 95 111 125,1,10,0,not_tested,0,not_tested,-1,0,0
551,323,5 18 105 208,4,4,5,1.6428511812414417,-0.289914914336725,5 18 105 208 225 254 271 272,2,13,0,not_tested,0,not_tested,-1,0,0
552,303,42 51 86 147,4,4,5,1.6973000900405482,-0.29952354530127323,32 42 48 50 51 86 147,4,7,0,not_tested,0,not_tested,-1,0,0
553,457,6 21 58 83,4,3,4,1.3107890379744211,-0.30248977799409721,6 21 32 48 50 58 83,4,6,0,not_tested,0,not_tested,-1,0,0
554,132,226 227 240 256,4,6,7,2.6453736737417923,-0.31744484084901503,197 213 226 227 240 243 256 259,5,13,0,not_tested,0,not_tested,-1,0,0
555,286,4 226 248 259,4,4,5,1.8074766734207712,-0.3189664717801361,4 6 21 58 226 248 259,6,9,0,not_tested,0,not_tested,-1,0,0
556,415,46 154 159 192,4,3,4,1.4048942435267,-0.32420636389077695,36 46 124 154 159 192,5,4,0,not_tested,0,not_tested,-1,0,0
557,692,248 250 265,3,1,2,0.55474554180147162,-0.33284732508088294,248 250 265,2,1,0,not_tested,0,not_tested,-1,0,0
558,568,107 189 227 241,4,2,3,1.0025438428807212,-0.33418128096024036,92 107 189 197 213 227 241 243,3,9,0,not_tested,0,not_tested,-1,0,0
559,567,86 104 119,3,2,3,1.0039839882299799,-0.33466132940999327,61 86 98 104 106 119,2,8,0,not_tested,0,not_tested,-1,0,0
560,396,37 219 240,3,3,4,1.4572218057952335,-0.33628195518351539,37 61 98 106 219 240,3,9,0,not_tested,0,not_tested,-1,0,0
561,689,107 124 155,3,1,2,0.56248039461700017,-0.33748823677020007,5 18 105 107 124 139 155 225,4,6,0,not_tested,0,not_tested,-1,0,0
562,562,18 50 51,3,2,3,1.0160583516487873,-0.33868611721626246,18 32 48 50 51 139 225 272,2,7,0,not_tested,0,not_tested,-1,0,0
563,561,231 248 250,3,2,3,1.0175085690179382,-0.33916952300597936,6 21 58 83 138 231 248 250,7,7,0,not_tested,0,not_tested,-1,0,0
564,269,226 240 256,3,4,5,1.9300215440049879,-0.34059203717735081,197 213 226 240 243 256 259,4,11,0,not_tested,0,not_tested,-1,0,0
565,382,42 51 86,3,3,4,1.4949333343706583,-0.34498461562399801,32 42 48 50 51 86,3,6,0,not_tested,0,not_tested,-1,0,0
566,381,5 18 105,3,3,4,1.4959311509963364,-0.34521488099915454,5 18 105 139 225 254 271 272,1,15,0,not_tested,0,not_tested,-1,0,0
567,686,190 205 222,3,1,2,0.5773308211493613,-0.34639849268961675,189 190 205 213 222 227 241 243,6,6,0,not_tested,0,not_tested,-1,0,0
568,680,185 201 202,3,1,2,0.58961390599601993,-0.35376834359761195,46 174 185 191 192 201 202 225,2,8,0,not_tested,0,not_tested,-1,0,0
569,549,189 227 241,3,2,3,1.0932108898333002,-0.36440362994443337,92 189 197 213 227 241 243,3,9,0,not_tested,0,not_tested,-1,0,0
570,548,172 208 222,3,2,3,1.0945091315097688,-0.3648363771699229,172 208 222 225 254 271 272,2,11,0,not_tested,0,not_tested,-1,0,0
571,545,161 256 259,3,2,3,1.1053679976503481,-0.36845599921678268,161 189 213 227 241 243 256 259,6,7,0,not_tested,0,not_tested,-1,0,0
572,544,27 41 42,3,2,3,1.1069513859358775,-0.36898379531195913,4 11 12 27 28 41 42 43,7,11,0,not_tested,0,not_tested,-1,0,0
573,542,151 184 200,3,2,3,1.1073450118028778,-0.36911500393429253,151 184 189 200 213 227 241 243,6,7,0,not_tested,0,not_tested,-1,0,0
574,539,16 18 67,3,2,3,1.1103064761077774,-0.37010215870259244,16 18 32 48 50 67 139 272,2,7,0,not_tested,0,not_tested,-1,0,0
575,332,94 109 159,3,3,4,1.6106662560769009,-0.37169221294082322,46 94 109 159 174 191 192,4,6,0,not_tested,0,not_tested,-1,0,0
576,222,240 256 259,3,4,5,2.1168411665320521,-0.37356020585859745,197 213 226 240 243 256 259,4,11,0,not_tested,0,not_tested,-1,0,0
577,673,175 190 205,3,1,2,0.62269747608236337,-0.37361848564941802,175 189 190 205 213 227 241 243,6,6,0,not_tested,0,not_tested,-1,0,0
578,537,104 105 119,3,2,3,1.1222751537638809,-0.37409171792129359,104 105 119 139 225 254 271 272,2,12,0,not_tested,0,not_tested,-1,0,0
579,536,151 152 184,3,2,3,1.1239536111180268,-0.37465120370600891,151 152 184 189 213 227 241 243,6,7,0,not_tested,0,not_tested,-1,0,0
580,534,35 36 50,3,2,3,1.1290527268786903,-0.37635090895956341,5 18 35 36 50 225 254 271,4,8,0,not_tested,0,not_tested,-1,0,0
581,532,215 256 259,3,2,3,1.1302702788534416,-0.37675675961781385,189 213 215 227 241 243 256 259,6,7,0,not_tested,0,not_tested,-1,0,0
582,806,137 154 187,3,0,1,0.12656385746008564,-0.37969157238025691,6 21 58 83 137 138 154 187,5,5,0,not_tested,0,not_tested,-1,0,0
583,322,109 117 159,3,3,4,1.6477603027991723,-0.38025237756903973,46 109 117 159 174 191 192,4,6,0,not_tested,0,not_tested,-1,0,0
584,321,18 37 38,3,3,4,1.6537843991281278,-0.38164255364495253,18 37 38 139 225 254 271 272,3,13,0,not_tested,0,not_tested,-1,0,0
585,320,5 36 124,3,3,4,1.6565867134262549,-0.3822892415599049,5 36 124 139 225 254 271 272,3,13,0,not_tested,0,not_tested,-1,0,0
586,804,28 43 58,3,0,1,0.12788115015867155,-0.38364345047601461,28 37 43 58 104 119 121,3,5,0,not_tested,0,not_tested,-1,0,0
587,666,205 221 222,3,1,2,0.64274821550911199,-0.38564892930546713,189 205 213 221 222 227 241 243,6,6,0,not_tested,0,not_tested,-1,0,0
588,519,38 55 72,3,2,3,1.1575715507715394,-0.38585718359051308,5 18 36 38 55 72 254 271,7,7,0,not_tested,0,not_tested,-1,0,0
589,316,158 159 192,3,3,4,1.6720653228753997,-0.3858612283558614,13 36 100 124 132 158 159 192,5,7,0,not_tested,0,not_tested,-1,0,0
590,518,147 219 240,3,2,3,1.1584030623499892,-0.38613435411666303,37 104 119 121 147 219 240,5,7,0,not_tested,0,not_tested,-1,0,0
591,664,105 106 137,3,1,2,0.64571064343545292,-0.38742638606127178,105 106 137 139 225 254 271 272,1,11,0,not_tested,0,not_tested,-1,0,0
592,663,125 142 157,3,1,2,0.6468626941526926,-0.38811761649161552,111 125 142 157 158,0,4,0,not_tested,0,not_tested,-1,0,0
593,508,184 200 215,3,2,3,1.1750529275150152,-0.39168430917167169,184 189 200 213 215 227 241 243,6,7,0,not_tested,0,not_tested,-1,0,0
594,661,137 138 154,3,1,2,0.6553746769237232,-0.39322480615423389,136 137 138 154 158 254 271,1,9,0,not_tested,0,not_tested,-1,0,0
595,660,83 84 99,3,1,2,0.65576959824368131,-0.39346175894620872,32 48 50 83 84 99,2,4,0,not_tested,0,not_tested,-1,0,0
596,496,6 21 58,3,2,3,1.1982300790463696,-0.3994100263487898,6 21 37 58 104 119 121,5,7,0,not_tested,0,not_tested,-1,0,0
597,495,113 129 131,3,2,3,1.2000666473486823,-0.40002221578289404,83 100 113 114 117 129 131 132,6,10,0,not_tested,0,not_tested,-1,0,0
598,797,106 137 154,3,0,1,0.13340323533420884,-0.40020970600262651,6 21 58 83 106 137 138 154,5,5,0,not_tested,0,not_tested,-1,0,0
599,656,154 187 188,3,1,2,0.67166052846495505,-0.40299631707897299,114 154 160 187 188,1,4,0,not_tested,0,not_tested,-1,0,0
600,655,83 100,2,1,2,0.71858998669589502,-0.43115399201753701,13 32 48 50 83 100 117 132,3,11,0,not_tested,0,not_tested,-1,0,0
601,794,43 58,2,0,1,0.14531656470350368,-0.4359496941105111,37 43 58 104 119 121,3,5,0,not_tested,0,not_tested,-1,0,0
602,648,250 251,2,1,2,0.72787029551954208,-0.43672217731172525,92 221 232 247 250 251 264 265,3,12,0,not_tested,0,not_tested,-1,0,0
603,647,187 188,2,1,2,0.72848585916653108,-0.43709151549991865,114 160 187 188,1,4,0,not_tested,0,not_tested,-1,0,0
604,452,36 69,2,2,3,1.3232467318411938,-0.44108224394706469,4 11 12 28 36 43 69,6,8,0,not_tested,0,not_tested,-1,0,0
605,450,37 38,2,2,3,1.3284160320210276,-0.44280534400700922,37 38 61 98 106,2,8,0,not_tested,0,not_tested,-1,0,0
606,790,137 154,2,0,1,0.14761516569689187,-0.44284549709067567,6 21 58 83 137 138 154,5,5,0,not_tested,0,not_tested,-1,0,0
607,446,205 251,2,2,3,1.334332459033611,-0.44477748634453701,189 197 205 213 227 241 243 251,6,9,0,not_tested,0,not_tested,-1,0,0
608,636,63 64,2,1,2,0.74304296769583622,-0.44582578061750178,13 29 46 63 64 111 158,0,12,0,not_tested,0,not_tested,-1,0,0
609,635,139 172,2,1,2,0.74336549171352795,-0.44601929502811677,38 139 145 151 152 161 172,4,6,0,not_tested,0,not_tested,-1,0,0
610,633,114 117,2,1,2,0.74394360253746883,-0.44636616152248132,13 100 114 117 132 174 191,2,9,0,not_tested,0,not_tested,-1,0,0
611,626,137 138,2,1,2,0.75460936895727171,-0.45276562137436305,136 137 138 158 254 271,1,9,0,not_tested,0,not_tested,-1,0,0
612,787,93 94,2,0,1,0.15167677413698341,-0.45503032241095032,13 29 46 64 93 94 111 158,0,10,0,not_tested,0,not_tested,-1,0,0
613,624,219 240,2,1,2,0.75873397819156008,-0.45524038691493607,37 104 119 121 219 240,4,6,0,not_tested,0,not_tested,-1,0,0
614,428,113 129,2,2,3,1.3685154169782749,-0.45617180565942506,13 83 100 113 114 117 129 132,5,12,0,not_tested,0,not_tested,-1,0,0
615,786,125 142,2,0,1,0.15211840613306091,-0.4563552183991828,111 125 142,0,2,0,not_tested,0,not_tested,-1,0,0
616,425,41 42,2,2,3,1.3754954848617567,-0.45849849495391892,4 11 12 28 41 42 43 50,7,10,0,not_tested,0,not_tested,-1,0,0
617,623,145 161,2,1,2,0.76924173708970889,-0.46154504225382537,114 145 153 160 161 169 195,0,9,0,not_tested,0,not_tested,-1,0,0
618,622,172 222,2,1,2,0.76985788898105623,-0.46191473338863376,38 145 151 152 161 172 222,4,6,0,not_tested,0,not_tested,-1,0,0
619,618,16 18,2,1,2,0.77482046312379793,-0.46489227787427878,16 18 32 48 50 139 225 272,1,7,0,not_tested,0,not_tested,-1,0,0
620,615,104 119,2,1,2,0.77688702407182642,-0.46613221444309588,61 98 104 106 119,1,7,0,not_tested,0,not_tested,-1,0,0
621,612,50 51,2,1,2,0.78118055419450094,-0.46870833251670058,32 48 50 51,1,3,0,not_tested,0,not_tested,-1,0,0
622,783,185 201,2,0,1,0.1578645693587484,-0.47359370807624523,46 174 185 191 192 201 202 225,2,8,0,not_tested,0,not_tested,-1,0,0
623,608,248 259,2,1,2,0.79319162683955713,-0.47591497610373429,42 51 86 147 172 248 259,8,9,0,not_tested,0,not_tested,-1,0,0
624,606,114 129,2,1,2,0.79398816042947074,-0.4763928962576825,13 83 100 114 117 129 132,5,9,0,not_tested,0,not_tested,-1,0,0
625,781,93 125,2,0,1,0.15894200978417797,-0.47682602935253393,93 111 125,0,2,0,not_tested,0,not_tested,-1,0,0
626,605,16 32,2,1,2,0.79599627479402435,-0.47759776487641464,16 32 48 50,0,3,0,not_tested,0,not_tested,-1,0,0
627,779,84 100,2,0,1,0.15928393253531178,-0.47785179760593544,5 18 36 84 100 225 254 271,4,6,0,not_tested,0,not_tested,-1,0,0
628,777,106 137,2,0,1,0.15963564082566375,-0.47890692247699135,6 21 58 83 106 137 138,5,5,0,not_tested,0,not_tested,-1,0,0
629,405,145 147,2,2,3,1.4375746265479006,-0.4791915421826336,114 145 147 153 160 169 195,1,9,0,not_tested,0,not_tested,-1,0,0
630,776,218 219,2,0,1,0.16000507650622636,-0.48001522951867909,37 104 119 121 218 219,4,5,0,not_tested,0,not_tested,-1,0,0
631,775,11 27,2,0,1,0.16151062720083129,-0.48453188160249394,4 11 12 27 28 43 61,4,9,0,not_tested,0,not_tested,-1,0,0
632,599,119 151,2,1,2,0.81108947989267521,-0.48665368793560521,61 98 106 119 151,1,7,0,not_tested,0,not_tested,-1,0,0
633,225,4 6,2,3,4,2.1124785940555482,-0.487495060166665,4 6 21 38 55 58,5,9,0,not_tested,0,not_tested,-1,0,0
634,394,256 259,2,2,3,1.465458808665548,-0.48848626955518271,189 197 213 227 241 243 256 259,5,9,0,not_tested,0,not_tested,-1,0,0
635,772,27 28,2,0,1,0.16288182454182309,-0.48864547362546934,4 11 12 27 28 43 61,4,9,0,not_tested,0,not_tested,-1,0,0
636,594,55 72,2,1,2,0.81898348268208088,-0.49139008960924851,5 18 36 55 72 225 254 271,5,7,0,not_tested,0,not_tested,-1,0,0
637,593,84 86,2,1,2,0.81975167007997174,-0.49185100204798304,5 18 36 84 86 225 254 271,5,7,0,not_tested,0,not_tested,-1,0,0
638,766,179 226,2,0,1,0.16561422160459921,-0.49684266481379769,114 145 147 160 161 179 199 226,5,8,0,not_tested,0,not_tested,-1,0,0
639,592,190 205,2,1,2,0.82883771381428761,-0.49730262828857258,189 190 197 205 213 227 241 243,5,8,0,not_tested,0,not_tested,-1,0,0
640,212,4 35,2,3,4,2.1588172085703801,-0.49818858659316462,4 5 18 35 36 37 254 271,9,14,0,not_tested,0,not_tested,-1,0,0
641,380,130 213,2,2,3,1.4966533027014381,-0.49888443423381279,13 83 100 117 130 132 213,6,10,0,not_tested,0,not_tested,-1,0,0
642,361,184 200,2,2,3,1.5309237303769481,-0.51030791012564947,184 189 197 200 213 227 241 243,5,9,0,not_tested,0,not_tested,-1,0,0
643,583,36 124,2,1,2,0.85119792605714684,-0.51071875563428815,5 18 36 105 124 139 225 272,3,12,0,not_tested,0,not_tested,-1,0,0
644,357,117 132,2,2,3,1.5447898536731164,-0.51492995122437213,13 46 100 117 132 174 191 192,2,11,0,not_tested,0,not_tested,-1,0,0
645,758,46 63,2,0,1,0.17366938549460412,-0.52100815648381238,13 29 46 63 64 111 158,0,12,0,not_tested,0,not_tested,-1,0,0
646,757,218 229,2,0,1,0.17382393971500371,-0.52147181914501117,37 104 119 121 218 229,3,5,0,not_tested,0,not_tested,-1,0,0
647,576,131 132,2,1,2,0.87015195518218813,-0.52209117310931297,13 32 48 83 100 117 131 132,5,10,0,not_tested,0,not_tested,-1,0,0
648,184,1 4,2,3,4,2.2626064864854123,-0.5221399584197105,1 4 6 21 32 48 50 58,4,11,0,not_tested,0,not_tested,-1,0,0
649,575,241 243,2,1,2,0.87032128923877961,-0.52219277354326776,113 129 131 164 197 213 241 243,3,11,0,not_tested,0,not_tested,-1,0,0
650,574,16 67,2,1,2,0.8718391308005301,-0.52310347848031813,16 32 48 50 67,0,4,0,not_tested,0,not_tested,-1,0,0
651,183,36 37,2,3,4,2.2680689520895125,-0.52340052740527221,36 37 61 98 106,3,9,0,not_tested,0,not_tested,-1,0,0
652,756,27 43,2,0,1,0.1745141583640695,-0.52354247509220853,4 11 12 27 28 43 61,4,9,0,not_tested,0,not_tested,-1,0,0
653,205,1 16 38 51 67 81,6,7,9,2.1805525880251229,-0.52634027986813314,1 16 38 50 51 67 81 98,7,10,0,not_tested,0,not_tested,-1,0,0
654,342,42 51 86 104 119 121 139 147 219 240,10,7,10,1.587211139764835,-0.60204560473838575,42 51 86 104 119 121 139 147 219 240,10,7,0,not_tested,0,not_tested,-1,0,0
655,500,137 138 231 244,4,3,5,1.192960843963776,-0.64236353136511026,137 138 213 231 243 244,5,6,0,not_tested,0,not_tested,-1,0,0
656,754,229,1,0,1,0.22534150212397691,-0.67602450637193079,37 61 98 104 106 119 121 229,3,11,0,not_tested,0,not_tested,-1,0,0
657,527,119,1,1,2,1.1397208232568659,-0.6838324939541196,35 55 61 84 98 99 106 119,2,11,0,not_tested,0,not_tested,-1,0,0
658,750,227,1,0,1,0.23012013626543559,-0.69036040879630678,113 129 131 164 197 213 227 243,3,11,0,not_tested,0,not_tested,-1,0,0
659,748,137,1,0,1,0.23094340496610147,-0.69283021489830443,6 21 32 48 58 83 137 138,5,7,0,not_tested,0,not_tested,-1,0,0
660,234,159,1,2,3,2.0823638495695489,-0.69412128318984967,13 46 100 132 159 174 191 192,3,11,0,not_tested,0,not_tested,-1,0,0
661,744,72,1,0,1,0.23422395352545558,-0.70267186057636677,72 113 114 129 131 164 197,2,10,0,not_tested,0,not_tested,-1,0,0
662,743,58,1,0,1,0.23513286277451897,-0.70539858832355695,37 58 61 98 104 106 119 121,3,11,0,not_tested,0,not_tested,-1,0,0
663,505,42,1,1,2,1.1772513124525112,-0.7063507874715067,4 11 12 28 42 43 61,5,9,0,not_tested,0,not_tested,-1,0,0
664,741,83,1,0,1,0.23550382879965057,-0.70651148639895167,13 32 48 50 83 100 117 132,3,11,0,not_tested,0,not_tested,-1,0,0
665,503,172,1,1,2,1.181113637040905,-0.70866818222454309,38 114 145 151 152 160 161 172,4,10,0,not_tested,0,not_tested,-1,0,0
666,739,241,1,0,1,0.23769579726929316,-0.7130873918078795,113 129 131 164 197 213 241 243,3,11,0,not_tested,0,not_tested,-1,0,0
667,424,184 200 215 227 241 244 256,7,5,8,1.3767094253851657,-0.72113350853508684,184 200 215 227 241 243 244 256,8,9,0,not_tested,0,not_tested,-1,0,0
668,735,63,1,0,1,0.24167035158911471,-0.72501105476734407,13 29 46 63 64 111 158,0,12,0,not_tested,0,not_tested,-1,0,0
669,732,16,1,0,1,0.24399215769232385,-0.73197647307697156,16 32 48 50,0,3,0,not_tested,0,not_tested,-1,0,0
670,728,219,1,0,1,0.24800009406377194,-0.74400028219131586,37 61 98 104 106 119 121 219,4,11,0,not_tested,0,not_tested,-1,0,0
671,725,95,1,0,1,0.2498758033165327,-0.74962740994959809,13 29 46 64 95 111 158,0,11,0,not_tested,0,not_tested,-1,0,0
672,723,27,1,0,1,0.25047837265719441,-0.75143511797158324,4 11 12 27 28 43 61,4,9,0,not_tested,0,not_tested,-1,0,0
673,718,218,1,0,1,0.25424838146430456,-0.76274514439291363,37 61 98 104 106 119 121 218,3,11,0,not_tested,0,not_tested,-1,0,0
674,470,41,1,1,2,1.2747555402888318,-0.76485332417329899,4 11 12 28 41 43 50,5,9,0,not_tested,0,not_tested,-1,0,0
675,818,129 130 131,3,0,2,0.110305885090723,-0.77214119563506112,13 83 100 117 129 130 131 132,5,8,0,not_tested,0,not_tested,-1,0,0
676,815,104 121 139,3,0,2,0.11108379762543105,-0.77758658337801734,61 98 104 106 121 139,1,6,0,not_tested,0,not_tested,-1,0,0
677,565,200 221 265,3,2,4,1.0075684471387711,-0.78366434777459981,189 200 213 221 227 241 243 265,7,7,0,not_tested,0,not_tested,-1,0,0
678,458,5,1,1,2,1.3073764316497978,-0.7844258589898786,5 139 225 254 271 272,1,11,0,not_tested,0,not_tested,-1,0,0
679,709,248,1,0,1,0.26294388633251542,-0.78883165899754626,42 51 86 147 172 248 259,8,9,0,not_tested,0,not_tested,-1,0,0
680,486,184 200 205 215 227 241 256,7,4,7,1.219935284421835,-0.78936988992001078,184 200 205 215 227 241 243 256,7,5,0,not_tested,0,not_tested,-1,0,0
681,708,179,1,0,1,0.26363595482404312,-0.79090786447212935,114 145 147 160 161 179 195 199,4,10,0,not_tested,0,not_tested,-1,0,0
682,705,84,1,0,1,0.26687515114559085,-0.80062545343677249,5 18 36 84 225 254 271,4,6,0,not_tested,0,not_tested,-1,0,0
683,703,93,1,0,1,0.26716500797480897,-0.80149502392442695,93 111,0,2,0,not_tested,0,not_tested,-1,0,0
684,445,6,1,1,2,1.3387304751339739,-0.80323828508038442,6 37 61 98 104 106 119 121,4,12,0,not_tested,0,not_tested,-1,0,0
685,702,265,1,0,1,0.26807771055901519,-0.80423313167704558,6 21 58 83 138 254 265,5,6,0,not_tested,0,not_tested,-1,0,0
686,444,231,1,1,2,1.3419119284898338,-0.80514715709390017,6 21 32 48 58 83 138 231,6,8,0,not_tested,0,not_tested,-1,0,0
687,163,4,1,2,3,2.4199882145629052,-0.80666273818763512,4 6 21 38 55 58,5,9,0,not_tested,0,not_tested,-1,0,0
688,701,250,1,0,1,0.26891048657786909,-0.80673145973360727,42 51 86 147 172 250 259,7,9,0,not_tested,0,not_tested,-1,0,0
689,700,125,1,0,1,0.27005562827021989,-0.81016688481065968,111 125,0,2,0,not_tested,0,not_tested,-1,0,0
690,699,38,1,0,1,0.27063073911618629,-0.81189221734855888,5 18 35 36 37 38 55 84,8,13,0,not_tested,0,not_tested,-1,0,0
691,373,5 18 36,3,3,5,1.5098959482032013,-0.81302089518633913,5 18 36 105 139 225 254 271,3,8,0,not_tested,0,not_tested,-1,0,0
692,698,185,1,0,1,0.27267555191874726,-0.81802665575624178,46 174 185 191 192 201 202 225,2,8,0,not_tested,0,not_tested,-1,0,0
693,682,104 119 121,3,1,3,0.58577048758382355,-0.82007868261735306,61 98 104 105 106 119 121,3,9,0,not_tested,0,not_tested,-1,0,0
694,431,113,1,1,2,1.3671922129897758,-0.8203153277938654,13 32 48 83 100 113 117 132,5,11,0,not_tested,0,not_tested,-1,0,0
695,207,227 240 241 243 244 256,6,7,10,2.1744706169972554,-0.82479919955068304,197 213 227 240 241 243 244 256,8,11,0,not_tested,0,not_tested,-1,0,0
696,557,145 147 161,3,2,4,1.0613698128445033,-0.82550985443461355,114 145 147 160 161 164 195,2,10,0,not_tested,0,not_tested,-1,0,0
697,555,172 190 205,3,2,4,1.0651201203802394,-0.8284267602957418,172 189 190 205 213 227 241 243,8,7,0,not_tested,0,not_tested,-1,0,0
698,467,184 200 215 227 241 256,6,4,7,1.284202852527643,-0.8309547869296513,184 200 213 215 227 241 243 256,6,7,0,not_tested,0,not_tested,-1,0,0
699,350,117 119 132,3,3,5,1.5563915506984822,-0.83805698883764423,13 100 117 119 132 174 191,4,9,0,not_tested,0,not_tested,-1,0,0
700,349,5 36 69,3,3,5,1.5591634327783008,-0.83954954072677723,5 36 69 139 225 254 271 272,4,13,0,not_tested,0,not_tested,-1,0,0
701,809,124 139 140,3,0,2,0.12233115383093428,-0.85631807681653993,5 18 105 124 139 140 225 272,3,7,0,not_tested,0,not_tested,-1,0,0
702,543,51 86 147,3,2,4,1.1073111042267612,-0.86124196995414759,32 48 50 51 86 147,3,5,0,not_tested,0,not_tested,-1,0,0
703,670,41 43 58,3,1,3,0.6350288526354313,-0.88904039368960386,4 11 12 28 41 43 50 58,6,9,0,not_tested,0,not_tested,-1,0,0
704,522,38 41 42,3,2,4,1.1524875287862895,-0.896379189056003,4 11 12 28 38 41 42 43,8,8,0,not_tested,0,not_tested,-1,0,0
705,665,109 175 190,3,1,3,0.64542282038470633,-0.90359194853858893,13 100 109 132 174 175 190 191,3,7,0,not_tested,0,not_tested,-1,0,0
706,309,36 37 38,3,3,5,1.687025513008569,-0.90839835315846018,36 37 38 61 98 106,4,9,0,not_tested,0,not_tested,-1,0,0
707,662,104 105 121,3,1,3,0.64940163242777793,-0.90916228539888921,104 105 121 139 225 254 271 272,2,11,0,not_tested,0,not_tested,-1,0,0
708,504,205 250 251,3,2,4,1.1791290139373842,-0.91710034417352115,189 205 213 227 241 243 250 251,8,7,0,not_tested,0,not_tested,-1,0,0
709,196,5 36 37,3,4,6,2.2277103805660126,-0.91729250964482889,5 36 37 139 225 254 271 272,5,14,0,not_tested,0,not_tested,-1,0,0
710,295,95 109 111,3,3,5,1.7134214227451514,-0.92261153532431228,13 46 95 109 111 174 191 192,5,10,0,not_tested,0,not_tested,-1,0,0
711,228,215 227 241 243 244 256,6,6,9,2.0995241829838034,-0.92379064051287341,197 213 215 227 241 243 244 256,7,10,0,not_tested,0,not_tested,-1,0,0
712,798,11 28 43,3,0,2,0.13275323514874163,-0.92927264604119153,4 11 12 28 41 43 50,5,9,0,not_tested,0,not_tested,-1,0,0
713,796,83 179 226,3,0,2,0.13410874330907974,-0.93876120316355827,32 48 50 83 179 226,2,3,0,not_tested,0,not_tested,-1,0,0
714,395,51 86 137 231 244,5,4,7,1.4622769781742313,-0.94617922117156139,51 86 137 213 231 243 244,7,7,0,not_tested,0,not_tested,-1,0,0
715,795,248 265,2,0,2,0.14400274122971821,-1.0080191886080276,6 21 58 83 138 248 254 265,6,6,0,not_tested,0,not_tested,-1,0,0
716,462,109 159,2,2,4,1.2975904202083453,-1.0092369934953798,36 46 109 124 159 174 191 192,5,6,0,not_tested,0,not_tested,-1,0,0
717,653,104 105,2,1,3,0.72137709467960764,-1.0099279325514507,104 105 139 225 254 271 272,2,11,0,not_tested,0,not_tested,-1,0,0
718,793,205 222,2,0,2,0.14583335447548096,-1.0208334813283668,189 197 205 213 222 227 241 243,5,7,0,not_tested,0,not_tested,-1,0,0
719,642,215 256,2,1,3,0.73563113974768468,-1.0298835956467587,189 197 213 215 227 241 243 256,5,8,0,not_tested,0,not_tested,-1,0,0
720,640,41 58,2,1,3,0.73948087235558591,-1.0352732212978204,4 6 21 40 41 58 75 76,5,14,0,not_tested,0,not_tested,-1,0,0
721,637,226 256,2,1,3,0.74132364723074484,-1.0378531061230429,189 197 213 226 227 241 243 256,5,8,0,not_tested,0,not_tested,-1,0,0
722,630,105 121,2,1,3,0.74889090552307402,-1.0484472677323036,105 121 139 225 254 271 272,2,11,0,not_tested,0,not_tested,-1,0,0
723,629,240 241,2,1,3,0.75025294596593339,-1.0503541243523067,197 213 226 240 241 243 259,2,8,0,not_tested,0,not_tested,-1,0,0
724,788,107 124,2,0,2,0.15154132095785081,-1.0607892467049558,5 18 105 107 124 139 225 272,3,7,0,not_tested,0,not_tested,-1,0,0
725,422,5 6,2,2,4,1.3830408267935752,-1.0756984208394476,5 6 139 225 254 271 272,3,12,0,not_tested,0,not_tested,-1,0,0
726,620,227 240,2,1,3,0.77029189022491351,-1.078408646314879,197 213 226 227 240 243 259,2,8,0,not_tested,0,not_tested,-1,0,0
727,619,6 21,2,1,3,0.77426729787179216,-1.0839742170205091,6 21 37 104 119 121,5,6,0,not_tested,0,not_tested,-1,0,0
728,617,18 51,2,1,3,0.77527421453755196,-1.0853839003525729,18 32 48 50 51 139 225 272,2,7,0,not_tested,0,not_tested,-1,0,0
729,616,51 86,2,1,3,0.77649814827377339,-1.0870974075832829,1 16 32 48 50 51 67 86,5,10,0,not_tested,0,not_tested,-1,0,0
730,465,205 218 229 251,4,3,6,1.2854520843116646,-1.087690225186793,109 117 159 205 218 229 251,8,7,0,not_tested,0,not_tested,-1,0,0
731,784,140 187,2,0,2,0.15551152507822955,-1.0885806755476068,5 18 105 139 140 187 225 272,3,7,0,not_tested,0,not_tested,-1,0,0
732,613,86 104,2,1,3,0.77969341715147833,-1.0915707840120696,61 86 98 104 106,2,7,0,not_tested,0,not_tested,-1,0,0
733,819,63 93 95 125,4,0,3,0.10001277373825594,-1.1001405111208153,13 46 63 93 95 111 125,1,6,0,not_tested,0,not_tested,-1,0,0
734,238,4 5,2,3,5,2.0522544553975859,-1.1050600913679309,4 5 139 225 254 271 272,4,13,0,not_tested,0,not_tested,-1,0,0
735,235,240 256,2,3,5,2.0693653439369903,-1.1142736467353025,197 213 226 240 243 256 259,4,11,0,not_tested,0,not_tested,-1,0,0
736,780,83 84,2,0,2,0.15923094457673509,-1.1146166120371459,32 48 50 83 84 100 117 132,5,9,0,not_tested,0,not_tested,-1,0,0
737,407,21 37,2,2,4,1.4341337591590426,-1.1154373682348111,21 37 61 98 104 106 119 121,4,11,0,not_tested,0,not_tested,-1,0,0
738,604,51 147,2,1,3,0.7969024323635765,-1.1156634053090071,32 48 50 51 147,2,4,0,not_tested,0,not_tested,-1,0,0
739,774,104 121,2,0,2,0.16236916848967226,-1.1365841794277058,61 98 104 106 121,1,6,0,not_tested,0,not_tested,-1,0,0
740,771,129 130,2,0,2,0.16295718405235257,-1.1407002883664683,13 83 100 117 129 130 132,5,8,0,not_tested,0,not_tested,-1,0,0
741,274,5 36 124 205 218 229 251,7,6,10,1.9063598140809419,-1.1438158884485652,5 36 124 159 205 218 229 251,12,8,0,not_tested,0,not_tested,-1,0,0
742,769,124 139,2,0,2,0.1642653263775187,-1.1498572846426309,5 18 105 124 139 225 272,3,7,0,not_tested,0,not_tested,-1,0,0
743,767,227 241,2,0,2,0.16555314396738777,-1.1588720077717145,197 213 226 227 241 243 259,2,7,0,not_tested,0,not_tested,-1,0,0
744,762,129 131,2,0,2,0.17061183237112171,-1.1942828265978522,13 83 100 117 129 131 132,5,8,0,not_tested,0,not_tested,-1,0,0
745,355,159 192,2,2,4,1.5486307987197465,-1.2044906212264697,13 36 100 124 132 159 192,5,6,0,not_tested,0,not_tested,-1,0,0
746,759,121 139,2,0,2,0.17224762352329104,-1.2057333646630373,61 98 106 121 139,1,6,0,not_tested,0,not_tested,-1,0,0
747,817,93 125 140,3,0,3,0.11090910345040654,-1.220000137954472,5 18 93 105 111 125 139 140,5,6,0,not_tested,0,not_tested,-1,0,0
748,344,243 244,2,2,4,1.5704426206610171,-1.2214553716252357,6 21 58 83 138 213 243 244,7,9,0,not_tested,0,not_tested,-1,0,0
749,816,93 94 95,3,0,3,0.11105582445522015,-1.2216140690074218,13 29 46 64 93 94 95 111,1,10,0,not_tested,0,not_tested,-1,0,0
750,572,35 36,2,1,3,0.87425373463043454,-1.2239552284826083,5 18 35 36 225 254 271,4,7,0,not_tested,0,not_tested,-1,0,0
751,755,139 140,2,0,2,0.17489459546930866,-1.2242621682851609,5 18 105 139 140 225 272,3,7,0,not_tested,0,not_tested,-1,0,0
752,399,231 243 244,3,3,6,1.4494845909853873,-1.2264869616030198,1 16 50 67 213 231 243 244,7,10,0,not_tested,0,not_tested,-1,0,0
753,814,125 139 140,3,0,3,0.11245497247917603,-1.2370046972709363,5 18 105 111 125 139 140 225,4,7,0,not_tested,0,not_tested,-1,0,0
754,813,63 93 95,3,0,3,0.1129506430910098,-1.2424570740011078,13 29 46 63 64 93 95 111,1,12,0,not_tested,0,not_tested,-1,0,0
755,683,84 86 104,3,1,4,0.57985724174586839,-1.2756859318409104,35 55 84 86 99 104,3,5,0,not_tested,0,not_tested,-1,0,0
756,546,36 69 117,3,2,5,1.1050487797522492,-1.3506151752527489,13 36 69 100 117 132 174 191,5,10,0,not_tested,0,not_tested,-1,0,0
757,807,137 140 154,3,0,3,0.12443919065116604,-1.3688310971628264,5 18 105 137 139 140 154 225,5,5,0,not_tested,0,not_tested,-1,0,0
758,669,226 227 256,3,1,4,0.63521116097014585,-1.3974645541343207,197 213 226 227 243 256 259,4,8,0,not_tested,0,not_tested,-1,0,0
759,805,117 218 229,3,0,3,0.12772023851999384,-1.4049226237199324,13 100 117 132 174 191 218 229,3,8,0,not_tested,0,not_tested,-1,0,0
760,523,125 159 192,3,2,5,1.1508948562771395,-1.4066492687831704,36 111 124 125 159 192,5,5,0,not_tested,0,not_tested,-1,0,0
761,521,51 119 147,3,2,5,1.1552404891642973,-1.4119605978674743,32 48 50 51 119 147,4,5,0,not_tested,0,not_tested,-1,0,0
762,512,95 159 192,3,2,5,1.1720263609507657,-1.4324766633842692,13 46 95 111 159 174 191 192,5,12,0,not_tested,0,not_tested,-1,0,0
763,803,27 28 43,3,0,3,0.13027397724330736,-1.4330137496763811,4 11 12 27 28 41 43 50,6,10,0,not_tested,0,not_tested,-1,0,0
764,802,104 121 219,3,0,3,0.13067807860509539,-1.4374588646560493,37 61 98 104 106 119 121 219,4,11,0,not_tested,0,not_tested,-1,0,0
765,800,219 248 265,3,0,3,0.13121992924613654,-1.4434192217075017,37 104 119 121 219 248 265,6,5,0,not_tested,0,not_tested,-1,0,0
766,659,16 18 51,3,1,4,0.65651279942650043,-1.4443281587383008,16 18 32 48 50 51 139 272,3,6,0,not_tested,0,not_tested,-1,0,0
767,460,109 117 205 218 229 251,6,4,9,1.3048303289686969,-1.4583397794356023,109 117 159 205 218 229 251,8,7,0,not_tested,0,not_tested,-1,0,0
768,658,42 104 121,3,1,4,0.66411000859084535,-1.4610420188998599,42 61 98 104 106 121,3,7,0,not_tested,0,not_tested,-1,0,0
769,498,137 231 244,3,2,5,1.1961478975444413,-1.4619585414432059,1 16 67 137 213 231 243 244,8,9,0,not_tested,0,not_tested,-1,0,0
770,753,21,1,0,2,0.22637515316914875,-1.5846260721840413,21 37 61 98 104 106 119 121,4,11,0,not_tested,0,not_tested,-1,0,0
771,791,63 95,2,0,3,0.14595115563775382,-1.6054627120152922,13 29 46 63 64 95 111 158,0,13,0,not_tested,0,not_tested,-1,0,0
772,747,130,1,0,2,0.23099424768382001,-1.6169597337867401,13 32 48 83 100 117 130 132,5,10,0,not_tested,0,not_tested,-1,0,0
773,514,184,1,1,3,1.1696305531813735,-1.6374827744539231,92 184 189 197 213 227 241 243,4,10,0,not_tested,0,not_tested,-1,0,0
774,631,109 117,2,1,4,0.74742202136998614,-1.6443284470139696,36 46 109 117 124 174 191 192,5,5,0,not_tested,0,not_tested,-1,0,0
775,625,36 41,2,1,4,0.75654193606024012,-1.6643922593325284,4 11 12 28 36 41 43 50,7,9,0,not_tested,0,not_tested,-1,0,0
776,738,205,1,0,2,0.23835191793902913,-1.6684634255732038,92 189 197 205 213 227 241 243,4,9,0,not_tested,0,not_tested,-1,0,0
777,737,131,1,0,2,0.23885521880788418,-1.6719865316551892,13 32 48 83 100 117 131 132,5,10,0,not_tested,0,not_tested,-1,0,0
778,398,227 240 256,3,3,7,1.4509416725847699,-1.6741634683670419,197 213 227 229 240 243 256,5,9,0,not_tested,0,not_tested,-1,0,0
779,785,94 95,2,0,3,0.15290966360468036,-1.6820062996514842,13 29 46 64 94 95 111 158,0,11,0,not_tested,0,not_tested,-1,0,0
780,621,199 200,2,1,4,0.77022248357719447,-1.6944894638698278,189 197 199 200 213 227 241 243,6,8,0,not_tested,0,not_tested,-1,0,0
781,491,244,1,1,3,1.212596649093487,-1.6976353087308818,6 21 58 83 138 213 243 244,7,9,0,not_tested,0,not_tested,-1,0,0
782,414,231 244,2,2,5,1.4182580812600527,-1.7334265437622867,1 16 50 67 213 231 243 244,7,10,0,not_tested,0,not_tested,-1,0,0
783,726,36,1,0,2,0.24929048369627696,-1.7450333858739386,5 18 36 105 139 225 272,3,8,0,not_tested,0,not_tested,-1,0,0
784,480,256,1,1,3,1.2483318411736155,-1.7476645776430617,92 189 197 213 227 241 243 256,4,10,0,not_tested,0,not_tested,-1,0,0
785,724,51,1,0,2,0.25027387151191283,-1.7519171005833898,32 48 50 51,1,3,0,not_tested,0,not_tested,-1,0,0
786,811,200 218 219,3,0,4,0.11684245724420844,-1.7526368586631267,189 200 213 218 219 227 241 243,7,5,0,not_tested,0,not_tested,-1,0,0
787,778,121 219,2,0,3,0.15940443145277738,-1.7534487459805514,37 61 98 104 106 119 121 219,4,11,0,not_tested,0,not_tested,-1,0,0
788,721,121,1,0,2,0.2512062616855083,-1.7584438317985582,35 55 61 84 98 99 106 121,2,10,0,not_tested,0,not_tested,-1,0,0
789,720,117,1,0,2,0.25176711831039283,-1.7623698281727498,13 46 100 117 132 174 191 192,2,11,0,not_tested,0,not_tested,-1,0,0
790,719,124,1,0,2,0.25330534201388899,-1.773137394097223,5 18 105 124 139 225 272,3,7,0,not_tested,0,not_tested,-1,0,0
791,600,42 104,2,1,4,0.81088707201631893,-1.7839515584359018,42 61 98 104 106,3,7,0,not_tested,0,not_tested,-1,0,0
792,597,5 36,2,1,4,0.8167866081512335,-1.7969305379327138,5 36 139 225 254 271 272,3,11,0,not_tested,0,not_tested,-1,0,0
793,677,227 241 243,3,1,5,0.60365889245177695,-1.8109766773553309,197 213 226 227 241 243 259,2,7,0,not_tested,0,not_tested,-1,0,0
794,715,129,1,0,2,0.25964336601884153,-1.8175035621318907,13 32 48 83 100 117 129 132,5,10,0,not_tested,0,not_tested,-1,0,0
795,327,227 241 243 244 256,5,4,9,1.6279352133468159,-1.8194570031523236,189 197 213 227 241 243 244 256,7,10,0,not_tested,0,not_tested,-1,0,0
796,550,231 244 248,3,2,6,1.0920995453172113,-1.8201659088620188,1 16 67 213 231 243 244 248,9,9,0,not_tested,0,not_tested,-1,0,0
797,765,200 215,2,0,3,0.16638437938961551,-1.8302281732857706,189 197 200 213 215 227 241 243,5,7,0,not_tested,0,not_tested,-1,0,0
798,808,93 109 125,3,0,4,0.12253339085322229,-1.8380008627983344,13 93 100 109 111 125 132,3,5,0,not_tested,0,not_tested,-1,0,0
799,763,125 140,2,0,3,0.16774144553086756,-1.8451559008395435,5 18 105 111 125 139 140 225,4,7,0,not_tested,0,not_tested,-1,0,0
800,674,215 229 243,3,1,5,0.61633050874204032,-1.8489915262261212,189 197 213 215 227 229 241 243,6,7,0,not_tested,0,not_tested,-1,0,0
801,586,184 185,2,1,4,0.84504686092413772,-1.859103094033103,184 185 189 197 213 227 241 243,6,8,0,not_tested,0,not_tested,-1,0,0
802,707,140,1,0,2,0.26593400977463294,-1.8615380684224305,5 18 105 139 140 225 272,3,7,0,not_tested,0,not_tested,-1,0,0
803,330,4 5 36,3,3,7,1.6210097297726414,-1.8703958420453553,4 5 36 139 225 254 271 272,6,13,0,not_tested,0,not_tested,-1,0,0
804,697,104,1,0,2,0.27277261105455375,-1.9094082773818761,35 55 61 84 98 99 104 106,2,10,0,not_tested,0,not_tested,-1,0,0
805,667,227 240 241,3,1,5,0.64057422837433442,-1.9217226851230031,197 213 227 229 240 241 243,3,7,0,not_tested,0,not_tested,-1,0,0
806,801,200 215 229,3,0,4,0.13083382679226924,-1.9625074018840385,189 200 213 215 227 229 241 243,7,5,0,not_tested,0,not_tested,-1,0,0
807,799,125 137 140,3,0,4,0.13180372793689668,-1.9770559190534502,5 18 105 111 125 137 139 140,6,6,0,not_tested,0,not_tested,-1,0,0
808,497,5 36 41,3,2,6,1.1970547874769217,-1.9950913124615364,5 36 41 139 225 254 271 272,5,12,0,not_tested,0,not_tested,-1,0,0
809,812,109 124 175,3,0,5,0.11472038218474133,-2.1796872615100851,13 100 109 124 132 174 175 191,5,6,0,not_tested,0,not_tested,-1,0,0
810,643,200 231,2,1,5,0.73377403134136221,-2.2013220940240865,189 197 200 213 227 231 241 243,7,8,0,not_tested,0,not_tested,-1,0,0
811,810,109 124 153,3,0,5,0.12183966190491134,-2.3149535761933153,13 100 109 124 132 153 174 191,5,6,0,not_tested,0,not_tested,-1,0,0
812,782,215 229,2,0,4,0.15805996264659747,-2.3708994396989622,189 197 213 215 227 229 241 243,6,7,0,not_tested,0,not_tested,-1,0,0
813,773,200 218,2,0,4,0.16273471622293209,-2.4410207433439819,189 197 200 213 218 227 241 243,6,7,0,not_tested,0,not_tested,-1,0,0
814,768,93 109,2,0,4,0.16503972207642642,-2.4755958311463964,13 93 100 109 111 132 174 191,3,8,0,not_tested,0,not_tested,-1,0,0
815,751,215,1,0,3,0.22990200263993496,-2.5289220290392844,92 189 197 213 215 227 241 243,4,9,0,not_tested,0,not_tested,-1,0,0
816,760,109 125,2,0,4,0.17216835745043357,-2.5825253617565038,13 100 109 111 125 132 174 191,3,8,0,not_tested,0,not_tested,-1,0,0
817,727,200,1,0,3,0.24807771165168283,-2.7288548281685112,92 189 197 200 213 227 241 243,4,9,0,not_tested,0,not_tested,-1,0,0
818,789,109 124,2,0,5,0.14812724249718004,-2.8144176074464209,13 100 109 124 132 174 191,5,6,0,not_tested,0,not_tested,-1,0,0
819,711,109,1,0,3,0.26200032758420849,-2.8820036034262935,13 46 100 109 132 174 191 192,3,9,0,not_tested,0,not_tested,-1,0,0
