case,round,mode,candidates,cpu_ms,wall_ms,checksum
0001,0,A_undo,16,0.726125,0.757,13159820460895862177
0001,0,B_copy,16,0.735125,0.756,13159820460895862177
0001,0,B_undo,16,0.713125,0.713,13159820460895862177
0001,0,A_copy,16,0.714917,0.715,13159820460895862177
0001,1,B_copy,16,0.69525,0.695,13159820460895862177
0001,1,B_undo,16,0.775833,0.775,13159820460895862177
0001,1,A_copy,16,0.841,0.841,13159820460895862177
0001,1,A_undo,16,0.877209,0.877,13159820460895862177
0001,2,B_undo,16,0.843125,0.843,13159820460895862177
0001,2,A_copy,16,0.705125,0.705,13159820460895862177
0001,2,A_undo,16,0.69075,0.691,13159820460895862177
0001,2,B_copy,16,0.711125,0.712,13159820460895862177
0001,3,A_copy,16,0.73625,0.752,13159820460895862177
0001,3,A_undo,16,0.72525,0.725,13159820460895862177
0001,3,B_copy,16,0.710833,0.71,13159820460895862177
0001,3,B_undo,16,0.726209,0.726,13159820460895862177
0001,4,A_undo,16,0.698333,0.699,13159820460895862177
0001,4,B_copy,16,0.804209,0.804,13159820460895862177
0001,4,B_undo,16,0.738583,0.738,13159820460895862177
0001,4,A_copy,16,0.933292,1.007,13159820460895862177
0001,5,B_copy,16,0.696083,0.696,13159820460895862177
0001,5,B_undo,16,0.799083,0.799,13159820460895862177
0001,5,A_copy,16,0.763291,0.763,13159820460895862177
0001,5,A_undo,16,0.8365,0.84,13159820460895862177
0001,6,B_undo,16,0.7685,0.768,13159820460895862177
0001,6,A_copy,16,0.764083,0.764,13159820460895862177
0001,6,A_undo,16,0.77675,0.777,13159820460895862177
0001,6,B_copy,16,0.805125,0.805,13159820460895862177
0001,7,A_copy,16,0.75325,0.753,13159820460895862177
0001,7,A_undo,16,0.81875,0.863,13159820460895862177
0001,7,B_copy,16,0.757542,0.757,13159820460895862177
0001,7,B_undo,16,0.719041,0.719,13159820460895862177
0002,0,B_copy,16,0.646542,0.646,7437775109299076046
0002,0,B_undo,16,0.603667,0.604,7437775109299076046
0002,0,A_copy,16,0.673834,0.674,7437775109299076046
0002,0,A_undo,16,0.667584,0.667,7437775109299076046
0002,1,B_undo,16,0.652375,0.652,7437775109299076046
0002,1,A_copy,16,0.636208,0.636,7437775109299076046
0002,1,A_undo,16,0.656167,0.656,7437775109299076046
0002,1,B_copy,16,0.686917,0.687,7437775109299076046
0002,2,A_copy,16,0.654917,0.655,7437775109299076046
0002,2,A_undo,16,0.636375,0.637,7437775109299076046
0002,2,B_copy,16,0.69,0.714,7437775109299076046
0002,2,B_undo,16,0.73575,0.749,7437775109299076046
0002,3,A_undo,16,0.646792,0.647,7437775109299076046
0002,3,B_copy,16,0.651417,0.651,7437775109299076046
0002,3,B_undo,16,0.636416,0.636,7437775109299076046
0002,3,A_copy,16,0.659,0.659,7437775109299076046
0002,4,B_copy,16,0.659125,0.659,7437775109299076046
0002,4,B_undo,16,0.63575,0.636,7437775109299076046
0002,4,A_copy,16,0.6455,0.645,7437775109299076046
0002,4,A_undo,16,0.698,0.7,7437775109299076046
0002,5,B_undo,16,0.697167,0.699,7437775109299076046
0002,5,A_copy,16,0.672375,0.672,7437775109299076046
0002,5,A_undo,16,0.673583,0.674,7437775109299076046
0002,5,B_copy,16,0.709875,0.723,7437775109299076046
0002,6,A_copy,16,0.699,0.714,7437775109299076046
0002,6,A_undo,16,0.650666,0.65,7437775109299076046
0002,6,B_copy,16,0.644917,0.645,7437775109299076046
0002,6,B_undo,16,0.657791,0.658,7437775109299076046
0002,7,A_undo,16,0.668916,0.669,7437775109299076046
0002,7,B_copy,16,0.630041,0.63,7437775109299076046
0002,7,B_undo,16,0.636625,0.636,7437775109299076046
0002,7,A_copy,16,0.702584,0.702,7437775109299076046
0003,0,B_undo,16,1.1875,1.187,14298887349859959838
0003,0,A_copy,16,1.223375,1.223,14298887349859959838
0003,0,A_undo,16,1.234791,1.234,14298887349859959838
0003,0,B_copy,16,1.221541,1.222,14298887349859959838
0003,1,A_copy,16,1.229208,1.229,14298887349859959838
0003,1,A_undo,16,1.242625,1.242,14298887349859959838
0003,1,B_copy,16,1.214958,1.214,14298887349859959838
0003,1,B_undo,16,1.221792,1.222,14298887349859959838
0003,2,A_undo,16,1.193209,1.193,14298887349859959838
0003,2,B_copy,16,1.190458,1.191,14298887349859959838
0003,2,B_undo,16,1.234,1.233,14298887349859959838
0003,2,A_copy,16,1.226875,1.227,14298887349859959838
0003,3,B_copy,16,1.25975,1.279,14298887349859959838
0003,3,B_undo,16,1.300417,1.31,14298887349859959838
0003,3,A_copy,16,1.21,1.209,14298887349859959838
0003,3,A_undo,16,1.254333,1.264,14298887349859959838
0003,4,B_undo,16,1.246292,1.246,14298887349859959838
0003,4,A_copy,16,1.215541,1.215,14298887349859959838
0003,4,A_undo,16,1.155417,1.163,14298887349859959838
0003,4,B_copy,16,1.335625,1.404,14298887349859959838
0003,5,A_copy,16,1.222417,1.222,14298887349859959838
0003,5,A_undo,16,1.200708,1.201,14298887349859959838
0003,5,B_copy,16,1.1935,1.194,14298887349859959838
0003,5,B_undo,16,1.247458,1.247,14298887349859959838
0003,6,A_undo,16,1.231042,1.231,14298887349859959838
0003,6,B_copy,16,1.257583,1.273,14298887349859959838
0003,6,B_undo,16,1.237625,1.237,14298887349859959838
0003,6,A_copy,16,1.248,1.248,14298887349859959838
0003,7,B_copy,16,1.227708,1.238,14298887349859959838
0003,7,B_undo,16,1.206208,1.206,14298887349859959838
0003,7,A_copy,16,1.196833,1.197,14298887349859959838
0003,7,A_undo,16,1.238542,1.238,14298887349859959838
0004,0,A_copy,16,1.099584,1.117,10492068786681721762
0004,0,A_undo,16,1.048833,1.049,10492068786681721762
0004,0,B_copy,16,1.010125,1.01,10492068786681721762
0004,0,B_undo,16,1.043083,1.043,10492068786681721762
0004,1,A_undo,16,1.207959,1.24,10492068786681721762
0004,1,B_copy,16,1.004542,1.004,10492068786681721762
0004,1,B_undo,16,1.006,1.006,10492068786681721762
0004,1,A_copy,16,1.030959,1.031,10492068786681721762
0004,2,B_copy,16,1.018041,1.018,10492068786681721762
0004,2,B_undo,16,1.033833,1.065,10492068786681721762
0004,2,A_copy,16,1.004375,1.004,10492068786681721762
0004,2,A_undo,16,1.013375,1.013,10492068786681721762
0004,3,B_undo,16,0.98425,0.984,10492068786681721762
0004,3,A_copy,16,1.006458,1.007,10492068786681721762
0004,3,A_undo,16,1.008792,1.008,10492068786681721762
0004,3,B_copy,16,1.020583,1.021,10492068786681721762
0004,4,A_copy,16,1.01,1.009,10492068786681721762
0004,4,A_undo,16,1.014833,1.015,10492068786681721762
0004,4,B_copy,16,1.040292,1.04,10492068786681721762
0004,4,B_undo,16,0.997584,0.997,10492068786681721762
0004,5,A_undo,16,0.991042,0.991,10492068786681721762
0004,5,B_copy,16,0.992542,0.992,10492068786681721762
0004,5,B_undo,16,0.991625,0.991,10492068786681721762
0004,5,A_copy,16,1.041375,1.041,10492068786681721762
0004,6,B_copy,16,1.025417,1.025,10492068786681721762
0004,6,B_undo,16,1.023917,1.037,10492068786681721762
0004,6,A_copy,16,0.979541,0.979,10492068786681721762
0004,6,A_undo,16,1.029917,1.03,10492068786681721762
0004,7,B_undo,16,1.008333,1.008,10492068786681721762
0004,7,A_copy,16,1.005084,1.005,10492068786681721762
0004,7,A_undo,16,1.00075,1.001,10492068786681721762
0004,7,B_copy,16,1.019833,1.02,10492068786681721762
0005,0,A_undo,16,0.861375,0.861,16495403780932448905
0005,0,B_copy,16,0.898917,0.947,16495403780932448905
0005,0,B_undo,16,0.882,0.881,16495403780932448905
0005,0,A_copy,16,0.866416,0.866,16495403780932448905
0005,1,B_copy,16,0.876834,0.879,16495403780932448905
0005,1,B_undo,16,0.873208,0.873,16495403780932448905
0005,1,A_copy,16,0.8635,0.864,16495403780932448905
0005,1,A_undo,16,0.869416,0.869,16495403780932448905
0005,2,B_undo,16,0.862125,0.862,16495403780932448905
0005,2,A_copy,16,0.992625,1.033,16495403780932448905
0005,2,A_undo,16,0.898458,0.898,16495403780932448905
0005,2,B_copy,16,0.921125,0.921,16495403780932448905
0005,3,A_copy,16,0.869209,0.869,16495403780932448905
0005,3,A_undo,16,0.88025,0.88,16495403780932448905
0005,3,B_copy,16,0.860917,0.86,16495403780932448905
0005,3,B_undo,16,0.873,0.873,16495403780932448905
0005,4,A_undo,16,0.894834,0.905,16495403780932448905
0005,4,B_copy,16,0.866917,0.867,16495403780932448905
0005,4,B_undo,16,0.859042,0.859,16495403780932448905
0005,4,A_copy,16,0.847709,0.848,16495403780932448905
0005,5,B_copy,16,0.868708,0.869,16495403780932448905
0005,5,B_undo,16,0.855584,0.855,16495403780932448905
0005,5,A_copy,16,0.850667,0.851,16495403780932448905
0005,5,A_undo,16,0.874333,0.874,16495403780932448905
0005,6,B_undo,16,0.862584,0.862,16495403780932448905
0005,6,A_copy,16,0.871875,0.872,16495403780932448905
0005,6,A_undo,16,0.833042,0.833,16495403780932448905
0005,6,B_copy,16,0.851291,0.851,16495403780932448905
0005,7,A_copy,16,0.840583,0.84,16495403780932448905
0005,7,A_undo,16,0.847375,0.847,16495403780932448905
0005,7,B_copy,16,0.844042,0.844,16495403780932448905
0005,7,B_undo,16,0.860459,0.86,16495403780932448905
0006,0,B_copy,13,0.403333,0.404,6706164643276057062
0006,0,B_undo,13,0.311625,0.311,6706164643276057062
0006,0,A_copy,13,0.403333,0.403,6706164643276057062
0006,0,A_undo,13,0.418583,0.429,6706164643276057062
0006,1,B_undo,13,0.385583,0.385,6706164643276057062
0006,1,A_copy,13,0.350834,0.351,6706164643276057062
0006,1,A_undo,13,0.369875,0.369,6706164643276057062
0006,1,B_copy,13,0.389375,0.389,6706164643276057062
0006,2,A_copy,13,0.356542,0.357,6706164643276057062
0006,2,A_undo,13,0.344208,0.344,6706164643276057062
0006,2,B_copy,13,0.368916,0.369,6706164643276057062
0006,2,B_undo,13,0.370041,0.37,6706164643276057062
0006,3,A_undo,13,0.372375,0.372,6706164643276057062
0006,3,B_copy,13,0.341791,0.342,6706164643276057062
0006,3,B_undo,13,0.370541,0.37,6706164643276057062
0006,3,A_copy,13,0.371584,0.371,6706164643276057062
0006,4,B_copy,13,0.355708,0.356,6706164643276057062
0006,4,B_undo,13,0.334459,0.334,6706164643276057062
0006,4,A_copy,13,0.355084,0.355,6706164643276057062
0006,4,A_undo,13,0.408667,0.408,6706164643276057062
0006,5,B_undo,13,0.344542,0.345,6706164643276057062
0006,5,A_copy,13,0.366167,0.366,6706164643276057062
0006,5,A_undo,13,0.354584,0.355,6706164643276057062
0006,5,B_copy,13,0.416375,0.424,6706164643276057062
0006,6,A_copy,13,0.606041,0.657,6706164643276057062
0006,6,A_undo,13,0.412958,0.419,6706164643276057062
0006,6,B_copy,13,0.410041,0.41,6706164643276057062
0006,6,B_undo,13,0.400833,0.401,6706164643276057062
0006,7,A_undo,13,0.372833,0.373,6706164643276057062
0006,7,B_copy,13,0.369708,0.369,6706164643276057062
0006,7,B_undo,13,0.37575,0.375,6706164643276057062
0006,7,A_copy,13,0.3905,0.391,6706164643276057062
0007,0,B_undo,16,0.346209,0.346,5391415058215386932
0007,0,A_copy,16,0.418167,0.418,5391415058215386932
0007,0,A_undo,16,0.428959,0.428,5391415058215386932
0007,0,B_copy,16,0.4295,0.43,5391415058215386932
0007,1,A_copy,16,0.399541,0.399,5391415058215386932
0007,1,A_undo,16,0.393708,0.393,5391415058215386932
0007,1,B_copy,16,0.3995,0.4,5391415058215386932
0007,1,B_undo,16,0.429625,0.43,5391415058215386932
0007,2,A_undo,16,0.414583,0.414,5391415058215386932
0007,2,B_copy,16,0.417666,0.418,5391415058215386932
0007,2,B_undo,16,0.393917,0.394,5391415058215386932
0007,2,A_copy,16,0.4405,0.44,5391415058215386932
0007,3,B_copy,16,0.3965,0.396,5391415058215386932
0007,3,B_undo,16,0.402875,0.403,5391415058215386932
0007,3,A_copy,16,0.413292,0.434,5391415058215386932
0007,3,A_undo,16,0.440625,0.441,5391415058215386932
0007,4,B_undo,16,0.403208,0.403,5391415058215386932
0007,4,A_copy,16,0.388958,0.388,5391415058215386932
0007,4,A_undo,16,0.397084,0.397,5391415058215386932
0007,4,B_copy,16,0.430417,0.43,5391415058215386932
0007,5,A_copy,16,0.388416,0.388,5391415058215386932
0007,5,A_undo,16,0.402125,0.402,5391415058215386932
0007,5,B_copy,16,0.404125,0.404,5391415058215386932
0007,5,B_undo,16,0.427208,0.427,5391415058215386932
0007,6,A_undo,16,0.394375,0.394,5391415058215386932
0007,6,B_copy,16,0.400625,0.401,5391415058215386932
0007,6,B_undo,16,0.393,0.393,5391415058215386932
0007,6,A_copy,16,0.425875,0.426,5391415058215386932
0007,7,B_copy,16,0.403333,0.403,5391415058215386932
0007,7,B_undo,16,0.379791,0.379,5391415058215386932
0007,7,A_copy,16,0.387333,0.387,5391415058215386932
0007,7,A_undo,16,0.477458,0.479,5391415058215386932
0008,0,A_copy,16,0.634708,0.635,5097480883570505290
0008,0,A_undo,16,0.647917,0.648,5097480883570505290
0008,0,B_copy,16,0.648541,0.648,5097480883570505290
0008,0,B_undo,16,0.63425,0.634,5097480883570505290
0008,1,A_undo,16,0.62,0.62,5097480883570505290
0008,1,B_copy,16,0.622291,0.622,5097480883570505290
0008,1,B_undo,16,0.61875,0.619,5097480883570505290
0008,1,A_copy,16,0.663542,0.666,5097480883570505290
0008,2,B_copy,16,0.656667,0.656,5097480883570505290
0008,2,B_undo,16,0.661333,0.661,5097480883570505290
0008,2,A_copy,16,0.648541,0.648,5097480883570505290
0008,2,A_undo,16,0.644167,0.644,5097480883570505290
0008,3,B_undo,16,0.615708,0.616,5097480883570505290
0008,3,A_copy,16,0.6095,0.61,5097480883570505290
0008,3,A_undo,16,0.610709,0.611,5097480883570505290
0008,3,B_copy,16,0.64325,0.643,5097480883570505290
0008,4,A_copy,16,0.613,0.613,5097480883570505290
0008,4,A_undo,16,0.6175,0.618,5097480883570505290
0008,4,B_copy,16,0.625375,0.626,5097480883570505290
0008,4,B_undo,16,0.654709,0.655,5097480883570505290
0008,5,A_undo,16,0.629667,0.629,5097480883570505290
0008,5,B_copy,16,0.633625,0.634,5097480883570505290
0008,5,B_undo,16,0.671208,0.714,5097480883570505290
0008,5,A_copy,16,0.64625,0.646,5097480883570505290
0008,6,B_copy,16,0.650917,0.651,5097480883570505290
0008,6,B_undo,16,0.650333,0.65,5097480883570505290
0008,6,A_copy,16,0.690416,0.78,5097480883570505290
0008,6,A_undo,16,0.631916,0.631,5097480883570505290
0008,7,B_undo,16,0.622542,0.623,5097480883570505290
0008,7,A_copy,16,0.632541,0.632,5097480883570505290
0008,7,A_undo,16,0.623792,0.623,5097480883570505290
0008,7,B_copy,16,0.650917,0.651,5097480883570505290
0009,0,A_undo,16,0.91,0.91,16887588906856407557
0009,0,B_copy,16,0.917459,0.918,16887588906856407557
0009,0,B_undo,16,0.907,0.907,16887588906856407557
0009,0,A_copy,16,0.914709,0.915,16887588906856407557
0009,1,B_copy,16,0.933375,0.933,16887588906856407557
0009,1,B_undo,16,0.991667,1.01,16887588906856407557
0009,1,A_copy,16,0.959209,0.96,16887588906856407557
0009,1,A_undo,16,0.9115,0.911,16887588906856407557
0009,2,B_undo,16,0.916791,0.917,16887588906856407557
0009,2,A_copy,16,0.904458,0.904,16887588906856407557
0009,2,A_undo,16,0.907291,0.907,16887588906856407557
0009,2,B_copy,16,0.930333,0.93,16887588906856407557
0009,3,A_copy,16,0.9415,0.941,16887588906856407557
0009,3,A_undo,16,0.921667,0.922,16887588906856407557
0009,3,B_copy,16,0.957125,0.982,16887588906856407557
0009,3,B_undo,16,0.919667,0.92,16887588906856407557
0009,4,A_undo,16,0.907875,0.907,16887588906856407557
0009,4,B_copy,16,0.922084,0.922,16887588906856407557
0009,4,B_undo,16,0.908833,0.909,16887588906856407557
0009,4,A_copy,16,0.920667,0.921,16887588906856407557
0009,5,B_copy,16,0.906333,0.906,16887588906856407557
0009,5,B_undo,16,0.895125,0.895,16887588906856407557
0009,5,A_copy,16,0.960917,0.963,16887588906856407557
0009,5,A_undo,16,1.009,1.021,16887588906856407557
0009,6,B_undo,16,0.951583,0.952,16887588906856407557
0009,6,A_copy,16,0.935292,0.935,16887588906856407557
0009,6,A_undo,16,0.91325,0.913,16887588906856407557
0009,6,B_copy,16,0.931625,0.931,16887588906856407557
0009,7,A_copy,16,0.89675,0.897,16887588906856407557
0009,7,A_undo,16,0.904875,0.905,16887588906856407557
0009,7,B_copy,16,0.933458,0.933,16887588906856407557
0009,7,B_undo,16,0.939666,0.94,16887588906856407557
0010,0,B_copy,16,0.518125,0.518,1200799340280544110
0010,0,B_undo,16,0.479458,0.48,1200799340280544110
0010,0,A_copy,16,0.542833,0.542,1200799340280544110
0010,0,A_undo,16,0.549417,0.55,1200799340280544110
0010,1,B_undo,16,0.526125,0.526,1200799340280544110
0010,1,A_copy,16,0.524375,0.525,1200799340280544110
0010,1,A_undo,16,0.518292,0.518,1200799340280544110
0010,1,B_copy,16,0.553458,0.554,1200799340280544110
0010,2,A_copy,16,0.511708,0.512,1200799340280544110
0010,2,A_undo,16,0.513291,0.513,1200799340280544110
0010,2,B_copy,16,0.526667,0.527,1200799340280544110
0010,2,B_undo,16,0.561875,0.562,1200799340280544110
0010,3,A_undo,16,0.528583,0.528,1200799340280544110
0010,3,B_copy,16,0.536583,0.537,1200799340280544110
0010,3,B_undo,16,0.520125,0.52,1200799340280544110
0010,3,A_copy,16,0.572,0.575,1200799340280544110
0010,4,B_copy,16,0.580916,0.581,1200799340280544110
0010,4,B_undo,16,0.548959,0.549,1200799340280544110
0010,4,A_copy,16,0.5325,0.533,1200799340280544110
0010,4,A_undo,16,0.560458,0.561,1200799340280544110
0010,5,B_undo,16,0.5395,0.539,1200799340280544110
0010,5,A_copy,16,0.518042,0.518,1200799340280544110
0010,5,A_undo,16,0.531875,0.532,1200799340280544110
0010,5,B_copy,16,0.566667,0.567,1200799340280544110
0010,6,A_copy,16,0.513417,0.514,1200799340280544110
0010,6,A_undo,16,0.509584,0.51,1200799340280544110
0010,6,B_copy,16,0.534625,0.535,1200799340280544110
0010,6,B_undo,16,0.538791,0.538,1200799340280544110
0010,7,A_undo,16,0.563542,0.565,1200799340280544110
0010,7,B_copy,16,0.561542,0.561,1200799340280544110
0010,7,B_undo,16,0.580834,0.586,1200799340280544110
0010,7,A_copy,16,0.565958,0.566,1200799340280544110
0011,0,B_undo,16,0.660917,0.66,790815704178838149
0011,0,A_copy,16,0.797125,0.797,790815704178838149
0011,0,A_undo,16,0.806625,0.807,790815704178838149
0011,0,B_copy,16,0.83375,0.833,790815704178838149
0011,1,A_copy,16,0.830917,0.834,790815704178838149
0011,1,A_undo,16,0.831208,0.831,790815704178838149
0011,1,B_copy,16,0.834291,0.834,790815704178838149
0011,1,B_undo,16,0.948333,0.98,790815704178838149
0011,2,A_undo,16,0.814666,0.815,790815704178838149
0011,2,B_copy,16,0.813292,0.813,790815704178838149
0011,2,B_undo,16,0.796666,0.797,790815704178838149
0011,2,A_copy,16,0.803083,0.803,790815704178838149
0011,3,B_copy,16,0.804666,0.805,790815704178838149
0011,3,B_undo,16,0.781916,0.781,790815704178838149
0011,3,A_copy,16,0.824916,0.825,790815704178838149
0011,3,A_undo,16,0.955875,1.093,790815704178838149
0011,4,B_undo,16,0.796875,0.797,790815704178838149
0011,4,A_copy,16,0.805542,0.806,790815704178838149
0011,4,A_undo,16,0.803459,0.803,790815704178838149
0011,4,B_copy,16,0.821291,0.821,790815704178838149
0011,5,A_copy,16,0.786416,0.786,790815704178838149
0011,5,A_undo,16,0.785875,0.786,790815704178838149
0011,5,B_copy,16,0.779083,0.779,790815704178838149
0011,5,B_undo,16,0.811584,0.811,790815704178838149
0011,6,A_undo,16,0.81975,0.82,790815704178838149
0011,6,B_copy,16,0.816583,0.816,790815704178838149
0011,6,B_undo,16,0.837917,0.859,790815704178838149
0011,6,A_copy,16,0.760292,0.76,790815704178838149
0011,7,B_copy,16,0.821333,0.821,790815704178838149
0011,7,B_undo,16,0.801375,0.801,790815704178838149
0011,7,A_copy,16,0.781042,0.781,790815704178838149
0011,7,A_undo,16,0.822959,0.823,790815704178838149
0012,0,A_copy,16,0.590209,0.59,3036388081703436444
0012,0,A_undo,16,0.59075,0.591,3036388081703436444
0012,0,B_copy,16,0.599875,0.6,3036388081703436444
0012,0,B_undo,16,0.664,0.681,3036388081703436444
0012,1,A_undo,16,0.594208,0.594,3036388081703436444
0012,1,B_copy,16,0.594083,0.594,3036388081703436444
0012,1,B_undo,16,0.597125,0.597,3036388081703436444
0012,1,A_copy,16,0.601041,0.601,3036388081703436444
0012,2,B_copy,16,0.694291,0.735,3036388081703436444
0012,2,B_undo,16,0.644917,0.66,3036388081703436444
0012,2,A_copy,16,0.574666,0.575,3036388081703436444
0012,2,A_undo,16,0.581334,0.582,3036388081703436444
0012,3,B_undo,16,0.585084,0.585,3036388081703436444
0012,3,A_copy,16,0.576584,0.577,3036388081703436444
0012,3,A_undo,16,0.575417,0.575,3036388081703436444
0012,3,B_copy,16,0.598792,0.598,3036388081703436444
0012,4,A_copy,16,0.577125,0.577,3036388081703436444
0012,4,A_undo,16,0.5715,0.572,3036388081703436444
0012,4,B_copy,16,0.586667,0.586,3036388081703436444
0012,4,B_undo,16,0.585833,0.586,3036388081703436444
0012,5,A_undo,16,0.575084,0.574,3036388081703436444
0012,5,B_copy,16,0.554333,0.554,3036388081703436444
0012,5,B_undo,16,0.575709,0.575,3036388081703436444
0012,5,A_copy,16,0.591375,0.591,3036388081703436444
0012,6,B_copy,16,0.574166,0.574,3036388081703436444
0012,6,B_undo,16,0.54975,0.549,3036388081703436444
0012,6,A_copy,16,0.56175,0.562,3036388081703436444
0012,6,A_undo,16,0.606709,0.606,3036388081703436444
0012,7,B_undo,16,0.5645,0.564,3036388081703436444
0012,7,A_copy,16,0.571334,0.571,3036388081703436444
0012,7,A_undo,16,0.571792,0.572,3036388081703436444
0012,7,B_copy,16,0.61175,0.632,3036388081703436444
0013,0,A_undo,13,0.664375,0.664,3182426159623980630
0013,0,B_copy,13,0.661625,0.661,3182426159623980630
0013,0,B_undo,13,0.647042,0.647,3182426159623980630
0013,0,A_copy,13,0.715917,0.733,3182426159623980630
0013,1,B_copy,13,0.691042,0.691,3182426159623980630
0013,1,B_undo,13,0.685708,0.686,3182426159623980630
0013,1,A_copy,13,0.643666,0.644,3182426159623980630
0013,1,A_undo,13,0.68425,0.684,3182426159623980630
0013,2,B_undo,13,0.641542,0.641,3182426159623980630
0013,2,A_copy,13,0.634209,0.634,3182426159623980630
0013,2,A_undo,13,0.641458,0.641,3182426159623980630
0013,2,B_copy,13,0.670375,0.67,3182426159623980630
0013,3,A_copy,13,0.637041,0.636,3182426159623980630
0013,3,A_undo,13,0.627959,0.628,3182426159623980630
0013,3,B_copy,13,0.656458,0.656,3182426159623980630
0013,3,B_undo,13,0.69175,0.692,3182426159623980630
0013,4,A_undo,13,0.6315,0.632,3182426159623980630
0013,4,B_copy,13,0.6305,0.63,3182426159623980630
0013,4,B_undo,13,0.631167,0.631,3182426159623980630
0013,4,A_copy,13,0.66,0.66,3182426159623980630
0013,5,B_copy,13,0.624625,0.625,3182426159623980630
0013,5,B_undo,13,0.626916,0.626,3182426159623980630
0013,5,A_copy,13,0.632583,0.632,3182426159623980630
0013,5,A_undo,13,0.64525,0.645,3182426159623980630
0013,6,B_undo,13,0.627167,0.627,3182426159623980630
0013,6,A_copy,13,0.656083,0.656,3182426159623980630
0013,6,A_undo,13,0.638958,0.638,3182426159623980630
0013,6,B_copy,13,0.672459,0.672,3182426159623980630
0013,7,A_copy,13,0.697042,0.711,3182426159623980630
0013,7,A_undo,13,0.687542,0.687,3182426159623980630
0013,7,B_copy,13,0.675,0.675,3182426159623980630
0013,7,B_undo,13,0.68475,0.684,3182426159623980630
0014,0,B_copy,16,1.176417,1.176,2926945302020073642
0014,0,B_undo,16,1.185875,1.186,2926945302020073642
0014,0,A_copy,16,1.299375,1.353,2926945302020073642
0014,0,A_undo,16,1.595,1.738,2926945302020073642
0014,1,B_undo,16,1.43375,1.455,2926945302020073642
0014,1,A_copy,16,1.212459,1.213,2926945302020073642
0014,1,A_undo,16,1.207625,1.208,2926945302020073642
0014,1,B_copy,16,1.219375,1.219,2926945302020073642
0014,2,A_copy,16,1.203208,1.203,2926945302020073642
0014,2,A_undo,16,1.1915,1.211,2926945302020073642
0014,2,B_copy,16,1.24125,1.241,2926945302020073642
0014,2,B_undo,16,1.216417,1.216,2926945302020073642
0014,3,A_undo,16,1.196166,1.196,2926945302020073642
0014,3,B_copy,16,1.196834,1.196,2926945302020073642
0014,3,B_undo,16,1.181875,1.182,2926945302020073642
0014,3,A_copy,16,1.233,1.233,2926945302020073642
0014,4,B_copy,16,1.276958,1.299,2926945302020073642
0014,4,B_undo,16,1.218708,1.219,2926945302020073642
0014,4,A_copy,16,1.198708,1.199,2926945302020073642
0014,4,A_undo,16,1.375166,1.647,2926945302020073642
0014,5,B_undo,16,1.220083,1.22,2926945302020073642
0014,5,A_copy,16,1.205209,1.205,2926945302020073642
0014,5,A_undo,16,1.216083,1.216,2926945302020073642
0014,5,B_copy,16,1.28725,1.289,2926945302020073642
0014,6,A_copy,16,1.240709,1.241,2926945302020073642
0014,6,A_undo,16,1.207291,1.207,2926945302020073642
0014,6,B_copy,16,1.212708,1.212,2926945302020073642
0014,6,B_undo,16,1.192292,1.193,2926945302020073642
0014,7,A_undo,16,1.231208,1.231,2926945302020073642
0014,7,B_copy,16,1.221333,1.221,2926945302020073642
0014,7,B_undo,16,1.277958,1.307,2926945302020073642
0014,7,A_copy,16,1.196416,1.197,2926945302020073642
0015,0,B_undo,16,1.097583,1.097,128700707305151566
0015,0,A_copy,16,1.239875,1.24,128700707305151566
0015,0,A_undo,16,1.2345,1.234,128700707305151566
0015,0,B_copy,16,1.305708,1.31,128700707305151566
0015,1,A_copy,16,1.224667,1.225,128700707305151566
0015,1,A_undo,16,1.213292,1.213,128700707305151566
0015,1,B_copy,16,1.198417,1.198,128700707305151566
0015,1,B_undo,16,1.223334,1.223,128700707305151566
0015,2,A_undo,16,1.200666,1.2,128700707305151566
0015,2,B_copy,16,1.380667,1.393,128700707305151566
0015,2,B_undo,16,1.208834,1.209,128700707305151566
0015,2,A_copy,16,1.207042,1.207,128700707305151566
0015,3,B_copy,16,1.218875,1.219,128700707305151566
0015,3,B_undo,16,1.223166,1.223,128700707305151566
0015,3,A_copy,16,1.196708,1.196,128700707305151566
0015,3,A_undo,16,1.2495,1.25,128700707305151566
0015,4,B_undo,16,1.247042,1.252,128700707305151566
0015,4,A_copy,16,1.224166,1.224,128700707305151566
0015,4,A_undo,16,1.206291,1.206,128700707305151566
0015,4,B_copy,16,1.219083,1.219,128700707305151566
0015,5,A_copy,16,1.206916,1.207,128700707305151566
0015,5,A_undo,16,1.201708,1.202,128700707305151566
0015,5,B_copy,16,1.25475,1.26,128700707305151566
0015,5,B_undo,16,1.278209,1.283,128700707305151566
0015,6,A_undo,16,1.207166,1.207,128700707305151566
0015,6,B_copy,16,1.21275,1.213,128700707305151566
0015,6,B_undo,16,1.202375,1.202,128700707305151566
0015,6,A_copy,16,1.203666,1.203,128700707305151566
0015,7,B_copy,16,1.234125,1.234,128700707305151566
0015,7,B_undo,16,1.233417,1.233,128700707305151566
0015,7,A_copy,16,1.238167,1.243,128700707305151566
0015,7,A_undo,16,1.225208,1.225,128700707305151566
0016,0,A_copy,16,0.897,0.897,13367410591410745021
0016,0,A_undo,16,0.888125,0.888,13367410591410745021
0016,0,B_copy,16,0.890084,0.89,13367410591410745021
0016,0,B_undo,16,0.884708,0.884,13367410591410745021
0016,1,A_undo,16,0.86775,0.868,13367410591410745021
0016,1,B_copy,16,0.881417,0.881,13367410591410745021
0016,1,B_undo,16,0.890875,0.891,13367410591410745021
0016,1,A_copy,16,0.891208,0.891,13367410591410745021
0016,2,B_copy,16,0.991,1.016,13367410591410745021
0016,2,B_undo,16,0.911125,0.911,13367410591410745021
0016,2,A_copy,16,0.883125,0.883,13367410591410745021
0016,2,A_undo,16,0.906,0.906,13367410591410745021
0016,3,B_undo,16,0.879209,0.879,13367410591410745021
0016,3,A_copy,16,1.06075,1.109,13367410591410745021
0016,3,A_undo,16,0.9065,0.907,13367410591410745021
0016,3,B_copy,16,0.91525,0.915,13367410591410745021
0016,4,A_copy,16,0.893458,0.9,13367410591410745021
0016,4,A_undo,16,0.890083,0.89,13367410591410745021
0016,4,B_copy,16,0.901833,0.902,13367410591410745021
0016,4,B_undo,16,0.883166,0.883,13367410591410745021
0016,5,A_undo,16,0.869833,0.87,13367410591410745021
0016,5,B_copy,16,0.880375,0.88,13367410591410745021
0016,5,B_undo,16,0.864792,0.864,13367410591410745021
0016,5,A_copy,16,0.889584,0.89,13367410591410745021
0016,6,B_copy,16,0.883875,0.884,13367410591410745021
0016,6,B_undo,16,0.900542,0.9,13367410591410745021
0016,6,A_copy,16,0.932875,0.935,13367410591410745021
0016,6,A_undo,16,0.893667,0.894,13367410591410745021
0016,7,B_undo,16,0.889584,0.889,13367410591410745021
0016,7,A_copy,16,0.889584,0.889,13367410591410745021
0016,7,A_undo,16,0.880666,0.881,13367410591410745021
0016,7,B_copy,16,0.889792,0.889,13367410591410745021
0017,0,A_undo,16,0.788959,0.789,346144658630477565
0017,0,B_copy,16,0.805625,0.806,346144658630477565
0017,0,B_undo,16,0.788125,0.788,346144658630477565
0017,0,A_copy,16,0.798333,0.798,346144658630477565
0017,1,B_copy,16,0.782625,0.782,346144658630477565
0017,1,B_undo,16,0.778166,0.778,346144658630477565
0017,1,A_copy,16,0.795916,0.796,346144658630477565
0017,1,A_undo,16,0.797625,0.797,346144658630477565
0017,2,B_undo,16,0.872459,0.879,346144658630477565
0017,2,A_copy,16,0.825417,0.825,346144658630477565
0017,2,A_undo,16,0.806375,0.806,346144658630477565
0017,2,B_copy,16,0.806917,0.807,346144658630477565
0017,3,A_copy,16,0.782834,0.782,346144658630477565
0017,3,A_undo,16,0.801542,0.802,346144658630477565
0017,3,B_copy,16,0.791541,0.791,346144658630477565
0017,3,B_undo,16,0.804583,0.804,346144658630477565
0017,4,A_undo,16,0.783833,0.784,346144658630477565
0017,4,B_copy,16,0.83475,0.835,346144658630477565
0017,4,B_undo,16,0.892667,0.909,346144658630477565
0017,4,A_copy,16,0.938584,0.977,346144658630477565
0017,5,B_copy,16,0.832083,0.831,346144658630477565
0017,5,B_undo,16,0.817084,0.817,346144658630477565
0017,5,A_copy,16,0.797416,0.798,346144658630477565
0017,5,A_undo,16,0.801875,0.802,346144658630477565
0017,6,B_undo,16,0.785625,0.785,346144658630477565
0017,6,A_copy,16,0.780333,0.78,346144658630477565
0017,6,A_undo,16,0.782208,0.782,346144658630477565
0017,6,B_copy,16,0.816917,0.817,346144658630477565
0017,7,A_copy,16,0.798375,0.798,346144658630477565
0017,7,A_undo,16,0.803958,0.803,346144658630477565
0017,7,B_copy,16,0.837791,0.838,346144658630477565
0017,7,B_undo,16,0.81575,0.816,346144658630477565
0018,0,B_copy,15,0.4475,0.448,9140832770121384815
0018,0,B_undo,15,0.416083,0.416,9140832770121384815
0018,0,A_copy,15,0.5045,0.504,9140832770121384815
0018,0,A_undo,15,0.503458,0.503,9140832770121384815
0018,1,B_undo,15,0.462916,0.463,9140832770121384815
0018,1,A_copy,15,0.472084,0.472,9140832770121384815
0018,1,A_undo,15,0.470416,0.471,9140832770121384815
0018,1,B_copy,15,0.501583,0.502,9140832770121384815
0018,2,A_copy,15,0.470958,0.471,9140832770121384815
0018,2,A_undo,15,0.465791,0.466,9140832770121384815
0018,2,B_copy,15,0.470791,0.47,9140832770121384815
0018,2,B_undo,15,0.557917,0.568,9140832770121384815
0018,3,A_undo,15,0.620708,0.686,9140832770121384815
0018,3,B_copy,15,0.4265,0.426,9140832770121384815
0018,3,B_undo,15,0.463,0.463,9140832770121384815
0018,3,A_copy,15,0.497916,0.497,9140832770121384815
0018,4,B_copy,15,0.458333,0.458,9140832770121384815
0018,4,B_undo,15,0.465333,0.465,9140832770121384815
0018,4,A_copy,15,0.464,0.464,9140832770121384815
0018,4,A_undo,15,0.509459,0.509,9140832770121384815
0018,5,B_undo,15,0.477792,0.478,9140832770121384815
0018,5,A_copy,15,0.4635,0.464,9140832770121384815
0018,5,A_undo,15,0.470042,0.47,9140832770121384815
0018,5,B_copy,15,0.504291,0.504,9140832770121384815
0018,6,A_copy,15,0.466459,0.467,9140832770121384815
0018,6,A_undo,15,0.468541,0.469,9140832770121384815
0018,6,B_copy,15,0.490541,0.491,9140832770121384815
0018,6,B_undo,15,0.49775,0.497,9140832770121384815
0018,7,A_undo,15,0.478417,0.478,9140832770121384815
0018,7,B_copy,15,0.4755,0.475,9140832770121384815
0018,7,B_undo,15,0.527291,0.533,9140832770121384815
0018,7,A_copy,15,0.514917,0.515,9140832770121384815
0019,0,B_undo,16,1.673333,1.691,15493077461246474272
0019,0,A_copy,16,1.732958,1.733,15493077461246474272
0019,0,A_undo,16,1.728208,1.728,15493077461246474272
0019,0,B_copy,16,1.735875,1.736,15493077461246474272
0019,1,A_copy,16,1.742375,1.743,15493077461246474272
0019,1,A_undo,16,1.768875,1.769,15493077461246474272
0019,1,B_copy,16,1.722916,1.723,15493077461246474272
0019,1,B_undo,16,1.701291,1.701,15493077461246474272
0019,2,A_undo,16,1.752666,1.753,15493077461246474272
0019,2,B_copy,16,1.848875,1.862,15493077461246474272
0019,2,B_undo,16,1.815125,1.826,15493077461246474272
0019,2,A_copy,16,1.721167,1.721,15493077461246474272
0019,3,B_copy,16,1.7425,1.742,15493077461246474272
0019,3,B_undo,16,1.761667,1.769,15493077461246474272
0019,3,A_copy,16,1.764292,1.764,15493077461246474272
0019,3,A_undo,16,1.710166,1.71,15493077461246474272
0019,4,B_undo,16,1.719875,1.72,15493077461246474272
0019,4,A_copy,16,1.709292,1.709,15493077461246474272
0019,4,A_undo,16,1.755833,1.756,15493077461246474272
0019,4,B_copy,16,1.784583,1.8,15493077461246474272
0019,5,A_copy,16,1.7265,1.727,15493077461246474272
0019,5,A_undo,16,1.745959,1.746,15493077461246474272
0019,5,B_copy,16,1.728542,1.728,15493077461246474272
0019,5,B_undo,16,1.791,1.799,15493077461246474272
0019,6,A_undo,16,1.721375,1.722,15493077461246474272
0019,6,B_copy,16,1.730583,1.73,15493077461246474272
0019,6,B_undo,16,1.695792,1.696,15493077461246474272
0019,6,A_copy,16,1.854709,1.931,15493077461246474272
0019,7,B_copy,16,1.732,1.732,15493077461246474272
0019,7,B_undo,16,1.798417,1.808,15493077461246474272
0019,7,A_copy,16,1.732917,1.733,15493077461246474272
0019,7,A_undo,16,1.73625,1.736,15493077461246474272
0020,0,A_copy,16,0.685625,0.685,15802890463926702500
0020,0,A_undo,16,0.694833,0.695,15802890463926702500
0020,0,B_copy,16,0.7645,0.775,15802890463926702500
0020,0,B_undo,16,0.717833,0.718,15802890463926702500
0020,1,A_undo,16,0.690667,0.69,15802890463926702500
0020,1,B_copy,16,0.685875,0.686,15802890463926702500
0020,1,B_undo,16,0.664417,0.664,15802890463926702500
0020,1,A_copy,16,0.686959,0.687,15802890463926702500
0020,2,B_copy,16,0.675125,0.675,15802890463926702500
0020,2,B_undo,16,0.671333,0.671,15802890463926702500
0020,2,A_copy,16,0.664167,0.664,15802890463926702500
0020,2,A_undo,16,0.682292,0.682,15802890463926702500
0020,3,B_undo,16,0.670333,0.67,15802890463926702500
0020,3,A_copy,16,0.69775,0.698,15802890463926702500
0020,3,A_undo,16,0.679791,0.68,15802890463926702500
0020,3,B_copy,16,0.704875,0.705,15802890463926702500
0020,4,A_copy,16,0.7035,0.723,15802890463926702500
0020,4,A_undo,16,0.6785,0.679,15802890463926702500
0020,4,B_copy,16,0.679542,0.68,15802890463926702500
0020,4,B_undo,16,0.687208,0.688,15802890463926702500
0020,5,A_undo,16,0.673166,0.673,15802890463926702500
0020,5,B_copy,16,0.843709,0.943,15802890463926702500
0020,5,B_undo,16,0.696125,0.699,15802890463926702500
0020,5,A_copy,16,0.757625,0.827,15802890463926702500
0020,6,B_copy,16,0.70775,0.708,15802890463926702500
0020,6,B_undo,16,0.680875,0.681,15802890463926702500
0020,6,A_copy,16,0.704292,0.704,15802890463926702500
0020,6,A_undo,16,0.695375,0.695,15802890463926702500
0020,7,B_undo,16,0.686583,0.687,15802890463926702500
0020,7,A_copy,16,0.68775,0.687,15802890463926702500
0020,7,A_undo,16,0.670291,0.67,15802890463926702500
0020,7,B_copy,16,0.703625,0.704,15802890463926702500
0021,0,A_undo,16,0.710625,0.71,10128637542235149600
0021,0,B_copy,16,0.775875,0.778,10128637542235149600
0021,0,B_undo,16,0.750292,0.752,10128637542235149600
0021,0,A_copy,16,0.757084,0.757,10128637542235149600
0021,1,B_copy,16,0.720625,0.72,10128637542235149600
0021,1,B_undo,16,0.709209,0.709,10128637542235149600
0021,1,A_copy,16,0.705,0.705,10128637542235149600
0021,1,A_undo,16,0.737209,0.738,10128637542235149600
0021,2,B_undo,16,0.699625,0.7,10128637542235149600
0021,2,A_copy,16,0.700083,0.7,10128637542235149600
0021,2,A_undo,16,0.704542,0.705,10128637542235149600
0021,2,B_copy,16,0.743709,0.743,10128637542235149600
0021,3,A_copy,16,0.7015,0.701,10128637542235149600
0021,3,A_undo,16,0.70475,0.705,10128637542235149600
0021,3,B_copy,16,0.723334,0.724,10128637542235149600
0021,3,B_undo,16,0.741958,0.742,10128637542235149600
0021,4,A_undo,16,0.731833,0.737,10128637542235149600
0021,4,B_copy,16,0.7225,0.723,10128637542235149600
0021,4,B_undo,16,0.72975,0.729,10128637542235149600
0021,4,A_copy,16,0.726916,0.727,10128637542235149600
0021,5,B_copy,16,0.715792,0.716,10128637542235149600
0021,5,B_undo,16,0.703208,0.703,10128637542235149600
0021,5,A_copy,16,0.708458,0.708,10128637542235149600
0021,5,A_undo,16,0.73525,0.735,10128637542235149600
0021,6,B_undo,16,0.720667,0.72,10128637542235149600
0021,6,A_copy,16,0.726541,0.727,10128637542235149600
0021,6,A_undo,16,0.751875,0.752,10128637542235149600
0021,6,B_copy,16,0.7305,0.73,10128637542235149600
0021,7,A_copy,16,0.709667,0.71,10128637542235149600
0021,7,A_undo,16,0.70075,0.701,10128637542235149600
0021,7,B_copy,16,0.716625,0.716,10128637542235149600
0021,7,B_undo,16,0.727959,0.728,10128637542235149600
0022,0,B_copy,15,1.261584,1.516,2561109081225095536
0022,0,B_undo,15,1.272375,1.587,2561109081225095536
0022,0,A_copy,15,1.219459,1.337,2561109081225095536
0022,0,A_undo,15,1.287708,1.661,2561109081225095536
0022,1,B_undo,15,1.327667,14.764,2561109081225095536
0022,1,A_copy,15,1.175542,1.175,2561109081225095536
0022,1,A_undo,15,1.281209,4.401,2561109081225095536
0022,1,B_copy,15,1.2585,9.285,2561109081225095536
0022,2,A_copy,15,0.84975,11.797,2561109081225095536
0022,2,A_undo,15,0.781333,0.862,2561109081225095536
0022,2,B_copy,15,0.688167,0.688,2561109081225095536
0022,2,B_undo,15,0.7225,0.736,2561109081225095536
0022,3,A_undo,15,0.657291,0.69,2561109081225095536
0022,3,B_copy,15,0.715709,0.737,2561109081225095536
0022,3,B_undo,15,0.696875,2.508,2561109081225095536
0022,3,A_copy,15,0.705042,1.472,2561109081225095536
0022,4,B_copy,15,0.672709,1.705,2561109081225095536
0022,4,B_undo,15,0.63575,1.865,2561109081225095536
0022,4,A_copy,15,0.679375,1.142,2561109081225095536
0022,4,A_undo,15,0.700375,0.74,2561109081225095536
0022,5,B_undo,15,0.690667,0.813,2561109081225095536
0022,5,A_copy,15,0.663583,0.664,2561109081225095536
0022,5,A_undo,15,0.670166,0.67,2561109081225095536
0022,5,B_copy,15,0.720833,1.015,2561109081225095536
0022,6,A_copy,15,0.677042,0.677,2561109081225095536
0022,6,A_undo,15,0.909375,0.988,2561109081225095536
0022,6,B_copy,15,0.757375,0.781,2561109081225095536
0022,6,B_undo,15,0.66925,0.669,2561109081225095536
0022,7,A_undo,15,0.664333,0.664,2561109081225095536
0022,7,B_copy,15,0.674958,0.675,2561109081225095536
0022,7,B_undo,15,0.652,0.652,2561109081225095536
0022,7,A_copy,15,0.664958,0.665,2561109081225095536
0023,0,B_undo,14,0.468916,0.469,14569559025692036069
0023,0,A_copy,14,0.605625,0.606,14569559025692036069
0023,0,A_undo,14,0.600458,0.6,14569559025692036069
0023,0,B_copy,14,0.632542,0.645,14569559025692036069
0023,1,A_copy,14,0.59425,0.613,14569559025692036069
0023,1,A_undo,14,0.563292,0.563,14569559025692036069
0023,1,B_copy,14,0.621458,0.622,14569559025692036069
0023,1,B_undo,14,0.60475,0.605,14569559025692036069
0023,2,A_undo,14,0.570042,0.57,14569559025692036069
0023,2,B_copy,14,0.572792,0.573,14569559025692036069
0023,2,B_undo,14,0.579709,0.58,14569559025692036069
0023,2,A_copy,14,0.588,0.588,14569559025692036069
0023,3,B_copy,14,0.563375,0.563,14569559025692036069
0023,3,B_undo,14,0.557375,0.557,14569559025692036069
0023,3,A_copy,14,0.569958,0.57,14569559025692036069
0023,3,A_undo,14,0.615209,0.615,14569559025692036069
0023,4,B_undo,14,0.581083,0.581,14569559025692036069
0023,4,A_copy,14,0.581166,0.581,14569559025692036069
0023,4,A_undo,14,0.604042,0.629,14569559025692036069
0023,4,B_copy,14,0.61825,0.618,14569559025692036069
0023,5,A_copy,14,0.598167,0.598,14569559025692036069
0023,5,A_undo,14,0.608,0.607,14569559025692036069
0023,5,B_copy,14,0.616583,0.678,14569559025692036069
0023,5,B_undo,14,0.666,0.709,14569559025692036069
0023,6,A_undo,14,0.6125,0.612,14569559025692036069
0023,6,B_copy,14,0.602042,0.602,14569559025692036069
0023,6,B_undo,14,0.579041,0.579,14569559025692036069
0023,6,A_copy,14,0.60225,0.603,14569559025692036069
0023,7,B_copy,14,0.57625,0.576,14569559025692036069
0023,7,B_undo,14,0.563125,0.563,14569559025692036069
0023,7,A_copy,14,0.594709,0.604,14569559025692036069
0023,7,A_undo,14,0.569709,0.57,14569559025692036069
0024,0,A_copy,16,0.696625,0.696,12748977696120037457
0024,0,A_undo,16,0.722833,0.723,12748977696120037457
0024,0,B_copy,16,0.698334,0.698,12748977696120037457
0024,0,B_undo,16,0.694208,0.694,12748977696120037457
0024,1,A_undo,16,0.6845,0.684,12748977696120037457
0024,1,B_copy,16,0.691417,0.691,12748977696120037457
0024,1,B_undo,16,0.672667,0.673,12748977696120037457
0024,1,A_copy,16,0.718375,0.744,12748977696120037457
0024,2,B_copy,16,0.933833,0.98,12748977696120037457
0024,2,B_undo,16,0.630375,0.63,12748977696120037457
0024,2,A_copy,16,0.697375,0.697,12748977696120037457
0024,2,A_undo,16,0.712542,0.712,12748977696120037457
0024,3,B_undo,16,0.675125,0.675,12748977696120037457
0024,3,A_copy,16,0.659209,0.659,12748977696120037457
0024,3,A_undo,16,0.648458,0.648,12748977696120037457
0024,3,B_copy,16,0.700584,0.7,12748977696120037457
0024,4,A_copy,16,0.661959,0.662,12748977696120037457
0024,4,A_undo,16,0.65525,0.656,12748977696120037457
0024,4,B_copy,16,0.68225,0.682,12748977696120037457
0024,4,B_undo,16,0.707417,0.707,12748977696120037457
0024,5,A_undo,16,0.675833,0.676,12748977696120037457
0024,5,B_copy,16,0.749667,0.776,12748977696120037457
0024,5,B_undo,16,0.74725,0.77,12748977696120037457
0024,5,A_copy,16,0.721166,0.727,12748977696120037457
0024,6,B_copy,16,0.617375,0.617,12748977696120037457
0024,6,B_undo,16,0.680083,0.68,12748977696120037457
0024,6,A_copy,16,0.669708,0.669,12748977696120037457
0024,6,A_undo,16,0.682625,0.682,12748977696120037457
0024,7,B_undo,16,0.707292,0.707,12748977696120037457
0024,7,A_copy,16,0.677667,0.678,12748977696120037457
0024,7,A_undo,16,0.647958,0.648,12748977696120037457
0024,7,B_copy,16,0.748458,0.777,12748977696120037457
0025,0,A_undo,16,0.777833,0.778,15744495579760868940
0025,0,B_copy,16,0.79475,0.795,15744495579760868940
0025,0,B_undo,16,0.787416,0.787,15744495579760868940
0025,0,A_copy,16,0.801583,0.801,15744495579760868940
0025,1,B_copy,16,0.781333,0.781,15744495579760868940
0025,1,B_undo,16,0.830208,0.84,15744495579760868940
0025,1,A_copy,16,0.82475,0.825,15744495579760868940
0025,1,A_undo,16,0.816208,0.816,15744495579760868940
0025,2,B_undo,16,0.805708,0.806,15744495579760868940
0025,2,A_copy,16,0.774542,0.774,15744495579760868940
0025,2,A_undo,16,0.769208,0.769,15744495579760868940
0025,2,B_copy,16,0.804917,0.805,15744495579760868940
0025,3,A_copy,16,0.76925,0.77,15744495579760868940
0025,3,A_undo,16,0.789,0.789,15744495579760868940
0025,3,B_copy,16,0.794333,0.794,15744495579760868940
0025,3,B_undo,16,0.8095,0.809,15744495579760868940
0025,4,A_undo,16,0.786916,0.787,15744495579760868940
0025,4,B_copy,16,0.853917,0.877,15744495579760868940
0025,4,B_undo,16,0.797875,0.797,15744495579760868940
0025,4,A_copy,16,0.812208,0.813,15744495579760868940
0025,5,B_copy,16,0.797666,0.798,15744495579760868940
0025,5,B_undo,16,0.785667,0.786,15744495579760868940
0025,5,A_copy,16,0.772667,0.773,15744495579760868940
0025,5,A_undo,16,0.809833,0.81,15744495579760868940
0025,6,B_undo,16,0.804667,0.804,15744495579760868940
0025,6,A_copy,16,0.833208,0.859,15744495579760868940
0025,6,A_undo,16,0.817042,0.817,15744495579760868940
0025,6,B_copy,16,0.835,0.835,15744495579760868940
0025,7,A_copy,16,0.785125,0.785,15744495579760868940
0025,7,A_undo,16,0.860542,0.868,15744495579760868940
0025,7,B_copy,16,0.938583,1.088,15744495579760868940
0025,7,B_undo,16,0.800958,0.801,15744495579760868940
0026,0,B_copy,16,1.305166,1.305,14644019134026959309
0026,0,B_undo,16,1.274458,1.274,14644019134026959309
0026,0,A_copy,16,1.296208,1.296,14644019134026959309
0026,0,A_undo,16,1.315166,1.315,14644019134026959309
0026,1,B_undo,16,1.3425,1.346,14644019134026959309
0026,1,A_copy,16,1.332834,1.342,14644019134026959309
0026,1,A_undo,16,1.305167,1.305,14644019134026959309
0026,1,B_copy,16,1.261458,1.261,14644019134026959309
0026,2,A_copy,16,1.260666,1.261,14644019134026959309
0026,2,A_undo,16,1.252875,1.252,14644019134026959309
0026,2,B_copy,16,1.293334,1.293,14644019134026959309
0026,2,B_undo,16,1.305625,1.305,14644019134026959309
0026,3,A_undo,16,1.346875,1.368,14644019134026959309
0026,3,B_copy,16,1.300583,1.3,14644019134026959309
0026,3,B_undo,16,1.281625,1.281,14644019134026959309
0026,3,A_copy,16,1.288209,1.288,14644019134026959309
0026,4,B_copy,16,1.295208,1.295,14644019134026959309
0026,4,B_undo,16,1.296792,1.299,14644019134026959309
0026,4,A_copy,16,1.297166,1.297,14644019134026959309
0026,4,A_undo,16,1.301708,1.301,14644019134026959309
0026,5,B_undo,16,1.277,1.277,14644019134026959309
0026,5,A_copy,16,1.256125,1.256,14644019134026959309
0026,5,A_undo,16,1.249417,1.249,14644019134026959309
0026,5,B_copy,16,1.296791,1.297,14644019134026959309
0026,6,A_copy,16,1.282083,1.282,14644019134026959309
0026,6,A_undo,16,1.360833,1.378,14644019134026959309
0026,6,B_copy,16,1.297709,1.298,14644019134026959309
0026,6,B_undo,16,1.268209,1.268,14644019134026959309
0026,7,A_undo,16,1.278458,1.278,14644019134026959309
0026,7,B_copy,16,1.284541,1.284,14644019134026959309
0026,7,B_undo,16,1.269875,1.272,14644019134026959309
0026,7,A_copy,16,1.232291,1.232,14644019134026959309
0027,0,B_undo,16,0.405792,0.405,2298412845892603114
0027,0,A_copy,16,0.519208,0.519,2298412845892603114
0027,0,A_undo,16,0.51925,0.52,2298412845892603114
0027,0,B_copy,16,0.512417,0.513,2298412845892603114
0027,1,A_copy,16,0.492208,0.492,2298412845892603114
0027,1,A_undo,16,0.490625,0.49,2298412845892603114
0027,1,B_copy,16,0.494084,0.494,2298412845892603114
0027,1,B_undo,16,0.512208,0.512,2298412845892603114
0027,2,A_undo,16,0.489792,0.489,2298412845892603114
0027,2,B_copy,16,0.491167,0.491,2298412845892603114
0027,2,B_undo,16,0.6065,0.706,2298412845892603114
0027,2,A_copy,16,0.509875,0.51,2298412845892603114
0027,3,B_copy,16,0.464875,0.467,2298412845892603114
0027,3,B_undo,16,0.427792,0.428,2298412845892603114
0027,3,A_copy,16,0.518833,0.518,2298412845892603114
0027,3,A_undo,16,0.514125,0.514,2298412845892603114
0027,4,B_undo,16,0.502792,0.503,2298412845892603114
0027,4,A_copy,16,0.494208,0.495,2298412845892603114
0027,4,A_undo,16,0.478042,0.477,2298412845892603114
0027,4,B_copy,16,0.521292,0.521,2298412845892603114
0027,5,A_copy,16,0.467416,0.467,2298412845892603114
0027,5,A_undo,16,0.486625,0.486,2298412845892603114
0027,5,B_copy,16,0.480375,0.48,2298412845892603114
0027,5,B_undo,16,0.494166,0.494,2298412845892603114
0027,6,A_undo,16,0.47875,0.478,2298412845892603114
0027,6,B_copy,16,0.476917,0.477,2298412845892603114
0027,6,B_undo,16,0.470083,0.47,2298412845892603114
0027,6,A_copy,16,0.514875,0.515,2298412845892603114
0027,7,B_copy,16,0.490958,0.49,2298412845892603114
0027,7,B_undo,16,0.482708,0.483,2298412845892603114
0027,7,A_copy,16,0.475792,0.476,2298412845892603114
0027,7,A_undo,16,0.518042,0.535,2298412845892603114
0028,0,A_copy,16,0.888917,0.889,17942931527739180912
0028,0,A_undo,16,0.890166,0.891,17942931527739180912
0028,0,B_copy,16,0.898958,0.898,17942931527739180912
0028,0,B_undo,16,0.919375,0.919,17942931527739180912
0028,1,A_undo,16,0.872541,0.873,17942931527739180912
0028,1,B_copy,16,0.866708,0.866,17942931527739180912
0028,1,B_undo,16,0.870666,0.87,17942931527739180912
0028,1,A_copy,16,0.868125,0.868,17942931527739180912
0028,2,B_copy,16,0.8745,0.874,17942931527739180912
0028,2,B_undo,16,0.861916,0.862,17942931527739180912
0028,2,A_copy,16,0.912125,0.912,17942931527739180912
0028,2,A_undo,16,0.900291,0.9,17942931527739180912
0028,3,B_undo,16,0.931292,0.949,17942931527739180912
0028,3,A_copy,16,0.897625,0.897,17942931527739180912
0028,3,A_undo,16,0.896417,0.896,17942931527739180912
0028,3,B_copy,16,0.905625,0.905,17942931527739180912
0028,4,A_copy,16,0.854541,0.855,17942931527739180912
0028,4,A_undo,16,0.864834,0.865,17942931527739180912
0028,4,B_copy,16,0.864125,0.864,17942931527739180912
0028,4,B_undo,16,0.883125,0.883,17942931527739180912
0028,5,A_undo,16,0.927375,0.929,17942931527739180912
0028,5,B_copy,16,1.083625,1.171,17942931527739180912
0028,5,B_undo,16,0.857916,0.864,17942931527739180912
0028,5,A_copy,16,0.870458,0.87,17942931527739180912
0028,6,B_copy,16,0.889666,0.889,17942931527739180912
0028,6,B_undo,16,0.865208,0.865,17942931527739180912
0028,6,A_copy,16,0.854459,0.855,17942931527739180912
0028,6,A_undo,16,0.872042,0.871,17942931527739180912
0028,7,B_undo,16,0.890792,0.891,17942931527739180912
0028,7,A_copy,16,0.882584,0.882,17942931527739180912
0028,7,A_undo,16,0.889375,0.889,17942931527739180912
0028,7,B_copy,16,0.957584,0.971,17942931527739180912
0029,0,A_undo,16,1.271291,1.273,5326746129019125909
0029,0,B_copy,16,1.218834,1.219,5326746129019125909
0029,0,B_undo,16,1.175375,1.175,5326746129019125909
0029,0,A_copy,16,1.212958,1.213,5326746129019125909
0029,1,B_copy,16,1.218417,1.218,5326746129019125909
0029,1,B_undo,16,1.192666,1.192,5326746129019125909
0029,1,A_copy,16,1.233667,1.233,5326746129019125909
0029,1,A_undo,16,1.423459,1.638,5326746129019125909
0029,2,B_undo,16,1.276459,1.307,5326746129019125909
0029,2,A_copy,16,1.230334,1.231,5326746129019125909
0029,2,A_undo,16,1.250333,1.251,5326746129019125909
0029,2,B_copy,16,1.234666,1.235,5326746129019125909
0029,3,A_copy,16,1.209208,1.209,5326746129019125909
0029,3,A_undo,16,1.278625,1.28,5326746129019125909
0029,3,B_copy,16,1.283416,1.283,5326746129019125909
0029,3,B_undo,16,1.21825,1.218,5326746129019125909
0029,4,A_undo,16,1.245542,1.246,5326746129019125909
0029,4,B_copy,16,1.218375,1.219,5326746129019125909
0029,4,B_undo,16,1.262625,1.262,5326746129019125909
0029,4,A_copy,16,1.255417,1.255,5326746129019125909
0029,5,B_copy,16,1.433166,1.644,5326746129019125909
0029,5,B_undo,16,1.309542,1.325,5326746129019125909
0029,5,A_copy,16,1.230875,1.23,5326746129019125909
0029,5,A_undo,16,1.217583,1.218,5326746129019125909
0029,6,B_undo,16,1.22225,1.222,5326746129019125909
0029,6,A_copy,16,1.256167,1.256,5326746129019125909
0029,6,A_undo,16,1.275375,1.285,5326746129019125909
0029,6,B_copy,16,1.239417,1.256,5326746129019125909
0029,7,A_copy,16,1.277792,1.277,5326746129019125909
0029,7,A_undo,16,1.198208,1.199,5326746129019125909
0029,7,B_copy,16,1.238208,1.238,5326746129019125909
0029,7,B_undo,16,1.219041,1.219,5326746129019125909
0030,0,B_copy,16,0.521708,0.521,15466819328701557217
0030,0,B_undo,16,0.53725,0.559,15466819328701557217
0030,0,A_copy,16,0.590125,0.59,15466819328701557217
0030,0,A_undo,16,0.575834,0.576,15466819328701557217
0030,1,B_undo,16,0.536292,0.536,15466819328701557217
0030,1,A_copy,16,0.535375,0.535,15466819328701557217
0030,1,A_undo,16,0.536792,0.536,15466819328701557217
0030,1,B_copy,16,0.594291,0.594,15466819328701557217
0030,2,A_copy,16,0.536,0.536,15466819328701557217
0030,2,A_undo,16,0.537208,0.537,15466819328701557217
0030,2,B_copy,16,0.537209,0.537,15466819328701557217
0030,2,B_undo,16,0.55525,0.556,15466819328701557217
0030,3,A_undo,16,0.533125,0.533,15466819328701557217
0030,3,B_copy,16,0.528875,0.529,15466819328701557217
0030,3,B_undo,16,0.617833,0.62,15466819328701557217
0030,3,A_copy,16,0.589,0.589,15466819328701557217
0030,4,B_copy,16,0.603875,0.603,15466819328701557217
0030,4,B_undo,16,0.559042,0.559,15466819328701557217
0030,4,A_copy,16,0.537958,0.538,15466819328701557217
0030,4,A_undo,16,0.58125,0.581,15466819328701557217
0030,5,B_undo,16,0.532542,0.532,15466819328701557217
0030,5,A_copy,16,0.52775,0.527,15466819328701557217
0030,5,A_undo,16,0.520375,0.52,15466819328701557217
0030,5,B_copy,16,0.570416,0.57,15466819328701557217
0030,6,A_copy,16,0.542667,0.542,15466819328701557217
0030,6,A_undo,16,0.527417,0.527,15466819328701557217
0030,6,B_copy,16,0.524458,0.524,15466819328701557217
0030,6,B_undo,16,0.591167,0.591,15466819328701557217
0030,7,A_undo,16,0.5555,0.555,15466819328701557217
0030,7,B_copy,16,0.566625,0.567,15466819328701557217
0030,7,B_undo,16,0.821,1.027,15466819328701557217
0030,7,A_copy,16,0.578333,0.578,15466819328701557217
0031,0,B_undo,16,0.547667,0.548,13800451541403629213
0031,0,A_copy,16,0.7155,0.716,13800451541403629213
0031,0,A_undo,16,0.69975,0.699,13800451541403629213
0031,0,B_copy,16,0.706291,0.706,13800451541403629213
0031,1,A_copy,16,0.8995,1.021,13800451541403629213
0031,1,A_undo,16,0.70475,0.705,13800451541403629213
0031,1,B_copy,16,0.7175,0.717,13800451541403629213
0031,1,B_undo,16,0.687458,0.687,13800451541403629213
0031,2,A_undo,16,0.678208,0.678,13800451541403629213
0031,2,B_copy,16,0.67675,0.677,13800451541403629213
0031,2,B_undo,16,0.671292,0.671,13800451541403629213
0031,2,A_copy,16,0.7025,0.702,13800451541403629213
0031,3,B_copy,16,0.678125,0.678,13800451541403629213
0031,3,B_undo,16,0.677459,0.679,13800451541403629213
0031,3,A_copy,16,0.692625,0.692,13800451541403629213
0031,3,A_undo,16,0.696792,0.697,13800451541403629213
0031,4,B_undo,16,0.720458,0.72,13800451541403629213
0031,4,A_copy,16,0.672167,0.672,13800451541403629213
0031,4,A_undo,16,0.657833,0.657,13800451541403629213
0031,4,B_copy,16,0.697833,0.698,13800451541403629213
0031,5,A_copy,16,0.660792,0.66,13800451541403629213
0031,5,A_undo,16,0.681,0.681,13800451541403629213
0031,5,B_copy,16,0.689625,0.689,13800451541403629213
0031,5,B_undo,16,0.678542,0.679,13800451541403629213
0031,6,A_undo,16,0.672667,0.673,13800451541403629213
0031,6,B_copy,16,0.692,0.692,13800451541403629213
0031,6,B_undo,16,0.670125,0.67,13800451541403629213
0031,6,A_copy,16,0.697792,0.698,13800451541403629213
0031,7,B_copy,16,0.711166,0.737,13800451541403629213
0031,7,B_undo,16,0.66575,0.666,13800451541403629213
0031,7,A_copy,16,0.669708,0.669,13800451541403629213
0031,7,A_undo,16,0.697625,0.697,13800451541403629213
0032,0,A_copy,16,1.120833,1.121,7670901862719886434
0032,0,A_undo,16,1.138958,1.139,7670901862719886434
0032,0,B_copy,16,1.118167,1.118,7670901862719886434
0032,0,B_undo,16,1.116417,1.116,7670901862719886434
0032,1,A_undo,16,1.141125,1.141,7670901862719886434
0032,1,B_copy,16,1.110083,1.11,7670901862719886434
0032,1,B_undo,16,1.365083,1.479,7670901862719886434
0032,1,A_copy,16,1.170541,1.181,7670901862719886434
0032,2,B_copy,16,1.126666,1.126,7670901862719886434
0032,2,B_undo,16,1.148625,1.149,7670901862719886434
0032,2,A_copy,16,1.125875,1.125,7670901862719886434
0032,2,A_undo,16,1.146209,1.146,7670901862719886434
0032,3,B_undo,16,1.168291,1.168,7670901862719886434
0032,3,A_copy,16,1.119083,1.119,7670901862719886434
0032,3,A_undo,16,1.128125,1.128,7670901862719886434
0032,3,B_copy,16,1.128375,1.128,7670901862719886434
0032,4,A_copy,16,1.106542,1.106,7670901862719886434
0032,4,A_undo,16,1.106625,1.106,7670901862719886434
0032,4,B_copy,16,1.22925,1.27,7670901862719886434
0032,4,B_undo,16,1.242042,1.318,7670901862719886434
0032,5,A_undo,16,1.244459,1.278,7670901862719886434
0032,5,B_copy,16,1.17075,1.171,7670901862719886434
0032,5,B_undo,16,1.171375,1.173,7670901862719886434
0032,5,A_copy,16,1.132083,1.132,7670901862719886434
0032,6,B_copy,16,1.151,1.151,7670901862719886434
0032,6,B_undo,16,1.108791,1.109,7670901862719886434
0032,6,A_copy,16,1.164167,1.172,7670901862719886434
0032,6,A_undo,16,1.174375,1.174,7670901862719886434
0032,7,B_undo,16,1.165584,1.166,7670901862719886434
0032,7,A_copy,16,1.13375,1.133,7670901862719886434
0032,7,A_undo,16,1.11225,1.112,7670901862719886434
0032,7,B_copy,16,1.125625,1.126,7670901862719886434
0033,0,A_undo,16,0.565583,0.566,16099730629293026410
0033,0,B_copy,16,0.571125,0.571,16099730629293026410
0033,0,B_undo,16,0.570125,0.57,16099730629293026410
0033,0,A_copy,16,0.582,0.582,16099730629293026410
0033,1,B_copy,16,0.550667,0.55,16099730629293026410
0033,1,B_undo,16,0.557792,0.557,16099730629293026410
0033,1,A_copy,16,0.549208,0.549,16099730629293026410
0033,1,A_undo,16,0.585834,0.586,16099730629293026410
0033,2,B_undo,16,0.543625,0.543,16099730629293026410
0033,2,A_copy,16,0.566667,0.566,16099730629293026410
0033,2,A_undo,16,0.580833,0.581,16099730629293026410
0033,2,B_copy,16,0.599417,0.599,16099730629293026410
0033,3,A_copy,16,0.562333,0.562,16099730629293026410
0033,3,A_undo,16,0.619958,0.633,16099730629293026410
0033,3,B_copy,16,0.603875,0.604,16099730629293026410
0033,3,B_undo,16,0.615375,0.615,16099730629293026410
0033,4,A_undo,16,0.715417,0.849,16099730629293026410
0033,4,B_copy,16,0.603375,0.603,16099730629293026410
0033,4,B_undo,16,0.606417,0.606,16099730629293026410
0033,4,A_copy,16,0.593625,0.594,16099730629293026410
0033,5,B_copy,16,0.569625,0.57,16099730629293026410
0033,5,B_undo,16,0.567917,0.568,16099730629293026410
0033,5,A_copy,16,0.55525,0.555,16099730629293026410
0033,5,A_undo,16,0.582625,0.583,16099730629293026410
0033,6,B_undo,16,0.5525,0.552,16099730629293026410
0033,6,A_copy,16,0.567959,0.567,16099730629293026410
0033,6,A_undo,16,0.567083,0.567,16099730629293026410
0033,6,B_copy,16,0.604333,0.604,16099730629293026410
0033,7,A_copy,16,0.5825,0.582,16099730629293026410
0033,7,A_undo,16,0.562458,0.562,16099730629293026410
0033,7,B_copy,16,0.562166,0.562,16099730629293026410
0033,7,B_undo,16,0.593375,0.593,16099730629293026410
0034,0,B_copy,16,0.921791,0.922,8274991930297773379
0034,0,B_undo,16,0.858917,0.858,8274991930297773379
0034,0,A_copy,16,0.901959,0.902,8274991930297773379
0034,0,A_undo,16,0.913166,0.913,8274991930297773379
0034,1,B_undo,16,0.877333,0.877,8274991930297773379
0034,1,A_copy,16,0.882583,0.882,8274991930297773379
0034,1,A_undo,16,0.913417,0.913,8274991930297773379
0034,1,B_copy,16,0.936667,0.937,8274991930297773379
0034,2,A_copy,16,0.945916,0.951,8274991930297773379
0034,2,A_undo,16,0.929834,0.93,8274991930297773379
0034,2,B_copy,16,0.927125,0.927,8274991930297773379
0034,2,B_undo,16,0.9135,0.913,8274991930297773379
0034,3,A_undo,16,0.881541,0.882,8274991930297773379
0034,3,B_copy,16,0.899333,0.9,8274991930297773379
0034,3,B_undo,16,0.882833,0.883,8274991930297773379
0034,3,A_copy,16,0.913542,0.913,8274991930297773379
0034,4,B_copy,16,0.914916,0.915,8274991930297773379
0034,4,B_undo,16,0.925916,0.926,8274991930297773379
0034,4,A_copy,16,0.882917,0.883,8274991930297773379
0034,4,A_undo,16,0.901875,0.902,8274991930297773379
0034,5,B_undo,16,0.880792,0.881,8274991930297773379
0034,5,A_copy,16,0.87575,0.876,8274991930297773379
0034,5,A_undo,16,0.887959,0.888,8274991930297773379
0034,5,B_copy,16,0.90025,0.901,8274991930297773379
0034,6,A_copy,16,0.901,0.901,8274991930297773379
0034,6,A_undo,16,1.057125,1.108,8274991930297773379
0034,6,B_copy,16,0.909708,0.91,8274991930297773379
0034,6,B_undo,16,0.971417,0.975,8274991930297773379
0034,7,A_undo,16,0.912541,0.912,8274991930297773379
0034,7,B_copy,16,0.9265,0.927,8274991930297773379
0034,7,B_undo,16,0.907708,0.908,8274991930297773379
0034,7,A_copy,16,0.89775,0.897,8274991930297773379
0035,0,B_undo,13,0.27425,0.274,1770514995351748443
0035,0,A_copy,13,0.361791,0.362,1770514995351748443
0035,0,A_undo,13,0.357542,0.358,1770514995351748443
0035,0,B_copy,13,0.364458,0.364,1770514995351748443
0035,1,A_copy,13,0.34475,0.344,1770514995351748443
0035,1,A_undo,13,0.305833,0.306,1770514995351748443
0035,1,B_copy,13,0.324583,0.324,1770514995351748443
0035,1,B_undo,13,0.353833,0.354,1770514995351748443
0035,2,A_undo,13,0.305542,0.306,1770514995351748443
0035,2,B_copy,13,0.328042,0.327,1770514995351748443
0035,2,B_undo,13,0.3,0.3,1770514995351748443
0035,2,A_copy,13,0.361583,0.361,1770514995351748443
0035,3,B_copy,13,0.310292,0.31,1770514995351748443
0035,3,B_undo,13,0.297959,0.298,1770514995351748443
0035,3,A_copy,13,0.321,0.321,1770514995351748443
0035,3,A_undo,13,0.368167,0.368,1770514995351748443
0035,4,B_undo,13,0.490333,0.548,1770514995351748443
0035,4,A_copy,13,0.364667,0.364,1770514995351748443
0035,4,A_undo,13,0.378875,0.379,1770514995351748443
0035,4,B_copy,13,0.387583,0.388,1770514995351748443
0035,5,A_copy,13,0.319458,0.319,1770514995351748443
0035,5,A_undo,13,0.33875,0.339,1770514995351748443
0035,5,B_copy,13,0.310167,0.31,1770514995351748443
0035,5,B_undo,13,0.376917,0.377,1770514995351748443
0035,6,A_undo,13,0.317292,0.317,1770514995351748443
0035,6,B_copy,13,0.317958,0.318,1770514995351748443
0035,6,B_undo,13,0.338042,0.338,1770514995351748443
0035,6,A_copy,13,0.360542,0.36,1770514995351748443
0035,7,B_copy,13,0.339834,0.339,1770514995351748443
0035,7,B_undo,13,0.312,0.312,1770514995351748443
0035,7,A_copy,13,0.307,0.306,1770514995351748443
0035,7,A_undo,13,0.354584,0.355,1770514995351748443
0036,0,A_copy,16,0.87,0.87,9836239909601513499
0036,0,A_undo,16,0.859292,0.859,9836239909601513499
0036,0,B_copy,16,0.864417,0.864,9836239909601513499
0036,0,B_undo,16,0.8655,0.865,9836239909601513499
0036,1,A_undo,16,0.849875,0.85,9836239909601513499
0036,1,B_copy,16,0.864542,0.864,9836239909601513499
0036,1,B_undo,16,0.854416,0.854,9836239909601513499
0036,1,A_copy,16,0.8615,0.861,9836239909601513499
0036,2,B_copy,16,0.868792,0.869,9836239909601513499
0036,2,B_undo,16,0.857542,0.857,9836239909601513499
0036,2,A_copy,16,0.8805,0.88,9836239909601513499
0036,2,A_undo,16,0.896292,0.896,9836239909601513499
0036,3,B_undo,16,0.881792,0.882,9836239909601513499
0036,3,A_copy,16,0.8525,0.852,9836239909601513499
0036,3,A_undo,16,0.86475,0.864,9836239909601513499
0036,3,B_copy,16,0.8675,0.868,9836239909601513499
0036,4,A_copy,16,0.849959,0.85,9836239909601513499
0036,4,A_undo,16,0.853292,0.853,9836239909601513499
0036,4,B_copy,16,0.861166,0.861,9836239909601513499
0036,4,B_undo,16,0.890792,0.891,9836239909601513499
0036,5,A_undo,16,0.882,0.882,9836239909601513499
0036,5,B_copy,16,0.889292,0.889,9836239909601513499
0036,5,B_undo,16,0.870541,0.871,9836239909601513499
0036,5,A_copy,16,0.8675,0.868,9836239909601513499
0036,6,B_copy,16,0.894958,0.895,9836239909601513499
0036,6,B_undo,16,0.865666,0.866,9836239909601513499
0036,6,A_copy,16,0.857334,0.857,9836239909601513499
0036,6,A_undo,16,0.856875,0.857,9836239909601513499
0036,7,B_undo,16,1.003584,1.075,9836239909601513499
0036,7,A_copy,16,0.877375,0.877,9836239909601513499
0036,7,A_undo,16,0.873375,0.873,9836239909601513499
0036,7,B_copy,16,0.912625,0.912,9836239909601513499
0037,0,A_undo,16,1.024542,1.024,15783835920224570820
0037,0,B_copy,16,1.035208,1.036,15783835920224570820
0037,0,B_undo,16,1.022125,1.022,15783835920224570820
0037,0,A_copy,16,1.035375,1.036,15783835920224570820
0037,1,B_copy,16,1.029417,1.03,15783835920224570820
0037,1,B_undo,16,1.031,1.03,15783835920224570820
0037,1,A_copy,16,1.027875,1.028,15783835920224570820
0037,1,A_undo,16,1.042917,1.043,15783835920224570820
0037,2,B_undo,16,1.126791,1.141,15783835920224570820
0037,2,A_copy,16,1.078709,1.079,15783835920224570820
0037,2,A_undo,16,1.2455,1.311,15783835920224570820
0037,2,B_copy,16,1.050417,1.05,15783835920224570820
0037,3,A_copy,16,1.036792,1.036,15783835920224570820
0037,3,A_undo,16,1.032916,1.033,15783835920224570820
0037,3,B_copy,16,1.04025,1.04,15783835920224570820
0037,3,B_undo,16,1.0505,1.051,15783835920224570820
0037,4,A_undo,16,1.034709,1.034,15783835920224570820
0037,4,B_copy,16,1.034875,1.035,15783835920224570820
0037,4,B_undo,16,1.031958,1.031,15783835920224570820
0037,4,A_copy,16,1.031042,1.031,15783835920224570820
0037,5,B_copy,16,1.042458,1.042,15783835920224570820
0037,5,B_undo,16,1.030542,1.031,15783835920224570820
0037,5,A_copy,16,1.026458,1.027,15783835920224570820
0037,5,A_undo,16,1.0515,1.051,15783835920224570820
0037,6,B_undo,16,1.065666,1.065,15783835920224570820
0037,6,A_copy,16,1.074708,1.075,15783835920224570820
0037,6,A_undo,16,1.03725,1.037,15783835920224570820
0037,6,B_copy,16,1.060125,1.06,15783835920224570820
0037,7,A_copy,16,1.021125,1.021,15783835920224570820
0037,7,A_undo,16,1.030583,1.03,15783835920224570820
0037,7,B_copy,16,1.028166,1.028,15783835920224570820
0037,7,B_undo,16,1.049292,1.049,15783835920224570820
0038,0,B_copy,16,0.544583,0.544,6803868185374458135
0038,0,B_undo,16,0.545125,0.545,6803868185374458135
0038,0,A_copy,16,0.613708,0.614,6803868185374458135
0038,0,A_undo,16,0.615791,0.616,6803868185374458135
0038,1,B_undo,16,0.5725,0.572,6803868185374458135
0038,1,A_copy,16,0.584417,0.584,6803868185374458135
0038,1,A_undo,16,0.58975,0.59,6803868185374458135
0038,1,B_copy,16,0.614625,0.615,6803868185374458135
0038,2,A_copy,16,0.581084,0.581,6803868185374458135
0038,2,A_undo,16,0.598,0.598,6803868185374458135
0038,2,B_copy,16,0.590917,0.591,6803868185374458135
0038,2,B_undo,16,0.605417,0.605,6803868185374458135
0038,3,A_undo,16,0.582625,0.582,6803868185374458135
0038,3,B_copy,16,0.592208,0.592,6803868185374458135
0038,3,B_undo,16,0.579208,0.579,6803868185374458135
0038,3,A_copy,16,0.600125,0.6,6803868185374458135
0038,4,B_copy,16,0.589375,0.589,6803868185374458135
0038,4,B_undo,16,0.578916,0.579,6803868185374458135
0038,4,A_copy,16,0.601292,0.601,6803868185374458135
0038,4,A_undo,16,0.8,0.851,6803868185374458135
0038,5,B_undo,16,0.616709,0.616,6803868185374458135
0038,5,A_copy,16,0.617708,0.618,6803868185374458135
0038,5,A_undo,16,0.614083,0.614,6803868185374458135
0038,5,B_copy,16,0.61575,0.615,6803868185374458135
0038,6,A_copy,16,0.617334,0.617,6803868185374458135
0038,6,A_undo,16,0.708292,0.781,6803868185374458135
0038,6,B_copy,16,0.637584,0.638,6803868185374458135
0038,6,B_undo,16,0.631875,0.632,6803868185374458135
0038,7,A_undo,16,0.593125,0.593,6803868185374458135
0038,7,B_copy,16,0.594458,0.594,6803868185374458135
0038,7,B_undo,16,0.591667,0.591,6803868185374458135
0038,7,A_copy,16,0.612458,0.613,6803868185374458135
0039,0,B_undo,16,0.865083,0.864,3818115848297182303
0039,0,A_copy,16,1.02475,1.025,3818115848297182303
0039,0,A_undo,16,1.021083,1.02,3818115848297182303
0039,0,B_copy,16,1.018959,1.019,3818115848297182303
0039,1,A_copy,16,1.00325,1.003,3818115848297182303
0039,1,A_undo,16,1.020875,1.021,3818115848297182303
0039,1,B_copy,16,1.092875,1.116,3818115848297182303
0039,1,B_undo,16,1.050167,1.05,3818115848297182303
0039,2,A_undo,16,1.051792,1.052,3818115848297182303
0039,2,B_copy,16,1.02675,1.026,3818115848297182303
0039,2,B_undo,16,1.004875,1.005,3818115848297182303
0039,2,A_copy,16,1.053375,1.054,3818115848297182303
0039,3,B_copy,16,1.047125,1.047,3818115848297182303
0039,3,B_undo,16,1.01525,1.015,3818115848297182303
0039,3,A_copy,16,1.004375,1.004,3818115848297182303
0039,3,A_undo,16,1.019167,1.019,3818115848297182303
0039,4,B_undo,16,1.003541,1.003,3818115848297182303
0039,4,A_copy,16,1.028416,1.029,3818115848297182303
0039,4,A_undo,16,1.035375,1.036,3818115848297182303
0039,4,B_copy,16,1.093458,1.095,3818115848297182303
0039,5,A_copy,16,1.100125,1.122,3818115848297182303
0039,5,A_undo,16,1.064542,1.097,3818115848297182303
0039,5,B_copy,16,1.069208,1.069,3818115848297182303
0039,5,B_undo,16,1.06075,1.061,3818115848297182303
0039,6,A_undo,16,1.043417,1.043,3818115848297182303
0039,6,B_copy,16,1.042542,1.042,3818115848297182303
0039,6,B_undo,16,1.036875,1.037,3818115848297182303
0039,6,A_copy,16,1.035458,1.077,3818115848297182303
0039,7,B_copy,16,1.043042,1.043,3818115848297182303
0039,7,B_undo,16,1.059833,1.06,3818115848297182303
0039,7,A_copy,16,1.049917,1.05,3818115848297182303
0039,7,A_undo,16,1.0405,1.04,3818115848297182303
0040,0,A_copy,16,0.8815,0.881,16415277301898157982
0040,0,A_undo,16,0.880333,0.88,16415277301898157982
0040,0,B_copy,16,0.882833,0.883,16415277301898157982
0040,0,B_undo,16,0.877583,0.877,16415277301898157982
0040,1,A_undo,16,0.874791,0.875,16415277301898157982
0040,1,B_copy,16,0.86925,0.869,16415277301898157982
0040,1,B_undo,16,0.863584,0.864,16415277301898157982
0040,1,A_copy,16,0.887458,0.887,16415277301898157982
0040,2,B_copy,16,0.932875,0.938,16415277301898157982
0040,2,B_undo,16,0.900375,0.901,16415277301898157982
0040,2,A_copy,16,0.887,0.886,16415277301898157982
0040,2,A_undo,16,0.893625,0.894,16415277301898157982
0040,3,B_undo,16,0.874625,0.874,16415277301898157982
0040,3,A_copy,16,0.868834,0.869,16415277301898157982
0040,3,A_undo,16,0.87925,0.887,16415277301898157982
0040,3,B_copy,16,0.893083,0.893,16415277301898157982
0040,4,A_copy,16,0.866167,0.866,16415277301898157982
0040,4,A_undo,16,0.887791,0.888,16415277301898157982
0040,4,B_copy,16,0.863333,0.863,16415277301898157982
0040,4,B_undo,16,0.871375,0.871,16415277301898157982
0040,5,A_undo,16,0.854334,0.854,16415277301898157982
0040,5,B_copy,16,0.862,0.862,16415277301898157982
0040,5,B_undo,16,0.866209,0.866,16415277301898157982
0040,5,A_copy,16,1.079666,1.176,16415277301898157982
0040,6,B_copy,16,0.87775,0.878,16415277301898157982
0040,6,B_undo,16,0.904417,0.933,16415277301898157982
0040,6,A_copy,16,0.897041,0.897,16415277301898157982
0040,6,A_undo,16,0.878917,0.879,16415277301898157982
0040,7,B_undo,16,0.863708,0.864,16415277301898157982
0040,7,A_copy,16,0.839667,0.839,16415277301898157982
0040,7,A_undo,16,0.8905,0.89,16415277301898157982
0040,7,B_copy,16,0.9155,0.916,16415277301898157982
0041,0,A_undo,16,0.670167,0.679,14729775147012126953
0041,0,B_copy,16,0.695791,0.712,14729775147012126953
0041,0,B_undo,16,0.65125,0.651,14729775147012126953
0041,0,A_copy,16,0.655042,0.655,14729775147012126953
0041,1,B_copy,16,0.645583,0.645,14729775147012126953
0041,1,B_undo,16,0.627875,0.628,14729775147012126953
0041,1,A_copy,16,0.611042,0.611,14729775147012126953
0041,1,A_undo,16,0.644375,0.644,14729775147012126953
0041,2,B_undo,16,0.613416,0.613,14729775147012126953
0041,2,A_copy,16,0.62175,0.622,14729775147012126953
0041,2,A_undo,16,0.694458,0.697,14729775147012126953
0041,2,B_copy,16,0.652875,0.653,14729775147012126953
0041,3,A_copy,16,0.656,0.656,14729775147012126953
0041,3,A_undo,16,0.636708,0.637,14729775147012126953
0041,3,B_copy,16,0.63175,0.632,14729775147012126953
0041,3,B_undo,16,0.649209,0.649,14729775147012126953
0041,4,A_undo,16,0.611625,0.611,14729775147012126953
0041,4,B_copy,16,0.610083,0.61,14729775147012126953
0041,4,B_undo,16,0.615167,0.615,14729775147012126953
0041,4,A_copy,16,0.635,0.635,14729775147012126953
0041,5,B_copy,16,0.617208,0.617,14729775147012126953
0041,5,B_undo,16,0.648167,0.648,14729775147012126953
0041,5,A_copy,16,0.623,0.623,14729775147012126953
0041,5,A_undo,16,0.654916,0.654,14729775147012126953
0041,6,B_undo,16,0.649959,0.668,14729775147012126953
0041,6,A_copy,16,0.631958,0.632,14729775147012126953
0041,6,A_undo,16,0.619791,0.62,14729775147012126953
0041,6,B_copy,16,0.656375,0.656,14729775147012126953
0041,7,A_copy,16,0.610708,0.61,14729775147012126953
0041,7,A_undo,16,0.616917,0.617,14729775147012126953
0041,7,B_copy,16,0.637625,0.637,14729775147012126953
0041,7,B_undo,16,0.644792,0.645,14729775147012126953
0042,0,B_copy,16,1.32625,1.326,6871461385638354038
0042,0,B_undo,16,1.392542,1.406,6871461385638354038
0042,0,A_copy,16,1.314916,1.315,6871461385638354038
0042,0,A_undo,16,1.308125,1.308,6871461385638354038
0042,1,B_undo,16,1.30775,1.308,6871461385638354038
0042,1,A_copy,16,1.298125,1.298,6871461385638354038
0042,1,A_undo,16,1.347375,1.348,6871461385638354038
0042,1,B_copy,16,1.36175,1.366,6871461385638354038
0042,2,A_copy,16,1.388792,1.392,6871461385638354038
0042,2,A_undo,16,1.340916,1.34,6871461385638354038
0042,2,B_copy,16,1.338167,1.338,6871461385638354038
0042,2,B_undo,16,1.457208,1.768,6871461385638354038
0042,3,A_undo,16,1.384875,1.39,6871461385638354038
0042,3,B_copy,16,1.318708,1.32,6871461385638354038
0042,3,B_undo,16,1.380208,1.38,6871461385638354038
0042,3,A_copy,16,1.326333,1.326,6871461385638354038
0042,4,B_copy,16,1.31975,1.32,6871461385638354038
0042,4,B_undo,16,1.320625,1.32,6871461385638354038
0042,4,A_copy,16,1.341792,1.342,6871461385638354038
0042,4,A_undo,16,1.342,1.341,6871461385638354038
0042,5,B_undo,16,1.382042,1.405,6871461385638354038
0042,5,A_copy,16,1.346167,1.346,6871461385638354038
0042,5,A_undo,16,1.311291,1.311,6871461385638354038
0042,5,B_copy,16,1.336709,1.337,6871461385638354038
0042,6,A_copy,16,1.360833,1.382,6871461385638354038
0042,6,A_undo,16,1.400666,1.419,6871461385638354038
0042,6,B_copy,16,1.328166,1.328,6871461385638354038
0042,6,B_undo,16,1.31375,1.314,6871461385638354038
0042,7,A_undo,16,1.309416,1.309,6871461385638354038
0042,7,B_copy,16,1.308625,1.308,6871461385638354038
0042,7,B_undo,16,1.331083,1.331,6871461385638354038
0042,7,A_copy,16,1.343416,1.343,6871461385638354038
0043,0,B_undo,16,0.575042,0.575,1617691404135392538
0043,0,A_copy,16,0.700709,0.7,1617691404135392538
0043,0,A_undo,16,0.740625,0.741,1617691404135392538
0043,0,B_copy,16,0.731041,0.731,1617691404135392538
0043,1,A_copy,16,0.698292,0.698,1617691404135392538
0043,1,A_undo,16,0.736291,0.74,1617691404135392538
0043,1,B_copy,16,0.700333,0.7,1617691404135392538
0043,1,B_undo,16,0.724125,0.724,1617691404135392538
0043,2,A_undo,16,0.703167,0.703,1617691404135392538
0043,2,B_copy,16,0.689417,0.689,1617691404135392538
0043,2,B_undo,16,0.70375,0.703,1617691404135392538
0043,2,A_copy,16,0.721084,0.721,1617691404135392538
0043,3,B_copy,16,0.707416,0.707,1617691404135392538
0043,3,B_undo,16,0.728875,0.729,1617691404135392538
0043,3,A_copy,16,0.73375,0.735,1617691404135392538
0043,3,A_undo,16,0.777292,0.799,1617691404135392538
0043,4,B_undo,16,0.637666,0.638,1617691404135392538
0043,4,A_copy,16,0.69,0.69,1617691404135392538
0043,4,A_undo,16,0.713458,0.713,1617691404135392538
0043,4,B_copy,16,0.722209,0.722,1617691404135392538
0043,5,A_copy,16,0.680458,0.68,1617691404135392538
0043,5,A_undo,16,0.684375,0.684,1617691404135392538
0043,5,B_copy,16,0.702458,0.703,1617691404135392538
0043,5,B_undo,16,0.70575,0.706,1617691404135392538
0043,6,A_undo,16,0.690584,0.69,1617691404135392538
0043,6,B_copy,16,0.717292,0.717,1617691404135392538
0043,6,B_undo,16,0.711833,0.712,1617691404135392538
0043,6,A_copy,16,0.723208,0.723,1617691404135392538
0043,7,B_copy,16,0.76675,0.773,1617691404135392538
0043,7,B_undo,16,0.748459,0.761,1617691404135392538
0043,7,A_copy,16,0.681875,0.682,1617691404135392538
0043,7,A_undo,16,0.722833,0.723,1617691404135392538
0044,0,A_copy,16,1.049167,1.061,13924115333625223292
0044,0,A_undo,16,1.102625,1.115,13924115333625223292
0044,0,B_copy,16,1.059375,1.059,13924115333625223292
0044,0,B_undo,16,1.044917,1.045,13924115333625223292
0044,1,A_undo,16,1.02,1.019,13924115333625223292
0044,1,B_copy,16,1.120542,1.141,13924115333625223292
0044,1,B_undo,16,1.076166,1.078,13924115333625223292
0044,1,A_copy,16,1.084167,1.099,13924115333625223292
0044,2,B_copy,16,1.011458,1.011,13924115333625223292
0044,2,B_undo,16,1.049375,1.062,13924115333625223292
0044,2,A_copy,16,1.014917,1.015,13924115333625223292
0044,2,A_undo,16,1.050375,1.05,13924115333625223292
0044,3,B_undo,16,1.026542,1.026,13924115333625223292
0044,3,A_copy,16,1.013791,1.014,13924115333625223292
0044,3,A_undo,16,1.121417,1.16,13924115333625223292
0044,3,B_copy,16,1.035167,1.035,13924115333625223292
0044,4,A_copy,16,1.035125,1.035,13924115333625223292
0044,4,A_undo,16,1.029459,1.029,13924115333625223292
0044,4,B_copy,16,1.022583,1.023,13924115333625223292
0044,4,B_undo,16,1.022541,1.023,13924115333625223292
0044,5,A_undo,16,1.024625,1.024,13924115333625223292
0044,5,B_copy,16,1.041375,1.041,13924115333625223292
0044,5,B_undo,16,1.035209,1.035,13924115333625223292
0044,5,A_copy,16,1.092791,1.112,13924115333625223292
0044,6,B_copy,16,1.042625,1.043,13924115333625223292
0044,6,B_undo,16,1.038334,1.038,13924115333625223292
0044,6,A_copy,16,1.023583,1.025,13924115333625223292
0044,6,A_undo,16,0.973291,0.973,13924115333625223292
0044,7,B_undo,16,1.047666,1.048,13924115333625223292
0044,7,A_copy,16,1.053916,1.065,13924115333625223292
0044,7,A_undo,16,1.034083,1.04,13924115333625223292
0044,7,B_copy,16,1.044084,1.044,13924115333625223292
0045,0,A_undo,16,0.720917,0.746,18229280041465394045
0045,0,B_copy,16,0.706083,0.706,18229280041465394045
0045,0,B_undo,16,0.7105,0.715,18229280041465394045
0045,0,A_copy,16,0.783833,0.807,18229280041465394045
0045,1,B_copy,16,0.7065,0.706,18229280041465394045
0045,1,B_undo,16,0.70775,0.707,18229280041465394045
0045,1,A_copy,16,0.7055,0.706,18229280041465394045
0045,1,A_undo,16,0.727209,0.728,18229280041465394045
0045,2,B_undo,16,0.709041,0.709,18229280041465394045
0045,2,A_copy,16,0.693542,0.694,18229280041465394045
0045,2,A_undo,16,0.683167,0.683,18229280041465394045
0045,2,B_copy,16,0.713125,0.713,18229280041465394045
0045,3,A_copy,16,0.706541,0.724,18229280041465394045
0045,3,A_undo,16,0.705458,0.706,18229280041465394045
0045,3,B_copy,16,0.712,0.711,18229280041465394045
0045,3,B_undo,16,0.714041,0.714,18229280041465394045
0045,4,A_undo,16,0.693875,0.694,18229280041465394045
0045,4,B_copy,16,0.706791,0.706,18229280041465394045
0045,4,B_undo,16,0.701625,0.701,18229280041465394045
0045,4,A_copy,16,0.709125,0.709,18229280041465394045
0045,5,B_copy,16,0.700708,0.701,18229280041465394045
0045,5,B_undo,16,0.699667,0.7,18229280041465394045
0045,5,A_copy,16,0.706333,0.706,18229280041465394045
0045,5,A_undo,16,0.701625,0.701,18229280041465394045
0045,6,B_undo,16,0.679083,0.679,18229280041465394045
0045,6,A_copy,16,0.681791,0.681,18229280041465394045
0045,6,A_undo,16,0.685417,0.685,18229280041465394045
0045,6,B_copy,16,0.695792,0.696,18229280041465394045
0045,7,A_copy,16,0.676083,0.676,18229280041465394045
0045,7,A_undo,16,0.676292,0.677,18229280041465394045
0045,7,B_copy,16,0.686167,0.686,18229280041465394045
0045,7,B_undo,16,0.7235,0.723,18229280041465394045
0046,0,B_copy,16,0.577,0.577,16121830191872033917
0046,0,B_undo,16,0.532125,0.532,16121830191872033917
0046,0,A_copy,16,0.543916,0.544,16121830191872033917
0046,0,A_undo,16,0.547125,0.547,16121830191872033917
0046,1,B_undo,16,0.515334,0.515,16121830191872033917
0046,1,A_copy,16,0.513708,0.514,16121830191872033917
0046,1,A_undo,16,0.507792,0.507,16121830191872033917
0046,1,B_copy,16,0.530542,0.531,16121830191872033917
0046,2,A_copy,16,0.503333,0.503,16121830191872033917
0046,2,A_undo,16,0.513875,0.514,16121830191872033917
0046,2,B_copy,16,0.513708,0.513,16121830191872033917
0046,2,B_undo,16,0.560959,0.561,16121830191872033917
0046,3,A_undo,16,0.521708,0.521,16121830191872033917
0046,3,B_copy,16,0.517917,0.518,16121830191872033917
0046,3,B_undo,16,0.521583,0.522,16121830191872033917
0046,3,A_copy,16,0.603292,0.622,16121830191872033917
0046,4,B_copy,16,0.559541,0.559,16121830191872033917
0046,4,B_undo,16,0.564042,0.564,16121830191872033917
0046,4,A_copy,16,0.533917,0.534,16121830191872033917
0046,4,A_undo,16,0.546083,0.546,16121830191872033917
0046,5,B_undo,16,0.530167,0.53,16121830191872033917
0046,5,A_copy,16,0.513,0.513,16121830191872033917
0046,5,A_undo,16,0.513459,0.513,16121830191872033917
0046,5,B_copy,16,0.556917,0.556,16121830191872033917
0046,6,A_copy,16,0.508666,0.509,16121830191872033917
0046,6,A_undo,16,0.516333,0.516,16121830191872033917
0046,6,B_copy,16,0.52675,0.526,16121830191872033917
0046,6,B_undo,16,0.5405,0.54,16121830191872033917
0046,7,A_undo,16,0.529,0.529,16121830191872033917
0046,7,B_copy,16,0.533833,0.534,16121830191872033917
0046,7,B_undo,16,0.539042,0.539,16121830191872033917
0046,7,A_copy,16,0.539541,0.54,16121830191872033917
0047,0,B_undo,16,0.846375,0.846,9043261203948114999
0047,0,A_copy,16,0.990958,0.991,9043261203948114999
0047,0,A_undo,16,0.985041,0.984,9043261203948114999
0047,0,B_copy,16,0.9915,0.992,9043261203948114999
0047,1,A_copy,16,0.992708,0.992,9043261203948114999
0047,1,A_undo,16,1.033792,1.034,9043261203948114999
0047,1,B_copy,16,0.998583,0.999,9043261203948114999
0047,1,B_undo,16,0.976875,0.977,9043261203948114999
0047,2,A_undo,16,0.966958,0.967,9043261203948114999
0047,2,B_copy,16,0.974292,0.974,9043261203948114999
0047,2,B_undo,16,0.977584,0.977,9043261203948114999
0047,2,A_copy,16,0.998125,0.998,9043261203948114999
0047,3,B_copy,16,0.977458,0.977,9043261203948114999
0047,3,B_undo,16,0.971125,0.971,9043261203948114999
0047,3,A_copy,16,1.010583,1.011,9043261203948114999
0047,3,A_undo,16,1.036958,1.048,9043261203948114999
0047,4,B_undo,16,0.982916,0.983,9043261203948114999
0047,4,A_copy,16,0.985125,0.985,9043261203948114999
0047,4,A_undo,16,0.989541,0.989,9043261203948114999
0047,4,B_copy,16,0.996333,0.996,9043261203948114999
0047,5,A_copy,16,1.000875,1.001,9043261203948114999
0047,5,A_undo,16,1.065,1.068,9043261203948114999
0047,5,B_copy,16,1.02375,1.024,9043261203948114999
0047,5,B_undo,16,0.983375,0.983,9043261203948114999
0047,6,A_undo,16,0.970667,0.971,9043261203948114999
0047,6,B_copy,16,0.989041,0.988,9043261203948114999
0047,6,B_undo,16,0.978333,0.979,9043261203948114999
0047,6,A_copy,16,0.9855,0.986,9043261203948114999
0047,7,B_copy,16,0.9765,0.976,9043261203948114999
0047,7,B_undo,16,0.971042,0.971,9043261203948114999
0047,7,A_copy,16,0.968375,0.969,9043261203948114999
0047,7,A_undo,16,0.992875,0.993,9043261203948114999
0048,0,A_copy,16,0.817833,0.825,18187574727927556443
0048,0,A_undo,16,0.789333,0.789,18187574727927556443
0048,0,B_copy,16,0.802042,0.802,18187574727927556443
0048,0,B_undo,16,0.775625,0.776,18187574727927556443
0048,1,A_undo,16,0.763958,0.764,18187574727927556443
0048,1,B_copy,16,0.780166,0.78,18187574727927556443
0048,1,B_undo,16,0.768125,0.768,18187574727927556443
0048,1,A_copy,16,0.781042,0.781,18187574727927556443
0048,2,B_copy,16,0.778167,0.778,18187574727927556443
0048,2,B_undo,16,0.768917,0.768,18187574727927556443
0048,2,A_copy,16,0.774291,0.774,18187574727927556443
0048,2,A_undo,16,0.797958,0.798,18187574727927556443
0048,3,B_undo,16,0.870167,0.929,18187574727927556443
0048,3,A_copy,16,0.851708,0.864,18187574727927556443
0048,3,A_undo,16,0.807209,0.807,18187574727927556443
0048,3,B_copy,16,0.80925,0.809,18187574727927556443
0048,4,A_copy,16,0.774375,0.774,18187574727927556443
0048,4,A_undo,16,0.77775,0.777,18187574727927556443
0048,4,B_copy,16,0.786833,0.787,18187574727927556443
0048,4,B_undo,16,0.804417,0.806,18187574727927556443
0048,5,A_undo,16,0.770875,0.771,18187574727927556443
0048,5,B_copy,16,0.838583,0.838,18187574727927556443
0048,5,B_undo,16,0.776333,0.776,18187574727927556443
0048,5,A_copy,16,0.786542,0.786,18187574727927556443
0048,6,B_copy,16,0.786125,0.786,18187574727927556443
0048,6,B_undo,16,0.787375,0.787,18187574727927556443
0048,6,A_copy,16,0.773291,0.773,18187574727927556443
0048,6,A_undo,16,0.784458,0.785,18187574727927556443
0048,7,B_undo,16,0.76425,0.764,18187574727927556443
0048,7,A_copy,16,0.772792,0.773,18187574727927556443
0048,7,A_undo,16,0.77475,0.774,18187574727927556443
0048,7,B_copy,16,0.792208,0.792,18187574727927556443
0049,0,A_undo,16,0.83475,0.834,15640665152178762941
0049,0,B_copy,16,0.817916,0.817,15640665152178762941
0049,0,B_undo,16,0.811167,0.811,15640665152178762941
0049,0,A_copy,16,0.852292,0.852,15640665152178762941
0049,1,B_copy,16,0.839125,0.839,15640665152178762941
0049,1,B_undo,16,0.821917,0.822,15640665152178762941
0049,1,A_copy,16,0.820333,0.819,15640665152178762941
0049,1,A_undo,16,0.829333,0.829,15640665152178762941
0049,2,B_undo,16,0.816958,0.817,15640665152178762941
0049,2,A_copy,16,0.807875,0.808,15640665152178762941
0049,2,A_undo,16,0.812,0.812,15640665152178762941
0049,2,B_copy,16,0.832291,0.832,15640665152178762941
0049,3,A_copy,16,0.816792,0.817,15640665152178762941
0049,3,A_undo,16,0.812375,0.813,15640665152178762941
0049,3,B_copy,16,0.819917,0.819,15640665152178762941
0049,3,B_undo,16,0.825584,0.826,15640665152178762941
0049,4,A_undo,16,0.798292,0.801,15640665152178762941
0049,4,B_copy,16,0.847458,0.848,15640665152178762941
0049,4,B_undo,16,0.837875,0.838,15640665152178762941
0049,4,A_copy,16,0.833208,0.833,15640665152178762941
0049,5,B_copy,16,0.835542,0.836,15640665152178762941
0049,5,B_undo,16,0.81125,0.811,15640665152178762941
0049,5,A_copy,16,0.814,0.813,15640665152178762941
0049,5,A_undo,16,0.864667,0.867,15640665152178762941
0049,6,B_undo,16,0.858333,0.859,15640665152178762941
0049,6,A_copy,16,0.85225,0.852,15640665152178762941
0049,6,A_undo,16,0.824042,0.824,15640665152178762941
0049,6,B_copy,16,0.8385,0.839,15640665152178762941
0049,7,A_copy,16,0.813667,0.814,15640665152178762941
0049,7,A_undo,16,0.812083,0.812,15640665152178762941
0049,7,B_copy,16,0.81475,0.814,15640665152178762941
0049,7,B_undo,16,0.816333,0.816,15640665152178762941
0050,0,B_copy,16,0.492083,0.492,8002376573330921755
0050,0,B_undo,16,0.462125,0.462,8002376573330921755
0050,0,A_copy,16,0.540041,0.54,8002376573330921755
0050,0,A_undo,16,0.525,0.524,8002376573330921755
0050,1,B_undo,16,0.479167,0.479,8002376573330921755
0050,1,A_copy,16,0.497125,0.497,8002376573330921755
0050,1,A_undo,16,0.50425,0.504,8002376573330921755
0050,1,B_copy,16,0.522584,0.523,8002376573330921755
0050,2,A_copy,16,0.484458,0.485,8002376573330921755
0050,2,A_undo,16,0.493958,0.494,8002376573330921755
0050,2,B_copy,16,0.505625,0.506,8002376573330921755
0050,2,B_undo,16,0.506125,0.506,8002376573330921755
0050,3,A_undo,16,0.495167,0.495,8002376573330921755
0050,3,B_copy,16,0.521,0.521,8002376573330921755
0050,3,B_undo,16,0.498292,0.498,8002376573330921755
0050,3,A_copy,16,0.525625,0.526,8002376573330921755
0050,4,B_copy,16,0.503875,0.504,8002376573330921755
0050,4,B_undo,16,0.544541,0.55,8002376573330921755
0050,4,A_copy,16,0.547875,0.569,8002376573330921755
0050,4,A_undo,16,0.538167,0.538,8002376573330921755
0050,5,B_undo,16,0.529667,0.529,8002376573330921755
0050,5,A_copy,16,0.49425,0.494,8002376573330921755
0050,5,A_undo,16,0.537125,0.537,8002376573330921755
0050,5,B_copy,16,0.544875,0.544,8002376573330921755
0050,6,A_copy,16,0.486834,0.487,8002376573330921755
0050,6,A_undo,16,0.488667,0.488,8002376573330921755
0050,6,B_copy,16,0.500292,0.5,8002376573330921755
0050,6,B_undo,16,0.54025,0.54,8002376573330921755
0050,7,A_undo,16,0.541166,0.541,8002376573330921755
0050,7,B_copy,16,0.531875,0.532,8002376573330921755
0050,7,B_undo,16,0.6185,0.65,8002376573330921755
0050,7,A_copy,16,0.815958,1.11,8002376573330921755
0051,0,B_undo,16,0.804958,0.94,6901758766616860699
0051,0,A_copy,16,0.787959,0.8,6901758766616860699
0051,0,A_undo,16,0.789,0.789,6901758766616860699
0051,0,B_copy,16,0.815125,0.815,6901758766616860699
0051,1,A_copy,16,0.741917,0.742,6901758766616860699
0051,1,A_undo,16,0.748959,0.749,6901758766616860699
0051,1,B_copy,16,0.738459,0.738,6901758766616860699
0051,1,B_undo,16,0.754583,0.754,6901758766616860699
0051,2,A_undo,16,0.744208,0.744,6901758766616860699
0051,2,B_copy,16,0.741959,0.742,6901758766616860699
0051,2,B_undo,16,0.753292,0.754,6901758766616860699
0051,2,A_copy,16,0.773375,0.774,6901758766616860699
0051,3,B_copy,16,0.754042,0.754,6901758766616860699
0051,3,B_undo,16,0.754,0.754,6901758766616860699
0051,3,A_copy,16,0.768959,0.768,6901758766616860699
0051,3,A_undo,16,0.791,0.791,6901758766616860699
0051,4,B_undo,16,0.7695,0.769,6901758766616860699
0051,4,A_copy,16,0.804875,0.807,6901758766616860699
0051,4,A_undo,16,0.792708,0.793,6901758766616860699
0051,4,B_copy,16,0.761459,0.762,6901758766616860699
0051,5,A_copy,16,0.748833,0.749,6901758766616860699
0051,5,A_undo,16,0.767917,0.768,6901758766616860699
0051,5,B_copy,16,0.822916,0.823,6901758766616860699
0051,5,B_undo,16,0.709541,0.712,6901758766616860699
0051,6,A_undo,16,0.798375,0.834,6901758766616860699
0051,6,B_copy,16,0.70025,0.7,6901758766616860699
0051,6,B_undo,16,0.765542,0.765,6901758766616860699
0051,6,A_copy,16,0.754667,0.755,6901758766616860699
0051,7,B_copy,16,0.758583,0.758,6901758766616860699
0051,7,B_undo,16,0.786541,0.786,6901758766616860699
0051,7,A_copy,16,0.743209,0.743,6901758766616860699
0051,7,A_undo,16,0.787,0.787,6901758766616860699
0052,0,A_copy,16,0.910083,0.91,3421178231424776345
0052,0,A_undo,16,0.907875,0.908,3421178231424776345
0052,0,B_copy,16,0.910042,0.91,3421178231424776345
0052,0,B_undo,16,0.91875,0.918,3421178231424776345
0052,1,A_undo,16,0.898125,0.898,3421178231424776345
0052,1,B_copy,16,0.90075,0.9,3421178231424776345
0052,1,B_undo,16,0.904833,0.905,3421178231424776345
0052,1,A_copy,16,1.131,1.239,3421178231424776345
0052,2,B_copy,16,0.916417,0.917,3421178231424776345
0052,2,B_undo,16,0.903667,0.903,3421178231424776345
0052,2,A_copy,16,0.8815,0.881,3421178231424776345
0052,2,A_undo,16,0.930167,0.93,3421178231424776345
0052,3,B_undo,16,0.894875,0.895,3421178231424776345
0052,3,A_copy,16,0.898375,0.898,3421178231424776345
0052,3,A_undo,16,0.901166,0.901,3421178231424776345
0052,3,B_copy,16,0.94975,0.962,3421178231424776345
0052,4,A_copy,16,0.905708,0.905,3421178231424776345
0052,4,A_undo,16,0.884417,0.884,3421178231424776345
0052,4,B_copy,16,0.904166,0.904,3421178231424776345
0052,4,B_undo,16,0.914791,0.915,3421178231424776345
0052,5,A_undo,16,0.902333,0.903,3421178231424776345
0052,5,B_copy,16,0.900417,0.901,3421178231424776345
0052,5,B_undo,16,0.90625,0.906,3421178231424776345
0052,5,A_copy,16,0.912833,0.913,3421178231424776345
0052,6,B_copy,16,0.939458,0.939,3421178231424776345
0052,6,B_undo,16,0.87775,0.878,3421178231424776345
0052,6,A_copy,16,0.886125,0.886,3421178231424776345
0052,6,A_undo,16,0.890042,0.89,3421178231424776345
0052,7,B_undo,16,0.881625,0.882,3421178231424776345
0052,7,A_copy,16,0.871792,0.871,3421178231424776345
0052,7,A_undo,16,0.892542,0.892,3421178231424776345
0052,7,B_copy,16,0.929458,0.93,3421178231424776345
0053,0,A_undo,16,0.741959,0.742,5806490191528918169
0053,0,B_copy,16,0.749334,0.749,5806490191528918169
0053,0,B_undo,16,0.740083,0.74,5806490191528918169
0053,0,A_copy,16,0.761667,0.762,5806490191528918169
0053,1,B_copy,16,0.734459,0.734,5806490191528918169
0053,1,B_undo,16,0.729209,0.729,5806490191528918169
0053,1,A_copy,16,0.739916,0.739,5806490191528918169
0053,1,A_undo,16,0.749833,0.75,5806490191528918169
0053,2,B_undo,16,0.735917,0.735,5806490191528918169
0053,2,A_copy,16,0.801541,0.814,5806490191528918169
0053,2,A_undo,16,0.7775,0.777,5806490191528918169
0053,2,B_copy,16,0.77825,0.778,5806490191528918169
0053,3,A_copy,16,0.761,0.761,5806490191528918169
0053,3,A_undo,16,0.746916,0.746,5806490191528918169
0053,3,B_copy,16,0.747041,0.747,5806490191528918169
0053,3,B_undo,16,0.806375,0.809,5806490191528918169
0053,4,A_undo,16,0.765084,0.764,5806490191528918169
0053,4,B_copy,16,0.7625,0.762,5806490191528918169
0053,4,B_undo,16,0.744708,0.745,5806490191528918169
0053,4,A_copy,16,0.756584,0.756,5806490191528918169
0053,5,B_copy,16,0.741875,0.742,5806490191528918169
0053,5,B_undo,16,0.74525,0.745,5806490191528918169
0053,5,A_copy,16,0.73325,0.733,5806490191528918169
0053,5,A_undo,16,0.745625,0.746,5806490191528918169
0053,6,B_undo,16,0.739625,0.74,5806490191528918169
0053,6,A_copy,16,0.737208,0.737,5806490191528918169
0053,6,A_undo,16,0.733458,0.733,5806490191528918169
0053,6,B_copy,16,0.759084,0.759,5806490191528918169
0053,7,A_copy,16,0.726042,0.726,5806490191528918169
0053,7,A_undo,16,0.72475,0.725,5806490191528918169
0053,7,B_copy,16,0.792792,0.799,5806490191528918169
0053,7,B_undo,16,0.795166,0.801,5806490191528918169
0054,0,B_copy,16,0.986583,0.986,7650082264619574883
0054,0,B_undo,16,0.95225,0.952,7650082264619574883
0054,0,A_copy,16,1.059291,1.076,7650082264619574883
0054,0,A_undo,16,1.011166,1.011,7650082264619574883
0054,1,B_undo,16,1.011084,1.011,7650082264619574883
0054,1,A_copy,16,0.97975,0.979,7650082264619574883
0054,1,A_undo,16,1.004208,1.004,7650082264619574883
0054,1,B_copy,16,1.019125,1.019,7650082264619574883
0054,2,A_copy,16,0.997875,0.997,7650082264619574883
0054,2,A_undo,16,1.16625,1.38,7650082264619574883
0054,2,B_copy,16,0.988417,0.988,7650082264619574883
0054,2,B_undo,16,0.988334,0.988,7650082264619574883
0054,3,A_undo,16,0.972167,0.972,7650082264619574883
0054,3,B_copy,16,0.980084,0.98,7650082264619574883
0054,3,B_undo,16,0.965583,0.965,7650082264619574883
0054,3,A_copy,16,0.981792,0.982,7650082264619574883
0054,4,B_copy,16,0.990458,0.99,7650082264619574883
0054,4,B_undo,16,0.970375,0.97,7650082264619574883
0054,4,A_copy,16,0.966709,0.966,7650082264619574883
0054,4,A_undo,16,1.011875,1.012,7650082264619574883
0054,5,B_undo,16,1.070333,1.088,7650082264619574883
0054,5,A_copy,16,0.992542,0.993,7650082264619574883
0054,5,A_undo,16,0.989291,0.99,7650082264619574883
0054,5,B_copy,16,1.013,1.012,7650082264619574883
0054,6,A_copy,16,0.986416,0.986,7650082264619574883
0054,6,A_undo,16,1.003917,1.015,7650082264619574883
0054,6,B_copy,16,1.029167,1.038,7650082264619574883
0054,6,B_undo,16,1.068375,1.072,7650082264619574883
0054,7,A_undo,16,0.997083,0.997,7650082264619574883
0054,7,B_copy,16,0.991042,0.991,7650082264619574883
0054,7,B_undo,16,0.980333,0.98,7650082264619574883
0054,7,A_copy,16,0.982917,0.983,7650082264619574883
0055,0,B_undo,16,1.090459,1.09,518157774652483340
0055,0,A_copy,16,1.279584,1.279,518157774652483340
0055,0,A_undo,16,1.38725,1.423,518157774652483340
0055,0,B_copy,16,1.400792,1.485,518157774652483340
0055,1,A_copy,16,1.23225,1.232,518157774652483340
0055,1,A_undo,16,1.256042,1.256,518157774652483340
0055,1,B_copy,16,1.245875,1.246,518157774652483340
0055,1,B_undo,16,1.257334,1.257,518157774652483340
0055,2,A_undo,16,1.271875,1.272,518157774652483340
0055,2,B_copy,16,1.326708,1.348,518157774652483340
0055,2,B_undo,16,1.282125,1.282,518157774652483340
0055,2,A_copy,16,1.271917,1.272,518157774652483340
0055,3,B_copy,16,1.264917,1.265,518157774652483340
0055,3,B_undo,16,1.248167,1.248,518157774652483340
0055,3,A_copy,16,1.251416,1.252,518157774652483340
0055,3,A_undo,16,1.268083,1.268,518157774652483340
0055,4,B_undo,16,1.297417,1.297,518157774652483340
0055,4,A_copy,16,1.235042,1.235,518157774652483340
0055,4,A_undo,16,1.240292,1.24,518157774652483340
0055,4,B_copy,16,1.244625,1.245,518157774652483340
0055,5,A_copy,16,1.243958,1.244,518157774652483340
0055,5,A_undo,16,1.293417,1.296,518157774652483340
0055,5,B_copy,16,1.319292,1.341,518157774652483340
0055,5,B_undo,16,1.330417,1.341,518157774652483340
0055,6,A_undo,16,1.216417,1.216,518157774652483340
0055,6,B_copy,16,1.118583,1.123,518157774652483340
0055,6,B_undo,16,1.267791,1.267,518157774652483340
0055,6,A_copy,16,1.261334,1.262,518157774652483340
0055,7,B_copy,16,1.270208,1.277,518157774652483340
0055,7,B_undo,16,1.335333,1.355,518157774652483340
0055,7,A_copy,16,1.262584,1.262,518157774652483340
0055,7,A_undo,16,1.270208,1.27,518157774652483340
0056,0,A_copy,16,0.905208,0.905,10186464417334808436
0056,0,A_undo,16,0.905625,0.906,10186464417334808436
0056,0,B_copy,16,0.903208,0.903,10186464417334808436
0056,0,B_undo,16,0.899667,0.9,10186464417334808436
0056,1,A_undo,16,0.894583,0.894,10186464417334808436
0056,1,B_copy,16,0.922875,0.923,10186464417334808436
0056,1,B_undo,16,0.926917,0.926,10186464417334808436
0056,1,A_copy,16,0.92625,0.926,10186464417334808436
0056,2,B_copy,16,0.90775,0.908,10186464417334808436
0056,2,B_undo,16,0.899,0.899,10186464417334808436
0056,2,A_copy,16,1.01925,1.056,10186464417334808436
0056,2,A_undo,16,0.923417,0.923,10186464417334808436
0056,3,B_undo,16,0.982625,0.995,10186464417334808436
0056,3,A_copy,16,0.918333,0.918,10186464417334808436
0056,3,A_undo,16,0.909458,0.91,10186464417334808436
0056,3,B_copy,16,0.933083,0.933,10186464417334808436
0056,4,A_copy,16,0.894417,0.895,10186464417334808436
0056,4,A_undo,16,0.899459,0.9,10186464417334808436
0056,4,B_copy,16,0.904125,0.904,10186464417334808436
0056,4,B_undo,16,0.910334,0.91,10186464417334808436
0056,5,A_undo,16,0.895875,0.895,10186464417334808436
0056,5,B_copy,16,0.900666,0.901,10186464417334808436
0056,5,B_undo,16,0.891834,0.891,10186464417334808436
0056,5,A_copy,16,0.896417,0.897,10186464417334808436
0056,6,B_copy,16,0.90325,0.903,10186464417334808436
0056,6,B_undo,16,0.930375,0.93,10186464417334808436
0056,6,A_copy,16,0.882875,0.883,10186464417334808436
0056,6,A_undo,16,0.917334,0.918,10186464417334808436
0056,7,B_undo,16,0.8865,0.887,10186464417334808436
0056,7,A_copy,16,0.964792,0.968,10186464417334808436
0056,7,A_undo,16,0.931458,0.931,10186464417334808436
0056,7,B_copy,16,0.916666,0.917,10186464417334808436
0057,0,A_undo,16,1.076375,1.117,12682063101736742031
0057,0,B_copy,16,0.91425,0.914,12682063101736742031
0057,0,B_undo,16,0.907708,0.908,12682063101736742031
0057,0,A_copy,16,0.907583,0.908,12682063101736742031
0057,1,B_copy,16,0.89125,0.891,12682063101736742031
0057,1,B_undo,16,0.890625,0.89,12682063101736742031
0057,1,A_copy,16,0.876292,0.876,12682063101736742031
0057,1,A_undo,16,0.9205,0.921,12682063101736742031
0057,2,B_undo,16,0.915917,0.916,12682063101736742031
0057,2,A_copy,16,0.886541,0.886,12682063101736742031
0057,2,A_undo,16,0.8795,0.88,12682063101736742031
0057,2,B_copy,16,0.933875,0.933,12682063101736742031
0057,3,A_copy,16,0.865959,0.866,12682063101736742031
0057,3,A_undo,16,0.877334,0.877,12682063101736742031
0057,3,B_copy,16,0.882792,0.883,12682063101736742031
0057,3,B_undo,16,0.91275,0.913,12682063101736742031
0057,4,A_undo,16,0.878875,0.879,12682063101736742031
0057,4,B_copy,16,0.880917,0.881,12682063101736742031
0057,4,B_undo,16,0.87975,0.88,12682063101736742031
0057,4,A_copy,16,0.886208,0.887,12682063101736742031
0057,5,B_copy,16,0.895166,0.896,12682063101736742031
0057,5,B_undo,16,0.89075,0.891,12682063101736742031
0057,5,A_copy,16,0.889917,0.89,12682063101736742031
0057,5,A_undo,16,0.903833,0.903,12682063101736742031
0057,6,B_undo,16,0.884583,0.885,12682063101736742031
0057,6,A_copy,16,0.892708,0.893,12682063101736742031
0057,6,A_undo,16,1.066583,1.169,12682063101736742031
0057,6,B_copy,16,0.910333,0.91,12682063101736742031
0057,7,A_copy,16,0.9465,1.02,12682063101736742031
0057,7,A_undo,16,0.882375,0.882,12682063101736742031
0057,7,B_copy,16,0.885792,0.885,12682063101736742031
0057,7,B_undo,16,0.894959,0.895,12682063101736742031
0058,0,B_copy,16,0.83575,0.835,18036420058975491591
0058,0,B_undo,16,0.832625,0.833,18036420058975491591
0058,0,A_copy,16,0.8445,0.844,18036420058975491591
0058,0,A_undo,16,0.868833,0.869,18036420058975491591
0058,1,B_undo,16,0.87775,0.881,18036420058975491591
0058,1,A_copy,16,0.893833,0.9,18036420058975491591
0058,1,A_undo,16,0.885375,0.885,18036420058975491591
0058,1,B_copy,16,0.858167,0.858,18036420058975491591
0058,2,A_copy,16,0.849667,0.849,18036420058975491591
0058,2,A_undo,16,0.849,0.849,18036420058975491591
0058,2,B_copy,16,0.847125,0.847,18036420058975491591
0058,2,B_undo,16,0.858875,0.858,18036420058975491591
0058,3,A_undo,16,0.858125,0.858,18036420058975491591
0058,3,B_copy,16,0.86025,0.86,18036420058975491591
0058,3,B_undo,16,0.832292,0.832,18036420058975491591
0058,3,A_copy,16,0.852291,0.852,18036420058975491591
0058,4,B_copy,16,0.851667,0.851,18036420058975491591
0058,4,B_undo,16,0.841208,0.841,18036420058975491591
0058,4,A_copy,16,0.837333,0.837,18036420058975491591
0058,4,A_undo,16,0.87575,0.876,18036420058975491591
0058,5,B_undo,16,0.842583,0.843,18036420058975491591
0058,5,A_copy,16,0.833416,0.833,18036420058975491591
0058,5,A_undo,16,0.84725,0.847,18036420058975491591
0058,5,B_copy,16,0.8545,0.854,18036420058975491591
0058,6,A_copy,16,0.91775,0.922,18036420058975491591
0058,6,A_undo,16,0.8715,0.872,18036420058975491591
0058,6,B_copy,16,0.875709,0.875,18036420058975491591
0058,6,B_undo,16,0.881208,0.881,18036420058975491591
0058,7,A_undo,16,0.857,0.857,18036420058975491591
0058,7,B_copy,16,0.860209,0.86,18036420058975491591
0058,7,B_undo,16,0.841083,0.841,18036420058975491591
0058,7,A_copy,16,0.848583,0.848,18036420058975491591
0059,0,B_undo,15,0.828209,0.828,4649109525428629643
0059,0,A_copy,15,0.8935,0.893,4649109525428629643
0059,0,A_undo,15,0.8815,0.882,4649109525428629643
0059,0,B_copy,15,0.902208,0.902,4649109525428629643
0059,1,A_copy,15,0.855833,0.856,4649109525428629643
0059,1,A_undo,15,0.861917,0.862,4649109525428629643
0059,1,B_copy,15,0.866,0.866,4649109525428629643
0059,1,B_undo,15,0.877584,0.877,4649109525428629643
0059,2,A_undo,15,0.861458,0.861,4649109525428629643
0059,2,B_copy,15,0.857333,0.857,4649109525428629643
0059,2,B_undo,15,0.87275,0.873,4649109525428629643
0059,2,A_copy,15,0.88375,0.883,4649109525428629643
0059,3,B_copy,15,0.8705,0.87,4649109525428629643
0059,3,B_undo,15,0.868583,0.869,4649109525428629643
0059,3,A_copy,15,0.904417,0.937,4649109525428629643
0059,3,A_undo,15,0.908125,0.908,4649109525428629643
0059,4,B_undo,15,0.884416,0.885,4649109525428629643
0059,4,A_copy,15,0.888958,0.888,4649109525428629643
0059,4,A_undo,15,0.873292,0.873,4649109525428629643
0059,4,B_copy,15,0.885709,0.886,4649109525428629643
0059,5,A_copy,15,0.858375,0.858,4649109525428629643
0059,5,A_undo,15,0.867333,0.867,4649109525428629643
0059,5,B_copy,15,0.88525,0.885,4649109525428629643
0059,5,B_undo,15,1.053,1.2,4649109525428629643
0059,6,A_undo,15,0.884375,0.884,4649109525428629643
0059,6,B_copy,15,0.888125,0.888,4649109525428629643
0059,6,B_undo,15,0.866417,0.866,4649109525428629643
0059,6,A_copy,15,0.885083,0.885,4649109525428629643
0059,7,B_copy,15,0.872542,0.872,4649109525428629643
0059,7,B_undo,15,0.866166,0.866,4649109525428629643
0059,7,A_copy,15,0.858709,0.859,4649109525428629643
0059,7,A_undo,15,0.878666,0.879,4649109525428629643
0060,0,A_copy,16,0.834833,0.834,13872318168584125963
0060,0,A_undo,16,0.864958,0.865,13872318168584125963
0060,0,B_copy,16,0.8595,0.859,13872318168584125963
0060,0,B_undo,16,0.856333,0.857,13872318168584125963
0060,1,A_undo,16,0.876333,0.877,13872318168584125963
0060,1,B_copy,16,0.834875,0.835,13872318168584125963
0060,1,B_undo,16,0.816917,0.817,13872318168584125963
0060,1,A_copy,16,0.86525,0.866,13872318168584125963
0060,2,B_copy,16,0.852666,0.852,13872318168584125963
0060,2,B_undo,16,0.8635,0.863,13872318168584125963
0060,2,A_copy,16,0.834583,0.835,13872318168584125963
0060,2,A_undo,16,0.874166,0.874,13872318168584125963
0060,3,B_undo,16,0.854333,0.854,13872318168584125963
0060,3,A_copy,16,0.840792,0.84,13872318168584125963
0060,3,A_undo,16,0.879625,0.901,13872318168584125963
0060,3,B_copy,16,0.875417,0.875,13872318168584125963
0060,4,A_copy,16,0.840083,0.84,13872318168584125963
0060,4,A_undo,16,0.841875,0.842,13872318168584125963
0060,4,B_copy,16,0.842625,0.843,13872318168584125963
0060,4,B_undo,16,0.852333,0.852,13872318168584125963
0060,5,A_undo,16,1.004625,1.082,13872318168584125963
0060,5,B_copy,16,0.874333,0.874,13872318168584125963
0060,5,B_undo,16,0.86925,0.869,13872318168584125963
0060,5,A_copy,16,0.899833,0.9,13872318168584125963
0060,6,B_copy,16,0.839375,0.839,13872318168584125963
0060,6,B_undo,16,0.845833,0.845,13872318168584125963
0060,6,A_copy,16,0.84075,0.84,13872318168584125963
0060,6,A_undo,16,0.848167,0.848,13872318168584125963
0060,7,B_undo,16,0.8525,0.853,13872318168584125963
0060,7,A_copy,16,0.820625,0.821,13872318168584125963
0060,7,A_undo,16,0.857875,0.857,13872318168584125963
0060,7,B_copy,16,0.875042,0.875,13872318168584125963
0061,0,A_undo,16,0.371791,0.372,8387456636174109718
0061,0,B_copy,16,0.358708,0.359,8387456636174109718
0061,0,B_undo,16,0.365333,0.365,8387456636174109718
0061,0,A_copy,16,0.384625,0.384,8387456636174109718
0061,1,B_copy,16,0.363625,0.363,8387456636174109718
0061,1,B_undo,16,0.336916,0.337,8387456636174109718
0061,1,A_copy,16,0.336292,0.336,8387456636174109718
0061,1,A_undo,16,0.365042,0.364,8387456636174109718
0061,2,B_undo,16,0.324583,0.325,8387456636174109718
0061,2,A_copy,16,0.345958,0.346,8387456636174109718
0061,2,A_undo,16,0.334125,0.334,8387456636174109718
0061,2,B_copy,16,0.38025,0.38,8387456636174109718
0061,3,A_copy,16,0.337875,0.337,8387456636174109718
0061,3,A_undo,16,0.35225,0.352,8387456636174109718
0061,3,B_copy,16,0.342792,0.343,8387456636174109718
0061,3,B_undo,16,0.377542,0.378,8387456636174109718
0061,4,A_undo,16,0.340417,0.341,8387456636174109718
0061,4,B_copy,16,0.411875,0.428,8387456636174109718
0061,4,B_undo,16,0.393208,0.393,8387456636174109718
0061,4,A_copy,16,0.395709,0.395,8387456636174109718
0061,5,B_copy,16,0.360041,0.36,8387456636174109718
0061,5,B_undo,16,0.368458,0.368,8387456636174109718
0061,5,A_copy,16,0.336958,0.337,8387456636174109718
0061,5,A_undo,16,0.396042,0.395,8387456636174109718
0061,6,B_undo,16,0.343125,0.343,8387456636174109718
0061,6,A_copy,16,0.347292,0.347,8387456636174109718
0061,6,A_undo,16,0.333458,0.333,8387456636174109718
0061,6,B_copy,16,0.386917,0.387,8387456636174109718
0061,7,A_copy,16,0.333875,0.333,8387456636174109718
0061,7,A_undo,16,0.340042,0.34,8387456636174109718
0061,7,B_copy,16,0.351917,0.352,8387456636174109718
0061,7,B_undo,16,0.36425,0.364,8387456636174109718
0062,0,B_copy,16,0.861584,0.861,9128759041045506214
0062,0,B_undo,16,0.827375,0.827,9128759041045506214
0062,0,A_copy,16,0.873208,0.873,9128759041045506214
0062,0,A_undo,16,0.875292,0.875,9128759041045506214
0062,1,B_undo,16,0.855542,0.855,9128759041045506214
0062,1,A_copy,16,1.040333,1.072,9128759041045506214
0062,1,A_undo,16,0.907375,0.907,9128759041045506214
0062,1,B_copy,16,0.899792,0.9,9128759041045506214
0062,2,A_copy,16,0.803791,0.807,9128759041045506214
0062,2,A_undo,16,0.888083,0.888,9128759041045506214
0062,2,B_copy,16,0.891292,0.891,9128759041045506214
0062,2,B_undo,16,0.895833,0.896,9128759041045506214
0062,3,A_undo,16,0.873583,0.873,9128759041045506214
0062,3,B_copy,16,0.881167,0.881,9128759041045506214
0062,3,B_undo,16,0.889958,0.89,9128759041045506214
0062,3,A_copy,16,0.899166,0.899,9128759041045506214
0062,4,B_copy,16,0.931625,0.942,9128759041045506214
0062,4,B_undo,16,0.922833,0.93,9128759041045506214
0062,4,A_copy,16,0.876,0.875,9128759041045506214
0062,4,A_undo,16,0.906167,0.906,9128759041045506214
0062,5,B_undo,16,0.880791,0.881,9128759041045506214
0062,5,A_copy,16,0.850708,0.851,9128759041045506214
0062,5,A_undo,16,1.082625,1.121,9128759041045506214
0062,5,B_copy,16,0.811791,0.812,9128759041045506214
0062,6,A_copy,16,0.878,0.878,9128759041045506214
0062,6,A_undo,16,0.869167,0.869,9128759041045506214
0062,6,B_copy,16,0.864916,0.865,9128759041045506214
0062,6,B_undo,16,0.892708,0.893,9128759041045506214
0062,7,A_undo,16,0.808541,0.814,9128759041045506214
0062,7,B_copy,16,0.91375,0.913,9128759041045506214
0062,7,B_undo,16,0.890042,0.89,9128759041045506214
0062,7,A_copy,16,0.8765,0.876,9128759041045506214
0063,0,B_undo,16,0.7845,0.784,8545848053013047838
0063,0,A_copy,16,0.939958,0.939,8545848053013047838
0063,0,A_undo,16,0.985625,0.986,8545848053013047838
0063,0,B_copy,16,0.965625,0.965,8545848053013047838
0063,1,A_copy,16,0.992958,1,8545848053013047838
0063,1,A_undo,16,0.98975,0.99,8545848053013047838
0063,1,B_copy,16,1.003208,1.003,8545848053013047838
0063,1,B_undo,16,0.9565,0.956,8545848053013047838
0063,2,A_undo,16,0.927667,0.928,8545848053013047838
0063,2,B_copy,16,0.943792,0.944,8545848053013047838
0063,2,B_undo,16,0.95,0.95,8545848053013047838
0063,2,A_copy,16,1.022,1.045,8545848053013047838
0063,3,B_copy,16,0.976041,0.976,8545848053013047838
0063,3,B_undo,16,0.957334,0.957,8545848053013047838
0063,3,A_copy,16,0.939709,0.94,8545848053013047838
0063,3,A_undo,16,0.95725,0.957,8545848053013047838
0063,4,B_undo,16,0.93175,0.932,8545848053013047838
0063,4,A_copy,16,0.924792,0.924,8545848053013047838
0063,4,A_undo,16,0.932625,0.933,8545848053013047838
0063,4,B_copy,16,0.979959,0.979,8545848053013047838
0063,5,A_copy,16,0.944584,0.945,8545848053013047838
0063,5,A_undo,16,1.049833,1.065,8545848053013047838
0063,5,B_copy,16,1.121125,1.261,8545848053013047838
0063,5,B_undo,16,0.957666,0.957,8545848053013047838
0063,6,A_undo,16,0.958166,0.958,8545848053013047838
0063,6,B_copy,16,0.94625,0.946,8545848053013047838
0063,6,B_undo,16,0.935417,0.935,8545848053013047838
0063,6,A_copy,16,0.9465,0.947,8545848053013047838
0063,7,B_copy,16,0.978125,0.981,8545848053013047838
0063,7,B_undo,16,0.944042,0.944,8545848053013047838
0063,7,A_copy,16,0.989916,0.99,8545848053013047838
0063,7,A_undo,16,0.939958,0.939,8545848053013047838
0064,0,A_copy,16,0.694417,0.695,16220615034031754214
0064,0,A_undo,16,0.686375,0.687,16220615034031754214
0064,0,B_copy,16,0.688583,0.688,16220615034031754214
0064,0,B_undo,16,0.705416,0.705,16220615034031754214
0064,1,A_undo,16,0.672958,0.673,16220615034031754214
0064,1,B_copy,16,0.665375,0.665,16220615034031754214
0064,1,B_undo,16,0.688625,0.688,16220615034031754214
0064,1,A_copy,16,0.723542,0.724,16220615034031754214
0064,2,B_copy,16,0.691792,0.691,16220615034031754214
0064,2,B_undo,16,0.728667,0.735,16220615034031754214
0064,2,A_copy,16,0.729125,0.737,16220615034031754214
0064,2,A_undo,16,0.700125,0.7,16220615034031754214
0064,3,B_undo,16,0.695041,0.695,16220615034031754214
0064,3,A_copy,16,0.676166,0.676,16220615034031754214
0064,3,A_undo,16,0.678833,0.678,16220615034031754214
0064,3,B_copy,16,0.723667,0.724,16220615034031754214
0064,4,A_copy,16,0.867542,0.919,16220615034031754214
0064,4,A_undo,16,0.679375,0.679,16220615034031754214
0064,4,B_copy,16,0.694584,0.694,16220615034031754214
0064,4,B_undo,16,0.711833,0.711,16220615034031754214
0064,5,A_undo,16,0.681084,0.681,16220615034031754214
0064,5,B_copy,16,0.72825,0.728,16220615034031754214
0064,5,B_undo,16,0.693833,0.694,16220615034031754214
0064,5,A_copy,16,0.695625,0.696,16220615034031754214
0064,6,B_copy,16,0.680375,0.681,16220615034031754214
0064,6,B_undo,16,0.679709,0.68,16220615034031754214
0064,6,A_copy,16,0.675,0.675,16220615034031754214
0064,6,A_undo,16,0.690708,0.691,16220615034031754214
0064,7,B_undo,16,0.6695,0.669,16220615034031754214
0064,7,A_copy,16,0.677917,0.678,16220615034031754214
0064,7,A_undo,16,0.704583,0.705,16220615034031754214
0064,7,B_copy,16,0.719875,0.719,16220615034031754214
0065,0,A_undo,16,0.823875,0.823,10797497358597794567
0065,0,B_copy,16,1.05925,1.126,10797497358597794567
0065,0,B_undo,16,0.842209,0.842,10797497358597794567
0065,0,A_copy,16,0.89175,0.904,10797497358597794567
0065,1,B_copy,16,0.812209,0.812,10797497358597794567
0065,1,B_undo,16,0.840125,0.84,10797497358597794567
0065,1,A_copy,16,0.817916,0.817,10797497358597794567
0065,1,A_undo,16,0.83675,0.837,10797497358597794567
0065,2,B_undo,16,0.809333,0.809,10797497358597794567
0065,2,A_copy,16,0.804708,0.804,10797497358597794567
0065,2,A_undo,16,0.80775,0.807,10797497358597794567
0065,2,B_copy,16,0.836917,0.837,10797497358597794567
0065,3,A_copy,16,0.84275,0.844,10797497358597794567
0065,3,A_undo,16,0.826416,0.827,10797497358597794567
0065,3,B_copy,16,0.877333,0.91,10797497358597794567
0065,3,B_undo,16,0.909209,0.929,10797497358597794567
0065,4,A_undo,16,0.8525,0.852,10797497358597794567
0065,4,B_copy,16,0.81425,0.814,10797497358597794567
0065,4,B_undo,16,0.824792,0.824,10797497358597794567
0065,4,A_copy,16,0.824208,0.824,10797497358597794567
0065,5,B_copy,16,0.839292,0.839,10797497358597794567
0065,5,B_undo,16,0.815792,0.816,10797497358597794567
0065,5,A_copy,16,0.774167,0.78,10797497358597794567
0065,5,A_undo,16,0.899208,0.92,10797497358597794567
0065,6,B_undo,16,0.834125,0.834,10797497358597794567
0065,6,A_copy,16,0.819625,0.819,10797497358597794567
0065,6,A_undo,16,0.821333,0.821,10797497358597794567
0065,6,B_copy,16,0.820959,0.821,10797497358597794567
0065,7,A_copy,16,0.807583,0.807,10797497358597794567
0065,7,A_undo,16,0.814416,0.814,10797497358597794567
0065,7,B_copy,16,0.824125,0.824,10797497358597794567
0065,7,B_undo,16,0.813125,0.827,10797497358597794567
0066,0,B_copy,16,0.702209,0.702,5010845926939867544
0066,0,B_undo,16,0.674708,0.675,5010845926939867544
0066,0,A_copy,16,0.7695,0.775,5010845926939867544
0066,0,A_undo,16,0.732291,0.732,5010845926939867544
0066,1,B_undo,16,0.738375,0.739,5010845926939867544
0066,1,A_copy,16,0.720916,0.72,5010845926939867544
0066,1,A_undo,16,0.714416,0.714,5010845926939867544
0066,1,B_copy,16,0.732125,0.732,5010845926939867544
0066,2,A_copy,16,0.713208,0.713,5010845926939867544
0066,2,A_undo,16,0.708625,0.709,5010845926939867544
0066,2,B_copy,16,0.724042,0.724,5010845926939867544
0066,2,B_undo,16,0.744167,0.744,5010845926939867544
0066,3,A_undo,16,0.715,0.715,5010845926939867544
0066,3,B_copy,16,0.748459,0.748,5010845926939867544
0066,3,B_undo,16,0.721875,0.722,5010845926939867544
0066,3,A_copy,16,0.713917,0.714,5010845926939867544
0066,4,B_copy,16,0.713417,0.713,5010845926939867544
0066,4,B_undo,16,0.72275,0.723,5010845926939867544
0066,4,A_copy,16,0.703666,0.703,5010845926939867544
0066,4,A_undo,16,0.722792,0.723,5010845926939867544
0066,5,B_undo,16,0.698458,0.699,5010845926939867544
0066,5,A_copy,16,0.711167,0.711,5010845926939867544
0066,5,A_undo,16,0.774666,0.778,5010845926939867544
0066,5,B_copy,16,0.750542,0.751,5010845926939867544
0066,6,A_copy,16,0.725708,0.725,5010845926939867544
0066,6,A_undo,16,0.79225,0.796,5010845926939867544
0066,6,B_copy,16,0.740375,0.74,5010845926939867544
0066,6,B_undo,16,0.732875,0.733,5010845926939867544
0066,7,A_undo,16,0.699959,0.7,5010845926939867544
0066,7,B_copy,16,0.718792,0.719,5010845926939867544
0066,7,B_undo,16,0.715208,0.716,5010845926939867544
0066,7,A_copy,16,0.722917,0.722,5010845926939867544
0067,0,B_undo,16,0.669166,0.669,16607578373973695180
0067,0,A_copy,16,0.800334,0.8,16607578373973695180
0067,0,A_undo,16,0.800958,0.801,16607578373973695180
0067,0,B_copy,16,0.948792,1.063,16607578373973695180
0067,1,A_copy,16,0.733958,0.733,16607578373973695180
0067,1,A_undo,16,0.800833,0.801,16607578373973695180
0067,1,B_copy,16,0.823667,0.824,16607578373973695180
0067,1,B_undo,16,0.835334,0.835,16607578373973695180
0067,2,A_undo,16,0.774792,0.774,16607578373973695180
0067,2,B_copy,16,0.861542,0.861,16607578373973695180
0067,2,B_undo,16,0.808875,0.808,16607578373973695180
0067,2,A_copy,16,0.78425,0.784,16607578373973695180
0067,3,B_copy,16,0.777375,0.777,16607578373973695180
0067,3,B_undo,16,0.781083,0.781,16607578373973695180
0067,3,A_copy,16,0.797833,0.798,16607578373973695180
0067,3,A_undo,16,0.8135,0.814,16607578373973695180
0067,4,B_undo,16,0.771875,0.771,16607578373973695180
0067,4,A_copy,16,0.845167,0.851,16607578373973695180
0067,4,A_undo,16,0.807166,0.807,16607578373973695180
0067,4,B_copy,16,0.819125,0.819,16607578373973695180
0067,5,A_copy,16,0.790583,0.79,16607578373973695180
0067,5,A_undo,16,0.793291,0.793,16607578373973695180
0067,5,B_copy,16,0.7915,0.792,16607578373973695180
0067,5,B_undo,16,0.800583,0.8,16607578373973695180
0067,6,A_undo,16,0.805209,0.805,16607578373973695180
0067,6,B_copy,16,0.808334,0.811,16607578373973695180
0067,6,B_undo,16,0.843625,0.858,16607578373973695180
0067,6,A_copy,16,0.887459,0.889,16607578373973695180
0067,7,B_copy,16,0.761584,0.761,16607578373973695180
0067,7,B_undo,16,0.8025,0.802,16607578373973695180
0067,7,A_copy,16,0.789959,0.79,16607578373973695180
0067,7,A_undo,16,0.791292,0.791,16607578373973695180
0068,0,A_copy,16,1.27525,1.275,18312883664008824476
0068,0,A_undo,16,1.299083,1.299,18312883664008824476
0068,0,B_copy,16,1.271541,1.271,18312883664008824476
0068,0,B_undo,16,1.254833,1.255,18312883664008824476
0068,1,A_undo,16,1.227083,1.227,18312883664008824476
0068,1,B_copy,16,1.250417,1.251,18312883664008824476
0068,1,B_undo,16,1.2655,1.266,18312883664008824476
0068,1,A_copy,16,1.4655,1.515,18312883664008824476
0068,2,B_copy,16,1.365041,1.404,18312883664008824476
0068,2,B_undo,16,1.229417,1.229,18312883664008824476
0068,2,A_copy,16,1.2295,1.229,18312883664008824476
0068,2,A_undo,16,1.405916,1.461,18312883664008824476
0068,3,B_undo,16,1.297417,1.297,18312883664008824476
0068,3,A_copy,16,1.250584,1.251,18312883664008824476
0068,3,A_undo,16,1.316459,1.316,18312883664008824476
0068,3,B_copy,16,1.269375,1.269,18312883664008824476
0068,4,A_copy,16,1.255917,1.256,18312883664008824476
0068,4,A_undo,16,1.231083,1.231,18312883664008824476
0068,4,B_copy,16,1.250791,1.25,18312883664008824476
0068,4,B_undo,16,1.30675,1.307,18312883664008824476
0068,5,A_undo,16,1.272666,1.272,18312883664008824476
0068,5,B_copy,16,1.345042,1.354,18312883664008824476
0068,5,B_undo,16,1.28875,1.288,18312883664008824476
0068,5,A_copy,16,1.264375,1.264,18312883664008824476
0068,6,B_copy,16,1.276083,1.276,18312883664008824476
0068,6,B_undo,16,1.250958,1.25,18312883664008824476
0068,6,A_copy,16,1.300541,1.304,18312883664008824476
0068,6,A_undo,16,1.250667,1.251,18312883664008824476
0068,7,B_undo,16,1.247625,1.248,18312883664008824476
0068,7,A_copy,16,1.257917,1.258,18312883664008824476
0068,7,A_undo,16,1.238958,1.239,18312883664008824476
0068,7,B_copy,16,1.251875,1.252,18312883664008824476
0069,0,A_undo,16,0.5725,0.572,7139950659479146214
0069,0,B_copy,16,0.583292,0.583,7139950659479146214
0069,0,B_undo,16,0.551875,0.551,7139950659479146214
0069,0,A_copy,16,0.566625,0.567,7139950659479146214
0069,1,B_copy,16,0.541125,0.541,7139950659479146214
0069,1,B_undo,16,0.536542,0.537,7139950659479146214
0069,1,A_copy,16,0.553,0.552,7139950659479146214
0069,1,A_undo,16,0.558584,0.559,7139950659479146214
0069,2,B_undo,16,0.550458,0.551,7139950659479146214
0069,2,A_copy,16,0.539959,0.54,7139950659479146214
0069,2,A_undo,16,0.551333,0.552,7139950659479146214
0069,2,B_copy,16,0.5685,0.569,7139950659479146214
0069,3,A_copy,16,0.560542,0.561,7139950659479146214
0069,3,A_undo,16,0.553292,0.553,7139950659479146214
0069,3,B_copy,16,0.560583,0.56,7139950659479146214
0069,3,B_undo,16,0.600625,0.606,7139950659479146214
0069,4,A_undo,16,0.604959,0.615,7139950659479146214
0069,4,B_copy,16,0.582875,0.582,7139950659479146214
0069,4,B_undo,16,0.568791,0.569,7139950659479146214
0069,4,A_copy,16,0.567375,0.567,7139950659479146214
0069,5,B_copy,16,0.564583,0.565,7139950659479146214
0069,5,B_undo,16,0.541666,0.541,7139950659479146214
0069,5,A_copy,16,0.534125,0.534,7139950659479146214
0069,5,A_undo,16,0.56925,0.569,7139950659479146214
0069,6,B_undo,16,0.551708,0.551,7139950659479146214
0069,6,A_copy,16,0.543084,0.543,7139950659479146214
0069,6,A_undo,16,0.553791,0.553,7139950659479146214
0069,6,B_copy,16,0.5695,0.57,7139950659479146214
0069,7,A_copy,16,0.59575,0.601,7139950659479146214
0069,7,A_undo,16,0.60475,0.604,7139950659479146214
0069,7,B_copy,16,0.560083,0.56,7139950659479146214
0069,7,B_undo,16,0.573625,0.573,7139950659479146214
0070,0,B_copy,16,1.464958,1.465,14695531445151057947
0070,0,B_undo,16,1.500417,1.501,14695531445151057947
0070,0,A_copy,16,1.5355,1.537,14695531445151057947
0070,0,A_undo,16,1.515583,1.515,14695531445151057947
0070,1,B_undo,16,1.47675,1.477,14695531445151057947
0070,1,A_copy,16,1.483041,1.483,14695531445151057947
0070,1,A_undo,16,1.481792,1.482,14695531445151057947
0070,1,B_copy,16,1.515833,1.515,14695531445151057947
0070,2,A_copy,16,1.505917,1.505,14695531445151057947
0070,2,A_undo,16,1.470834,1.471,14695531445151057947
0070,2,B_copy,16,1.499667,1.499,14695531445151057947
0070,2,B_undo,16,1.697708,1.759,14695531445151057947
0070,3,A_undo,16,1.509792,1.509,14695531445151057947
0070,3,B_copy,16,1.579333,1.586,14695531445151057947
0070,3,B_undo,16,1.478042,1.478,14695531445151057947
0070,3,A_copy,16,1.467541,1.468,14695531445151057947
0070,4,B_copy,16,1.4975,1.498,14695531445151057947
0070,4,B_undo,16,1.538375,1.543,14695531445151057947
0070,4,A_copy,16,1.523292,1.526,14695531445151057947
0070,4,A_undo,16,1.522167,1.522,14695531445151057947
0070,5,B_undo,16,1.489292,1.489,14695531445151057947
0070,5,A_copy,16,1.462041,1.462,14695531445151057947
0070,5,A_undo,16,1.469958,1.469,14695531445151057947
0070,5,B_copy,16,1.534625,1.535,14695531445151057947
0070,6,A_copy,16,1.559833,1.567,14695531445151057947
0070,6,A_undo,16,1.499875,1.499,14695531445151057947
0070,6,B_copy,16,1.491,1.491,14695531445151057947
0070,6,B_undo,16,1.481791,1.481,14695531445151057947
0070,7,A_undo,16,1.476834,1.477,14695531445151057947
0070,7,B_copy,16,1.510667,1.512,14695531445151057947
0070,7,B_undo,16,1.485584,1.485,14695531445151057947
0070,7,A_copy,16,1.462,1.462,14695531445151057947
0071,0,B_undo,16,1.082792,1.083,375741274944434190
0071,0,A_copy,16,1.26725,1.267,375741274944434190
0071,0,A_undo,16,1.212917,1.213,375741274944434190
0071,0,B_copy,16,1.240167,1.24,375741274944434190
0071,1,A_copy,16,1.211375,1.211,375741274944434190
0071,1,A_undo,16,1.198667,1.198,375741274944434190
0071,1,B_copy,16,1.253708,1.254,375741274944434190
0071,1,B_undo,16,1.220834,1.221,375741274944434190
0071,2,A_undo,16,1.299709,1.319,375741274944434190
0071,2,B_copy,16,1.24925,1.249,375741274944434190
0071,2,B_undo,16,1.219625,1.22,375741274944434190
0071,2,A_copy,16,1.219792,1.22,375741274944434190
0071,3,B_copy,16,1.238791,1.239,375741274944434190
0071,3,B_undo,16,1.346083,1.38,375741274944434190
0071,3,A_copy,16,1.254417,1.255,375741274944434190
0071,3,A_undo,16,1.211666,1.212,375741274944434190
0071,4,B_undo,16,1.214208,1.214,375741274944434190
0071,4,A_copy,16,1.187209,1.187,375741274944434190
0071,4,A_undo,16,1.214625,1.214,375741274944434190
0071,4,B_copy,16,1.222666,1.223,375741274944434190
0071,5,A_copy,16,1.237834,1.237,375741274944434190
0071,5,A_undo,16,1.229333,1.234,375741274944434190
0071,5,B_copy,16,1.2425,1.242,375741274944434190
0071,5,B_undo,16,1.221667,1.222,375741274944434190
0071,6,A_undo,16,1.218292,1.218,375741274944434190
0071,6,B_copy,16,1.228959,1.229,375741274944434190
0071,6,B_undo,16,1.206,1.206,375741274944434190
0071,6,A_copy,16,1.266625,1.268,375741274944434190
0071,7,B_copy,16,1.260583,1.278,375741274944434190
0071,7,B_undo,16,1.231584,1.231,375741274944434190
0071,7,A_copy,16,1.191792,1.192,375741274944434190
0071,7,A_undo,16,1.218834,1.219,375741274944434190
0072,0,A_copy,13,0.71075,0.711,4560022582742645154
0072,0,A_undo,13,0.708959,0.708,4560022582742645154
0072,0,B_copy,13,0.70025,0.7,4560022582742645154
0072,0,B_undo,13,0.698167,0.699,4560022582742645154
0072,1,A_undo,13,0.690792,0.691,4560022582742645154
0072,1,B_copy,13,0.689084,0.689,4560022582742645154
0072,1,B_undo,13,0.669875,0.67,4560022582742645154
0072,1,A_copy,13,0.701208,0.701,4560022582742645154
0072,2,B_copy,13,0.694584,0.694,4560022582742645154
0072,2,B_undo,13,0.702583,0.702,4560022582742645154
0072,2,A_copy,13,0.695375,0.696,4560022582742645154
0072,2,A_undo,13,0.724834,0.729,4560022582742645154
0072,3,B_undo,13,0.723625,0.724,4560022582742645154
0072,3,A_copy,13,0.901458,0.961,4560022582742645154
0072,3,A_undo,13,0.712375,0.712,4560022582742645154
0072,3,B_copy,13,0.730709,0.731,4560022582742645154
0072,4,A_copy,13,0.689292,0.689,4560022582742645154
0072,4,A_undo,13,0.676,0.676,4560022582742645154
0072,4,B_copy,13,0.693417,0.693,4560022582742645154
0072,4,B_undo,13,0.7205,0.721,4560022582742645154
0072,5,A_undo,13,0.709708,0.709,4560022582742645154
0072,5,B_copy,13,0.707667,0.707,4560022582742645154
0072,5,B_undo,13,0.681292,0.681,4560022582742645154
0072,5,A_copy,13,0.7335,0.733,4560022582742645154
0072,6,B_copy,13,0.711084,0.711,4560022582742645154
0072,6,B_undo,13,0.694042,0.694,4560022582742645154
0072,6,A_copy,13,0.694917,0.695,4560022582742645154
0072,6,A_undo,13,0.704875,0.704,4560022582742645154
0072,7,B_undo,13,0.684083,0.684,4560022582742645154
0072,7,A_copy,13,0.673625,0.673,4560022582742645154
0072,7,A_undo,13,0.668167,0.668,4560022582742645154
0072,7,B_copy,13,0.714042,0.714,4560022582742645154
0073,0,A_undo,16,0.800583,0.801,3825379473021734439
0073,0,B_copy,16,0.791416,0.791,3825379473021734439
0073,0,B_undo,16,0.781583,0.782,3825379473021734439
0073,0,A_copy,16,0.807208,0.808,3825379473021734439
0073,1,B_copy,16,0.786458,0.787,3825379473021734439
0073,1,B_undo,16,0.788958,0.789,3825379473021734439
0073,1,A_copy,16,0.789458,0.79,3825379473021734439
0073,1,A_undo,16,0.777042,0.782,3825379473021734439
0073,2,B_undo,16,0.802417,0.802,3825379473021734439
0073,2,A_copy,16,0.790375,0.791,3825379473021734439
0073,2,A_undo,16,0.785375,0.785,3825379473021734439
0073,2,B_copy,16,0.832667,0.832,3825379473021734439
0073,3,A_copy,16,0.765875,0.766,3825379473021734439
0073,3,A_undo,16,0.779,0.779,3825379473021734439
0073,3,B_copy,16,0.815125,0.815,3825379473021734439
0073,3,B_undo,16,0.812166,0.812,3825379473021734439
0073,4,A_undo,16,0.79725,0.797,3825379473021734439
0073,4,B_copy,16,0.859959,0.868,3825379473021734439
0073,4,B_undo,16,0.788292,0.788,3825379473021734439
0073,4,A_copy,16,0.78975,0.789,3825379473021734439
0073,5,B_copy,16,0.79125,0.791,3825379473021734439
0073,5,B_undo,16,0.778333,0.778,3825379473021734439
0073,5,A_copy,16,0.77625,0.776,3825379473021734439
0073,5,A_undo,16,0.792833,0.793,3825379473021734439
0073,6,B_undo,16,0.778916,0.778,3825379473021734439
0073,6,A_copy,16,0.772417,0.773,3825379473021734439
0073,6,A_undo,16,0.799833,0.806,3825379473021734439
0073,6,B_copy,16,0.826,0.826,3825379473021734439
0073,7,A_copy,16,0.794125,0.794,3825379473021734439
0073,7,A_undo,16,0.807,0.807,3825379473021734439
0073,7,B_copy,16,0.965958,1.004,3825379473021734439
0073,7,B_undo,16,0.780459,0.781,3825379473021734439
0074,0,B_copy,12,0.335459,0.335,11126206890045954813
0074,0,B_undo,12,0.3115,0.311,11126206890045954813
0074,0,A_copy,12,0.39675,0.397,11126206890045954813
0074,0,A_undo,12,0.3935,0.394,11126206890045954813
0074,1,B_undo,12,0.344334,0.344,11126206890045954813
0074,1,A_copy,12,0.361709,0.361,11126206890045954813
0074,1,A_undo,12,0.373917,0.374,11126206890045954813
0074,1,B_copy,12,0.387,0.387,11126206890045954813
0074,2,A_copy,12,0.354708,0.355,11126206890045954813
0074,2,A_undo,12,0.369542,0.37,11126206890045954813
0074,2,B_copy,12,0.369083,0.369,11126206890045954813
0074,2,B_undo,12,0.394417,0.395,11126206890045954813
0074,3,A_undo,12,0.380375,0.381,11126206890045954813
0074,3,B_copy,12,0.383958,0.384,11126206890045954813
0074,3,B_undo,12,0.360709,0.361,11126206890045954813
0074,3,A_copy,12,0.411542,0.412,11126206890045954813
0074,4,B_copy,12,0.382208,0.383,11126206890045954813
0074,4,B_undo,12,0.344958,0.345,11126206890045954813
0074,4,A_copy,12,0.381792,0.381,11126206890045954813
0074,4,A_undo,12,0.389417,0.389,11126206890045954813
0074,5,B_undo,12,0.352542,0.352,11126206890045954813
0074,5,A_copy,12,0.344709,0.345,11126206890045954813
0074,5,A_undo,12,0.362666,0.363,11126206890045954813
0074,5,B_copy,12,0.401041,0.401,11126206890045954813
0074,6,A_copy,12,0.363958,0.364,11126206890045954813
0074,6,A_undo,12,0.358208,0.358,11126206890045954813
0074,6,B_copy,12,0.370167,0.37,11126206890045954813
0074,6,B_undo,12,0.384125,0.384,11126206890045954813
0074,7,A_undo,12,0.363209,0.363,11126206890045954813
0074,7,B_copy,12,0.375667,0.376,11126206890045954813
0074,7,B_undo,12,0.35575,0.356,11126206890045954813
0074,7,A_copy,12,0.393667,0.393,11126206890045954813
0075,0,B_undo,16,1.190125,1.194,2465029769686167291
0075,0,A_copy,16,1.178875,1.179,2465029769686167291
0075,0,A_undo,16,1.168125,1.168,2465029769686167291
0075,0,B_copy,16,1.194166,1.194,2465029769686167291
0075,1,A_copy,16,1.173209,1.174,2465029769686167291
0075,1,A_undo,16,1.170083,1.17,2465029769686167291
0075,1,B_copy,16,1.295042,1.297,2465029769686167291
0075,1,B_undo,16,1.29275,1.333,2465029769686167291
0075,2,A_undo,16,1.2,1.206,2465029769686167291
0075,2,B_copy,16,1.191625,1.192,2465029769686167291
0075,2,B_undo,16,1.157791,1.157,2465029769686167291
0075,2,A_copy,16,1.167292,1.168,2465029769686167291
0075,3,B_copy,16,1.240834,1.241,2465029769686167291
0075,3,B_undo,16,1.18775,1.188,2465029769686167291
0075,3,A_copy,16,1.244875,1.25,2465029769686167291
0075,3,A_undo,16,1.190334,1.191,2465029769686167291
0075,4,B_undo,16,1.245667,1.245,2465029769686167291
0075,4,A_copy,16,1.202916,1.203,2465029769686167291
0075,4,A_undo,16,1.175083,1.175,2465029769686167291
0075,4,B_copy,16,1.266583,1.286,2465029769686167291
0075,5,A_copy,16,1.172792,1.181,2465029769686167291
0075,5,A_undo,16,1.241042,1.241,2465029769686167291
0075,5,B_copy,16,1.199834,1.199,2465029769686167291
0075,5,B_undo,16,1.171833,1.172,2465029769686167291
0075,6,A_undo,16,1.177708,1.177,2465029769686167291
0075,6,B_copy,16,1.189125,1.189,2465029769686167291
0075,6,B_undo,16,1.194875,1.195,2465029769686167291
0075,6,A_copy,16,1.219125,1.221,2465029769686167291
0075,7,B_copy,16,1.208334,1.208,2465029769686167291
0075,7,B_undo,16,1.185458,1.185,2465029769686167291
0075,7,A_copy,16,1.2285,1.229,2465029769686167291
0075,7,A_undo,16,1.170958,1.17,2465029769686167291
0076,0,A_copy,16,0.94025,0.94,4748998412189925530
0076,0,A_undo,16,0.924917,0.925,4748998412189925530
0076,0,B_copy,16,0.943541,0.943,4748998412189925530
0076,0,B_undo,16,0.926209,0.926,4748998412189925530
0076,1,A_undo,16,0.967042,0.967,4748998412189925530
0076,1,B_copy,16,0.946792,0.947,4748998412189925530
0076,1,B_undo,16,1.009,1.029,4748998412189925530
0076,1,A_copy,16,0.94775,0.948,4748998412189925530
0076,2,B_copy,16,0.922292,0.922,4748998412189925530
0076,2,B_undo,16,0.929208,0.929,4748998412189925530
0076,2,A_copy,16,0.966834,0.967,4748998412189925530
0076,2,A_undo,16,0.995208,0.995,4748998412189925530
0076,3,B_undo,16,0.995292,0.997,4748998412189925530
0076,3,A_copy,16,0.956333,0.972,4748998412189925530
0076,3,A_undo,16,0.912791,0.913,4748998412189925530
0076,3,B_copy,16,0.934,0.934,4748998412189925530
0076,4,A_copy,16,0.917958,0.918,4748998412189925530
0076,4,A_undo,16,0.911167,0.911,4748998412189925530
0076,4,B_copy,16,0.916,0.916,4748998412189925530
0076,4,B_undo,16,0.936208,0.937,4748998412189925530
0076,5,A_undo,16,0.909458,0.91,4748998412189925530
0076,5,B_copy,16,0.965917,0.965,4748998412189925530
0076,5,B_undo,16,0.933625,0.934,4748998412189925530
0076,5,A_copy,16,0.960458,0.978,4748998412189925530
0076,6,B_copy,16,0.956083,0.956,4748998412189925530
0076,6,B_undo,16,0.936625,0.937,4748998412189925530
0076,6,A_copy,16,0.922125,0.922,4748998412189925530
0076,6,A_undo,16,0.96625,0.966,4748998412189925530
0076,7,B_undo,16,0.977334,0.977,4748998412189925530
0076,7,A_copy,16,0.945125,0.945,4748998412189925530
0076,7,A_undo,16,1.178417,1.277,4748998412189925530
0076,7,B_copy,16,1.01625,1.072,4748998412189925530
0077,0,A_undo,16,0.561459,0.561,10778613407937564887
0077,0,B_copy,16,0.566792,0.567,10778613407937564887
0077,0,B_undo,16,0.542875,0.543,10778613407937564887
0077,0,A_copy,16,0.597125,0.597,10778613407937564887
0077,1,B_copy,16,0.559208,0.559,10778613407937564887
0077,1,B_undo,16,0.545625,0.546,10778613407937564887
0077,1,A_copy,16,0.549334,0.549,10778613407937564887
0077,1,A_undo,16,0.587125,0.587,10778613407937564887
0077,2,B_undo,16,0.542708,0.543,10778613407937564887
0077,2,A_copy,16,0.564208,0.564,10778613407937564887
0077,2,A_undo,16,0.565042,0.565,10778613407937564887
0077,2,B_copy,16,0.592458,0.592,10778613407937564887
0077,3,A_copy,16,0.562583,0.562,10778613407937564887
0077,3,A_undo,16,0.550708,0.55,10778613407937564887
0077,3,B_copy,16,0.545916,0.546,10778613407937564887
0077,3,B_undo,16,0.58325,0.583,10778613407937564887
0077,4,A_undo,16,0.565583,0.565,10778613407937564887
0077,4,B_copy,16,0.547666,0.547,10778613407937564887
0077,4,B_undo,16,0.537334,0.537,10778613407937564887
0077,4,A_copy,16,0.576083,0.576,10778613407937564887
0077,5,B_copy,16,0.544125,0.544,10778613407937564887
0077,5,B_undo,16,0.55375,0.553,10778613407937564887
0077,5,A_copy,16,0.577833,0.578,10778613407937564887
0077,5,A_undo,16,0.57625,0.576,10778613407937564887
0077,6,B_undo,16,0.554833,0.555,10778613407937564887
0077,6,A_copy,16,0.588375,0.604,10778613407937564887
0077,6,A_undo,16,0.604042,0.604,10778613407937564887
0077,6,B_copy,16,0.587417,0.587,10778613407937564887
0077,7,A_copy,16,0.579833,0.58,10778613407937564887
0077,7,A_undo,16,0.558542,0.558,10778613407937564887
0077,7,B_copy,16,0.553542,0.553,10778613407937564887
0077,7,B_undo,16,0.581459,0.582,10778613407937564887
0078,0,B_copy,16,1.0315,1.031,6940159164612546076
0078,0,B_undo,16,1.070083,1.07,6940159164612546076
0078,0,A_copy,16,1.087291,1.087,6940159164612546076
0078,0,A_undo,16,1.147125,1.166,6940159164612546076
0078,1,B_undo,16,1.074083,1.074,6940159164612546076
0078,1,A_copy,16,1.064291,1.064,6940159164612546076
0078,1,A_undo,16,1.064125,1.064,6940159164612546076
0078,1,B_copy,16,1.072542,1.072,6940159164612546076
0078,2,A_copy,16,1.047917,1.048,6940159164612546076
0078,2,A_undo,16,1.049166,1.049,6940159164612546076
0078,2,B_copy,16,1.1645,1.182,6940159164612546076
0078,2,B_undo,16,1.094417,1.094,6940159164612546076
0078,3,A_undo,16,1.051542,1.051,6940159164612546076
0078,3,B_copy,16,1.0655,1.066,6940159164612546076
0078,3,B_undo,16,1.03775,1.037,6940159164612546076
0078,3,A_copy,16,1.056625,1.057,6940159164612546076
0078,4,B_copy,16,1.055916,1.056,6940159164612546076
0078,4,B_undo,16,1.093083,1.093,6940159164612546076
0078,4,A_copy,16,1.100208,1.105,6940159164612546076
0078,4,A_undo,16,1.023833,1.024,6940159164612546076
0078,5,B_undo,16,1.061625,1.062,6940159164612546076
0078,5,A_copy,16,1.062083,1.062,6940159164612546076
0078,5,A_undo,16,1.082542,1.083,6940159164612546076
0078,5,B_copy,16,1.05175,1.051,6940159164612546076
0078,6,A_copy,16,1.060458,1.06,6940159164612546076
0078,6,A_undo,16,1.077417,1.08,6940159164612546076
0078,6,B_copy,16,1.137084,1.144,6940159164612546076
0078,6,B_undo,16,1.05875,1.059,6940159164612546076
0078,7,A_undo,16,1.061542,1.061,6940159164612546076
0078,7,B_copy,16,1.060417,1.061,6940159164612546076
0078,7,B_undo,16,1.049208,1.049,6940159164612546076
0078,7,A_copy,16,1.045542,1.046,6940159164612546076
0079,0,B_undo,16,0.692958,0.693,3955680473902508652
0079,0,A_copy,16,0.813459,0.814,3955680473902508652
0079,0,A_undo,16,0.812542,0.812,3955680473902508652
0079,0,B_copy,16,0.806584,0.806,3955680473902508652
0079,1,A_copy,16,0.785292,0.785,3955680473902508652
0079,1,A_undo,16,0.802958,0.803,3955680473902508652
0079,1,B_copy,16,0.797125,0.797,3955680473902508652
0079,1,B_undo,16,0.838208,0.838,3955680473902508652
0079,2,A_undo,16,0.809375,0.81,3955680473902508652
0079,2,B_copy,16,0.827375,0.832,3955680473902508652
0079,2,B_undo,16,0.816916,0.817,3955680473902508652
0079,2,A_copy,16,0.819417,0.819,3955680473902508652
0079,3,B_copy,16,0.80025,0.8,3955680473902508652
0079,3,B_undo,16,0.804916,0.805,3955680473902508652
0079,3,A_copy,16,0.794834,0.795,3955680473902508652
0079,3,A_undo,16,0.803458,0.803,3955680473902508652
0079,4,B_undo,16,0.788416,0.788,3955680473902508652
0079,4,A_copy,16,0.797458,0.798,3955680473902508652
0079,4,A_undo,16,0.860958,0.863,3955680473902508652
0079,4,B_copy,16,0.848042,0.851,3955680473902508652
0079,5,A_copy,16,0.829125,0.829,3955680473902508652
0079,5,A_undo,16,0.812041,0.812,3955680473902508652
0079,5,B_copy,16,0.800958,0.801,3955680473902508652
0079,5,B_undo,16,0.809209,0.809,3955680473902508652
0079,6,A_undo,16,0.795583,0.795,3955680473902508652
0079,6,B_copy,16,0.796084,0.796,3955680473902508652
0079,6,B_undo,16,0.792375,0.792,3955680473902508652
0079,6,A_copy,16,0.8105,0.811,3955680473902508652
0079,7,B_copy,16,0.804791,0.805,3955680473902508652
0079,7,B_undo,16,0.79375,0.794,3955680473902508652
0079,7,A_copy,16,0.79375,0.794,3955680473902508652
0079,7,A_undo,16,0.813458,0.813,3955680473902508652
0080,0,A_copy,16,0.784417,0.784,8828684915372893386
0080,0,A_undo,16,0.787791,0.787,8828684915372893386
0080,0,B_copy,16,0.788458,0.789,8828684915372893386
0080,0,B_undo,16,0.786083,0.786,8828684915372893386
0080,1,A_undo,16,0.775417,0.776,8828684915372893386
0080,1,B_copy,16,0.801042,0.803,8828684915372893386
0080,1,B_undo,16,0.797667,0.798,8828684915372893386
0080,1,A_copy,16,0.815875,0.816,8828684915372893386
0080,2,B_copy,16,0.772791,0.773,8828684915372893386
0080,2,B_undo,16,0.769833,0.769,8828684915372893386
0080,2,A_copy,16,0.781916,0.782,8828684915372893386
0080,2,A_undo,16,0.776542,0.776,8828684915372893386
0080,3,B_undo,16,0.767958,0.768,8828684915372893386
0080,3,A_copy,16,0.769042,0.769,8828684915372893386
0080,3,A_undo,16,0.777208,0.778,8828684915372893386
0080,3,B_copy,16,0.804916,0.805,8828684915372893386
0080,4,A_copy,16,0.783083,0.783,8828684915372893386
0080,4,A_undo,16,0.7905,0.799,8828684915372893386
0080,4,B_copy,16,0.834208,0.837,8828684915372893386
0080,4,B_undo,16,0.796791,0.797,8828684915372893386
0080,5,A_undo,16,0.784791,0.785,8828684915372893386
0080,5,B_copy,16,0.781625,0.782,8828684915372893386
0080,5,B_undo,16,0.781042,0.781,8828684915372893386
0080,5,A_copy,16,0.785,0.785,8828684915372893386
0080,6,B_copy,16,0.784125,0.784,8828684915372893386
0080,6,B_undo,16,0.771583,0.771,8828684915372893386
0080,6,A_copy,16,0.791208,0.791,8828684915372893386
0080,6,A_undo,16,0.765792,0.772,8828684915372893386
0080,7,B_undo,16,0.781042,0.781,8828684915372893386
0080,7,A_copy,16,0.7835,0.784,8828684915372893386
0080,7,A_undo,16,0.77025,0.77,8828684915372893386
0080,7,B_copy,16,0.778875,0.778,8828684915372893386
0081,0,A_undo,16,1.157291,1.157,366185423385544223
0081,0,B_copy,16,1.206166,1.213,366185423385544223
0081,0,B_undo,16,1.21175,1.228,366185423385544223
0081,0,A_copy,16,1.16525,1.165,366185423385544223
0081,1,B_copy,16,1.170916,1.171,366185423385544223
0081,1,B_undo,16,1.123709,1.123,366185423385544223
0081,1,A_copy,16,1.130625,1.131,366185423385544223
0081,1,A_undo,16,1.149375,1.151,366185423385544223
0081,2,B_undo,16,1.148417,1.158,366185423385544223
0081,2,A_copy,16,1.13825,1.138,366185423385544223
0081,2,A_undo,16,1.137292,1.137,366185423385544223
0081,2,B_copy,16,1.140708,1.141,366185423385544223
0081,3,A_copy,16,1.111833,1.111,366185423385544223
0081,3,A_undo,16,1.124834,1.124,366185423385544223
0081,3,B_copy,16,1.168167,1.168,366185423385544223
0081,3,B_undo,16,1.162209,1.176,366185423385544223
0081,4,A_undo,16,1.177292,1.191,366185423385544223
0081,4,B_copy,16,1.168666,1.168,366185423385544223
0081,4,B_undo,16,1.148958,1.148,366185423385544223
0081,4,A_copy,16,1.271,1.465,366185423385544223
0081,5,B_copy,16,1.21875,1.246,366185423385544223
0081,5,B_undo,16,1.186167,1.194,366185423385544223
0081,5,A_copy,16,1.158209,1.158,366185423385544223
0081,5,A_undo,16,1.17225,1.172,366185423385544223
0081,6,B_undo,16,1.16275,1.163,366185423385544223
0081,6,A_copy,16,1.125542,1.125,366185423385544223
0081,6,A_undo,16,1.121958,1.122,366185423385544223
0081,6,B_copy,16,1.139791,1.139,366185423385544223
0081,7,A_copy,16,1.153709,1.154,366185423385544223
0081,7,A_undo,16,1.142166,1.142,366185423385544223
0081,7,B_copy,16,1.1905,1.219,366185423385544223
0081,7,B_undo,16,1.140666,1.14,366185423385544223
0082,0,B_copy,16,1.14075,1.141,17751633408586669324
0082,0,B_undo,16,1.104958,1.104,17751633408586669324
0082,0,A_copy,16,1.140875,1.141,17751633408586669324
0082,0,A_undo,16,1.118792,1.119,17751633408586669324
0082,1,B_undo,16,1.115833,1.115,17751633408586669324
0082,1,A_copy,16,1.106875,1.107,17751633408586669324
0082,1,A_undo,16,1.153083,1.153,17751633408586669324
0082,1,B_copy,16,1.189625,1.193,17751633408586669324
0082,2,A_copy,16,1.167167,1.167,17751633408586669324
0082,2,A_undo,16,1.232292,1.319,17751633408586669324
0082,2,B_copy,16,1.108,1.108,17751633408586669324
0082,2,B_undo,16,1.120791,1.193,17751633408586669324
0082,3,A_undo,16,1.129417,1.129,17751633408586669324
0082,3,B_copy,16,1.130417,1.131,17751633408586669324
0082,3,B_undo,16,1.0195,1.021,17751633408586669324
0082,3,A_copy,16,1.182791,1.185,17751633408586669324
0082,4,B_copy,16,1.117416,1.117,17751633408586669324
0082,4,B_undo,16,1.128042,1.128,17751633408586669324
0082,4,A_copy,16,1.1135,1.113,17751633408586669324
0082,4,A_undo,16,1.12025,1.12,17751633408586669324
0082,5,B_undo,16,1.153541,1.153,17751633408586669324
0082,5,A_copy,16,1.143625,1.144,17751633408586669324
0082,5,A_undo,16,1.14075,1.145,17751633408586669324
0082,5,B_copy,16,1.148666,1.148,17751633408586669324
0082,6,A_copy,16,1.131833,1.132,17751633408586669324
0082,6,A_undo,16,1.121875,1.122,17751633408586669324
0082,6,B_copy,16,1.137791,1.138,17751633408586669324
0082,6,B_undo,16,1.136167,1.136,17751633408586669324
0082,7,A_undo,16,1.159458,1.159,17751633408586669324
0082,7,B_copy,16,1.159458,1.16,17751633408586669324
0082,7,B_undo,16,1.110334,1.11,17751633408586669324
0082,7,A_copy,16,1.127416,1.127,17751633408586669324
0083,0,B_undo,16,0.461708,0.462,11042151890007676644
0083,0,A_copy,16,0.58525,0.585,11042151890007676644
0083,0,A_undo,16,0.583084,0.583,11042151890007676644
0083,0,B_copy,16,0.577584,0.578,11042151890007676644
0083,1,A_copy,16,0.558,0.558,11042151890007676644
0083,1,A_undo,16,0.558,0.558,11042151890007676644
0083,1,B_copy,16,0.552125,0.552,11042151890007676644
0083,1,B_undo,16,0.570084,0.57,11042151890007676644
0083,2,A_undo,16,0.571708,0.572,11042151890007676644
0083,2,B_copy,16,0.588292,0.588,11042151890007676644
0083,2,B_undo,16,0.557875,0.557,11042151890007676644
0083,2,A_copy,16,0.580041,0.58,11042151890007676644
0083,3,B_copy,16,0.565833,0.566,11042151890007676644
0083,3,B_undo,16,0.625084,0.631,11042151890007676644
0083,3,A_copy,16,0.599917,0.6,11042151890007676644
0083,3,A_undo,16,0.596209,0.596,11042151890007676644
0083,4,B_undo,16,0.56025,0.56,11042151890007676644
0083,4,A_copy,16,0.566834,0.566,11042151890007676644
0083,4,A_undo,16,0.570625,0.571,11042151890007676644
0083,4,B_copy,16,0.599416,0.6,11042151890007676644
0083,5,A_copy,16,0.581208,0.581,11042151890007676644
0083,5,A_undo,16,0.578833,0.579,11042151890007676644
0083,5,B_copy,16,0.567708,0.567,11042151890007676644
0083,5,B_undo,16,0.602833,0.603,11042151890007676644
0083,6,A_undo,16,0.575292,0.575,11042151890007676644
0083,6,B_copy,16,0.564458,0.565,11042151890007676644
0083,6,B_undo,16,0.563958,0.564,11042151890007676644
0083,6,A_copy,16,0.620417,0.621,11042151890007676644
0083,7,B_copy,16,0.551417,0.552,11042151890007676644
0083,7,B_undo,16,0.542917,0.543,11042151890007676644
0083,7,A_copy,16,0.568791,0.569,11042151890007676644
0083,7,A_undo,16,0.576458,0.577,11042151890007676644
0084,0,A_copy,16,0.907375000001,0.908,7481868659295196331
0084,0,A_undo,16,0.899333,0.899,7481868659295196331
0084,0,B_copy,16,0.909292,0.909,7481868659295196331
0084,0,B_undo,16,0.893708,0.893,7481868659295196331
0084,1,A_undo,16,0.942332999999,0.943,7481868659295196331
0084,1,B_copy,16,0.916167,0.916,7481868659295196331
0084,1,B_undo,16,0.929333,0.929,7481868659295196331
0084,1,A_copy,16,0.917041,0.917,7481868659295196331
0084,2,B_copy,16,0.948583,0.954,7481868659295196331
0084,2,B_undo,16,0.966667,0.969,7481868659295196331
0084,2,A_copy,16,1.047542,1.181,7481868659295196331
0084,2,A_undo,16,0.921583,0.922,7481868659295196331
0084,3,B_undo,16,0.922084,0.921,7481868659295196331
0084,3,A_copy,16,0.973584,0.974,7481868659295196331
0084,3,A_undo,16,0.974375,0.974,7481868659295196331
0084,3,B_copy,16,0.983375000001,0.985,7481868659295196331
0084,4,A_copy,16,0.931790999999,0.932,7481868659295196331
0084,4,A_undo,16,0.948291,0.948,7481868659295196331
0084,4,B_copy,16,0.915167,0.915,7481868659295196331
0084,4,B_undo,16,0.907667,0.907,7481868659295196331
0084,5,A_undo,16,0.892709,0.893,7481868659295196331
0084,5,B_copy,16,0.902041,0.902,7481868659295196331
0084,5,B_undo,16,0.893708,0.894,7481868659295196331
0084,5,A_copy,16,0.910083,0.91,7481868659295196331
0084,6,B_copy,16,0.930208,0.93,7481868659295196331
0084,6,B_undo,16,0.909292,0.909,7481868659295196331
0084,6,A_copy,16,0.933499999999,0.939,7481868659295196331
0084,6,A_undo,16,0.918707999999,0.919,7481868659295196331
0084,7,B_undo,16,0.919666,0.92,7481868659295196331
0084,7,A_copy,16,0.901708,0.902,7481868659295196331
0084,7,A_undo,16,0.927334,0.928,7481868659295196331
0084,7,B_copy,16,0.965458,0.965,7481868659295196331
0085,0,A_undo,16,1.056833,1.057,14793244645954889243
0085,0,B_copy,16,1.068125,1.068,14793244645954889243
0085,0,B_undo,16,1.102125,1.102,14793244645954889243
0085,0,A_copy,16,1.086667,1.087,14793244645954889243
0085,1,B_copy,16,1.137291,1.143,14793244645954889243
0085,1,B_undo,16,1.0845,1.085,14793244645954889243
0085,1,A_copy,16,1.066042,1.066,14793244645954889243
0085,1,A_undo,16,1.117917,1.118,14793244645954889243
0085,2,B_undo,16,1.133083,1.133,14793244645954889243
0085,2,A_copy,16,1.109959,1.11,14793244645954889243
0085,2,A_undo,16,1.121125,1.131,14793244645954889243
0085,2,B_copy,16,1.125916,1.126,14793244645954889243
0085,3,A_copy,16,1.061125,1.061,14793244645954889243
0085,3,A_undo,16,1.051125,1.051,14793244645954889243
0085,3,B_copy,16,1.068583,1.068,14793244645954889243
0085,3,B_undo,16,1.058667,1.059,14793244645954889243
0085,4,A_undo,16,1.051541,1.052,14793244645954889243
0085,4,B_copy,16,1.095625,1.095,14793244645954889243
0085,4,B_undo,16,1.077209,1.077,14793244645954889243
0085,4,A_copy,16,1.141583,1.154,14793244645954889243
0085,5,B_copy,16,1.086083,1.086,14793244645954889243
0085,5,B_undo,16,1.079792,1.08,14793244645954889243
0085,5,A_copy,16,1.050917,1.05,14793244645954889243
0085,5,A_undo,16,1.091375,1.092,14793244645954889243
0085,6,B_undo,16,1.07475,1.074,14793244645954889243
0085,6,A_copy,16,1.08075,1.084,14793244645954889243
0085,6,A_undo,16,1.1335,1.155,14793244645954889243
0085,6,B_copy,16,1.126291,1.126,14793244645954889243
0085,7,A_copy,16,1.077833,1.077,14793244645954889243
0085,7,A_undo,16,1.22675,1.303,14793244645954889243
0085,7,B_copy,16,1.073916,1.074,14793244645954889243
0085,7,B_undo,16,1.057334,1.057,14793244645954889243
0086,0,B_copy,16,0.301292,0.302,7851474606547604777
0086,0,B_undo,16,0.270375,0.27,7851474606547604777
0086,0,A_copy,16,0.341541,0.341,7851474606547604777
0086,0,A_undo,16,0.347,0.347,7851474606547604777
0086,1,B_undo,16,0.322167,0.322,7851474606547604777
0086,1,A_copy,16,0.291083,0.291,7851474606547604777
0086,1,A_undo,16,0.313333,0.313,7851474606547604777
0086,1,B_copy,16,0.345584,0.345,7851474606547604777
0086,2,A_copy,16,0.300999999999,0.301,7851474606547604777
0086,2,A_undo,16,0.28675,0.286,7851474606547604777
0086,2,B_copy,16,0.332709,0.335,7851474606547604777
0086,2,B_undo,16,0.355208,0.355,7851474606547604777
0086,3,A_undo,16,0.365625,0.366,7851474606547604777
0086,3,B_copy,16,0.358458,0.358,7851474606547604777
0086,3,B_undo,16,0.331542,0.331,7851474606547604777
0086,3,A_copy,16,0.372042,0.372,7851474606547604777
0086,4,B_copy,16,0.321,0.32,7851474606547604777
0086,4,B_undo,16,0.3005,0.3,7851474606547604777
0086,4,A_copy,16,0.284583,0.285,7851474606547604777
0086,4,A_undo,16,0.34975,0.35,7851474606547604777
0086,5,B_undo,16,0.285541,0.285,7851474606547604777
0086,5,A_copy,16,0.294916000001,0.295,7851474606547604777
0086,5,A_undo,16,0.307374999999,0.308,7851474606547604777
0086,5,B_copy,16,0.343542,0.344,7851474606547604777
0086,6,A_copy,16,0.2905,0.29,7851474606547604777
0086,6,A_undo,16,0.310416,0.31,7851474606547604777
0086,6,B_copy,16,0.296917,0.297,7851474606547604777
0086,6,B_undo,16,0.327292,0.327,7851474606547604777
0086,7,A_undo,16,0.288334,0.288,7851474606547604777
0086,7,B_copy,16,0.307833,0.307,7851474606547604777
0086,7,B_undo,16,0.285,0.285,7851474606547604777
0086,7,A_copy,16,0.324666999999,0.324,7851474606547604777
0087,0,B_undo,16,0.796707999999,0.796,11651173533975474020
0087,0,A_copy,16,0.956416999999,0.957,11651173533975474020
0087,0,A_undo,16,0.985208,0.986,11651173533975474020
0087,0,B_copy,16,0.962542000001,0.962,11651173533975474020
0087,1,A_copy,16,0.940625,0.941,11651173533975474020
0087,1,A_undo,16,0.955125,0.955,11651173533975474020
0087,1,B_copy,16,0.923667,0.923,11651173533975474020
0087,1,B_undo,16,0.943292,0.943,11651173533975474020
0087,2,A_undo,16,0.938208,0.938,11651173533975474020
0087,2,B_copy,16,0.947333,0.95,11651173533975474020
0087,2,B_undo,16,0.950083999999,0.949,11651173533975474020
0087,2,A_copy,16,0.976834,0.976,11651173533975474020
0087,3,B_copy,16,0.936917,0.937,11651173533975474020
0087,3,B_undo,16,0.914291,0.914,11651173533975474020
0087,3,A_copy,16,0.922916,0.923,11651173533975474020
0087,3,A_undo,16,0.929416,0.929,11651173533975474020
0087,4,B_undo,16,0.947375,0.947,11651173533975474020
0087,4,A_copy,16,1.027458,1.084,11651173533975474020
0087,4,A_undo,16,0.970208,0.97,11651173533975474020
0087,4,B_copy,16,0.943291,0.951,11651173533975474020
0087,5,A_copy,16,0.955166,0.959,11651173533975474020
0087,5,A_undo,16,0.919875,0.919,11651173533975474020
0087,5,B_copy,16,0.946125,0.946,11651173533975474020
0087,5,B_undo,16,0.922708,0.923,11651173533975474020
0087,6,A_undo,16,0.927084,0.927,11651173533975474020
0087,6,B_copy,16,0.927458,0.927,11651173533975474020
0087,6,B_undo,16,0.938167,0.938,11651173533975474020
0087,6,A_copy,16,0.949875,0.95,11651173533975474020
0087,7,B_copy,16,0.935375,0.935,11651173533975474020
0087,7,B_undo,16,0.924208,0.924,11651173533975474020
0087,7,A_copy,16,0.941666,0.941,11651173533975474020
0087,7,A_undo,16,0.994541,1.021,11651173533975474020
0088,0,A_copy,16,0.8855,0.886,4914274657238142912
0088,0,A_undo,16,0.862875,0.863,4914274657238142912
0088,0,B_copy,16,0.894792,0.894,4914274657238142912
0088,0,B_undo,16,0.866458,0.867,4914274657238142912
0088,1,A_undo,16,0.9085,0.921,4914274657238142912
0088,1,B_copy,16,0.8765,0.878,4914274657238142912
0088,1,B_undo,16,0.871458,0.871,4914274657238142912
0088,1,A_copy,16,0.871167000001,0.871,4914274657238142912
0088,2,B_copy,16,0.858125,0.858,4914274657238142912
0088,2,B_undo,16,0.862625000001,0.863,4914274657238142912
0088,2,A_copy,16,0.834834,0.834,4914274657238142912
0088,2,A_undo,16,0.890333,0.891,4914274657238142912
0088,3,B_undo,16,0.86275,0.863,4914274657238142912
0088,3,A_copy,16,0.890417,0.89,4914274657238142912
0088,3,A_undo,16,0.861917,0.862,4914274657238142912
0088,3,B_copy,16,0.868875,0.868,4914274657238142912
0088,4,A_copy,16,0.829667000001,0.83,4914274657238142912
0088,4,A_undo,16,0.848082999999,0.848,4914274657238142912
0088,4,B_copy,16,0.841459,0.841,4914274657238142912
0088,4,B_undo,16,0.853542000001,0.853,4914274657238142912
0088,5,A_undo,16,0.847084,0.847,4914274657238142912
0088,5,B_copy,16,0.889125,0.889,4914274657238142912
0088,5,B_undo,16,0.859125,0.859,4914274657238142912
0088,5,A_copy,16,0.889542,0.901,4914274657238142912
0088,6,B_copy,16,0.873458,0.873,4914274657238142912
0088,6,B_undo,16,0.862917,0.863,4914274657238142912
0088,6,A_copy,16,0.834667,0.834,4914274657238142912
0088,6,A_undo,16,0.871500000001,0.872,4914274657238142912
0088,7,B_undo,16,0.840875,0.841,4914274657238142912
0088,7,A_copy,16,0.835,0.835,4914274657238142912
0088,7,A_undo,16,0.846667,0.846,4914274657238142912
0088,7,B_copy,16,0.895583,0.897,4914274657238142912
0089,0,A_undo,16,1.259375,1.259,10186726659102020261
0089,0,B_copy,16,1.237042,1.237,10186726659102020261
0089,0,B_undo,16,1.233125,1.233,10186726659102020261
0089,0,A_copy,16,1.28925,1.292,10186726659102020261
0089,1,B_copy,16,1.210333,1.231,10186726659102020261
0089,1,B_undo,16,1.372416,1.453,10186726659102020261
0089,1,A_copy,16,1.237834,1.238,10186726659102020261
0089,1,A_undo,16,1.222667,1.222,10186726659102020261
0089,2,B_undo,16,1.220417,1.22,10186726659102020261
0089,2,A_copy,16,1.240917,1.241,10186726659102020261
0089,2,A_undo,16,1.249542,1.249,10186726659102020261
0089,2,B_copy,16,1.329208,1.358,10186726659102020261
0089,3,A_copy,16,1.245584,1.246,10186726659102020261
0089,3,A_undo,16,1.241375,1.241,10186726659102020261
0089,3,B_copy,16,1.246209,1.246,10186726659102020261
0089,3,B_undo,16,1.231458,1.231,10186726659102020261
0089,4,A_undo,16,1.23025,1.23,10186726659102020261
0089,4,B_copy,16,1.259208,1.259,10186726659102020261
0089,4,B_undo,16,1.27225,1.272,10186726659102020261
0089,4,A_copy,16,1.219125,1.219,10186726659102020261
0089,5,B_copy,16,1.246667,1.247,10186726659102020261
0089,5,B_undo,16,1.209291,1.209,10186726659102020261
0089,5,A_copy,16,1.240417,1.24,10186726659102020261
0089,5,A_undo,16,1.272291,1.272,10186726659102020261
0089,6,B_undo,16,1.288583,1.305,10186726659102020261
0089,6,A_copy,16,1.253583,1.254,10186726659102020261
0089,6,A_undo,16,1.242875,1.243,10186726659102020261
0089,6,B_copy,16,1.230958,1.23,10186726659102020261
0089,7,A_copy,16,1.216834,1.217,10186726659102020261
0089,7,A_undo,16,1.228834,1.229,10186726659102020261
0089,7,B_copy,16,1.273917,1.276,10186726659102020261
0089,7,B_undo,16,1.278959,1.279,10186726659102020261
0090,0,B_copy,16,0.877584,0.877,11030790658559639585
0090,0,B_undo,16,0.844084000001,0.844,11030790658559639585
0090,0,A_copy,16,1.040291,1.14,11030790658559639585
0090,0,A_undo,16,0.837708,0.837,11030790658559639585
0090,1,B_undo,16,0.857166999999,0.857,11030790658559639585
0090,1,A_copy,16,0.838667,0.838,11030790658559639585
0090,1,A_undo,16,0.831124999999,0.831,11030790658559639585
0090,1,B_copy,16,0.875042000001,0.875,11030790658559639585
0090,2,A_copy,16,0.848334,0.848,11030790658559639585
0090,2,A_undo,16,0.844791,0.844,11030790658559639585
0090,2,B_copy,16,0.888333,0.907,11030790658559639585
0090,2,B_undo,16,0.862583,0.866,11030790658559639585
0090,3,A_undo,16,0.847667,0.848,11030790658559639585
0090,3,B_copy,16,0.873291,0.873,11030790658559639585
0090,3,B_undo,16,0.840917,0.841,11030790658559639585
0090,3,A_copy,16,0.856916,0.856,11030790658559639585
0090,4,B_copy,16,0.868333000001,0.868,11030790658559639585
0090,4,B_undo,16,0.88725,0.887,11030790658559639585
0090,4,A_copy,16,0.851167,0.854,11030790658559639585
0090,4,A_undo,16,0.854333,0.854,11030790658559639585
0090,5,B_undo,16,0.932583,0.998,11030790658559639585
0090,5,A_copy,16,0.758125,0.758,11030790658559639585
0090,5,A_undo,16,0.875167,0.875,11030790658559639585
0090,5,B_copy,16,0.855875,0.856,11030790658559639585
0090,6,A_copy,16,0.842417,0.842,11030790658559639585
0090,6,A_undo,16,0.824041,0.824,11030790658559639585
0090,6,B_copy,16,0.852208,0.852,11030790658559639585
0090,6,B_undo,16,0.8755,0.876,11030790658559639585
0090,7,A_undo,16,0.842667,0.843,11030790658559639585
0090,7,B_copy,16,0.884333,0.886,11030790658559639585
0090,7,B_undo,16,0.826166,0.826,11030790658559639585
0090,7,A_copy,16,0.845,0.845,11030790658559639585
0091,0,B_undo,16,0.448375,0.448,10196311132815265643
0091,0,A_copy,16,0.555292,0.555,10196311132815265643
0091,0,A_undo,16,0.558833,0.558,10196311132815265643
0091,0,B_copy,16,0.564416,0.565,10196311132815265643
0091,1,A_copy,16,0.56175,0.562,10196311132815265643
0091,1,A_undo,16,0.557375,0.557,10196311132815265643
0091,1,B_copy,16,0.559542,0.559,10196311132815265643
0091,1,B_undo,16,0.556166,0.556,10196311132815265643
0091,2,A_undo,16,0.612584,0.638,10196311132815265643
0091,2,B_copy,16,0.599959,0.599,10196311132815265643
0091,2,B_undo,16,0.567791,0.568,10196311132815265643
0091,2,A_copy,16,0.5635,0.563,10196311132815265643
0091,3,B_copy,16,0.559792,0.56,10196311132815265643
0091,3,B_undo,16,0.553,0.553,10196311132815265643
0091,3,A_copy,16,0.527875,0.528,10196311132815265643
0091,3,A_undo,16,0.553,0.553,10196311132815265643
0091,4,B_undo,16,0.546249999999,0.546,10196311132815265643
0091,4,A_copy,16,0.540750000001,0.541,10196311132815265643
0091,4,A_undo,16,0.542332999999,0.542,10196311132815265643
0091,4,B_copy,16,0.607292000001,0.607,10196311132815265643
0091,5,A_copy,16,0.668333,0.755,10196311132815265643
0091,5,A_undo,16,0.563167,0.563,10196311132815265643
0091,5,B_copy,16,0.590417,0.591,10196311132815265643
0091,5,B_undo,16,0.59175,0.596,10196311132815265643
0091,6,A_undo,16,0.552417,0.552,10196311132815265643
0091,6,B_copy,16,0.546375,0.546,10196311132815265643
0091,6,B_undo,16,0.57,0.57,10196311132815265643
0091,6,A_copy,16,0.549458,0.55,10196311132815265643
0091,7,B_copy,16,0.539708,0.54,10196311132815265643
0091,7,B_undo,16,0.541625,0.541,10196311132815265643
0091,7,A_copy,16,0.542542000001,0.542,10196311132815265643
0091,7,A_undo,16,0.550499999999,0.551,10196311132815265643
0092,0,A_copy,16,1.384416,1.384,11227728960418280545
0092,0,A_undo,16,1.42475,1.445,11227728960418280545
0092,0,B_copy,16,1.39725,1.397,11227728960418280545
0092,0,B_undo,16,1.41225,1.413,11227728960418280545
0092,1,A_undo,16,1.435625,1.435,11227728960418280545
0092,1,B_copy,16,1.439834,1.44,11227728960418280545
0092,1,B_undo,16,1.411292,1.414,11227728960418280545
0092,1,A_copy,16,1.386166,1.386,11227728960418280545
0092,2,B_copy,16,1.377,1.377,11227728960418280545
0092,2,B_undo,16,1.402917,1.403,11227728960418280545
0092,2,A_copy,16,1.35125,1.352,11227728960418280545
0092,2,A_undo,16,1.364833,1.365,11227728960418280545
0092,3,B_undo,16,1.401125,1.401,11227728960418280545
0092,3,A_copy,16,1.420334,1.44,11227728960418280545
0092,3,A_undo,16,1.389917,1.389,11227728960418280545
0092,3,B_copy,16,1.409958,1.409,11227728960418280545
0092,4,A_copy,16,1.536291,1.629,11227728960418280545
0092,4,A_undo,16,1.390708,1.391,11227728960418280545
0092,4,B_copy,16,1.393417,1.393,11227728960418280545
0092,4,B_undo,16,1.400375,1.401,11227728960418280545
0092,5,A_undo,16,1.355,1.354,11227728960418280545
0092,5,B_copy,16,1.373959,1.374,11227728960418280545
0092,5,B_undo,16,1.345875,1.345,11227728960418280545
0092,5,A_copy,16,1.372875,1.373,11227728960418280545
0092,6,B_copy,16,1.382792,1.383,11227728960418280545
0092,6,B_undo,16,1.431792,1.435,11227728960418280545
0092,6,A_copy,16,1.349583,1.35,11227728960418280545
0092,6,A_undo,16,1.384917,1.385,11227728960418280545
0092,7,B_undo,16,1.427792,1.428,11227728960418280545
0092,7,A_copy,16,1.397958,1.398,11227728960418280545
0092,7,A_undo,16,1.469709,1.477,11227728960418280545
0092,7,B_copy,16,1.389292,1.39,11227728960418280545
0093,0,A_undo,14,0.405417000001,0.406,7954498350116324031
0093,0,B_copy,14,0.438833,0.454,7954498350116324031
0093,0,B_undo,14,0.389083,0.389,7954498350116324031
0093,0,A_copy,14,0.40875,0.412,7954498350116324031
0093,1,B_copy,14,0.516833,0.557,7954498350116324031
0093,1,B_undo,14,0.383291,0.383,7954498350116324031
0093,1,A_copy,14,0.402083,0.402,7954498350116324031
0093,1,A_undo,14,0.373584,0.373,7954498350116324031
0093,2,B_undo,14,0.374917,0.375,7954498350116324031
0093,2,A_copy,14,0.351,0.35,7954498350116324031
0093,2,A_undo,14,0.365833,0.366,7954498350116324031
0093,2,B_copy,14,0.39525,0.395,7954498350116324031
0093,3,A_copy,14,0.365,0.364,7954498350116324031
0093,3,A_undo,14,0.359959,0.36,7954498350116324031
0093,3,B_copy,14,0.354083,0.354,7954498350116324031
0093,3,B_undo,14,0.390917,0.391,7954498350116324031
0093,4,A_undo,14,0.349792,0.349,7954498350116324031
0093,4,B_copy,14,0.381625,0.382,7954498350116324031
0093,4,B_undo,14,0.333458999999,0.333,7954498350116324031
0093,4,A_copy,14,0.379375,0.379,7954498350116324031
0093,5,B_copy,14,0.335583,0.335,7954498350116324031
0093,5,B_undo,14,0.349,0.349,7954498350116324031
0093,5,A_copy,14,0.350249999999,0.35,7954498350116324031
0093,5,A_undo,14,0.372708,0.373,7954498350116324031
0093,6,B_undo,14,0.3315,0.331,7954498350116324031
0093,6,A_copy,14,0.325292,0.325,7954498350116324031
0093,6,A_undo,14,0.341292,0.341,7954498350116324031
0093,6,B_copy,14,0.374667,0.374,7954498350116324031
0093,7,A_copy,14,0.338958,0.339,7954498350116324031
0093,7,A_undo,14,0.330583999999,0.331,7954498350116324031
0093,7,B_copy,14,0.348875,0.348,7954498350116324031
0093,7,B_undo,14,0.371458,0.372,7954498350116324031
0094,0,B_copy,16,0.895916,0.895,14523748338780053843
0094,0,B_undo,16,0.873625,0.873,14523748338780053843
0094,0,A_copy,16,0.947417,0.947,14523748338780053843
0094,0,A_undo,16,0.945667,0.946,14523748338780053843
0094,1,B_undo,16,1.029125,1.054,14523748338780053843
0094,1,A_copy,16,0.976167,0.982,14523748338780053843
0094,1,A_undo,16,0.933542,0.933,14523748338780053843
0094,1,B_copy,16,0.946249999999,0.947,14523748338780053843
0094,2,A_copy,16,0.925,0.925,14523748338780053843
0094,2,A_undo,16,0.951916,0.955,14523748338780053843
0094,2,B_copy,16,0.94225,0.942,14523748338780053843
0094,2,B_undo,16,0.896458000001,0.899,14523748338780053843
0094,3,A_undo,16,0.969208,0.969,14523748338780053843
0094,3,B_copy,16,0.94875,0.949,14523748338780053843
0094,3,B_undo,16,0.927291,0.927,14523748338780053843
0094,3,A_copy,16,0.94075,0.94,14523748338780053843
0094,4,B_copy,16,0.922667,0.923,14523748338780053843
0094,4,B_undo,16,0.93,0.929,14523748338780053843
0094,4,A_copy,16,0.903333,0.903,14523748338780053843
0094,4,A_undo,16,0.964000000001,0.964,14523748338780053843
0094,5,B_undo,16,0.931666,0.931,14523748338780053843
0094,5,A_copy,16,0.95775,0.96,14523748338780053843
0094,5,A_undo,16,0.874166,0.874,14523748338780053843
0094,5,B_copy,16,0.951667,0.952,14523748338780053843
0094,6,A_copy,16,0.932917,0.932,14523748338780053843
0094,6,A_undo,16,0.947625,0.948,14523748338780053843
0094,6,B_copy,16,0.984042,0.984,14523748338780053843
0094,6,B_undo,16,1.014125,1.014,14523748338780053843
0094,7,A_undo,16,0.908958,0.908,14523748338780053843
0094,7,B_copy,16,0.987542,0.998,14523748338780053843
0094,7,B_undo,16,0.940375,0.94,14523748338780053843
0094,7,A_copy,16,0.930666,0.931,14523748338780053843
0095,0,B_undo,16,0.91375,0.983,18118980170442291032
0095,0,A_copy,16,0.828916000001,0.842,18118980170442291032
0095,0,A_undo,16,0.815083,0.815,18118980170442291032
0095,0,B_copy,16,0.804917,0.805,18118980170442291032
0095,1,A_copy,16,0.791416999999,0.791,18118980170442291032
0095,1,A_undo,16,0.780292,0.78,18118980170442291032
0095,1,B_copy,16,0.779292,0.779,18118980170442291032
0095,1,B_undo,16,0.777875000001,0.778,18118980170442291032
0095,2,A_undo,16,0.768417,0.769,18118980170442291032
0095,2,B_copy,16,0.802625,0.803,18118980170442291032
0095,2,B_undo,16,0.727959,0.73,18118980170442291032
0095,2,A_copy,16,0.792792,0.792,18118980170442291032
0095,3,B_copy,16,0.844208,0.848,18118980170442291032
0095,3,B_undo,16,0.874415999999,0.892,18118980170442291032
0095,3,A_copy,16,0.807500000001,0.808,18118980170442291032
0095,3,A_undo,16,0.788417000001,0.788,18118980170442291032
0095,4,B_undo,16,0.779333,0.779,18118980170442291032
0095,4,A_copy,16,0.782916,0.783,18118980170442291032
0095,4,A_undo,16,0.780667000001,0.781,18118980170442291032
0095,4,B_copy,16,0.835749999999,0.835,18118980170442291032
0095,5,A_copy,16,0.791958,0.792,18118980170442291032
0095,5,A_undo,16,0.793042000001,0.793,18118980170442291032
0095,5,B_copy,16,0.784041999999,0.791,18118980170442291032
0095,5,B_undo,16,0.775666,0.776,18118980170442291032
0095,6,A_undo,16,0.803707999999,0.803,18118980170442291032
0095,6,B_copy,16,0.868000000001,0.868,18118980170442291032
0095,6,B_undo,16,0.814582999999,0.814,18118980170442291032
0095,6,A_copy,16,1.087125,1.147,18118980170442291032
0095,7,B_copy,16,0.794041000001,0.81,18118980170442291032
0095,7,B_undo,16,0.813458,0.816,18118980170442291032
0095,7,A_copy,16,0.823625,0.825,18118980170442291032
0095,7,A_undo,16,0.797958,0.797,18118980170442291032
0096,0,A_copy,16,0.653667,0.654,5031725470751658344
0096,0,A_undo,16,0.642249999999,0.643,5031725470751658344
0096,0,B_copy,16,0.633208,0.633,5031725470751658344
0096,0,B_undo,16,0.690417,0.694,5031725470751658344
0096,1,A_undo,16,0.746625,0.818,5031725470751658344
0096,1,B_copy,16,0.680417,0.68,5031725470751658344
0096,1,B_undo,16,0.74075,1.005,5031725470751658344
0096,1,A_copy,16,0.699875,0.714,5031725470751658344
0096,2,B_copy,16,0.766,0.84,5031725470751658344
0096,2,B_undo,16,0.646124999999,0.646,5031725470751658344
0096,2,A_copy,16,0.644416999999,0.644,5031725470751658344
0096,2,A_undo,16,0.820625,0.936,5031725470751658344
0096,3,B_undo,16,0.644833,0.645,5031725470751658344
0096,3,A_copy,16,0.625917000001,0.625,5031725470751658344
0096,3,A_undo,16,0.6975,0.715,5031725470751658344
0096,3,B_copy,16,0.809917,0.869,5031725470751658344
0096,4,A_copy,16,0.753542,1,5031725470751658344
0096,4,A_undo,16,0.70775,0.721,5031725470751658344
0096,4,B_copy,16,0.742709,0.766,5031725470751658344
0096,4,B_undo,16,0.739125,0.764,5031725470751658344
0096,5,A_undo,16,0.710917,0.737,5031725470751658344
0096,5,B_copy,16,0.653667,0.676,5031725470751658344
0096,5,B_undo,16,0.675166,0.675,5031725470751658344
0096,5,A_copy,16,0.678042,0.678,5031725470751658344
0096,6,B_copy,16,0.625417,0.626,5031725470751658344
0096,6,B_undo,16,0.624833,0.625,5031725470751658344
0096,6,A_copy,16,0.616958,0.617,5031725470751658344
0096,6,A_undo,16,0.6825,0.683,5031725470751658344
0096,7,B_undo,16,0.718459,0.762,5031725470751658344
0096,7,A_copy,16,0.644458,0.644,5031725470751658344
0096,7,A_undo,16,0.648041,0.648,5031725470751658344
0096,7,B_copy,16,0.662916,0.663,5031725470751658344
0097,0,A_undo,16,1.193042,1.235,13803786223115738420
0097,0,B_copy,16,1.347125,1.564,13803786223115738420
0097,0,B_undo,16,0.938208,0.94,13803786223115738420
0097,0,A_copy,16,0.899791999999,0.9,13803786223115738420
0097,1,B_copy,16,0.986583,1.004,13803786223115738420
0097,1,B_undo,16,0.919375,0.919,13803786223115738420
0097,1,A_copy,16,0.924042,0.924,13803786223115738420
0097,1,A_undo,16,1.147375,1.215,13803786223115738420
0097,2,B_undo,16,0.898084,0.897,13803786223115738420
0097,2,A_copy,16,0.877375,0.878,13803786223115738420
0097,2,A_undo,16,0.886791,0.886,13803786223115738420
0097,2,B_copy,16,0.936667,0.95,13803786223115738420
0097,3,A_copy,16,0.964333,0.969,13803786223115738420
0097,3,A_undo,16,0.87225,0.872,13803786223115738420
0097,3,B_copy,16,0.87925,0.879,13803786223115738420
0097,3,B_undo,16,0.907209,0.907,13803786223115738420
0097,4,A_undo,16,0.876584,0.876,13803786223115738420
0097,4,B_copy,16,0.881667,0.881,13803786223115738420
0097,4,B_undo,16,0.888375,0.895,13803786223115738420
0097,4,A_copy,16,0.897584,0.897,13803786223115738420
0097,5,B_copy,16,0.879542,0.88,13803786223115738420
0097,5,B_undo,16,0.880042,0.879,13803786223115738420
0097,5,A_copy,16,0.872459,0.873,13803786223115738420
0097,5,A_undo,16,0.885042,0.885,13803786223115738420
0097,6,B_undo,16,0.877583,0.878,13803786223115738420
0097,6,A_copy,16,0.868333000001,0.868,13803786223115738420
0097,6,A_undo,16,0.886375,0.886,13803786223115738420
0097,6,B_copy,16,0.904125,0.904,13803786223115738420
0097,7,A_copy,16,0.871166,0.871,13803786223115738420
0097,7,A_undo,16,0.885083,0.885,13803786223115738420
0097,7,B_copy,16,0.895417,0.895,13803786223115738420
0097,7,B_undo,16,0.893916,0.894,13803786223115738420
0098,0,B_copy,16,0.694708,0.695,8068593544191781722
0098,0,B_undo,16,0.691917,0.692,8068593544191781722
0098,0,A_copy,16,0.746833,0.746,8068593544191781722
0098,0,A_undo,16,0.983125,1.065,8068593544191781722
0098,1,B_undo,16,0.728125,0.728,8068593544191781722
0098,1,A_copy,16,0.736542,0.736,8068593544191781722
0098,1,A_undo,16,0.798541,0.816,8068593544191781722
0098,1,B_copy,16,0.913375,0.945,8068593544191781722
0098,2,A_copy,16,0.751792,0.752,8068593544191781722
0098,2,A_undo,16,0.733250000001,0.733,8068593544191781722
0098,2,B_copy,16,0.738,0.738,8068593544191781722
0098,2,B_undo,16,0.747042,0.747,8068593544191781722
0098,3,A_undo,16,0.720709,0.721,8068593544191781722
0098,3,B_copy,16,0.733084,0.733,8068593544191781722
0098,3,B_undo,16,0.722125,0.722,8068593544191781722
0098,3,A_copy,16,0.745292,0.746,8068593544191781722
0098,4,B_copy,16,0.747416,0.748,8068593544191781722
0098,4,B_undo,16,0.715416,0.715,8068593544191781722
0098,4,A_copy,16,0.716917,0.716,8068593544191781722
0098,4,A_undo,16,0.731916,0.732,8068593544191781722
0098,5,B_undo,16,0.723917,0.724,8068593544191781722
0098,5,A_copy,16,0.722416,0.723,8068593544191781722
0098,5,A_undo,16,0.730833,0.731,8068593544191781722
0098,5,B_copy,16,0.747208,0.747,8068593544191781722
0098,6,A_copy,16,0.724792,0.724,8068593544191781722
0098,6,A_undo,16,0.719542,0.72,8068593544191781722
0098,6,B_copy,16,0.726834,0.727,8068593544191781722
0098,6,B_undo,16,0.738708,0.738,8068593544191781722
0098,7,A_undo,16,0.763667,0.782,8068593544191781722
0098,7,B_copy,16,0.875958,1.019,8068593544191781722
0098,7,B_undo,16,0.778708,0.781,8068593544191781722
0098,7,A_copy,16,0.749834,0.75,8068593544191781722
0099,0,B_undo,16,0.9585,0.958,10896180179364766647
0099,0,A_copy,16,1.1345,1.135,10896180179364766647
0099,0,A_undo,16,1.121,1.121,10896180179364766647
0099,0,B_copy,16,1.186125,1.188,10896180179364766647
0099,1,A_copy,16,1.1455,1.145,10896180179364766647
0099,1,A_undo,16,1.174417,1.174,10896180179364766647
0099,1,B_copy,16,1.228041,1.27,10896180179364766647
0099,1,B_undo,16,1.117958,1.118,10896180179364766647
0099,2,A_undo,16,1.11325,1.113,10896180179364766647
0099,2,B_copy,16,1.111584,1.111,10896180179364766647
0099,2,B_undo,16,1.098333,1.098,10896180179364766647
0099,2,A_copy,16,1.101333,1.101,10896180179364766647
0099,3,B_copy,16,1.102917,1.103,10896180179364766647
0099,3,B_undo,16,1.098833,1.099,10896180179364766647
0099,3,A_copy,16,1.099708,1.1,10896180179364766647
0099,3,A_undo,16,1.1055,1.105,10896180179364766647
0099,4,B_undo,16,1.104083,1.104,10896180179364766647
0099,4,A_copy,16,1.109042,1.109,10896180179364766647
0099,4,A_undo,16,1.115708,1.277,10896180179364766647
0099,4,B_copy,16,1.251875,1.318,10896180179364766647
0099,5,A_copy,16,1.112333,1.113,10896180179364766647
0099,5,A_undo,16,1.106083,1.106,10896180179364766647
0099,5,B_copy,16,1.111666,1.111,10896180179364766647
0099,5,B_undo,16,1.119667,1.12,10896180179364766647
0099,6,A_undo,16,1.140334,1.141,10896180179364766647
0099,6,B_copy,16,1.10175,1.102,10896180179364766647
0099,6,B_undo,16,1.105292,1.105,10896180179364766647
0099,6,A_copy,16,1.09925,1.099,10896180179364766647
0099,7,B_copy,16,1.105084,1.105,10896180179364766647
0099,7,B_undo,16,1.102666,1.102,10896180179364766647
0099,7,A_copy,16,1.115709,1.116,10896180179364766647
0099,7,A_undo,16,1.139792,1.139,10896180179364766647
