new_rank,old_rank,ids,size,gross_removed,broken_support_jumps,original_priority,priority,expanded_ids,expanded_broken,expanded_gross,tested,extract_status,net_removed,insert_status,final_T,extract_ms,insert_ms
0,1,15 31 46 61 62 66 78 167,8,27,3,7.2806776517069016,6.4791351579410037,15 31 46 61 62 66 78 167,3,27,1,ok,19,failed,-1,0.024999999999999849,1.1589999999999998
1,2,82 122 125 197 202 219 267,7,26,5,7.2022133555805032,5.8303631926127881,82 122 125 197 202 219 245 267,4,31,1,ok,16,failed,-1,0.023000000000000451,0.75200000000000011
2,5,19 238 240 243 245 247 260,7,22,4,6.861096527915767,5.6276409723354046,19 23 238 240 243 245 247 260,3,23,1,ok,15,failed,-1,0.01899999999999992,1.8000000000000005
3,0,2 14 23 28 29 72 73 207,8,30,9,7.8540512867080094,5.5173087551254607,2 14 23 28 29 72 73 207,9,30,1,ok,15,failed,-1,0.034999999999999441,0.90499999999999958
4,28,197 202 219 245 260 267 277 278,8,22,1,5.6894128241772233,5.4337088770231912,197 202 219 245 260 267 277 278,1,22,1,ok,20,failed,-1,0.011999999999999858,1.5980000000000005
5,17,15 31 46 61 62,5,18,2,5.98294908938235,5.3272834357514078,15 31 46 61 62 166 240 256,2,26,1,ok,15,failed,-1,0.015000000000001124,0.83899999999999952
6,10,238 240 243 245 247 260 262 273,8,27,5,6.4585246139477421,5.2734742260674219,238 240 243 245 247 260 262 273,5,27,1,ok,17,failed,-1,0.018000000000000654,1.2189999999999996
7,45,245,1,5,0,5.2429937329291851,5.2429937329291851,245,0,5,1,ok,5,ok,562,0.010000000000001327,0.27199999999999969
8,27,208 245 260 267 278 280 281 283,8,23,2,5.7274690938365094,5.234783580388207,208 245 260 267 278 280 281 283,2,23,1,ok,20,failed,-1,0.013000000000000858,1.4070000000000003
9,25,71 171 184 205 220 232 236 248,8,21,2,5.7502078012410749,5.2090117728889735,71 171 184 205 220 232 236 248,2,21,1,ok,16,failed,-1,0.014000000000000123,1.2820000000000003
10,32,197 202 219 245 267 278,6,17,1,5.4852542708770446,5.1672685160435927,183 197 202 216 219 245 267 278,1,21,1,ok,15,failed,-1,0.011000000000000593,1.3549999999999986
11,34,197 202 219 245 260 267 278,7,18,1,5.4489183655245288,5.1503474961807196,197 202 219 245 260 267 278,1,18,1,ok,16,failed,-1,0.012000000000001593,1.3850000000000009
12,7,15 31 46 48 49 50 61 62,8,26,6,6.6708584180095842,5.1460907796073929,15 31 46 48 49 50 61 62,6,26,1,ok,17,failed,-1,0.020000000000002655,1.2339999999999991
13,18,71 171 205 208 216 220 236 248,8,21,3,5.9665728574497789,5.1242331599274573,71 171 205 208 216 220 236 248,3,21,1,ok,13,failed,-1,0.017000000000003124,1.1549999999999998
14,62,243 245,2,7,0,4.9528721270027516,4.9528721270027516,243 245,0,7,1,ok,7,ok,562,0.0099999999999995925,0.87100000000000022
15,22,71 171 184 205 220 236 248,7,19,3,5.8225041022403392,4.9151008655275588,71 171 184 205 220 236 248 269,3,21,1,ok,11,failed,-1,0.016999999999999654,1.0089999999999995
16,4,11 38 41 55 96 121 144 184,8,24,7,6.8789938487306133,4.8933049027052817,11 38 41 55 96 121 144 184,7,24,1,ok,6,failed,-1,0.036000000000001309,0.65899999999999981
17,55,169 181 191 196 211 212 243 246,8,18,1,5.1337909904133348,4.8524873745002752,169 181 191 196 211 212 243 246,1,18,1,ok,17,ok,566,0.011999999999998123,1.2360000000000011
18,33,245 262,2,8,1,5.4784989435234479,4.8144384655206061,71 171 205 220 236 245 248 262,2,22,1,ok,7,ok,563,0.011000000000000593,0.77799999999999747
19,81,169 181 191 195 196 211 212 243,8,19,0,4.7177139866877775,4.7177139866877775,169 181 191 195 196 211 212 243,0,19,1,ok,19,failed,-1,0.0099999999999995925,1.2990000000000015
20,87,65,1,4,0,4.6490978693632332,4.6490978693632332,65,0,4,1,ok,4,ok,562,0.0089999999999985925,0.22199999999999998
21,54,240 243 245,3,10,1,5.1490090481101225,4.6466667019530377,240 243 245 247 256 273,2,16,1,ok,9,ok,562,0.011000000000000593,1.5030000000000008
22,16,2 51 65 101 117 120 131,7,22,5,5.9916964846141738,4.6452478363862699,2 51 65 99 101 117 120 131,4,25,1,ok,13,failed,-1,0.019999999999999185,0.84100000000000152
23,40,2 99 238 243 260,5,15,2,5.3110159296981019,4.6144892503934338,2 99 238 243 254 260 267,2,21,1,ok,9,failed,-1,0.012999999999999123,0.85899999999999865
24,19,27 30 43 44 58 60 115 206,8,21,5,5.872889229382694,4.4910329401161775,27 30 43 44 58 60 115 206,5,21,1,ok,8,failed,-1,0.018000000000004124,0.85500000000000154
25,20,240 243 247 256 257 273 274 276,8,21,5,5.8680628260612036,4.4873421611056266,240 243 247 256 257 273 274 276,5,21,1,ok,16,failed,-1,0.015999999999995185,0.90900000000000003
26,60,11 38 39 41 54 55 57 81,8,18,2,4.9895653534898248,4.4427636709155971,11 38 39 41 54 55 57 81,2,18,1,ok,13,failed,-1,0.015000000000001124,1.135000000000004
27,9,2 51 65,3,12,4,6.580624704058347,4.4318492904882749,2 51 65 99 101 160 163,5,22,1,ok,7,failed,-1,0.014000000000000123,0.85699999999999665
28,51,11 38 39 41 55 57 69 96,8,20,3,5.1920312716807206,4.4228414536539473,11 38 39 41 55 57 69 96,3,20,1,ok,10,failed,-1,0.019999999999999185,1.3350000000000029
29,78,170 182 183 202 216 219,6,14,1,4.7462532929141128,4.4131828863938241,170 182 183 202 216 219 245,0,19,1,ok,13,failed,-1,0.011000000000004062,1.1429999999999982
30,63,66 69 78 115 116 130 158,7,18,2,4.9517988257353629,4.4091359407232682,66 69 78 115 116 130 158,2,18,1,ok,14,failed,-1,0.012999999999999123,1.006
31,113,15 31 46,3,8,0,4.4062463269288878,4.4062463269288878,15 31 46,0,8,1,ok,8,failed,-1,0.0090000000000020619,1.0360000000000023
32,61,240 245,2,8,1,4.9852402206485165,4.3809686787517261,240 243 245 247 256 273,2,16,0,not_tested,0,not_tested,-1,0,0
33,79,245 247 262 267 278,5,13,1,4.7251931438672425,4.3685747933866956,245 247 262 267 278,1,13,0,not_tested,0,not_tested,-1,0,0
34,121,107 122,2,6,0,4.3507597759109409,4.3507597759109409,107 122,0,6,0,not_tested,0,not_tested,-1,0,0
35,43,240 245 247,3,11,2,5.2629048387776249,4.327277311883825,240 243 245 247 256 273,2,16,0,not_tested,0,not_tested,-1,0,0
36,127,245 260 267 278,4,10,0,4.3219801883303681,4.3219801883303681,245 260 267 278,0,10,0,not_tested,0,not_tested,-1,0,0
37,13,11 38 41 55 96 121 144 216,8,23,7,6.1431504383379671,4.2935997687308367,11 38 41 55 96 121 144 216,7,23,1,ok,5,failed,-1,0.035000000000000309,0.7100000000000023
38,135,27 115 206,3,8,0,4.2366191840404719,4.2366191840404719,27 115 206,0,8,0,not_tested,0,not_tested,-1,0,0
39,30,66 69 78 115 116 130 158 159,8,20,5,5.5780025345701505,4.200717958133076,66 69 78 115 116 130 158 159,5,20,1,ok,11,failed,-1,0.017000000000003124,0.94699999999999651
40,21,2 51 65 101,4,14,4,5.8289812686331128,4.1927760002448702,2 51 65 99 101 160 163,5,22,1,ok,9,failed,-1,0.014000000000000123,0.96399999999999952
41,142,245 267 278,3,9,0,4.1921548325132516,4.1921548325132516,245 267 278,0,9,0,not_tested,0,not_tested,-1,0,0
42,82,71 171 205 220 236 248 269,7,16,2,4.7126161811000946,4.1326018818877754,71 171 205 220 232 236 248 269,1,18,0,not_tested,0,not_tested,-1,0,0
43,59,183 208 216 280 281 283,6,17,3,4.9991201423899732,4.1297079437134556,183 208 216 280 281 283,3,17,0,not_tested,0,not_tested,-1,0,0
44,41,14 23 29 73 161 190 207,7,17,4,5.3092393834561946,4.0781114104808456,14 23 29 73 161 190 207 208,4,20,0,not_tested,0,not_tested,-1,0,0
45,48,208 267 277 278 280 281 283,7,18,4,5.2083461129449189,4.0667908005186355,208 245 267 277 278 280 281 283,3,24,0,not_tested,0,not_tested,-1,0,0
46,24,2 51 65 117,4,13,4,5.757031263593797,4.0190595613768014,2 51 65 99 101 117 160 163,5,23,1,ok,7,failed,-1,0.015000000000001124,0.89399999999999902
47,73,169 181 191 196 211 212 246 262,8,18,3,4.7676025447395114,3.9838870579330163,169 181 191 196 211 212 246 262,3,18,0,not_tested,0,not_tested,-1,0,0
48,88,115 176 190 206 207,5,14,2,4.6339287931186002,3.9835528221545857,115 176 190 206 207 208,2,17,0,not_tested,0,not_tested,-1,0,0
49,71,11 38 39 41 54 55 57 82,8,17,3,4.805159336508563,3.969479451898378,11 38 39 41 54 55 57 82,3,17,0,not_tested,0,not_tested,-1,0,0
50,29,30 43 44 58 60 240 245 247,8,20,6,5.607985933288135,3.946360471573132,30 43 44 58 60 240 245 247,6,20,1,ok,8,failed,-1,0.018999999999998185,0.96900000000000452
51,171,115 206,2,6,0,3.9316420203670828,3.9316420203670828,115 206,0,6,0,not_tested,0,not_tested,-1,0,0
52,14,11 38 41 55 96 121 144 246,8,22,8,6.1060639144708384,3.9106252036498628,11 38 41 55 96 121 144 246,8,22,1,ok,2,failed,-1,0.03699999999999537,0.40300000000000058
53,39,15 31 61 62 66 78 167,7,18,5,5.3834238455951278,3.9085132029663257,15 31 46 61 62 66 78 167,3,27,0,not_tested,0,not_tested,-1,0,0
54,15,2 36 51 65,4,14,5,6.0023272786506983,3.8962475317557161,2 36 51 65 99 101 160 163,6,24,1,ok,8,failed,-1,0.015000000000001124,1.6159999999999994
55,110,190 206 207,3,8,1,4.4335200021941894,3.8961236382918631,190 206 207 208 245 260 267 278,0,21,0,not_tested,0,not_tested,-1,0,0
56,130,71 238 254 267,4,10,1,4.2939906292574861,3.8750647142079759,71 238 254 267,1,10,0,not_tested,0,not_tested,-1,0,0
57,154,169 181 182 191 196 211 212 246,8,16,1,4.1219571477657437,3.868298246364775,169 181 182 191 196 211 212 246,1,16,0,not_tested,0,not_tested,-1,0,0
58,68,14 23 29 73 161 190 207 259,8,19,4,4.8725030508207743,3.8600348844164576,14 23 29 73 161 190 207 259,4,19,0,not_tested,0,not_tested,-1,0,0
59,102,71 220 236 238 254 267,6,14,2,4.4594089323149158,3.8335269769022964,71 220 236 238 254 267 269,2,15,0,not_tested,0,not_tested,-1,0,0
60,64,208 216 280 281 283,5,13,3,4.9476359915660471,3.8274165217775078,208 216 280 281 283,3,13,0,not_tested,0,not_tested,-1,0,0
61,38,245 262 273,3,10,3,5.3951609753649388,3.8160894703800787,238 240 243 245 247 260 262 273,5,27,0,not_tested,0,not_tested,-1,0,0
62,199,170 182,2,6,0,3.8139901835183934,3.8139901835183934,170 182,0,6,0,not_tested,0,not_tested,-1,0,0
63,131,15 31 46 62 90 93 112 126,8,18,2,4.2811860145407481,3.8120149444540901,15 31 46 62 90 93 112 126,2,18,0,not_tested,0,not_tested,-1,0,0
64,126,190 207 208,3,8,1,4.3339847063745447,3.8086532268139939,190 207 208 245 260 267 278,0,18,0,not_tested,0,not_tested,-1,0,0
65,204,107 122 125,3,7,0,3.8014372571115977,3.8014372571115977,107 122 125,0,7,0,not_tested,0,not_tested,-1,0,0
66,93,11 38 39 41 55 57 96 115,8,17,3,4.5990991051335932,3.799255782501664,11 38 39 41 55 57 96 115,3,17,0,not_tested,0,not_tested,-1,0,0
67,69,51 65 101 117 120 131 160 163,8,18,4,4.8289899375527972,3.7705811841165677,51 65 101 117 120 131 160 163,4,18,0,not_tested,0,not_tested,-1,0,0
68,149,15 31 46 62,4,11,1,4.1344887434125512,3.7669786328869912,15 31 46 62 166 240 256,1,19,0,not_tested,0,not_tested,-1,0,0
69,76,66 69 78 115 116 130,6,14,3,4.7631788568973032,3.7604043607083977,66 69 78 115 116 130 158,2,18,0,not_tested,0,not_tested,-1,0,0
70,52,132 133 175 183 208 216 280 283,8,18,5,5.1746431417264738,3.7569326919383985,132 133 175 183 208 216 280 283,5,18,0,not_tested,0,not_tested,-1,0,0
71,128,71 171 205 220 236 248 259,7,15,2,4.319206645089662,3.7527533145860992,71 171 205 220 236 248 259 269,2,17,0,not_tested,0,not_tested,-1,0,0
72,114,51 65 101 117 120 131,6,13,2,4.3910435271024744,3.7282445041436105,51 65 101 117 120 131 160 163,4,18,0,not_tested,0,not_tested,-1,0,0
73,36,2 19 23 36 51 65 80,7,19,6,5.4155411868851511,3.7275802974664023,2 19 23 36 51 65 80 99,5,22,0,not_tested,0,not_tested,-1,0,0
74,153,68 238 243 260,4,10,1,4.1247935296039309,3.7223746486669627,68 238 243 254 260 267,1,16,0,not_tested,0,not_tested,-1,0,0
75,74,71 171 205 220 236 247 248 262,8,18,4,4.7652907113429626,3.7208434321445045,71 171 205 220 236 247 248 262,4,18,0,not_tested,0,not_tested,-1,0,0
76,12,11 38 41 55 96 121 144 274,8,22,9,6.2431086814734913,3.7178062934617424,11 38 41 55 96 121 144 274,9,22,1,ok,0,failed,-1,0.03899999999999737,0.18400000000000361
77,141,11 38 39 41 54 55 57 80,8,17,2,4.198667727130255,3.7118656718108052,11 38 39 41 54 55 57 80,2,17,0,not_tested,0,not_tested,-1,0,0
78,140,11 38 39 41 54 55 57,7,16,2,4.199690614835208,3.682805616086259,11 38 39 41 54 55 57 81,2,18,0,not_tested,0,not_tested,-1,0,0
79,177,169 181 191 196 211 212 243 247,8,14,1,3.9136199045509676,3.6389799112491459,169 181 191 196 211 212 243 247,1,14,0,not_tested,0,not_tested,-1,0,0
80,150,238 243 260,3,8,1,4.1284376287425166,3.6280209464706963,238 243 254 260 267,1,14,0,not_tested,0,not_tested,-1,0,0
81,11,2 14 23 28 29 72 73,7,21,9,6.293485940555029,3.6280095422023106,2 14 23 28 29 72 73 207,9,30,1,ok,4,failed,-1,0.029999999999995308,0.24700000000000416
82,58,2 99,2,7,2,5.0022012501682536,3.6222836639149416,2 99 238 243 254 260 267,2,21,0,not_tested,0,not_tested,-1,0,0
83,230,15 46,2,5,0,3.6182465766711718,3.6182465766711718,15 46,0,5,0,not_tested,0,not_tested,-1,0,0
84,66,208 267 278 280 281 283,6,15,4,4.9042800587147708,3.6179115187240112,208 245 260 267 278 280 281 283,2,23,0,not_tested,0,not_tested,-1,0,0
85,100,171 184 205 208,4,10,2,4.480887512104526,3.6065679975475455,171 184 205 208 269,2,11,0,not_tested,0,not_tested,-1,0,0
86,99,208 277 278 280 281 283,6,15,3,4.4842466417367657,3.6020997613951073,208 216 277 278 280 281 283,3,18,0,not_tested,0,not_tested,-1,0,0
87,143,11 38 39 41 55 57 69,7,14,2,4.1875573387104179,3.5998299929264994,11 27 38 39 41 55 57 69,1,18,0,not_tested,0,not_tested,-1,0,0
88,85,107 124 135 137 151 152 153 155,8,17,4,4.6843653071104585,3.5981356706790484,107 124 135 137 151 152 153 155,4,17,0,not_tested,0,not_tested,-1,0,0
89,26,11 38 41 55 96 121 144,7,21,8,5.7307423974075604,3.573286436030596,11 27 38 41 55 96 121 144,7,25,1,ok,1,failed,-1,0.036000000000001309,0.30799999999999578
90,42,2 51 65 117 131,5,15,5,5.2690098930223046,3.5414656658018768,2 51 65 99 117 131,4,18,0,not_tested,0,not_tested,-1,0,0
91,244,169 181 191 196 211 212 243,7,13,0,3.5355300578321391,3.5355300578321391,169 181 191 196 211 212 243,0,13,0,not_tested,0,not_tested,-1,0,0
92,245,277,1,3,0,3.5316606895324099,3.5316606895324099,277,0,3,0,not_tested,0,not_tested,-1,0,0
93,44,2 30 43 44 58 60 99,7,18,6,5.2599539968104496,3.5306540526535892,2 30 43 44 58 60 65 99,5,24,0,not_tested,0,not_tested,-1,0,0
94,155,71 171 205 220 236 248,6,14,2,4.0896392316328729,3.5156547780703646,71 171 205 220 232 236 248 269,1,18,0,not_tested,0,not_tested,-1,0,0
95,50,238 240 243 247 260 273,6,15,5,5.196318318128208,3.4926073941517464,238 240 243 245 247 256 260 273,3,24,0,not_tested,0,not_tested,-1,0,0
96,95,11 38 39 41 55 57 96 144,8,16,4,4.5685614354872941,3.4439924667519599,11 38 39 41 55 57 96 144,4,16,0,not_tested,0,not_tested,-1,0,0
97,176,115 176 206,3,8,1,3.9146030925297048,3.4401057479806494,115 132 133 175 176 206 254 267,3,17,0,not_tested,0,not_tested,-1,0,0
98,57,19 238 240 243 247 260,6,15,5,5.1160462096148036,3.4386540097410978,19 23 238 240 243 247 256 260,4,18,0,not_tested,0,not_tested,-1,0,0
99,161,38 39 41 55 57 69 96,7,13,2,4.0374304727973298,3.4280070052052802,27 38 39 41 55 57 69 96,1,14,0,not_tested,0,not_tested,-1,0,0
100,258,170 182 197,3,7,0,3.4196531310353944,3.4196531310353944,170 182 197,0,7,0,not_tested,0,not_tested,-1,0,0
101,184,115 190 207,3,8,1,3.8907596386266667,3.4191524097022219,115 190 207 208 245 260 267 278,0,21,0,not_tested,0,not_tested,-1,0,0
102,259,115,1,3,0,3.4060042585947103,3.4060042585947103,115,0,3,0,not_tested,0,not_tested,-1,0,0
103,175,169 181 191 196 211 212 238 246,8,15,2,3.9180506550792153,3.4042079462163675,169 181 191 196 211 212 238 246,2,15,0,not_tested,0,not_tested,-1,0,0
104,185,31 62 166 193 214 227 228 240,8,16,2,3.8758449835137507,3.3988179086197507,31 62 166 193 214 227 228 240,2,16,0,not_tested,0,not_tested,-1,0,0
105,106,39 57 69,3,8,2,4.437802465977164,3.3619715651342155,27 39 54 57 69 81,1,11,0,not_tested,0,not_tested,-1,0,0
106,227,169 181 191 196 211 212 246,7,13,1,3.6339751931531401,3.359712914424601,169 181 191 196 211 212 246,1,13,0,not_tested,0,not_tested,-1,0,0
107,111,161 190 207,3,8,2,4.4333787490044463,3.3586202643973073,161 190 207 208 245 260 267 278,1,21,0,not_tested,0,not_tested,-1,0,0
108,276,68 69,2,5,0,3.3317009746808615,3.3317009746808615,68 69,0,5,0,not_tested,0,not_tested,-1,0,0
109,31,11 38 41 55 96 121 144 276,8,22,9,5.573736117266475,3.3191911709564406,11 38 41 55 96 121 144 276,9,22,1,ok,0,failed,-1,0.036000000000001309,0.46500000000000014
110,118,151 240 245,3,8,2,4.3564476935170333,3.3003391617553284,66 78 116 151 167 240 245 256,5,19,0,not_tested,0,not_tested,-1,0,0
111,65,183 208 216 276 280 281 283,7,18,6,4.9067977827511129,3.2936039911617057,183 208 216 276 277 280 281 283,5,21,0,not_tested,0,not_tested,-1,0,0
112,119,208 278 280 281 283,5,12,3,4.3552744507810885,3.2886766261000062,208 216 278 280 281 283,3,15,0,not_tested,0,not_tested,-1,0,0
113,53,2 65,2,8,3,5.1599516308120013,3.2836055832440003,2 65 99 238 243 254 260 267,2,25,0,not_tested,0,not_tested,-1,0,0
114,213,238 254 267,3,8,1,3.7335896729591336,3.2810333489640868,238 254 267,1,8,0,not_tested,0,not_tested,-1,0,0
115,91,30 43 44 58 60 238 243 260,8,17,5,4.6172279679946708,3.2789010207498386,30 43 44 58 60 238 243 260,5,17,0,not_tested,0,not_tested,-1,0,0
116,138,238 240 243 247 260,5,13,3,4.2175715546109283,3.2626496931895859,238 240 243 245 247 256 260 273,3,24,0,not_tested,0,not_tested,-1,0,0
117,292,169,1,3,0,3.2597707568868168,3.2597707568868168,169,0,3,0,not_tested,0,not_tested,-1,0,0
118,209,31 166 240,3,7,1,3.7726468068437513,3.2522817300377169,31 166 240 243 245 247 256 273,2,20,0,not_tested,0,not_tested,-1,0,0
119,294,243 245 260,3,7,0,3.2466094407804849,3.2466094407804849,243 245 260,0,7,0,not_tested,0,not_tested,-1,0,0
120,189,51 65,2,6,1,3.8593804175822339,3.2418795507690765,51 65 101 115 160 163 206,2,18,0,not_tested,0,not_tested,-1,0,0
121,105,61 167,2,7,2,4.4382967084051188,3.2139389957416378,61 66 78 115 116 167,3,15,0,not_tested,0,not_tested,-1,0,0
122,194,39 57 69 130 158 232,6,12,2,3.8390893416365772,3.2122992450428498,27 39 57 69 130 158 232,1,13,0,not_tested,0,not_tested,-1,0,0
123,123,30 43 44 58 60 65,6,15,4,4.3382998937514836,3.2003851675215862,30 43 44 58 60 65 161 190,4,19,0,not_tested,0,not_tested,-1,0,0
124,46,2 36 51 65 82,5,15,6,5.2368601348637167,3.1764561473763528,2 36 51 65 82 99,5,18,0,not_tested,0,not_tested,-1,0,0
125,148,62 90 93 112 126 166 168 193,8,17,4,4.1350568552732634,3.1762030917316371,62 90 93 112 126 166 168 193,4,17,0,not_tested,0,not_tested,-1,0,0
126,172,51 65 117 120 131,5,10,2,3.9274022880028898,3.1610798903437893,51 65 101 117 120 131 160 163,4,18,0,not_tested,0,not_tested,-1,0,0
127,96,208 246 260 280 281 283,6,13,4,4.5211992040307365,3.1563088782856084,208 216 246 260 280 281 283,4,16,0,not_tested,0,not_tested,-1,0,0
128,255,169 181 191 195 196 211 212,7,12,1,3.4325360922302539,3.1523290642930903,169 181 191 195 196 211 212 243,0,19,0,not_tested,0,not_tested,-1,0,0
129,109,30 43 44 58 60 65 207,7,17,5,4.4359113492430673,3.1501399436653661,30 43 44 58 60 65 207 208,5,20,0,not_tested,0,not_tested,-1,0,0
130,195,38 39 41 55 57 69,6,11,2,3.8287308702308556,3.148067604412037,27 38 39 41 55 57 69,1,12,0,not_tested,0,not_tested,-1,0,0
131,179,245 256 257 273 274,5,10,2,3.9016284004235247,3.1403350539994226,240 243 245 247 256 257 273 274,2,21,0,not_tested,0,not_tested,-1,0,0
132,316,127 170 182,3,6,0,3.1327890528083677,3.1327890528083677,127 170 182,0,6,0,not_tested,0,not_tested,-1,0,0
133,168,54 76 81 91 192 210 224 225,8,14,3,3.9603701526642756,3.1266080152612701,54 76 81 91 192 210 224 225,3,14,0,not_tested,0,not_tested,-1,0,0
134,152,107 124 137 152 153 171,6,12,3,4.1254421026937331,3.1151297510136344,107 122 124 137 152 153 171,2,17,0,not_tested,0,not_tested,-1,0,0
135,134,61 66 78 167,4,11,3,4.2375571704696702,3.1075419250110916,61 66 78 115 116 167,3,15,0,not_tested,0,not_tested,-1,0,0
136,178,31 62 90 93 112 126 168 193,8,14,3,3.9095348252235342,3.0864748620185796,31 62 90 93 112 126 168 193,3,14,0,not_tested,0,not_tested,-1,0,0
137,8,2 5 6 7 19 23 35,7,24,13,6.6082041449732198,3.0656617167401534,2 5 6 7 19 23 35 99,11,27,1,ok,3,failed,-1,0.031999999999997308,0.17199999999999854
138,23,11 38 41 55 96 121 144 201,8,21,10,5.7863939296423581,3.0633850215753657,11 38 41 55 96 121 144 201,10,21,1,ok,-1,failed,-1,0.03899999999999737,0.11099999999999999
139,226,245 247,2,6,1,3.6404137273188879,3.0579475309478656,71 171 205 220 236 245 247 248,2,20,0,not_tested,0,not_tested,-1,0,0
140,188,11 38 39 41 55 57 96,7,14,3,3.8627088946629065,3.0495070221022944,11 27 38 39 41 55 57 96,2,18,0,not_tested,0,not_tested,-1,0,0
141,333,69,1,3,0,3.0166290914361191,3.0166290914361191,69,0,3,0,not_tested,0,not_tested,-1,0,0
142,80,208 247 262 267 278 280 281 283,8,19,7,4.7248515062188066,3.0067236857756043,208 247 262 267 278 280 281 283,7,19,0,not_tested,0,not_tested,-1,0,0
143,47,11 38 41 55 96 121 144 273,8,21,9,5.2108173798763291,3.0038829601640016,11 38 41 55 96 121 144 273,9,21,0,not_tested,0,not_tested,-1,0,0
144,170,19 28 169,3,8,2,3.9578764062833787,2.9983912168813474,19 23 28 169 238 243 260,2,17,0,not_tested,0,not_tested,-1,0,0
145,162,54 76 81 90 91 93 112 126,8,15,4,4.0336516028651612,2.9756446250644624,54 76 81 90 91 93 112 126,4,15,0,not_tested,0,not_tested,-1,0,0
146,340,122,1,3,0,2.9632741404678513,2.9632741404678513,122,0,3,0,not_tested,0,not_tested,-1,0,0
147,342,184,1,3,0,2.9627332894363181,2.9627332894363181,184,0,3,0,not_tested,0,not_tested,-1,0,0
148,223,190 207,2,5,1,3.6491053735947547,2.9540376833862303,190 207 208 245 260 267 278,0,18,0,not_tested,0,not_tested,-1,0,0
149,133,30 43 44 58 60 115 206,7,16,5,4.2612434595255131,2.9500916258253551,30 43 44 58 60 65 115 206,4,22,0,not_tested,0,not_tested,-1,0,0
150,344,15 31,2,4,0,2.9455008952393564,2.9455008952393564,15 31,0,4,0,not_tested,0,not_tested,-1,0,0
151,232,46 61,2,5,1,3.6149625987942784,2.926398294262035,46 61 66 78 115 116,3,13,0,not_tested,0,not_tested,-1,0,0
152,151,19 238 243 260,4,10,3,4.1281544590951444,2.9199141296038831,19 23 238 243 254 260 267,2,17,0,not_tested,0,not_tested,-1,0,0
153,6,2 5 6 7 19 23 35 36,8,26,15,6.7981283180882563,2.9134835648949666,2 5 6 7 19 23 35 36,15,26,1,ok,2,failed,-1,0.029000000000001247,0.25999999999999635
154,265,14 190 207,3,7,1,3.3633243127843273,2.8994175110209719,14 190 207 208 245 260 267 278,0,20,0,not_tested,0,not_tested,-1,0,0
155,35,11 38 41 55 96 121 144 159,8,23,11,5.4446241490492371,2.8686729387463723,11 38 41 55 96 121 144 159,11,23,0,not_tested,0,not_tested,-1,0,0
156,358,170 182 183,3,6,0,2.866263777946978,2.866263777946978,170 182 183,0,6,0,not_tested,0,not_tested,-1,0,0
157,136,11 38 39 41 55 57 96 116,8,15,5,4.2335784759890327,2.845519959271317,11 38 39 41 55 57 96 116,5,15,0,not_tested,0,not_tested,-1,0,0
158,365,122 125,2,4,0,2.8370873256710749,2.8370873256710749,122 125,0,4,0,not_tested,0,not_tested,-1,0,0
159,249,207 208,2,5,1,3.501693023339441,2.8347038760366905,207 208 245 260 267 278,0,15,0,not_tested,0,not_tested,-1,0,0
160,122,71 137 152 153 238 254 267,7,14,5,4.3386893324937326,2.8163421982854056,71 137 152 153 171 238 254 267,5,16,0,not_tested,0,not_tested,-1,0,0
161,157,107 124 135 137 151 152 153 167,8,16,5,4.0538879903842115,2.8065378394967619,107 124 135 137 151 152 153 167,5,16,0,not_tested,0,not_tested,-1,0,0
162,187,170 182 201,3,7,2,3.8701802236495779,2.8025442998841776,170 182 183 201 202 216 219 245,1,20,0,not_tested,0,not_tested,-1,0,0
163,372,169 181,2,4,0,2.8003862894918381,2.8003862894918381,169 181,0,4,0,not_tested,0,not_tested,-1,0,0
164,183,51 117 120 131 146 161 190 207,8,14,4,3.8918216730302069,2.7993805016533071,51 117 120 131 146 161 190 207,4,14,0,not_tested,0,not_tested,-1,0,0
165,373,169 181 182 196 211 212,6,9,0,2.7993190905270766,2.7993190905270766,169 181 182 196 211 212,0,9,0,not_tested,0,not_tested,-1,0,0
166,295,65 191 246,3,7,1,3.2367383493926583,2.7902916805109124,65 191 246,1,7,0,not_tested,0,not_tested,-1,0,0
167,314,62 193 214 227 228,5,8,1,3.150695425934857,2.7687929500639652,31 62 166 193 214 227 228 240,2,16,0,not_tested,0,not_tested,-1,0,0
168,197,160 245 247,3,7,2,3.8220300840397998,2.7676769574081312,160 245 247,2,7,0,not_tested,0,not_tested,-1,0,0
169,107,82 125 197 202 219 267,6,13,5,4.4374508734515494,2.762941109884927,82 125 197 202 219 245 267 278,3,21,0,not_tested,0,not_tested,-1,0,0
170,283,76 91 192 210 214 225 227 228,8,12,2,3.2978167340858477,2.7593976754595868,76 91 192 210 214 225 227 228,2,12,0,not_tested,0,not_tested,-1,0,0
171,182,208 280 281 283,4,10,3,3.8937375484506336,2.7541070464650828,208 216 280 281 283,3,13,0,not_tested,0,not_tested,-1,0,0
172,205,65 107 124,3,7,2,3.8012108232593063,2.7526009409808774,65 107 122 124 135 151 155 167,1,21,0,not_tested,0,not_tested,-1,0,0
173,158,262 277,2,6,2,4.0454531857108629,2.750908166283387,245 262 277,1,11,0,not_tested,0,not_tested,-1,0,0
174,120,132 133 175 184 246 247 254 277,8,16,6,4.3549619429109248,2.746975994759199,132 133 175 184 246 247 254 277,6,16,0,not_tested,0,not_tested,-1,0,0
175,163,99 115,2,6,2,4.0296128562471116,2.7401367422480361,99 115 238 243 254 260 267,2,20,0,not_tested,0,not_tested,-1,0,0
176,108,132 133 175 184 247 254 262 277,8,18,7,4.4373292832597322,2.7353399691327116,132 133 175 184 247 254 262 277,7,18,0,not_tested,0,not_tested,-1,0,0
177,268,240 243,2,5,1,3.3569354513353926,2.7175191748905565,240 243 245 247 256 273,2,16,0,not_tested,0,not_tested,-1,0,0
178,160,51 66 78 105 117 120 131 146,8,15,5,4.0405349141341942,2.7157693685164257,51 66 78 105 117 120 131 146,5,15,0,not_tested,0,not_tested,-1,0,0
179,266,11 38 39 41 55 57,6,10,2,3.3623691489257816,2.7062971198670929,11 27 38 39 41 55 57,1,14,0,not_tested,0,not_tested,-1,0,0
180,219,208 260 280 281 283,5,11,3,3.685031604123485,2.702356509690556,208 216 260 280 281 283,3,14,0,not_tested,0,not_tested,-1,0,0
181,220,71 171 184 205 220 236,6,11,3,3.6760124634250158,2.695742473178345,71 171 184 205 220 232 236 269,2,14,0,not_tested,0,not_tested,-1,0,0
182,221,14 141 190 207 259,5,11,3,3.6723860179620882,2.693083079838865,14 66 78 141 190 207 208 259,5,18,0,not_tested,0,not_tested,-1,0,0
183,271,197 202 219 267 278,5,10,2,3.3422921950336737,2.690137620392957,183 197 202 216 219 245 267 278,1,21,0,not_tested,0,not_tested,-1,0,0
184,282,65 77,2,5,1,3.2995900250083863,2.6710966869115511,19 23 35 65 77 127 260 262,6,14,0,not_tested,0,not_tested,-1,0,0
185,97,49 61 167 277,4,12,5,4.5104555915229714,2.6694533092686972,46 49 61 66 78 116 167 277,6,19,0,not_tested,0,not_tested,-1,0,0
186,402,122 125 197,3,5,0,2.6637481965164262,2.6637481965164262,122 125 197,0,5,0,not_tested,0,not_tested,-1,0,0
187,403,154 183 216,3,5,0,2.6629985286957947,2.6629985286957947,154 183 216,0,5,0,not_tested,0,not_tested,-1,0,0
188,202,132 133 175 184 254 267,6,13,4,3.8073828551421989,2.657984257363422,132 133 175 184 254 267 277,3,17,0,not_tested,0,not_tested,-1,0,0
189,346,62 166 193 214 227 228,6,10,1,2.9432854787043499,2.6561356759039256,31 62 166 193 214 227 228 240,2,16,0,not_tested,0,not_tested,-1,0,0
190,405,184 204,2,4,0,2.6524014739904853,2.6524014739904853,184 204,0,4,0,not_tested,0,not_tested,-1,0,0
191,86,14 48 50 141 190 207 259,7,16,7,4.65602019877171,2.6503499593008195,14 19 48 50 141 190 207 259,8,18,0,not_tested,0,not_tested,-1,0,0
192,290,240 256,2,5,1,3.2657618182956409,2.6437119481440905,240 243 245 247 256 273,2,16,0,not_tested,0,not_tested,-1,0,0
193,147,65 66 78,3,8,3,4.1529792396852745,2.642804970708811,65 66 69 78 115 116 130 158,2,22,0,not_tested,0,not_tested,-1,0,0
194,173,132 133 175 184 247 254 277,7,15,5,3.9257011174333543,2.638585996963402,132 133 175 184 247 254 267 277,4,20,0,not_tested,0,not_tested,-1,0,0
195,228,262 277 278,3,7,2,3.6294524358583615,2.6282241776905377,245 262 277 278,1,12,0,not_tested,0,not_tested,-1,0,0
196,92,48 50 61 77 94 120 131 204,8,16,7,4.6137175477314463,2.6262699887086693,48 50 61 77 94 120 131 204,7,16,0,not_tested,0,not_tested,-1,0,0
197,231,39 57 232,3,7,2,3.6171343491982846,2.6193041839022064,27 39 54 57 81 232,1,10,0,not_tested,0,not_tested,-1,0,0
198,239,245 256 257 259 273 274,6,11,3,3.5568411008474774,2.6083501406214835,245 256 257 259 273 274,3,11,0,not_tested,0,not_tested,-1,0,0
199,233,171 205 208,3,7,2,3.5930247250946246,2.6018454905857631,171 205 208 245 260 267 269 278,1,18,0,not_tested,0,not_tested,-1,0,0
200,190,90 93 112 126 166 168 193 224,8,15,5,3.856248383427713,2.591904651156332,90 93 112 126 166 168 193 224,5,15,0,not_tested,0,not_tested,-1,0,0
201,192,66 69 78 116 130 158,6,12,4,3.8453573641737555,2.5897304697496719,66 69 78 115 116 130 158,2,18,0,not_tested,0,not_tested,-1,0,0
202,421,277 278,2,4,0,2.5889137790841339,2.5889137790841339,277 278,0,4,0,not_tested,0,not_tested,-1,0,0
203,424,191 211 212,3,5,0,2.5835405667474354,2.5835405667474354,191 211 212,0,5,0,not_tested,0,not_tested,-1,0,0
204,103,30 43 44 58 60 99,6,14,6,4.4540975174062218,2.5786880363930758,30 43 44 58 60 65 99,5,20,0,not_tested,0,not_tested,-1,0,0
205,200,176 190 206 207,4,9,3,3.8118879309527687,2.5755999533464653,115 176 190 206 207 208,2,17,0,not_tested,0,not_tested,-1,0,0
206,166,6 36 61 80 131 140 154 254,8,14,5,3.9673956377805322,2.5753269929452576,6 36 61 80 131 140 154 254,5,14,0,not_tested,0,not_tested,-1,0,0
207,167,71 137 152 153 171 205 208,7,14,5,3.9623751939298018,2.5720681083403978,71 137 152 153 171 205 208 269,5,15,0,not_tested,0,not_tested,-1,0,0
208,240,46 61 62,3,7,2,3.5443627602138639,2.5666075160169362,46 61 62 66 78 115 116,4,15,0,not_tested,0,not_tested,-1,0,0
209,115,19 35 197 202 219 267,6,14,6,4.3750193383068066,2.5329059327039407,19 23 35 197 202 219 245 267,4,20,0,not_tested,0,not_tested,-1,0,0
210,318,31 240,2,5,1,3.1273013795564149,2.5316249263075741,31 240 243 245 247 256 273,2,18,0,not_tested,0,not_tested,-1,0,0
211,132,160 161 163 190 207,5,12,5,4.2733892270790692,2.5291487262304697,115 160 161 163 190 206 207 208,4,22,0,not_tested,0,not_tested,-1,0,0
212,181,66 69 78 105 116 130 158,7,14,5,3.8953290642473388,2.5285469364412552,66 69 78 105 115 116 130 158,3,20,0,not_tested,0,not_tested,-1,0,0
213,280,183 202 216 219,4,8,2,3.3198950993864407,2.5150720449897279,170 182 183 202 216 219 245,0,19,0,not_tested,0,not_tested,-1,0,0
214,49,5 6 7 36 80 140 141 154,8,19,10,5.1976575517609165,2.4975757066903106,5 6 7 36 80 140 141 154,10,19,0,not_tested,0,not_tested,-1,0,0
215,442,183 216,2,4,0,2.4872088413177327,2.4872088413177327,183 216,0,4,0,not_tested,0,not_tested,-1,0,0
216,116,19 30 44 58 60 65 161 190,8,16,7,4.3690216506930009,2.4869815550098622,19 30 44 58 60 65 161 190,7,16,0,not_tested,0,not_tested,-1,0,0
217,90,71 107 124 137 152 153 161 171,8,17,8,4.6236700002207041,2.4793592754806673,71 107 124 137 152 153 161 171,8,17,0,not_tested,0,not_tested,-1,0,0
218,444,28,1,2,0,2.4749034413460822,2.4749034413460822,28,0,2,0,not_tested,0,not_tested,-1,0,0
219,287,31 62 90 93 112 126 168,7,12,3,3.2768018173478612,2.4743197396300181,31 62 90 93 112 126 168,3,12,0,not_tested,0,not_tested,-1,0,0
220,446,182,1,2,0,2.4622781804809679,2.4622781804809679,182,0,2,0,not_tested,0,not_tested,-1,0,0
221,299,107 124 137 152 153 158 171,7,12,3,3.2293729714076234,2.4385061212669812,107 122 124 137 152 153 158 171,2,17,0,not_tested,0,not_tested,-1,0,0
222,125,14 28 29 72 73 240 245 247,8,18,8,4.3355059405984706,2.4350101858155795,14 28 29 72 73 240 245 247,8,18,0,not_tested,0,not_tested,-1,0,0
223,165,240 247 256 257 273 274 276,7,15,6,3.9855349726990643,2.417455639178121,240 243 247 256 257 273 274 276,5,21,0,not_tested,0,not_tested,-1,0,0
224,237,197 202 219 267,4,9,3,3.5608873720468455,2.4060049811127335,183 197 202 216 219 245 267 278,1,21,0,not_tested,0,not_tested,-1,0,0
225,101,19 30 44 51 58 60 161 190,8,17,8,4.4776501377324252,2.4010587695086918,19 30 44 51 58 60 161 190,8,17,0,not_tested,0,not_tested,-1,0,0
226,253,224,1,3,1,3.456637354082535,2.3930566297494473,90 93 112 126 166 168 193 224,5,15,0,not_tested,0,not_tested,-1,0,0
227,459,171,1,2,0,2.3909215987065542,2.3909215987065542,171,0,2,0,not_tested,0,not_tested,-1,0,0
228,327,11 27 38 39 41 55,6,9,2,3.0503163789200474,2.3907885132076045,11 27 38 39 41 55 57,1,14,0,not_tested,0,not_tested,-1,0,0
229,257,61,1,3,1,3.4205607302416396,2.3680805055519043,61 66 69 78 115 116 130 158,2,21,0,not_tested,0,not_tested,-1,0,0
230,203,132 133 175 183 208 280 283,7,13,5,3.80251116984982,2.3676012944347939,132 133 175 183 208 277 280 283,4,16,0,not_tested,0,not_tested,-1,0,0
231,291,99 101 115,3,7,2,3.2623862887786008,2.3624176573914011,99 101 115 238 243 254 260 267,2,21,0,not_tested,0,not_tested,-1,0,0
232,222,15 46 132 175 208,5,11,4,3.6519621294604008,2.3534867056522581,15 46 115 132 175 206 208 277,2,20,0,not_tested,0,not_tested,-1,0,0
233,374,183 214 216,3,6,1,2.7992405781757408,2.3513620856676227,31 166 183 214 216 240 256,1,15,0,not_tested,0,not_tested,-1,0,0
234,211,6 36 61 80 131 154 216,7,13,5,3.7469545427009221,2.3330094322477444,6 23 36 61 80 131 154 216,4,14,0,not_tested,0,not_tested,-1,0,0
235,469,46,1,2,0,2.3070383417071425,2.3070383417071425,46,0,2,0,not_tested,0,not_tested,-1,0,0
236,180,51 65 66,3,7,3,3.8983342801024552,2.2852304400600598,51 65 66 69 115 116 130 158,2,17,0,not_tested,0,not_tested,-1,0,0
237,408,62 214 227 228,4,7,1,2.6504375678164149,2.2848599722555303,31 62 166 214 227 228 240 256,2,16,0,not_tested,0,not_tested,-1,0,0
238,288,240,1,3,1,3.2747116896918587,2.2671080928635945,240 243 245 247 256 273,2,16,0,not_tested,0,not_tested,-1,0,0
239,375,151 152 167,3,5,1,2.7985347820381783,2.2654805378404297,66 78 115 116 151 152 167,3,13,0,not_tested,0,not_tested,-1,0,0
240,279,38 39 57,3,6,2,3.3205500429542267,2.2579740292088744,27 38 39 54 57 81,1,9,0,not_tested,0,not_tested,-1,0,0
241,117,2 19 23,3,8,4,4.3611688040329932,2.2466627172291171,2 19 23 99 238 243 260,3,19,0,not_tested,0,not_tested,-1,0,0
242,478,68,1,2,0,2.2407539444023192,2.2407539444023192,68,0,2,0,not_tested,0,not_tested,-1,0,0
243,349,151 167,2,4,1,2.9251915086928548,2.2369111537063007,66 78 115 116 151 167,3,12,0,not_tested,0,not_tested,-1,0,0
244,56,5 6 7 19 35 36 80 82,8,21,12,5.1295487202090397,2.2328623840909936,5 6 7 19 35 36 80 82,12,21,0,not_tested,0,not_tested,-1,0,0
245,174,48 49 50 61 77 94 127 167,8,16,7,3.9224765413582001,2.2327943389269755,48 49 50 61 77 94 127 167,7,16,0,not_tested,0,not_tested,-1,0,0
246,302,208,1,3,1,3.2240012228290351,2.2320008465739476,208 245 260 267 278,0,13,0,not_tested,0,not_tested,-1,0,0
247,191,107 124 137 152 153 159 171,7,14,6,3.8460234697929465,2.2266451667222324,107 122 124 137 152 153 159 171,5,19,0,not_tested,0,not_tested,-1,0,0
248,234,61 62,2,5,2,3.5895341672401599,2.222092579720099,61 62 66 78 115 116,4,13,0,not_tested,0,not_tested,-1,0,0
249,386,151 166 167,3,5,1,2.7445492084395275,2.221777930641522,66 78 115 116 151 166 167,3,13,0,not_tested,0,not_tested,-1,0,0
250,236,107 124 135 137 151 152 153 154,8,13,5,3.5635505139251937,2.2188144709345545,107 124 135 137 151 152 153 154,5,13,0,not_tested,0,not_tested,-1,0,0
251,296,15 46 48,3,6,2,3.2363439497100943,2.2007138858028639,15 19 23 35 46 48 127 260,6,12,0,not_tested,0,not_tested,-1,0,0
252,212,262 273 277,3,7,3,3.7456872614549863,2.195747704990854,245 262 273 277,3,13,0,not_tested,0,not_tested,-1,0,0
253,495,68 243 260,3,4,0,2.1872411521163784,2.1872411521163784,68 243 260,0,4,0,not_tested,0,not_tested,-1,0,0
254,496,191,1,2,0,2.1846058850779286,2.1846058850779286,191,0,2,0,not_tested,0,not_tested,-1,0,0
255,361,61 131,2,4,1,2.8558667519068979,2.1838981043993924,61 66 78 115 116 131,3,12,0,not_tested,0,not_tested,-1,0,0
256,497,232,1,2,0,2.1826739683682765,2.1826739683682765,232,0,2,0,not_tested,0,not_tested,-1,0,0
257,502,69 130 158,3,4,0,2.1750147626517573,2.1750147626517573,69 130 158,0,4,0,not_tested,0,not_tested,-1,0,0
258,504,243,1,2,0,2.1732348449311707,2.1732348449311707,243,0,2,0,not_tested,0,not_tested,-1,0,0
259,218,66 78 115,3,7,3,3.7005298339697386,2.1692761095684676,66 69 78 115 116 130 158,2,18,0,not_tested,0,not_tested,-1,0,0
260,278,107 124 125 135 137 151 152 153,8,14,5,3.3269557005406156,2.1596028231579432,107 124 125 135 137 151 152 153,5,14,0,not_tested,0,not_tested,-1,0,0
261,75,5 6 7 19 23 35 68 80,8,18,10,4.7645604458142605,2.1538423933132957,5 6 7 19 23 35 68 80,10,18,0,not_tested,0,not_tested,-1,0,0
262,145,99 240 247,3,8,4,4.1806806765370528,2.1536839848827238,99 240 243 245 247 256 273,4,20,0,not_tested,0,not_tested,-1,0,0
263,507,188 206,2,3,0,2.1521908715760407,2.1521908715760407,188 206,0,3,0,not_tested,0,not_tested,-1,0,0
264,407,161 184 204,3,5,1,2.6505578657309221,2.1456897008297937,161 184 204,1,5,0,not_tested,0,not_tested,-1,0,0
265,387,54 76 81 91 192 210 225,7,9,2,2.7343463461158755,2.1431363253340643,54 76 81 91 191 192 210 225,1,11,0,not_tested,0,not_tested,-1,0,0
266,224,36 51 65,3,7,3,3.6466894922599709,2.1377145299455003,2 36 51 65 99 101 160 163,6,24,0,not_tested,0,not_tested,-1,0,0
267,432,191 195 211 212,4,6,1,2.5421193064542207,2.1353802174215453,169 181 191 195 196 211 212 243,0,19,0,not_tested,0,not_tested,-1,0,0
268,516,182 197,2,3,0,2.1289380843950578,2.1289380843950578,182 197,0,3,0,not_tested,0,not_tested,-1,0,0
269,319,99 115 155,3,6,2,3.1246399170942767,2.1247551436241081,99 115 155 238 243 254 260 267,2,20,0,not_tested,0,not_tested,-1,0,0
270,104,6 36 61 80 121 131 154 216,8,17,9,4.4422783482589745,2.1245679056890747,6 36 61 80 121 131 154 216,9,17,0,not_tested,0,not_tested,-1,0,0
271,518,267,1,2,0,2.1230269263200401,2.1230269263200401,267,0,2,0,not_tested,0,not_tested,-1,0,0
272,435,14 28 29 73,4,6,1,2.520549341891352,2.1172614471887359,14 28 29 71 73 105 116 121,8,18,0,not_tested,0,not_tested,-1,0,0
273,321,11 27 41,3,6,2,3.1097515107190317,2.1146310272889415,11 27 39 41 54 57 81,1,13,0,not_tested,0,not_tested,-1,0,0
274,522,115 155,2,3,0,2.1109549367158791,2.1109549367158791,115 155,0,3,0,not_tested,0,not_tested,-1,0,0
275,94,2 35 65,3,9,5,4.5913828673668116,2.1095542904117783,2 23 35 65 99 238 243 260,4,21,0,not_tested,0,not_tested,-1,0,0
276,289,62 90 93 112 126 168 193,7,11,4,3.272581073520151,2.1089966918240974,31 62 90 93 112 126 168 193,3,14,0,not_tested,0,not_tested,-1,0,0
277,260,39 57,2,5,2,3.4057257024685397,2.108306387242429,27 39 54 57 81,1,8,0,not_tested,0,not_tested,-1,0,0
278,418,14 28 29,3,5,1,2.6012321222614525,2.1057593370687946,14 28 29 71 105 116 121 256,8,16,0,not_tested,0,not_tested,-1,0,0
279,527,69 80 81,3,4,0,2.1014928277218159,2.1014928277218159,69 80 81,0,4,0,not_tested,0,not_tested,-1,0,0
280,380,117 120 131 188 204,5,8,2,2.7736016892433977,2.1012134009419681,101 117 120 131 160 163 188 204,4,14,0,not_tested,0,not_tested,-1,0,0
281,420,214 227 228,3,5,1,2.5927170347632971,2.0988661709988592,31 166 214 227 228 240 256,1,14,0,not_tested,0,not_tested,-1,0,0
282,356,69 116 130 158,4,7,2,2.883299925452508,2.0879068425690575,69 115 116 130 158,1,10,0,not_tested,0,not_tested,-1,0,0
283,326,202 219 267,3,6,2,3.0610363578266182,2.0815047233221002,170 182 183 202 216 219 245 267,0,21,0,not_tested,0,not_tested,-1,0,0
284,250,90 93 112 126 166 168 193,7,12,5,3.5005273100094336,2.0717406528627262,31 90 93 112 126 166 168 193,4,13,0,not_tested,0,not_tested,-1,0,0
285,537,206,1,2,0,2.0691180237594144,2.0691180237594144,206,0,2,0,not_tested,0,not_tested,-1,0,0
286,217,35 65 191 246 256 274,6,11,5,3.7044144386844313,2.058008021491351,23 35 65 191 246 256 274,4,12,0,not_tested,0,not_tested,-1,0,0
287,396,254 267,2,4,1,2.6897249220255208,2.0568484697842218,6 36 61 80 131 154 254 267,5,15,0,not_tested,0,not_tested,-1,0,0
288,541,169 196,2,3,0,2.0547795144057672,2.0547795144057672,169 196,0,3,0,not_tested,0,not_tested,-1,0,0
289,332,93 112 122,3,6,2,3.0169084935693555,2.0514977756271615,15 46 93 112 122,1,11,0,not_tested,0,not_tested,-1,0,0
290,241,66 78 105 117 120 131 146 188,8,14,6,3.5432469207779249,2.0513534804503775,66 78 105 117 120 131 146 188,6,14,0,not_tested,0,not_tested,-1,0,0
291,3,2 5 6 7 19 35,6,21,15,6.961459289264857,2.0474880262543698,2 5 6 7 19 23 35 99,11,27,1,ok,-3,failed,-1,0.035000000000000309,0.080000000000003679
292,252,247 262 277,3,7,3,3.4768055830415516,2.0381274107484959,245 247 262 267 277 278,1,16,0,not_tested,0,not_tested,-1,0,0
293,308,61 120 131 204,4,8,3,3.1926238141604464,2.0316696999202843,61 66 78 115 116 120 131 204,5,16,0,not_tested,0,not_tested,-1,0,0
294,285,65 66,2,5,2,3.2817678512189628,2.0315705745641197,65 66 69 115 116 130 158,1,15,0,not_tested,0,not_tested,-1,0,0
295,438,71 220 236,3,5,1,2.5058723334245587,2.0285633175341662,71 220 236 269,1,6,0,not_tested,0,not_tested,-1,0,0
296,406,238 267,2,4,1,2.6523945843598193,2.0283017409810382,238 254 267,1,8,0,not_tested,0,not_tested,-1,0,0
297,410,112 122,2,4,1,2.6436959263299022,2.0216498260169842,54 76 81 91 112 122,2,8,0,not_tested,0,not_tested,-1,0,0
298,414,205 208,2,4,1,2.6189924267647062,2.0027589145847751,205 208 245 260 267 278,0,14,0,not_tested,0,not_tested,-1,0,0
299,415,141 171,2,4,1,2.6185707898616282,2.0024364863647746,66 78 115 116 141 171,3,12,0,not_tested,0,not_tested,-1,0,0
300,298,19 169,2,5,2,3.2313187695593002,2.0003401906795668,19 23 169 238 243 254 260 267,2,20,0,not_tested,0,not_tested,-1,0,0
301,417,190 208,2,4,1,2.6091914889141314,1.9952640797578651,190 208 245 260 267 278,0,14,0,not_tested,0,not_tested,-1,0,0
302,225,115 132 133 147 163 175 176 206,8,13,6,3.6443914917782445,1.9941010049352659,115 132 133 147 163 175 176 206,6,13,0,not_tested,0,not_tested,-1,0,0
303,384,54 76 81 90 91,5,7,2,2.7519851556200252,1.9928168368282941,54 76 81 90 91 214 227 228,2,12,0,not_tested,0,not_tested,-1,0,0
304,350,197 202 219,3,6,2,2.921061431105211,1.9863217731515435,170 182 183 197 202 216 219 245,0,21,0,not_tested,0,not_tested,-1,0,0
305,419,161 190,2,4,1,2.5945811727705008,1.9840914850597948,71 137 152 153 161 190 205 208,9,14,0,not_tested,0,not_tested,-1,0,0
306,146,121 132 133 175 183 208 280 283,8,15,8,4.1673484659642117,1.9811984510321661,121 132 133 175 183 208 280 283,8,15,0,not_tested,0,not_tested,-1,0,0
307,273,107 124 135 137 151 152 153,7,12,5,3.3409271351385246,1.9772834065105556,107 124 135 137 151 152 153 155,4,17,0,not_tested,0,not_tested,-1,0,0
308,355,31 62 90 93 112 126,6,9,3,2.8941974453424049,1.9555388144205437,15 31 46 62 90 93 112 126,2,18,0,not_tested,0,not_tested,-1,0,0
309,360,66 68 69,3,6,2,2.8590793795413783,1.9441739780881373,66 68 69 115 116 130 158,1,13,0,not_tested,0,not_tested,-1,0,0
310,251,6 36 61 80 131 154,6,11,5,3.4985887210305218,1.943660400572512,6 23 36 61 80 131 154,4,12,0,not_tested,0,not_tested,-1,0,0
311,329,132 133 175 254 277,5,8,3,3.0365795563025868,1.9323688085561914,115 132 133 175 206 254 277,2,14,0,not_tested,0,not_tested,-1,0,0
312,568,51 69,2,3,0,1.9319117160091741,1.9319117160091741,51 69,0,3,0,not_tested,0,not_tested,-1,0,0
313,284,31 121 240,3,7,3,3.2880564888560611,1.9274813900190704,31 121 240 243 245 247 256 273,4,20,0,not_tested,0,not_tested,-1,0,0
314,440,28 57,2,4,1,2.4994660490333662,1.9113563904372801,28 54 57 81,1,6,0,not_tested,0,not_tested,-1,0,0
315,254,66 78 105 117 120 131 146,7,11,5,3.4369154648048896,1.9093974804471607,66 78 105 116 117 120 131 146,6,12,0,not_tested,0,not_tested,-1,0,0
316,575,169 181 196,3,4,0,1.9030084847582787,1.9030084847582787,169 181 196,0,4,0,not_tested,0,not_tested,-1,0,0
317,330,208 216,2,5,2,3.0301060794716368,1.8757799539586324,208 216 245 260 267 278,1,15,0,not_tested,0,not_tested,-1,0,0
318,428,71 171 205 220 236,5,7,2,2.5760560740666456,1.8654199157034332,71 171 205 220 232 236 269,1,10,0,not_tested,0,not_tested,-1,0,0
319,286,240 256 257 273 274,5,9,4,3.2774510108630786,1.8601748980574231,240 243 245 247 256 257 273 274,2,21,0,not_tested,0,not_tested,-1,0,0
320,37,5 6 7 19 35 36 82 99,8,21,14,5.3985637693551043,1.8418629330740945,5 6 7 19 35 36 82 99,14,21,0,not_tested,0,not_tested,-1,0,0
321,196,14 23 28 29 72 73,6,11,6,3.8282645905338879,1.786523475582481,14 23 28 29 72 73 207 208,6,16,0,not_tested,0,not_tested,-1,0,0
322,98,14 28 29 73 105 121,6,13,8,4.4949148830047028,1.7810040102471465,14 28 29 71 73 105 116 121,8,18,0,not_tested,0,not_tested,-1,0,0
323,207,30 44 58 60 65 207,6,11,6,3.7877694872214862,1.7676257607033603,30 43 44 58 60 65 207 208,5,20,0,not_tested,0,not_tested,-1,0,0
324,322,31 166 240 269 281,5,9,4,3.1073304445391789,1.7636199820357503,31 166 208 216 240 256 269 281,4,16,0,not_tested,0,not_tested,-1,0,0
325,164,15 31 48 49 50 61 62,7,14,8,4.0055195608539869,1.7568068249359592,15 19 31 48 49 50 61 62,9,16,0,not_tested,0,not_tested,-1,0,0
326,336,36 61 131 154,4,7,3,2.9951075127992293,1.7557526799167893,36 61 66 78 115 116 131 154,5,15,0,not_tested,0,not_tested,-1,0,0
327,269,141 224 259,3,6,3,3.3516622971693675,1.7428643945280711,66 78 115 116 141 224 259,5,14,0,not_tested,0,not_tested,-1,0,0
328,368,27 99 101,3,5,2,2.8149642102025663,1.74259689203016,27 99 101 238 243 254 260 267,2,19,0,not_tested,0,not_tested,-1,0,0
329,473,191 192 211,3,4,1,2.2786592898488793,1.7425041628256137,191 192 211 214 227 228,1,9,0,not_tested,0,not_tested,-1,0,0
330,270,69 116 130,3,6,3,3.3431655332596657,1.7384460772950263,69 115 116 130 158,1,10,0,not_tested,0,not_tested,-1,0,0
331,272,232 247 262,3,6,3,3.3418028162000528,1.7377374644240275,232 245 247 262 267 278,1,15,0,not_tested,0,not_tested,-1,0,0
332,186,99 115 116,3,7,4,3.8711039717301809,1.7353224700859433,69 99 115 116 130 158,3,13,0,not_tested,0,not_tested,-1,0,0
333,589,181 182 196,3,3,0,1.7265617624472513,1.7265617624472513,181 182 196,0,3,0,not_tested,0,not_tested,-1,0,0
334,393,90 93 112 126 168,5,8,3,2.7023669797747525,1.7196880780384789,15 31 46 90 93 112 126 168,1,16,0,not_tested,0,not_tested,-1,0,0
335,144,19 35 48 49 50 77 94 127,8,15,9,4.1861197167930921,1.7156228347512672,19 35 48 49 50 77 94 127,9,15,0,not_tested,0,not_tested,-1,0,0
336,331,132 133 175 254 267,5,9,4,3.022188288300796,1.7152960555220733,115 132 133 175 206 254 267 277,2,19,0,not_tested,0,not_tested,-1,0,0
337,480,191 256 274,3,4,1,2.2349387321443124,1.7090707951691801,191 240 243 245 247 256 273 274,2,20,0,not_tested,0,not_tested,-1,0,0
338,275,15 31 62 66 78,5,10,5,3.3340586976655429,1.707688601243327,15 31 46 62 66 78 115 116,3,20,0,not_tested,0,not_tested,-1,0,0
339,208,121 240 256,3,7,4,3.7866130638611897,1.6974472355239818,31 121 240 243 245 247 256 273,4,20,0,not_tested,0,not_tested,-1,0,0
340,486,115 155 160,3,4,1,2.2160295575496498,1.6946108381262028,115 155 160,1,4,0,not_tested,0,not_tested,-1,0,0
341,293,101 160 163,3,6,3,3.2569672107034506,1.6936229495657944,101 115 135 151 155 160 163 206,2,16,0,not_tested,0,not_tested,-1,0,0
342,67,14 28 29 71 72 73 105 121,8,18,12,4.8960202455823021,1.6767192621857196,14 28 29 71 72 73 105 121,12,18,0,not_tested,0,not_tested,-1,0,0
343,501,135 151 167,3,4,1,2.1755517938977946,1.6636572541571373,66 78 115 116 135 151 167,3,12,0,not_tested,0,not_tested,-1,0,0
344,398,65 77 94,3,5,2,2.6827819722414672,1.6607697923399558,19 23 35 65 77 94 127 260,5,11,0,not_tested,0,not_tested,-1,0,0
345,309,66 78 141,3,6,3,3.1893134619415213,1.6584430002095913,66 69 78 115 116 130 141 158,2,20,0,not_tested,0,not_tested,-1,0,0
346,338,132 133 175 183 254 276 277,7,11,5,2.9721386350462233,1.6511881305812353,132 133 175 183 254 276 277,5,11,0,not_tested,0,not_tested,-1,0,0
347,608,188 232 237,3,3,0,1.6494585252777541,1.6494585252777541,188 232 237,0,3,0,not_tested,0,not_tested,-1,0,0
348,238,2 19 23 80,4,9,5,3.5579471627530888,1.6347324801838516,2 19 23 80 99 238 243 260,4,20,0,not_tested,0,not_tested,-1,0,0
349,514,122 125 135,3,4,1,2.1331464137070393,1.6312296104818538,66 78 115 116 122 125 135 167,3,14,0,not_tested,0,not_tested,-1,0,0
350,423,82 122 125,3,5,2,2.5843941344948083,1.5998630356396433,2 51 65 82 99 122 125,4,20,0,not_tested,0,not_tested,-1,0,0
351,530,135 151 155,3,4,1,2.0863035274317192,1.5954085798007267,66 78 115 116 135 151 155 167,3,16,0,not_tested,0,not_tested,-1,0,0
352,429,99 101 117,3,5,2,2.5732012079176685,1.5929340810918899,99 101 117 238 243 254 260 267,3,19,0,not_tested,0,not_tested,-1,0,0
353,243,6 61 62,3,7,4,3.5420926993048001,1.5878346583090486,6 23 61 62 66 78 115 116,5,16,0,not_tested,0,not_tested,-1,0,0
354,378,90 93 112 126 168 193,6,9,4,2.7789704687012082,1.5772535092628481,31 90 93 112 126 168 193,3,10,0,not_tested,0,not_tested,-1,0,0
355,625,71 131,2,2,0,1.5740513592237781,1.5740513592237781,71 131,0,2,0,not_tested,0,not_tested,-1,0,0
356,626,166 168,2,2,0,1.573553996486905,1.573553996486905,166 168,0,2,0,not_tested,0,not_tested,-1,0,0
357,627,31 166,2,2,0,1.5721162734560952,1.5721162734560952,31 166,0,2,0,not_tested,0,not_tested,-1,0,0
358,475,166 167,2,3,1,2.269132016603769,1.5709375499564555,66 78 115 116 166 167,3,11,0,not_tested,0,not_tested,-1,0,0
359,381,62 90 93 112 126 168,6,9,4,2.7669379740349531,1.5704242555333519,31 62 90 93 112 126 168,3,12,0,not_tested,0,not_tested,-1,0,0
360,324,240 256 257 259 273 274,6,10,5,3.0623280977534595,1.5685095134834794,240 245 256 257 259 273 274,3,16,0,not_tested,0,not_tested,-1,0,0
361,347,202 219,2,4,2,2.9342464395609089,1.5534245856498929,170 182 183 202 216 219 245,0,19,0,not_tested,0,not_tested,-1,0,0
362,351,115 116,2,4,2,2.9179363902714424,1.5447898536731164,69 115 116 130 158,1,10,0,not_tested,0,not_tested,-1,0,0
363,77,5 6 7 19 35 36 80 141,8,19,13,4.7550922632771693,1.5438611244406395,5 6 7 19 35 36 80 141,13,19,0,not_tested,0,not_tested,-1,0,0
364,352,6 7,2,4,2,2.905236106555428,1.538066174058756,5 6 7 23 35 68 82 99,10,16,0,not_tested,0,not_tested,-1,0,0
365,335,132 133 175 183 269 280 281 283,8,12,6,3.0093132187305618,1.5353638871074295,132 133 175 183 269 280 281 283,6,12,0,not_tested,0,not_tested,-1,0,0
366,353,27 99,2,4,2,2.8994661768981502,1.5350115054166675,27 99 238 243 254 260 267,2,18,0,not_tested,0,not_tested,-1,0,0
367,644,243 260,2,2,0,1.5209700839809743,1.5209700839809743,243 260,0,2,0,not_tested,0,not_tested,-1,0,0
368,357,224 259,2,4,2,2.8701476631659211,1.5194899393231345,71 171 205 220 224 236 248 259,3,18,0,not_tested,0,not_tested,-1,0,0
369,449,27 43 57,3,5,2,2.4444810322758479,1.5132501628374295,27 43 54 57 81 240 245 247,3,18,0,not_tested,0,not_tested,-1,0,0
370,646,68 260,2,2,0,1.5100996527570194,1.5100996527570194,68 260,0,2,0,not_tested,0,not_tested,-1,0,0
371,647,204 220,2,2,0,1.50771416598851,1.50771416598851,204 220,0,2,0,not_tested,0,not_tested,-1,0,0
372,500,46 62,2,3,1,2.1762461007827825,1.5066319159265418,15 31 46 62 166 240 256,1,19,0,not_tested,0,not_tested,-1,0,0
373,363,11 27,2,4,2,2.8452578171632736,1.5063129620276154,11 27 39 54 57 81,1,11,0,not_tested,0,not_tested,-1,0,0
374,348,61 77 94 120 131 204,6,10,5,2.9277987063898832,1.4996042154679889,19 23 61 77 94 120 131 204,5,13,0,not_tested,0,not_tested,-1,0,0
375,652,211 212,2,2,0,1.4961031893203118,1.4961031893203118,211 212,0,2,0,not_tested,0,not_tested,-1,0,0
376,124,14 28 29 72 73 99 240 247,8,15,10,4.3374577864121067,1.4932231723713809,14 28 29 72 73 99 240 247,10,15,0,not_tested,0,not_tested,-1,0,0
377,210,14 28 29 72 73 101 160 163,8,13,8,3.760015674969559,1.4898175315917119,14 28 29 72 73 101 160 163,8,13,0,not_tested,0,not_tested,-1,0,0
378,508,184 202,2,3,1,2.151394092882934,1.489426679688185,170 182 183 184 202 216,0,13,0,not_tested,0,not_tested,-1,0,0
379,354,240 247 256 257 273 274,6,10,5,2.8993080536217821,1.4850114420989615,240 243 245 247 256 257 273 274,2,21,0,not_tested,0,not_tested,-1,0,0
380,509,260 277,2,3,1,2.1440905770567271,1.4843703995008113,197 202 219 245 260 267 277 278,1,22,0,not_tested,0,not_tested,-1,0,0
381,300,30 44 58 60 65,5,9,5,3.2280104009905544,1.4831399139686332,30 43 44 58 60 65 161 190,4,19,0,not_tested,0,not_tested,-1,0,0
382,377,240 247,2,4,2,2.7907533074759465,1.4774576333696186,240 243 245 247 256 273,2,16,0,not_tested,0,not_tested,-1,0,0
383,664,7 23,2,2,0,1.4695133721501192,1.4695133721501192,7 23,0,2,0,not_tested,0,not_tested,-1,0,0
384,573,214 216 228,3,4,1,1.9185224994780168,1.467105440777307,31 166 214 216 228 240 256,1,13,0,not_tested,0,not_tested,-1,0,0
385,519,214 216,2,3,1,2.1180993917591708,1.4663765019871184,31 166 214 216 240 256,1,12,0,not_tested,0,not_tested,-1,0,0
386,256,69 116,2,5,3,3.421093422457623,1.4661828953389813,69 115 116 130 158,1,10,0,not_tested,0,not_tested,-1,0,0
387,525,238 260,2,3,1,2.1068907771589669,1.4586166918792849,238 254 260 267,1,9,0,not_tested,0,not_tested,-1,0,0
388,528,161 182,2,3,1,2.0986346495253856,1.4529009112098823,71 137 152 153 161 182 205 208,9,13,0,not_tested,0,not_tested,-1,0,0
389,388,262 278,2,4,2,2.729277205548772,1.4449114617611145,245 262 278,1,9,0,not_tested,0,not_tested,-1,0,0
390,467,171 184 205,3,5,2,2.3262430975478146,1.440055250862933,171 184 205 208 269,2,11,0,not_tested,0,not_tested,-1,0,0
391,534,220 236,2,3,1,2.0785057585645612,1.438965525160081,220 236 269,1,4,0,not_tested,0,not_tested,-1,0,0
392,539,27 57,2,3,1,2.0589417826720626,1.4254212341575818,27 54 57 81,1,5,0,not_tested,0,not_tested,-1,0,0
393,542,191 246,2,3,1,2.052348416544584,1.4208565960693273,191 246,1,3,0,not_tested,0,not_tested,-1,0,0
394,685,232 248,2,2,0,1.4188533437618014,1.4188533437618014,232 248,0,2,0,not_tested,0,not_tested,-1,0,0
395,400,66 69,2,4,2,2.6748111400158567,1.4160764858907475,66 69 115 116 130 158,1,11,0,not_tested,0,not_tested,-1,0,0
396,533,51 117 120 131 146,5,6,2,2.0789029176555354,1.4136539840057638,51 101 117 120 131 146 160 163,4,12,0,not_tested,0,not_tested,-1,0,0
397,323,48 49 50 77 94 127,6,9,5,3.0721519082218052,1.4115292551289376,19 23 48 49 50 77 94 127,5,12,0,not_tested,0,not_tested,-1,0,0
398,395,6 80 140 254,4,6,3,2.6976905764347876,1.4027990997460895,5 6 7 23 35 80 140 254,9,13,0,not_tested,0,not_tested,-1,0,0
399,206,35 44 60 65 191 246 256 274,8,14,9,3.7996130394765903,1.3998574355966384,35 44 60 65 191 246 256 274,9,14,0,not_tested,0,not_tested,-1,0,0
400,688,182 183,2,2,0,1.3964401296122941,1.3964401296122941,182 183,0,2,0,not_tested,0,not_tested,-1,0,0
401,554,191 192,2,3,1,1.9988866038405364,1.3838445718896022,31 166 191 192 214 227 228 240,1,15,0,not_tested,0,not_tested,-1,0,0
402,692,188 204,2,2,0,1.3781104348569331,1.3781104348569331,188 204,0,2,0,not_tested,0,not_tested,-1,0,0
403,337,30 43 44 58 60,5,9,5,2.9910047494666125,1.3742454254306058,30 43 44 58 60 65 161 190,4,19,0,not_tested,0,not_tested,-1,0,0
404,325,66 78 105 146,4,7,4,3.0614217603358234,1.3723614787712313,66 78 105 115 116 146,4,11,0,not_tested,0,not_tested,-1,0,0
405,695,211,1,1,0,1.3705256316902754,1.3705256316902754,211,0,1,0,not_tested,0,not_tested,-1,0,0
406,697,120,1,1,0,1.3680547402814076,1.3680547402814076,120,0,1,0,not_tested,0,not_tested,-1,0,0
407,698,117,1,1,0,1.3671922129897758,1.3671922129897758,117,0,1,0,not_tested,0,not_tested,-1,0,0
408,427,99 101,2,4,2,2.5762024562834642,1.3638718886206573,99 101 238 243 254 260 267,2,18,0,not_tested,0,not_tested,-1,0,0
409,701,101,1,1,0,1.3638630552727689,1.3638630552727689,101,0,1,0,not_tested,0,not_tested,-1,0,0
410,702,181,1,1,0,1.3633777595937362,1.3633777595937362,181,0,1,0,not_tested,0,not_tested,-1,0,0
411,137,5 6 7 35 36 51 65,7,16,11,4.2196700224674704,1.3632780072587212,5 6 7 23 35 36 51 65,11,17,0,not_tested,0,not_tested,-1,0,0
412,451,43,1,2,1,2.4356766520456765,1.3531536955809313,43 240 243 245 247 256 273,2,18,0,not_tested,0,not_tested,-1,0,0
413,564,191 256,2,3,1,1.9536978993575651,1.352560084170622,191 240 243 245 247 256 273,2,18,0,not_tested,0,not_tested,-1,0,0
414,705,120 204,2,2,0,1.3519699396508149,1.3519699396508149,120 204,0,2,0,not_tested,0,not_tested,-1,0,0
415,139,43 49 167 262 273 277,6,13,9,4.2116147860650459,1.350895308737845,43 46 49 167 245 262 273 277,8,21,0,not_tested,0,not_tested,-1,0,0
416,84,5 6 7 19 35 36 82,7,18,13,4.6879739514387984,1.3485952463043118,5 6 7 19 23 35 36 82,12,19,0,not_tested,0,not_tested,-1,0,0
417,454,238,1,2,1,2.4201943792008218,1.3445524328893455,238 254 267,1,8,0,not_tested,0,not_tested,-1,0,0
418,262,132 133 147 159 175 176 254 267,8,13,8,3.3917004921422369,1.3438813270752259,132 133 147 159 175 176 254 267,8,13,0,not_tested,0,not_tested,-1,0,0
419,712,101 117,2,2,0,1.3438240615230952,1.3438240615230952,101 117,0,2,0,not_tested,0,not_tested,-1,0,0
420,714,220,1,1,0,1.3419119284898338,1.3419119284898338,220,0,1,0,not_tested,0,not_tested,-1,0,0
421,426,90 93 112 126,4,6,3,2.5768752991538499,1.3399751555600019,15 31 46 90 93 112 126,1,14,0,not_tested,0,not_tested,-1,0,0
422,715,14,1,1,0,1.3387304751339739,1.3387304751339739,14,0,1,0,not_tested,0,not_tested,-1,0,0
423,718,54,1,1,0,1.335499937081269,1.335499937081269,54,0,1,0,not_tested,0,not_tested,-1,0,0
424,719,80,1,1,0,1.3343757557279543,1.3343757557279543,80,0,1,0,not_tested,0,not_tested,-1,0,0
425,721,152,1,1,0,1.3320485343357675,1.3320485343357675,152,0,1,0,not_tested,0,not_tested,-1,0,0
426,458,141,1,2,1,2.3934060879716963,1.3296700488731648,66 69 78 115 116 130 141 158,2,20,0,not_tested,0,not_tested,-1,0,0
427,572,28 30,2,3,1,1.9188231573637065,1.3284160320210276,28 30 240 243 245 247 256 273,2,19,0,not_tested,0,not_tested,-1,0,0
428,577,232 246,2,3,1,1.8997389868532049,1.3152039139752958,232 246,1,3,0,not_tested,0,not_tested,-1,0,0
429,731,154,1,1,0,1.3128884243178804,1.3128884243178804,154,0,1,0,not_tested,0,not_tested,-1,0,0
430,733,204 236,2,2,0,1.3101665319351756,1.3101665319351756,204 236,0,2,0,not_tested,0,not_tested,-1,0,0
431,735,31,1,1,0,1.308286299500697,1.308286299500697,31,0,1,0,not_tested,0,not_tested,-1,0,0
432,371,14 28 29 72 73 135 151 155,8,11,6,2.802642420131801,1.3078997960615073,14 28 29 72 73 135 151 155,6,11,0,not_tested,0,not_tested,-1,0,0
433,579,214 228,2,3,1,1.889078359498604,1.3078234796528798,31 166 214 228 240 256,1,12,0,not_tested,0,not_tested,-1,0,0
434,740,14 54,2,2,0,1.304214822973041,1.304214822973041,14 54,0,2,0,not_tested,0,not_tested,-1,0,0
435,741,15,1,1,0,1.3013419597875211,1.3013419597875211,15,0,1,0,not_tested,0,not_tested,-1,0,0
436,264,262,1,3,2,3.3795881514504691,1.2998415967117189,71 171 205 220 236 245 248 262,2,22,0,not_tested,0,not_tested,-1,0,0
437,743,101 120,2,2,0,1.2969049955173515,1.2969049955173515,101 120,0,2,0,not_tested,0,not_tested,-1,0,0
438,441,269 280 281 283,4,6,3,2.4916660331866347,1.29566633725705,208 216 269 280 281 283,3,14,0,not_tested,0,not_tested,-1,0,0
439,450,19 28,2,4,2,2.4397095165420559,1.291610920522265,19 23 28 238 243 254 260 267,2,19,0,not_tested,0,not_tested,-1,0,0
440,746,278,1,1,0,1.2749362400332838,1.2749362400332838,278,0,1,0,not_tested,0,not_tested,-1,0,0
441,471,207,1,2,1,2.2882354331787411,1.2712419073215229,207 208 245 260 267 278,0,15,0,not_tested,0,not_tested,-1,0,0
442,472,167,1,2,1,2.2839784964099983,1.268876942449999,66 69 78 115 116 130 158 167,2,20,0,not_tested,0,not_tested,-1,0,0
443,748,125,1,1,0,1.2665267100694448,1.2665267100694448,125,0,1,0,not_tested,0,not_tested,-1,0,0
444,129,2,1,4,3,4.3057412023763426,1.2663944712871598,2 99 238 243 254 260 267,2,21,0,not_tested,0,not_tested,-1,0,0
445,547,256 257 274 276,4,5,2,2.0279074829279509,1.2553712989553982,240 243 247 256 257 273 274 276,5,21,0,not_tested,0,not_tested,-1,0,0
446,477,57,1,2,1,2.2524648436072154,1.2513693575595641,54 57 76 81 91 192 210 225,2,11,0,not_tested,0,not_tested,-1,0,0
447,750,236,1,1,0,1.2505083567061321,1.2505083567061321,236,0,1,0,not_tested,0,not_tested,-1,0,0
448,303,99,1,3,2,3.2221076000433473,1.2392721538628257,99 238 243 254 260 267,2,17,0,not_tested,0,not_tested,-1,0,0
449,555,14 28 29 44,4,5,2,1.9967358820352767,1.2360745936408857,14 28 29 44 240 245 247 256,3,18,0,not_tested,0,not_tested,-1,0,0
450,557,76 91 192 210 225,5,5,2,1.9881554628288043,1.2307629055606883,76 91 191 192 210 225,1,7,0,not_tested,0,not_tested,-1,0,0
451,756,204,1,1,0,1.2287358451546631,1.2287358451546631,204,0,1,0,not_tested,0,not_tested,-1,0,0
452,757,197,1,1,0,1.2208745178901039,1.2208745178901039,197,0,1,0,not_tested,0,not_tested,-1,0,0
453,758,27,1,1,0,1.2199607884616193,1.2199607884616193,27,0,1,0,not_tested,0,not_tested,-1,0,0
454,404,132 133 175 247 254 277,6,9,5,2.6546929753815438,1.2197237994996284,132 133 175 184 247 254 267 277,4,20,0,not_tested,0,not_tested,-1,0,0
455,759,188,1,1,0,1.2195620895352983,1.2195620895352983,188,0,1,0,not_tested,0,not_tested,-1,0,0
456,587,14 54 81,3,3,1,1.7416079046174571,1.2057285493505472,14 54 76 81 91 192 210 225,2,10,0,not_tested,0,not_tested,-1,0,0
457,369,192 210 224,3,5,3,2.808468641860038,1.2036294179400162,191 192 210 214 224 227 228,2,12,0,not_tested,0,not_tested,-1,0,0
458,399,240 243 247 273,4,7,4,2.6789759079829163,1.2009202346130314,240 243 245 247 256 273,2,16,0,not_tested,0,not_tested,-1,0,0
459,401,247 262 267 278,4,7,4,2.6680913007805165,1.1960409279360935,245 247 262 267 278,1,13,0,not_tested,0,not_tested,-1,0,0
460,771,131,1,1,0,1.194276094039421,1.194276094039421,131,0,1,0,not_tested,0,not_tested,-1,0,0
461,483,54 81 141,3,4,2,2.2324532143219327,1.1818869958174938,54 66 78 81 115 116 141,4,12,0,not_tested,0,not_tested,-1,0,0
462,774,168,1,1,0,1.181113637040905,1.181113637040905,168,0,1,0,not_tested,0,not_tested,-1,0,0
463,72,5 6 7 19 35 36 80,7,17,13,4.7883299855928279,1.1797334747112767,5 6 7 19 23 35 36 80,13,19,0,not_tested,0,not_tested,-1,0,0
464,596,144 154 171,3,3,1,1.7039741600016802,1.1796744184627017,27 39 54 57 81 144 154 171,1,11,0,not_tested,0,not_tested,-1,0,0
465,385,280 281 283,3,5,3,2.7505391039438716,1.178802473118802,208 216 280 281 283,3,13,0,not_tested,0,not_tested,-1,0,0
466,576,54 76 81 91 225,5,5,2,1.9010154342463361,1.1768190783429699,54 76 81 91 191 192 210 225,1,11,0,not_tested,0,not_tested,-1,0,0
467,779,23,1,1,0,1.1764347158647765,1.1764347158647765,23,0,1,0,not_tested,0,not_tested,-1,0,0
468,263,71 107 124 137 152 153 161,7,12,8,3.3811872150219555,1.1730649521504746,71 107 124 137 152 153 161 171,8,17,0,not_tested,0,not_tested,-1,0,0
469,597,166 168 193,3,3,1,1.6943208251565702,1.1729913404930101,31 166 168 193 240 256,1,11,0,not_tested,0,not_tested,-1,0,0
470,781,71,1,1,0,1.171119767627278,1.171119767627278,71,0,1,0,not_tested,0,not_tested,-1,0,0
471,389,93 112 126,3,5,3,2.7274868561966676,1.1689229383700004,15 31 46 93 112 126,1,13,0,not_tested,0,not_tested,-1,0,0
472,526,214,1,2,1,2.1030899742615183,1.1683833190341768,31 166 214 240 243 247 256 273,3,15,0,not_tested,0,not_tested,-1,0,0
473,784,137,1,1,0,1.1654491382109287,1.1654491382109287,137,0,1,0,not_tested,0,not_tested,-1,0,0
474,603,120 161 204,3,3,1,1.6780993330002367,1.1617610766924715,120 161 204,1,3,0,not_tested,0,not_tested,-1,0,0
475,390,246 260 262,3,5,3,2.7084085851643218,1.1607465364989951,245 246 260 262,2,10,0,not_tested,0,not_tested,-1,0,0
476,394,51 69 116,3,5,3,2.6985667580294548,1.156528610584052,51 69 115 116 130 158,1,10,0,not_tested,0,not_tested,-1,0,0
477,790,216,1,1,0,1.1506006813271781,1.1506006813271781,216,0,1,0,not_tested,0,not_tested,-1,0,0
478,216,2 28 72,3,7,5,3.7067836057175221,1.1503811190157827,2 28 71 72 99 105 116 121,11,20,0,not_tested,0,not_tested,-1,0,0
479,397,46 48 50,3,5,3,2.683841750289329,1.1502178929811411,19 23 35 46 48 50 127 260,6,11,0,not_tested,0,not_tested,-1,0,0
480,793,166,1,1,0,1.1379251992025037,1.1379251992025037,166,0,1,0,not_tested,0,not_tested,-1,0,0
481,794,190,1,1,0,1.1353779352794904,1.1353779352794904,190,0,1,0,not_tested,0,not_tested,-1,0,0
482,412,39 57 58,3,5,3,2.6326244793515223,1.1282676340077953,27 39 54 57 58 81,2,8,0,not_tested,0,not_tested,-1,0,0
483,613,220 236 248,3,3,1,1.6259003911678054,1.1256233477315576,220 236 248 269,1,4,0,not_tested,0,not_tested,-1,0,0
484,70,5 6 7 19 35 36 80 140,8,18,14,4.8075027688637233,1.1195554393244287,5 6 7 19 35 36 80 140,14,18,0,not_tested,0,not_tested,-1,0,0
485,511,71 135 151 155 161,5,6,3,2.1397603277788244,1.1126753704449885,71 121 135 151 155 161 167 256,6,13,0,not_tested,0,not_tested,-1,0,0
486,443,35 256 257 274 276,5,7,4,2.4756505402147067,1.1097743800962481,23 35 256 257 274 276,3,8,0,not_tested,0,not_tested,-1,0,0
487,215,15 31 48 49 50 62 66 78,8,14,10,3.709165809037954,1.1062424342744774,15 31 48 49 50 62 66 78,10,14,0,not_tested,0,not_tested,-1,0,0
488,621,124 191 256,3,3,1,1.595199501434724,1.1043688856086551,124 191 240 243 245 247 256 273,2,18,0,not_tested,0,not_tested,-1,0,0
489,169,5 6 7 19 23 35 80,7,15,11,3.9583199002304319,1.1031383328511042,5 6 7 19 23 35 80 99,12,18,0,not_tested,0,not_tested,-1,0,0
490,535,51 66 69,3,4,2,2.0769085048387512,1.099539796679339,51 66 69 115 116 130 158,1,11,0,not_tested,0,not_tested,-1,0,0
491,430,184 201 232,3,5,3,2.5584187431478447,1.0964651756347905,182 184 201 202 219 232 245,2,16,0,not_tested,0,not_tested,-1,0,0
492,538,19 23 80,3,4,2,2.064953903018456,1.0932108898333002,19 23 80 238 243 254 260 267,3,18,0,not_tested,0,not_tested,-1,0,0
493,809,196 211 212,3,2,0,1.0920995453172113,1.0920995453172113,196 211 212,0,2,0,not_tested,0,not_tested,-1,0,0
494,382,132 133 175 184 254,5,8,5,2.7659201145553292,1.0896048936127054,132 133 175 184 254 267 277,3,17,0,not_tested,0,not_tested,-1,0,0
495,433,160 163 206,3,5,3,2.536137063936327,1.08691588454414,115 135 151 155 160 163 167 206,2,17,0,not_tested,0,not_tested,-1,0,0
496,543,120 131 204,3,4,2,2.0459701524164231,1.0831606689263418,101 115 120 131 160 163 204 206,3,16,0,not_tested,0,not_tested,-1,0,0
497,112,71 105 121,3,9,7,4.4153870285238392,1.0740130609922853,31 71 105 115 116 121 240 256,6,20,0,not_tested,0,not_tested,-1,0,0
498,341,66 78 105,3,6,4,2.9630066434089355,1.0666823916272168,66 69 78 105 115 116 130 158,3,20,0,not_tested,0,not_tested,-1,0,0
499,815,188 204 205,3,2,0,1.0651956364335071,1.0651956364335071,188 204 205,0,2,0,not_tested,0,not_tested,-1,0,0
500,343,19 161 190,3,6,4,2.9509528072309239,1.0623430106031326,19 23 65 161 190 238 243 260,3,19,0,not_tested,0,not_tested,-1,0,0
501,281,35 117 127 170 188 201 238 260,8,13,9,3.3036848275222401,1.0596724918467562,35 117 127 170 188 201 238 260,9,13,0,not_tested,0,not_tested,-1,0,0
502,277,71 137 152 153 205 208,6,10,7,3.3276417325749987,1.055105915206707,71 137 152 153 171 205 208 269,5,15,0,not_tested,0,not_tested,-1,0,0
503,464,62 90 93 112 126,5,7,4,2.3503559515492105,1.0536078403496461,15 31 46 62 90 93 112 126,2,18,0,not_tested,0,not_tested,-1,0,0
504,247,35 117 127 170 188 201 260 262,8,14,10,3.5150362657990217,1.048344149448831,35 117 127 170 188 201 260 262,10,14,0,not_tested,0,not_tested,-1,0,0
505,466,107 124 137 152 153,5,7,4,2.3331600435835527,1.0458993298822825,107 122 124 137 152 153 171,2,17,0,not_tested,0,not_tested,-1,0,0
506,560,232 257 276,3,4,2,1.9687332907280199,1.0422705656795401,232 240 243 247 256 257 273 276,4,13,0,not_tested,0,not_tested,-1,0,0
507,274,49 167 277,3,7,5,3.338026788977972,1.0359393483035086,46 49 61 66 78 116 167 277,6,19,0,not_tested,0,not_tested,-1,0,0
508,566,27 30 60,3,4,2,1.9436962845951673,1.0290156800797945,27 30 43 60 65 161 190,3,14,0,not_tested,0,not_tested,-1,0,0
509,659,205 220 236,3,3,1,1.4808868726864943,1.0252293733983422,205 220 236 269,1,4,0,not_tested,0,not_tested,-1,0,0
510,823,188 236 237,3,2,0,1.025190876099592,1.025190876099592,188 236 237,0,2,0,not_tested,0,not_tested,-1,0,0
511,569,141 144 171,3,4,2,1.92806016249636,1.0207377330863083,27 39 54 57 81 141 144 171,2,12,0,not_tested,0,not_tested,-1,0,0
512,571,107 124 152,3,4,2,1.9194278911061948,1.0161677070562209,107 122 124 135 151 152 155 167,1,18,0,not_tested,0,not_tested,-1,0,0
513,297,66 78 105 116,4,7,5,3.2318323157463431,1.0029824428178307,66 69 78 105 115 116 130 158,3,20,0,not_tested,0,not_tested,-1,0,0
514,359,132 133 147 159 161 175 176 182,8,12,8,2.8655594292630595,0.99417367954024516,132 133 147 159 161 175 176 182,8,12,0,not_tested,0,not_tested,-1,0,0
515,261,35 48 49 50 77 94 127,7,11,8,3.4051081496663351,0.98369790990360795,19 35 48 49 50 77 94 127,9,15,0,not_tested,0,not_tested,-1,0,0
516,582,54 76 81 91,4,4,2,1.8458392612868562,0.9772090206812768,54 76 81 91 214 227 228,2,9,0,not_tested,0,not_tested,-1,0,0
517,485,117 120 131 188,4,5,3,2.218718925665355,0.95087953957086646,101 117 120 131 160 163 188 204,4,14,0,not_tested,0,not_tested,-1,0,0
518,306,19 30 44 58 60 161 190,7,11,8,3.1981418779681787,0.92390765363525162,19 23 30 44 58 60 161 190,7,12,0,not_tested,0,not_tested,-1,0,0
519,586,14 23 29 73,4,4,2,1.7427724858775218,0.92264425722927623,14 23 29 73 190 207 208,2,13,0,not_tested,0,not_tested,-1,0,0
520,436,46 48 49 50,4,6,4,2.5139151765017536,0.90500946354063139,19 23 46 48 49 50,4,9,0,not_tested,0,not_tested,-1,0,0
521,606,51 117 120 131,4,4,2,1.6571701664547831,0.87732538224076762,51 101 117 120 131 160 163,4,10,0,not_tested,0,not_tested,-1,0,0
522,474,176 206,2,3,2,2.2701498644315246,0.87313456324289407,115 132 133 175 176 206 254 267,3,17,0,not_tested,0,not_tested,-1,0,0
523,334,132 133 147 163 175 176 190 207,8,11,8,3.0162209381029417,0.87135271545196102,132 133 147 163 175 176 190 207,8,11,0,not_tested,0,not_tested,-1,0,0
524,242,71 105 107 124 137 152 153 161,8,13,10,3.5427015257744388,0.8689645251899567,71 105 107 124 137 152 153 161,10,13,0,not_tested,0,not_tested,-1,0,0
525,630,27 30,2,2,1,1.5634777712991286,0.86859876183284923,27 30 240 243 245 247 256 273,2,18,0,not_tested,0,not_tested,-1,0,0
526,632,54 81,2,2,1,1.561678012818704,0.8675988960103912,54 76 81 91 191 192 210 225,1,11,0,not_tested,0,not_tested,-1,0,0
527,345,262 273,2,4,3,2.9447167554944289,0.86609316338071429,238 240 243 245 247 260 262 273,5,27,0,not_tested,0,not_tested,-1,0,0
528,633,166 193,2,2,1,1.5537731445024117,0.86320730250133992,31 166 193 240 243 247 256 273,3,14,0,not_tested,0,not_tested,-1,0,0
529,635,81 141,2,2,1,1.5504945730417252,0.86138587391206956,66 78 81 115 116 141,3,10,0,not_tested,0,not_tested,-1,0,0
530,836,73 120,2,1,0,0.86084178725216787,0.86084178725216787,73 120,0,1,0,not_tested,0,not_tested,-1,0,0
531,839,154 183,2,1,0,0.85582996446728299,0.85582996446728299,154 183,0,1,0,not_tested,0,not_tested,-1,0,0
532,638,211 256,2,2,1,1.5356495550384504,0.853138641688028,211 240 243 245 247 256 273,2,17,0,not_tested,0,not_tested,-1,0,0
533,842,236 237,2,1,0,0.85260551818780628,0.85260551818780628,236 237,0,1,0,not_tested,0,not_tested,-1,0,0
534,641,152 153,2,2,1,1.5254455074839424,0.84746972637996798,66 78 135 151 152 153 155 167,3,14,0,not_tested,0,not_tested,-1,0,0
535,643,256 274,2,2,1,1.521406311131678,0.8452257284064878,240 243 245 247 256 273 274,2,18,0,not_tested,0,not_tested,-1,0,0
536,492,238 254,2,3,2,2.1967999966536551,0.8449230756360212,238 254 267,1,8,0,not_tested,0,not_tested,-1,0,0
537,562,11 38 41 55 80,5,5,3,1.9627356534810703,0.84117242292045868,11 27 38 41 54 55 80 81,2,11,0,not_tested,0,not_tested,-1,0,0
538,498,99 130,2,3,2,2.1806387919012784,0.83870722765433792,99 130 238 243 254 260 267,2,17,0,not_tested,0,not_tested,-1,0,0
539,362,247 262,2,4,3,2.849018827244949,0.83794671389557318,245 247 262 267 278,1,13,0,not_tested,0,not_tested,-1,0,0
540,499,6 80,2,3,2,2.1768911335640735,0.83726582060156685,5 6 7 23 35 80 82 99,10,14,0,not_tested,0,not_tested,-1,0,0
541,850,188 237,2,1,0,0.83032669968010675,0.83032669968010675,188 237,0,1,0,not_tested,0,not_tested,-1,0,0
542,654,154 170,2,2,1,1.4919078848657177,0.82883771381428761,154 170 182,0,7,0,not_tested,0,not_tested,-1,0,0
543,658,80 96,2,2,1,1.485357498687838,0.82519861038213216,27 39 54 57 80 81 96,1,10,0,not_tested,0,not_tested,-1,0,0
544,513,141 259,2,3,2,2.1342980363683628,0.82088386014167802,66 78 115 116 141 259,4,11,0,not_tested,0,not_tested,-1,0,0
545,515,219 267,2,3,2,2.1298714713422151,0.81918133513162128,170 182 183 216 219 245 267,0,18,0,not_tested,0,not_tested,-1,0,0
546,663,140 254,2,2,1,1.4722508032213515,0.81791711290075086,6 36 61 80 131 140 154 254,5,14,0,not_tested,0,not_tested,-1,0,0
547,666,161 204,2,2,1,1.4606835238796281,0.81149084659979343,71 137 152 153 161 204 205 208,9,12,0,not_tested,0,not_tested,-1,0,0
548,524,107 124,2,3,2,2.1080343914758197,0.81078245825993067,107 122 124 135 151 155 167,1,17,0,not_tested,0,not_tested,-1,0,0
549,434,35 117 120 127 131 188 204 260,8,10,7,2.533371937754163,0.80326427294644187,35 117 120 127 131 188 204 260,7,10,0,not_tested,0,not_tested,-1,0,0
550,675,144 171,2,2,1,1.4443190239935322,0.80239945777418453,27 39 54 57 81 144 171,1,10,0,not_tested,0,not_tested,-1,0,0
551,532,260 262,2,3,2,2.0817074280542891,0.80065670309780346,245 260 262,1,8,0,not_tested,0,not_tested,-1,0,0
552,683,216 259,2,2,1,1.4326375458025318,0.79590974766807321,71 171 205 216 220 236 248 259,2,16,0,not_tested,0,not_tested,-1,0,0
553,866,204 205,2,1,0,0.79377617295117009,0.79377617295117009,204 205,0,1,0,not_tested,0,not_tested,-1,0,0
554,870,80 81,2,1,0,0.78912792813818944,0.78912792813818944,80 81,0,1,0,not_tested,0,not_tested,-1,0,0
555,686,205 207,2,2,1,1.4142410078842595,0.78568944882458869,205 207 208 245 260 267 278,0,16,0,not_tested,0,not_tested,-1,0,0
556,873,71 73,2,1,0,0.77807254303771578,0.77807254303771578,71 73,0,1,0,not_tested,0,not_tested,-1,0,0
557,550,46 48,2,3,2,2.0188951855118105,0.77649814827377339,19 23 35 46 48 127 260 262,7,12,0,not_tested,0,not_tested,-1,0,0
558,193,2 19,2,6,5,3.8417800744265977,0.76835601488531957,2 19 23 99 238 243 260,3,19,0,not_tested,0,not_tested,-1,0,0
559,517,132 133 175 183 254,5,6,4,2.1248893586163624,0.76496016910189035,115 132 133 175 183 206 254 277,2,16,0,not_tested,0,not_tested,-1,0,0
560,411,35 48 50 77 94 127 260 277,8,11,8,2.6425141754471806,0.76339298401807443,35 48 50 77 94 127 260 277,8,11,0,not_tested,0,not_tested,-1,0,0
561,559,93 112,2,3,2,1.9822578826119872,0.76240687792768735,15 46 54 76 81 91 93 112,2,12,0,not_tested,0,not_tested,-1,0,0
562,425,66 78,2,4,3,2.5785051603287186,0.75838387068491719,66 69 78 115 116 130 158,2,18,0,not_tested,0,not_tested,-1,0,0
563,883,127 137,2,1,0,0.75460936895727171,0.75460936895727171,127 137,0,1,0,not_tested,0,not_tested,-1,0,0
564,884,181 196,2,1,0,0.75241616591888061,0.75241616591888061,181 196,0,1,0,not_tested,0,not_tested,-1,0,0
565,313,121 240,2,5,4,3.1588131098445436,0.75209835948679615,31 121 240 243 245 247 256 273,4,20,0,not_tested,0,not_tested,-1,0,0
566,453,11 38 41 55 96 144,6,7,5,2.4233848519702508,0.75208495405973308,11 27 38 41 55 96 144 184,3,14,0,not_tested,0,not_tested,-1,0,0
567,565,210 224,2,3,2,1.9506576595114267,0.75025294596593339,31 166 210 214 224 227 228 240,2,15,0,not_tested,0,not_tested,-1,0,0
568,456,48 49 50 77 94,5,7,5,2.4090203572903244,0.74762700743492827,19 23 46 48 49 50 77 94,4,12,0,not_tested,0,not_tested,-1,0,0
569,722,246 260,2,2,1,1.3311324796385078,0.73951804424361545,246 260,1,2,0,not_tested,0,not_tested,-1,0,0
570,723,168 193,2,2,1,1.328469189828317,0.73803843879350939,31 166 168 193 240 256,1,11,0,not_tested,0,not_tested,-1,0,0
571,593,11 38 39 41 55,5,5,3,1.7142970969386797,0.73469875583086275,11 27 38 39 41 55 57,1,14,0,not_tested,0,not_tested,-1,0,0
572,736,219 220,2,2,1,1.3073998469842545,0.72633324832458579,170 182 183 216 219 220,0,12,0,not_tested,0,not_tested,-1,0,0
573,229,5 6 7 35 68,5,11,9,3.6224124587212629,0.72448249174425261,5 6 7 23 35 68 82 99,10,16,0,not_tested,0,not_tested,-1,0,0
574,744,171 205,2,2,1,1.2926926634100817,0.71816259078337874,171 205 269,1,3,0,not_tested,0,not_tested,-1,0,0
575,301,5 6 7 80 140 141,6,10,8,3.2274007565859679,0.70845382461643203,5 6 7 23 80 99 140 141,9,14,0,not_tested,0,not_tested,-1,0,0
576,315,132 133 147 159 175 176 182,7,10,8,3.1469993577414264,0.6908047370651913,132 133 147 159 175 176 182 277,7,13,0,not_tested,0,not_tested,-1,0,0
577,159,5 6 7 19 23 35,6,13,11,4.0412981620512163,0.68625817846152726,5 6 7 19 23 35 82 99,13,17,0,not_tested,0,not_tested,-1,0,0
578,447,132 133 175 183 280 283,6,8,6,2.4622249996740013,0.67151590900200042,132 133 175 183 208 277 280 283,4,16,0,not_tested,0,not_tested,-1,0,0
579,379,160 161 163,3,5,4,2.7776820260452904,0.66135286334411669,115 135 151 155 160 161 163 206,3,15,0,not_tested,0,not_tested,-1,0,0
580,594,71 120 131,3,3,2,1.7134484631796569,0.65901863968448349,71 101 115 120 131 160 163 206,3,15,0,not_tested,0,not_tested,-1,0,0
581,772,5 7 23,3,2,1,1.1850246072067936,0.65834700400377411,5 7 23 66 78 115 116 141,3,12,0,not_tested,0,not_tested,-1,0,0
582,482,184 201 204,3,4,3,2.2328573062186572,0.65672273712313445,182 184 201 202 204 219 245,2,15,0,not_tested,0,not_tested,-1,0,0
583,775,204 205 220,3,2,1,1.180629684627049,0.65590538034836054,204 205 220 269,1,3,0,not_tested,0,not_tested,-1,0,0
584,457,48 50 77 94 120 131 204,7,8,6,2.3989072127436391,0.65424742165735617,19 48 50 77 94 120 131 204,7,10,0,not_tested,0,not_tested,-1,0,0
585,460,30 44 51 58 60 161 190,7,8,6,2.390853840159469,0.65205104731621877,30 44 51 58 60 65 161 190,6,15,0,not_tested,0,not_tested,-1,0,0
586,487,6 80 140,3,4,3,2.2143094105775116,0.65126747369926818,5 6 7 23 35 80 99 140,10,14,0,not_tested,0,not_tested,-1,0,0
587,598,39 51 69,3,3,2,1.6922847306608773,0.65087874256187583,27 39 51 54 69 81,1,6,0,not_tested,0,not_tested,-1,0,0
588,600,236 280 283,3,3,2,1.6873342601360861,0.64897471543695617,208 216 236 280 283,2,8,0,not_tested,0,not_tested,-1,0,0
589,601,28 30 58,3,3,2,1.687025513008569,0.64885596654175726,28 30 43 58 65 161 190,3,13,0,not_tested,0,not_tested,-1,0,0
590,602,80 93 96,3,3,2,1.6788476729321777,0.64571064343545292,27 39 54 57 80 81 93 96,2,11,0,not_tested,0,not_tested,-1,0,0
591,604,220 280 283,3,3,2,1.6735208903677663,0.64366188091067933,208 216 220 280 283,2,8,0,not_tested,0,not_tested,-1,0,0
592,305,71 137 152 153 161 205 208,7,11,9,3.2160817929033167,0.64321635858066339,71 137 152 153 161 205 208 269,9,12,0,not_tested,0,not_tested,-1,0,0
593,785,161 204 205,3,2,1,1.1569467879164015,0.64274821550911199,71 137 152 153 161 204 205 208,9,12,0,not_tested,0,not_tested,-1,0,0
594,897,181 196 212,3,1,0,0.63938603126507754,0.63938603126507754,181 196 212,0,1,0,not_tested,0,not_tested,-1,0,0
595,607,166 192 210,3,3,2,1.6541757950161846,0.63622145962160936,166 191 192 210 214 227 228,1,10,0,not_tested,0,not_tested,-1,0,0
596,610,135 151 240,3,3,2,1.6342443650883756,0.62855552503399059,66 78 116 135 151 167 240 256,5,14,0,not_tested,0,not_tested,-1,0,0
597,798,168 193 227,3,2,1,1.1307375636094286,0.62818753533857141,31 166 168 193 227 240 256,1,11,0,not_tested,0,not_tested,-1,0,0
598,612,140 141 154,3,3,2,1.6316538337377076,0.62755916682219515,66 78 115 116 140 141 154,4,11,0,not_tested,0,not_tested,-1,0,0
599,320,14 28 29 72 73 240 247,7,11,9,3.115143984547434,0.62302879690948687,14 28 29 72 73 207 240 247,9,13,0,not_tested,0,not_tested,-1,0,0
600,529,46 48 62,3,4,3,2.0915876413172154,0.61517283568153402,15 31 46 48 61 62 166 240,4,25,0,not_tested,0,not_tested,-1,0,0
601,620,246 256 274,3,3,2,1.5969668159141868,0.6142180061208411,240 243 245 246 247 256 273 274,3,19,0,not_tested,0,not_tested,-1,0,0
602,807,73 120 161,3,2,1,1.0980628868964655,0.61003493716470303,73 120 161,1,2,0,not_tested,0,not_tested,-1,0,0
603,810,210 211 212,3,2,1,1.0896723938765362,0.6053735521536312,210 211 212 214 227 228,1,7,0,not_tested,0,not_tested,-1,0,0
604,629,71 131 133,3,3,2,1.5680570751529563,0.60309887505882931,71 115 131 133 135 151 155 206,1,13,0,not_tested,0,not_tested,-1,0,0
605,490,132 133 135 147 151 155 163 175,8,8,6,2.2015589295189395,0.60042516259607437,132 133 135 147 151 155 163 175,6,8,0,not_tested,0,not_tested,-1,0,0
606,813,146 161 204,3,2,1,1.0752423975814778,0.59735688754526539,146 161 204,1,2,0,not_tested,0,not_tested,-1,0,0
607,546,90 93 112,3,4,3,2.0294458429141984,0.59689583615123487,15 31 46 90 93 112,1,12,0,not_tested,0,not_tested,-1,0,0
608,816,80 81 96,3,2,1,1.0639695830090135,0.59109421278278518,27 39 54 57 80 81 96,1,10,0,not_tested,0,not_tested,-1,0,0
609,304,5 6 7 77 80 94 140 141,8,12,10,3.2163393914421512,0.59075621475468076,5 6 7 77 80 94 140 141,10,12,0,not_tested,0,not_tested,-1,0,0
610,650,257 274 276,3,3,2,1.5060690305287958,0.57925731943415226,240 243 247 256 257 273 274 276,5,21,0,not_tested,0,not_tested,-1,0,0
611,455,132 175 208,3,5,4,2.4177749192146183,0.57566069505109962,115 132 175 206 208 277,2,14,0,not_tested,0,not_tested,-1,0,0
612,822,112 154 183,3,2,1,1.0330989529326253,0.57394386274034737,54 76 81 91 112 154 183,2,6,0,not_tested,0,not_tested,-1,0,0
613,364,132 133 147 159 160 163 175 176,8,11,9,2.8371474125150593,0.56742948250301184,132 133 147 159 160 163 175 176,9,11,0,not_tested,0,not_tested,-1,0,0
614,367,2 5 19,3,6,5,2.8218598374104045,0.56437196748208096,2 5 19 23 99 238 243 260,3,19,0,not_tested,0,not_tested,-1,0,0
615,574,232 246 276,3,4,3,1.9040094930976665,0.560002792087549,232 240 243 246 247 256 273 276,5,13,0,not_tested,0,not_tested,-1,0,0
616,828,124 152 153,3,2,1,1.0046151804046615,0.5581195446692564,124 135 151 152 153 155 167,1,10,0,not_tested,0,not_tested,-1,0,0
617,310,36 49 167 277,4,7,6,3.1838876885327441,0.5489461531953006,36 46 49 61 66 78 167 277,6,18,0,not_tested,0,not_tested,-1,0,0
618,311,27 30 44 60,4,7,6,3.1698461858985851,0.54652520446527331,27 30 43 44 60 65 161 190,4,17,0,not_tested,0,not_tested,-1,0,0
619,585,11 38 41 55,4,4,3,1.7548675171214692,0.5161375050357262,11 27 38 41 54 55 81,2,10,0,not_tested,0,not_tested,-1,0,0
620,156,71 105 121 161,4,10,9,4.0701568376740047,0.49636058996024451,71 105 115 116 121 161 256,9,15,0,not_tested,0,not_tested,-1,0,0
621,614,132 133 175 183,4,4,3,1.6209921198872859,0.47676238820214289,115 132 133 175 183 206 277,1,13,0,not_tested,0,not_tested,-1,0,0
622,615,107 124 135 151,4,4,3,1.6192158020176324,0.47623994176989182,107 122 124 135 151 155 167,1,17,0,not_tested,0,not_tested,-1,0,0
623,248,2 5 6 7,4,9,8,3.5089287482398728,0.47417956057295579,2 5 6 7 23 80 82 99,8,15,0,not_tested,0,not_tested,-1,0,0
624,89,2 5 6 7 19,5,12,11,4.6285907900929057,0.47230518266254146,2 5 6 7 19 23 82 99,10,18,0,not_tested,0,not_tested,-1,0,0
625,760,77 94 120 204,4,3,2,1.21652185176455,0.46789301990944226,19 23 77 94 120 204,2,6,0,not_tested,0,not_tested,-1,0,0
626,409,14 28 29 72 73,5,7,6,2.6455340442530337,0.45612655935397139,14 23 28 29 72 73 207 208,6,16,0,not_tested,0,not_tested,-1,0,0
627,583,11 38 41 55 96,5,5,4,1.8219268939763957,0.43379211761342756,11 27 38 41 55 96 184,2,12,0,not_tested,0,not_tested,-1,0,0
628,201,71 105 121 132 133 147,6,12,11,3.8087510011752981,0.38864806134441815,71 105 116 121 132 133 147 277,11,16,0,not_tested,0,not_tested,-1,0,0
629,317,35 117 127 170 188 201 260,7,10,9,3.1279445896079441,0.38145665726926148,19 35 117 127 170 188 201 260,10,13,0,not_tested,0,not_tested,-1,0,0
630,391,15 31 48 49 50 62,6,9,8,2.708125543432494,0.36596291127466135,15 19 23 31 48 49 50 62,8,12,0,not_tested,0,not_tested,-1,0,0
631,461,132 133 147 160 163 175 176,7,8,7,2.3681096697600328,0.35880449541818671,132 133 147 160 163 175 176 277,6,11,0,not_tested,0,not_tested,-1,0,0
632,540,132 133 175 183 254 276,6,7,6,2.0553838038277017,0.3543765179013279,132 133 175 183 254 276 277,5,11,0,not_tested,0,not_tested,-1,0,0
633,267,5 6 7 36 80 140 141,7,12,11,3.3603194403775318,0.34288973881403384,5 6 7 23 36 80 140 141,11,13,0,not_tested,0,not_tested,-1,0,0
634,214,14 28 29 72 73 105 121,7,14,13,3.7306164937308961,0.3272470608535874,14 28 29 71 72 73 105 121,12,18,0,not_tested,0,not_tested,-1,0,0
635,328,116 132 133 147 159 175 176 182,8,12,11,3.049272375154283,0.31115024236268196,116 132 133 147 159 175 176 182,11,12,0,not_tested,0,not_tested,-1,0,0
636,445,19,1,2,2,2.4707309599768275,0.27452566221964747,19 23 238 243 254 260 267,2,17,0,not_tested,0,not_tested,-1,0,0
637,694,107,1,1,1,1.3707168052373713,0.27414336104747428,107 122,0,6,0,not_tested,0,not_tested,-1,0,0
638,699,274,1,1,1,1.3655423608419184,0.27310847216838369,240 243 245 247 256 273 274,2,18,0,not_tested,0,not_tested,-1,0,0
639,918,155,1,0,0,0.27245316372823492,0.27245316372823492,155,0,0,0,not_tested,0,not_tested,-1,0,0
640,703,76,1,1,1,1.361800440940975,0.27236008818819502,31 76 166 214 227 228 240 256,1,15,0,not_tested,0,not_tested,-1,0,0
641,920,81,1,0,0,0.26979409098700813,0.26979409098700813,81,0,0,0,not_tested,0,not_tested,-1,0,0
642,711,7,1,1,1,1.3444378969793918,0.26888757939587837,7 23,0,2,0,not_tested,0,not_tested,-1,0,0
643,921,248,1,0,0,0.26807771055901519,0.26807771055901519,248,0,0,0,not_tested,0,not_tested,-1,0,0
644,717,90,1,1,1,1.3358250398740448,0.26716500797480897,54 76 81 90 91 214 227 228,2,12,0,not_tested,0,not_tested,-1,0,0
645,922,153,1,0,0,0.26683069177310292,0.26683069177310292,153,0,0,0,not_tested,0,not_tested,-1,0,0
646,720,269,1,1,1,1.3336963890473865,0.26673927780947732,132 133 175 183 269 277 280 283,5,12,0,not_tested,0,not_tested,-1,0,0
647,724,77,1,1,1,1.3280804502988568,0.26561609005977138,19 23 35 77 127 245 260 262,5,15,0,not_tested,0,not_tested,-1,0,0
648,728,247,1,1,1,1.3165955845392889,0.26331911690785781,71 171 205 220 236 247 248 269,2,17,0,not_tested,0,not_tested,-1,0,0
649,925,237,1,0,0,0.26294388633251542,0.26294388633251542,237,0,0,0,not_tested,0,not_tested,-1,0,0
650,462,6,1,2,2,2.362946600285265,0.26254962225391831,5 6 7 23 35 68 82 99,10,16,0,not_tested,0,not_tested,-1,0,0
651,739,259,1,1,1,1.3047966071910935,0.26095932143821871,71 171 205 220 236 248 259 269,2,17,0,not_tested,0,not_tested,-1,0,0
652,928,260,1,0,0,0.26055504497035403,0.26055504497035403,260,0,0,0,not_tested,0,not_tested,-1,0,0
653,929,72,1,0,0,0.25984001802972073,0.25984001802972073,72,0,0,0,not_tested,0,not_tested,-1,0,0
654,931,127,1,0,0,0.25964336601884153,0.25964336601884153,127,0,0,0,not_tested,0,not_tested,-1,0,0
655,470,283,1,2,2,2.3070160228697367,0.25633511365219297,208 216 245 260 267 278 283,1,17,0,not_tested,0,not_tested,-1,0,0
656,745,254,1,1,1,1.2770220985666472,0.25540441971332944,6 23 36 61 80 131 154 254,4,13,0,not_tested,0,not_tested,-1,0,0
657,934,183,1,0,0,0.25491936778768859,0.25491936778768859,183,0,0,0,not_tested,0,not_tested,-1,0,0
658,935,146,1,0,0,0.25440064665764334,0.25440064665764334,146,0,0,0,not_tested,0,not_tested,-1,0,0
659,937,158,1,0,0,0.25162811728457524,0.25162811728457524,158,0,0,0,not_tested,0,not_tested,-1,0,0
660,938,124,1,0,0,0.2512062616855083,0.2512062616855083,124,0,0,0,not_tested,0,not_tested,-1,0,0
661,939,73,1,0,0,0.25056287701748153,0.25056287701748153,73,0,0,0,not_tested,0,not_tested,-1,0,0
662,749,30,1,1,1,1.2523918632859721,0.25047837265719441,30 240 243 245 247 256 273,2,17,0,not_tested,0,not_tested,-1,0,0
663,752,93,1,1,1,1.2493790165826635,0.2498758033165327,54 76 81 91 93 214 227 228,2,10,0,not_tested,0,not_tested,-1,0,0
664,942,205,1,0,0,0.24821745291133571,0.24821745291133571,205,0,0,0,not_tested,0,not_tested,-1,0,0
665,943,196,1,0,0,0.24807771165168283,0.24807771165168283,196,0,0,0,not_tested,0,not_tested,-1,0,0
666,753,161,1,1,1,1.2358446519442972,0.24716893038885943,71 137 152 153 161 205 208 269,9,12,0,not_tested,0,not_tested,-1,0,0
667,754,170,1,1,1,1.2338809195621834,0.24677618391243669,170 182,0,6,0,not_tested,0,not_tested,-1,0,0
668,947,51,1,0,0,0.2435683687761965,0.2435683687761965,51,0,0,0,not_tested,0,not_tested,-1,0,0
669,761,246,1,1,1,1.2141069566577003,0.24282139133154004,11 38 41 55 96 121 144 246,8,22,0,not_tested,0,not_tested,-1,0,0
670,764,62,1,1,1,1.2083517579455736,0.24167035158911471,15 31 46 62 166 240 256,1,19,0,not_tested,0,not_tested,-1,0,0
671,950,212,1,0,0,0.24038505516568251,0.24038505516568251,212,0,0,0,not_tested,0,not_tested,-1,0,0
672,766,256,1,1,1,1.201521801595868,0.2403043603191736,240 243 245 247 256 273,2,16,0,not_tested,0,not_tested,-1,0,0
673,770,193,1,1,1,1.1947029136451011,0.23894058272902022,31 166 193 240 243 247 256 273,3,14,0,not_tested,0,not_tested,-1,0,0
674,778,112,1,1,1,1.176820754300328,0.2353641508600656,54 76 81 91 112 214 227 228,2,10,0,not_tested,0,not_tested,-1,0,0
675,780,60,1,1,1,1.1756643138725948,0.23513286277451897,60 240 243 245 247 256 273,2,17,0,not_tested,0,not_tested,-1,0,0
676,786,160,1,1,1,1.156868805316416,0.23137376106328322,132 133 147 159 160 175 176 277,7,11,0,not_tested,0,not_tested,-1,0,0
677,960,130,1,0,0,0.23099424768382001,0.23099424768382001,130,0,0,0,not_tested,0,not_tested,-1,0,0
678,964,29,1,0,0,0.22637515316914875,0.22637515316914875,29,0,0,0,not_tested,0,not_tested,-1,0,0
679,795,96,1,1,1,1.1317433979165017,0.22634867958330032,27 39 54 57 81 96,1,9,0,not_tested,0,not_tested,-1,0,0
680,799,219,1,1,1,1.1267075106198845,0.22534150212397691,170 182 183 216 219,0,11,0,not_tested,0,not_tested,-1,0,0
681,831,211 225,2,1,1,0.87146905115001649,0.17429381023000329,31 166 211 214 225 227 228 240,1,13,0,not_tested,0,not_tested,-1,0,0
682,832,210 211,2,1,1,0.86911969857501858,0.17382393971500371,31 166 210 211 214 227 228 240,1,13,0,not_tested,0,not_tested,-1,0,0
683,631,43 44,2,2,2,1.563024469451437,0.17366938549460412,43 44 240 243 245 247 256 273,3,18,0,not_tested,0,not_tested,-1,0,0
684,834,220 248,2,1,1,0.8668245654512331,0.17336491309024663,220 248 269,1,2,0,not_tested,0,not_tested,-1,0,0
685,838,124 152,2,1,1,0.85757708643115149,0.17151541728623029,66 78 124 135 151 152 155 167,3,13,0,not_tested,0,not_tested,-1,0,0
686,845,5 31,2,1,1,0.85018683541785689,0.17003736708357137,5 23 31,0,2,0,not_tested,0,not_tested,-1,0,0
687,847,14 29,2,1,1,0.84778747282893496,0.16955749456578698,14 29 71 105 115 116 121 256,7,15,0,not_tested,0,not_tested,-1,0,0
688,642,36 154,2,2,2,1.5224880831146297,0.16916534256829219,2 36 51 65 99 154,4,19,0,not_tested,0,not_tested,-1,0,0
689,645,257 276,2,2,2,1.5145112657742472,0.16827902953047191,240 243 245 247 256 257 273 276,3,18,0,not_tested,0,not_tested,-1,0,0
690,246,2 72,2,5,5,3.530055790720962,0.16809789479623627,2 28 71 72 99 105 116 121,11,20,0,not_tested,0,not_tested,-1,0,0
691,651,140 141,2,2,2,1.5035979334369749,0.16706643704855276,66 78 115 116 140 141,4,10,0,not_tested,0,not_tested,-1,0,0
692,510,184 201,2,3,3,2.1437981453601243,0.16490754964308646,182 183 184 201 202 216 219 245,2,18,0,not_tested,0,not_tested,-1,0,0
693,660,256 269,2,2,2,1.4795029808716849,0.16438922009685386,240 243 245 247 256 269 273,3,17,0,not_tested,0,not_tested,-1,0,0
694,853,76 91,2,1,1,0.81975167007997174,0.16395033401599435,31 76 91 166 214 227 228 240,1,13,0,not_tested,0,not_tested,-1,0,0
695,520,11 54,2,3,3,2.1174637190437,0.16288182454182309,11 27 39 54 57 81,1,11,0,not_tested,0,not_tested,-1,0,0
696,665,90 93,2,2,2,1.4606920531046645,0.16229911701162938,15 46 54 76 81 90 91 93,2,13,0,not_tested,0,not_tested,-1,0,0
697,667,117 188,2,2,2,1.4588571472279903,0.16209523858088781,101 117 120 131 160 163 188 204,4,14,0,not_tested,0,not_tested,-1,0,0
698,669,141 144,2,2,2,1.4576692947570986,0.16196325497301095,27 39 54 57 81 141 144,2,10,0,not_tested,0,not_tested,-1,0,0
699,672,5 6,2,2,2,1.4462351182632684,0.16069279091814093,5 6 7 23 35 68 82 99,10,16,0,not_tested,0,not_tested,-1,0,0
700,680,246 274,2,2,2,1.4406264633595245,0.16006960703994716,240 243 245 246 247 256 273 274,3,19,0,not_tested,0,not_tested,-1,0,0
701,862,257 274,2,1,1,0.79804075847596312,0.1596081516951926,240 243 245 247 256 257 273 274,2,21,0,not_tested,0,not_tested,-1,0,0
702,536,160 163,2,3,3,2.0729279068701629,0.15945599283616638,115 135 151 155 160 163 167 206,2,17,0,not_tested,0,not_tested,-1,0,0
703,863,124 137,2,1,1,0.7969024323635765,0.1593804864727153,66 78 124 135 137 151 155 167,3,13,0,not_tested,0,not_tested,-1,0,0
704,876,155 170,2,1,1,0.77226344686840609,0.1544526893736812,155 170 182,0,6,0,not_tested,0,not_tested,-1,0,0
705,877,158 161,2,1,1,0.76985788898105623,0.15397157779621123,71 137 152 153 158 161 205 208,9,11,0,not_tested,0,not_tested,-1,0,0
706,690,131 133,2,2,2,1.384635126761476,0.15384834741794176,115 131 133 135 151 155 167 206,1,16,0,not_tested,0,not_tested,-1,0,0
707,553,281 283,2,3,3,1.9995191138299162,0.15380916260230124,208 216 245 260 267 278 281 283,2,18,0,not_tested,0,not_tested,-1,0,0
708,691,246 259,2,2,2,1.3806846487753262,0.15340940541948067,71 171 205 220 236 246 248 259,3,16,0,not_tested,0,not_tested,-1,0,0
709,878,125 135,2,1,1,0.76664802130624055,0.15332960426124809,66 78 115 116 125 135 167,3,11,0,not_tested,0,not_tested,-1,0,0
710,693,30 60,2,2,2,1.3747017704235664,0.15274464115817404,30 43 60 65 161 190,3,12,0,not_tested,0,not_tested,-1,0,0
711,422,82 99,2,4,4,2.585496962168929,0.15208805659817226,2 51 65 82 99 101 160 163,6,23,0,not_tested,0,not_tested,-1,0,0
712,312,2 35,2,5,5,3.1662345771618283,0.15077307510294422,2 23 35 99 238 243 260,4,17,0,not_tested,0,not_tested,-1,0,0
713,563,254 283,2,3,3,1.9552997855154708,0.15040767580888237,208 216 245 254 260 267 278 283,2,19,0,not_tested,0,not_tested,-1,0,0
714,707,117 120,2,2,2,1.3480036299415332,0.1497781811046148,101 115 117 120 160 163 206,3,14,0,not_tested,0,not_tested,-1,0,0
715,709,82 125,2,2,2,1.3475486898179196,0.14972763220199106,2 51 65 82 99 125,4,17,0,not_tested,0,not_tested,-1,0,0
716,981,72 146,2,0,0,0.14795030524962394,0.14795030524962394,72 146,0,0,0,not_tested,0,not_tested,-1,0,0
717,888,146 161,2,1,1,0.73811239006174412,0.14762247801234882,71 137 146 152 153 161 205 208,9,11,0,not_tested,0,not_tested,-1,0,0
718,439,19 35,2,4,4,2.5045205273021467,0.14732473690012626,19 23 35 238 243 254 260 267,5,19,0,not_tested,0,not_tested,-1,0,0
719,889,51 117,2,1,1,0.73480124716973594,0.14696024943394717,51 101 115 117 160 163 206,2,13,0,not_tested,0,not_tested,-1,0,0
720,891,140 154,2,1,1,0.73250791977036878,0.14650158395407373,6 23 36 61 80 131 140 154,4,13,0,not_tested,0,not_tested,-1,0,0
721,726,120 131,2,2,2,1.3172872594869569,0.1463652510541063,101 115 120 131 160 163 206,3,14,0,not_tested,0,not_tested,-1,0,0
722,727,280 283,2,2,2,1.3170095779140514,0.14633439754600569,208 216 245 260 267 278 280 283,1,17,0,not_tested,0,not_tested,-1,0,0
723,730,166 192,2,2,2,1.314363172567893,0.14604035250754369,31 166 191 192 214 227 228 240,1,15,0,not_tested,0,not_tested,-1,0,0
724,732,192 210,2,2,2,1.3125001902793287,0.14583335447548096,191 192 210 214 227 228,1,9,0,not_tested,0,not_tested,-1,0,0
725,734,195 214,2,2,2,1.3084409216470707,0.14538232462745229,31 166 195 214 240 256,2,11,0,not_tested,0,not_tested,-1,0,0
726,737,76 90,2,2,2,1.3067307318828898,0.14519230354254331,31 76 90 166 214 227 228 240,3,14,0,not_tested,0,not_tested,-1,0,0
727,986,124 127,2,0,0,0.14458060474382756,0.14458060474382756,124 127,0,0,0,not_tested,0,not_tested,-1,0,0
728,893,205 220,2,1,1,0.72083728482535991,0.14416745696507199,205 220 269,1,2,0,not_tested,0,not_tested,-1,0,0
729,763,7 23 36,3,2,2,1.2090678772956163,0.13434087525506846,2 7 23 36 51 65 99,4,19,0,not_tested,0,not_tested,-1,0,0
730,588,91 107 124,3,3,3,1.7334296017258743,0.13334073859429801,91 107 122 124 214 227 228,2,13,0,not_tested,0,not_tested,-1,0,0
731,894,127 137 153,3,1,1,0.66170425095484897,0.13234085019096978,127 135 137 151 153 155 167,1,9,0,not_tested,0,not_tested,-1,0,0
732,591,81 141 175,3,3,3,1.716696624587656,0.13205358650674276,66 78 81 115 116 141 175 206,4,14,0,not_tested,0,not_tested,-1,0,0
733,895,76 91 225,3,1,1,0.65927869710659215,0.13185573942131842,76 91 214 225 227 228,1,6,0,not_tested,0,not_tested,-1,0,0
734,776,5 7 31,3,2,2,1.1801113803969565,0.13112348671077292,5 7 23 31 66 78 116 141,4,10,0,not_tested,0,not_tested,-1,0,0
735,783,14 29 30,3,2,2,1.1683901628160533,0.12982112920178371,14 29 30 240 245 247 256,3,15,0,not_tested,0,not_tested,-1,0,0
736,491,201 202 219,3,4,4,2.1970188390376277,0.12923640229633107,170 182 183 201 202 216 219 245,1,20,0,not_tested,0,not_tested,-1,0,0
737,605,30 57 58,3,3,3,1.6710917636181286,0.12854552027831759,30 54 57 58 65 81 161 190,4,13,0,not_tested,0,not_tested,-1,0,0
738,506,81 82 99,3,4,4,2.171070491620918,0.12771002891887756,2 51 65 81 82 99,4,16,0,not_tested,0,not_tested,-1,0,0
739,791,211 225 256,3,2,2,1.1489641795179319,0.12766268661310354,211 214 225 227 228 256,2,7,0,not_tested,0,not_tested,-1,0,0
740,611,28 30 44,3,3,3,1.6340299838393919,0.12569461414149166,28 30 43 44 65 161 190,4,13,0,not_tested,0,not_tested,-1,0,0
741,616,146 160 163,3,3,3,1.6162583854798551,0.124327568113835,115 135 146 151 155 160 163 206,2,13,0,not_tested,0,not_tested,-1,0,0
742,902,29 73 120,3,1,1,0.62082969788171949,0.12416593957634389,29 71 73 105 116 120 121 256,8,12,0,not_tested,0,not_tested,-1,0,0
743,617,137 152 153,3,3,3,1.6139672188443879,0.12415132452649136,107 122 124 137 152 153 171,2,17,0,not_tested,0,not_tested,-1,0,0
744,618,246 274 276,3,3,3,1.6069566665287305,0.12361205127144079,240 243 246 247 256 273 274 276,5,13,0,not_tested,0,not_tested,-1,0,0
745,619,163 188 206,3,3,3,1.6042873270034514,0.12340671746180394,115 135 151 155 163 167 188 206,2,15,0,not_tested,0,not_tested,-1,0,0
746,803,192 210 225,3,2,2,1.1093949157356726,0.12326610174840807,191 192 210 214 225 227 228,1,9,0,not_tested,0,not_tested,-1,0,0
747,623,11 38 41,3,3,3,1.591589933274304,0.12242999486725416,11 27 38 39 41 54 57 81,1,14,0,not_tested,0,not_tested,-1,0,0
748,906,71 72 73,3,1,1,0.61169954484587974,0.12233990896917593,71 72 73 105 115 116 121 256,7,14,0,not_tested,0,not_tested,-1,0,0
749,907,124 127 137,3,1,1,0.61165576915467135,0.12233115383093428,124 127 135 137 151 155 167,1,9,0,not_tested,0,not_tested,-1,0,0
750,624,168 192 193,3,3,3,1.5809576344029994,0.12161212572330764,168 191 192 193 214 227 228,1,10,0,not_tested,0,not_tested,-1,0,0
751,811,196 257 276,3,2,2,1.0814014048481588,0.12015571164979542,196 240 243 247 256 257 273 276,4,11,0,not_tested,0,not_tested,-1,0,0
752,634,155 160 163,3,3,3,1.5528435996501095,0.11944950766539303,115 135 151 155 160 163 167 206,2,17,0,not_tested,0,not_tested,-1,0,0
753,639,38 54 55,3,3,3,1.5285179517960239,0.11757830398430953,27 38 39 54 55 57 81,1,10,0,not_tested,0,not_tested,-1,0,0
754,913,140 154 183,3,1,1,0.58667998415937628,0.11733599683187525,6 36 61 80 131 140 154 183,5,12,0,not_tested,0,not_tested,-1,0,0
755,558,35 256 274,3,4,4,1.9869025050946099,0.11687661794674176,23 35 256 257 274 276,3,8,0,not_tested,0,not_tested,-1,0,0
756,820,76 90 91,3,2,2,1.0437430351425629,0.11597144834917367,54 76 81 90 91 214 227 228,2,12,0,not_tested,0,not_tested,-1,0,0
757,825,14 54 132,3,2,2,1.008531483652193,0.11205905373913254,14 54 115 132 135 151 155 206,1,12,0,not_tested,0,not_tested,-1,0,0
758,673,237 254 283,3,3,3,1.4453906300171611,0.11118389461670469,208 216 237 254 283,3,8,0,not_tested,0,not_tested,-1,0,0
759,676,120 132 133,3,3,3,1.4418183448552853,0.11090910345040654,115 120 132 133 206 277,1,12,0,not_tested,0,not_tested,-1,0,0
760,677,256 273 274,3,3,3,1.4414003604566452,0.11087695080435732,240 243 245 247 256 273 274,2,18,0,not_tested,0,not_tested,-1,0,0
761,580,15 48 50,3,4,4,1.8744025430228592,0.11025897311899172,15 19 23 46 48 50,3,11,0,not_tested,0,not_tested,-1,0,0
762,584,256 257 273 274,4,4,4,1.7943887538217396,0.10555227963657292,240 243 245 247 256 257 273 274,2,21,0,not_tested,0,not_tested,-1,0,0
763,706,137 152 153 158,4,3,3,1.3484956560512764,0.10373043508086741,107 122 124 137 152 153 158 171,2,17,0,not_tested,0,not_tested,-1,0,0
764,545,71 137 152 153,4,5,5,2.0377215025604172,0.097034357264781768,71 107 124 137 152 153 171 269,5,15,0,not_tested,0,not_tested,-1,0,0
765,609,48 50 77 94,4,4,4,1.6392979880030951,0.096429293411946768,19 23 46 48 50 77 94,3,9,0,not_tested,0,not_tested,-1,0,0
766,751,38 41 55 96,4,3,3,1.2503751106417209,0.096182700818593911,27 38 41 54 55 81 96,2,6,0,not_tested,0,not_tested,-1,0,0
767,83,5 6 7 19 35,5,12,12,4.7066518596916689,0.096054119585544273,5 6 7 19 23 35 82 99,13,17,0,not_tested,0,not_tested,-1,0,0
768,556,256 257 259 273 274,5,5,5,1.9955307958922899,0.095025275994870942,245 256 257 259 273 274,3,11,0,not_tested,0,not_tested,-1,0,0
769,561,5 7 77 94 141,5,5,5,1.9682691752985555,0.09372710358564551,5 7 19 23 77 94 99 141,7,11,0,not_tested,0,not_tested,-1,0,0
770,198,71 105 121 163 175,5,10,10,3.818392630514166,0.093131527573516254,71 105 115 116 121 163 175 256,10,15,0,not_tested,0,not_tested,-1,0,0
771,437,11 38 41 55 96 144 159,7,9,9,2.5076425112795162,0.067774121926473405,11 27 38 41 55 96 144 159,8,13,0,not_tested,0,not_tested,-1,0,0
772,376,116 132 133 147 159 175 176 237,8,10,11,2.7954714050779801,-0.20454668817643756,116 132 133 147 159 175 176 237,11,10,0,not_tested,0,not_tested,-1,0,0
773,493,35 48 50 77 94 127 260,7,7,8,2.1939082031762753,-0.22695602101823537,19 35 48 50 77 94 127 260,9,10,0,not_tested,0,not_tested,-1,0,0
774,551,5 6 7 80 140,5,6,7,2.0187413803042071,-0.2422489656365048,5 6 7 23 80 82 99 140,9,11,0,not_tested,0,not_tested,-1,0,0
775,448,132 133 147 159 175 176,6,7,8,2.4562404125091626,-0.25409383577680994,132 133 147 159 161 175 176 277,7,11,0,not_tested,0,not_tested,-1,0,0
776,235,5 6 7 35,4,8,9,3.5791893835789352,-0.32538085305263048,5 6 7 23 35 68 82 99,10,16,0,not_tested,0,not_tested,-1,0,0
777,993,29 72 73,3,0,1,0.11026277732938339,-0.33078833198815016,29 71 72 73 105 116 121 256,8,11,0,not_tested,0,not_tested,-1,0,0
778,915,210 225 269,3,1,2,0.55243559625441485,-0.3314613577526489,210 214 225 227 228 269,2,6,0,not_tested,0,not_tested,-1,0,0
779,681,201 232 246,3,3,4,1.4383175952539327,-0.33191944505859977,182 201 202 219 232 245 246,3,14,0,not_tested,0,not_tested,-1,0,0
780,830,90 91 93,3,2,3,0.99764386246819614,-0.33254795415606536,15 46 90 91 93 214 227 228,2,12,0,not_tested,0,not_tested,-1,0,0
781,914,23 29 73,3,1,2,0.55440101978338152,-0.33264061187002886,23 29 71 73 105 116 121 256,9,12,0,not_tested,0,not_tested,-1,0,0
782,578,48 49 50,3,4,5,1.8980372242440227,-0.33494774545482753,19 23 46 48 49 50,4,9,0,not_tested,0,not_tested,-1,0,0
783,826,246 257 259,3,2,3,1.006300357918086,-0.33543345263936197,240 243 246 247 256 257 259 273,6,11,0,not_tested,0,not_tested,-1,0,0
784,824,140 141 144,3,2,3,1.0104268039937607,-0.33680893466458689,27 39 54 57 81 140 141 144,3,10,0,not_tested,0,not_tested,-1,0,0
785,662,147 160 163,3,3,4,1.4727228397259917,-0.33985911685984421,115 135 147 151 155 160 163 206,3,13,0,not_tested,0,not_tested,-1,0,0
786,567,99 101 163,3,4,5,1.9347486004635097,-0.34142622361120761,99 101 115 135 151 155 163 206,4,14,0,not_tested,0,not_tested,-1,0,0
787,818,36 80 96,3,2,3,1.0573484279746861,-0.35244947599156196,27 36 39 54 57 80 81 96,3,10,0,not_tested,0,not_tested,-1,0,0
788,812,41 71 131,3,2,3,1.076618678419857,-0.35887289280661894,27 39 41 54 57 71 81 131,1,10,0,not_tested,0,not_tested,-1,0,0
789,911,76 91 94,3,1,2,0.59905203684959152,-0.35943122210975487,76 91 94 214 227 228,2,6,0,not_tested,0,not_tested,-1,0,0
790,808,28 58 72,3,2,3,1.0934818896563308,-0.36449396321877686,28 58 72 240 245 247 256,4,15,0,not_tested,0,not_tested,-1,0,0
791,806,201 232 237,3,2,3,1.098951050608995,-0.366317016869665,182 201 202 219 232 237 245,2,13,0,not_tested,0,not_tested,-1,0,0
792,805,38 39 55,3,2,3,1.1012432886337515,-0.36708109621125051,27 38 39 54 55 57 81,1,10,0,not_tested,0,not_tested,-1,0,0
793,804,77 93 94,3,2,3,1.1038575973335718,-0.36795253244452392,19 23 35 77 93 94 127 260,6,8,0,not_tested,0,not_tested,-1,0,0
794,531,105 107 124,3,4,5,2.08620293752992,-0.3681534595641035,105 107 115 116 122 124,4,13,0,not_tested,0,not_tested,-1,0,0
795,802,38 41 55,3,2,3,1.1101418141426456,-0.37004727138088184,27 38 39 41 54 55 57 81,1,10,0,not_tested,0,not_tested,-1,0,0
796,801,225 256 269,3,2,3,1.1111986923174888,-0.37039956410582958,214 225 227 228 256 269,3,7,0,not_tested,0,not_tested,-1,0,0
797,797,132 175 190,3,2,3,1.1307759513944478,-0.37692531713148253,115 132 175 190 206 277,1,11,0,not_tested,0,not_tested,-1,0,0
798,788,126 168 193,3,2,3,1.1537490607438667,-0.3845830202479556,15 31 46 126 166 168 193 240,2,16,0,not_tested,0,not_tested,-1,0,0
799,787,82 125 202,3,2,3,1.1552614573108499,-0.38508715243694996,82 125 170 182 183 202 216,2,12,0,not_tested,0,not_tested,-1,0,0
800,392,43 49 262,3,5,6,2.7031712316245575,-0.38616731880350813,43 46 49 240 245 247 256 262,5,20,0,not_tested,0,not_tested,-1,0,0
801,991,124 135 151,3,0,1,0.12896476485734157,-0.38689429457202468,66 78 115 116 124 135 151 167,3,12,0,not_tested,0,not_tested,-1,0,0
802,599,132 133 147,3,3,4,1.6875520166212579,-0.38943508075875177,115 132 133 147 206 277,2,12,0,not_tested,0,not_tested,-1,0,0
803,489,5 19 35,3,4,5,2.2103840516160314,-0.39006777381459379,5 19 23 35 68 80 82 99,8,12,0,not_tested,0,not_tested,-1,0,0
804,777,192 195 210,3,2,3,1.1775044411304232,-0.39250148037680765,191 192 195 210 214 227 228,2,9,0,not_tested,0,not_tested,-1,0,0
805,481,5 6 7,3,4,5,2.2345602134884701,-0.39433415532149474,5 6 7 23 68 80 82 99,7,12,0,not_tested,0,not_tested,-1,0,0
806,765,44 60 72,3,2,3,1.2082341077838481,-0.40274470259461598,43 44 60 65 72 161 190,4,12,0,not_tested,0,not_tested,-1,0,0
807,581,71 121,2,3,4,1.8663855115122059,-0.43070434881050912,31 71 121 240 243 247 256 273,5,14,0,not_tested,0,not_tested,-1,0,0
808,984,210 225,2,0,1,0.14512076829268142,-0.43536230487804428,31 166 210 214 225 227 228 240,1,12,0,not_tested,0,not_tested,-1,0,0
809,983,195 212,2,0,1,0.14675480626827242,-0.44026441880481731,169 181 191 195 196 211 212 243,0,19,0,not_tested,0,not_tested,-1,0,0
810,570,48 50,2,3,4,1.9226502681245234,-0.44368852341335158,19 23 35 46 48 50 127 260,6,11,0,not_tested,0,not_tested,-1,0,0
811,980,124 135,2,0,1,0.14802984713262637,-0.44408954139787921,66 78 115 116 124 135 167,3,10,0,not_tested,0,not_tested,-1,0,0
812,886,94 112,2,1,2,0.74394360253746883,-0.44636616152248132,19 23 35 94 112 127 260 262,7,10,0,not_tested,0,not_tested,-1,0,0
813,885,77 94,2,1,2,0.74746700374215702,-0.44848020224529422,19 23 35 77 94 127 260 262,6,10,0,not_tested,0,not_tested,-1,0,0
814,708,170 201,2,2,3,1.3479385111515056,-0.4493128370505019,170 182 183 201 202 216 219 245,1,20,0,not_tested,0,not_tested,-1,0,0
815,431,99 116,2,4,5,2.5495666229026983,-0.44992352168871147,69 99 115 116 130 158,3,13,0,not_tested,0,not_tested,-1,0,0
816,704,246 276,2,2,3,1.3581214208492813,-0.45270714028309383,240 243 245 246 247 256 273 276,4,18,0,not_tested,0,not_tested,-1,0,0
817,696,132 133,2,2,3,1.3690656551975484,-0.4563552183991828,115 132 133 135 151 155 206 277,1,15,0,not_tested,0,not_tested,-1,0,0
818,979,135 151,2,0,1,0.15349122082025832,-0.46047366246077504,66 78 115 116 135 151 167,3,12,0,not_tested,0,not_tested,-1,0,0
819,874,5 7,2,1,2,0.77483332726457499,-0.46489999635874502,5 7 23 66 78 115 116 141,3,12,0,not_tested,0,not_tested,-1,0,0
820,689,11 41,2,2,3,1.3954935861675934,-0.46516452872253122,11 27 39 41 54 57 81,1,13,0,not_tested,0,not_tested,-1,0,0
821,687,54 55,2,2,3,1.4013925745589253,-0.46713085818630845,27 39 54 55 57 81,1,9,0,not_tested,0,not_tested,-1,0,0
822,869,176 190,2,1,2,0.78932284679374209,-0.47359370807624523,115 176 190 206,1,9,0,not_tested,0,not_tested,-1,0,0
823,865,120 132,2,1,2,0.79471004892088992,-0.47682602935253393,115 120 132 135 151 155 167 206,1,15,0,not_tested,0,not_tested,-1,0,0
824,864,23 36,2,1,2,0.79599627479402435,-0.47759776487641464,2 23 36 51 65 99,4,18,0,not_tested,0,not_tested,-1,0,0
825,977,72 73,2,0,1,0.15928393253531178,-0.47785179760593544,71 72 73 105 115 116 121 256,7,14,0,not_tested,0,not_tested,-1,0,0
826,682,201 232,2,2,3,1.4346398830749967,-0.47821329435833226,182 183 201 202 216 219 232 245,2,17,0,not_tested,0,not_tested,-1,0,0
827,976,58 72,2,0,1,0.15980790504634326,-0.47942371513902982,58 72 240 243 245 247 256 273,2,16,0,not_tested,0,not_tested,-1,0,0
828,861,197 202,2,1,2,0.80002538253113176,-0.48001522951867909,170 182 183 197 202 216 245,0,16,0,not_tested,0,not_tested,-1,0,0
829,679,38 54,2,2,3,1.4407474737250743,-0.48024915790835815,27 38 39 54 57 81,1,9,0,not_tested,0,not_tested,-1,0,0
830,678,167 273,2,2,3,1.4412597956577977,-0.48041993188593263,66 78 115 116 167 245 273,4,15,0,not_tested,0,not_tested,-1,0,0
831,674,38 55,2,2,3,1.4451142758725759,-0.48170475862419199,27 38 39 54 55 57 81,1,10,0,not_tested,0,not_tested,-1,0,0
832,859,91 107,2,1,2,0.8036027963204615,-0.48216167779227692,91 107 122 214 227 228,1,11,0,not_tested,0,not_tested,-1,0,0
833,858,30 58,2,1,2,0.80444208696437747,-0.48266525217862649,30 43 58 65 161 190,3,11,0,not_tested,0,not_tested,-1,0,0
834,974,124 153,2,0,1,0.16114228694059129,-0.48342686082177394,66 78 124 135 151 153 155 167,3,12,0,not_tested,0,not_tested,-1,0,0
835,668,161 175,2,2,3,1.458844253258567,-0.48628141775285572,115 135 151 155 161 167 175 206,2,16,0,not_tested,0,not_tested,-1,0,0
836,521,159 188,2,3,4,2.1155513108981174,-0.48820414866879636,132 133 159 175 188 254 267 277,6,16,0,not_tested,0,not_tested,-1,0,0
837,856,93 126,2,1,2,0.81422589306162862,-0.48853553583697717,15 46 54 76 81 91 93 126,2,10,0,not_tested,0,not_tested,-1,0,0
838,855,90 91,2,1,2,0.81601010341751978,-0.48960606205051194,31 90 91 166 214 227 228 240,3,13,0,not_tested,0,not_tested,-1,0,0
839,661,132 133 147 163 175 176,6,5,7,1.4773124913673039,-0.49243749712243468,132 133 147 161 163 175 176 277,6,9,0,not_tested,0,not_tested,-1,0,0
840,416,5 7 19 35 36 82,6,9,11,2.6120498471025639,-0.49417159269507971,5 7 19 23 35 36 82 99,12,13,0,not_tested,0,not_tested,-1,0,0
841,851,225 269,2,1,2,0.82417366499616862,-0.49450419899770121,31 166 214 225 227 228 240 269,2,13,0,not_tested,0,not_tested,-1,0,0
842,655,163 206,2,2,3,1.4881610852465217,-0.4960536950821739,115 135 151 155 163 167 206,2,14,0,not_tested,0,not_tested,-1,0,0
843,971,29 73,2,0,1,0.16557503548814467,-0.49672510646443407,29 71 73 105 115 116 121 256,7,14,0,not_tested,0,not_tested,-1,0,0
844,653,71 161,2,2,3,1.4937008844230033,-0.49790029480766779,31 71 121 161 240 256,5,11,0,not_tested,0,not_tested,-1,0,0
845,969,196 257,2,0,1,0.16625919332615485,-0.49877757997846456,196 240 243 245 247 256 257 273,2,16,0,not_tested,0,not_tested,-1,0,0
846,649,44 60,2,2,3,1.5070299224731858,-0.50234330749106193,43 44 60 65 161 190,4,12,0,not_tested,0,not_tested,-1,0,0
847,648,192 193,2,2,3,1.5071761099155683,-0.50239203663852283,191 192 193 214 227 228,1,9,0,not_tested,0,not_tested,-1,0,0
848,494,49 277,2,3,4,2.1884171005891631,-0.50501933090519158,46 49 61 66 78 115 116 277,5,16,0,not_tested,0,not_tested,-1,0,0
849,846,51 66,2,1,2,0.84907917254856102,-0.50944750352913659,51 66 69 115 116 130 158,1,11,0,not_tested,0,not_tested,-1,0,0
850,968,195 196,2,0,1,0.16993163569380884,-0.50979490708142661,169 181 191 195 196 211 212 243,0,19,0,not_tested,0,not_tested,-1,0,0
851,967,227 228,2,0,1,0.17110368366653012,-0.5133110509995904,31 166 227 228 240 256,1,9,0,not_tested,0,not_tested,-1,0,0
852,840,93 94,2,1,2,0.85555017999717109,-0.5133301079983027,19 23 35 93 94 127 260 262,7,10,0,not_tested,0,not_tested,-1,0,0
853,833,94 96,2,1,2,0.86815183004634044,-0.52089109802780431,27 39 54 57 81 94 96,2,9,0,not_tested,0,not_tested,-1,0,0
854,383,116 132 133 147 159 175 176,7,9,11,2.7582054954379998,-0.52182266129908095,116 132 133 147 159 175 176 277,10,12,0,not_tested,0,not_tested,-1,0,0
855,628,41 57,2,2,3,1.5706274252766255,-0.52354247509220853,27 39 41 54 57 81,1,8,0,not_tested,0,not_tested,-1,0,0
856,339,5 6 7 35 36,5,9,11,2.971122738630855,-0.56210430190313476,5 6 7 23 35 36 82 99,12,14,0,not_tested,0,not_tested,-1,0,0
857,549,71 137 152 153 161,5,6,8,2.0259420999752606,-0.56726378799307298,71 121 137 152 153 161 171 269,11,11,0,not_tested,0,not_tested,-1,0,0
858,592,117 127 170 188 201,5,5,7,1.7157489698850763,-0.5719163232950254,117 127 170 182 188 201 245 262,6,18,0,not_tested,0,not_tested,-1,0,0
859,452,35 117 127 170 188 201,6,7,9,2.4260582165294933,-0.58560025916229153,19 23 35 117 127 170 188 201,9,11,0,not_tested,0,not_tested,-1,0,0
860,523,35 48 50 77 94 127,6,6,8,2.1084572765167411,-0.59036803742468758,19 23 35 48 50 77 94 127,8,10,0,not_tested,0,not_tested,-1,0,0
861,671,132 133 147 163 175,5,4,6,1.4486576267806779,-0.59650608161557328,115 132 133 147 163 175 206 277,4,13,0,not_tested,0,not_tested,-1,0,0
862,637,30 44 51 58 60,5,4,6,1.5406582862276554,-0.63438870609374043,30 43 44 51 58 60 65,5,17,0,not_tested,0,not_tested,-1,0,0
863,622,30 44 58 60,4,4,6,1.5939310278190677,-0.65632454086667502,30 43 44 58 60 65 161 190,4,19,0,not_tested,0,not_tested,-1,0,0
864,962,144,1,0,1,0.2302945663202495,-0.69088369896074853,27 39 54 57 81 144,1,8,0,not_tested,0,not_tested,-1,0,0
865,961,135,1,0,1,0.23094340496610147,-0.69283021489830443,66 78 115 116 135 167,3,10,0,not_tested,0,not_tested,-1,0,0
866,959,91,1,0,1,0.23255892483383989,-0.69767677450151966,31 91 166 214 227 228 240 256,1,14,0,not_tested,0,not_tested,-1,0,0
867,957,58,1,0,1,0.23476864887581847,-0.70430594662745538,58 240 243 245 247 256 273,2,16,0,not_tested,0,not_tested,-1,0,0
868,595,147 159 176 182,4,4,6,1.7112596948935266,-0.70463634495615801,115 147 159 176 182 206,5,12,0,not_tested,0,not_tested,-1,0,0
869,590,133 183 280 283,4,4,6,1.7193068440563788,-0.70794987696439127,115 133 183 206 277 280 283,4,13,0,not_tested,0,not_tested,-1,0,0
870,773,192,1,1,2,1.1845375592118481,-0.71072253552710896,31 166 191 192 214 227 228 240,1,15,0,not_tested,0,not_tested,-1,0,0
871,952,227,1,0,1,0.23769579726929316,-0.7130873918078795,31 166 227 240 243 247 256 273,3,13,0,not_tested,0,not_tested,-1,0,0
872,951,202,1,0,1,0.23835191793902913,-0.71505575381708741,170 182 183 202 216,0,10,0,not_tested,0,not_tested,-1,0,0
873,769,82,1,1,2,1.1965233134240574,-0.7179139880544344,2 51 65 82 99 101 160 163,6,23,0,not_tested,0,not_tested,-1,0,0
874,762,133,1,1,2,1.2134163606438357,-0.72804981638630151,115 133 135 151 155 167 206,1,15,0,not_tested,0,not_tested,-1,0,0
875,946,225,1,0,1,0.24380094388895659,-0.73140283166686981,31 166 214 225 227 228 240 256,1,14,0,not_tested,0,not_tested,-1,0,0
876,945,257,1,0,1,0.24447626669385553,-0.73342880008156652,240 243 245 247 256 257 273,2,16,0,not_tested,0,not_tested,-1,0,0
877,755,35,1,1,2,1.2306319092878111,-0.73837914557268669,19 23 35 117 127 170 188 201,9,11,0,not_tested,0,not_tested,-1,0,0
878,936,210,1,0,1,0.25407682087713956,-0.76223046263141869,31 166 210 214 227 228 240 256,1,14,0,not_tested,0,not_tested,-1,0,0
879,933,140,1,0,1,0.25558685788201557,-0.76676057364604677,6 23 36 61 80 131 140 154,4,13,0,not_tested,0,not_tested,-1,0,0
880,932,151,1,0,1,0.256821463812347,-0.77046439143704104,66 78 115 116 151 167,3,12,0,not_tested,0,not_tested,-1,0,0
881,465,159 160 163,3,5,7,2.3352942647942974,-0.77843142159809908,115 135 151 155 159 160 163 206,6,15,0,not_tested,0,not_tested,-1,0,0
882,827,130 158 159,3,2,4,1.0057472517880768,-0.78224786250183742,130 132 133 158 159 175 254 267,7,11,0,not_tested,0,not_tested,-1,0,0
883,463,11,1,2,3,2.3532775769696359,-0.7844258589898786,11 27 39 54 57 81,1,11,0,not_tested,0,not_tested,-1,0,0
884,670,5 7 35,3,3,5,1.4572218057952335,-0.78465789542820263,5 7 23 35 68 80 82 99,7,11,0,not_tested,0,not_tested,-1,0,0
885,926,228,1,0,1,0.26273297961895625,-0.78819893885686876,31 166 228 240 243 247 256 273,3,13,0,not_tested,0,not_tested,-1,0,0
886,725,175,1,1,2,1.3181797741202157,-0.79090786447212935,115 135 151 155 167 175 206,1,15,0,not_tested,0,not_tested,-1,0,0
887,924,94,1,0,1,0.26595350716015131,-0.79786052148045394,19 23 35 94 127 245 260 262,5,14,0,not_tested,0,not_tested,-1,0,0
888,656,159 176 188,3,3,5,1.4881012220906664,-0.8012852734334357,115 159 176 188 206,4,11,0,not_tested,0,not_tested,-1,0,0
889,713,276,1,1,2,1.3421705041509253,-0.80530230249055512,240 243 245 247 256 273 276,3,17,0,not_tested,0,not_tested,-1,0,0
890,710,66,1,1,2,1.344938020767442,-0.80696281246046508,66 69 115 116 130 158,1,11,0,not_tested,0,not_tested,-1,0,0
891,821,204 254 281,3,2,4,1.0395814477353296,-0.80856334823858966,204 208 216 254 281,4,7,0,not_tested,0,not_tested,-1,0,0
892,919,126,1,0,1,0.27005562827021989,-0.81016688481065968,54 76 81 91 126 214 227 228,2,9,0,not_tested,0,not_tested,-1,0,0
893,917,5,1,0,1,0.2727360340280518,-0.8182081020841554,5 23,0,1,0,not_tested,0,not_tested,-1,0,0
894,916,195,1,0,1,0.27324381619993376,-0.81973144859980129,169 181 191 195 196 211 212 243,0,19,0,not_tested,0,not_tested,-1,0,0
895,817,117 127 188,3,2,4,1.0639518194604309,-0.82751808180255737,117 127 188 238 245 260 262,4,13,0,not_tested,0,not_tested,-1,0,0
896,814,43 44 58,3,2,4,1.0664093429038515,-0.82942948892521784,43 44 58 65 161 190,4,10,0,not_tested,0,not_tested,-1,0,0
897,912,77 91 94,3,1,3,0.5931174144883401,-0.83036438028367621,19 23 77 91 94 214 227 228,3,9,0,not_tested,0,not_tested,-1,0,0
898,548,19 36 82,3,4,6,2.0266168101400477,-0.83448927476354906,2 19 23 36 51 65 82 99,6,23,0,not_tested,0,not_tested,-1,0,0
899,544,30 44 60,3,4,6,2.0406617425095086,-0.84027248220979767,30 43 44 60 65 161 190,4,14,0,not_tested,0,not_tested,-1,0,0
900,910,77 94 140,3,1,3,0.60103329611788869,-0.84144661456504422,19 23 35 77 94 127 140 260,6,7,0,not_tested,0,not_tested,-1,0,0
901,909,72 105 146,3,1,3,0.60784069790123185,-0.85097697706172459,69 72 105 115 116 130 146 158,2,11,0,not_tested,0,not_tested,-1,0,0
902,904,147 176 188,3,1,3,0.6193693499965407,-0.86711708999515702,115 135 147 151 155 176 188 206,2,13,0,not_tested,0,not_tested,-1,0,0
903,901,116 130 158,3,1,3,0.62317417886136328,-0.87244385040590866,69 115 116 130 158,1,10,0,not_tested,0,not_tested,-1,0,0
904,413,73 105 121,3,5,7,2.6292597172771459,-0.87641990575904849,31 73 105 115 116 121 240 256,6,16,0,not_tested,0,not_tested,-1,0,0
905,512,71 121 161,3,4,6,2.1365107335281697,-0.87973971380571692,31 71 121 161 240 256,5,11,0,not_tested,0,not_tested,-1,0,0
906,552,121 133 183 280 283,5,6,9,2.0002634618520876,-0.88011592321491849,121 133 183 256 277 280 283,8,10,0,not_tested,0,not_tested,-1,0,0
907,900,257 273 274,3,1,3,0.63223618434342488,-0.88513065808079494,240 243 245 247 256 257 273 274,2,21,0,not_tested,0,not_tested,-1,0,0
908,899,147 175 176,3,1,3,0.63617935085655508,-0.89065109119917718,115 135 147 151 155 175 176 206,2,13,0,not_tested,0,not_tested,-1,0,0
909,505,71 121 133,3,4,6,2.1720424158197962,-0.89437040651403377,31 71 115 121 133 206 240 256,4,17,0,not_tested,0,not_tested,-1,0,0
910,898,192 195 196,3,1,3,0.63918008784432245,-0.89485212298205141,191 192 195 196 214 227 228,2,8,0,not_tested,0,not_tested,-1,0,0
911,503,43 49 167,3,4,6,2.1739795526974164,-0.89516805111070086,43 46 49 61 66 78 116 167,7,16,0,not_tested,0,not_tested,-1,0,0
912,896,117 147 176,3,1,3,0.64310204725976905,-0.90034286616367676,115 117 135 147 151 155 176 206,2,13,0,not_tested,0,not_tested,-1,0,0
913,684,35 117 127 188 260,5,4,7,1.4204515947786622,-0.91911573779795785,19 23 35 117 127 188 260 262,8,11,0,not_tested,0,not_tested,-1,0,0
914,370,19 35 36,3,5,7,2.8032089893823122,-0.93440299646077063,2 19 23 35 36 51 65 99,7,24,0,not_tested,0,not_tested,-1,0,0
915,366,72 105 121,3,5,7,2.8253627219354964,-0.94178757397849866,31 72 105 115 116 121 240 256,6,16,0,not_tested,0,not_tested,-1,0,0
916,988,225 227,2,0,2,0.14440530055165693,-1.0108371038615986,31 166 214 225 227 228 240 256,1,14,0,not_tested,0,not_tested,-1,0,0
917,742,6 36,2,2,4,1.300202840954674,-1.0112688762980797,2 6 23 36 51 65 99,5,20,0,not_tested,0,not_tested,-1,0,0
918,987,51 78,2,0,2,0.14454419639308561,-1.0118093747515993,51 69 78 115 116 130 158,1,10,0,not_tested,0,not_tested,-1,0,0
919,892,82 202,2,1,3,0.72651617710435779,-1.0171226479461009,82 170 182 183 202 216,2,11,0,not_tested,0,not_tested,-1,0,0
920,890,30 44,2,1,3,0.73469225774014069,-1.0285691608361971,30 43 44 65 161 190,4,11,0,not_tested,0,not_tested,-1,0,0
921,982,195 228,2,0,2,0.14714817640712238,-1.0300372348498568,31 166 195 228 240 256,2,9,0,not_tested,0,not_tested,-1,0,0
922,887,175 176,2,1,3,0.74074080009103815,-1.0370371201274535,115 135 151 155 167 175 176 206,2,17,0,not_tested,0,not_tested,-1,0,0
923,716,158 159,2,2,4,1.3380578850843503,-1.0407116883989391,132 133 158 159 175 254 267 277,6,15,0,not_tested,0,not_tested,-1,0,0
924,882,39 55,2,1,3,0.75584542742981209,-1.0581835984017371,27 39 54 55 57 81,1,9,0,not_tested,0,not_tested,-1,0,0
925,880,192 195,2,1,3,0.75923748890220433,-1.0629324844630861,191 192 195 214 227 228,2,8,0,not_tested,0,not_tested,-1,0,0
926,307,105 121,2,5,7,3.1932026396159752,-1.0644008798719917,31 105 115 116 121 240 256,6,16,0,not_tested,0,not_tested,-1,0,0
927,978,51 58,2,0,2,0.15408428735054172,-1.0785900114537923,51 58 65 161 190 240 245 247,4,21,0,not_tested,0,not_tested,-1,0,0
928,872,116 130,2,1,3,0.77912086477599041,-1.0907692106863867,69 115 116 130 158,1,10,0,not_tested,0,not_tested,-1,0,0
929,871,269 281,2,1,3,0.78426567697851124,-1.0979719477699157,208 216 245 260 267 269 278 281,2,16,0,not_tested,0,not_tested,-1,0,0
930,867,273 274,2,1,3,0.79319162683955713,-1.11046827757538,240 243 245 247 256 273 274,2,18,0,not_tested,0,not_tested,-1,0,0
931,857,183 276,2,1,3,0.81236907188432006,-1.1373167006380482,183 240 243 247 256 273 276 277,4,13,0,not_tested,0,not_tested,-1,0,0
932,973,94 140,2,0,2,0.16254184905965338,-1.137792943417574,19 23 35 94 127 140 260 262,7,9,0,not_tested,0,not_tested,-1,0,0
933,854,116 237,2,1,3,0.81878313411813985,-1.146296387765396,69 115 116 130 158 237,1,10,0,not_tested,0,not_tested,-1,0,0
934,852,117 147,2,1,3,0.82132663188759347,-1.1498572846426309,115 117 135 147 151 155 167 206,2,15,0,not_tested,0,not_tested,-1,0,0
935,972,44 72,2,0,2,0.16521643066610117,-1.1565150146627083,44 72 240 243 245 247 256 273,3,16,0,not_tested,0,not_tested,-1,0,0
936,970,94 126,2,0,2,0.16592620243515055,-1.161483417046054,19 23 35 94 126 127 260 262,7,9,0,not_tested,0,not_tested,-1,0,0
937,849,132 175,2,1,3,0.8419211577747403,-1.1786896208846365,115 132 135 151 155 175 206 277,1,14,0,not_tested,0,not_tested,-1,0,0
938,848,204 281,2,1,3,0.84778525135339722,-1.1868993518947561,204 208 216 245 260 267 278 281,2,16,0,not_tested,0,not_tested,-1,0,0
939,640,43 49,2,2,4,1.5281742608768027,-1.1885799806819577,43 46 49 240 245 247 256,4,17,0,not_tested,0,not_tested,-1,0,0
940,488,159 161,2,3,5,2.2114292355301148,-1.1907695883623697,132 133 159 161 175 254 267 277,7,16,0,not_tested,0,not_tested,-1,0,0
941,844,36 82,2,1,3,0.85058758312348481,-1.1908226163728788,2 36 51 65 82 99,5,18,0,not_tested,0,not_tested,-1,0,0
942,843,133 183,2,1,3,0.85119792605714684,-1.1916770964800056,115 133 135 151 155 183 206 277,1,14,0,not_tested,0,not_tested,-1,0,0
943,841,41 71,2,1,3,0.85351389773680653,-1.1949194568315293,27 39 41 54 57 71 81,1,9,0,not_tested,0,not_tested,-1,0,0
944,837,72 105,2,1,3,0.85772913635762271,-1.2008207909006718,69 72 105 115 116 130 158,2,11,0,not_tested,0,not_tested,-1,0,0
945,479,159 160,2,3,5,2.2376385172881528,-1.2048822785397748,132 133 159 160 175 254 267 277,7,16,0,not_tested,0,not_tested,-1,0,0
946,835,38 39,2,1,3,0.86392180632067817,-1.2094905288489495,27 38 39 54 57 81,1,9,0,not_tested,0,not_tested,-1,0,0
947,992,44 58 72,3,0,3,0.1120297070228078,-1.2323267772508859,43 44 58 65 72 161 190,4,10,0,not_tested,0,not_tested,-1,0,0
948,819,36 38 80,3,2,5,1.046275831013908,-1.2787815712392208,27 36 38 39 54 57 80 81,3,10,0,not_tested,0,not_tested,-1,0,0
949,905,146 147 161,3,1,4,0.61362578469586504,-1.349976726330903,115 135 146 147 151 155 161 206,3,11,0,not_tested,0,not_tested,-1,0,0
950,800,117 120 147,3,2,5,1.1227595497035476,-1.3722616718598915,115 117 120 135 147 151 155 206,4,12,0,not_tested,0,not_tested,-1,0,0
951,789,23 36 38,3,2,5,1.1524875287862895,-1.408595868516576,23 27 36 38 39 54 57 81,3,10,0,not_tested,0,not_tested,-1,0,0
952,484,159 201 232,3,4,7,2.2215273362866217,-1.4374588646560493,159 182 201 202 219 232 245,6,15,0,not_tested,0,not_tested,-1,0,0
953,990,146 147 176,3,0,3,0.13274568782864982,-1.4602025661151479,115 135 146 147 151 155 176 206,2,12,0,not_tested,0,not_tested,-1,0,0
954,768,36 38 55,3,2,5,1.1970547874769217,-1.4630669624717931,27 36 38 39 54 55 57 81,3,10,0,not_tested,0,not_tested,-1,0,0
955,767,35 127 260,3,2,5,1.2011663411803213,-1.4680921947759482,19 23 35 127 245 260 262,5,14,0,not_tested,0,not_tested,-1,0,0
956,796,116,1,1,3,1.1308404820539413,-1.5831766748755181,69 115 116 130 158,1,10,0,not_tested,0,not_tested,-1,0,0
957,985,146 147,2,0,3,0.14476512191474245,-1.592416341062167,115 135 146 147 151 155 167 206,2,14,0,not_tested,0,not_tested,-1,0,0
958,963,273,1,0,2,0.22811560690045013,-1.5968092483031509,245 273,1,5,0,not_tested,0,not_tested,-1,0,0
959,792,55,1,1,3,1.1417238237326612,-1.5984133532257259,27 39 54 55 57 81,1,9,0,not_tested,0,not_tested,-1,0,0
960,958,176,1,0,2,0.23392611063627472,-1.6374827744539231,115 132 133 175 176 206 254 267,3,17,0,not_tested,0,not_tested,-1,0,0
961,955,78,1,0,2,0.23550382879965057,-1.648526801597554,69 78 115 116 130 158,1,10,0,not_tested,0,not_tested,-1,0,0
962,954,44,1,0,2,0.23617106077899944,-1.653197425452996,44 240 243 245 247 256 273,3,16,0,not_tested,0,not_tested,-1,0,0
963,953,132,1,0,2,0.23726260874996727,-1.660838261249771,115 132 135 151 155 167 206,1,14,0,not_tested,0,not_tested,-1,0,0
964,829,147 159 176,3,2,6,1.001896285971609,-1.669827143286015,115 135 147 151 155 159 176 206,5,14,0,not_tested,0,not_tested,-1,0,0
965,875,254 281,2,1,4,0.77348179620678859,-1.7016599516549351,208 216 245 254 260 267 278 281,3,17,0,not_tested,0,not_tested,-1,0,0
966,948,280,1,0,2,0.24332828736744566,-1.7032980115721197,208 216 245 260 267 278 280,1,15,0,not_tested,0,not_tested,-1,0,0
967,941,36,1,0,2,0.24872195359788379,-1.7410536751851866,2 36 51 65 99 101 160 163,6,24,0,not_tested,0,not_tested,-1,0,0
968,868,163 175,2,1,4,0.79181484268984614,-1.7419926539176616,115 135 151 155 163 167 175 206,3,15,0,not_tested,0,not_tested,-1,0,0
969,940,39,1,0,2,0.24929048369627696,-1.7450333858739386,27 39 54 81,1,3,0,not_tested,0,not_tested,-1,0,0
970,975,280 281,2,0,3,0.16015956718321844,-1.7617552390154032,208 216 245 260 267 278 280 281,2,15,0,not_tested,0,not_tested,-1,0,0
971,476,121,1,2,4,2.2659040647935353,-1.7623698281727498,31 121 240 243 245 247 256 273,4,20,0,not_tested,0,not_tested,-1,0,0
972,747,48,1,1,3,1.2747555402888318,-1.7846577564043642,19 23 35 46 48 127 260 262,7,12,0,not_tested,0,not_tested,-1,0,0
973,636,6 36 38,3,3,7,1.5478009595608586,-1.7859241841086828,6 23 27 36 38 54 81,5,7,0,not_tested,0,not_tested,-1,0,0
974,468,159,1,2,4,2.3115743467549601,-1.7978911585871913,132 133 159 175 254 267 277,6,15,0,not_tested,0,not_tested,-1,0,0
975,657,49 167,2,2,5,1.4877339766157098,-1.8183415269747565,46 49 61 66 78 115 116 167,5,17,0,not_tested,0,not_tested,-1,0,0
976,738,105,1,1,3,1.30520171158534,-1.8272823962194762,69 105 115 116 130 158,2,11,0,not_tested,0,not_tested,-1,0,0
977,908,39 117 147,3,1,5,0.60919830952455667,-1.8275949285736701,27 39 54 81 115 117 147 206,3,11,0,not_tested,0,not_tested,-1,0,0
978,729,38,1,1,3,1.3159112345732797,-1.8422757284025919,27 38 39 54 57 81,1,9,0,not_tested,0,not_tested,-1,0,0
979,903,44 72 105,3,1,5,0.62048508763293053,-1.8614552628987915,44 72 105 115 116 240 245 247,6,16,0,not_tested,0,not_tested,-1,0,0
980,966,147 176,2,0,3,0.17130100987448724,-1.8843111086193598,115 135 147 151 155 167 176 206,2,16,0,not_tested,0,not_tested,-1,0,0
981,700,50,1,1,3,1.3645814253094897,-1.9104139954332853,19 23 35 46 50 127 260 262,7,12,0,not_tested,0,not_tested,-1,0,0
982,965,257 273,2,0,3,0.17378560276881255,-1.9116416304569384,240 243 245 247 256 257 273,2,16,0,not_tested,0,not_tested,-1,0,0
983,989,147 163,2,0,4,0.14365978193580228,-2.1548967290370342,115 135 147 151 155 163 167 206,3,14,0,not_tested,0,not_tested,-1,0,0
984,881,49 50,2,1,5,0.75667280447697394,-2.2700184134309218,19 23 35 46 49 50 127 260,7,9,0,not_tested,0,not_tested,-1,0,0
985,879,36 38,2,1,5,0.7641641582565315,-2.2924924747695945,27 36 38 39 54 57 81,3,9,0,not_tested,0,not_tested,-1,0,0
986,860,48 49,2,1,5,0.80346777523033552,-2.4104033256910067,19 23 35 46 48 49 127 260,7,9,0,not_tested,0,not_tested,-1,0,0
987,782,49 167 273,3,2,7,1.1686756074136455,-2.4672040600954732,46 49 61 66 78 167 245 273,6,18,0,not_tested,0,not_tested,-1,0,0
988,956,49,1,0,3,0.23545026249050224,-2.5899528873955249,15 31 46 49 61 62 66 78,4,23,0,not_tested,0,not_tested,-1,0,0
989,949,41,1,0,3,0.24130039635935846,-2.6543043599529432,27 39 41 54 57 81,1,8,0,not_tested,0,not_tested,-1,0,0
990,944,201,1,0,3,0.2477296747778733,-2.7250264225566063,170 182 183 201 202 216 219 245,1,20,0,not_tested,0,not_tested,-1,0,0
991,930,163,1,0,3,0.25966226073697529,-2.8562848681067283,115 135 151 155 163 167 206,2,14,0,not_tested,0,not_tested,-1,0,0
992,927,281,1,0,3,0.26058056186310358,-2.8663861804941395,208 216 245 260 267 278 281,2,15,0,not_tested,0,not_tested,-1,0,0
993,923,147,1,0,3,0.26618707702747002,-2.9280578473021701,115 135 147 151 155 167 206,2,14,0,not_tested,0,not_tested,-1,0,0
