round,case,capacity,variant,position,candidates,completed,build_ns,reconstruct_ns,smooth_ns,total_ns,build_wall_ns,reconstruct_wall_ns,smooth_wall_ns,total_wall_ns,checksum
0,0000.txt,128,original,0,37,37,80000,1282000,137000,1499000,81000,1361000,136000,1578000,816204004610948454
0,0000.txt,128,full,1,37,37,87000,1262000,133000,1482000,88000,1280000,141000,1509000,816204004610948454
0,0000.txt,128,tower,2,37,37,121000,1184000,125000,1430000,122000,1198000,125000,1445000,816204004610948454
0,0000.txt,128,other,3,37,37,95000,1190000,107000,1392000,95000,1199000,108000,1402000,816204004610948454
0,0000.txt,128,compact,4,37,37,77000,1248000,72000,1397000,76000,1255000,83000,1414000,816204004610948454
0,0001.txt,160,original,4,64,47,161000,6007000,372000,6540000,163000,6027000,380000,6570000,9659342416910865731
0,0001.txt,160,full,0,64,47,165000,6886000,379000,7430000,164000,6917000,387000,7468000,9659342416910865731
0,0001.txt,160,tower,1,64,47,195000,6751000,303000,7249000,195000,6772000,312000,7279000,9659342416910865731
0,0001.txt,160,other,2,64,47,198000,6719000,322000,7239000,199000,6730000,331000,7260000,9659342416910865731
0,0001.txt,160,compact,3,64,47,183000,6890000,244000,7317000,183000,6924000,244000,7351000,9659342416910865731
0,0002.txt,160,original,3,64,62,222000,7783000,491000,8496000,222000,7805000,510000,8537000,13336614233393630273
0,0002.txt,160,full,4,64,62,236000,8553000,496000,9285000,237000,8563000,508000,9308000,13336614233393630273
0,0002.txt,160,tower,0,64,62,226000,8658000,400000,9284000,226000,8675000,409000,9310000,13336614233393630273
0,0002.txt,160,other,1,64,62,228000,8630000,428000,9286000,227000,8649000,449000,9325000,13336614233393630273
0,0002.txt,160,compact,2,64,62,243000,8680000,309000,9232000,246000,8694000,322000,9262000,13336614233393630273
0,0003.txt,288,original,2,64,37,198000,8465000,389000,9052000,197000,8486000,407000,9090000,9846154642387442228
0,0003.txt,288,full,3,64,37,201000,9373000,387000,9961000,202000,9394000,391000,9987000,9846154642387442228
0,0003.txt,288,tower,4,64,37,231000,9538000,373000,10142000,232000,9566000,378000,10176000,9846154642387442228
0,0003.txt,288,other,0,64,37,263000,9113000,364000,9740000,264000,9130000,373000,9767000,9846154642387442228
0,0003.txt,288,compact,1,64,37,207000,9194000,332000,9733000,208000,9210000,338000,9756000,9846154642387442228
0,0004.txt,224,original,1,64,39,770000,24215000,719000,25704000,770000,24244000,725000,25739000,5868743466089011035
0,0004.txt,224,full,2,64,39,755000,27104000,712000,28571000,756000,27131000,722000,28609000,5868743466089011035
0,0004.txt,224,tower,3,64,39,798000,26975000,621000,28394000,798000,26995000,628000,28421000,5868743466089011035
0,0004.txt,224,other,4,64,39,766000,27076000,681000,28523000,767000,27105000,687000,28559000,5868743466089011035
0,0004.txt,224,compact,0,64,39,803000,26638000,555000,27996000,802000,26658000,572000,28032000,5868743466089011035
0,0005.txt,224,original,0,64,26,1422000,35740000,1450000,38612000,1422000,35825000,1455000,38702000,10086671006629847274
0,0005.txt,224,full,1,64,26,1532000,39534000,1435000,42501000,1532000,39563000,1442000,42537000,10086671006629847274
0,0005.txt,224,tower,2,64,26,1408000,38914000,1337000,41659000,1408000,38940000,1346000,41694000,10086671006629847274
0,0005.txt,224,other,3,64,26,1469000,39154000,1306000,41929000,1468000,39185000,1313000,41966000,10086671006629847274
0,0005.txt,224,compact,4,64,26,1468000,39081000,1181000,41730000,1469000,39114000,1188000,41771000,10086671006629847274
0,0006.txt,128,original,4,64,46,281000,5247000,344000,5872000,282000,5259000,349000,5890000,507186591489129217
0,0006.txt,128,full,0,64,46,271000,5740000,356000,6367000,272000,5752000,364000,6388000,507186591489129217
0,0006.txt,128,tower,1,64,46,267000,5776000,243000,6286000,265000,5797000,257000,6319000,507186591489129217
0,0006.txt,128,other,2,64,46,263000,5716000,302000,6281000,264000,5720000,310000,6294000,507186591489129217
0,0006.txt,128,compact,3,64,46,273000,5764000,201000,6238000,274000,5772000,214000,6260000,507186591489129217
0,0007.txt,128,original,3,64,52,252000,7337000,419000,8008000,252000,7358000,430000,8040000,2674825041975378044
0,0007.txt,128,full,4,64,52,258000,8336000,433000,9027000,258000,8372000,442000,9072000,2674825041975378044
0,0007.txt,128,tower,0,64,52,255000,8106000,304000,8665000,255000,8125000,314000,8694000,2674825041975378044
0,0007.txt,128,other,1,64,52,260000,8011000,366000,8637000,260000,8031000,376000,8667000,2674825041975378044
0,0007.txt,128,compact,2,64,52,261000,8152000,245000,8658000,261000,8169000,249000,8679000,2674825041975378044
0,0008.txt,128,original,2,64,40,263000,8195000,356000,8814000,264000,8209000,363000,8836000,17920141965280989340
0,0008.txt,128,full,3,64,40,261000,9089000,378000,9728000,262000,9117000,386000,9765000,17920141965280989340
0,0008.txt,128,tower,4,64,40,264000,8982000,291000,9537000,265000,8999000,297000,9561000,17920141965280989340
0,0008.txt,128,other,0,64,40,261000,8855000,317000,9433000,262000,8871000,324000,9457000,17920141965280989340
0,0008.txt,128,compact,1,64,40,258000,9081000,223000,9562000,258000,9115000,229000,9602000,17920141965280989340
0,0009.txt,192,original,1,64,58,119000,6908000,367000,7394000,119000,6921000,383000,7423000,14208774129454741819
0,0009.txt,192,full,2,64,58,119000,7524000,369000,8012000,118000,7546000,379000,8043000,14208774129454741819
0,0009.txt,192,tower,3,64,58,145000,7320000,317000,7782000,144000,7343000,332000,7819000,14208774129454741819
0,0009.txt,192,other,4,64,58,139000,7281000,322000,7742000,139000,7300000,329000,7768000,14208774129454741819
0,0009.txt,192,compact,0,64,58,142000,7260000,259000,7661000,142000,7277000,272000,7691000,14208774129454741819
0,0010.txt,128,original,0,64,52,114000,3163000,254000,3531000,115000,3166000,260000,3541000,14723523622886612699
0,0010.txt,128,full,1,64,52,111000,3566000,266000,3943000,112000,3596000,267000,3975000,14723523622886612699
0,0010.txt,128,tower,2,64,52,114000,3380000,205000,3699000,115000,3412000,211000,3738000,14723523622886612699
0,0010.txt,128,other,3,64,52,114000,3343000,210000,3667000,114000,3364000,222000,3700000,14723523622886612699
0,0010.txt,128,compact,4,64,52,113000,3359000,137000,3609000,113000,3387000,157000,3657000,14723523622886612699
0,0011.txt,192,original,4,64,46,415000,10808000,462000,11685000,414000,10825000,470000,11709000,10525654128450725294
0,0011.txt,192,full,0,64,46,417000,12173000,452000,13042000,417000,12198000,468000,13083000,10525654128450725294
0,0011.txt,192,tower,1,64,46,428000,12166000,363000,12957000,428000,12191000,363000,12982000,10525654128450725294
0,0011.txt,192,other,2,64,46,410000,12000000,433000,12843000,411000,12022000,443000,12876000,10525654128450725294
0,0011.txt,192,compact,3,64,46,416000,11786000,320000,12522000,416000,11811000,331000,12558000,10525654128450725294
0,0012.txt,160,original,3,64,42,254000,9760000,370000,10384000,254000,9852000,376000,10482000,18228620964614505709
0,0012.txt,160,full,4,64,42,262000,10136000,351000,10749000,263000,10146000,359000,10768000,18228620964614505709
0,0012.txt,160,tower,0,64,42,252000,10337000,279000,10868000,252000,10368000,297000,10917000,18228620964614505709
0,0012.txt,160,other,1,64,42,249000,9918000,308000,10475000,249000,9939000,313000,10501000,18228620964614505709
0,0012.txt,160,compact,2,64,42,249000,10099000,226000,10574000,249000,10117000,234000,10600000,18228620964614505709
0,0013.txt,224,original,2,64,51,326000,10433000,681000,11440000,327000,10463000,689000,11479000,11658144250769295395
0,0013.txt,224,full,3,64,51,319000,11142000,663000,12124000,319000,11164000,680000,12163000,11658144250769295395
0,0013.txt,224,tower,4,64,51,338000,10982000,596000,11916000,339000,11003000,604000,11946000,11658144250769295395
0,0013.txt,224,other,0,64,51,327000,10972000,592000,11891000,328000,10998000,612000,11938000,11658144250769295395
0,0013.txt,224,compact,1,64,51,317000,11307000,525000,12149000,318000,11335000,541000,12194000,11658144250769295395
0,0014.txt,288,original,1,64,52,1550000,52270000,1400000,55220000,1551000,52304000,1417000,55272000,3633606904291868902
0,0014.txt,288,full,2,64,52,1569000,59443000,1410000,62422000,1570000,59457000,1425000,62452000,3633606904291868902
0,0014.txt,288,tower,3,64,52,1573000,59902000,1285000,62760000,1574000,59954000,1298000,62826000,3633606904291868902
0,0014.txt,288,other,4,64,52,1552000,58495000,1382000,61429000,1552000,58532000,1398000,61482000,3633606904291868902
0,0014.txt,288,compact,0,64,52,1563000,58890000,1204000,61657000,1563000,58933000,1216000,61712000,3633606904291868902
0,0015.txt,288,original,0,64,42,2011000,48986000,1836000,52833000,2011000,49012000,1851000,52874000,12057676038240002655
0,0015.txt,288,full,1,64,42,2071000,55023000,1846000,58940000,2071000,55052000,1860000,58983000,12057676038240002655
0,0015.txt,288,tower,2,64,42,2084000,55291000,1722000,59097000,2084000,55331000,1730000,59145000,12057676038240002655
0,0015.txt,288,other,3,64,42,2109000,59005000,1873000,62987000,2109000,62856000,1893000,66858000,12057676038240002655
0,0015.txt,288,compact,4,64,42,2117000,55912000,1678000,59707000,2118000,56002000,1685000,59805000,12057676038240002655
0,0016.txt,192,original,4,64,41,298000,9633000,364000,10295000,298000,9664000,370000,10332000,16263700429714567991
0,0016.txt,192,full,0,64,41,310000,10653000,367000,11330000,311000,10680000,378000,11369000,16263700429714567991
0,0016.txt,192,tower,1,64,41,310000,10683000,299000,11292000,310000,10697000,308000,11315000,16263700429714567991
0,0016.txt,192,other,2,64,41,295000,10731000,334000,11360000,295000,10785000,346000,11426000,16263700429714567991
0,0016.txt,192,compact,3,64,41,289000,10578000,268000,11135000,288000,10596000,272000,11156000,16263700429714567991
0,0017.txt,192,original,3,64,53,851000,14247000,670000,15768000,851000,14276000,683000,15810000,4847870249899229512
0,0017.txt,192,full,4,64,53,882000,15626000,702000,17210000,882000,15660000,718000,17260000,4847870249899229512
0,0017.txt,192,tower,0,64,53,868000,15612000,556000,17036000,868000,15637000,559000,17064000,4847870249899229512
0,0017.txt,192,other,1,64,53,856000,15027000,638000,16521000,857000,15051000,640000,16548000,4847870249899229512
0,0017.txt,192,compact,2,64,53,878000,15314000,474000,16666000,879000,15340000,475000,16694000,4847870249899229512
0,0018.txt,128,original,2,64,34,99000,3980000,172000,4251000,99000,3995000,181000,4275000,2591044257394328704
0,0018.txt,128,full,3,64,34,95000,4398000,179000,4672000,96000,4415000,186000,4697000,2591044257394328704
0,0018.txt,128,tower,4,64,34,98000,4404000,134000,4636000,99000,4423000,137000,4659000,2591044257394328704
0,0018.txt,128,other,0,64,34,101000,4578000,159000,4838000,102000,4603000,163000,4868000,2591044257394328704
0,0018.txt,128,compact,1,64,34,105000,4383000,106000,4594000,107000,4393000,110000,4610000,2591044257394328704
0,0019.txt,384,original,1,64,38,3646000,70320000,1790000,75756000,3647000,70352000,1798000,75797000,18413403235399141350
0,0019.txt,384,full,2,64,38,3684000,78278000,1798000,83760000,3685000,78309000,1807000,83801000,18413403235399141350
0,0019.txt,384,tower,3,64,38,3689000,77941000,1822000,83452000,3689000,77978000,1831000,83498000,18413403235399141350
0,0019.txt,384,other,4,64,38,3648000,79771000,1808000,85227000,3648000,79797000,1819000,85264000,18413403235399141350
0,0019.txt,384,compact,0,64,38,3748000,78237000,1817000,83802000,3748000,78277000,1821000,83846000,18413403235399141350
0,0020.txt,160,original,0,64,54,485000,12006000,499000,12990000,484000,12040000,512000,13036000,6655744353329306587
0,0020.txt,160,full,1,64,54,474000,13421000,523000,14418000,475000,13451000,530000,14456000,6655744353329306587
0,0020.txt,160,tower,2,64,54,480000,13312000,385000,14177000,480000,13333000,399000,14212000,6655744353329306587
0,0020.txt,160,other,3,64,54,468000,13126000,474000,14068000,468000,13144000,489000,14101000,6655744353329306587
0,0020.txt,160,compact,4,64,54,476000,13713000,336000,14525000,477000,13730000,348000,14555000,6655744353329306587
0,0021.txt,160,original,4,64,54,107000,4610000,312000,5029000,108000,4624000,328000,5060000,10139017720273762941
0,0021.txt,160,full,0,64,54,106000,5286000,328000,5720000,107000,5305000,341000,5753000,10139017720273762941
0,0021.txt,160,tower,1,64,54,102000,5125000,266000,5493000,104000,5144000,274000,5522000,10139017720273762941
0,0021.txt,160,other,2,64,54,101000,5029000,283000,5413000,101000,5056000,300000,5457000,10139017720273762941
0,0021.txt,160,compact,3,64,54,101000,5446000,231000,5778000,101000,5470000,250000,5821000,10139017720273762941
0,0022.txt,160,original,3,64,54,86000,4975000,317000,5378000,87000,4997000,321000,5405000,12367056253196356386
0,0022.txt,160,full,4,64,54,88000,5612000,319000,6019000,88000,5640000,331000,6059000,12367056253196356386
0,0022.txt,160,tower,0,64,54,88000,5510000,254000,5852000,88000,5527000,271000,5886000,12367056253196356386
0,0022.txt,160,other,1,64,54,87000,5807000,283000,6177000,88000,5825000,304000,6217000,12367056253196356386
0,0022.txt,160,compact,2,64,54,84000,5707000,209000,6000000,85000,5718000,218000,6021000,12367056253196356386
0,0023.txt,160,original,2,64,32,132000,4208000,195000,4535000,132000,4235000,197000,4564000,13661901359584633416
0,0023.txt,160,full,3,64,32,131000,4580000,189000,4900000,132000,4597000,197000,4926000,13661901359584633416
0,0023.txt,160,tower,4,64,32,131000,4621000,149000,4901000,132000,4634000,156000,4922000,13661901359584633416
0,0023.txt,160,other,0,64,32,131000,4490000,172000,4793000,131000,4515000,173000,4819000,13661901359584633416
0,0023.txt,160,compact,1,64,32,130000,4608000,142000,4880000,129000,4622000,147000,4898000,13661901359584633416
0,0024.txt,192,original,1,64,37,166000,5976000,368000,6510000,167000,5998000,373000,6538000,14100779623175012850
0,0024.txt,192,full,2,64,37,166000,6631000,380000,7177000,166000,6649000,382000,7197000,14100779623175012850
0,0024.txt,192,tower,3,64,37,165000,6554000,339000,7058000,166000,6573000,343000,7082000,14100779623175012850
0,0024.txt,192,other,4,64,37,177000,6590000,355000,7122000,177000,6611000,358000,7146000,14100779623175012850
0,0024.txt,192,compact,0,64,37,166000,6724000,295000,7185000,167000,6735000,300000,7202000,14100779623175012850
0,0025.txt,192,original,0,64,57,96000,3168000,246000,3510000,96000,3175000,256000,3527000,16693701477626876418
0,0025.txt,192,full,1,64,57,97000,3414000,246000,3757000,97000,3436000,254000,3787000,16693701477626876418
0,0025.txt,192,tower,2,64,57,94000,3350000,201000,3645000,95000,3371000,212000,3678000,16693701477626876418
0,0025.txt,192,other,3,64,57,95000,3312000,224000,3631000,95000,3321000,235000,3651000,16693701477626876418
0,0025.txt,192,compact,4,64,57,96000,3454000,179000,3729000,96000,3479000,186000,3761000,16693701477626876418
0,0026.txt,256,original,4,64,43,226000,7036000,431000,7693000,227000,7058000,432000,7717000,12399338981540513818
0,0026.txt,256,full,0,64,43,211000,7761000,416000,8388000,210000,7785000,424000,8419000,12399338981540513818
0,0026.txt,256,tower,1,64,43,224000,7756000,392000,8372000,225000,7771000,400000,8396000,12399338981540513818
0,0026.txt,256,other,2,64,43,232000,7523000,387000,8142000,233000,7535000,398000,8166000,12399338981540513818
0,0026.txt,256,compact,3,64,43,211000,7755000,346000,8312000,212000,7781000,361000,8354000,12399338981540513818
0,0027.txt,128,original,3,64,31,304000,5892000,310000,6506000,304000,5914000,318000,6536000,7331911850896128959
0,0027.txt,128,full,4,64,31,309000,6370000,312000,6991000,309000,6385000,310000,7004000,7331911850896128959
0,0027.txt,128,tower,0,64,31,294000,6329000,237000,6860000,295000,6339000,249000,6883000,7331911850896128959
0,0027.txt,128,other,1,64,31,296000,6184000,270000,6750000,297000,6202000,278000,6777000,7331911850896128959
0,0027.txt,128,compact,2,64,31,295000,6249000,189000,6733000,296000,6268000,190000,6754000,7331911850896128959
0,0028.txt,256,original,2,64,47,615000,18131000,999000,19745000,615000,18146000,1012000,19773000,16501633472421096672
0,0028.txt,256,full,3,64,47,632000,20099000,1002000,21733000,633000,20127000,1017000,21777000,16501633472421096672
0,0028.txt,256,tower,4,64,47,619000,19999000,936000,21554000,619000,20020000,941000,21580000,16501633472421096672
0,0028.txt,256,other,0,64,47,622000,19496000,934000,21052000,623000,19520000,947000,21090000,16501633472421096672
0,0028.txt,256,compact,1,64,47,637000,19926000,834000,21397000,638000,19961000,836000,21435000,16501633472421096672
0,0029.txt,288,original,1,64,41,871000,24202000,778000,25851000,871000,24282000,790000,25943000,3006019691893062148
0,0029.txt,288,full,2,64,41,893000,26688000,750000,28331000,894000,26716000,755000,28365000,3006019691893062148
0,0029.txt,288,tower,3,64,41,874000,26814000,671000,28359000,875000,26835000,678000,28388000,3006019691893062148
0,0029.txt,288,other,4,64,41,880000,26139000,709000,27728000,880000,26165000,716000,27761000,3006019691893062148
0,0029.txt,288,compact,0,64,41,876000,26352000,627000,27855000,876000,26374000,644000,27894000,3006019691893062148
0,0030.txt,256,original,0,64,44,1207000,19754000,1504000,22465000,1210000,19780000,1514000,22504000,3998580007914902329
0,0030.txt,256,full,1,64,44,1193000,21389000,1517000,24099000,1192000,21411000,1529000,24132000,3998580007914902329
0,0030.txt,256,tower,2,64,44,1185000,21102000,1362000,23649000,1185000,21121000,1374000,23680000,3998580007914902329
0,0030.txt,256,other,3,64,44,1179000,20814000,1387000,23380000,1180000,20831000,1407000,23418000,3998580007914902329
0,0030.txt,256,compact,4,64,44,1157000,20971000,1289000,23417000,1159000,21002000,1301000,23462000,3998580007914902329
0,0031.txt,160,original,4,64,49,228000,10848000,452000,11528000,230000,10859000,458000,11547000,1277513514513811977
0,0031.txt,160,full,0,64,49,239000,12101000,455000,12795000,241000,12127000,464000,12832000,1277513514513811977
0,0031.txt,160,tower,1,64,49,223000,12380000,362000,12965000,223000,12403000,372000,12998000,1277513514513811977
0,0031.txt,160,other,2,64,49,227000,12183000,397000,12807000,227000,12202000,413000,12842000,1277513514513811977
0,0031.txt,160,compact,3,64,49,226000,12235000,295000,12756000,227000,12254000,313000,12794000,1277513514513811977
0,0032.txt,224,original,3,64,48,310000,12395000,487000,13192000,310000,12420000,497000,13227000,12827533860645535518
0,0032.txt,224,full,4,64,48,317000,13727000,485000,14529000,316000,13757000,497000,14570000,12827533860645535518
0,0032.txt,224,tower,0,64,48,342000,13497000,411000,14250000,342000,13519000,429000,14290000,12827533860645535518
0,0032.txt,224,other,1,64,48,304000,13553000,436000,14293000,304000,13581000,454000,14339000,12827533860645535518
0,0032.txt,224,compact,2,64,48,304000,13870000,379000,14553000,304000,13893000,388000,14585000,12827533860645535518
0,0033.txt,160,original,2,64,43,408000,10468000,428000,11304000,409000,10475000,439000,11323000,13693103595731326709
0,0033.txt,160,full,3,64,43,410000,11602000,433000,12445000,411000,11621000,444000,12476000,13693103595731326709
0,0033.txt,160,tower,4,64,43,397000,12087000,356000,12840000,397000,12151000,377000,12925000,13693103595731326709
0,0033.txt,160,other,0,64,43,400000,11597000,394000,12391000,401000,11618000,406000,12425000,13693103595731326709
0,0033.txt,160,compact,1,64,43,399000,12001000,293000,12693000,399000,12022000,310000,12731000,13693103595731326709
0,0034.txt,288,original,1,64,41,1174000,25500000,1315000,27989000,1174000,25528000,1323000,28025000,11851417704820801821
0,0034.txt,288,full,2,64,41,1165000,28053000,1283000,30501000,1165000,28075000,1297000,30537000,11851417704820801821
0,0034.txt,288,tower,3,64,41,1182000,28883000,1247000,31312000,1184000,28913000,1255000,31352000,11851417704820801821
0,0034.txt,288,other,4,64,41,1171000,27727000,1216000,30114000,1170000,27746000,1236000,30152000,11851417704820801821
0,0034.txt,288,compact,0,64,41,1236000,28767000,1160000,31163000,1236000,28900000,1161000,31297000,11851417704820801821
0,0035.txt,128,original,0,49,37,69000,2346000,191000,2606000,69000,2368000,198000,2635000,1966248127026479111
0,0035.txt,128,full,1,49,37,66000,2577000,199000,2842000,66000,2594000,208000,2868000,1966248127026479111
0,0035.txt,128,tower,2,49,37,67000,2586000,158000,2811000,66000,2602000,173000,2841000,1966248127026479111
0,0035.txt,128,other,3,49,37,69000,2732000,165000,2966000,68000,2761000,165000,2994000,1966248127026479111
0,0035.txt,128,compact,4,49,37,67000,2552000,123000,2742000,68000,2566000,126000,2760000,1966248127026479111
0,0036.txt,192,original,4,64,50,737000,17378000,648000,18763000,737000,17401000,667000,18805000,3582229042672705885
0,0036.txt,192,full,0,64,50,734000,19165000,652000,20551000,733000,19176000,659000,20568000,3582229042672705885
0,0036.txt,192,tower,1,64,50,732000,19030000,544000,20306000,732000,19043000,551000,20326000,3582229042672705885
0,0036.txt,192,other,2,64,50,716000,19130000,623000,20469000,716000,19154000,637000,20507000,3582229042672705885
0,0036.txt,192,compact,3,64,50,723000,18946000,463000,20132000,723000,18972000,472000,20167000,3582229042672705885
0,0037.txt,288,original,3,64,45,572000,15257000,804000,16633000,572000,15284000,809000,16665000,11367272562188583031
0,0037.txt,288,full,4,64,45,601000,17124000,828000,18553000,605000,17154000,829000,18588000,11367272562188583031
0,0037.txt,288,tower,0,64,45,574000,17392000,757000,18723000,575000,17409000,769000,18753000,11367272562188583031
0,0037.txt,288,other,1,64,45,585000,16831000,772000,18188000,586000,16868000,781000,18235000,11367272562188583031
0,0037.txt,288,compact,2,64,45,588000,16509000,680000,17777000,588000,16534000,688000,17810000,11367272562188583031
0,0038.txt,192,original,2,64,55,246000,7676000,511000,8433000,247000,7696000,516000,8459000,5000358612861532629
0,0038.txt,192,full,3,64,55,256000,8764000,541000,9561000,257000,8789000,550000,9596000,5000358612861532629
0,0038.txt,192,tower,4,64,55,249000,8334000,439000,9022000,250000,8350000,445000,9045000,5000358612861532629
0,0038.txt,192,other,0,64,55,250000,8270000,460000,8980000,250000,8283000,474000,9007000,5000358612861532629
0,0038.txt,192,compact,1,64,55,247000,8263000,361000,8871000,247000,8278000,371000,8896000,5000358612861532629
0,0039.txt,256,original,1,64,43,172000,7209000,353000,7734000,173000,7226000,364000,7763000,1713245602201241720
0,0039.txt,256,full,2,64,43,174000,8031000,351000,8556000,175000,8053000,359000,8587000,1713245602201241720
0,0039.txt,256,tower,3,64,43,173000,8100000,320000,8593000,174000,8130000,327000,8631000,1713245602201241720
0,0039.txt,256,other,4,64,43,172000,7952000,326000,8450000,171000,7963000,334000,8468000,1713245602201241720
0,0039.txt,256,compact,0,64,43,173000,8184000,280000,8637000,173000,8204000,290000,8667000,1713245602201241720
0,0040.txt,224,original,0,64,43,152000,8669000,593000,9414000,153000,8694000,606000,9453000,872385857505348709
0,0040.txt,224,full,1,64,43,151000,9120000,544000,9815000,151000,9151000,550000,9852000,872385857505348709
0,0040.txt,224,tower,2,64,43,153000,9253000,533000,9939000,154000,9277000,543000,9974000,872385857505348709
0,0040.txt,224,other,3,64,43,153000,9035000,501000,9689000,153000,9058000,508000,9719000,872385857505348709
0,0040.txt,224,compact,4,64,43,165000,9092000,461000,9718000,164000,9107000,461000,9732000,872385857505348709
0,0041.txt,160,original,4,64,56,219000,7410000,374000,8003000,220000,7435000,383000,8038000,10397856525299628427
0,0041.txt,160,full,0,64,56,224000,8087000,361000,8672000,223000,8111000,373000,8707000,10397856525299628427
0,0041.txt,160,tower,1,64,56,222000,7911000,279000,8412000,223000,7931000,283000,8437000,10397856525299628427
0,0041.txt,160,other,2,64,56,219000,8052000,326000,8597000,220000,8075000,341000,8636000,10397856525299628427
0,0041.txt,160,compact,3,64,56,218000,7937000,235000,8390000,219000,7952000,239000,8410000,10397856525299628427
0,0042.txt,352,original,3,64,36,1203000,30119000,900000,32222000,1207000,30158000,908000,32273000,12427270659438181611
0,0042.txt,352,full,4,64,36,1190000,33745000,905000,35840000,1193000,33770000,914000,35877000,12427270659438181611
0,0042.txt,352,tower,0,64,36,1181000,34850000,891000,36922000,1182000,34877000,902000,36961000,12427270659438181611
0,0042.txt,352,other,1,64,36,1170000,35065000,899000,37134000,1170000,35092000,919000,37181000,12427270659438181611
0,0042.txt,352,compact,2,64,36,1124000,34126000,864000,36114000,1124000,34150000,871000,36145000,12427270659438181611
0,0043.txt,160,original,2,64,27,272000,7491000,378000,8141000,272000,7513000,380000,8165000,17317113132050913222
0,0043.txt,160,full,3,64,27,260000,8038000,367000,8665000,260000,8052000,375000,8687000,17317113132050913222
0,0043.txt,160,tower,4,64,27,262000,8070000,316000,8648000,262000,8094000,319000,8675000,17317113132050913222
0,0043.txt,160,other,0,64,27,269000,7973000,304000,8546000,268000,7991000,311000,8570000,17317113132050913222
0,0043.txt,160,compact,1,64,27,260000,8439000,258000,8957000,260000,8457000,267000,8984000,17317113132050913222
0,0044.txt,192,original,1,64,35,455000,12742000,461000,13658000,455000,12762000,463000,13680000,14244673959848913933
0,0044.txt,192,full,2,64,35,443000,13906000,455000,14804000,444000,13919000,460000,14823000,14244673959848913933
0,0044.txt,192,tower,3,64,35,458000,13927000,379000,14764000,458000,13940000,381000,14779000,14244673959848913933
0,0044.txt,192,other,4,64,35,438000,13949000,413000,14800000,439000,13972000,418000,14829000,14244673959848913933
0,0044.txt,192,compact,0,64,35,439000,13875000,329000,14643000,439000,13911000,340000,14690000,14244673959848913933
0,0045.txt,192,original,0,64,42,632000,9049000,518000,10199000,633000,9067000,520000,10220000,11015969575620966037
0,0045.txt,192,full,1,64,42,633000,9725000,532000,10890000,634000,9740000,537000,10911000,11015969575620966037
0,0045.txt,192,tower,2,64,42,628000,10018000,432000,11078000,628000,10041000,436000,11105000,11015969575620966037
0,0045.txt,192,other,3,64,42,645000,9702000,494000,10841000,645000,9718000,504000,10867000,11015969575620966037
0,0045.txt,192,compact,4,64,42,668000,9670000,367000,10705000,668000,9693000,379000,10740000,11015969575620966037
0,0046.txt,128,original,4,64,43,408000,10196000,416000,11020000,408000,10207000,429000,11044000,2499980644579135674
0,0046.txt,128,full,0,64,43,409000,11420000,416000,12245000,410000,11441000,430000,12281000,2499980644579135674
0,0046.txt,128,tower,1,64,43,394000,11250000,337000,11981000,394000,11269000,342000,12005000,2499980644579135674
0,0046.txt,128,other,2,64,43,402000,10939000,373000,11714000,402000,10970000,378000,11750000,2499980644579135674
0,0046.txt,128,compact,3,64,43,383000,11377000,246000,12006000,383000,11392000,259000,12034000,2499980644579135674
0,0047.txt,256,original,3,64,42,1156000,26097000,938000,28191000,1156000,26147000,944000,28247000,10022142641444623082
0,0047.txt,256,full,4,64,42,1115000,29250000,942000,31307000,1116000,29264000,955000,31335000,10022142641444623082
0,0047.txt,256,tower,0,64,42,1130000,29269000,843000,31242000,1130000,29298000,854000,31282000,10022142641444623082
0,0047.txt,256,other,1,64,42,1124000,28864000,910000,30898000,1125000,28894000,913000,30932000,10022142641444623082
0,0047.txt,256,compact,2,64,42,1106000,28798000,757000,30661000,1106000,28817000,773000,30696000,10022142641444623082
0,0048.txt,192,original,2,64,47,928000,14706000,686000,16320000,928000,14731000,696000,16355000,3768764602654705949
0,0048.txt,192,full,3,64,47,912000,16238000,696000,17846000,911000,16263000,709000,17883000,3768764602654705949
0,0048.txt,192,tower,4,64,47,913000,15916000,560000,17389000,913000,15938000,570000,17421000,3768764602654705949
0,0048.txt,192,other,0,64,47,927000,15799000,656000,17382000,927000,15820000,658000,17405000,3768764602654705949
0,0048.txt,192,compact,1,64,47,909000,16121000,502000,17532000,910000,16141000,510000,17561000,3768764602654705949
0,0049.txt,192,original,1,64,46,710000,13082000,561000,14353000,711000,13110000,580000,14401000,5345024174446336161
0,0049.txt,192,full,2,64,46,699000,14759000,576000,16034000,700000,14797000,582000,16079000,5345024174446336161
0,0049.txt,192,tower,3,64,46,713000,14663000,452000,15828000,714000,14687000,464000,15865000,5345024174446336161
0,0049.txt,192,other,4,64,46,698000,14621000,548000,15867000,699000,14645000,552000,15896000,5345024174446336161
0,0049.txt,192,compact,0,64,46,711000,14532000,411000,15654000,712000,14562000,419000,15693000,5345024174446336161
0,0050.txt,128,original,0,64,37,242000,5857000,405000,6504000,243000,5873000,414000,6530000,12997574625261075627
0,0050.txt,128,full,1,64,37,240000,6319000,399000,6958000,240000,6344000,405000,6989000,12997574625261075627
0,0050.txt,128,tower,2,64,37,244000,6212000,321000,6777000,245000,6225000,327000,6797000,12997574625261075627
0,0050.txt,128,other,3,64,37,261000,6381000,348000,6990000,262000,6394000,356000,7012000,12997574625261075627
0,0050.txt,128,compact,4,64,37,250000,6321000,242000,6813000,249000,6337000,249000,6835000,12997574625261075627
0,0051.txt,160,original,4,64,50,252000,7392000,433000,8077000,253000,7420000,439000,8112000,12279836665363317183
0,0051.txt,160,full,0,64,50,247000,8546000,437000,9230000,247000,8601000,450000,9298000,12279836665363317183
0,0051.txt,160,tower,1,64,50,251000,8167000,332000,8750000,251000,8179000,354000,8784000,12279836665363317183
0,0051.txt,160,other,2,64,50,245000,8191000,371000,8807000,246000,8215000,375000,8836000,12279836665363317183
0,0051.txt,160,compact,3,64,50,255000,8313000,276000,8844000,256000,8327000,293000,8876000,12279836665363317183
0,0052.txt,224,original,3,64,49,473000,13283000,657000,14413000,473000,13304000,665000,14442000,9179596259479780699
0,0052.txt,224,full,4,64,49,460000,14611000,645000,15716000,462000,14640000,659000,15761000,9179596259479780699
0,0052.txt,224,tower,0,64,49,462000,14463000,543000,15468000,463000,14486000,553000,15502000,9179596259479780699
0,0052.txt,224,other,1,64,49,462000,14808000,605000,15875000,463000,14819000,613000,15895000,9179596259479780699
0,0052.txt,224,compact,2,64,49,450000,14372000,491000,15313000,450000,14391000,499000,15340000,9179596259479780699
0,0053.txt,192,original,2,64,60,240000,7698000,538000,8476000,241000,7717000,545000,8503000,2465353185479614519
0,0053.txt,192,full,3,64,60,236000,8608000,548000,9392000,236000,8627000,556000,9419000,2465353185479614519
0,0053.txt,192,tower,4,64,60,238000,8716000,468000,9422000,239000,8731000,487000,9457000,2465353185479614519
0,0053.txt,192,other,0,64,60,251000,8410000,497000,9158000,252000,8428000,511000,9191000,2465353185479614519
0,0053.txt,192,compact,1,64,60,239000,8608000,376000,9223000,239000,8632000,391000,9262000,2465353185479614519
0,0054.txt,256,original,1,64,50,719000,21499000,1064000,23282000,718000,21542000,1072000,23332000,1977551075025097523
0,0054.txt,256,full,2,64,50,722000,23494000,1065000,25281000,722000,23514000,1075000,25311000,1977551075025097523
0,0054.txt,256,tower,3,64,50,728000,23794000,956000,25478000,728000,23815000,964000,25507000,1977551075025097523
0,0054.txt,256,other,4,64,50,730000,23430000,984000,25144000,730000,23449000,996000,25175000,1977551075025097523
0,0054.txt,256,compact,0,64,50,745000,23490000,843000,25078000,744000,23518000,849000,25111000,1977551075025097523
0,0055.txt,288,original,0,64,39,1244000,25067000,716000,27027000,1246000,25092000,724000,27062000,1917009490484356854
0,0055.txt,288,full,1,64,39,1244000,28461000,764000,30469000,1244000,28499000,763000,30506000,1917009490484356854
0,0055.txt,288,tower,2,64,39,1228000,28814000,662000,30704000,1228000,28853000,667000,30748000,1917009490484356854
0,0055.txt,288,other,3,64,39,1247000,27357000,707000,29311000,1246000,27392000,710000,29348000,1917009490484356854
0,0055.txt,288,compact,4,64,39,1240000,27950000,625000,29815000,1239000,27977000,629000,29845000,1917009490484356854
0,0056.txt,224,original,4,64,39,479000,11353000,521000,12353000,479000,11368000,531000,12378000,6905413677133017825
0,0056.txt,224,full,0,64,39,477000,12512000,546000,13535000,477000,12531000,550000,13558000,6905413677133017825
0,0056.txt,224,tower,1,64,39,470000,12763000,461000,13694000,469000,12786000,474000,13729000,6905413677133017825
0,0056.txt,224,other,2,64,39,470000,12525000,493000,13488000,470000,12545000,495000,13510000,6905413677133017825
0,0056.txt,224,compact,3,64,39,481000,12669000,419000,13569000,482000,12692000,428000,13602000,6905413677133017825
0,0057.txt,256,original,3,64,54,819000,18715000,984000,20518000,819000,18732000,996000,20547000,10523818247767909617
0,0057.txt,256,full,4,64,54,822000,20376000,946000,22144000,822000,20395000,965000,22182000,10523818247767909617
0,0057.txt,256,tower,0,64,54,832000,20410000,882000,22124000,832000,20436000,896000,22164000,10523818247767909617
0,0057.txt,256,other,1,64,54,810000,20257000,912000,21979000,811000,20279000,927000,22017000,10523818247767909617
0,0057.txt,256,compact,2,64,54,847000,20852000,789000,22488000,848000,20903000,799000,22550000,10523818247767909617
0,0058.txt,256,original,2,64,47,620000,19990000,948000,21558000,620000,20016000,963000,21599000,8747116303198179067
0,0058.txt,256,full,3,64,47,605000,22215000,960000,23780000,605000,22244000,974000,23823000,8747116303198179067
0,0058.txt,256,tower,4,64,47,617000,22195000,857000,23669000,619000,22219000,873000,23711000,8747116303198179067
0,0058.txt,256,other,0,64,47,631000,22337000,929000,23897000,631000,22363000,936000,23930000,8747116303198179067
0,0058.txt,256,compact,1,64,47,616000,22523000,815000,23954000,616000,22571000,823000,24010000,8747116303198179067
0,0059.txt,192,original,1,64,47,117000,4940000,235000,5292000,117000,4960000,249000,5326000,8776027305845615921
0,0059.txt,192,full,2,64,47,102000,5487000,246000,5835000,103000,5508000,253000,5864000,8776027305845615921
0,0059.txt,192,tower,3,64,47,107000,5449000,198000,5754000,107000,5476000,215000,5798000,8776027305845615921
0,0059.txt,192,other,4,64,47,105000,5377000,223000,5705000,106000,5391000,238000,5735000,8776027305845615921
0,0059.txt,192,compact,0,64,47,118000,5407000,175000,5700000,118000,5424000,181000,5723000,8776027305845615921
0,0060.txt,224,original,0,64,40,232000,10936000,500000,11668000,233000,10951000,510000,11694000,9265774647566182347
0,0060.txt,224,full,1,64,40,226000,12507000,519000,13252000,226000,12530000,525000,13281000,9265774647566182347
0,0060.txt,224,tower,2,64,40,230000,11767000,444000,12441000,230000,11782000,455000,12467000,9265774647566182347
0,0060.txt,224,other,3,64,40,226000,11887000,479000,12592000,227000,11905000,489000,12621000,9265774647566182347
0,0060.txt,224,compact,4,64,40,226000,12162000,410000,12798000,226000,12185000,414000,12825000,9265774647566182347
0,0061.txt,192,original,4,64,47,697000,17688000,925000,19310000,698000,17718000,934000,19350000,9109783169076520820
0,0061.txt,192,full,0,64,47,692000,19526000,929000,21147000,692000,19557000,938000,21187000,9109783169076520820
0,0061.txt,192,tower,1,64,47,705000,19114000,767000,20586000,704000,19122000,772000,20598000,9109783169076520820
0,0061.txt,192,other,2,64,47,704000,18876000,854000,20434000,706000,18899000,862000,20467000,9109783169076520820
0,0061.txt,192,compact,3,64,47,686000,18693000,650000,20029000,687000,18709000,663000,20059000,9109783169076520820
0,0062.txt,224,original,3,64,51,494000,16341000,633000,17468000,493000,16376000,643000,17512000,6235176586112113050
0,0062.txt,224,full,4,64,51,494000,18109000,662000,19265000,494000,18129000,679000,19302000,6235176586112113050
0,0062.txt,224,tower,0,64,51,500000,18173000,548000,19221000,502000,18189000,566000,19257000,6235176586112113050
0,0062.txt,224,other,1,64,51,501000,17854000,605000,18960000,501000,17877000,607000,18985000,6235176586112113050
0,0062.txt,224,compact,2,64,51,509000,18133000,487000,19129000,509000,18161000,497000,19167000,6235176586112113050
0,0063.txt,256,original,2,64,43,538000,16015000,828000,17381000,538000,16041000,846000,17425000,2811221567898568818
0,0063.txt,256,full,3,64,43,535000,18088000,850000,19473000,535000,18120000,860000,19515000,2811221567898568818
0,0063.txt,256,tower,4,64,43,547000,17941000,783000,19271000,548000,17957000,787000,19292000,2811221567898568818
0,0063.txt,256,other,0,64,43,533000,17456000,807000,18796000,534000,17476000,817000,18827000,2811221567898568818
0,0063.txt,256,compact,1,64,43,540000,17877000,714000,19131000,541000,17904000,723000,19168000,2811221567898568818
0,0064.txt,224,original,1,64,44,409000,6853000,597000,7859000,410000,6880000,611000,7901000,6923825489153610959
0,0064.txt,224,full,2,64,44,417000,7077000,605000,8099000,417000,7090000,611000,8118000,6923825489153610959
0,0064.txt,224,tower,3,64,44,412000,7030000,523000,7965000,413000,7062000,534000,8009000,6923825489153610959
0,0064.txt,224,other,4,64,44,408000,6969000,556000,7933000,408000,6986000,564000,7958000,6923825489153610959
0,0064.txt,224,compact,0,64,44,415000,6943000,459000,7817000,415000,6966000,459000,7840000,6923825489153610959
0,0065.txt,192,original,0,64,43,194000,8166000,499000,8859000,193000,8193000,510000,8896000,17408032648247834609
0,0065.txt,192,full,1,64,43,186000,8876000,494000,9556000,186000,8899000,501000,9586000,17408032648247834609
0,0065.txt,192,tower,2,64,43,203000,8643000,427000,9273000,207000,8667000,439000,9313000,17408032648247834609
0,0065.txt,192,other,3,64,43,184000,8624000,449000,9257000,185000,8639000,459000,9283000,17408032648247834609
0,0065.txt,192,compact,4,64,43,183000,8691000,377000,9251000,184000,8712000,385000,9281000,17408032648247834609
0,0066.txt,224,original,4,64,29,931000,22531000,997000,24459000,930000,22562000,1005000,24497000,8875708553305440087
0,0066.txt,224,full,0,64,29,932000,24601000,975000,26508000,931000,24627000,987000,26545000,8875708553305440087
0,0066.txt,224,tower,1,64,29,954000,24388000,859000,26201000,955000,24426000,860000,26241000,8875708553305440087
0,0066.txt,224,other,2,64,29,968000,24186000,876000,26030000,969000,24205000,884000,26058000,8875708553305440087
0,0066.txt,224,compact,3,64,29,923000,24359000,791000,26073000,923000,24385000,797000,26105000,8875708553305440087
0,0067.txt,192,original,3,64,37,342000,10786000,534000,11662000,342000,10799000,539000,11680000,1054547824349595996
0,0067.txt,192,full,4,64,37,325000,11918000,560000,12803000,324000,11943000,577000,12844000,1054547824349595996
0,0067.txt,192,tower,0,64,37,356000,11622000,504000,12482000,356000,11638000,516000,12510000,1054547824349595996
0,0067.txt,192,other,1,64,37,325000,11781000,500000,12606000,325000,11805000,505000,12635000,1054547824349595996
0,0067.txt,192,compact,2,64,37,324000,11358000,402000,12084000,324000,11382000,405000,12111000,1054547824349595996
0,0068.txt,352,original,2,64,36,1868000,28796000,1025000,31689000,1868000,28827000,1037000,31732000,16704674484913076321
0,0068.txt,352,full,3,64,36,1892000,31659000,1042000,34593000,1893000,31682000,1047000,34622000,16704674484913076321
0,0068.txt,352,tower,4,64,36,1943000,32114000,1007000,35064000,1947000,32140000,1022000,35109000,16704674484913076321
0,0068.txt,352,other,0,64,36,1938000,32650000,1063000,35651000,1938000,32679000,1068000,35685000,16704674484913076321
0,0068.txt,352,compact,1,64,36,1910000,31783000,975000,34668000,1910000,31808000,986000,34704000,16704674484913076321
0,0069.txt,128,original,1,64,55,243000,7948000,489000,8680000,244000,7980000,502000,8726000,10272637644074201381
0,0069.txt,128,full,2,64,55,238000,8353000,489000,9080000,240000,8376000,498000,9114000,10272637644074201381
0,0069.txt,128,tower,3,64,55,239000,8727000,376000,9342000,239000,8751000,390000,9380000,10272637644074201381
0,0069.txt,128,other,4,64,55,242000,8366000,415000,9023000,242000,8380000,424000,9046000,10272637644074201381
0,0069.txt,128,compact,0,64,55,242000,8354000,273000,8869000,241000,8372000,286000,8899000,10272637644074201381
0,0070.txt,320,original,0,64,43,1268000,45725000,1519000,48512000,1268000,45769000,1525000,48562000,6636878282639228694
0,0070.txt,320,full,1,64,43,1233000,49817000,1448000,52498000,1233000,49847000,1459000,52539000,6636878282639228694
0,0070.txt,320,tower,2,64,43,1234000,49692000,1407000,52333000,1235000,49717000,1429000,52381000,6636878282639228694
0,0070.txt,320,other,3,64,43,1257000,49214000,1435000,51906000,1258000,49255000,1447000,51960000,6636878282639228694
0,0070.txt,320,compact,4,64,43,1226000,49400000,1332000,51958000,1226000,49426000,1348000,52000000,6636878282639228694
0,0071.txt,288,original,4,64,34,1228000,29230000,1036000,31494000,1228000,29267000,1036000,31531000,5480489002906609640
0,0071.txt,288,full,0,64,34,1268000,32297000,1044000,34609000,1268000,32313000,1049000,34630000,5480489002906609640
0,0071.txt,288,tower,1,64,34,1236000,32899000,966000,35101000,1236000,32919000,979000,35134000,5480489002906609640
0,0071.txt,288,other,2,64,34,1229000,31726000,998000,33953000,1230000,31762000,1006000,33998000,5480489002906609640
0,0071.txt,288,compact,3,64,34,1263000,31710000,897000,33870000,1263000,31732000,900000,33895000,5480489002906609640
0,0072.txt,192,original,3,64,53,134000,7037000,372000,7543000,135000,7054000,379000,7568000,3456405102086958663
0,0072.txt,192,full,4,64,53,135000,8025000,384000,8544000,136000,8044000,397000,8577000,3456405102086958663
0,0072.txt,192,tower,0,64,53,142000,7805000,339000,8286000,143000,7831000,340000,8314000,3456405102086958663
0,0072.txt,192,other,1,64,53,145000,7999000,337000,8481000,145000,8013000,351000,8509000,3456405102086958663
0,0072.txt,192,compact,2,64,53,132000,7816000,290000,8238000,132000,7831000,300000,8263000,3456405102086958663
0,0073.txt,160,original,2,64,45,779000,14724000,708000,16211000,780000,14742000,722000,16244000,7837691528528546932
0,0073.txt,160,full,3,64,45,769000,16131000,703000,17603000,769000,16157000,710000,17636000,7837691528528546932
0,0073.txt,160,tower,4,64,45,773000,15890000,545000,17208000,773000,15910000,554000,17237000,7837691528528546932
0,0073.txt,160,other,0,64,45,786000,16075000,633000,17494000,786000,16106000,640000,17532000,7837691528528546932
0,0073.txt,160,compact,1,64,45,753000,16099000,478000,17330000,754000,16114000,488000,17356000,7837691528528546932
0,0074.txt,128,original,1,64,40,223000,4832000,270000,5325000,223000,4848000,283000,5354000,11002935191480867671
0,0074.txt,128,full,2,64,40,213000,5293000,266000,5772000,213000,5316000,282000,5811000,11002935191480867671
0,0074.txt,128,tower,3,64,40,212000,5534000,200000,5946000,211000,5545000,204000,5960000,11002935191480867671
0,0074.txt,128,other,4,64,40,214000,5226000,232000,5672000,215000,5234000,247000,5696000,11002935191480867671
0,0074.txt,128,compact,0,64,40,226000,5463000,152000,5841000,228000,5476000,162000,5866000,11002935191480867671
0,0075.txt,288,original,0,64,30,1009000,27751000,896000,29656000,1010000,27779000,906000,29695000,2583345268107875064
0,0075.txt,288,full,1,64,30,1001000,30862000,905000,32768000,1002000,30906000,908000,32816000,2583345268107875064
0,0075.txt,288,tower,2,64,30,1017000,31409000,850000,33276000,1017000,31442000,855000,33314000,2583345268107875064
0,0075.txt,288,other,3,64,30,1023000,30213000,875000,32111000,1025000,30240000,879000,32144000,2583345268107875064
0,0075.txt,288,compact,4,64,30,1007000,30149000,772000,31928000,1007000,30178000,778000,31963000,2583345268107875064
0,0076.txt,192,original,4,64,52,767000,18832000,923000,20522000,768000,18861000,940000,20569000,14019256839176950374
0,0076.txt,192,full,0,64,52,753000,21271000,959000,22983000,753000,21297000,963000,23013000,14019256839176950374
0,0076.txt,192,tower,1,64,52,749000,21014000,792000,22555000,750000,21037000,806000,22593000,14019256839176950374
0,0076.txt,192,other,2,64,52,752000,21081000,850000,22683000,752000,21097000,859000,22708000,14019256839176950374
0,0076.txt,192,compact,3,64,52,745000,20556000,674000,21975000,745000,20578000,684000,22007000,14019256839176950374
0,0077.txt,128,original,3,64,55,169000,6207000,321000,6697000,169000,6226000,323000,6718000,17479160985738783937
0,0077.txt,128,full,4,64,55,166000,6899000,334000,7399000,166000,6922000,335000,7423000,17479160985738783937
0,0077.txt,128,tower,0,64,55,172000,6932000,253000,7357000,171000,6949000,264000,7384000,17479160985738783937
0,0077.txt,128,other,1,64,55,180000,7053000,285000,7518000,181000,7088000,300000,7569000,17479160985738783937
0,0077.txt,128,compact,2,64,55,170000,6752000,183000,7105000,171000,6773000,196000,7140000,17479160985738783937
0,0078.txt,224,original,2,64,44,716000,14299000,820000,15835000,716000,14323000,836000,15875000,14185763832882636607
0,0078.txt,224,full,3,64,44,708000,15858000,836000,17402000,707000,15881000,847000,17435000,14185763832882636607
0,0078.txt,224,tower,4,64,44,700000,15486000,718000,16904000,700000,15515000,730000,16945000,14185763832882636607
0,0078.txt,224,other,0,64,44,737000,15552000,772000,17061000,738000,15580000,777000,17095000,14185763832882636607
0,0078.txt,224,compact,1,64,44,697000,15652000,662000,17011000,699000,15670000,677000,17046000,14185763832882636607
0,0079.txt,160,original,1,64,48,83000,4105000,262000,4450000,83000,4129000,272000,4484000,18107065893375765734
0,0079.txt,160,full,2,64,48,81000,4418000,266000,4765000,82000,4441000,275000,4798000,18107065893375765734
0,0079.txt,160,tower,3,64,48,83000,4499000,235000,4817000,84000,4526000,243000,4853000,18107065893375765734
0,0079.txt,160,other,4,64,48,82000,4822000,243000,5147000,82000,4853000,253000,5188000,18107065893375765734
0,0079.txt,160,compact,0,64,48,84000,4591000,181000,4856000,85000,4606000,191000,4882000,18107065893375765734
0,0080.txt,192,original,0,64,48,539000,14062000,593000,15194000,540000,14079000,607000,15226000,7914294815535909058
0,0080.txt,192,full,1,64,48,507000,15651000,608000,16766000,507000,15670000,621000,16798000,7914294815535909058
0,0080.txt,192,tower,2,64,48,511000,15526000,486000,16523000,511000,15555000,498000,16564000,7914294815535909058
0,0080.txt,192,other,3,64,48,506000,15442000,554000,16502000,505000,15467000,565000,16537000,7914294815535909058
0,0080.txt,192,compact,4,64,48,510000,15182000,416000,16108000,510000,15204000,430000,16144000,7914294815535909058
0,0081.txt,256,original,4,64,48,1649000,44553000,1164000,47366000,1650000,44595000,1175000,47420000,12611955559657520540
0,0081.txt,256,full,0,64,48,1653000,49942000,1191000,52786000,1653000,49965000,1208000,52826000,12611955559657520540
0,0081.txt,256,tower,1,64,48,1631000,50313000,1082000,53026000,1630000,50358000,1092000,53080000,12611955559657520540
0,0081.txt,256,other,2,64,48,1650000,48923000,1128000,51701000,1650000,48956000,1135000,51741000,12611955559657520540
0,0081.txt,256,compact,3,64,48,1646000,49292000,971000,51909000,1646000,49316000,982000,51944000,12611955559657520540
0,0082.txt,224,original,3,64,43,1103000,21280000,1056000,23439000,1103000,21308000,1059000,23470000,15976384220259857970
0,0082.txt,224,full,4,64,43,1108000,23658000,1099000,25865000,1112000,23691000,1104000,25907000,15976384220259857970
0,0082.txt,224,tower,0,64,43,1095000,23944000,943000,25982000,1096000,23972000,958000,26026000,15976384220259857970
0,0082.txt,224,other,1,64,43,1079000,23554000,983000,25616000,1079000,23566000,994000,25639000,15976384220259857970
0,0082.txt,224,compact,2,64,43,1135000,23722000,866000,25723000,1134000,23743000,878000,25755000,15976384220259857970
0,0083.txt,160,original,2,64,45,440000,9942000,495000,10877000,440000,9961000,516000,10917000,2709579689513296368
0,0083.txt,160,full,3,64,45,406000,11207000,511000,12124000,405000,11234000,522000,12161000,2709579689513296368
0,0083.txt,160,tower,4,64,45,403000,11137000,398000,11938000,404000,11158000,406000,11968000,2709579689513296368
0,0083.txt,160,other,0,64,45,402000,11169000,461000,12032000,403000,11195000,469000,12067000,2709579689513296368
0,0083.txt,160,compact,1,64,45,401000,11254000,316000,11971000,402000,11269000,334000,12005000,2709579689513296368
0,0084.txt,224,original,1,64,29,1202000,15809000,636000,17647000,1203000,15828000,640000,17671000,8219160516625378647
0,0084.txt,224,full,2,64,29,1176000,16991000,617000,18784000,1176000,17014000,626000,18816000,8219160516625378647
0,0084.txt,224,tower,3,64,29,1203000,17274000,545000,19022000,1204000,17304000,555000,19063000,8219160516625378647
0,0084.txt,224,other,4,64,29,1200000,17147000,572000,18919000,1200000,17174000,583000,18957000,8219160516625378647
0,0084.txt,224,compact,0,64,29,1200000,16776000,471000,18447000,1202000,16798000,474000,18474000,8219160516625378647
0,0085.txt,256,original,0,64,52,394000,9335000,737000,10466000,394000,9355000,750000,10499000,9843680023606892368
0,0085.txt,256,full,1,64,52,383000,10383000,727000,11493000,383000,10410000,748000,11541000,9843680023606892368
0,0085.txt,256,tower,2,64,52,394000,10267000,632000,11293000,393000,10300000,638000,11331000,9843680023606892368
0,0085.txt,256,other,3,64,52,419000,10048000,660000,11127000,425000,10072000,674000,11171000,9843680023606892368
0,0085.txt,256,compact,4,64,52,391000,10164000,566000,11121000,390000,10192000,577000,11159000,9843680023606892368
0,0086.txt,96,original,4,64,41,137000,4164000,301000,4602000,137000,4180000,306000,4623000,1746008403728494063
0,0086.txt,96,full,0,64,41,139000,4530000,312000,4981000,140000,4547000,318000,5005000,1746008403728494063
0,0086.txt,96,tower,1,64,41,186000,4595000,250000,5031000,185000,4618000,260000,5063000,1746008403728494063
0,0086.txt,96,other,2,64,41,161000,4498000,251000,4910000,161000,4511000,261000,4933000,1746008403728494063
0,0086.txt,96,compact,3,64,41,134000,4469000,174000,4777000,134000,4483000,183000,4800000,1746008403728494063
0,0087.txt,224,original,3,64,56,249000,8039000,475000,8763000,248000,8058000,486000,8792000,6062298770127305429
0,0087.txt,224,full,4,64,56,259000,8815000,486000,9560000,259000,8839000,500000,9598000,6062298770127305429
0,0087.txt,224,tower,0,64,56,254000,8794000,411000,9459000,254000,8813000,422000,9489000,6062298770127305429
0,0087.txt,224,other,1,64,56,249000,8638000,433000,9320000,250000,8662000,445000,9357000,6062298770127305429
0,0087.txt,224,compact,2,64,56,251000,8582000,352000,9185000,252000,8607000,369000,9228000,6062298770127305429
0,0088.txt,224,original,2,64,51,381000,9091000,577000,10049000,380000,9117000,587000,10084000,1932990849624522106
0,0088.txt,224,full,3,64,51,366000,10002000,542000,10910000,366000,10017000,562000,10945000,1932990849624522106
0,0088.txt,224,tower,4,64,51,373000,10392000,467000,11232000,374000,10416000,484000,11274000,1932990849624522106
0,0088.txt,224,other,0,64,51,370000,9987000,514000,10871000,371000,10009000,514000,10894000,1932990849624522106
0,0088.txt,224,compact,1,64,51,371000,10244000,415000,11030000,371000,10271000,415000,11057000,1932990849624522106
0,0089.txt,320,original,1,64,37,1179000,36499000,1032000,38710000,1181000,36522000,1035000,38738000,6980722571508482437
0,0089.txt,320,full,2,64,37,1174000,41426000,1017000,43617000,1175000,41456000,1021000,43652000,6980722571508482437
0,0089.txt,320,tower,3,64,37,1213000,41289000,975000,43477000,1216000,41314000,983000,43513000,6980722571508482437
0,0089.txt,320,other,4,64,37,1184000,41557000,994000,43735000,1185000,41610000,1002000,43797000,6980722571508482437
0,0089.txt,320,compact,0,64,37,1197000,41214000,937000,43348000,1198000,41277000,948000,43423000,6980722571508482437
0,0090.txt,224,original,0,64,36,229000,7646000,460000,8335000,229000,7669000,463000,8361000,17418676575136399411
0,0090.txt,224,full,1,64,36,215000,8401000,457000,9073000,216000,8414000,464000,9094000,17418676575136399411
0,0090.txt,224,tower,2,64,36,217000,8273000,417000,8907000,217000,8299000,431000,8947000,17418676575136399411
0,0090.txt,224,other,3,64,36,216000,8516000,414000,9146000,216000,8544000,418000,9178000,17418676575136399411
0,0090.txt,224,compact,4,64,36,219000,8406000,369000,8994000,218000,8431000,378000,9027000,17418676575136399411
0,0091.txt,128,original,4,64,49,239000,5355000,341000,5935000,240000,5377000,355000,5972000,6905654600788291276
0,0091.txt,128,full,0,64,49,242000,5851000,349000,6442000,243000,5871000,359000,6473000,6905654600788291276
0,0091.txt,128,tower,1,64,49,254000,5800000,248000,6302000,253000,5822000,256000,6331000,6905654600788291276
0,0091.txt,128,other,2,64,49,239000,5821000,313000,6373000,239000,5831000,324000,6394000,6905654600788291276
0,0091.txt,128,compact,3,64,49,248000,5814000,186000,6248000,247000,5820000,200000,6267000,6905654600788291276
0,0092.txt,320,original,3,64,34,2267000,40578000,1589000,44434000,2267000,40611000,1599000,44477000,17892104883127441197
0,0092.txt,320,full,4,64,34,2258000,45805000,1644000,49707000,2259000,45827000,1653000,49739000,17892104883127441197
0,0092.txt,320,tower,0,64,34,2248000,45627000,1599000,49474000,2249000,45654000,1601000,49504000,17892104883127441197
0,0092.txt,320,other,1,64,34,2267000,44970000,1610000,48847000,2268000,44995000,1623000,48886000,17892104883127441197
0,0092.txt,320,compact,2,64,34,2245000,45022000,1514000,48781000,2245000,45052000,1518000,48815000,17892104883127441197
0,0093.txt,128,original,2,63,60,111000,4985000,416000,5512000,111000,4997000,433000,5541000,9403735909905401337
0,0093.txt,128,full,3,63,60,114000,5399000,397000,5910000,115000,5413000,422000,5950000,9403735909905401337
0,0093.txt,128,tower,4,63,60,122000,5328000,319000,5769000,122000,5348000,327000,5797000,9403735909905401337
0,0093.txt,128,other,0,63,60,117000,5304000,338000,5759000,116000,5324000,354000,5794000,9403735909905401337
0,0093.txt,128,compact,1,63,60,111000,5248000,252000,5611000,111000,5261000,259000,5631000,9403735909905401337
0,0094.txt,288,original,1,64,59,245000,7609000,510000,8364000,246000,7629000,528000,8403000,15807896437645640352
0,0094.txt,288,full,2,64,59,243000,8393000,510000,9146000,244000,8412000,525000,9181000,15807896437645640352
0,0094.txt,288,tower,3,64,59,246000,8580000,491000,9317000,247000,8597000,505000,9349000,15807896437645640352
0,0094.txt,288,other,4,64,59,242000,8401000,516000,9159000,243000,8419000,528000,9190000,15807896437645640352
0,0094.txt,288,compact,0,64,59,248000,8360000,424000,9032000,248000,8387000,443000,9078000,15807896437645640352
0,0095.txt,192,original,0,64,40,838000,18893000,686000,20417000,837000,18921000,695000,20453000,14558885443859604524
0,0095.txt,192,full,1,64,40,845000,21355000,681000,22881000,845000,21391000,686000,22922000,14558885443859604524
0,0095.txt,192,tower,2,64,40,837000,21048000,600000,22485000,838000,21079000,613000,22530000,14558885443859604524
0,0095.txt,192,other,3,64,40,838000,20853000,608000,22299000,838000,20875000,617000,22330000,14558885443859604524
0,0095.txt,192,compact,4,64,40,847000,20623000,485000,21955000,848000,20647000,499000,21994000,14558885443859604524
0,0096.txt,160,original,4,64,62,185000,6292000,357000,6834000,185000,6321000,361000,6867000,9102786252669791947
0,0096.txt,160,full,0,64,62,187000,6986000,347000,7520000,186000,7008000,378000,7572000,9102786252669791947
0,0096.txt,160,tower,1,64,62,189000,7219000,276000,7684000,189000,7244000,296000,7729000,9102786252669791947
0,0096.txt,160,other,2,64,62,209000,6894000,329000,7432000,208000,6929000,333000,7470000,9102786252669791947
0,0096.txt,160,compact,3,64,62,186000,7163000,232000,7581000,184000,7180000,244000,7608000,9102786252669791947
0,0097.txt,288,original,3,64,36,1394000,42444000,1631000,45469000,1395000,42481000,1639000,45515000,2803104666536711401
0,0097.txt,288,full,4,64,36,1355000,47035000,1615000,50005000,1356000,47074000,1622000,50052000,2803104666536711401
0,0097.txt,288,tower,0,64,36,1360000,47278000,1545000,50183000,1360000,47317000,1541000,50218000,2803104666536711401
0,0097.txt,288,other,1,64,36,1327000,45960000,1548000,48835000,1328000,45991000,1562000,48881000,2803104666536711401
0,0097.txt,288,compact,2,64,36,1342000,46472000,1442000,49256000,1341000,46503000,1450000,49294000,2803104666536711401
0,0098.txt,160,original,2,64,55,271000,7101000,561000,7933000,270000,7113000,582000,7965000,9847453008769540877
0,0098.txt,160,full,3,64,55,266000,7836000,576000,8678000,265000,7847000,584000,8696000,9847453008769540877
0,0098.txt,160,tower,4,64,55,264000,7924000,486000,8674000,265000,7945000,499000,8709000,9847453008769540877
0,0098.txt,160,other,0,64,55,279000,7812000,502000,8593000,279000,7826000,513000,8618000,9847453008769540877
0,0098.txt,160,compact,1,64,55,265000,8239000,409000,8913000,264000,8259000,419000,8942000,9847453008769540877
0,0099.txt,256,original,1,64,38,488000,12276000,496000,13260000,488000,12304000,508000,13300000,446694983656461108
0,0099.txt,256,full,2,64,38,491000,13715000,499000,14705000,491000,13740000,505000,14736000,446694983656461108
0,0099.txt,256,tower,3,64,38,490000,13721000,432000,14643000,491000,13737000,445000,14673000,446694983656461108
0,0099.txt,256,other,4,64,38,484000,13568000,473000,14525000,485000,13592000,478000,14555000,446694983656461108
0,0099.txt,256,compact,0,64,38,496000,13527000,403000,14426000,495000,13555000,410000,14460000,446694983656461108
1,0000.txt,128,original,4,37,37,67000,1111000,129000,1307000,69000,1128000,132000,1329000,816204004610948454
1,0000.txt,128,full,0,37,37,76000,1310000,141000,1527000,75000,1382000,147000,1604000,816204004610948454
1,0000.txt,128,tower,1,37,37,77000,1250000,98000,1425000,77000,1258000,106000,1441000,816204004610948454
1,0000.txt,128,other,2,37,37,69000,1205000,105000,1379000,68000,1217000,107000,1392000,816204004610948454
1,0000.txt,128,compact,3,37,37,68000,1180000,82000,1330000,68000,1189000,81000,1338000,816204004610948454
1,0001.txt,160,original,3,64,47,172000,6012000,366000,6550000,172000,6034000,382000,6588000,9659342416910865731
1,0001.txt,160,full,4,64,47,159000,6967000,386000,7512000,160000,7012000,393000,7565000,9659342416910865731
1,0001.txt,160,tower,0,64,47,164000,6731000,306000,7201000,165000,6745000,314000,7224000,9659342416910865731
1,0001.txt,160,other,1,64,47,161000,6689000,317000,7167000,161000,6710000,331000,7202000,9659342416910865731
1,0001.txt,160,compact,2,64,47,160000,7028000,236000,7424000,161000,7051000,254000,7466000,9659342416910865731
1,0002.txt,160,original,2,64,62,227000,7571000,495000,8293000,227000,7585000,497000,8309000,13336614233393630273
1,0002.txt,160,full,3,64,62,220000,8712000,508000,9440000,220000,8732000,525000,9477000,13336614233393630273
1,0002.txt,160,tower,4,64,62,225000,8407000,391000,9023000,225000,8432000,398000,9055000,13336614233393630273
1,0002.txt,160,other,0,64,62,239000,8420000,411000,9070000,240000,8437000,427000,9104000,13336614233393630273
1,0002.txt,160,compact,1,64,62,221000,8884000,320000,9425000,221000,8913000,335000,9469000,13336614233393630273
1,0003.txt,288,original,1,64,37,195000,8489000,391000,9075000,195000,8507000,403000,9105000,9846154642387442228
1,0003.txt,288,full,2,64,37,202000,9281000,383000,9866000,203000,9300000,387000,9890000,9846154642387442228
1,0003.txt,288,tower,3,64,37,210000,9553000,366000,10129000,211000,9585000,368000,10164000,9846154642387442228
1,0003.txt,288,other,4,64,37,197000,9230000,362000,9789000,199000,9242000,371000,9812000,9846154642387442228
1,0003.txt,288,compact,0,64,37,199000,9049000,318000,9566000,198000,9063000,332000,9593000,9846154642387442228
1,0004.txt,224,original,0,64,39,768000,24518000,718000,26004000,768000,24536000,733000,26037000,5868743466089011035
1,0004.txt,224,full,1,64,39,794000,28139000,726000,29659000,795000,28177000,733000,29705000,5868743466089011035
1,0004.txt,224,tower,2,64,39,775000,27162000,616000,28553000,776000,27186000,629000,28591000,5868743466089011035
1,0004.txt,224,other,3,64,39,762000,26796000,680000,28238000,763000,26820000,679000,28262000,5868743466089011035
1,0004.txt,224,compact,4,64,39,787000,27039000,567000,28393000,793000,27068000,570000,28431000,5868743466089011035
1,0005.txt,224,original,4,64,26,1454000,35608000,1436000,38498000,1455000,35633000,1441000,38529000,10086671006629847274
1,0005.txt,224,full,0,64,26,1477000,39879000,1473000,42829000,1478000,39911000,1479000,42868000,10086671006629847274
1,0005.txt,224,tower,1,64,26,1473000,39189000,1342000,42004000,1473000,39218000,1344000,42035000,10086671006629847274
1,0005.txt,224,other,2,64,26,1482000,39107000,1252000,41841000,1484000,39121000,1263000,41868000,10086671006629847274
1,0005.txt,224,compact,3,64,26,1457000,38900000,1153000,41510000,1458000,38932000,1155000,41545000,10086671006629847274
1,0006.txt,128,original,3,64,46,261000,5206000,336000,5803000,261000,5219000,345000,5825000,507186591489129217
1,0006.txt,128,full,4,64,46,277000,5761000,343000,6381000,277000,5781000,350000,6408000,507186591489129217
1,0006.txt,128,tower,0,64,46,267000,5832000,277000,6376000,267000,5847000,283000,6397000,507186591489129217
1,0006.txt,128,other,1,64,46,284000,5942000,332000,6558000,285000,5957000,333000,6575000,507186591489129217
1,0006.txt,128,compact,2,64,46,265000,5739000,197000,6201000,265000,5762000,210000,6237000,507186591489129217
1,0007.txt,128,original,2,64,52,258000,7390000,422000,8070000,258000,7408000,433000,8099000,2674825041975378044
1,0007.txt,128,full,3,64,52,256000,8463000,439000,9158000,257000,8491000,442000,9190000,2674825041975378044
1,0007.txt,128,tower,4,64,52,266000,8102000,304000,8672000,266000,8123000,315000,8704000,2674825041975378044
1,0007.txt,128,other,0,64,52,255000,8044000,372000,8671000,255000,8064000,381000,8700000,2674825041975378044
1,0007.txt,128,compact,1,64,52,251000,8412000,243000,8906000,250000,8431000,246000,8927000,2674825041975378044
1,0008.txt,128,original,1,64,40,261000,8077000,367000,8705000,262000,8094000,374000,8730000,17920141965280989340
1,0008.txt,128,full,2,64,40,258000,9011000,364000,9633000,258000,9022000,372000,9652000,17920141965280989340
1,0008.txt,128,tower,3,64,40,260000,9286000,283000,9829000,260000,9312000,299000,9871000,17920141965280989340
1,0008.txt,128,other,4,64,40,257000,8840000,324000,9421000,257000,8865000,328000,9450000,17920141965280989340
1,0008.txt,128,compact,0,64,40,255000,8989000,219000,9463000,257000,9001000,236000,9494000,17920141965280989340
1,0009.txt,192,original,0,64,58,118000,6796000,374000,7288000,119000,6814000,382000,7315000,14208774129454741819
1,0009.txt,192,full,1,64,58,119000,7487000,367000,7973000,119000,7505000,378000,8002000,14208774129454741819
1,0009.txt,192,tower,2,64,58,121000,7339000,319000,7779000,123000,7374000,315000,7812000,14208774129454741819
1,0009.txt,192,other,3,64,58,121000,7268000,341000,7730000,122000,7298000,348000,7768000,14208774129454741819
1,0009.txt,192,compact,4,64,58,119000,7603000,260000,7982000,120000,7621000,278000,8019000,14208774129454741819
1,0010.txt,128,original,4,64,52,114000,3134000,252000,3500000,114000,3148000,272000,3534000,14723523622886612699
1,0010.txt,128,full,0,64,52,114000,3423000,254000,3791000,114000,3436000,264000,3814000,14723523622886612699
1,0010.txt,128,tower,1,64,52,118000,3389000,199000,3706000,119000,3405000,207000,3731000,14723523622886612699
1,0010.txt,128,other,2,64,52,121000,3360000,212000,3693000,121000,3368000,225000,3714000,14723523622886612699
1,0010.txt,128,compact,3,64,52,115000,3579000,150000,3844000,116000,3597000,159000,3872000,14723523622886612699
1,0011.txt,192,original,3,64,46,418000,10931000,454000,11803000,419000,10955000,469000,11843000,10525654128450725294
1,0011.txt,192,full,4,64,46,412000,12270000,460000,13142000,413000,12291000,465000,13169000,10525654128450725294
1,0011.txt,192,tower,0,64,46,429000,12029000,361000,12819000,430000,12041000,376000,12847000,10525654128450725294
1,0011.txt,192,other,1,64,46,421000,11804000,434000,12659000,421000,11828000,441000,12690000,10525654128450725294
1,0011.txt,192,compact,2,64,46,413000,11780000,315000,12508000,414000,11807000,325000,12546000,10525654128450725294
1,0012.txt,160,original,2,64,42,251000,9358000,353000,9962000,251000,9379000,359000,9989000,18228620964614505709
1,0012.txt,160,full,3,64,42,252000,10004000,347000,10603000,253000,10021000,353000,10627000,18228620964614505709
1,0012.txt,160,tower,4,64,42,248000,10047000,276000,10571000,249000,10058000,278000,10585000,18228620964614505709
1,0012.txt,160,other,0,64,42,250000,9958000,306000,10514000,249000,9981000,316000,10546000,18228620964614505709
1,0012.txt,160,compact,1,64,42,246000,10347000,237000,10830000,246000,10372000,248000,10866000,18228620964614505709
1,0013.txt,224,original,1,64,51,323000,10181000,649000,11153000,324000,10200000,660000,11184000,11658144250769295395
1,0013.txt,224,full,2,64,51,317000,11193000,671000,12181000,318000,11224000,684000,12226000,11658144250769295395
1,0013.txt,224,tower,3,64,51,319000,11024000,577000,11920000,319000,11041000,599000,11959000,11658144250769295395
1,0013.txt,224,other,4,64,51,317000,11137000,615000,12069000,317000,11156000,626000,12099000,11658144250769295395
1,0013.txt,224,compact,0,64,51,320000,11443000,532000,12295000,321000,11463000,542000,12326000,11658144250769295395
1,0014.txt,288,original,0,64,52,1555000,52579000,1414000,55548000,1556000,52613000,1431000,55600000,3633606904291868902
1,0014.txt,288,full,1,64,52,1561000,59329000,1405000,62295000,1562000,59352000,1420000,62334000,3633606904291868902
1,0014.txt,288,tower,2,64,52,1620000,60248000,1328000,63196000,1621000,60286000,1341000,63248000,3633606904291868902
1,0014.txt,288,other,3,64,52,1562000,58090000,1375000,61027000,1563000,58122000,1387000,61072000,3633606904291868902
1,0014.txt,288,compact,4,64,52,1619000,59336000,1252000,62207000,1619000,59370000,1266000,62255000,3633606904291868902
1,0015.txt,288,original,4,64,42,2101000,48804000,1853000,52758000,2106000,48834000,1868000,52808000,12057676038240002655
1,0015.txt,288,full,0,64,42,2111000,55110000,1862000,59083000,2111000,55145000,1876000,59132000,12057676038240002655
1,0015.txt,288,tower,1,64,42,2085000,55033000,1722000,58840000,2085000,55062000,1734000,58881000,12057676038240002655
1,0015.txt,288,other,2,64,42,2066000,53691000,1776000,57533000,2070000,53717000,1789000,57576000,12057676038240002655
1,0015.txt,288,compact,3,64,42,2038000,53540000,1594000,57172000,2039000,53570000,1605000,57214000,12057676038240002655
1,0016.txt,192,original,3,64,41,304000,9697000,357000,10358000,304000,9717000,373000,10394000,16263700429714567991
1,0016.txt,192,full,4,64,41,288000,11041000,383000,11712000,288000,11066000,383000,11737000,16263700429714567991
1,0016.txt,192,tower,0,64,41,291000,10688000,307000,11286000,290000,10708000,314000,11312000,16263700429714567991
1,0016.txt,192,other,1,64,41,295000,10669000,333000,11297000,295000,10694000,340000,11329000,16263700429714567991
1,0016.txt,192,compact,2,64,41,289000,10420000,258000,10967000,289000,10436000,265000,10990000,16263700429714567991
1,0017.txt,192,original,2,64,53,857000,14099000,662000,15618000,857000,14114000,677000,15648000,4847870249899229512
1,0017.txt,192,full,3,64,53,854000,15438000,673000,16965000,856000,15461000,691000,17008000,4847870249899229512
1,0017.txt,192,tower,4,64,53,857000,15576000,532000,16965000,856000,15612000,548000,17016000,4847870249899229512
1,0017.txt,192,other,0,64,53,854000,15349000,634000,16837000,854000,15371000,644000,16869000,4847870249899229512
1,0017.txt,192,compact,1,64,53,864000,15480000,503000,16847000,864000,15501000,511000,16876000,4847870249899229512
1,0018.txt,128,original,1,64,34,110000,4143000,175000,4428000,110000,4164000,185000,4459000,2591044257394328704
1,0018.txt,128,full,2,64,34,96000,4413000,172000,4681000,96000,4428000,183000,4707000,2591044257394328704
1,0018.txt,128,tower,3,64,34,99000,4338000,137000,4574000,98000,4364000,142000,4604000,2591044257394328704
1,0018.txt,128,other,4,64,34,97000,4509000,152000,4758000,98000,4529000,162000,4789000,2591044257394328704
1,0018.txt,128,compact,0,64,34,97000,4333000,108000,4538000,97000,4350000,117000,4564000,2591044257394328704
1,0019.txt,384,original,0,64,38,3713000,70165000,1802000,75680000,3714000,70218000,1802000,75734000,18413403235399141350
1,0019.txt,384,full,1,64,38,3686000,78003000,1794000,83483000,3686000,78037000,1800000,83523000,18413403235399141350
1,0019.txt,384,tower,2,64,38,3719000,78632000,1789000,84140000,3724000,78658000,1795000,84177000,18413403235399141350
1,0019.txt,384,other,3,64,38,3741000,79332000,1825000,84898000,3741000,79366000,1830000,84937000,18413403235399141350
1,0019.txt,384,compact,4,64,38,3700000,77950000,1783000,83433000,3700000,77980000,1792000,83472000,18413403235399141350
1,0020.txt,160,original,4,64,54,475000,12090000,507000,13072000,477000,12109000,516000,13102000,6655744353329306587
1,0020.txt,160,full,0,64,54,503000,13222000,519000,14244000,504000,13247000,535000,14286000,6655744353329306587
1,0020.txt,160,tower,1,64,54,475000,13347000,388000,14210000,476000,13365000,398000,14239000,6655744353329306587
1,0020.txt,160,other,2,64,54,491000,13065000,452000,14008000,491000,13079000,463000,14033000,6655744353329306587
1,0020.txt,160,compact,3,64,54,475000,13367000,330000,14172000,474000,13385000,345000,14204000,6655744353329306587
1,0021.txt,160,original,3,64,54,105000,4633000,329000,5067000,105000,4649000,343000,5097000,10139017720273762941
1,0021.txt,160,full,4,64,54,104000,5150000,314000,5568000,104000,5174000,329000,5607000,10139017720273762941
1,0021.txt,160,tower,0,64,54,107000,5105000,270000,5482000,107000,5125000,275000,5507000,10139017720273762941
1,0021.txt,160,other,1,64,54,100000,5104000,300000,5504000,100000,5116000,310000,5526000,10139017720273762941
1,0021.txt,160,compact,2,64,54,101000,5282000,240000,5623000,102000,5302000,248000,5652000,10139017720273762941
1,0022.txt,160,original,2,64,54,86000,5156000,313000,5555000,85000,5179000,319000,5583000,12367056253196356386
1,0022.txt,160,full,3,64,54,86000,5590000,301000,5977000,87000,5616000,318000,6021000,12367056253196356386
1,0022.txt,160,tower,4,64,54,86000,5595000,262000,5943000,86000,5611000,269000,5966000,12367056253196356386
1,0022.txt,160,other,0,64,54,84000,5612000,275000,5971000,85000,5628000,279000,5992000,12367056253196356386
1,0022.txt,160,compact,1,64,54,85000,5649000,204000,5938000,85000,5657000,227000,5969000,12367056253196356386
1,0023.txt,160,original,1,64,32,130000,4048000,191000,4369000,131000,4068000,198000,4397000,13661901359584633416
1,0023.txt,160,full,2,64,32,133000,4472000,195000,4800000,132000,4492000,200000,4824000,13661901359584633416
1,0023.txt,160,tower,3,64,32,131000,4648000,156000,4935000,131000,4656000,160000,4947000,13661901359584633416
1,0023.txt,160,other,4,64,32,128000,4517000,172000,4817000,128000,4532000,178000,4838000,13661901359584633416
1,0023.txt,160,compact,0,64,32,140000,4682000,137000,4959000,139000,4700000,136000,4975000,13661901359584633416
1,0024.txt,192,original,0,64,37,164000,6057000,389000,6610000,165000,6077000,402000,6644000,14100779623175012850
1,0024.txt,192,full,1,64,37,160000,6809000,384000,7353000,161000,6831000,390000,7382000,14100779623175012850
1,0024.txt,192,tower,2,64,37,171000,6485000,333000,6989000,172000,6494000,340000,7006000,14100779623175012850
1,0024.txt,192,other,3,64,37,172000,6751000,359000,7282000,172000,6765000,363000,7300000,14100779623175012850
1,0024.txt,192,compact,4,64,37,176000,6552000,293000,7021000,175000,6570000,305000,7050000,14100779623175012850
1,0025.txt,192,original,4,64,57,97000,3092000,242000,3431000,97000,3108000,255000,3460000,16693701477626876418
1,0025.txt,192,full,0,64,57,96000,3425000,243000,3764000,96000,3437000,260000,3793000,16693701477626876418
1,0025.txt,192,tower,1,64,57,95000,3425000,214000,3734000,96000,3445000,232000,3773000,16693701477626876418
1,0025.txt,192,other,2,64,57,95000,3332000,234000,3661000,96000,3346000,243000,3685000,16693701477626876418
1,0025.txt,192,compact,3,64,57,95000,3298000,177000,3570000,96000,3315000,187000,3598000,16693701477626876418
1,0026.txt,256,original,3,64,43,214000,6898000,426000,7538000,213000,6912000,437000,7562000,12399338981540513818
1,0026.txt,256,full,4,64,43,211000,7638000,442000,8291000,211000,7655000,454000,8320000,12399338981540513818
1,0026.txt,256,tower,0,64,43,213000,7840000,389000,8442000,212000,7864000,394000,8470000,12399338981540513818
1,0026.txt,256,other,1,64,43,216000,7580000,387000,8183000,215000,7592000,396000,8203000,12399338981540513818
1,0026.txt,256,compact,2,64,43,244000,7665000,337000,8246000,244000,7690000,350000,8284000,12399338981540513818
1,0027.txt,128,original,2,64,31,318000,5743000,307000,6368000,319000,5756000,309000,6384000,7331911850896128959
1,0027.txt,128,full,3,64,31,294000,6574000,306000,7174000,294000,6587000,319000,7200000,7331911850896128959
1,0027.txt,128,tower,4,64,31,305000,6341000,234000,6880000,305000,6358000,239000,6902000,7331911850896128959
1,0027.txt,128,other,0,64,31,319000,6307000,277000,6903000,320000,6326000,288000,6934000,7331911850896128959
1,0027.txt,128,compact,1,64,31,312000,6316000,187000,6815000,313000,6330000,199000,6842000,7331911850896128959
1,0028.txt,256,original,1,64,47,637000,18298000,1005000,19940000,638000,18315000,1010000,19963000,16501633472421096672
1,0028.txt,256,full,2,64,47,628000,20054000,1002000,21684000,628000,20077000,1010000,21715000,16501633472421096672
1,0028.txt,256,tower,3,64,47,638000,19682000,881000,21201000,639000,19720000,896000,21255000,16501633472421096672
1,0028.txt,256,other,4,64,47,621000,19574000,943000,21138000,622000,19588000,957000,21167000,16501633472421096672
1,0028.txt,256,compact,0,64,47,617000,19841000,864000,21322000,618000,19860000,874000,21352000,16501633472421096672
1,0029.txt,288,original,0,64,41,884000,23645000,736000,25265000,884000,23676000,743000,25303000,3006019691893062148
1,0029.txt,288,full,1,64,41,880000,26557000,727000,28164000,880000,26580000,740000,28200000,3006019691893062148
1,0029.txt,288,tower,2,64,41,889000,27342000,679000,28910000,889000,27389000,688000,28966000,3006019691893062148
1,0029.txt,288,other,3,64,41,885000,26273000,730000,27888000,885000,26310000,735000,27930000,3006019691893062148
1,0029.txt,288,compact,4,64,41,875000,26099000,631000,27605000,875000,26121000,637000,27633000,3006019691893062148
1,0030.txt,256,original,4,64,44,1190000,19637000,1517000,22344000,1191000,19665000,1527000,22383000,3998580007914902329
1,0030.txt,256,full,0,64,44,1166000,21233000,1491000,23890000,1165000,21257000,1502000,23924000,3998580007914902329
1,0030.txt,256,tower,1,64,44,1184000,21325000,1379000,23888000,1185000,21343000,1390000,23918000,3998580007914902329
1,0030.txt,256,other,2,64,44,1183000,20792000,1374000,23349000,1183000,20817000,1388000,23388000,3998580007914902329
1,0030.txt,256,compact,3,64,44,1189000,21228000,1250000,23667000,1191000,21255000,1262000,23708000,3998580007914902329
1,0031.txt,160,original,3,64,49,232000,10825000,445000,11502000,232000,10852000,459000,11543000,1277513514513811977
1,0031.txt,160,full,4,64,49,228000,12247000,449000,12924000,229000,12271000,456000,12956000,1277513514513811977
1,0031.txt,160,tower,0,64,49,240000,12787000,379000,13406000,240000,12846000,389000,13475000,1277513514513811977
1,0031.txt,160,other,1,64,49,234000,12372000,406000,13012000,234000,12389000,418000,13041000,1277513514513811977
1,0031.txt,160,compact,2,64,49,234000,12756000,312000,13302000,234000,12788000,325000,13347000,1277513514513811977
1,0032.txt,224,original,2,64,48,304000,12705000,491000,13500000,305000,12731000,505000,13541000,12827533860645535518
1,0032.txt,224,full,3,64,48,307000,14248000,501000,15056000,307000,14260000,518000,15085000,12827533860645535518
1,0032.txt,224,tower,4,64,48,319000,13677000,416000,14412000,318000,13690000,421000,14429000,12827533860645535518
1,0032.txt,224,other,0,64,48,304000,13651000,448000,14403000,303000,13669000,464000,14436000,12827533860645535518
1,0032.txt,224,compact,1,64,48,318000,13531000,372000,14221000,319000,13543000,381000,14243000,12827533860645535518
1,0033.txt,160,original,1,64,43,401000,10309000,434000,11144000,403000,10332000,450000,11185000,13693103595731326709
1,0033.txt,160,full,2,64,43,410000,11749000,429000,12588000,410000,11778000,439000,12627000,13693103595731326709
1,0033.txt,160,tower,3,64,43,413000,11827000,325000,12565000,413000,11844000,332000,12589000,13693103595731326709
1,0033.txt,160,other,4,64,43,387000,11428000,388000,12203000,388000,11449000,391000,12228000,13693103595731326709
1,0033.txt,160,compact,0,64,43,396000,12019000,289000,12704000,397000,12036000,298000,12731000,13693103595731326709
1,0034.txt,288,original,0,64,41,1232000,25759000,1306000,28297000,1233000,25784000,1312000,28329000,11851417704820801821
1,0034.txt,288,full,1,64,41,1197000,28841000,1324000,31362000,1197000,28882000,1331000,31410000,11851417704820801821
1,0034.txt,288,tower,2,64,41,1199000,28995000,1257000,31451000,1199000,29022000,1267000,31488000,11851417704820801821
1,0034.txt,288,other,3,64,41,1191000,27868000,1253000,30312000,1192000,27889000,1256000,30337000,11851417704820801821
1,0034.txt,288,compact,4,64,41,1198000,28511000,1167000,30876000,1198000,28537000,1171000,30906000,11851417704820801821
1,0035.txt,128,original,4,49,37,77000,2328000,190000,2595000,78000,2340000,204000,2622000,1966248127026479111
1,0035.txt,128,full,0,49,37,83000,2571000,193000,2847000,83000,2585000,211000,2879000,1966248127026479111
1,0035.txt,128,tower,1,49,37,66000,2540000,161000,2767000,67000,2565000,170000,2802000,1966248127026479111
1,0035.txt,128,other,2,49,37,65000,2584000,150000,2799000,66000,2595000,160000,2821000,1966248127026479111
1,0035.txt,128,compact,3,49,37,66000,2578000,122000,2766000,65000,2588000,126000,2779000,1966248127026479111
1,0036.txt,192,original,3,64,50,730000,17349000,656000,18735000,730000,17370000,669000,18769000,3582229042672705885
1,0036.txt,192,full,4,64,50,723000,19148000,650000,20521000,724000,19176000,665000,20565000,3582229042672705885
1,0036.txt,192,tower,0,64,50,721000,18968000,519000,20208000,721000,18989000,537000,20247000,3582229042672705885
1,0036.txt,192,other,1,64,50,714000,19653000,626000,20993000,714000,19710000,629000,21053000,3582229042672705885
1,0036.txt,192,compact,2,64,50,724000,18809000,459000,19992000,725000,18823000,475000,20023000,3582229042672705885
1,0037.txt,288,original,2,64,45,587000,15475000,796000,16858000,588000,15504000,806000,16898000,11367272562188583031
1,0037.txt,288,full,3,64,45,581000,16825000,805000,18211000,581000,16847000,818000,18246000,11367272562188583031
1,0037.txt,288,tower,4,64,45,609000,17676000,773000,19058000,609000,17700000,776000,19085000,11367272562188583031
1,0037.txt,288,other,0,64,45,583000,16847000,803000,18233000,583000,16875000,807000,18265000,11367272562188583031
1,0037.txt,288,compact,1,64,45,594000,16921000,706000,18221000,594000,16956000,713000,18263000,11367272562188583031
1,0038.txt,192,original,1,64,55,259000,7977000,540000,8776000,259000,7999000,548000,8806000,5000358612861532629
1,0038.txt,192,full,2,64,55,255000,8455000,526000,9236000,256000,8479000,534000,9269000,5000358612861532629
1,0038.txt,192,tower,3,64,55,260000,8742000,453000,9455000,260000,8762000,460000,9482000,5000358612861532629
1,0038.txt,192,other,4,64,55,251000,8270000,460000,8981000,251000,8284000,477000,9012000,5000358612861532629
1,0038.txt,192,compact,0,64,55,273000,8480000,377000,9130000,273000,8499000,388000,9160000,5000358612861532629
1,0039.txt,256,original,0,64,43,174000,7309000,341000,7824000,174000,7322000,354000,7850000,1713245602201241720
1,0039.txt,256,full,1,64,43,182000,8015000,353000,8550000,182000,8034000,359000,8575000,1713245602201241720
1,0039.txt,256,tower,2,64,43,171000,8056000,311000,8538000,171000,8072000,315000,8558000,1713245602201241720
1,0039.txt,256,other,3,64,43,174000,7983000,339000,8496000,174000,8012000,349000,8535000,1713245602201241720
1,0039.txt,256,compact,4,64,43,172000,7973000,276000,8421000,172000,7996000,286000,8454000,1713245602201241720
1,0040.txt,224,original,4,64,43,155000,8214000,556000,8925000,156000,8224000,567000,8947000,872385857505348709
1,0040.txt,224,full,0,64,43,153000,9714000,584000,10451000,151000,9762000,591000,10504000,872385857505348709
1,0040.txt,224,tower,1,64,43,168000,8967000,507000,9642000,168000,8982000,519000,9669000,872385857505348709
1,0040.txt,224,other,2,64,43,153000,9033000,502000,9688000,152000,9054000,506000,9712000,872385857505348709
1,0040.txt,224,compact,3,64,43,153000,9201000,475000,9829000,153000,9225000,477000,9855000,872385857505348709
1,0041.txt,160,original,3,64,56,219000,6970000,358000,7547000,219000,6995000,368000,7582000,10397856525299628427
1,0041.txt,160,full,4,64,56,218000,7808000,350000,8376000,218000,7817000,369000,8404000,10397856525299628427
1,0041.txt,160,tower,0,64,56,226000,8123000,274000,8623000,226000,8146000,284000,8656000,10397856525299628427
1,0041.txt,160,other,1,64,56,220000,7741000,323000,8284000,221000,7752000,331000,8304000,10397856525299628427
1,0041.txt,160,compact,2,64,56,219000,8056000,242000,8517000,219000,8076000,247000,8542000,10397856525299628427
1,0042.txt,352,original,2,64,36,1137000,30467000,901000,32505000,1139000,30498000,913000,32550000,12427270659438181611
1,0042.txt,352,full,3,64,36,1157000,34273000,903000,36333000,1157000,34293000,912000,36362000,12427270659438181611
1,0042.txt,352,tower,4,64,36,1123000,34764000,894000,36781000,1124000,34783000,893000,36800000,12427270659438181611
1,0042.txt,352,other,0,64,36,1153000,35446000,926000,37525000,1154000,35477000,931000,37562000,12427270659438181611
1,0042.txt,352,compact,1,64,36,1128000,34103000,876000,36107000,1129000,34116000,886000,36131000,12427270659438181611
1,0043.txt,160,original,1,64,27,278000,7521000,373000,8172000,278000,7561000,380000,8219000,17317113132050913222
1,0043.txt,160,full,2,64,27,258000,8069000,367000,8694000,259000,8082000,374000,8715000,17317113132050913222
1,0043.txt,160,tower,3,64,27,261000,8119000,330000,8710000,261000,8137000,334000,8732000,17317113132050913222
1,0043.txt,160,other,4,64,27,260000,7981000,320000,8561000,259000,8006000,320000,8585000,17317113132050913222
1,0043.txt,160,compact,0,64,27,267000,8158000,252000,8677000,268000,8171000,258000,8697000,17317113132050913222
1,0044.txt,192,original,0,64,35,439000,12789000,450000,13678000,440000,12811000,460000,13711000,14244673959848913933
1,0044.txt,192,full,1,64,35,436000,14303000,450000,15189000,435000,14329000,456000,15220000,14244673959848913933
1,0044.txt,192,tower,2,64,35,448000,14102000,384000,14934000,448000,14260000,394000,15102000,14244673959848913933
1,0044.txt,192,other,3,64,35,464000,13829000,403000,14696000,465000,13838000,415000,14718000,14244673959848913933
1,0044.txt,192,compact,4,64,35,442000,14639000,338000,15419000,444000,14935000,345000,15724000,14244673959848913933
1,0045.txt,192,original,4,64,42,638000,9720000,555000,10913000,639000,9866000,575000,11080000,11015969575620966037
1,0045.txt,192,full,0,64,42,643000,10196000,542000,11381000,644000,10276000,553000,11473000,11015969575620966037
1,0045.txt,192,tower,1,64,42,736000,10342000,430000,11508000,793000,10426000,458000,11677000,11015969575620966037
1,0045.txt,192,other,2,64,42,638000,10408000,492000,11538000,639000,10548000,502000,11689000,11015969575620966037
1,0045.txt,192,compact,3,64,42,709000,10234000,380000,11323000,753000,10329000,392000,11474000,11015969575620966037
1,0046.txt,128,original,3,64,43,399000,10427000,417000,11243000,399000,10597000,425000,11421000,2499980644579135674
1,0046.txt,128,full,4,64,43,449000,11523000,423000,12395000,479000,11612000,433000,12524000,2499980644579135674
1,0046.txt,128,tower,0,64,43,451000,11860000,326000,12637000,494000,12011000,333000,12838000,2499980644579135674
1,0046.txt,128,other,1,64,43,391000,11459000,395000,12245000,391000,11550000,407000,12348000,2499980644579135674
1,0046.txt,128,compact,2,64,43,399000,11736000,255000,12390000,398000,11936000,273000,12607000,2499980644579135674
1,0047.txt,256,original,2,64,42,1142000,26785000,948000,28875000,1142000,26943000,964000,29049000,10022142641444623082
1,0047.txt,256,full,3,64,42,1156000,29869000,1024000,32049000,1157000,30034000,1085000,32276000,10022142641444623082
1,0047.txt,256,tower,4,64,42,1136000,30519000,888000,32543000,1137000,30759000,902000,32798000,10022142641444623082
1,0047.txt,256,other,0,64,42,1132000,29362000,900000,31394000,1132000,29628000,918000,31678000,10022142641444623082
1,0047.txt,256,compact,1,64,42,1122000,29777000,774000,31673000,1121000,29983000,782000,31886000,10022142641444623082
1,0048.txt,192,original,1,64,47,935000,15155000,716000,16806000,935000,15408000,727000,17070000,3768764602654705949
1,0048.txt,192,full,2,64,47,940000,16683000,705000,18328000,941000,16921000,721000,18583000,3768764602654705949
1,0048.txt,192,tower,3,64,47,910000,17331000,589000,18830000,911000,17739000,613000,19263000,3768764602654705949
1,0048.txt,192,other,4,64,47,930000,16812000,683000,18425000,930000,17022000,707000,18659000,3768764602654705949
1,0048.txt,192,compact,0,64,47,952000,16799000,534000,18285000,952000,16961000,561000,18474000,3768764602654705949
1,0049.txt,192,original,0,64,46,703000,13158000,553000,14414000,702000,13175000,564000,14441000,5345024174446336161
1,0049.txt,192,full,1,64,46,692000,14885000,606000,16183000,692000,14910000,617000,16219000,5345024174446336161
1,0049.txt,192,tower,2,64,46,710000,15152000,467000,16329000,710000,15186000,475000,16371000,5345024174446336161
1,0049.txt,192,other,3,64,46,711000,14531000,531000,15773000,712000,14550000,544000,15806000,5345024174446336161
1,0049.txt,192,compact,4,64,46,696000,15014000,416000,16126000,697000,15043000,427000,16167000,5345024174446336161
1,0050.txt,128,original,4,64,37,256000,5872000,400000,6528000,256000,5883000,411000,6550000,12997574625261075627
1,0050.txt,128,full,0,64,37,266000,6623000,408000,7297000,265000,6637000,423000,7325000,12997574625261075627
1,0050.txt,128,tower,1,64,37,248000,6316000,329000,6893000,248000,6332000,342000,6922000,12997574625261075627
1,0050.txt,128,other,2,64,37,243000,6268000,346000,6857000,242000,6285000,341000,6868000,12997574625261075627
1,0050.txt,128,compact,3,64,37,243000,6354000,250000,6847000,244000,6378000,255000,6877000,12997574625261075627
1,0051.txt,160,original,3,64,50,249000,7385000,425000,8059000,250000,7391000,444000,8085000,12279836665363317183
1,0051.txt,160,full,4,64,50,248000,8172000,430000,8850000,249000,8202000,440000,8891000,12279836665363317183
1,0051.txt,160,tower,0,64,50,262000,8302000,342000,8906000,262000,8314000,353000,8929000,12279836665363317183
1,0051.txt,160,other,1,64,50,246000,8651000,383000,9280000,247000,8713000,393000,9353000,12279836665363317183
1,0051.txt,160,compact,2,64,50,250000,8422000,277000,8949000,250000,8447000,285000,8982000,12279836665363317183
1,0052.txt,224,original,2,64,49,459000,13493000,650000,14602000,459000,13505000,659000,14623000,9179596259479780699
1,0052.txt,224,full,3,64,49,452000,14654000,647000,15753000,452000,14670000,657000,15779000,9179596259479780699
1,0052.txt,224,tower,4,64,49,464000,14960000,565000,15989000,464000,14986000,567000,16017000,9179596259479780699
1,0052.txt,224,other,0,64,49,454000,14635000,627000,15716000,455000,14648000,636000,15739000,9179596259479780699
1,0052.txt,224,compact,1,64,49,460000,14691000,513000,15664000,461000,14720000,522000,15703000,9179596259479780699
1,0053.txt,192,original,1,64,60,245000,7743000,529000,8517000,246000,7759000,538000,8543000,2465353185479614519
1,0053.txt,192,full,2,64,60,238000,8545000,551000,9334000,238000,8562000,555000,9355000,2465353185479614519
1,0053.txt,192,tower,3,64,60,238000,8432000,445000,9115000,239000,8446000,460000,9145000,2465353185479614519
1,0053.txt,192,other,4,64,60,242000,8701000,491000,9434000,242000,8726000,492000,9460000,2465353185479614519
1,0053.txt,192,compact,0,64,60,241000,8535000,397000,9173000,242000,8557000,405000,9204000,2465353185479614519
1,0054.txt,256,original,0,64,50,731000,21201000,1063000,22995000,731000,21222000,1077000,23030000,1977551075025097523
1,0054.txt,256,full,1,64,50,718000,23900000,1070000,25688000,719000,23919000,1080000,25718000,1977551075025097523
1,0054.txt,256,tower,2,64,50,728000,23697000,952000,25377000,728000,23728000,968000,25424000,1977551075025097523
1,0054.txt,256,other,3,64,50,726000,23048000,982000,24756000,727000,23070000,993000,24790000,1977551075025097523
1,0054.txt,256,compact,4,64,50,736000,23500000,875000,25111000,737000,23523000,884000,25144000,1977551075025097523
1,0055.txt,288,original,4,64,39,1221000,24877000,706000,26804000,1221000,24901000,714000,26836000,1917009490484356854
1,0055.txt,288,full,0,64,39,1255000,28016000,718000,29989000,1256000,28035000,719000,30010000,1917009490484356854
1,0055.txt,288,tower,1,64,39,1243000,28665000,682000,30590000,1244000,28703000,689000,30636000,1917009490484356854
1,0055.txt,288,other,2,64,39,1227000,27675000,715000,29617000,1227000,27701000,723000,29651000,1917009490484356854
1,0055.txt,288,compact,3,64,39,1217000,27928000,618000,29763000,1218000,27946000,626000,29790000,1917009490484356854
1,0056.txt,224,original,3,64,39,468000,11532000,528000,12528000,468000,11549000,540000,12557000,6905413677133017825
1,0056.txt,224,full,4,64,39,490000,12849000,538000,13877000,490000,12862000,550000,13902000,6905413677133017825
1,0056.txt,224,tower,0,64,39,492000,12567000,455000,13514000,493000,12591000,460000,13544000,6905413677133017825
1,0056.txt,224,other,1,64,39,492000,12607000,490000,13589000,491000,12641000,498000,13630000,6905413677133017825
1,0056.txt,224,compact,2,64,39,489000,12774000,418000,13681000,489000,12796000,425000,13710000,6905413677133017825
1,0057.txt,256,original,2,64,54,824000,18758000,969000,20551000,824000,18787000,983000,20594000,10523818247767909617
1,0057.txt,256,full,3,64,54,835000,20576000,948000,22359000,835000,20603000,963000,22401000,10523818247767909617
1,0057.txt,256,tower,4,64,54,833000,20700000,866000,22399000,834000,20724000,877000,22435000,10523818247767909617
1,0057.txt,256,other,0,64,54,812000,20082000,890000,21784000,810000,20116000,904000,21830000,10523818247767909617
1,0057.txt,256,compact,1,64,54,836000,20505000,775000,22116000,836000,20525000,789000,22150000,10523818247767909617
1,0058.txt,256,original,1,64,47,616000,20372000,962000,21950000,617000,20397000,979000,21993000,8747116303198179067
1,0058.txt,256,full,2,64,47,625000,22489000,985000,24099000,626000,22511000,992000,24129000,8747116303198179067
1,0058.txt,256,tower,3,64,47,612000,22463000,881000,23956000,612000,22478000,893000,23983000,8747116303198179067
1,0058.txt,256,other,4,64,47,607000,21960000,917000,23484000,608000,21986000,928000,23522000,8747116303198179067
1,0058.txt,256,compact,0,64,47,613000,22268000,792000,23673000,613000,22296000,806000,23715000,8747116303198179067
1,0059.txt,192,original,0,64,47,107000,4928000,246000,5281000,107000,4947000,249000,5303000,8776027305845615921
1,0059.txt,192,full,1,64,47,104000,5403000,233000,5740000,104000,5421000,249000,5774000,8776027305845615921
1,0059.txt,192,tower,2,64,47,106000,5394000,203000,5703000,106000,5403000,216000,5725000,8776027305845615921
1,0059.txt,192,other,3,64,47,103000,5398000,222000,5723000,103000,5413000,232000,5748000,8776027305845615921
1,0059.txt,192,compact,4,64,47,105000,5419000,172000,5696000,105000,5438000,175000,5718000,8776027305845615921
1,0060.txt,224,original,4,64,40,237000,10752000,494000,11483000,238000,10767000,500000,11505000,9265774647566182347
1,0060.txt,224,full,0,64,40,228000,12467000,512000,13207000,228000,12503000,520000,13251000,9265774647566182347
1,0060.txt,224,tower,1,64,40,247000,11829000,458000,12534000,248000,11862000,462000,12572000,9265774647566182347
1,0060.txt,224,other,2,64,40,240000,12244000,466000,12950000,241000,12269000,474000,12984000,9265774647566182347
1,0060.txt,224,compact,3,64,40,231000,11682000,397000,12310000,232000,11709000,398000,12339000,9265774647566182347
1,0061.txt,192,original,3,64,47,679000,17624000,919000,19222000,679000,17651000,927000,19257000,9109783169076520820
1,0061.txt,192,full,4,64,47,690000,19196000,911000,20797000,690000,19207000,917000,20814000,9109783169076520820
1,0061.txt,192,tower,0,64,47,690000,19104000,760000,20554000,690000,19127000,773000,20590000,9109783169076520820
1,0061.txt,192,other,1,64,47,706000,19224000,810000,20740000,709000,19252000,825000,20786000,9109783169076520820
1,0061.txt,192,compact,2,64,47,702000,18762000,647000,20111000,702000,18774000,656000,20132000,9109783169076520820
1,0062.txt,224,original,2,64,51,503000,16111000,646000,17260000,502000,16136000,656000,17294000,6235176586112113050
1,0062.txt,224,full,3,64,51,521000,18350000,641000,19512000,521000,18374000,654000,19549000,6235176586112113050
1,0062.txt,224,tower,4,64,51,494000,17850000,537000,18881000,494000,17874000,549000,18917000,6235176586112113050
1,0062.txt,224,other,0,64,51,489000,17950000,618000,19057000,489000,17971000,626000,19086000,6235176586112113050
1,0062.txt,224,compact,1,64,51,495000,17873000,493000,18861000,495000,17889000,505000,18889000,6235176586112113050
1,0063.txt,256,original,1,64,43,528000,16345000,863000,17736000,528000,16357000,876000,17761000,2811221567898568818
1,0063.txt,256,full,2,64,43,534000,17890000,849000,19273000,535000,17917000,859000,19311000,2811221567898568818
1,0063.txt,256,tower,3,64,43,529000,18016000,779000,19324000,530000,18039000,794000,19363000,2811221567898568818
1,0063.txt,256,other,4,64,43,544000,17672000,803000,19019000,543000,17695000,813000,19051000,2811221567898568818
1,0063.txt,256,compact,0,64,43,537000,17976000,701000,19214000,537000,17997000,720000,19254000,2811221567898568818
1,0064.txt,224,original,0,64,44,466000,6785000,620000,7871000,497000,6798000,628000,7923000,6923825489153610959
1,0064.txt,224,full,1,64,44,454000,7086000,615000,8155000,453000,7098000,623000,8174000,6923825489153610959
1,0064.txt,224,tower,2,64,44,423000,7158000,546000,8127000,424000,7177000,551000,8152000,6923825489153610959
1,0064.txt,224,other,3,64,44,408000,6954000,550000,7912000,410000,6980000,557000,7947000,6923825489153610959
1,0064.txt,224,compact,4,64,44,408000,7180000,459000,8047000,409000,7201000,474000,8084000,6923825489153610959
1,0065.txt,192,original,4,64,43,190000,7909000,496000,8595000,189000,7930000,505000,8624000,17408032648247834609
1,0065.txt,192,full,0,64,43,191000,8754000,495000,9440000,192000,8778000,503000,9473000,17408032648247834609
1,0065.txt,192,tower,1,64,43,194000,8769000,441000,9404000,193000,8778000,457000,9428000,17408032648247834609
1,0065.txt,192,other,2,64,43,185000,8803000,456000,9444000,185000,8816000,463000,9464000,17408032648247834609
1,0065.txt,192,compact,3,64,43,186000,8885000,400000,9471000,186000,8910000,406000,9502000,17408032648247834609
1,0066.txt,224,original,3,64,29,948000,22037000,929000,23914000,948000,22065000,941000,23954000,8875708553305440087
1,0066.txt,224,full,4,64,29,927000,24263000,944000,26134000,926000,24287000,946000,26159000,8875708553305440087
1,0066.txt,224,tower,0,64,29,940000,24437000,873000,26250000,944000,24458000,881000,26283000,8875708553305440087
1,0066.txt,224,other,1,64,29,920000,24536000,868000,26324000,920000,24565000,873000,26358000,8875708553305440087
1,0066.txt,224,compact,2,64,29,952000,24280000,834000,26066000,952000,24304000,837000,26093000,8875708553305440087
1,0067.txt,192,original,2,64,37,326000,10632000,552000,11510000,327000,10657000,558000,11542000,1054547824349595996
1,0067.txt,192,full,3,64,37,321000,11717000,557000,12595000,321000,11744000,574000,12639000,1054547824349595996
1,0067.txt,192,tower,4,64,37,327000,11768000,484000,12579000,327000,11797000,488000,12612000,1054547824349595996
1,0067.txt,192,other,0,64,37,334000,11411000,479000,12224000,334000,11433000,489000,12256000,1054547824349595996
1,0067.txt,192,compact,1,64,37,346000,11656000,446000,12448000,347000,11676000,454000,12477000,1054547824349595996
1,0068.txt,352,original,1,64,36,1893000,28795000,1020000,31708000,1894000,28841000,1030000,31765000,16704674484913076321
1,0068.txt,352,full,2,64,36,1884000,31748000,1040000,34672000,1885000,31785000,1043000,34713000,16704674484913076321
1,0068.txt,352,tower,3,64,36,1925000,32201000,1005000,35131000,1929000,32226000,1017000,35172000,16704674484913076321
1,0068.txt,352,other,4,64,36,1887000,32681000,1051000,35619000,1888000,32694000,1058000,35640000,16704674484913076321
1,0068.txt,352,compact,0,64,36,1879000,32167000,996000,35042000,1879000,32190000,1001000,35070000,16704674484913076321
1,0069.txt,128,original,0,64,55,261000,7821000,498000,8580000,261000,7847000,511000,8619000,10272637644074201381
1,0069.txt,128,full,1,64,55,242000,8800000,500000,9542000,243000,8826000,502000,9571000,10272637644074201381
1,0069.txt,128,tower,2,64,55,247000,8365000,361000,8973000,247000,8385000,374000,9006000,10272637644074201381
1,0069.txt,128,other,3,64,55,240000,8359000,410000,9009000,240000,8375000,428000,9043000,10272637644074201381
1,0069.txt,128,compact,4,64,55,251000,8430000,290000,8971000,251000,8452000,303000,9006000,10272637644074201381
1,0070.txt,320,original,4,64,43,1226000,44303000,1472000,47001000,1227000,44340000,1474000,47041000,6636878282639228694
1,0070.txt,320,full,0,64,43,1221000,50397000,1488000,53106000,1222000,50441000,1493000,53156000,6636878282639228694
1,0070.txt,320,tower,1,64,43,1250000,49697000,1429000,52376000,1250000,49724000,1443000,52417000,6636878282639228694
1,0070.txt,320,other,2,64,43,1283000,49079000,1426000,51788000,1285000,49107000,1440000,51832000,6636878282639228694
1,0070.txt,320,compact,3,64,43,1223000,49002000,1325000,51550000,1224000,49034000,1340000,51598000,6636878282639228694
1,0071.txt,288,original,3,64,34,1259000,29358000,1022000,31639000,1258000,29377000,1032000,31667000,5480489002906609640
1,0071.txt,288,full,4,64,34,1282000,32306000,1054000,34642000,1282000,32333000,1058000,34673000,5480489002906609640
1,0071.txt,288,tower,0,64,34,1262000,32861000,967000,35090000,1262000,32890000,980000,35132000,5480489002906609640
1,0071.txt,288,other,1,64,34,1260000,31537000,1003000,33800000,1260000,31552000,1016000,33828000,5480489002906609640
1,0071.txt,288,compact,2,64,34,1246000,32076000,895000,34217000,1246000,32102000,904000,34252000,5480489002906609640
1,0072.txt,192,original,2,64,53,135000,7002000,376000,7513000,134000,7028000,395000,7557000,3456405102086958663
1,0072.txt,192,full,3,64,53,129000,8022000,386000,8537000,130000,8047000,392000,8569000,3456405102086958663
1,0072.txt,192,tower,4,64,53,136000,7708000,330000,8174000,137000,7730000,339000,8206000,3456405102086958663
1,0072.txt,192,other,0,64,53,136000,7792000,333000,8261000,138000,7811000,347000,8296000,3456405102086958663
1,0072.txt,192,compact,1,64,53,132000,7786000,277000,8195000,132000,7798000,287000,8217000,3456405102086958663
1,0073.txt,160,original,1,64,45,792000,14857000,733000,16382000,792000,14873000,734000,16399000,7837691528528546932
1,0073.txt,160,full,2,64,45,791000,15946000,699000,17436000,792000,15976000,709000,17477000,7837691528528546932
1,0073.txt,160,tower,3,64,45,783000,15942000,555000,17280000,784000,15962000,562000,17308000,7837691528528546932
1,0073.txt,160,other,4,64,45,764000,15925000,632000,17321000,763000,15942000,638000,17343000,7837691528528546932
1,0073.txt,160,compact,0,64,45,764000,16408000,474000,17646000,764000,16429000,485000,17678000,7837691528528546932
1,0074.txt,128,original,0,64,40,220000,4878000,258000,5356000,220000,4901000,269000,5390000,11002935191480867671
1,0074.txt,128,full,1,64,40,213000,5312000,271000,5796000,214000,5324000,280000,5818000,11002935191480867671
1,0074.txt,128,tower,2,64,40,210000,5319000,193000,5722000,211000,5334000,199000,5744000,11002935191480867671
1,0074.txt,128,other,3,64,40,210000,5195000,235000,5640000,211000,5210000,240000,5661000,11002935191480867671
1,0074.txt,128,compact,4,64,40,213000,5328000,152000,5693000,213000,5346000,159000,5718000,11002935191480867671
1,0075.txt,288,original,4,64,30,1013000,27555000,882000,29450000,1013000,27583000,888000,29484000,2583345268107875064
1,0075.txt,288,full,0,64,30,1012000,31103000,899000,33014000,1014000,31129000,903000,33046000,2583345268107875064
1,0075.txt,288,tower,1,64,30,1030000,31427000,858000,33315000,1030000,31458000,863000,33351000,2583345268107875064
1,0075.txt,288,other,2,64,30,1019000,29674000,872000,31565000,1020000,29699000,886000,31605000,2583345268107875064
1,0075.txt,288,compact,3,64,30,1025000,30403000,785000,32213000,1025000,30433000,789000,32247000,2583345268107875064
1,0076.txt,192,original,3,64,52,743000,19192000,951000,20886000,743000,19228000,956000,20927000,14019256839176950374
1,0076.txt,192,full,4,64,52,753000,21174000,950000,22877000,754000,21201000,970000,22925000,14019256839176950374
1,0076.txt,192,tower,0,64,52,774000,21073000,800000,22647000,773000,21103000,815000,22691000,14019256839176950374
1,0076.txt,192,other,1,64,52,742000,20593000,842000,22177000,743000,20623000,850000,22216000,14019256839176950374
1,0076.txt,192,compact,2,64,52,755000,20822000,672000,22249000,756000,20841000,680000,22277000,14019256839176950374
1,0077.txt,128,original,2,64,55,169000,6305000,341000,6815000,169000,6324000,348000,6841000,17479160985738783937
1,0077.txt,128,full,3,64,55,165000,7261000,344000,7770000,165000,7281000,380000,7826000,17479160985738783937
1,0077.txt,128,tower,4,64,55,168000,6887000,241000,7296000,168000,6912000,247000,7327000,17479160985738783937
1,0077.txt,128,other,0,64,55,173000,6723000,280000,7176000,172000,6742000,298000,7212000,17479160985738783937
1,0077.txt,128,compact,1,64,55,169000,6783000,183000,7135000,169000,6798000,203000,7170000,17479160985738783937
1,0078.txt,224,original,1,64,44,715000,14456000,836000,16007000,715000,14480000,845000,16040000,14185763832882636607
1,0078.txt,224,full,2,64,44,698000,15657000,835000,17190000,698000,15676000,833000,17207000,14185763832882636607
1,0078.txt,224,tower,3,64,44,697000,15806000,735000,17238000,697000,15833000,749000,17279000,14185763832882636607
1,0078.txt,224,other,4,64,44,705000,15569000,775000,17049000,706000,15585000,783000,17074000,14185763832882636607
1,0078.txt,224,compact,0,64,44,701000,15696000,646000,17043000,700000,15712000,658000,17070000,14185763832882636607
1,0079.txt,160,original,0,64,48,84000,4115000,274000,4473000,85000,4130000,279000,4494000,18107065893375765734
1,0079.txt,160,full,1,64,48,84000,4479000,268000,4831000,86000,4493000,277000,4856000,18107065893375765734
1,0079.txt,160,tower,2,64,48,83000,4421000,239000,4743000,84000,4437000,242000,4763000,18107065893375765734
1,0079.txt,160,other,3,64,48,87000,4490000,228000,4805000,87000,4495000,241000,4823000,18107065893375765734
1,0079.txt,160,compact,4,64,48,82000,4596000,181000,4859000,83000,4616000,192000,4891000,18107065893375765734
1,0080.txt,192,original,4,64,48,511000,14229000,605000,15345000,512000,14254000,615000,15381000,7914294815535909058
1,0080.txt,192,full,0,64,48,529000,15918000,613000,17060000,528000,15936000,619000,17083000,7914294815535909058
1,0080.txt,192,tower,1,64,48,514000,15595000,490000,16599000,514000,15627000,496000,16637000,7914294815535909058
1,0080.txt,192,other,2,64,48,527000,15615000,558000,16700000,528000,15641000,572000,16741000,7914294815535909058
1,0080.txt,192,compact,3,64,48,507000,15178000,414000,16099000,507000,15195000,419000,16121000,7914294815535909058
1,0081.txt,256,original,3,64,48,1637000,44695000,1206000,47538000,1638000,44721000,1225000,47584000,12611955559657520540
1,0081.txt,256,full,4,64,48,1636000,49679000,1166000,52481000,1636000,49711000,1182000,52529000,12611955559657520540
1,0081.txt,256,tower,0,64,48,1687000,50098000,1061000,52846000,1687000,50148000,1076000,52911000,12611955559657520540
1,0081.txt,256,other,1,64,48,1651000,48938000,1146000,51735000,1650000,48972000,1152000,51774000,12611955559657520540
1,0081.txt,256,compact,2,64,48,1650000,49663000,949000,52262000,1651000,49706000,962000,52319000,12611955559657520540
1,0082.txt,224,original,2,64,43,1123000,22407000,1104000,24634000,1124000,22505000,1122000,24751000,15976384220259857970
1,0082.txt,224,full,3,64,43,1158000,24696000,1124000,26978000,1159000,24734000,1274000,27167000,15976384220259857970
1,0082.txt,224,tower,4,64,43,1089000,24055000,942000,26086000,1089000,24071000,955000,26115000,15976384220259857970
1,0082.txt,224,other,0,64,43,1108000,24171000,1036000,26315000,1108000,24625000,1051000,26784000,15976384220259857970
1,0082.txt,224,compact,1,64,43,1151000,25342000,943000,27436000,1152000,31443000,1000000,33595000,15976384220259857970
1,0083.txt,160,original,1,64,45,403000,10078000,518000,10999000,404000,10090000,532000,11026000,2709579689513296368
1,0083.txt,160,full,2,64,45,406000,11087000,510000,12003000,407000,11104000,521000,12032000,2709579689513296368
1,0083.txt,160,tower,3,64,45,403000,11388000,394000,12185000,404000,11407000,407000,12218000,2709579689513296368
1,0083.txt,160,other,4,64,45,405000,10936000,447000,11788000,405000,10952000,456000,11813000,2709579689513296368
1,0083.txt,160,compact,0,64,45,409000,11191000,324000,11924000,409000,11212000,339000,11960000,2709579689513296368
1,0084.txt,224,original,0,64,29,1217000,15628000,620000,17465000,1217000,15644000,628000,17489000,8219160516625378647
1,0084.txt,224,full,1,64,29,1192000,17475000,646000,19313000,1192000,17518000,655000,19365000,8219160516625378647
1,0084.txt,224,tower,2,64,29,1195000,17106000,557000,18858000,1196000,17125000,562000,18883000,8219160516625378647
1,0084.txt,224,other,3,64,29,1173000,17286000,576000,19035000,1173000,17319000,587000,19079000,8219160516625378647
1,0084.txt,224,compact,4,64,29,1203000,16814000,481000,18498000,1204000,16829000,487000,18520000,8219160516625378647
1,0085.txt,256,original,4,64,52,397000,9344000,705000,10446000,396000,9362000,709000,10467000,9843680023606892368
1,0085.txt,256,full,0,64,52,394000,10239000,735000,11368000,395000,10271000,743000,11409000,9843680023606892368
1,0085.txt,256,tower,1,64,52,405000,10216000,627000,11248000,405000,10229000,645000,11279000,9843680023606892368
1,0085.txt,256,other,2,64,52,391000,10082000,663000,11136000,390000,10107000,675000,11172000,9843680023606892368
1,0085.txt,256,compact,3,64,52,405000,10397000,566000,11368000,406000,10421000,573000,11400000,9843680023606892368
1,0086.txt,96,original,3,64,41,145000,4185000,306000,4636000,145000,4196000,310000,4651000,1746008403728494063
1,0086.txt,96,full,4,64,41,135000,4573000,302000,5010000,135000,4592000,314000,5041000,1746008403728494063
1,0086.txt,96,tower,0,64,41,150000,4566000,232000,4948000,151000,4581000,237000,4969000,1746008403728494063
1,0086.txt,96,other,1,64,41,145000,4506000,242000,4893000,145000,4514000,258000,4917000,1746008403728494063
1,0086.txt,96,compact,2,64,41,146000,4519000,167000,4832000,146000,4540000,179000,4865000,1746008403728494063
1,0087.txt,224,original,2,64,56,246000,7835000,480000,8561000,246000,7861000,487000,8594000,6062298770127305429
1,0087.txt,224,full,3,64,56,248000,8910000,486000,9644000,248000,8930000,498000,9676000,6062298770127305429
1,0087.txt,224,tower,4,64,56,250000,8702000,415000,9367000,251000,8727000,428000,9406000,6062298770127305429
1,0087.txt,224,other,0,64,56,249000,8677000,439000,9365000,249000,8711000,456000,9416000,6062298770127305429
1,0087.txt,224,compact,1,64,56,271000,8575000,348000,9194000,273000,8598000,358000,9229000,6062298770127305429
1,0088.txt,224,original,1,64,51,373000,9118000,531000,10022000,374000,9139000,546000,10059000,1932990849624522106
1,0088.txt,224,full,2,64,51,371000,10114000,549000,11034000,372000,10130000,554000,11056000,1932990849624522106
1,0088.txt,224,tower,3,64,51,384000,10019000,465000,10868000,384000,10040000,476000,10900000,1932990849624522106
1,0088.txt,224,other,4,64,51,368000,10002000,486000,10856000,369000,10025000,499000,10893000,1932990849624522106
1,0088.txt,224,compact,0,64,51,379000,10415000,409000,11203000,379000,10428000,422000,11229000,1932990849624522106
1,0089.txt,320,original,0,64,37,1170000,36541000,1024000,38735000,1170000,36567000,1032000,38769000,6980722571508482437
1,0089.txt,320,full,1,64,37,1171000,41874000,1023000,44068000,1171000,41910000,1031000,44112000,6980722571508482437
1,0089.txt,320,tower,2,64,37,1173000,41503000,990000,43666000,1174000,41537000,989000,43700000,6980722571508482437
1,0089.txt,320,other,3,64,37,1185000,40931000,987000,43103000,1186000,40965000,998000,43149000,6980722571508482437
1,0089.txt,320,compact,4,64,37,1184000,40876000,949000,43009000,1185000,40885000,961000,43031000,6980722571508482437
1,0090.txt,224,original,4,64,36,222000,7767000,458000,8447000,222000,7788000,470000,8480000,17418676575136399411
1,0090.txt,224,full,0,64,36,234000,8439000,460000,9133000,234000,8450000,469000,9153000,17418676575136399411
1,0090.txt,224,tower,1,64,36,216000,8629000,418000,9263000,217000,8670000,429000,9316000,17418676575136399411
1,0090.txt,224,other,2,64,36,235000,8369000,413000,9017000,235000,8388000,422000,9045000,17418676575136399411
1,0090.txt,224,compact,3,64,36,218000,8336000,372000,8926000,218000,8352000,370000,8940000,17418676575136399411
1,0091.txt,128,original,3,64,49,257000,5356000,326000,5939000,258000,5373000,345000,5976000,6905654600788291276
1,0091.txt,128,full,4,64,49,244000,5845000,327000,6416000,244000,5861000,352000,6457000,6905654600788291276
1,0091.txt,128,tower,0,64,49,249000,6036000,235000,6520000,249000,6059000,245000,6553000,6905654600788291276
1,0091.txt,128,other,1,64,49,240000,5808000,295000,6343000,242000,5831000,301000,6374000,6905654600788291276
1,0091.txt,128,compact,2,64,49,252000,6060000,203000,6515000,252000,6089000,209000,6550000,6905654600788291276
1,0092.txt,320,original,2,64,34,2269000,40697000,1651000,44617000,2268000,40719000,1655000,44642000,17892104883127441197
1,0092.txt,320,full,3,64,34,2281000,45592000,1652000,49525000,2281000,45622000,1661000,49564000,17892104883127441197
1,0092.txt,320,tower,4,64,34,2259000,45574000,1587000,49420000,2260000,45597000,1603000,49460000,17892104883127441197
1,0092.txt,320,other,0,64,34,2297000,44640000,1568000,48505000,2300000,44669000,1578000,48547000,17892104883127441197
1,0092.txt,320,compact,1,64,34,2290000,44955000,1507000,48752000,2305000,44993000,1511000,48809000,17892104883127441197
1,0093.txt,128,original,1,63,60,118000,4854000,386000,5358000,118000,4872000,401000,5391000,9403735909905401337
1,0093.txt,128,full,2,63,60,120000,5344000,399000,5863000,120000,5370000,407000,5897000,9403735909905401337
1,0093.txt,128,tower,3,63,60,112000,5317000,325000,5754000,112000,5330000,342000,5784000,9403735909905401337
1,0093.txt,128,other,4,63,60,112000,5271000,356000,5739000,111000,5288000,365000,5764000,9403735909905401337
1,0093.txt,128,compact,0,63,60,115000,5321000,278000,5714000,116000,5334000,284000,5734000,9403735909905401337
1,0094.txt,288,original,0,64,59,244000,7626000,508000,8378000,244000,7645000,532000,8421000,15807896437645640352
1,0094.txt,288,full,1,64,59,241000,8447000,503000,9191000,241000,8465000,527000,9233000,15807896437645640352
1,0094.txt,288,tower,2,64,59,248000,8483000,469000,9200000,247000,8502000,479000,9228000,15807896437645640352
1,0094.txt,288,other,3,64,59,245000,8282000,481000,9008000,245000,8293000,496000,9034000,15807896437645640352
1,0094.txt,288,compact,4,64,59,246000,8664000,440000,9350000,245000,8691000,454000,9390000,15807896437645640352
1,0095.txt,192,original,4,64,40,860000,18620000,665000,20145000,861000,18638000,674000,20173000,14558885443859604524
1,0095.txt,192,full,0,64,40,856000,21100000,698000,22654000,856000,21128000,704000,22688000,14558885443859604524
1,0095.txt,192,tower,1,64,40,866000,20898000,559000,22323000,867000,20925000,568000,22360000,14558885443859604524
1,0095.txt,192,other,2,64,40,836000,20898000,630000,22364000,837000,20930000,638000,22405000,14558885443859604524
1,0095.txt,192,compact,3,64,40,835000,20337000,475000,21647000,836000,20357000,485000,21678000,14558885443859604524
1,0096.txt,160,original,3,64,62,188000,6287000,355000,6830000,188000,6306000,362000,6856000,9102786252669791947
1,0096.txt,160,full,4,64,62,188000,6934000,362000,7484000,188000,6955000,363000,7506000,9102786252669791947
1,0096.txt,160,tower,0,64,62,194000,7022000,274000,7490000,195000,7046000,286000,7527000,9102786252669791947
1,0096.txt,160,other,1,64,62,188000,6983000,328000,7499000,189000,6996000,341000,7526000,9102786252669791947
1,0096.txt,160,compact,2,64,62,186000,7227000,245000,7658000,186000,7242000,258000,7686000,9102786252669791947
1,0097.txt,288,original,2,64,36,1347000,42300000,1616000,45263000,1346000,42323000,1628000,45297000,2803104666536711401
1,0097.txt,288,full,3,64,36,1346000,47182000,1645000,50173000,1347000,47208000,1662000,50217000,2803104666536711401
1,0097.txt,288,tower,4,64,36,1374000,47253000,1543000,50170000,1374000,47282000,1547000,50203000,2803104666536711401
1,0097.txt,288,other,0,64,36,1340000,46384000,1592000,49316000,1341000,46412000,1595000,49348000,2803104666536711401
1,0097.txt,288,compact,1,64,36,1354000,46414000,1437000,49205000,1353000,46442000,1445000,49240000,2803104666536711401
1,0098.txt,160,original,1,64,55,262000,7154000,591000,8007000,262000,7174000,599000,8035000,9847453008769540877
1,0098.txt,160,full,2,64,55,261000,7919000,593000,8773000,261000,7937000,601000,8799000,9847453008769540877
1,0098.txt,160,tower,3,64,55,265000,8002000,486000,8753000,264000,8028000,495000,8787000,9847453008769540877
1,0098.txt,160,other,4,64,55,261000,7815000,510000,8586000,261000,7833000,522000,8616000,9847453008769540877
1,0098.txt,160,compact,0,64,55,269000,8099000,406000,8774000,270000,8126000,408000,8804000,9847453008769540877
1,0099.txt,256,original,0,64,38,508000,12373000,517000,13398000,510000,12391000,526000,13427000,446694983656461108
1,0099.txt,256,full,1,64,38,495000,14026000,497000,15018000,495000,14047000,509000,15051000,446694983656461108
1,0099.txt,256,tower,2,64,38,490000,13839000,440000,14769000,490000,13854000,448000,14792000,446694983656461108
1,0099.txt,256,other,3,64,38,484000,13772000,485000,14741000,484000,13798000,498000,14780000,446694983656461108
1,0099.txt,256,compact,4,64,38,495000,13756000,392000,14643000,494000,13777000,405000,14676000,446694983656461108
2,0000.txt,128,original,3,37,37,66000,1109000,122000,1297000,68000,1124000,127000,1319000,816204004610948454
2,0000.txt,128,full,4,37,37,78000,1263000,133000,1474000,77000,1272000,141000,1490000,816204004610948454
2,0000.txt,128,tower,0,37,37,81000,1377000,107000,1565000,81000,1446000,117000,1644000,816204004610948454
2,0000.txt,128,other,1,37,37,69000,1230000,100000,1399000,69000,1241000,115000,1425000,816204004610948454
2,0000.txt,128,compact,2,37,37,79000,1204000,77000,1360000,79000,1223000,86000,1388000,816204004610948454
2,0001.txt,160,original,2,64,47,162000,6058000,365000,6585000,163000,6095000,373000,6631000,9659342416910865731
2,0001.txt,160,full,3,64,47,158000,6752000,370000,7280000,159000,6781000,373000,7313000,9659342416910865731
2,0001.txt,160,tower,4,64,47,159000,6869000,306000,7334000,159000,6906000,318000,7383000,9659342416910865731
2,0001.txt,160,other,0,64,47,159000,6676000,323000,7158000,160000,6700000,332000,7192000,9659342416910865731
2,0001.txt,160,compact,1,64,47,161000,6902000,242000,7305000,161000,6927000,254000,7342000,9659342416910865731
2,0002.txt,160,original,1,64,62,219000,7608000,493000,8320000,219000,7627000,499000,8345000,13336614233393630273
2,0002.txt,160,full,2,64,62,232000,8536000,511000,9279000,232000,8557000,517000,9306000,13336614233393630273
2,0002.txt,160,tower,3,64,62,219000,8815000,408000,9442000,219000,8834000,407000,9460000,13336614233393630273
2,0002.txt,160,other,4,64,62,225000,8356000,419000,9000000,226000,8369000,429000,9024000,13336614233393630273
2,0002.txt,160,compact,0,64,62,231000,8572000,311000,9114000,231000,8588000,320000,9139000,13336614233393630273
2,0003.txt,288,original,0,64,37,198000,8292000,386000,8876000,199000,8313000,393000,8905000,9846154642387442228
2,0003.txt,288,full,1,64,37,205000,9417000,382000,10004000,205000,9438000,389000,10032000,9846154642387442228
2,0003.txt,288,tower,2,64,37,199000,9550000,372000,10121000,200000,9567000,377000,10144000,9846154642387442228
2,0003.txt,288,other,3,64,37,203000,9132000,356000,9691000,203000,9151000,366000,9720000,9846154642387442228
2,0003.txt,288,compact,4,64,37,200000,9583000,350000,10133000,200000,9667000,377000,10244000,9846154642387442228
2,0004.txt,224,original,4,64,39,767000,24545000,713000,26025000,768000,24581000,719000,26068000,5868743466089011035
2,0004.txt,224,full,0,64,39,781000,27214000,720000,28715000,781000,27238000,727000,28746000,5868743466089011035
2,0004.txt,224,tower,1,64,39,776000,27023000,612000,28411000,777000,27055000,624000,28456000,5868743466089011035
2,0004.txt,224,other,2,64,39,748000,26800000,675000,28223000,749000,26824000,681000,28254000,5868743466089011035
2,0004.txt,224,compact,3,64,39,771000,26853000,561000,28185000,771000,26870000,571000,28212000,5868743466089011035
2,0005.txt,224,original,3,64,26,1450000,35550000,1489000,38489000,1451000,35580000,1498000,38529000,10086671006629847274
2,0005.txt,224,full,4,64,26,1447000,38948000,1355000,41750000,1448000,38975000,1360000,41783000,10086671006629847274
2,0005.txt,224,tower,0,64,26,1459000,39478000,1296000,42233000,1460000,39509000,1303000,42272000,10086671006629847274
2,0005.txt,224,other,1,64,26,1450000,38827000,1270000,41547000,1449000,38852000,1270000,41571000,10086671006629847274
2,0005.txt,224,compact,2,64,26,1475000,38909000,1202000,41586000,1475000,38943000,1209000,41627000,10086671006629847274
2,0006.txt,128,original,2,64,46,262000,5340000,332000,5934000,262000,5362000,349000,5973000,507186591489129217
2,0006.txt,128,full,3,64,46,266000,5755000,354000,6375000,266000,5771000,358000,6395000,507186591489129217
2,0006.txt,128,tower,4,64,46,268000,5683000,234000,6185000,269000,5697000,251000,6217000,507186591489129217
2,0006.txt,128,other,0,64,46,267000,5731000,308000,6306000,267000,5748000,320000,6335000,507186591489129217
2,0006.txt,128,compact,1,64,46,277000,5786000,189000,6252000,277000,5802000,199000,6278000,507186591489129217
2,0007.txt,128,original,1,64,52,258000,7400000,413000,8071000,256000,7417000,422000,8095000,2674825041975378044
2,0007.txt,128,full,2,64,52,256000,8362000,427000,9045000,256000,8392000,437000,9085000,2674825041975378044
2,0007.txt,128,tower,3,64,52,258000,7962000,300000,8520000,259000,7993000,314000,8566000,2674825041975378044
2,0007.txt,128,other,4,64,52,271000,7837000,360000,8468000,273000,7859000,362000,8494000,2674825041975378044
2,0007.txt,128,compact,0,64,52,255000,8096000,234000,8585000,255000,8117000,239000,8611000,2674825041975378044
2,0008.txt,128,original,0,64,40,255000,8281000,363000,8899000,256000,8301000,374000,8931000,17920141965280989340
2,0008.txt,128,full,1,64,40,278000,9174000,370000,9822000,279000,9192000,381000,9852000,17920141965280989340
2,0008.txt,128,tower,2,64,40,267000,9203000,287000,9757000,267000,9220000,296000,9783000,17920141965280989340
2,0008.txt,128,other,3,64,40,274000,9036000,331000,9641000,274000,9042000,335000,9651000,17920141965280989340
2,0008.txt,128,compact,4,64,40,267000,9144000,236000,9647000,267000,9167000,237000,9671000,17920141965280989340
2,0009.txt,192,original,4,64,58,122000,6574000,367000,7063000,123000,6590000,379000,7092000,14208774129454741819
2,0009.txt,192,full,0,64,58,129000,7585000,384000,8098000,129000,7598000,399000,8126000,14208774129454741819
2,0009.txt,192,tower,1,64,58,135000,7352000,314000,7801000,135000,7372000,324000,7831000,14208774129454741819
2,0009.txt,192,other,2,64,58,124000,7386000,342000,7852000,123000,7394000,357000,7874000,14208774129454741819
2,0009.txt,192,compact,3,64,58,119000,7315000,267000,7701000,120000,7336000,269000,7725000,14208774129454741819
2,0010.txt,128,original,3,64,52,113000,3170000,260000,3543000,113000,3188000,268000,3569000,14723523622886612699
2,0010.txt,128,full,4,64,52,113000,3465000,265000,3843000,113000,3475000,280000,3868000,14723523622886612699
2,0010.txt,128,tower,0,64,52,117000,3614000,201000,3932000,117000,3637000,209000,3963000,14723523622886612699
2,0010.txt,128,other,1,64,52,115000,3391000,215000,3721000,115000,3402000,221000,3738000,14723523622886612699
2,0010.txt,128,compact,2,64,52,112000,3344000,154000,3610000,112000,3362000,166000,3640000,14723523622886612699
2,0011.txt,192,original,2,64,46,424000,11023000,447000,11894000,424000,11045000,456000,11925000,10525654128450725294
2,0011.txt,192,full,3,64,46,417000,12057000,446000,12920000,417000,12088000,462000,12967000,10525654128450725294
2,0011.txt,192,tower,4,64,46,409000,11954000,359000,12722000,410000,11974000,369000,12753000,10525654128450725294
2,0011.txt,192,other,0,64,46,421000,11741000,422000,12584000,423000,11761000,427000,12611000,10525654128450725294
2,0011.txt,192,compact,1,64,46,413000,11695000,315000,12423000,412000,11716000,323000,12451000,10525654128450725294
2,0012.txt,160,original,1,64,42,250000,9246000,347000,9843000,251000,9264000,357000,9872000,18228620964614505709
2,0012.txt,160,full,2,64,42,245000,10071000,364000,10680000,245000,10096000,369000,10710000,18228620964614505709
2,0012.txt,160,tower,3,64,42,248000,10136000,290000,10674000,249000,10156000,296000,10701000,18228620964614505709
2,0012.txt,160,other,4,64,42,245000,10255000,315000,10815000,246000,10281000,329000,10856000,18228620964614505709
2,0012.txt,160,compact,0,64,42,262000,10351000,235000,10848000,262000,10367000,239000,10868000,18228620964614505709
2,0013.txt,224,original,0,64,51,321000,10299000,666000,11286000,322000,10309000,678000,11309000,11658144250769295395
2,0013.txt,224,full,1,64,51,316000,11199000,662000,12177000,317000,11229000,669000,12215000,11658144250769295395
2,0013.txt,224,tower,2,64,51,319000,11012000,594000,11925000,320000,11030000,618000,11968000,11658144250769295395
2,0013.txt,224,other,3,64,51,319000,11359000,612000,12290000,320000,11392000,622000,12334000,11658144250769295395
2,0013.txt,224,compact,4,64,51,322000,10972000,507000,11801000,323000,10985000,519000,11827000,11658144250769295395
2,0014.txt,288,original,4,64,52,1603000,52302000,1458000,55363000,1602000,52344000,1479000,55425000,3633606904291868902
2,0014.txt,288,full,0,64,52,1582000,59258000,1409000,62249000,1582000,59287000,1418000,62287000,3633606904291868902
2,0014.txt,288,tower,1,64,52,1564000,60153000,1300000,63017000,1565000,60197000,1311000,63073000,3633606904291868902
2,0014.txt,288,other,2,64,52,1548000,58272000,1379000,61199000,1549000,58305000,1392000,61246000,3633606904291868902
2,0014.txt,288,compact,3,64,52,1599000,58645000,1221000,61465000,1601000,58679000,1228000,61508000,3633606904291868902
2,0015.txt,288,original,3,64,42,2140000,48787000,1882000,52809000,2144000,48822000,1890000,52856000,12057676038240002655
2,0015.txt,288,full,4,64,42,2069000,54777000,1844000,58690000,2070000,54797000,1858000,58725000,12057676038240002655
2,0015.txt,288,tower,0,64,42,2077000,54924000,1743000,58744000,2077000,54946000,1757000,58780000,12057676038240002655
2,0015.txt,288,other,1,64,42,2044000,54090000,1781000,57915000,2044000,54116000,1787000,57947000,12057676038240002655
2,0015.txt,288,compact,2,64,42,2028000,54557000,1617000,58202000,2029000,54586000,1625000,58240000,12057676038240002655
2,0016.txt,192,original,2,64,41,292000,9548000,357000,10197000,292000,9560000,366000,10218000,16263700429714567991
2,0016.txt,192,full,3,64,41,289000,11093000,378000,11760000,290000,11118000,393000,11801000,16263700429714567991
2,0016.txt,192,tower,4,64,41,296000,10798000,313000,11407000,296000,10859000,315000,11470000,16263700429714567991
2,0016.txt,192,other,0,64,41,294000,10832000,334000,11460000,294000,10851000,340000,11485000,16263700429714567991
2,0016.txt,192,compact,1,64,41,293000,10781000,272000,11346000,293000,10803000,279000,11375000,16263700429714567991
2,0017.txt,192,original,1,64,53,884000,14123000,692000,15699000,883000,14179000,703000,15765000,4847870249899229512
2,0017.txt,192,full,2,64,53,861000,15720000,688000,17269000,862000,15741000,693000,17296000,4847870249899229512
2,0017.txt,192,tower,3,64,53,881000,15297000,552000,16730000,882000,15317000,563000,16762000,4847870249899229512
2,0017.txt,192,other,4,64,53,868000,15058000,636000,16562000,869000,15085000,642000,16596000,4847870249899229512
2,0017.txt,192,compact,0,64,53,895000,15128000,477000,16500000,895000,15166000,485000,16546000,4847870249899229512
2,0018.txt,128,original,0,64,34,98000,3961000,174000,4233000,98000,3974000,176000,4248000,2591044257394328704
2,0018.txt,128,full,1,64,34,106000,4414000,173000,4693000,107000,4430000,183000,4720000,2591044257394328704
2,0018.txt,128,tower,2,64,34,97000,4658000,141000,4896000,97000,4679000,146000,4922000,2591044257394328704
2,0018.txt,128,other,3,64,34,97000,4319000,158000,4574000,97000,4332000,163000,4592000,2591044257394328704
2,0018.txt,128,compact,4,64,34,95000,4310000,106000,4511000,95000,4325000,113000,4533000,2591044257394328704
2,0019.txt,384,original,4,64,38,3714000,70123000,1804000,75641000,3713000,70155000,1813000,75681000,18413403235399141350
2,0019.txt,384,full,0,64,38,3670000,78249000,1808000,83727000,3672000,78276000,1826000,83774000,18413403235399141350
2,0019.txt,384,tower,1,64,38,3743000,78395000,1796000,83934000,3744000,78432000,1803000,83979000,18413403235399141350
2,0019.txt,384,other,2,64,38,3665000,79942000,1855000,85462000,3666000,79981000,1860000,85507000,18413403235399141350
2,0019.txt,384,compact,3,64,38,3674000,77642000,1786000,83102000,3674000,77688000,1798000,83160000,18413403235399141350
2,0020.txt,160,original,3,64,54,477000,12069000,521000,13067000,476000,12099000,525000,13100000,6655744353329306587
2,0020.txt,160,full,4,64,54,472000,13581000,505000,14558000,473000,13604000,513000,14590000,6655744353329306587
2,0020.txt,160,tower,0,64,54,487000,13264000,391000,14142000,487000,13291000,394000,14172000,6655744353329306587
2,0020.txt,160,other,1,64,54,476000,13341000,464000,14281000,476000,13368000,467000,14311000,6655744353329306587
2,0020.txt,160,compact,2,64,54,476000,13919000,332000,14727000,476000,13943000,345000,14764000,6655744353329306587
2,0021.txt,160,original,2,64,54,103000,4610000,327000,5040000,103000,4628000,331000,5062000,10139017720273762941
2,0021.txt,160,full,3,64,54,103000,5168000,314000,5585000,104000,5185000,319000,5608000,10139017720273762941
2,0021.txt,160,tower,4,64,54,101000,5200000,260000,5561000,101000,5220000,271000,5592000,10139017720273762941
2,0021.txt,160,other,0,64,54,101000,5127000,277000,5505000,102000,5149000,286000,5537000,10139017720273762941
2,0021.txt,160,compact,1,64,54,101000,5238000,222000,5561000,101000,5249000,238000,5588000,10139017720273762941
2,0022.txt,160,original,1,64,54,91000,4923000,302000,5316000,90000,4936000,326000,5352000,12367056253196356386
2,0022.txt,160,full,2,64,54,87000,5538000,309000,5934000,87000,5555000,323000,5965000,12367056253196356386
2,0022.txt,160,tower,3,64,54,90000,5636000,256000,5982000,90000,5654000,269000,6013000,12367056253196356386
2,0022.txt,160,other,4,64,54,97000,5618000,266000,5981000,99000,5631000,274000,6004000,12367056253196356386
2,0022.txt,160,compact,0,64,54,85000,6048000,222000,6355000,85000,6072000,234000,6391000,12367056253196356386
2,0023.txt,160,original,0,64,32,133000,4134000,195000,4462000,133000,4150000,203000,4486000,13661901359584633416
2,0023.txt,160,full,1,64,32,144000,4487000,194000,4825000,145000,4510000,203000,4858000,13661901359584633416
2,0023.txt,160,tower,2,64,32,130000,4497000,148000,4775000,131000,4517000,161000,4809000,13661901359584633416
2,0023.txt,160,other,3,64,32,130000,4466000,183000,4779000,131000,4485000,183000,4799000,13661901359584633416
2,0023.txt,160,compact,4,64,32,131000,4670000,130000,4931000,131000,4694000,141000,4966000,13661901359584633416
2,0024.txt,192,original,4,64,37,168000,6020000,369000,6557000,168000,6035000,382000,6585000,14100779623175012850
2,0024.txt,192,full,0,64,37,166000,6574000,376000,7116000,166000,6590000,383000,7139000,14100779623175012850
2,0024.txt,192,tower,1,64,37,165000,6983000,356000,7504000,166000,7021000,367000,7554000,14100779623175012850
2,0024.txt,192,other,2,64,37,169000,6943000,351000,7463000,170000,6967000,355000,7492000,14100779623175012850
2,0024.txt,192,compact,3,64,37,169000,6806000,291000,7266000,168000,6827000,304000,7299000,14100779623175012850
2,0025.txt,192,original,3,64,57,111000,3130000,260000,3501000,112000,3139000,279000,3530000,16693701477626876418
2,0025.txt,192,full,4,64,57,100000,3509000,246000,3855000,99000,3526000,258000,3883000,16693701477626876418
2,0025.txt,192,tower,0,64,57,109000,3412000,207000,3728000,110000,3420000,214000,3744000,16693701477626876418
2,0025.txt,192,other,1,64,57,108000,3365000,238000,3711000,108000,3387000,253000,3748000,16693701477626876418
2,0025.txt,192,compact,2,64,57,105000,3325000,179000,3609000,105000,3345000,184000,3634000,16693701477626876418
2,0026.txt,256,original,2,64,43,223000,7007000,420000,7650000,223000,7021000,431000,7675000,12399338981540513818
2,0026.txt,256,full,3,64,43,212000,7723000,439000,8374000,212000,7739000,445000,8396000,12399338981540513818
2,0026.txt,256,tower,4,64,43,215000,7743000,404000,8362000,216000,7771000,412000,8399000,12399338981540513818
2,0026.txt,256,other,0,64,43,216000,7781000,395000,8392000,217000,7805000,407000,8429000,12399338981540513818
2,0026.txt,256,compact,1,64,43,216000,7739000,344000,8299000,215000,7751000,364000,8330000,12399338981540513818
2,0027.txt,128,original,1,64,31,299000,6255000,324000,6878000,299000,6274000,337000,6910000,7331911850896128959
2,0027.txt,128,full,2,64,31,297000,6277000,306000,6880000,298000,6291000,316000,6905000,7331911850896128959
2,0027.txt,128,tower,3,64,31,294000,6470000,249000,7013000,292000,6486000,258000,7036000,7331911850896128959
2,0027.txt,128,other,4,64,31,294000,6265000,269000,6828000,295000,6279000,279000,6853000,7331911850896128959
2,0027.txt,128,compact,0,64,31,308000,6417000,198000,6923000,308000,6433000,202000,6943000,7331911850896128959
2,0028.txt,256,original,0,64,47,640000,17857000,960000,19457000,640000,17867000,969000,19476000,16501633472421096672
2,0028.txt,256,full,1,64,47,622000,20244000,1021000,21887000,622000,20269000,1037000,21928000,16501633472421096672
2,0028.txt,256,tower,2,64,47,631000,19749000,905000,21285000,630000,19769000,915000,21314000,16501633472421096672
2,0028.txt,256,other,3,64,47,641000,19620000,951000,21212000,641000,19642000,961000,21244000,16501633472421096672
2,0028.txt,256,compact,4,64,47,630000,19866000,853000,21349000,630000,19888000,862000,21380000,16501633472421096672
2,0029.txt,288,original,4,64,41,867000,23921000,726000,25514000,868000,23947000,737000,25552000,3006019691893062148
2,0029.txt,288,full,0,64,41,916000,26787000,731000,28434000,916000,26811000,746000,28473000,3006019691893062148
2,0029.txt,288,tower,1,64,41,890000,27242000,687000,28819000,890000,27264000,699000,28853000,3006019691893062148
2,0029.txt,288,other,2,64,41,866000,25884000,720000,27470000,867000,25908000,734000,27509000,3006019691893062148
2,0029.txt,288,compact,3,64,41,875000,26019000,614000,27508000,875000,26037000,629000,27541000,3006019691893062148
2,0030.txt,256,original,3,64,44,1183000,19709000,1480000,22372000,1184000,19739000,1491000,22414000,3998580007914902329
2,0030.txt,256,full,4,64,44,1166000,21214000,1525000,23905000,1167000,21239000,1531000,23937000,3998580007914902329
2,0030.txt,256,tower,0,64,44,1174000,21522000,1393000,24089000,1173000,21549000,1402000,24124000,3998580007914902329
2,0030.txt,256,other,1,64,44,1184000,21057000,1391000,23632000,1184000,21087000,1404000,23675000,3998580007914902329
2,0030.txt,256,compact,2,64,44,1183000,21240000,1261000,23684000,1183000,21256000,1269000,23708000,3998580007914902329
2,0031.txt,160,original,2,64,49,239000,10944000,469000,11652000,240000,10962000,476000,11678000,1277513514513811977
2,0031.txt,160,full,3,64,49,236000,12173000,461000,12870000,238000,12189000,469000,12896000,1277513514513811977
2,0031.txt,160,tower,4,64,49,226000,12211000,363000,12800000,226000,12224000,378000,12828000,1277513514513811977
2,0031.txt,160,other,0,64,49,225000,12022000,400000,12647000,226000,12041000,414000,12681000,1277513514513811977
2,0031.txt,160,compact,1,64,49,223000,12634000,338000,13195000,223000,12664000,345000,13232000,1277513514513811977
2,0032.txt,224,original,1,64,48,302000,12537000,496000,13335000,303000,12566000,500000,13369000,12827533860645535518
2,0032.txt,224,full,2,64,48,317000,14262000,497000,15076000,317000,14285000,514000,15116000,12827533860645535518
2,0032.txt,224,tower,3,64,48,300000,13901000,421000,14622000,301000,13918000,427000,14646000,12827533860645535518
2,0032.txt,224,other,4,64,48,300000,13586000,448000,14334000,301000,13603000,457000,14361000,12827533860645535518
2,0032.txt,224,compact,0,64,48,302000,13582000,391000,14275000,302000,13612000,395000,14309000,12827533860645535518
2,0033.txt,160,original,0,64,43,406000,10248000,448000,11102000,406000,10268000,447000,11121000,13693103595731326709
2,0033.txt,160,full,1,64,43,387000,11688000,425000,12500000,388000,11716000,436000,12540000,13693103595731326709
2,0033.txt,160,tower,2,64,43,392000,11663000,346000,12401000,391000,11691000,353000,12435000,13693103595731326709
2,0033.txt,160,other,3,64,43,413000,11416000,383000,12212000,413000,11429000,396000,12238000,13693103595731326709
2,0033.txt,160,compact,4,64,43,391000,11922000,281000,12594000,392000,11941000,286000,12619000,13693103595731326709
2,0034.txt,288,original,4,64,41,1161000,25668000,1298000,28127000,1161000,25693000,1304000,28158000,11851417704820801821
2,0034.txt,288,full,0,64,41,1164000,28724000,1334000,31222000,1164000,28757000,1340000,31261000,11851417704820801821
2,0034.txt,288,tower,1,64,41,1180000,29031000,1277000,31488000,1180000,29053000,1292000,31525000,11851417704820801821
2,0034.txt,288,other,2,64,41,1182000,27571000,1225000,29978000,1182000,27590000,1236000,30008000,11851417704820801821
2,0034.txt,288,compact,3,64,41,1187000,27890000,1115000,30192000,1189000,27914000,1136000,30239000,11851417704820801821
2,0035.txt,128,original,3,49,37,65000,2411000,194000,2670000,65000,2429000,198000,2692000,1966248127026479111
2,0035.txt,128,full,4,49,37,66000,2596000,186000,2848000,66000,2612000,197000,2875000,1966248127026479111
2,0035.txt,128,tower,0,49,37,70000,2552000,158000,2780000,71000,2562000,169000,2802000,1966248127026479111
2,0035.txt,128,other,1,49,37,66000,2518000,150000,2734000,66000,2526000,159000,2751000,1966248127026479111
2,0035.txt,128,compact,2,49,37,66000,2533000,117000,2716000,66000,2551000,120000,2737000,1966248127026479111
2,0036.txt,192,original,2,64,50,730000,17245000,643000,18618000,732000,17269000,655000,18656000,3582229042672705885
2,0036.txt,192,full,3,64,50,727000,19092000,662000,20481000,727000,19105000,676000,20508000,3582229042672705885
2,0036.txt,192,tower,4,64,50,720000,19023000,523000,20266000,721000,19052000,531000,20304000,3582229042672705885
2,0036.txt,192,other,0,64,50,737000,18865000,601000,20203000,737000,18886000,607000,20230000,3582229042672705885
2,0036.txt,192,compact,1,64,50,709000,19140000,483000,20332000,710000,19161000,493000,20364000,3582229042672705885
2,0037.txt,288,original,1,64,45,570000,15402000,800000,16772000,571000,15433000,809000,16813000,11367272562188583031
2,0037.txt,288,full,2,64,45,577000,17115000,806000,18498000,577000,17136000,815000,18528000,11367272562188583031
2,0037.txt,288,tower,3,64,45,586000,17506000,768000,18860000,587000,17531000,774000,18892000,11367272562188583031
2,0037.txt,288,other,4,64,45,577000,16425000,757000,17759000,578000,16441000,768000,17787000,11367272562188583031
2,0037.txt,288,compact,0,64,45,593000,16817000,689000,18099000,593000,16839000,701000,18133000,11367272562188583031
2,0038.txt,192,original,0,64,55,246000,7746000,524000,8516000,247000,7764000,537000,8548000,5000358612861532629
2,0038.txt,192,full,1,64,55,253000,8416000,520000,9189000,254000,8424000,535000,9213000,5000358612861532629
2,0038.txt,192,tower,2,64,55,246000,8788000,447000,9481000,246000,8812000,452000,9510000,5000358612861532629
2,0038.txt,192,other,3,64,55,255000,8334000,462000,9051000,255000,8342000,482000,9079000,5000358612861532629
2,0038.txt,192,compact,4,64,55,261000,8516000,369000,9146000,261000,8547000,384000,9192000,5000358612861532629
2,0039.txt,256,original,4,64,43,169000,7361000,353000,7883000,169000,7373000,360000,7902000,1713245602201241720
2,0039.txt,256,full,0,64,43,172000,8123000,354000,8649000,174000,8138000,371000,8683000,1713245602201241720
2,0039.txt,256,tower,1,64,43,171000,7987000,341000,8499000,171000,8001000,340000,8512000,1713245602201241720
2,0039.txt,256,other,2,64,43,172000,8180000,340000,8692000,172000,8194000,341000,8707000,1713245602201241720
2,0039.txt,256,compact,3,64,43,176000,7877000,287000,8340000,176000,7895000,290000,8361000,1713245602201241720
2,0040.txt,224,original,3,64,43,165000,8292000,591000,9048000,164000,8311000,598000,9073000,872385857505348709
2,0040.txt,224,full,4,64,43,152000,9425000,573000,10150000,151000,9456000,579000,10186000,872385857505348709
2,0040.txt,224,tower,0,64,43,163000,9044000,527000,9734000,163000,9071000,527000,9761000,872385857505348709
2,0040.txt,224,other,1,64,43,173000,9018000,520000,9711000,173000,9035000,532000,9740000,872385857505348709
2,0040.txt,224,compact,2,64,43,152000,9035000,469000,9656000,153000,9041000,477000,9671000,872385857505348709
2,0041.txt,160,original,2,64,56,218000,6984000,380000,7582000,218000,7004000,393000,7615000,10397856525299628427
2,0041.txt,160,full,3,64,56,230000,8210000,365000,8805000,229000,8230000,369000,8828000,10397856525299628427
2,0041.txt,160,tower,4,64,56,244000,7842000,274000,8360000,244000,7856000,292000,8392000,10397856525299628427
2,0041.txt,160,other,0,64,56,232000,7629000,316000,8177000,241000,7648000,331000,8220000,10397856525299628427
2,0041.txt,160,compact,1,64,56,219000,8358000,241000,8818000,220000,8373000,254000,8847000,10397856525299628427
2,0042.txt,352,original,1,64,36,1125000,30023000,914000,32062000,1125000,30048000,919000,32092000,12427270659438181611
2,0042.txt,352,full,2,64,36,1150000,34227000,912000,36289000,1149000,34252000,928000,36329000,12427270659438181611
2,0042.txt,352,tower,3,64,36,1138000,34730000,886000,36754000,1138000,34755000,889000,36782000,12427270659438181611
2,0042.txt,352,other,4,64,36,1129000,35367000,923000,37419000,1129000,35400000,931000,37460000,12427270659438181611
2,0042.txt,352,compact,0,64,36,1143000,34017000,858000,36018000,1143000,34038000,873000,36054000,12427270659438181611
2,0043.txt,160,original,0,64,27,273000,7848000,389000,8510000,274000,7889000,398000,8561000,17317113132050913222
2,0043.txt,160,full,1,64,27,277000,8124000,367000,8768000,278000,8141000,377000,8796000,17317113132050913222
2,0043.txt,160,tower,2,64,27,280000,8324000,321000,8925000,280000,8342000,327000,8949000,17317113132050913222
2,0043.txt,160,other,3,64,27,276000,8201000,323000,8800000,277000,8216000,328000,8821000,17317113132050913222
2,0043.txt,160,compact,4,64,27,270000,8484000,269000,9023000,270000,8513000,271000,9054000,17317113132050913222
2,0044.txt,192,original,4,64,35,438000,12411000,438000,13287000,438000,12428000,447000,13313000,14244673959848913933
2,0044.txt,192,full,0,64,35,481000,13969000,440000,14890000,480000,13984000,448000,14912000,14244673959848913933
2,0044.txt,192,tower,1,64,35,438000,14139000,388000,14965000,439000,14153000,397000,14989000,14244673959848913933
2,0044.txt,192,other,2,64,35,451000,13608000,409000,14468000,452000,13622000,413000,14487000,14244673959848913933
2,0044.txt,192,compact,3,64,35,440000,13952000,328000,14720000,440000,13972000,333000,14745000,14244673959848913933
2,0045.txt,192,original,3,64,42,644000,9219000,532000,10395000,643000,9247000,539000,10429000,11015969575620966037
2,0045.txt,192,full,4,64,42,636000,9895000,537000,11068000,637000,9923000,548000,11108000,11015969575620966037
2,0045.txt,192,tower,0,64,42,629000,9851000,419000,10899000,630000,9877000,427000,10934000,11015969575620966037
2,0045.txt,192,other,1,64,42,628000,9682000,494000,10804000,629000,9702000,507000,10838000,11015969575620966037
2,0045.txt,192,compact,2,64,42,644000,9526000,370000,10540000,644000,9546000,375000,10565000,11015969575620966037
2,0046.txt,128,original,2,64,43,391000,10166000,425000,10982000,391000,10182000,433000,11006000,2499980644579135674
2,0046.txt,128,full,3,64,43,386000,11079000,422000,11887000,387000,11100000,425000,11912000,2499980644579135674
2,0046.txt,128,tower,4,64,43,386000,11253000,303000,11942000,386000,11270000,322000,11978000,2499980644579135674
2,0046.txt,128,other,0,64,43,397000,10892000,363000,11652000,396000,10909000,374000,11679000,2499980644579135674
2,0046.txt,128,compact,1,64,43,424000,11127000,242000,11793000,427000,11154000,256000,11837000,2499980644579135674
2,0047.txt,256,original,1,64,42,1114000,25905000,931000,27950000,1115000,25922000,943000,27980000,10022142641444623082
2,0047.txt,256,full,2,64,42,1097000,29598000,954000,31649000,1097000,29628000,955000,31680000,10022142641444623082
2,0047.txt,256,tower,3,64,42,1103000,29419000,848000,31370000,1103000,29437000,860000,31400000,10022142641444623082
2,0047.txt,256,other,4,64,42,1124000,28970000,879000,30973000,1124000,29366000,887000,31377000,10022142641444623082
2,0047.txt,256,compact,0,64,42,1113000,28984000,766000,30863000,1114000,29039000,771000,30924000,10022142641444623082
2,0048.txt,192,original,0,64,47,923000,14800000,697000,16420000,924000,14824000,711000,16459000,3768764602654705949
2,0048.txt,192,full,1,64,47,929000,15965000,699000,17593000,930000,15985000,709000,17624000,3768764602654705949
2,0048.txt,192,tower,2,64,47,925000,16045000,556000,17526000,924000,16065000,570000,17559000,3768764602654705949
2,0048.txt,192,other,3,64,47,904000,16078000,648000,17630000,904000,16097000,659000,17660000,3768764602654705949
2,0048.txt,192,compact,4,64,47,929000,15798000,504000,17231000,930000,15825000,515000,17270000,3768764602654705949
2,0049.txt,192,original,4,64,46,698000,13317000,569000,14584000,698000,13342000,575000,14615000,5345024174446336161
2,0049.txt,192,full,0,64,46,691000,15026000,578000,16295000,691000,15052000,592000,16335000,5345024174446336161
2,0049.txt,192,tower,1,64,46,696000,14725000,461000,15882000,695000,14750000,472000,15917000,5345024174446336161
2,0049.txt,192,other,2,64,46,693000,14408000,544000,15645000,694000,14424000,553000,15671000,5345024174446336161
2,0049.txt,192,compact,3,64,46,695000,14456000,426000,15577000,695000,14474000,435000,15604000,5345024174446336161
2,0050.txt,128,original,3,64,37,239000,5756000,399000,6394000,240000,5779000,405000,6424000,12997574625261075627
2,0050.txt,128,full,4,64,37,269000,6322000,399000,6990000,272000,6341000,406000,7019000,12997574625261075627
2,0050.txt,128,tower,0,64,37,245000,6250000,322000,6817000,244000,6274000,327000,6845000,12997574625261075627
2,0050.txt,128,other,1,64,37,241000,6294000,338000,6873000,241000,6309000,350000,6900000,12997574625261075627
2,0050.txt,128,compact,2,64,37,241000,6345000,251000,6837000,242000,6353000,253000,6848000,12997574625261075627
2,0051.txt,160,original,2,64,50,248000,7496000,441000,8185000,247000,7519000,441000,8207000,12279836665363317183
2,0051.txt,160,full,3,64,50,247000,8192000,435000,8874000,246000,8215000,451000,8912000,12279836665363317183
2,0051.txt,160,tower,4,64,50,257000,8281000,337000,8875000,258000,8299000,347000,8904000,12279836665363317183
2,0051.txt,160,other,0,64,50,251000,8165000,375000,8791000,251000,8194000,388000,8833000,12279836665363317183
2,0051.txt,160,compact,1,64,50,253000,8394000,282000,8929000,254000,8418000,288000,8960000,12279836665363317183
2,0052.txt,224,original,1,64,49,452000,13323000,643000,14418000,453000,13350000,658000,14461000,9179596259479780699
2,0052.txt,224,full,2,64,49,482000,14653000,651000,15786000,482000,14663000,669000,15814000,9179596259479780699
2,0052.txt,224,tower,3,64,49,487000,14558000,548000,15593000,491000,14575000,553000,15619000,9179596259479780699
2,0052.txt,224,other,4,64,49,448000,14477000,595000,15520000,448000,14491000,605000,15544000,9179596259479780699
2,0052.txt,224,compact,0,64,49,480000,14575000,497000,15552000,480000,14589000,503000,15572000,9179596259479780699
2,0053.txt,192,original,0,64,60,265000,7878000,542000,8685000,266000,7896000,557000,8719000,2465353185479614519
2,0053.txt,192,full,1,64,60,241000,8515000,533000,9289000,242000,8537000,554000,9333000,2465353185479614519
2,0053.txt,192,tower,2,64,60,243000,8354000,445000,9042000,243000,8364000,468000,9075000,2465353185479614519
2,0053.txt,192,other,3,64,60,241000,8485000,489000,9215000,242000,8517000,505000,9264000,2465353185479614519
2,0053.txt,192,compact,4,64,60,240000,8245000,375000,8860000,239000,8267000,390000,8896000,2465353185479614519
2,0054.txt,256,original,4,64,50,718000,21306000,1041000,23065000,718000,21407000,1051000,23176000,1977551075025097523
2,0054.txt,256,full,0,64,50,722000,23667000,1052000,25441000,723000,23684000,1071000,25478000,1977551075025097523
2,0054.txt,256,tower,1,64,50,724000,23578000,949000,25251000,725000,23601000,961000,25287000,1977551075025097523
2,0054.txt,256,other,2,64,50,721000,23242000,994000,24957000,720000,23267000,1009000,24996000,1977551075025097523
2,0054.txt,256,compact,3,64,50,726000,23039000,832000,24597000,726000,23055000,846000,24627000,1977551075025097523
2,0055.txt,288,original,3,64,39,1246000,25240000,723000,27209000,1246000,25268000,738000,27252000,1917009490484356854
2,0055.txt,288,full,4,64,39,1221000,28375000,730000,30326000,1221000,28404000,747000,30372000,1917009490484356854
2,0055.txt,288,tower,0,64,39,1262000,28741000,653000,30656000,1261000,28803000,664000,30728000,1917009490484356854
2,0055.txt,288,other,1,64,39,1236000,27365000,700000,29301000,1236000,27394000,715000,29345000,1917009490484356854
2,0055.txt,288,compact,2,64,39,1263000,28201000,663000,30127000,1267000,28227000,673000,30167000,1917009490484356854
2,0056.txt,224,original,2,64,39,492000,11323000,535000,12350000,493000,11349000,538000,12380000,6905413677133017825
2,0056.txt,224,full,3,64,39,473000,12486000,527000,13486000,474000,12506000,534000,13514000,6905413677133017825
2,0056.txt,224,tower,4,64,39,490000,12429000,450000,13369000,490000,12451000,462000,13403000,6905413677133017825
2,0056.txt,224,other,0,64,39,485000,12485000,504000,13474000,485000,12509000,510000,13504000,6905413677133017825
2,0056.txt,224,compact,1,64,39,465000,12501000,396000,13362000,465000,12514000,408000,13387000,6905413677133017825
2,0057.txt,256,original,1,64,54,826000,18789000,975000,20590000,827000,18816000,987000,20630000,10523818247767909617
2,0057.txt,256,full,2,64,54,809000,20562000,953000,22324000,810000,20583000,966000,22359000,10523818247767909617
2,0057.txt,256,tower,3,64,54,814000,20509000,866000,22189000,814000,20531000,869000,22214000,10523818247767909617
2,0057.txt,256,other,4,64,54,813000,20152000,915000,21880000,814000,20174000,933000,21921000,10523818247767909617
2,0057.txt,256,compact,0,64,54,810000,20227000,778000,21815000,811000,20246000,800000,21857000,10523818247767909617
2,0058.txt,256,original,0,64,47,618000,20357000,945000,21920000,618000,20379000,957000,21954000,8747116303198179067
2,0058.txt,256,full,1,64,47,627000,22970000,1008000,24605000,627000,22993000,1028000,24648000,8747116303198179067
2,0058.txt,256,tower,2,64,47,678000,22488000,870000,24036000,693000,22537000,878000,24108000,8747116303198179067
2,0058.txt,256,other,3,64,47,636000,22157000,926000,23719000,636000,22179000,936000,23751000,8747116303198179067
2,0058.txt,256,compact,4,64,47,624000,22329000,785000,23738000,624000,22349000,796000,23769000,8747116303198179067
2,0059.txt,192,original,4,64,47,107000,4984000,238000,5329000,107000,5011000,249000,5367000,8776027305845615921
2,0059.txt,192,full,0,64,47,113000,5381000,252000,5746000,113000,5405000,250000,5768000,8776027305845615921
2,0059.txt,192,tower,1,64,47,106000,5582000,206000,5894000,108000,5600000,219000,5927000,8776027305845615921
2,0059.txt,192,other,2,64,47,106000,5404000,223000,5733000,106000,5420000,231000,5757000,8776027305845615921
2,0059.txt,192,compact,3,64,47,104000,5398000,164000,5666000,105000,5416000,177000,5698000,8776027305845615921
2,0060.txt,224,original,3,64,40,234000,10976000,496000,11706000,233000,10989000,505000,11727000,9265774647566182347
2,0060.txt,224,full,4,64,40,247000,12215000,507000,12969000,247000,12235000,518000,13000000,9265774647566182347
2,0060.txt,224,tower,0,64,40,227000,11787000,449000,12463000,228000,11799000,456000,12483000,9265774647566182347
2,0060.txt,224,other,1,64,40,224000,11973000,491000,12688000,224000,11988000,497000,12709000,9265774647566182347
2,0060.txt,224,compact,2,64,40,228000,12268000,421000,12917000,229000,12297000,431000,12957000,9265774647566182347
2,0061.txt,192,original,2,64,47,686000,17633000,908000,19227000,687000,17657000,920000,19264000,9109783169076520820
2,0061.txt,192,full,3,64,47,708000,19342000,927000,20977000,708000,19358000,941000,21007000,9109783169076520820
2,0061.txt,192,tower,4,64,47,691000,19057000,780000,20528000,692000,19070000,797000,20559000,9109783169076520820
2,0061.txt,192,other,0,64,47,690000,19026000,821000,20537000,691000,19053000,835000,20579000,9109783169076520820
2,0061.txt,192,compact,1,64,47,695000,19190000,673000,20558000,695000,19223000,685000,20603000,9109783169076520820
2,0062.txt,224,original,1,64,51,495000,16059000,636000,17190000,495000,16082000,648000,17225000,6235176586112113050
2,0062.txt,224,full,2,64,51,505000,18246000,649000,19400000,505000,18268000,657000,19430000,6235176586112113050
2,0062.txt,224,tower,3,64,51,501000,18163000,559000,19223000,501000,18188000,562000,19251000,6235176586112113050
2,0062.txt,224,other,4,64,51,497000,17740000,583000,18820000,496000,17755000,598000,18849000,6235176586112113050
2,0062.txt,224,compact,0,64,51,497000,17537000,486000,18520000,498000,17557000,489000,18544000,6235176586112113050
2,0063.txt,256,original,0,64,43,562000,16305000,857000,17724000,562000,16325000,863000,17750000,2811221567898568818
2,0063.txt,256,full,1,64,43,535000,17774000,835000,19144000,536000,17792000,851000,19179000,2811221567898568818
2,0063.txt,256,tower,2,64,43,551000,17948000,760000,19259000,551000,17979000,770000,19300000,2811221567898568818
2,0063.txt,256,other,3,64,43,539000,17555000,793000,18887000,539000,17582000,807000,18928000,2811221567898568818
2,0063.txt,256,compact,4,64,43,530000,18078000,720000,19328000,531000,18098000,727000,19356000,2811221567898568818
2,0064.txt,224,original,4,64,44,422000,6567000,593000,7582000,421000,6588000,609000,7618000,6923825489153610959
2,0064.txt,224,full,0,64,44,409000,7099000,607000,8115000,409000,7123000,614000,8146000,6923825489153610959
2,0064.txt,224,tower,1,64,44,408000,6914000,514000,7836000,408000,6924000,524000,7856000,6923825489153610959
2,0064.txt,224,other,2,64,44,408000,6961000,537000,7906000,407000,6981000,544000,7932000,6923825489153610959
2,0064.txt,224,compact,3,64,44,417000,7063000,462000,7942000,417000,7073000,474000,7964000,6923825489153610959
2,0065.txt,192,original,3,64,43,188000,7925000,496000,8609000,188000,7942000,499000,8629000,17408032648247834609
2,0065.txt,192,full,4,64,43,184000,8946000,504000,9634000,185000,8966000,510000,9661000,17408032648247834609
2,0065.txt,192,tower,0,64,43,187000,8792000,429000,9408000,188000,8812000,439000,9439000,17408032648247834609
2,0065.txt,192,other,1,64,43,196000,8880000,468000,9544000,196000,8909000,476000,9581000,17408032648247834609
2,0065.txt,192,compact,2,64,43,188000,8882000,394000,9464000,189000,8911000,405000,9505000,17408032648247834609
2,0066.txt,224,original,2,64,29,926000,22152000,924000,24002000,926000,22174000,934000,24034000,8875708553305440087
2,0066.txt,224,full,3,64,29,948000,24675000,945000,26568000,949000,24704000,954000,26607000,8875708553305440087
2,0066.txt,224,tower,4,64,29,942000,24308000,850000,26100000,943000,24344000,853000,26140000,8875708553305440087
2,0066.txt,224,other,0,64,29,949000,24475000,882000,26306000,949000,24502000,889000,26340000,8875708553305440087
2,0066.txt,224,compact,1,64,29,925000,24382000,788000,26095000,925000,24400000,797000,26122000,8875708553305440087
2,0067.txt,192,original,1,64,37,346000,10602000,541000,11489000,346000,10616000,550000,11512000,1054547824349595996
2,0067.txt,192,full,2,64,37,320000,11982000,552000,12854000,320000,12015000,556000,12891000,1054547824349595996
2,0067.txt,192,tower,3,64,37,337000,11578000,488000,12403000,338000,11600000,499000,12437000,1054547824349595996
2,0067.txt,192,other,4,64,37,325000,11509000,486000,12320000,325000,11534000,488000,12347000,1054547824349595996
2,0067.txt,192,compact,0,64,37,322000,11426000,411000,12159000,322000,11448000,418000,12188000,1054547824349595996
2,0068.txt,352,original,0,64,36,1934000,28762000,1020000,31716000,1938000,28792000,1028000,31758000,16704674484913076321
2,0068.txt,352,full,1,64,36,1888000,31238000,1031000,34157000,1889000,31249000,1047000,34185000,16704674484913076321
2,0068.txt,352,tower,2,64,36,1865000,32001000,1008000,34874000,1866000,32013000,1020000,34899000,16704674484913076321
2,0068.txt,352,other,3,64,36,1903000,32549000,1040000,35492000,1902000,32570000,1047000,35519000,16704674484913076321
2,0068.txt,352,compact,4,64,36,1888000,31950000,975000,34813000,1889000,31967000,986000,34842000,16704674484913076321
2,0069.txt,128,original,4,64,55,243000,7977000,508000,8728000,243000,8006000,524000,8773000,10272637644074201381
2,0069.txt,128,full,0,64,55,248000,8775000,515000,9538000,249000,8811000,523000,9583000,10272637644074201381
2,0069.txt,128,tower,1,64,55,244000,8435000,368000,9047000,244000,8454000,377000,9075000,10272637644074201381
2,0069.txt,128,other,2,64,55,237000,8582000,413000,9232000,238000,8605000,425000,9268000,10272637644074201381
2,0069.txt,128,compact,3,64,55,238000,8422000,286000,8946000,238000,8445000,292000,8975000,10272637644074201381
2,0070.txt,320,original,3,64,43,1205000,44529000,1509000,47243000,1205000,44559000,1517000,47281000,6636878282639228694
2,0070.txt,320,full,4,64,43,1225000,50330000,1463000,53018000,1225000,50361000,1471000,53057000,6636878282639228694
2,0070.txt,320,tower,0,64,43,1235000,49577000,1422000,52234000,1236000,49613000,1425000,52274000,6636878282639228694
2,0070.txt,320,other,1,64,43,1253000,49139000,1422000,51814000,1253000,49169000,1436000,51858000,6636878282639228694
2,0070.txt,320,compact,2,64,43,1238000,49926000,1327000,52491000,1238000,49956000,1343000,52537000,6636878282639228694
2,0071.txt,288,original,2,64,34,1242000,29402000,1037000,31681000,1242000,29426000,1046000,31714000,5480489002906609640
2,0071.txt,288,full,3,64,34,1251000,32152000,1037000,34440000,1252000,32165000,1046000,34463000,5480489002906609640
2,0071.txt,288,tower,4,64,34,1243000,32970000,976000,35189000,1243000,33033000,988000,35264000,5480489002906609640
2,0071.txt,288,other,0,64,34,1279000,31694000,991000,33964000,1280000,31721000,1003000,34004000,5480489002906609640
2,0071.txt,288,compact,1,64,34,1226000,31849000,892000,33967000,1226000,31865000,903000,33994000,5480489002906609640
2,0072.txt,192,original,1,64,53,134000,7241000,385000,7760000,132000,7256000,395000,7783000,3456405102086958663
2,0072.txt,192,full,2,64,53,135000,7961000,377000,8473000,135000,7984000,390000,8509000,3456405102086958663
2,0072.txt,192,tower,3,64,53,141000,7879000,328000,8348000,140000,7903000,341000,8384000,3456405102086958663
2,0072.txt,192,other,4,64,53,131000,7806000,331000,8268000,132000,7825000,346000,8303000,3456405102086958663
2,0072.txt,192,compact,0,64,53,138000,7771000,280000,8189000,139000,7799000,283000,8221000,3456405102086958663
2,0073.txt,160,original,0,64,45,769000,14306000,702000,15777000,769000,14322000,719000,15810000,7837691528528546932
2,0073.txt,160,full,1,64,45,835000,15732000,709000,17276000,838000,15748000,722000,17308000,7837691528528546932
2,0073.txt,160,tower,2,64,45,762000,16235000,554000,17551000,761000,16257000,572000,17590000,7837691528528546932
2,0073.txt,160,other,3,64,45,760000,15903000,617000,17280000,761000,15923000,627000,17311000,7837691528528546932
2,0073.txt,160,compact,4,64,45,757000,16418000,477000,17652000,758000,16460000,490000,17708000,7837691528528546932
2,0074.txt,128,original,4,64,40,211000,4922000,257000,5390000,212000,4927000,270000,5409000,11002935191480867671
2,0074.txt,128,full,0,64,40,211000,5264000,262000,5737000,212000,5279000,269000,5760000,11002935191480867671
2,0074.txt,128,tower,1,64,40,212000,5188000,186000,5586000,212000,5209000,196000,5617000,11002935191480867671
2,0074.txt,128,other,2,64,40,218000,5358000,241000,5817000,219000,5381000,247000,5847000,11002935191480867671
2,0074.txt,128,compact,3,64,40,211000,5278000,152000,5641000,211000,5298000,160000,5669000,11002935191480867671
2,0075.txt,288,original,3,64,30,1093000,33632000,1420000,36145000,1097000,66122000,4062000,71281000,2583345268107875064
2,0075.txt,288,full,4,64,30,1736000,31290000,890000,33916000,2294000,31429000,904000,34627000,2583345268107875064
2,0075.txt,288,tower,0,64,30,1048000,30741000,816000,32605000,1049000,30758000,821000,32628000,2583345268107875064
2,0075.txt,288,other,1,64,30,1010000,30110000,858000,31978000,1009000,30153000,866000,32028000,2583345268107875064
2,0075.txt,288,compact,2,64,30,1139000,30607000,801000,32547000,1176000,30633000,809000,32618000,2583345268107875064
2,0076.txt,192,original,2,64,52,778000,19733000,976000,21487000,779000,19770000,987000,21536000,14019256839176950374
2,0076.txt,192,full,3,64,52,776000,21266000,960000,23002000,777000,21303000,971000,23051000,14019256839176950374
2,0076.txt,192,tower,4,64,52,827000,20913000,783000,22523000,847000,20956000,794000,22597000,14019256839176950374
2,0076.txt,192,other,0,64,52,768000,20891000,852000,22511000,768000,20946000,861000,22575000,14019256839176950374
2,0076.txt,192,compact,1,64,52,795000,21832000,695000,23322000,796000,21922000,714000,23432000,14019256839176950374
2,0077.txt,128,original,1,64,55,179000,6595000,335000,7109000,178000,6615000,346000,7139000,17479160985738783937
2,0077.txt,128,full,2,64,55,171000,7080000,318000,7569000,172000,7090000,340000,7602000,17479160985738783937
2,0077.txt,128,tower,3,64,55,176000,7253000,246000,7675000,177000,7279000,254000,7710000,17479160985738783937
2,0077.txt,128,other,4,64,55,188000,6814000,273000,7275000,189000,6852000,297000,7338000,17479160985738783937
2,0077.txt,128,compact,0,64,55,173000,6913000,182000,7268000,174000,6929000,198000,7301000,17479160985738783937
2,0078.txt,224,original,0,64,44,723000,14468000,839000,16030000,724000,14522000,849000,16095000,14185763832882636607
2,0078.txt,224,full,1,64,44,717000,15988000,845000,17550000,717000,16005000,859000,17581000,14185763832882636607
2,0078.txt,224,tower,2,64,44,714000,15922000,723000,17359000,716000,15935000,737000,17388000,14185763832882636607
2,0078.txt,224,other,3,64,44,704000,15678000,762000,17144000,703000,15699000,776000,17178000,14185763832882636607
2,0078.txt,224,compact,4,64,44,734000,15681000,653000,17068000,734000,15704000,670000,17108000,14185763832882636607
2,0079.txt,160,original,4,64,48,92000,4046000,269000,4407000,91000,4058000,282000,4431000,18107065893375765734
2,0079.txt,160,full,0,64,48,89000,4441000,260000,4790000,90000,4463000,272000,4825000,18107065893375765734
2,0079.txt,160,tower,1,64,48,85000,4518000,231000,4834000,86000,4540000,249000,4875000,18107065893375765734
2,0079.txt,160,other,2,64,48,94000,4478000,227000,4799000,93000,4495000,243000,4831000,18107065893375765734
2,0079.txt,160,compact,3,64,48,83000,4833000,195000,5111000,84000,4860000,208000,5152000,18107065893375765734
2,0080.txt,192,original,3,64,48,527000,14186000,591000,15304000,528000,14214000,609000,15351000,7914294815535909058
2,0080.txt,192,full,4,64,48,514000,15648000,606000,16768000,514000,15664000,622000,16800000,7914294815535909058
2,0080.txt,192,tower,0,64,48,558000,15404000,485000,16447000,559000,15441000,491000,16491000,7914294815535909058
2,0080.txt,192,other,1,64,48,511000,15628000,559000,16698000,510000,15646000,567000,16723000,7914294815535909058
2,0080.txt,192,compact,2,64,48,516000,15439000,434000,16389000,515000,15462000,446000,16423000,7914294815535909058
2,0081.txt,256,original,2,64,48,1707000,44501000,1157000,47365000,1710000,44515000,1178000,47403000,12611955559657520540
2,0081.txt,256,full,3,64,48,1640000,49496000,1163000,52299000,1641000,49517000,1179000,52337000,12611955559657520540
2,0081.txt,256,tower,4,64,48,1729000,50082000,1059000,52870000,1733000,50125000,1080000,52938000,12611955559657520540
2,0081.txt,256,other,0,64,48,1734000,49941000,1160000,52835000,1735000,49982000,1160000,52877000,12611955559657520540
2,0081.txt,256,compact,1,64,48,1670000,49959000,982000,52611000,1670000,50002000,992000,52664000,12611955559657520540
2,0082.txt,224,original,1,64,43,1083000,21515000,1074000,23672000,1084000,21532000,1090000,23706000,15976384220259857970
2,0082.txt,224,full,2,64,43,1115000,23961000,1077000,26153000,1115000,23984000,1083000,26182000,15976384220259857970
2,0082.txt,224,tower,3,64,43,1106000,23985000,972000,26063000,1105000,24005000,981000,26091000,15976384220259857970
2,0082.txt,224,other,4,64,43,1104000,23603000,1008000,25715000,1105000,23629000,1011000,25745000,15976384220259857970
2,0082.txt,224,compact,0,64,43,1091000,23879000,844000,25814000,1092000,23899000,860000,25851000,15976384220259857970
2,0083.txt,160,original,0,64,45,410000,10056000,491000,10957000,412000,10081000,501000,10994000,2709579689513296368
2,0083.txt,160,full,1,64,45,423000,11303000,510000,12236000,423000,11333000,512000,12268000,2709579689513296368
2,0083.txt,160,tower,2,64,45,408000,11345000,399000,12152000,409000,11364000,406000,12179000,2709579689513296368
2,0083.txt,160,other,3,64,45,400000,11033000,449000,11882000,401000,11051000,456000,11908000,2709579689513296368
2,0083.txt,160,compact,4,64,45,413000,11215000,332000,11960000,414000,11233000,338000,11985000,2709579689513296368
2,0084.txt,224,original,4,64,29,1207000,15862000,622000,17691000,1207000,15896000,626000,17729000,8219160516625378647
2,0084.txt,224,full,0,64,29,1181000,17333000,642000,19156000,1181000,17358000,642000,19181000,8219160516625378647
2,0084.txt,224,tower,1,64,29,1199000,17176000,541000,18916000,1199000,17191000,549000,18939000,8219160516625378647
2,0084.txt,224,other,2,64,29,1167000,16974000,584000,18725000,1167000,16992000,582000,18741000,8219160516625378647
2,0084.txt,224,compact,3,64,29,1189000,16745000,473000,18407000,1189000,16764000,479000,18432000,8219160516625378647
2,0085.txt,256,original,3,64,52,384000,9490000,704000,10578000,384000,9512000,723000,10619000,9843680023606892368
2,0085.txt,256,full,4,64,52,380000,10236000,736000,11352000,380000,10243000,746000,11369000,9843680023606892368
2,0085.txt,256,tower,0,64,52,390000,10272000,650000,11312000,390000,10305000,661000,11356000,9843680023606892368
2,0085.txt,256,other,1,64,52,398000,10122000,653000,11173000,399000,10138000,673000,11210000,9843680023606892368
2,0085.txt,256,compact,2,64,52,385000,10217000,560000,11162000,386000,10236000,572000,11194000,9843680023606892368
2,0086.txt,96,original,2,64,41,136000,4082000,293000,4511000,135000,4098000,299000,4532000,1746008403728494063
2,0086.txt,96,full,3,64,41,135000,4508000,312000,4955000,134000,4535000,313000,4982000,1746008403728494063
2,0086.txt,96,tower,4,64,41,137000,4501000,225000,4863000,136000,4519000,238000,4893000,1746008403728494063
2,0086.txt,96,other,0,64,41,136000,4673000,250000,5059000,136000,4698000,256000,5090000,1746008403728494063
2,0086.txt,96,compact,1,64,41,134000,4469000,166000,4769000,135000,4479000,176000,4790000,1746008403728494063
2,0087.txt,224,original,1,64,56,261000,7905000,474000,8640000,261000,7912000,491000,8664000,6062298770127305429
2,0087.txt,224,full,2,64,56,248000,8878000,477000,9603000,248000,8900000,486000,9634000,6062298770127305429
2,0087.txt,224,tower,3,64,56,254000,8674000,425000,9353000,254000,8704000,437000,9395000,6062298770127305429
2,0087.txt,224,other,4,64,56,262000,8615000,424000,9301000,263000,8630000,443000,9336000,6062298770127305429
2,0087.txt,224,compact,0,64,56,251000,8637000,347000,9235000,251000,8652000,357000,9260000,6062298770127305429
2,0088.txt,224,original,0,64,51,396000,9070000,541000,10007000,397000,9090000,552000,10039000,1932990849624522106
2,0088.txt,224,full,1,64,51,367000,10102000,535000,11004000,368000,10123000,542000,11033000,1932990849624522106
2,0088.txt,224,tower,2,64,51,365000,10365000,470000,11200000,366000,10389000,482000,11237000,1932990849624522106
2,0088.txt,224,other,3,64,51,370000,9894000,489000,10753000,371000,9904000,499000,10774000,1932990849624522106
2,0088.txt,224,compact,4,64,51,391000,9986000,411000,10788000,391000,10001000,417000,10809000,1932990849624522106
2,0089.txt,320,original,4,64,37,1177000,36832000,1027000,39036000,1178000,36853000,1034000,39065000,6980722571508482437
2,0089.txt,320,full,0,64,37,1189000,41700000,1029000,43918000,1190000,41737000,1038000,43965000,6980722571508482437
2,0089.txt,320,tower,1,64,37,1162000,41741000,990000,43893000,1161000,41898000,1001000,44060000,6980722571508482437
2,0089.txt,320,other,2,64,37,1164000,40572000,995000,42731000,1164000,40596000,1008000,42768000,6980722571508482437
2,0089.txt,320,compact,3,64,37,1162000,41644000,940000,43746000,1162000,41673000,954000,43789000,6980722571508482437
2,0090.txt,224,original,3,64,36,217000,7675000,477000,8369000,217000,7689000,482000,8388000,17418676575136399411
2,0090.txt,224,full,4,64,36,218000,8479000,456000,9153000,219000,8498000,465000,9182000,17418676575136399411
2,0090.txt,224,tower,0,64,36,228000,8387000,411000,9026000,228000,8400000,419000,9047000,17418676575136399411
2,0090.txt,224,other,1,64,36,216000,8382000,413000,9011000,217000,8403000,419000,9039000,17418676575136399411
2,0090.txt,224,compact,2,64,36,214000,8463000,359000,9036000,214000,8482000,366000,9062000,17418676575136399411
2,0091.txt,128,original,2,64,49,240000,5327000,327000,5894000,241000,5342000,339000,5922000,6905654600788291276
2,0091.txt,128,full,3,64,49,238000,5847000,333000,6418000,239000,5865000,339000,6443000,6905654600788291276
2,0091.txt,128,tower,4,64,49,240000,5896000,230000,6366000,241000,5911000,250000,6402000,6905654600788291276
2,0091.txt,128,other,0,64,49,243000,5855000,297000,6395000,244000,5865000,305000,6414000,6905654600788291276
2,0091.txt,128,compact,1,64,49,251000,6017000,195000,6463000,251000,6028000,210000,6489000,6905654600788291276
2,0092.txt,320,original,1,64,34,2247000,41063000,1671000,44981000,2248000,41091000,1678000,45017000,17892104883127441197
2,0092.txt,320,full,2,64,34,2284000,45404000,1636000,49324000,2285000,45443000,1645000,49373000,17892104883127441197
2,0092.txt,320,tower,3,64,34,2291000,45505000,1595000,49391000,2291000,45551000,1599000,49441000,17892104883127441197
2,0092.txt,320,other,4,64,34,2261000,45032000,1554000,48847000,2263000,45060000,1564000,48887000,17892104883127441197
2,0092.txt,320,compact,0,64,34,2293000,45399000,1519000,49211000,2292000,45429000,1527000,49248000,17892104883127441197
2,0093.txt,128,original,0,63,60,127000,4810000,395000,5332000,128000,4827000,427000,5382000,9403735909905401337
2,0093.txt,128,full,1,63,60,111000,5430000,400000,5941000,110000,5448000,415000,5973000,9403735909905401337
2,0093.txt,128,tower,2,63,60,114000,5384000,319000,5817000,114000,5397000,336000,5847000,9403735909905401337
2,0093.txt,128,other,3,63,60,113000,5318000,334000,5765000,112000,5342000,345000,5799000,9403735909905401337
2,0093.txt,128,compact,4,63,60,113000,5364000,246000,5723000,111000,5385000,263000,5759000,9403735909905401337
2,0094.txt,288,original,4,64,59,246000,7620000,494000,8360000,247000,7650000,505000,8402000,15807896437645640352
2,0094.txt,288,full,0,64,59,268000,8381000,506000,9155000,268000,8399000,528000,9195000,15807896437645640352
2,0094.txt,288,tower,1,64,59,246000,8518000,474000,9238000,247000,8538000,480000,9265000,15807896437645640352
2,0094.txt,288,other,2,64,59,244000,8271000,490000,9005000,245000,8292000,504000,9041000,15807896437645640352
2,0094.txt,288,compact,3,64,59,242000,8480000,437000,9159000,242000,8510000,443000,9195000,15807896437645640352
2,0095.txt,192,original,3,64,40,868000,18652000,682000,20202000,871000,18672000,685000,20228000,14558885443859604524
2,0095.txt,192,full,4,64,40,856000,21117000,678000,22651000,856000,21134000,688000,22678000,14558885443859604524
2,0095.txt,192,tower,0,64,40,861000,20664000,555000,22080000,864000,20679000,559000,22102000,14558885443859604524
2,0095.txt,192,other,1,64,40,833000,20841000,608000,22282000,833000,20864000,621000,22318000,14558885443859604524
2,0095.txt,192,compact,2,64,40,859000,20457000,475000,21791000,860000,20475000,488000,21823000,14558885443859604524
2,0096.txt,160,original,2,64,62,187000,6305000,362000,6854000,187000,6329000,377000,6893000,9102786252669791947
2,0096.txt,160,full,3,64,62,186000,6927000,349000,7462000,187000,6946000,363000,7496000,9102786252669791947
2,0096.txt,160,tower,4,64,62,188000,7041000,263000,7492000,188000,7063000,284000,7535000,9102786252669791947
2,0096.txt,160,other,0,64,62,189000,7203000,320000,7712000,190000,7217000,339000,7746000,9102786252669791947
2,0096.txt,160,compact,1,64,62,187000,7164000,232000,7583000,187000,7175000,238000,7600000,9102786252669791947
2,0097.txt,288,original,1,64,36,1339000,42594000,1640000,45573000,1339000,42635000,1641000,45615000,2803104666536711401
2,0097.txt,288,full,2,64,36,1359000,46947000,1643000,49949000,1359000,46980000,1653000,49992000,2803104666536711401
2,0097.txt,288,tower,3,64,36,1341000,46906000,1547000,49794000,1342000,46936000,1553000,49831000,2803104666536711401
2,0097.txt,288,other,4,64,36,1353000,46073000,1539000,48965000,1355000,46109000,1551000,49015000,2803104666536711401
2,0097.txt,288,compact,0,64,36,1384000,46413000,1437000,49234000,1385000,46436000,1442000,49263000,2803104666536711401
2,0098.txt,160,original,0,64,55,273000,7276000,586000,8135000,274000,7312000,597000,8183000,9847453008769540877
2,0098.txt,160,full,1,64,55,269000,7884000,594000,8747000,269000,7900000,605000,8774000,9847453008769540877
2,0098.txt,160,tower,2,64,55,264000,8140000,491000,8895000,264000,8158000,503000,8925000,9847453008769540877
2,0098.txt,160,other,3,64,55,266000,7849000,513000,8628000,267000,7864000,526000,8657000,9847453008769540877
2,0098.txt,160,compact,4,64,55,264000,8215000,397000,8876000,263000,8238000,413000,8914000,9847453008769540877
2,0099.txt,256,original,4,64,38,486000,12381000,499000,13366000,486000,12396000,504000,13386000,446694983656461108
2,0099.txt,256,full,0,64,38,513000,14022000,510000,15045000,513000,14040000,523000,15076000,446694983656461108
2,0099.txt,256,tower,1,64,38,495000,13704000,440000,14639000,496000,13720000,449000,14665000,446694983656461108
2,0099.txt,256,other,2,64,38,496000,13604000,472000,14572000,495000,13623000,481000,14599000,446694983656461108
2,0099.txt,256,compact,3,64,38,497000,13507000,398000,14402000,497000,13518000,408000,14423000,446694983656461108
3,0000.txt,128,original,2,37,37,65000,1102000,122000,1289000,65000,1109000,134000,1308000,816204004610948454
3,0000.txt,128,full,3,37,37,65000,1226000,127000,1418000,66000,1226000,146000,1438000,816204004610948454
3,0000.txt,128,tower,4,37,37,66000,1213000,108000,1387000,66000,1219000,111000,1396000,816204004610948454
3,0000.txt,128,other,0,37,37,82000,1418000,106000,1606000,81000,1520000,118000,1719000,816204004610948454
3,0000.txt,128,compact,1,37,37,68000,1172000,74000,1314000,69000,1181000,84000,1334000,816204004610948454
3,0001.txt,160,original,1,64,47,152000,6117000,374000,6643000,153000,6140000,388000,6681000,9659342416910865731
3,0001.txt,160,full,2,64,47,161000,6599000,357000,7117000,162000,6616000,376000,7154000,9659342416910865731
3,0001.txt,160,tower,3,64,47,168000,6712000,298000,7178000,169000,6734000,307000,7210000,9659342416910865731
3,0001.txt,160,other,4,64,47,156000,6594000,314000,7064000,157000,6609000,326000,7092000,9659342416910865731
3,0001.txt,160,compact,0,64,47,155000,6695000,236000,7086000,155000,6710000,240000,7105000,9659342416910865731
3,0002.txt,160,original,0,64,62,222000,7623000,507000,8352000,223000,7650000,513000,8386000,13336614233393630273
3,0002.txt,160,full,1,64,62,223000,8509000,500000,9232000,223000,8534000,506000,9263000,13336614233393630273
3,0002.txt,160,tower,2,64,62,231000,8840000,403000,9474000,231000,8854000,418000,9503000,13336614233393630273
3,0002.txt,160,other,3,64,62,225000,8380000,410000,9015000,226000,8392000,426000,9044000,13336614233393630273
3,0002.txt,160,compact,4,64,62,219000,8672000,310000,9201000,218000,8681000,333000,9232000,13336614233393630273
3,0003.txt,288,original,4,64,37,210000,8515000,386000,9111000,210000,8526000,393000,9129000,9846154642387442228
3,0003.txt,288,full,0,64,37,209000,9594000,393000,10196000,210000,9613000,395000,10218000,9846154642387442228
3,0003.txt,288,tower,1,64,37,202000,9412000,358000,9972000,202000,9442000,369000,10013000,9846154642387442228
3,0003.txt,288,other,2,64,37,201000,9031000,362000,9594000,201000,9058000,364000,9623000,9846154642387442228
3,0003.txt,288,compact,3,64,37,226000,9724000,335000,10285000,227000,9754000,345000,10326000,9846154642387442228
3,0004.txt,224,original,3,64,39,780000,24556000,717000,26053000,780000,24588000,722000,26090000,5868743466089011035
3,0004.txt,224,full,4,64,39,768000,27073000,712000,28553000,767000,27098000,722000,28587000,5868743466089011035
3,0004.txt,224,tower,0,64,39,797000,27297000,618000,28712000,797000,27317000,630000,28744000,5868743466089011035
3,0004.txt,224,other,1,64,39,772000,26505000,664000,27941000,771000,26515000,679000,27965000,5868743466089011035
3,0004.txt,224,compact,2,64,39,794000,27232000,557000,28583000,795000,27257000,562000,28614000,5868743466089011035
3,0005.txt,224,original,2,64,26,1473000,35645000,1425000,38543000,1473000,35690000,1431000,38594000,10086671006629847274
3,0005.txt,224,full,3,64,26,1454000,39152000,1386000,41992000,1455000,39175000,1397000,42027000,10086671006629847274
3,0005.txt,224,tower,4,64,26,1456000,39294000,1280000,42030000,1457000,39322000,1287000,42066000,10086671006629847274
3,0005.txt,224,other,0,64,26,1458000,38831000,1342000,41631000,1459000,38859000,1353000,41671000,10086671006629847274
3,0005.txt,224,compact,1,64,26,1446000,38990000,1212000,41648000,1447000,39017000,1222000,41686000,10086671006629847274
3,0006.txt,128,original,1,64,46,276000,5259000,330000,5865000,277000,5274000,345000,5896000,507186591489129217
3,0006.txt,128,full,2,64,46,266000,5688000,336000,6290000,266000,5702000,347000,6315000,507186591489129217
3,0006.txt,128,tower,3,64,46,265000,5926000,248000,6439000,266000,5945000,255000,6466000,507186591489129217
3,0006.txt,128,other,4,64,46,262000,5618000,297000,6177000,262000,5634000,302000,6198000,507186591489129217
3,0006.txt,128,compact,0,64,46,269000,5953000,190000,6412000,270000,5974000,203000,6447000,507186591489129217
3,0007.txt,128,original,0,64,52,255000,7268000,414000,7937000,255000,7278000,428000,7961000,2674825041975378044
3,0007.txt,128,full,1,64,52,253000,8268000,437000,8958000,253000,8284000,444000,8981000,2674825041975378044
3,0007.txt,128,tower,2,64,52,271000,8432000,311000,9014000,271000,8467000,327000,9065000,2674825041975378044
3,0007.txt,128,other,3,64,52,263000,8297000,376000,8936000,262000,8320000,388000,8970000,2674825041975378044
3,0007.txt,128,compact,4,64,52,256000,8432000,242000,8930000,257000,8469000,247000,8973000,2674825041975378044
3,0008.txt,128,original,4,64,40,259000,8400000,371000,9030000,259000,8420000,376000,9055000,17920141965280989340
3,0008.txt,128,full,0,64,40,264000,8934000,371000,9569000,263000,8949000,375000,9587000,17920141965280989340
3,0008.txt,128,tower,1,64,40,257000,8987000,276000,9520000,257000,9005000,282000,9544000,17920141965280989340
3,0008.txt,128,other,2,64,40,259000,9023000,311000,9593000,260000,9043000,326000,9629000,17920141965280989340
3,0008.txt,128,compact,3,64,40,260000,8926000,229000,9415000,259000,8941000,240000,9440000,17920141965280989340
3,0009.txt,192,original,3,64,58,120000,6782000,377000,7279000,120000,6797000,386000,7303000,14208774129454741819
3,0009.txt,192,full,4,64,58,120000,7418000,364000,7902000,121000,7438000,383000,7942000,14208774129454741819
3,0009.txt,192,tower,0,64,58,122000,7338000,319000,7779000,123000,7351000,320000,7794000,14208774129454741819
3,0009.txt,192,other,1,64,58,119000,7368000,336000,7823000,121000,7388000,352000,7861000,14208774129454741819
3,0009.txt,192,compact,2,64,58,120000,7232000,266000,7618000,119000,7253000,266000,7638000,14208774129454741819
3,0010.txt,128,original,2,64,52,122000,3118000,260000,3500000,121000,3126000,268000,3515000,14723523622886612699
3,0010.txt,128,full,3,64,52,112000,3457000,254000,3823000,112000,3475000,272000,3859000,14723523622886612699
3,0010.txt,128,tower,4,64,52,119000,3472000,192000,3783000,120000,3489000,202000,3811000,14723523622886612699
3,0010.txt,128,other,0,64,52,114000,3316000,211000,3641000,114000,3331000,221000,3666000,14723523622886612699
3,0010.txt,128,compact,1,64,52,112000,3402000,149000,3663000,111000,3420000,155000,3686000,14723523622886612699
3,0011.txt,192,original,1,64,46,430000,11254000,460000,12144000,431000,11281000,474000,12186000,10525654128450725294
3,0011.txt,192,full,2,64,46,418000,12094000,457000,12969000,419000,12119000,460000,12998000,10525654128450725294
3,0011.txt,192,tower,3,64,46,427000,11920000,360000,12707000,427000,11938000,364000,12729000,10525654128450725294
3,0011.txt,192,other,4,64,46,416000,11865000,424000,12705000,416000,11882000,435000,12733000,10525654128450725294
3,0011.txt,192,compact,0,64,46,427000,12022000,331000,12780000,427000,12044000,345000,12816000,10525654128450725294
3,0012.txt,160,original,0,64,42,264000,9200000,344000,9808000,264000,9217000,354000,9835000,18228620964614505709
3,0012.txt,160,full,1,64,42,272000,10069000,359000,10700000,272000,10083000,372000,10727000,18228620964614505709
3,0012.txt,160,tower,2,64,42,258000,10036000,261000,10555000,260000,10056000,281000,10597000,18228620964614505709
3,0012.txt,160,other,3,64,42,246000,10183000,315000,10744000,247000,10208000,320000,10775000,18228620964614505709
3,0012.txt,160,compact,4,64,42,249000,10180000,235000,10664000,249000,10204000,247000,10700000,18228620964614505709
3,0013.txt,224,original,4,64,51,319000,10256000,699000,11274000,320000,10272000,708000,11300000,11658144250769295395
3,0013.txt,224,full,0,64,51,336000,11163000,657000,12156000,336000,11188000,670000,12194000,11658144250769295395
3,0013.txt,224,tower,1,64,51,320000,11215000,613000,12148000,320000,11230000,619000,12169000,11658144250769295395
3,0013.txt,224,other,2,64,51,323000,11079000,594000,11996000,323000,11102000,605000,12030000,11658144250769295395
3,0013.txt,224,compact,3,64,51,323000,11035000,514000,11872000,324000,11057000,521000,11902000,11658144250769295395
3,0014.txt,288,original,3,64,52,1562000,52388000,1410000,55360000,1563000,52420000,1425000,55408000,3633606904291868902
3,0014.txt,288,full,4,64,52,1608000,59435000,1414000,62457000,1610000,59468000,1427000,62505000,3633606904291868902
3,0014.txt,288,tower,0,64,52,1563000,59866000,1311000,62740000,1563000,59906000,1323000,62792000,3633606904291868902
3,0014.txt,288,other,1,64,52,1574000,59357000,1399000,62330000,1575000,59394000,1412000,62381000,3633606904291868902
3,0014.txt,288,compact,2,64,52,1594000,58633000,1224000,61451000,1594000,58653000,1231000,61478000,3633606904291868902
3,0015.txt,288,original,2,64,42,2142000,49512000,1855000,53509000,2145000,49552000,1870000,53567000,12057676038240002655
3,0015.txt,288,full,3,64,42,2091000,55036000,1859000,58986000,2091000,55070000,1887000,59048000,12057676038240002655
3,0015.txt,288,tower,4,64,42,2078000,55571000,1753000,59402000,2078000,55606000,1762000,59446000,12057676038240002655
3,0015.txt,288,other,0,64,42,2041000,56055000,1859000,59955000,2042000,62105000,1876000,66023000,12057676038240002655
3,0015.txt,288,compact,1,64,42,2155000,57483000,1756000,61394000,2157000,57698000,1771000,61626000,12057676038240002655
3,0016.txt,192,original,1,64,41,289000,9606000,370000,10265000,289000,9621000,378000,10288000,16263700429714567991
3,0016.txt,192,full,2,64,41,284000,10940000,366000,11590000,285000,10956000,380000,11621000,16263700429714567991
3,0016.txt,192,tower,3,64,41,287000,10743000,310000,11340000,288000,10759000,312000,11359000,16263700429714567991
3,0016.txt,192,other,4,64,41,287000,10599000,332000,11218000,288000,10620000,341000,11249000,16263700429714567991
3,0016.txt,192,compact,0,64,41,301000,10626000,267000,11194000,301000,10655000,269000,11225000,16263700429714567991
3,0017.txt,192,original,0,64,53,859000,13876000,664000,15399000,859000,13907000,672000,15438000,4847870249899229512
3,0017.txt,192,full,1,64,53,863000,15652000,703000,17218000,864000,15685000,707000,17256000,4847870249899229512
3,0017.txt,192,tower,2,64,53,872000,15231000,532000,16635000,873000,15253000,544000,16670000,4847870249899229512
3,0017.txt,192,other,3,64,53,861000,15274000,653000,16788000,862000,15293000,654000,16809000,4847870249899229512
3,0017.txt,192,compact,4,64,53,865000,15009000,478000,16352000,865000,15036000,479000,16380000,4847870249899229512
3,0018.txt,128,original,4,64,34,103000,3982000,173000,4258000,103000,4005000,179000,4287000,2591044257394328704
3,0018.txt,128,full,0,64,34,97000,4614000,177000,4888000,98000,4632000,184000,4914000,2591044257394328704
3,0018.txt,128,tower,1,64,34,99000,4395000,131000,4625000,99000,4415000,139000,4653000,2591044257394328704
3,0018.txt,128,other,2,64,34,97000,4370000,145000,4612000,98000,4378000,154000,4630000,2591044257394328704
3,0018.txt,128,compact,3,64,34,97000,4567000,108000,4772000,97000,4581000,117000,4795000,2591044257394328704
3,0019.txt,384,original,3,64,38,3702000,70262000,1807000,75771000,3702000,70294000,1822000,75818000,18413403235399141350
3,0019.txt,384,full,4,64,38,3663000,79528000,1851000,85042000,3663000,81059000,1862000,86584000,18413403235399141350
3,0019.txt,384,tower,0,64,38,3669000,78328000,1799000,83796000,3670000,78362000,1812000,83844000,18413403235399141350
3,0019.txt,384,other,1,64,38,3707000,79680000,1830000,85217000,3707000,79703000,1840000,85250000,18413403235399141350
3,0019.txt,384,compact,2,64,38,3656000,78053000,1784000,83493000,3657000,78086000,1793000,83536000,18413403235399141350
3,0020.txt,160,original,2,64,54,483000,11898000,498000,12879000,483000,11919000,521000,12923000,6655744353329306587
3,0020.txt,160,full,3,64,54,478000,12977000,495000,13950000,477000,12996000,509000,13982000,6655744353329306587
3,0020.txt,160,tower,4,64,54,475000,13329000,386000,14190000,475000,13354000,399000,14228000,6655744353329306587
3,0020.txt,160,other,0,64,54,498000,13114000,455000,14067000,498000,13131000,467000,14096000,6655744353329306587
3,0020.txt,160,compact,1,64,54,469000,13740000,346000,14555000,470000,13757000,354000,14581000,6655744353329306587
3,0021.txt,160,original,1,64,54,104000,4590000,327000,5021000,103000,4611000,337000,5051000,10139017720273762941
3,0021.txt,160,full,2,64,54,101000,5081000,324000,5506000,101000,5098000,332000,5531000,10139017720273762941
3,0021.txt,160,tower,3,64,54,101000,5308000,272000,5681000,101000,5324000,286000,5711000,10139017720273762941
3,0021.txt,160,other,4,64,54,101000,5155000,285000,5541000,102000,5177000,295000,5574000,10139017720273762941
3,0021.txt,160,compact,0,64,54,105000,5331000,223000,5659000,105000,5344000,235000,5684000,10139017720273762941
3,0022.txt,160,original,0,64,54,87000,5006000,309000,5402000,87000,5019000,320000,5426000,12367056253196356386
3,0022.txt,160,full,1,64,54,86000,5587000,312000,5985000,87000,5609000,328000,6024000,12367056253196356386
3,0022.txt,160,tower,2,64,54,88000,5510000,259000,5857000,87000,5529000,266000,5882000,12367056253196356386
3,0022.txt,160,other,3,64,54,84000,5567000,257000,5908000,85000,5584000,276000,5945000,12367056253196356386
3,0022.txt,160,compact,4,64,54,85000,5690000,211000,5986000,86000,5705000,222000,6013000,12367056253196356386
3,0023.txt,160,original,4,64,32,132000,4076000,193000,4401000,133000,4089000,202000,4424000,13661901359584633416
3,0023.txt,160,full,0,64,32,131000,4566000,189000,4886000,131000,4578000,197000,4906000,13661901359584633416
3,0023.txt,160,tower,1,64,32,130000,4593000,174000,4897000,129000,4609000,179000,4917000,13661901359584633416
3,0023.txt,160,other,2,64,32,134000,4545000,176000,4855000,135000,4555000,177000,4867000,13661901359584633416
3,0023.txt,160,compact,3,64,32,142000,4595000,129000,4866000,142000,4608000,133000,4883000,13661901359584633416
3,0024.txt,192,original,3,64,37,172000,5922000,369000,6463000,172000,5933000,379000,6484000,14100779623175012850
3,0024.txt,192,full,4,64,37,166000,6792000,379000,7337000,167000,6822000,395000,7384000,14100779623175012850
3,0024.txt,192,tower,0,64,37,178000,6765000,339000,7282000,179000,6789000,343000,7311000,14100779623175012850
3,0024.txt,192,other,1,64,37,168000,6574000,350000,7092000,169000,6591000,349000,7109000,14100779623175012850
3,0024.txt,192,compact,2,64,37,169000,6829000,293000,7291000,169000,6844000,299000,7312000,14100779623175012850
3,0025.txt,192,original,2,64,57,95000,3100000,257000,3452000,95000,3116000,276000,3487000,16693701477626876418
3,0025.txt,192,full,3,64,57,96000,3442000,242000,3780000,98000,3448000,261000,3807000,16693701477626876418
3,0025.txt,192,tower,4,64,57,96000,3409000,200000,3705000,97000,3424000,213000,3734000,16693701477626876418
3,0025.txt,192,other,0,64,57,97000,3321000,230000,3648000,97000,3334000,234000,3665000,16693701477626876418
3,0025.txt,192,compact,1,64,57,95000,3360000,179000,3634000,96000,3377000,185000,3658000,16693701477626876418
3,0026.txt,256,original,1,64,43,211000,6900000,424000,7535000,211000,6925000,429000,7565000,12399338981540513818
3,0026.txt,256,full,2,64,43,208000,7574000,419000,8201000,209000,7587000,430000,8226000,12399338981540513818
3,0026.txt,256,tower,3,64,43,213000,7913000,393000,8519000,213000,7937000,396000,8546000,12399338981540513818
3,0026.txt,256,other,4,64,43,212000,7426000,391000,8029000,213000,7440000,399000,8052000,12399338981540513818
3,0026.txt,256,compact,0,64,43,225000,7621000,332000,8178000,226000,7640000,347000,8213000,12399338981540513818
3,0027.txt,128,original,0,64,31,294000,5916000,312000,6522000,293000,5932000,315000,6540000,7331911850896128959
3,0027.txt,128,full,1,64,31,299000,6351000,311000,6961000,299000,6360000,321000,6980000,7331911850896128959
3,0027.txt,128,tower,2,64,31,338000,6648000,254000,7240000,339000,6663000,258000,7260000,7331911850896128959
3,0027.txt,128,other,3,64,31,295000,6180000,282000,6757000,296000,6199000,289000,6784000,7331911850896128959
3,0027.txt,128,compact,4,64,31,291000,6255000,186000,6732000,291000,6271000,192000,6754000,7331911850896128959
3,0028.txt,256,original,4,64,47,629000,18205000,969000,19803000,630000,18222000,995000,19847000,16501633472421096672
3,0028.txt,256,full,0,64,47,631000,20052000,986000,21669000,631000,20083000,1003000,21717000,16501633472421096672
3,0028.txt,256,tower,1,64,47,626000,20013000,911000,21550000,625000,20038000,922000,21585000,16501633472421096672
3,0028.txt,256,other,2,64,47,641000,19374000,921000,20936000,642000,19398000,934000,20974000,16501633472421096672
3,0028.txt,256,compact,3,64,47,628000,19335000,805000,20768000,629000,19369000,822000,20820000,16501633472421096672
3,0029.txt,288,original,3,64,41,887000,24075000,759000,25721000,888000,24102000,764000,25754000,3006019691893062148
3,0029.txt,288,full,4,64,41,879000,26730000,749000,28358000,879000,26751000,752000,28382000,3006019691893062148
3,0029.txt,288,tower,0,64,41,891000,27155000,690000,28736000,892000,27177000,703000,28772000,3006019691893062148
3,0029.txt,288,other,1,64,41,875000,25587000,703000,27165000,876000,25617000,708000,27201000,3006019691893062148
3,0029.txt,288,compact,2,64,41,872000,26333000,637000,27842000,872000,26352000,635000,27859000,3006019691893062148
3,0030.txt,256,original,2,64,44,1155000,19815000,1571000,22541000,1155000,19845000,1577000,22577000,3998580007914902329
3,0030.txt,256,full,3,64,44,1174000,21292000,1529000,23995000,1175000,21326000,1544000,24045000,3998580007914902329
3,0030.txt,256,tower,4,64,44,1183000,21456000,1395000,24034000,1184000,21480000,1406000,24070000,3998580007914902329
3,0030.txt,256,other,0,64,44,1241000,20944000,1406000,23591000,1244000,20969000,1418000,23631000,3998580007914902329
3,0030.txt,256,compact,1,64,44,1185000,20999000,1252000,23436000,1185000,21023000,1260000,23468000,3998580007914902329
3,0031.txt,160,original,1,64,49,239000,10825000,437000,11501000,238000,10841000,450000,11529000,1277513514513811977
3,0031.txt,160,full,2,64,49,231000,12089000,446000,12766000,232000,12109000,456000,12797000,1277513514513811977
3,0031.txt,160,tower,3,64,49,223000,12319000,376000,12918000,223000,12331000,383000,12937000,1277513514513811977
3,0031.txt,160,other,4,64,49,223000,12096000,398000,12717000,223000,12111000,407000,12741000,1277513514513811977
3,0031.txt,160,compact,0,64,49,224000,12202000,302000,12728000,225000,12216000,316000,12757000,1277513514513811977
3,0032.txt,224,original,0,64,48,306000,12336000,479000,13121000,307000,12344000,489000,13140000,12827533860645535518
3,0032.txt,224,full,1,64,48,315000,13941000,489000,14745000,315000,13970000,501000,14786000,12827533860645535518
3,0032.txt,224,tower,2,64,48,305000,13885000,429000,14619000,305000,13913000,440000,14658000,12827533860645535518
3,0032.txt,224,other,3,64,48,320000,13477000,471000,14268000,320000,13491000,478000,14289000,12827533860645535518
3,0032.txt,224,compact,4,64,48,303000,13745000,380000,14428000,305000,13775000,395000,14475000,12827533860645535518
3,0033.txt,160,original,4,64,43,394000,10239000,427000,11060000,393000,10257000,431000,11081000,13693103595731326709
3,0033.txt,160,full,0,64,43,398000,11794000,432000,12624000,399000,11818000,444000,12661000,13693103595731326709
3,0033.txt,160,tower,1,64,43,394000,11755000,329000,12478000,395000,11769000,335000,12499000,13693103595731326709
3,0033.txt,160,other,2,64,43,419000,11362000,399000,12180000,426000,11375000,405000,12206000,13693103595731326709
3,0033.txt,160,compact,3,64,43,389000,12052000,298000,12739000,390000,12073000,310000,12773000,13693103595731326709
3,0034.txt,288,original,3,64,41,1164000,25985000,1311000,28460000,1165000,26019000,1322000,28506000,11851417704820801821
3,0034.txt,288,full,4,64,41,1164000,28508000,1305000,30977000,1166000,28530000,1323000,31019000,11851417704820801821
3,0034.txt,288,tower,0,64,41,1187000,28713000,1261000,31161000,1187000,28736000,1270000,31193000,11851417704820801821
3,0034.txt,288,other,1,64,41,1181000,27451000,1226000,29858000,1182000,27474000,1242000,29898000,11851417704820801821
3,0034.txt,288,compact,2,64,41,1189000,27870000,1126000,30185000,1192000,27891000,1140000,30223000,11851417704820801821
3,0035.txt,128,original,2,49,37,65000,2354000,213000,2632000,65000,2358000,225000,2648000,1966248127026479111
3,0035.txt,128,full,3,49,37,65000,2584000,189000,2838000,65000,2609000,199000,2873000,1966248127026479111
3,0035.txt,128,tower,4,49,37,68000,2518000,162000,2748000,68000,2537000,168000,2773000,1966248127026479111
3,0035.txt,128,other,0,49,37,70000,2465000,149000,2684000,71000,2470000,155000,2696000,1966248127026479111
3,0035.txt,128,compact,1,49,37,64000,2482000,120000,2666000,65000,2496000,124000,2685000,1966248127026479111
3,0036.txt,192,original,1,64,50,716000,17477000,643000,18836000,717000,17488000,661000,18866000,3582229042672705885
3,0036.txt,192,full,2,64,50,712000,19159000,656000,20527000,713000,19184000,663000,20560000,3582229042672705885
3,0036.txt,192,tower,3,64,50,746000,19037000,516000,20299000,750000,19062000,528000,20340000,3582229042672705885
3,0036.txt,192,other,4,64,50,729000,18760000,601000,20090000,730000,18771000,613000,20114000,3582229042672705885
3,0036.txt,192,compact,0,64,50,745000,18961000,471000,20177000,745000,18979000,480000,20204000,3582229042672705885
3,0037.txt,288,original,0,64,45,588000,15537000,797000,16922000,589000,15559000,812000,16960000,11367272562188583031
3,0037.txt,288,full,1,64,45,573000,17335000,820000,18728000,572000,17360000,825000,18757000,11367272562188583031
3,0037.txt,288,tower,2,64,45,574000,17201000,736000,18511000,575000,17222000,749000,18546000,11367272562188583031
3,0037.txt,288,other,3,64,45,567000,16582000,770000,17919000,567000,16604000,779000,17950000,11367272562188583031
3,0037.txt,288,compact,4,64,45,631000,16775000,687000,18093000,634000,16802000,697000,18133000,11367272562188583031
3,0038.txt,192,original,4,64,55,254000,7740000,536000,8530000,254000,7771000,545000,8570000,5000358612861532629
3,0038.txt,192,full,0,64,55,252000,8331000,515000,9098000,251000,8348000,534000,9133000,5000358612861532629
3,0038.txt,192,tower,1,64,55,261000,8427000,437000,9125000,262000,8433000,456000,9151000,5000358612861532629
3,0038.txt,192,other,2,64,55,250000,8353000,473000,9076000,252000,8372000,487000,9111000,5000358612861532629
3,0038.txt,192,compact,3,64,55,246000,8575000,388000,9209000,246000,8600000,393000,9239000,5000358612861532629
3,0039.txt,256,original,3,64,43,176000,7402000,368000,7946000,176000,7423000,379000,7978000,1713245602201241720
3,0039.txt,256,full,4,64,43,179000,7970000,356000,8505000,178000,7994000,363000,8535000,1713245602201241720
3,0039.txt,256,tower,0,64,43,189000,8225000,321000,8735000,190000,8273000,326000,8789000,1713245602201241720
3,0039.txt,256,other,1,64,43,178000,7868000,324000,8370000,179000,7885000,335000,8399000,1713245602201241720
3,0039.txt,256,compact,2,64,43,172000,8014000,288000,8474000,172000,8037000,290000,8499000,1713245602201241720
3,0040.txt,224,original,2,64,43,160000,8348000,575000,9083000,160000,8364000,591000,9115000,872385857505348709
3,0040.txt,224,full,3,64,43,153000,9323000,568000,10044000,154000,9347000,575000,10076000,872385857505348709
3,0040.txt,224,tower,4,64,43,153000,9050000,512000,9715000,153000,9069000,526000,9748000,872385857505348709
3,0040.txt,224,other,0,64,43,157000,9213000,530000,9900000,158000,9233000,544000,9935000,872385857505348709
3,0040.txt,224,compact,1,64,43,169000,9147000,472000,9788000,170000,9159000,481000,9810000,872385857505348709
3,0041.txt,160,original,1,64,56,221000,6947000,363000,7531000,221000,6960000,373000,7554000,10397856525299628427
3,0041.txt,160,full,2,64,56,218000,8085000,363000,8666000,218000,8110000,373000,8701000,10397856525299628427
3,0041.txt,160,tower,3,64,56,222000,7938000,271000,8431000,222000,7958000,289000,8469000,10397856525299628427
3,0041.txt,160,other,4,64,56,230000,8110000,330000,8670000,231000,8128000,338000,8697000,10397856525299628427
3,0041.txt,160,compact,0,64,56,221000,7986000,234000,8441000,222000,8007000,248000,8477000,10397856525299628427
3,0042.txt,352,original,0,64,36,1148000,30188000,913000,32249000,1148000,30221000,923000,32292000,12427270659438181611
3,0042.txt,352,full,1,64,36,1147000,34131000,904000,36182000,1148000,34149000,920000,36217000,12427270659438181611
3,0042.txt,352,tower,2,64,36,1115000,34817000,909000,36841000,1116000,34849000,921000,36886000,12427270659438181611
3,0042.txt,352,other,3,64,36,1124000,35638000,948000,37710000,1124000,35675000,956000,37755000,12427270659438181611
3,0042.txt,352,compact,4,64,36,1125000,34049000,862000,36036000,1125000,34074000,877000,36076000,12427270659438181611
3,0043.txt,160,original,4,64,27,263000,7457000,375000,8095000,265000,7480000,381000,8126000,17317113132050913222
3,0043.txt,160,full,0,64,27,274000,8069000,368000,8711000,273000,8081000,373000,8727000,17317113132050913222
3,0043.txt,160,tower,1,64,27,286000,8143000,315000,8744000,286000,8163000,319000,8768000,17317113132050913222
3,0043.txt,160,other,2,64,27,271000,7979000,312000,8562000,271000,7999000,317000,8587000,17317113132050913222
3,0043.txt,160,compact,3,64,27,257000,8458000,293000,9008000,258000,8465000,301000,9024000,17317113132050913222
3,0044.txt,192,original,3,64,35,441000,12702000,454000,13597000,440000,12721000,459000,13620000,14244673959848913933
3,0044.txt,192,full,4,64,35,456000,13993000,461000,14910000,457000,14003000,467000,14927000,14244673959848913933
3,0044.txt,192,tower,0,64,35,451000,13806000,362000,14619000,452000,13822000,369000,14643000,14244673959848913933
3,0044.txt,192,other,1,64,35,437000,13825000,411000,14673000,439000,13851000,418000,14708000,14244673959848913933
3,0044.txt,192,compact,2,64,35,448000,14014000,321000,14783000,447000,14037000,334000,14818000,14244673959848913933
3,0045.txt,192,original,2,64,42,622000,9280000,526000,10428000,622000,9304000,538000,10464000,11015969575620966037
3,0045.txt,192,full,3,64,42,631000,9697000,529000,10857000,632000,9712000,543000,10887000,11015969575620966037
3,0045.txt,192,tower,4,64,42,625000,9757000,418000,10800000,625000,9786000,429000,10840000,11015969575620966037
3,0045.txt,192,other,0,64,42,627000,9547000,482000,10656000,627000,9559000,493000,10679000,11015969575620966037
3,0045.txt,192,compact,1,64,42,617000,9630000,386000,10633000,618000,9651000,390000,10659000,11015969575620966037
3,0046.txt,128,original,1,64,43,387000,10111000,410000,10908000,386000,10130000,416000,10932000,2499980644579135674
3,0046.txt,128,full,2,64,43,384000,11240000,425000,12049000,384000,11254000,435000,12073000,2499980644579135674
3,0046.txt,128,tower,3,64,43,389000,11491000,311000,12191000,389000,11524000,319000,12232000,2499980644579135674
3,0046.txt,128,other,4,64,43,387000,11260000,373000,12020000,386000,11284000,385000,12055000,2499980644579135674
3,0046.txt,128,compact,0,64,43,392000,11381000,278000,12051000,393000,11400000,281000,12074000,2499980644579135674
3,0047.txt,256,original,0,64,42,1123000,26161000,957000,28241000,1124000,26186000,966000,28276000,10022142641444623082
3,0047.txt,256,full,1,64,42,1099000,29339000,938000,31376000,1099000,29361000,942000,31402000,10022142641444623082
3,0047.txt,256,tower,2,64,42,1119000,29294000,841000,31254000,1119000,29314000,854000,31287000,10022142641444623082
3,0047.txt,256,other,3,64,42,1103000,28998000,929000,31030000,1103000,29028000,932000,31063000,10022142641444623082
3,0047.txt,256,compact,4,64,42,1159000,29389000,779000,31327000,1159000,29417000,791000,31367000,10022142641444623082
3,0048.txt,192,original,4,64,47,909000,14439000,686000,16034000,909000,14457000,699000,16065000,3768764602654705949
3,0048.txt,192,full,0,64,47,921000,16284000,710000,17915000,922000,16313000,724000,17959000,3768764602654705949
3,0048.txt,192,tower,1,64,47,932000,16231000,559000,17722000,932000,16267000,570000,17769000,3768764602654705949
3,0048.txt,192,other,2,64,47,926000,15806000,663000,17395000,925000,15831000,669000,17425000,3768764602654705949
3,0048.txt,192,compact,3,64,47,942000,15633000,489000,17064000,945000,15651000,505000,17101000,3768764602654705949
3,0049.txt,192,original,3,64,46,700000,13268000,565000,14533000,699000,13292000,574000,14565000,5345024174446336161
3,0049.txt,192,full,4,64,46,710000,14855000,578000,16143000,710000,14875000,582000,16167000,5345024174446336161
3,0049.txt,192,tower,0,64,46,730000,14641000,460000,15831000,730000,14658000,468000,15856000,5345024174446336161
3,0049.txt,192,other,1,64,46,703000,14629000,540000,15872000,702000,14643000,552000,15897000,5345024174446336161
3,0049.txt,192,compact,2,64,46,697000,14357000,412000,15466000,698000,14378000,418000,15494000,5345024174446336161
3,0050.txt,128,original,2,64,37,259000,5886000,400000,6545000,261000,5905000,410000,6576000,12997574625261075627
3,0050.txt,128,full,3,64,37,243000,6299000,400000,6942000,244000,6319000,406000,6969000,12997574625261075627
3,0050.txt,128,tower,4,64,37,243000,6220000,313000,6776000,243000,6234000,329000,6806000,12997574625261075627
3,0050.txt,128,other,0,64,37,247000,6446000,344000,7037000,247000,6474000,353000,7074000,12997574625261075627
3,0050.txt,128,compact,1,64,37,253000,6366000,248000,6867000,254000,6380000,265000,6899000,12997574625261075627
3,0051.txt,160,original,1,64,50,248000,7332000,440000,8020000,248000,7354000,454000,8056000,12279836665363317183
3,0051.txt,160,full,2,64,50,256000,8142000,427000,8825000,256000,8165000,435000,8856000,12279836665363317183
3,0051.txt,160,tower,3,64,50,248000,8164000,337000,8749000,248000,8178000,345000,8771000,12279836665363317183
3,0051.txt,160,other,4,64,50,245000,8058000,364000,8667000,245000,8092000,378000,8715000,12279836665363317183
3,0051.txt,160,compact,0,64,50,258000,8460000,279000,8997000,258000,8484000,303000,9045000,12279836665363317183
3,0052.txt,224,original,0,64,49,455000,13450000,653000,14558000,456000,13471000,674000,14601000,9179596259479780699
3,0052.txt,224,full,1,64,49,451000,14597000,646000,15694000,451000,14619000,652000,15722000,9179596259479780699
3,0052.txt,224,tower,2,64,49,453000,14566000,550000,15569000,455000,14589000,563000,15607000,9179596259479780699
3,0052.txt,224,other,3,64,49,450000,14687000,607000,15744000,451000,14708000,619000,15778000,9179596259479780699
3,0052.txt,224,compact,4,64,49,449000,14723000,520000,15692000,449000,14745000,530000,15724000,9179596259479780699
3,0053.txt,192,original,4,64,60,241000,7726000,528000,8495000,242000,7749000,536000,8527000,2465353185479614519
3,0053.txt,192,full,0,64,60,241000,8447000,535000,9223000,240000,8471000,552000,9263000,2465353185479614519
3,0053.txt,192,tower,1,64,60,240000,8602000,458000,9300000,240000,8648000,463000,9351000,2465353185479614519
3,0053.txt,192,other,2,64,60,251000,8464000,498000,9213000,250000,8480000,518000,9248000,2465353185479614519
3,0053.txt,192,compact,3,64,60,244000,8294000,381000,8919000,245000,8310000,399000,8954000,2465353185479614519
3,0054.txt,256,original,3,64,50,744000,21437000,1072000,23253000,745000,21463000,1077000,23285000,1977551075025097523
3,0054.txt,256,full,4,64,50,725000,23404000,1035000,25164000,724000,23433000,1047000,25204000,1977551075025097523
3,0054.txt,256,tower,0,64,50,728000,23868000,970000,25566000,729000,23893000,983000,25605000,1977551075025097523
3,0054.txt,256,other,1,64,50,730000,23510000,997000,25237000,731000,23528000,1009000,25268000,1977551075025097523
3,0054.txt,256,compact,2,64,50,754000,23347000,853000,24954000,753000,23366000,864000,24983000,1977551075025097523
3,0055.txt,288,original,2,64,39,1218000,25079000,749000,27046000,1218000,25109000,769000,27096000,1917009490484356854
3,0055.txt,288,full,3,64,39,1227000,28203000,716000,30146000,1227000,28225000,724000,30176000,1917009490484356854
3,0055.txt,288,tower,4,64,39,1272000,28344000,663000,30279000,1272000,28366000,671000,30309000,1917009490484356854
3,0055.txt,288,other,0,64,39,1236000,27439000,701000,29376000,1237000,27487000,705000,29429000,1917009490484356854
3,0055.txt,288,compact,1,64,39,1226000,27968000,630000,29824000,1226000,27993000,630000,29849000,1917009490484356854
3,0056.txt,224,original,1,64,39,479000,11734000,533000,12746000,480000,11759000,547000,12786000,6905413677133017825
3,0056.txt,224,full,2,64,39,473000,12823000,560000,13856000,473000,12844000,564000,13881000,6905413677133017825
3,0056.txt,224,tower,3,64,39,482000,12564000,461000,13507000,482000,12586000,469000,13537000,6905413677133017825
3,0056.txt,224,other,4,64,39,472000,12434000,500000,13406000,473000,12449000,504000,13426000,6905413677133017825
3,0056.txt,224,compact,0,64,39,484000,12730000,405000,13619000,483000,12746000,417000,13646000,6905413677133017825
3,0057.txt,256,original,0,64,54,871000,18382000,937000,20190000,872000,18399000,948000,20219000,10523818247767909617
3,0057.txt,256,full,1,64,54,819000,20745000,984000,22548000,819000,20770000,991000,22580000,10523818247767909617
3,0057.txt,256,tower,2,64,54,808000,20713000,858000,22379000,808000,20740000,869000,22417000,10523818247767909617
3,0057.txt,256,other,3,64,54,867000,19966000,919000,21752000,870000,19990000,926000,21786000,10523818247767909617
3,0057.txt,256,compact,4,64,54,829000,20549000,786000,22164000,828000,20578000,795000,22201000,10523818247767909617
3,0058.txt,256,original,4,64,47,618000,20427000,980000,22025000,619000,20456000,992000,22067000,8747116303198179067
3,0058.txt,256,full,0,64,47,610000,22762000,991000,24363000,610000,22795000,1004000,24409000,8747116303198179067
3,0058.txt,256,tower,1,64,47,635000,22559000,868000,24062000,636000,22586000,873000,24095000,8747116303198179067
3,0058.txt,256,other,2,64,47,607000,22251000,917000,23775000,606000,22274000,924000,23804000,8747116303198179067
3,0058.txt,256,compact,3,64,47,606000,22550000,799000,23955000,608000,22599000,816000,24023000,8747116303198179067
3,0059.txt,192,original,3,64,47,106000,4862000,242000,5210000,106000,4868000,254000,5228000,8776027305845615921
3,0059.txt,192,full,4,64,47,104000,5491000,237000,5832000,105000,5508000,249000,5862000,8776027305845615921
3,0059.txt,192,tower,0,64,47,108000,5437000,202000,5747000,108000,5460000,210000,5778000,8776027305845615921
3,0059.txt,192,other,1,64,47,106000,5345000,220000,5671000,106000,5361000,219000,5686000,8776027305845615921
3,0059.txt,192,compact,2,64,47,104000,5329000,182000,5615000,105000,5349000,188000,5642000,8776027305845615921
3,0060.txt,224,original,2,64,40,240000,10999000,499000,11738000,240000,11029000,504000,11773000,9265774647566182347
3,0060.txt,224,full,3,64,40,237000,12111000,498000,12846000,236000,12123000,508000,12867000,9265774647566182347
3,0060.txt,224,tower,4,64,40,234000,12128000,463000,12825000,235000,12157000,471000,12863000,9265774647566182347
3,0060.txt,224,other,0,64,40,231000,12130000,468000,12829000,231000,12160000,469000,12860000,9265774647566182347
3,0060.txt,224,compact,1,64,40,227000,12399000,417000,13043000,228000,12435000,426000,13089000,9265774647566182347
3,0061.txt,192,original,1,64,47,689000,17361000,899000,18949000,688000,17389000,911000,18988000,9109783169076520820
3,0061.txt,192,full,2,64,47,696000,19149000,916000,20761000,696000,19168000,930000,20794000,9109783169076520820
3,0061.txt,192,tower,3,64,47,682000,19606000,770000,21058000,682000,19629000,784000,21095000,9109783169076520820
3,0061.txt,192,other,4,64,47,690000,18855000,838000,20383000,689000,18869000,853000,20411000,9109783169076520820
3,0061.txt,192,compact,0,64,47,710000,18916000,647000,20273000,711000,18932000,662000,20305000,9109783169076520820
3,0062.txt,224,original,0,64,51,507000,16214000,631000,17352000,507000,16237000,645000,17389000,6235176586112113050
3,0062.txt,224,full,1,64,51,512000,18434000,654000,19600000,513000,18464000,663000,19640000,6235176586112113050
3,0062.txt,224,tower,2,64,51,493000,17856000,536000,18885000,494000,17872000,554000,18920000,6235176586112113050
3,0062.txt,224,other,3,64,51,501000,17770000,596000,18867000,501000,17792000,606000,18899000,6235176586112113050
3,0062.txt,224,compact,4,64,51,490000,17545000,485000,18520000,490000,17575000,499000,18564000,6235176586112113050
3,0063.txt,256,original,4,64,43,537000,16074000,871000,17482000,538000,16098000,880000,17516000,2811221567898568818
3,0063.txt,256,full,0,64,43,534000,18319000,861000,19714000,535000,18346000,868000,19749000,2811221567898568818
3,0063.txt,256,tower,1,64,43,552000,18046000,794000,19392000,553000,18082000,802000,19437000,2811221567898568818
3,0063.txt,256,other,2,64,43,563000,17818000,798000,19179000,563000,17839000,810000,19212000,2811221567898568818
3,0063.txt,256,compact,3,64,43,529000,17694000,702000,18925000,530000,17718000,707000,18955000,2811221567898568818
3,0064.txt,224,original,3,64,44,428000,6580000,588000,7596000,429000,6602000,600000,7631000,6923825489153610959
3,0064.txt,224,full,4,64,44,425000,7089000,601000,8115000,425000,7106000,611000,8142000,6923825489153610959
3,0064.txt,224,tower,0,64,44,433000,7038000,513000,7984000,433000,7055000,520000,8008000,6923825489153610959
3,0064.txt,224,other,1,64,44,406000,7173000,555000,8134000,408000,7191000,567000,8166000,6923825489153610959
3,0064.txt,224,compact,2,64,44,415000,6897000,463000,7775000,416000,6912000,472000,7800000,6923825489153610959
3,0065.txt,192,original,2,64,43,189000,8061000,490000,8740000,188000,8081000,498000,8767000,17408032648247834609
3,0065.txt,192,full,3,64,43,187000,8861000,492000,9540000,187000,8887000,504000,9578000,17408032648247834609
3,0065.txt,192,tower,4,64,43,189000,8693000,434000,9316000,188000,8708000,445000,9341000,17408032648247834609
3,0065.txt,192,other,0,64,43,191000,8883000,461000,9535000,190000,8911000,471000,9572000,17408032648247834609
3,0065.txt,192,compact,1,64,43,186000,8867000,386000,9439000,187000,8896000,398000,9481000,17408032648247834609
3,0066.txt,224,original,1,64,29,933000,22144000,918000,23995000,933000,22168000,921000,24022000,8875708553305440087
3,0066.txt,224,full,2,64,29,926000,24782000,971000,26679000,925000,24804000,983000,26712000,8875708553305440087
3,0066.txt,224,tower,3,64,29,923000,24507000,854000,26284000,923000,24537000,862000,26322000,8875708553305440087
3,0066.txt,224,other,4,64,29,934000,24195000,840000,25969000,934000,24219000,843000,25996000,8875708553305440087
3,0066.txt,224,compact,0,64,29,938000,24591000,772000,26301000,939000,24626000,777000,26342000,8875708553305440087
3,0067.txt,192,original,0,64,37,331000,10800000,566000,11697000,332000,10820000,574000,11726000,1054547824349595996
3,0067.txt,192,full,1,64,37,327000,11718000,534000,12579000,328000,11738000,543000,12609000,1054547824349595996
3,0067.txt,192,tower,2,64,37,328000,11397000,477000,12202000,328000,11420000,480000,12228000,1054547824349595996
3,0067.txt,192,other,3,64,37,342000,11456000,476000,12274000,343000,11485000,482000,12310000,1054547824349595996
3,0067.txt,192,compact,4,64,37,326000,11409000,407000,12142000,327000,11428000,411000,12166000,1054547824349595996
3,0068.txt,352,original,4,64,36,1869000,28160000,1041000,31070000,1869000,28202000,1053000,31124000,16704674484913076321
3,0068.txt,352,full,0,64,36,1883000,31303000,1032000,34218000,1883000,31329000,1044000,34256000,16704674484913076321
3,0068.txt,352,tower,1,64,36,1874000,32290000,1016000,35180000,1874000,32334000,1026000,35234000,16704674484913076321
3,0068.txt,352,other,2,64,36,1907000,32381000,1014000,35302000,1907000,32410000,1022000,35339000,16704674484913076321
3,0068.txt,352,compact,3,64,36,1878000,32048000,979000,34905000,1878000,32067000,987000,34932000,16704674484913076321
3,0069.txt,128,original,3,64,55,244000,7915000,496000,8655000,245000,7930000,516000,8691000,10272637644074201381
3,0069.txt,128,full,4,64,55,242000,8526000,505000,9273000,243000,8544000,509000,9296000,10272637644074201381
3,0069.txt,128,tower,0,64,55,243000,8512000,361000,9116000,244000,8543000,372000,9159000,10272637644074201381
3,0069.txt,128,other,1,64,55,252000,8672000,417000,9341000,251000,8687000,430000,9368000,10272637644074201381
3,0069.txt,128,compact,2,64,55,247000,8376000,281000,8904000,247000,8400000,295000,8942000,10272637644074201381
3,0070.txt,320,original,2,64,43,1245000,44818000,1514000,47577000,1245000,44839000,1528000,47612000,6636878282639228694
3,0070.txt,320,full,3,64,43,1246000,49854000,1458000,52558000,1246000,49888000,1470000,52604000,6636878282639228694
3,0070.txt,320,tower,4,64,43,1238000,50317000,1440000,52995000,1239000,50338000,1457000,53034000,6636878282639228694
3,0070.txt,320,other,0,64,43,1245000,49540000,1443000,52228000,1246000,49573000,1454000,52273000,6636878282639228694
3,0070.txt,320,compact,1,64,43,1262000,49486000,1329000,52077000,1262000,49517000,1340000,52119000,6636878282639228694
3,0071.txt,288,original,1,64,34,1242000,29397000,1035000,31674000,1243000,29425000,1045000,31713000,5480489002906609640
3,0071.txt,288,full,2,64,34,1255000,32240000,1051000,34546000,1256000,32273000,1051000,34580000,5480489002906609640
3,0071.txt,288,tower,3,64,34,1241000,32508000,961000,34710000,1242000,32546000,970000,34758000,5480489002906609640
3,0071.txt,288,other,4,64,34,1277000,31749000,998000,34024000,1277000,31840000,1010000,34127000,5480489002906609640
3,0071.txt,288,compact,0,64,34,1286000,32314000,884000,34484000,1286000,32347000,896000,34529000,5480489002906609640
3,0072.txt,192,original,0,64,53,158000,7210000,390000,7758000,158000,7231000,399000,7788000,3456405102086958663
3,0072.txt,192,full,1,64,53,134000,8042000,391000,8567000,134000,8070000,392000,8596000,3456405102086958663
3,0072.txt,192,tower,2,64,53,137000,7719000,347000,8203000,137000,7732000,360000,8229000,3456405102086958663
3,0072.txt,192,other,3,64,53,133000,7892000,358000,8383000,134000,7921000,362000,8417000,3456405102086958663
3,0072.txt,192,compact,4,64,53,140000,7771000,272000,8183000,141000,7788000,279000,8208000,3456405102086958663
3,0073.txt,160,original,4,64,45,767000,14323000,684000,15774000,768000,14343000,694000,15805000,7837691528528546932
3,0073.txt,160,full,0,64,45,767000,16208000,724000,17699000,766000,16228000,742000,17736000,7837691528528546932
3,0073.txt,160,tower,1,64,45,763000,15855000,546000,17164000,763000,15887000,558000,17208000,7837691528528546932
3,0073.txt,160,other,2,64,45,758000,15956000,632000,17346000,759000,15976000,645000,17380000,7837691528528546932
3,0073.txt,160,compact,3,64,45,766000,15996000,460000,17222000,767000,16018000,468000,17253000,7837691528528546932
3,0074.txt,128,original,3,64,40,212000,4998000,257000,5467000,212000,5023000,262000,5497000,11002935191480867671
3,0074.txt,128,full,4,64,40,211000,5328000,265000,5804000,211000,5339000,274000,5824000,11002935191480867671
3,0074.txt,128,tower,0,64,40,213000,5351000,196000,5760000,213000,5374000,198000,5785000,11002935191480867671
3,0074.txt,128,other,1,64,40,216000,5194000,241000,5651000,216000,5212000,253000,5681000,11002935191480867671
3,0074.txt,128,compact,2,64,40,210000,5261000,156000,5627000,211000,5273000,158000,5642000,11002935191480867671
3,0075.txt,288,original,2,64,30,1028000,27964000,897000,29889000,1028000,27994000,908000,29930000,2583345268107875064
3,0075.txt,288,full,3,64,30,1025000,30635000,899000,32559000,1025000,30655000,906000,32586000,2583345268107875064
3,0075.txt,288,tower,4,64,30,1034000,31217000,880000,33131000,1035000,31240000,891000,33166000,2583345268107875064
3,0075.txt,288,other,0,64,30,1023000,30378000,854000,32255000,1023000,30400000,866000,32289000,2583345268107875064
3,0075.txt,288,compact,1,64,30,1026000,30630000,789000,32445000,1027000,30657000,797000,32481000,2583345268107875064
3,0076.txt,192,original,1,64,52,760000,18858000,929000,20547000,761000,18883000,943000,20587000,14019256839176950374
3,0076.txt,192,full,2,64,52,754000,21291000,954000,22999000,754000,21316000,966000,23036000,14019256839176950374
3,0076.txt,192,tower,3,64,52,761000,20851000,780000,22392000,762000,20878000,793000,22433000,14019256839176950374
3,0076.txt,192,other,4,64,52,760000,20931000,829000,22520000,760000,20952000,839000,22551000,14019256839176950374
3,0076.txt,192,compact,0,64,52,760000,20914000,675000,22349000,759000,20940000,684000,22383000,14019256839176950374
3,0077.txt,128,original,0,64,55,192000,6171000,325000,6688000,192000,6195000,337000,6724000,17479160985738783937
3,0077.txt,128,full,1,64,55,166000,7169000,334000,7669000,167000,7187000,349000,7703000,17479160985738783937
3,0077.txt,128,tower,2,64,55,166000,6959000,244000,7369000,167000,6979000,263000,7409000,17479160985738783937
3,0077.txt,128,other,3,64,55,168000,6940000,289000,7397000,167000,6958000,294000,7419000,17479160985738783937
3,0077.txt,128,compact,4,64,55,173000,6855000,184000,7212000,173000,6862000,194000,7229000,17479160985738783937
3,0078.txt,224,original,4,64,44,699000,14470000,840000,16009000,699000,14495000,846000,16040000,14185763832882636607
3,0078.txt,224,full,0,64,44,694000,15942000,850000,17486000,695000,15972000,855000,17522000,14185763832882636607
3,0078.txt,224,tower,1,64,44,712000,15540000,748000,17000000,713000,15559000,761000,17033000,14185763832882636607
3,0078.txt,224,other,2,64,44,702000,15750000,780000,17232000,703000,15774000,791000,17268000,14185763832882636607
3,0078.txt,224,compact,3,64,44,718000,15407000,660000,16785000,718000,15435000,667000,16820000,14185763832882636607
3,0079.txt,160,original,3,64,48,83000,4043000,270000,4396000,84000,4051000,283000,4418000,18107065893375765734
3,0079.txt,160,full,4,64,48,83000,4419000,269000,4771000,83000,4445000,276000,4804000,18107065893375765734
3,0079.txt,160,tower,0,64,48,87000,4512000,229000,4828000,87000,4527000,235000,4849000,18107065893375765734
3,0079.txt,160,other,1,64,48,91000,4532000,232000,4855000,90000,4543000,240000,4873000,18107065893375765734
3,0079.txt,160,compact,2,64,48,82000,4545000,182000,4809000,83000,4555000,194000,4832000,18107065893375765734
3,0080.txt,192,original,2,64,48,506000,14349000,596000,15451000,507000,14380000,610000,15497000,7914294815535909058
3,0080.txt,192,full,3,64,48,528000,15715000,604000,16847000,529000,15741000,615000,16885000,7914294815535909058
3,0080.txt,192,tower,4,64,48,511000,15577000,484000,16572000,511000,15605000,495000,16611000,7914294815535909058
3,0080.txt,192,other,0,64,48,515000,15677000,572000,16764000,515000,15704000,577000,16796000,7914294815535909058
3,0080.txt,192,compact,1,64,48,530000,15156000,422000,16108000,531000,15180000,429000,16140000,7914294815535909058
3,0081.txt,256,original,1,64,48,1673000,44204000,1178000,47055000,1674000,44225000,1192000,47091000,12611955559657520540
3,0081.txt,256,full,2,64,48,1647000,49887000,1167000,52701000,1647000,49920000,1176000,52743000,12611955559657520540
3,0081.txt,256,tower,3,64,48,1642000,50255000,1043000,52940000,1642000,50282000,1058000,52982000,12611955559657520540
3,0081.txt,256,other,4,64,48,1654000,49705000,1142000,52501000,1654000,49774000,1157000,52585000,12611955559657520540
3,0081.txt,256,compact,0,64,48,1654000,50602000,977000,53233000,1653000,50670000,988000,53311000,12611955559657520540
3,0082.txt,224,original,0,64,43,1164000,21117000,1069000,23350000,1169000,21147000,1078000,23394000,15976384220259857970
3,0082.txt,224,full,1,64,43,1082000,23708000,1047000,25837000,1083000,23729000,1051000,25863000,15976384220259857970
3,0082.txt,224,tower,2,64,43,1124000,24074000,950000,26148000,1128000,24099000,960000,26187000,15976384220259857970
3,0082.txt,224,other,3,64,43,1085000,23732000,1046000,25863000,1084000,23751000,1050000,25885000,15976384220259857970
3,0082.txt,224,compact,4,64,43,1122000,23810000,848000,25780000,1124000,23829000,861000,25814000,15976384220259857970
3,0083.txt,160,original,4,64,45,408000,10306000,498000,11212000,409000,10336000,508000,11253000,2709579689513296368
3,0083.txt,160,full,0,64,45,411000,11308000,526000,12245000,413000,11332000,537000,12282000,2709579689513296368
3,0083.txt,160,tower,1,64,45,410000,11280000,395000,12085000,411000,11297000,401000,12109000,2709579689513296368
3,0083.txt,160,other,2,64,45,406000,10945000,439000,11790000,407000,10971000,447000,11825000,2709579689513296368
3,0083.txt,160,compact,3,64,45,401000,11191000,322000,11914000,402000,11207000,334000,11943000,2709579689513296368
3,0084.txt,224,original,3,64,29,1174000,15623000,629000,17426000,1175000,15651000,635000,17461000,8219160516625378647
3,0084.txt,224,full,4,64,29,1184000,17124000,629000,18937000,1184000,17166000,629000,18979000,8219160516625378647
3,0084.txt,224,tower,0,64,29,1193000,16985000,526000,18704000,1193000,17000000,534000,18727000,8219160516625378647
3,0084.txt,224,other,1,64,29,1177000,17148000,594000,18919000,1178000,17171000,596000,18945000,8219160516625378647
3,0084.txt,224,compact,2,64,29,1190000,16800000,461000,18451000,1191000,16822000,473000,18486000,8219160516625378647
3,0085.txt,256,original,2,64,52,388000,9295000,704000,10387000,388000,9320000,720000,10428000,9843680023606892368
3,0085.txt,256,full,3,64,52,400000,10254000,704000,11358000,400000,10277000,717000,11394000,9843680023606892368
3,0085.txt,256,tower,4,64,52,410000,10166000,642000,11218000,410000,10180000,649000,11239000,9843680023606892368
3,0085.txt,256,other,0,64,52,392000,10054000,654000,11100000,392000,10068000,671000,11131000,9843680023606892368
3,0085.txt,256,compact,1,64,52,408000,10432000,569000,11409000,408000,10452000,581000,11441000,9843680023606892368
3,0086.txt,96,original,1,64,41,135000,4175000,304000,4614000,136000,4192000,314000,4642000,1746008403728494063
3,0086.txt,96,full,2,64,41,133000,4474000,297000,4904000,134000,4501000,310000,4945000,1746008403728494063
3,0086.txt,96,tower,3,64,41,136000,4455000,226000,4817000,136000,4482000,234000,4852000,1746008403728494063
3,0086.txt,96,other,4,64,41,135000,4654000,258000,5047000,135000,4679000,263000,5077000,1746008403728494063
3,0086.txt,96,compact,0,64,41,138000,4470000,174000,4782000,137000,4489000,175000,4801000,1746008403728494063
3,0087.txt,224,original,0,64,56,256000,7808000,477000,8541000,255000,7830000,494000,8579000,6062298770127305429
3,0087.txt,224,full,1,64,56,257000,8984000,486000,9727000,257000,9007000,497000,9761000,6062298770127305429
3,0087.txt,224,tower,2,64,56,255000,9170000,428000,9853000,255000,9222000,438000,9915000,6062298770127305429
3,0087.txt,224,other,3,64,56,266000,9107000,448000,9821000,267000,9144000,450000,9861000,6062298770127305429
3,0087.txt,224,compact,4,64,56,265000,8876000,357000,9498000,266000,8894000,367000,9527000,6062298770127305429
3,0088.txt,224,original,4,64,51,370000,9410000,545000,10325000,371000,9437000,568000,10376000,1932990849624522106
3,0088.txt,224,full,0,64,51,378000,10077000,541000,10996000,379000,10097000,559000,11035000,1932990849624522106
3,0088.txt,224,tower,1,64,51,397000,10104000,469000,10970000,398000,10126000,484000,11008000,1932990849624522106
3,0088.txt,224,other,2,64,51,371000,10420000,503000,11294000,372000,10454000,510000,11336000,1932990849624522106
3,0088.txt,224,compact,3,64,51,388000,10048000,404000,10840000,389000,10062000,416000,10867000,1932990849624522106
3,0089.txt,320,original,3,64,37,1147000,36826000,1043000,39016000,1147000,36860000,1050000,39057000,6980722571508482437
3,0089.txt,320,full,4,64,37,1180000,42028000,1033000,44241000,1181000,42056000,1047000,44284000,6980722571508482437
3,0089.txt,320,tower,0,64,37,1180000,41106000,972000,43258000,1180000,41150000,981000,43311000,6980722571508482437
3,0089.txt,320,other,1,64,37,1172000,40544000,991000,42707000,1171000,40564000,1000000,42735000,6980722571508482437
3,0089.txt,320,compact,2,64,37,1171000,41390000,931000,43492000,1172000,41418000,935000,43525000,6980722571508482437
3,0090.txt,224,original,2,64,36,222000,7941000,474000,8637000,222000,7966000,478000,8666000,17418676575136399411
3,0090.txt,224,full,3,64,36,215000,8533000,465000,9213000,214000,8550000,472000,9236000,17418676575136399411
3,0090.txt,224,tower,4,64,36,215000,8656000,421000,9292000,216000,8677000,429000,9322000,17418676575136399411
3,0090.txt,224,other,0,64,36,230000,8610000,424000,9264000,231000,8632000,429000,9292000,17418676575136399411
3,0090.txt,224,compact,1,64,36,220000,8300000,371000,8891000,220000,8316000,381000,8917000,17418676575136399411
3,0091.txt,128,original,1,64,49,238000,5378000,328000,5944000,239000,5398000,345000,5982000,6905654600788291276
3,0091.txt,128,full,2,64,49,238000,5896000,334000,6468000,239000,5914000,342000,6495000,6905654600788291276
3,0091.txt,128,tower,3,64,49,260000,5905000,239000,6404000,260000,5924000,246000,6430000,6905654600788291276
3,0091.txt,128,other,4,64,49,239000,5860000,300000,6399000,239000,5881000,313000,6433000,6905654600788291276
3,0091.txt,128,compact,0,64,49,243000,5827000,186000,6256000,244000,5838000,197000,6279000,6905654600788291276
3,0092.txt,320,original,0,64,34,2250000,40803000,1619000,44672000,2250000,40843000,1627000,44720000,17892104883127441197
3,0092.txt,320,full,1,64,34,2242000,45377000,1625000,49244000,2243000,45412000,1638000,49293000,17892104883127441197
3,0092.txt,320,tower,2,64,34,2297000,45663000,1571000,49531000,2298000,45706000,1577000,49581000,17892104883127441197
3,0092.txt,320,other,3,64,34,2290000,48304000,1884000,52478000,2290000,49747000,1937000,53974000,17892104883127441197
3,0092.txt,320,compact,4,64,34,3398000,45972000,1520000,50890000,10969000,48529000,1522000,61020000,17892104883127441197
3,0093.txt,128,original,4,63,60,111000,4881000,415000,5407000,111000,4888000,425000,5424000,9403735909905401337
3,0093.txt,128,full,0,63,60,119000,5313000,394000,5826000,120000,5338000,405000,5863000,9403735909905401337
3,0093.txt,128,tower,1,63,60,110000,5309000,319000,5738000,110000,5333000,326000,5769000,9403735909905401337
3,0093.txt,128,other,2,63,60,111000,5301000,344000,5756000,112000,5316000,358000,5786000,9403735909905401337
3,0093.txt,128,compact,3,63,60,111000,5282000,262000,5655000,111000,5307000,264000,5682000,9403735909905401337
3,0094.txt,288,original,3,64,59,242000,7837000,522000,8601000,243000,7861000,529000,8633000,15807896437645640352
3,0094.txt,288,full,4,64,59,248000,8323000,514000,9085000,248000,8347000,532000,9127000,15807896437645640352
3,0094.txt,288,tower,0,64,59,248000,8559000,491000,9298000,249000,8569000,497000,9315000,15807896437645640352
3,0094.txt,288,other,1,64,59,247000,8173000,490000,8910000,247000,8186000,502000,8935000,15807896437645640352
3,0094.txt,288,compact,2,64,59,245000,8360000,425000,9030000,246000,8384000,441000,9071000,15807896437645640352
3,0095.txt,192,original,2,64,40,856000,18546000,660000,20062000,856000,18564000,667000,20087000,14558885443859604524
3,0095.txt,192,full,3,64,40,840000,21125000,677000,22642000,840000,21158000,692000,22690000,14558885443859604524
3,0095.txt,192,tower,4,64,40,856000,20580000,548000,21984000,855000,20603000,557000,22015000,14558885443859604524
3,0095.txt,192,other,0,64,40,861000,20634000,621000,22116000,861000,20662000,625000,22148000,14558885443859604524
3,0095.txt,192,compact,1,64,40,857000,20663000,495000,22015000,858000,20676000,502000,22036000,14558885443859604524
3,0096.txt,160,original,1,64,62,187000,6354000,362000,6903000,186000,6373000,382000,6941000,9102786252669791947
3,0096.txt,160,full,2,64,62,201000,6954000,367000,7522000,201000,6979000,382000,7562000,9102786252669791947
3,0096.txt,160,tower,3,64,62,195000,7227000,278000,7700000,196000,7251000,293000,7740000,9102786252669791947
3,0096.txt,160,other,4,64,62,187000,6865000,311000,7363000,188000,6879000,327000,7394000,9102786252669791947
3,0096.txt,160,compact,0,64,62,202000,7244000,224000,7670000,201000,7253000,248000,7702000,9102786252669791947
3,0097.txt,288,original,0,64,36,1353000,42349000,1606000,45308000,1354000,42375000,1623000,45352000,2803104666536711401
3,0097.txt,288,full,1,64,36,1337000,46830000,1645000,49812000,1337000,46856000,1654000,49847000,2803104666536711401
3,0097.txt,288,tower,2,64,36,1356000,47140000,1555000,50051000,1357000,47164000,1568000,50089000,2803104666536711401
3,0097.txt,288,other,3,64,36,1326000,45922000,1550000,48798000,1327000,45968000,1560000,48855000,2803104666536711401
3,0097.txt,288,compact,4,64,36,1354000,46255000,1430000,49039000,1354000,46286000,1438000,49078000,2803104666536711401
3,0098.txt,160,original,4,64,55,277000,7501000,602000,8380000,277000,7525000,614000,8416000,9847453008769540877
3,0098.txt,160,full,0,64,55,273000,7908000,584000,8765000,274000,7930000,591000,8795000,9847453008769540877
3,0098.txt,160,tower,1,64,55,274000,8298000,487000,9059000,274000,8302000,504000,9080000,9847453008769540877
3,0098.txt,160,other,2,64,55,288000,8051000,536000,8875000,289000,8063000,540000,8892000,9847453008769540877
3,0098.txt,160,compact,3,64,55,270000,8262000,404000,8936000,270000,8280000,421000,8971000,9847453008769540877
3,0099.txt,256,original,3,64,38,503000,12175000,507000,13185000,503000,12203000,516000,13222000,446694983656461108
3,0099.txt,256,full,4,64,38,508000,13919000,492000,14919000,511000,13949000,503000,14963000,446694983656461108
3,0099.txt,256,tower,0,64,38,513000,14456000,455000,15424000,514000,14482000,474000,15470000,446694983656461108
3,0099.txt,256,other,1,64,38,575000,13838000,484000,14897000,575000,13867000,485000,14927000,446694983656461108
3,0099.txt,256,compact,2,64,38,509000,13625000,397000,14531000,509000,13645000,405000,14559000,446694983656461108
4,0000.txt,128,original,1,37,37,71000,1228000,127000,1426000,72000,1255000,137000,1464000,816204004610948454
4,0000.txt,128,full,2,37,37,68000,1225000,125000,1418000,69000,1231000,132000,1432000,816204004610948454
4,0000.txt,128,tower,3,37,37,68000,1215000,103000,1386000,69000,1218000,111000,1398000,816204004610948454
4,0000.txt,128,other,4,37,37,66000,1176000,112000,1354000,67000,1183000,123000,1373000,816204004610948454
4,0000.txt,128,compact,0,37,37,79000,1507000,86000,1672000,81000,1588000,90000,1759000,816204004610948454
4,0001.txt,160,original,0,64,47,169000,5956000,375000,6500000,170000,5969000,384000,6523000,9659342416910865731
4,0001.txt,160,full,1,64,47,159000,7090000,380000,7629000,160000,7128000,388000,7676000,9659342416910865731
4,0001.txt,160,tower,2,64,47,163000,6797000,312000,7272000,163000,6816000,336000,7315000,9659342416910865731
4,0001.txt,160,other,3,64,47,159000,6736000,333000,7228000,158000,6773000,333000,7264000,9659342416910865731
4,0001.txt,160,compact,4,64,47,157000,6865000,238000,7260000,159000,6881000,249000,7289000,9659342416910865731
4,0002.txt,160,original,4,64,62,224000,7666000,498000,8388000,225000,7674000,511000,8410000,13336614233393630273
4,0002.txt,160,full,0,64,62,232000,8712000,495000,9439000,232000,8732000,509000,9473000,13336614233393630273
4,0002.txt,160,tower,1,64,62,229000,8550000,397000,9176000,230000,8572000,405000,9207000,13336614233393630273
4,0002.txt,160,other,2,64,62,222000,8562000,426000,9210000,222000,8578000,428000,9228000,13336614233393630273
4,0002.txt,160,compact,3,64,62,237000,8598000,317000,9152000,238000,8620000,327000,9185000,13336614233393630273
4,0003.txt,288,original,3,64,37,206000,8339000,382000,8927000,207000,8354000,395000,8956000,9846154642387442228
4,0003.txt,288,full,4,64,37,213000,9411000,396000,10020000,213000,9441000,403000,10057000,9846154642387442228
4,0003.txt,288,tower,0,64,37,204000,9657000,365000,10226000,203000,9675000,372000,10250000,9846154642387442228
4,0003.txt,288,other,1,64,37,207000,9141000,364000,9712000,206000,9159000,371000,9736000,9846154642387442228
4,0003.txt,288,compact,2,64,37,200000,9251000,326000,9777000,201000,9274000,330000,9805000,9846154642387442228
4,0004.txt,224,original,2,64,39,807000,24066000,728000,25601000,808000,24084000,732000,25624000,5868743466089011035
4,0004.txt,224,full,3,64,39,762000,27408000,723000,28893000,763000,27428000,729000,28920000,5868743466089011035
4,0004.txt,224,tower,4,64,39,773000,26986000,617000,28376000,772000,27009000,629000,28410000,5868743466089011035
4,0004.txt,224,other,0,64,39,788000,26914000,676000,28378000,788000,26947000,683000,28418000,5868743466089011035
4,0004.txt,224,compact,1,64,39,785000,26689000,562000,28036000,786000,26700000,563000,28049000,5868743466089011035
4,0005.txt,224,original,1,64,26,1457000,35713000,1415000,38585000,1457000,35740000,1427000,38624000,10086671006629847274
4,0005.txt,224,full,2,64,26,1496000,39023000,1418000,41937000,1497000,39046000,1422000,41965000,10086671006629847274
4,0005.txt,224,tower,3,64,26,1455000,39341000,1367000,42163000,1456000,39367000,1378000,42201000,10086671006629847274
4,0005.txt,224,other,4,64,26,1446000,38844000,1309000,41599000,1447000,38874000,1312000,41633000,10086671006629847274
4,0005.txt,224,compact,0,64,26,1473000,39404000,1205000,42082000,1473000,39443000,1208000,42124000,10086671006629847274
4,0006.txt,128,original,0,64,46,272000,5313000,336000,5921000,272000,5329000,341000,5942000,507186591489129217
4,0006.txt,128,full,1,64,46,264000,5936000,340000,6540000,264000,5959000,353000,6576000,507186591489129217
4,0006.txt,128,tower,2,64,46,271000,5689000,247000,6207000,270000,5699000,250000,6219000,507186591489129217
4,0006.txt,128,other,3,64,46,266000,5708000,301000,6275000,266000,5728000,311000,6305000,507186591489129217
4,0006.txt,128,compact,4,64,46,266000,5769000,183000,6218000,265000,5779000,199000,6243000,507186591489129217
4,0007.txt,128,original,4,64,52,256000,7400000,415000,8071000,257000,7427000,422000,8106000,2674825041975378044
4,0007.txt,128,full,0,64,52,259000,8387000,430000,9076000,259000,8410000,445000,9114000,2674825041975378044
4,0007.txt,128,tower,1,64,52,271000,8091000,306000,8668000,272000,8111000,317000,8700000,2674825041975378044
4,0007.txt,128,other,2,64,52,258000,7980000,375000,8613000,258000,7993000,373000,8624000,2674825041975378044
4,0007.txt,128,compact,3,64,52,252000,8122000,235000,8609000,252000,8138000,251000,8641000,2674825041975378044
4,0008.txt,128,original,3,64,40,259000,8354000,366000,8979000,259000,8396000,372000,9027000,17920141965280989340
4,0008.txt,128,full,4,64,40,260000,9166000,365000,9791000,260000,9178000,369000,9807000,17920141965280989340
4,0008.txt,128,tower,0,64,40,263000,8869000,276000,9408000,264000,8879000,280000,9423000,17920141965280989340
4,0008.txt,128,other,1,64,40,260000,8860000,311000,9431000,260000,8878000,319000,9457000,17920141965280989340
4,0008.txt,128,compact,2,64,40,266000,9015000,218000,9499000,266000,9025000,225000,9516000,17920141965280989340
4,0009.txt,192,original,2,64,58,127000,6580000,373000,7080000,126000,6600000,390000,7116000,14208774129454741819
4,0009.txt,192,full,3,64,58,117000,7424000,379000,7920000,118000,7441000,388000,7947000,14208774129454741819
4,0009.txt,192,tower,4,64,58,136000,7731000,348000,8215000,139000,7826000,362000,8327000,14208774129454741819
4,0009.txt,192,other,0,64,58,120000,7343000,324000,7787000,120000,7365000,335000,7820000,14208774129454741819
4,0009.txt,192,compact,1,64,58,119000,7478000,266000,7863000,120000,7497000,272000,7889000,14208774129454741819
4,0010.txt,128,original,1,64,52,119000,3170000,260000,3549000,119000,3183000,279000,3581000,14723523622886612699
4,0010.txt,128,full,2,64,52,114000,3538000,273000,3925000,114000,3564000,286000,3964000,14723523622886612699
4,0010.txt,128,tower,3,64,52,116000,3426000,191000,3733000,117000,3441000,205000,3763000,14723523622886612699
4,0010.txt,128,other,4,64,52,116000,3295000,212000,3623000,115000,3329000,221000,3665000,14723523622886612699
4,0010.txt,128,compact,0,64,52,121000,3441000,152000,3714000,122000,3457000,160000,3739000,14723523622886612699
4,0011.txt,192,original,0,64,46,424000,10975000,458000,11857000,425000,10995000,467000,11887000,10525654128450725294
4,0011.txt,192,full,1,64,46,410000,12029000,461000,12900000,410000,12046000,474000,12930000,10525654128450725294
4,0011.txt,192,tower,2,64,46,422000,11838000,357000,12617000,422000,11853000,366000,12641000,10525654128450725294
4,0011.txt,192,other,3,64,46,450000,11750000,423000,12623000,456000,11775000,429000,12660000,10525654128450725294
4,0011.txt,192,compact,4,64,46,433000,11777000,316000,12526000,432000,11801000,326000,12559000,10525654128450725294
4,0012.txt,160,original,4,64,42,248000,9079000,352000,9679000,248000,9101000,359000,9708000,18228620964614505709
4,0012.txt,160,full,0,64,42,249000,10280000,354000,10883000,250000,10296000,361000,10907000,18228620964614505709
4,0012.txt,160,tower,1,64,42,272000,10095000,306000,10673000,272000,10110000,320000,10702000,18228620964614505709
4,0012.txt,160,other,2,64,42,251000,10190000,325000,10766000,250000,10218000,330000,10798000,18228620964614505709
4,0012.txt,160,compact,3,64,42,248000,10097000,240000,10585000,249000,10122000,246000,10617000,18228620964614505709
4,0013.txt,224,original,3,64,51,342000,10217000,666000,11225000,342000,10241000,680000,11263000,11658144250769295395
4,0013.txt,224,full,4,64,51,319000,11118000,679000,12116000,319000,11133000,685000,12137000,11658144250769295395
4,0013.txt,224,tower,0,64,51,343000,11333000,608000,12284000,343000,11367000,615000,12325000,11658144250769295395
4,0013.txt,224,other,1,64,51,318000,11340000,618000,12276000,319000,11369000,625000,12313000,11658144250769295395
4,0013.txt,224,compact,2,64,51,335000,11059000,527000,11921000,335000,11081000,539000,11955000,11658144250769295395
4,0014.txt,288,original,2,64,52,1615000,52449000,1418000,55482000,1615000,52524000,1431000,55570000,3633606904291868902
4,0014.txt,288,full,3,64,52,1587000,59064000,1409000,62060000,1588000,59100000,1431000,62119000,3633606904291868902
4,0014.txt,288,tower,4,64,52,1570000,59702000,1295000,62567000,1571000,59740000,1305000,62616000,3633606904291868902
4,0014.txt,288,other,0,64,52,1600000,58325000,1363000,61288000,1600000,58349000,1375000,61324000,3633606904291868902
4,0014.txt,288,compact,1,64,52,1595000,58447000,1201000,61243000,1596000,58472000,1213000,61281000,3633606904291868902
4,0015.txt,288,original,1,64,42,2116000,49436000,1900000,53452000,2117000,49463000,1907000,53487000,12057676038240002655
4,0015.txt,288,full,2,64,42,2085000,55061000,1867000,59013000,2086000,55104000,1878000,59068000,12057676038240002655
4,0015.txt,288,tower,3,64,42,2095000,54835000,1717000,58647000,2096000,54872000,1728000,58696000,12057676038240002655
4,0015.txt,288,other,4,64,42,2156000,53086000,1770000,57012000,2168000,53109000,1780000,57057000,12057676038240002655
4,0015.txt,288,compact,0,64,42,2087000,55818000,1672000,59577000,2090000,55859000,1678000,59627000,12057676038240002655
4,0016.txt,192,original,0,64,41,300000,9638000,364000,10302000,300000,9658000,379000,10337000,16263700429714567991
4,0016.txt,192,full,1,64,41,294000,10592000,364000,11250000,294000,10612000,379000,11285000,16263700429714567991
4,0016.txt,192,tower,2,64,41,286000,10915000,300000,11501000,287000,10936000,316000,11539000,16263700429714567991
4,0016.txt,192,other,3,64,41,286000,10889000,337000,11512000,287000,10916000,340000,11543000,16263700429714567991
4,0016.txt,192,compact,4,64,41,293000,10392000,258000,10943000,294000,10418000,264000,10976000,16263700429714567991
4,0017.txt,192,original,4,64,53,873000,13874000,672000,15419000,876000,13897000,685000,15458000,4847870249899229512
4,0017.txt,192,full,0,64,53,867000,15308000,675000,16850000,868000,15335000,692000,16895000,4847870249899229512
4,0017.txt,192,tower,1,64,53,891000,15582000,527000,17000000,891000,15610000,537000,17038000,4847870249899229512
4,0017.txt,192,other,2,64,53,900000,15067000,628000,16595000,901000,15091000,640000,16632000,4847870249899229512
4,0017.txt,192,compact,3,64,53,882000,14945000,479000,16306000,882000,14957000,488000,16327000,4847870249899229512
4,0018.txt,128,original,3,64,34,97000,4141000,177000,4415000,96000,4157000,187000,4440000,2591044257394328704
4,0018.txt,128,full,4,64,34,96000,4366000,176000,4638000,97000,4386000,189000,4672000,2591044257394328704
4,0018.txt,128,tower,0,64,34,99000,4602000,145000,4846000,100000,4613000,148000,4861000,2591044257394328704
4,0018.txt,128,other,1,64,34,98000,4294000,150000,4542000,98000,4318000,152000,4568000,2591044257394328704
4,0018.txt,128,compact,2,64,34,95000,4308000,104000,4507000,96000,4328000,105000,4529000,2591044257394328704
4,0019.txt,384,original,2,64,38,3701000,70306000,1814000,75821000,3702000,70358000,1815000,75875000,18413403235399141350
4,0019.txt,384,full,3,64,38,3666000,78138000,1812000,83616000,3666000,78164000,1824000,83654000,18413403235399141350
4,0019.txt,384,tower,4,64,38,3707000,78201000,1806000,83714000,3708000,78248000,1811000,83767000,18413403235399141350
4,0019.txt,384,other,0,64,38,3699000,79596000,1827000,85122000,3699000,79623000,1836000,85158000,18413403235399141350
4,0019.txt,384,compact,1,64,38,3647000,78414000,1764000,83825000,3647000,78446000,1772000,83865000,18413403235399141350
4,0020.txt,160,original,1,64,54,487000,12162000,525000,13174000,488000,12195000,535000,13218000,6655744353329306587
4,0020.txt,160,full,2,64,54,475000,13146000,501000,14122000,475000,13169000,508000,14152000,6655744353329306587
4,0020.txt,160,tower,3,64,54,502000,13402000,405000,14309000,506000,13426000,420000,14352000,6655744353329306587
4,0020.txt,160,other,4,64,54,485000,13192000,478000,14155000,487000,13212000,482000,14181000,6655744353329306587
4,0020.txt,160,compact,0,64,54,479000,13447000,337000,14263000,480000,13463000,342000,14285000,6655744353329306587
4,0021.txt,160,original,0,64,54,106000,4713000,325000,5144000,105000,4725000,340000,5170000,10139017720273762941
4,0021.txt,160,full,1,64,54,104000,5205000,319000,5628000,104000,5220000,326000,5650000,10139017720273762941
4,0021.txt,160,tower,2,64,54,102000,5151000,264000,5517000,102000,5165000,274000,5541000,10139017720273762941
4,0021.txt,160,other,3,64,54,114000,5375000,295000,5784000,114000,5384000,325000,5823000,10139017720273762941
4,0021.txt,160,compact,4,64,54,112000,5237000,235000,5584000,112000,5257000,245000,5614000,10139017720273762941
4,0022.txt,160,original,4,64,54,88000,5089000,325000,5502000,88000,5110000,338000,5536000,12367056253196356386
4,0022.txt,160,full,0,64,54,88000,5471000,308000,5867000,88000,5493000,317000,5898000,12367056253196356386
4,0022.txt,160,tower,1,64,54,86000,5839000,273000,6198000,86000,5866000,278000,6230000,12367056253196356386
4,0022.txt,160,other,2,64,54,87000,5578000,268000,5933000,88000,5600000,284000,5972000,12367056253196356386
4,0022.txt,160,compact,3,64,54,87000,5612000,213000,5912000,87000,5637000,216000,5940000,12367056253196356386
4,0023.txt,160,original,3,64,32,139000,4110000,187000,4436000,139000,4125000,201000,4465000,13661901359584633416
4,0023.txt,160,full,4,64,32,134000,4507000,215000,4856000,134000,4527000,222000,4883000,13661901359584633416
4,0023.txt,160,tower,0,64,32,134000,4475000,153000,4762000,135000,4496000,158000,4789000,13661901359584633416
4,0023.txt,160,other,1,64,32,134000,4486000,177000,4797000,134000,4504000,179000,4817000,13661901359584633416
4,0023.txt,160,compact,2,64,32,131000,4758000,134000,5023000,130000,4779000,142000,5051000,13661901359584633416
4,0024.txt,192,original,2,64,37,166000,6169000,398000,6733000,167000,6187000,408000,6762000,14100779623175012850
4,0024.txt,192,full,3,64,37,167000,6696000,385000,7248000,168000,6707000,388000,7263000,14100779623175012850
4,0024.txt,192,tower,4,64,37,168000,6596000,346000,7110000,169000,6623000,352000,7144000,14100779623175012850
4,0024.txt,192,other,0,64,37,189000,6607000,341000,7137000,189000,6618000,353000,7160000,14100779623175012850
4,0024.txt,192,compact,1,64,37,167000,6509000,281000,6957000,168000,6517000,289000,6974000,14100779623175012850
4,0025.txt,192,original,1,64,57,95000,3086000,247000,3428000,96000,3103000,260000,3459000,16693701477626876418
4,0025.txt,192,full,2,64,57,94000,3382000,238000,3714000,95000,3393000,247000,3735000,16693701477626876418
4,0025.txt,192,tower,3,64,57,96000,3364000,199000,3659000,95000,3368000,214000,3677000,16693701477626876418
4,0025.txt,192,other,4,64,57,107000,3323000,226000,3656000,106000,3342000,234000,3682000,16693701477626876418
4,0025.txt,192,compact,0,64,57,99000,3342000,185000,3626000,98000,3366000,191000,3655000,16693701477626876418
4,0026.txt,256,original,0,64,43,225000,7038000,423000,7686000,226000,7066000,426000,7718000,12399338981540513818
4,0026.txt,256,full,1,64,43,217000,7697000,423000,8337000,217000,7714000,429000,8360000,12399338981540513818
4,0026.txt,256,tower,2,64,43,234000,7631000,385000,8250000,234000,7653000,393000,8280000,12399338981540513818
4,0026.txt,256,other,3,64,43,216000,7765000,403000,8384000,216000,7788000,408000,8412000,12399338981540513818
4,0026.txt,256,compact,4,64,43,217000,7621000,347000,8185000,217000,7648000,358000,8223000,12399338981540513818
4,0027.txt,128,original,4,64,31,296000,5934000,307000,6537000,297000,5948000,318000,6563000,7331911850896128959
4,0027.txt,128,full,0,64,31,296000,6356000,308000,6960000,296000,6377000,318000,6991000,7331911850896128959
4,0027.txt,128,tower,1,64,31,294000,6324000,239000,6857000,294000,6334000,244000,6872000,7331911850896128959
4,0027.txt,128,other,2,64,31,295000,6571000,280000,7146000,297000,6581000,290000,7168000,7331911850896128959
4,0027.txt,128,compact,3,64,31,299000,6278000,185000,6762000,300000,6300000,193000,6793000,7331911850896128959
4,0028.txt,256,original,3,64,47,629000,18242000,997000,19868000,630000,18291000,1007000,19928000,16501633472421096672
4,0028.txt,256,full,4,64,47,641000,20714000,1030000,22385000,641000,20770000,1035000,22446000,16501633472421096672
4,0028.txt,256,tower,0,64,47,662000,19947000,913000,21522000,662000,19976000,922000,21560000,16501633472421096672
4,0028.txt,256,other,1,64,47,642000,19374000,951000,20967000,643000,19398000,956000,20997000,16501633472421096672
4,0028.txt,256,compact,2,64,47,615000,19627000,827000,21069000,616000,19655000,834000,21105000,16501633472421096672
4,0029.txt,288,original,2,64,41,892000,23733000,747000,25372000,892000,23753000,756000,25401000,3006019691893062148
4,0029.txt,288,full,3,64,41,877000,26605000,734000,28216000,878000,26626000,754000,28258000,3006019691893062148
4,0029.txt,288,tower,4,64,41,879000,26922000,680000,28481000,879000,26944000,678000,28501000,3006019691893062148
4,0029.txt,288,other,0,64,41,875000,26020000,709000,27604000,874000,26048000,721000,27643000,3006019691893062148
4,0029.txt,288,compact,1,64,41,866000,26240000,637000,27743000,867000,26269000,643000,27779000,3006019691893062148
4,0030.txt,256,original,1,64,44,1163000,19461000,1516000,22140000,1164000,19468000,1530000,22162000,3998580007914902329
4,0030.txt,256,full,2,64,44,1163000,21248000,1496000,23907000,1163000,21278000,1504000,23945000,3998580007914902329
4,0030.txt,256,tower,3,64,44,1187000,21490000,1387000,24064000,1187000,21502000,1406000,24095000,3998580007914902329
4,0030.txt,256,other,4,64,44,1164000,20963000,1426000,23553000,1163000,20989000,1436000,23588000,3998580007914902329
4,0030.txt,256,compact,0,64,44,1200000,21488000,1303000,23991000,1200000,21514000,1314000,24028000,3998580007914902329
4,0031.txt,160,original,0,64,49,229000,10717000,442000,11388000,228000,10738000,454000,11420000,1277513514513811977
4,0031.txt,160,full,1,64,49,228000,12395000,452000,13075000,229000,12419000,464000,13112000,1277513514513811977
4,0031.txt,160,tower,2,64,49,228000,12246000,367000,12841000,229000,12264000,367000,12860000,1277513514513811977
4,0031.txt,160,other,3,64,49,227000,12309000,399000,12935000,227000,12321000,414000,12962000,1277513514513811977
4,0031.txt,160,compact,4,64,49,242000,12578000,317000,13137000,244000,12605000,329000,13178000,1277513514513811977
4,0032.txt,224,original,4,64,48,310000,12445000,477000,13232000,310000,12464000,489000,13263000,12827533860645535518
4,0032.txt,224,full,0,64,48,312000,13699000,490000,14501000,312000,13724000,499000,14535000,12827533860645535518
4,0032.txt,224,tower,1,64,48,324000,13651000,416000,14391000,328000,13675000,425000,14428000,12827533860645535518
4,0032.txt,224,other,2,64,48,306000,13517000,448000,14271000,307000,13539000,452000,14298000,12827533860645535518
4,0032.txt,224,compact,3,64,48,301000,13842000,379000,14522000,302000,13872000,383000,14557000,12827533860645535518
4,0033.txt,160,original,3,64,43,389000,10456000,422000,11267000,389000,10482000,431000,11302000,13693103595731326709
4,0033.txt,160,full,4,64,43,402000,11842000,425000,12669000,402000,11855000,434000,12691000,13693103595731326709
4,0033.txt,160,tower,0,64,43,397000,11682000,323000,12402000,397000,11701000,334000,12432000,13693103595731326709
4,0033.txt,160,other,1,64,43,389000,11446000,390000,12225000,389000,11467000,397000,12253000,13693103595731326709
4,0033.txt,160,compact,2,64,43,418000,11794000,297000,12509000,418000,11816000,297000,12531000,13693103595731326709
4,0034.txt,288,original,2,64,41,1177000,25696000,1290000,28163000,1178000,25727000,1298000,28203000,11851417704820801821
4,0034.txt,288,full,3,64,41,1206000,28540000,1312000,31058000,1206000,28566000,1321000,31093000,11851417704820801821
4,0034.txt,288,tower,4,64,41,1183000,28717000,1248000,31148000,1184000,28741000,1264000,31189000,11851417704820801821
4,0034.txt,288,other,0,64,41,1170000,27425000,1248000,29843000,1170000,27447000,1255000,29872000,11851417704820801821
4,0034.txt,288,compact,1,64,41,1190000,28079000,1166000,30435000,1190000,28102000,1175000,30467000,11851417704820801821
4,0035.txt,128,original,1,49,37,66000,2329000,204000,2599000,65000,2354000,206000,2625000,1966248127026479111
4,0035.txt,128,full,2,49,37,64000,2538000,208000,2810000,65000,2554000,215000,2834000,1966248127026479111
4,0035.txt,128,tower,3,49,37,70000,2581000,162000,2813000,70000,2591000,185000,2846000,1966248127026479111
4,0035.txt,128,other,4,49,37,76000,2519000,163000,2758000,76000,2531000,168000,2775000,1966248127026479111
4,0035.txt,128,compact,0,49,37,69000,2550000,131000,2750000,70000,2556000,142000,2768000,1966248127026479111
4,0036.txt,192,original,0,64,50,716000,17069000,653000,18438000,716000,17097000,666000,18479000,3582229042672705885
4,0036.txt,192,full,1,64,50,715000,19164000,654000,20533000,716000,19184000,666000,20566000,3582229042672705885
4,0036.txt,192,tower,2,64,50,716000,19364000,523000,20603000,717000,19391000,531000,20639000,3582229042672705885
4,0036.txt,192,other,3,64,50,748000,18878000,611000,20237000,747000,18910000,627000,20284000,3582229042672705885
4,0036.txt,192,compact,4,64,50,715000,19247000,465000,20427000,714000,19266000,473000,20453000,3582229042672705885
4,0037.txt,288,original,4,64,45,577000,15489000,832000,16898000,577000,15512000,845000,16934000,11367272562188583031
4,0037.txt,288,full,0,64,45,575000,17139000,810000,18524000,574000,17157000,824000,18555000,11367272562188583031
4,0037.txt,288,tower,1,64,45,590000,17041000,737000,18368000,591000,17065000,749000,18405000,11367272562188583031
4,0037.txt,288,other,2,64,45,573000,16470000,759000,17802000,574000,16500000,768000,17842000,11367272562188583031
4,0037.txt,288,compact,3,64,45,584000,16751000,695000,18030000,583000,16772000,706000,18061000,11367272562188583031
4,0038.txt,192,original,3,64,55,249000,7742000,523000,8514000,249000,7782000,545000,8576000,5000358612861532629
4,0038.txt,192,full,4,64,55,268000,8703000,531000,9502000,269000,8725000,541000,9535000,5000358612861532629
4,0038.txt,192,tower,0,64,55,257000,8273000,429000,8959000,258000,8290000,442000,8990000,5000358612861532629
4,0038.txt,192,other,1,64,55,252000,8531000,465000,9248000,253000,8559000,475000,9287000,5000358612861532629
4,0038.txt,192,compact,2,64,55,248000,8301000,369000,8918000,249000,8315000,388000,8952000,5000358612861532629
4,0039.txt,256,original,2,64,43,192000,7240000,350000,7782000,192000,7255000,358000,7805000,1713245602201241720
4,0039.txt,256,full,3,64,43,172000,8182000,355000,8709000,172000,8206000,370000,8748000,1713245602201241720
4,0039.txt,256,tower,4,64,43,173000,8008000,310000,8491000,173000,8019000,316000,8508000,1713245602201241720
4,0039.txt,256,other,0,64,43,177000,8069000,342000,8588000,177000,8101000,353000,8631000,1713245602201241720
4,0039.txt,256,compact,1,64,43,176000,8112000,284000,8572000,175000,8124000,300000,8599000,1713245602201241720
4,0040.txt,224,original,1,64,43,155000,8229000,553000,8937000,155000,8254000,558000,8967000,872385857505348709
4,0040.txt,224,full,2,64,43,152000,9160000,552000,9864000,153000,9187000,558000,9898000,872385857505348709
4,0040.txt,224,tower,3,64,43,153000,9058000,526000,9737000,153000,9087000,539000,9779000,872385857505348709
4,0040.txt,224,other,4,64,43,155000,8931000,516000,9602000,156000,8961000,526000,9643000,872385857505348709
4,0040.txt,224,compact,0,64,43,155000,9092000,452000,9699000,155000,9107000,461000,9723000,872385857505348709
4,0041.txt,160,original,0,64,56,228000,6882000,353000,7463000,228000,6907000,357000,7492000,10397856525299628427
4,0041.txt,160,full,1,64,56,221000,7817000,367000,8405000,222000,7839000,379000,8440000,10397856525299628427
4,0041.txt,160,tower,2,64,56,219000,8191000,286000,8696000,220000,8213000,297000,8730000,10397856525299628427
4,0041.txt,160,other,3,64,56,225000,7603000,324000,8152000,226000,7623000,328000,8177000,10397856525299628427
4,0041.txt,160,compact,4,64,56,219000,8025000,228000,8472000,219000,8031000,246000,8496000,10397856525299628427
4,0042.txt,352,original,4,64,36,1127000,29852000,886000,31865000,1127000,29872000,900000,31899000,12427270659438181611
4,0042.txt,352,full,0,64,36,1141000,34037000,888000,36066000,1142000,34078000,894000,36114000,12427270659438181611
4,0042.txt,352,tower,1,64,36,1154000,34737000,916000,36807000,1154000,34761000,922000,36837000,12427270659438181611
4,0042.txt,352,other,2,64,36,1150000,35064000,913000,37127000,1150000,35099000,924000,37173000,12427270659438181611
4,0042.txt,352,compact,3,64,36,1134000,34076000,862000,36072000,1135000,34096000,876000,36107000,12427270659438181611
4,0043.txt,160,original,3,64,27,265000,7445000,367000,8077000,266000,7459000,373000,8098000,17317113132050913222
4,0043.txt,160,full,4,64,27,282000,7962000,364000,8608000,282000,7976000,367000,8625000,17317113132050913222
4,0043.txt,160,tower,0,64,27,267000,8025000,299000,8591000,268000,8046000,314000,8628000,17317113132050913222
4,0043.txt,160,other,1,64,27,258000,8376000,336000,8970000,259000,8403000,345000,9007000,17317113132050913222
4,0043.txt,160,compact,2,64,27,262000,8159000,285000,8706000,262000,8185000,296000,8743000,17317113132050913222
4,0044.txt,192,original,2,64,35,447000,12614000,444000,13505000,447000,12637000,455000,13539000,14244673959848913933
4,0044.txt,192,full,3,64,35,452000,13974000,448000,14874000,452000,13997000,457000,14906000,14244673959848913933
4,0044.txt,192,tower,4,64,35,503000,14800000,382000,15685000,532000,14909000,389000,15830000,14244673959848913933
4,0044.txt,192,other,0,64,35,447000,13780000,426000,14653000,448000,13802000,434000,14684000,14244673959848913933
4,0044.txt,192,compact,1,64,35,438000,13899000,326000,14663000,438000,13925000,325000,14688000,14244673959848913933
4,0045.txt,192,original,1,64,42,635000,8897000,525000,10057000,636000,8916000,540000,10092000,11015969575620966037
4,0045.txt,192,full,2,64,42,624000,9855000,526000,11005000,624000,9873000,533000,11030000,11015969575620966037
4,0045.txt,192,tower,3,64,42,643000,9853000,434000,10930000,644000,9870000,451000,10965000,11015969575620966037
4,0045.txt,192,other,4,64,42,624000,9633000,485000,10742000,624000,9646000,499000,10769000,11015969575620966037
4,0045.txt,192,compact,0,64,42,670000,9931000,389000,10990000,670000,9954000,401000,11025000,11015969575620966037
4,0046.txt,128,original,0,64,43,388000,10247000,421000,11056000,390000,10276000,426000,11092000,2499980644579135674
4,0046.txt,128,full,1,64,43,408000,11246000,429000,12083000,408000,11256000,437000,12101000,2499980644579135674
4,0046.txt,128,tower,2,64,43,418000,11077000,302000,11797000,419000,11096000,319000,11834000,2499980644579135674
4,0046.txt,128,other,3,64,43,388000,11044000,367000,11799000,389000,11065000,377000,11831000,2499980644579135674
4,0046.txt,128,compact,4,64,43,392000,11632000,283000,12307000,393000,11679000,288000,12360000,2499980644579135674
4,0047.txt,256,original,4,64,42,1181000,26255000,935000,28371000,1180000,26282000,944000,28406000,10022142641444623082
4,0047.txt,256,full,0,64,42,1164000,29711000,956000,31831000,1164000,29747000,966000,31877000,10022142641444623082
4,0047.txt,256,tower,1,64,42,1141000,29078000,845000,31064000,1142000,29101000,860000,31103000,10022142641444623082
4,0047.txt,256,other,2,64,42,1112000,28816000,904000,30832000,1112000,28843000,917000,30872000,10022142641444623082
4,0047.txt,256,compact,3,64,42,1139000,29142000,783000,31064000,1139000,29167000,784000,31090000,10022142641444623082
4,0048.txt,192,original,3,64,47,937000,14545000,686000,16168000,938000,14566000,699000,16203000,3768764602654705949
4,0048.txt,192,full,4,64,47,970000,16167000,690000,17827000,974000,16196000,702000,17872000,3768764602654705949
4,0048.txt,192,tower,0,64,47,932000,15955000,550000,17437000,932000,15987000,563000,17482000,3768764602654705949
4,0048.txt,192,other,1,64,47,928000,15727000,641000,17296000,928000,15745000,654000,17327000,3768764602654705949
4,0048.txt,192,compact,2,64,47,904000,15940000,506000,17350000,906000,15958000,518000,17382000,3768764602654705949
4,0049.txt,192,original,2,64,46,716000,13297000,559000,14572000,717000,13331000,572000,14620000,5345024174446336161
4,0049.txt,192,full,3,64,46,699000,14802000,585000,16086000,699000,14830000,595000,16124000,5345024174446336161
4,0049.txt,192,tower,4,64,46,701000,14913000,453000,16067000,700000,14933000,462000,16095000,5345024174446336161
4,0049.txt,192,other,0,64,46,717000,14574000,548000,15839000,716000,14602000,553000,15871000,5345024174446336161
4,0049.txt,192,compact,1,64,46,712000,14378000,413000,15503000,713000,14396000,418000,15527000,5345024174446336161
4,0050.txt,128,original,1,64,37,247000,5764000,399000,6410000,247000,5777000,405000,6429000,12997574625261075627
4,0050.txt,128,full,2,64,37,242000,6534000,413000,7189000,242000,6546000,425000,7213000,12997574625261075627
4,0050.txt,128,tower,3,64,37,246000,6280000,318000,6844000,246000,6296000,323000,6865000,12997574625261075627
4,0050.txt,128,other,4,64,37,243000,6257000,340000,6840000,242000,6276000,358000,6876000,12997574625261075627
4,0050.txt,128,compact,0,64,37,246000,6533000,268000,7047000,247000,6554000,269000,7070000,12997574625261075627
4,0051.txt,160,original,0,64,50,276000,7320000,438000,8034000,277000,7347000,451000,8075000,12279836665363317183
4,0051.txt,160,full,1,64,50,243000,8151000,429000,8823000,244000,8165000,437000,8846000,12279836665363317183
4,0051.txt,160,tower,2,64,50,247000,8177000,347000,8771000,247000,8195000,350000,8792000,12279836665363317183
4,0051.txt,160,other,3,64,50,245000,8394000,384000,9023000,246000,8417000,387000,9050000,12279836665363317183
4,0051.txt,160,compact,4,64,50,250000,8341000,277000,8868000,250000,8356000,293000,8899000,12279836665363317183
4,0052.txt,224,original,4,64,49,467000,13381000,658000,14506000,467000,13405000,669000,14541000,9179596259479780699
4,0052.txt,224,full,0,64,49,487000,15200000,666000,16353000,487000,15236000,678000,16401000,9179596259479780699
4,0052.txt,224,tower,1,64,49,521000,15263000,573000,16357000,521000,15296000,579000,16396000,9179596259479780699
4,0052.txt,224,other,2,64,49,474000,14986000,606000,16066000,475000,15023000,616000,16114000,9179596259479780699
4,0052.txt,224,compact,3,64,49,459000,14747000,494000,15700000,459000,14776000,501000,15736000,9179596259479780699
4,0053.txt,192,original,3,64,60,243000,7656000,527000,8426000,244000,7668000,547000,8459000,2465353185479614519
4,0053.txt,192,full,4,64,60,249000,8534000,553000,9336000,249000,8554000,570000,9373000,2465353185479614519
4,0053.txt,192,tower,0,64,60,244000,8529000,441000,9214000,245000,8547000,455000,9247000,2465353185479614519
4,0053.txt,192,other,1,64,60,244000,8287000,481000,9012000,244000,8311000,498000,9053000,2465353185479614519
4,0053.txt,192,compact,2,64,60,241000,8527000,383000,9151000,242000,8543000,403000,9188000,2465353185479614519
4,0054.txt,256,original,2,64,50,745000,21143000,1053000,22941000,746000,21165000,1064000,22975000,1977551075025097523
4,0054.txt,256,full,3,64,50,726000,24077000,1123000,25926000,727000,24097000,1147000,25971000,1977551075025097523
4,0054.txt,256,tower,4,64,50,732000,23644000,950000,25326000,733000,23667000,954000,25354000,1977551075025097523
4,0054.txt,256,other,0,64,50,734000,23458000,988000,25180000,734000,23490000,1007000,25231000,1977551075025097523
4,0054.txt,256,compact,1,64,50,742000,23495000,868000,25105000,743000,23522000,871000,25136000,1977551075025097523
4,0055.txt,288,original,1,64,39,1248000,25082000,722000,27052000,1249000,25127000,728000,27104000,1917009490484356854
4,0055.txt,288,full,2,64,39,1241000,28014000,713000,29968000,1242000,28040000,719000,30001000,1917009490484356854
4,0055.txt,288,tower,3,64,39,1267000,28669000,662000,30598000,1267000,28701000,671000,30639000,1917009490484356854
4,0055.txt,288,other,4,64,39,1262000,27553000,709000,29524000,1262000,27577000,718000,29557000,1917009490484356854
4,0055.txt,288,compact,0,64,39,1256000,27875000,612000,29743000,1257000,27906000,622000,29785000,1917009490484356854
4,0056.txt,224,original,0,64,39,472000,11414000,550000,12436000,473000,11432000,562000,12467000,6905413677133017825
4,0056.txt,224,full,1,64,39,469000,12545000,523000,13537000,468000,12571000,526000,13565000,6905413677133017825
4,0056.txt,224,tower,2,64,39,470000,12761000,461000,13692000,471000,12773000,466000,13710000,6905413677133017825
4,0056.txt,224,other,3,64,39,472000,12457000,496000,13425000,473000,12483000,503000,13459000,6905413677133017825
4,0056.txt,224,compact,4,64,39,471000,12497000,403000,13371000,472000,12512000,416000,13400000,6905413677133017825
4,0057.txt,256,original,4,64,54,809000,18524000,975000,20308000,810000,18549000,987000,20346000,10523818247767909617
4,0057.txt,256,full,0,64,54,836000,20522000,948000,22306000,836000,20544000,958000,22338000,10523818247767909617
4,0057.txt,256,tower,1,64,54,816000,20427000,859000,22102000,817000,20457000,868000,22142000,10523818247767909617
4,0057.txt,256,other,2,64,54,825000,20197000,901000,21923000,824000,20228000,913000,21965000,10523818247767909617
4,0057.txt,256,compact,3,64,54,820000,20169000,773000,21762000,821000,20205000,788000,21814000,10523818247767909617
4,0058.txt,256,original,3,64,47,615000,20302000,964000,21881000,616000,20320000,978000,21914000,8747116303198179067
4,0058.txt,256,full,4,64,47,625000,22485000,973000,24083000,625000,22521000,987000,24133000,8747116303198179067
4,0058.txt,256,tower,0,64,47,616000,22788000,876000,24280000,616000,22817000,888000,24321000,8747116303198179067
4,0058.txt,256,other,1,64,47,627000,22042000,909000,23578000,627000,22058000,924000,23609000,8747116303198179067
4,0058.txt,256,compact,2,64,47,626000,22467000,821000,23914000,626000,22501000,823000,23950000,8747116303198179067
4,0059.txt,192,original,2,64,47,105000,4947000,240000,5292000,105000,4959000,252000,5316000,8776027305845615921
4,0059.txt,192,full,3,64,47,116000,5497000,242000,5855000,118000,5514000,250000,5882000,8776027305845615921
4,0059.txt,192,tower,4,64,47,106000,5368000,203000,5677000,107000,5380000,210000,5697000,8776027305845615921
4,0059.txt,192,other,0,64,47,109000,5388000,240000,5737000,109000,5408000,244000,5761000,8776027305845615921
4,0059.txt,192,compact,1,64,47,105000,5393000,182000,5680000,105000,5405000,195000,5705000,8776027305845615921
4,0060.txt,224,original,1,64,40,231000,11238000,520000,11989000,232000,11289000,528000,12049000,9265774647566182347
4,0060.txt,224,full,2,64,40,228000,12344000,512000,13084000,229000,12369000,519000,13117000,9265774647566182347
4,0060.txt,224,tower,3,64,40,225000,11799000,453000,12477000,226000,11818000,462000,12506000,9265774647566182347
4,0060.txt,224,other,4,64,40,238000,11901000,451000,12590000,238000,11928000,466000,12632000,9265774647566182347
4,0060.txt,224,compact,0,64,40,232000,12221000,406000,12859000,232000,12245000,420000,12897000,9265774647566182347
4,0061.txt,192,original,0,64,47,699000,17559000,925000,19183000,699000,17583000,930000,19212000,9109783169076520820
4,0061.txt,192,full,1,64,47,685000,19179000,919000,20783000,686000,19204000,925000,20815000,9109783169076520820
4,0061.txt,192,tower,2,64,47,697000,19490000,769000,20956000,698000,19522000,775000,20995000,9109783169076520820
4,0061.txt,192,other,3,64,47,681000,18983000,821000,20485000,681000,19005000,831000,20517000,9109783169076520820
4,0061.txt,192,compact,4,64,47,713000,18858000,641000,20212000,714000,18876000,665000,20255000,9109783169076520820
4,0062.txt,224,original,4,64,51,519000,16248000,632000,17399000,520000,16270000,646000,17436000,6235176586112113050
4,0062.txt,224,full,0,64,51,536000,18280000,646000,19462000,536000,18306000,655000,19497000,6235176586112113050
4,0062.txt,224,tower,1,64,51,494000,18033000,553000,19080000,493000,18064000,564000,19121000,6235176586112113050
4,0062.txt,224,other,2,64,51,499000,17865000,610000,18974000,500000,17885000,626000,19011000,6235176586112113050
4,0062.txt,224,compact,3,64,51,494000,17964000,497000,18955000,495000,17986000,504000,18985000,6235176586112113050
4,0063.txt,256,original,3,64,43,541000,15906000,836000,17283000,541000,15920000,846000,17307000,2811221567898568818
4,0063.txt,256,full,4,64,43,535000,17972000,863000,19370000,534000,18005000,883000,19422000,2811221567898568818
4,0063.txt,256,tower,0,64,43,541000,18044000,769000,19354000,541000,18072000,780000,19393000,2811221567898568818
4,0063.txt,256,other,1,64,43,532000,17802000,818000,19152000,532000,17825000,829000,19186000,2811221567898568818
4,0063.txt,256,compact,2,64,43,535000,18020000,685000,19240000,536000,18047000,694000,19277000,2811221567898568818
4,0064.txt,224,original,2,64,44,408000,6543000,592000,7543000,408000,6564000,605000,7577000,6923825489153610959
4,0064.txt,224,full,3,64,44,418000,7047000,610000,8075000,419000,7071000,617000,8107000,6923825489153610959
4,0064.txt,224,tower,4,64,44,410000,6949000,519000,7878000,410000,6972000,523000,7905000,6923825489153610959
4,0064.txt,224,other,0,64,44,410000,6930000,549000,7889000,411000,6946000,553000,7910000,6923825489153610959
4,0064.txt,224,compact,1,64,44,409000,6920000,447000,7776000,409000,6936000,458000,7803000,6923825489153610959
4,0065.txt,192,original,1,64,43,208000,7997000,501000,8706000,209000,8013000,506000,8728000,17408032648247834609
4,0065.txt,192,full,2,64,43,206000,8843000,489000,9538000,207000,8856000,504000,9567000,17408032648247834609
4,0065.txt,192,tower,3,64,43,191000,8775000,435000,9401000,191000,8798000,443000,9432000,17408032648247834609
4,0065.txt,192,other,4,64,43,187000,8771000,457000,9415000,188000,8790000,465000,9443000,17408032648247834609
4,0065.txt,192,compact,0,64,43,187000,8743000,372000,9302000,187000,8760000,382000,9329000,17408032648247834609
4,0066.txt,224,original,0,64,29,978000,22482000,968000,24428000,978000,22502000,971000,24451000,8875708553305440087
4,0066.txt,224,full,1,64,29,948000,24543000,953000,26444000,948000,24567000,956000,26471000,8875708553305440087
4,0066.txt,224,tower,2,64,29,947000,24095000,853000,25895000,948000,24113000,852000,25913000,8875708553305440087
4,0066.txt,224,other,3,64,29,921000,24283000,870000,26074000,922000,24299000,872000,26093000,8875708553305440087
4,0066.txt,224,compact,4,64,29,947000,24003000,764000,25714000,947000,24029000,765000,25741000,8875708553305440087
4,0067.txt,192,original,4,64,37,324000,10790000,542000,11656000,323000,10813000,553000,11689000,1054547824349595996
4,0067.txt,192,full,0,64,37,321000,11845000,545000,12711000,322000,11872000,559000,12753000,1054547824349595996
4,0067.txt,192,tower,1,64,37,325000,11720000,479000,12524000,325000,11749000,486000,12560000,1054547824349595996
4,0067.txt,192,other,2,64,37,320000,11517000,495000,12332000,320000,11525000,504000,12349000,1054547824349595996
4,0067.txt,192,compact,3,64,37,321000,11345000,397000,12063000,322000,11365000,403000,12090000,1054547824349595996
4,0068.txt,352,original,3,64,36,1898000,28309000,1016000,31223000,1898000,28328000,1025000,31251000,16704674484913076321
4,0068.txt,352,full,4,64,36,1924000,31835000,1046000,34805000,1924000,31870000,1052000,34846000,16704674484913076321
4,0068.txt,352,tower,0,64,36,1931000,32043000,1030000,35004000,1932000,32075000,1032000,35039000,16704674484913076321
4,0068.txt,352,other,1,64,36,1907000,32212000,1024000,35143000,1908000,32242000,1037000,35187000,16704674484913076321
4,0068.txt,352,compact,2,64,36,1917000,31761000,956000,34634000,1916000,31785000,962000,34663000,16704674484913076321
4,0069.txt,128,original,2,64,55,255000,7769000,504000,8528000,256000,7790000,508000,8554000,10272637644074201381
4,0069.txt,128,full,3,64,55,245000,8769000,497000,9511000,246000,8783000,518000,9547000,10272637644074201381
4,0069.txt,128,tower,4,64,55,246000,8378000,362000,8986000,246000,8386000,374000,9006000,10272637644074201381
4,0069.txt,128,other,0,64,55,249000,8317000,412000,8978000,247000,8341000,423000,9011000,10272637644074201381
4,0069.txt,128,compact,1,64,55,239000,8381000,282000,8902000,240000,8403000,293000,8936000,10272637644074201381
4,0070.txt,320,original,1,64,43,1225000,44232000,1492000,46949000,1226000,44259000,1499000,46984000,6636878282639228694
4,0070.txt,320,full,2,64,43,1246000,50354000,1477000,53077000,1252000,50382000,1482000,53116000,6636878282639228694
4,0070.txt,320,tower,3,64,43,1226000,49385000,1419000,52030000,1226000,49407000,1431000,52064000,6636878282639228694
4,0070.txt,320,other,4,64,43,1256000,49303000,1446000,52005000,1256000,49331000,1463000,52050000,6636878282639228694
4,0070.txt,320,compact,0,64,43,1243000,49380000,1361000,51984000,1247000,49411000,1371000,52029000,6636878282639228694
4,0071.txt,288,original,0,64,34,1292000,29648000,1031000,31971000,1291000,29704000,1039000,32034000,5480489002906609640
4,0071.txt,288,full,1,64,34,1244000,32524000,1053000,34821000,1245000,32553000,1061000,34859000,5480489002906609640
4,0071.txt,288,tower,2,64,34,1241000,33054000,987000,35282000,1240000,33086000,993000,35319000,5480489002906609640
4,0071.txt,288,other,3,64,34,1242000,31633000,982000,33857000,1243000,31661000,993000,33897000,5480489002906609640
4,0071.txt,288,compact,4,64,34,1250000,32118000,902000,34270000,1251000,32142000,912000,34305000,5480489002906609640
4,0072.txt,192,original,4,64,53,135000,7101000,371000,7607000,135000,7115000,388000,7638000,3456405102086958663
4,0072.txt,192,full,0,64,53,135000,7982000,395000,8512000,136000,8003000,401000,8540000,3456405102086958663
4,0072.txt,192,tower,1,64,53,143000,8061000,347000,8551000,143000,8071000,367000,8581000,3456405102086958663
4,0072.txt,192,other,2,64,53,133000,7801000,340000,8274000,134000,7805000,348000,8287000,3456405102086958663
4,0072.txt,192,compact,3,64,53,135000,7840000,263000,8238000,136000,7859000,279000,8274000,3456405102086958663
4,0073.txt,160,original,3,64,45,762000,14165000,680000,15607000,761000,14189000,689000,15639000,7837691528528546932
4,0073.txt,160,full,4,64,45,771000,16012000,718000,17501000,771000,16037000,735000,17543000,7837691528528546932
4,0073.txt,160,tower,0,64,45,769000,16162000,557000,17488000,769000,16186000,573000,17528000,7837691528528546932
4,0073.txt,160,other,1,64,45,759000,15870000,629000,17258000,760000,15893000,634000,17287000,7837691528528546932
4,0073.txt,160,compact,2,64,45,772000,16311000,478000,17561000,773000,16331000,489000,17593000,7837691528528546932
4,0074.txt,128,original,2,64,40,210000,4883000,260000,5353000,209000,4903000,270000,5382000,11002935191480867671
4,0074.txt,128,full,3,64,40,230000,5359000,274000,5863000,231000,5374000,280000,5885000,11002935191480867671
4,0074.txt,128,tower,4,64,40,232000,5251000,182000,5665000,233000,5275000,197000,5705000,11002935191480867671
4,0074.txt,128,other,0,64,40,216000,5442000,238000,5896000,217000,5458000,246000,5921000,11002935191480867671
4,0074.txt,128,compact,1,64,40,212000,5298000,167000,5677000,213000,5313000,167000,5693000,11002935191480867671
4,0075.txt,288,original,1,64,30,1026000,27666000,892000,29584000,1027000,27688000,896000,29611000,2583345268107875064
4,0075.txt,288,full,2,64,30,1003000,30941000,888000,32832000,1005000,30964000,897000,32866000,2583345268107875064
4,0075.txt,288,tower,3,64,30,1010000,31410000,852000,33272000,1011000,31444000,862000,33317000,2583345268107875064
4,0075.txt,288,other,4,64,30,1006000,29783000,844000,31633000,1006000,29808000,854000,31668000,2583345268107875064
4,0075.txt,288,compact,0,64,30,1020000,30678000,797000,32495000,1021000,30704000,808000,32533000,2583345268107875064
4,0076.txt,192,original,0,64,52,748000,19082000,937000,20767000,748000,19105000,949000,20802000,14019256839176950374
4,0076.txt,192,full,1,64,52,773000,21162000,943000,22878000,774000,21190000,957000,22921000,14019256839176950374
4,0076.txt,192,tower,2,64,52,747000,21117000,797000,22661000,747000,21140000,812000,22699000,14019256839176950374
4,0076.txt,192,other,3,64,52,746000,20930000,831000,22507000,746000,20962000,840000,22548000,14019256839176950374
4,0076.txt,192,compact,4,64,52,754000,20676000,668000,22098000,754000,20696000,673000,22123000,14019256839176950374
4,0077.txt,128,original,4,64,55,167000,6304000,322000,6793000,167000,6324000,338000,6829000,17479160985738783937
4,0077.txt,128,full,0,64,55,188000,7037000,318000,7543000,188000,7048000,335000,7571000,17479160985738783937
4,0077.txt,128,tower,1,64,55,170000,6939000,240000,7349000,170000,6960000,252000,7382000,17479160985738783937
4,0077.txt,128,other,2,64,55,169000,6690000,279000,7138000,169000,6721000,293000,7183000,17479160985738783937
4,0077.txt,128,compact,3,64,55,167000,7012000,196000,7375000,167000,7033000,201000,7401000,17479160985738783937
4,0078.txt,224,original,3,64,44,703000,14190000,850000,15743000,703000,14218000,855000,15776000,14185763832882636607
4,0078.txt,224,full,4,64,44,696000,15889000,851000,17436000,697000,15905000,864000,17466000,14185763832882636607
4,0078.txt,224,tower,0,64,44,699000,15874000,742000,17315000,700000,15894000,753000,17347000,14185763832882636607
4,0078.txt,224,other,1,64,44,697000,15641000,777000,17115000,697000,15672000,783000,17152000,14185763832882636607
4,0078.txt,224,compact,2,64,44,715000,15515000,656000,16886000,716000,15543000,668000,16927000,14185763832882636607
4,0079.txt,160,original,2,64,48,84000,4095000,268000,4447000,84000,4117000,273000,4474000,18107065893375765734
4,0079.txt,160,full,3,64,48,81000,4473000,273000,4827000,81000,4493000,279000,4853000,18107065893375765734
4,0079.txt,160,tower,4,64,48,85000,4460000,224000,4769000,84000,4478000,239000,4801000,18107065893375765734
4,0079.txt,160,other,0,64,48,86000,4584000,234000,4904000,87000,4606000,245000,4938000,18107065893375765734
4,0079.txt,160,compact,1,64,48,84000,4542000,188000,4814000,84000,4558000,192000,4834000,18107065893375765734
4,0080.txt,192,original,1,64,48,505000,14280000,615000,15400000,506000,14296000,626000,15428000,7914294815535909058
4,0080.txt,192,full,2,64,48,522000,15682000,596000,16800000,522000,15708000,609000,16839000,7914294815535909058
4,0080.txt,192,tower,3,64,48,521000,15689000,489000,16699000,522000,15721000,501000,16744000,7914294815535909058
4,0080.txt,192,other,4,64,48,523000,15239000,548000,16310000,523000,15257000,564000,16344000,7914294815535909058
4,0080.txt,192,compact,0,64,48,525000,15149000,423000,16097000,525000,15165000,431000,16121000,7914294815535909058
4,0081.txt,256,original,0,64,48,1670000,44261000,1167000,47098000,1671000,44307000,1165000,47143000,12611955559657520540
4,0081.txt,256,full,1,64,48,1653000,49877000,1166000,52696000,1653000,49896000,1179000,52728000,12611955559657520540
4,0081.txt,256,tower,2,64,48,1661000,50115000,1052000,52828000,1662000,50141000,1060000,52863000,12611955559657520540
4,0081.txt,256,other,3,64,48,1632000,49346000,1142000,52120000,1633000,49386000,1151000,52170000,12611955559657520540
4,0081.txt,256,compact,4,64,48,1678000,49191000,947000,51816000,1678000,49216000,960000,51854000,12611955559657520540
4,0082.txt,224,original,4,64,43,1138000,21547000,1059000,23744000,1138000,21568000,1072000,23778000,15976384220259857970
4,0082.txt,224,full,0,64,43,1121000,23720000,1087000,25928000,1122000,23745000,1104000,25971000,15976384220259857970
4,0082.txt,224,tower,1,64,43,1091000,23636000,965000,25692000,1091000,23658000,975000,25724000,15976384220259857970
4,0082.txt,224,other,2,64,43,1131000,23682000,990000,25803000,1130000,23708000,1008000,25846000,15976384220259857970
4,0082.txt,224,compact,3,64,43,1134000,24222000,868000,26224000,1135000,24249000,878000,26262000,15976384220259857970
4,0083.txt,160,original,3,64,45,419000,10046000,526000,10991000,419000,10058000,530000,11007000,2709579689513296368
4,0083.txt,160,full,4,64,45,408000,11354000,508000,12270000,409000,11385000,514000,12308000,2709579689513296368
4,0083.txt,160,tower,0,64,45,421000,11026000,392000,11839000,422000,11041000,397000,11860000,2709579689513296368
4,0083.txt,160,other,1,64,45,404000,11174000,450000,12028000,404000,11198000,458000,12060000,2709579689513296368
4,0083.txt,160,compact,2,64,45,412000,11350000,327000,12089000,413000,11376000,341000,12130000,2709579689513296368
4,0084.txt,224,original,2,64,29,1184000,15840000,626000,17650000,1185000,15859000,630000,17674000,8219160516625378647
4,0084.txt,224,full,3,64,29,1204000,17068000,626000,18898000,1205000,17090000,628000,18923000,8219160516625378647
4,0084.txt,224,tower,4,64,29,1194000,16971000,528000,18693000,1195000,16983000,536000,18714000,8219160516625378647
4,0084.txt,224,other,0,64,29,1208000,16776000,571000,18555000,1209000,16799000,579000,18587000,8219160516625378647
4,0084.txt,224,compact,1,64,29,1199000,17204000,498000,18901000,1199000,17238000,501000,18938000,8219160516625378647
4,0085.txt,256,original,1,64,52,389000,9560000,725000,10674000,389000,9590000,735000,10714000,9843680023606892368
4,0085.txt,256,full,2,64,52,382000,10246000,713000,11341000,382000,10269000,712000,11363000,9843680023606892368
4,0085.txt,256,tower,3,64,52,386000,10105000,629000,11120000,386000,10132000,640000,11158000,9843680023606892368
4,0085.txt,256,other,4,64,52,400000,10252000,659000,11311000,401000,10281000,675000,11357000,9843680023606892368
4,0085.txt,256,compact,0,64,52,408000,10111000,560000,11079000,409000,10131000,569000,11109000,9843680023606892368
4,0086.txt,96,original,0,64,41,146000,4170000,311000,4627000,147000,4183000,314000,4644000,1746008403728494063
4,0086.txt,96,full,1,64,41,134000,4596000,313000,5043000,134000,4617000,317000,5068000,1746008403728494063
4,0086.txt,96,tower,2,64,41,136000,4552000,236000,4924000,137000,4576000,238000,4951000,1746008403728494063
4,0086.txt,96,other,3,64,41,134000,4447000,246000,4827000,135000,4465000,255000,4855000,1746008403728494063
4,0086.txt,96,compact,4,64,41,148000,4531000,169000,4848000,149000,4547000,173000,4869000,1746008403728494063
4,0087.txt,224,original,4,64,56,256000,7856000,471000,8583000,256000,7879000,483000,8618000,6062298770127305429
4,0087.txt,224,full,0,64,56,253000,8687000,481000,9421000,253000,8704000,493000,9450000,6062298770127305429
4,0087.txt,224,tower,1,64,56,250000,8629000,414000,9293000,250000,8649000,424000,9323000,6062298770127305429
4,0087.txt,224,other,2,64,56,251000,8541000,426000,9218000,251000,8568000,445000,9264000,6062298770127305429
4,0087.txt,224,compact,3,64,56,251000,8906000,347000,9504000,252000,8936000,369000,9557000,6062298770127305429
4,0088.txt,224,original,3,64,51,402000,9058000,551000,10011000,402000,9078000,559000,10039000,1932990849624522106
4,0088.txt,224,full,4,64,51,371000,10280000,546000,11197000,370000,10303000,558000,11231000,1932990849624522106
4,0088.txt,224,tower,0,64,51,377000,10077000,451000,10905000,377000,10104000,465000,10946000,1932990849624522106
4,0088.txt,224,other,1,64,51,376000,10228000,493000,11097000,377000,10246000,505000,11128000,1932990849624522106
4,0088.txt,224,compact,2,64,51,380000,10035000,404000,10819000,381000,10064000,416000,10861000,1932990849624522106
4,0089.txt,320,original,2,64,37,1155000,37178000,1042000,39375000,1155000,37204000,1053000,39412000,6980722571508482437
4,0089.txt,320,full,3,64,37,1173000,41356000,1036000,43565000,1174000,41389000,1042000,43605000,6980722571508482437
4,0089.txt,320,tower,4,64,37,1172000,41259000,989000,43420000,1173000,41283000,993000,43449000,6980722571508482437
4,0089.txt,320,other,0,64,37,1193000,40517000,990000,42700000,1193000,40554000,998000,42745000,6980722571508482437
4,0089.txt,320,compact,1,64,37,1235000,40789000,918000,42942000,1239000,40807000,932000,42978000,6980722571508482437
4,0090.txt,224,original,1,64,36,217000,7768000,482000,8467000,217000,7785000,478000,8480000,17418676575136399411
4,0090.txt,224,full,2,64,36,215000,8527000,479000,9221000,216000,8547000,476000,9239000,17418676575136399411
4,0090.txt,224,tower,3,64,36,214000,8443000,422000,9079000,215000,8460000,426000,9101000,17418676575136399411
4,0090.txt,224,other,4,64,36,217000,8330000,409000,8956000,216000,8341000,412000,8969000,17418676575136399411
4,0090.txt,224,compact,0,64,36,228000,8279000,356000,8863000,229000,8302000,364000,8895000,17418676575136399411
4,0091.txt,128,original,0,64,49,246000,5370000,332000,5948000,245000,5389000,343000,5977000,6905654600788291276
4,0091.txt,128,full,1,64,49,247000,5876000,362000,6485000,248000,5891000,364000,6503000,6905654600788291276
4,0091.txt,128,tower,2,64,49,240000,6158000,241000,6639000,241000,6177000,251000,6669000,6905654600788291276
4,0091.txt,128,other,3,64,49,242000,5721000,293000,6256000,242000,5741000,303000,6286000,6905654600788291276
4,0091.txt,128,compact,4,64,49,243000,6059000,192000,6494000,243000,6073000,209000,6525000,6905654600788291276
4,0092.txt,320,original,4,64,34,2280000,41068000,1652000,45000000,2281000,41093000,1663000,45037000,17892104883127441197
4,0092.txt,320,full,0,64,34,2273000,45421000,1625000,49319000,2272000,45446000,1635000,49353000,17892104883127441197
4,0092.txt,320,tower,1,64,34,2271000,45222000,1605000,49098000,2272000,45240000,1616000,49128000,17892104883127441197
4,0092.txt,320,other,2,64,34,2260000,45155000,1638000,49053000,2260000,45180000,1645000,49085000,17892104883127441197
4,0092.txt,320,compact,3,64,34,2293000,44999000,1507000,48799000,2293000,45026000,1515000,48834000,17892104883127441197
4,0093.txt,128,original,3,63,60,110000,4953000,417000,5480000,111000,4964000,429000,5504000,9403735909905401337
4,0093.txt,128,full,4,63,60,111000,5377000,382000,5870000,111000,5389000,407000,5907000,9403735909905401337
4,0093.txt,128,tower,0,63,60,116000,5359000,333000,5808000,116000,5374000,345000,5835000,9403735909905401337
4,0093.txt,128,other,1,63,60,123000,5188000,339000,5650000,124000,5208000,353000,5685000,9403735909905401337
4,0093.txt,128,compact,2,63,60,108000,5225000,254000,5587000,109000,5250000,259000,5618000,9403735909905401337
4,0094.txt,288,original,2,64,59,242000,7615000,500000,8357000,242000,7636000,525000,8403000,15807896437645640352
4,0094.txt,288,full,3,64,59,244000,8406000,521000,9171000,245000,8428000,546000,9219000,15807896437645640352
4,0094.txt,288,tower,4,64,59,267000,8517000,484000,9268000,268000,8535000,489000,9292000,15807896437645640352
4,0094.txt,288,other,0,64,59,259000,8220000,490000,8969000,259000,8241000,500000,9000000,15807896437645640352
4,0094.txt,288,compact,1,64,59,248000,8216000,426000,8890000,248000,8231000,441000,8920000,15807896437645640352
4,0095.txt,192,original,1,64,40,862000,18660000,663000,20185000,862000,18683000,673000,20218000,14558885443859604524
4,0095.txt,192,full,2,64,40,839000,20823000,671000,22333000,838000,20844000,682000,22364000,14558885443859604524
4,0095.txt,192,tower,3,64,40,869000,21087000,562000,22518000,868000,21117000,569000,22554000,14558885443859604524
4,0095.txt,192,other,4,64,40,837000,20869000,619000,22325000,838000,20907000,629000,22374000,14558885443859604524
4,0095.txt,192,compact,0,64,40,876000,20657000,480000,22013000,877000,20683000,487000,22047000,14558885443859604524
4,0096.txt,160,original,0,64,62,206000,6301000,348000,6855000,206000,6310000,358000,6874000,9102786252669791947
4,0096.txt,160,full,1,64,62,188000,7027000,355000,7570000,189000,7046000,374000,7609000,9102786252669791947
4,0096.txt,160,tower,2,64,62,192000,7034000,269000,7495000,191000,7052000,281000,7524000,9102786252669791947
4,0096.txt,160,other,3,64,62,188000,6936000,321000,7445000,189000,6958000,329000,7476000,9102786252669791947
4,0096.txt,160,compact,4,64,62,191000,7267000,235000,7693000,192000,7292000,251000,7735000,9102786252669791947
4,0097.txt,288,original,4,64,36,1350000,42142000,1629000,45121000,1351000,42165000,1636000,45152000,2803104666536711401
4,0097.txt,288,full,0,64,36,1352000,46832000,1617000,49801000,1351000,46863000,1622000,49836000,2803104666536711401
4,0097.txt,288,tower,1,64,36,1338000,47291000,1552000,50181000,1338000,47325000,1564000,50227000,2803104666536711401
4,0097.txt,288,other,2,64,36,1352000,45859000,1560000,48771000,1353000,45889000,1572000,48814000,2803104666536711401
4,0097.txt,288,compact,3,64,36,1335000,46578000,1454000,49367000,1335000,46609000,1467000,49411000,2803104666536711401
4,0098.txt,160,original,3,64,55,262000,7169000,571000,8002000,262000,7187000,591000,8040000,9847453008769540877
4,0098.txt,160,full,4,64,55,264000,7803000,572000,8639000,264000,7814000,587000,8665000,9847453008769540877
4,0098.txt,160,tower,0,64,55,271000,7876000,471000,8618000,270000,7903000,482000,8655000,9847453008769540877
4,0098.txt,160,other,1,64,55,260000,8001000,501000,8762000,260000,8032000,517000,8809000,9847453008769540877
4,0098.txt,160,compact,2,64,55,266000,8172000,397000,8835000,266000,8188000,412000,8866000,9847453008769540877
4,0099.txt,256,original,2,64,38,497000,12654000,500000,13651000,498000,12679000,507000,13684000,446694983656461108
4,0099.txt,256,full,3,64,38,492000,14040000,500000,15032000,493000,14061000,510000,15064000,446694983656461108
4,0099.txt,256,tower,4,64,38,498000,13613000,437000,14548000,499000,13642000,442000,14583000,446694983656461108
4,0099.txt,256,other,0,64,38,487000,13549000,466000,14502000,486000,13561000,475000,14522000,446694983656461108
4,0099.txt,256,compact,1,64,38,486000,13604000,405000,14495000,486000,13623000,421000,14530000,446694983656461108
5,0000.txt,128,original,0,37,37,77000,1294000,139000,1510000,78000,1377000,139000,1594000,816204004610948454
5,0000.txt,128,full,1,37,37,70000,1217000,132000,1419000,70000,1224000,132000,1426000,816204004610948454
5,0000.txt,128,tower,2,37,37,70000,1246000,101000,1417000,69000,1249000,112000,1430000,816204004610948454
5,0000.txt,128,other,3,37,37,68000,1215000,104000,1387000,69000,1225000,111000,1405000,816204004610948454
5,0000.txt,128,compact,4,37,37,66000,1189000,80000,1335000,67000,1201000,81000,1349000,816204004610948454
5,0001.txt,160,original,4,64,47,161000,6361000,382000,6904000,160000,6413000,392000,6965000,9659342416910865731
5,0001.txt,160,full,0,64,47,185000,6747000,373000,7305000,189000,6766000,386000,7341000,9659342416910865731
5,0001.txt,160,tower,1,64,47,165000,6732000,295000,7192000,166000,6753000,306000,7225000,9659342416910865731
5,0001.txt,160,other,2,64,47,179000,6951000,319000,7449000,180000,6984000,325000,7489000,9659342416910865731
5,0001.txt,160,compact,3,64,47,158000,6720000,234000,7112000,159000,6736000,242000,7137000,9659342416910865731
5,0002.txt,160,original,3,64,62,224000,7757000,495000,8476000,224000,7783000,509000,8516000,13336614233393630273
5,0002.txt,160,full,4,64,62,222000,8411000,491000,9124000,223000,8424000,506000,9153000,13336614233393630273
5,0002.txt,160,tower,0,64,62,232000,8459000,388000,9079000,233000,8481000,405000,9119000,13336614233393630273
5,0002.txt,160,other,1,64,62,224000,8559000,433000,9216000,223000,8566000,444000,9233000,13336614233393630273
5,0002.txt,160,compact,2,64,62,222000,8620000,316000,9158000,222000,8644000,325000,9191000,13336614233393630273
5,0003.txt,288,original,2,64,37,210000,8207000,379000,8796000,210000,8225000,385000,8820000,9846154642387442228
5,0003.txt,288,full,3,64,37,198000,9463000,385000,10046000,197000,9481000,395000,10073000,9846154642387442228
5,0003.txt,288,tower,4,64,37,200000,9735000,372000,10307000,199000,9754000,380000,10333000,9846154642387442228
5,0003.txt,288,other,0,64,37,202000,9119000,356000,9677000,203000,9137000,369000,9709000,9846154642387442228
5,0003.txt,288,compact,1,64,37,200000,9584000,330000,10114000,201000,9598000,339000,10138000,9846154642387442228
5,0004.txt,224,original,1,64,39,762000,24057000,699000,25518000,764000,24069000,710000,25543000,5868743466089011035
5,0004.txt,224,full,2,64,39,777000,27171000,700000,28648000,777000,27201000,704000,28682000,5868743466089011035
5,0004.txt,224,tower,3,64,39,785000,26854000,613000,28252000,786000,26885000,623000,28294000,5868743466089011035
5,0004.txt,224,other,4,64,39,750000,26591000,670000,28011000,749000,26613000,686000,28048000,5868743466089011035
5,0004.txt,224,compact,0,64,39,782000,26922000,571000,28275000,782000,26935000,578000,28295000,5868743466089011035
5,0005.txt,224,original,0,64,26,1480000,35749000,1457000,38686000,1480000,35776000,1465000,38721000,10086671006629847274
5,0005.txt,224,full,1,64,26,1478000,39230000,1436000,42144000,1479000,39261000,1436000,42176000,10086671006629847274
5,0005.txt,224,tower,2,64,26,1531000,39909000,1323000,42763000,1532000,39941000,1323000,42796000,10086671006629847274
5,0005.txt,224,other,3,64,26,1726000,39103000,1339000,42168000,1820000,39135000,1344000,42299000,10086671006629847274
5,0005.txt,224,compact,4,64,26,1456000,39479000,1170000,42105000,1456000,39761000,1177000,42394000,10086671006629847274
5,0006.txt,128,original,4,64,46,266000,5442000,341000,6049000,266000,5463000,349000,6078000,507186591489129217
5,0006.txt,128,full,0,64,46,275000,5718000,336000,6329000,275000,5737000,344000,6356000,507186591489129217
5,0006.txt,128,tower,1,64,46,267000,5706000,251000,6224000,266000,5719000,266000,6251000,507186591489129217
5,0006.txt,128,other,2,64,46,278000,5689000,320000,6287000,278000,5707000,328000,6313000,507186591489129217
5,0006.txt,128,compact,3,64,46,267000,5698000,197000,6162000,268000,5721000,210000,6199000,507186591489129217
5,0007.txt,128,original,3,64,52,258000,7562000,404000,8224000,259000,7577000,415000,8251000,2674825041975378044
5,0007.txt,128,full,4,64,52,254000,8164000,414000,8832000,255000,8170000,426000,8851000,2674825041975378044
5,0007.txt,128,tower,0,64,52,256000,8012000,304000,8572000,257000,8034000,315000,8606000,2674825041975378044
5,0007.txt,128,other,1,64,52,252000,7937000,363000,8552000,251000,7961000,373000,8585000,2674825041975378044
5,0007.txt,128,compact,2,64,52,261000,8087000,243000,8591000,262000,8104000,251000,8617000,2674825041975378044
5,0008.txt,128,original,2,64,40,261000,8283000,355000,8899000,261000,8305000,363000,8929000,17920141965280989340
5,0008.txt,128,full,3,64,40,271000,9079000,380000,9730000,272000,9093000,383000,9748000,17920141965280989340
5,0008.txt,128,tower,4,64,40,265000,8875000,283000,9423000,265000,8889000,282000,9436000,17920141965280989340
5,0008.txt,128,other,0,64,40,259000,8888000,310000,9457000,260000,8911000,318000,9489000,17920141965280989340
5,0008.txt,128,compact,1,64,40,259000,8807000,221000,9287000,259000,8822000,228000,9309000,17920141965280989340
5,0009.txt,192,original,1,64,58,125000,6612000,377000,7114000,126000,6624000,390000,7140000,14208774129454741819
5,0009.txt,192,full,2,64,58,116000,7805000,376000,8297000,117000,7827000,388000,8332000,14208774129454741819
5,0009.txt,192,tower,3,64,58,132000,7295000,308000,7735000,133000,7316000,321000,7770000,14208774129454741819
5,0009.txt,192,other,4,64,58,120000,7324000,327000,7771000,120000,7339000,340000,7799000,14208774129454741819
5,0009.txt,192,compact,0,64,58,121000,7454000,276000,7851000,121000,7476000,292000,7889000,14208774129454741819
5,0010.txt,128,original,0,64,52,114000,3152000,257000,3523000,114000,3160000,262000,3536000,14723523622886612699
5,0010.txt,128,full,1,64,52,113000,3468000,270000,3851000,113000,3481000,275000,3869000,14723523622886612699
5,0010.txt,128,tower,2,64,52,123000,3431000,190000,3744000,123000,3445000,199000,3767000,14723523622886612699
5,0010.txt,128,other,3,64,52,115000,3557000,223000,3895000,115000,3580000,236000,3931000,14723523622886612699
5,0010.txt,128,compact,4,64,52,114000,3363000,142000,3619000,115000,3377000,150000,3642000,14723523622886612699
5,0011.txt,192,original,4,64,46,414000,10993000,453000,11860000,414000,11010000,460000,11884000,10525654128450725294
5,0011.txt,192,full,0,64,46,445000,12038000,465000,12948000,445000,12076000,473000,12994000,10525654128450725294
5,0011.txt,192,tower,1,64,46,417000,11850000,360000,12627000,417000,11874000,368000,12659000,10525654128450725294
5,0011.txt,192,other,2,64,46,410000,11836000,426000,12672000,410000,11850000,436000,12696000,10525654128450725294
5,0011.txt,192,compact,3,64,46,422000,11973000,318000,12713000,422000,11999000,333000,12754000,10525654128450725294
5,0012.txt,160,original,3,64,42,247000,9143000,349000,9739000,248000,9165000,363000,9776000,18228620964614505709
5,0012.txt,160,full,4,64,42,254000,10281000,354000,10889000,253000,10316000,362000,10931000,18228620964614505709
5,0012.txt,160,tower,0,64,42,248000,10001000,271000,10520000,249000,10025000,277000,10551000,18228620964614505709
5,0012.txt,160,other,1,64,42,245000,10129000,321000,10695000,245000,10152000,330000,10727000,18228620964614505709
5,0012.txt,160,compact,2,64,42,247000,10252000,248000,10747000,246000,10271000,252000,10769000,18228620964614505709
5,0013.txt,224,original,2,64,51,331000,10223000,675000,11229000,332000,10240000,685000,11257000,11658144250769295395
5,0013.txt,224,full,3,64,51,329000,11534000,687000,12550000,330000,11557000,694000,12581000,11658144250769295395
5,0013.txt,224,tower,4,64,51,324000,11170000,604000,12098000,323000,11188000,606000,12117000,11658144250769295395
5,0013.txt,224,other,0,64,51,327000,10955000,609000,11891000,326000,10990000,616000,11932000,11658144250769295395
5,0013.txt,224,compact,1,64,51,323000,10924000,519000,11766000,324000,10942000,525000,11791000,11658144250769295395
5,0014.txt,288,original,1,64,52,1577000,52447000,1435000,55459000,1577000,52475000,1450000,55502000,3633606904291868902
5,0014.txt,288,full,2,64,52,1568000,59057000,1425000,62050000,1569000,59084000,1437000,62090000,3633606904291868902
5,0014.txt,288,tower,3,64,52,1636000,59685000,1312000,62633000,1639000,59711000,1324000,62674000,3633606904291868902
5,0014.txt,288,other,4,64,52,1572000,58079000,1341000,60992000,1573000,58112000,1350000,61035000,3633606904291868902
5,0014.txt,288,compact,0,64,52,1584000,58742000,1221000,61547000,1585000,58773000,1236000,61594000,3633606904291868902
5,0015.txt,288,original,0,64,42,2092000,49415000,1864000,53371000,2093000,49448000,1865000,53406000,12057676038240002655
5,0015.txt,288,full,1,64,42,2049000,54568000,1835000,58452000,2050000,54604000,1840000,58494000,12057676038240002655
5,0015.txt,288,tower,2,64,42,2056000,55278000,1728000,59062000,2057000,55314000,1742000,59113000,12057676038240002655
5,0015.txt,288,other,3,64,42,2118000,53698000,1748000,57564000,2121000,53719000,1766000,57606000,12057676038240002655
5,0015.txt,288,compact,4,64,42,2061000,54104000,1688000,57853000,2061000,54132000,1692000,57885000,12057676038240002655
5,0016.txt,192,original,4,64,41,286000,9654000,382000,10322000,287000,9676000,384000,10347000,16263700429714567991
5,0016.txt,192,full,0,64,41,297000,10787000,370000,11454000,297000,10830000,374000,11501000,16263700429714567991
5,0016.txt,192,tower,1,64,41,289000,10753000,305000,11347000,290000,10769000,310000,11369000,16263700429714567991
5,0016.txt,192,other,2,64,41,294000,10704000,334000,11332000,295000,10723000,347000,11365000,16263700429714567991
5,0016.txt,192,compact,3,64,41,291000,10513000,257000,11061000,292000,10534000,263000,11089000,16263700429714567991
5,0017.txt,192,original,3,64,53,853000,13762000,669000,15284000,854000,13782000,685000,15321000,4847870249899229512
5,0017.txt,192,full,4,64,53,854000,15116000,671000,16641000,854000,15137000,683000,16674000,4847870249899229512
5,0017.txt,192,tower,0,64,53,869000,15398000,527000,16794000,868000,15421000,541000,16830000,4847870249899229512
5,0017.txt,192,other,1,64,53,851000,15475000,637000,16963000,852000,15496000,646000,16994000,4847870249899229512
5,0017.txt,192,compact,2,64,53,861000,15173000,481000,16515000,862000,15199000,488000,16549000,4847870249899229512
5,0018.txt,128,original,2,64,34,107000,4090000,177000,4374000,107000,4106000,183000,4396000,2591044257394328704
5,0018.txt,128,full,3,64,34,102000,4446000,177000,4725000,103000,4458000,188000,4749000,2591044257394328704
5,0018.txt,128,tower,4,64,34,104000,4491000,145000,4740000,105000,4507000,145000,4757000,2591044257394328704
5,0018.txt,128,other,0,64,34,102000,4465000,151000,4718000,102000,4479000,160000,4741000,2591044257394328704
5,0018.txt,128,compact,1,64,34,104000,4653000,122000,4879000,104000,4691000,121000,4916000,2591044257394328704
5,0019.txt,384,original,1,64,38,3685000,70012000,1802000,75499000,3686000,70034000,1813000,75533000,18413403235399141350
5,0019.txt,384,full,2,64,38,3659000,78331000,1814000,83804000,3659000,78369000,1820000,83848000,18413403235399141350
5,0019.txt,384,tower,3,64,38,3720000,78046000,1774000,83540000,3721000,78071000,1786000,83578000,18413403235399141350
5,0019.txt,384,other,4,64,38,3706000,79346000,1818000,84870000,3709000,79400000,1826000,84935000,18413403235399141350
5,0019.txt,384,compact,0,64,38,3873000,78173000,1786000,83832000,3891000,78214000,1802000,83907000,18413403235399141350
5,0020.txt,160,original,0,64,54,528000,11887000,496000,12911000,532000,11893000,509000,12934000,6655744353329306587
5,0020.txt,160,full,1,64,54,476000,13424000,499000,14399000,477000,13446000,509000,14432000,6655744353329306587
5,0020.txt,160,tower,2,64,54,475000,13384000,390000,14249000,475000,13399000,394000,14268000,6655744353329306587
5,0020.txt,160,other,3,64,54,479000,13297000,478000,14254000,479000,13323000,488000,14290000,6655744353329306587
5,0020.txt,160,compact,4,64,54,480000,13571000,328000,14379000,481000,13601000,347000,14429000,6655744353329306587
5,0021.txt,160,original,4,64,54,105000,4651000,316000,5072000,105000,4672000,332000,5109000,10139017720273762941
5,0021.txt,160,full,0,64,54,108000,5107000,318000,5533000,107000,5125000,327000,5559000,10139017720273762941
5,0021.txt,160,tower,1,64,54,101000,5140000,271000,5512000,102000,5162000,282000,5546000,10139017720273762941
5,0021.txt,160,other,2,64,54,104000,5271000,285000,5660000,105000,5295000,290000,5690000,10139017720273762941
5,0021.txt,160,compact,3,64,54,104000,5340000,223000,5667000,103000,5356000,234000,5693000,10139017720273762941
5,0022.txt,160,original,3,64,54,90000,5033000,321000,5444000,89000,5049000,329000,5467000,12367056253196356386
5,0022.txt,160,full,4,64,54,88000,5604000,323000,6015000,89000,5616000,338000,6043000,12367056253196356386
5,0022.txt,160,tower,0,64,54,97000,5630000,266000,5993000,98000,5654000,279000,6031000,12367056253196356386
5,0022.txt,160,other,1,64,54,87000,5534000,260000,5881000,87000,5548000,273000,5908000,12367056253196356386
5,0022.txt,160,compact,2,64,54,87000,5932000,215000,6234000,86000,5955000,225000,6266000,12367056253196356386
5,0023.txt,160,original,2,64,32,133000,4065000,192000,4390000,134000,4077000,202000,4413000,13661901359584633416
5,0023.txt,160,full,3,64,32,131000,4504000,202000,4837000,131000,4525000,207000,4863000,13661901359584633416
5,0023.txt,160,tower,4,64,32,143000,4574000,151000,4868000,143000,4588000,158000,4889000,13661901359584633416
5,0023.txt,160,other,0,64,32,134000,4727000,185000,5046000,134000,4739000,191000,5064000,13661901359584633416
5,0023.txt,160,compact,1,64,32,132000,4614000,128000,4874000,132000,4633000,136000,4901000,13661901359584633416
5,0024.txt,192,original,1,64,37,166000,6067000,378000,6611000,166000,6083000,386000,6635000,14100779623175012850
5,0024.txt,192,full,2,64,37,165000,6606000,376000,7147000,166000,6630000,390000,7186000,14100779623175012850
5,0024.txt,192,tower,3,64,37,169000,6564000,344000,7077000,169000,6576000,350000,7095000,14100779623175012850
5,0024.txt,192,other,4,64,37,168000,6562000,336000,7066000,169000,6580000,346000,7095000,14100779623175012850
5,0024.txt,192,compact,0,64,37,168000,6529000,290000,6987000,169000,6539000,301000,7009000,14100779623175012850
5,0025.txt,192,original,0,64,57,97000,3119000,249000,3465000,97000,3137000,262000,3496000,16693701477626876418
5,0025.txt,192,full,1,64,57,94000,3600000,252000,3946000,94000,3630000,260000,3984000,16693701477626876418
5,0025.txt,192,tower,2,64,57,97000,3384000,210000,3691000,97000,3400000,213000,3710000,16693701477626876418
5,0025.txt,192,other,3,64,57,96000,3373000,229000,3698000,96000,3393000,233000,3722000,16693701477626876418
5,0025.txt,192,compact,4,64,57,95000,3325000,169000,3589000,96000,3348000,183000,3627000,16693701477626876418
5,0026.txt,256,original,4,64,43,210000,7012000,425000,7647000,210000,7028000,437000,7675000,12399338981540513818
5,0026.txt,256,full,0,64,43,225000,7853000,440000,8518000,225000,7863000,452000,8540000,12399338981540513818
5,0026.txt,256,tower,1,64,43,222000,7681000,389000,8292000,223000,7698000,398000,8319000,12399338981540513818
5,0026.txt,256,other,2,64,43,226000,7587000,377000,8190000,225000,7612000,400000,8237000,12399338981540513818
5,0026.txt,256,compact,3,64,43,213000,7609000,338000,8160000,213000,7614000,351000,8178000,12399338981540513818
5,0027.txt,128,original,3,64,31,300000,5892000,310000,6502000,300000,5901000,319000,6520000,7331911850896128959
5,0027.txt,128,full,4,64,31,294000,6387000,308000,6989000,295000,6413000,319000,7027000,7331911850896128959
5,0027.txt,128,tower,0,64,31,305000,6427000,227000,6959000,306000,6444000,236000,6986000,7331911850896128959
5,0027.txt,128,other,1,64,31,297000,6529000,279000,7105000,297000,6552000,283000,7132000,7331911850896128959
5,0027.txt,128,compact,2,64,31,311000,6335000,183000,6829000,311000,6356000,191000,6858000,7331911850896128959
5,0028.txt,256,original,2,64,47,632000,18264000,998000,19894000,632000,18292000,1012000,19936000,16501633472421096672
5,0028.txt,256,full,3,64,47,645000,20413000,1017000,22075000,645000,20444000,1035000,22124000,16501633472421096672
5,0028.txt,256,tower,4,64,47,627000,19903000,898000,21428000,627000,19924000,912000,21463000,16501633472421096672
5,0028.txt,256,other,0,64,47,637000,19516000,930000,21083000,636000,19539000,945000,21120000,16501633472421096672
5,0028.txt,256,compact,1,64,47,622000,19806000,801000,21229000,623000,19819000,817000,21259000,16501633472421096672
5,0029.txt,288,original,1,64,41,885000,23613000,739000,25237000,885000,23626000,741000,25252000,3006019691893062148
5,0029.txt,288,full,2,64,41,871000,26515000,731000,28117000,872000,26547000,745000,28164000,3006019691893062148
5,0029.txt,288,tower,3,64,41,868000,26768000,672000,28308000,868000,26803000,684000,28355000,3006019691893062148
5,0029.txt,288,other,4,64,41,883000,26028000,724000,27635000,884000,26044000,741000,27669000,3006019691893062148
5,0029.txt,288,compact,0,64,41,889000,26378000,619000,27886000,889000,26412000,632000,27933000,3006019691893062148
5,0030.txt,256,original,0,64,44,1168000,19434000,1482000,22084000,1168000,19457000,1489000,22114000,3998580007914902329
5,0030.txt,256,full,1,64,44,1180000,21389000,1530000,24099000,1181000,21418000,1546000,24145000,3998580007914902329
5,0030.txt,256,tower,2,64,44,1217000,21436000,1375000,24028000,1217000,21458000,1389000,24064000,3998580007914902329
5,0030.txt,256,other,3,64,44,1181000,21180000,1436000,23797000,1183000,21208000,1452000,23843000,3998580007914902329
5,0030.txt,256,compact,4,64,44,1193000,21094000,1251000,23538000,1193000,21106000,1257000,23556000,3998580007914902329
5,0031.txt,160,original,4,64,49,227000,10762000,444000,11433000,227000,10784000,450000,11461000,1277513514513811977
5,0031.txt,160,full,0,64,49,228000,12222000,449000,12899000,229000,12242000,459000,12930000,1277513514513811977
5,0031.txt,160,tower,1,64,49,225000,12199000,355000,12779000,225000,12220000,366000,12811000,1277513514513811977
5,0031.txt,160,other,2,64,49,224000,12456000,406000,13086000,224000,12478000,418000,13120000,1277513514513811977
5,0031.txt,160,compact,3,64,49,228000,12223000,299000,12750000,227000,12246000,309000,12782000,1277513514513811977
5,0032.txt,224,original,3,64,48,304000,12336000,481000,13121000,305000,12365000,497000,13167000,12827533860645535518
5,0032.txt,224,full,4,64,48,302000,13644000,479000,14425000,301000,13659000,492000,14452000,12827533860645535518
5,0032.txt,224,tower,0,64,48,309000,13893000,432000,14634000,309000,13932000,447000,14688000,12827533860645535518
5,0032.txt,224,other,1,64,48,302000,13823000,454000,14579000,303000,13850000,464000,14617000,12827533860645535518
5,0032.txt,224,compact,2,64,48,302000,13628000,373000,14303000,301000,13648000,386000,14335000,12827533860645535518
5,0033.txt,160,original,2,64,43,404000,10335000,427000,11166000,404000,10358000,440000,11202000,13693103595731326709
5,0033.txt,160,full,3,64,43,392000,11368000,424000,12184000,392000,11389000,433000,12214000,13693103595731326709
5,0033.txt,160,tower,4,64,43,397000,11690000,340000,12427000,397000,11711000,348000,12456000,13693103595731326709
5,0033.txt,160,other,0,64,43,404000,11359000,398000,12161000,404000,11377000,407000,12188000,13693103595731326709
5,0033.txt,160,compact,1,64,43,390000,12036000,293000,12719000,391000,12049000,308000,12748000,13693103595731326709
5,0034.txt,288,original,1,64,41,1198000,25864000,1331000,28393000,1198000,25897000,1338000,28433000,11851417704820801821
5,0034.txt,288,full,2,64,41,1188000,28720000,1324000,31232000,1189000,28738000,1337000,31264000,11851417704820801821
5,0034.txt,288,tower,3,64,41,1203000,28770000,1242000,31215000,1204000,28799000,1249000,31252000,11851417704820801821
5,0034.txt,288,other,4,64,41,1192000,27461000,1221000,29874000,1193000,27488000,1225000,29906000,11851417704820801821
5,0034.txt,288,compact,0,64,41,1206000,28190000,1134000,30530000,1206000,28220000,1151000,30577000,11851417704820801821
5,0035.txt,128,original,0,49,37,69000,2309000,188000,2566000,69000,2323000,197000,2589000,1966248127026479111
5,0035.txt,128,full,1,49,37,65000,2548000,203000,2816000,65000,2559000,205000,2829000,1966248127026479111
5,0035.txt,128,tower,2,49,37,66000,2562000,164000,2792000,66000,2570000,166000,2802000,1966248127026479111
5,0035.txt,128,other,3,49,37,74000,2554000,168000,2796000,75000,2570000,172000,2817000,1966248127026479111
5,0035.txt,128,compact,4,49,37,69000,2528000,122000,2719000,70000,2549000,123000,2742000,1966248127026479111
5,0036.txt,192,original,4,64,50,715000,17378000,648000,18741000,714000,17411000,666000,18791000,3582229042672705885
5,0036.txt,192,full,0,64,50,727000,19444000,665000,20836000,727000,19471000,677000,20875000,3582229042672705885
5,0036.txt,192,tower,1,64,50,720000,19098000,519000,20337000,721000,19131000,534000,20386000,3582229042672705885
5,0036.txt,192,other,2,64,50,708000,18903000,628000,20239000,709000,18936000,640000,20285000,3582229042672705885
5,0036.txt,192,compact,3,64,50,737000,18980000,471000,20188000,737000,18999000,481000,20217000,3582229042672705885
5,0037.txt,288,original,3,64,45,588000,15543000,804000,16935000,589000,15563000,813000,16965000,11367272562188583031
5,0037.txt,288,full,4,64,45,573000,16899000,794000,18266000,574000,16914000,802000,18290000,11367272562188583031
5,0037.txt,288,tower,0,64,45,580000,17305000,754000,18639000,580000,17329000,760000,18669000,11367272562188583031
5,0037.txt,288,other,1,64,45,575000,16451000,751000,17777000,575000,16473000,763000,17811000,11367272562188583031
5,0037.txt,288,compact,2,64,45,586000,16980000,690000,18256000,587000,16997000,699000,18283000,11367272562188583031
5,0038.txt,192,original,2,64,55,268000,7666000,505000,8439000,268000,7683000,516000,8467000,5000358612861532629
5,0038.txt,192,full,3,64,55,254000,8403000,516000,9173000,253000,8423000,533000,9209000,5000358612861532629
5,0038.txt,192,tower,4,64,55,250000,8541000,439000,9230000,251000,8567000,456000,9274000,5000358612861532629
5,0038.txt,192,other,0,64,55,249000,8386000,465000,9100000,249000,8413000,474000,9136000,5000358612861532629
5,0038.txt,192,compact,1,64,55,246000,8221000,371000,8838000,246000,8243000,388000,8877000,5000358612861532629
5,0039.txt,256,original,1,64,43,171000,7160000,354000,7685000,173000,7185000,360000,7718000,1713245602201241720
5,0039.txt,256,full,2,64,43,174000,8220000,383000,8777000,175000,8234000,408000,8817000,1713245602201241720
5,0039.txt,256,tower,3,64,43,179000,7889000,305000,8373000,180000,7908000,320000,8408000,1713245602201241720
5,0039.txt,256,other,4,64,43,172000,7888000,332000,8392000,172000,7902000,343000,8417000,1713245602201241720
5,0039.txt,256,compact,0,64,43,179000,7839000,278000,8296000,181000,7865000,291000,8337000,1713245602201241720
5,0040.txt,224,original,0,64,43,155000,8411000,559000,9125000,154000,8426000,574000,9154000,872385857505348709
5,0040.txt,224,full,1,64,43,160000,9553000,598000,10311000,160000,9573000,607000,10340000,872385857505348709
5,0040.txt,224,tower,2,64,43,155000,8918000,507000,9580000,154000,8934000,526000,9614000,872385857505348709
5,0040.txt,224,other,3,64,43,151000,9153000,512000,9816000,152000,9173000,521000,9846000,872385857505348709
5,0040.txt,224,compact,4,64,43,153000,9120000,468000,9741000,153000,9142000,474000,9769000,872385857505348709
5,0041.txt,160,original,4,64,56,221000,6989000,353000,7563000,221000,7013000,367000,7601000,10397856525299628427
5,0041.txt,160,full,0,64,56,237000,7791000,360000,8388000,237000,7805000,374000,8416000,10397856525299628427
5,0041.txt,160,tower,1,64,56,219000,8185000,286000,8690000,218000,8200000,301000,8719000,10397856525299628427
5,0041.txt,160,other,2,64,56,220000,7726000,314000,8260000,222000,7744000,324000,8290000,10397856525299628427
5,0041.txt,160,compact,3,64,56,217000,8037000,237000,8491000,218000,8056000,247000,8521000,10397856525299628427
5,0042.txt,352,original,3,64,36,1151000,29869000,911000,31931000,1151000,29891000,916000,31958000,12427270659438181611
5,0042.txt,352,full,4,64,36,1126000,34428000,895000,36449000,1126000,34442000,907000,36475000,12427270659438181611
5,0042.txt,352,tower,0,64,36,1139000,34697000,911000,36747000,1140000,34728000,919000,36787000,12427270659438181611
5,0042.txt,352,other,1,64,36,1145000,35264000,917000,37326000,1146000,35290000,916000,37352000,12427270659438181611
5,0042.txt,352,compact,2,64,36,1133000,34194000,869000,36196000,1132000,34220000,890000,36242000,12427270659438181611
5,0043.txt,160,original,2,64,27,272000,7422000,365000,8059000,271000,7440000,370000,8081000,17317113132050913222
5,0043.txt,160,full,3,64,27,267000,8102000,369000,8738000,265000,8116000,373000,8754000,17317113132050913222
5,0043.txt,160,tower,4,64,27,260000,8122000,313000,8695000,261000,8142000,317000,8720000,17317113132050913222
5,0043.txt,160,other,0,64,27,284000,8332000,323000,8939000,284000,8352000,325000,8961000,17317113132050913222
5,0043.txt,160,compact,1,64,27,266000,8182000,255000,8703000,266000,8204000,259000,8729000,17317113132050913222
5,0044.txt,192,original,1,64,35,440000,12794000,460000,13694000,440000,12811000,463000,13714000,14244673959848913933
5,0044.txt,192,full,2,64,35,437000,13770000,435000,14642000,438000,13791000,446000,14675000,14244673959848913933
5,0044.txt,192,tower,3,64,35,456000,13993000,366000,14815000,457000,14007000,374000,14838000,14244673959848913933
5,0044.txt,192,other,4,64,35,459000,13842000,405000,14706000,460000,13868000,412000,14740000,14244673959848913933
5,0044.txt,192,compact,0,64,35,463000,13657000,316000,14436000,463000,13668000,326000,14457000,14244673959848913933
5,0045.txt,192,original,0,64,42,646000,9059000,516000,10221000,646000,9072000,526000,10244000,11015969575620966037
5,0045.txt,192,full,1,64,42,633000,9861000,547000,11041000,634000,9878000,558000,11070000,11015969575620966037
5,0045.txt,192,tower,2,64,42,629000,9756000,429000,10814000,629000,9783000,443000,10855000,11015969575620966037
5,0045.txt,192,other,3,64,42,634000,9732000,484000,10850000,634000,9779000,493000,10906000,11015969575620966037
5,0045.txt,192,compact,4,64,42,627000,9927000,374000,10928000,628000,9950000,385000,10963000,11015969575620966037
5,0046.txt,128,original,4,64,43,385000,10215000,415000,11015000,384000,10232000,427000,11043000,2499980644579135674
5,0046.txt,128,full,0,64,43,393000,11116000,420000,11929000,394000,11135000,425000,11954000,2499980644579135674
5,0046.txt,128,tower,1,64,43,397000,11103000,312000,11812000,398000,11124000,320000,11842000,2499980644579135674
5,0046.txt,128,other,2,64,43,397000,10998000,373000,11768000,397000,11020000,386000,11803000,2499980644579135674
5,0046.txt,128,compact,3,64,43,398000,11118000,246000,11762000,399000,11130000,256000,11785000,2499980644579135674
5,0047.txt,256,original,3,64,42,1101000,26006000,941000,28048000,1101000,26042000,955000,28098000,10022142641444623082
5,0047.txt,256,full,4,64,42,1129000,29044000,937000,31110000,1129000,29059000,945000,31133000,10022142641444623082
5,0047.txt,256,tower,0,64,42,1123000,29482000,849000,31454000,1124000,29519000,856000,31499000,10022142641444623082
5,0047.txt,256,other,1,64,42,1127000,28650000,925000,30702000,1128000,28672000,933000,30733000,10022142641444623082
5,0047.txt,256,compact,2,64,42,1128000,29014000,765000,30907000,1128000,29040000,767000,30935000,10022142641444623082
5,0048.txt,192,original,2,64,47,921000,14852000,694000,16467000,922000,14874000,698000,16494000,3768764602654705949
5,0048.txt,192,full,3,64,47,913000,15838000,695000,17446000,913000,15848000,698000,17459000,3768764602654705949
5,0048.txt,192,tower,4,64,47,921000,16090000,553000,17564000,922000,16117000,561000,17600000,3768764602654705949
5,0048.txt,192,other,0,64,47,931000,16139000,671000,17741000,931000,16167000,691000,17789000,3768764602654705949
5,0048.txt,192,compact,1,64,47,936000,15719000,490000,17145000,936000,15744000,505000,17185000,3768764602654705949
5,0049.txt,192,original,1,64,46,717000,13200000,576000,14493000,717000,13226000,581000,14524000,5345024174446336161
5,0049.txt,192,full,2,64,46,692000,14975000,576000,16243000,693000,14986000,582000,16261000,5345024174446336161
5,0049.txt,192,tower,3,64,46,709000,14819000,466000,15994000,710000,14833000,477000,16020000,5345024174446336161
5,0049.txt,192,other,4,64,46,694000,14694000,539000,15927000,693000,14723000,552000,15968000,5345024174446336161
5,0049.txt,192,compact,0,64,46,698000,14668000,419000,15785000,698000,14696000,429000,15823000,5345024174446336161
5,0050.txt,128,original,0,64,37,243000,5832000,384000,6459000,243000,5848000,400000,6491000,12997574625261075627
5,0050.txt,128,full,1,64,37,241000,6388000,404000,7033000,241000,6412000,404000,7057000,12997574625261075627
5,0050.txt,128,tower,2,64,37,242000,6291000,320000,6853000,243000,6308000,327000,6878000,12997574625261075627
5,0050.txt,128,other,3,64,37,241000,6198000,325000,6764000,242000,6209000,335000,6786000,12997574625261075627
5,0050.txt,128,compact,4,64,37,239000,6551000,261000,7051000,240000,6571000,262000,7073000,12997574625261075627
5,0051.txt,160,original,4,64,50,246000,7468000,425000,8139000,247000,7489000,435000,8171000,12279836665363317183
5,0051.txt,160,full,0,64,50,260000,8176000,435000,8871000,261000,8192000,448000,8901000,12279836665363317183
5,0051.txt,160,tower,1,64,50,251000,8236000,352000,8839000,251000,8251000,363000,8865000,12279836665363317183
5,0051.txt,160,other,2,64,50,249000,8063000,373000,8685000,249000,8088000,385000,8722000,12279836665363317183
5,0051.txt,160,compact,3,64,50,247000,8456000,284000,8987000,247000,8476000,287000,9010000,12279836665363317183
5,0052.txt,224,original,3,64,49,453000,13477000,653000,14583000,454000,13496000,666000,14616000,9179596259479780699
5,0052.txt,224,full,4,64,49,456000,14806000,656000,15918000,458000,14839000,671000,15968000,9179596259479780699
5,0052.txt,224,tower,0,64,49,498000,14453000,550000,15501000,499000,14469000,558000,15526000,9179596259479780699
5,0052.txt,224,other,1,64,49,487000,14302000,602000,15391000,490000,14326000,615000,15431000,9179596259479780699
5,0052.txt,224,compact,2,64,49,448000,14401000,475000,15324000,449000,14419000,502000,15370000,9179596259479780699
5,0053.txt,192,original,2,64,60,249000,7940000,537000,8726000,249000,7960000,547000,8756000,2465353185479614519
5,0053.txt,192,full,3,64,60,246000,8449000,536000,9231000,247000,8469000,551000,9267000,2465353185479614519
5,0053.txt,192,tower,4,64,60,241000,8409000,462000,9112000,242000,8419000,474000,9135000,2465353185479614519
5,0053.txt,192,other,0,64,60,241000,8525000,485000,9251000,240000,8531000,507000,9278000,2465353185479614519
5,0053.txt,192,compact,1,64,60,244000,8408000,375000,9027000,244000,8430000,386000,9060000,2465353185479614519
5,0054.txt,256,original,1,64,50,723000,21599000,1061000,23383000,724000,21619000,1071000,23414000,1977551075025097523
5,0054.txt,256,full,2,64,50,730000,23799000,1050000,25579000,729000,23823000,1067000,25619000,1977551075025097523
5,0054.txt,256,tower,3,64,50,726000,23561000,961000,25248000,726000,23590000,979000,25295000,1977551075025097523
5,0054.txt,256,other,4,64,50,721000,23030000,968000,24719000,723000,23057000,988000,24768000,1977551075025097523
5,0054.txt,256,compact,0,64,50,758000,23353000,855000,24966000,758000,23375000,866000,24999000,1977551075025097523
5,0055.txt,288,original,0,64,39,1222000,24841000,712000,26775000,1223000,24859000,722000,26804000,1917009490484356854
5,0055.txt,288,full,1,64,39,1226000,28402000,735000,30363000,1228000,28418000,740000,30386000,1917009490484356854
5,0055.txt,288,tower,2,64,39,1224000,28564000,662000,30450000,1223000,28585000,667000,30475000,1917009490484356854
5,0055.txt,288,other,3,64,39,1229000,27438000,708000,29375000,1229000,27465000,719000,29413000,1917009490484356854
5,0055.txt,288,compact,4,64,39,1223000,28040000,626000,29889000,1223000,28068000,629000,29920000,1917009490484356854
5,0056.txt,224,original,4,64,39,482000,11748000,546000,12776000,482000,11764000,554000,12800000,6905413677133017825
5,0056.txt,224,full,0,64,39,504000,12801000,546000,13851000,505000,12827000,558000,13890000,6905413677133017825
5,0056.txt,224,tower,1,64,39,489000,12778000,483000,13750000,488000,12785000,499000,13772000,6905413677133017825
5,0056.txt,224,other,2,64,39,494000,12402000,480000,13376000,495000,12412000,492000,13399000,6905413677133017825
5,0056.txt,224,compact,3,64,39,469000,12388000,410000,13267000,469000,12416000,417000,13302000,6905413677133017825
5,0057.txt,256,original,3,64,54,803000,18431000,935000,20169000,803000,18439000,947000,20189000,10523818247767909617
5,0057.txt,256,full,4,64,54,812000,20495000,958000,22265000,813000,20532000,976000,22321000,10523818247767909617
5,0057.txt,256,tower,0,64,54,842000,20611000,861000,22314000,843000,20641000,873000,22357000,10523818247767909617
5,0057.txt,256,other,1,64,54,820000,20189000,917000,21926000,821000,20212000,933000,21966000,10523818247767909617
5,0057.txt,256,compact,2,64,54,817000,20521000,799000,22137000,817000,20554000,806000,22177000,10523818247767909617
5,0058.txt,256,original,2,64,47,641000,19951000,946000,21538000,644000,19986000,957000,21587000,8747116303198179067
5,0058.txt,256,full,3,64,47,616000,22828000,991000,24435000,617000,22865000,1004000,24486000,8747116303198179067
5,0058.txt,256,tower,4,64,47,635000,22262000,866000,23763000,635000,22273000,878000,23786000,8747116303198179067
5,0058.txt,256,other,0,64,47,634000,22207000,936000,23777000,635000,22226000,950000,23811000,8747116303198179067
5,0058.txt,256,compact,1,64,47,608000,22242000,778000,23628000,609000,22257000,788000,23654000,8747116303198179067
5,0059.txt,192,original,1,64,47,108000,4890000,240000,5238000,108000,4907000,256000,5271000,8776027305845615921
5,0059.txt,192,full,2,64,47,105000,5611000,264000,5980000,105000,5639000,270000,6014000,8776027305845615921
5,0059.txt,192,tower,3,64,47,112000,5420000,198000,5730000,113000,5434000,212000,5759000,8776027305845615921
5,0059.txt,192,other,4,64,47,115000,5605000,230000,5950000,115000,5624000,231000,5970000,8776027305845615921
5,0059.txt,192,compact,0,64,47,110000,5351000,179000,5640000,110000,5371000,177000,5658000,8776027305845615921
5,0060.txt,224,original,0,64,40,231000,10837000,498000,11566000,232000,10859000,509000,11600000,9265774647566182347
5,0060.txt,224,full,1,64,40,227000,12431000,522000,13180000,226000,12458000,534000,13218000,9265774647566182347
5,0060.txt,224,tower,2,64,40,231000,12300000,476000,13007000,231000,12311000,487000,13029000,9265774647566182347
5,0060.txt,224,other,3,64,40,234000,11818000,459000,12511000,234000,11832000,467000,12533000,9265774647566182347
5,0060.txt,224,compact,4,64,40,224000,11987000,393000,12604000,224000,12006000,406000,12636000,9265774647566182347
5,0061.txt,192,original,4,64,47,716000,17547000,906000,19169000,719000,17564000,918000,19201000,9109783169076520820
5,0061.txt,192,full,0,64,47,693000,19407000,910000,21010000,693000,19425000,926000,21044000,9109783169076520820
5,0061.txt,192,tower,1,64,47,692000,19421000,778000,20891000,693000,19451000,788000,20932000,9109783169076520820
5,0061.txt,192,other,2,64,47,682000,19134000,828000,20644000,680000,19156000,840000,20676000,9109783169076520820
5,0061.txt,192,compact,3,64,47,706000,18821000,663000,20190000,706000,18836000,678000,20220000,9109783169076520820
5,0062.txt,224,original,3,64,51,500000,15990000,630000,17120000,501000,16014000,646000,17161000,6235176586112113050
5,0062.txt,224,full,4,64,51,492000,18060000,646000,19198000,493000,18086000,652000,19231000,6235176586112113050
5,0062.txt,224,tower,0,64,51,518000,17932000,543000,18993000,518000,17959000,562000,19039000,6235176586112113050
5,0062.txt,224,other,1,64,51,491000,18132000,594000,19217000,492000,18161000,603000,19256000,6235176586112113050
5,0062.txt,224,compact,2,64,51,489000,17773000,481000,18743000,489000,17784000,489000,18762000,6235176586112113050
5,0063.txt,256,original,2,64,43,541000,15901000,831000,17273000,541000,15935000,839000,17315000,2811221567898568818
5,0063.txt,256,full,3,64,43,543000,18244000,859000,19646000,543000,18270000,873000,19686000,2811221567898568818
5,0063.txt,256,tower,4,64,43,533000,17737000,753000,19023000,534000,17769000,763000,19066000,2811221567898568818
5,0063.txt,256,other,0,64,43,558000,17465000,792000,18815000,558000,17492000,805000,18855000,2811221567898568818
5,0063.txt,256,compact,1,64,43,551000,18062000,715000,19328000,551000,18088000,722000,19361000,2811221567898568818
5,0064.txt,224,original,1,64,44,445000,6607000,577000,7629000,445000,6629000,589000,7663000,6923825489153610959
5,0064.txt,224,full,2,64,44,403000,6991000,589000,7983000,404000,7011000,601000,8016000,6923825489153610959
5,0064.txt,224,tower,3,64,44,403000,7052000,522000,7977000,404000,7072000,527000,8003000,6923825489153610959
5,0064.txt,224,other,4,64,44,409000,7038000,539000,7986000,410000,7049000,552000,8011000,6923825489153610959
5,0064.txt,224,compact,0,64,44,409000,7246000,486000,8141000,410000,7266000,497000,8173000,6923825489153610959
5,0065.txt,192,original,0,64,43,196000,8004000,492000,8692000,197000,8017000,503000,8717000,17408032648247834609
5,0065.txt,192,full,1,64,43,187000,9015000,512000,9714000,188000,9039000,522000,9749000,17408032648247834609
5,0065.txt,192,tower,2,64,43,187000,8776000,446000,9409000,188000,8793000,456000,9437000,17408032648247834609
5,0065.txt,192,other,3,64,43,183000,8825000,452000,9460000,184000,8849000,454000,9487000,17408032648247834609
5,0065.txt,192,compact,4,64,43,188000,8633000,377000,9198000,188000,8651000,391000,9230000,17408032648247834609
5,0066.txt,224,original,4,64,29,950000,22385000,928000,24263000,951000,22405000,932000,24288000,8875708553305440087
5,0066.txt,224,full,0,64,29,948000,24829000,968000,26745000,948000,24866000,978000,26792000,8875708553305440087
5,0066.txt,224,tower,1,64,29,950000,24546000,871000,26367000,950000,24567000,878000,26395000,8875708553305440087
5,0066.txt,224,other,2,64,29,950000,24833000,884000,26667000,951000,24906000,889000,26746000,8875708553305440087
5,0066.txt,224,compact,3,64,29,996000,24515000,786000,26297000,996000,24559000,799000,26354000,8875708553305440087
5,0067.txt,192,original,3,64,37,339000,10863000,546000,11748000,340000,10878000,553000,11771000,1054547824349595996
5,0067.txt,192,full,4,64,37,329000,11615000,542000,12486000,329000,11631000,549000,12509000,1054547824349595996
5,0067.txt,192,tower,0,64,37,332000,11500000,476000,12308000,333000,11521000,487000,12341000,1054547824349595996
5,0067.txt,192,other,1,64,37,323000,11801000,485000,12609000,324000,11831000,491000,12646000,1054547824349595996
5,0067.txt,192,compact,2,64,37,330000,11601000,409000,12340000,331000,11622000,418000,12371000,1054547824349595996
5,0068.txt,352,original,2,64,36,1902000,28311000,1015000,31228000,1902000,28336000,1023000,31261000,16704674484913076321
5,0068.txt,352,full,3,64,36,1920000,32978000,1082000,35980000,1921000,33215000,1089000,36225000,16704674484913076321
5,0068.txt,352,tower,4,64,36,1917000,31952000,1022000,34891000,1918000,31985000,1028000,34931000,16704674484913076321
5,0068.txt,352,other,0,64,36,1934000,32443000,1019000,35396000,1937000,32458000,1029000,35424000,16704674484913076321
5,0068.txt,352,compact,1,64,36,1884000,31844000,992000,34720000,1884000,31861000,1003000,34748000,16704674484913076321
5,0069.txt,128,original,1,64,55,244000,7681000,474000,8399000,244000,7705000,487000,8436000,10272637644074201381
5,0069.txt,128,full,2,64,55,240000,8589000,502000,9331000,241000,8608000,513000,9362000,10272637644074201381
5,0069.txt,128,tower,3,64,55,246000,8420000,382000,9048000,246000,8444000,391000,9081000,10272637644074201381
5,0069.txt,128,other,4,64,55,261000,8373000,411000,9045000,261000,8384000,428000,9073000,10272637644074201381
5,0069.txt,128,compact,0,64,55,245000,8392000,271000,8908000,246000,8407000,294000,8947000,10272637644074201381
5,0070.txt,320,original,0,64,43,1220000,44338000,1472000,47030000,1219000,44376000,1476000,47071000,6636878282639228694
5,0070.txt,320,full,1,64,43,1255000,50193000,1485000,52933000,1257000,50222000,1495000,52974000,6636878282639228694
5,0070.txt,320,tower,2,64,43,1225000,49671000,1405000,52301000,1226000,49704000,1422000,52352000,6636878282639228694
5,0070.txt,320,other,3,64,43,1246000,49130000,1413000,51789000,1246000,49166000,1419000,51831000,6636878282639228694
5,0070.txt,320,compact,4,64,43,1217000,49304000,1333000,51854000,1218000,49332000,1350000,51900000,6636878282639228694
5,0071.txt,288,original,4,64,34,1235000,29192000,1036000,31463000,1236000,29227000,1040000,31503000,5480489002906609640
5,0071.txt,288,full,0,64,34,1273000,32238000,1041000,34552000,1273000,32259000,1055000,34587000,5480489002906609640
5,0071.txt,288,tower,1,64,34,1262000,32810000,949000,35021000,1263000,32837000,959000,35059000,5480489002906609640
5,0071.txt,288,other,2,64,34,1242000,31723000,998000,33963000,1242000,31757000,1009000,34008000,5480489002906609640
5,0071.txt,288,compact,3,64,34,1241000,32344000,899000,34484000,1243000,32373000,906000,34522000,5480489002906609640
5,0072.txt,192,original,3,64,53,130000,7107000,377000,7614000,131000,7134000,386000,7651000,3456405102086958663
5,0072.txt,192,full,4,64,53,134000,7872000,376000,8382000,135000,7888000,388000,8411000,3456405102086958663
5,0072.txt,192,tower,0,64,53,139000,7774000,331000,8244000,140000,7787000,342000,8269000,3456405102086958663
5,0072.txt,192,other,1,64,53,131000,7812000,331000,8274000,132000,7837000,342000,8311000,3456405102086958663
5,0072.txt,192,compact,2,64,53,133000,7879000,272000,8284000,134000,7897000,285000,8316000,3456405102086958663
5,0073.txt,160,original,2,64,45,765000,14517000,704000,15986000,765000,14529000,708000,16002000,7837691528528546932
5,0073.txt,160,full,3,64,45,767000,15652000,695000,17114000,767000,15674000,703000,17144000,7837691528528546932
5,0073.txt,160,tower,4,64,45,766000,16464000,575000,17805000,766000,16489000,585000,17840000,7837691528528546932
5,0073.txt,160,other,0,64,45,792000,15799000,613000,17204000,795000,15815000,633000,17243000,7837691528528546932
5,0073.txt,160,compact,1,64,45,760000,16265000,473000,17498000,761000,16282000,484000,17527000,7837691528528546932
5,0074.txt,128,original,1,64,40,209000,4853000,252000,5314000,209000,4862000,265000,5336000,11002935191480867671
5,0074.txt,128,full,2,64,40,210000,5303000,258000,5771000,209000,5317000,271000,5797000,11002935191480867671
5,0074.txt,128,tower,3,64,40,213000,5316000,203000,5732000,213000,5318000,207000,5738000,11002935191480867671
5,0074.txt,128,other,4,64,40,210000,5228000,246000,5684000,210000,5244000,251000,5705000,11002935191480867671
5,0074.txt,128,compact,0,64,40,222000,5236000,149000,5607000,222000,5263000,153000,5638000,11002935191480867671
5,0075.txt,288,original,0,64,30,1071000,27463000,911000,29445000,1075000,27486000,920000,29481000,2583345268107875064
5,0075.txt,288,full,1,64,30,1028000,30272000,867000,32167000,1028000,30295000,877000,32200000,2583345268107875064
5,0075.txt,288,tower,2,64,30,1005000,31228000,851000,33084000,1006000,31256000,855000,33117000,2583345268107875064
5,0075.txt,288,other,3,64,30,1026000,30070000,844000,31940000,1026000,30098000,849000,31973000,2583345268107875064
5,0075.txt,288,compact,4,64,30,1040000,30475000,787000,32302000,1040000,30524000,789000,32353000,2583345268107875064
5,0076.txt,192,original,4,64,52,751000,18813000,964000,20528000,752000,18823000,978000,20553000,14019256839176950374
5,0076.txt,192,full,0,64,52,752000,20977000,946000,22675000,751000,21003000,954000,22708000,14019256839176950374
5,0076.txt,192,tower,1,64,52,760000,21171000,802000,22733000,761000,21198000,818000,22777000,14019256839176950374
5,0076.txt,192,other,2,64,52,738000,20926000,837000,22501000,739000,20950000,849000,22538000,14019256839176950374
5,0076.txt,192,compact,3,64,52,763000,20677000,673000,22113000,763000,20708000,682000,22153000,14019256839176950374
5,0077.txt,128,original,3,64,55,164000,6509000,329000,7002000,165000,6533000,333000,7031000,17479160985738783937
5,0077.txt,128,full,4,64,55,168000,6923000,326000,7417000,169000,6939000,330000,7438000,17479160985738783937
5,0077.txt,128,tower,0,64,55,171000,6843000,251000,7265000,172000,6867000,259000,7298000,17479160985738783937
5,0077.txt,128,other,1,64,55,168000,7001000,291000,7460000,168000,7017000,300000,7485000,17479160985738783937
5,0077.txt,128,compact,2,64,55,175000,6908000,184000,7267000,175000,6924000,198000,7297000,17479160985738783937
5,0078.txt,224,original,2,64,44,706000,14268000,831000,15805000,706000,14284000,842000,15832000,14185763832882636607
5,0078.txt,224,full,3,64,44,723000,15588000,827000,17138000,724000,15601000,841000,17166000,14185763832882636607
5,0078.txt,224,tower,4,64,44,716000,15641000,731000,17088000,716000,15670000,735000,17121000,14185763832882636607
5,0078.txt,224,other,0,64,44,734000,15450000,772000,16956000,735000,15474000,780000,16989000,14185763832882636607
5,0078.txt,224,compact,1,64,44,700000,15716000,648000,17064000,701000,15741000,657000,17099000,14185763832882636607
5,0079.txt,160,original,1,64,48,83000,4015000,265000,4363000,84000,4037000,277000,4398000,18107065893375765734
5,0079.txt,160,full,2,64,48,82000,4423000,275000,4780000,83000,4440000,268000,4791000,18107065893375765734
5,0079.txt,160,tower,3,64,48,96000,4456000,225000,4777000,96000,4473000,233000,4802000,18107065893375765734
5,0079.txt,160,other,4,64,48,82000,4529000,232000,4843000,83000,4541000,245000,4869000,18107065893375765734
5,0079.txt,160,compact,0,64,48,85000,4679000,188000,4952000,84000,4714000,197000,4995000,18107065893375765734
5,0080.txt,192,original,0,64,48,505000,14298000,612000,15415000,506000,14326000,618000,15450000,7914294815535909058
5,0080.txt,192,full,1,64,48,510000,15824000,615000,16949000,511000,15845000,622000,16978000,7914294815535909058
5,0080.txt,192,tower,2,64,48,511000,15660000,480000,16651000,512000,15686000,494000,16692000,7914294815535909058
5,0080.txt,192,other,3,64,48,511000,15497000,554000,16562000,511000,15514000,562000,16587000,7914294815535909058
5,0080.txt,192,compact,4,64,48,511000,15269000,423000,16203000,512000,15295000,439000,16246000,7914294815535909058
5,0081.txt,256,original,4,64,48,1648000,44226000,1164000,47038000,1648000,44261000,1174000,47083000,12611955559657520540
5,0081.txt,256,full,0,64,48,1636000,50134000,1190000,52960000,1637000,50162000,1203000,53002000,12611955559657520540
5,0081.txt,256,tower,1,64,48,1667000,50099000,1028000,52794000,1668000,50133000,1044000,52845000,12611955559657520540
5,0081.txt,256,other,2,64,48,1652000,49158000,1127000,51937000,1652000,49193000,1139000,51984000,12611955559657520540
5,0081.txt,256,compact,3,64,48,1676000,49177000,946000,51799000,1677000,49202000,954000,51833000,12611955559657520540
5,0082.txt,224,original,3,64,43,1119000,21273000,1078000,23470000,1120000,21302000,1080000,23502000,15976384220259857970
5,0082.txt,224,full,4,64,43,1111000,23688000,1077000,25876000,1111000,23711000,1084000,25906000,15976384220259857970
5,0082.txt,224,tower,0,64,43,1102000,23553000,930000,25585000,1101000,23581000,939000,25621000,15976384220259857970
5,0082.txt,224,other,1,64,43,1105000,24050000,1020000,26175000,1105000,24077000,1031000,26213000,15976384220259857970
5,0082.txt,224,compact,2,64,43,1134000,23455000,838000,25427000,1135000,23472000,843000,25450000,15976384220259857970
5,0083.txt,160,original,2,64,45,411000,9985000,497000,10893000,411000,10008000,502000,10921000,2709579689513296368
5,0083.txt,160,full,3,64,45,430000,10892000,496000,11818000,429000,10905000,507000,11841000,2709579689513296368
5,0083.txt,160,tower,4,64,45,407000,11035000,408000,11850000,407000,11054000,414000,11875000,2709579689513296368
5,0083.txt,160,other,0,64,45,414000,10922000,454000,11790000,416000,10942000,463000,11821000,2709579689513296368
5,0083.txt,160,compact,1,64,45,402000,11460000,346000,12208000,402000,11485000,352000,12239000,2709579689513296368
5,0084.txt,224,original,1,64,29,1199000,15774000,624000,17597000,1199000,15795000,630000,17624000,8219160516625378647
5,0084.txt,224,full,2,64,29,1187000,17002000,621000,18810000,1187000,17018000,626000,18831000,8219160516625378647
5,0084.txt,224,tower,3,64,29,1190000,17061000,528000,18779000,1189000,17088000,537000,18814000,8219160516625378647
5,0084.txt,224,other,4,64,29,1227000,16949000,570000,18746000,1227000,16980000,576000,18783000,8219160516625378647
5,0084.txt,224,compact,0,64,29,1211000,17055000,479000,18745000,1210000,17081000,483000,18774000,8219160516625378647
5,0085.txt,256,original,0,64,52,387000,9246000,704000,10337000,388000,9265000,707000,10360000,9843680023606892368
5,0085.txt,256,full,1,64,52,388000,10622000,744000,11754000,389000,10746000,764000,11899000,9843680023606892368
5,0085.txt,256,tower,2,64,52,396000,10360000,654000,11410000,397000,10399000,661000,11457000,9843680023606892368
5,0085.txt,256,other,3,64,52,386000,10118000,653000,11157000,386000,10129000,670000,11185000,9843680023606892368
5,0085.txt,256,compact,4,64,52,403000,10173000,556000,11132000,405000,10198000,570000,11173000,9843680023606892368
5,0086.txt,96,original,4,64,41,144000,4321000,304000,4769000,144000,4347000,315000,4806000,1746008403728494063
5,0086.txt,96,full,0,64,41,137000,4535000,320000,4992000,138000,4551000,319000,5008000,1746008403728494063
5,0086.txt,96,tower,1,64,41,137000,4501000,236000,4874000,137000,4516000,245000,4898000,1746008403728494063
5,0086.txt,96,other,2,64,41,135000,4510000,267000,4912000,136000,4525000,274000,4935000,1746008403728494063
5,0086.txt,96,compact,3,64,41,144000,4538000,168000,4850000,145000,4555000,176000,4876000,1746008403728494063
5,0087.txt,224,original,3,64,56,271000,7842000,475000,8588000,270000,7862000,484000,8616000,6062298770127305429
5,0087.txt,224,full,4,64,56,255000,8896000,481000,9632000,254000,8913000,494000,9661000,6062298770127305429
5,0087.txt,224,tower,0,64,56,256000,8597000,410000,9263000,257000,8612000,423000,9292000,6062298770127305429
5,0087.txt,224,other,1,64,56,251000,8913000,429000,9593000,251000,8932000,444000,9627000,6062298770127305429
5,0087.txt,224,compact,2,64,56,252000,8587000,360000,9199000,252000,8603000,370000,9225000,6062298770127305429
5,0088.txt,224,original,2,64,51,377000,9155000,535000,10067000,377000,9168000,542000,10087000,1932990849624522106
5,0088.txt,224,full,3,64,51,366000,10000000,562000,10928000,367000,10017000,572000,10956000,1932990849624522106
5,0088.txt,224,tower,4,64,51,372000,10136000,458000,10966000,373000,10159000,475000,11007000,1932990849624522106
5,0088.txt,224,other,0,64,51,372000,9975000,497000,10844000,373000,9999000,506000,10878000,1932990849624522106
5,0088.txt,224,compact,1,64,51,368000,10201000,425000,10994000,370000,10218000,436000,11024000,1932990849624522106
5,0089.txt,320,original,1,64,37,1157000,38086000,1063000,40306000,1157000,38153000,1076000,40386000,6980722571508482437
5,0089.txt,320,full,2,64,37,1192000,41479000,1023000,43694000,1194000,41502000,1035000,43731000,6980722571508482437
5,0089.txt,320,tower,3,64,37,1164000,41333000,985000,43482000,1164000,41363000,997000,43524000,6980722571508482437
5,0089.txt,320,other,4,64,37,1195000,40464000,993000,42652000,1197000,40484000,993000,42674000,6980722571508482437
5,0089.txt,320,compact,0,64,37,1171000,41215000,935000,43321000,1172000,41253000,946000,43371000,6980722571508482437
5,0090.txt,224,original,0,64,36,241000,8079000,469000,8789000,241000,8125000,479000,8845000,17418676575136399411
5,0090.txt,224,full,1,64,36,231000,8415000,457000,9103000,231000,8440000,460000,9131000,17418676575136399411
5,0090.txt,224,tower,2,64,36,216000,8400000,414000,9030000,216000,8418000,423000,9057000,17418676575136399411
5,0090.txt,224,other,3,64,36,238000,8295000,429000,8962000,239000,8316000,438000,8993000,17418676575136399411
5,0090.txt,224,compact,4,64,36,216000,8331000,362000,8909000,216000,8354000,373000,8943000,17418676575136399411
5,0091.txt,128,original,4,64,49,251000,5408000,346000,6005000,251000,5426000,355000,6032000,6905654600788291276
5,0091.txt,128,full,0,64,49,244000,5874000,333000,6451000,244000,5887000,348000,6479000,6905654600788291276
5,0091.txt,128,tower,1,64,49,254000,6059000,242000,6555000,253000,6082000,249000,6584000,6905654600788291276
5,0091.txt,128,other,2,64,49,250000,5777000,290000,6317000,250000,5796000,302000,6348000,6905654600788291276
5,0091.txt,128,compact,3,64,49,238000,5841000,199000,6278000,239000,5865000,204000,6308000,6905654600788291276
5,0092.txt,320,original,3,64,34,2276000,41053000,1644000,44973000,2276000,41075000,1648000,44999000,17892104883127441197
5,0092.txt,320,full,4,64,34,2246000,45828000,1645000,49719000,2247000,45893000,1659000,49799000,17892104883127441197
5,0092.txt,320,tower,0,64,34,2253000,45107000,1572000,48932000,2254000,45129000,1579000,48962000,17892104883127441197
5,0092.txt,320,other,1,64,34,2318000,44851000,1564000,48733000,2318000,44887000,1570000,48775000,17892104883127441197
5,0092.txt,320,compact,2,64,34,2258000,44840000,1505000,48603000,2260000,44862000,1518000,48640000,17892104883127441197
5,0093.txt,128,original,2,63,60,114000,5285000,411000,5810000,114000,5307000,428000,5849000,9403735909905401337
5,0093.txt,128,full,3,63,60,113000,5318000,388000,5819000,114000,5331000,407000,5852000,9403735909905401337
5,0093.txt,128,tower,4,63,60,111000,5332000,316000,5759000,111000,5343000,333000,5787000,9403735909905401337
5,0093.txt,128,other,0,63,60,122000,5336000,350000,5808000,121000,5350000,367000,5838000,9403735909905401337
5,0093.txt,128,compact,1,63,60,115000,5296000,264000,5675000,116000,5313000,281000,5710000,9403735909905401337
5,0094.txt,288,original,1,64,59,245000,7802000,527000,8574000,246000,7834000,528000,8608000,15807896437645640352
5,0094.txt,288,full,2,64,59,252000,8332000,514000,9098000,253000,8366000,531000,9150000,15807896437645640352
5,0094.txt,288,tower,3,64,59,246000,8705000,477000,9428000,246000,8721000,491000,9458000,15807896437645640352
5,0094.txt,288,other,4,64,59,248000,8200000,503000,8951000,248000,8214000,518000,8980000,15807896437645640352
5,0094.txt,288,compact,0,64,59,260000,8310000,436000,9006000,260000,8326000,443000,9029000,15807896437645640352
5,0095.txt,192,original,0,64,40,851000,18658000,660000,20169000,850000,18678000,672000,20200000,14558885443859604524
5,0095.txt,192,full,1,64,40,840000,20885000,684000,22409000,841000,20913000,689000,22443000,14558885443859604524
5,0095.txt,192,tower,2,64,40,842000,20643000,571000,22056000,842000,20662000,571000,22075000,14558885443859604524
5,0095.txt,192,other,3,64,40,850000,20716000,616000,22182000,851000,20744000,624000,22219000,14558885443859604524
5,0095.txt,192,compact,4,64,40,850000,20833000,485000,22168000,851000,20852000,495000,22198000,14558885443859604524
5,0096.txt,160,original,4,64,62,199000,6260000,360000,6819000,199000,6276000,367000,6842000,9102786252669791947
5,0096.txt,160,full,0,64,62,191000,7015000,350000,7556000,191000,7030000,366000,7587000,9102786252669791947
5,0096.txt,160,tower,1,64,62,187000,7146000,272000,7605000,188000,7168000,280000,7636000,9102786252669791947
5,0096.txt,160,other,2,64,62,189000,6950000,317000,7456000,190000,6975000,329000,7494000,9102786252669791947
5,0096.txt,160,compact,3,64,62,194000,7212000,232000,7638000,195000,7228000,241000,7664000,9102786252669791947
5,0097.txt,288,original,3,64,36,1337000,42286000,1592000,45215000,1337000,42322000,1601000,45260000,2803104666536711401
5,0097.txt,288,full,4,64,36,1336000,46949000,1606000,49891000,1337000,46978000,1614000,49929000,2803104666536711401
5,0097.txt,288,tower,0,64,36,1343000,46841000,1527000,49711000,1345000,46865000,1542000,49752000,2803104666536711401
5,0097.txt,288,other,1,64,36,1324000,45918000,1578000,48820000,1325000,45946000,1583000,48854000,2803104666536711401
5,0097.txt,288,compact,2,64,36,1333000,46682000,1459000,49474000,1334000,46713000,1475000,49522000,2803104666536711401
5,0098.txt,160,original,2,64,55,267000,7188000,567000,8022000,268000,7207000,586000,8061000,9847453008769540877
5,0098.txt,160,full,3,64,55,274000,7919000,567000,8760000,274000,7937000,580000,8791000,9847453008769540877
5,0098.txt,160,tower,4,64,55,271000,8324000,509000,9104000,271000,8348000,525000,9144000,9847453008769540877
5,0098.txt,160,other,0,64,55,268000,8110000,519000,8897000,268000,8133000,534000,8935000,9847453008769540877
5,0098.txt,160,compact,1,64,55,266000,8171000,404000,8841000,266000,8191000,415000,8872000,9847453008769540877
5,0099.txt,256,original,1,64,38,498000,12466000,532000,13496000,499000,12483000,540000,13522000,446694983656461108
5,0099.txt,256,full,2,64,38,495000,13662000,498000,14655000,496000,13680000,509000,14685000,446694983656461108
5,0099.txt,256,tower,3,64,38,485000,13762000,450000,14697000,485000,13780000,463000,14728000,446694983656461108
5,0099.txt,256,other,4,64,38,487000,13550000,483000,14520000,487000,13563000,483000,14533000,446694983656461108
5,0099.txt,256,compact,0,64,38,515000,13554000,401000,14470000,516000,13571000,404000,14491000,446694983656461108
