case,sample,bank_hash,original_T,ok,raw_T,polished_T,duplicate,raw_us,polish_us,related_selected,related_completed,mark_us
0000.txt,0,17405560492428924767,43,1,43,43,1,66,6,-1,-1,0
0000.txt,1,17405560492428924767,43,1,43,43,0,11,5,-1,-1,0
0000.txt,2,17405560492428924767,43,1,43,43,1,19,4,-1,-1,0
0000.txt,3,17405560492428924767,43,0,-1,-1,0,1,0,-1,-1,0
0000.txt,4,17405560492428924767,43,1,44,44,0,24,5,-1,-1,0
0000.txt,5,17405560492428924767,43,1,43,43,1,10,4,-1,-1,0
0000.txt,6,17405560492428924767,43,1,43,43,1,22,3,-1,-1,0
0000.txt,7,17405560492428924767,43,1,45,44,0,31,5,-1,-1,0
0000.txt,8,17405560492428924767,43,1,44,43,1,23,4,-1,-1,0
0000.txt,9,17405560492428924767,43,1,43,43,0,16,4,-1,-1,0
0000.txt,10,17405560492428924767,43,0,-1,-1,0,10,0,-1,-1,0
0000.txt,11,17405560492428924767,43,1,44,44,0,22,4,-1,-1,0
0000.txt,12,17405560492428924767,43,1,45,45,0,40,4,-1,-1,0
0000.txt,13,17405560492428924767,43,1,44,44,0,18,4,-1,-1,0
0000.txt,14,17405560492428924767,43,1,43,43,1,19,3,-1,-1,0
0000.txt,15,17405560492428924767,43,1,43,43,1,14,4,-1,-1,0
0000.txt,16,17405560492428924767,43,1,44,43,1,39,5,-1,-1,0
0000.txt,17,17405560492428924767,43,0,-1,-1,0,17,0,-1,-1,0
0000.txt,18,17405560492428924767,43,1,44,44,0,16,4,-1,-1,0
0000.txt,19,17405560492428924767,43,1,43,43,1,5,4,-1,-1,0
0000.txt,20,17405560492428924767,43,1,43,43,1,18,4,-1,-1,0
0000.txt,21,17405560492428924767,43,0,-1,-1,0,15,0,-1,-1,0
0000.txt,22,17405560492428924767,43,1,44,43,1,29,4,-1,-1,0
0000.txt,23,17405560492428924767,43,1,43,43,1,18,4,-1,-1,0
0000.txt,24,17405560492428924767,43,1,44,43,1,22,5,-1,-1,0
0000.txt,25,17405560492428924767,43,1,43,43,1,17,4,-1,-1,0
0000.txt,26,17405560492428924767,43,1,46,43,0,28,5,-1,-1,0
0000.txt,27,17405560492428924767,43,1,45,43,1,25,4,-1,-1,0
0000.txt,28,17405560492428924767,43,1,44,43,1,19,4,-1,-1,0
0000.txt,29,17405560492428924767,43,1,44,43,1,16,4,-1,-1,0
0000.txt,30,17405560492428924767,43,0,-1,-1,0,5,0,-1,-1,0
0000.txt,31,17405560492428924767,43,1,44,44,0,16,4,-1,-1,0
0000.txt,32,17405560492428924767,43,1,43,43,1,9,4,-1,-1,0
0000.txt,33,17405560492428924767,43,1,43,43,1,5,4,-1,-1,0
0000.txt,34,17405560492428924767,43,1,44,44,0,13,4,-1,-1,0
0000.txt,35,17405560492428924767,43,1,43,43,1,12,4,-1,-1,0
0000.txt,36,17405560492428924767,43,0,-1,-1,0,1,0,-1,-1,0
0000.txt,37,17405560492428924767,43,1,44,43,1,14,4,-1,-1,0
0000.txt,38,17405560492428924767,43,1,43,43,1,20,4,-1,-1,0
0000.txt,39,17405560492428924767,43,1,44,43,1,40,4,-1,-1,0
0000.txt,40,17405560492428924767,43,1,43,43,1,18,5,-1,-1,0
0000.txt,41,17405560492428924767,43,1,43,43,1,8,4,-1,-1,0
0000.txt,42,17405560492428924767,43,1,43,43,1,10,4,-1,-1,0
0000.txt,43,17405560492428924767,43,1,43,43,1,19,4,-1,-1,0
0000.txt,44,17405560492428924767,43,1,43,43,1,23,3,-1,-1,0
0000.txt,45,17405560492428924767,43,0,-1,-1,0,1,0,-1,-1,0
0000.txt,46,17405560492428924767,43,0,-1,-1,0,0,0,-1,-1,0
0000.txt,47,17405560492428924767,43,1,44,43,0,32,4,-1,-1,0
0000.txt,48,17405560492428924767,43,1,43,43,1,8,4,-1,-1,0
0000.txt,49,17405560492428924767,43,1,44,43,1,16,4,-1,-1,0
0000.txt,50,17405560492428924767,43,0,-1,-1,0,10,0,-1,-1,0
0000.txt,51,17405560492428924767,43,1,44,43,1,18,4,-1,-1,0
0000.txt,52,17405560492428924767,43,0,-1,-1,0,0,0,-1,-1,0
0000.txt,53,17405560492428924767,43,1,44,43,0,34,4,-1,-1,0
0000.txt,54,17405560492428924767,43,1,44,43,1,15,4,-1,-1,0
0000.txt,55,17405560492428924767,43,1,43,43,1,24,4,-1,-1,0
0000.txt,56,17405560492428924767,43,0,-1,-1,0,9,0,-1,-1,0
0000.txt,57,17405560492428924767,43,0,-1,-1,0,0,0,-1,-1,0
0000.txt,58,17405560492428924767,43,1,44,43,1,17,4,-1,-1,0
0000.txt,59,17405560492428924767,43,1,43,43,1,34,4,-1,-1,0
0000.txt,60,17405560492428924767,43,0,-1,-1,0,8,0,-1,-1,0
0000.txt,61,17405560492428924767,43,0,-1,-1,0,5,0,-1,-1,0
0000.txt,62,17405560492428924767,43,1,44,44,0,21,4,-1,-1,0
0000.txt,63,17405560492428924767,43,1,44,43,1,17,4,-1,-1,0
0001.txt,0,16930918198141817022,106,0,-1,-1,0,73,0,-1,-1,0
0001.txt,1,16930918198141817022,106,0,-1,-1,0,1,0,-1,-1,0
0001.txt,2,16930918198141817022,106,0,-1,-1,0,17,0,-1,-1,0
0001.txt,3,16930918198141817022,106,0,-1,-1,0,44,0,-1,-1,0
0001.txt,4,16930918198141817022,106,0,-1,-1,0,26,0,-1,-1,0
0001.txt,5,16930918198141817022,106,1,106,106,1,22,13,-1,-1,0
0001.txt,6,16930918198141817022,106,0,-1,-1,0,10,0,-1,-1,0
0001.txt,7,16930918198141817022,106,0,-1,-1,0,5,0,-1,-1,0
0001.txt,8,16930918198141817022,106,1,107,106,1,60,11,-1,-1,0
0001.txt,9,16930918198141817022,106,1,106,106,1,9,9,-1,-1,0
0001.txt,10,16930918198141817022,106,1,107,106,0,105,9,-1,-1,0
0001.txt,11,16930918198141817022,106,0,-1,-1,0,81,0,-1,-1,0
0001.txt,12,16930918198141817022,106,0,-1,-1,0,35,0,-1,-1,0
0001.txt,13,16930918198141817022,106,1,108,108,0,67,10,-1,-1,0
0001.txt,14,16930918198141817022,106,1,107,107,0,35,10,-1,-1,0
0001.txt,15,16930918198141817022,106,0,-1,-1,0,8,0,-1,-1,0
0001.txt,16,16930918198141817022,106,0,-1,-1,0,28,0,-1,-1,0
0001.txt,17,16930918198141817022,106,0,-1,-1,0,23,0,-1,-1,0
0001.txt,18,16930918198141817022,106,0,-1,-1,0,26,0,-1,-1,0
0001.txt,19,16930918198141817022,106,0,-1,-1,0,5,0,-1,-1,0
0001.txt,20,16930918198141817022,106,0,-1,-1,0,25,0,-1,-1,0
0001.txt,21,16930918198141817022,106,0,-1,-1,0,78,0,-1,-1,0
0001.txt,22,16930918198141817022,106,1,107,106,1,94,9,-1,-1,0
0001.txt,23,16930918198141817022,106,0,-1,-1,0,35,0,-1,-1,0
0001.txt,24,16930918198141817022,106,1,108,106,1,24,10,-1,-1,0
0001.txt,25,16930918198141817022,106,1,106,106,1,10,9,-1,-1,0
0001.txt,26,16930918198141817022,106,0,-1,-1,0,50,0,-1,-1,0
0001.txt,27,16930918198141817022,106,1,108,106,0,53,19,-1,-1,0
0001.txt,28,16930918198141817022,106,1,108,106,1,119,10,-1,-1,0
0001.txt,29,16930918198141817022,106,0,-1,-1,0,52,0,-1,-1,0
0001.txt,30,16930918198141817022,106,0,-1,-1,0,78,0,-1,-1,0
0001.txt,31,16930918198141817022,106,0,-1,-1,0,30,0,-1,-1,0
0001.txt,32,16930918198141817022,106,0,-1,-1,0,23,0,-1,-1,0
0001.txt,33,16930918198141817022,106,0,-1,-1,0,5,0,-1,-1,0
0001.txt,34,16930918198141817022,106,1,108,106,0,33,9,-1,-1,0
0001.txt,35,16930918198141817022,106,0,-1,-1,0,5,0,-1,-1,0
0001.txt,36,16930918198141817022,106,1,108,108,0,23,9,-1,-1,0
0001.txt,37,16930918198141817022,106,0,-1,-1,0,5,0,-1,-1,0
0001.txt,38,16930918198141817022,106,0,-1,-1,0,94,0,-1,-1,0
0001.txt,39,16930918198141817022,106,0,-1,-1,0,13,0,-1,-1,0
0001.txt,40,16930918198141817022,106,1,106,106,1,29,8,-1,-1,0
0001.txt,41,16930918198141817022,106,0,-1,-1,0,31,0,-1,-1,0
0001.txt,42,16930918198141817022,106,0,-1,-1,0,9,0,-1,-1,0
0001.txt,43,16930918198141817022,106,0,-1,-1,0,89,0,-1,-1,0
0001.txt,44,16930918198141817022,106,0,-1,-1,0,22,0,-1,-1,0
0001.txt,45,16930918198141817022,106,1,106,106,1,101,9,-1,-1,0
0001.txt,46,16930918198141817022,106,0,-1,-1,0,14,0,-1,-1,0
0001.txt,47,16930918198141817022,106,0,-1,-1,0,4,0,-1,-1,0
0001.txt,48,16930918198141817022,106,1,106,106,0,11,9,-1,-1,0
0001.txt,49,16930918198141817022,106,0,-1,-1,0,20,0,-1,-1,0
0001.txt,50,16930918198141817022,106,1,107,107,0,59,9,-1,-1,0
0001.txt,51,16930918198141817022,106,0,-1,-1,0,6,0,-1,-1,0
0001.txt,52,16930918198141817022,106,1,109,109,0,26,9,-1,-1,0
0001.txt,53,16930918198141817022,106,1,108,106,1,58,10,-1,-1,0
0001.txt,54,16930918198141817022,106,1,109,107,0,66,10,-1,-1,0
0001.txt,55,16930918198141817022,106,0,-1,-1,0,39,0,-1,-1,0
0001.txt,56,16930918198141817022,106,1,106,106,1,8,8,-1,-1,0
0001.txt,57,16930918198141817022,106,0,-1,-1,0,4,0,-1,-1,0
0001.txt,58,16930918198141817022,106,1,106,106,1,21,8,-1,-1,0
0001.txt,59,16930918198141817022,106,0,-1,-1,0,29,0,-1,-1,0
0001.txt,60,16930918198141817022,106,0,-1,-1,0,24,0,-1,-1,0
0001.txt,61,16930918198141817022,106,1,107,106,1,30,9,-1,-1,0
0001.txt,62,16930918198141817022,106,0,-1,-1,0,12,0,-1,-1,0
0001.txt,63,16930918198141817022,106,0,-1,-1,0,5,0,-1,-1,0
0002.txt,0,4490463972623756380,111,0,-1,-1,0,24,0,-1,-1,0
0002.txt,1,4490463972623756380,111,0,-1,-1,0,79,0,-1,-1,0
0002.txt,2,4490463972623756380,111,0,-1,-1,0,25,0,-1,-1,0
0002.txt,3,4490463972623756380,111,0,-1,-1,0,20,0,-1,-1,0
0002.txt,4,4490463972623756380,111,1,112,111,1,79,14,-1,-1,0
0002.txt,5,4490463972623756380,111,1,111,111,1,110,12,-1,-1,0
0002.txt,6,4490463972623756380,111,0,-1,-1,0,7,0,-1,-1,0
0002.txt,7,4490463972623756380,111,1,114,114,0,71,12,-1,-1,0
0002.txt,8,4490463972623756380,111,1,112,112,0,85,11,-1,-1,0
0002.txt,9,4490463972623756380,111,0,-1,-1,0,6,0,-1,-1,0
0002.txt,10,4490463972623756380,111,0,-1,-1,0,28,0,-1,-1,0
0002.txt,11,4490463972623756380,111,0,-1,-1,0,45,0,-1,-1,0
0002.txt,12,4490463972623756380,111,0,-1,-1,0,77,0,-1,-1,0
0002.txt,13,4490463972623756380,111,1,111,111,1,23,10,-1,-1,0
0002.txt,14,4490463972623756380,111,1,111,111,1,105,10,-1,-1,0
0002.txt,15,4490463972623756380,111,0,-1,-1,0,5,0,-1,-1,0
0002.txt,16,4490463972623756380,111,0,-1,-1,0,4,0,-1,-1,0
0002.txt,17,4490463972623756380,111,1,113,113,0,56,10,-1,-1,0
0002.txt,18,4490463972623756380,111,0,-1,-1,0,47,0,-1,-1,0
0002.txt,19,4490463972623756380,111,1,111,111,0,97,10,-1,-1,0
0002.txt,20,4490463972623756380,111,1,111,111,1,32,9,-1,-1,0
0002.txt,21,4490463972623756380,111,1,113,112,0,91,11,-1,-1,0
0002.txt,22,4490463972623756380,111,1,111,111,0,54,10,-1,-1,0
0002.txt,23,4490463972623756380,111,1,111,111,1,20,10,-1,-1,0
0002.txt,24,4490463972623756380,111,1,111,111,1,23,9,-1,-1,0
0002.txt,25,4490463972623756380,111,1,113,111,1,44,10,-1,-1,0
0002.txt,26,4490463972623756380,111,0,-1,-1,0,25,0,-1,-1,0
0002.txt,27,4490463972623756380,111,1,111,111,1,127,9,-1,-1,0
0002.txt,28,4490463972623756380,111,0,-1,-1,0,70,0,-1,-1,0
0002.txt,29,4490463972623756380,111,1,112,112,0,95,13,-1,-1,0
0002.txt,30,4490463972623756380,111,1,111,111,1,31,12,-1,-1,0
0002.txt,31,4490463972623756380,111,1,111,111,1,45,12,-1,-1,0
0002.txt,32,4490463972623756380,111,0,-1,-1,0,26,0,-1,-1,0
0002.txt,33,4490463972623756380,111,1,112,111,1,74,11,-1,-1,0
0002.txt,34,4490463972623756380,111,1,111,111,1,62,9,-1,-1,0
0002.txt,35,4490463972623756380,111,1,111,111,1,42,10,-1,-1,0
0002.txt,36,4490463972623756380,111,0,-1,-1,0,47,0,-1,-1,0
0002.txt,37,4490463972623756380,111,1,112,112,0,66,10,-1,-1,0
0002.txt,38,4490463972623756380,111,1,111,111,1,19,10,-1,-1,0
0002.txt,39,4490463972623756380,111,1,111,111,1,122,9,-1,-1,0
0002.txt,40,4490463972623756380,111,1,112,112,0,53,10,-1,-1,0
0002.txt,41,4490463972623756380,111,0,-1,-1,0,55,0,-1,-1,0
0002.txt,42,4490463972623756380,111,1,111,111,1,114,15,-1,-1,0
0002.txt,43,4490463972623756380,111,1,111,111,1,121,16,-1,-1,0
0002.txt,44,4490463972623756380,111,1,111,111,1,49,11,-1,-1,0
0002.txt,45,4490463972623756380,111,1,112,112,0,50,9,-1,-1,0
0002.txt,46,4490463972623756380,111,0,-1,-1,0,7,0,-1,-1,0
0002.txt,47,4490463972623756380,111,0,-1,-1,0,6,0,-1,-1,0
0002.txt,48,4490463972623756380,111,1,112,111,1,17,10,-1,-1,0
0002.txt,49,4490463972623756380,111,0,-1,-1,0,54,0,-1,-1,0
0002.txt,50,4490463972623756380,111,1,112,111,1,8,10,-1,-1,0
0002.txt,51,4490463972623756380,111,1,111,111,1,21,10,-1,-1,0
0002.txt,52,4490463972623756380,111,0,-1,-1,0,9,0,-1,-1,0
0002.txt,53,4490463972623756380,111,1,111,111,1,46,10,-1,-1,0
0002.txt,54,4490463972623756380,111,1,111,111,1,69,10,-1,-1,0
0002.txt,55,4490463972623756380,111,1,111,111,0,37,10,-1,-1,0
0002.txt,56,4490463972623756380,111,1,113,112,0,48,11,-1,-1,0
0002.txt,57,4490463972623756380,111,1,113,113,0,56,10,-1,-1,0
0002.txt,58,4490463972623756380,111,1,111,111,1,65,10,-1,-1,0
0002.txt,59,4490463972623756380,111,0,-1,-1,0,57,0,-1,-1,0
0002.txt,60,4490463972623756380,111,1,111,111,0,37,10,-1,-1,0
0002.txt,61,4490463972623756380,111,1,114,113,0,19,11,-1,-1,0
0002.txt,62,4490463972623756380,111,0,-1,-1,0,6,0,-1,-1,0
0002.txt,63,4490463972623756380,111,1,111,111,1,27,10,-1,-1,0
0003.txt,0,6135158624095989458,132,0,-1,-1,0,15,0,-1,-1,0
0003.txt,1,6135158624095989458,132,1,133,133,0,75,15,-1,-1,0
0003.txt,2,6135158624095989458,132,0,-1,-1,0,13,0,-1,-1,0
0003.txt,3,6135158624095989458,132,0,-1,-1,0,12,0,-1,-1,0
0003.txt,4,6135158624095989458,132,0,-1,-1,0,23,0,-1,-1,0
0003.txt,5,6135158624095989458,132,0,-1,-1,0,136,1,-1,-1,0
0003.txt,6,6135158624095989458,132,0,-1,-1,0,1,0,-1,-1,0
0003.txt,7,6135158624095989458,132,0,-1,-1,0,19,0,-1,-1,0
0003.txt,8,6135158624095989458,132,0,-1,-1,0,59,1,-1,-1,0
0003.txt,9,6135158624095989458,132,1,134,134,0,43,20,-1,-1,0
0003.txt,10,6135158624095989458,132,0,-1,-1,0,43,0,-1,-1,0
0003.txt,11,6135158624095989458,132,0,-1,-1,0,15,0,-1,-1,0
0003.txt,12,6135158624095989458,132,1,132,132,1,30,17,-1,-1,0
0003.txt,13,6135158624095989458,132,0,-1,-1,0,13,0,-1,-1,0
0003.txt,14,6135158624095989458,132,1,132,132,1,17,17,-1,-1,0
0003.txt,15,6135158624095989458,132,0,-1,-1,0,17,0,-1,-1,0
0003.txt,16,6135158624095989458,132,0,-1,-1,0,8,0,-1,-1,0
0003.txt,17,6135158624095989458,132,0,-1,-1,0,22,0,-1,-1,0
0003.txt,18,6135158624095989458,132,0,-1,-1,0,8,0,-1,-1,0
0003.txt,19,6135158624095989458,132,0,-1,-1,0,13,0,-1,-1,0
0003.txt,20,6135158624095989458,132,0,-1,-1,0,0,0,-1,-1,0
0003.txt,21,6135158624095989458,132,0,-1,-1,0,23,0,-1,-1,0
0003.txt,22,6135158624095989458,132,0,-1,-1,0,33,0,-1,-1,0
0003.txt,23,6135158624095989458,132,1,132,132,0,71,12,-1,-1,0
0003.txt,24,6135158624095989458,132,0,-1,-1,0,10,0,-1,-1,0
0003.txt,25,6135158624095989458,132,1,133,132,1,52,12,-1,-1,0
0003.txt,26,6135158624095989458,132,0,-1,-1,0,102,0,-1,-1,0
0003.txt,27,6135158624095989458,132,0,-1,-1,0,10,0,-1,-1,0
0003.txt,28,6135158624095989458,132,0,-1,-1,0,28,0,-1,-1,0
0003.txt,29,6135158624095989458,132,1,132,132,1,15,12,-1,-1,0
0003.txt,30,6135158624095989458,132,0,-1,-1,0,49,0,-1,-1,0
0003.txt,31,6135158624095989458,132,0,-1,-1,0,37,0,-1,-1,0
0003.txt,32,6135158624095989458,132,0,-1,-1,0,26,0,-1,-1,0
0003.txt,33,6135158624095989458,132,1,132,132,0,28,12,-1,-1,0
0003.txt,34,6135158624095989458,132,0,-1,-1,0,10,0,-1,-1,0
0003.txt,35,6135158624095989458,132,0,-1,-1,0,17,0,-1,-1,0
0003.txt,36,6135158624095989458,132,0,-1,-1,0,35,0,-1,-1,0
0003.txt,37,6135158624095989458,132,0,-1,-1,0,78,0,-1,-1,0
0003.txt,38,6135158624095989458,132,1,135,133,0,66,15,-1,-1,0
0003.txt,39,6135158624095989458,132,0,-1,-1,0,14,0,-1,-1,0
0003.txt,40,6135158624095989458,132,1,134,132,0,125,13,-1,-1,0
0003.txt,41,6135158624095989458,132,0,-1,-1,0,67,0,-1,-1,0
0003.txt,42,6135158624095989458,132,0,-1,-1,0,36,0,-1,-1,0
0003.txt,43,6135158624095989458,132,0,-1,-1,0,46,0,-1,-1,0
0003.txt,44,6135158624095989458,132,0,-1,-1,0,5,0,-1,-1,0
0003.txt,45,6135158624095989458,132,0,-1,-1,0,7,0,-1,-1,0
0003.txt,46,6135158624095989458,132,0,-1,-1,0,12,0,-1,-1,0
0003.txt,47,6135158624095989458,132,1,135,132,1,22,13,-1,-1,0
0003.txt,48,6135158624095989458,132,1,133,132,1,69,12,-1,-1,0
0003.txt,49,6135158624095989458,132,0,-1,-1,0,8,0,-1,-1,0
0003.txt,50,6135158624095989458,132,0,-1,-1,0,12,0,-1,-1,0
0003.txt,51,6135158624095989458,132,0,-1,-1,0,1,0,-1,-1,0
0003.txt,52,6135158624095989458,132,0,-1,-1,0,10,0,-1,-1,0
0003.txt,53,6135158624095989458,132,0,-1,-1,0,17,0,-1,-1,0
0003.txt,54,6135158624095989458,132,1,134,132,0,170,16,-1,-1,0
0003.txt,55,6135158624095989458,132,1,135,132,0,39,15,-1,-1,0
0003.txt,56,6135158624095989458,132,1,132,132,0,123,15,-1,-1,0
0003.txt,57,6135158624095989458,132,0,-1,-1,0,38,0,-1,-1,0
0003.txt,58,6135158624095989458,132,1,134,132,0,182,15,-1,-1,0
0003.txt,59,6135158624095989458,132,0,-1,-1,0,14,0,-1,-1,0
0003.txt,60,6135158624095989458,132,0,-1,-1,0,55,0,-1,-1,0
0003.txt,61,6135158624095989458,132,1,135,132,1,24,15,-1,-1,0
0003.txt,62,6135158624095989458,132,0,-1,-1,0,61,0,-1,-1,0
0003.txt,63,6135158624095989458,132,0,-1,-1,0,12,0,-1,-1,0
0004.txt,0,9777016953193563138,255,0,-1,-1,0,1,0,-1,-1,0
0004.txt,1,9777016953193563138,255,0,-1,-1,0,571,0,-1,-1,0
0004.txt,2,9777016953193563138,255,1,257,257,0,19,26,-1,-1,0
0004.txt,3,9777016953193563138,255,1,257,255,1,20,25,-1,-1,0
0004.txt,4,9777016953193563138,255,0,-1,-1,0,189,0,-1,-1,0
0004.txt,5,9777016953193563138,255,0,-1,-1,0,22,0,-1,-1,0
0004.txt,6,9777016953193563138,255,0,-1,-1,0,13,0,-1,-1,0
0004.txt,7,9777016953193563138,255,0,-1,-1,0,78,0,-1,-1,0
0004.txt,8,9777016953193563138,255,1,257,256,0,133,23,-1,-1,0
0004.txt,9,9777016953193563138,255,0,-1,-1,0,366,0,-1,-1,0
0004.txt,10,9777016953193563138,255,1,258,256,0,65,30,-1,-1,0
0004.txt,11,9777016953193563138,255,0,-1,-1,0,291,0,-1,-1,0
0004.txt,12,9777016953193563138,255,0,-1,-1,0,17,0,-1,-1,0
0004.txt,13,9777016953193563138,255,0,-1,-1,0,24,0,-1,-1,0
0004.txt,14,9777016953193563138,255,0,-1,-1,0,174,0,-1,-1,0
0004.txt,15,9777016953193563138,255,1,257,255,0,290,29,-1,-1,0
0004.txt,16,9777016953193563138,255,0,-1,-1,0,170,0,-1,-1,0
0004.txt,17,9777016953193563138,255,0,-1,-1,0,81,0,-1,-1,0
0004.txt,18,9777016953193563138,255,1,257,255,0,162,29,-1,-1,0
0004.txt,19,9777016953193563138,255,0,-1,-1,0,25,0,-1,-1,0
0004.txt,20,9777016953193563138,255,1,257,255,0,126,29,-1,-1,0
0004.txt,21,9777016953193563138,255,0,-1,-1,0,11,0,-1,-1,0
0004.txt,22,9777016953193563138,255,0,-1,-1,0,18,0,-1,-1,0
0004.txt,23,9777016953193563138,255,1,256,256,0,344,27,-1,-1,0
0004.txt,24,9777016953193563138,255,1,256,256,0,486,28,-1,-1,0
0004.txt,25,9777016953193563138,255,0,-1,-1,0,56,0,-1,-1,0
0004.txt,26,9777016953193563138,255,0,-1,-1,0,15,0,-1,-1,0
0004.txt,27,9777016953193563138,255,1,256,255,1,65,29,-1,-1,0
0004.txt,28,9777016953193563138,255,1,255,255,0,154,27,-1,-1,0
0004.txt,29,9777016953193563138,255,0,-1,-1,0,454,0,-1,-1,0
0004.txt,30,9777016953193563138,255,0,-1,-1,0,182,1,-1,-1,0
0004.txt,31,9777016953193563138,255,1,255,255,0,221,26,-1,-1,0
0004.txt,32,9777016953193563138,255,1,257,255,0,144,28,-1,-1,0
0004.txt,33,9777016953193563138,255,0,-1,-1,0,39,0,-1,-1,0
0004.txt,34,9777016953193563138,255,1,255,255,0,71,26,-1,-1,0
0004.txt,35,9777016953193563138,255,0,-1,-1,0,220,0,-1,-1,0
0004.txt,36,9777016953193563138,255,0,-1,-1,0,208,0,-1,-1,0
0004.txt,37,9777016953193563138,255,0,-1,-1,0,23,0,-1,-1,0
0004.txt,38,9777016953193563138,255,0,-1,-1,0,55,0,-1,-1,0
0004.txt,39,9777016953193563138,255,0,-1,-1,0,137,0,-1,-1,0
0004.txt,40,9777016953193563138,255,1,256,255,0,401,23,-1,-1,0
0004.txt,41,9777016953193563138,255,1,257,257,0,292,22,-1,-1,0
0004.txt,42,9777016953193563138,255,1,258,256,0,238,23,-1,-1,0
0004.txt,43,9777016953193563138,255,0,-1,-1,0,79,0,-1,-1,0
0004.txt,44,9777016953193563138,255,0,-1,-1,0,145,0,-1,-1,0
0004.txt,45,9777016953193563138,255,1,258,257,0,112,26,-1,-1,0
0004.txt,46,9777016953193563138,255,0,-1,-1,0,14,0,-1,-1,0
0004.txt,47,9777016953193563138,255,0,-1,-1,0,22,0,-1,-1,0
0004.txt,48,9777016953193563138,255,0,-1,-1,0,9,0,-1,-1,0
0004.txt,49,9777016953193563138,255,0,-1,-1,0,14,0,-1,-1,0
0004.txt,50,9777016953193563138,255,1,255,255,1,27,27,-1,-1,0
0004.txt,51,9777016953193563138,255,1,258,258,0,242,26,-1,-1,0
0004.txt,52,9777016953193563138,255,0,-1,-1,0,68,0,-1,-1,0
0004.txt,53,9777016953193563138,255,1,255,255,1,8,24,-1,-1,0
0004.txt,54,9777016953193563138,255,0,-1,-1,0,18,0,-1,-1,0
0004.txt,55,9777016953193563138,255,1,255,255,1,10,21,-1,-1,0
0004.txt,56,9777016953193563138,255,0,-1,-1,0,111,0,-1,-1,0
0004.txt,57,9777016953193563138,255,0,-1,-1,0,147,0,-1,-1,0
0004.txt,58,9777016953193563138,255,1,255,255,0,46,21,-1,-1,0
0004.txt,59,9777016953193563138,255,1,257,256,0,215,24,-1,-1,0
0004.txt,60,9777016953193563138,255,0,-1,-1,0,20,0,-1,-1,0
0004.txt,61,9777016953193563138,255,0,-1,-1,0,32,0,-1,-1,0
0004.txt,62,9777016953193563138,255,0,-1,-1,0,14,0,-1,-1,0
0004.txt,63,9777016953193563138,255,0,-1,-1,0,21,0,-1,-1,0
0005.txt,0,9275620923104244814,572,1,572,572,1,55,83,-1,-1,0
0005.txt,1,9275620923104244814,572,0,-1,-1,0,199,0,-1,-1,0
0005.txt,2,9275620923104244814,572,0,-1,-1,0,378,0,-1,-1,0
0005.txt,3,9275620923104244814,572,1,573,571,0,367,68,-1,-1,0
0005.txt,4,9275620923104244814,572,1,573,573,0,351,61,-1,-1,0
0005.txt,5,9275620923104244814,572,1,572,572,0,92,53,-1,-1,0
0005.txt,6,9275620923104244814,572,0,-1,-1,0,389,0,-1,-1,0
0005.txt,7,9275620923104244814,572,0,-1,-1,0,10,0,-1,-1,0
0005.txt,8,9275620923104244814,572,0,-1,-1,0,66,0,-1,-1,0
0005.txt,9,9275620923104244814,572,0,-1,-1,0,58,0,-1,-1,0
0005.txt,10,9275620923104244814,572,0,-1,-1,0,211,0,-1,-1,0
0005.txt,11,9275620923104244814,572,0,-1,-1,0,148,0,-1,-1,0
0005.txt,12,9275620923104244814,572,0,-1,-1,0,111,0,-1,-1,0
0005.txt,13,9275620923104244814,572,0,-1,-1,0,399,0,-1,-1,0
0005.txt,14,9275620923104244814,572,1,573,572,1,482,61,-1,-1,0
0005.txt,15,9275620923104244814,572,1,572,572,0,206,55,-1,-1,0
0005.txt,16,9275620923104244814,572,0,-1,-1,0,439,0,-1,-1,0
0005.txt,17,9275620923104244814,572,1,573,572,1,211,64,-1,-1,0
0005.txt,18,9275620923104244814,572,1,573,572,1,131,58,-1,-1,0
0005.txt,19,9275620923104244814,572,0,-1,-1,0,111,0,-1,-1,0
0005.txt,20,9275620923104244814,572,0,-1,-1,0,735,0,-1,-1,0
0005.txt,21,9275620923104244814,572,0,-1,-1,0,630,0,-1,-1,0
0005.txt,22,9275620923104244814,572,1,573,572,0,365,74,-1,-1,0
0005.txt,23,9275620923104244814,572,0,-1,-1,0,300,0,-1,-1,0
0005.txt,24,9275620923104244814,572,0,-1,-1,0,8,0,-1,-1,0
0005.txt,25,9275620923104244814,572,0,-1,-1,0,335,0,-1,-1,0
0005.txt,26,9275620923104244814,572,1,573,571,0,235,58,-1,-1,0
0005.txt,27,9275620923104244814,572,1,572,572,0,518,71,-1,-1,0
0005.txt,28,9275620923104244814,572,0,-1,-1,0,19,0,-1,-1,0
0005.txt,29,9275620923104244814,572,1,573,572,1,295,66,-1,-1,0
0005.txt,30,9275620923104244814,572,1,573,573,0,295,60,-1,-1,0
0005.txt,31,9275620923104244814,572,1,573,573,0,402,51,-1,-1,0
0005.txt,32,9275620923104244814,572,1,574,572,0,382,59,-1,-1,0
0005.txt,33,9275620923104244814,572,0,-1,-1,0,308,0,-1,-1,0
0005.txt,34,9275620923104244814,572,1,572,572,1,684,62,-1,-1,0
0005.txt,35,9275620923104244814,572,0,-1,-1,0,18,0,-1,-1,0
0005.txt,36,9275620923104244814,572,0,-1,-1,0,15,0,-1,-1,0
0005.txt,37,9275620923104244814,572,1,572,572,0,68,59,-1,-1,0
0005.txt,38,9275620923104244814,572,1,572,572,1,50,57,-1,-1,0
0005.txt,39,9275620923104244814,572,0,-1,-1,0,370,0,-1,-1,0
0005.txt,40,9275620923104244814,572,0,-1,-1,0,245,0,-1,-1,0
0005.txt,41,9275620923104244814,572,1,574,572,0,223,57,-1,-1,0
0005.txt,42,9275620923104244814,572,1,572,572,1,102,54,-1,-1,0
0005.txt,43,9275620923104244814,572,0,-1,-1,0,399,0,-1,-1,0
0005.txt,44,9275620923104244814,572,0,-1,-1,0,741,0,-1,-1,0
0005.txt,45,9275620923104244814,572,0,-1,-1,0,18,0,-1,-1,0
0005.txt,46,9275620923104244814,572,0,-1,-1,0,165,0,-1,-1,0
0005.txt,47,9275620923104244814,572,0,-1,-1,0,314,0,-1,-1,0
0005.txt,48,9275620923104244814,572,0,-1,-1,0,275,0,-1,-1,0
0005.txt,49,9275620923104244814,572,1,572,572,1,108,50,-1,-1,0
0005.txt,50,9275620923104244814,572,1,573,573,0,532,56,-1,-1,0
0005.txt,51,9275620923104244814,572,0,-1,-1,0,268,0,-1,-1,0
0005.txt,52,9275620923104244814,572,0,-1,-1,0,9,0,-1,-1,0
0005.txt,53,9275620923104244814,572,0,-1,-1,0,12,0,-1,-1,0
0005.txt,54,9275620923104244814,572,0,-1,-1,0,595,0,-1,-1,0
0005.txt,55,9275620923104244814,572,0,-1,-1,0,367,0,-1,-1,0
0005.txt,56,9275620923104244814,572,0,-1,-1,0,66,0,-1,-1,0
0005.txt,57,9275620923104244814,572,0,-1,-1,0,331,0,-1,-1,0
0005.txt,58,9275620923104244814,572,0,-1,-1,0,371,0,-1,-1,0
0005.txt,59,9275620923104244814,572,0,-1,-1,0,136,0,-1,-1,0
0005.txt,60,9275620923104244814,572,0,-1,-1,0,10,0,-1,-1,0
0005.txt,61,9275620923104244814,572,0,-1,-1,0,195,0,-1,-1,0
0005.txt,62,9275620923104244814,572,0,-1,-1,0,262,0,-1,-1,0
0005.txt,63,9275620923104244814,572,1,572,572,1,62,66,-1,-1,0
0006.txt,0,1996379458087696238,114,1,117,116,0,85,12,-1,-1,0
0006.txt,1,1996379458087696238,114,0,-1,-1,0,109,0,-1,-1,0
0006.txt,2,1996379458087696238,114,0,-1,-1,0,37,1,-1,-1,0
0006.txt,3,1996379458087696238,114,0,-1,-1,0,8,0,-1,-1,0
0006.txt,4,1996379458087696238,114,0,-1,-1,0,121,0,-1,-1,0
0006.txt,5,1996379458087696238,114,1,115,114,1,77,11,-1,-1,0
0006.txt,6,1996379458087696238,114,0,-1,-1,0,20,1,-1,-1,0
0006.txt,7,1996379458087696238,114,1,116,114,1,52,10,-1,-1,0
0006.txt,8,1996379458087696238,114,0,-1,-1,0,13,0,-1,-1,0
0006.txt,9,1996379458087696238,114,0,-1,-1,0,59,0,-1,-1,0
0006.txt,10,1996379458087696238,114,1,115,115,0,46,9,-1,-1,0
0006.txt,11,1996379458087696238,114,1,114,114,0,109,9,-1,-1,0
0006.txt,12,1996379458087696238,114,1,114,114,1,5,8,-1,-1,0
0006.txt,13,1996379458087696238,114,0,-1,-1,0,36,1,-1,-1,0
0006.txt,14,1996379458087696238,114,0,-1,-1,0,6,0,-1,-1,0
0006.txt,15,1996379458087696238,114,1,114,114,1,38,8,-1,-1,0
0006.txt,16,1996379458087696238,114,0,-1,-1,0,29,0,-1,-1,0
0006.txt,17,1996379458087696238,114,1,115,114,1,75,9,-1,-1,0
0006.txt,18,1996379458087696238,114,0,-1,-1,0,25,0,-1,-1,0
0006.txt,19,1996379458087696238,114,1,115,114,0,132,11,-1,-1,0
0006.txt,20,1996379458087696238,114,0,-1,-1,0,1,0,-1,-1,0
0006.txt,21,1996379458087696238,114,1,115,114,1,44,11,-1,-1,0
0006.txt,22,1996379458087696238,114,1,114,114,1,28,8,-1,-1,0
0006.txt,23,1996379458087696238,114,1,114,114,1,51,9,-1,-1,0
0006.txt,24,1996379458087696238,114,0,-1,-1,0,35,0,-1,-1,0
0006.txt,25,1996379458087696238,114,0,-1,-1,0,37,0,-1,-1,0
0006.txt,26,1996379458087696238,114,0,-1,-1,0,31,0,-1,-1,0
0006.txt,27,1996379458087696238,114,1,114,114,1,58,9,-1,-1,0
0006.txt,28,1996379458087696238,114,0,-1,-1,0,15,0,-1,-1,0
0006.txt,29,1996379458087696238,114,1,114,114,1,51,8,-1,-1,0
0006.txt,30,1996379458087696238,114,1,115,115,0,62,9,-1,-1,0
0006.txt,31,1996379458087696238,114,0,-1,-1,0,9,0,-1,-1,0
0006.txt,32,1996379458087696238,114,1,114,114,1,61,8,-1,-1,0
0006.txt,33,1996379458087696238,114,0,-1,-1,0,55,0,-1,-1,0
0006.txt,34,1996379458087696238,114,1,115,115,0,17,8,-1,-1,0
0006.txt,35,1996379458087696238,114,1,115,114,0,102,9,-1,-1,0
0006.txt,36,1996379458087696238,114,0,-1,-1,0,11,0,-1,-1,0
0006.txt,37,1996379458087696238,114,1,116,114,1,14,10,-1,-1,0
0006.txt,38,1996379458087696238,114,1,117,114,1,25,10,-1,-1,0
0006.txt,39,1996379458087696238,114,1,114,114,1,25,8,-1,-1,0
0006.txt,40,1996379458087696238,114,1,115,114,0,68,9,-1,-1,0
0006.txt,41,1996379458087696238,114,1,116,114,1,33,10,-1,-1,0
0006.txt,42,1996379458087696238,114,1,115,114,0,75,9,-1,-1,0
0006.txt,43,1996379458087696238,114,1,114,114,1,40,8,-1,-1,0
0006.txt,44,1996379458087696238,114,1,114,114,0,58,9,-1,-1,0
0006.txt,45,1996379458087696238,114,1,115,114,1,63,9,-1,-1,0
0006.txt,46,1996379458087696238,114,1,114,114,1,23,8,-1,-1,0
0006.txt,47,1996379458087696238,114,1,114,114,1,30,8,-1,-1,0
0006.txt,48,1996379458087696238,114,0,-1,-1,0,8,0,-1,-1,0
0006.txt,49,1996379458087696238,114,0,-1,-1,0,0,0,-1,-1,0
0006.txt,50,1996379458087696238,114,1,116,115,0,16,9,-1,-1,0
0006.txt,51,1996379458087696238,114,0,-1,-1,0,6,0,-1,-1,0
0006.txt,52,1996379458087696238,114,1,114,114,1,34,9,-1,-1,0
0006.txt,53,1996379458087696238,114,0,-1,-1,0,6,0,-1,-1,0
0006.txt,54,1996379458087696238,114,0,-1,-1,0,42,0,-1,-1,0
0006.txt,55,1996379458087696238,114,0,-1,-1,0,1,0,-1,-1,0
0006.txt,56,1996379458087696238,114,0,-1,-1,0,76,0,-1,-1,0
0006.txt,57,1996379458087696238,114,1,115,115,0,27,8,-1,-1,0
0006.txt,58,1996379458087696238,114,0,-1,-1,0,75,0,-1,-1,0
0006.txt,59,1996379458087696238,114,1,116,115,0,34,9,-1,-1,0
0006.txt,60,1996379458087696238,114,0,-1,-1,0,76,0,-1,-1,0
0006.txt,61,1996379458087696238,114,1,116,114,1,56,9,-1,-1,0
0006.txt,62,1996379458087696238,114,1,116,114,1,73,9,-1,-1,0
0006.txt,63,1996379458087696238,114,0,-1,-1,0,25,0,-1,-1,0
0007.txt,0,15845709184801337047,119,0,-1,-1,0,27,0,-1,-1,0
0007.txt,1,15845709184801337047,119,1,119,119,1,106,11,-1,-1,0
0007.txt,2,15845709184801337047,119,1,119,119,1,17,9,-1,-1,0
0007.txt,3,15845709184801337047,119,1,121,119,1,55,10,-1,-1,0
0007.txt,4,15845709184801337047,119,1,121,121,0,27,9,-1,-1,0
0007.txt,5,15845709184801337047,119,0,-1,-1,0,47,0,-1,-1,0
0007.txt,6,15845709184801337047,119,1,121,119,1,16,10,-1,-1,0
0007.txt,7,15845709184801337047,119,0,-1,-1,0,25,0,-1,-1,0
0007.txt,8,15845709184801337047,119,0,-1,-1,0,19,0,-1,-1,0
0007.txt,9,15845709184801337047,119,0,-1,-1,0,5,0,-1,-1,0
0007.txt,10,15845709184801337047,119,1,121,119,1,39,10,-1,-1,0
0007.txt,11,15845709184801337047,119,0,-1,-1,0,42,0,-1,-1,0
0007.txt,12,15845709184801337047,119,1,121,119,0,51,10,-1,-1,0
0007.txt,13,15845709184801337047,119,0,-1,-1,0,49,0,-1,-1,0
0007.txt,14,15845709184801337047,119,1,119,119,1,37,9,-1,-1,0
0007.txt,15,15845709184801337047,119,1,120,120,0,31,9,-1,-1,0
0007.txt,16,15845709184801337047,119,0,-1,-1,0,17,0,-1,-1,0
0007.txt,17,15845709184801337047,119,0,-1,-1,0,51,0,-1,-1,0
0007.txt,18,15845709184801337047,119,1,119,119,1,61,10,-1,-1,0
0007.txt,19,15845709184801337047,119,0,-1,-1,0,10,0,-1,-1,0
0007.txt,20,15845709184801337047,119,1,119,119,1,7,9,-1,-1,0
0007.txt,21,15845709184801337047,119,1,119,119,1,59,9,-1,-1,0
0007.txt,22,15845709184801337047,119,0,-1,-1,0,6,0,-1,-1,0
0007.txt,23,15845709184801337047,119,1,119,119,1,80,9,-1,-1,0
0007.txt,24,15845709184801337047,119,1,119,119,1,35,9,-1,-1,0
0007.txt,25,15845709184801337047,119,0,-1,-1,0,6,0,-1,-1,0
0007.txt,26,15845709184801337047,119,0,-1,-1,0,6,0,-1,-1,0
0007.txt,27,15845709184801337047,119,0,-1,-1,0,12,0,-1,-1,0
0007.txt,28,15845709184801337047,119,0,-1,-1,0,6,0,-1,-1,0
0007.txt,29,15845709184801337047,119,1,119,119,1,30,9,-1,-1,0
0007.txt,30,15845709184801337047,119,0,-1,-1,0,20,0,-1,-1,0
0007.txt,31,15845709184801337047,119,0,-1,-1,0,48,0,-1,-1,0
0007.txt,32,15845709184801337047,119,1,121,120,0,74,10,-1,-1,0
0007.txt,33,15845709184801337047,119,1,119,119,1,48,9,-1,-1,0
0007.txt,34,15845709184801337047,119,0,-1,-1,0,6,0,-1,-1,0
0007.txt,35,15845709184801337047,119,1,119,119,0,77,9,-1,-1,0
0007.txt,36,15845709184801337047,119,1,119,119,1,7,9,-1,-1,0
0007.txt,37,15845709184801337047,119,1,120,120,0,58,10,-1,-1,0
0007.txt,38,15845709184801337047,119,0,-1,-1,0,18,0,-1,-1,0
0007.txt,39,15845709184801337047,119,1,120,119,1,115,10,-1,-1,0
0007.txt,40,15845709184801337047,119,1,119,119,1,59,9,-1,-1,0
0007.txt,41,15845709184801337047,119,0,-1,-1,0,7,0,-1,-1,0
0007.txt,42,15845709184801337047,119,0,-1,-1,0,6,0,-1,-1,0
0007.txt,43,15845709184801337047,119,0,-1,-1,0,78,0,-1,-1,0
0007.txt,44,15845709184801337047,119,0,-1,-1,0,45,0,-1,-1,0
0007.txt,45,15845709184801337047,119,1,119,119,1,38,9,-1,-1,0
0007.txt,46,15845709184801337047,119,1,121,119,0,51,10,-1,-1,0
0007.txt,47,15845709184801337047,119,0,-1,-1,0,46,0,-1,-1,0
0007.txt,48,15845709184801337047,119,0,-1,-1,0,75,0,-1,-1,0
0007.txt,49,15845709184801337047,119,0,-1,-1,0,18,0,-1,-1,0
0007.txt,50,15845709184801337047,119,0,-1,-1,0,31,0,-1,-1,0
0007.txt,51,15845709184801337047,119,1,119,119,1,5,9,-1,-1,0
0007.txt,52,15845709184801337047,119,1,119,119,1,6,9,-1,-1,0
0007.txt,53,15845709184801337047,119,0,-1,-1,0,16,0,-1,-1,0
0007.txt,54,15845709184801337047,119,1,119,119,1,62,9,-1,-1,0
0007.txt,55,15845709184801337047,119,0,-1,-1,0,5,0,-1,-1,0
0007.txt,56,15845709184801337047,119,0,-1,-1,0,7,0,-1,-1,0
0007.txt,57,15845709184801337047,119,0,-1,-1,0,10,0,-1,-1,0
0007.txt,58,15845709184801337047,119,1,121,119,1,59,10,-1,-1,0
0007.txt,59,15845709184801337047,119,0,-1,-1,0,44,0,-1,-1,0
0007.txt,60,15845709184801337047,119,0,-1,-1,0,5,0,-1,-1,0
0007.txt,61,15845709184801337047,119,0,-1,-1,0,14,0,-1,-1,0
0007.txt,62,15845709184801337047,119,0,-1,-1,0,1,0,-1,-1,0
0007.txt,63,15845709184801337047,119,1,122,122,0,39,9,-1,-1,0
0008.txt,0,6313981886878486730,124,1,127,126,0,91,14,-1,-1,0
0008.txt,1,6313981886878486730,124,1,124,124,1,46,11,-1,-1,0
0008.txt,2,6313981886878486730,124,1,125,124,1,80,11,-1,-1,0
0008.txt,3,6313981886878486730,124,0,-1,-1,0,7,0,-1,-1,0
0008.txt,4,6313981886878486730,124,0,-1,-1,0,22,0,-1,-1,0
0008.txt,5,6313981886878486730,124,0,-1,-1,0,9,0,-1,-1,0
0008.txt,6,6313981886878486730,124,1,126,124,1,14,10,-1,-1,0
0008.txt,7,6313981886878486730,124,1,124,124,1,14,10,-1,-1,0
0008.txt,8,6313981886878486730,124,0,-1,-1,0,58,0,-1,-1,0
0008.txt,9,6313981886878486730,124,0,-1,-1,0,12,0,-1,-1,0
0008.txt,10,6313981886878486730,124,0,-1,-1,0,9,0,-1,-1,0
0008.txt,11,6313981886878486730,124,0,-1,-1,0,14,0,-1,-1,0
0008.txt,12,6313981886878486730,124,0,-1,-1,0,7,0,-1,-1,0
0008.txt,13,6313981886878486730,124,0,-1,-1,0,9,0,-1,-1,0
0008.txt,14,6313981886878486730,124,0,-1,-1,0,26,0,-1,-1,0
0008.txt,15,6313981886878486730,124,0,-1,-1,0,28,0,-1,-1,0
0008.txt,16,6313981886878486730,124,0,-1,-1,0,4,0,-1,-1,0
0008.txt,17,6313981886878486730,124,1,127,124,1,37,11,-1,-1,0
0008.txt,18,6313981886878486730,124,1,125,125,0,55,10,-1,-1,0
0008.txt,19,6313981886878486730,124,1,124,124,0,104,9,-1,-1,0
0008.txt,20,6313981886878486730,124,1,126,125,0,60,13,-1,-1,0
0008.txt,21,6313981886878486730,124,0,-1,-1,0,11,0,-1,-1,0
0008.txt,22,6313981886878486730,124,1,125,124,1,46,10,-1,-1,0
0008.txt,23,6313981886878486730,124,1,124,124,1,81,10,-1,-1,0
0008.txt,24,6313981886878486730,124,1,127,127,0,17,10,-1,-1,0
0008.txt,25,6313981886878486730,124,0,-1,-1,0,8,0,-1,-1,0
0008.txt,26,6313981886878486730,124,1,125,125,0,10,9,-1,-1,0
0008.txt,27,6313981886878486730,124,1,124,124,1,12,10,-1,-1,0
0008.txt,28,6313981886878486730,124,0,-1,-1,0,3,0,-1,-1,0
0008.txt,29,6313981886878486730,124,0,-1,-1,0,0,0,-1,-1,0
0008.txt,30,6313981886878486730,124,1,124,124,0,18,9,-1,-1,0
0008.txt,31,6313981886878486730,124,0,-1,-1,0,21,0,-1,-1,0
0008.txt,32,6313981886878486730,124,1,124,124,1,70,9,-1,-1,0
0008.txt,33,6313981886878486730,124,1,127,126,0,116,10,-1,-1,0
0008.txt,34,6313981886878486730,124,0,-1,-1,0,17,0,-1,-1,0
0008.txt,35,6313981886878486730,124,1,126,124,0,78,11,-1,-1,0
0008.txt,36,6313981886878486730,124,0,-1,-1,0,5,0,-1,-1,0
0008.txt,37,6313981886878486730,124,0,-1,-1,0,79,0,-1,-1,0
0008.txt,38,6313981886878486730,124,1,127,126,0,69,10,-1,-1,0
0008.txt,39,6313981886878486730,124,1,127,126,0,131,10,-1,-1,0
0008.txt,40,6313981886878486730,124,1,127,126,0,89,9,-1,-1,0
0008.txt,41,6313981886878486730,124,0,-1,-1,0,74,0,-1,-1,0
0008.txt,42,6313981886878486730,124,0,-1,-1,0,21,0,-1,-1,0
0008.txt,43,6313981886878486730,124,1,124,124,1,24,10,-1,-1,0
0008.txt,44,6313981886878486730,124,1,126,124,1,77,11,-1,-1,0
0008.txt,45,6313981886878486730,124,1,124,124,1,98,10,-1,-1,0
0008.txt,46,6313981886878486730,124,0,-1,-1,0,10,0,-1,-1,0
0008.txt,47,6313981886878486730,124,1,125,124,1,93,10,-1,-1,0
0008.txt,48,6313981886878486730,124,1,127,126,0,122,10,-1,-1,0
0008.txt,49,6313981886878486730,124,1,126,124,1,43,10,-1,-1,0
0008.txt,50,6313981886878486730,124,0,-1,-1,0,116,0,-1,-1,0
0008.txt,51,6313981886878486730,124,0,-1,-1,0,6,0,-1,-1,0
0008.txt,52,6313981886878486730,124,1,125,125,0,14,10,-1,-1,0
0008.txt,53,6313981886878486730,124,1,127,124,0,60,11,-1,-1,0
0008.txt,54,6313981886878486730,124,0,-1,-1,0,29,0,-1,-1,0
0008.txt,55,6313981886878486730,124,0,-1,-1,0,11,0,-1,-1,0
0008.txt,56,6313981886878486730,124,1,124,124,1,16,10,-1,-1,0
0008.txt,57,6313981886878486730,124,1,125,124,0,90,10,-1,-1,0
0008.txt,58,6313981886878486730,124,1,124,124,0,30,10,-1,-1,0
0008.txt,59,6313981886878486730,124,1,124,124,1,7,10,-1,-1,0
0008.txt,60,6313981886878486730,124,1,125,124,1,33,10,-1,-1,0
0008.txt,61,6313981886878486730,124,0,-1,-1,0,5,0,-1,-1,0
0008.txt,62,6313981886878486730,124,0,-1,-1,0,15,0,-1,-1,0
0008.txt,63,6313981886878486730,124,0,-1,-1,0,5,0,-1,-1,0
0009.txt,0,15013441434159400999,83,0,-1,-1,0,7,0,-1,-1,0
0009.txt,1,15013441434159400999,83,0,-1,-1,0,8,1,-1,-1,0
0009.txt,2,15013441434159400999,83,0,-1,-1,0,13,0,-1,-1,0
0009.txt,3,15013441434159400999,83,0,-1,-1,0,5,0,-1,-1,0
0009.txt,4,15013441434159400999,83,0,-1,-1,0,15,0,-1,-1,0
0009.txt,5,15013441434159400999,83,1,85,83,0,58,10,-1,-1,0
0009.txt,6,15013441434159400999,83,1,83,83,1,35,7,-1,-1,0
0009.txt,7,15013441434159400999,83,1,83,83,1,31,7,-1,-1,0
0009.txt,8,15013441434159400999,83,0,-1,-1,0,5,0,-1,-1,0
0009.txt,9,15013441434159400999,83,0,-1,-1,0,13,0,-1,-1,0
0009.txt,10,15013441434159400999,83,0,-1,-1,0,1,0,-1,-1,0
0009.txt,11,15013441434159400999,83,1,83,83,1,36,7,-1,-1,0
0009.txt,12,15013441434159400999,83,0,-1,-1,0,52,0,-1,-1,0
0009.txt,13,15013441434159400999,83,1,85,85,0,43,8,-1,-1,0
0009.txt,14,15013441434159400999,83,1,86,83,1,48,8,-1,-1,0
0009.txt,15,15013441434159400999,83,1,84,84,0,40,7,-1,-1,0
0009.txt,16,15013441434159400999,83,1,85,83,1,45,7,-1,-1,0
0009.txt,17,15013441434159400999,83,1,83,83,1,31,7,-1,-1,0
0009.txt,18,15013441434159400999,83,1,83,83,1,12,7,-1,-1,0
0009.txt,19,15013441434159400999,83,0,-1,-1,0,26,0,-1,-1,0
0009.txt,20,15013441434159400999,83,1,83,83,1,19,7,-1,-1,0
0009.txt,21,15013441434159400999,83,1,85,83,0,46,7,-1,-1,0
0009.txt,22,15013441434159400999,83,0,-1,-1,0,12,0,-1,-1,0
0009.txt,23,15013441434159400999,83,0,-1,-1,0,4,0,-1,-1,0
0009.txt,24,15013441434159400999,83,1,83,83,1,25,7,-1,-1,0
0009.txt,25,15013441434159400999,83,1,85,83,1,56,7,-1,-1,0
0009.txt,26,15013441434159400999,83,1,84,83,1,67,7,-1,-1,0
0009.txt,27,15013441434159400999,83,1,85,83,1,41,7,-1,-1,0
0009.txt,28,15013441434159400999,83,1,83,83,1,14,6,-1,-1,0
0009.txt,29,15013441434159400999,83,1,83,83,0,84,7,-1,-1,0
0009.txt,30,15013441434159400999,83,1,85,83,1,36,8,-1,-1,0
0009.txt,31,15013441434159400999,83,0,-1,-1,0,10,0,-1,-1,0
0009.txt,32,15013441434159400999,83,0,-1,-1,0,8,0,-1,-1,0
0009.txt,33,15013441434159400999,83,0,-1,-1,0,4,0,-1,-1,0
0009.txt,34,15013441434159400999,83,1,83,83,1,43,7,-1,-1,0
0009.txt,35,15013441434159400999,83,1,83,83,1,45,6,-1,-1,0
0009.txt,36,15013441434159400999,83,1,83,83,1,28,6,-1,-1,0
0009.txt,37,15013441434159400999,83,0,-1,-1,0,24,0,-1,-1,0
0009.txt,38,15013441434159400999,83,1,83,83,1,29,6,-1,-1,0
0009.txt,39,15013441434159400999,83,1,83,83,0,55,7,-1,-1,0
0009.txt,40,15013441434159400999,83,1,83,83,1,22,6,-1,-1,0
0009.txt,41,15013441434159400999,83,1,84,83,1,25,7,-1,-1,0
0009.txt,42,15013441434159400999,83,1,83,83,1,30,7,-1,-1,0
0009.txt,43,15013441434159400999,83,0,-1,-1,0,8,0,-1,-1,0
0009.txt,44,15013441434159400999,83,1,83,83,1,32,6,-1,-1,0
0009.txt,45,15013441434159400999,83,0,-1,-1,0,4,0,-1,-1,0
0009.txt,46,15013441434159400999,83,1,84,83,1,36,7,-1,-1,0
0009.txt,47,15013441434159400999,83,1,83,83,1,10,6,-1,-1,0
0009.txt,48,15013441434159400999,83,1,83,83,1,55,7,-1,-1,0
0009.txt,49,15013441434159400999,83,0,-1,-1,0,4,0,-1,-1,0
0009.txt,50,15013441434159400999,83,1,83,83,1,36,6,-1,-1,0
0009.txt,51,15013441434159400999,83,1,85,83,1,64,7,-1,-1,0
0009.txt,52,15013441434159400999,83,1,83,83,1,30,7,-1,-1,0
0009.txt,53,15013441434159400999,83,1,83,83,1,13,7,-1,-1,0
0009.txt,54,15013441434159400999,83,1,83,83,1,48,6,-1,-1,0
0009.txt,55,15013441434159400999,83,1,83,83,1,88,6,-1,-1,0
0009.txt,56,15013441434159400999,83,1,83,83,1,27,7,-1,-1,0
0009.txt,57,15013441434159400999,83,1,85,83,1,36,7,-1,-1,0
0009.txt,58,15013441434159400999,83,1,83,83,1,15,6,-1,-1,0
0009.txt,59,15013441434159400999,83,1,83,83,1,39,6,-1,-1,0
0009.txt,60,15013441434159400999,83,1,85,83,1,42,6,-1,-1,0
0009.txt,61,15013441434159400999,83,0,-1,-1,0,31,0,-1,-1,0
0009.txt,62,15013441434159400999,83,0,-1,-1,0,20,0,-1,-1,0
0009.txt,63,15013441434159400999,83,1,83,83,1,7,6,-1,-1,0
0010.txt,0,14201068835658362237,71,1,72,72,0,48,7,-1,-1,0
0010.txt,1,14201068835658362237,71,1,73,71,1,54,7,-1,-1,0
0010.txt,2,14201068835658362237,71,0,-1,-1,0,0,0,-1,-1,0
0010.txt,3,14201068835658362237,71,0,-1,-1,0,5,0,-1,-1,0
0010.txt,4,14201068835658362237,71,0,-1,-1,0,4,0,-1,-1,0
0010.txt,5,14201068835658362237,71,1,72,72,0,51,6,-1,-1,0
0010.txt,6,14201068835658362237,71,0,-1,-1,0,40,0,-1,-1,0
0010.txt,7,14201068835658362237,71,0,-1,-1,0,4,0,-1,-1,0
0010.txt,8,14201068835658362237,71,0,-1,-1,0,3,0,-1,-1,0
0010.txt,9,14201068835658362237,71,0,-1,-1,0,4,0,-1,-1,0
0010.txt,10,14201068835658362237,71,1,71,71,1,32,5,-1,-1,0
0010.txt,11,14201068835658362237,71,0,-1,-1,0,4,0,-1,-1,0
0010.txt,12,14201068835658362237,71,0,-1,-1,0,3,0,-1,-1,0
0010.txt,13,14201068835658362237,71,1,71,71,1,31,6,-1,-1,0
0010.txt,14,14201068835658362237,71,0,-1,-1,0,4,1,-1,-1,0
0010.txt,15,14201068835658362237,71,1,72,71,1,37,6,-1,-1,0
0010.txt,16,14201068835658362237,71,0,-1,-1,0,3,0,-1,-1,0
0010.txt,17,14201068835658362237,71,1,71,71,1,40,6,-1,-1,0
0010.txt,18,14201068835658362237,71,1,71,71,1,51,5,-1,-1,0
0010.txt,19,14201068835658362237,71,1,71,71,0,31,6,-1,-1,0
0010.txt,20,14201068835658362237,71,0,-1,-1,0,3,0,-1,-1,0
0010.txt,21,14201068835658362237,71,1,71,71,1,30,6,-1,-1,0
0010.txt,22,14201068835658362237,71,0,-1,-1,0,8,0,-1,-1,0
0010.txt,23,14201068835658362237,71,1,71,71,1,35,5,-1,-1,0
0010.txt,24,14201068835658362237,71,0,-1,-1,0,45,0,-1,-1,0
0010.txt,25,14201068835658362237,71,0,-1,-1,0,3,0,-1,-1,0
0010.txt,26,14201068835658362237,71,0,-1,-1,0,4,0,-1,-1,0
0010.txt,27,14201068835658362237,71,1,71,71,1,27,6,-1,-1,0
0010.txt,28,14201068835658362237,71,0,-1,-1,0,4,0,-1,-1,0
0010.txt,29,14201068835658362237,71,1,73,73,0,51,6,-1,-1,0
0010.txt,30,14201068835658362237,71,1,74,72,0,49,7,-1,-1,0
0010.txt,31,14201068835658362237,71,0,-1,-1,0,3,1,-1,-1,0
0010.txt,32,14201068835658362237,71,0,-1,-1,0,2,0,-1,-1,0
0010.txt,33,14201068835658362237,71,1,71,71,1,26,6,-1,-1,0
0010.txt,34,14201068835658362237,71,1,73,73,0,30,6,-1,-1,0
0010.txt,35,14201068835658362237,71,1,74,72,0,18,6,-1,-1,0
0010.txt,36,14201068835658362237,71,1,73,71,1,21,6,-1,-1,0
0010.txt,37,14201068835658362237,71,0,-1,-1,0,61,0,-1,-1,0
0010.txt,38,14201068835658362237,71,1,73,71,1,25,6,-1,-1,0
0010.txt,39,14201068835658362237,71,0,-1,-1,0,5,0,-1,-1,0
0010.txt,40,14201068835658362237,71,1,71,71,1,65,5,-1,-1,0
0010.txt,41,14201068835658362237,71,1,71,71,1,27,5,-1,-1,0
0010.txt,42,14201068835658362237,71,0,-1,-1,0,34,0,-1,-1,0
0010.txt,43,14201068835658362237,71,0,-1,-1,0,4,0,-1,-1,0
0010.txt,44,14201068835658362237,71,1,71,71,1,26,6,-1,-1,0
0010.txt,45,14201068835658362237,71,1,71,71,1,7,6,-1,-1,0
0010.txt,46,14201068835658362237,71,1,73,73,0,39,6,-1,-1,0
0010.txt,47,14201068835658362237,71,0,-1,-1,0,3,0,-1,-1,0
0010.txt,48,14201068835658362237,71,0,-1,-1,0,3,0,-1,-1,0
0010.txt,49,14201068835658362237,71,1,72,71,1,27,6,-1,-1,0
0010.txt,50,14201068835658362237,71,1,71,71,0,47,6,-1,-1,0
0010.txt,51,14201068835658362237,71,0,-1,-1,0,5,0,-1,-1,0
0010.txt,52,14201068835658362237,71,1,71,71,1,40,5,-1,-1,0
0010.txt,53,14201068835658362237,71,0,-1,-1,0,3,0,-1,-1,0
0010.txt,54,14201068835658362237,71,1,72,72,0,41,6,-1,-1,0
0010.txt,55,14201068835658362237,71,1,71,71,1,31,5,-1,-1,0
0010.txt,56,14201068835658362237,71,0,-1,-1,0,3,0,-1,-1,0
0010.txt,57,14201068835658362237,71,0,-1,-1,0,46,0,-1,-1,0
0010.txt,58,14201068835658362237,71,0,-1,-1,0,5,0,-1,-1,0
0010.txt,59,14201068835658362237,71,1,73,73,0,17,6,-1,-1,0
0010.txt,60,14201068835658362237,71,1,71,71,1,25,5,-1,-1,0
0010.txt,61,14201068835658362237,71,0,-1,-1,0,3,0,-1,-1,0
0010.txt,62,14201068835658362237,71,1,71,71,1,13,5,-1,-1,0
0010.txt,63,14201068835658362237,71,1,71,71,1,9,5,-1,-1,0
0011.txt,0,15430253049319587333,162,1,163,162,0,127,15,-1,-1,0
0011.txt,1,15430253049319587333,162,1,162,162,1,8,14,-1,-1,0
0011.txt,2,15430253049319587333,162,0,-1,-1,0,20,0,-1,-1,0
0011.txt,3,15430253049319587333,162,1,165,163,0,142,14,-1,-1,0
0011.txt,4,15430253049319587333,162,0,-1,-1,0,7,0,-1,-1,0
0011.txt,5,15430253049319587333,162,1,165,164,0,98,13,-1,-1,0
0011.txt,6,15430253049319587333,162,0,-1,-1,0,35,0,-1,-1,0
0011.txt,7,15430253049319587333,162,0,-1,-1,0,27,0,-1,-1,0
0011.txt,8,15430253049319587333,162,1,162,162,0,126,12,-1,-1,0
0011.txt,9,15430253049319587333,162,0,-1,-1,0,10,0,-1,-1,0
0011.txt,10,15430253049319587333,162,1,162,162,1,159,12,-1,-1,0
0011.txt,11,15430253049319587333,162,0,-1,-1,0,86,0,-1,-1,0
0011.txt,12,15430253049319587333,162,0,-1,-1,0,13,0,-1,-1,0
0011.txt,13,15430253049319587333,162,0,-1,-1,0,115,0,-1,-1,0
0011.txt,14,15430253049319587333,162,0,-1,-1,0,75,0,-1,-1,0
0011.txt,15,15430253049319587333,162,1,165,162,1,36,12,-1,-1,0
0011.txt,16,15430253049319587333,162,1,165,165,0,43,13,-1,-1,0
0011.txt,17,15430253049319587333,162,1,165,162,0,81,14,-1,-1,0
0011.txt,18,15430253049319587333,162,0,-1,-1,0,35,0,-1,-1,0
0011.txt,19,15430253049319587333,162,0,-1,-1,0,25,0,-1,-1,0
0011.txt,20,15430253049319587333,162,1,164,162,1,146,13,-1,-1,0
0011.txt,21,15430253049319587333,162,1,162,162,1,116,11,-1,-1,0
0011.txt,22,15430253049319587333,162,0,-1,-1,0,8,0,-1,-1,0
0011.txt,23,15430253049319587333,162,1,164,162,1,78,13,-1,-1,0
0011.txt,24,15430253049319587333,162,0,-1,-1,0,8,0,-1,-1,0
0011.txt,25,15430253049319587333,162,0,-1,-1,0,9,0,-1,-1,0
0011.txt,26,15430253049319587333,162,0,-1,-1,0,48,0,-1,-1,0
0011.txt,27,15430253049319587333,162,0,-1,-1,0,10,0,-1,-1,0
0011.txt,28,15430253049319587333,162,1,162,162,1,24,12,-1,-1,0
0011.txt,29,15430253049319587333,162,0,-1,-1,0,43,0,-1,-1,0
0011.txt,30,15430253049319587333,162,0,-1,-1,0,38,0,-1,-1,0
0011.txt,31,15430253049319587333,162,0,-1,-1,0,0,0,-1,-1,0
0011.txt,32,15430253049319587333,162,0,-1,-1,0,61,0,-1,-1,0
0011.txt,33,15430253049319587333,162,0,-1,-1,0,39,0,-1,-1,0
0011.txt,34,15430253049319587333,162,1,163,163,0,55,12,-1,-1,0
0011.txt,35,15430253049319587333,162,0,-1,-1,0,37,0,-1,-1,0
0011.txt,36,15430253049319587333,162,1,163,162,1,41,12,-1,-1,0
0011.txt,37,15430253049319587333,162,0,-1,-1,0,20,0,-1,-1,0
0011.txt,38,15430253049319587333,162,0,-1,-1,0,94,0,-1,-1,0
0011.txt,39,15430253049319587333,162,0,-1,-1,0,30,0,-1,-1,0
0011.txt,40,15430253049319587333,162,0,-1,-1,0,91,0,-1,-1,0
0011.txt,41,15430253049319587333,162,0,-1,-1,0,37,0,-1,-1,0
0011.txt,42,15430253049319587333,162,1,164,162,0,73,12,-1,-1,0
0011.txt,43,15430253049319587333,162,0,-1,-1,0,8,0,-1,-1,0
0011.txt,44,15430253049319587333,162,1,165,162,0,154,12,-1,-1,0
0011.txt,45,15430253049319587333,162,1,164,164,0,38,12,-1,-1,0
0011.txt,46,15430253049319587333,162,1,165,163,0,147,12,-1,-1,0
0011.txt,47,15430253049319587333,162,1,163,163,0,96,12,-1,-1,0
0011.txt,48,15430253049319587333,162,0,-1,-1,0,11,0,-1,-1,0
0011.txt,49,15430253049319587333,162,0,-1,-1,0,68,0,-1,-1,0
0011.txt,50,15430253049319587333,162,0,-1,-1,0,24,0,-1,-1,0
0011.txt,51,15430253049319587333,162,0,-1,-1,0,95,0,-1,-1,0
0011.txt,52,15430253049319587333,162,0,-1,-1,0,8,0,-1,-1,0
0011.txt,53,15430253049319587333,162,0,-1,-1,0,19,0,-1,-1,0
0011.txt,54,15430253049319587333,162,0,-1,-1,0,16,0,-1,-1,0
0011.txt,55,15430253049319587333,162,1,165,164,0,79,13,-1,-1,0
0011.txt,56,15430253049319587333,162,0,-1,-1,0,45,0,-1,-1,0
0011.txt,57,15430253049319587333,162,0,-1,-1,0,151,0,-1,-1,0
0011.txt,58,15430253049319587333,162,0,-1,-1,0,6,0,-1,-1,0
0011.txt,59,15430253049319587333,162,1,164,164,0,249,12,-1,-1,0
0011.txt,60,15430253049319587333,162,0,-1,-1,0,39,0,-1,-1,0
0011.txt,61,15430253049319587333,162,0,-1,-1,0,7,0,-1,-1,0
0011.txt,62,15430253049319587333,162,0,-1,-1,0,10,0,-1,-1,0
0011.txt,63,15430253049319587333,162,0,-1,-1,0,37,0,-1,-1,0
0012.txt,0,15621918793628031850,126,1,129,126,0,133,15,-1,-1,0
0012.txt,1,15621918793628031850,126,1,129,127,0,44,11,-1,-1,0
0012.txt,2,15621918793628031850,126,1,126,126,1,50,11,-1,-1,0
0012.txt,3,15621918793628031850,126,0,-1,-1,0,8,0,-1,-1,0
0012.txt,4,15621918793628031850,126,0,-1,-1,0,9,0,-1,-1,0
0012.txt,5,15621918793628031850,126,0,-1,-1,0,52,0,-1,-1,0
0012.txt,6,15621918793628031850,126,1,126,126,0,94,10,-1,-1,0
0012.txt,7,15621918793628031850,126,0,-1,-1,0,43,0,-1,-1,0
0012.txt,8,15621918793628031850,126,0,-1,-1,0,90,0,-1,-1,0
0012.txt,9,15621918793628031850,126,0,-1,-1,0,35,0,-1,-1,0
0012.txt,10,15621918793628031850,126,1,128,128,0,23,11,-1,-1,0
0012.txt,11,15621918793628031850,126,0,-1,-1,0,34,0,-1,-1,0
0012.txt,12,15621918793628031850,126,0,-1,-1,0,18,0,-1,-1,0
0012.txt,13,15621918793628031850,126,0,-1,-1,0,4,0,-1,-1,0
0012.txt,14,15621918793628031850,126,0,-1,-1,0,14,0,-1,-1,0
0012.txt,15,15621918793628031850,126,1,126,126,1,17,10,-1,-1,0
0012.txt,16,15621918793628031850,126,0,-1,-1,0,32,0,-1,-1,0
0012.txt,17,15621918793628031850,126,0,-1,-1,0,8,0,-1,-1,0
0012.txt,18,15621918793628031850,126,0,-1,-1,0,12,0,-1,-1,0
0012.txt,19,15621918793628031850,126,0,-1,-1,0,26,0,-1,-1,0
0012.txt,20,15621918793628031850,126,1,126,126,0,137,10,-1,-1,0
0012.txt,21,15621918793628031850,126,1,126,126,1,79,10,-1,-1,0
0012.txt,22,15621918793628031850,126,0,-1,-1,0,1,0,-1,-1,0
0012.txt,23,15621918793628031850,126,1,126,126,1,13,10,-1,-1,0
0012.txt,24,15621918793628031850,126,1,126,126,0,118,10,-1,-1,0
0012.txt,25,15621918793628031850,126,1,128,126,1,19,10,-1,-1,0
0012.txt,26,15621918793628031850,126,1,126,126,0,10,10,-1,-1,0
0012.txt,27,15621918793628031850,126,0,-1,-1,0,23,0,-1,-1,0
0012.txt,28,15621918793628031850,126,1,126,126,0,52,10,-1,-1,0
0012.txt,29,15621918793628031850,126,0,-1,-1,0,25,0,-1,-1,0
0012.txt,30,15621918793628031850,126,0,-1,-1,0,3,0,-1,-1,0
0012.txt,31,15621918793628031850,126,0,-1,-1,0,8,0,-1,-1,0
0012.txt,32,15621918793628031850,126,0,-1,-1,0,14,0,-1,-1,0
0012.txt,33,15621918793628031850,126,1,126,126,1,96,10,-1,-1,0
0012.txt,34,15621918793628031850,126,0,-1,-1,0,69,0,-1,-1,0
0012.txt,35,15621918793628031850,126,1,129,127,0,71,11,-1,-1,0
0012.txt,36,15621918793628031850,126,0,-1,-1,0,76,0,-1,-1,0
0012.txt,37,15621918793628031850,126,0,-1,-1,0,31,0,-1,-1,0
0012.txt,38,15621918793628031850,126,0,-1,-1,0,7,0,-1,-1,0
0012.txt,39,15621918793628031850,126,0,-1,-1,0,8,0,-1,-1,0
0012.txt,40,15621918793628031850,126,0,-1,-1,0,1,0,-1,-1,0
0012.txt,41,15621918793628031850,126,1,126,126,0,37,10,-1,-1,0
0012.txt,42,15621918793628031850,126,0,-1,-1,0,21,0,-1,-1,0
0012.txt,43,15621918793628031850,126,0,-1,-1,0,97,0,-1,-1,0
0012.txt,44,15621918793628031850,126,0,-1,-1,0,20,0,-1,-1,0
0012.txt,45,15621918793628031850,126,0,-1,-1,0,85,0,-1,-1,0
0012.txt,46,15621918793628031850,126,0,-1,-1,0,5,0,-1,-1,0
0012.txt,47,15621918793628031850,126,0,-1,-1,0,12,0,-1,-1,0
0012.txt,48,15621918793628031850,126,0,-1,-1,0,20,0,-1,-1,0
0012.txt,49,15621918793628031850,126,0,-1,-1,0,4,0,-1,-1,0
0012.txt,50,15621918793628031850,126,1,126,126,1,13,10,-1,-1,0
0012.txt,51,15621918793628031850,126,1,128,126,0,96,10,-1,-1,0
0012.txt,52,15621918793628031850,126,0,-1,-1,0,27,0,-1,-1,0
0012.txt,53,15621918793628031850,126,1,126,126,0,175,11,-1,-1,0
0012.txt,54,15621918793628031850,126,0,-1,-1,0,62,0,-1,-1,0
0012.txt,55,15621918793628031850,126,0,-1,-1,0,7,0,-1,-1,0
0012.txt,56,15621918793628031850,126,0,-1,-1,0,39,0,-1,-1,0
0012.txt,57,15621918793628031850,126,1,126,126,0,114,11,-1,-1,0
0012.txt,58,15621918793628031850,126,0,-1,-1,0,6,0,-1,-1,0
0012.txt,59,15621918793628031850,126,1,126,126,0,70,10,-1,-1,0
0012.txt,60,15621918793628031850,126,0,-1,-1,0,28,0,-1,-1,0
0012.txt,61,15621918793628031850,126,1,128,126,1,55,10,-1,-1,0
0012.txt,62,15621918793628031850,126,0,-1,-1,0,27,0,-1,-1,0
0012.txt,63,15621918793628031850,126,1,126,126,0,102,10,-1,-1,0
0013.txt,0,718432259907507088,183,0,-1,-1,0,85,0,-1,-1,0
0013.txt,1,718432259907507088,183,1,184,183,1,34,20,-1,-1,0
0013.txt,2,718432259907507088,183,0,-1,-1,0,8,0,-1,-1,0
0013.txt,3,718432259907507088,183,1,186,186,0,78,17,-1,-1,0
0013.txt,4,718432259907507088,183,0,-1,-1,0,90,0,-1,-1,0
0013.txt,5,718432259907507088,183,1,183,183,1,184,15,-1,-1,0
0013.txt,6,718432259907507088,183,0,-1,-1,0,54,0,-1,-1,0
0013.txt,7,718432259907507088,183,0,-1,-1,0,1,0,-1,-1,0
0013.txt,8,718432259907507088,183,1,183,183,1,28,15,-1,-1,0
0013.txt,9,718432259907507088,183,1,183,183,1,85,15,-1,-1,0
0013.txt,10,718432259907507088,183,0,-1,-1,0,32,0,-1,-1,0
0013.txt,11,718432259907507088,183,1,184,184,0,128,15,-1,-1,0
0013.txt,12,718432259907507088,183,0,-1,-1,0,66,0,-1,-1,0
0013.txt,13,718432259907507088,183,1,183,183,1,57,14,-1,-1,0
0013.txt,14,718432259907507088,183,0,-1,-1,0,10,0,-1,-1,0
0013.txt,15,718432259907507088,183,0,-1,-1,0,64,0,-1,-1,0
0013.txt,16,718432259907507088,183,1,184,183,0,174,15,-1,-1,0
0013.txt,17,718432259907507088,183,1,183,183,0,117,14,-1,-1,0
0013.txt,18,718432259907507088,183,1,185,184,0,61,15,-1,-1,0
0013.txt,19,718432259907507088,183,0,-1,-1,0,32,0,-1,-1,0
0013.txt,20,718432259907507088,183,1,183,183,0,89,15,-1,-1,0
0013.txt,21,718432259907507088,183,0,-1,-1,0,225,0,-1,-1,0
0013.txt,22,718432259907507088,183,0,-1,-1,0,76,0,-1,-1,0
0013.txt,23,718432259907507088,183,0,-1,-1,0,31,0,-1,-1,0
0013.txt,24,718432259907507088,183,1,185,185,0,77,15,-1,-1,0
0013.txt,25,718432259907507088,183,1,183,183,1,45,14,-1,-1,0
0013.txt,26,718432259907507088,183,1,183,183,1,23,14,-1,-1,0
0013.txt,27,718432259907507088,183,1,186,184,0,113,15,-1,-1,0
0013.txt,28,718432259907507088,183,1,186,186,0,172,15,-1,-1,0
0013.txt,29,718432259907507088,183,0,-1,-1,0,69,0,-1,-1,0
0013.txt,30,718432259907507088,183,0,-1,-1,0,7,0,-1,-1,0
0013.txt,31,718432259907507088,183,1,183,183,0,105,14,-1,-1,0
0013.txt,32,718432259907507088,183,1,183,183,1,127,14,-1,-1,0
0013.txt,33,718432259907507088,183,0,-1,-1,0,88,0,-1,-1,0
0013.txt,34,718432259907507088,183,0,-1,-1,0,38,0,-1,-1,0
0013.txt,35,718432259907507088,183,0,-1,-1,0,54,0,-1,-1,0
0013.txt,36,718432259907507088,183,0,-1,-1,0,73,0,-1,-1,0
0013.txt,37,718432259907507088,183,0,-1,-1,0,177,0,-1,-1,0
0013.txt,38,718432259907507088,183,1,185,183,1,132,15,-1,-1,0
0013.txt,39,718432259907507088,183,1,183,183,0,21,14,-1,-1,0
0013.txt,40,718432259907507088,183,1,183,183,0,80,16,-1,-1,0
0013.txt,41,718432259907507088,183,1,184,183,0,106,15,-1,-1,0
0013.txt,42,718432259907507088,183,1,184,184,0,91,15,-1,-1,0
0013.txt,43,718432259907507088,183,1,185,185,0,93,16,-1,-1,0
0013.txt,44,718432259907507088,183,1,185,183,0,59,15,-1,-1,0
0013.txt,45,718432259907507088,183,0,-1,-1,0,30,0,-1,-1,0
0013.txt,46,718432259907507088,183,1,183,183,1,17,15,-1,-1,0
0013.txt,47,718432259907507088,183,1,183,183,0,23,15,-1,-1,0
0013.txt,48,718432259907507088,183,0,-1,-1,0,22,0,-1,-1,0
0013.txt,49,718432259907507088,183,1,185,185,0,214,14,-1,-1,0
0013.txt,50,718432259907507088,183,1,183,183,1,25,14,-1,-1,0
0013.txt,51,718432259907507088,183,0,-1,-1,0,11,0,-1,-1,0
0013.txt,52,718432259907507088,183,1,183,183,1,60,14,-1,-1,0
0013.txt,53,718432259907507088,183,0,-1,-1,0,36,0,-1,-1,0
0013.txt,54,718432259907507088,183,0,-1,-1,0,11,0,-1,-1,0
0013.txt,55,718432259907507088,183,0,-1,-1,0,25,0,-1,-1,0
0013.txt,56,718432259907507088,183,0,-1,-1,0,56,0,-1,-1,0
0013.txt,57,718432259907507088,183,0,-1,-1,0,5,0,-1,-1,0
0013.txt,58,718432259907507088,183,0,-1,-1,0,5,0,-1,-1,0
0013.txt,59,718432259907507088,183,1,183,183,0,61,15,-1,-1,0
0013.txt,60,718432259907507088,183,0,-1,-1,0,73,0,-1,-1,0
0013.txt,61,718432259907507088,183,0,-1,-1,0,7,0,-1,-1,0
0013.txt,62,718432259907507088,183,1,183,183,1,45,15,-1,-1,0
0013.txt,63,718432259907507088,183,0,-1,-1,0,7,0,-1,-1,0
0014.txt,0,11283709880158330391,383,1,383,383,0,49,33,-1,-1,0
0014.txt,1,11283709880158330391,383,0,-1,-1,0,32,0,-1,-1,0
0014.txt,2,11283709880158330391,383,0,-1,-1,0,667,0,-1,-1,0
0014.txt,3,11283709880158330391,383,0,-1,-1,0,326,0,-1,-1,0
0014.txt,4,11283709880158330391,383,1,386,384,0,200,32,-1,-1,0
0014.txt,5,11283709880158330391,383,0,-1,-1,0,23,0,-1,-1,0
0014.txt,6,11283709880158330391,383,0,-1,-1,0,602,0,-1,-1,0
0014.txt,7,11283709880158330391,383,0,-1,-1,0,412,0,-1,-1,0
0014.txt,8,11283709880158330391,383,1,382,382,0,14,32,-1,-1,0
0014.txt,9,11283709880158330391,383,1,383,383,1,78,29,-1,-1,0
0014.txt,10,11283709880158330391,383,1,386,385,0,248,30,-1,-1,0
0014.txt,11,11283709880158330391,383,1,383,383,1,15,28,-1,-1,0
0014.txt,12,11283709880158330391,383,0,-1,-1,0,72,0,-1,-1,0
0014.txt,13,11283709880158330391,383,0,-1,-1,0,247,0,-1,-1,0
0014.txt,14,11283709880158330391,383,0,-1,-1,0,29,0,-1,-1,0
0014.txt,15,11283709880158330391,383,1,385,385,0,72,29,-1,-1,0
0014.txt,16,11283709880158330391,383,0,-1,-1,0,14,0,-1,-1,0
0014.txt,17,11283709880158330391,383,0,-1,-1,0,19,0,-1,-1,0
0014.txt,18,11283709880158330391,383,0,-1,-1,0,497,0,-1,-1,0
0014.txt,19,11283709880158330391,383,1,383,383,1,373,30,-1,-1,0
0014.txt,20,11283709880158330391,383,0,-1,-1,0,36,0,-1,-1,0
0014.txt,21,11283709880158330391,383,0,-1,-1,0,10,0,-1,-1,0
0014.txt,22,11283709880158330391,383,1,384,383,0,239,29,-1,-1,0
0014.txt,23,11283709880158330391,383,0,-1,-1,0,58,0,-1,-1,0
0014.txt,24,11283709880158330391,383,0,-1,-1,0,226,0,-1,-1,0
0014.txt,25,11283709880158330391,383,0,-1,-1,0,16,0,-1,-1,0
0014.txt,26,11283709880158330391,383,0,-1,-1,0,57,0,-1,-1,0
0014.txt,27,11283709880158330391,383,0,-1,-1,0,611,0,-1,-1,0
0014.txt,28,11283709880158330391,383,0,-1,-1,0,192,0,-1,-1,0
0014.txt,29,11283709880158330391,383,0,-1,-1,0,145,0,-1,-1,0
0014.txt,30,11283709880158330391,383,0,-1,-1,0,17,0,-1,-1,0
0014.txt,31,11283709880158330391,383,1,385,384,0,265,30,-1,-1,0
0014.txt,32,11283709880158330391,383,1,383,383,1,87,29,-1,-1,0
0014.txt,33,11283709880158330391,383,0,-1,-1,0,16,0,-1,-1,0
0014.txt,34,11283709880158330391,383,0,-1,-1,0,14,0,-1,-1,0
0014.txt,35,11283709880158330391,383,0,-1,-1,0,86,0,-1,-1,0
0014.txt,36,11283709880158330391,383,0,-1,-1,0,81,0,-1,-1,0
0014.txt,37,11283709880158330391,383,0,-1,-1,0,200,0,-1,-1,0
0014.txt,38,11283709880158330391,383,0,-1,-1,0,93,0,-1,-1,0
0014.txt,39,11283709880158330391,383,0,-1,-1,0,19,0,-1,-1,0
0014.txt,40,11283709880158330391,383,1,383,382,0,399,30,-1,-1,0
0014.txt,41,11283709880158330391,383,0,-1,-1,0,204,0,-1,-1,0
0014.txt,42,11283709880158330391,383,0,-1,-1,0,753,0,-1,-1,0
0014.txt,43,11283709880158330391,383,0,-1,-1,0,24,0,-1,-1,0
0014.txt,44,11283709880158330391,383,0,-1,-1,0,238,0,-1,-1,0
0014.txt,45,11283709880158330391,383,0,-1,-1,0,288,0,-1,-1,0
0014.txt,46,11283709880158330391,383,1,383,383,1,7,33,-1,-1,0
0014.txt,47,11283709880158330391,383,0,-1,-1,0,97,0,-1,-1,0
0014.txt,48,11283709880158330391,383,0,-1,-1,0,131,0,-1,-1,0
0014.txt,49,11283709880158330391,383,1,383,383,1,7,31,-1,-1,0
0014.txt,50,11283709880158330391,383,1,385,384,0,338,31,-1,-1,0
0014.txt,51,11283709880158330391,383,0,-1,-1,0,147,0,-1,-1,0
0014.txt,52,11283709880158330391,383,0,-1,-1,0,163,0,-1,-1,0
0014.txt,53,11283709880158330391,383,0,-1,-1,0,716,0,-1,-1,0
0014.txt,54,11283709880158330391,383,0,-1,-1,0,140,0,-1,-1,0
0014.txt,55,11283709880158330391,383,0,-1,-1,0,41,0,-1,-1,0
0014.txt,56,11283709880158330391,383,1,384,383,0,432,32,-1,-1,0
0014.txt,57,11283709880158330391,383,1,385,384,0,195,30,-1,-1,0
0014.txt,58,11283709880158330391,383,0,-1,-1,0,257,0,-1,-1,0
0014.txt,59,11283709880158330391,383,0,-1,-1,0,116,0,-1,-1,0
0014.txt,60,11283709880158330391,383,0,-1,-1,0,51,0,-1,-1,0
0014.txt,61,11283709880158330391,383,0,-1,-1,0,66,0,-1,-1,0
0014.txt,62,11283709880158330391,383,0,-1,-1,0,10,0,-1,-1,0
0014.txt,63,11283709880158330391,383,0,-1,-1,0,37,0,-1,-1,0
0015.txt,0,12011473722066613430,550,1,551,550,0,597,59,-1,-1,0
0015.txt,1,12011473722066613430,550,0,-1,-1,0,96,0,-1,-1,0
0015.txt,2,12011473722066613430,550,0,-1,-1,0,99,0,-1,-1,0
0015.txt,3,12011473722066613430,550,0,-1,-1,0,381,0,-1,-1,0
0015.txt,4,12011473722066613430,550,0,-1,-1,0,17,0,-1,-1,0
0015.txt,5,12011473722066613430,550,0,-1,-1,0,237,0,-1,-1,0
0015.txt,6,12011473722066613430,550,0,-1,-1,0,556,0,-1,-1,0
0015.txt,7,12011473722066613430,550,1,552,552,0,55,58,-1,-1,0
0015.txt,8,12011473722066613430,550,0,-1,-1,0,266,0,-1,-1,0
0015.txt,9,12011473722066613430,550,0,-1,-1,0,171,0,-1,-1,0
0015.txt,10,12011473722066613430,550,0,-1,-1,0,16,0,-1,-1,0
0015.txt,11,12011473722066613430,550,0,-1,-1,0,231,0,-1,-1,0
0015.txt,12,12011473722066613430,550,1,550,550,0,609,65,-1,-1,0
0015.txt,13,12011473722066613430,550,0,-1,-1,0,596,0,-1,-1,0
0015.txt,14,12011473722066613430,550,1,552,550,1,71,58,-1,-1,0
0015.txt,15,12011473722066613430,550,0,-1,-1,0,116,0,-1,-1,0
0015.txt,16,12011473722066613430,550,0,-1,-1,0,8,0,-1,-1,0
0015.txt,17,12011473722066613430,550,1,553,553,0,317,55,-1,-1,0
0015.txt,18,12011473722066613430,550,0,-1,-1,0,18,0,-1,-1,0
0015.txt,19,12011473722066613430,550,1,550,550,1,36,50,-1,-1,0
0015.txt,20,12011473722066613430,550,0,-1,-1,0,265,0,-1,-1,0
0015.txt,21,12011473722066613430,550,0,-1,-1,0,19,0,-1,-1,0
0015.txt,22,12011473722066613430,550,0,-1,-1,0,158,0,-1,-1,0
0015.txt,23,12011473722066613430,550,0,-1,-1,0,18,0,-1,-1,0
0015.txt,24,12011473722066613430,550,0,-1,-1,0,8,0,-1,-1,0
0015.txt,25,12011473722066613430,550,0,-1,-1,0,122,0,-1,-1,0
0015.txt,26,12011473722066613430,550,1,553,551,0,831,49,-1,-1,0
0015.txt,27,12011473722066613430,550,0,-1,-1,0,202,0,-1,-1,0
0015.txt,28,12011473722066613430,550,0,-1,-1,0,343,0,-1,-1,0
0015.txt,29,12011473722066613430,550,1,553,551,0,81,52,-1,-1,0
0015.txt,30,12011473722066613430,550,1,550,550,1,240,47,-1,-1,0
0015.txt,31,12011473722066613430,550,1,553,552,0,68,50,-1,-1,0
0015.txt,32,12011473722066613430,550,0,-1,-1,0,82,0,-1,-1,0
0015.txt,33,12011473722066613430,550,1,550,550,0,643,45,-1,-1,0
0015.txt,34,12011473722066613430,550,0,-1,-1,0,12,0,-1,-1,0
0015.txt,35,12011473722066613430,550,1,553,551,0,123,46,-1,-1,0
0015.txt,36,12011473722066613430,550,0,-1,-1,0,18,0,-1,-1,0
0015.txt,37,12011473722066613430,550,0,-1,-1,0,9,0,-1,-1,0
0015.txt,38,12011473722066613430,550,0,-1,-1,0,20,0,-1,-1,0
0015.txt,39,12011473722066613430,550,0,-1,-1,0,183,0,-1,-1,0
0015.txt,40,12011473722066613430,550,0,-1,-1,0,166,0,-1,-1,0
0015.txt,41,12011473722066613430,550,0,-1,-1,0,254,0,-1,-1,0
0015.txt,42,12011473722066613430,550,0,-1,-1,0,378,1,-1,-1,0
0015.txt,43,12011473722066613430,550,1,550,549,0,402,51,-1,-1,0
0015.txt,44,12011473722066613430,550,0,-1,-1,0,545,0,-1,-1,0
0015.txt,45,12011473722066613430,550,0,-1,-1,0,105,0,-1,-1,0
0015.txt,46,12011473722066613430,550,0,-1,-1,0,19,0,-1,-1,0
0015.txt,47,12011473722066613430,550,0,-1,-1,0,14,0,-1,-1,0
0015.txt,48,12011473722066613430,550,0,-1,-1,0,204,0,-1,-1,0
0015.txt,49,12011473722066613430,550,0,-1,-1,0,13,0,-1,-1,0
0015.txt,50,12011473722066613430,550,0,-1,-1,0,82,0,-1,-1,0
0015.txt,51,12011473722066613430,550,0,-1,-1,0,13,1,-1,-1,0
0015.txt,52,12011473722066613430,550,1,550,549,0,136,51,-1,-1,0
0015.txt,53,12011473722066613430,550,0,-1,-1,0,82,0,-1,-1,0
0015.txt,54,12011473722066613430,550,0,-1,-1,0,16,0,-1,-1,0
0015.txt,55,12011473722066613430,550,1,553,550,1,80,47,-1,-1,0
0015.txt,56,12011473722066613430,550,1,553,553,0,53,50,-1,-1,0
0015.txt,57,12011473722066613430,550,0,-1,-1,0,75,0,-1,-1,0
0015.txt,58,12011473722066613430,550,0,-1,-1,0,17,0,-1,-1,0
0015.txt,59,12011473722066613430,550,1,553,553,0,387,62,-1,-1,0
0015.txt,60,12011473722066613430,550,1,551,549,0,372,60,-1,-1,0
0015.txt,61,12011473722066613430,550,0,-1,-1,0,287,0,-1,-1,0
0015.txt,62,12011473722066613430,550,1,551,551,0,139,59,-1,-1,0
0015.txt,63,12011473722066613430,550,1,550,550,0,311,52,-1,-1,0
0016.txt,0,11517247210299533195,127,1,128,127,0,114,14,-1,-1,0
0016.txt,1,11517247210299533195,127,1,128,127,1,96,12,-1,-1,0
0016.txt,2,11517247210299533195,127,0,-1,-1,0,15,0,-1,-1,0
0016.txt,3,11517247210299533195,127,1,129,128,0,108,11,-1,-1,0
0016.txt,4,11517247210299533195,127,1,128,127,1,46,10,-1,-1,0
0016.txt,5,11517247210299533195,127,1,127,127,1,143,10,-1,-1,0
0016.txt,6,11517247210299533195,127,0,-1,-1,0,64,0,-1,-1,0
0016.txt,7,11517247210299533195,127,1,128,127,0,196,11,-1,-1,0
0016.txt,8,11517247210299533195,127,0,-1,-1,0,11,0,-1,-1,0
0016.txt,9,11517247210299533195,127,1,128,127,1,163,10,-1,-1,0
0016.txt,10,11517247210299533195,127,1,127,127,1,18,10,-1,-1,0
0016.txt,11,11517247210299533195,127,1,127,127,1,18,9,-1,-1,0
0016.txt,12,11517247210299533195,127,1,128,127,1,58,10,-1,-1,0
0016.txt,13,11517247210299533195,127,0,-1,-1,0,12,0,-1,-1,0
0016.txt,14,11517247210299533195,127,1,127,127,1,6,10,-1,-1,0
0016.txt,15,11517247210299533195,127,0,-1,-1,0,10,0,-1,-1,0
0016.txt,16,11517247210299533195,127,0,-1,-1,0,60,0,-1,-1,0
0016.txt,17,11517247210299533195,127,0,-1,-1,0,21,0,-1,-1,0
0016.txt,18,11517247210299533195,127,0,-1,-1,0,9,0,-1,-1,0
0016.txt,19,11517247210299533195,127,0,-1,-1,0,29,0,-1,-1,0
0016.txt,20,11517247210299533195,127,1,128,127,1,138,10,-1,-1,0
0016.txt,21,11517247210299533195,127,1,127,127,1,50,9,-1,-1,0
0016.txt,22,11517247210299533195,127,1,128,127,1,37,10,-1,-1,0
0016.txt,23,11517247210299533195,127,0,-1,-1,0,11,0,-1,-1,0
0016.txt,24,11517247210299533195,127,1,128,127,1,25,10,-1,-1,0
0016.txt,25,11517247210299533195,127,0,-1,-1,0,109,0,-1,-1,0
0016.txt,26,11517247210299533195,127,0,-1,-1,0,50,0,-1,-1,0
0016.txt,27,11517247210299533195,127,1,128,127,1,60,10,-1,-1,0
0016.txt,28,11517247210299533195,127,0,-1,-1,0,0,0,-1,-1,0
0016.txt,29,11517247210299533195,127,0,-1,-1,0,0,0,-1,-1,0
0016.txt,30,11517247210299533195,127,1,128,127,1,24,9,-1,-1,0
0016.txt,31,11517247210299533195,127,0,-1,-1,0,42,0,-1,-1,0
0016.txt,32,11517247210299533195,127,0,-1,-1,0,8,0,-1,-1,0
0016.txt,33,11517247210299533195,127,1,128,127,1,82,10,-1,-1,0
0016.txt,34,11517247210299533195,127,0,-1,-1,0,8,0,-1,-1,0
0016.txt,35,11517247210299533195,127,1,130,130,0,28,10,-1,-1,0
0016.txt,36,11517247210299533195,127,0,-1,-1,0,8,0,-1,-1,0
0016.txt,37,11517247210299533195,127,0,-1,-1,0,55,0,-1,-1,0
0016.txt,38,11517247210299533195,127,0,-1,-1,0,10,0,-1,-1,0
0016.txt,39,11517247210299533195,127,0,-1,-1,0,18,0,-1,-1,0
0016.txt,40,11517247210299533195,127,0,-1,-1,0,8,0,-1,-1,0
0016.txt,41,11517247210299533195,127,0,-1,-1,0,55,0,-1,-1,0
0016.txt,42,11517247210299533195,127,0,-1,-1,0,7,0,-1,-1,0
0016.txt,43,11517247210299533195,127,0,-1,-1,0,10,0,-1,-1,0
0016.txt,44,11517247210299533195,127,0,-1,-1,0,135,0,-1,-1,0
0016.txt,45,11517247210299533195,127,1,128,127,1,10,10,-1,-1,0
0016.txt,46,11517247210299533195,127,1,127,127,1,47,9,-1,-1,0
0016.txt,47,11517247210299533195,127,0,-1,-1,0,8,0,-1,-1,0
0016.txt,48,11517247210299533195,127,1,128,127,1,26,9,-1,-1,0
0016.txt,49,11517247210299533195,127,0,-1,-1,0,4,0,-1,-1,0
0016.txt,50,11517247210299533195,127,0,-1,-1,0,95,0,-1,-1,0
0016.txt,51,11517247210299533195,127,1,130,127,1,8,10,-1,-1,0
0016.txt,52,11517247210299533195,127,0,-1,-1,0,5,0,-1,-1,0
0016.txt,53,11517247210299533195,127,0,-1,-1,0,9,0,-1,-1,0
0016.txt,54,11517247210299533195,127,0,-1,-1,0,11,0,-1,-1,0
0016.txt,55,11517247210299533195,127,0,-1,-1,0,12,0,-1,-1,0
0016.txt,56,11517247210299533195,127,0,-1,-1,0,48,0,-1,-1,0
0016.txt,57,11517247210299533195,127,1,128,127,1,9,10,-1,-1,0
0016.txt,58,11517247210299533195,127,1,128,128,0,14,10,-1,-1,0
0016.txt,59,11517247210299533195,127,0,-1,-1,0,9,0,-1,-1,0
0016.txt,60,11517247210299533195,127,1,129,127,1,24,11,-1,-1,0
0016.txt,61,11517247210299533195,127,1,127,127,0,54,9,-1,-1,0
0016.txt,62,11517247210299533195,127,0,-1,-1,0,14,0,-1,-1,0
0016.txt,63,11517247210299533195,127,0,-1,-1,0,18,0,-1,-1,0
0017.txt,0,14861027701326886225,211,0,-1,-1,0,12,0,-1,-1,0
0017.txt,1,14861027701326886225,211,0,-1,-1,0,21,1,-1,-1,0
0017.txt,2,14861027701326886225,211,1,211,211,1,122,18,-1,-1,0
0017.txt,3,14861027701326886225,211,0,-1,-1,0,13,0,-1,-1,0
0017.txt,4,14861027701326886225,211,0,-1,-1,0,11,0,-1,-1,0
0017.txt,5,14861027701326886225,211,1,211,211,1,82,16,-1,-1,0
0017.txt,6,14861027701326886225,211,0,-1,-1,0,107,0,-1,-1,0
0017.txt,7,14861027701326886225,211,1,214,211,0,116,18,-1,-1,0
0017.txt,8,14861027701326886225,211,1,213,211,1,254,18,-1,-1,0
0017.txt,9,14861027701326886225,211,1,211,211,1,38,15,-1,-1,0
0017.txt,10,14861027701326886225,211,0,-1,-1,0,9,0,-1,-1,0
0017.txt,11,14861027701326886225,211,0,-1,-1,0,97,0,-1,-1,0
0017.txt,12,14861027701326886225,211,1,212,211,0,162,18,-1,-1,0
0017.txt,13,14861027701326886225,211,1,212,211,1,111,17,-1,-1,0
0017.txt,14,14861027701326886225,211,0,-1,-1,0,138,0,-1,-1,0
0017.txt,15,14861027701326886225,211,1,214,213,0,32,16,-1,-1,0
0017.txt,16,14861027701326886225,211,0,-1,-1,0,19,0,-1,-1,0
0017.txt,17,14861027701326886225,211,0,-1,-1,0,16,0,-1,-1,0
0017.txt,18,14861027701326886225,211,0,-1,-1,0,7,0,-1,-1,0
0017.txt,19,14861027701326886225,211,1,213,212,0,204,24,-1,-1,0
0017.txt,20,14861027701326886225,211,1,213,213,0,69,16,-1,-1,0
0017.txt,21,14861027701326886225,211,0,-1,-1,0,17,0,-1,-1,0
0017.txt,22,14861027701326886225,211,0,-1,-1,0,9,0,-1,-1,0
0017.txt,23,14861027701326886225,211,0,-1,-1,0,105,0,-1,-1,0
0017.txt,24,14861027701326886225,211,1,211,211,1,53,14,-1,-1,0
0017.txt,25,14861027701326886225,211,0,-1,-1,0,61,0,-1,-1,0
0017.txt,26,14861027701326886225,211,0,-1,-1,0,23,0,-1,-1,0
0017.txt,27,14861027701326886225,211,1,211,211,1,76,14,-1,-1,0
0017.txt,28,14861027701326886225,211,1,214,214,0,177,27,-1,-1,0
0017.txt,29,14861027701326886225,211,0,-1,-1,0,9,0,-1,-1,0
0017.txt,30,14861027701326886225,211,1,211,211,0,95,16,-1,-1,0
0017.txt,31,14861027701326886225,211,1,211,211,1,179,14,-1,-1,0
0017.txt,32,14861027701326886225,211,0,-1,-1,0,18,0,-1,-1,0
0017.txt,33,14861027701326886225,211,0,-1,-1,0,47,0,-1,-1,0
0017.txt,34,14861027701326886225,211,0,-1,-1,0,11,0,-1,-1,0
0017.txt,35,14861027701326886225,211,1,211,211,0,174,14,-1,-1,0
0017.txt,36,14861027701326886225,211,1,212,212,0,99,15,-1,-1,0
0017.txt,37,14861027701326886225,211,1,211,211,1,94,15,-1,-1,0
0017.txt,38,14861027701326886225,211,1,211,211,1,133,14,-1,-1,0
0017.txt,39,14861027701326886225,211,0,-1,-1,0,54,0,-1,-1,0
0017.txt,40,14861027701326886225,211,0,-1,-1,0,76,0,-1,-1,0
0017.txt,41,14861027701326886225,211,0,-1,-1,0,13,0,-1,-1,0
0017.txt,42,14861027701326886225,211,1,212,212,0,105,15,-1,-1,0
0017.txt,43,14861027701326886225,211,1,211,211,1,26,15,-1,-1,0
0017.txt,44,14861027701326886225,211,0,-1,-1,0,7,0,-1,-1,0
0017.txt,45,14861027701326886225,211,1,212,211,1,43,15,-1,-1,0
0017.txt,46,14861027701326886225,211,0,-1,-1,0,22,0,-1,-1,0
0017.txt,47,14861027701326886225,211,1,212,212,0,60,15,-1,-1,0
0017.txt,48,14861027701326886225,211,1,211,211,1,156,14,-1,-1,0
0017.txt,49,14861027701326886225,211,1,211,211,1,79,14,-1,-1,0
0017.txt,50,14861027701326886225,211,1,211,211,0,227,15,-1,-1,0
0017.txt,51,14861027701326886225,211,0,-1,-1,0,15,0,-1,-1,0
0017.txt,52,14861027701326886225,211,0,-1,-1,0,23,0,-1,-1,0
0017.txt,53,14861027701326886225,211,0,-1,-1,0,9,0,-1,-1,0
0017.txt,54,14861027701326886225,211,1,211,211,1,99,15,-1,-1,0
0017.txt,55,14861027701326886225,211,1,211,211,1,18,14,-1,-1,0
0017.txt,56,14861027701326886225,211,0,-1,-1,0,20,0,-1,-1,0
0017.txt,57,14861027701326886225,211,0,-1,-1,0,24,0,-1,-1,0
0017.txt,58,14861027701326886225,211,0,-1,-1,0,122,0,-1,-1,0
0017.txt,59,14861027701326886225,211,0,-1,-1,0,96,0,-1,-1,0
0017.txt,60,14861027701326886225,211,0,-1,-1,0,80,0,-1,-1,0
0017.txt,61,14861027701326886225,211,1,213,211,1,77,15,-1,-1,0
0017.txt,62,14861027701326886225,211,0,-1,-1,0,19,0,-1,-1,0
0017.txt,63,14861027701326886225,211,0,-1,-1,0,14,0,-1,-1,0
0018.txt,0,6104957150737152701,74,0,-1,-1,0,51,0,-1,-1,0
0018.txt,1,6104957150737152701,74,0,-1,-1,0,10,0,-1,-1,0
0018.txt,2,6104957150737152701,74,0,-1,-1,0,28,1,-1,-1,0
0018.txt,3,6104957150737152701,74,1,77,75,0,81,9,-1,-1,0
0018.txt,4,6104957150737152701,74,0,-1,-1,0,4,0,-1,-1,0
0018.txt,5,6104957150737152701,74,1,74,74,0,82,6,-1,-1,0
0018.txt,6,6104957150737152701,74,0,-1,-1,0,62,0,-1,-1,0
0018.txt,7,6104957150737152701,74,0,-1,-1,0,7,0,-1,-1,0
0018.txt,8,6104957150737152701,74,0,-1,-1,0,5,0,-1,-1,0
0018.txt,9,6104957150737152701,74,1,75,75,0,14,6,-1,-1,0
0018.txt,10,6104957150737152701,74,0,-1,-1,0,8,0,-1,-1,0
0018.txt,11,6104957150737152701,74,0,-1,-1,0,24,0,-1,-1,0
0018.txt,12,6104957150737152701,74,0,-1,-1,0,78,0,-1,-1,0
0018.txt,13,6104957150737152701,74,0,-1,-1,0,30,0,-1,-1,0
0018.txt,14,6104957150737152701,74,1,77,75,0,51,7,-1,-1,0
0018.txt,15,6104957150737152701,74,1,76,74,0,60,6,-1,-1,0
0018.txt,16,6104957150737152701,74,1,74,74,1,104,6,-1,-1,0
0018.txt,17,6104957150737152701,74,0,-1,-1,0,1,0,-1,-1,0
0018.txt,18,6104957150737152701,74,0,-1,-1,0,58,0,-1,-1,0
0018.txt,19,6104957150737152701,74,1,74,74,1,11,5,-1,-1,0
0018.txt,20,6104957150737152701,74,1,75,74,0,57,6,-1,-1,0
0018.txt,21,6104957150737152701,74,1,74,74,1,7,6,-1,-1,0
0018.txt,22,6104957150737152701,74,0,-1,-1,0,44,0,-1,-1,0
0018.txt,23,6104957150737152701,74,0,-1,-1,0,0,0,-1,-1,0
0018.txt,24,6104957150737152701,74,0,-1,-1,0,39,0,-1,-1,0
0018.txt,25,6104957150737152701,74,0,-1,-1,0,72,0,-1,-1,0
0018.txt,26,6104957150737152701,74,1,76,74,1,55,6,-1,-1,0
0018.txt,27,6104957150737152701,74,0,-1,-1,0,34,0,-1,-1,0
0018.txt,28,6104957150737152701,74,0,-1,-1,0,28,0,-1,-1,0
0018.txt,29,6104957150737152701,74,0,-1,-1,0,9,0,-1,-1,0
0018.txt,30,6104957150737152701,74,1,76,74,0,56,7,-1,-1,0
0018.txt,31,6104957150737152701,74,1,77,74,0,42,7,-1,-1,0
0018.txt,32,6104957150737152701,74,1,76,74,1,38,6,-1,-1,0
0018.txt,33,6104957150737152701,74,0,-1,-1,0,3,0,-1,-1,0
0018.txt,34,6104957150737152701,74,1,76,74,0,51,7,-1,-1,0
0018.txt,35,6104957150737152701,74,0,-1,-1,0,33,0,-1,-1,0
0018.txt,36,6104957150737152701,74,0,-1,-1,0,15,0,-1,-1,0
0018.txt,37,6104957150737152701,74,1,77,75,0,35,7,-1,-1,0
0018.txt,38,6104957150737152701,74,1,77,74,0,33,6,-1,-1,0
0018.txt,39,6104957150737152701,74,1,77,74,0,42,6,-1,-1,0
0018.txt,40,6104957150737152701,74,1,76,74,0,67,7,-1,-1,0
0018.txt,41,6104957150737152701,74,0,-1,-1,0,8,0,-1,-1,0
0018.txt,42,6104957150737152701,74,1,74,74,0,48,6,-1,-1,0
0018.txt,43,6104957150737152701,74,0,-1,-1,0,36,0,-1,-1,0
0018.txt,44,6104957150737152701,74,0,-1,-1,0,61,0,-1,-1,0
0018.txt,45,6104957150737152701,74,1,75,74,1,44,6,-1,-1,0
0018.txt,46,6104957150737152701,74,1,76,74,1,73,6,-1,-1,0
0018.txt,47,6104957150737152701,74,0,-1,-1,0,3,0,-1,-1,0
0018.txt,48,6104957150737152701,74,1,76,74,1,69,6,-1,-1,0
0018.txt,49,6104957150737152701,74,0,-1,-1,0,5,0,-1,-1,0
0018.txt,50,6104957150737152701,74,1,76,76,0,20,6,-1,-1,0
0018.txt,51,6104957150737152701,74,1,77,77,0,31,7,-1,-1,0
0018.txt,52,6104957150737152701,74,0,-1,-1,0,34,0,-1,-1,0
0018.txt,53,6104957150737152701,74,1,76,74,1,15,6,-1,-1,0
0018.txt,54,6104957150737152701,74,1,77,77,0,22,6,-1,-1,0
0018.txt,55,6104957150737152701,74,0,-1,-1,0,6,0,-1,-1,0
0018.txt,56,6104957150737152701,74,0,-1,-1,0,9,0,-1,-1,0
0018.txt,57,6104957150737152701,74,1,74,74,1,7,5,-1,-1,0
0018.txt,58,6104957150737152701,74,0,-1,-1,0,24,0,-1,-1,0
0018.txt,59,6104957150737152701,74,1,76,74,0,32,6,-1,-1,0
0018.txt,60,6104957150737152701,74,1,76,74,0,79,6,-1,-1,0
0018.txt,61,6104957150737152701,74,1,77,74,1,66,7,-1,-1,0
0018.txt,62,6104957150737152701,74,0,-1,-1,0,42,0,-1,-1,0
0018.txt,63,6104957150737152701,74,1,76,76,0,13,6,-1,-1,0
0019.txt,0,2453683828303316650,678,1,680,678,1,731,65,-1,-1,0
0019.txt,1,2453683828303316650,678,1,680,679,0,105,59,-1,-1,0
0019.txt,2,2453683828303316650,678,0,-1,-1,0,35,0,-1,-1,0
0019.txt,3,2453683828303316650,678,0,-1,-1,0,36,0,-1,-1,0
0019.txt,4,2453683828303316650,678,1,680,677,0,319,57,-1,-1,0
0019.txt,5,2453683828303316650,678,0,-1,-1,0,303,0,-1,-1,0
0019.txt,6,2453683828303316650,678,1,679,678,0,721,62,-1,-1,0
0019.txt,7,2453683828303316650,678,0,-1,-1,0,784,0,-1,-1,0
0019.txt,8,2453683828303316650,678,0,-1,-1,0,745,0,-1,-1,0
0019.txt,9,2453683828303316650,678,1,680,678,1,248,59,-1,-1,0
0019.txt,10,2453683828303316650,678,1,680,680,0,640,61,-1,-1,0
0019.txt,11,2453683828303316650,678,0,-1,-1,0,37,0,-1,-1,0
0019.txt,12,2453683828303316650,678,0,-1,-1,0,183,0,-1,-1,0
0019.txt,13,2453683828303316650,678,0,-1,-1,0,23,0,-1,-1,0
0019.txt,14,2453683828303316650,678,0,-1,-1,0,163,0,-1,-1,0
0019.txt,15,2453683828303316650,678,0,-1,-1,0,40,0,-1,-1,0
0019.txt,16,2453683828303316650,678,0,-1,-1,0,29,0,-1,-1,0
0019.txt,17,2453683828303316650,678,1,678,678,0,82,58,-1,-1,0
0019.txt,18,2453683828303316650,678,0,-1,-1,0,23,0,-1,-1,0
0019.txt,19,2453683828303316650,678,0,-1,-1,0,99,0,-1,-1,0
0019.txt,20,2453683828303316650,678,0,-1,-1,0,37,0,-1,-1,0
0019.txt,21,2453683828303316650,678,1,680,680,0,1103,58,-1,-1,0
0019.txt,22,2453683828303316650,678,1,681,679,0,553,60,-1,-1,0
0019.txt,23,2453683828303316650,678,0,-1,-1,0,27,0,-1,-1,0
0019.txt,24,2453683828303316650,678,0,-1,-1,0,461,0,-1,-1,0
0019.txt,25,2453683828303316650,678,0,-1,-1,0,74,0,-1,-1,0
0019.txt,26,2453683828303316650,678,1,678,678,0,818,69,-1,-1,0
0019.txt,27,2453683828303316650,678,0,-1,-1,0,32,0,-1,-1,0
0019.txt,28,2453683828303316650,678,1,678,678,0,171,58,-1,-1,0
0019.txt,29,2453683828303316650,678,0,-1,-1,0,676,0,-1,-1,0
0019.txt,30,2453683828303316650,678,1,678,678,0,125,61,-1,-1,0
0019.txt,31,2453683828303316650,678,0,-1,-1,0,56,0,-1,-1,0
0019.txt,32,2453683828303316650,678,0,-1,-1,0,101,0,-1,-1,0
0019.txt,33,2453683828303316650,678,0,-1,-1,0,50,0,-1,-1,0
0019.txt,34,2453683828303316650,678,1,678,678,1,661,59,-1,-1,0
0019.txt,35,2453683828303316650,678,1,679,679,0,712,59,-1,-1,0
0019.txt,36,2453683828303316650,678,0,-1,-1,0,41,0,-1,-1,0
0019.txt,37,2453683828303316650,678,0,-1,-1,0,32,0,-1,-1,0
0019.txt,38,2453683828303316650,678,0,-1,-1,0,33,0,-1,-1,0
0019.txt,39,2453683828303316650,678,0,-1,-1,0,73,0,-1,-1,0
0019.txt,40,2453683828303316650,678,0,-1,-1,0,207,0,-1,-1,0
0019.txt,41,2453683828303316650,678,0,-1,-1,0,123,0,-1,-1,0
0019.txt,42,2453683828303316650,678,1,681,678,1,145,60,-1,-1,0
0019.txt,43,2453683828303316650,678,0,-1,-1,0,24,0,-1,-1,0
0019.txt,44,2453683828303316650,678,1,679,678,1,132,54,-1,-1,0
0019.txt,45,2453683828303316650,678,0,-1,-1,0,411,0,-1,-1,0
0019.txt,46,2453683828303316650,678,0,-1,-1,0,26,0,-1,-1,0
0019.txt,47,2453683828303316650,678,1,679,677,0,374,57,-1,-1,0
0019.txt,48,2453683828303316650,678,0,-1,-1,0,27,0,-1,-1,0
0019.txt,49,2453683828303316650,678,0,-1,-1,0,18,0,-1,-1,0
0019.txt,50,2453683828303316650,678,0,-1,-1,0,341,0,-1,-1,0
0019.txt,51,2453683828303316650,678,0,-1,-1,0,198,0,-1,-1,0
0019.txt,52,2453683828303316650,678,1,681,680,0,423,58,-1,-1,0
0019.txt,53,2453683828303316650,678,0,-1,-1,0,22,0,-1,-1,0
0019.txt,54,2453683828303316650,678,1,680,677,0,154,55,-1,-1,0
0019.txt,55,2453683828303316650,678,1,680,678,1,593,60,-1,-1,0
0019.txt,56,2453683828303316650,678,1,678,678,1,24,52,-1,-1,0
0019.txt,57,2453683828303316650,678,1,679,678,1,303,52,-1,-1,0
0019.txt,58,2453683828303316650,678,0,-1,-1,0,24,0,-1,-1,0
0019.txt,59,2453683828303316650,678,0,-1,-1,0,18,0,-1,-1,0
0019.txt,60,2453683828303316650,678,0,-1,-1,0,19,0,-1,-1,0
0019.txt,61,2453683828303316650,678,1,679,679,0,495,57,-1,-1,0
0019.txt,62,2453683828303316650,678,0,-1,-1,0,19,0,-1,-1,0
0019.txt,63,2453683828303316650,678,0,-1,-1,0,469,0,-1,-1,0
0020.txt,0,2593582848169941168,150,1,150,150,0,93,13,-1,-1,0
0020.txt,1,2593582848169941168,150,0,-1,-1,0,10,0,-1,-1,0
0020.txt,2,2593582848169941168,150,1,150,150,1,12,12,-1,-1,0
0020.txt,3,2593582848169941168,150,0,-1,-1,0,75,0,-1,-1,0
0020.txt,4,2593582848169941168,150,0,-1,-1,0,26,0,-1,-1,0
0020.txt,5,2593582848169941168,150,1,150,150,0,59,11,-1,-1,0
0020.txt,6,2593582848169941168,150,1,153,150,0,80,13,-1,-1,0
0020.txt,7,2593582848169941168,150,0,-1,-1,0,1,0,-1,-1,0
0020.txt,8,2593582848169941168,150,1,150,150,1,20,11,-1,-1,0
0020.txt,9,2593582848169941168,150,0,-1,-1,0,43,0,-1,-1,0
0020.txt,10,2593582848169941168,150,1,151,150,0,76,12,-1,-1,0
0020.txt,11,2593582848169941168,150,0,-1,-1,0,13,0,-1,-1,0
0020.txt,12,2593582848169941168,150,1,151,150,0,94,12,-1,-1,0
0020.txt,13,2593582848169941168,150,1,150,150,1,23,11,-1,-1,0
0020.txt,14,2593582848169941168,150,1,150,150,0,52,11,-1,-1,0
0020.txt,15,2593582848169941168,150,0,-1,-1,0,1,0,-1,-1,0
0020.txt,16,2593582848169941168,150,0,-1,-1,0,9,0,-1,-1,0
0020.txt,17,2593582848169941168,150,1,150,150,0,63,10,-1,-1,0
0020.txt,18,2593582848169941168,150,0,-1,-1,0,38,0,-1,-1,0
0020.txt,19,2593582848169941168,150,0,-1,-1,0,78,0,-1,-1,0
0020.txt,20,2593582848169941168,150,0,-1,-1,0,44,0,-1,-1,0
0020.txt,21,2593582848169941168,150,1,150,150,1,147,11,-1,-1,0
0020.txt,22,2593582848169941168,150,1,153,150,1,42,12,-1,-1,0
0020.txt,23,2593582848169941168,150,0,-1,-1,0,72,0,-1,-1,0
0020.txt,24,2593582848169941168,150,1,151,150,1,28,11,-1,-1,0
0020.txt,25,2593582848169941168,150,1,150,150,0,69,11,-1,-1,0
0020.txt,26,2593582848169941168,150,1,150,150,1,115,10,-1,-1,0
0020.txt,27,2593582848169941168,150,0,-1,-1,0,64,0,-1,-1,0
0020.txt,28,2593582848169941168,150,1,152,150,1,107,12,-1,-1,0
0020.txt,29,2593582848169941168,150,0,-1,-1,0,7,0,-1,-1,0
0020.txt,30,2593582848169941168,150,0,-1,-1,0,74,0,-1,-1,0
0020.txt,31,2593582848169941168,150,1,153,150,1,54,11,-1,-1,0
0020.txt,32,2593582848169941168,150,1,150,150,1,18,11,-1,-1,0
0020.txt,33,2593582848169941168,150,1,151,150,0,139,12,-1,-1,0
0020.txt,34,2593582848169941168,150,0,-1,-1,0,19,0,-1,-1,0
0020.txt,35,2593582848169941168,150,1,153,150,1,37,12,-1,-1,0
0020.txt,36,2593582848169941168,150,1,150,150,1,15,10,-1,-1,0
0020.txt,37,2593582848169941168,150,0,-1,-1,0,79,0,-1,-1,0
0020.txt,38,2593582848169941168,150,0,-1,-1,0,16,0,-1,-1,0
0020.txt,39,2593582848169941168,150,0,-1,-1,0,40,0,-1,-1,0
0020.txt,40,2593582848169941168,150,0,-1,-1,0,27,0,-1,-1,0
0020.txt,41,2593582848169941168,150,1,151,150,1,88,10,-1,-1,0
0020.txt,42,2593582848169941168,150,0,-1,-1,0,40,0,-1,-1,0
0020.txt,43,2593582848169941168,150,1,151,151,0,39,10,-1,-1,0
0020.txt,44,2593582848169941168,150,0,-1,-1,0,8,0,-1,-1,0
0020.txt,45,2593582848169941168,150,1,153,150,0,54,12,-1,-1,0
0020.txt,46,2593582848169941168,150,1,152,150,1,111,11,-1,-1,0
0020.txt,47,2593582848169941168,150,1,151,150,1,173,11,-1,-1,0
0020.txt,48,2593582848169941168,150,0,-1,-1,0,48,0,-1,-1,0
0020.txt,49,2593582848169941168,150,1,152,150,1,41,12,-1,-1,0
0020.txt,50,2593582848169941168,150,1,152,150,0,75,12,-1,-1,0
0020.txt,51,2593582848169941168,150,1,150,150,0,48,11,-1,-1,0
0020.txt,52,2593582848169941168,150,0,-1,-1,0,93,0,-1,-1,0
0020.txt,53,2593582848169941168,150,1,151,150,0,87,12,-1,-1,0
0020.txt,54,2593582848169941168,150,1,151,150,1,27,11,-1,-1,0
0020.txt,55,2593582848169941168,150,0,-1,-1,0,57,0,-1,-1,0
0020.txt,56,2593582848169941168,150,1,150,150,1,29,13,-1,-1,0
0020.txt,57,2593582848169941168,150,1,150,150,0,45,11,-1,-1,0
0020.txt,58,2593582848169941168,150,1,153,150,1,61,12,-1,-1,0
0020.txt,59,2593582848169941168,150,1,150,150,1,56,11,-1,-1,0
0020.txt,60,2593582848169941168,150,1,152,150,0,114,12,-1,-1,0
0020.txt,61,2593582848169941168,150,0,-1,-1,0,75,0,-1,-1,0
0020.txt,62,2593582848169941168,150,0,-1,-1,0,57,0,-1,-1,0
0020.txt,63,2593582848169941168,150,0,-1,-1,0,29,0,-1,-1,0
0021.txt,0,16302837811324624356,65,1,68,67,0,28,11,-1,-1,0
0021.txt,1,16302837811324624356,65,1,65,65,1,15,8,-1,-1,0
0021.txt,2,16302837811324624356,65,0,-1,-1,0,1,0,-1,-1,0
0021.txt,3,16302837811324624356,65,1,65,65,1,74,7,-1,-1,0
0021.txt,4,16302837811324624356,65,1,66,65,1,53,8,-1,-1,0
0021.txt,5,16302837811324624356,65,0,-1,-1,0,33,0,-1,-1,0
0021.txt,6,16302837811324624356,65,1,65,65,1,10,6,-1,-1,0
0021.txt,7,16302837811324624356,65,1,67,65,1,77,8,-1,-1,0
0021.txt,8,16302837811324624356,65,1,66,65,1,57,7,-1,-1,0
0021.txt,9,16302837811324624356,65,0,-1,-1,0,7,0,-1,-1,0
0021.txt,10,16302837811324624356,65,0,-1,-1,0,92,0,-1,-1,0
0021.txt,11,16302837811324624356,65,0,-1,-1,0,4,0,-1,-1,0
0021.txt,12,16302837811324624356,65,0,-1,-1,0,3,0,-1,-1,0
0021.txt,13,16302837811324624356,65,0,-1,-1,0,3,0,-1,-1,0
0021.txt,14,16302837811324624356,65,0,-1,-1,0,52,0,-1,-1,0
0021.txt,15,16302837811324624356,65,0,-1,-1,0,10,0,-1,-1,0
0021.txt,16,16302837811324624356,65,0,-1,-1,0,8,0,-1,-1,0
0021.txt,17,16302837811324624356,65,0,-1,-1,0,18,0,-1,-1,0
0021.txt,18,16302837811324624356,65,1,67,65,1,20,7,-1,-1,0
0021.txt,19,16302837811324624356,65,1,67,65,0,185,8,-1,-1,0
0021.txt,20,16302837811324624356,65,0,-1,-1,0,5,0,-1,-1,0
0021.txt,21,16302837811324624356,65,1,65,65,0,175,9,-1,-1,0
0021.txt,22,16302837811324624356,65,0,-1,-1,0,60,0,-1,-1,0
0021.txt,23,16302837811324624356,65,0,-1,-1,0,13,0,-1,-1,0
0021.txt,24,16302837811324624356,65,1,68,65,1,24,8,-1,-1,0
0021.txt,25,16302837811324624356,65,1,66,65,1,27,7,-1,-1,0
0021.txt,26,16302837811324624356,65,1,65,65,1,70,6,-1,-1,0
0021.txt,27,16302837811324624356,65,1,65,65,1,18,7,-1,-1,0
0021.txt,28,16302837811324624356,65,1,67,65,1,38,6,-1,-1,0
0021.txt,29,16302837811324624356,65,0,-1,-1,0,75,0,-1,-1,0
0021.txt,30,16302837811324624356,65,0,-1,-1,0,11,0,-1,-1,0
0021.txt,31,16302837811324624356,65,0,-1,-1,0,1,0,-1,-1,0
0021.txt,32,16302837811324624356,65,0,-1,-1,0,0,0,-1,-1,0
0021.txt,33,16302837811324624356,65,0,-1,-1,0,7,0,-1,-1,0
0021.txt,34,16302837811324624356,65,0,-1,-1,0,6,0,-1,-1,0
0021.txt,35,16302837811324624356,65,1,67,67,0,74,8,-1,-1,0
0021.txt,36,16302837811324624356,65,1,65,65,0,67,6,-1,-1,0
0021.txt,37,16302837811324624356,65,1,68,66,0,60,8,-1,-1,0
0021.txt,38,16302837811324624356,65,1,66,65,1,21,7,-1,-1,0
0021.txt,39,16302837811324624356,65,1,66,65,1,31,7,-1,-1,0
0021.txt,40,16302837811324624356,65,1,65,65,1,13,7,-1,-1,0
0021.txt,41,16302837811324624356,65,1,66,65,1,27,7,-1,-1,0
0021.txt,42,16302837811324624356,65,1,65,65,1,39,6,-1,-1,0
0021.txt,43,16302837811324624356,65,0,-1,-1,0,3,0,-1,-1,0
0021.txt,44,16302837811324624356,65,1,66,65,0,42,7,-1,-1,0
0021.txt,45,16302837811324624356,65,0,-1,-1,0,4,0,-1,-1,0
0021.txt,46,16302837811324624356,65,0,-1,-1,0,4,0,-1,-1,0
0021.txt,47,16302837811324624356,65,1,65,65,1,17,7,-1,-1,0
0021.txt,48,16302837811324624356,65,0,-1,-1,0,13,0,-1,-1,0
0021.txt,49,16302837811324624356,65,0,-1,-1,0,57,0,-1,-1,0
0021.txt,50,16302837811324624356,65,0,-1,-1,0,3,0,-1,-1,0
0021.txt,51,16302837811324624356,65,1,68,65,0,41,8,-1,-1,0
0021.txt,52,16302837811324624356,65,1,65,65,1,21,6,-1,-1,0
0021.txt,53,16302837811324624356,65,0,-1,-1,0,76,0,-1,-1,0
0021.txt,54,16302837811324624356,65,1,66,65,0,49,8,-1,-1,0
0021.txt,55,16302837811324624356,65,0,-1,-1,0,12,0,-1,-1,0
0021.txt,56,16302837811324624356,65,0,-1,-1,0,3,0,-1,-1,0
0021.txt,57,16302837811324624356,65,0,-1,-1,0,1,0,-1,-1,0
0021.txt,58,16302837811324624356,65,1,65,65,1,34,6,-1,-1,0
0021.txt,59,16302837811324624356,65,1,66,65,1,29,6,-1,-1,0
0021.txt,60,16302837811324624356,65,1,66,66,0,56,8,-1,-1,0
0021.txt,61,16302837811324624356,65,0,-1,-1,0,25,0,-1,-1,0
0021.txt,62,16302837811324624356,65,1,65,65,1,43,6,-1,-1,0
0021.txt,63,16302837811324624356,65,0,-1,-1,0,12,0,-1,-1,0
0022.txt,0,6670623246213776884,68,0,-1,-1,0,21,0,-1,-1,0
0022.txt,1,6670623246213776884,68,1,68,68,0,11,9,-1,-1,0
0022.txt,2,6670623246213776884,68,1,70,68,1,57,8,-1,-1,0
0022.txt,3,6670623246213776884,68,0,-1,-1,0,28,0,-1,-1,0
0022.txt,4,6670623246213776884,68,0,-1,-1,0,6,0,-1,-1,0
0022.txt,5,6670623246213776884,68,0,-1,-1,0,22,0,-1,-1,0
0022.txt,6,6670623246213776884,68,0,-1,-1,0,13,0,-1,-1,0
0022.txt,7,6670623246213776884,68,0,-1,-1,0,8,0,-1,-1,0
0022.txt,8,6670623246213776884,68,1,68,68,0,90,6,-1,-1,0
0022.txt,9,6670623246213776884,68,0,-1,-1,0,35,0,-1,-1,0
0022.txt,10,6670623246213776884,68,1,68,68,1,25,7,-1,-1,0
0022.txt,11,6670623246213776884,68,1,71,71,0,24,7,-1,-1,0
0022.txt,12,6670623246213776884,68,0,-1,-1,0,6,0,-1,-1,0
0022.txt,13,6670623246213776884,68,1,68,68,1,20,6,-1,-1,0
0022.txt,14,6670623246213776884,68,0,-1,-1,0,6,0,-1,-1,0
0022.txt,15,6670623246213776884,68,0,-1,-1,0,51,0,-1,-1,0
0022.txt,16,6670623246213776884,68,0,-1,-1,0,21,0,-1,-1,0
0022.txt,17,6670623246213776884,68,1,70,68,0,36,7,-1,-1,0
0022.txt,18,6670623246213776884,68,0,-1,-1,0,6,0,-1,-1,0
0022.txt,19,6670623246213776884,68,1,68,68,0,8,6,-1,-1,0
0022.txt,20,6670623246213776884,68,1,68,68,1,38,6,-1,-1,0
0022.txt,21,6670623246213776884,68,0,-1,-1,0,3,0,-1,-1,0
0022.txt,22,6670623246213776884,68,1,69,68,1,56,6,-1,-1,0
0022.txt,23,6670623246213776884,68,0,-1,-1,0,18,0,-1,-1,0
0022.txt,24,6670623246213776884,68,0,-1,-1,0,20,0,-1,-1,0
0022.txt,25,6670623246213776884,68,0,-1,-1,0,8,0,-1,-1,0
0022.txt,26,6670623246213776884,68,1,70,70,0,17,6,-1,-1,0
0022.txt,27,6670623246213776884,68,0,-1,-1,0,11,0,-1,-1,0
0022.txt,28,6670623246213776884,68,1,71,71,0,55,6,-1,-1,0
0022.txt,29,6670623246213776884,68,1,70,68,1,11,7,-1,-1,0
0022.txt,30,6670623246213776884,68,0,-1,-1,0,13,0,-1,-1,0
0022.txt,31,6670623246213776884,68,1,70,70,0,27,6,-1,-1,0
0022.txt,32,6670623246213776884,68,0,-1,-1,0,20,0,-1,-1,0
0022.txt,33,6670623246213776884,68,0,-1,-1,0,4,0,-1,-1,0
0022.txt,34,6670623246213776884,68,0,-1,-1,0,5,0,-1,-1,0
0022.txt,35,6670623246213776884,68,1,70,68,0,27,7,-1,-1,0
0022.txt,36,6670623246213776884,68,0,-1,-1,0,1,0,-1,-1,0
0022.txt,37,6670623246213776884,68,1,70,68,1,10,7,-1,-1,0
0022.txt,38,6670623246213776884,68,1,68,68,1,8,6,-1,-1,0
0022.txt,39,6670623246213776884,68,1,68,68,0,25,6,-1,-1,0
0022.txt,40,6670623246213776884,68,1,68,68,1,6,6,-1,-1,0
0022.txt,41,6670623246213776884,68,1,69,69,0,42,6,-1,-1,0
0022.txt,42,6670623246213776884,68,0,-1,-1,0,4,0,-1,-1,0
0022.txt,43,6670623246213776884,68,0,-1,-1,0,17,0,-1,-1,0
0022.txt,44,6670623246213776884,68,1,68,68,0,18,6,-1,-1,0
0022.txt,45,6670623246213776884,68,0,-1,-1,0,3,0,-1,-1,0
0022.txt,46,6670623246213776884,68,1,68,68,1,18,5,-1,-1,0
0022.txt,47,6670623246213776884,68,1,70,68,1,16,6,-1,-1,0
0022.txt,48,6670623246213776884,68,1,71,71,0,78,7,-1,-1,0
0022.txt,49,6670623246213776884,68,0,-1,-1,0,28,0,-1,-1,0
0022.txt,50,6670623246213776884,68,0,-1,-1,0,6,0,-1,-1,0
0022.txt,51,6670623246213776884,68,0,-1,-1,0,5,0,-1,-1,0
0022.txt,52,6670623246213776884,68,1,70,70,0,40,6,-1,-1,0
0022.txt,53,6670623246213776884,68,1,70,68,1,20,6,-1,-1,0
0022.txt,54,6670623246213776884,68,1,69,69,0,48,6,-1,-1,0
0022.txt,55,6670623246213776884,68,0,-1,-1,0,4,0,-1,-1,0
0022.txt,56,6670623246213776884,68,1,71,71,0,50,6,-1,-1,0
0022.txt,57,6670623246213776884,68,0,-1,-1,0,10,0,-1,-1,0
0022.txt,58,6670623246213776884,68,1,68,68,1,31,5,-1,-1,0
0022.txt,59,6670623246213776884,68,0,-1,-1,0,4,0,-1,-1,0
0022.txt,60,6670623246213776884,68,0,-1,-1,0,13,0,-1,-1,0
0022.txt,61,6670623246213776884,68,1,69,68,0,40,6,-1,-1,0
0022.txt,62,6670623246213776884,68,1,68,68,1,6,5,-1,-1,0
0022.txt,63,6670623246213776884,68,1,70,70,0,16,6,-1,-1,0
0023.txt,0,13198878952657097309,84,0,-1,-1,0,9,0,-1,-1,0
0023.txt,1,13198878952657097309,84,0,-1,-1,0,49,1,-1,-1,0
0023.txt,2,13198878952657097309,84,0,-1,-1,0,6,0,-1,-1,0
0023.txt,3,13198878952657097309,84,0,-1,-1,0,8,0,-1,-1,0
0023.txt,4,13198878952657097309,84,1,85,84,0,40,10,-1,-1,0
0023.txt,5,13198878952657097309,84,0,-1,-1,0,16,0,-1,-1,0
0023.txt,6,13198878952657097309,84,0,-1,-1,0,7,0,-1,-1,0
0023.txt,7,13198878952657097309,84,0,-1,-1,0,12,0,-1,-1,0
0023.txt,8,13198878952657097309,84,0,-1,-1,0,5,0,-1,-1,0
0023.txt,9,13198878952657097309,84,0,-1,-1,0,36,0,-1,-1,0
0023.txt,10,13198878952657097309,84,0,-1,-1,0,0,0,-1,-1,0
0023.txt,11,13198878952657097309,84,0,-1,-1,0,6,0,-1,-1,0
0023.txt,12,13198878952657097309,84,0,-1,-1,0,39,0,-1,-1,0
0023.txt,13,13198878952657097309,84,1,87,84,0,17,10,-1,-1,0
0023.txt,14,13198878952657097309,84,0,-1,-1,0,45,0,-1,-1,0
0023.txt,15,13198878952657097309,84,0,-1,-1,0,37,0,-1,-1,0
0023.txt,16,13198878952657097309,84,1,86,84,1,39,8,-1,-1,0
0023.txt,17,13198878952657097309,84,0,-1,-1,0,5,0,-1,-1,0
0023.txt,18,13198878952657097309,84,0,-1,-1,0,12,0,-1,-1,0
0023.txt,19,13198878952657097309,84,0,-1,-1,0,0,0,-1,-1,0
0023.txt,20,13198878952657097309,84,0,-1,-1,0,22,0,-1,-1,0
0023.txt,21,13198878952657097309,84,0,-1,-1,0,7,0,-1,-1,0
0023.txt,22,13198878952657097309,84,0,-1,-1,0,23,0,-1,-1,0
0023.txt,23,13198878952657097309,84,0,-1,-1,0,6,0,-1,-1,0
0023.txt,24,13198878952657097309,84,0,-1,-1,0,12,0,-1,-1,0
0023.txt,25,13198878952657097309,84,0,-1,-1,0,16,0,-1,-1,0
0023.txt,26,13198878952657097309,84,0,-1,-1,0,8,0,-1,-1,0
0023.txt,27,13198878952657097309,84,1,85,85,0,87,8,-1,-1,0
0023.txt,28,13198878952657097309,84,0,-1,-1,0,58,0,-1,-1,0
0023.txt,29,13198878952657097309,84,1,84,84,1,74,7,-1,-1,0
0023.txt,30,13198878952657097309,84,1,86,85,0,126,7,-1,-1,0
0023.txt,31,13198878952657097309,84,0,-1,-1,0,18,0,-1,-1,0
0023.txt,32,13198878952657097309,84,0,-1,-1,0,37,0,-1,-1,0
0023.txt,33,13198878952657097309,84,0,-1,-1,0,5,0,-1,-1,0
0023.txt,34,13198878952657097309,84,1,87,84,0,46,7,-1,-1,0
0023.txt,35,13198878952657097309,84,0,-1,-1,0,54,0,-1,-1,0
0023.txt,36,13198878952657097309,84,0,-1,-1,0,28,0,-1,-1,0
0023.txt,37,13198878952657097309,84,0,-1,-1,0,5,0,-1,-1,0
0023.txt,38,13198878952657097309,84,0,-1,-1,0,20,0,-1,-1,0
0023.txt,39,13198878952657097309,84,1,86,84,0,30,8,-1,-1,0
0023.txt,40,13198878952657097309,84,0,-1,-1,0,6,0,-1,-1,0
0023.txt,41,13198878952657097309,84,0,-1,-1,0,27,0,-1,-1,0
0023.txt,42,13198878952657097309,84,1,85,85,0,20,7,-1,-1,0
0023.txt,43,13198878952657097309,84,0,-1,-1,0,35,0,-1,-1,0
0023.txt,44,13198878952657097309,84,0,-1,-1,0,6,0,-1,-1,0
0023.txt,45,13198878952657097309,84,1,85,85,0,60,7,-1,-1,0
0023.txt,46,13198878952657097309,84,0,-1,-1,0,9,0,-1,-1,0
0023.txt,47,13198878952657097309,84,0,-1,-1,0,34,0,-1,-1,0
0023.txt,48,13198878952657097309,84,0,-1,-1,0,4,0,-1,-1,0
0023.txt,49,13198878952657097309,84,0,-1,-1,0,4,0,-1,-1,0
0023.txt,50,13198878952657097309,84,0,-1,-1,0,31,0,-1,-1,0
0023.txt,51,13198878952657097309,84,0,-1,-1,0,6,0,-1,-1,0
0023.txt,52,13198878952657097309,84,0,-1,-1,0,7,0,-1,-1,0
0023.txt,53,13198878952657097309,84,0,-1,-1,0,10,0,-1,-1,0
0023.txt,54,13198878952657097309,84,0,-1,-1,0,7,0,-1,-1,0
0023.txt,55,13198878952657097309,84,0,-1,-1,0,6,0,-1,-1,0
0023.txt,56,13198878952657097309,84,0,-1,-1,0,40,0,-1,-1,0
0023.txt,57,13198878952657097309,84,1,87,84,0,38,7,-1,-1,0
0023.txt,58,13198878952657097309,84,0,-1,-1,0,42,0,-1,-1,0
0023.txt,59,13198878952657097309,84,0,-1,-1,0,19,0,-1,-1,0
0023.txt,60,13198878952657097309,84,0,-1,-1,0,5,0,-1,-1,0
0023.txt,61,13198878952657097309,84,0,-1,-1,0,7,0,-1,-1,0
0023.txt,62,13198878952657097309,84,0,-1,-1,0,6,0,-1,-1,0
0023.txt,63,13198878952657097309,84,0,-1,-1,0,29,0,-1,-1,0
0024.txt,0,16168597638809138471,118,0,-1,-1,0,26,0,-1,-1,0
0024.txt,1,16168597638809138471,118,0,-1,-1,0,24,1,-1,-1,0
0024.txt,2,16168597638809138471,118,0,-1,-1,0,82,0,-1,-1,0
0024.txt,3,16168597638809138471,118,0,-1,-1,0,33,0,-1,-1,0
0024.txt,4,16168597638809138471,118,0,-1,-1,0,30,0,-1,-1,0
0024.txt,5,16168597638809138471,118,0,-1,-1,0,11,0,-1,-1,0
0024.txt,6,16168597638809138471,118,0,-1,-1,0,51,0,-1,-1,0
0024.txt,7,16168597638809138471,118,0,-1,-1,0,58,0,-1,-1,0
0024.txt,8,16168597638809138471,118,0,-1,-1,0,8,0,-1,-1,0
0024.txt,9,16168597638809138471,118,0,-1,-1,0,16,0,-1,-1,0
0024.txt,10,16168597638809138471,118,0,-1,-1,0,31,0,-1,-1,0
0024.txt,11,16168597638809138471,118,1,121,118,1,45,17,-1,-1,0
0024.txt,12,16168597638809138471,118,1,120,118,0,19,13,-1,-1,0
0024.txt,13,16168597638809138471,118,0,-1,-1,0,34,0,-1,-1,0
0024.txt,14,16168597638809138471,118,0,-1,-1,0,8,0,-1,-1,0
0024.txt,15,16168597638809138471,118,1,121,120,0,198,12,-1,-1,0
0024.txt,16,16168597638809138471,118,0,-1,-1,0,80,0,-1,-1,0
0024.txt,17,16168597638809138471,118,0,-1,-1,0,52,0,-1,-1,0
0024.txt,18,16168597638809138471,118,0,-1,-1,0,31,0,-1,-1,0
0024.txt,19,16168597638809138471,118,0,-1,-1,0,15,0,-1,-1,0
0024.txt,20,16168597638809138471,118,0,-1,-1,0,36,0,-1,-1,0
0024.txt,21,16168597638809138471,118,0,-1,-1,0,5,0,-1,-1,0
0024.txt,22,16168597638809138471,118,0,-1,-1,0,28,0,-1,-1,0
0024.txt,23,16168597638809138471,118,0,-1,-1,0,8,0,-1,-1,0
0024.txt,24,16168597638809138471,118,1,118,118,0,6,11,-1,-1,0
0024.txt,25,16168597638809138471,118,0,-1,-1,0,17,0,-1,-1,0
0024.txt,26,16168597638809138471,118,0,-1,-1,0,15,0,-1,-1,0
0024.txt,27,16168597638809138471,118,0,-1,-1,0,76,0,-1,-1,0
0024.txt,28,16168597638809138471,118,0,-1,-1,0,11,0,-1,-1,0
0024.txt,29,16168597638809138471,118,0,-1,-1,0,8,0,-1,-1,0
0024.txt,30,16168597638809138471,118,0,-1,-1,0,18,0,-1,-1,0
0024.txt,31,16168597638809138471,118,0,-1,-1,0,10,0,-1,-1,0
0024.txt,32,16168597638809138471,118,1,120,120,0,136,12,-1,-1,0
0024.txt,33,16168597638809138471,118,1,118,118,1,34,20,-1,-1,0
0024.txt,34,16168597638809138471,118,0,-1,-1,0,6,1,-1,-1,0
0024.txt,35,16168597638809138471,118,0,-1,-1,0,9,0,-1,-1,0
0024.txt,36,16168597638809138471,118,0,-1,-1,0,5,0,-1,-1,0
0024.txt,37,16168597638809138471,118,0,-1,-1,0,4,0,-1,-1,0
0024.txt,38,16168597638809138471,118,1,118,118,1,10,11,-1,-1,0
0024.txt,39,16168597638809138471,118,0,-1,-1,0,5,0,-1,-1,0
0024.txt,40,16168597638809138471,118,0,-1,-1,0,19,0,-1,-1,0
0024.txt,41,16168597638809138471,118,0,-1,-1,0,8,0,-1,-1,0
0024.txt,42,16168597638809138471,118,0,-1,-1,0,7,0,-1,-1,0
0024.txt,43,16168597638809138471,118,0,-1,-1,0,4,0,-1,-1,0
0024.txt,44,16168597638809138471,118,0,-1,-1,0,6,0,-1,-1,0
0024.txt,45,16168597638809138471,118,0,-1,-1,0,5,0,-1,-1,0
0024.txt,46,16168597638809138471,118,0,-1,-1,0,56,0,-1,-1,0
0024.txt,47,16168597638809138471,118,0,-1,-1,0,6,0,-1,-1,0
0024.txt,48,16168597638809138471,118,0,-1,-1,0,21,0,-1,-1,0
0024.txt,49,16168597638809138471,118,0,-1,-1,0,26,0,-1,-1,0
0024.txt,50,16168597638809138471,118,0,-1,-1,0,15,0,-1,-1,0
0024.txt,51,16168597638809138471,118,0,-1,-1,0,6,1,-1,-1,0
0024.txt,52,16168597638809138471,118,0,-1,-1,0,29,0,-1,-1,0
0024.txt,53,16168597638809138471,118,0,-1,-1,0,9,0,-1,-1,0
0024.txt,54,16168597638809138471,118,0,-1,-1,0,67,0,-1,-1,0
0024.txt,55,16168597638809138471,118,0,-1,-1,0,17,0,-1,-1,0
0024.txt,56,16168597638809138471,118,0,-1,-1,0,8,0,-1,-1,0
0024.txt,57,16168597638809138471,118,0,-1,-1,0,36,0,-1,-1,0
0024.txt,58,16168597638809138471,118,0,-1,-1,0,6,0,-1,-1,0
0024.txt,59,16168597638809138471,118,1,118,118,0,16,10,-1,-1,0
0024.txt,60,16168597638809138471,118,1,118,118,1,18,11,-1,-1,0
0024.txt,61,16168597638809138471,118,0,-1,-1,0,5,0,-1,-1,0
0024.txt,62,16168597638809138471,118,1,120,118,1,80,11,-1,-1,0
0024.txt,63,16168597638809138471,118,0,-1,-1,0,36,0,-1,-1,0
0025.txt,0,17842804457030006499,58,1,58,58,0,26,6,-1,-1,0
0025.txt,1,17842804457030006499,58,1,61,61,0,28,6,-1,-1,0
0025.txt,2,17842804457030006499,58,1,58,58,0,55,5,-1,-1,0
0025.txt,3,17842804457030006499,58,0,-1,-1,0,30,0,-1,-1,0
0025.txt,4,17842804457030006499,58,1,58,58,1,27,5,-1,-1,0
0025.txt,5,17842804457030006499,58,1,58,58,1,29,5,-1,-1,0
0025.txt,6,17842804457030006499,58,1,59,59,0,42,5,-1,-1,0
0025.txt,7,17842804457030006499,58,1,58,58,0,39,5,-1,-1,0
0025.txt,8,17842804457030006499,58,1,58,58,1,13,5,-1,-1,0
0025.txt,9,17842804457030006499,58,1,61,58,1,25,6,-1,-1,0
0025.txt,10,17842804457030006499,58,1,60,58,1,22,5,-1,-1,0
0025.txt,11,17842804457030006499,58,1,60,58,0,16,5,-1,-1,0
0025.txt,12,17842804457030006499,58,0,-1,-1,0,1,0,-1,-1,0
0025.txt,13,17842804457030006499,58,1,58,58,0,45,4,-1,-1,0
0025.txt,14,17842804457030006499,58,0,-1,-1,0,1,0,-1,-1,0
0025.txt,15,17842804457030006499,58,1,58,58,0,11,5,-1,-1,0
0025.txt,16,17842804457030006499,58,0,-1,-1,0,51,0,-1,-1,0
0025.txt,17,17842804457030006499,58,1,61,58,1,36,5,-1,-1,0
0025.txt,18,17842804457030006499,58,1,60,58,0,13,5,-1,-1,0
0025.txt,19,17842804457030006499,58,0,-1,-1,0,4,0,-1,-1,0
0025.txt,20,17842804457030006499,58,1,60,58,0,21,5,-1,-1,0
0025.txt,21,17842804457030006499,58,0,-1,-1,0,3,0,-1,-1,0
0025.txt,22,17842804457030006499,58,0,-1,-1,0,3,0,-1,-1,0
0025.txt,23,17842804457030006499,58,1,58,58,0,60,5,-1,-1,0
0025.txt,24,17842804457030006499,58,1,58,58,1,16,5,-1,-1,0
0025.txt,25,17842804457030006499,58,0,-1,-1,0,0,0,-1,-1,0
0025.txt,26,17842804457030006499,58,1,58,58,1,51,5,-1,-1,0
0025.txt,27,17842804457030006499,58,1,58,58,0,18,5,-1,-1,0
0025.txt,28,17842804457030006499,58,1,59,59,0,43,5,-1,-1,0
0025.txt,29,17842804457030006499,58,0,-1,-1,0,0,0,-1,-1,0
0025.txt,30,17842804457030006499,58,1,61,58,1,29,5,-1,-1,0
0025.txt,31,17842804457030006499,58,1,59,58,1,17,5,-1,-1,0
0025.txt,32,17842804457030006499,58,1,60,58,1,16,5,-1,-1,0
0025.txt,33,17842804457030006499,58,1,59,58,1,10,5,-1,-1,0
0025.txt,34,17842804457030006499,58,1,58,58,0,29,5,-1,-1,0
0025.txt,35,17842804457030006499,58,0,-1,-1,0,27,0,-1,-1,0
0025.txt,36,17842804457030006499,58,1,58,58,0,44,4,-1,-1,0
0025.txt,37,17842804457030006499,58,0,-1,-1,0,20,0,-1,-1,0
0025.txt,38,17842804457030006499,58,0,-1,-1,0,30,0,-1,-1,0
0025.txt,39,17842804457030006499,58,1,58,58,1,41,4,-1,-1,0
0025.txt,40,17842804457030006499,58,1,60,58,1,28,5,-1,-1,0
0025.txt,41,17842804457030006499,58,0,-1,-1,0,6,0,-1,-1,0
0025.txt,42,17842804457030006499,58,1,60,58,1,32,5,-1,-1,0
0025.txt,43,17842804457030006499,58,1,60,58,1,29,5,-1,-1,0
0025.txt,44,17842804457030006499,58,1,59,58,0,22,5,-1,-1,0
0025.txt,45,17842804457030006499,58,1,58,58,0,39,5,-1,-1,0
0025.txt,46,17842804457030006499,58,1,59,59,0,42,5,-1,-1,0
0025.txt,47,17842804457030006499,58,1,60,58,1,15,5,-1,-1,0
0025.txt,48,17842804457030006499,58,1,60,58,1,39,5,-1,-1,0
0025.txt,49,17842804457030006499,58,0,-1,-1,0,5,0,-1,-1,0
0025.txt,50,17842804457030006499,58,1,60,58,1,25,5,-1,-1,0
0025.txt,51,17842804457030006499,58,1,60,58,0,35,6,-1,-1,0
0025.txt,52,17842804457030006499,58,1,60,58,0,27,5,-1,-1,0
0025.txt,53,17842804457030006499,58,1,58,58,0,8,5,-1,-1,0
0025.txt,54,17842804457030006499,58,1,59,58,0,26,5,-1,-1,0
0025.txt,55,17842804457030006499,58,1,59,59,0,29,5,-1,-1,0
0025.txt,56,17842804457030006499,58,1,58,58,1,30,5,-1,-1,0
0025.txt,57,17842804457030006499,58,1,58,58,1,12,5,-1,-1,0
0025.txt,58,17842804457030006499,58,1,58,58,0,15,4,-1,-1,0
0025.txt,59,17842804457030006499,58,1,58,58,1,11,4,-1,-1,0
0025.txt,60,17842804457030006499,58,1,58,58,1,7,5,-1,-1,0
0025.txt,61,17842804457030006499,58,1,59,59,0,24,5,-1,-1,0
0025.txt,62,17842804457030006499,58,1,58,58,1,30,5,-1,-1,0
0025.txt,63,17842804457030006499,58,0,-1,-1,0,15,0,-1,-1,0
0026.txt,0,5664467869795001294,121,0,-1,-1,0,27,0,-1,-1,0
0026.txt,1,5664467869795001294,121,0,-1,-1,0,55,0,-1,-1,0
0026.txt,2,5664467869795001294,121,1,121,121,1,65,13,-1,-1,0
0026.txt,3,5664467869795001294,121,0,-1,-1,0,36,0,-1,-1,0
0026.txt,4,5664467869795001294,121,1,121,121,1,49,11,-1,-1,0
0026.txt,5,5664467869795001294,121,0,-1,-1,0,1,0,-1,-1,0
0026.txt,6,5664467869795001294,121,0,-1,-1,0,85,0,-1,-1,0
0026.txt,7,5664467869795001294,121,1,121,121,1,28,13,-1,-1,0
0026.txt,8,5664467869795001294,121,1,121,121,0,67,11,-1,-1,0
0026.txt,9,5664467869795001294,121,0,-1,-1,0,27,0,-1,-1,0
0026.txt,10,5664467869795001294,121,0,-1,-1,0,43,0,-1,-1,0
0026.txt,11,5664467869795001294,121,1,122,122,0,39,11,-1,-1,0
0026.txt,12,5664467869795001294,121,0,-1,-1,0,74,0,-1,-1,0
0026.txt,13,5664467869795001294,121,1,124,121,1,21,10,-1,-1,0
0026.txt,14,5664467869795001294,121,1,121,121,1,83,10,-1,-1,0
0026.txt,15,5664467869795001294,121,0,-1,-1,0,108,0,-1,-1,0
0026.txt,16,5664467869795001294,121,0,-1,-1,0,8,0,-1,-1,0
0026.txt,17,5664467869795001294,121,0,-1,-1,0,1,0,-1,-1,0
0026.txt,18,5664467869795001294,121,1,123,122,0,59,11,-1,-1,0
0026.txt,19,5664467869795001294,121,0,-1,-1,0,33,0,-1,-1,0
0026.txt,20,5664467869795001294,121,0,-1,-1,0,9,0,-1,-1,0
0026.txt,21,5664467869795001294,121,0,-1,-1,0,7,0,-1,-1,0
0026.txt,22,5664467869795001294,121,0,-1,-1,0,16,0,-1,-1,0
0026.txt,23,5664467869795001294,121,0,-1,-1,0,8,0,-1,-1,0
0026.txt,24,5664467869795001294,121,0,-1,-1,0,0,0,-1,-1,0
0026.txt,25,5664467869795001294,121,0,-1,-1,0,84,0,-1,-1,0
0026.txt,26,5664467869795001294,121,0,-1,-1,0,7,0,-1,-1,0
0026.txt,27,5664467869795001294,121,0,-1,-1,0,44,0,-1,-1,0
0026.txt,28,5664467869795001294,121,0,-1,-1,0,21,0,-1,-1,0
0026.txt,29,5664467869795001294,121,0,-1,-1,0,5,0,-1,-1,0
0026.txt,30,5664467869795001294,121,1,122,121,1,101,11,-1,-1,0
0026.txt,31,5664467869795001294,121,0,-1,-1,0,10,0,-1,-1,0
0026.txt,32,5664467869795001294,121,1,122,121,1,15,11,-1,-1,0
0026.txt,33,5664467869795001294,121,1,121,121,1,13,10,-1,-1,0
0026.txt,34,5664467869795001294,121,1,122,121,0,20,10,-1,-1,0
0026.txt,35,5664467869795001294,121,1,121,121,1,39,10,-1,-1,0
0026.txt,36,5664467869795001294,121,1,121,121,0,11,10,-1,-1,0
0026.txt,37,5664467869795001294,121,1,124,121,1,23,11,-1,-1,0
0026.txt,38,5664467869795001294,121,0,-1,-1,0,40,0,-1,-1,0
0026.txt,39,5664467869795001294,121,0,-1,-1,0,13,0,-1,-1,0
0026.txt,40,5664467869795001294,121,1,122,122,0,51,12,-1,-1,0
0026.txt,41,5664467869795001294,121,0,-1,-1,0,40,0,-1,-1,0
0026.txt,42,5664467869795001294,121,1,121,121,1,56,10,-1,-1,0
0026.txt,43,5664467869795001294,121,1,121,121,0,102,10,-1,-1,0
0026.txt,44,5664467869795001294,121,0,-1,-1,0,14,0,-1,-1,0
0026.txt,45,5664467869795001294,121,1,121,121,1,9,10,-1,-1,0
0026.txt,46,5664467869795001294,121,0,-1,-1,0,17,0,-1,-1,0
0026.txt,47,5664467869795001294,121,1,122,121,0,98,10,-1,-1,0
0026.txt,48,5664467869795001294,121,1,121,121,1,42,10,-1,-1,0
0026.txt,49,5664467869795001294,121,0,-1,-1,0,121,0,-1,-1,0
0026.txt,50,5664467869795001294,121,1,124,121,0,77,12,-1,-1,0
0026.txt,51,5664467869795001294,121,0,-1,-1,0,22,0,-1,-1,0
0026.txt,52,5664467869795001294,121,1,124,122,0,52,11,-1,-1,0
0026.txt,53,5664467869795001294,121,1,121,121,0,58,10,-1,-1,0
0026.txt,54,5664467869795001294,121,0,-1,-1,0,1,0,-1,-1,0
0026.txt,55,5664467869795001294,121,0,-1,-1,0,14,0,-1,-1,0
0026.txt,56,5664467869795001294,121,1,121,121,1,38,10,-1,-1,0
0026.txt,57,5664467869795001294,121,0,-1,-1,0,12,0,-1,-1,0
0026.txt,58,5664467869795001294,121,1,122,121,1,83,10,-1,-1,0
0026.txt,59,5664467869795001294,121,0,-1,-1,0,6,0,-1,-1,0
0026.txt,60,5664467869795001294,121,1,123,121,1,68,11,-1,-1,0
0026.txt,61,5664467869795001294,121,0,-1,-1,0,27,0,-1,-1,0
0026.txt,62,5664467869795001294,121,1,121,121,1,7,9,-1,-1,0
0026.txt,63,5664467869795001294,121,1,122,121,1,20,10,-1,-1,0
0027.txt,0,7998505609424235622,152,1,155,152,1,63,17,-1,-1,0
0027.txt,1,7998505609424235622,152,1,152,152,1,65,13,-1,-1,0
0027.txt,2,7998505609424235622,152,1,153,152,1,56,13,-1,-1,0
0027.txt,3,7998505609424235622,152,0,-1,-1,0,30,0,-1,-1,0
0027.txt,4,7998505609424235622,152,0,-1,-1,0,7,0,-1,-1,0
0027.txt,5,7998505609424235622,152,1,154,153,0,78,12,-1,-1,0
0027.txt,6,7998505609424235622,152,1,153,152,1,52,12,-1,-1,0
0027.txt,7,7998505609424235622,152,1,152,152,1,67,11,-1,-1,0
0027.txt,8,7998505609424235622,152,0,-1,-1,0,4,0,-1,-1,0
0027.txt,9,7998505609424235622,152,1,154,152,0,91,13,-1,-1,0
0027.txt,10,7998505609424235622,152,0,-1,-1,0,18,0,-1,-1,0
0027.txt,11,7998505609424235622,152,0,-1,-1,0,18,0,-1,-1,0
0027.txt,12,7998505609424235622,152,0,-1,-1,0,78,0,-1,-1,0
0027.txt,13,7998505609424235622,152,0,-1,-1,0,25,0,-1,-1,0
0027.txt,14,7998505609424235622,152,0,-1,-1,0,53,0,-1,-1,0
0027.txt,15,7998505609424235622,152,1,152,152,0,14,11,-1,-1,0
0027.txt,16,7998505609424235622,152,1,153,153,0,37,11,-1,-1,0
0027.txt,17,7998505609424235622,152,1,152,152,0,50,11,-1,-1,0
0027.txt,18,7998505609424235622,152,1,155,152,1,64,13,-1,-1,0
0027.txt,19,7998505609424235622,152,0,-1,-1,0,5,0,-1,-1,0
0027.txt,20,7998505609424235622,152,0,-1,-1,0,5,1,-1,-1,0
0027.txt,21,7998505609424235622,152,1,153,152,1,43,12,-1,-1,0
0027.txt,22,7998505609424235622,152,1,153,152,1,54,11,-1,-1,0
0027.txt,23,7998505609424235622,152,1,152,152,0,107,11,-1,-1,0
0027.txt,24,7998505609424235622,152,0,-1,-1,0,7,0,-1,-1,0
0027.txt,25,7998505609424235622,152,0,-1,-1,0,7,0,-1,-1,0
0027.txt,26,7998505609424235622,152,0,-1,-1,0,107,0,-1,-1,0
0027.txt,27,7998505609424235622,152,1,152,152,0,77,13,-1,-1,0
0027.txt,28,7998505609424235622,152,0,-1,-1,0,6,0,-1,-1,0
0027.txt,29,7998505609424235622,152,1,153,153,0,86,11,-1,-1,0
0027.txt,30,7998505609424235622,152,0,-1,-1,0,21,0,-1,-1,0
0027.txt,31,7998505609424235622,152,0,-1,-1,0,35,0,-1,-1,0
0027.txt,32,7998505609424235622,152,1,152,152,1,65,11,-1,-1,0
0027.txt,33,7998505609424235622,152,0,-1,-1,0,52,0,-1,-1,0
0027.txt,34,7998505609424235622,152,0,-1,-1,0,6,0,-1,-1,0
0027.txt,35,7998505609424235622,152,1,153,152,1,47,12,-1,-1,0
0027.txt,36,7998505609424235622,152,1,155,155,0,51,13,-1,-1,0
0027.txt,37,7998505609424235622,152,0,-1,-1,0,7,0,-1,-1,0
0027.txt,38,7998505609424235622,152,0,-1,-1,0,74,0,-1,-1,0
0027.txt,39,7998505609424235622,152,1,152,152,1,108,12,-1,-1,0
0027.txt,40,7998505609424235622,152,0,-1,-1,0,3,0,-1,-1,0
0027.txt,41,7998505609424235622,152,1,152,152,1,56,12,-1,-1,0
0027.txt,42,7998505609424235622,152,0,-1,-1,0,6,0,-1,-1,0
0027.txt,43,7998505609424235622,152,1,152,152,1,74,11,-1,-1,0
0027.txt,44,7998505609424235622,152,0,-1,-1,0,5,0,-1,-1,0
0027.txt,45,7998505609424235622,152,0,-1,-1,0,56,0,-1,-1,0
0027.txt,46,7998505609424235622,152,1,155,154,0,66,12,-1,-1,0
0027.txt,47,7998505609424235622,152,1,155,152,1,29,12,-1,-1,0
0027.txt,48,7998505609424235622,152,0,-1,-1,0,5,0,-1,-1,0
0027.txt,49,7998505609424235622,152,0,-1,-1,0,62,0,-1,-1,0
0027.txt,50,7998505609424235622,152,0,-1,-1,0,0,0,-1,-1,0
0027.txt,51,7998505609424235622,152,1,155,154,0,59,15,-1,-1,0
0027.txt,52,7998505609424235622,152,0,-1,-1,0,79,0,-1,-1,0
0027.txt,53,7998505609424235622,152,0,-1,-1,0,5,0,-1,-1,0
0027.txt,54,7998505609424235622,152,0,-1,-1,0,3,0,-1,-1,0
0027.txt,55,7998505609424235622,152,1,155,152,1,59,13,-1,-1,0
0027.txt,56,7998505609424235622,152,1,154,154,0,66,12,-1,-1,0
0027.txt,57,7998505609424235622,152,0,-1,-1,0,106,0,-1,-1,0
0027.txt,58,7998505609424235622,152,1,152,152,1,35,12,-1,-1,0
0027.txt,59,7998505609424235622,152,0,-1,-1,0,25,0,-1,-1,0
0027.txt,60,7998505609424235622,152,0,-1,-1,0,1,0,-1,-1,0
0027.txt,61,7998505609424235622,152,1,152,152,0,45,11,-1,-1,0
0027.txt,62,7998505609424235622,152,0,-1,-1,0,18,0,-1,-1,0
0027.txt,63,7998505609424235622,152,0,-1,-1,0,24,0,-1,-1,0
0028.txt,0,9460034183380249942,263,0,-1,-1,0,13,0,-1,-1,0
0028.txt,1,9460034183380249942,263,0,-1,-1,0,179,0,-1,-1,0
0028.txt,2,9460034183380249942,263,0,-1,-1,0,16,0,-1,-1,0
0028.txt,3,9460034183380249942,263,1,264,264,0,294,32,-1,-1,0
0028.txt,4,9460034183380249942,263,1,263,263,1,18,25,-1,-1,0
0028.txt,5,9460034183380249942,263,0,-1,-1,0,351,0,-1,-1,0
0028.txt,6,9460034183380249942,263,1,265,263,1,110,24,-1,-1,0
0028.txt,7,9460034183380249942,263,1,263,263,0,226,23,-1,-1,0
0028.txt,8,9460034183380249942,263,0,-1,-1,0,8,0,-1,-1,0
0028.txt,9,9460034183380249942,263,1,265,263,1,155,23,-1,-1,0
0028.txt,10,9460034183380249942,263,1,265,265,0,61,22,-1,-1,0
0028.txt,11,9460034183380249942,263,1,266,266,0,118,23,-1,-1,0
0028.txt,12,9460034183380249942,263,1,265,263,1,32,23,-1,-1,0
0028.txt,13,9460034183380249942,263,0,-1,-1,0,91,0,-1,-1,0
0028.txt,14,9460034183380249942,263,1,264,263,1,187,22,-1,-1,0
0028.txt,15,9460034183380249942,263,1,263,263,0,138,22,-1,-1,0
0028.txt,16,9460034183380249942,263,0,-1,-1,0,111,0,-1,-1,0
0028.txt,17,9460034183380249942,263,1,264,263,1,85,22,-1,-1,0
0028.txt,18,9460034183380249942,263,1,264,264,0,69,22,-1,-1,0
0028.txt,19,9460034183380249942,263,0,-1,-1,0,46,1,-1,-1,0
0028.txt,20,9460034183380249942,263,0,-1,-1,0,133,0,-1,-1,0
0028.txt,21,9460034183380249942,263,0,-1,-1,0,15,0,-1,-1,0
0028.txt,22,9460034183380249942,263,1,263,263,1,31,22,-1,-1,0
0028.txt,23,9460034183380249942,263,0,-1,-1,0,91,0,-1,-1,0
0028.txt,24,9460034183380249942,263,0,-1,-1,0,9,0,-1,-1,0
0028.txt,25,9460034183380249942,263,1,264,262,0,141,23,-1,-1,0
0028.txt,26,9460034183380249942,263,0,-1,-1,0,9,0,-1,-1,0
0028.txt,27,9460034183380249942,263,1,263,263,0,309,22,-1,-1,0
0028.txt,28,9460034183380249942,263,0,-1,-1,0,171,0,-1,-1,0
0028.txt,29,9460034183380249942,263,0,-1,-1,0,67,0,-1,-1,0
0028.txt,30,9460034183380249942,263,0,-1,-1,0,13,0,-1,-1,0
0028.txt,31,9460034183380249942,263,1,266,266,0,104,23,-1,-1,0
0028.txt,32,9460034183380249942,263,0,-1,-1,0,13,0,-1,-1,0
0028.txt,33,9460034183380249942,263,0,-1,-1,0,11,0,-1,-1,0
0028.txt,34,9460034183380249942,263,1,263,263,1,58,21,-1,-1,0
0028.txt,35,9460034183380249942,263,1,263,263,0,194,22,-1,-1,0
0028.txt,36,9460034183380249942,263,0,-1,-1,0,107,0,-1,-1,0
0028.txt,37,9460034183380249942,263,1,263,263,1,151,22,-1,-1,0
0028.txt,38,9460034183380249942,263,1,263,263,1,52,22,-1,-1,0
0028.txt,39,9460034183380249942,263,0,-1,-1,0,57,0,-1,-1,0
0028.txt,40,9460034183380249942,263,0,-1,-1,0,189,0,-1,-1,0
0028.txt,41,9460034183380249942,263,0,-1,-1,0,134,0,-1,-1,0
0028.txt,42,9460034183380249942,263,1,265,265,0,67,22,-1,-1,0
0028.txt,43,9460034183380249942,263,1,263,263,1,57,22,-1,-1,0
0028.txt,44,9460034183380249942,263,0,-1,-1,0,108,0,-1,-1,0
0028.txt,45,9460034183380249942,263,1,264,263,1,11,22,-1,-1,0
0028.txt,46,9460034183380249942,263,0,-1,-1,0,13,0,-1,-1,0
0028.txt,47,9460034183380249942,263,1,263,263,1,143,22,-1,-1,0
0028.txt,48,9460034183380249942,263,1,263,263,1,130,22,-1,-1,0
0028.txt,49,9460034183380249942,263,0,-1,-1,0,12,0,-1,-1,0
0028.txt,50,9460034183380249942,263,0,-1,-1,0,214,0,-1,-1,0
0028.txt,51,9460034183380249942,263,1,266,266,0,192,31,-1,-1,0
0028.txt,52,9460034183380249942,263,0,-1,-1,0,142,0,-1,-1,0
0028.txt,53,9460034183380249942,263,0,-1,-1,0,98,0,-1,-1,0
0028.txt,54,9460034183380249942,263,0,-1,-1,0,19,0,-1,-1,0
0028.txt,55,9460034183380249942,263,1,263,263,0,21,29,-1,-1,0
0028.txt,56,9460034183380249942,263,1,264,264,0,293,27,-1,-1,0
0028.txt,57,9460034183380249942,263,0,-1,-1,0,38,0,-1,-1,0
0028.txt,58,9460034183380249942,263,1,266,263,1,91,25,-1,-1,0
0028.txt,59,9460034183380249942,263,1,265,263,1,51,23,-1,-1,0
0028.txt,60,9460034183380249942,263,1,266,266,0,44,23,-1,-1,0
0028.txt,61,9460034183380249942,263,0,-1,-1,0,11,0,-1,-1,0
0028.txt,62,9460034183380249942,263,1,263,263,0,204,22,-1,-1,0
0028.txt,63,9460034183380249942,263,0,-1,-1,0,58,0,-1,-1,0
0029.txt,0,7994282430410933832,261,0,-1,-1,0,16,0,-1,-1,0
0029.txt,1,7994282430410933832,261,0,-1,-1,0,21,0,-1,-1,0
0029.txt,2,7994282430410933832,261,0,-1,-1,0,12,0,-1,-1,0
0029.txt,3,7994282430410933832,261,1,262,261,0,234,25,-1,-1,0
0029.txt,4,7994282430410933832,261,0,-1,-1,0,60,0,-1,-1,0
0029.txt,5,7994282430410933832,261,0,-1,-1,0,14,0,-1,-1,0
0029.txt,6,7994282430410933832,261,0,-1,-1,0,9,0,-1,-1,0
0029.txt,7,7994282430410933832,261,1,264,261,0,118,23,-1,-1,0
0029.txt,8,7994282430410933832,261,0,-1,-1,0,35,0,-1,-1,0
0029.txt,9,7994282430410933832,261,1,262,261,1,146,21,-1,-1,0
0029.txt,10,7994282430410933832,261,0,-1,-1,0,11,0,-1,-1,0
0029.txt,11,7994282430410933832,261,0,-1,-1,0,14,0,-1,-1,0
0029.txt,12,7994282430410933832,261,1,262,261,0,44,21,-1,-1,0
0029.txt,13,7994282430410933832,261,0,-1,-1,0,23,0,-1,-1,0
0029.txt,14,7994282430410933832,261,0,-1,-1,0,58,0,-1,-1,0
0029.txt,15,7994282430410933832,261,0,-1,-1,0,41,0,-1,-1,0
0029.txt,16,7994282430410933832,261,0,-1,-1,0,101,0,-1,-1,0
0029.txt,17,7994282430410933832,261,0,-1,-1,0,14,0,-1,-1,0
0029.txt,18,7994282430410933832,261,0,-1,-1,0,38,0,-1,-1,0
0029.txt,19,7994282430410933832,261,1,261,261,1,29,20,-1,-1,0
0029.txt,20,7994282430410933832,261,0,-1,-1,0,131,0,-1,-1,0
0029.txt,21,7994282430410933832,261,0,-1,-1,0,454,0,-1,-1,0
0029.txt,22,7994282430410933832,261,1,262,261,1,49,21,-1,-1,0
0029.txt,23,7994282430410933832,261,1,261,261,0,246,21,-1,-1,0
0029.txt,24,7994282430410933832,261,1,264,263,0,188,22,-1,-1,0
0029.txt,25,7994282430410933832,261,1,261,261,1,46,20,-1,-1,0
0029.txt,26,7994282430410933832,261,0,-1,-1,0,359,0,-1,-1,0
0029.txt,27,7994282430410933832,261,0,-1,-1,0,256,0,-1,-1,0
0029.txt,28,7994282430410933832,261,1,262,261,1,156,21,-1,-1,0
0029.txt,29,7994282430410933832,261,0,-1,-1,0,200,0,-1,-1,0
0029.txt,30,7994282430410933832,261,0,-1,-1,0,12,0,-1,-1,0
0029.txt,31,7994282430410933832,261,1,262,262,0,431,21,-1,-1,0
0029.txt,32,7994282430410933832,261,1,264,261,1,38,21,-1,-1,0
0029.txt,33,7994282430410933832,261,1,263,263,0,355,22,-1,-1,0
0029.txt,34,7994282430410933832,261,0,-1,-1,0,25,0,-1,-1,0
0029.txt,35,7994282430410933832,261,1,264,263,0,89,21,-1,-1,0
0029.txt,36,7994282430410933832,261,0,-1,-1,0,9,0,-1,-1,0
0029.txt,37,7994282430410933832,261,0,-1,-1,0,68,0,-1,-1,0
0029.txt,38,7994282430410933832,261,0,-1,-1,0,8,0,-1,-1,0
0029.txt,39,7994282430410933832,261,0,-1,-1,0,12,0,-1,-1,0
0029.txt,40,7994282430410933832,261,0,-1,-1,0,73,0,-1,-1,0
0029.txt,41,7994282430410933832,261,1,261,261,0,40,21,-1,-1,0
0029.txt,42,7994282430410933832,261,1,262,261,1,128,21,-1,-1,0
0029.txt,43,7994282430410933832,261,1,263,261,1,33,22,-1,-1,0
0029.txt,44,7994282430410933832,261,0,-1,-1,0,50,0,-1,-1,0
0029.txt,45,7994282430410933832,261,0,-1,-1,0,8,0,-1,-1,0
0029.txt,46,7994282430410933832,261,0,-1,-1,0,10,0,-1,-1,0
0029.txt,47,7994282430410933832,261,1,264,261,1,38,21,-1,-1,0
0029.txt,48,7994282430410933832,261,1,263,261,0,125,21,-1,-1,0
0029.txt,49,7994282430410933832,261,0,-1,-1,0,82,0,-1,-1,0
0029.txt,50,7994282430410933832,261,0,-1,-1,0,11,0,-1,-1,0
0029.txt,51,7994282430410933832,261,0,-1,-1,0,18,0,-1,-1,0
0029.txt,52,7994282430410933832,261,1,262,262,0,46,21,-1,-1,0
0029.txt,53,7994282430410933832,261,0,-1,-1,0,29,0,-1,-1,0
0029.txt,54,7994282430410933832,261,1,262,262,0,39,20,-1,-1,0
0029.txt,55,7994282430410933832,261,0,-1,-1,0,222,1,-1,-1,0
0029.txt,56,7994282430410933832,261,0,-1,-1,0,28,0,-1,-1,0
0029.txt,57,7994282430410933832,261,0,-1,-1,0,12,0,-1,-1,0
0029.txt,58,7994282430410933832,261,1,262,261,0,125,21,-1,-1,0
0029.txt,59,7994282430410933832,261,1,263,261,1,16,21,-1,-1,0
0029.txt,60,7994282430410933832,261,1,262,262,0,241,20,-1,-1,0
0029.txt,61,7994282430410933832,261,0,-1,-1,0,11,0,-1,-1,0
0029.txt,62,7994282430410933832,261,0,-1,-1,0,19,0,-1,-1,0
0029.txt,63,7994282430410933832,261,1,261,261,0,192,20,-1,-1,0
0030.txt,0,7573201497517170679,458,0,-1,-1,0,93,0,-1,-1,0
0030.txt,1,7573201497517170679,458,1,459,458,1,241,52,-1,-1,0
0030.txt,2,7573201497517170679,458,1,459,458,0,376,54,-1,-1,0
0030.txt,3,7573201497517170679,458,1,461,461,0,86,43,-1,-1,0
0030.txt,4,7573201497517170679,458,1,458,458,1,135,39,-1,-1,0
0030.txt,5,7573201497517170679,458,1,458,458,1,109,36,-1,-1,0
0030.txt,6,7573201497517170679,458,0,-1,-1,0,46,0,-1,-1,0
0030.txt,7,7573201497517170679,458,1,460,458,0,107,37,-1,-1,0
0030.txt,8,7573201497517170679,458,1,461,460,0,124,36,-1,-1,0
0030.txt,9,7573201497517170679,458,0,-1,-1,0,175,0,-1,-1,0
0030.txt,10,7573201497517170679,458,0,-1,-1,0,93,0,-1,-1,0
0030.txt,11,7573201497517170679,458,0,-1,-1,0,3,0,-1,-1,0
0030.txt,12,7573201497517170679,458,1,458,458,1,207,38,-1,-1,0
0030.txt,13,7573201497517170679,458,1,458,458,1,85,36,-1,-1,0
0030.txt,14,7573201497517170679,458,1,458,458,1,79,41,-1,-1,0
0030.txt,15,7573201497517170679,458,0,-1,-1,0,4,0,-1,-1,0
0030.txt,16,7573201497517170679,458,0,-1,-1,0,251,0,-1,-1,0
0030.txt,17,7573201497517170679,458,0,-1,-1,0,190,0,-1,-1,0
0030.txt,18,7573201497517170679,458,0,-1,-1,0,17,0,-1,-1,0
0030.txt,19,7573201497517170679,458,0,-1,-1,0,0,0,-1,-1,0
0030.txt,20,7573201497517170679,458,1,458,458,1,120,51,-1,-1,0
0030.txt,21,7573201497517170679,458,0,-1,-1,0,143,0,-1,-1,0
0030.txt,22,7573201497517170679,458,1,458,458,1,172,44,-1,-1,0
0030.txt,23,7573201497517170679,458,0,-1,-1,0,17,0,-1,-1,0
0030.txt,24,7573201497517170679,458,0,-1,-1,0,8,0,-1,-1,0
0030.txt,25,7573201497517170679,458,0,-1,-1,0,181,0,-1,-1,0
0030.txt,26,7573201497517170679,458,1,458,458,1,101,40,-1,-1,0
0030.txt,27,7573201497517170679,458,1,458,458,1,96,36,-1,-1,0
0030.txt,28,7573201497517170679,458,0,-1,-1,0,119,0,-1,-1,0
0030.txt,29,7573201497517170679,458,0,-1,-1,0,11,0,-1,-1,0
0030.txt,30,7573201497517170679,458,0,-1,-1,0,120,0,-1,-1,0
0030.txt,31,7573201497517170679,458,0,-1,-1,0,233,0,-1,-1,0
0030.txt,32,7573201497517170679,458,1,459,459,0,105,36,-1,-1,0
0030.txt,33,7573201497517170679,458,1,458,458,1,80,36,-1,-1,0
0030.txt,34,7573201497517170679,458,0,-1,-1,0,11,0,-1,-1,0
0030.txt,35,7573201497517170679,458,1,458,458,1,74,36,-1,-1,0
0030.txt,36,7573201497517170679,458,1,458,458,1,26,35,-1,-1,0
0030.txt,37,7573201497517170679,458,1,461,458,0,74,36,-1,-1,0
0030.txt,38,7573201497517170679,458,1,458,458,0,227,36,-1,-1,0
0030.txt,39,7573201497517170679,458,1,458,458,1,33,35,-1,-1,0
0030.txt,40,7573201497517170679,458,1,458,458,1,90,35,-1,-1,0
0030.txt,41,7573201497517170679,458,0,-1,-1,0,116,1,-1,-1,0
0030.txt,42,7573201497517170679,458,0,-1,-1,0,11,0,-1,-1,0
0030.txt,43,7573201497517170679,458,1,458,458,1,192,35,-1,-1,0
0030.txt,44,7573201497517170679,458,1,461,459,0,116,36,-1,-1,0
0030.txt,45,7573201497517170679,458,1,458,458,1,183,35,-1,-1,0
0030.txt,46,7573201497517170679,458,0,-1,-1,0,14,0,-1,-1,0
0030.txt,47,7573201497517170679,458,1,458,458,1,83,35,-1,-1,0
0030.txt,48,7573201497517170679,458,0,-1,-1,0,205,0,-1,-1,0
0030.txt,49,7573201497517170679,458,0,-1,-1,0,10,0,-1,-1,0
0030.txt,50,7573201497517170679,458,0,-1,-1,0,126,0,-1,-1,0
0030.txt,51,7573201497517170679,458,0,-1,-1,0,40,0,-1,-1,0
0030.txt,52,7573201497517170679,458,1,459,458,1,110,36,-1,-1,0
0030.txt,53,7573201497517170679,458,0,-1,-1,0,164,0,-1,-1,0
0030.txt,54,7573201497517170679,458,1,459,458,1,161,37,-1,-1,0
0030.txt,55,7573201497517170679,458,1,458,458,0,182,37,-1,-1,0
0030.txt,56,7573201497517170679,458,1,458,458,1,43,37,-1,-1,0
0030.txt,57,7573201497517170679,458,0,-1,-1,0,0,0,-1,-1,0
0030.txt,58,7573201497517170679,458,0,-1,-1,0,154,0,-1,-1,0
0030.txt,59,7573201497517170679,458,1,459,459,0,237,36,-1,-1,0
0030.txt,60,7573201497517170679,458,1,459,459,0,72,36,-1,-1,0
0030.txt,61,7573201497517170679,458,1,458,458,1,226,35,-1,-1,0
0030.txt,62,7573201497517170679,458,0,-1,-1,0,84,0,-1,-1,0
0030.txt,63,7573201497517170679,458,0,-1,-1,0,38,0,-1,-1,0
0031.txt,0,3151852482049980720,121,0,-1,-1,0,6,0,-1,-1,0
0031.txt,1,3151852482049980720,121,0,-1,-1,0,12,0,-1,-1,0
0031.txt,2,3151852482049980720,121,1,121,121,1,49,12,-1,-1,0
0031.txt,3,3151852482049980720,121,1,121,121,1,155,10,-1,-1,0
0031.txt,4,3151852482049980720,121,0,-1,-1,0,10,0,-1,-1,0
0031.txt,5,3151852482049980720,121,1,121,121,1,82,9,-1,-1,0
0031.txt,6,3151852482049980720,121,1,124,121,1,60,10,-1,-1,0
0031.txt,7,3151852482049980720,121,1,121,121,1,9,10,-1,-1,0
0031.txt,8,3151852482049980720,121,0,-1,-1,0,88,0,-1,-1,0
0031.txt,9,3151852482049980720,121,1,123,121,0,75,10,-1,-1,0
0031.txt,10,3151852482049980720,121,0,-1,-1,0,43,0,-1,-1,0
0031.txt,11,3151852482049980720,121,1,124,121,0,115,10,-1,-1,0
0031.txt,12,3151852482049980720,121,1,122,122,0,30,10,-1,-1,0
0031.txt,13,3151852482049980720,121,1,123,121,1,32,10,-1,-1,0
0031.txt,14,3151852482049980720,121,1,121,121,1,58,9,-1,-1,0
0031.txt,15,3151852482049980720,121,1,121,121,1,18,9,-1,-1,0
0031.txt,16,3151852482049980720,121,1,121,121,1,130,9,-1,-1,0
0031.txt,17,3151852482049980720,121,1,123,121,1,103,10,-1,-1,0
0031.txt,18,3151852482049980720,121,0,-1,-1,0,42,0,-1,-1,0
0031.txt,19,3151852482049980720,121,0,-1,-1,0,376,0,-1,-1,0
0031.txt,20,3151852482049980720,121,1,123,121,0,218,14,-1,-1,0
0031.txt,21,3151852482049980720,121,1,122,121,1,47,13,-1,-1,0
0031.txt,22,3151852482049980720,121,0,-1,-1,0,7,0,-1,-1,0
0031.txt,23,3151852482049980720,121,1,124,121,1,98,12,-1,-1,0
0031.txt,24,3151852482049980720,121,0,-1,-1,0,108,0,-1,-1,0
0031.txt,25,3151852482049980720,121,1,123,121,1,114,10,-1,-1,0
0031.txt,26,3151852482049980720,121,1,124,121,1,51,11,-1,-1,0
0031.txt,27,3151852482049980720,121,1,123,121,1,31,9,-1,-1,0
0031.txt,28,3151852482049980720,121,1,124,122,0,95,9,-1,-1,0
0031.txt,29,3151852482049980720,121,1,121,121,0,108,10,-1,-1,0
0031.txt,30,3151852482049980720,121,0,-1,-1,0,86,0,-1,-1,0
0031.txt,31,3151852482049980720,121,1,121,121,1,27,9,-1,-1,0
0031.txt,32,3151852482049980720,121,0,-1,-1,0,106,0,-1,-1,0
0031.txt,33,3151852482049980720,121,0,-1,-1,0,13,0,-1,-1,0
0031.txt,34,3151852482049980720,121,1,121,121,1,33,9,-1,-1,0
0031.txt,35,3151852482049980720,121,0,-1,-1,0,18,0,-1,-1,0
0031.txt,36,3151852482049980720,121,0,-1,-1,0,35,0,-1,-1,0
0031.txt,37,3151852482049980720,121,1,122,121,0,88,9,-1,-1,0
0031.txt,38,3151852482049980720,121,0,-1,-1,0,12,0,-1,-1,0
0031.txt,39,3151852482049980720,121,0,-1,-1,0,7,0,-1,-1,0
0031.txt,40,3151852482049980720,121,0,-1,-1,0,54,0,-1,-1,0
0031.txt,41,3151852482049980720,121,0,-1,-1,0,36,0,-1,-1,0
0031.txt,42,3151852482049980720,121,1,121,121,1,9,9,-1,-1,0
0031.txt,43,3151852482049980720,121,1,122,121,1,63,9,-1,-1,0
0031.txt,44,3151852482049980720,121,1,124,121,1,46,10,-1,-1,0
0031.txt,45,3151852482049980720,121,0,-1,-1,0,8,0,-1,-1,0
0031.txt,46,3151852482049980720,121,0,-1,-1,0,6,0,-1,-1,0
0031.txt,47,3151852482049980720,121,1,122,121,0,125,9,-1,-1,0
0031.txt,48,3151852482049980720,121,1,123,121,0,74,10,-1,-1,0
0031.txt,49,3151852482049980720,121,0,-1,-1,0,6,0,-1,-1,0
0031.txt,50,3151852482049980720,121,1,121,121,1,18,8,-1,-1,0
0031.txt,51,3151852482049980720,121,1,121,121,0,64,9,-1,-1,0
0031.txt,52,3151852482049980720,121,1,123,121,1,48,10,-1,-1,0
0031.txt,53,3151852482049980720,121,1,123,122,0,56,9,-1,-1,0
0031.txt,54,3151852482049980720,121,0,-1,-1,0,48,0,-1,-1,0
0031.txt,55,3151852482049980720,121,0,-1,-1,0,55,0,-1,-1,0
0031.txt,56,3151852482049980720,121,1,124,121,1,47,10,-1,-1,0
0031.txt,57,3151852482049980720,121,1,121,121,0,23,9,-1,-1,0
0031.txt,58,3151852482049980720,121,1,123,121,1,19,9,-1,-1,0
0031.txt,59,3151852482049980720,121,0,-1,-1,0,13,0,-1,-1,0
0031.txt,60,3151852482049980720,121,0,-1,-1,0,52,0,-1,-1,0
0031.txt,61,3151852482049980720,121,0,-1,-1,0,20,0,-1,-1,0
0031.txt,62,3151852482049980720,121,1,124,124,0,59,10,-1,-1,0
0031.txt,63,3151852482049980720,121,0,-1,-1,0,88,0,-1,-1,0
0032.txt,0,10915772059409356094,142,0,-1,-1,0,1,0,-1,-1,0
0032.txt,1,10915772059409356094,142,0,-1,-1,0,13,0,-1,-1,0
0032.txt,2,10915772059409356094,142,0,-1,-1,0,8,0,-1,-1,0
0032.txt,3,10915772059409356094,142,0,-1,-1,0,38,0,-1,-1,0
0032.txt,4,10915772059409356094,142,1,143,142,1,30,14,-1,-1,0
0032.txt,5,10915772059409356094,142,0,-1,-1,0,9,0,-1,-1,0
0032.txt,6,10915772059409356094,142,1,145,142,1,29,13,-1,-1,0
0032.txt,7,10915772059409356094,142,0,-1,-1,0,92,0,-1,-1,0
0032.txt,8,10915772059409356094,142,0,-1,-1,0,24,0,-1,-1,0
0032.txt,9,10915772059409356094,142,0,-1,-1,0,9,0,-1,-1,0
0032.txt,10,10915772059409356094,142,0,-1,-1,0,8,0,-1,-1,0
0032.txt,11,10915772059409356094,142,1,142,142,1,99,11,-1,-1,0
0032.txt,12,10915772059409356094,142,1,142,142,1,11,10,-1,-1,0
0032.txt,13,10915772059409356094,142,1,145,142,1,28,11,-1,-1,0
0032.txt,14,10915772059409356094,142,1,144,142,0,79,12,-1,-1,0
0032.txt,15,10915772059409356094,142,1,142,142,1,6,10,-1,-1,0
0032.txt,16,10915772059409356094,142,0,-1,-1,0,17,0,-1,-1,0
0032.txt,17,10915772059409356094,142,0,-1,-1,0,7,0,-1,-1,0
0032.txt,18,10915772059409356094,142,1,143,143,0,147,11,-1,-1,0
0032.txt,19,10915772059409356094,142,0,-1,-1,0,67,0,-1,-1,0
0032.txt,20,10915772059409356094,142,0,-1,-1,0,30,0,-1,-1,0
0032.txt,21,10915772059409356094,142,0,-1,-1,0,0,0,-1,-1,0
0032.txt,22,10915772059409356094,142,0,-1,-1,0,16,0,-1,-1,0
0032.txt,23,10915772059409356094,142,0,-1,-1,0,8,0,-1,-1,0
0032.txt,24,10915772059409356094,142,1,142,142,0,55,11,-1,-1,0
0032.txt,25,10915772059409356094,142,0,-1,-1,0,42,0,-1,-1,0
0032.txt,26,10915772059409356094,142,1,145,142,1,82,12,-1,-1,0
0032.txt,27,10915772059409356094,142,1,142,142,1,11,11,-1,-1,0
0032.txt,28,10915772059409356094,142,0,-1,-1,0,56,0,-1,-1,0
0032.txt,29,10915772059409356094,142,0,-1,-1,0,8,0,-1,-1,0
0032.txt,30,10915772059409356094,142,0,-1,-1,0,54,0,-1,-1,0
0032.txt,31,10915772059409356094,142,0,-1,-1,0,22,0,-1,-1,0
0032.txt,32,10915772059409356094,142,1,144,142,1,98,12,-1,-1,0
0032.txt,33,10915772059409356094,142,0,-1,-1,0,10,0,-1,-1,0
0032.txt,34,10915772059409356094,142,1,144,142,1,48,12,-1,-1,0
0032.txt,35,10915772059409356094,142,0,-1,-1,0,11,0,-1,-1,0
0032.txt,36,10915772059409356094,142,1,142,142,0,104,11,-1,-1,0
0032.txt,37,10915772059409356094,142,0,-1,-1,0,83,0,-1,-1,0
0032.txt,38,10915772059409356094,142,0,-1,-1,0,31,0,-1,-1,0
0032.txt,39,10915772059409356094,142,0,-1,-1,0,14,0,-1,-1,0
0032.txt,40,10915772059409356094,142,1,142,142,1,15,11,-1,-1,0
0032.txt,41,10915772059409356094,142,0,-1,-1,0,6,0,-1,-1,0
0032.txt,42,10915772059409356094,142,0,-1,-1,0,15,0,-1,-1,0
0032.txt,43,10915772059409356094,142,0,-1,-1,0,8,0,-1,-1,0
0032.txt,44,10915772059409356094,142,1,142,142,0,63,13,-1,-1,0
0032.txt,45,10915772059409356094,142,0,-1,-1,0,8,0,-1,-1,0
0032.txt,46,10915772059409356094,142,0,-1,-1,0,79,0,-1,-1,0
0032.txt,47,10915772059409356094,142,1,144,142,0,52,11,-1,-1,0
0032.txt,48,10915772059409356094,142,1,145,143,0,103,12,-1,-1,0
0032.txt,49,10915772059409356094,142,0,-1,-1,0,10,0,-1,-1,0
0032.txt,50,10915772059409356094,142,0,-1,-1,0,9,0,-1,-1,0
0032.txt,51,10915772059409356094,142,0,-1,-1,0,10,0,-1,-1,0
0032.txt,52,10915772059409356094,142,1,144,142,0,80,11,-1,-1,0
0032.txt,53,10915772059409356094,142,0,-1,-1,0,7,0,-1,-1,0
0032.txt,54,10915772059409356094,142,0,-1,-1,0,7,0,-1,-1,0
0032.txt,55,10915772059409356094,142,0,-1,-1,0,11,0,-1,-1,0
0032.txt,56,10915772059409356094,142,0,-1,-1,0,73,0,-1,-1,0
0032.txt,57,10915772059409356094,142,0,-1,-1,0,44,0,-1,-1,0
0032.txt,58,10915772059409356094,142,1,142,142,1,22,10,-1,-1,0
0032.txt,59,10915772059409356094,142,1,142,142,1,19,10,-1,-1,0
0032.txt,60,10915772059409356094,142,0,-1,-1,0,7,0,-1,-1,0
0032.txt,61,10915772059409356094,142,0,-1,-1,0,38,0,-1,-1,0
0032.txt,62,10915772059409356094,142,1,142,142,0,136,10,-1,-1,0
0032.txt,63,10915772059409356094,142,0,-1,-1,0,62,0,-1,-1,0
0033.txt,0,12882066662445937649,141,1,144,141,1,28,13,-1,-1,0
0033.txt,1,12882066662445937649,141,1,142,142,0,13,11,-1,-1,0
0033.txt,2,12882066662445937649,141,0,-1,-1,0,13,0,-1,-1,0
0033.txt,3,12882066662445937649,141,0,-1,-1,0,8,0,-1,-1,0
0033.txt,4,12882066662445937649,141,1,141,141,0,17,10,-1,-1,0
0033.txt,5,12882066662445937649,141,0,-1,-1,0,84,0,-1,-1,0
0033.txt,6,12882066662445937649,141,0,-1,-1,0,162,0,-1,-1,0
0033.txt,7,12882066662445937649,141,0,-1,-1,0,138,0,-1,-1,0
0033.txt,8,12882066662445937649,141,0,-1,-1,0,67,0,-1,-1,0
0033.txt,9,12882066662445937649,141,0,-1,-1,0,54,0,-1,-1,0
0033.txt,10,12882066662445937649,141,0,-1,-1,0,7,0,-1,-1,0
0033.txt,11,12882066662445937649,141,0,-1,-1,0,17,0,-1,-1,0
0033.txt,12,12882066662445937649,141,0,-1,-1,0,123,0,-1,-1,0
0033.txt,13,12882066662445937649,141,1,143,142,0,165,10,-1,-1,0
0033.txt,14,12882066662445937649,141,0,-1,-1,0,6,0,-1,-1,0
0033.txt,15,12882066662445937649,141,1,141,141,1,9,10,-1,-1,0
0033.txt,16,12882066662445937649,141,1,143,141,0,113,10,-1,-1,0
0033.txt,17,12882066662445937649,141,0,-1,-1,0,5,0,-1,-1,0
0033.txt,18,12882066662445937649,141,0,-1,-1,0,10,0,-1,-1,0
0033.txt,19,12882066662445937649,141,0,-1,-1,0,14,0,-1,-1,0
0033.txt,20,12882066662445937649,141,1,141,141,1,90,10,-1,-1,0
0033.txt,21,12882066662445937649,141,0,-1,-1,0,7,0,-1,-1,0
0033.txt,22,12882066662445937649,141,0,-1,-1,0,4,0,-1,-1,0
0033.txt,23,12882066662445937649,141,0,-1,-1,0,10,0,-1,-1,0
0033.txt,24,12882066662445937649,141,0,-1,-1,0,161,0,-1,-1,0
0033.txt,25,12882066662445937649,141,0,-1,-1,0,7,0,-1,-1,0
0033.txt,26,12882066662445937649,141,1,144,143,0,54,11,-1,-1,0
0033.txt,27,12882066662445937649,141,1,142,141,1,102,10,-1,-1,0
0033.txt,28,12882066662445937649,141,0,-1,-1,0,47,0,-1,-1,0
0033.txt,29,12882066662445937649,141,0,-1,-1,0,28,0,-1,-1,0
0033.txt,30,12882066662445937649,141,1,142,141,0,110,10,-1,-1,0
0033.txt,31,12882066662445937649,141,0,-1,-1,0,13,0,-1,-1,0
0033.txt,32,12882066662445937649,141,0,-1,-1,0,10,0,-1,-1,0
0033.txt,33,12882066662445937649,141,0,-1,-1,0,8,0,-1,-1,0
0033.txt,34,12882066662445937649,141,0,-1,-1,0,16,0,-1,-1,0
0033.txt,35,12882066662445937649,141,1,142,141,0,101,10,-1,-1,0
0033.txt,36,12882066662445937649,141,0,-1,-1,0,21,0,-1,-1,0
0033.txt,37,12882066662445937649,141,1,144,141,1,65,11,-1,-1,0
0033.txt,38,12882066662445937649,141,1,144,144,0,28,9,-1,-1,0
0033.txt,39,12882066662445937649,141,1,141,141,1,21,10,-1,-1,0
0033.txt,40,12882066662445937649,141,0,-1,-1,0,4,0,-1,-1,0
0033.txt,41,12882066662445937649,141,1,143,141,0,144,11,-1,-1,0
0033.txt,42,12882066662445937649,141,0,-1,-1,0,10,0,-1,-1,0
0033.txt,43,12882066662445937649,141,0,-1,-1,0,10,0,-1,-1,0
0033.txt,44,12882066662445937649,141,0,-1,-1,0,6,0,-1,-1,0
0033.txt,45,12882066662445937649,141,0,-1,-1,0,29,0,-1,-1,0
0033.txt,46,12882066662445937649,141,1,143,141,1,47,10,-1,-1,0
0033.txt,47,12882066662445937649,141,0,-1,-1,0,19,0,-1,-1,0
0033.txt,48,12882066662445937649,141,1,143,141,0,208,10,-1,-1,0
0033.txt,49,12882066662445937649,141,0,-1,-1,0,111,0,-1,-1,0
0033.txt,50,12882066662445937649,141,0,-1,-1,0,10,0,-1,-1,0
0033.txt,51,12882066662445937649,141,1,141,141,1,23,9,-1,-1,0
0033.txt,52,12882066662445937649,141,1,144,144,0,50,10,-1,-1,0
0033.txt,53,12882066662445937649,141,1,141,141,1,33,10,-1,-1,0
0033.txt,54,12882066662445937649,141,1,144,143,0,75,11,-1,-1,0
0033.txt,55,12882066662445937649,141,0,-1,-1,0,7,0,-1,-1,0
0033.txt,56,12882066662445937649,141,0,-1,-1,0,8,0,-1,-1,0
0033.txt,57,12882066662445937649,141,1,144,142,0,106,11,-1,-1,0
0033.txt,58,12882066662445937649,141,1,143,141,1,23,11,-1,-1,0
0033.txt,59,12882066662445937649,141,0,-1,-1,0,47,0,-1,-1,0
0033.txt,60,12882066662445937649,141,0,-1,-1,0,9,0,-1,-1,0
0033.txt,61,12882066662445937649,141,0,-1,-1,0,24,0,-1,-1,0
0033.txt,62,12882066662445937649,141,0,-1,-1,0,26,0,-1,-1,0
0033.txt,63,12882066662445937649,141,0,-1,-1,0,14,0,-1,-1,0
0034.txt,0,8294377236377494978,446,0,-1,-1,0,10,0,-1,-1,0
0034.txt,1,8294377236377494978,446,0,-1,-1,0,14,0,-1,-1,0
0034.txt,2,8294377236377494978,446,0,-1,-1,0,410,0,-1,-1,0
0034.txt,3,8294377236377494978,446,0,-1,-1,0,21,0,-1,-1,0
0034.txt,4,8294377236377494978,446,1,447,446,1,166,46,-1,-1,0
0034.txt,5,8294377236377494978,446,1,446,446,1,10,38,-1,-1,0
0034.txt,6,8294377236377494978,446,1,446,446,1,131,37,-1,-1,0
0034.txt,7,8294377236377494978,446,1,448,446,0,203,37,-1,-1,0
0034.txt,8,8294377236377494978,446,1,449,449,0,54,35,-1,-1,0
0034.txt,9,8294377236377494978,446,1,446,446,0,238,36,-1,-1,0
0034.txt,10,8294377236377494978,446,0,-1,-1,0,13,0,-1,-1,0
0034.txt,11,8294377236377494978,446,1,446,446,1,13,37,-1,-1,0
0034.txt,12,8294377236377494978,446,1,446,446,0,233,34,-1,-1,0
0034.txt,13,8294377236377494978,446,1,446,446,1,25,34,-1,-1,0
0034.txt,14,8294377236377494978,446,1,446,446,0,209,43,-1,-1,0
0034.txt,15,8294377236377494978,446,1,447,446,0,183,36,-1,-1,0
0034.txt,16,8294377236377494978,446,0,-1,-1,0,47,0,-1,-1,0
0034.txt,17,8294377236377494978,446,1,449,448,0,303,37,-1,-1,0
0034.txt,18,8294377236377494978,446,1,448,446,1,183,35,-1,-1,0
0034.txt,19,8294377236377494978,446,0,-1,-1,0,13,0,-1,-1,0
0034.txt,20,8294377236377494978,446,1,447,446,1,399,35,-1,-1,0
0034.txt,21,8294377236377494978,446,0,-1,-1,0,7,0,-1,-1,0
0034.txt,22,8294377236377494978,446,0,-1,-1,0,10,0,-1,-1,0
0034.txt,23,8294377236377494978,446,0,-1,-1,0,23,0,-1,-1,0
0034.txt,24,8294377236377494978,446,1,446,446,0,611,34,-1,-1,0
0034.txt,25,8294377236377494978,446,1,448,447,0,210,38,-1,-1,0
0034.txt,26,8294377236377494978,446,0,-1,-1,0,69,0,-1,-1,0
0034.txt,27,8294377236377494978,446,0,-1,-1,0,11,0,-1,-1,0
0034.txt,28,8294377236377494978,446,1,446,446,1,205,34,-1,-1,0
0034.txt,29,8294377236377494978,446,0,-1,-1,0,12,0,-1,-1,0
0034.txt,30,8294377236377494978,446,0,-1,-1,0,50,0,-1,-1,0
0034.txt,31,8294377236377494978,446,1,446,446,1,190,34,-1,-1,0
0034.txt,32,8294377236377494978,446,0,-1,-1,0,14,0,-1,-1,0
0034.txt,33,8294377236377494978,446,0,-1,-1,0,169,0,-1,-1,0
0034.txt,34,8294377236377494978,446,0,-1,-1,0,114,0,-1,-1,0
0034.txt,35,8294377236377494978,446,0,-1,-1,0,242,0,-1,-1,0
0034.txt,36,8294377236377494978,446,0,-1,-1,0,174,0,-1,-1,0
0034.txt,37,8294377236377494978,446,1,448,446,0,157,36,-1,-1,0
0034.txt,38,8294377236377494978,446,1,447,447,0,219,46,-1,-1,0
0034.txt,39,8294377236377494978,446,0,-1,-1,0,194,0,-1,-1,0
0034.txt,40,8294377236377494978,446,1,446,446,1,10,42,-1,-1,0
0034.txt,41,8294377236377494978,446,1,448,447,0,221,43,-1,-1,0
0034.txt,42,8294377236377494978,446,1,449,449,0,356,37,-1,-1,0
0034.txt,43,8294377236377494978,446,0,-1,-1,0,19,0,-1,-1,0
0034.txt,44,8294377236377494978,446,1,447,446,1,15,35,-1,-1,0
0034.txt,45,8294377236377494978,446,1,448,447,0,177,35,-1,-1,0
0034.txt,46,8294377236377494978,446,1,446,446,1,192,35,-1,-1,0
0034.txt,47,8294377236377494978,446,1,449,446,1,195,36,-1,-1,0
0034.txt,48,8294377236377494978,446,0,-1,-1,0,127,0,-1,-1,0
0034.txt,49,8294377236377494978,446,0,-1,-1,0,20,0,-1,-1,0
0034.txt,50,8294377236377494978,446,1,446,446,1,153,33,-1,-1,0
0034.txt,51,8294377236377494978,446,1,447,446,1,158,34,-1,-1,0
0034.txt,52,8294377236377494978,446,0,-1,-1,0,15,0,-1,-1,0
0034.txt,53,8294377236377494978,446,0,-1,-1,0,74,0,-1,-1,0
0034.txt,54,8294377236377494978,446,0,-1,-1,0,67,0,-1,-1,0
0034.txt,55,8294377236377494978,446,1,449,449,0,151,35,-1,-1,0
0034.txt,56,8294377236377494978,446,0,-1,-1,0,9,0,-1,-1,0
0034.txt,57,8294377236377494978,446,0,-1,-1,0,11,0,-1,-1,0
0034.txt,58,8294377236377494978,446,1,446,446,0,239,34,-1,-1,0
0034.txt,59,8294377236377494978,446,1,447,447,0,125,35,-1,-1,0
0034.txt,60,8294377236377494978,446,1,447,447,0,296,36,-1,-1,0
0034.txt,61,8294377236377494978,446,0,-1,-1,0,21,0,-1,-1,0
0034.txt,62,8294377236377494978,446,0,-1,-1,0,261,0,-1,-1,0
0034.txt,63,8294377236377494978,446,0,-1,-1,0,20,0,-1,-1,0
0035.txt,0,10720080862633924984,63,1,64,64,0,28,7,-1,-1,0
0035.txt,1,10720080862633924984,63,1,66,65,0,62,7,-1,-1,0
0035.txt,2,10720080862633924984,63,0,-1,-1,0,9,0,-1,-1,0
0035.txt,3,10720080862633924984,63,0,-1,-1,0,1,0,-1,-1,0
0035.txt,4,10720080862633924984,63,0,-1,-1,0,62,0,-1,-1,0
0035.txt,5,10720080862633924984,63,0,-1,-1,0,30,0,-1,-1,0
0035.txt,6,10720080862633924984,63,1,66,66,0,74,8,-1,-1,0
0035.txt,7,10720080862633924984,63,1,66,63,1,23,6,-1,-1,0
0035.txt,8,10720080862633924984,63,1,65,65,0,65,6,-1,-1,0
0035.txt,9,10720080862633924984,63,1,65,63,0,50,6,-1,-1,0
0035.txt,10,10720080862633924984,63,0,-1,-1,0,38,0,-1,-1,0
0035.txt,11,10720080862633924984,63,1,65,65,0,62,5,-1,-1,0
0035.txt,12,10720080862633924984,63,0,-1,-1,0,27,0,-1,-1,0
0035.txt,13,10720080862633924984,63,0,-1,-1,0,1,0,-1,-1,0
0035.txt,14,10720080862633924984,63,0,-1,-1,0,53,0,-1,-1,0
0035.txt,15,10720080862633924984,63,0,-1,-1,0,28,0,-1,-1,0
0035.txt,16,10720080862633924984,63,1,63,63,1,33,5,-1,-1,0
0035.txt,17,10720080862633924984,63,0,-1,-1,0,34,0,-1,-1,0
0035.txt,18,10720080862633924984,63,0,-1,-1,0,28,0,-1,-1,0
0035.txt,19,10720080862633924984,63,1,65,63,1,44,6,-1,-1,0
0035.txt,20,10720080862633924984,63,0,-1,-1,0,49,0,-1,-1,0
0035.txt,21,10720080862633924984,63,1,66,63,0,47,6,-1,-1,0
0035.txt,22,10720080862633924984,63,0,-1,-1,0,0,0,-1,-1,0
0035.txt,23,10720080862633924984,63,1,65,64,0,16,6,-1,-1,0
0035.txt,24,10720080862633924984,63,1,66,63,1,16,6,-1,-1,0
0035.txt,25,10720080862633924984,63,1,64,64,0,54,6,-1,-1,0
0035.txt,26,10720080862633924984,63,0,-1,-1,0,52,0,-1,-1,0
0035.txt,27,10720080862633924984,63,1,66,65,0,75,7,-1,-1,0
0035.txt,28,10720080862633924984,63,0,-1,-1,0,31,0,-1,-1,0
0035.txt,29,10720080862633924984,63,1,65,64,0,30,7,-1,-1,0
0035.txt,30,10720080862633924984,63,1,64,64,0,29,6,-1,-1,0
0035.txt,31,10720080862633924984,63,0,-1,-1,0,44,0,-1,-1,0
0035.txt,32,10720080862633924984,63,1,65,64,0,22,7,-1,-1,0
0035.txt,33,10720080862633924984,63,0,-1,-1,0,16,0,-1,-1,0
0035.txt,34,10720080862633924984,63,0,-1,-1,0,49,0,-1,-1,0
0035.txt,35,10720080862633924984,63,1,66,63,1,43,6,-1,-1,0
0035.txt,36,10720080862633924984,63,0,-1,-1,0,19,0,-1,-1,0
0035.txt,37,10720080862633924984,63,1,63,63,0,22,5,-1,-1,0
0035.txt,38,10720080862633924984,63,0,-1,-1,0,1,0,-1,-1,0
0035.txt,39,10720080862633924984,63,1,64,64,0,86,5,-1,-1,0
0035.txt,40,10720080862633924984,63,0,-1,-1,0,21,0,-1,-1,0
0035.txt,41,10720080862633924984,63,1,65,63,1,38,5,-1,-1,0
0035.txt,42,10720080862633924984,63,0,-1,-1,0,17,0,-1,-1,0
0035.txt,43,10720080862633924984,63,1,66,66,0,51,5,-1,-1,0
0035.txt,44,10720080862633924984,63,1,65,63,1,33,5,-1,-1,0
0035.txt,45,10720080862633924984,63,1,65,63,1,10,6,-1,-1,0
0035.txt,46,10720080862633924984,63,1,65,65,0,48,5,-1,-1,0
0035.txt,47,10720080862633924984,63,1,64,63,1,19,6,-1,-1,0
0035.txt,48,10720080862633924984,63,0,-1,-1,0,58,0,-1,-1,0
0035.txt,49,10720080862633924984,63,1,66,66,0,78,5,-1,-1,0
0035.txt,50,10720080862633924984,63,0,-1,-1,0,32,0,-1,-1,0
0035.txt,51,10720080862633924984,63,0,-1,-1,0,55,0,-1,-1,0
0035.txt,52,10720080862633924984,63,0,-1,-1,0,13,0,-1,-1,0
0035.txt,53,10720080862633924984,63,1,65,63,1,33,6,-1,-1,0
0035.txt,54,10720080862633924984,63,1,63,63,1,21,5,-1,-1,0
0035.txt,55,10720080862633924984,63,1,65,65,0,45,6,-1,-1,0
0035.txt,56,10720080862633924984,63,0,-1,-1,0,25,0,-1,-1,0
0035.txt,57,10720080862633924984,63,0,-1,-1,0,37,0,-1,-1,0
0035.txt,58,10720080862633924984,63,0,-1,-1,0,50,0,-1,-1,0
0035.txt,59,10720080862633924984,63,1,66,65,0,41,5,-1,-1,0
0035.txt,60,10720080862633924984,63,1,65,63,1,52,6,-1,-1,0
0035.txt,61,10720080862633924984,63,1,64,63,1,18,5,-1,-1,0
0035.txt,62,10720080862633924984,63,1,65,63,1,40,6,-1,-1,0
0035.txt,63,10720080862633924984,63,0,-1,-1,0,62,0,-1,-1,0
0036.txt,0,10007609750572205065,207,0,-1,-1,0,7,0,-1,-1,0
0036.txt,1,10007609750572205065,207,0,-1,-1,0,17,0,-1,-1,0
0036.txt,2,10007609750572205065,207,1,209,207,0,244,19,-1,-1,0
0036.txt,3,10007609750572205065,207,1,210,208,0,82,17,-1,-1,0
0036.txt,4,10007609750572205065,207,1,210,207,0,99,16,-1,-1,0
0036.txt,5,10007609750572205065,207,0,-1,-1,0,10,0,-1,-1,0
0036.txt,6,10007609750572205065,207,0,-1,-1,0,11,0,-1,-1,0
0036.txt,7,10007609750572205065,207,0,-1,-1,0,15,0,-1,-1,0
0036.txt,8,10007609750572205065,207,0,-1,-1,0,8,0,-1,-1,0
0036.txt,9,10007609750572205065,207,1,207,207,0,168,16,-1,-1,0
0036.txt,10,10007609750572205065,207,1,207,207,1,17,14,-1,-1,0
0036.txt,11,10007609750572205065,207,1,208,207,1,106,15,-1,-1,0
0036.txt,12,10007609750572205065,207,0,-1,-1,0,156,0,-1,-1,0
0036.txt,13,10007609750572205065,207,1,208,207,1,29,15,-1,-1,0
0036.txt,14,10007609750572205065,207,1,207,207,0,52,15,-1,-1,0
0036.txt,15,10007609750572205065,207,0,-1,-1,0,13,0,-1,-1,0
0036.txt,16,10007609750572205065,207,1,210,209,0,106,15,-1,-1,0
0036.txt,17,10007609750572205065,207,0,-1,-1,0,8,0,-1,-1,0
0036.txt,18,10007609750572205065,207,0,-1,-1,0,12,0,-1,-1,0
0036.txt,19,10007609750572205065,207,0,-1,-1,0,242,0,-1,-1,0
0036.txt,20,10007609750572205065,207,0,-1,-1,0,106,0,-1,-1,0
0036.txt,21,10007609750572205065,207,0,-1,-1,0,223,0,-1,-1,0
0036.txt,22,10007609750572205065,207,0,-1,-1,0,37,0,-1,-1,0
0036.txt,23,10007609750572205065,207,0,-1,-1,0,162,0,-1,-1,0
0036.txt,24,10007609750572205065,207,0,-1,-1,0,26,0,-1,-1,0
0036.txt,25,10007609750572205065,207,0,-1,-1,0,147,0,-1,-1,0
0036.txt,26,10007609750572205065,207,1,208,208,0,153,16,-1,-1,0
0036.txt,27,10007609750572205065,207,1,210,210,0,76,16,-1,-1,0
0036.txt,28,10007609750572205065,207,1,209,207,1,34,15,-1,-1,0
0036.txt,29,10007609750572205065,207,0,-1,-1,0,131,0,-1,-1,0
0036.txt,30,10007609750572205065,207,0,-1,-1,0,9,0,-1,-1,0
0036.txt,31,10007609750572205065,207,1,210,210,0,30,16,-1,-1,0
0036.txt,32,10007609750572205065,207,0,-1,-1,0,54,0,-1,-1,0
0036.txt,33,10007609750572205065,207,0,-1,-1,0,57,0,-1,-1,0
0036.txt,34,10007609750572205065,207,1,210,209,0,159,15,-1,-1,0
0036.txt,35,10007609750572205065,207,1,210,207,0,59,16,-1,-1,0
0036.txt,36,10007609750572205065,207,1,207,207,0,11,14,-1,-1,0
0036.txt,37,10007609750572205065,207,0,-1,-1,0,148,0,-1,-1,0
0036.txt,38,10007609750572205065,207,0,-1,-1,0,10,0,-1,-1,0
0036.txt,39,10007609750572205065,207,0,-1,-1,0,12,0,-1,-1,0
0036.txt,40,10007609750572205065,207,0,-1,-1,0,11,0,-1,-1,0
0036.txt,41,10007609750572205065,207,1,207,207,0,214,15,-1,-1,0
0036.txt,42,10007609750572205065,207,0,-1,-1,0,48,0,-1,-1,0
0036.txt,43,10007609750572205065,207,0,-1,-1,0,11,0,-1,-1,0
0036.txt,44,10007609750572205065,207,0,-1,-1,0,9,0,-1,-1,0
0036.txt,45,10007609750572205065,207,1,208,207,1,269,16,-1,-1,0
0036.txt,46,10007609750572205065,207,1,208,207,0,165,15,-1,-1,0
0036.txt,47,10007609750572205065,207,1,210,208,0,104,15,-1,-1,0
0036.txt,48,10007609750572205065,207,1,210,207,1,59,15,-1,-1,0
0036.txt,49,10007609750572205065,207,1,210,210,0,169,16,-1,-1,0
0036.txt,50,10007609750572205065,207,0,-1,-1,0,216,0,-1,-1,0
0036.txt,51,10007609750572205065,207,0,-1,-1,0,110,0,-1,-1,0
0036.txt,52,10007609750572205065,207,0,-1,-1,0,40,0,-1,-1,0
0036.txt,53,10007609750572205065,207,1,208,207,0,42,15,-1,-1,0
0036.txt,54,10007609750572205065,207,0,-1,-1,0,8,0,-1,-1,0
0036.txt,55,10007609750572205065,207,0,-1,-1,0,16,0,-1,-1,0
0036.txt,56,10007609750572205065,207,0,-1,-1,0,118,1,-1,-1,0
0036.txt,57,10007609750572205065,207,0,-1,-1,0,16,0,-1,-1,0
0036.txt,58,10007609750572205065,207,0,-1,-1,0,13,0,-1,-1,0
0036.txt,59,10007609750572205065,207,0,-1,-1,0,64,0,-1,-1,0
0036.txt,60,10007609750572205065,207,0,-1,-1,0,188,0,-1,-1,0
0036.txt,61,10007609750572205065,207,1,209,208,0,136,24,-1,-1,0
0036.txt,62,10007609750572205065,207,1,210,207,0,140,19,-1,-1,0
0036.txt,63,10007609750572205065,207,1,210,208,0,184,17,-1,-1,0
0037.txt,0,14978177611262044507,245,1,245,245,0,216,25,-1,-1,0
0037.txt,1,14978177611262044507,245,1,245,245,1,85,21,-1,-1,0
0037.txt,2,14978177611262044507,245,1,248,245,1,190,23,-1,-1,0
0037.txt,3,14978177611262044507,245,0,-1,-1,0,29,0,-1,-1,0
0037.txt,4,14978177611262044507,245,0,-1,-1,0,18,0,-1,-1,0
0037.txt,5,14978177611262044507,245,0,-1,-1,0,13,0,-1,-1,0
0037.txt,6,14978177611262044507,245,1,247,245,1,118,20,-1,-1,0
0037.txt,7,14978177611262044507,245,0,-1,-1,0,9,0,-1,-1,0
0037.txt,8,14978177611262044507,245,0,-1,-1,0,182,0,-1,-1,0
0037.txt,9,14978177611262044507,245,0,-1,-1,0,19,0,-1,-1,0
0037.txt,10,14978177611262044507,245,0,-1,-1,0,44,0,-1,-1,0
0037.txt,11,14978177611262044507,245,1,245,245,1,165,31,-1,-1,0
0037.txt,12,14978177611262044507,245,1,247,245,1,103,20,-1,-1,0
0037.txt,13,14978177611262044507,245,0,-1,-1,0,10,0,-1,-1,0
0037.txt,14,14978177611262044507,245,1,247,245,1,71,19,-1,-1,0
0037.txt,15,14978177611262044507,245,1,246,245,0,263,20,-1,-1,0
0037.txt,16,14978177611262044507,245,0,-1,-1,0,7,0,-1,-1,0
0037.txt,17,14978177611262044507,245,0,-1,-1,0,30,0,-1,-1,0
0037.txt,18,14978177611262044507,245,0,-1,-1,0,13,0,-1,-1,0
0037.txt,19,14978177611262044507,245,1,246,245,1,45,19,-1,-1,0
0037.txt,20,14978177611262044507,245,0,-1,-1,0,117,0,-1,-1,0
0037.txt,21,14978177611262044507,245,1,245,245,1,33,18,-1,-1,0
0037.txt,22,14978177611262044507,245,1,245,245,1,150,19,-1,-1,0
0037.txt,23,14978177611262044507,245,0,-1,-1,0,11,0,-1,-1,0
0037.txt,24,14978177611262044507,245,1,246,245,1,110,19,-1,-1,0
0037.txt,25,14978177611262044507,245,1,245,245,1,145,18,-1,-1,0
0037.txt,26,14978177611262044507,245,0,-1,-1,0,93,0,-1,-1,0
0037.txt,27,14978177611262044507,245,0,-1,-1,0,57,0,-1,-1,0
0037.txt,28,14978177611262044507,245,0,-1,-1,0,92,0,-1,-1,0
0037.txt,29,14978177611262044507,245,1,246,245,1,122,19,-1,-1,0
0037.txt,30,14978177611262044507,245,0,-1,-1,0,11,0,-1,-1,0
0037.txt,31,14978177611262044507,245,1,246,245,1,189,19,-1,-1,0
0037.txt,32,14978177611262044507,245,1,248,245,0,88,21,-1,-1,0
0037.txt,33,14978177611262044507,245,0,-1,-1,0,12,0,-1,-1,0
0037.txt,34,14978177611262044507,245,1,248,245,0,70,21,-1,-1,0
0037.txt,35,14978177611262044507,245,1,245,245,1,38,19,-1,-1,0
0037.txt,36,14978177611262044507,245,0,-1,-1,0,1,0,-1,-1,0
0037.txt,37,14978177611262044507,245,0,-1,-1,0,190,0,-1,-1,0
0037.txt,38,14978177611262044507,245,1,245,245,1,114,19,-1,-1,0
0037.txt,39,14978177611262044507,245,0,-1,-1,0,173,1,-1,-1,0
0037.txt,40,14978177611262044507,245,1,245,245,1,10,18,-1,-1,0
0037.txt,41,14978177611262044507,245,0,-1,-1,0,9,0,-1,-1,0
0037.txt,42,14978177611262044507,245,0,-1,-1,0,5,0,-1,-1,0
0037.txt,43,14978177611262044507,245,1,246,245,0,180,19,-1,-1,0
0037.txt,44,14978177611262044507,245,0,-1,-1,0,10,0,-1,-1,0
0037.txt,45,14978177611262044507,245,1,245,245,0,198,19,-1,-1,0
0037.txt,46,14978177611262044507,245,1,245,245,1,14,19,-1,-1,0
0037.txt,47,14978177611262044507,245,0,-1,-1,0,146,0,-1,-1,0
0037.txt,48,14978177611262044507,245,0,-1,-1,0,25,0,-1,-1,0
0037.txt,49,14978177611262044507,245,0,-1,-1,0,61,0,-1,-1,0
0037.txt,50,14978177611262044507,245,0,-1,-1,0,11,0,-1,-1,0
0037.txt,51,14978177611262044507,245,0,-1,-1,0,141,0,-1,-1,0
0037.txt,52,14978177611262044507,245,1,248,248,0,210,20,-1,-1,0
0037.txt,53,14978177611262044507,245,0,-1,-1,0,20,0,-1,-1,0
0037.txt,54,14978177611262044507,245,1,245,245,1,21,19,-1,-1,0
0037.txt,55,14978177611262044507,245,0,-1,-1,0,8,0,-1,-1,0
0037.txt,56,14978177611262044507,245,1,247,246,0,256,21,-1,-1,0
0037.txt,57,14978177611262044507,245,1,247,247,0,178,20,-1,-1,0
0037.txt,58,14978177611262044507,245,0,-1,-1,0,11,0,-1,-1,0
0037.txt,59,14978177611262044507,245,0,-1,-1,0,10,0,-1,-1,0
0037.txt,60,14978177611262044507,245,0,-1,-1,0,7,0,-1,-1,0
0037.txt,61,14978177611262044507,245,0,-1,-1,0,51,0,-1,-1,0
0037.txt,62,14978177611262044507,245,0,-1,-1,0,14,0,-1,-1,0
0037.txt,63,14978177611262044507,245,1,246,245,0,184,20,-1,-1,0
0038.txt,0,8098737382004005385,131,1,131,131,1,19,14,-1,-1,0
0038.txt,1,8098737382004005385,131,0,-1,-1,0,49,0,-1,-1,0
0038.txt,2,8098737382004005385,131,0,-1,-1,0,1,0,-1,-1,0
0038.txt,3,8098737382004005385,131,1,131,131,1,20,11,-1,-1,0
0038.txt,4,8098737382004005385,131,0,-1,-1,0,20,0,-1,-1,0
0038.txt,5,8098737382004005385,131,0,-1,-1,0,7,0,-1,-1,0
0038.txt,6,8098737382004005385,131,0,-1,-1,0,25,0,-1,-1,0
0038.txt,7,8098737382004005385,131,0,-1,-1,0,9,0,-1,-1,0
0038.txt,8,8098737382004005385,131,0,-1,-1,0,6,0,-1,-1,0
0038.txt,9,8098737382004005385,131,0,-1,-1,0,71,0,-1,-1,0
0038.txt,10,8098737382004005385,131,0,-1,-1,0,12,0,-1,-1,0
0038.txt,11,8098737382004005385,131,0,-1,-1,0,11,0,-1,-1,0
0038.txt,12,8098737382004005385,131,0,-1,-1,0,8,0,-1,-1,0
0038.txt,13,8098737382004005385,131,0,-1,-1,0,5,0,-1,-1,0
0038.txt,14,8098737382004005385,131,0,-1,-1,0,6,0,-1,-1,0
0038.txt,15,8098737382004005385,131,0,-1,-1,0,6,0,-1,-1,0
0038.txt,16,8098737382004005385,131,0,-1,-1,0,4,0,-1,-1,0
0038.txt,17,8098737382004005385,131,1,133,131,1,105,11,-1,-1,0
0038.txt,18,8098737382004005385,131,0,-1,-1,0,17,0,-1,-1,0
0038.txt,19,8098737382004005385,131,0,-1,-1,0,62,0,-1,-1,0
0038.txt,20,8098737382004005385,131,0,-1,-1,0,3,0,-1,-1,0
0038.txt,21,8098737382004005385,131,1,133,132,0,45,11,-1,-1,0
0038.txt,22,8098737382004005385,131,1,131,131,1,20,10,-1,-1,0
0038.txt,23,8098737382004005385,131,0,-1,-1,0,30,0,-1,-1,0
0038.txt,24,8098737382004005385,131,0,-1,-1,0,8,0,-1,-1,0
0038.txt,25,8098737382004005385,131,0,-1,-1,0,22,0,-1,-1,0
0038.txt,26,8098737382004005385,131,0,-1,-1,0,4,0,-1,-1,0
0038.txt,27,8098737382004005385,131,1,131,131,0,106,11,-1,-1,0
0038.txt,28,8098737382004005385,131,1,131,131,1,34,10,-1,-1,0
0038.txt,29,8098737382004005385,131,1,131,131,1,107,10,-1,-1,0
0038.txt,30,8098737382004005385,131,1,131,131,0,104,10,-1,-1,0
0038.txt,31,8098737382004005385,131,1,132,131,1,61,11,-1,-1,0
0038.txt,32,8098737382004005385,131,0,-1,-1,0,7,0,-1,-1,0
0038.txt,33,8098737382004005385,131,0,-1,-1,0,60,0,-1,-1,0
0038.txt,34,8098737382004005385,131,0,-1,-1,0,13,0,-1,-1,0
0038.txt,35,8098737382004005385,131,0,-1,-1,0,17,0,-1,-1,0
0038.txt,36,8098737382004005385,131,1,133,133,0,12,10,-1,-1,0
0038.txt,37,8098737382004005385,131,0,-1,-1,0,46,0,-1,-1,0
0038.txt,38,8098737382004005385,131,1,133,131,1,33,12,-1,-1,0
0038.txt,39,8098737382004005385,131,0,-1,-1,0,31,0,-1,-1,0
0038.txt,40,8098737382004005385,131,1,133,131,1,55,11,-1,-1,0
0038.txt,41,8098737382004005385,131,1,132,131,1,80,11,-1,-1,0
0038.txt,42,8098737382004005385,131,1,132,132,0,25,10,-1,-1,0
0038.txt,43,8098737382004005385,131,0,-1,-1,0,6,0,-1,-1,0
0038.txt,44,8098737382004005385,131,0,-1,-1,0,5,0,-1,-1,0
0038.txt,45,8098737382004005385,131,0,-1,-1,0,7,0,-1,-1,0
0038.txt,46,8098737382004005385,131,1,134,134,0,50,10,-1,-1,0
0038.txt,47,8098737382004005385,131,0,-1,-1,0,6,0,-1,-1,0
0038.txt,48,8098737382004005385,131,0,-1,-1,0,6,0,-1,-1,0
0038.txt,49,8098737382004005385,131,1,132,131,1,110,10,-1,-1,0
0038.txt,50,8098737382004005385,131,1,133,132,0,72,11,-1,-1,0
0038.txt,51,8098737382004005385,131,0,-1,-1,0,66,0,-1,-1,0
0038.txt,52,8098737382004005385,131,1,132,131,1,90,11,-1,-1,0
0038.txt,53,8098737382004005385,131,0,-1,-1,0,83,0,-1,-1,0
0038.txt,54,8098737382004005385,131,0,-1,-1,0,28,0,-1,-1,0
0038.txt,55,8098737382004005385,131,1,131,131,1,134,9,-1,-1,0
0038.txt,56,8098737382004005385,131,1,132,131,1,38,10,-1,-1,0
0038.txt,57,8098737382004005385,131,0,-1,-1,0,5,0,-1,-1,0
0038.txt,58,8098737382004005385,131,1,131,131,1,4,10,-1,-1,0
0038.txt,59,8098737382004005385,131,0,-1,-1,0,7,0,-1,-1,0
0038.txt,60,8098737382004005385,131,0,-1,-1,0,5,0,-1,-1,0
0038.txt,61,8098737382004005385,131,0,-1,-1,0,44,0,-1,-1,0
0038.txt,62,8098737382004005385,131,1,131,131,1,6,10,-1,-1,0
0038.txt,63,8098737382004005385,131,0,-1,-1,0,3,0,-1,-1,0
0039.txt,0,12788026567742390863,117,0,-1,-1,0,246,0,-1,-1,0
0039.txt,1,12788026567742390863,117,1,119,119,0,68,14,-1,-1,0
0039.txt,2,12788026567742390863,117,1,119,119,0,175,12,-1,-1,0
0039.txt,3,12788026567742390863,117,0,-1,-1,0,13,0,-1,-1,0
0039.txt,4,12788026567742390863,117,0,-1,-1,0,110,0,-1,-1,0
0039.txt,5,12788026567742390863,117,1,118,118,0,121,10,-1,-1,0
0039.txt,6,12788026567742390863,117,0,-1,-1,0,14,0,-1,-1,0
0039.txt,7,12788026567742390863,117,1,117,117,1,12,10,-1,-1,0
0039.txt,8,12788026567742390863,117,0,-1,-1,0,12,0,-1,-1,0
0039.txt,9,12788026567742390863,117,0,-1,-1,0,120,0,-1,-1,0
0039.txt,10,12788026567742390863,117,0,-1,-1,0,11,0,-1,-1,0
0039.txt,11,12788026567742390863,117,1,117,117,0,33,10,-1,-1,0
0039.txt,12,12788026567742390863,117,1,119,117,1,10,11,-1,-1,0
0039.txt,13,12788026567742390863,117,0,-1,-1,0,7,0,-1,-1,0
0039.txt,14,12788026567742390863,117,0,-1,-1,0,6,0,-1,-1,0
0039.txt,15,12788026567742390863,117,0,-1,-1,0,100,0,-1,-1,0
0039.txt,16,12788026567742390863,117,0,-1,-1,0,120,0,-1,-1,0
0039.txt,17,12788026567742390863,117,0,-1,-1,0,56,0,-1,-1,0
0039.txt,18,12788026567742390863,117,0,-1,-1,0,119,0,-1,-1,0
0039.txt,19,12788026567742390863,117,0,-1,-1,0,18,0,-1,-1,0
0039.txt,20,12788026567742390863,117,0,-1,-1,0,16,0,-1,-1,0
0039.txt,21,12788026567742390863,117,0,-1,-1,0,18,0,-1,-1,0
0039.txt,22,12788026567742390863,117,1,118,118,0,19,10,-1,-1,0
0039.txt,23,12788026567742390863,117,1,117,117,1,10,9,-1,-1,0
0039.txt,24,12788026567742390863,117,1,119,117,1,10,11,-1,-1,0
0039.txt,25,12788026567742390863,117,0,-1,-1,0,42,0,-1,-1,0
0039.txt,26,12788026567742390863,117,0,-1,-1,0,9,0,-1,-1,0
0039.txt,27,12788026567742390863,117,0,-1,-1,0,37,0,-1,-1,0
0039.txt,28,12788026567742390863,117,1,117,117,1,13,9,-1,-1,0
0039.txt,29,12788026567742390863,117,1,118,118,0,137,10,-1,-1,0
0039.txt,30,12788026567742390863,117,0,-1,-1,0,8,0,-1,-1,0
0039.txt,31,12788026567742390863,117,1,119,118,0,85,21,-1,-1,0
0039.txt,32,12788026567742390863,117,1,117,117,0,6,10,-1,-1,0
0039.txt,33,12788026567742390863,117,0,-1,-1,0,22,0,-1,-1,0
0039.txt,34,12788026567742390863,117,1,117,117,1,6,18,-1,-1,0
0039.txt,35,12788026567742390863,117,1,117,117,0,64,10,-1,-1,0
0039.txt,36,12788026567742390863,117,0,-1,-1,0,12,0,-1,-1,0
0039.txt,37,12788026567742390863,117,0,-1,-1,0,16,0,-1,-1,0
0039.txt,38,12788026567742390863,117,0,-1,-1,0,9,0,-1,-1,0
0039.txt,39,12788026567742390863,117,1,118,118,0,128,13,-1,-1,0
0039.txt,40,12788026567742390863,117,0,-1,-1,0,62,0,-1,-1,0
0039.txt,41,12788026567742390863,117,0,-1,-1,0,19,0,-1,-1,0
0039.txt,42,12788026567742390863,117,0,-1,-1,0,9,0,-1,-1,0
0039.txt,43,12788026567742390863,117,0,-1,-1,0,6,0,-1,-1,0
0039.txt,44,12788026567742390863,117,0,-1,-1,0,6,0,-1,-1,0
0039.txt,45,12788026567742390863,117,1,117,117,1,10,11,-1,-1,0
0039.txt,46,12788026567742390863,117,0,-1,-1,0,5,0,-1,-1,0
0039.txt,47,12788026567742390863,117,0,-1,-1,0,6,0,-1,-1,0
0039.txt,48,12788026567742390863,117,0,-1,-1,0,9,0,-1,-1,0
0039.txt,49,12788026567742390863,117,0,-1,-1,0,38,0,-1,-1,0
0039.txt,50,12788026567742390863,117,0,-1,-1,0,59,1,-1,-1,0
0039.txt,51,12788026567742390863,117,0,-1,-1,0,10,0,-1,-1,0
0039.txt,52,12788026567742390863,117,0,-1,-1,0,13,0,-1,-1,0
0039.txt,53,12788026567742390863,117,1,117,117,1,7,10,-1,-1,0
0039.txt,54,12788026567742390863,117,0,-1,-1,0,120,1,-1,-1,0
0039.txt,55,12788026567742390863,117,0,-1,-1,0,140,0,-1,-1,0
0039.txt,56,12788026567742390863,117,1,119,117,0,48,11,-1,-1,0
0039.txt,57,12788026567742390863,117,1,117,117,0,5,10,-1,-1,0
0039.txt,58,12788026567742390863,117,1,117,117,0,93,10,-1,-1,0
0039.txt,59,12788026567742390863,117,1,119,117,1,36,11,-1,-1,0
0039.txt,60,12788026567742390863,117,0,-1,-1,0,91,0,-1,-1,0
0039.txt,61,12788026567742390863,117,0,-1,-1,0,17,0,-1,-1,0
0039.txt,62,12788026567742390863,117,0,-1,-1,0,5,0,-1,-1,0
0039.txt,63,12788026567742390863,117,1,118,118,0,86,10,-1,-1,0
0040.txt,0,10020158616778800692,137,1,139,139,0,84,17,-1,-1,0
0040.txt,1,10020158616778800692,137,0,-1,-1,0,38,0,-1,-1,0
0040.txt,2,10020158616778800692,137,1,138,138,0,77,15,-1,-1,0
0040.txt,3,10020158616778800692,137,0,-1,-1,0,101,0,-1,-1,0
0040.txt,4,10020158616778800692,137,0,-1,-1,0,12,0,-1,-1,0
0040.txt,5,10020158616778800692,137,1,139,139,0,208,14,-1,-1,0
0040.txt,6,10020158616778800692,137,1,139,138,0,58,24,-1,-1,0
0040.txt,7,10020158616778800692,137,0,-1,-1,0,123,0,-1,-1,0
0040.txt,8,10020158616778800692,137,0,-1,-1,0,99,0,-1,-1,0
0040.txt,9,10020158616778800692,137,0,-1,-1,0,38,0,-1,-1,0
0040.txt,10,10020158616778800692,137,0,-1,-1,0,38,0,-1,-1,0
0040.txt,11,10020158616778800692,137,0,-1,-1,0,28,0,-1,-1,0
0040.txt,12,10020158616778800692,137,1,137,137,1,55,13,-1,-1,0
0040.txt,13,10020158616778800692,137,1,139,137,1,21,13,-1,-1,0
0040.txt,14,10020158616778800692,137,0,-1,-1,0,83,0,-1,-1,0
0040.txt,15,10020158616778800692,137,0,-1,-1,0,122,0,-1,-1,0
0040.txt,16,10020158616778800692,137,0,-1,-1,0,47,0,-1,-1,0
0040.txt,17,10020158616778800692,137,0,-1,-1,0,91,0,-1,-1,0
0040.txt,18,10020158616778800692,137,0,-1,-1,0,107,0,-1,-1,0
0040.txt,19,10020158616778800692,137,1,139,138,0,61,13,-1,-1,0
0040.txt,20,10020158616778800692,137,1,137,137,1,215,12,-1,-1,0
0040.txt,21,10020158616778800692,137,0,-1,-1,0,61,0,-1,-1,0
0040.txt,22,10020158616778800692,137,1,140,139,0,68,12,-1,-1,0
0040.txt,23,10020158616778800692,137,0,-1,-1,0,93,0,-1,-1,0
0040.txt,24,10020158616778800692,137,0,-1,-1,0,37,0,-1,-1,0
0040.txt,25,10020158616778800692,137,0,-1,-1,0,38,0,-1,-1,0
0040.txt,26,10020158616778800692,137,0,-1,-1,0,171,0,-1,-1,0
0040.txt,27,10020158616778800692,137,0,-1,-1,0,23,0,-1,-1,0
0040.txt,28,10020158616778800692,137,1,137,137,1,89,12,-1,-1,0
0040.txt,29,10020158616778800692,137,1,137,137,0,26,13,-1,-1,0
0040.txt,30,10020158616778800692,137,0,-1,-1,0,58,0,-1,-1,0
0040.txt,31,10020158616778800692,137,1,138,138,0,15,11,-1,-1,0
0040.txt,32,10020158616778800692,137,0,-1,-1,0,144,0,-1,-1,0
0040.txt,33,10020158616778800692,137,0,-1,-1,0,52,0,-1,-1,0
0040.txt,34,10020158616778800692,137,0,-1,-1,0,36,0,-1,-1,0
0040.txt,35,10020158616778800692,137,1,140,139,0,167,13,-1,-1,0
0040.txt,36,10020158616778800692,137,1,139,137,1,22,12,-1,-1,0
0040.txt,37,10020158616778800692,137,0,-1,-1,0,60,0,-1,-1,0
0040.txt,38,10020158616778800692,137,1,138,138,0,65,12,-1,-1,0
0040.txt,39,10020158616778800692,137,0,-1,-1,0,42,0,-1,-1,0
0040.txt,40,10020158616778800692,137,0,-1,-1,0,152,0,-1,-1,0
0040.txt,41,10020158616778800692,137,1,137,137,1,68,11,-1,-1,0
0040.txt,42,10020158616778800692,137,0,-1,-1,0,76,1,-1,-1,0
0040.txt,43,10020158616778800692,137,1,140,139,0,146,12,-1,-1,0
0040.txt,44,10020158616778800692,137,0,-1,-1,0,70,0,-1,-1,0
0040.txt,45,10020158616778800692,137,0,-1,-1,0,28,0,-1,-1,0
0040.txt,46,10020158616778800692,137,1,139,138,0,125,12,-1,-1,0
0040.txt,47,10020158616778800692,137,1,140,139,0,33,12,-1,-1,0
0040.txt,48,10020158616778800692,137,0,-1,-1,0,113,0,-1,-1,0
0040.txt,49,10020158616778800692,137,1,138,137,1,122,12,-1,-1,0
0040.txt,50,10020158616778800692,137,1,139,139,0,143,14,-1,-1,0
0040.txt,51,10020158616778800692,137,1,140,139,0,185,13,-1,-1,0
0040.txt,52,10020158616778800692,137,1,138,138,0,15,12,-1,-1,0
0040.txt,53,10020158616778800692,137,1,140,139,0,110,12,-1,-1,0
0040.txt,54,10020158616778800692,137,1,139,137,1,22,12,-1,-1,0
0040.txt,55,10020158616778800692,137,1,139,137,1,86,12,-1,-1,0
0040.txt,56,10020158616778800692,137,0,-1,-1,0,1,0,-1,-1,0
0040.txt,57,10020158616778800692,137,0,-1,-1,0,5,0,-1,-1,0
0040.txt,58,10020158616778800692,137,1,140,139,0,187,12,-1,-1,0
0040.txt,59,10020158616778800692,137,1,138,137,1,89,11,-1,-1,0
0040.txt,60,10020158616778800692,137,1,140,138,0,141,12,-1,-1,0
0040.txt,61,10020158616778800692,137,0,-1,-1,0,40,0,-1,-1,0
0040.txt,62,10020158616778800692,137,0,-1,-1,0,196,0,-1,-1,0
0040.txt,63,10020158616778800692,137,1,138,137,1,77,12,-1,-1,0
0041.txt,0,10731582329772215936,92,1,94,92,1,41,9,-1,-1,0
0041.txt,1,10731582329772215936,92,1,95,95,0,43,7,-1,-1,0
0041.txt,2,10731582329772215936,92,1,94,92,1,64,7,-1,-1,0
0041.txt,3,10731582329772215936,92,0,-1,-1,0,9,0,-1,-1,0
0041.txt,4,10731582329772215936,92,1,92,92,1,123,7,-1,-1,0
0041.txt,5,10731582329772215936,92,0,-1,-1,0,27,0,-1,-1,0
0041.txt,6,10731582329772215936,92,1,93,92,1,68,7,-1,-1,0
0041.txt,7,10731582329772215936,92,0,-1,-1,0,33,0,-1,-1,0
0041.txt,8,10731582329772215936,92,1,94,92,1,94,7,-1,-1,0
0041.txt,9,10731582329772215936,92,1,93,93,0,32,7,-1,-1,0
0041.txt,10,10731582329772215936,92,1,92,92,1,70,7,-1,-1,0
0041.txt,11,10731582329772215936,92,1,95,94,0,99,8,-1,-1,0
0041.txt,12,10731582329772215936,92,1,95,92,1,52,8,-1,-1,0
0041.txt,13,10731582329772215936,92,0,-1,-1,0,42,0,-1,-1,0
0041.txt,14,10731582329772215936,92,1,94,94,0,33,7,-1,-1,0
0041.txt,15,10731582329772215936,92,1,93,92,1,63,7,-1,-1,0
0041.txt,16,10731582329772215936,92,0,-1,-1,0,48,0,-1,-1,0
0041.txt,17,10731582329772215936,92,0,-1,-1,0,50,0,-1,-1,0
0041.txt,18,10731582329772215936,92,0,-1,-1,0,29,0,-1,-1,0
0041.txt,19,10731582329772215936,92,1,93,93,0,71,6,-1,-1,0
0041.txt,20,10731582329772215936,92,0,-1,-1,0,61,0,-1,-1,0
0041.txt,21,10731582329772215936,92,1,92,92,1,5,7,-1,-1,0
0041.txt,22,10731582329772215936,92,0,-1,-1,0,23,0,-1,-1,0
0041.txt,23,10731582329772215936,92,1,92,92,1,32,7,-1,-1,0
0041.txt,24,10731582329772215936,92,1,95,95,0,41,7,-1,-1,0
0041.txt,25,10731582329772215936,92,0,-1,-1,0,76,0,-1,-1,0
0041.txt,26,10731582329772215936,92,1,94,94,0,8,7,-1,-1,0
0041.txt,27,10731582329772215936,92,0,-1,-1,0,23,0,-1,-1,0
0041.txt,28,10731582329772215936,92,0,-1,-1,0,7,0,-1,-1,0
0041.txt,29,10731582329772215936,92,1,95,94,0,82,8,-1,-1,0
0041.txt,30,10731582329772215936,92,1,92,92,1,63,7,-1,-1,0
0041.txt,31,10731582329772215936,92,0,-1,-1,0,37,0,-1,-1,0
0041.txt,32,10731582329772215936,92,1,92,92,1,39,6,-1,-1,0
0041.txt,33,10731582329772215936,92,1,92,92,1,19,6,-1,-1,0
0041.txt,34,10731582329772215936,92,1,95,93,0,64,8,-1,-1,0
0041.txt,35,10731582329772215936,92,0,-1,-1,0,9,0,-1,-1,0
0041.txt,36,10731582329772215936,92,1,95,94,0,76,8,-1,-1,0
0041.txt,37,10731582329772215936,92,1,93,93,0,35,7,-1,-1,0
0041.txt,38,10731582329772215936,92,1,94,94,0,91,7,-1,-1,0
0041.txt,39,10731582329772215936,92,0,-1,-1,0,78,0,-1,-1,0
0041.txt,40,10731582329772215936,92,1,94,94,0,139,7,-1,-1,0
0041.txt,41,10731582329772215936,92,1,93,92,1,51,7,-1,-1,0
0041.txt,42,10731582329772215936,92,0,-1,-1,0,29,1,-1,-1,0
0041.txt,43,10731582329772215936,92,1,93,92,1,10,7,-1,-1,0
0041.txt,44,10731582329772215936,92,1,95,95,0,98,7,-1,-1,0
0041.txt,45,10731582329772215936,92,1,92,92,1,79,6,-1,-1,0
0041.txt,46,10731582329772215936,92,1,94,94,0,116,7,-1,-1,0
0041.txt,47,10731582329772215936,92,0,-1,-1,0,28,0,-1,-1,0
0041.txt,48,10731582329772215936,92,1,94,92,1,42,7,-1,-1,0
0041.txt,49,10731582329772215936,92,0,-1,-1,0,7,0,-1,-1,0
0041.txt,50,10731582329772215936,92,1,94,92,1,39,8,-1,-1,0
0041.txt,51,10731582329772215936,92,1,95,94,0,56,7,-1,-1,0
0041.txt,52,10731582329772215936,92,1,95,95,0,41,7,-1,-1,0
0041.txt,53,10731582329772215936,92,1,94,93,0,38,8,-1,-1,0
0041.txt,54,10731582329772215936,92,0,-1,-1,0,52,0,-1,-1,0
0041.txt,55,10731582329772215936,92,0,-1,-1,0,50,0,-1,-1,0
0041.txt,56,10731582329772215936,92,0,-1,-1,0,29,0,-1,-1,0
0041.txt,57,10731582329772215936,92,1,94,94,0,156,6,-1,-1,0
0041.txt,58,10731582329772215936,92,0,-1,-1,0,184,0,-1,-1,0
0041.txt,59,10731582329772215936,92,1,94,92,0,39,7,-1,-1,0
0041.txt,60,10731582329772215936,92,1,93,92,1,26,7,-1,-1,0
0041.txt,61,10731582329772215936,92,1,92,92,1,75,7,-1,-1,0
0041.txt,62,10731582329772215936,92,0,-1,-1,0,69,0,-1,-1,0
0041.txt,63,10731582329772215936,92,0,-1,-1,0,44,0,-1,-1,0
0042.txt,0,5472720720034447420,324,0,-1,-1,0,24,0,-1,-1,0
0042.txt,1,5472720720034447420,324,1,324,324,0,87,31,-1,-1,0
0042.txt,2,5472720720034447420,324,1,325,324,1,301,30,-1,-1,0
0042.txt,3,5472720720034447420,324,0,-1,-1,0,103,0,-1,-1,0
0042.txt,4,5472720720034447420,324,0,-1,-1,0,22,0,-1,-1,0
0042.txt,5,5472720720034447420,324,0,-1,-1,0,71,0,-1,-1,0
0042.txt,6,5472720720034447420,324,1,325,325,0,126,31,-1,-1,0
0042.txt,7,5472720720034447420,324,0,-1,-1,0,21,0,-1,-1,0
0042.txt,8,5472720720034447420,324,0,-1,-1,0,18,0,-1,-1,0
0042.txt,9,5472720720034447420,324,0,-1,-1,0,61,0,-1,-1,0
0042.txt,10,5472720720034447420,324,1,326,326,0,273,33,-1,-1,0
0042.txt,11,5472720720034447420,324,1,326,324,1,97,30,-1,-1,0
0042.txt,12,5472720720034447420,324,0,-1,-1,0,17,0,-1,-1,0
0042.txt,13,5472720720034447420,324,1,325,324,1,223,28,-1,-1,0
0042.txt,14,5472720720034447420,324,1,325,324,1,179,27,-1,-1,0
0042.txt,15,5472720720034447420,324,0,-1,-1,0,20,0,-1,-1,0
0042.txt,16,5472720720034447420,324,0,-1,-1,0,13,0,-1,-1,0
0042.txt,17,5472720720034447420,324,1,325,324,1,48,26,-1,-1,0
0042.txt,18,5472720720034447420,324,0,-1,-1,0,45,0,-1,-1,0
0042.txt,19,5472720720034447420,324,1,326,324,1,195,26,-1,-1,0
0042.txt,20,5472720720034447420,324,0,-1,-1,0,82,0,-1,-1,0
0042.txt,21,5472720720034447420,324,0,-1,-1,0,27,0,-1,-1,0
0042.txt,22,5472720720034447420,324,0,-1,-1,0,101,0,-1,-1,0
0042.txt,23,5472720720034447420,324,0,-1,-1,0,417,0,-1,-1,0
0042.txt,24,5472720720034447420,324,1,326,325,0,86,26,-1,-1,0
0042.txt,25,5472720720034447420,324,0,-1,-1,0,11,0,-1,-1,0
0042.txt,26,5472720720034447420,324,1,324,324,1,8,25,-1,-1,0
0042.txt,27,5472720720034447420,324,0,-1,-1,0,28,0,-1,-1,0
0042.txt,28,5472720720034447420,324,0,-1,-1,0,12,0,-1,-1,0
0042.txt,29,5472720720034447420,324,0,-1,-1,0,18,0,-1,-1,0
0042.txt,30,5472720720034447420,324,0,-1,-1,0,156,0,-1,-1,0
0042.txt,31,5472720720034447420,324,0,-1,-1,0,21,0,-1,-1,0
0042.txt,32,5472720720034447420,324,1,325,324,1,89,25,-1,-1,0
0042.txt,33,5472720720034447420,324,0,-1,-1,0,143,0,-1,-1,0
0042.txt,34,5472720720034447420,324,0,-1,-1,0,12,0,-1,-1,0
0042.txt,35,5472720720034447420,324,0,-1,-1,0,128,0,-1,-1,0
0042.txt,36,5472720720034447420,324,0,-1,-1,0,10,0,-1,-1,0
0042.txt,37,5472720720034447420,324,0,-1,-1,0,22,0,-1,-1,0
0042.txt,38,5472720720034447420,324,0,-1,-1,0,70,0,-1,-1,0
0042.txt,39,5472720720034447420,324,1,324,324,1,64,25,-1,-1,0
0042.txt,40,5472720720034447420,324,1,326,324,1,84,25,-1,-1,0
0042.txt,41,5472720720034447420,324,0,-1,-1,0,112,0,-1,-1,0
0042.txt,42,5472720720034447420,324,1,327,325,0,240,26,-1,-1,0
0042.txt,43,5472720720034447420,324,0,-1,-1,0,231,0,-1,-1,0
0042.txt,44,5472720720034447420,324,0,-1,-1,0,12,0,-1,-1,0
0042.txt,45,5472720720034447420,324,0,-1,-1,0,22,0,-1,-1,0
0042.txt,46,5472720720034447420,324,0,-1,-1,0,39,0,-1,-1,0
0042.txt,47,5472720720034447420,324,0,-1,-1,0,303,0,-1,-1,0
0042.txt,48,5472720720034447420,324,1,326,324,1,173,28,-1,-1,0
0042.txt,49,5472720720034447420,324,0,-1,-1,0,21,0,-1,-1,0
0042.txt,50,5472720720034447420,324,0,-1,-1,0,135,0,-1,-1,0
0042.txt,51,5472720720034447420,324,0,-1,-1,0,140,0,-1,-1,0
0042.txt,52,5472720720034447420,324,1,325,324,0,209,27,-1,-1,0
0042.txt,53,5472720720034447420,324,0,-1,-1,0,1,0,-1,-1,0
0042.txt,54,5472720720034447420,324,0,-1,-1,0,11,0,-1,-1,0
0042.txt,55,5472720720034447420,324,0,-1,-1,0,16,0,-1,-1,0
0042.txt,56,5472720720034447420,324,1,326,325,0,252,27,-1,-1,0
0042.txt,57,5472720720034447420,324,0,-1,-1,0,19,0,-1,-1,0
0042.txt,58,5472720720034447420,324,0,-1,-1,0,361,0,-1,-1,0
0042.txt,59,5472720720034447420,324,0,-1,-1,0,120,0,-1,-1,0
0042.txt,60,5472720720034447420,324,0,-1,-1,0,187,0,-1,-1,0
0042.txt,61,5472720720034447420,324,0,-1,-1,0,84,0,-1,-1,0
0042.txt,62,5472720720034447420,324,0,-1,-1,0,16,0,-1,-1,0
0042.txt,63,5472720720034447420,324,0,-1,-1,0,33,0,-1,-1,0
0043.txt,0,7054300525446097000,169,1,171,169,1,97,22,-1,-1,0
0043.txt,1,7054300525446097000,169,0,-1,-1,0,110,0,-1,-1,0
0043.txt,2,7054300525446097000,169,0,-1,-1,0,40,1,-1,-1,0
0043.txt,3,7054300525446097000,169,0,-1,-1,0,63,0,-1,-1,0
0043.txt,4,7054300525446097000,169,0,-1,-1,0,25,0,-1,-1,0
0043.txt,5,7054300525446097000,169,0,-1,-1,0,6,0,-1,-1,0
0043.txt,6,7054300525446097000,169,0,-1,-1,0,18,0,-1,-1,0
0043.txt,7,7054300525446097000,169,1,169,169,0,105,18,-1,-1,0
0043.txt,8,7054300525446097000,169,1,171,169,0,191,17,-1,-1,0
0043.txt,9,7054300525446097000,169,0,-1,-1,0,122,0,-1,-1,0
0043.txt,10,7054300525446097000,169,0,-1,-1,0,44,0,-1,-1,0
0043.txt,11,7054300525446097000,169,1,172,170,0,197,17,-1,-1,0
0043.txt,12,7054300525446097000,169,1,169,169,1,23,17,-1,-1,0
0043.txt,13,7054300525446097000,169,0,-1,-1,0,39,1,-1,-1,0
0043.txt,14,7054300525446097000,169,0,-1,-1,0,24,0,-1,-1,0
0043.txt,15,7054300525446097000,169,0,-1,-1,0,6,0,-1,-1,0
0043.txt,16,7054300525446097000,169,1,171,169,0,175,16,-1,-1,0
0043.txt,17,7054300525446097000,169,0,-1,-1,0,54,0,-1,-1,0
0043.txt,18,7054300525446097000,169,0,-1,-1,0,23,1,-1,-1,0
0043.txt,19,7054300525446097000,169,0,-1,-1,0,87,0,-1,-1,0
0043.txt,20,7054300525446097000,169,0,-1,-1,0,34,0,-1,-1,0
0043.txt,21,7054300525446097000,169,1,170,170,0,213,17,-1,-1,0
0043.txt,22,7054300525446097000,169,1,169,169,0,168,15,-1,-1,0
0043.txt,23,7054300525446097000,169,0,-1,-1,0,168,0,-1,-1,0
0043.txt,24,7054300525446097000,169,1,171,169,0,98,17,-1,-1,0
0043.txt,25,7054300525446097000,169,0,-1,-1,0,53,0,-1,-1,0
0043.txt,26,7054300525446097000,169,0,-1,-1,0,51,0,-1,-1,0
0043.txt,27,7054300525446097000,169,1,172,169,1,62,15,-1,-1,0
0043.txt,28,7054300525446097000,169,0,-1,-1,0,57,0,-1,-1,0
0043.txt,29,7054300525446097000,169,1,170,170,0,180,16,-1,-1,0
0043.txt,30,7054300525446097000,169,1,172,169,0,55,15,-1,-1,0
0043.txt,31,7054300525446097000,169,1,169,169,1,119,14,-1,-1,0
0043.txt,32,7054300525446097000,169,1,169,169,1,44,14,-1,-1,0
0043.txt,33,7054300525446097000,169,0,-1,-1,0,24,0,-1,-1,0
0043.txt,34,7054300525446097000,169,0,-1,-1,0,1,0,-1,-1,0
0043.txt,35,7054300525446097000,169,1,170,169,0,191,15,-1,-1,0
0043.txt,36,7054300525446097000,169,0,-1,-1,0,129,0,-1,-1,0
0043.txt,37,7054300525446097000,169,0,-1,-1,0,22,0,-1,-1,0
0043.txt,38,7054300525446097000,169,0,-1,-1,0,77,0,-1,-1,0
0043.txt,39,7054300525446097000,169,0,-1,-1,0,9,0,-1,-1,0
0043.txt,40,7054300525446097000,169,0,-1,-1,0,72,0,-1,-1,0
0043.txt,41,7054300525446097000,169,0,-1,-1,0,47,0,-1,-1,0
0043.txt,42,7054300525446097000,169,1,170,169,1,57,14,-1,-1,0
0043.txt,43,7054300525446097000,169,1,172,172,0,54,15,-1,-1,0
0043.txt,44,7054300525446097000,169,0,-1,-1,0,6,0,-1,-1,0
0043.txt,45,7054300525446097000,169,1,172,172,0,80,15,-1,-1,0
0043.txt,46,7054300525446097000,169,0,-1,-1,0,5,0,-1,-1,0
0043.txt,47,7054300525446097000,169,0,-1,-1,0,6,0,-1,-1,0
0043.txt,48,7054300525446097000,169,1,172,169,1,73,15,-1,-1,0
0043.txt,49,7054300525446097000,169,1,171,169,0,61,14,-1,-1,0
0043.txt,50,7054300525446097000,169,1,169,169,1,89,13,-1,-1,0
0043.txt,51,7054300525446097000,169,1,171,170,0,124,15,-1,-1,0
0043.txt,52,7054300525446097000,169,0,-1,-1,0,30,0,-1,-1,0
0043.txt,53,7054300525446097000,169,1,169,169,1,27,14,-1,-1,0
0043.txt,54,7054300525446097000,169,1,172,169,1,28,15,-1,-1,0
0043.txt,55,7054300525446097000,169,1,172,170,0,37,15,-1,-1,0
0043.txt,56,7054300525446097000,169,1,170,169,1,55,13,-1,-1,0
0043.txt,57,7054300525446097000,169,0,-1,-1,0,3,0,-1,-1,0
0043.txt,58,7054300525446097000,169,1,171,169,0,111,14,-1,-1,0
0043.txt,59,7054300525446097000,169,0,-1,-1,0,6,0,-1,-1,0
0043.txt,60,7054300525446097000,169,1,171,169,1,52,13,-1,-1,0
0043.txt,61,7054300525446097000,169,0,-1,-1,0,15,0,-1,-1,0
0043.txt,62,7054300525446097000,169,1,171,169,1,29,14,-1,-1,0
0043.txt,63,7054300525446097000,169,1,169,169,0,103,14,-1,-1,0
0044.txt,0,3816872412427365353,182,0,-1,-1,0,61,0,-1,-1,0
0044.txt,1,3816872412427365353,182,0,-1,-1,0,35,0,-1,-1,0
0044.txt,2,3816872412427365353,182,1,184,184,0,219,17,-1,-1,0
0044.txt,3,3816872412427365353,182,1,182,182,1,143,16,-1,-1,0
0044.txt,4,3816872412427365353,182,1,183,183,0,49,14,-1,-1,0
0044.txt,5,3816872412427365353,182,1,182,182,1,147,14,-1,-1,0
0044.txt,6,3816872412427365353,182,1,183,182,0,184,14,-1,-1,0
0044.txt,7,3816872412427365353,182,1,183,183,0,8,14,-1,-1,0
0044.txt,8,3816872412427365353,182,0,-1,-1,0,158,0,-1,-1,0
0044.txt,9,3816872412427365353,182,1,185,183,0,87,15,-1,-1,0
0044.txt,10,3816872412427365353,182,0,-1,-1,0,173,0,-1,-1,0
0044.txt,11,3816872412427365353,182,0,-1,-1,0,114,0,-1,-1,0
0044.txt,12,3816872412427365353,182,1,185,184,0,123,15,-1,-1,0
0044.txt,13,3816872412427365353,182,0,-1,-1,0,7,0,-1,-1,0
0044.txt,14,3816872412427365353,182,0,-1,-1,0,10,0,-1,-1,0
0044.txt,15,3816872412427365353,182,1,183,183,0,179,14,-1,-1,0
0044.txt,16,3816872412427365353,182,1,182,182,1,161,13,-1,-1,0
0044.txt,17,3816872412427365353,182,0,-1,-1,0,13,0,-1,-1,0
0044.txt,18,3816872412427365353,182,0,-1,-1,0,12,0,-1,-1,0
0044.txt,19,3816872412427365353,182,1,182,182,0,17,13,-1,-1,0
0044.txt,20,3816872412427365353,182,1,182,182,1,44,14,-1,-1,0
0044.txt,21,3816872412427365353,182,1,182,182,0,93,13,-1,-1,0
0044.txt,22,3816872412427365353,182,0,-1,-1,0,7,0,-1,-1,0
0044.txt,23,3816872412427365353,182,1,185,184,0,150,15,-1,-1,0
0044.txt,24,3816872412427365353,182,1,182,182,0,76,14,-1,-1,0
0044.txt,25,3816872412427365353,182,0,-1,-1,0,91,0,-1,-1,0
0044.txt,26,3816872412427365353,182,0,-1,-1,0,95,0,-1,-1,0
0044.txt,27,3816872412427365353,182,0,-1,-1,0,8,0,-1,-1,0
0044.txt,28,3816872412427365353,182,0,-1,-1,0,10,0,-1,-1,0
0044.txt,29,3816872412427365353,182,1,185,183,0,120,15,-1,-1,0
0044.txt,30,3816872412427365353,182,1,183,183,0,173,15,-1,-1,0
0044.txt,31,3816872412427365353,182,0,-1,-1,0,100,0,-1,-1,0
0044.txt,32,3816872412427365353,182,0,-1,-1,0,8,0,-1,-1,0
0044.txt,33,3816872412427365353,182,0,-1,-1,0,224,0,-1,-1,0
0044.txt,34,3816872412427365353,182,0,-1,-1,0,12,0,-1,-1,0
0044.txt,35,3816872412427365353,182,1,184,182,0,68,15,-1,-1,0
0044.txt,36,3816872412427365353,182,1,182,182,1,34,14,-1,-1,0
0044.txt,37,3816872412427365353,182,1,182,182,1,143,14,-1,-1,0
0044.txt,38,3816872412427365353,182,1,185,182,1,56,15,-1,-1,0
0044.txt,39,3816872412427365353,182,0,-1,-1,0,9,0,-1,-1,0
0044.txt,40,3816872412427365353,182,0,-1,-1,0,56,0,-1,-1,0
0044.txt,41,3816872412427365353,182,1,182,182,0,25,14,-1,-1,0
0044.txt,42,3816872412427365353,182,1,182,182,1,133,13,-1,-1,0
0044.txt,43,3816872412427365353,182,0,-1,-1,0,110,0,-1,-1,0
0044.txt,44,3816872412427365353,182,1,182,182,1,46,14,-1,-1,0
0044.txt,45,3816872412427365353,182,0,-1,-1,0,14,1,-1,-1,0
0044.txt,46,3816872412427365353,182,0,-1,-1,0,118,0,-1,-1,0
0044.txt,47,3816872412427365353,182,1,185,185,0,95,14,-1,-1,0
0044.txt,48,3816872412427365353,182,1,185,182,1,70,15,-1,-1,0
0044.txt,49,3816872412427365353,182,1,184,184,0,79,14,-1,-1,0
0044.txt,50,3816872412427365353,182,0,-1,-1,0,13,0,-1,-1,0
0044.txt,51,3816872412427365353,182,1,182,182,0,87,14,-1,-1,0
0044.txt,52,3816872412427365353,182,0,-1,-1,0,33,0,-1,-1,0
0044.txt,53,3816872412427365353,182,0,-1,-1,0,85,0,-1,-1,0
0044.txt,54,3816872412427365353,182,1,183,182,0,156,14,-1,-1,0
0044.txt,55,3816872412427365353,182,1,185,184,0,64,15,-1,-1,0
0044.txt,56,3816872412427365353,182,0,-1,-1,0,8,0,-1,-1,0
0044.txt,57,3816872412427365353,182,0,-1,-1,0,58,0,-1,-1,0
0044.txt,58,3816872412427365353,182,1,182,182,0,18,14,-1,-1,0
0044.txt,59,3816872412427365353,182,0,-1,-1,0,15,0,-1,-1,0
0044.txt,60,3816872412427365353,182,0,-1,-1,0,5,0,-1,-1,0
0044.txt,61,3816872412427365353,182,1,183,183,0,74,14,-1,-1,0
0044.txt,62,3816872412427365353,182,1,182,182,1,19,14,-1,-1,0
0044.txt,63,3816872412427365353,182,0,-1,-1,0,47,0,-1,-1,0
0045.txt,0,9933282468194992457,204,1,207,205,0,69,19,-1,-1,0
0045.txt,1,9933282468194992457,204,1,207,204,1,82,17,-1,-1,0
0045.txt,2,9933282468194992457,204,1,206,204,0,32,15,-1,-1,0
0045.txt,3,9933282468194992457,204,1,207,205,0,199,16,-1,-1,0
0045.txt,4,9933282468194992457,204,0,-1,-1,0,18,0,-1,-1,0
0045.txt,5,9933282468194992457,204,1,204,204,1,23,15,-1,-1,0
0045.txt,6,9933282468194992457,204,1,207,206,0,72,16,-1,-1,0
0045.txt,7,9933282468194992457,204,1,204,204,0,63,15,-1,-1,0
0045.txt,8,9933282468194992457,204,0,-1,-1,0,25,0,-1,-1,0
0045.txt,9,9933282468194992457,204,0,-1,-1,0,8,0,-1,-1,0
0045.txt,10,9933282468194992457,204,0,-1,-1,0,9,0,-1,-1,0
0045.txt,11,9933282468194992457,204,1,206,206,0,169,15,-1,-1,0
0045.txt,12,9933282468194992457,204,0,-1,-1,0,147,0,-1,-1,0
0045.txt,13,9933282468194992457,204,0,-1,-1,0,1,0,-1,-1,0
0045.txt,14,9933282468194992457,204,1,204,204,1,5,13,-1,-1,0
0045.txt,15,9933282468194992457,204,1,206,206,0,54,15,-1,-1,0
0045.txt,16,9933282468194992457,204,1,205,204,0,103,15,-1,-1,0
0045.txt,17,9933282468194992457,204,1,206,206,0,177,15,-1,-1,0
0045.txt,18,9933282468194992457,204,1,204,204,1,23,14,-1,-1,0
0045.txt,19,9933282468194992457,204,1,205,204,0,153,14,-1,-1,0
0045.txt,20,9933282468194992457,204,0,-1,-1,0,12,0,-1,-1,0
0045.txt,21,9933282468194992457,204,1,204,204,0,78,14,-1,-1,0
0045.txt,22,9933282468194992457,204,1,204,204,1,23,13,-1,-1,0
0045.txt,23,9933282468194992457,204,0,-1,-1,0,1,0,-1,-1,0
0045.txt,24,9933282468194992457,204,0,-1,-1,0,53,0,-1,-1,0
0045.txt,25,9933282468194992457,204,1,204,204,1,31,14,-1,-1,0
0045.txt,26,9933282468194992457,204,1,204,204,1,58,16,-1,-1,0
0045.txt,27,9933282468194992457,204,0,-1,-1,0,9,0,-1,-1,0
0045.txt,28,9933282468194992457,204,1,204,204,1,30,14,-1,-1,0
0045.txt,29,9933282468194992457,204,0,-1,-1,0,6,0,-1,-1,0
0045.txt,30,9933282468194992457,204,0,-1,-1,0,27,0,-1,-1,0
0045.txt,31,9933282468194992457,204,1,204,204,0,74,14,-1,-1,0
0045.txt,32,9933282468194992457,204,1,205,204,1,80,15,-1,-1,0
0045.txt,33,9933282468194992457,204,0,-1,-1,0,117,0,-1,-1,0
0045.txt,34,9933282468194992457,204,0,-1,-1,0,10,0,-1,-1,0
0045.txt,35,9933282468194992457,204,0,-1,-1,0,43,0,-1,-1,0
0045.txt,36,9933282468194992457,204,0,-1,-1,0,10,0,-1,-1,0
0045.txt,37,9933282468194992457,204,1,204,204,1,91,14,-1,-1,0
0045.txt,38,9933282468194992457,204,0,-1,-1,0,48,0,-1,-1,0
0045.txt,39,9933282468194992457,204,0,-1,-1,0,7,0,-1,-1,0
0045.txt,40,9933282468194992457,204,0,-1,-1,0,10,0,-1,-1,0
0045.txt,41,9933282468194992457,204,1,204,204,1,31,14,-1,-1,0
0045.txt,42,9933282468194992457,204,1,206,206,0,56,15,-1,-1,0
0045.txt,43,9933282468194992457,204,0,-1,-1,0,4,0,-1,-1,0
0045.txt,44,9933282468194992457,204,0,-1,-1,0,30,0,-1,-1,0
0045.txt,45,9933282468194992457,204,1,207,204,0,90,15,-1,-1,0
0045.txt,46,9933282468194992457,204,0,-1,-1,0,56,0,-1,-1,0
0045.txt,47,9933282468194992457,204,0,-1,-1,0,247,0,-1,-1,0
0045.txt,48,9933282468194992457,204,0,-1,-1,0,82,0,-1,-1,0
0045.txt,49,9933282468194992457,204,0,-1,-1,0,9,0,-1,-1,0
0045.txt,50,9933282468194992457,204,0,-1,-1,0,141,0,-1,-1,0
0045.txt,51,9933282468194992457,204,1,204,204,0,130,14,-1,-1,0
0045.txt,52,9933282468194992457,204,1,207,204,1,46,15,-1,-1,0
0045.txt,53,9933282468194992457,204,0,-1,-1,0,81,0,-1,-1,0
0045.txt,54,9933282468194992457,204,1,206,204,1,18,15,-1,-1,0
0045.txt,55,9933282468194992457,204,0,-1,-1,0,114,0,-1,-1,0
0045.txt,56,9933282468194992457,204,0,-1,-1,0,117,0,-1,-1,0
0045.txt,57,9933282468194992457,204,1,206,204,0,134,14,-1,-1,0
0045.txt,58,9933282468194992457,204,1,205,204,0,139,14,-1,-1,0
0045.txt,59,9933282468194992457,204,1,205,204,1,30,15,-1,-1,0
0045.txt,60,9933282468194992457,204,0,-1,-1,0,121,0,-1,-1,0
0045.txt,61,9933282468194992457,204,0,-1,-1,0,198,0,-1,-1,0
0045.txt,62,9933282468194992457,204,1,204,204,0,124,15,-1,-1,0
0045.txt,63,9933282468194992457,204,1,206,204,1,17,14,-1,-1,0
0046.txt,0,7153189703913835808,149,1,149,149,1,37,13,-1,-1,0
0046.txt,1,7153189703913835808,149,1,151,151,0,33,11,-1,-1,0
0046.txt,2,7153189703913835808,149,0,-1,-1,0,105,0,-1,-1,0
0046.txt,3,7153189703913835808,149,1,151,151,0,51,11,-1,-1,0
0046.txt,4,7153189703913835808,149,1,149,149,1,47,10,-1,-1,0
0046.txt,5,7153189703913835808,149,1,149,149,1,80,11,-1,-1,0
0046.txt,6,7153189703913835808,149,0,-1,-1,0,7,0,-1,-1,0
0046.txt,7,7153189703913835808,149,0,-1,-1,0,10,0,-1,-1,0
0046.txt,8,7153189703913835808,149,1,149,149,1,69,10,-1,-1,0
0046.txt,9,7153189703913835808,149,1,151,149,0,59,11,-1,-1,0
0046.txt,10,7153189703913835808,149,0,-1,-1,0,40,0,-1,-1,0
0046.txt,11,7153189703913835808,149,1,151,149,0,79,11,-1,-1,0
0046.txt,12,7153189703913835808,149,0,-1,-1,0,55,0,-1,-1,0
0046.txt,13,7153189703913835808,149,1,151,149,0,63,11,-1,-1,0
0046.txt,14,7153189703913835808,149,1,152,150,0,57,11,-1,-1,0
0046.txt,15,7153189703913835808,149,1,150,149,0,204,10,-1,-1,0
0046.txt,16,7153189703913835808,149,1,149,149,0,10,10,-1,-1,0
0046.txt,17,7153189703913835808,149,1,152,149,1,50,12,-1,-1,0
0046.txt,18,7153189703913835808,149,1,149,149,1,4,11,-1,-1,0
0046.txt,19,7153189703913835808,149,0,-1,-1,0,64,0,-1,-1,0
0046.txt,20,7153189703913835808,149,1,149,149,0,8,10,-1,-1,0
0046.txt,21,7153189703913835808,149,0,-1,-1,0,47,0,-1,-1,0
0046.txt,22,7153189703913835808,149,1,149,149,1,35,10,-1,-1,0
0046.txt,23,7153189703913835808,149,0,-1,-1,0,17,0,-1,-1,0
0046.txt,24,7153189703913835808,149,0,-1,-1,0,8,0,-1,-1,0
0046.txt,25,7153189703913835808,149,0,-1,-1,0,60,0,-1,-1,0
0046.txt,26,7153189703913835808,149,1,150,150,0,152,10,-1,-1,0
0046.txt,27,7153189703913835808,149,1,151,151,0,46,11,-1,-1,0
0046.txt,28,7153189703913835808,149,0,-1,-1,0,8,0,-1,-1,0
0046.txt,29,7153189703913835808,149,0,-1,-1,0,43,0,-1,-1,0
0046.txt,30,7153189703913835808,149,1,151,150,0,71,11,-1,-1,0
0046.txt,31,7153189703913835808,149,0,-1,-1,0,19,0,-1,-1,0
0046.txt,32,7153189703913835808,149,1,150,150,0,95,10,-1,-1,0
0046.txt,33,7153189703913835808,149,1,150,149,1,73,11,-1,-1,0
0046.txt,34,7153189703913835808,149,1,151,150,0,41,10,-1,-1,0
0046.txt,35,7153189703913835808,149,0,-1,-1,0,19,0,-1,-1,0
0046.txt,36,7153189703913835808,149,0,-1,-1,0,29,0,-1,-1,0
0046.txt,37,7153189703913835808,149,0,-1,-1,0,8,0,-1,-1,0
0046.txt,38,7153189703913835808,149,1,149,149,1,15,11,-1,-1,0
0046.txt,39,7153189703913835808,149,0,-1,-1,0,6,0,-1,-1,0
0046.txt,40,7153189703913835808,149,1,149,149,0,8,11,-1,-1,0
0046.txt,41,7153189703913835808,149,0,-1,-1,0,32,0,-1,-1,0
0046.txt,42,7153189703913835808,149,0,-1,-1,0,80,0,-1,-1,0
0046.txt,43,7153189703913835808,149,0,-1,-1,0,17,0,-1,-1,0
0046.txt,44,7153189703913835808,149,1,149,149,1,43,10,-1,-1,0
0046.txt,45,7153189703913835808,149,1,150,149,1,65,10,-1,-1,0
0046.txt,46,7153189703913835808,149,1,149,149,1,10,11,-1,-1,0
0046.txt,47,7153189703913835808,149,1,149,149,1,11,13,-1,-1,0
0046.txt,48,7153189703913835808,149,1,149,149,1,93,12,-1,-1,0
0046.txt,49,7153189703913835808,149,1,149,149,1,6,11,-1,-1,0
0046.txt,50,7153189703913835808,149,1,149,149,1,54,11,-1,-1,0
0046.txt,51,7153189703913835808,149,1,149,149,1,6,11,-1,-1,0
0046.txt,52,7153189703913835808,149,1,149,149,1,98,10,-1,-1,0
0046.txt,53,7153189703913835808,149,0,-1,-1,0,47,0,-1,-1,0
0046.txt,54,7153189703913835808,149,1,151,151,0,119,12,-1,-1,0
0046.txt,55,7153189703913835808,149,0,-1,-1,0,44,0,-1,-1,0
0046.txt,56,7153189703913835808,149,1,149,149,1,97,11,-1,-1,0
0046.txt,57,7153189703913835808,149,1,150,149,1,91,11,-1,-1,0
0046.txt,58,7153189703913835808,149,1,151,149,1,86,11,-1,-1,0
0046.txt,59,7153189703913835808,149,1,150,150,0,48,11,-1,-1,0
0046.txt,60,7153189703913835808,149,0,-1,-1,0,49,0,-1,-1,0
0046.txt,61,7153189703913835808,149,1,149,149,1,103,10,-1,-1,0
0046.txt,62,7153189703913835808,149,0,-1,-1,0,45,0,-1,-1,0
0046.txt,63,7153189703913835808,149,0,-1,-1,0,7,0,-1,-1,0
0047.txt,0,14237221020177826438,337,1,338,337,1,117,32,-1,-1,0
0047.txt,1,14237221020177826438,337,1,337,337,0,58,27,-1,-1,0
0047.txt,2,14237221020177826438,337,1,337,337,1,74,26,-1,-1,0
0047.txt,3,14237221020177826438,337,1,340,337,0,166,27,-1,-1,0
0047.txt,4,14237221020177826438,337,0,-1,-1,0,138,0,-1,-1,0
0047.txt,5,14237221020177826438,337,0,-1,-1,0,26,0,-1,-1,0
0047.txt,6,14237221020177826438,337,1,338,337,1,285,26,-1,-1,0
0047.txt,7,14237221020177826438,337,1,337,337,0,139,26,-1,-1,0
0047.txt,8,14237221020177826438,337,0,-1,-1,0,63,0,-1,-1,0
0047.txt,9,14237221020177826438,337,0,-1,-1,0,18,0,-1,-1,0
0047.txt,10,14237221020177826438,337,0,-1,-1,0,33,0,-1,-1,0
0047.txt,11,14237221020177826438,337,0,-1,-1,0,20,0,-1,-1,0
0047.txt,12,14237221020177826438,337,0,-1,-1,0,14,0,-1,-1,0
0047.txt,13,14237221020177826438,337,0,-1,-1,0,21,0,-1,-1,0
0047.txt,14,14237221020177826438,337,1,338,337,1,284,26,-1,-1,0
0047.txt,15,14237221020177826438,337,0,-1,-1,0,18,0,-1,-1,0
0047.txt,16,14237221020177826438,337,1,337,337,1,44,26,-1,-1,0
0047.txt,17,14237221020177826438,337,0,-1,-1,0,69,0,-1,-1,0
0047.txt,18,14237221020177826438,337,0,-1,-1,0,84,0,-1,-1,0
0047.txt,19,14237221020177826438,337,0,-1,-1,0,19,0,-1,-1,0
0047.txt,20,14237221020177826438,337,1,338,337,1,45,26,-1,-1,0
0047.txt,21,14237221020177826438,337,0,-1,-1,0,22,0,-1,-1,0
0047.txt,22,14237221020177826438,337,0,-1,-1,0,198,0,-1,-1,0
0047.txt,23,14237221020177826438,337,0,-1,-1,0,17,0,-1,-1,0
0047.txt,24,14237221020177826438,337,0,-1,-1,0,66,0,-1,-1,0
0047.txt,25,14237221020177826438,337,0,-1,-1,0,36,0,-1,-1,0
0047.txt,26,14237221020177826438,337,0,-1,-1,0,184,0,-1,-1,0
0047.txt,27,14237221020177826438,337,0,-1,-1,0,25,0,-1,-1,0
0047.txt,28,14237221020177826438,337,0,-1,-1,0,64,0,-1,-1,0
0047.txt,29,14237221020177826438,337,0,-1,-1,0,17,0,-1,-1,0
0047.txt,30,14237221020177826438,337,0,-1,-1,0,10,0,-1,-1,0
0047.txt,31,14237221020177826438,337,0,-1,-1,0,5,0,-1,-1,0
0047.txt,32,14237221020177826438,337,1,337,337,1,22,25,-1,-1,0
0047.txt,33,14237221020177826438,337,1,338,337,1,151,26,-1,-1,0
0047.txt,34,14237221020177826438,337,0,-1,-1,0,10,0,-1,-1,0
0047.txt,35,14237221020177826438,337,0,-1,-1,0,14,0,-1,-1,0
0047.txt,36,14237221020177826438,337,0,-1,-1,0,14,0,-1,-1,0
0047.txt,37,14237221020177826438,337,0,-1,-1,0,112,0,-1,-1,0
0047.txt,38,14237221020177826438,337,0,-1,-1,0,19,0,-1,-1,0
0047.txt,39,14237221020177826438,337,0,-1,-1,0,17,0,-1,-1,0
0047.txt,40,14237221020177826438,337,0,-1,-1,0,17,0,-1,-1,0
0047.txt,41,14237221020177826438,337,0,-1,-1,0,358,0,-1,-1,0
0047.txt,42,14237221020177826438,337,0,-1,-1,0,98,0,-1,-1,0
0047.txt,43,14237221020177826438,337,0,-1,-1,0,27,0,-1,-1,0
0047.txt,44,14237221020177826438,337,1,338,337,1,118,27,-1,-1,0
0047.txt,45,14237221020177826438,337,1,339,337,0,72,26,-1,-1,0
0047.txt,46,14237221020177826438,337,1,337,337,1,61,27,-1,-1,0
0047.txt,47,14237221020177826438,337,0,-1,-1,0,85,0,-1,-1,0
0047.txt,48,14237221020177826438,337,0,-1,-1,0,48,0,-1,-1,0
0047.txt,49,14237221020177826438,337,1,340,337,1,110,28,-1,-1,0
0047.txt,50,14237221020177826438,337,1,337,337,1,64,25,-1,-1,0
0047.txt,51,14237221020177826438,337,0,-1,-1,0,21,0,-1,-1,0
0047.txt,52,14237221020177826438,337,0,-1,-1,0,21,0,-1,-1,0
0047.txt,53,14237221020177826438,337,0,-1,-1,0,7,0,-1,-1,0
0047.txt,54,14237221020177826438,337,0,-1,-1,0,104,0,-1,-1,0
0047.txt,55,14237221020177826438,337,0,-1,-1,0,66,0,-1,-1,0
0047.txt,56,14237221020177826438,337,0,-1,-1,0,37,0,-1,-1,0
0047.txt,57,14237221020177826438,337,0,-1,-1,0,88,0,-1,-1,0
0047.txt,58,14237221020177826438,337,0,-1,-1,0,13,0,-1,-1,0
0047.txt,59,14237221020177826438,337,0,-1,-1,0,140,0,-1,-1,0
0047.txt,60,14237221020177826438,337,0,-1,-1,0,15,0,-1,-1,0
0047.txt,61,14237221020177826438,337,1,340,337,0,205,27,-1,-1,0
0047.txt,62,14237221020177826438,337,0,-1,-1,0,12,0,-1,-1,0
0047.txt,63,14237221020177826438,337,0,-1,-1,0,7,0,-1,-1,0
0048.txt,0,9290648033956501709,229,0,-1,-1,0,25,0,-1,-1,0
0048.txt,1,9290648033956501709,229,0,-1,-1,0,67,0,-1,-1,0
0048.txt,2,9290648033956501709,229,1,229,229,0,85,19,-1,-1,0
0048.txt,3,9290648033956501709,229,1,229,229,1,13,16,-1,-1,0
0048.txt,4,9290648033956501709,229,1,229,229,0,254,16,-1,-1,0
0048.txt,5,9290648033956501709,229,1,229,229,1,195,15,-1,-1,0
0048.txt,6,9290648033956501709,229,0,-1,-1,0,123,0,-1,-1,0
0048.txt,7,9290648033956501709,229,1,229,229,1,28,15,-1,-1,0
0048.txt,8,9290648033956501709,229,1,230,229,1,82,16,-1,-1,0
0048.txt,9,9290648033956501709,229,0,-1,-1,0,7,0,-1,-1,0
0048.txt,10,9290648033956501709,229,0,-1,-1,0,123,0,-1,-1,0
0048.txt,11,9290648033956501709,229,1,231,231,0,171,15,-1,-1,0
0048.txt,12,9290648033956501709,229,1,230,229,0,158,16,-1,-1,0
0048.txt,13,9290648033956501709,229,1,229,229,1,149,16,-1,-1,0
0048.txt,14,9290648033956501709,229,0,-1,-1,0,66,0,-1,-1,0
0048.txt,15,9290648033956501709,229,0,-1,-1,0,106,0,-1,-1,0
0048.txt,16,9290648033956501709,229,1,229,229,1,64,15,-1,-1,0
0048.txt,17,9290648033956501709,229,0,-1,-1,0,7,0,-1,-1,0
0048.txt,18,9290648033956501709,229,1,231,229,0,332,16,-1,-1,0
0048.txt,19,9290648033956501709,229,0,-1,-1,0,80,0,-1,-1,0
0048.txt,20,9290648033956501709,229,1,232,232,0,64,16,-1,-1,0
0048.txt,21,9290648033956501709,229,1,232,232,0,241,16,-1,-1,0
0048.txt,22,9290648033956501709,229,0,-1,-1,0,91,0,-1,-1,0
0048.txt,23,9290648033956501709,229,0,-1,-1,0,20,0,-1,-1,0
0048.txt,24,9290648033956501709,229,1,229,229,0,97,15,-1,-1,0
0048.txt,25,9290648033956501709,229,0,-1,-1,0,65,0,-1,-1,0
0048.txt,26,9290648033956501709,229,0,-1,-1,0,68,0,-1,-1,0
0048.txt,27,9290648033956501709,229,0,-1,-1,0,10,0,-1,-1,0
0048.txt,28,9290648033956501709,229,1,231,231,0,67,16,-1,-1,0
0048.txt,29,9290648033956501709,229,1,232,229,0,69,16,-1,-1,0
0048.txt,30,9290648033956501709,229,0,-1,-1,0,8,0,-1,-1,0
0048.txt,31,9290648033956501709,229,0,-1,-1,0,31,0,-1,-1,0
0048.txt,32,9290648033956501709,229,1,231,229,1,127,16,-1,-1,0
0048.txt,33,9290648033956501709,229,1,232,230,0,85,16,-1,-1,0
0048.txt,34,9290648033956501709,229,1,229,229,0,101,15,-1,-1,0
0048.txt,35,9290648033956501709,229,1,232,229,0,108,16,-1,-1,0
0048.txt,36,9290648033956501709,229,1,230,229,0,173,16,-1,-1,0
0048.txt,37,9290648033956501709,229,1,231,229,1,9,17,-1,-1,0
0048.txt,38,9290648033956501709,229,1,231,229,1,97,17,-1,-1,0
0048.txt,39,9290648033956501709,229,1,229,229,0,139,18,-1,-1,0
0048.txt,40,9290648033956501709,229,1,229,229,1,10,16,-1,-1,0
0048.txt,41,9290648033956501709,229,1,229,229,1,96,16,-1,-1,0
0048.txt,42,9290648033956501709,229,0,-1,-1,0,66,0,-1,-1,0
0048.txt,43,9290648033956501709,229,0,-1,-1,0,48,0,-1,-1,0
0048.txt,44,9290648033956501709,229,0,-1,-1,0,10,0,-1,-1,0
0048.txt,45,9290648033956501709,229,0,-1,-1,0,11,0,-1,-1,0
0048.txt,46,9290648033956501709,229,1,229,229,0,68,15,-1,-1,0
0048.txt,47,9290648033956501709,229,0,-1,-1,0,167,0,-1,-1,0
0048.txt,48,9290648033956501709,229,1,230,229,0,143,15,-1,-1,0
0048.txt,49,9290648033956501709,229,1,229,229,0,95,16,-1,-1,0
0048.txt,50,9290648033956501709,229,1,229,229,1,221,15,-1,-1,0
0048.txt,51,9290648033956501709,229,1,229,229,1,94,16,-1,-1,0
0048.txt,52,9290648033956501709,229,0,-1,-1,0,92,0,-1,-1,0
0048.txt,53,9290648033956501709,229,0,-1,-1,0,141,0,-1,-1,0
0048.txt,54,9290648033956501709,229,1,230,230,0,39,15,-1,-1,0
0048.txt,55,9290648033956501709,229,0,-1,-1,0,130,0,-1,-1,0
0048.txt,56,9290648033956501709,229,0,-1,-1,0,46,0,-1,-1,0
0048.txt,57,9290648033956501709,229,1,230,230,0,160,15,-1,-1,0
0048.txt,58,9290648033956501709,229,0,-1,-1,0,33,0,-1,-1,0
0048.txt,59,9290648033956501709,229,1,229,229,0,162,16,-1,-1,0
0048.txt,60,9290648033956501709,229,1,229,229,0,46,16,-1,-1,0
0048.txt,61,9290648033956501709,229,1,230,230,0,214,16,-1,-1,0
0048.txt,62,9290648033956501709,229,1,229,229,1,68,16,-1,-1,0
0048.txt,63,9290648033956501709,229,1,229,229,1,24,15,-1,-1,0
0049.txt,0,18284110434479877838,190,1,193,192,0,131,17,-1,-1,0
0049.txt,1,18284110434479877838,190,1,190,190,1,13,14,-1,-1,0
0049.txt,2,18284110434479877838,190,1,190,190,1,135,13,-1,-1,0
0049.txt,3,18284110434479877838,190,0,-1,-1,0,12,0,-1,-1,0
0049.txt,4,18284110434479877838,190,0,-1,-1,0,17,0,-1,-1,0
0049.txt,5,18284110434479877838,190,1,190,190,1,12,13,-1,-1,0
0049.txt,6,18284110434479877838,190,0,-1,-1,0,7,0,-1,-1,0
0049.txt,7,18284110434479877838,190,1,191,190,1,124,14,-1,-1,0
0049.txt,8,18284110434479877838,190,1,191,190,0,247,14,-1,-1,0
0049.txt,9,18284110434479877838,190,1,190,190,1,13,13,-1,-1,0
0049.txt,10,18284110434479877838,190,0,-1,-1,0,288,0,-1,-1,0
0049.txt,11,18284110434479877838,190,1,190,190,1,169,13,-1,-1,0
0049.txt,12,18284110434479877838,190,1,190,190,0,148,14,-1,-1,0
0049.txt,13,18284110434479877838,190,1,191,190,1,141,13,-1,-1,0
0049.txt,14,18284110434479877838,190,0,-1,-1,0,22,0,-1,-1,0
0049.txt,15,18284110434479877838,190,1,190,190,1,85,13,-1,-1,0
0049.txt,16,18284110434479877838,190,1,191,190,1,21,14,-1,-1,0
0049.txt,17,18284110434479877838,190,0,-1,-1,0,37,0,-1,-1,0
0049.txt,18,18284110434479877838,190,0,-1,-1,0,240,0,-1,-1,0
0049.txt,19,18284110434479877838,190,0,-1,-1,0,6,0,-1,-1,0
0049.txt,20,18284110434479877838,190,1,190,190,1,161,13,-1,-1,0
0049.txt,21,18284110434479877838,190,1,192,191,0,53,14,-1,-1,0
0049.txt,22,18284110434479877838,190,0,-1,-1,0,123,0,-1,-1,0
0049.txt,23,18284110434479877838,190,0,-1,-1,0,107,0,-1,-1,0
0049.txt,24,18284110434479877838,190,0,-1,-1,0,71,0,-1,-1,0
0049.txt,25,18284110434479877838,190,1,193,190,1,19,14,-1,-1,0
0049.txt,26,18284110434479877838,190,0,-1,-1,0,21,0,-1,-1,0
0049.txt,27,18284110434479877838,190,0,-1,-1,0,8,0,-1,-1,0
0049.txt,28,18284110434479877838,190,1,191,190,1,68,14,-1,-1,0
0049.txt,29,18284110434479877838,190,1,191,191,0,173,15,-1,-1,0
0049.txt,30,18284110434479877838,190,0,-1,-1,0,16,0,-1,-1,0
0049.txt,31,18284110434479877838,190,1,190,190,1,149,13,-1,-1,0
0049.txt,32,18284110434479877838,190,0,-1,-1,0,8,0,-1,-1,0
0049.txt,33,18284110434479877838,190,1,192,190,0,126,14,-1,-1,0
0049.txt,34,18284110434479877838,190,0,-1,-1,0,137,1,-1,-1,0
0049.txt,35,18284110434479877838,190,1,191,190,1,115,14,-1,-1,0
0049.txt,36,18284110434479877838,190,1,191,190,1,24,15,-1,-1,0
0049.txt,37,18284110434479877838,190,1,193,190,1,62,16,-1,-1,0
0049.txt,38,18284110434479877838,190,0,-1,-1,0,137,0,-1,-1,0
0049.txt,39,18284110434479877838,190,1,193,190,1,39,15,-1,-1,0
0049.txt,40,18284110434479877838,190,0,-1,-1,0,19,0,-1,-1,0
0049.txt,41,18284110434479877838,190,0,-1,-1,0,17,0,-1,-1,0
0049.txt,42,18284110434479877838,190,1,190,190,1,10,13,-1,-1,0
0049.txt,43,18284110434479877838,190,1,192,190,1,99,14,-1,-1,0
0049.txt,44,18284110434479877838,190,1,191,190,1,49,14,-1,-1,0
0049.txt,45,18284110434479877838,190,1,193,190,1,64,15,-1,-1,0
0049.txt,46,18284110434479877838,190,1,190,190,1,30,14,-1,-1,0
0049.txt,47,18284110434479877838,190,1,190,190,1,180,14,-1,-1,0
0049.txt,48,18284110434479877838,190,1,190,190,1,267,14,-1,-1,0
0049.txt,49,18284110434479877838,190,0,-1,-1,0,161,0,-1,-1,0
0049.txt,50,18284110434479877838,190,1,190,190,1,137,13,-1,-1,0
0049.txt,51,18284110434479877838,190,0,-1,-1,0,6,0,-1,-1,0
0049.txt,52,18284110434479877838,190,1,191,190,0,103,14,-1,-1,0
0049.txt,53,18284110434479877838,190,0,-1,-1,0,83,0,-1,-1,0
0049.txt,54,18284110434479877838,190,0,-1,-1,0,13,0,-1,-1,0
0049.txt,55,18284110434479877838,190,0,-1,-1,0,60,0,-1,-1,0
0049.txt,56,18284110434479877838,190,0,-1,-1,0,6,0,-1,-1,0
0049.txt,57,18284110434479877838,190,1,190,190,0,224,14,-1,-1,0
0049.txt,58,18284110434479877838,190,1,193,190,1,65,15,-1,-1,0
0049.txt,59,18284110434479877838,190,0,-1,-1,0,11,0,-1,-1,0
0049.txt,60,18284110434479877838,190,0,-1,-1,0,5,0,-1,-1,0
0049.txt,61,18284110434479877838,190,1,190,190,1,161,14,-1,-1,0
0049.txt,62,18284110434479877838,190,1,190,190,1,70,13,-1,-1,0
0049.txt,63,18284110434479877838,190,1,192,190,0,100,14,-1,-1,0
0050.txt,0,15165580020611400514,140,0,-1,-1,0,41,0,-1,-1,0
0050.txt,1,15165580020611400514,140,0,-1,-1,0,41,0,-1,-1,0
0050.txt,2,15165580020611400514,140,0,-1,-1,0,1,0,-1,-1,0
0050.txt,3,15165580020611400514,140,1,143,141,0,52,18,-1,-1,0
0050.txt,4,15165580020611400514,140,1,140,140,1,5,13,-1,-1,0
0050.txt,5,15165580020611400514,140,0,-1,-1,0,9,0,-1,-1,0
0050.txt,6,15165580020611400514,140,0,-1,-1,0,95,0,-1,-1,0
0050.txt,7,15165580020611400514,140,0,-1,-1,0,31,0,-1,-1,0
0050.txt,8,15165580020611400514,140,0,-1,-1,0,23,0,-1,-1,0
0050.txt,9,15165580020611400514,140,0,-1,-1,0,42,0,-1,-1,0
0050.txt,10,15165580020611400514,140,0,-1,-1,0,73,0,-1,-1,0
0050.txt,11,15165580020611400514,140,0,-1,-1,0,90,0,-1,-1,0
0050.txt,12,15165580020611400514,140,1,140,140,0,7,13,-1,-1,0
0050.txt,13,15165580020611400514,140,0,-1,-1,0,49,0,-1,-1,0
0050.txt,14,15165580020611400514,140,0,-1,-1,0,148,0,-1,-1,0
0050.txt,15,15165580020611400514,140,0,-1,-1,0,64,0,-1,-1,0
0050.txt,16,15165580020611400514,140,0,-1,-1,0,30,0,-1,-1,0
0050.txt,17,15165580020611400514,140,1,140,140,1,5,13,-1,-1,0
0050.txt,18,15165580020611400514,140,0,-1,-1,0,42,0,-1,-1,0
0050.txt,19,15165580020611400514,140,0,-1,-1,0,6,0,-1,-1,0
0050.txt,20,15165580020611400514,140,0,-1,-1,0,1,0,-1,-1,0
0050.txt,21,15165580020611400514,140,0,-1,-1,0,66,0,-1,-1,0
0050.txt,22,15165580020611400514,140,0,-1,-1,0,0,0,-1,-1,0
0050.txt,23,15165580020611400514,140,1,140,140,1,119,13,-1,-1,0
0050.txt,24,15165580020611400514,140,0,-1,-1,0,57,0,-1,-1,0
0050.txt,25,15165580020611400514,140,0,-1,-1,0,6,0,-1,-1,0
0050.txt,26,15165580020611400514,140,1,142,142,0,13,12,-1,-1,0
0050.txt,27,15165580020611400514,140,0,-1,-1,0,16,0,-1,-1,0
0050.txt,28,15165580020611400514,140,1,142,142,0,63,12,-1,-1,0
0050.txt,29,15165580020611400514,140,0,-1,-1,0,26,0,-1,-1,0
0050.txt,30,15165580020611400514,140,0,-1,-1,0,78,0,-1,-1,0
0050.txt,31,15165580020611400514,140,1,140,140,0,147,12,-1,-1,0
0050.txt,32,15165580020611400514,140,1,140,140,1,28,11,-1,-1,0
0050.txt,33,15165580020611400514,140,0,-1,-1,0,80,0,-1,-1,0
0050.txt,34,15165580020611400514,140,0,-1,-1,0,40,0,-1,-1,0
0050.txt,35,15165580020611400514,140,1,140,140,1,25,11,-1,-1,0
0050.txt,36,15165580020611400514,140,1,142,140,1,92,12,-1,-1,0
0050.txt,37,15165580020611400514,140,0,-1,-1,0,44,0,-1,-1,0
0050.txt,38,15165580020611400514,140,0,-1,-1,0,56,0,-1,-1,0
0050.txt,39,15165580020611400514,140,1,143,141,0,112,14,-1,-1,0
0050.txt,40,15165580020611400514,140,0,-1,-1,0,64,0,-1,-1,0
0050.txt,41,15165580020611400514,140,0,-1,-1,0,44,0,-1,-1,0
0050.txt,42,15165580020611400514,140,0,-1,-1,0,8,0,-1,-1,0
0050.txt,43,15165580020611400514,140,1,142,140,1,64,14,-1,-1,0
0050.txt,44,15165580020611400514,140,0,-1,-1,0,131,0,-1,-1,0
0050.txt,45,15165580020611400514,140,0,-1,-1,0,31,0,-1,-1,0
0050.txt,46,15165580020611400514,140,0,-1,-1,0,6,0,-1,-1,0
0050.txt,47,15165580020611400514,140,0,-1,-1,0,8,0,-1,-1,0
0050.txt,48,15165580020611400514,140,0,-1,-1,0,22,0,-1,-1,0
0050.txt,49,15165580020611400514,140,1,143,141,0,73,13,-1,-1,0
0050.txt,50,15165580020611400514,140,0,-1,-1,0,97,0,-1,-1,0
0050.txt,51,15165580020611400514,140,0,-1,-1,0,29,0,-1,-1,0
0050.txt,52,15165580020611400514,140,1,143,141,0,55,13,-1,-1,0
0050.txt,53,15165580020611400514,140,1,140,140,1,13,11,-1,-1,0
0050.txt,54,15165580020611400514,140,0,-1,-1,0,39,0,-1,-1,0
0050.txt,55,15165580020611400514,140,1,141,141,0,17,12,-1,-1,0
0050.txt,56,15165580020611400514,140,0,-1,-1,0,5,0,-1,-1,0
0050.txt,57,15165580020611400514,140,0,-1,-1,0,4,0,-1,-1,0
0050.txt,58,15165580020611400514,140,1,140,140,1,24,11,-1,-1,0
0050.txt,59,15165580020611400514,140,1,142,140,0,97,12,-1,-1,0
0050.txt,60,15165580020611400514,140,1,140,140,1,13,12,-1,-1,0
0050.txt,61,15165580020611400514,140,1,140,140,0,57,12,-1,-1,0
0050.txt,62,15165580020611400514,140,0,-1,-1,0,4,0,-1,-1,0
0050.txt,63,15165580020611400514,140,0,-1,-1,0,6,0,-1,-1,0
0051.txt,0,178108440441864906,119,1,122,120,0,78,14,-1,-1,0
0051.txt,1,178108440441864906,119,0,-1,-1,0,13,0,-1,-1,0
0051.txt,2,178108440441864906,119,0,-1,-1,0,7,0,-1,-1,0
0051.txt,3,178108440441864906,119,1,122,119,1,31,11,-1,-1,0
0051.txt,4,178108440441864906,119,1,120,119,1,64,10,-1,-1,0
0051.txt,5,178108440441864906,119,0,-1,-1,0,64,0,-1,-1,0
0051.txt,6,178108440441864906,119,1,119,119,0,81,9,-1,-1,0
0051.txt,7,178108440441864906,119,1,119,119,1,23,9,-1,-1,0
0051.txt,8,178108440441864906,119,1,119,119,0,36,9,-1,-1,0
0051.txt,9,178108440441864906,119,1,119,119,0,32,9,-1,-1,0
0051.txt,10,178108440441864906,119,1,121,119,1,21,10,-1,-1,0
0051.txt,11,178108440441864906,119,0,-1,-1,0,12,0,-1,-1,0
0051.txt,12,178108440441864906,119,0,-1,-1,0,26,0,-1,-1,0
0051.txt,13,178108440441864906,119,0,-1,-1,0,1,0,-1,-1,0
0051.txt,14,178108440441864906,119,1,119,119,1,41,9,-1,-1,0
0051.txt,15,178108440441864906,119,1,119,119,1,21,9,-1,-1,0
0051.txt,16,178108440441864906,119,0,-1,-1,0,8,0,-1,-1,0
0051.txt,17,178108440441864906,119,0,-1,-1,0,51,0,-1,-1,0
0051.txt,18,178108440441864906,119,1,119,119,1,37,9,-1,-1,0
0051.txt,19,178108440441864906,119,1,119,119,1,38,9,-1,-1,0
0051.txt,20,178108440441864906,119,1,122,122,0,46,10,-1,-1,0
0051.txt,21,178108440441864906,119,1,122,119,1,87,9,-1,-1,0
0051.txt,22,178108440441864906,119,1,119,119,1,62,9,-1,-1,0
0051.txt,23,178108440441864906,119,0,-1,-1,0,52,0,-1,-1,0
0051.txt,24,178108440441864906,119,0,-1,-1,0,12,0,-1,-1,0
0051.txt,25,178108440441864906,119,0,-1,-1,0,46,0,-1,-1,0
0051.txt,26,178108440441864906,119,0,-1,-1,0,8,0,-1,-1,0
0051.txt,27,178108440441864906,119,1,121,119,1,29,9,-1,-1,0
0051.txt,28,178108440441864906,119,0,-1,-1,0,14,0,-1,-1,0
0051.txt,29,178108440441864906,119,0,-1,-1,0,7,0,-1,-1,0
0051.txt,30,178108440441864906,119,1,119,119,1,9,9,-1,-1,0
0051.txt,31,178108440441864906,119,1,119,119,1,32,11,-1,-1,0
0051.txt,32,178108440441864906,119,1,120,119,0,86,9,-1,-1,0
0051.txt,33,178108440441864906,119,0,-1,-1,0,4,0,-1,-1,0
0051.txt,34,178108440441864906,119,0,-1,-1,0,11,0,-1,-1,0
0051.txt,35,178108440441864906,119,1,119,119,1,28,9,-1,-1,0
0051.txt,36,178108440441864906,119,1,121,121,0,51,10,-1,-1,0
0051.txt,37,178108440441864906,119,0,-1,-1,0,7,0,-1,-1,0
0051.txt,38,178108440441864906,119,1,119,119,1,68,9,-1,-1,0
0051.txt,39,178108440441864906,119,0,-1,-1,0,24,0,-1,-1,0
0051.txt,40,178108440441864906,119,1,121,119,1,34,9,-1,-1,0
0051.txt,41,178108440441864906,119,0,-1,-1,0,7,0,-1,-1,0
0051.txt,42,178108440441864906,119,1,121,119,0,74,10,-1,-1,0
0051.txt,43,178108440441864906,119,1,122,122,0,51,10,-1,-1,0
0051.txt,44,178108440441864906,119,0,-1,-1,0,45,0,-1,-1,0
0051.txt,45,178108440441864906,119,0,-1,-1,0,18,0,-1,-1,0
0051.txt,46,178108440441864906,119,0,-1,-1,0,0,0,-1,-1,0
0051.txt,47,178108440441864906,119,1,121,119,1,43,9,-1,-1,0
0051.txt,48,178108440441864906,119,0,-1,-1,0,14,0,-1,-1,0
0051.txt,49,178108440441864906,119,1,119,119,1,31,8,-1,-1,0
0051.txt,50,178108440441864906,119,0,-1,-1,0,9,0,-1,-1,0
0051.txt,51,178108440441864906,119,1,121,120,0,24,10,-1,-1,0
0051.txt,52,178108440441864906,119,1,122,119,0,99,10,-1,-1,0
0051.txt,53,178108440441864906,119,0,-1,-1,0,10,0,-1,-1,0
0051.txt,54,178108440441864906,119,1,119,119,1,29,8,-1,-1,0
0051.txt,55,178108440441864906,119,0,-1,-1,0,10,0,-1,-1,0
0051.txt,56,178108440441864906,119,0,-1,-1,0,16,0,-1,-1,0
0051.txt,57,178108440441864906,119,1,119,119,1,21,9,-1,-1,0
0051.txt,58,178108440441864906,119,1,122,119,1,25,9,-1,-1,0
0051.txt,59,178108440441864906,119,0,-1,-1,0,6,0,-1,-1,0
0051.txt,60,178108440441864906,119,0,-1,-1,0,8,0,-1,-1,0
0051.txt,61,178108440441864906,119,0,-1,-1,0,39,0,-1,-1,0
0051.txt,62,178108440441864906,119,1,119,119,1,29,8,-1,-1,0
0051.txt,63,178108440441864906,119,0,-1,-1,0,51,0,-1,-1,0
0052.txt,0,16121677087095685925,197,1,199,199,0,93,18,-1,-1,0
0052.txt,1,16121677087095685925,197,1,197,197,1,6,16,-1,-1,0
0052.txt,2,16121677087095685925,197,0,-1,-1,0,63,0,-1,-1,0
0052.txt,3,16121677087095685925,197,0,-1,-1,0,53,0,-1,-1,0
0052.txt,4,16121677087095685925,197,0,-1,-1,0,11,0,-1,-1,0
0052.txt,5,16121677087095685925,197,0,-1,-1,0,135,0,-1,-1,0
0052.txt,6,16121677087095685925,197,0,-1,-1,0,9,0,-1,-1,0
0052.txt,7,16121677087095685925,197,1,197,197,1,6,15,-1,-1,0
0052.txt,8,16121677087095685925,197,0,-1,-1,0,190,0,-1,-1,0
0052.txt,9,16121677087095685925,197,1,197,197,0,183,15,-1,-1,0
0052.txt,10,16121677087095685925,197,1,198,197,1,77,15,-1,-1,0
0052.txt,11,16121677087095685925,197,0,-1,-1,0,75,0,-1,-1,0
0052.txt,12,16121677087095685925,197,0,-1,-1,0,13,0,-1,-1,0
0052.txt,13,16121677087095685925,197,1,199,197,1,82,15,-1,-1,0
0052.txt,14,16121677087095685925,197,0,-1,-1,0,92,0,-1,-1,0
0052.txt,15,16121677087095685925,197,1,198,198,0,45,15,-1,-1,0
0052.txt,16,16121677087095685925,197,0,-1,-1,0,45,0,-1,-1,0
0052.txt,17,16121677087095685925,197,0,-1,-1,0,11,0,-1,-1,0
0052.txt,18,16121677087095685925,197,1,197,197,0,194,15,-1,-1,0
0052.txt,19,16121677087095685925,197,1,198,197,0,145,15,-1,-1,0
0052.txt,20,16121677087095685925,197,0,-1,-1,0,12,0,-1,-1,0
0052.txt,21,16121677087095685925,197,0,-1,-1,0,10,0,-1,-1,0
0052.txt,22,16121677087095685925,197,1,199,197,1,62,15,-1,-1,0
0052.txt,23,16121677087095685925,197,0,-1,-1,0,21,0,-1,-1,0
0052.txt,24,16121677087095685925,197,0,-1,-1,0,40,0,-1,-1,0
0052.txt,25,16121677087095685925,197,0,-1,-1,0,9,0,-1,-1,0
0052.txt,26,16121677087095685925,197,1,199,198,0,92,15,-1,-1,0
0052.txt,27,16121677087095685925,197,0,-1,-1,0,63,0,-1,-1,0
0052.txt,28,16121677087095685925,197,0,-1,-1,0,8,0,-1,-1,0
0052.txt,29,16121677087095685925,197,0,-1,-1,0,7,0,-1,-1,0
0052.txt,30,16121677087095685925,197,0,-1,-1,0,7,0,-1,-1,0
0052.txt,31,16121677087095685925,197,1,197,197,1,20,15,-1,-1,0
0052.txt,32,16121677087095685925,197,0,-1,-1,0,87,0,-1,-1,0
0052.txt,33,16121677087095685925,197,1,199,197,0,210,16,-1,-1,0
0052.txt,34,16121677087095685925,197,1,197,197,1,54,14,-1,-1,0
0052.txt,35,16121677087095685925,197,1,198,197,0,124,14,-1,-1,0
0052.txt,36,16121677087095685925,197,1,200,197,0,168,15,-1,-1,0
0052.txt,37,16121677087095685925,197,1,199,197,1,131,16,-1,-1,0
0052.txt,38,16121677087095685925,197,0,-1,-1,0,31,0,-1,-1,0
0052.txt,39,16121677087095685925,197,1,199,197,1,107,15,-1,-1,0
0052.txt,40,16121677087095685925,197,1,198,197,1,222,15,-1,-1,0
0052.txt,41,16121677087095685925,197,1,198,197,1,87,15,-1,-1,0
0052.txt,42,16121677087095685925,197,1,199,198,0,198,15,-1,-1,0
0052.txt,43,16121677087095685925,197,0,-1,-1,0,43,0,-1,-1,0
0052.txt,44,16121677087095685925,197,0,-1,-1,0,9,0,-1,-1,0
0052.txt,45,16121677087095685925,197,1,198,198,0,132,15,-1,-1,0
0052.txt,46,16121677087095685925,197,1,198,197,0,17,15,-1,-1,0
0052.txt,47,16121677087095685925,197,1,197,197,0,164,15,-1,-1,0
0052.txt,48,16121677087095685925,197,1,199,197,0,178,16,-1,-1,0
0052.txt,49,16121677087095685925,197,0,-1,-1,0,55,0,-1,-1,0
0052.txt,50,16121677087095685925,197,0,-1,-1,0,17,0,-1,-1,0
0052.txt,51,16121677087095685925,197,0,-1,-1,0,80,0,-1,-1,0
0052.txt,52,16121677087095685925,197,0,-1,-1,0,12,0,-1,-1,0
0052.txt,53,16121677087095685925,197,1,197,197,0,97,15,-1,-1,0
0052.txt,54,16121677087095685925,197,0,-1,-1,0,83,0,-1,-1,0
0052.txt,55,16121677087095685925,197,0,-1,-1,0,158,0,-1,-1,0
0052.txt,56,16121677087095685925,197,1,199,198,0,163,15,-1,-1,0
0052.txt,57,16121677087095685925,197,0,-1,-1,0,71,0,-1,-1,0
0052.txt,58,16121677087095685925,197,0,-1,-1,0,11,0,-1,-1,0
0052.txt,59,16121677087095685925,197,0,-1,-1,0,8,0,-1,-1,0
0052.txt,60,16121677087095685925,197,0,-1,-1,0,11,0,-1,-1,0
0052.txt,61,16121677087095685925,197,0,-1,-1,0,13,0,-1,-1,0
0052.txt,62,16121677087095685925,197,0,-1,-1,0,20,0,-1,-1,0
0052.txt,63,16121677087095685925,197,0,-1,-1,0,5,0,-1,-1,0
0053.txt,0,4507612337547504566,131,1,134,133,0,87,14,-1,-1,0
0053.txt,1,4507612337547504566,131,1,131,131,1,142,11,-1,-1,0
0053.txt,2,4507612337547504566,131,0,-1,-1,0,9,0,-1,-1,0
0053.txt,3,4507612337547504566,131,0,-1,-1,0,23,0,-1,-1,0
0053.txt,4,4507612337547504566,131,0,-1,-1,0,58,0,-1,-1,0
0053.txt,5,4507612337547504566,131,0,-1,-1,0,9,0,-1,-1,0
0053.txt,6,4507612337547504566,131,0,-1,-1,0,29,0,-1,-1,0
0053.txt,7,4507612337547504566,131,1,132,131,1,53,11,-1,-1,0
0053.txt,8,4507612337547504566,131,0,-1,-1,0,44,0,-1,-1,0
0053.txt,9,4507612337547504566,131,0,-1,-1,0,27,0,-1,-1,0
0053.txt,10,4507612337547504566,131,0,-1,-1,0,12,0,-1,-1,0
0053.txt,11,4507612337547504566,131,0,-1,-1,0,39,0,-1,-1,0
0053.txt,12,4507612337547504566,131,1,133,131,1,27,11,-1,-1,0
0053.txt,13,4507612337547504566,131,1,132,131,0,54,10,-1,-1,0
0053.txt,14,4507612337547504566,131,0,-1,-1,0,91,0,-1,-1,0
0053.txt,15,4507612337547504566,131,0,-1,-1,0,49,0,-1,-1,0
0053.txt,16,4507612337547504566,131,0,-1,-1,0,8,0,-1,-1,0
0053.txt,17,4507612337547504566,131,1,133,132,0,60,10,-1,-1,0
0053.txt,18,4507612337547504566,131,1,131,131,0,99,10,-1,-1,0
0053.txt,19,4507612337547504566,131,1,131,131,0,93,10,-1,-1,0
0053.txt,20,4507612337547504566,131,1,131,131,1,27,10,-1,-1,0
0053.txt,21,4507612337547504566,131,0,-1,-1,0,6,0,-1,-1,0
0053.txt,22,4507612337547504566,131,0,-1,-1,0,70,0,-1,-1,0
0053.txt,23,4507612337547504566,131,1,131,131,0,88,10,-1,-1,0
0053.txt,24,4507612337547504566,131,0,-1,-1,0,21,0,-1,-1,0
0053.txt,25,4507612337547504566,131,0,-1,-1,0,7,0,-1,-1,0
0053.txt,26,4507612337547504566,131,0,-1,-1,0,10,0,-1,-1,0
0053.txt,27,4507612337547504566,131,0,-1,-1,0,3,0,-1,-1,0
0053.txt,28,4507612337547504566,131,1,131,131,1,21,10,-1,-1,0
0053.txt,29,4507612337547504566,131,0,-1,-1,0,11,0,-1,-1,0
0053.txt,30,4507612337547504566,131,1,134,131,0,76,11,-1,-1,0
0053.txt,31,4507612337547504566,131,0,-1,-1,0,12,0,-1,-1,0
0053.txt,32,4507612337547504566,131,0,-1,-1,0,49,0,-1,-1,0
0053.txt,33,4507612337547504566,131,0,-1,-1,0,31,0,-1,-1,0
0053.txt,34,4507612337547504566,131,0,-1,-1,0,24,0,-1,-1,0
0053.txt,35,4507612337547504566,131,1,133,131,1,63,10,-1,-1,0
0053.txt,36,4507612337547504566,131,0,-1,-1,0,22,0,-1,-1,0
0053.txt,37,4507612337547504566,131,0,-1,-1,0,33,0,-1,-1,0
0053.txt,38,4507612337547504566,131,0,-1,-1,0,7,0,-1,-1,0
0053.txt,39,4507612337547504566,131,1,134,134,0,54,11,-1,-1,0
0053.txt,40,4507612337547504566,131,0,-1,-1,0,38,0,-1,-1,0
0053.txt,41,4507612337547504566,131,0,-1,-1,0,8,0,-1,-1,0
0053.txt,42,4507612337547504566,131,0,-1,-1,0,5,0,-1,-1,0
0053.txt,43,4507612337547504566,131,1,132,131,1,68,10,-1,-1,0
0053.txt,44,4507612337547504566,131,0,-1,-1,0,9,0,-1,-1,0
0053.txt,45,4507612337547504566,131,1,131,131,1,9,10,-1,-1,0
0053.txt,46,4507612337547504566,131,0,-1,-1,0,5,0,-1,-1,0
0053.txt,47,4507612337547504566,131,0,-1,-1,0,33,1,-1,-1,0
0053.txt,48,4507612337547504566,131,0,-1,-1,0,15,0,-1,-1,0
0053.txt,49,4507612337547504566,131,1,131,131,1,30,10,-1,-1,0
0053.txt,50,4507612337547504566,131,0,-1,-1,0,5,0,-1,-1,0
0053.txt,51,4507612337547504566,131,0,-1,-1,0,5,0,-1,-1,0
0053.txt,52,4507612337547504566,131,0,-1,-1,0,97,0,-1,-1,0
0053.txt,53,4507612337547504566,131,1,131,131,1,93,10,-1,-1,0
0053.txt,54,4507612337547504566,131,1,131,131,1,87,10,-1,-1,0
0053.txt,55,4507612337547504566,131,1,131,131,1,47,10,-1,-1,0
0053.txt,56,4507612337547504566,131,0,-1,-1,0,7,0,-1,-1,0
0053.txt,57,4507612337547504566,131,0,-1,-1,0,6,0,-1,-1,0
0053.txt,58,4507612337547504566,131,1,134,131,1,74,11,-1,-1,0
0053.txt,59,4507612337547504566,131,1,131,131,1,37,10,-1,-1,0
0053.txt,60,4507612337547504566,131,1,133,132,0,70,10,-1,-1,0
0053.txt,61,4507612337547504566,131,0,-1,-1,0,23,0,-1,-1,0
0053.txt,62,4507612337547504566,131,1,133,131,1,46,10,-1,-1,0
0053.txt,63,4507612337547504566,131,0,-1,-1,0,7,0,-1,-1,0
0054.txt,0,8882249997132344723,307,1,308,308,0,326,29,-1,-1,0
0054.txt,1,8882249997132344723,307,0,-1,-1,0,14,0,-1,-1,0
0054.txt,2,8882249997132344723,307,1,307,307,1,15,25,-1,-1,0
0054.txt,3,8882249997132344723,307,0,-1,-1,0,61,0,-1,-1,0
0054.txt,4,8882249997132344723,307,0,-1,-1,0,174,0,-1,-1,0
0054.txt,5,8882249997132344723,307,0,-1,-1,0,236,0,-1,-1,0
0054.txt,6,8882249997132344723,307,0,-1,-1,0,17,0,-1,-1,0
0054.txt,7,8882249997132344723,307,0,-1,-1,0,297,0,-1,-1,0
0054.txt,8,8882249997132344723,307,0,-1,-1,0,105,0,-1,-1,0
0054.txt,9,8882249997132344723,307,0,-1,-1,0,241,0,-1,-1,0
0054.txt,10,8882249997132344723,307,1,307,307,0,10,28,-1,-1,0
0054.txt,11,8882249997132344723,307,0,-1,-1,0,199,0,-1,-1,0
0054.txt,12,8882249997132344723,307,0,-1,-1,0,0,0,-1,-1,0
0054.txt,13,8882249997132344723,307,0,-1,-1,0,193,0,-1,-1,0
0054.txt,14,8882249997132344723,307,1,308,307,0,340,28,-1,-1,0
0054.txt,15,8882249997132344723,307,1,309,307,1,44,26,-1,-1,0
0054.txt,16,8882249997132344723,307,1,307,307,1,180,25,-1,-1,0
0054.txt,17,8882249997132344723,307,1,307,307,1,13,27,-1,-1,0
0054.txt,18,8882249997132344723,307,1,307,307,1,227,24,-1,-1,0
0054.txt,19,8882249997132344723,307,1,310,307,0,121,25,-1,-1,0
0054.txt,20,8882249997132344723,307,1,309,307,1,55,24,-1,-1,0
0054.txt,21,8882249997132344723,307,0,-1,-1,0,157,0,-1,-1,0
0054.txt,22,8882249997132344723,307,1,307,307,1,244,26,-1,-1,0
0054.txt,23,8882249997132344723,307,0,-1,-1,0,112,0,-1,-1,0
0054.txt,24,8882249997132344723,307,1,307,307,1,172,24,-1,-1,0
0054.txt,25,8882249997132344723,307,1,308,307,1,276,24,-1,-1,0
0054.txt,26,8882249997132344723,307,1,308,307,1,207,24,-1,-1,0
0054.txt,27,8882249997132344723,307,0,-1,-1,0,149,0,-1,-1,0
0054.txt,28,8882249997132344723,307,1,309,307,1,128,24,-1,-1,0
0054.txt,29,8882249997132344723,307,0,-1,-1,0,5,0,-1,-1,0
0054.txt,30,8882249997132344723,307,0,-1,-1,0,17,0,-1,-1,0
0054.txt,31,8882249997132344723,307,0,-1,-1,0,53,0,-1,-1,0
0054.txt,32,8882249997132344723,307,0,-1,-1,0,11,0,-1,-1,0
0054.txt,33,8882249997132344723,307,0,-1,-1,0,11,0,-1,-1,0
0054.txt,34,8882249997132344723,307,0,-1,-1,0,43,0,-1,-1,0
0054.txt,35,8882249997132344723,307,0,-1,-1,0,124,0,-1,-1,0
0054.txt,36,8882249997132344723,307,0,-1,-1,0,16,0,-1,-1,0
0054.txt,37,8882249997132344723,307,0,-1,-1,0,38,0,-1,-1,0
0054.txt,38,8882249997132344723,307,0,-1,-1,0,76,0,-1,-1,0
0054.txt,39,8882249997132344723,307,1,307,307,0,199,24,-1,-1,0
0054.txt,40,8882249997132344723,307,1,310,309,0,119,25,-1,-1,0
0054.txt,41,8882249997132344723,307,0,-1,-1,0,176,0,-1,-1,0
0054.txt,42,8882249997132344723,307,0,-1,-1,0,8,0,-1,-1,0
0054.txt,43,8882249997132344723,307,0,-1,-1,0,32,0,-1,-1,0
0054.txt,44,8882249997132344723,307,0,-1,-1,0,12,0,-1,-1,0
0054.txt,45,8882249997132344723,307,0,-1,-1,0,65,0,-1,-1,0
0054.txt,46,8882249997132344723,307,1,307,307,1,147,23,-1,-1,0
0054.txt,47,8882249997132344723,307,0,-1,-1,0,68,0,-1,-1,0
0054.txt,48,8882249997132344723,307,1,307,307,1,154,23,-1,-1,0
0054.txt,49,8882249997132344723,307,0,-1,-1,0,189,0,-1,-1,0
0054.txt,50,8882249997132344723,307,1,307,307,0,147,24,-1,-1,0
0054.txt,51,8882249997132344723,307,0,-1,-1,0,9,0,-1,-1,0
0054.txt,52,8882249997132344723,307,1,307,307,1,153,23,-1,-1,0
0054.txt,53,8882249997132344723,307,0,-1,-1,0,146,0,-1,-1,0
0054.txt,54,8882249997132344723,307,0,-1,-1,0,231,0,-1,-1,0
0054.txt,55,8882249997132344723,307,0,-1,-1,0,80,0,-1,-1,0
0054.txt,56,8882249997132344723,307,0,-1,-1,0,7,0,-1,-1,0
0054.txt,57,8882249997132344723,307,0,-1,-1,0,238,0,-1,-1,0
0054.txt,58,8882249997132344723,307,1,306,306,0,28,23,-1,-1,0
0054.txt,59,8882249997132344723,307,1,307,307,1,119,34,-1,-1,0
0054.txt,60,8882249997132344723,307,0,-1,-1,0,96,0,-1,-1,0
0054.txt,61,8882249997132344723,307,1,307,307,1,97,23,-1,-1,0
0054.txt,62,8882249997132344723,307,0,-1,-1,0,17,0,-1,-1,0
0054.txt,63,8882249997132344723,307,0,-1,-1,0,233,0,-1,-1,0
0055.txt,0,7229407932116731529,297,1,300,297,1,118,30,-1,-1,0
0055.txt,1,7229407932116731529,297,1,297,297,1,112,27,-1,-1,0
0055.txt,2,7229407932116731529,297,1,297,297,1,34,24,-1,-1,0
0055.txt,3,7229407932116731529,297,0,-1,-1,0,315,0,-1,-1,0
0055.txt,4,7229407932116731529,297,0,-1,-1,0,36,0,-1,-1,0
0055.txt,5,7229407932116731529,297,1,300,300,0,130,25,-1,-1,0
0055.txt,6,7229407932116731529,297,0,-1,-1,0,18,0,-1,-1,0
0055.txt,7,7229407932116731529,297,1,298,298,0,57,23,-1,-1,0
0055.txt,8,7229407932116731529,297,1,299,299,0,194,24,-1,-1,0
0055.txt,9,7229407932116731529,297,0,-1,-1,0,273,0,-1,-1,0
0055.txt,10,7229407932116731529,297,0,-1,-1,0,27,0,-1,-1,0
0055.txt,11,7229407932116731529,297,1,299,298,0,279,24,-1,-1,0
0055.txt,12,7229407932116731529,297,1,299,297,1,238,25,-1,-1,0
0055.txt,13,7229407932116731529,297,0,-1,-1,0,147,0,-1,-1,0
0055.txt,14,7229407932116731529,297,0,-1,-1,0,12,0,-1,-1,0
0055.txt,15,7229407932116731529,297,0,-1,-1,0,25,0,-1,-1,0
0055.txt,16,7229407932116731529,297,0,-1,-1,0,20,0,-1,-1,0
0055.txt,17,7229407932116731529,297,0,-1,-1,0,172,0,-1,-1,0
0055.txt,18,7229407932116731529,297,0,-1,-1,0,14,0,-1,-1,0
0055.txt,19,7229407932116731529,297,0,-1,-1,0,320,0,-1,-1,0
0055.txt,20,7229407932116731529,297,0,-1,-1,0,18,0,-1,-1,0
0055.txt,21,7229407932116731529,297,0,-1,-1,0,18,0,-1,-1,0
0055.txt,22,7229407932116731529,297,1,298,297,1,232,30,-1,-1,0
0055.txt,23,7229407932116731529,297,0,-1,-1,0,311,0,-1,-1,0
0055.txt,24,7229407932116731529,297,0,-1,-1,0,28,0,-1,-1,0
0055.txt,25,7229407932116731529,297,1,297,297,1,177,29,-1,-1,0
0055.txt,26,7229407932116731529,297,0,-1,-1,0,23,0,-1,-1,0
0055.txt,27,7229407932116731529,297,0,-1,-1,0,305,0,-1,-1,0
0055.txt,28,7229407932116731529,297,0,-1,-1,0,30,0,-1,-1,0
0055.txt,29,7229407932116731529,297,0,-1,-1,0,16,0,-1,-1,0
0055.txt,30,7229407932116731529,297,1,298,297,0,274,28,-1,-1,0
0055.txt,31,7229407932116731529,297,1,299,297,0,139,27,-1,-1,0
0055.txt,32,7229407932116731529,297,0,-1,-1,0,18,0,-1,-1,0
0055.txt,33,7229407932116731529,297,0,-1,-1,0,13,0,-1,-1,0
0055.txt,34,7229407932116731529,297,0,-1,-1,0,15,0,-1,-1,0
0055.txt,35,7229407932116731529,297,1,297,297,1,11,25,-1,-1,0
0055.txt,36,7229407932116731529,297,1,300,300,0,200,26,-1,-1,0
0055.txt,37,7229407932116731529,297,0,-1,-1,0,38,0,-1,-1,0
0055.txt,38,7229407932116731529,297,1,299,297,1,158,24,-1,-1,0
0055.txt,39,7229407932116731529,297,0,-1,-1,0,15,0,-1,-1,0
0055.txt,40,7229407932116731529,297,0,-1,-1,0,19,0,-1,-1,0
0055.txt,41,7229407932116731529,297,0,-1,-1,0,13,0,-1,-1,0
0055.txt,42,7229407932116731529,297,1,298,297,0,226,24,-1,-1,0
0055.txt,43,7229407932116731529,297,0,-1,-1,0,13,0,-1,-1,0
0055.txt,44,7229407932116731529,297,1,298,297,1,154,25,-1,-1,0
0055.txt,45,7229407932116731529,297,0,-1,-1,0,68,1,-1,-1,0
0055.txt,46,7229407932116731529,297,0,-1,-1,0,12,0,-1,-1,0
0055.txt,47,7229407932116731529,297,1,300,297,0,120,24,-1,-1,0
0055.txt,48,7229407932116731529,297,0,-1,-1,0,45,0,-1,-1,0
0055.txt,49,7229407932116731529,297,0,-1,-1,0,34,0,-1,-1,0
0055.txt,50,7229407932116731529,297,0,-1,-1,0,15,0,-1,-1,0
0055.txt,51,7229407932116731529,297,0,-1,-1,0,454,0,-1,-1,0
0055.txt,52,7229407932116731529,297,1,298,297,0,164,25,-1,-1,0
0055.txt,53,7229407932116731529,297,1,297,297,1,63,24,-1,-1,0
0055.txt,54,7229407932116731529,297,0,-1,-1,0,184,0,-1,-1,0
0055.txt,55,7229407932116731529,297,1,300,297,1,56,24,-1,-1,0
0055.txt,56,7229407932116731529,297,1,297,297,1,144,23,-1,-1,0
0055.txt,57,7229407932116731529,297,1,297,297,1,85,24,-1,-1,0
0055.txt,58,7229407932116731529,297,0,-1,-1,0,21,0,-1,-1,0
0055.txt,59,7229407932116731529,297,0,-1,-1,0,16,0,-1,-1,0
0055.txt,60,7229407932116731529,297,1,297,297,1,9,23,-1,-1,0
0055.txt,61,7229407932116731529,297,0,-1,-1,0,144,0,-1,-1,0
0055.txt,62,7229407932116731529,297,0,-1,-1,0,22,0,-1,-1,0
0055.txt,63,7229407932116731529,297,1,300,299,0,416,24,-1,-1,0
0056.txt,0,4725675705485056317,198,0,-1,-1,0,12,0,-1,-1,0
0056.txt,1,4725675705485056317,198,0,-1,-1,0,93,0,-1,-1,0
0056.txt,2,4725675705485056317,198,0,-1,-1,0,107,0,-1,-1,0
0056.txt,3,4725675705485056317,198,1,201,198,0,65,20,-1,-1,0
0056.txt,4,4725675705485056317,198,1,198,198,1,88,17,-1,-1,0
0056.txt,5,4725675705485056317,198,0,-1,-1,0,15,0,-1,-1,0
0056.txt,6,4725675705485056317,198,1,198,198,1,57,15,-1,-1,0
0056.txt,7,4725675705485056317,198,0,-1,-1,0,6,0,-1,-1,0
0056.txt,8,4725675705485056317,198,0,-1,-1,0,94,0,-1,-1,0
0056.txt,9,4725675705485056317,198,1,198,198,0,26,17,-1,-1,0
0056.txt,10,4725675705485056317,198,1,198,198,1,126,15,-1,-1,0
0056.txt,11,4725675705485056317,198,0,-1,-1,0,25,0,-1,-1,0
0056.txt,12,4725675705485056317,198,1,198,198,0,64,15,-1,-1,0
0056.txt,13,4725675705485056317,198,0,-1,-1,0,31,0,-1,-1,0
0056.txt,14,4725675705485056317,198,0,-1,-1,0,12,0,-1,-1,0
0056.txt,15,4725675705485056317,198,0,-1,-1,0,11,0,-1,-1,0
0056.txt,16,4725675705485056317,198,0,-1,-1,0,82,0,-1,-1,0
0056.txt,17,4725675705485056317,198,0,-1,-1,0,32,0,-1,-1,0
0056.txt,18,4725675705485056317,198,0,-1,-1,0,36,0,-1,-1,0
0056.txt,19,4725675705485056317,198,0,-1,-1,0,156,0,-1,-1,0
0056.txt,20,4725675705485056317,198,0,-1,-1,0,25,0,-1,-1,0
0056.txt,21,4725675705485056317,198,0,-1,-1,0,13,0,-1,-1,0
0056.txt,22,4725675705485056317,198,0,-1,-1,0,60,0,-1,-1,0
0056.txt,23,4725675705485056317,198,0,-1,-1,0,79,0,-1,-1,0
0056.txt,24,4725675705485056317,198,1,200,199,0,163,17,-1,-1,0
0056.txt,25,4725675705485056317,198,1,200,198,0,156,16,-1,-1,0
0056.txt,26,4725675705485056317,198,1,199,199,0,30,17,-1,-1,0
0056.txt,27,4725675705485056317,198,0,-1,-1,0,26,0,-1,-1,0
0056.txt,28,4725675705485056317,198,0,-1,-1,0,77,0,-1,-1,0
0056.txt,29,4725675705485056317,198,0,-1,-1,0,28,0,-1,-1,0
0056.txt,30,4725675705485056317,198,0,-1,-1,0,54,0,-1,-1,0
0056.txt,31,4725675705485056317,198,1,200,198,1,58,16,-1,-1,0
0056.txt,32,4725675705485056317,198,0,-1,-1,0,47,0,-1,-1,0
0056.txt,33,4725675705485056317,198,1,198,198,1,104,15,-1,-1,0
0056.txt,34,4725675705485056317,198,0,-1,-1,0,6,0,-1,-1,0
0056.txt,35,4725675705485056317,198,0,-1,-1,0,21,0,-1,-1,0
0056.txt,36,4725675705485056317,198,0,-1,-1,0,108,0,-1,-1,0
0056.txt,37,4725675705485056317,198,1,199,198,1,75,15,-1,-1,0
0056.txt,38,4725675705485056317,198,1,201,198,1,60,16,-1,-1,0
0056.txt,39,4725675705485056317,198,0,-1,-1,0,66,0,-1,-1,0
0056.txt,40,4725675705485056317,198,0,-1,-1,0,47,0,-1,-1,0
0056.txt,41,4725675705485056317,198,0,-1,-1,0,8,0,-1,-1,0
0056.txt,42,4725675705485056317,198,0,-1,-1,0,77,0,-1,-1,0
0056.txt,43,4725675705485056317,198,1,201,198,0,126,18,-1,-1,0
0056.txt,44,4725675705485056317,198,1,200,198,1,37,17,-1,-1,0
0056.txt,45,4725675705485056317,198,0,-1,-1,0,12,0,-1,-1,0
0056.txt,46,4725675705485056317,198,1,199,199,0,29,15,-1,-1,0
0056.txt,47,4725675705485056317,198,1,198,198,1,157,15,-1,-1,0
0056.txt,48,4725675705485056317,198,1,198,198,0,9,15,-1,-1,0
0056.txt,49,4725675705485056317,198,0,-1,-1,0,75,0,-1,-1,0
0056.txt,50,4725675705485056317,198,1,201,198,1,99,17,-1,-1,0
0056.txt,51,4725675705485056317,198,0,-1,-1,0,54,0,-1,-1,0
0056.txt,52,4725675705485056317,198,1,201,198,0,88,16,-1,-1,0
0056.txt,53,4725675705485056317,198,1,201,200,0,123,17,-1,-1,0
0056.txt,54,4725675705485056317,198,0,-1,-1,0,11,0,-1,-1,0
0056.txt,55,4725675705485056317,198,0,-1,-1,0,10,0,-1,-1,0
0056.txt,56,4725675705485056317,198,0,-1,-1,0,46,1,-1,-1,0
0056.txt,57,4725675705485056317,198,0,-1,-1,0,6,0,-1,-1,0
0056.txt,58,4725675705485056317,198,1,199,198,1,36,15,-1,-1,0
0056.txt,59,4725675705485056317,198,1,198,198,0,184,16,-1,-1,0
0056.txt,60,4725675705485056317,198,0,-1,-1,0,20,0,-1,-1,0
0056.txt,61,4725675705485056317,198,0,-1,-1,0,24,0,-1,-1,0
0056.txt,62,4725675705485056317,198,0,-1,-1,0,7,0,-1,-1,0
0056.txt,63,4725675705485056317,198,1,198,198,0,74,15,-1,-1,0
0057.txt,0,11049348471425476489,257,0,-1,-1,0,54,0,-1,-1,0
0057.txt,1,11049348471425476489,257,0,-1,-1,0,35,0,-1,-1,0
0057.txt,2,11049348471425476489,257,1,259,258,0,103,25,-1,-1,0
0057.txt,3,11049348471425476489,257,0,-1,-1,0,13,0,-1,-1,0
0057.txt,4,11049348471425476489,257,0,-1,-1,0,9,0,-1,-1,0
0057.txt,5,11049348471425476489,257,1,259,259,0,35,22,-1,-1,0
0057.txt,6,11049348471425476489,257,0,-1,-1,0,67,0,-1,-1,0
0057.txt,7,11049348471425476489,257,0,-1,-1,0,12,0,-1,-1,0
0057.txt,8,11049348471425476489,257,1,260,260,0,46,21,-1,-1,0
0057.txt,9,11049348471425476489,257,1,259,257,0,71,21,-1,-1,0
0057.txt,10,11049348471425476489,257,1,258,258,0,65,19,-1,-1,0
0057.txt,11,11049348471425476489,257,0,-1,-1,0,20,0,-1,-1,0
0057.txt,12,11049348471425476489,257,1,257,257,1,30,19,-1,-1,0
0057.txt,13,11049348471425476489,257,1,257,257,1,46,19,-1,-1,0
0057.txt,14,11049348471425476489,257,1,259,257,1,80,19,-1,-1,0
0057.txt,15,11049348471425476489,257,0,-1,-1,0,53,0,-1,-1,0
0057.txt,16,11049348471425476489,257,0,-1,-1,0,43,0,-1,-1,0
0057.txt,17,11049348471425476489,257,0,-1,-1,0,64,0,-1,-1,0
0057.txt,18,11049348471425476489,257,0,-1,-1,0,121,0,-1,-1,0
0057.txt,19,11049348471425476489,257,0,-1,-1,0,23,0,-1,-1,0
0057.txt,20,11049348471425476489,257,0,-1,-1,0,27,0,-1,-1,0
0057.txt,21,11049348471425476489,257,0,-1,-1,0,8,0,-1,-1,0
0057.txt,22,11049348471425476489,257,0,-1,-1,0,116,0,-1,-1,0
0057.txt,23,11049348471425476489,257,1,259,258,0,222,21,-1,-1,0
0057.txt,24,11049348471425476489,257,0,-1,-1,0,146,0,-1,-1,0
0057.txt,25,11049348471425476489,257,0,-1,-1,0,118,0,-1,-1,0
0057.txt,26,11049348471425476489,257,0,-1,-1,0,38,0,-1,-1,0
0057.txt,27,11049348471425476489,257,0,-1,-1,0,53,0,-1,-1,0
0057.txt,28,11049348471425476489,257,0,-1,-1,0,15,0,-1,-1,0
0057.txt,29,11049348471425476489,257,0,-1,-1,0,18,0,-1,-1,0
0057.txt,30,11049348471425476489,257,0,-1,-1,0,38,0,-1,-1,0
0057.txt,31,11049348471425476489,257,1,258,257,0,155,21,-1,-1,0
0057.txt,32,11049348471425476489,257,0,-1,-1,0,112,0,-1,-1,0
0057.txt,33,11049348471425476489,257,1,257,257,1,70,24,-1,-1,0
0057.txt,34,11049348471425476489,257,0,-1,-1,0,13,0,-1,-1,0
0057.txt,35,11049348471425476489,257,0,-1,-1,0,22,0,-1,-1,0
0057.txt,36,11049348471425476489,257,1,257,257,0,72,22,-1,-1,0
0057.txt,37,11049348471425476489,257,0,-1,-1,0,68,0,-1,-1,0
0057.txt,38,11049348471425476489,257,1,257,257,0,109,20,-1,-1,0
0057.txt,39,11049348471425476489,257,0,-1,-1,0,12,0,-1,-1,0
0057.txt,40,11049348471425476489,257,0,-1,-1,0,16,0,-1,-1,0
0057.txt,41,11049348471425476489,257,1,258,258,0,56,20,-1,-1,0
0057.txt,42,11049348471425476489,257,0,-1,-1,0,8,0,-1,-1,0
0057.txt,43,11049348471425476489,257,0,-1,-1,0,13,0,-1,-1,0
0057.txt,44,11049348471425476489,257,0,-1,-1,0,9,0,-1,-1,0
0057.txt,45,11049348471425476489,257,1,258,258,0,47,19,-1,-1,0
0057.txt,46,11049348471425476489,257,1,258,258,0,28,19,-1,-1,0
0057.txt,47,11049348471425476489,257,1,259,256,0,168,21,-1,-1,0
0057.txt,48,11049348471425476489,257,0,-1,-1,0,70,0,-1,-1,0
0057.txt,49,11049348471425476489,257,0,-1,-1,0,17,0,-1,-1,0
0057.txt,50,11049348471425476489,257,0,-1,-1,0,107,0,-1,-1,0
0057.txt,51,11049348471425476489,257,1,257,257,1,76,20,-1,-1,0
0057.txt,52,11049348471425476489,257,1,256,256,0,36,20,-1,-1,0
0057.txt,53,11049348471425476489,257,1,260,258,0,129,20,-1,-1,0
0057.txt,54,11049348471425476489,257,1,258,257,0,156,19,-1,-1,0
0057.txt,55,11049348471425476489,257,0,-1,-1,0,136,0,-1,-1,0
0057.txt,56,11049348471425476489,257,0,-1,-1,0,11,0,-1,-1,0
0057.txt,57,11049348471425476489,257,0,-1,-1,0,120,0,-1,-1,0
0057.txt,58,11049348471425476489,257,1,260,257,1,120,20,-1,-1,0
0057.txt,59,11049348471425476489,257,1,257,257,1,65,19,-1,-1,0
0057.txt,60,11049348471425476489,257,1,259,257,1,74,20,-1,-1,0
0057.txt,61,11049348471425476489,257,1,257,257,0,35,18,-1,-1,0
0057.txt,62,11049348471425476489,257,1,257,257,0,39,19,-1,-1,0
0057.txt,63,11049348471425476489,257,0,-1,-1,0,67,0,-1,-1,0
0058.txt,0,12671460755262361804,313,0,-1,-1,0,120,0,-1,-1,0
0058.txt,1,12671460755262361804,313,0,-1,-1,0,98,0,-1,-1,0
0058.txt,2,12671460755262361804,313,0,-1,-1,0,118,0,-1,-1,0
0058.txt,3,12671460755262361804,313,1,315,313,0,229,33,-1,-1,0
0058.txt,4,12671460755262361804,313,0,-1,-1,0,60,0,-1,-1,0
0058.txt,5,12671460755262361804,313,1,315,315,0,217,30,-1,-1,0
0058.txt,6,12671460755262361804,313,1,314,313,1,253,28,-1,-1,0
0058.txt,7,12671460755262361804,313,0,-1,-1,0,12,0,-1,-1,0
0058.txt,8,12671460755262361804,313,1,315,313,0,34,26,-1,-1,0
0058.txt,9,12671460755262361804,313,0,-1,-1,0,59,0,-1,-1,0
0058.txt,10,12671460755262361804,313,0,-1,-1,0,129,0,-1,-1,0
0058.txt,11,12671460755262361804,313,0,-1,-1,0,58,0,-1,-1,0
0058.txt,12,12671460755262361804,313,0,-1,-1,0,162,0,-1,-1,0
0058.txt,13,12671460755262361804,313,1,313,313,0,162,25,-1,-1,0
0058.txt,14,12671460755262361804,313,1,316,316,0,123,26,-1,-1,0
0058.txt,15,12671460755262361804,313,0,-1,-1,0,134,0,-1,-1,0
0058.txt,16,12671460755262361804,313,1,315,314,0,134,25,-1,-1,0
0058.txt,17,12671460755262361804,313,1,313,313,1,56,25,-1,-1,0
0058.txt,18,12671460755262361804,313,0,-1,-1,0,225,0,-1,-1,0
0058.txt,19,12671460755262361804,313,0,-1,-1,0,147,0,-1,-1,0
0058.txt,20,12671460755262361804,313,0,-1,-1,0,149,0,-1,-1,0
0058.txt,21,12671460755262361804,313,0,-1,-1,0,11,0,-1,-1,0
0058.txt,22,12671460755262361804,313,1,313,313,1,71,24,-1,-1,0
0058.txt,23,12671460755262361804,313,0,-1,-1,0,13,0,-1,-1,0
0058.txt,24,12671460755262361804,313,1,313,313,1,454,24,-1,-1,0
0058.txt,25,12671460755262361804,313,0,-1,-1,0,15,0,-1,-1,0
0058.txt,26,12671460755262361804,313,1,313,313,0,176,25,-1,-1,0
0058.txt,27,12671460755262361804,313,0,-1,-1,0,165,0,-1,-1,0
0058.txt,28,12671460755262361804,313,1,315,313,0,189,26,-1,-1,0
0058.txt,29,12671460755262361804,313,0,-1,-1,0,8,0,-1,-1,0
0058.txt,30,12671460755262361804,313,1,315,313,1,135,25,-1,-1,0
0058.txt,31,12671460755262361804,313,0,-1,-1,0,7,0,-1,-1,0
0058.txt,32,12671460755262361804,313,1,312,312,0,122,24,-1,-1,0
0058.txt,33,12671460755262361804,313,0,-1,-1,0,355,0,-1,-1,0
0058.txt,34,12671460755262361804,313,0,-1,-1,0,21,0,-1,-1,0
0058.txt,35,12671460755262361804,313,1,316,315,0,92,24,-1,-1,0
0058.txt,36,12671460755262361804,313,0,-1,-1,0,360,0,-1,-1,0
0058.txt,37,12671460755262361804,313,1,315,315,0,131,25,-1,-1,0
0058.txt,38,12671460755262361804,313,0,-1,-1,0,18,0,-1,-1,0
0058.txt,39,12671460755262361804,313,0,-1,-1,0,45,0,-1,-1,0
0058.txt,40,12671460755262361804,313,1,313,313,0,305,24,-1,-1,0
0058.txt,41,12671460755262361804,313,1,314,313,1,97,24,-1,-1,0
0058.txt,42,12671460755262361804,313,0,-1,-1,0,261,0,-1,-1,0
0058.txt,43,12671460755262361804,313,0,-1,-1,0,43,0,-1,-1,0
0058.txt,44,12671460755262361804,313,0,-1,-1,0,165,0,-1,-1,0
0058.txt,45,12671460755262361804,313,0,-1,-1,0,37,0,-1,-1,0
0058.txt,46,12671460755262361804,313,0,-1,-1,0,10,0,-1,-1,0
0058.txt,47,12671460755262361804,313,0,-1,-1,0,17,0,-1,-1,0
0058.txt,48,12671460755262361804,313,0,-1,-1,0,53,0,-1,-1,0
0058.txt,49,12671460755262361804,313,0,-1,-1,0,152,0,-1,-1,0
0058.txt,50,12671460755262361804,313,1,315,313,1,117,27,-1,-1,0
0058.txt,51,12671460755262361804,313,0,-1,-1,0,9,0,-1,-1,0
0058.txt,52,12671460755262361804,313,1,312,312,0,393,27,-1,-1,0
0058.txt,53,12671460755262361804,313,0,-1,-1,0,41,0,-1,-1,0
0058.txt,54,12671460755262361804,313,0,-1,-1,0,7,0,-1,-1,0
0058.txt,55,12671460755262361804,313,1,315,315,0,283,26,-1,-1,0
0058.txt,56,12671460755262361804,313,1,313,313,1,136,25,-1,-1,0
0058.txt,57,12671460755262361804,313,0,-1,-1,0,9,0,-1,-1,0
0058.txt,58,12671460755262361804,313,0,-1,-1,0,58,0,-1,-1,0
0058.txt,59,12671460755262361804,313,0,-1,-1,0,45,0,-1,-1,0
0058.txt,60,12671460755262361804,313,1,314,314,0,19,24,-1,-1,0
0058.txt,61,12671460755262361804,313,0,-1,-1,0,163,0,-1,-1,0
0058.txt,62,12671460755262361804,313,0,-1,-1,0,191,0,-1,-1,0
0058.txt,63,12671460755262361804,313,0,-1,-1,0,89,0,-1,-1,0
0059.txt,0,9514175600306707519,68,0,-1,-1,0,6,0,-1,-1,0
0059.txt,1,9514175600306707519,68,0,-1,-1,0,0,0,-1,-1,0
0059.txt,2,9514175600306707519,68,0,-1,-1,0,42,0,-1,-1,0
0059.txt,3,9514175600306707519,68,1,71,68,1,29,8,-1,-1,0
0059.txt,4,9514175600306707519,68,0,-1,-1,0,8,0,-1,-1,0
0059.txt,5,9514175600306707519,68,1,71,68,1,22,7,-1,-1,0
0059.txt,6,9514175600306707519,68,1,68,68,1,43,6,-1,-1,0
0059.txt,7,9514175600306707519,68,1,71,68,1,20,7,-1,-1,0
0059.txt,8,9514175600306707519,68,0,-1,-1,0,19,0,-1,-1,0
0059.txt,9,9514175600306707519,68,0,-1,-1,0,1,0,-1,-1,0
0059.txt,10,9514175600306707519,68,1,69,68,1,33,6,-1,-1,0
0059.txt,11,9514175600306707519,68,1,69,68,1,36,6,-1,-1,0
0059.txt,12,9514175600306707519,68,1,70,68,0,52,6,-1,-1,0
0059.txt,13,9514175600306707519,68,1,69,68,0,79,6,-1,-1,0
0059.txt,14,9514175600306707519,68,0,-1,-1,0,29,0,-1,-1,0
0059.txt,15,9514175600306707519,68,1,68,68,1,13,5,-1,-1,0
0059.txt,16,9514175600306707519,68,1,69,68,1,46,5,-1,-1,0
0059.txt,17,9514175600306707519,68,1,71,68,1,23,7,-1,-1,0
0059.txt,18,9514175600306707519,68,1,68,68,0,46,5,-1,-1,0
0059.txt,19,9514175600306707519,68,0,-1,-1,0,4,0,-1,-1,0
0059.txt,20,9514175600306707519,68,1,68,68,1,31,6,-1,-1,0
0059.txt,21,9514175600306707519,68,0,-1,-1,0,13,0,-1,-1,0
0059.txt,22,9514175600306707519,68,0,-1,-1,0,20,0,-1,-1,0
0059.txt,23,9514175600306707519,68,1,70,68,0,39,6,-1,-1,0
0059.txt,24,9514175600306707519,68,1,70,68,1,38,6,-1,-1,0
0059.txt,25,9514175600306707519,68,1,68,68,1,11,7,-1,-1,0
0059.txt,26,9514175600306707519,68,1,70,68,1,30,6,-1,-1,0
0059.txt,27,9514175600306707519,68,0,-1,-1,0,0,0,-1,-1,0
0059.txt,28,9514175600306707519,68,1,71,69,0,36,6,-1,-1,0
0059.txt,29,9514175600306707519,68,0,-1,-1,0,26,1,-1,-1,0
0059.txt,30,9514175600306707519,68,0,-1,-1,0,10,0,-1,-1,0
0059.txt,31,9514175600306707519,68,0,-1,-1,0,17,0,-1,-1,0
0059.txt,32,9514175600306707519,68,0,-1,-1,0,0,0,-1,-1,0
0059.txt,33,9514175600306707519,68,1,71,71,0,17,6,-1,-1,0
0059.txt,34,9514175600306707519,68,1,69,68,1,23,5,-1,-1,0
0059.txt,35,9514175600306707519,68,1,69,68,1,52,6,-1,-1,0
0059.txt,36,9514175600306707519,68,1,69,68,0,53,6,-1,-1,0
0059.txt,37,9514175600306707519,68,1,71,68,1,19,8,-1,-1,0
0059.txt,38,9514175600306707519,68,1,69,68,0,67,7,-1,-1,0
0059.txt,39,9514175600306707519,68,1,68,68,1,14,7,-1,-1,0
0059.txt,40,9514175600306707519,68,0,-1,-1,0,17,0,-1,-1,0
0059.txt,41,9514175600306707519,68,1,68,68,1,31,6,-1,-1,0
0059.txt,42,9514175600306707519,68,1,69,68,0,52,6,-1,-1,0
0059.txt,43,9514175600306707519,68,0,-1,-1,0,7,0,-1,-1,0
0059.txt,44,9514175600306707519,68,1,68,68,0,48,6,-1,-1,0
0059.txt,45,9514175600306707519,68,1,68,68,1,21,5,-1,-1,0
0059.txt,46,9514175600306707519,68,1,70,68,1,58,7,-1,-1,0
0059.txt,47,9514175600306707519,68,0,-1,-1,0,7,0,-1,-1,0
0059.txt,48,9514175600306707519,68,0,-1,-1,0,10,0,-1,-1,0
0059.txt,49,9514175600306707519,68,0,-1,-1,0,5,0,-1,-1,0
0059.txt,50,9514175600306707519,68,0,-1,-1,0,4,0,-1,-1,0
0059.txt,51,9514175600306707519,68,0,-1,-1,0,16,0,-1,-1,0
0059.txt,52,9514175600306707519,68,1,69,68,1,52,5,-1,-1,0
0059.txt,53,9514175600306707519,68,1,69,68,0,44,5,-1,-1,0
0059.txt,54,9514175600306707519,68,1,70,68,1,33,6,-1,-1,0
0059.txt,55,9514175600306707519,68,1,68,68,0,14,6,-1,-1,0
0059.txt,56,9514175600306707519,68,1,68,68,1,10,6,-1,-1,0
0059.txt,57,9514175600306707519,68,0,-1,-1,0,9,0,-1,-1,0
0059.txt,58,9514175600306707519,68,0,-1,-1,0,1,0,-1,-1,0
0059.txt,59,9514175600306707519,68,1,69,68,0,43,6,-1,-1,0
0059.txt,60,9514175600306707519,68,1,71,68,1,22,7,-1,-1,0
0059.txt,61,9514175600306707519,68,1,68,68,0,34,6,-1,-1,0
0059.txt,62,9514175600306707519,68,0,-1,-1,0,2,0,-1,-1,0
0059.txt,63,9514175600306707519,68,1,68,68,1,42,6,-1,-1,0
0060.txt,0,10489303390576813114,156,0,-1,-1,0,52,0,-1,-1,0
0060.txt,1,10489303390576813114,156,1,158,158,0,58,18,-1,-1,0
0060.txt,2,10489303390576813114,156,0,-1,-1,0,58,0,-1,-1,0
0060.txt,3,10489303390576813114,156,1,158,157,0,127,16,-1,-1,0
0060.txt,4,10489303390576813114,156,0,-1,-1,0,16,0,-1,-1,0
0060.txt,5,10489303390576813114,156,1,158,158,0,198,15,-1,-1,0
0060.txt,6,10489303390576813114,156,0,-1,-1,0,62,0,-1,-1,0
0060.txt,7,10489303390576813114,156,1,159,158,0,115,15,-1,-1,0
0060.txt,8,10489303390576813114,156,0,-1,-1,0,86,0,-1,-1,0
0060.txt,9,10489303390576813114,156,1,156,156,1,20,14,-1,-1,0
0060.txt,10,10489303390576813114,156,0,-1,-1,0,15,0,-1,-1,0
0060.txt,11,10489303390576813114,156,0,-1,-1,0,9,0,-1,-1,0
0060.txt,12,10489303390576813114,156,1,159,156,1,58,14,-1,-1,0
0060.txt,13,10489303390576813114,156,0,-1,-1,0,79,0,-1,-1,0
0060.txt,14,10489303390576813114,156,0,-1,-1,0,42,0,-1,-1,0
0060.txt,15,10489303390576813114,156,0,-1,-1,0,1,0,-1,-1,0
0060.txt,16,10489303390576813114,156,0,-1,-1,0,12,0,-1,-1,0
0060.txt,17,10489303390576813114,156,0,-1,-1,0,240,0,-1,-1,0
0060.txt,18,10489303390576813114,156,1,157,156,1,52,14,-1,-1,0
0060.txt,19,10489303390576813114,156,1,159,158,0,90,14,-1,-1,0
0060.txt,20,10489303390576813114,156,0,-1,-1,0,59,0,-1,-1,0
0060.txt,21,10489303390576813114,156,1,158,156,1,96,15,-1,-1,0
0060.txt,22,10489303390576813114,156,0,-1,-1,0,25,0,-1,-1,0
0060.txt,23,10489303390576813114,156,0,-1,-1,0,36,1,-1,-1,0
0060.txt,24,10489303390576813114,156,0,-1,-1,0,44,0,-1,-1,0
0060.txt,25,10489303390576813114,156,1,156,156,1,23,13,-1,-1,0
0060.txt,26,10489303390576813114,156,1,156,156,0,32,13,-1,-1,0
0060.txt,27,10489303390576813114,156,0,-1,-1,0,10,0,-1,-1,0
0060.txt,28,10489303390576813114,156,1,157,157,0,33,13,-1,-1,0
0060.txt,29,10489303390576813114,156,1,157,157,0,26,12,-1,-1,0
0060.txt,30,10489303390576813114,156,0,-1,-1,0,70,0,-1,-1,0
0060.txt,31,10489303390576813114,156,1,159,158,0,107,13,-1,-1,0
0060.txt,32,10489303390576813114,156,0,-1,-1,0,0,0,-1,-1,0
0060.txt,33,10489303390576813114,156,0,-1,-1,0,37,0,-1,-1,0
0060.txt,34,10489303390576813114,156,0,-1,-1,0,12,0,-1,-1,0
0060.txt,35,10489303390576813114,156,0,-1,-1,0,14,0,-1,-1,0
0060.txt,36,10489303390576813114,156,1,156,156,1,12,13,-1,-1,0
0060.txt,37,10489303390576813114,156,0,-1,-1,0,56,0,-1,-1,0
0060.txt,38,10489303390576813114,156,0,-1,-1,0,44,0,-1,-1,0
0060.txt,39,10489303390576813114,156,0,-1,-1,0,11,0,-1,-1,0
0060.txt,40,10489303390576813114,156,0,-1,-1,0,6,0,-1,-1,0
0060.txt,41,10489303390576813114,156,0,-1,-1,0,10,0,-1,-1,0
0060.txt,42,10489303390576813114,156,0,-1,-1,0,7,0,-1,-1,0
0060.txt,43,10489303390576813114,156,1,159,157,0,100,15,-1,-1,0
0060.txt,44,10489303390576813114,156,0,-1,-1,0,27,0,-1,-1,0
0060.txt,45,10489303390576813114,156,0,-1,-1,0,30,0,-1,-1,0
0060.txt,46,10489303390576813114,156,0,-1,-1,0,11,0,-1,-1,0
0060.txt,47,10489303390576813114,156,1,157,157,0,85,13,-1,-1,0
0060.txt,48,10489303390576813114,156,0,-1,-1,0,55,0,-1,-1,0
0060.txt,49,10489303390576813114,156,0,-1,-1,0,61,0,-1,-1,0
0060.txt,50,10489303390576813114,156,0,-1,-1,0,75,0,-1,-1,0
0060.txt,51,10489303390576813114,156,0,-1,-1,0,118,0,-1,-1,0
0060.txt,52,10489303390576813114,156,0,-1,-1,0,15,0,-1,-1,0
0060.txt,53,10489303390576813114,156,0,-1,-1,0,13,0,-1,-1,0
0060.txt,54,10489303390576813114,156,1,157,156,1,152,14,-1,-1,0
0060.txt,55,10489303390576813114,156,0,-1,-1,0,113,0,-1,-1,0
0060.txt,56,10489303390576813114,156,1,156,156,0,53,13,-1,-1,0
0060.txt,57,10489303390576813114,156,0,-1,-1,0,7,0,-1,-1,0
0060.txt,58,10489303390576813114,156,1,159,159,0,42,13,-1,-1,0
0060.txt,59,10489303390576813114,156,0,-1,-1,0,11,0,-1,-1,0
0060.txt,60,10489303390576813114,156,0,-1,-1,0,7,0,-1,-1,0
0060.txt,61,10489303390576813114,156,1,156,156,1,11,12,-1,-1,0
0060.txt,62,10489303390576813114,156,0,-1,-1,0,10,0,-1,-1,0
0060.txt,63,10489303390576813114,156,0,-1,-1,0,29,0,-1,-1,0
0061.txt,0,2724986518173902718,292,0,-1,-1,0,31,0,-1,-1,0
0061.txt,1,2724986518173902718,292,1,293,292,0,178,29,-1,-1,0
0061.txt,2,2724986518173902718,292,0,-1,-1,0,16,0,-1,-1,0
0061.txt,3,2724986518173902718,292,1,292,292,0,163,27,-1,-1,0
0061.txt,4,2724986518173902718,292,1,293,292,1,61,24,-1,-1,0
0061.txt,5,2724986518173902718,292,1,292,292,1,161,24,-1,-1,0
0061.txt,6,2724986518173902718,292,1,292,292,0,125,25,-1,-1,0
0061.txt,7,2724986518173902718,292,0,-1,-1,0,123,0,-1,-1,0
0061.txt,8,2724986518173902718,292,1,295,294,0,300,23,-1,-1,0
0061.txt,9,2724986518173902718,292,0,-1,-1,0,106,0,-1,-1,0
0061.txt,10,2724986518173902718,292,0,-1,-1,0,288,0,-1,-1,0
0061.txt,11,2724986518173902718,292,0,-1,-1,0,126,0,-1,-1,0
0061.txt,12,2724986518173902718,292,1,295,292,1,77,31,-1,-1,0
0061.txt,13,2724986518173902718,292,1,292,292,1,7,22,-1,-1,0
0061.txt,14,2724986518173902718,292,1,292,292,1,46,22,-1,-1,0
0061.txt,15,2724986518173902718,292,0,-1,-1,0,120,0,-1,-1,0
0061.txt,16,2724986518173902718,292,0,-1,-1,0,88,0,-1,-1,0
0061.txt,17,2724986518173902718,292,1,295,295,0,208,23,-1,-1,0
0061.txt,18,2724986518173902718,292,0,-1,-1,0,147,0,-1,-1,0
0061.txt,19,2724986518173902718,292,0,-1,-1,0,147,0,-1,-1,0
0061.txt,20,2724986518173902718,292,1,294,294,0,74,22,-1,-1,0
0061.txt,21,2724986518173902718,292,0,-1,-1,0,8,0,-1,-1,0
0061.txt,22,2724986518173902718,292,0,-1,-1,0,51,0,-1,-1,0
0061.txt,23,2724986518173902718,292,0,-1,-1,0,11,0,-1,-1,0
0061.txt,24,2724986518173902718,292,1,295,295,0,167,23,-1,-1,0
0061.txt,25,2724986518173902718,292,0,-1,-1,0,94,0,-1,-1,0
0061.txt,26,2724986518173902718,292,0,-1,-1,0,178,0,-1,-1,0
0061.txt,27,2724986518173902718,292,0,-1,-1,0,206,0,-1,-1,0
0061.txt,28,2724986518173902718,292,1,292,292,1,57,22,-1,-1,0
0061.txt,29,2724986518173902718,292,0,-1,-1,0,11,0,-1,-1,0
0061.txt,30,2724986518173902718,292,1,294,293,0,143,23,-1,-1,0
0061.txt,31,2724986518173902718,292,0,-1,-1,0,7,0,-1,-1,0
0061.txt,32,2724986518173902718,292,1,292,292,1,43,22,-1,-1,0
0061.txt,33,2724986518173902718,292,1,295,292,1,84,23,-1,-1,0
0061.txt,34,2724986518173902718,292,1,293,292,0,124,22,-1,-1,0
0061.txt,35,2724986518173902718,292,0,-1,-1,0,12,0,-1,-1,0
0061.txt,36,2724986518173902718,292,1,293,292,1,78,22,-1,-1,0
0061.txt,37,2724986518173902718,292,1,294,292,1,37,23,-1,-1,0
0061.txt,38,2724986518173902718,292,1,292,292,0,134,23,-1,-1,0
0061.txt,39,2724986518173902718,292,0,-1,-1,0,112,0,-1,-1,0
0061.txt,40,2724986518173902718,292,0,-1,-1,0,75,0,-1,-1,0
0061.txt,41,2724986518173902718,292,0,-1,-1,0,96,0,-1,-1,0
0061.txt,42,2724986518173902718,292,0,-1,-1,0,54,0,-1,-1,0
0061.txt,43,2724986518173902718,292,1,294,292,0,125,22,-1,-1,0
0061.txt,44,2724986518173902718,292,1,294,292,0,192,23,-1,-1,0
0061.txt,45,2724986518173902718,292,0,-1,-1,0,9,1,-1,-1,0
0061.txt,46,2724986518173902718,292,1,294,294,0,60,22,-1,-1,0
0061.txt,47,2724986518173902718,292,1,292,292,1,33,23,-1,-1,0
0061.txt,48,2724986518173902718,292,1,293,292,0,207,22,-1,-1,0
0061.txt,49,2724986518173902718,292,1,292,292,0,75,22,-1,-1,0
0061.txt,50,2724986518173902718,292,1,294,294,0,82,22,-1,-1,0
0061.txt,51,2724986518173902718,292,1,295,294,0,65,23,-1,-1,0
0061.txt,52,2724986518173902718,292,0,-1,-1,0,35,0,-1,-1,0
0061.txt,53,2724986518173902718,292,0,-1,-1,0,15,0,-1,-1,0
0061.txt,54,2724986518173902718,292,0,-1,-1,0,119,0,-1,-1,0
0061.txt,55,2724986518173902718,292,1,292,292,1,50,22,-1,-1,0
0061.txt,56,2724986518173902718,292,0,-1,-1,0,218,0,-1,-1,0
0061.txt,57,2724986518173902718,292,1,292,292,1,54,21,-1,-1,0
0061.txt,58,2724986518173902718,292,1,294,292,1,90,23,-1,-1,0
0061.txt,59,2724986518173902718,292,0,-1,-1,0,408,0,-1,-1,0
0061.txt,60,2724986518173902718,292,0,-1,-1,0,173,0,-1,-1,0
0061.txt,61,2724986518173902718,292,0,-1,-1,0,29,0,-1,-1,0
0061.txt,62,2724986518173902718,292,1,294,292,1,161,30,-1,-1,0
0061.txt,63,2724986518173902718,292,1,293,292,1,97,25,-1,-1,0
0062.txt,0,18156648268841527513,168,0,-1,-1,0,37,0,-1,-1,0
0062.txt,1,18156648268841527513,168,1,168,168,1,13,17,-1,-1,0
0062.txt,2,18156648268841527513,168,1,170,168,1,173,16,-1,-1,0
0062.txt,3,18156648268841527513,168,0,-1,-1,0,29,0,-1,-1,0
0062.txt,4,18156648268841527513,168,1,171,169,0,95,16,-1,-1,0
0062.txt,5,18156648268841527513,168,0,-1,-1,0,86,0,-1,-1,0
0062.txt,6,18156648268841527513,168,0,-1,-1,0,5,0,-1,-1,0
0062.txt,7,18156648268841527513,168,0,-1,-1,0,92,0,-1,-1,0
0062.txt,8,18156648268841527513,168,0,-1,-1,0,40,0,-1,-1,0
0062.txt,9,18156648268841527513,168,1,169,169,0,30,13,-1,-1,0
0062.txt,10,18156648268841527513,168,1,171,170,0,146,15,-1,-1,0
0062.txt,11,18156648268841527513,168,0,-1,-1,0,11,0,-1,-1,0
0062.txt,12,18156648268841527513,168,0,-1,-1,0,13,0,-1,-1,0
0062.txt,13,18156648268841527513,168,0,-1,-1,0,15,0,-1,-1,0
0062.txt,14,18156648268841527513,168,1,168,168,0,177,13,-1,-1,0
0062.txt,15,18156648268841527513,168,0,-1,-1,0,11,0,-1,-1,0
0062.txt,16,18156648268841527513,168,0,-1,-1,0,59,0,-1,-1,0
0062.txt,17,18156648268841527513,168,1,169,168,1,30,15,-1,-1,0
0062.txt,18,18156648268841527513,168,0,-1,-1,0,1,0,-1,-1,0
0062.txt,19,18156648268841527513,168,1,171,169,0,61,14,-1,-1,0
0062.txt,20,18156648268841527513,168,0,-1,-1,0,26,0,-1,-1,0
0062.txt,21,18156648268841527513,168,0,-1,-1,0,27,0,-1,-1,0
0062.txt,22,18156648268841527513,168,1,171,169,0,83,14,-1,-1,0
0062.txt,23,18156648268841527513,168,0,-1,-1,0,15,0,-1,-1,0
0062.txt,24,18156648268841527513,168,0,-1,-1,0,12,0,-1,-1,0
0062.txt,25,18156648268841527513,168,0,-1,-1,0,69,0,-1,-1,0
0062.txt,26,18156648268841527513,168,1,169,168,1,181,12,-1,-1,0
0062.txt,27,18156648268841527513,168,0,-1,-1,0,17,0,-1,-1,0
0062.txt,28,18156648268841527513,168,0,-1,-1,0,35,0,-1,-1,0
0062.txt,29,18156648268841527513,168,0,-1,-1,0,62,0,-1,-1,0
0062.txt,30,18156648268841527513,168,1,169,168,0,120,13,-1,-1,0
0062.txt,31,18156648268841527513,168,0,-1,-1,0,5,0,-1,-1,0
0062.txt,32,18156648268841527513,168,0,-1,-1,0,10,0,-1,-1,0
0062.txt,33,18156648268841527513,168,0,-1,-1,0,32,0,-1,-1,0
0062.txt,34,18156648268841527513,168,0,-1,-1,0,7,0,-1,-1,0
0062.txt,35,18156648268841527513,168,1,170,168,1,23,12,-1,-1,0
0062.txt,36,18156648268841527513,168,0,-1,-1,0,58,0,-1,-1,0
0062.txt,37,18156648268841527513,168,0,-1,-1,0,21,0,-1,-1,0
0062.txt,38,18156648268841527513,168,1,169,168,0,94,12,-1,-1,0
0062.txt,39,18156648268841527513,168,0,-1,-1,0,44,0,-1,-1,0
0062.txt,40,18156648268841527513,168,0,-1,-1,0,9,1,-1,-1,0
0062.txt,41,18156648268841527513,168,1,170,168,1,67,13,-1,-1,0
0062.txt,42,18156648268841527513,168,0,-1,-1,0,3,0,-1,-1,0
0062.txt,43,18156648268841527513,168,1,169,168,1,79,12,-1,-1,0
0062.txt,44,18156648268841527513,168,0,-1,-1,0,10,0,-1,-1,0
0062.txt,45,18156648268841527513,168,0,-1,-1,0,89,0,-1,-1,0
0062.txt,46,18156648268841527513,168,1,169,168,0,95,13,-1,-1,0
0062.txt,47,18156648268841527513,168,0,-1,-1,0,8,1,-1,-1,0
0062.txt,48,18156648268841527513,168,0,-1,-1,0,71,0,-1,-1,0
0062.txt,49,18156648268841527513,168,1,171,168,0,72,14,-1,-1,0
0062.txt,50,18156648268841527513,168,1,170,168,1,84,13,-1,-1,0
0062.txt,51,18156648268841527513,168,0,-1,-1,0,66,0,-1,-1,0
0062.txt,52,18156648268841527513,168,0,-1,-1,0,18,0,-1,-1,0
0062.txt,53,18156648268841527513,168,0,-1,-1,0,11,0,-1,-1,0
0062.txt,54,18156648268841527513,168,1,168,168,1,48,12,-1,-1,0
0062.txt,55,18156648268841527513,168,0,-1,-1,0,40,0,-1,-1,0
0062.txt,56,18156648268841527513,168,1,170,169,0,65,13,-1,-1,0
0062.txt,57,18156648268841527513,168,0,-1,-1,0,57,0,-1,-1,0
0062.txt,58,18156648268841527513,168,0,-1,-1,0,62,0,-1,-1,0
0062.txt,59,18156648268841527513,168,0,-1,-1,0,11,0,-1,-1,0
0062.txt,60,18156648268841527513,168,0,-1,-1,0,8,0,-1,-1,0
0062.txt,61,18156648268841527513,168,0,-1,-1,0,15,0,-1,-1,0
0062.txt,62,18156648268841527513,168,1,170,169,0,68,12,-1,-1,0
0062.txt,63,18156648268841527513,168,1,168,168,1,29,13,-1,-1,0
0063.txt,0,5472601824228119149,257,1,258,257,1,207,25,-1,-1,0
0063.txt,1,5472601824228119149,257,0,-1,-1,0,79,0,-1,-1,0
0063.txt,2,5472601824228119149,257,1,259,257,1,198,24,-1,-1,0
0063.txt,3,5472601824228119149,257,1,257,257,1,71,21,-1,-1,0
0063.txt,4,5472601824228119149,257,0,-1,-1,0,28,0,-1,-1,0
0063.txt,5,5472601824228119149,257,0,-1,-1,0,18,0,-1,-1,0
0063.txt,6,5472601824228119149,257,0,-1,-1,0,133,0,-1,-1,0
0063.txt,7,5472601824228119149,257,0,-1,-1,0,11,0,-1,-1,0
0063.txt,8,5472601824228119149,257,0,-1,-1,0,16,0,-1,-1,0
0063.txt,9,5472601824228119149,257,1,258,257,1,54,21,-1,-1,0
0063.txt,10,5472601824228119149,257,1,257,257,0,53,20,-1,-1,0
0063.txt,11,5472601824228119149,257,0,-1,-1,0,7,0,-1,-1,0
0063.txt,12,5472601824228119149,257,0,-1,-1,0,24,0,-1,-1,0
0063.txt,13,5472601824228119149,257,0,-1,-1,0,12,0,-1,-1,0
0063.txt,14,5472601824228119149,257,0,-1,-1,0,11,0,-1,-1,0
0063.txt,15,5472601824228119149,257,0,-1,-1,0,181,0,-1,-1,0
0063.txt,16,5472601824228119149,257,0,-1,-1,0,8,0,-1,-1,0
0063.txt,17,5472601824228119149,257,0,-1,-1,0,166,0,-1,-1,0
0063.txt,18,5472601824228119149,257,0,-1,-1,0,14,0,-1,-1,0
0063.txt,19,5472601824228119149,257,0,-1,-1,0,13,0,-1,-1,0
0063.txt,20,5472601824228119149,257,0,-1,-1,0,223,0,-1,-1,0
0063.txt,21,5472601824228119149,257,1,260,257,1,111,20,-1,-1,0
0063.txt,22,5472601824228119149,257,0,-1,-1,0,227,0,-1,-1,0
0063.txt,23,5472601824228119149,257,0,-1,-1,0,18,0,-1,-1,0
0063.txt,24,5472601824228119149,257,1,258,257,1,77,19,-1,-1,0
0063.txt,25,5472601824228119149,257,0,-1,-1,0,16,0,-1,-1,0
0063.txt,26,5472601824228119149,257,1,260,257,1,122,20,-1,-1,0
0063.txt,27,5472601824228119149,257,0,-1,-1,0,10,0,-1,-1,0
0063.txt,28,5472601824228119149,257,0,-1,-1,0,147,0,-1,-1,0
0063.txt,29,5472601824228119149,257,0,-1,-1,0,25,0,-1,-1,0
0063.txt,30,5472601824228119149,257,0,-1,-1,0,105,0,-1,-1,0
0063.txt,31,5472601824228119149,257,1,259,257,0,137,22,-1,-1,0
0063.txt,32,5472601824228119149,257,1,257,257,1,13,20,-1,-1,0
0063.txt,33,5472601824228119149,257,0,-1,-1,0,214,0,-1,-1,0
0063.txt,34,5472601824228119149,257,0,-1,-1,0,202,0,-1,-1,0
0063.txt,35,5472601824228119149,257,1,258,257,1,179,20,-1,-1,0
0063.txt,36,5472601824228119149,257,0,-1,-1,0,10,0,-1,-1,0
0063.txt,37,5472601824228119149,257,1,259,257,0,114,20,-1,-1,0
0063.txt,38,5472601824228119149,257,1,259,257,0,142,21,-1,-1,0
0063.txt,39,5472601824228119149,257,0,-1,-1,0,109,0,-1,-1,0
0063.txt,40,5472601824228119149,257,0,-1,-1,0,44,0,-1,-1,0
0063.txt,41,5472601824228119149,257,0,-1,-1,0,12,0,-1,-1,0
0063.txt,42,5472601824228119149,257,0,-1,-1,0,11,0,-1,-1,0
0063.txt,43,5472601824228119149,257,1,258,257,1,82,20,-1,-1,0
0063.txt,44,5472601824228119149,257,0,-1,-1,0,13,0,-1,-1,0
0063.txt,45,5472601824228119149,257,0,-1,-1,0,21,0,-1,-1,0
0063.txt,46,5472601824228119149,257,0,-1,-1,0,9,0,-1,-1,0
0063.txt,47,5472601824228119149,257,1,258,257,1,166,20,-1,-1,0
0063.txt,48,5472601824228119149,257,0,-1,-1,0,15,0,-1,-1,0
0063.txt,49,5472601824228119149,257,0,-1,-1,0,22,0,-1,-1,0
0063.txt,50,5472601824228119149,257,0,-1,-1,0,154,0,-1,-1,0
0063.txt,51,5472601824228119149,257,0,-1,-1,0,119,0,-1,-1,0
0063.txt,52,5472601824228119149,257,1,258,257,0,41,20,-1,-1,0
0063.txt,53,5472601824228119149,257,0,-1,-1,0,14,0,-1,-1,0
0063.txt,54,5472601824228119149,257,0,-1,-1,0,8,0,-1,-1,0
0063.txt,55,5472601824228119149,257,1,258,257,1,114,20,-1,-1,0
0063.txt,56,5472601824228119149,257,0,-1,-1,0,7,0,-1,-1,0
0063.txt,57,5472601824228119149,257,0,-1,-1,0,235,0,-1,-1,0
0063.txt,58,5472601824228119149,257,0,-1,-1,0,13,0,-1,-1,0
0063.txt,59,5472601824228119149,257,1,260,257,0,182,21,-1,-1,0
0063.txt,60,5472601824228119149,257,1,259,259,0,47,20,-1,-1,0
0063.txt,61,5472601824228119149,257,0,-1,-1,0,19,0,-1,-1,0
0063.txt,62,5472601824228119149,257,1,257,257,0,58,19,-1,-1,0
0063.txt,63,5472601824228119149,257,1,257,257,0,52,20,-1,-1,0
0064.txt,0,15119773257843758262,195,1,195,195,1,71,21,-1,-1,0
0064.txt,1,15119773257843758262,195,0,-1,-1,0,112,0,-1,-1,0
0064.txt,2,15119773257843758262,195,0,-1,-1,0,48,0,-1,-1,0
0064.txt,3,15119773257843758262,195,1,195,195,1,82,25,-1,-1,0
0064.txt,4,15119773257843758262,195,0,-1,-1,0,34,0,-1,-1,0
0064.txt,5,15119773257843758262,195,1,197,195,1,47,16,-1,-1,0
0064.txt,6,15119773257843758262,195,0,-1,-1,0,18,0,-1,-1,0
0064.txt,7,15119773257843758262,195,0,-1,-1,0,11,0,-1,-1,0
0064.txt,8,15119773257843758262,195,1,196,195,1,33,15,-1,-1,0
0064.txt,9,15119773257843758262,195,1,195,195,1,46,15,-1,-1,0
0064.txt,10,15119773257843758262,195,0,-1,-1,0,28,0,-1,-1,0
0064.txt,11,15119773257843758262,195,0,-1,-1,0,15,0,-1,-1,0
0064.txt,12,15119773257843758262,195,0,-1,-1,0,74,0,-1,-1,0
0064.txt,13,15119773257843758262,195,0,-1,-1,0,8,0,-1,-1,0
0064.txt,14,15119773257843758262,195,1,197,196,0,110,15,-1,-1,0
0064.txt,15,15119773257843758262,195,1,197,197,0,40,15,-1,-1,0
0064.txt,16,15119773257843758262,195,0,-1,-1,0,9,0,-1,-1,0
0064.txt,17,15119773257843758262,195,1,195,195,0,88,16,-1,-1,0
0064.txt,18,15119773257843758262,195,1,196,196,0,117,16,-1,-1,0
0064.txt,19,15119773257843758262,195,1,195,195,1,62,15,-1,-1,0
0064.txt,20,15119773257843758262,195,0,-1,-1,0,37,0,-1,-1,0
0064.txt,21,15119773257843758262,195,0,-1,-1,0,9,0,-1,-1,0
0064.txt,22,15119773257843758262,195,1,196,195,1,34,15,-1,-1,0
0064.txt,23,15119773257843758262,195,0,-1,-1,0,57,0,-1,-1,0
0064.txt,24,15119773257843758262,195,0,-1,-1,0,101,0,-1,-1,0
0064.txt,25,15119773257843758262,195,1,195,195,1,66,22,-1,-1,0
0064.txt,26,15119773257843758262,195,0,-1,-1,0,75,0,-1,-1,0
0064.txt,27,15119773257843758262,195,0,-1,-1,0,22,0,-1,-1,0
0064.txt,28,15119773257843758262,195,0,-1,-1,0,11,0,-1,-1,0
0064.txt,29,15119773257843758262,195,1,198,198,0,43,19,-1,-1,0
0064.txt,30,15119773257843758262,195,0,-1,-1,0,54,0,-1,-1,0
0064.txt,31,15119773257843758262,195,1,195,195,0,48,17,-1,-1,0
0064.txt,32,15119773257843758262,195,1,196,195,1,77,16,-1,-1,0
0064.txt,33,15119773257843758262,195,1,195,195,0,111,16,-1,-1,0
0064.txt,34,15119773257843758262,195,1,195,195,0,109,16,-1,-1,0
0064.txt,35,15119773257843758262,195,1,195,195,0,54,15,-1,-1,0
0064.txt,36,15119773257843758262,195,0,-1,-1,0,89,0,-1,-1,0
0064.txt,37,15119773257843758262,195,1,196,195,0,52,16,-1,-1,0
0064.txt,38,15119773257843758262,195,0,-1,-1,0,52,0,-1,-1,0
0064.txt,39,15119773257843758262,195,1,195,195,1,71,16,-1,-1,0
0064.txt,40,15119773257843758262,195,1,198,195,1,17,16,-1,-1,0
0064.txt,41,15119773257843758262,195,0,-1,-1,0,15,0,-1,-1,0
0064.txt,42,15119773257843758262,195,1,195,195,1,42,15,-1,-1,0
0064.txt,43,15119773257843758262,195,0,-1,-1,0,36,0,-1,-1,0
0064.txt,44,15119773257843758262,195,1,195,195,1,49,15,-1,-1,0
0064.txt,45,15119773257843758262,195,0,-1,-1,0,8,0,-1,-1,0
0064.txt,46,15119773257843758262,195,0,-1,-1,0,28,0,-1,-1,0
0064.txt,47,15119773257843758262,195,1,196,195,1,103,15,-1,-1,0
0064.txt,48,15119773257843758262,195,0,-1,-1,0,9,0,-1,-1,0
0064.txt,49,15119773257843758262,195,1,195,195,1,69,15,-1,-1,0
0064.txt,50,15119773257843758262,195,1,195,195,1,5,16,-1,-1,0
0064.txt,51,15119773257843758262,195,1,195,195,1,56,15,-1,-1,0
0064.txt,52,15119773257843758262,195,1,195,195,1,58,15,-1,-1,0
0064.txt,53,15119773257843758262,195,0,-1,-1,0,7,0,-1,-1,0
0064.txt,54,15119773257843758262,195,0,-1,-1,0,10,0,-1,-1,0
0064.txt,55,15119773257843758262,195,1,198,198,0,38,16,-1,-1,0
0064.txt,56,15119773257843758262,195,1,197,197,0,76,16,-1,-1,0
0064.txt,57,15119773257843758262,195,1,195,195,1,31,16,-1,-1,0
0064.txt,58,15119773257843758262,195,1,195,195,0,99,15,-1,-1,0
0064.txt,59,15119773257843758262,195,1,197,195,1,49,18,-1,-1,0
0064.txt,60,15119773257843758262,195,0,-1,-1,0,74,0,-1,-1,0
0064.txt,61,15119773257843758262,195,1,196,195,1,76,16,-1,-1,0
0064.txt,62,15119773257843758262,195,1,196,195,1,32,15,-1,-1,0
0064.txt,63,15119773257843758262,195,1,197,197,0,57,15,-1,-1,0
0065.txt,0,13807309880541902957,122,0,-1,-1,0,72,0,-1,-1,0
0065.txt,1,13807309880541902957,122,0,-1,-1,0,83,0,-1,-1,0
0065.txt,2,13807309880541902957,122,1,122,122,1,97,19,-1,-1,0
0065.txt,3,13807309880541902957,122,0,-1,-1,0,7,1,-1,-1,0
0065.txt,4,13807309880541902957,122,1,123,122,1,27,14,-1,-1,0
0065.txt,5,13807309880541902957,122,0,-1,-1,0,38,0,-1,-1,0
0065.txt,6,13807309880541902957,122,0,-1,-1,0,12,0,-1,-1,0
0065.txt,7,13807309880541902957,122,1,124,122,1,51,13,-1,-1,0
0065.txt,8,13807309880541902957,122,0,-1,-1,0,5,0,-1,-1,0
0065.txt,9,13807309880541902957,122,0,-1,-1,0,63,0,-1,-1,0
0065.txt,10,13807309880541902957,122,0,-1,-1,0,6,0,-1,-1,0
0065.txt,11,13807309880541902957,122,1,124,122,0,36,14,-1,-1,0
0065.txt,12,13807309880541902957,122,0,-1,-1,0,4,0,-1,-1,0
0065.txt,13,13807309880541902957,122,1,122,122,0,92,12,-1,-1,0
0065.txt,14,13807309880541902957,122,0,-1,-1,0,23,0,-1,-1,0
0065.txt,15,13807309880541902957,122,0,-1,-1,0,46,0,-1,-1,0
0065.txt,16,13807309880541902957,122,1,124,122,1,27,12,-1,-1,0
0065.txt,17,13807309880541902957,122,0,-1,-1,0,7,0,-1,-1,0
0065.txt,18,13807309880541902957,122,1,124,124,0,20,12,-1,-1,0
0065.txt,19,13807309880541902957,122,0,-1,-1,0,32,0,-1,-1,0
0065.txt,20,13807309880541902957,122,0,-1,-1,0,8,0,-1,-1,0
0065.txt,21,13807309880541902957,122,0,-1,-1,0,7,0,-1,-1,0
0065.txt,22,13807309880541902957,122,0,-1,-1,0,38,0,-1,-1,0
0065.txt,23,13807309880541902957,122,0,-1,-1,0,32,0,-1,-1,0
0065.txt,24,13807309880541902957,122,0,-1,-1,0,6,0,-1,-1,0
0065.txt,25,13807309880541902957,122,1,123,123,0,22,12,-1,-1,0
0065.txt,26,13807309880541902957,122,0,-1,-1,0,52,0,-1,-1,0
0065.txt,27,13807309880541902957,122,0,-1,-1,0,15,0,-1,-1,0
0065.txt,28,13807309880541902957,122,0,-1,-1,0,6,0,-1,-1,0
0065.txt,29,13807309880541902957,122,1,122,122,1,30,12,-1,-1,0
0065.txt,30,13807309880541902957,122,0,-1,-1,0,5,0,-1,-1,0
0065.txt,31,13807309880541902957,122,1,124,122,1,89,13,-1,-1,0
0065.txt,32,13807309880541902957,122,0,-1,-1,0,29,0,-1,-1,0
0065.txt,33,13807309880541902957,122,0,-1,-1,0,34,0,-1,-1,0
0065.txt,34,13807309880541902957,122,0,-1,-1,0,34,0,-1,-1,0
0065.txt,35,13807309880541902957,122,0,-1,-1,0,6,0,-1,-1,0
0065.txt,36,13807309880541902957,122,0,-1,-1,0,18,0,-1,-1,0
0065.txt,37,13807309880541902957,122,0,-1,-1,0,3,0,-1,-1,0
0065.txt,38,13807309880541902957,122,0,-1,-1,0,85,0,-1,-1,0
0065.txt,39,13807309880541902957,122,0,-1,-1,0,62,0,-1,-1,0
0065.txt,40,13807309880541902957,122,1,122,122,1,59,12,-1,-1,0
0065.txt,41,13807309880541902957,122,0,-1,-1,0,37,0,-1,-1,0
0065.txt,42,13807309880541902957,122,0,-1,-1,0,70,0,-1,-1,0
0065.txt,43,13807309880541902957,122,1,125,124,0,61,13,-1,-1,0
0065.txt,44,13807309880541902957,122,0,-1,-1,0,146,0,-1,-1,0
0065.txt,45,13807309880541902957,122,0,-1,-1,0,23,0,-1,-1,0
0065.txt,46,13807309880541902957,122,1,122,122,1,25,12,-1,-1,0
0065.txt,47,13807309880541902957,122,1,124,122,1,14,12,-1,-1,0
0065.txt,48,13807309880541902957,122,1,124,124,0,12,12,-1,-1,0
0065.txt,49,13807309880541902957,122,0,-1,-1,0,68,0,-1,-1,0
0065.txt,50,13807309880541902957,122,0,-1,-1,0,28,0,-1,-1,0
0065.txt,51,13807309880541902957,122,0,-1,-1,0,22,0,-1,-1,0
0065.txt,52,13807309880541902957,122,1,124,122,0,15,11,-1,-1,0
0065.txt,53,13807309880541902957,122,1,122,122,1,28,12,-1,-1,0
0065.txt,54,13807309880541902957,122,1,124,124,0,62,12,-1,-1,0
0065.txt,55,13807309880541902957,122,0,-1,-1,0,10,0,-1,-1,0
0065.txt,56,13807309880541902957,122,0,-1,-1,0,87,0,-1,-1,0
0065.txt,57,13807309880541902957,122,0,-1,-1,0,5,0,-1,-1,0
0065.txt,58,13807309880541902957,122,0,-1,-1,0,109,0,-1,-1,0
0065.txt,59,13807309880541902957,122,0,-1,-1,0,71,0,-1,-1,0
0065.txt,60,13807309880541902957,122,0,-1,-1,0,9,0,-1,-1,0
0065.txt,61,13807309880541902957,122,0,-1,-1,0,8,0,-1,-1,0
0065.txt,62,13807309880541902957,122,0,-1,-1,0,5,0,-1,-1,0
0065.txt,63,13807309880541902957,122,1,124,122,1,60,12,-1,-1,0
0066.txt,0,8719996940457959631,415,0,-1,-1,0,15,0,-1,-1,0
0066.txt,1,8719996940457959631,415,1,415,415,1,24,47,-1,-1,0
0066.txt,2,8719996940457959631,415,1,418,418,0,663,43,-1,-1,0
0066.txt,3,8719996940457959631,415,0,-1,-1,0,5,0,-1,-1,0
0066.txt,4,8719996940457959631,415,0,-1,-1,0,16,0,-1,-1,0
0066.txt,5,8719996940457959631,415,1,415,415,0,184,45,-1,-1,0
0066.txt,6,8719996940457959631,415,0,-1,-1,0,220,0,-1,-1,0
0066.txt,7,8719996940457959631,415,0,-1,-1,0,101,0,-1,-1,0
0066.txt,8,8719996940457959631,415,0,-1,-1,0,547,0,-1,-1,0
0066.txt,9,8719996940457959631,415,0,-1,-1,0,1,0,-1,-1,0
0066.txt,10,8719996940457959631,415,1,416,416,0,223,41,-1,-1,0
0066.txt,11,8719996940457959631,415,1,417,415,1,30,36,-1,-1,0
0066.txt,12,8719996940457959631,415,1,416,415,0,148,34,-1,-1,0
0066.txt,13,8719996940457959631,415,0,-1,-1,0,317,0,-1,-1,0
0066.txt,14,8719996940457959631,415,0,-1,-1,0,10,0,-1,-1,0
0066.txt,15,8719996940457959631,415,0,-1,-1,0,165,0,-1,-1,0
0066.txt,16,8719996940457959631,415,0,-1,-1,0,221,0,-1,-1,0
0066.txt,17,8719996940457959631,415,0,-1,-1,0,37,0,-1,-1,0
0066.txt,18,8719996940457959631,415,0,-1,-1,0,14,1,-1,-1,0
0066.txt,19,8719996940457959631,415,0,-1,-1,0,16,0,-1,-1,0
0066.txt,20,8719996940457959631,415,0,-1,-1,0,220,0,-1,-1,0
0066.txt,21,8719996940457959631,415,0,-1,-1,0,13,0,-1,-1,0
0066.txt,22,8719996940457959631,415,1,415,415,1,199,33,-1,-1,0
0066.txt,23,8719996940457959631,415,1,415,415,1,214,32,-1,-1,0
0066.txt,24,8719996940457959631,415,0,-1,-1,0,17,0,-1,-1,0
0066.txt,25,8719996940457959631,415,0,-1,-1,0,194,0,-1,-1,0
0066.txt,26,8719996940457959631,415,0,-1,-1,0,13,0,-1,-1,0
0066.txt,27,8719996940457959631,415,0,-1,-1,0,132,0,-1,-1,0
0066.txt,28,8719996940457959631,415,1,415,415,0,457,38,-1,-1,0
0066.txt,29,8719996940457959631,415,0,-1,-1,0,27,0,-1,-1,0
0066.txt,30,8719996940457959631,415,1,415,415,1,196,35,-1,-1,0
0066.txt,31,8719996940457959631,415,0,-1,-1,0,14,0,-1,-1,0
0066.txt,32,8719996940457959631,415,1,417,415,1,134,35,-1,-1,0
0066.txt,33,8719996940457959631,415,1,418,418,0,71,43,-1,-1,0
0066.txt,34,8719996940457959631,415,0,-1,-1,0,331,0,-1,-1,0
0066.txt,35,8719996940457959631,415,1,416,416,0,48,33,-1,-1,0
0066.txt,36,8719996940457959631,415,1,417,416,0,113,35,-1,-1,0
0066.txt,37,8719996940457959631,415,1,418,415,0,173,37,-1,-1,0
0066.txt,38,8719996940457959631,415,1,415,415,1,206,49,-1,-1,0
0066.txt,39,8719996940457959631,415,0,-1,-1,0,218,0,-1,-1,0
0066.txt,40,8719996940457959631,415,0,-1,-1,0,14,0,-1,-1,0
0066.txt,41,8719996940457959631,415,0,-1,-1,0,182,0,-1,-1,0
0066.txt,42,8719996940457959631,415,0,-1,-1,0,73,0,-1,-1,0
0066.txt,43,8719996940457959631,415,0,-1,-1,0,241,0,-1,-1,0
0066.txt,44,8719996940457959631,415,0,-1,-1,0,68,0,-1,-1,0
0066.txt,45,8719996940457959631,415,0,-1,-1,0,248,0,-1,-1,0
0066.txt,46,8719996940457959631,415,0,-1,-1,0,284,0,-1,-1,0
0066.txt,47,8719996940457959631,415,0,-1,-1,0,22,1,-1,-1,0
0066.txt,48,8719996940457959631,415,1,415,415,1,215,45,-1,-1,0
0066.txt,49,8719996940457959631,415,0,-1,-1,0,310,0,-1,-1,0
0066.txt,50,8719996940457959631,415,0,-1,-1,0,31,0,-1,-1,0
0066.txt,51,8719996940457959631,415,0,-1,-1,0,93,0,-1,-1,0
0066.txt,52,8719996940457959631,415,0,-1,-1,0,10,0,-1,-1,0
0066.txt,53,8719996940457959631,415,1,418,415,1,50,41,-1,-1,0
0066.txt,54,8719996940457959631,415,0,-1,-1,0,16,0,-1,-1,0
0066.txt,55,8719996940457959631,415,0,-1,-1,0,368,0,-1,-1,0
0066.txt,56,8719996940457959631,415,0,-1,-1,0,12,0,-1,-1,0
0066.txt,57,8719996940457959631,415,0,-1,-1,0,17,0,-1,-1,0
0066.txt,58,8719996940457959631,415,0,-1,-1,0,94,0,-1,-1,0
0066.txt,59,8719996940457959631,415,1,416,416,0,123,38,-1,-1,0
0066.txt,60,8719996940457959631,415,0,-1,-1,0,68,0,-1,-1,0
0066.txt,61,8719996940457959631,415,0,-1,-1,0,11,0,-1,-1,0
0066.txt,62,8719996940457959631,415,0,-1,-1,0,11,0,-1,-1,0
0066.txt,63,8719996940457959631,415,1,416,415,1,183,45,-1,-1,0
0067.txt,0,17023879656645690475,198,1,200,198,0,146,22,-1,-1,0
0067.txt,1,17023879656645690475,198,0,-1,-1,0,42,0,-1,-1,0
0067.txt,2,17023879656645690475,198,1,198,198,0,100,18,-1,-1,0
0067.txt,3,17023879656645690475,198,0,-1,-1,0,3,0,-1,-1,0
0067.txt,4,17023879656645690475,198,0,-1,-1,0,67,0,-1,-1,0
0067.txt,5,17023879656645690475,198,0,-1,-1,0,6,0,-1,-1,0
0067.txt,6,17023879656645690475,198,0,-1,-1,0,100,0,-1,-1,0
0067.txt,7,17023879656645690475,198,0,-1,-1,0,128,0,-1,-1,0
0067.txt,8,17023879656645690475,198,1,199,199,0,10,16,-1,-1,0
0067.txt,9,17023879656645690475,198,0,-1,-1,0,86,0,-1,-1,0
0067.txt,10,17023879656645690475,198,0,-1,-1,0,4,0,-1,-1,0
0067.txt,11,17023879656645690475,198,1,198,198,0,133,17,-1,-1,0
0067.txt,12,17023879656645690475,198,1,201,198,0,83,17,-1,-1,0
0067.txt,13,17023879656645690475,198,1,200,198,0,162,17,-1,-1,0
0067.txt,14,17023879656645690475,198,1,201,200,0,25,16,-1,-1,0
0067.txt,15,17023879656645690475,198,0,-1,-1,0,3,0,-1,-1,0
0067.txt,16,17023879656645690475,198,1,200,198,0,95,16,-1,-1,0
0067.txt,17,17023879656645690475,198,1,200,199,0,70,17,-1,-1,0
0067.txt,18,17023879656645690475,198,0,-1,-1,0,153,0,-1,-1,0
0067.txt,19,17023879656645690475,198,1,198,198,1,7,15,-1,-1,0
0067.txt,20,17023879656645690475,198,0,-1,-1,0,76,0,-1,-1,0
0067.txt,21,17023879656645690475,198,1,198,198,0,113,16,-1,-1,0
0067.txt,22,17023879656645690475,198,0,-1,-1,0,122,0,-1,-1,0
0067.txt,23,17023879656645690475,198,1,199,197,0,176,16,-1,-1,0
0067.txt,24,17023879656645690475,198,1,198,198,0,18,15,-1,-1,0
0067.txt,25,17023879656645690475,198,1,200,198,1,109,16,-1,-1,0
0067.txt,26,17023879656645690475,198,0,-1,-1,0,3,0,-1,-1,0
0067.txt,27,17023879656645690475,198,1,198,198,1,25,15,-1,-1,0
0067.txt,28,17023879656645690475,198,1,201,199,0,60,16,-1,-1,0
0067.txt,29,17023879656645690475,198,1,200,198,1,79,16,-1,-1,0
0067.txt,30,17023879656645690475,198,0,-1,-1,0,40,0,-1,-1,0
0067.txt,31,17023879656645690475,198,0,-1,-1,0,4,0,-1,-1,0
0067.txt,32,17023879656645690475,198,0,-1,-1,0,1,0,-1,-1,0
0067.txt,33,17023879656645690475,198,0,-1,-1,0,3,0,-1,-1,0
0067.txt,34,17023879656645690475,198,1,201,199,0,156,16,-1,-1,0
0067.txt,35,17023879656645690475,198,1,198,198,1,25,16,-1,-1,0
0067.txt,36,17023879656645690475,198,0,-1,-1,0,31,0,-1,-1,0
0067.txt,37,17023879656645690475,198,1,198,198,1,90,15,-1,-1,0
0067.txt,38,17023879656645690475,198,0,-1,-1,0,5,0,-1,-1,0
0067.txt,39,17023879656645690475,198,0,-1,-1,0,107,0,-1,-1,0
0067.txt,40,17023879656645690475,198,1,198,198,1,27,15,-1,-1,0
0067.txt,41,17023879656645690475,198,0,-1,-1,0,152,0,-1,-1,0
0067.txt,42,17023879656645690475,198,1,200,199,0,88,17,-1,-1,0
0067.txt,43,17023879656645690475,198,0,-1,-1,0,87,0,-1,-1,0
0067.txt,44,17023879656645690475,198,0,-1,-1,0,3,0,-1,-1,0
0067.txt,45,17023879656645690475,198,0,-1,-1,0,41,0,-1,-1,0
0067.txt,46,17023879656645690475,198,1,201,201,0,68,17,-1,-1,0
0067.txt,47,17023879656645690475,198,1,200,198,1,30,16,-1,-1,0
0067.txt,48,17023879656645690475,198,1,200,198,0,174,17,-1,-1,0
0067.txt,49,17023879656645690475,198,0,-1,-1,0,65,0,-1,-1,0
0067.txt,50,17023879656645690475,198,0,-1,-1,0,2,0,-1,-1,0
0067.txt,51,17023879656645690475,198,0,-1,-1,0,3,0,-1,-1,0
0067.txt,52,17023879656645690475,198,1,199,198,0,32,16,-1,-1,0
0067.txt,53,17023879656645690475,198,0,-1,-1,0,9,0,-1,-1,0
0067.txt,54,17023879656645690475,198,1,200,200,0,33,16,-1,-1,0
0067.txt,55,17023879656645690475,198,1,198,198,0,82,16,-1,-1,0
0067.txt,56,17023879656645690475,198,1,200,198,0,103,16,-1,-1,0
0067.txt,57,17023879656645690475,198,0,-1,-1,0,12,0,-1,-1,0
0067.txt,58,17023879656645690475,198,0,-1,-1,0,8,0,-1,-1,0
0067.txt,59,17023879656645690475,198,0,-1,-1,0,13,0,-1,-1,0
0067.txt,60,17023879656645690475,198,1,198,198,1,92,15,-1,-1,0
0067.txt,61,17023879656645690475,198,1,199,199,0,79,16,-1,-1,0
0067.txt,62,17023879656645690475,198,1,198,198,1,129,15,-1,-1,0
0067.txt,63,17023879656645690475,198,1,199,198,0,60,15,-1,-1,0
0068.txt,0,17312824867895708934,420,0,-1,-1,0,194,0,-1,-1,0
0068.txt,1,17312824867895708934,420,1,420,420,0,126,40,-1,-1,0
0068.txt,2,17312824867895708934,420,1,421,420,0,183,37,-1,-1,0
0068.txt,3,17312824867895708934,420,1,420,420,0,142,33,-1,-1,0
0068.txt,4,17312824867895708934,420,0,-1,-1,0,97,0,-1,-1,0
0068.txt,5,17312824867895708934,420,1,422,422,0,174,34,-1,-1,0
0068.txt,6,17312824867895708934,420,0,-1,-1,0,245,0,-1,-1,0
0068.txt,7,17312824867895708934,420,1,420,420,1,159,32,-1,-1,0
0068.txt,8,17312824867895708934,420,0,-1,-1,0,97,0,-1,-1,0
0068.txt,9,17312824867895708934,420,0,-1,-1,0,106,0,-1,-1,0
0068.txt,10,17312824867895708934,420,1,421,420,1,292,33,-1,-1,0
0068.txt,11,17312824867895708934,420,1,422,421,0,119,35,-1,-1,0
0068.txt,12,17312824867895708934,420,0,-1,-1,0,20,0,-1,-1,0
0068.txt,13,17312824867895708934,420,0,-1,-1,0,22,0,-1,-1,0
0068.txt,14,17312824867895708934,420,1,420,420,1,182,33,-1,-1,0
0068.txt,15,17312824867895708934,420,1,420,420,1,73,34,-1,-1,0
0068.txt,16,17312824867895708934,420,0,-1,-1,0,58,0,-1,-1,0
0068.txt,17,17312824867895708934,420,1,422,421,0,50,35,-1,-1,0
0068.txt,18,17312824867895708934,420,1,420,420,0,55,33,-1,-1,0
0068.txt,19,17312824867895708934,420,0,-1,-1,0,164,0,-1,-1,0
0068.txt,20,17312824867895708934,420,1,420,420,1,49,32,-1,-1,0
0068.txt,21,17312824867895708934,420,0,-1,-1,0,47,0,-1,-1,0
0068.txt,22,17312824867895708934,420,1,420,420,1,13,33,-1,-1,0
0068.txt,23,17312824867895708934,420,0,-1,-1,0,134,0,-1,-1,0
0068.txt,24,17312824867895708934,420,1,421,420,1,157,33,-1,-1,0
0068.txt,25,17312824867895708934,420,0,-1,-1,0,12,0,-1,-1,0
0068.txt,26,17312824867895708934,420,0,-1,-1,0,148,0,-1,-1,0
0068.txt,27,17312824867895708934,420,0,-1,-1,0,80,0,-1,-1,0
0068.txt,28,17312824867895708934,420,1,420,420,0,296,34,-1,-1,0
0068.txt,29,17312824867895708934,420,0,-1,-1,0,61,0,-1,-1,0
0068.txt,30,17312824867895708934,420,1,421,420,1,218,34,-1,-1,0
0068.txt,31,17312824867895708934,420,1,420,420,1,216,33,-1,-1,0
0068.txt,32,17312824867895708934,420,0,-1,-1,0,87,0,-1,-1,0
0068.txt,33,17312824867895708934,420,0,-1,-1,0,41,0,-1,-1,0
0068.txt,34,17312824867895708934,420,1,420,420,1,9,33,-1,-1,0
0068.txt,35,17312824867895708934,420,1,420,420,1,84,34,-1,-1,0
0068.txt,36,17312824867895708934,420,1,421,420,1,86,34,-1,-1,0
0068.txt,37,17312824867895708934,420,0,-1,-1,0,23,0,-1,-1,0
0068.txt,38,17312824867895708934,420,1,420,420,1,36,33,-1,-1,0
0068.txt,39,17312824867895708934,420,1,421,420,1,149,34,-1,-1,0
0068.txt,40,17312824867895708934,420,0,-1,-1,0,281,0,-1,-1,0
0068.txt,41,17312824867895708934,420,1,422,422,0,134,42,-1,-1,0
0068.txt,42,17312824867895708934,420,0,-1,-1,0,196,0,-1,-1,0
0068.txt,43,17312824867895708934,420,0,-1,-1,0,65,1,-1,-1,0
0068.txt,44,17312824867895708934,420,1,420,420,1,243,39,-1,-1,0
0068.txt,45,17312824867895708934,420,1,420,420,1,14,34,-1,-1,0
0068.txt,46,17312824867895708934,420,1,421,420,1,127,33,-1,-1,0
0068.txt,47,17312824867895708934,420,1,422,421,0,231,34,-1,-1,0
0068.txt,48,17312824867895708934,420,1,421,420,0,224,35,-1,-1,0
0068.txt,49,17312824867895708934,420,1,421,420,0,80,35,-1,-1,0
0068.txt,50,17312824867895708934,420,0,-1,-1,0,120,0,-1,-1,0
0068.txt,51,17312824867895708934,420,1,420,420,0,137,34,-1,-1,0
0068.txt,52,17312824867895708934,420,0,-1,-1,0,46,0,-1,-1,0
0068.txt,53,17312824867895708934,420,0,-1,-1,0,122,0,-1,-1,0
0068.txt,54,17312824867895708934,420,0,-1,-1,0,45,0,-1,-1,0
0068.txt,55,17312824867895708934,420,0,-1,-1,0,77,0,-1,-1,0
0068.txt,56,17312824867895708934,420,1,421,421,0,36,33,-1,-1,0
0068.txt,57,17312824867895708934,420,1,423,421,0,479,35,-1,-1,0
0068.txt,58,17312824867895708934,420,0,-1,-1,0,137,0,-1,-1,0
0068.txt,59,17312824867895708934,420,0,-1,-1,0,88,0,-1,-1,0
0068.txt,60,17312824867895708934,420,1,420,420,0,265,34,-1,-1,0
0068.txt,61,17312824867895708934,420,0,-1,-1,0,21,0,-1,-1,0
0068.txt,62,17312824867895708934,420,0,-1,-1,0,197,0,-1,-1,0
0068.txt,63,17312824867895708934,420,1,420,420,1,148,42,-1,-1,0
0069.txt,0,6743065410788232917,133,0,-1,-1,0,74,0,-1,-1,0
0069.txt,1,6743065410788232917,133,0,-1,-1,0,43,0,-1,-1,0
0069.txt,2,6743065410788232917,133,1,136,135,0,67,15,-1,-1,0
0069.txt,3,6743065410788232917,133,0,-1,-1,0,11,0,-1,-1,0
0069.txt,4,6743065410788232917,133,0,-1,-1,0,89,0,-1,-1,0
0069.txt,5,6743065410788232917,133,1,136,133,1,68,13,-1,-1,0
0069.txt,6,6743065410788232917,133,0,-1,-1,0,53,0,-1,-1,0
0069.txt,7,6743065410788232917,133,0,-1,-1,0,35,0,-1,-1,0
0069.txt,8,6743065410788232917,133,0,-1,-1,0,30,0,-1,-1,0
0069.txt,9,6743065410788232917,133,0,-1,-1,0,8,0,-1,-1,0
0069.txt,10,6743065410788232917,133,1,135,134,0,34,12,-1,-1,0
0069.txt,11,6743065410788232917,133,0,-1,-1,0,32,0,-1,-1,0
0069.txt,12,6743065410788232917,133,1,136,136,0,49,12,-1,-1,0
0069.txt,13,6743065410788232917,133,0,-1,-1,0,0,0,-1,-1,0
0069.txt,14,6743065410788232917,133,0,-1,-1,0,60,0,-1,-1,0
0069.txt,15,6743065410788232917,133,1,136,136,0,40,11,-1,-1,0
0069.txt,16,6743065410788232917,133,1,134,134,0,22,11,-1,-1,0
0069.txt,17,6743065410788232917,133,0,-1,-1,0,5,0,-1,-1,0
0069.txt,18,6743065410788232917,133,0,-1,-1,0,19,0,-1,-1,0
0069.txt,19,6743065410788232917,133,0,-1,-1,0,34,0,-1,-1,0
0069.txt,20,6743065410788232917,133,1,136,134,0,20,11,-1,-1,0
0069.txt,21,6743065410788232917,133,0,-1,-1,0,18,0,-1,-1,0
0069.txt,22,6743065410788232917,133,1,134,134,0,28,11,-1,-1,0
0069.txt,23,6743065410788232917,133,0,-1,-1,0,9,0,-1,-1,0
0069.txt,24,6743065410788232917,133,0,-1,-1,0,6,0,-1,-1,0
0069.txt,25,6743065410788232917,133,1,135,133,0,30,11,-1,-1,0
0069.txt,26,6743065410788232917,133,0,-1,-1,0,76,0,-1,-1,0
0069.txt,27,6743065410788232917,133,1,135,134,0,45,11,-1,-1,0
0069.txt,28,6743065410788232917,133,0,-1,-1,0,42,0,-1,-1,0
0069.txt,29,6743065410788232917,133,1,133,133,1,28,11,-1,-1,0
0069.txt,30,6743065410788232917,133,1,133,133,1,74,10,-1,-1,0
0069.txt,31,6743065410788232917,133,0,-1,-1,0,28,0,-1,-1,0
0069.txt,32,6743065410788232917,133,0,-1,-1,0,58,0,-1,-1,0
0069.txt,33,6743065410788232917,133,1,133,133,1,8,10,-1,-1,0
0069.txt,34,6743065410788232917,133,0,-1,-1,0,17,0,-1,-1,0
0069.txt,35,6743065410788232917,133,0,-1,-1,0,12,0,-1,-1,0
0069.txt,36,6743065410788232917,133,0,-1,-1,0,94,0,-1,-1,0
0069.txt,37,6743065410788232917,133,0,-1,-1,0,37,0,-1,-1,0
0069.txt,38,6743065410788232917,133,0,-1,-1,0,43,0,-1,-1,0
0069.txt,39,6743065410788232917,133,0,-1,-1,0,41,0,-1,-1,0
0069.txt,40,6743065410788232917,133,1,133,133,0,102,11,-1,-1,0
0069.txt,41,6743065410788232917,133,0,-1,-1,0,4,0,-1,-1,0
0069.txt,42,6743065410788232917,133,0,-1,-1,0,6,0,-1,-1,0
0069.txt,43,6743065410788232917,133,0,-1,-1,0,28,0,-1,-1,0
0069.txt,44,6743065410788232917,133,1,133,133,1,49,10,-1,-1,0
0069.txt,45,6743065410788232917,133,1,133,133,1,8,11,-1,-1,0
0069.txt,46,6743065410788232917,133,1,136,135,0,74,11,-1,-1,0
0069.txt,47,6743065410788232917,133,0,-1,-1,0,47,0,-1,-1,0
0069.txt,48,6743065410788232917,133,1,133,133,0,98,11,-1,-1,0
0069.txt,49,6743065410788232917,133,1,133,133,1,94,10,-1,-1,0
0069.txt,50,6743065410788232917,133,0,-1,-1,0,4,0,-1,-1,0
0069.txt,51,6743065410788232917,133,1,133,133,1,16,11,-1,-1,0
0069.txt,52,6743065410788232917,133,1,134,134,0,35,10,-1,-1,0
0069.txt,53,6743065410788232917,133,0,-1,-1,0,38,0,-1,-1,0
0069.txt,54,6743065410788232917,133,1,135,135,0,101,11,-1,-1,0
0069.txt,55,6743065410788232917,133,0,-1,-1,0,24,0,-1,-1,0
0069.txt,56,6743065410788232917,133,0,-1,-1,0,5,0,-1,-1,0
0069.txt,57,6743065410788232917,133,1,133,133,1,66,11,-1,-1,0
0069.txt,58,6743065410788232917,133,0,-1,-1,0,52,0,-1,-1,0
0069.txt,59,6743065410788232917,133,0,-1,-1,0,16,0,-1,-1,0
0069.txt,60,6743065410788232917,133,0,-1,-1,0,25,0,-1,-1,0
0069.txt,61,6743065410788232917,133,1,133,133,0,89,10,-1,-1,0
0069.txt,62,6743065410788232917,133,0,-1,-1,0,40,0,-1,-1,0
0069.txt,63,6743065410788232917,133,1,134,134,0,73,11,-1,-1,0
0070.txt,0,2980067121502939436,424,0,-1,-1,0,24,0,-1,-1,0
0070.txt,1,2980067121502939436,424,0,-1,-1,0,117,0,-1,-1,0
0070.txt,2,2980067121502939436,424,0,-1,-1,0,279,0,-1,-1,0
0070.txt,3,2980067121502939436,424,0,-1,-1,0,27,0,-1,-1,0
0070.txt,4,2980067121502939436,424,1,424,424,0,130,40,-1,-1,0
0070.txt,5,2980067121502939436,424,0,-1,-1,0,92,0,-1,-1,0
0070.txt,6,2980067121502939436,424,0,-1,-1,0,20,0,-1,-1,0
0070.txt,7,2980067121502939436,424,0,-1,-1,0,54,0,-1,-1,0
0070.txt,8,2980067121502939436,424,1,427,425,0,345,38,-1,-1,0
0070.txt,9,2980067121502939436,424,0,-1,-1,0,77,0,-1,-1,0
0070.txt,10,2980067121502939436,424,0,-1,-1,0,67,0,-1,-1,0
0070.txt,11,2980067121502939436,424,0,-1,-1,0,9,0,-1,-1,0
0070.txt,12,2980067121502939436,424,1,425,424,0,210,37,-1,-1,0
0070.txt,13,2980067121502939436,424,1,427,424,0,75,45,-1,-1,0
0070.txt,14,2980067121502939436,424,0,-1,-1,0,52,0,-1,-1,0
0070.txt,15,2980067121502939436,424,0,-1,-1,0,71,0,-1,-1,0
0070.txt,16,2980067121502939436,424,1,427,425,0,424,33,-1,-1,0
0070.txt,17,2980067121502939436,424,0,-1,-1,0,17,0,-1,-1,0
0070.txt,18,2980067121502939436,424,0,-1,-1,0,13,0,-1,-1,0
0070.txt,19,2980067121502939436,424,1,427,425,0,360,34,-1,-1,0
0070.txt,20,2980067121502939436,424,0,-1,-1,0,192,0,-1,-1,0
0070.txt,21,2980067121502939436,424,1,424,424,0,17,32,-1,-1,0
0070.txt,22,2980067121502939436,424,0,-1,-1,0,58,1,-1,-1,0
0070.txt,23,2980067121502939436,424,0,-1,-1,0,80,0,-1,-1,0
0070.txt,24,2980067121502939436,424,0,-1,-1,0,182,0,-1,-1,0
0070.txt,25,2980067121502939436,424,0,-1,-1,0,162,0,-1,-1,0
0070.txt,26,2980067121502939436,424,0,-1,-1,0,43,0,-1,-1,0
0070.txt,27,2980067121502939436,424,0,-1,-1,0,20,0,-1,-1,0
0070.txt,28,2980067121502939436,424,0,-1,-1,0,50,0,-1,-1,0
0070.txt,29,2980067121502939436,424,1,425,425,0,100,31,-1,-1,0
0070.txt,30,2980067121502939436,424,0,-1,-1,0,17,0,-1,-1,0
0070.txt,31,2980067121502939436,424,0,-1,-1,0,81,0,-1,-1,0
0070.txt,32,2980067121502939436,424,0,-1,-1,0,20,0,-1,-1,0
0070.txt,33,2980067121502939436,424,0,-1,-1,0,37,0,-1,-1,0
0070.txt,34,2980067121502939436,424,0,-1,-1,0,321,0,-1,-1,0
0070.txt,35,2980067121502939436,424,0,-1,-1,0,59,0,-1,-1,0
0070.txt,36,2980067121502939436,424,0,-1,-1,0,10,0,-1,-1,0
0070.txt,37,2980067121502939436,424,0,-1,-1,0,23,0,-1,-1,0
0070.txt,38,2980067121502939436,424,0,-1,-1,0,22,1,-1,-1,0
0070.txt,39,2980067121502939436,424,0,-1,-1,0,43,0,-1,-1,0
0070.txt,40,2980067121502939436,424,0,-1,-1,0,14,0,-1,-1,0
0070.txt,41,2980067121502939436,424,0,-1,-1,0,178,0,-1,-1,0
0070.txt,42,2980067121502939436,424,0,-1,-1,0,20,0,-1,-1,0
0070.txt,43,2980067121502939436,424,0,-1,-1,0,31,0,-1,-1,0
0070.txt,44,2980067121502939436,424,1,427,424,0,102,33,-1,-1,0
0070.txt,45,2980067121502939436,424,1,424,424,1,15,32,-1,-1,0
0070.txt,46,2980067121502939436,424,0,-1,-1,0,91,0,-1,-1,0
0070.txt,47,2980067121502939436,424,0,-1,-1,0,53,0,-1,-1,0
0070.txt,48,2980067121502939436,424,1,425,425,0,73,32,-1,-1,0
0070.txt,49,2980067121502939436,424,0,-1,-1,0,18,0,-1,-1,0
0070.txt,50,2980067121502939436,424,0,-1,-1,0,15,0,-1,-1,0
0070.txt,51,2980067121502939436,424,0,-1,-1,0,216,0,-1,-1,0
0070.txt,52,2980067121502939436,424,0,-1,-1,0,6,1,-1,-1,0
0070.txt,53,2980067121502939436,424,0,-1,-1,0,7,0,-1,-1,0
0070.txt,54,2980067121502939436,424,0,-1,-1,0,4,0,-1,-1,0
0070.txt,55,2980067121502939436,424,0,-1,-1,0,17,0,-1,-1,0
0070.txt,56,2980067121502939436,424,1,425,424,1,15,32,-1,-1,0
0070.txt,57,2980067121502939436,424,0,-1,-1,0,77,0,-1,-1,0
0070.txt,58,2980067121502939436,424,1,425,424,0,135,35,-1,-1,0
0070.txt,59,2980067121502939436,424,0,-1,-1,0,79,0,-1,-1,0
0070.txt,60,2980067121502939436,424,1,425,425,0,40,31,-1,-1,0
0070.txt,61,2980067121502939436,424,0,-1,-1,0,96,0,-1,-1,0
0070.txt,62,2980067121502939436,424,0,-1,-1,0,341,0,-1,-1,0
0070.txt,63,2980067121502939436,424,0,-1,-1,0,48,0,-1,-1,0
0071.txt,0,1782941410535735029,408,1,409,409,0,435,38,-1,-1,0
0071.txt,1,1782941410535735029,408,1,408,408,1,201,35,-1,-1,0
0071.txt,2,1782941410535735029,408,1,411,411,0,338,35,-1,-1,0
0071.txt,3,1782941410535735029,408,0,-1,-1,0,86,0,-1,-1,0
0071.txt,4,1782941410535735029,408,0,-1,-1,0,151,0,-1,-1,0
0071.txt,5,1782941410535735029,408,0,-1,-1,0,81,0,-1,-1,0
0071.txt,6,1782941410535735029,408,1,411,411,0,196,33,-1,-1,0
0071.txt,7,1782941410535735029,408,0,-1,-1,0,176,0,-1,-1,0
0071.txt,8,1782941410535735029,408,1,410,410,0,116,33,-1,-1,0
0071.txt,9,1782941410535735029,408,1,408,408,0,19,31,-1,-1,0
0071.txt,10,1782941410535735029,408,0,-1,-1,0,101,0,-1,-1,0
0071.txt,11,1782941410535735029,408,0,-1,-1,0,230,0,-1,-1,0
0071.txt,12,1782941410535735029,408,1,408,408,0,59,31,-1,-1,0
0071.txt,13,1782941410535735029,408,0,-1,-1,0,264,0,-1,-1,0
0071.txt,14,1782941410535735029,408,0,-1,-1,0,9,0,-1,-1,0
0071.txt,15,1782941410535735029,408,0,-1,-1,0,158,0,-1,-1,0
0071.txt,16,1782941410535735029,408,0,-1,-1,0,87,0,-1,-1,0
0071.txt,17,1782941410535735029,408,1,410,409,0,52,34,-1,-1,0
0071.txt,18,1782941410535735029,408,0,-1,-1,0,359,0,-1,-1,0
0071.txt,19,1782941410535735029,408,1,408,408,0,324,33,-1,-1,0
0071.txt,20,1782941410535735029,408,0,-1,-1,0,159,0,-1,-1,0
0071.txt,21,1782941410535735029,408,1,409,408,0,227,33,-1,-1,0
0071.txt,22,1782941410535735029,408,0,-1,-1,0,216,0,-1,-1,0
0071.txt,23,1782941410535735029,408,0,-1,-1,0,258,0,-1,-1,0
0071.txt,24,1782941410535735029,408,1,408,408,1,12,33,-1,-1,0
0071.txt,25,1782941410535735029,408,1,410,408,0,420,43,-1,-1,0
0071.txt,26,1782941410535735029,408,0,-1,-1,0,23,0,-1,-1,0
0071.txt,27,1782941410535735029,408,0,-1,-1,0,14,0,-1,-1,0
0071.txt,28,1782941410535735029,408,0,-1,-1,0,51,0,-1,-1,0
0071.txt,29,1782941410535735029,408,1,411,411,0,172,33,-1,-1,0
0071.txt,30,1782941410535735029,408,0,-1,-1,0,138,0,-1,-1,0
0071.txt,31,1782941410535735029,408,0,-1,-1,0,77,0,-1,-1,0
0071.txt,32,1782941410535735029,408,0,-1,-1,0,89,0,-1,-1,0
0071.txt,33,1782941410535735029,408,0,-1,-1,0,14,0,-1,-1,0
0071.txt,34,1782941410535735029,408,0,-1,-1,0,34,0,-1,-1,0
0071.txt,35,1782941410535735029,408,0,-1,-1,0,15,0,-1,-1,0
0071.txt,36,1782941410535735029,408,1,408,408,0,296,32,-1,-1,0
0071.txt,37,1782941410535735029,408,0,-1,-1,0,104,0,-1,-1,0
0071.txt,38,1782941410535735029,408,1,409,409,0,458,34,-1,-1,0
0071.txt,39,1782941410535735029,408,1,408,408,1,186,32,-1,-1,0
0071.txt,40,1782941410535735029,408,0,-1,-1,0,357,0,-1,-1,0
0071.txt,41,1782941410535735029,408,0,-1,-1,0,39,0,-1,-1,0
0071.txt,42,1782941410535735029,408,0,-1,-1,0,11,0,-1,-1,0
0071.txt,43,1782941410535735029,408,0,-1,-1,0,129,0,-1,-1,0
0071.txt,44,1782941410535735029,408,1,408,408,0,20,31,-1,-1,0
0071.txt,45,1782941410535735029,408,0,-1,-1,0,157,1,-1,-1,0
0071.txt,46,1782941410535735029,408,0,-1,-1,0,8,0,-1,-1,0
0071.txt,47,1782941410535735029,408,1,408,408,0,460,32,-1,-1,0
0071.txt,48,1782941410535735029,408,0,-1,-1,0,133,0,-1,-1,0
0071.txt,49,1782941410535735029,408,1,408,408,1,226,31,-1,-1,0
0071.txt,50,1782941410535735029,408,0,-1,-1,0,83,0,-1,-1,0
0071.txt,51,1782941410535735029,408,0,-1,-1,0,124,0,-1,-1,0
0071.txt,52,1782941410535735029,408,1,408,408,0,223,31,-1,-1,0
0071.txt,53,1782941410535735029,408,0,-1,-1,0,14,0,-1,-1,0
0071.txt,54,1782941410535735029,408,1,409,409,0,308,31,-1,-1,0
0071.txt,55,1782941410535735029,408,1,411,409,0,199,33,-1,-1,0
0071.txt,56,1782941410535735029,408,1,411,411,0,543,31,-1,-1,0
0071.txt,57,1782941410535735029,408,1,409,408,1,210,31,-1,-1,0
0071.txt,58,1782941410535735029,408,0,-1,-1,0,272,0,-1,-1,0
0071.txt,59,1782941410535735029,408,0,-1,-1,0,12,0,-1,-1,0
0071.txt,60,1782941410535735029,408,1,408,408,0,127,31,-1,-1,0
0071.txt,61,1782941410535735029,408,0,-1,-1,0,16,0,-1,-1,0
0071.txt,62,1782941410535735029,408,0,-1,-1,0,14,0,-1,-1,0
0071.txt,63,1782941410535735029,408,0,-1,-1,0,13,0,-1,-1,0
0072.txt,0,5700132553807060000,88,1,88,88,1,30,9,-1,-1,0
0072.txt,1,5700132553807060000,88,1,88,88,0,93,8,-1,-1,0
0072.txt,2,5700132553807060000,88,0,-1,-1,0,27,0,-1,-1,0
0072.txt,3,5700132553807060000,88,1,88,88,1,50,7,-1,-1,0
0072.txt,4,5700132553807060000,88,1,90,88,1,103,9,-1,-1,0
0072.txt,5,5700132553807060000,88,1,89,89,0,97,7,-1,-1,0
0072.txt,6,5700132553807060000,88,1,91,90,0,61,8,-1,-1,0
0072.txt,7,5700132553807060000,88,1,88,88,1,12,7,-1,-1,0
0072.txt,8,5700132553807060000,88,1,90,89,0,23,7,-1,-1,0
0072.txt,9,5700132553807060000,88,0,-1,-1,0,88,0,-1,-1,0
0072.txt,10,5700132553807060000,88,1,90,88,1,25,8,-1,-1,0
0072.txt,11,5700132553807060000,88,0,-1,-1,0,30,0,-1,-1,0
0072.txt,12,5700132553807060000,88,1,90,88,1,31,8,-1,-1,0
0072.txt,13,5700132553807060000,88,0,-1,-1,0,51,0,-1,-1,0
0072.txt,14,5700132553807060000,88,0,-1,-1,0,86,0,-1,-1,0
0072.txt,15,5700132553807060000,88,1,88,88,1,22,8,-1,-1,0
0072.txt,16,5700132553807060000,88,1,91,90,0,113,8,-1,-1,0
0072.txt,17,5700132553807060000,88,1,89,88,1,35,8,-1,-1,0
0072.txt,18,5700132553807060000,88,0,-1,-1,0,71,0,-1,-1,0
0072.txt,19,5700132553807060000,88,1,91,90,0,84,8,-1,-1,0
0072.txt,20,5700132553807060000,88,1,89,88,1,89,7,-1,-1,0
0072.txt,21,5700132553807060000,88,1,88,88,1,79,7,-1,-1,0
0072.txt,22,5700132553807060000,88,0,-1,-1,0,39,0,-1,-1,0
0072.txt,23,5700132553807060000,88,0,-1,-1,0,54,0,-1,-1,0
0072.txt,24,5700132553807060000,88,1,90,88,1,26,7,-1,-1,0
0072.txt,25,5700132553807060000,88,1,89,88,1,65,7,-1,-1,0
0072.txt,26,5700132553807060000,88,1,88,88,1,41,8,-1,-1,0
0072.txt,27,5700132553807060000,88,0,-1,-1,0,46,0,-1,-1,0
0072.txt,28,5700132553807060000,88,1,90,88,1,43,8,-1,-1,0
0072.txt,29,5700132553807060000,88,0,-1,-1,0,10,0,-1,-1,0
0072.txt,30,5700132553807060000,88,1,89,88,1,83,8,-1,-1,0
0072.txt,31,5700132553807060000,88,0,-1,-1,0,91,0,-1,-1,0
0072.txt,32,5700132553807060000,88,1,89,89,0,73,8,-1,-1,0
0072.txt,33,5700132553807060000,88,0,-1,-1,0,8,0,-1,-1,0
0072.txt,34,5700132553807060000,88,1,90,88,1,34,8,-1,-1,0
0072.txt,35,5700132553807060000,88,1,88,88,1,46,7,-1,-1,0
0072.txt,36,5700132553807060000,88,1,90,88,1,88,8,-1,-1,0
0072.txt,37,5700132553807060000,88,1,90,90,0,87,7,-1,-1,0
0072.txt,38,5700132553807060000,88,1,88,88,1,16,8,-1,-1,0
0072.txt,39,5700132553807060000,88,0,-1,-1,0,95,0,-1,-1,0
0072.txt,40,5700132553807060000,88,1,90,90,0,42,8,-1,-1,0
0072.txt,41,5700132553807060000,88,0,-1,-1,0,54,0,-1,-1,0
0072.txt,42,5700132553807060000,88,1,91,88,1,22,8,-1,-1,0
0072.txt,43,5700132553807060000,88,1,89,88,1,21,7,-1,-1,0
0072.txt,44,5700132553807060000,88,1,89,88,1,78,7,-1,-1,0
0072.txt,45,5700132553807060000,88,1,90,90,0,76,8,-1,-1,0
0072.txt,46,5700132553807060000,88,1,89,88,1,50,7,-1,-1,0
0072.txt,47,5700132553807060000,88,0,-1,-1,0,33,0,-1,-1,0
0072.txt,48,5700132553807060000,88,1,91,91,0,35,9,-1,-1,0
0072.txt,49,5700132553807060000,88,0,-1,-1,0,50,0,-1,-1,0
0072.txt,50,5700132553807060000,88,1,90,88,1,37,8,-1,-1,0
0072.txt,51,5700132553807060000,88,1,91,90,0,59,8,-1,-1,0
0072.txt,52,5700132553807060000,88,1,90,90,0,36,9,-1,-1,0
0072.txt,53,5700132553807060000,88,0,-1,-1,0,87,0,-1,-1,0
0072.txt,54,5700132553807060000,88,1,88,88,0,73,7,-1,-1,0
0072.txt,55,5700132553807060000,88,0,-1,-1,0,15,1,-1,-1,0
0072.txt,56,5700132553807060000,88,1,88,88,1,54,7,-1,-1,0
0072.txt,57,5700132553807060000,88,0,-1,-1,0,7,0,-1,-1,0
0072.txt,58,5700132553807060000,88,1,91,89,0,73,8,-1,-1,0
0072.txt,59,5700132553807060000,88,1,88,88,1,14,7,-1,-1,0
0072.txt,60,5700132553807060000,88,0,-1,-1,0,83,0,-1,-1,0
0072.txt,61,5700132553807060000,88,0,-1,-1,0,10,0,-1,-1,0
0072.txt,62,5700132553807060000,88,1,88,88,1,41,7,-1,-1,0
0072.txt,63,5700132553807060000,88,0,-1,-1,0,18,0,-1,-1,0
0073.txt,0,17922587379053032904,236,1,237,237,0,44,20,-1,-1,0
0073.txt,1,17922587379053032904,236,1,236,236,1,225,18,-1,-1,0
0073.txt,2,17922587379053032904,236,1,236,236,0,58,17,-1,-1,0
0073.txt,3,17922587379053032904,236,0,-1,-1,0,83,0,-1,-1,0
0073.txt,4,17922587379053032904,236,0,-1,-1,0,174,0,-1,-1,0
0073.txt,5,17922587379053032904,236,0,-1,-1,0,27,0,-1,-1,0
0073.txt,6,17922587379053032904,236,1,236,236,1,73,17,-1,-1,0
0073.txt,7,17922587379053032904,236,1,238,237,0,221,18,-1,-1,0
0073.txt,8,17922587379053032904,236,0,-1,-1,0,13,0,-1,-1,0
0073.txt,9,17922587379053032904,236,1,236,236,1,13,16,-1,-1,0
0073.txt,10,17922587379053032904,236,1,236,236,1,174,16,-1,-1,0
0073.txt,11,17922587379053032904,236,1,236,236,1,26,18,-1,-1,0
0073.txt,12,17922587379053032904,236,0,-1,-1,0,140,0,-1,-1,0
0073.txt,13,17922587379053032904,236,1,238,238,0,72,17,-1,-1,0
0073.txt,14,17922587379053032904,236,0,-1,-1,0,33,0,-1,-1,0
0073.txt,15,17922587379053032904,236,0,-1,-1,0,160,0,-1,-1,0
0073.txt,16,17922587379053032904,236,1,239,237,0,140,18,-1,-1,0
0073.txt,17,17922587379053032904,236,0,-1,-1,0,112,0,-1,-1,0
0073.txt,18,17922587379053032904,236,1,237,237,0,77,17,-1,-1,0
0073.txt,19,17922587379053032904,236,1,239,238,0,90,17,-1,-1,0
0073.txt,20,17922587379053032904,236,1,239,239,0,177,18,-1,-1,0
0073.txt,21,17922587379053032904,236,0,-1,-1,0,127,0,-1,-1,0
0073.txt,22,17922587379053032904,236,1,237,236,1,90,17,-1,-1,0
0073.txt,23,17922587379053032904,236,0,-1,-1,0,12,0,-1,-1,0
0073.txt,24,17922587379053032904,236,1,238,238,0,28,19,-1,-1,0
0073.txt,25,17922587379053032904,236,1,236,236,0,71,17,-1,-1,0
0073.txt,26,17922587379053032904,236,1,239,239,0,155,18,-1,-1,0
0073.txt,27,17922587379053032904,236,0,-1,-1,0,12,0,-1,-1,0
0073.txt,28,17922587379053032904,236,1,238,237,0,124,18,-1,-1,0
0073.txt,29,17922587379053032904,236,0,-1,-1,0,64,0,-1,-1,0
0073.txt,30,17922587379053032904,236,1,236,236,0,176,16,-1,-1,0
0073.txt,31,17922587379053032904,236,1,237,237,0,183,18,-1,-1,0
0073.txt,32,17922587379053032904,236,1,236,236,1,98,17,-1,-1,0
0073.txt,33,17922587379053032904,236,1,236,236,1,315,17,-1,-1,0
0073.txt,34,17922587379053032904,236,0,-1,-1,0,90,0,-1,-1,0
0073.txt,35,17922587379053032904,236,0,-1,-1,0,62,0,-1,-1,0
0073.txt,36,17922587379053032904,236,0,-1,-1,0,187,0,-1,-1,0
0073.txt,37,17922587379053032904,236,1,238,237,0,183,17,-1,-1,0
0073.txt,38,17922587379053032904,236,0,-1,-1,0,52,0,-1,-1,0
0073.txt,39,17922587379053032904,236,1,239,237,0,15,18,-1,-1,0
0073.txt,40,17922587379053032904,236,1,237,237,0,88,18,-1,-1,0
0073.txt,41,17922587379053032904,236,0,-1,-1,0,99,0,-1,-1,0
0073.txt,42,17922587379053032904,236,1,237,237,0,69,18,-1,-1,0
0073.txt,43,17922587379053032904,236,1,236,236,1,43,16,-1,-1,0
0073.txt,44,17922587379053032904,236,0,-1,-1,0,16,0,-1,-1,0
0073.txt,45,17922587379053032904,236,1,238,238,0,117,17,-1,-1,0
0073.txt,46,17922587379053032904,236,1,236,236,0,159,17,-1,-1,0
0073.txt,47,17922587379053032904,236,0,-1,-1,0,15,0,-1,-1,0
0073.txt,48,17922587379053032904,236,1,239,239,0,226,17,-1,-1,0
0073.txt,49,17922587379053032904,236,1,236,236,0,153,17,-1,-1,0
0073.txt,50,17922587379053032904,236,0,-1,-1,0,10,0,-1,-1,0
0073.txt,51,17922587379053032904,236,1,236,236,1,33,16,-1,-1,0
0073.txt,52,17922587379053032904,236,1,236,236,0,58,17,-1,-1,0
0073.txt,53,17922587379053032904,236,1,236,236,1,23,17,-1,-1,0
0073.txt,54,17922587379053032904,236,0,-1,-1,0,75,0,-1,-1,0
0073.txt,55,17922587379053032904,236,0,-1,-1,0,9,0,-1,-1,0
0073.txt,56,17922587379053032904,236,1,238,236,1,136,18,-1,-1,0
0073.txt,57,17922587379053032904,236,1,236,236,1,169,16,-1,-1,0
0073.txt,58,17922587379053032904,236,1,237,237,0,124,17,-1,-1,0
0073.txt,59,17922587379053032904,236,1,238,238,0,51,18,-1,-1,0
0073.txt,60,17922587379053032904,236,1,238,236,1,135,18,-1,-1,0
0073.txt,61,17922587379053032904,236,1,236,236,1,21,16,-1,-1,0
0073.txt,62,17922587379053032904,236,0,-1,-1,0,13,0,-1,-1,0
0073.txt,63,17922587379053032904,236,0,-1,-1,0,1,0,-1,-1,0
0074.txt,0,5846748718774811598,96,1,98,96,1,49,10,-1,-1,0
0074.txt,1,5846748718774811598,96,0,-1,-1,0,5,0,-1,-1,0
0074.txt,2,5846748718774811598,96,0,-1,-1,0,7,0,-1,-1,0
0074.txt,3,5846748718774811598,96,0,-1,-1,0,37,0,-1,-1,0
0074.txt,4,5846748718774811598,96,0,-1,-1,0,6,0,-1,-1,0
0074.txt,5,5846748718774811598,96,0,-1,-1,0,1,0,-1,-1,0
0074.txt,6,5846748718774811598,96,1,98,96,1,49,8,-1,-1,0
0074.txt,7,5846748718774811598,96,0,-1,-1,0,33,0,-1,-1,0
0074.txt,8,5846748718774811598,96,0,-1,-1,0,6,0,-1,-1,0
0074.txt,9,5846748718774811598,96,1,97,96,1,20,8,-1,-1,0
0074.txt,10,5846748718774811598,96,1,96,96,1,53,7,-1,-1,0
0074.txt,11,5846748718774811598,96,1,96,96,1,10,7,-1,-1,0
0074.txt,12,5846748718774811598,96,1,97,96,1,17,7,-1,-1,0
0074.txt,13,5846748718774811598,96,1,97,97,0,25,8,-1,-1,0
0074.txt,14,5846748718774811598,96,1,96,96,0,90,8,-1,-1,0
0074.txt,15,5846748718774811598,96,0,-1,-1,0,81,0,-1,-1,0
0074.txt,16,5846748718774811598,96,0,-1,-1,0,5,0,-1,-1,0
0074.txt,17,5846748718774811598,96,0,-1,-1,0,50,0,-1,-1,0
0074.txt,18,5846748718774811598,96,1,98,98,0,144,8,-1,-1,0
0074.txt,19,5846748718774811598,96,0,-1,-1,0,54,0,-1,-1,0
0074.txt,20,5846748718774811598,96,1,96,96,1,7,7,-1,-1,0
0074.txt,21,5846748718774811598,96,1,99,96,1,75,10,-1,-1,0
0074.txt,22,5846748718774811598,96,0,-1,-1,0,15,1,-1,-1,0
0074.txt,23,5846748718774811598,96,0,-1,-1,0,17,0,-1,-1,0
0074.txt,24,5846748718774811598,96,0,-1,-1,0,11,0,-1,-1,0
0074.txt,25,5846748718774811598,96,0,-1,-1,0,1,0,-1,-1,0
0074.txt,26,5846748718774811598,96,0,-1,-1,0,82,0,-1,-1,0
0074.txt,27,5846748718774811598,96,0,-1,-1,0,4,0,-1,-1,0
0074.txt,28,5846748718774811598,96,0,-1,-1,0,19,0,-1,-1,0
0074.txt,29,5846748718774811598,96,0,-1,-1,0,6,0,-1,-1,0
0074.txt,30,5846748718774811598,96,1,96,96,1,66,7,-1,-1,0
0074.txt,31,5846748718774811598,96,0,-1,-1,0,4,0,-1,-1,0
0074.txt,32,5846748718774811598,96,1,96,96,1,18,7,-1,-1,0
0074.txt,33,5846748718774811598,96,1,97,96,0,92,8,-1,-1,0
0074.txt,34,5846748718774811598,96,0,-1,-1,0,28,0,-1,-1,0
0074.txt,35,5846748718774811598,96,1,96,96,1,102,7,-1,-1,0
0074.txt,36,5846748718774811598,96,0,-1,-1,0,4,0,-1,-1,0
0074.txt,37,5846748718774811598,96,1,98,97,0,93,8,-1,-1,0
0074.txt,38,5846748718774811598,96,1,96,96,1,88,8,-1,-1,0
0074.txt,39,5846748718774811598,96,1,97,96,0,76,8,-1,-1,0
0074.txt,40,5846748718774811598,96,1,96,96,1,62,7,-1,-1,0
0074.txt,41,5846748718774811598,96,0,-1,-1,0,5,0,-1,-1,0
0074.txt,42,5846748718774811598,96,0,-1,-1,0,46,0,-1,-1,0
0074.txt,43,5846748718774811598,96,1,98,96,0,66,8,-1,-1,0
0074.txt,44,5846748718774811598,96,1,97,96,1,67,8,-1,-1,0
0074.txt,45,5846748718774811598,96,0,-1,-1,0,4,0,-1,-1,0
0074.txt,46,5846748718774811598,96,0,-1,-1,0,7,0,-1,-1,0
0074.txt,47,5846748718774811598,96,1,98,96,1,27,8,-1,-1,0
0074.txt,48,5846748718774811598,96,0,-1,-1,0,119,0,-1,-1,0
0074.txt,49,5846748718774811598,96,1,99,96,0,52,8,-1,-1,0
0074.txt,50,5846748718774811598,96,1,99,98,0,23,8,-1,-1,0
0074.txt,51,5846748718774811598,96,0,-1,-1,0,14,0,-1,-1,0
0074.txt,52,5846748718774811598,96,1,98,96,1,36,7,-1,-1,0
0074.txt,53,5846748718774811598,96,1,98,97,0,74,8,-1,-1,0
0074.txt,54,5846748718774811598,96,1,97,96,0,75,8,-1,-1,0
0074.txt,55,5846748718774811598,96,0,-1,-1,0,47,0,-1,-1,0
0074.txt,56,5846748718774811598,96,0,-1,-1,0,5,0,-1,-1,0
0074.txt,57,5846748718774811598,96,1,96,96,1,40,7,-1,-1,0
0074.txt,58,5846748718774811598,96,0,-1,-1,0,17,0,-1,-1,0
0074.txt,59,5846748718774811598,96,0,-1,-1,0,32,0,-1,-1,0
0074.txt,60,5846748718774811598,96,1,96,96,1,38,7,-1,-1,0
0074.txt,61,5846748718774811598,96,0,-1,-1,0,4,0,-1,-1,0
0074.txt,62,5846748718774811598,96,1,99,99,0,63,7,-1,-1,0
0074.txt,63,5846748718774811598,96,0,-1,-1,0,8,0,-1,-1,0
0075.txt,0,3682434442177579578,370,1,371,370,1,208,41,-1,-1,0
0075.txt,1,3682434442177579578,370,1,372,370,0,262,40,-1,-1,0
0075.txt,2,3682434442177579578,370,0,-1,-1,0,13,0,-1,-1,0
0075.txt,3,3682434442177579578,370,0,-1,-1,0,138,1,-1,-1,0
0075.txt,4,3682434442177579578,370,0,-1,-1,0,38,0,-1,-1,0
0075.txt,5,3682434442177579578,370,1,372,372,0,59,34,-1,-1,0
0075.txt,6,3682434442177579578,370,0,-1,-1,0,6,0,-1,-1,0
0075.txt,7,3682434442177579578,370,1,373,371,0,148,33,-1,-1,0
0075.txt,8,3682434442177579578,370,1,371,370,1,78,31,-1,-1,0
0075.txt,9,3682434442177579578,370,1,370,370,0,315,31,-1,-1,0
0075.txt,10,3682434442177579578,370,1,370,370,0,85,31,-1,-1,0
0075.txt,11,3682434442177579578,370,1,372,370,1,158,32,-1,-1,0
0075.txt,12,3682434442177579578,370,0,-1,-1,0,42,0,-1,-1,0
0075.txt,13,3682434442177579578,370,0,-1,-1,0,320,0,-1,-1,0
0075.txt,14,3682434442177579578,370,1,371,371,0,53,32,-1,-1,0
0075.txt,15,3682434442177579578,370,0,-1,-1,0,17,0,-1,-1,0
0075.txt,16,3682434442177579578,370,1,373,371,0,103,32,-1,-1,0
0075.txt,17,3682434442177579578,370,0,-1,-1,0,17,0,-1,-1,0
0075.txt,18,3682434442177579578,370,0,-1,-1,0,8,0,-1,-1,0
0075.txt,19,3682434442177579578,370,0,-1,-1,0,9,0,-1,-1,0
0075.txt,20,3682434442177579578,370,0,-1,-1,0,14,0,-1,-1,0
0075.txt,21,3682434442177579578,370,1,373,373,0,93,34,-1,-1,0
0075.txt,22,3682434442177579578,370,0,-1,-1,0,126,0,-1,-1,0
0075.txt,23,3682434442177579578,370,0,-1,-1,0,13,0,-1,-1,0
0075.txt,24,3682434442177579578,370,0,-1,-1,0,237,0,-1,-1,0
0075.txt,25,3682434442177579578,370,0,-1,-1,0,186,0,-1,-1,0
0075.txt,26,3682434442177579578,370,0,-1,-1,0,10,0,-1,-1,0
0075.txt,27,3682434442177579578,370,1,372,371,0,150,31,-1,-1,0
0075.txt,28,3682434442177579578,370,0,-1,-1,0,16,0,-1,-1,0
0075.txt,29,3682434442177579578,370,0,-1,-1,0,11,0,-1,-1,0
0075.txt,30,3682434442177579578,370,0,-1,-1,0,25,0,-1,-1,0
0075.txt,31,3682434442177579578,370,0,-1,-1,0,16,0,-1,-1,0
0075.txt,32,3682434442177579578,370,0,-1,-1,0,242,0,-1,-1,0
0075.txt,33,3682434442177579578,370,1,368,368,0,161,34,-1,-1,0
0075.txt,34,3682434442177579578,370,0,-1,-1,0,216,0,-1,-1,0
0075.txt,35,3682434442177579578,370,0,-1,-1,0,22,0,-1,-1,0
0075.txt,36,3682434442177579578,370,0,-1,-1,0,14,0,-1,-1,0
0075.txt,37,3682434442177579578,370,1,372,371,0,308,43,-1,-1,0
0075.txt,38,3682434442177579578,370,1,371,370,0,345,45,-1,-1,0
0075.txt,39,3682434442177579578,370,0,-1,-1,0,46,0,-1,-1,0
0075.txt,40,3682434442177579578,370,0,-1,-1,0,35,0,-1,-1,0
0075.txt,41,3682434442177579578,370,0,-1,-1,0,20,0,-1,-1,0
0075.txt,42,3682434442177579578,370,0,-1,-1,0,9,0,-1,-1,0
0075.txt,43,3682434442177579578,370,1,370,370,0,156,38,-1,-1,0
0075.txt,44,3682434442177579578,370,1,373,372,0,121,37,-1,-1,0
0075.txt,45,3682434442177579578,370,0,-1,-1,0,23,0,-1,-1,0
0075.txt,46,3682434442177579578,370,1,373,371,0,146,32,-1,-1,0
0075.txt,47,3682434442177579578,370,1,370,370,1,187,32,-1,-1,0
0075.txt,48,3682434442177579578,370,1,371,370,0,152,33,-1,-1,0
0075.txt,49,3682434442177579578,370,0,-1,-1,0,11,0,-1,-1,0
0075.txt,50,3682434442177579578,370,0,-1,-1,0,14,0,-1,-1,0
0075.txt,51,3682434442177579578,370,1,371,370,0,52,32,-1,-1,0
0075.txt,52,3682434442177579578,370,0,-1,-1,0,17,0,-1,-1,0
0075.txt,53,3682434442177579578,370,0,-1,-1,0,107,0,-1,-1,0
0075.txt,54,3682434442177579578,370,0,-1,-1,0,113,0,-1,-1,0
0075.txt,55,3682434442177579578,370,0,-1,-1,0,199,0,-1,-1,0
0075.txt,56,3682434442177579578,370,0,-1,-1,0,149,0,-1,-1,0
0075.txt,57,3682434442177579578,370,0,-1,-1,0,83,0,-1,-1,0
0075.txt,58,3682434442177579578,370,0,-1,-1,0,14,0,-1,-1,0
0075.txt,59,3682434442177579578,370,0,-1,-1,0,28,0,-1,-1,0
0075.txt,60,3682434442177579578,370,1,371,370,0,527,41,-1,-1,0
0075.txt,61,3682434442177579578,370,0,-1,-1,0,20,0,-1,-1,0
0075.txt,62,3682434442177579578,370,0,-1,-1,0,142,0,-1,-1,0
0075.txt,63,3682434442177579578,370,0,-1,-1,0,6,0,-1,-1,0
0076.txt,0,5207213641485653444,271,0,-1,-1,0,32,0,-1,-1,0
0076.txt,1,5207213641485653444,271,0,-1,-1,0,79,0,-1,-1,0
0076.txt,2,5207213641485653444,271,0,-1,-1,0,262,0,-1,-1,0
0076.txt,3,5207213641485653444,271,0,-1,-1,0,66,1,-1,-1,0
0076.txt,4,5207213641485653444,271,1,273,271,0,40,31,-1,-1,0
0076.txt,5,5207213641485653444,271,0,-1,-1,0,63,0,-1,-1,0
0076.txt,6,5207213641485653444,271,1,271,271,1,29,25,-1,-1,0
0076.txt,7,5207213641485653444,271,1,274,272,0,180,24,-1,-1,0
0076.txt,8,5207213641485653444,271,0,-1,-1,0,59,0,-1,-1,0
0076.txt,9,5207213641485653444,271,0,-1,-1,0,138,0,-1,-1,0
0076.txt,10,5207213641485653444,271,0,-1,-1,0,58,0,-1,-1,0
0076.txt,11,5207213641485653444,271,1,272,272,0,151,24,-1,-1,0
0076.txt,12,5207213641485653444,271,0,-1,-1,0,106,0,-1,-1,0
0076.txt,13,5207213641485653444,271,1,272,271,1,28,23,-1,-1,0
0076.txt,14,5207213641485653444,271,0,-1,-1,0,145,0,-1,-1,0
0076.txt,15,5207213641485653444,271,0,-1,-1,0,16,0,-1,-1,0
0076.txt,16,5207213641485653444,271,1,271,271,0,195,22,-1,-1,0
0076.txt,17,5207213641485653444,271,1,274,274,0,83,24,-1,-1,0
0076.txt,18,5207213641485653444,271,0,-1,-1,0,15,0,-1,-1,0
0076.txt,19,5207213641485653444,271,1,274,272,0,77,22,-1,-1,0
0076.txt,20,5207213641485653444,271,1,271,271,1,191,21,-1,-1,0
0076.txt,21,5207213641485653444,271,0,-1,-1,0,110,0,-1,-1,0
0076.txt,22,5207213641485653444,271,1,274,271,0,177,23,-1,-1,0
0076.txt,23,5207213641485653444,271,0,-1,-1,0,91,0,-1,-1,0
0076.txt,24,5207213641485653444,271,1,272,271,1,82,22,-1,-1,0
0076.txt,25,5207213641485653444,271,0,-1,-1,0,44,0,-1,-1,0
0076.txt,26,5207213641485653444,271,0,-1,-1,0,306,0,-1,-1,0
0076.txt,27,5207213641485653444,271,0,-1,-1,0,12,0,-1,-1,0
0076.txt,28,5207213641485653444,271,1,272,271,1,83,23,-1,-1,0
0076.txt,29,5207213641485653444,271,1,271,271,1,37,25,-1,-1,0
0076.txt,30,5207213641485653444,271,0,-1,-1,0,12,0,-1,-1,0
0076.txt,31,5207213641485653444,271,0,-1,-1,0,10,0,-1,-1,0
0076.txt,32,5207213641485653444,271,0,-1,-1,0,9,0,-1,-1,0
0076.txt,33,5207213641485653444,271,1,272,271,0,55,22,-1,-1,0
0076.txt,34,5207213641485653444,271,1,272,271,1,179,23,-1,-1,0
0076.txt,35,5207213641485653444,271,0,-1,-1,0,8,0,-1,-1,0
0076.txt,36,5207213641485653444,271,1,273,271,1,197,22,-1,-1,0
0076.txt,37,5207213641485653444,271,0,-1,-1,0,13,0,-1,-1,0
0076.txt,38,5207213641485653444,271,0,-1,-1,0,76,0,-1,-1,0
0076.txt,39,5207213641485653444,271,1,271,271,1,12,21,-1,-1,0
0076.txt,40,5207213641485653444,271,1,273,273,0,50,21,-1,-1,0
0076.txt,41,5207213641485653444,271,0,-1,-1,0,86,0,-1,-1,0
0076.txt,42,5207213641485653444,271,0,-1,-1,0,111,0,-1,-1,0
0076.txt,43,5207213641485653444,271,1,271,271,0,19,21,-1,-1,0
0076.txt,44,5207213641485653444,271,0,-1,-1,0,71,0,-1,-1,0
0076.txt,45,5207213641485653444,271,1,272,271,1,36,21,-1,-1,0
0076.txt,46,5207213641485653444,271,0,-1,-1,0,18,0,-1,-1,0
0076.txt,47,5207213641485653444,271,1,273,271,1,68,23,-1,-1,0
0076.txt,48,5207213641485653444,271,0,-1,-1,0,25,0,-1,-1,0
0076.txt,49,5207213641485653444,271,1,272,271,0,7,22,-1,-1,0
0076.txt,50,5207213641485653444,271,1,272,271,0,191,21,-1,-1,0
0076.txt,51,5207213641485653444,271,1,274,274,0,92,22,-1,-1,0
0076.txt,52,5207213641485653444,271,1,271,271,1,55,22,-1,-1,0
0076.txt,53,5207213641485653444,271,1,274,274,0,96,23,-1,-1,0
0076.txt,54,5207213641485653444,271,0,-1,-1,0,11,0,-1,-1,0
0076.txt,55,5207213641485653444,271,1,271,271,1,16,21,-1,-1,0
0076.txt,56,5207213641485653444,271,1,271,271,0,181,21,-1,-1,0
0076.txt,57,5207213641485653444,271,0,-1,-1,0,191,0,-1,-1,0
0076.txt,58,5207213641485653444,271,1,271,271,1,18,21,-1,-1,0
0076.txt,59,5207213641485653444,271,1,271,271,1,57,21,-1,-1,0
0076.txt,60,5207213641485653444,271,0,-1,-1,0,7,0,-1,-1,0
0076.txt,61,5207213641485653444,271,1,271,271,0,50,22,-1,-1,0
0076.txt,62,5207213641485653444,271,0,-1,-1,0,10,0,-1,-1,0
0076.txt,63,5207213641485653444,271,1,271,271,1,23,22,-1,-1,0
0077.txt,0,12196728332285161706,84,1,85,85,0,41,9,-1,-1,0
0077.txt,1,12196728332285161706,84,1,86,84,1,27,8,-1,-1,0
0077.txt,2,12196728332285161706,84,1,87,84,0,76,8,-1,-1,0
0077.txt,3,12196728332285161706,84,0,-1,-1,0,6,0,-1,-1,0
0077.txt,4,12196728332285161706,84,0,-1,-1,0,9,0,-1,-1,0
0077.txt,5,12196728332285161706,84,1,84,84,1,8,6,-1,-1,0
0077.txt,6,12196728332285161706,84,0,-1,-1,0,7,0,-1,-1,0
0077.txt,7,12196728332285161706,84,0,-1,-1,0,4,0,-1,-1,0
0077.txt,8,12196728332285161706,84,1,84,84,0,4,6,-1,-1,0
0077.txt,9,12196728332285161706,84,0,-1,-1,0,15,0,-1,-1,0
0077.txt,10,12196728332285161706,84,1,86,85,0,66,7,-1,-1,0
0077.txt,11,12196728332285161706,84,0,-1,-1,0,20,0,-1,-1,0
0077.txt,12,12196728332285161706,84,1,84,84,1,31,6,-1,-1,0
0077.txt,13,12196728332285161706,84,1,87,84,1,17,7,-1,-1,0
0077.txt,14,12196728332285161706,84,0,-1,-1,0,6,0,-1,-1,0
0077.txt,15,12196728332285161706,84,1,84,84,1,12,6,-1,-1,0
0077.txt,16,12196728332285161706,84,0,-1,-1,0,7,0,-1,-1,0
0077.txt,17,12196728332285161706,84,1,85,85,0,9,6,-1,-1,0
0077.txt,18,12196728332285161706,84,1,87,84,1,39,7,-1,-1,0
0077.txt,19,12196728332285161706,84,0,-1,-1,0,26,0,-1,-1,0
0077.txt,20,12196728332285161706,84,0,-1,-1,0,5,0,-1,-1,0
0077.txt,21,12196728332285161706,84,0,-1,-1,0,16,0,-1,-1,0
0077.txt,22,12196728332285161706,84,1,87,84,0,54,7,-1,-1,0
0077.txt,23,12196728332285161706,84,0,-1,-1,0,14,0,-1,-1,0
0077.txt,24,12196728332285161706,84,1,86,84,1,18,7,-1,-1,0
0077.txt,25,12196728332285161706,84,1,86,84,1,31,7,-1,-1,0
0077.txt,26,12196728332285161706,84,0,-1,-1,0,6,0,-1,-1,0
0077.txt,27,12196728332285161706,84,1,87,86,0,83,7,-1,-1,0
0077.txt,28,12196728332285161706,84,0,-1,-1,0,37,0,-1,-1,0
0077.txt,29,12196728332285161706,84,0,-1,-1,0,14,1,-1,-1,0
0077.txt,30,12196728332285161706,84,0,-1,-1,0,13,0,-1,-1,0
0077.txt,31,12196728332285161706,84,1,86,84,0,55,7,-1,-1,0
0077.txt,32,12196728332285161706,84,1,84,84,1,25,6,-1,-1,0
0077.txt,33,12196728332285161706,84,0,-1,-1,0,4,0,-1,-1,0
0077.txt,34,12196728332285161706,84,0,-1,-1,0,5,0,-1,-1,0
0077.txt,35,12196728332285161706,84,1,85,84,1,16,7,-1,-1,0
0077.txt,36,12196728332285161706,84,1,84,84,0,8,7,-1,-1,0
0077.txt,37,12196728332285161706,84,0,-1,-1,0,115,0,-1,-1,0
0077.txt,38,12196728332285161706,84,1,85,85,0,29,7,-1,-1,0
0077.txt,39,12196728332285161706,84,0,-1,-1,0,17,0,-1,-1,0
0077.txt,40,12196728332285161706,84,1,86,85,0,28,7,-1,-1,0
0077.txt,41,12196728332285161706,84,0,-1,-1,0,6,0,-1,-1,0
0077.txt,42,12196728332285161706,84,0,-1,-1,0,5,0,-1,-1,0
0077.txt,43,12196728332285161706,84,1,85,84,0,43,8,-1,-1,0
0077.txt,44,12196728332285161706,84,1,84,84,1,21,7,-1,-1,0
0077.txt,45,12196728332285161706,84,0,-1,-1,0,17,0,-1,-1,0
0077.txt,46,12196728332285161706,84,0,-1,-1,0,11,0,-1,-1,0
0077.txt,47,12196728332285161706,84,0,-1,-1,0,3,0,-1,-1,0
0077.txt,48,12196728332285161706,84,1,85,85,0,23,7,-1,-1,0
0077.txt,49,12196728332285161706,84,0,-1,-1,0,32,0,-1,-1,0
0077.txt,50,12196728332285161706,84,1,87,85,0,39,8,-1,-1,0
0077.txt,51,12196728332285161706,84,0,-1,-1,0,38,0,-1,-1,0
0077.txt,52,12196728332285161706,84,1,84,84,0,8,7,-1,-1,0
0077.txt,53,12196728332285161706,84,0,-1,-1,0,17,0,-1,-1,0
0077.txt,54,12196728332285161706,84,1,86,86,0,7,7,-1,-1,0
0077.txt,55,12196728332285161706,84,1,86,84,0,18,15,-1,-1,0
0077.txt,56,12196728332285161706,84,0,-1,-1,0,1,0,-1,-1,0
0077.txt,57,12196728332285161706,84,1,85,84,1,52,8,-1,-1,0
0077.txt,58,12196728332285161706,84,1,84,84,0,6,7,-1,-1,0
0077.txt,59,12196728332285161706,84,0,-1,-1,0,32,0,-1,-1,0
0077.txt,60,12196728332285161706,84,0,-1,-1,0,7,0,-1,-1,0
0077.txt,61,12196728332285161706,84,0,-1,-1,0,18,0,-1,-1,0
0077.txt,62,12196728332285161706,84,0,-1,-1,0,8,0,-1,-1,0
0077.txt,63,12196728332285161706,84,1,86,84,1,38,8,-1,-1,0
0078.txt,0,12531196711283716560,263,1,266,263,1,110,32,-1,-1,0
0078.txt,1,12531196711283716560,263,0,-1,-1,0,174,0,-1,-1,0
0078.txt,2,12531196711283716560,263,0,-1,-1,0,131,0,-1,-1,0
0078.txt,3,12531196711283716560,263,1,266,263,1,15,25,-1,-1,0
0078.txt,4,12531196711283716560,263,0,-1,-1,0,50,0,-1,-1,0
0078.txt,5,12531196711283716560,263,1,266,263,1,40,22,-1,-1,0
0078.txt,6,12531196711283716560,263,1,263,263,1,74,20,-1,-1,0
0078.txt,7,12531196711283716560,263,0,-1,-1,0,23,0,-1,-1,0
0078.txt,8,12531196711283716560,263,0,-1,-1,0,24,0,-1,-1,0
0078.txt,9,12531196711283716560,263,0,-1,-1,0,85,0,-1,-1,0
0078.txt,10,12531196711283716560,263,0,-1,-1,0,46,0,-1,-1,0
0078.txt,11,12531196711283716560,263,0,-1,-1,0,202,0,-1,-1,0
0078.txt,12,12531196711283716560,263,1,265,263,1,28,20,-1,-1,0
0078.txt,13,12531196711283716560,263,0,-1,-1,0,84,0,-1,-1,0
0078.txt,14,12531196711283716560,263,0,-1,-1,0,77,0,-1,-1,0
0078.txt,15,12531196711283716560,263,0,-1,-1,0,20,0,-1,-1,0
0078.txt,16,12531196711283716560,263,1,263,263,1,14,20,-1,-1,0
0078.txt,17,12531196711283716560,263,0,-1,-1,0,15,0,-1,-1,0
0078.txt,18,12531196711283716560,263,0,-1,-1,0,15,0,-1,-1,0
0078.txt,19,12531196711283716560,263,1,266,263,1,65,21,-1,-1,0
0078.txt,20,12531196711283716560,263,0,-1,-1,0,193,0,-1,-1,0
0078.txt,21,12531196711283716560,263,1,266,263,0,55,22,-1,-1,0
0078.txt,22,12531196711283716560,263,0,-1,-1,0,147,0,-1,-1,0
0078.txt,23,12531196711283716560,263,1,265,265,0,222,21,-1,-1,0
0078.txt,24,12531196711283716560,263,0,-1,-1,0,24,0,-1,-1,0
0078.txt,25,12531196711283716560,263,1,263,263,1,28,20,-1,-1,0
0078.txt,26,12531196711283716560,263,1,266,265,0,51,20,-1,-1,0
0078.txt,27,12531196711283716560,263,1,266,264,0,69,20,-1,-1,0
0078.txt,28,12531196711283716560,263,0,-1,-1,0,42,0,-1,-1,0
0078.txt,29,12531196711283716560,263,1,263,263,1,143,29,-1,-1,0
0078.txt,30,12531196711283716560,263,1,265,263,1,138,21,-1,-1,0
0078.txt,31,12531196711283716560,263,0,-1,-1,0,206,0,-1,-1,0
0078.txt,32,12531196711283716560,263,1,266,264,0,166,21,-1,-1,0
0078.txt,33,12531196711283716560,263,0,-1,-1,0,8,0,-1,-1,0
0078.txt,34,12531196711283716560,263,0,-1,-1,0,77,0,-1,-1,0
0078.txt,35,12531196711283716560,263,1,266,263,0,250,21,-1,-1,0
0078.txt,36,12531196711283716560,263,0,-1,-1,0,135,0,-1,-1,0
0078.txt,37,12531196711283716560,263,0,-1,-1,0,51,0,-1,-1,0
0078.txt,38,12531196711283716560,263,0,-1,-1,0,39,0,-1,-1,0
0078.txt,39,12531196711283716560,263,0,-1,-1,0,181,0,-1,-1,0
0078.txt,40,12531196711283716560,263,0,-1,-1,0,11,0,-1,-1,0
0078.txt,41,12531196711283716560,263,0,-1,-1,0,21,0,-1,-1,0
0078.txt,42,12531196711283716560,263,1,265,263,0,21,21,-1,-1,0
0078.txt,43,12531196711283716560,263,1,265,265,0,128,30,-1,-1,0
0078.txt,44,12531196711283716560,263,0,-1,-1,0,20,0,-1,-1,0
0078.txt,45,12531196711283716560,263,0,-1,-1,0,56,0,-1,-1,0
0078.txt,46,12531196711283716560,263,0,-1,-1,0,155,0,-1,-1,0
0078.txt,47,12531196711283716560,263,0,-1,-1,0,74,0,-1,-1,0
0078.txt,48,12531196711283716560,263,1,263,263,1,20,21,-1,-1,0
0078.txt,49,12531196711283716560,263,0,-1,-1,0,13,0,-1,-1,0
0078.txt,50,12531196711283716560,263,0,-1,-1,0,21,0,-1,-1,0
0078.txt,51,12531196711283716560,263,1,264,263,0,163,21,-1,-1,0
0078.txt,52,12531196711283716560,263,0,-1,-1,0,65,0,-1,-1,0
0078.txt,53,12531196711283716560,263,1,266,263,1,87,21,-1,-1,0
0078.txt,54,12531196711283716560,263,0,-1,-1,0,43,0,-1,-1,0
0078.txt,55,12531196711283716560,263,0,-1,-1,0,100,0,-1,-1,0
0078.txt,56,12531196711283716560,263,0,-1,-1,0,19,0,-1,-1,0
0078.txt,57,12531196711283716560,263,0,-1,-1,0,46,0,-1,-1,0
0078.txt,58,12531196711283716560,263,0,-1,-1,0,246,0,-1,-1,0
0078.txt,59,12531196711283716560,263,1,265,263,1,30,21,-1,-1,0
0078.txt,60,12531196711283716560,263,0,-1,-1,0,10,0,-1,-1,0
0078.txt,61,12531196711283716560,263,0,-1,-1,0,103,0,-1,-1,0
0078.txt,62,12531196711283716560,263,0,-1,-1,0,77,0,-1,-1,0
0078.txt,63,12531196711283716560,263,0,-1,-1,0,153,0,-1,-1,0
0079.txt,0,10101521470382238977,67,1,67,67,0,23,8,-1,-1,0
0079.txt,1,10101521470382238977,67,1,67,67,0,12,6,-1,-1,0
0079.txt,2,10101521470382238977,67,0,-1,-1,0,18,0,-1,-1,0
0079.txt,3,10101521470382238977,67,1,70,68,0,12,7,-1,-1,0
0079.txt,4,10101521470382238977,67,0,-1,-1,0,5,0,-1,-1,0
0079.txt,5,10101521470382238977,67,0,-1,-1,0,11,0,-1,-1,0
0079.txt,6,10101521470382238977,67,1,70,67,0,22,7,-1,-1,0
0079.txt,7,10101521470382238977,67,1,68,68,0,73,7,-1,-1,0
0079.txt,8,10101521470382238977,67,0,-1,-1,0,4,0,-1,-1,0
0079.txt,9,10101521470382238977,67,1,68,67,0,41,6,-1,-1,0
0079.txt,10,10101521470382238977,67,0,-1,-1,0,10,0,-1,-1,0
0079.txt,11,10101521470382238977,67,1,69,67,1,7,6,-1,-1,0
0079.txt,12,10101521470382238977,67,1,68,68,0,13,6,-1,-1,0
0079.txt,13,10101521470382238977,67,0,-1,-1,0,2,0,-1,-1,0
0079.txt,14,10101521470382238977,67,0,-1,-1,0,20,0,-1,-1,0
0079.txt,15,10101521470382238977,67,0,-1,-1,0,8,0,-1,-1,0
0079.txt,16,10101521470382238977,67,1,67,67,0,25,6,-1,-1,0
0079.txt,17,10101521470382238977,67,0,-1,-1,0,3,0,-1,-1,0
0079.txt,18,10101521470382238977,67,0,-1,-1,0,6,0,-1,-1,0
0079.txt,19,10101521470382238977,67,0,-1,-1,0,4,0,-1,-1,0
0079.txt,20,10101521470382238977,67,1,69,67,0,79,7,-1,-1,0
0079.txt,21,10101521470382238977,67,1,70,67,0,36,8,-1,-1,0
0079.txt,22,10101521470382238977,67,0,-1,-1,0,10,0,-1,-1,0
0079.txt,23,10101521470382238977,67,1,70,69,0,39,6,-1,-1,0
0079.txt,24,10101521470382238977,67,1,70,67,0,26,8,-1,-1,0
0079.txt,25,10101521470382238977,67,0,-1,-1,0,4,0,-1,-1,0
0079.txt,26,10101521470382238977,67,0,-1,-1,0,7,0,-1,-1,0
0079.txt,27,10101521470382238977,67,0,-1,-1,0,8,0,-1,-1,0
0079.txt,28,10101521470382238977,67,1,69,67,0,74,6,-1,-1,0
0079.txt,29,10101521470382238977,67,0,-1,-1,0,17,0,-1,-1,0
0079.txt,30,10101521470382238977,67,0,-1,-1,0,20,0,-1,-1,0
0079.txt,31,10101521470382238977,67,1,69,67,1,56,6,-1,-1,0
0079.txt,32,10101521470382238977,67,0,-1,-1,0,6,0,-1,-1,0
0079.txt,33,10101521470382238977,67,0,-1,-1,0,5,0,-1,-1,0
0079.txt,34,10101521470382238977,67,0,-1,-1,0,12,0,-1,-1,0
0079.txt,35,10101521470382238977,67,0,-1,-1,0,7,0,-1,-1,0
0079.txt,36,10101521470382238977,67,0,-1,-1,0,4,0,-1,-1,0
0079.txt,37,10101521470382238977,67,1,67,67,1,60,6,-1,-1,0
0079.txt,38,10101521470382238977,67,0,-1,-1,0,3,0,-1,-1,0
0079.txt,39,10101521470382238977,67,0,-1,-1,0,3,0,-1,-1,0
0079.txt,40,10101521470382238977,67,1,68,68,0,13,6,-1,-1,0
0079.txt,41,10101521470382238977,67,0,-1,-1,0,6,0,-1,-1,0
0079.txt,42,10101521470382238977,67,1,68,67,1,47,5,-1,-1,0
0079.txt,43,10101521470382238977,67,1,67,67,0,58,6,-1,-1,0
0079.txt,44,10101521470382238977,67,0,-1,-1,0,40,0,-1,-1,0
0079.txt,45,10101521470382238977,67,1,68,67,0,13,6,-1,-1,0
0079.txt,46,10101521470382238977,67,0,-1,-1,0,3,0,-1,-1,0
0079.txt,47,10101521470382238977,67,0,-1,-1,0,16,0,-1,-1,0
0079.txt,48,10101521470382238977,67,0,-1,-1,0,51,0,-1,-1,0
0079.txt,49,10101521470382238977,67,0,-1,-1,0,11,0,-1,-1,0
0079.txt,50,10101521470382238977,67,0,-1,-1,0,6,0,-1,-1,0
0079.txt,51,10101521470382238977,67,0,-1,-1,0,8,0,-1,-1,0
0079.txt,52,10101521470382238977,67,0,-1,-1,0,17,0,-1,-1,0
0079.txt,53,10101521470382238977,67,0,-1,-1,0,6,0,-1,-1,0
0079.txt,54,10101521470382238977,67,1,69,67,0,58,7,-1,-1,0
0079.txt,55,10101521470382238977,67,0,-1,-1,0,7,0,-1,-1,0
0079.txt,56,10101521470382238977,67,0,-1,-1,0,9,0,-1,-1,0
0079.txt,57,10101521470382238977,67,0,-1,-1,0,7,0,-1,-1,0
0079.txt,58,10101521470382238977,67,0,-1,-1,0,3,0,-1,-1,0
0079.txt,59,10101521470382238977,67,0,-1,-1,0,36,0,-1,-1,0
0079.txt,60,10101521470382238977,67,1,70,67,1,21,6,-1,-1,0
0079.txt,61,10101521470382238977,67,1,67,67,0,6,6,-1,-1,0
0079.txt,62,10101521470382238977,67,1,70,67,1,24,7,-1,-1,0
0079.txt,63,10101521470382238977,67,0,-1,-1,0,3,0,-1,-1,0
0080.txt,0,1923720794853871134,181,0,-1,-1,0,1,0,-1,-1,0
0080.txt,1,1923720794853871134,181,0,-1,-1,0,10,0,-1,-1,0
0080.txt,2,1923720794853871134,181,1,181,181,1,11,18,-1,-1,0
0080.txt,3,1923720794853871134,181,1,181,181,1,180,15,-1,-1,0
0080.txt,4,1923720794853871134,181,1,183,181,1,231,16,-1,-1,0
0080.txt,5,1923720794853871134,181,0,-1,-1,0,6,0,-1,-1,0
0080.txt,6,1923720794853871134,181,0,-1,-1,0,14,0,-1,-1,0
0080.txt,7,1923720794853871134,181,1,182,181,1,194,15,-1,-1,0
0080.txt,8,1923720794853871134,181,0,-1,-1,0,14,0,-1,-1,0
0080.txt,9,1923720794853871134,181,1,184,181,1,106,15,-1,-1,0
0080.txt,10,1923720794853871134,181,0,-1,-1,0,90,0,-1,-1,0
0080.txt,11,1923720794853871134,181,1,184,181,1,121,14,-1,-1,0
0080.txt,12,1923720794853871134,181,0,-1,-1,0,14,0,-1,-1,0
0080.txt,13,1923720794853871134,181,0,-1,-1,0,16,0,-1,-1,0
0080.txt,14,1923720794853871134,181,0,-1,-1,0,59,0,-1,-1,0
0080.txt,15,1923720794853871134,181,0,-1,-1,0,14,0,-1,-1,0
0080.txt,16,1923720794853871134,181,0,-1,-1,0,16,0,-1,-1,0
0080.txt,17,1923720794853871134,181,1,181,181,1,149,14,-1,-1,0
0080.txt,18,1923720794853871134,181,1,182,182,0,56,14,-1,-1,0
0080.txt,19,1923720794853871134,181,1,183,181,0,112,16,-1,-1,0
0080.txt,20,1923720794853871134,181,0,-1,-1,0,53,0,-1,-1,0
0080.txt,21,1923720794853871134,181,0,-1,-1,0,16,0,-1,-1,0
0080.txt,22,1923720794853871134,181,0,-1,-1,0,110,0,-1,-1,0
0080.txt,23,1923720794853871134,181,1,182,181,1,87,14,-1,-1,0
0080.txt,24,1923720794853871134,181,1,181,181,0,24,14,-1,-1,0
0080.txt,25,1923720794853871134,181,0,-1,-1,0,12,0,-1,-1,0
0080.txt,26,1923720794853871134,181,1,181,181,1,19,14,-1,-1,0
0080.txt,27,1923720794853871134,181,0,-1,-1,0,43,0,-1,-1,0
0080.txt,28,1923720794853871134,181,0,-1,-1,0,166,0,-1,-1,0
0080.txt,29,1923720794853871134,181,0,-1,-1,0,39,0,-1,-1,0
0080.txt,30,1923720794853871134,181,1,184,181,1,86,14,-1,-1,0
0080.txt,31,1923720794853871134,181,0,-1,-1,0,17,0,-1,-1,0
0080.txt,32,1923720794853871134,181,0,-1,-1,0,99,0,-1,-1,0
0080.txt,33,1923720794853871134,181,0,-1,-1,0,56,0,-1,-1,0
0080.txt,34,1923720794853871134,181,0,-1,-1,0,154,0,-1,-1,0
0080.txt,35,1923720794853871134,181,0,-1,-1,0,24,0,-1,-1,0
0080.txt,36,1923720794853871134,181,1,181,181,1,36,13,-1,-1,0
0080.txt,37,1923720794853871134,181,0,-1,-1,0,30,0,-1,-1,0
0080.txt,38,1923720794853871134,181,1,181,181,1,97,13,-1,-1,0
0080.txt,39,1923720794853871134,181,0,-1,-1,0,26,0,-1,-1,0
0080.txt,40,1923720794853871134,181,1,183,183,0,70,16,-1,-1,0
0080.txt,41,1923720794853871134,181,0,-1,-1,0,17,0,-1,-1,0
0080.txt,42,1923720794853871134,181,1,182,181,0,184,14,-1,-1,0
0080.txt,43,1923720794853871134,181,1,181,181,1,10,14,-1,-1,0
0080.txt,44,1923720794853871134,181,1,181,181,1,85,14,-1,-1,0
0080.txt,45,1923720794853871134,181,0,-1,-1,0,7,0,-1,-1,0
0080.txt,46,1923720794853871134,181,1,181,181,1,70,13,-1,-1,0
0080.txt,47,1923720794853871134,181,1,181,181,1,17,14,-1,-1,0
0080.txt,48,1923720794853871134,181,0,-1,-1,0,15,0,-1,-1,0
0080.txt,49,1923720794853871134,181,1,182,181,1,252,18,-1,-1,0
0080.txt,50,1923720794853871134,181,0,-1,-1,0,260,0,-1,-1,0
0080.txt,51,1923720794853871134,181,0,-1,-1,0,12,0,-1,-1,0
0080.txt,52,1923720794853871134,181,1,181,181,1,27,18,-1,-1,0
0080.txt,53,1923720794853871134,181,0,-1,-1,0,10,0,-1,-1,0
0080.txt,54,1923720794853871134,181,0,-1,-1,0,46,0,-1,-1,0
0080.txt,55,1923720794853871134,181,1,183,181,0,142,18,-1,-1,0
0080.txt,56,1923720794853871134,181,0,-1,-1,0,52,0,-1,-1,0
0080.txt,57,1923720794853871134,181,1,181,181,1,8,15,-1,-1,0
0080.txt,58,1923720794853871134,181,0,-1,-1,0,16,0,-1,-1,0
0080.txt,59,1923720794853871134,181,0,-1,-1,0,28,0,-1,-1,0
0080.txt,60,1923720794853871134,181,0,-1,-1,0,55,0,-1,-1,0
0080.txt,61,1923720794853871134,181,0,-1,-1,0,253,0,-1,-1,0
0080.txt,62,1923720794853871134,181,1,183,181,0,151,18,-1,-1,0
0080.txt,63,1923720794853871134,181,1,183,181,1,49,15,-1,-1,0
0081.txt,0,11814244379841692692,374,1,375,374,1,215,33,-1,-1,0
0081.txt,1,11814244379841692692,374,1,374,374,1,16,29,-1,-1,0
0081.txt,2,11814244379841692692,374,0,-1,-1,0,17,0,-1,-1,0
0081.txt,3,11814244379841692692,374,1,376,374,1,222,30,-1,-1,0
0081.txt,4,11814244379841692692,374,0,-1,-1,0,130,0,-1,-1,0
0081.txt,5,11814244379841692692,374,1,375,374,1,69,28,-1,-1,0
0081.txt,6,11814244379841692692,374,1,374,374,1,8,28,-1,-1,0
0081.txt,7,11814244379841692692,374,0,-1,-1,0,104,0,-1,-1,0
0081.txt,8,11814244379841692692,374,0,-1,-1,0,112,0,-1,-1,0
0081.txt,9,11814244379841692692,374,0,-1,-1,0,89,0,-1,-1,0
0081.txt,10,11814244379841692692,374,0,-1,-1,0,240,0,-1,-1,0
0081.txt,11,11814244379841692692,374,1,375,374,1,162,29,-1,-1,0
0081.txt,12,11814244379841692692,374,1,375,374,1,107,28,-1,-1,0
0081.txt,13,11814244379841692692,374,0,-1,-1,0,95,0,-1,-1,0
0081.txt,14,11814244379841692692,374,0,-1,-1,0,112,0,-1,-1,0
0081.txt,15,11814244379841692692,374,0,-1,-1,0,11,0,-1,-1,0
0081.txt,16,11814244379841692692,374,0,-1,-1,0,225,0,-1,-1,0
0081.txt,17,11814244379841692692,374,0,-1,-1,0,17,0,-1,-1,0
0081.txt,18,11814244379841692692,374,1,374,374,0,426,28,-1,-1,0
0081.txt,19,11814244379841692692,374,1,374,374,1,22,27,-1,-1,0
0081.txt,20,11814244379841692692,374,1,375,374,1,205,29,-1,-1,0
0081.txt,21,11814244379841692692,374,1,374,374,1,16,28,-1,-1,0
0081.txt,22,11814244379841692692,374,0,-1,-1,0,337,0,-1,-1,0
0081.txt,23,11814244379841692692,374,0,-1,-1,0,86,0,-1,-1,0
0081.txt,24,11814244379841692692,374,0,-1,-1,0,15,0,-1,-1,0
0081.txt,25,11814244379841692692,374,0,-1,-1,0,14,0,-1,-1,0
0081.txt,26,11814244379841692692,374,0,-1,-1,0,19,0,-1,-1,0
0081.txt,27,11814244379841692692,374,0,-1,-1,0,64,0,-1,-1,0
0081.txt,28,11814244379841692692,374,1,376,375,0,465,32,-1,-1,0
0081.txt,29,11814244379841692692,374,1,375,374,1,77,29,-1,-1,0
0081.txt,30,11814244379841692692,374,0,-1,-1,0,14,0,-1,-1,0
0081.txt,31,11814244379841692692,374,1,374,374,1,96,29,-1,-1,0
0081.txt,32,11814244379841692692,374,0,-1,-1,0,13,0,-1,-1,0
0081.txt,33,11814244379841692692,374,0,-1,-1,0,129,0,-1,-1,0
0081.txt,34,11814244379841692692,374,1,377,374,1,43,29,-1,-1,0
0081.txt,35,11814244379841692692,374,0,-1,-1,0,71,1,-1,-1,0
0081.txt,36,11814244379841692692,374,0,-1,-1,0,60,1,-1,-1,0
0081.txt,37,11814244379841692692,374,0,-1,-1,0,103,0,-1,-1,0
0081.txt,38,11814244379841692692,374,1,374,374,1,31,28,-1,-1,0
0081.txt,39,11814244379841692692,374,1,375,374,0,189,29,-1,-1,0
0081.txt,40,11814244379841692692,374,0,-1,-1,0,88,0,-1,-1,0
0081.txt,41,11814244379841692692,374,0,-1,-1,0,9,0,-1,-1,0
0081.txt,42,11814244379841692692,374,0,-1,-1,0,8,0,-1,-1,0
0081.txt,43,11814244379841692692,374,0,-1,-1,0,151,0,-1,-1,0
0081.txt,44,11814244379841692692,374,1,374,374,1,15,28,-1,-1,0
0081.txt,45,11814244379841692692,374,1,375,374,0,178,28,-1,-1,0
0081.txt,46,11814244379841692692,374,1,374,374,1,266,28,-1,-1,0
0081.txt,47,11814244379841692692,374,0,-1,-1,0,313,0,-1,-1,0
0081.txt,48,11814244379841692692,374,0,-1,-1,0,116,0,-1,-1,0
0081.txt,49,11814244379841692692,374,0,-1,-1,0,24,0,-1,-1,0
0081.txt,50,11814244379841692692,374,0,-1,-1,0,11,0,-1,-1,0
0081.txt,51,11814244379841692692,374,1,374,374,1,286,27,-1,-1,0
0081.txt,52,11814244379841692692,374,0,-1,-1,0,6,0,-1,-1,0
0081.txt,53,11814244379841692692,374,0,-1,-1,0,15,0,-1,-1,0
0081.txt,54,11814244379841692692,374,0,-1,-1,0,76,0,-1,-1,0
0081.txt,55,11814244379841692692,374,1,377,377,0,336,28,-1,-1,0
0081.txt,56,11814244379841692692,374,1,377,374,1,63,29,-1,-1,0
0081.txt,57,11814244379841692692,374,0,-1,-1,0,15,0,-1,-1,0
0081.txt,58,11814244379841692692,374,0,-1,-1,0,165,0,-1,-1,0
0081.txt,59,11814244379841692692,374,0,-1,-1,0,6,0,-1,-1,0
0081.txt,60,11814244379841692692,374,0,-1,-1,0,92,0,-1,-1,0
0081.txt,61,11814244379841692692,374,0,-1,-1,0,11,0,-1,-1,0
0081.txt,62,11814244379841692692,374,0,-1,-1,0,50,0,-1,-1,0
0081.txt,63,11814244379841692692,374,1,376,376,0,54,28,-1,-1,0
0082.txt,0,11732457285819176272,320,1,321,320,0,190,30,-1,-1,0
0082.txt,1,11732457285819176272,320,1,323,322,0,66,27,-1,-1,0
0082.txt,2,11732457285819176272,320,0,-1,-1,0,15,0,-1,-1,0
0082.txt,3,11732457285819176272,320,0,-1,-1,0,104,0,-1,-1,0
0082.txt,4,11732457285819176272,320,0,-1,-1,0,14,0,-1,-1,0
0082.txt,5,11732457285819176272,320,0,-1,-1,0,14,0,-1,-1,0
0082.txt,6,11732457285819176272,320,0,-1,-1,0,103,0,-1,-1,0
0082.txt,7,11732457285819176272,320,1,323,321,0,152,26,-1,-1,0
0082.txt,8,11732457285819176272,320,1,323,322,0,77,25,-1,-1,0
0082.txt,9,11732457285819176272,320,1,321,320,0,225,25,-1,-1,0
0082.txt,10,11732457285819176272,320,0,-1,-1,0,115,0,-1,-1,0
0082.txt,11,11732457285819176272,320,1,320,320,0,393,25,-1,-1,0
0082.txt,12,11732457285819176272,320,0,-1,-1,0,62,0,-1,-1,0
0082.txt,13,11732457285819176272,320,1,323,320,0,111,31,-1,-1,0
0082.txt,14,11732457285819176272,320,0,-1,-1,0,293,0,-1,-1,0
0082.txt,15,11732457285819176272,320,0,-1,-1,0,7,0,-1,-1,0
0082.txt,16,11732457285819176272,320,0,-1,-1,0,367,0,-1,-1,0
0082.txt,17,11732457285819176272,320,1,320,320,0,260,27,-1,-1,0
0082.txt,18,11732457285819176272,320,0,-1,-1,0,15,0,-1,-1,0
0082.txt,19,11732457285819176272,320,0,-1,-1,0,203,0,-1,-1,0
0082.txt,20,11732457285819176272,320,0,-1,-1,0,240,0,-1,-1,0
0082.txt,21,11732457285819176272,320,1,322,320,1,305,28,-1,-1,0
0082.txt,22,11732457285819176272,320,0,-1,-1,0,47,0,-1,-1,0
0082.txt,23,11732457285819176272,320,1,323,320,0,217,28,-1,-1,0
0082.txt,24,11732457285819176272,320,1,320,320,0,508,25,-1,-1,0
0082.txt,25,11732457285819176272,320,0,-1,-1,0,381,0,-1,-1,0
0082.txt,26,11732457285819176272,320,1,321,321,0,68,26,-1,-1,0
0082.txt,27,11732457285819176272,320,1,323,320,0,174,27,-1,-1,0
0082.txt,28,11732457285819176272,320,1,321,320,1,47,25,-1,-1,0
0082.txt,29,11732457285819176272,320,0,-1,-1,0,202,0,-1,-1,0
0082.txt,30,11732457285819176272,320,0,-1,-1,0,43,0,-1,-1,0
0082.txt,31,11732457285819176272,320,0,-1,-1,0,81,0,-1,-1,0
0082.txt,32,11732457285819176272,320,0,-1,-1,0,10,0,-1,-1,0
0082.txt,33,11732457285819176272,320,0,-1,-1,0,90,0,-1,-1,0
0082.txt,34,11732457285819176272,320,0,-1,-1,0,355,0,-1,-1,0
0082.txt,35,11732457285819176272,320,0,-1,-1,0,42,0,-1,-1,0
0082.txt,36,11732457285819176272,320,1,320,320,1,130,26,-1,-1,0
0082.txt,37,11732457285819176272,320,1,319,319,0,88,24,-1,-1,0
0082.txt,38,11732457285819176272,320,0,-1,-1,0,56,0,-1,-1,0
0082.txt,39,11732457285819176272,320,1,323,321,0,218,25,-1,-1,0
0082.txt,40,11732457285819176272,320,0,-1,-1,0,39,0,-1,-1,0
0082.txt,41,11732457285819176272,320,1,322,320,1,145,24,-1,-1,0
0082.txt,42,11732457285819176272,320,0,-1,-1,0,12,0,-1,-1,0
0082.txt,43,11732457285819176272,320,1,322,320,1,208,25,-1,-1,0
0082.txt,44,11732457285819176272,320,1,320,320,1,16,25,-1,-1,0
0082.txt,45,11732457285819176272,320,0,-1,-1,0,12,0,-1,-1,0
0082.txt,46,11732457285819176272,320,1,321,320,1,16,24,-1,-1,0
0082.txt,47,11732457285819176272,320,0,-1,-1,0,31,0,-1,-1,0
0082.txt,48,11732457285819176272,320,1,321,321,0,60,23,-1,-1,0
0082.txt,49,11732457285819176272,320,1,321,320,1,189,24,-1,-1,0
0082.txt,50,11732457285819176272,320,1,320,320,1,34,23,-1,-1,0
0082.txt,51,11732457285819176272,320,1,321,320,1,40,25,-1,-1,0
0082.txt,52,11732457285819176272,320,1,322,320,0,149,25,-1,-1,0
0082.txt,53,11732457285819176272,320,0,-1,-1,0,125,0,-1,-1,0
0082.txt,54,11732457285819176272,320,0,-1,-1,0,69,0,-1,-1,0
0082.txt,55,11732457285819176272,320,0,-1,-1,0,14,0,-1,-1,0
0082.txt,56,11732457285819176272,320,0,-1,-1,0,100,0,-1,-1,0
0082.txt,57,11732457285819176272,320,1,322,320,0,70,26,-1,-1,0
0082.txt,58,11732457285819176272,320,1,321,320,1,67,25,-1,-1,0
0082.txt,59,11732457285819176272,320,1,320,320,0,231,24,-1,-1,0
0082.txt,60,11732457285819176272,320,1,322,321,0,333,25,-1,-1,0
0082.txt,61,11732457285819176272,320,0,-1,-1,0,30,0,-1,-1,0
0082.txt,62,11732457285819176272,320,1,323,323,0,57,24,-1,-1,0
0082.txt,63,11732457285819176272,320,1,321,321,0,60,24,-1,-1,0
0083.txt,0,6115505316156924910,172,1,174,174,0,88,17,-1,-1,0
0083.txt,1,6115505316156924910,172,0,-1,-1,0,112,0,-1,-1,0
0083.txt,2,6115505316156924910,172,0,-1,-1,0,77,0,-1,-1,0
0083.txt,3,6115505316156924910,172,0,-1,-1,0,88,0,-1,-1,0
0083.txt,4,6115505316156924910,172,0,-1,-1,0,11,0,-1,-1,0
0083.txt,5,6115505316156924910,172,0,-1,-1,0,11,0,-1,-1,0
0083.txt,6,6115505316156924910,172,1,173,172,1,41,15,-1,-1,0
0083.txt,7,6115505316156924910,172,0,-1,-1,0,22,0,-1,-1,0
0083.txt,8,6115505316156924910,172,1,172,172,0,101,13,-1,-1,0
0083.txt,9,6115505316156924910,172,1,174,174,0,156,15,-1,-1,0
0083.txt,10,6115505316156924910,172,0,-1,-1,0,28,0,-1,-1,0
0083.txt,11,6115505316156924910,172,1,172,172,1,37,12,-1,-1,0
0083.txt,12,6115505316156924910,172,0,-1,-1,0,9,0,-1,-1,0
0083.txt,13,6115505316156924910,172,0,-1,-1,0,23,0,-1,-1,0
0083.txt,14,6115505316156924910,172,0,-1,-1,0,10,0,-1,-1,0
0083.txt,15,6115505316156924910,172,1,172,172,1,66,13,-1,-1,0
0083.txt,16,6115505316156924910,172,1,175,172,0,20,14,-1,-1,0
0083.txt,17,6115505316156924910,172,1,175,175,0,137,13,-1,-1,0
0083.txt,18,6115505316156924910,172,1,174,172,0,149,13,-1,-1,0
0083.txt,19,6115505316156924910,172,0,-1,-1,0,10,0,-1,-1,0
0083.txt,20,6115505316156924910,172,1,172,172,0,154,13,-1,-1,0
0083.txt,21,6115505316156924910,172,0,-1,-1,0,55,0,-1,-1,0
0083.txt,22,6115505316156924910,172,0,-1,-1,0,57,0,-1,-1,0
0083.txt,23,6115505316156924910,172,0,-1,-1,0,42,0,-1,-1,0
0083.txt,24,6115505316156924910,172,0,-1,-1,0,74,0,-1,-1,0
0083.txt,25,6115505316156924910,172,1,172,172,1,18,13,-1,-1,0
0083.txt,26,6115505316156924910,172,1,172,172,1,33,13,-1,-1,0
0083.txt,27,6115505316156924910,172,1,172,172,1,44,13,-1,-1,0
0083.txt,28,6115505316156924910,172,1,172,172,0,168,13,-1,-1,0
0083.txt,29,6115505316156924910,172,1,172,172,1,88,12,-1,-1,0
0083.txt,30,6115505316156924910,172,1,172,172,0,162,12,-1,-1,0
0083.txt,31,6115505316156924910,172,1,172,172,0,155,24,-1,-1,0
0083.txt,32,6115505316156924910,172,0,-1,-1,0,161,0,-1,-1,0
0083.txt,33,6115505316156924910,172,0,-1,-1,0,67,0,-1,-1,0
0083.txt,34,6115505316156924910,172,0,-1,-1,0,130,0,-1,-1,0
0083.txt,35,6115505316156924910,172,0,-1,-1,0,21,0,-1,-1,0
0083.txt,36,6115505316156924910,172,1,172,172,0,15,13,-1,-1,0
0083.txt,37,6115505316156924910,172,1,173,173,0,63,13,-1,-1,0
0083.txt,38,6115505316156924910,172,1,172,172,0,97,13,-1,-1,0
0083.txt,39,6115505316156924910,172,1,173,173,0,18,12,-1,-1,0
0083.txt,40,6115505316156924910,172,0,-1,-1,0,89,0,-1,-1,0
0083.txt,41,6115505316156924910,172,1,172,172,1,111,13,-1,-1,0
0083.txt,42,6115505316156924910,172,0,-1,-1,0,1,0,-1,-1,0
0083.txt,43,6115505316156924910,172,1,174,172,1,50,13,-1,-1,0
0083.txt,44,6115505316156924910,172,0,-1,-1,0,81,0,-1,-1,0
0083.txt,45,6115505316156924910,172,0,-1,-1,0,86,0,-1,-1,0
0083.txt,46,6115505316156924910,172,1,172,172,1,240,12,-1,-1,0
0083.txt,47,6115505316156924910,172,0,-1,-1,0,85,0,-1,-1,0
0083.txt,48,6115505316156924910,172,0,-1,-1,0,8,0,-1,-1,0
0083.txt,49,6115505316156924910,172,0,-1,-1,0,7,0,-1,-1,0
0083.txt,50,6115505316156924910,172,1,172,172,1,126,13,-1,-1,0
0083.txt,51,6115505316156924910,172,0,-1,-1,0,166,0,-1,-1,0
0083.txt,52,6115505316156924910,172,1,173,172,1,41,12,-1,-1,0
0083.txt,53,6115505316156924910,172,0,-1,-1,0,108,0,-1,-1,0
0083.txt,54,6115505316156924910,172,0,-1,-1,0,13,0,-1,-1,0
0083.txt,55,6115505316156924910,172,1,172,172,0,76,17,-1,-1,0
0083.txt,56,6115505316156924910,172,0,-1,-1,0,114,0,-1,-1,0
0083.txt,57,6115505316156924910,172,1,175,172,1,59,16,-1,-1,0
0083.txt,58,6115505316156924910,172,0,-1,-1,0,66,0,-1,-1,0
0083.txt,59,6115505316156924910,172,0,-1,-1,0,1,0,-1,-1,0
0083.txt,60,6115505316156924910,172,0,-1,-1,0,238,0,-1,-1,0
0083.txt,61,6115505316156924910,172,0,-1,-1,0,13,0,-1,-1,0
0083.txt,62,6115505316156924910,172,0,-1,-1,0,5,0,-1,-1,0
0083.txt,63,6115505316156924910,172,0,-1,-1,0,12,0,-1,-1,0
0084.txt,0,9991414369475358629,321,0,-1,-1,0,79,0,-1,-1,0
0084.txt,1,9991414369475358629,321,1,321,321,1,15,31,-1,-1,0
0084.txt,2,9991414369475358629,321,1,321,321,0,318,29,-1,-1,0
0084.txt,3,9991414369475358629,321,0,-1,-1,0,52,0,-1,-1,0
0084.txt,4,9991414369475358629,321,1,324,320,0,166,27,-1,-1,0
0084.txt,5,9991414369475358629,321,1,324,324,0,270,26,-1,-1,0
0084.txt,6,9991414369475358629,321,0,-1,-1,0,137,0,-1,-1,0
0084.txt,7,9991414369475358629,321,0,-1,-1,0,89,0,-1,-1,0
0084.txt,8,9991414369475358629,321,0,-1,-1,0,92,0,-1,-1,0
0084.txt,9,9991414369475358629,321,0,-1,-1,0,59,0,-1,-1,0
0084.txt,10,9991414369475358629,321,0,-1,-1,0,11,0,-1,-1,0
0084.txt,11,9991414369475358629,321,0,-1,-1,0,32,0,-1,-1,0
0084.txt,12,9991414369475358629,321,1,321,321,0,357,25,-1,-1,0
0084.txt,13,9991414369475358629,321,1,322,322,0,36,25,-1,-1,0
0084.txt,14,9991414369475358629,321,1,322,322,0,104,27,-1,-1,0
0084.txt,15,9991414369475358629,321,1,323,321,1,60,25,-1,-1,0
0084.txt,16,9991414369475358629,321,0,-1,-1,0,54,0,-1,-1,0
0084.txt,17,9991414369475358629,321,1,322,321,0,298,25,-1,-1,0
0084.txt,18,9991414369475358629,321,0,-1,-1,0,12,0,-1,-1,0
0084.txt,19,9991414369475358629,321,0,-1,-1,0,126,0,-1,-1,0
0084.txt,20,9991414369475358629,321,1,323,321,1,95,26,-1,-1,0
0084.txt,21,9991414369475358629,321,1,320,320,0,53,25,-1,-1,0
0084.txt,22,9991414369475358629,321,1,321,321,0,261,25,-1,-1,0
0084.txt,23,9991414369475358629,321,1,322,321,1,88,25,-1,-1,0
0084.txt,24,9991414369475358629,321,0,-1,-1,0,37,0,-1,-1,0
0084.txt,25,9991414369475358629,321,0,-1,-1,0,18,0,-1,-1,0
0084.txt,26,9991414369475358629,321,0,-1,-1,0,411,0,-1,-1,0
0084.txt,27,9991414369475358629,321,0,-1,-1,0,230,0,-1,-1,0
0084.txt,28,9991414369475358629,321,0,-1,-1,0,77,0,-1,-1,0
0084.txt,29,9991414369475358629,321,0,-1,-1,0,52,0,-1,-1,0
0084.txt,30,9991414369475358629,321,1,321,321,1,227,25,-1,-1,0
0084.txt,31,9991414369475358629,321,1,322,322,0,9,25,-1,-1,0
0084.txt,32,9991414369475358629,321,0,-1,-1,0,85,0,-1,-1,0
0084.txt,33,9991414369475358629,321,1,321,321,0,75,26,-1,-1,0
0084.txt,34,9991414369475358629,321,1,324,321,1,103,26,-1,-1,0
0084.txt,35,9991414369475358629,321,1,321,321,1,64,24,-1,-1,0
0084.txt,36,9991414369475358629,321,0,-1,-1,0,66,0,-1,-1,0
0084.txt,37,9991414369475358629,321,1,321,321,1,84,25,-1,-1,0
0084.txt,38,9991414369475358629,321,1,321,321,1,75,25,-1,-1,0
0084.txt,39,9991414369475358629,321,1,324,321,1,16,25,-1,-1,0
0084.txt,40,9991414369475358629,321,0,-1,-1,0,29,0,-1,-1,0
0084.txt,41,9991414369475358629,321,1,321,321,1,6,25,-1,-1,0
0084.txt,42,9991414369475358629,321,1,321,321,1,170,24,-1,-1,0
0084.txt,43,9991414369475358629,321,0,-1,-1,0,47,0,-1,-1,0
0084.txt,44,9991414369475358629,321,0,-1,-1,0,92,0,-1,-1,0
0084.txt,45,9991414369475358629,321,1,321,321,0,159,24,-1,-1,0
0084.txt,46,9991414369475358629,321,0,-1,-1,0,93,0,-1,-1,0
0084.txt,47,9991414369475358629,321,1,322,321,1,32,26,-1,-1,0
0084.txt,48,9991414369475358629,321,0,-1,-1,0,69,0,-1,-1,0
0084.txt,49,9991414369475358629,321,0,-1,-1,0,10,0,-1,-1,0
0084.txt,50,9991414369475358629,321,1,321,321,1,241,24,-1,-1,0
0084.txt,51,9991414369475358629,321,1,322,322,0,133,25,-1,-1,0
0084.txt,52,9991414369475358629,321,0,-1,-1,0,24,0,-1,-1,0
0084.txt,53,9991414369475358629,321,1,323,323,0,407,26,-1,-1,0
0084.txt,54,9991414369475358629,321,0,-1,-1,0,257,0,-1,-1,0
0084.txt,55,9991414369475358629,321,1,324,321,1,78,28,-1,-1,0
0084.txt,56,9991414369475358629,321,0,-1,-1,0,17,0,-1,-1,0
0084.txt,57,9991414369475358629,321,0,-1,-1,0,59,0,-1,-1,0
0084.txt,58,9991414369475358629,321,0,-1,-1,0,11,0,-1,-1,0
0084.txt,59,9991414369475358629,321,1,321,321,0,439,32,-1,-1,0
0084.txt,60,9991414369475358629,321,0,-1,-1,0,22,0,-1,-1,0
0084.txt,61,9991414369475358629,321,0,-1,-1,0,30,0,-1,-1,0
0084.txt,62,9991414369475358629,321,0,-1,-1,0,14,0,-1,-1,0
0084.txt,63,9991414369475358629,321,1,321,321,1,191,28,-1,-1,0
0085.txt,0,11574669368750164987,203,1,203,203,1,63,20,-1,-1,0
0085.txt,1,11574669368750164987,203,1,203,203,1,100,17,-1,-1,0
0085.txt,2,11574669368750164987,203,1,203,203,0,96,16,-1,-1,0
0085.txt,3,11574669368750164987,203,1,205,205,0,94,16,-1,-1,0
0085.txt,4,11574669368750164987,203,1,203,203,1,79,16,-1,-1,0
0085.txt,5,11574669368750164987,203,1,203,203,1,26,15,-1,-1,0
0085.txt,6,11574669368750164987,203,1,204,203,1,77,16,-1,-1,0
0085.txt,7,11574669368750164987,203,0,-1,-1,0,12,0,-1,-1,0
0085.txt,8,11574669368750164987,203,1,203,203,1,77,15,-1,-1,0
0085.txt,9,11574669368750164987,203,1,206,203,0,132,17,-1,-1,0
0085.txt,10,11574669368750164987,203,1,205,205,0,34,16,-1,-1,0
0085.txt,11,11574669368750164987,203,0,-1,-1,0,41,0,-1,-1,0
0085.txt,12,11574669368750164987,203,0,-1,-1,0,86,0,-1,-1,0
0085.txt,13,11574669368750164987,203,1,203,203,0,78,17,-1,-1,0
0085.txt,14,11574669368750164987,203,0,-1,-1,0,37,0,-1,-1,0
0085.txt,15,11574669368750164987,203,1,203,203,1,89,16,-1,-1,0
0085.txt,16,11574669368750164987,203,1,205,205,0,11,17,-1,-1,0
0085.txt,17,11574669368750164987,203,0,-1,-1,0,8,0,-1,-1,0
0085.txt,18,11574669368750164987,203,1,203,203,1,131,16,-1,-1,0
0085.txt,19,11574669368750164987,203,0,-1,-1,0,80,0,-1,-1,0
0085.txt,20,11574669368750164987,203,0,-1,-1,0,24,0,-1,-1,0
0085.txt,21,11574669368750164987,203,0,-1,-1,0,73,0,-1,-1,0
0085.txt,22,11574669368750164987,203,1,204,203,0,78,17,-1,-1,0
0085.txt,23,11574669368750164987,203,0,-1,-1,0,39,0,-1,-1,0
0085.txt,24,11574669368750164987,203,0,-1,-1,0,25,0,-1,-1,0
0085.txt,25,11574669368750164987,203,0,-1,-1,0,6,0,-1,-1,0
0085.txt,26,11574669368750164987,203,0,-1,-1,0,73,0,-1,-1,0
0085.txt,27,11574669368750164987,203,0,-1,-1,0,40,0,-1,-1,0
0085.txt,28,11574669368750164987,203,0,-1,-1,0,9,0,-1,-1,0
0085.txt,29,11574669368750164987,203,1,203,203,0,123,17,-1,-1,0
0085.txt,30,11574669368750164987,203,0,-1,-1,0,23,0,-1,-1,0
0085.txt,31,11574669368750164987,203,0,-1,-1,0,16,0,-1,-1,0
0085.txt,32,11574669368750164987,203,0,-1,-1,0,47,0,-1,-1,0
0085.txt,33,11574669368750164987,203,0,-1,-1,0,66,0,-1,-1,0
0085.txt,34,11574669368750164987,203,1,205,205,0,12,16,-1,-1,0
0085.txt,35,11574669368750164987,203,0,-1,-1,0,25,0,-1,-1,0
0085.txt,36,11574669368750164987,203,0,-1,-1,0,74,0,-1,-1,0
0085.txt,37,11574669368750164987,203,1,204,203,1,88,17,-1,-1,0
0085.txt,38,11574669368750164987,203,1,203,203,1,24,16,-1,-1,0
0085.txt,39,11574669368750164987,203,0,-1,-1,0,74,0,-1,-1,0
0085.txt,40,11574669368750164987,203,1,206,203,0,101,18,-1,-1,0
0085.txt,41,11574669368750164987,203,0,-1,-1,0,8,0,-1,-1,0
0085.txt,42,11574669368750164987,203,0,-1,-1,0,77,0,-1,-1,0
0085.txt,43,11574669368750164987,203,1,205,204,0,129,18,-1,-1,0
0085.txt,44,11574669368750164987,203,0,-1,-1,0,15,0,-1,-1,0
0085.txt,45,11574669368750164987,203,1,206,203,1,77,17,-1,-1,0
0085.txt,46,11574669368750164987,203,1,204,204,0,67,17,-1,-1,0
0085.txt,47,11574669368750164987,203,1,206,203,1,62,18,-1,-1,0
0085.txt,48,11574669368750164987,203,0,-1,-1,0,7,0,-1,-1,0
0085.txt,49,11574669368750164987,203,1,203,203,1,58,16,-1,-1,0
0085.txt,50,11574669368750164987,203,1,203,203,0,91,17,-1,-1,0
0085.txt,51,11574669368750164987,203,0,-1,-1,0,9,0,-1,-1,0
0085.txt,52,11574669368750164987,203,0,-1,-1,0,10,0,-1,-1,0
0085.txt,53,11574669368750164987,203,0,-1,-1,0,42,0,-1,-1,0
0085.txt,54,11574669368750164987,203,1,203,203,1,8,16,-1,-1,0
0085.txt,55,11574669368750164987,203,1,203,203,1,65,16,-1,-1,0
0085.txt,56,11574669368750164987,203,0,-1,-1,0,7,0,-1,-1,0
0085.txt,57,11574669368750164987,203,1,204,203,1,116,17,-1,-1,0
0085.txt,58,11574669368750164987,203,0,-1,-1,0,38,0,-1,-1,0
0085.txt,59,11574669368750164987,203,0,-1,-1,0,25,0,-1,-1,0
0085.txt,60,11574669368750164987,203,1,203,203,1,15,16,-1,-1,0
0085.txt,61,11574669368750164987,203,1,203,203,0,81,16,-1,-1,0
0085.txt,62,11574669368750164987,203,1,204,204,0,55,18,-1,-1,0
0085.txt,63,11574669368750164987,203,1,203,203,1,49,17,-1,-1,0
0086.txt,0,15334154307364291870,97,1,99,99,0,13,10,-1,-1,0
0086.txt,1,15334154307364291870,97,0,-1,-1,0,51,0,-1,-1,0
0086.txt,2,15334154307364291870,97,1,99,99,0,9,8,-1,-1,0
0086.txt,3,15334154307364291870,97,0,-1,-1,0,72,0,-1,-1,0
0086.txt,4,15334154307364291870,97,1,100,100,0,97,11,-1,-1,0
0086.txt,5,15334154307364291870,97,1,100,100,0,38,9,-1,-1,0
0086.txt,6,15334154307364291870,97,0,-1,-1,0,43,0,-1,-1,0
0086.txt,7,15334154307364291870,97,1,97,97,1,73,8,-1,-1,0
0086.txt,8,15334154307364291870,97,1,98,97,1,10,8,-1,-1,0
0086.txt,9,15334154307364291870,97,1,97,97,0,60,8,-1,-1,0
0086.txt,10,15334154307364291870,97,0,-1,-1,0,35,0,-1,-1,0
0086.txt,11,15334154307364291870,97,1,97,97,1,88,8,-1,-1,0
0086.txt,12,15334154307364291870,97,0,-1,-1,0,51,0,-1,-1,0
0086.txt,13,15334154307364291870,97,1,98,97,1,67,8,-1,-1,0
0086.txt,14,15334154307364291870,97,0,-1,-1,0,17,0,-1,-1,0
0086.txt,15,15334154307364291870,97,0,-1,-1,0,10,0,-1,-1,0
0086.txt,16,15334154307364291870,97,0,-1,-1,0,68,0,-1,-1,0
0086.txt,17,15334154307364291870,97,0,-1,-1,0,1,0,-1,-1,0
0086.txt,18,15334154307364291870,97,0,-1,-1,0,57,0,-1,-1,0
0086.txt,19,15334154307364291870,97,1,97,97,0,30,8,-1,-1,0
0086.txt,20,15334154307364291870,97,0,-1,-1,0,19,0,-1,-1,0
0086.txt,21,15334154307364291870,97,1,97,97,1,49,7,-1,-1,0
0086.txt,22,15334154307364291870,97,0,-1,-1,0,21,0,-1,-1,0
0086.txt,23,15334154307364291870,97,0,-1,-1,0,7,0,-1,-1,0
0086.txt,24,15334154307364291870,97,0,-1,-1,0,29,0,-1,-1,0
0086.txt,25,15334154307364291870,97,0,-1,-1,0,13,0,-1,-1,0
0086.txt,26,15334154307364291870,97,0,-1,-1,0,75,0,-1,-1,0
0086.txt,27,15334154307364291870,97,0,-1,-1,0,11,0,-1,-1,0
0086.txt,28,15334154307364291870,97,1,100,99,0,60,9,-1,-1,0
0086.txt,29,15334154307364291870,97,0,-1,-1,0,5,0,-1,-1,0
0086.txt,30,15334154307364291870,97,0,-1,-1,0,9,0,-1,-1,0
0086.txt,31,15334154307364291870,97,1,97,97,1,37,8,-1,-1,0
0086.txt,32,15334154307364291870,97,0,-1,-1,0,7,0,-1,-1,0
0086.txt,33,15334154307364291870,97,1,100,99,0,26,8,-1,-1,0
0086.txt,34,15334154307364291870,97,0,-1,-1,0,11,0,-1,-1,0
0086.txt,35,15334154307364291870,97,0,-1,-1,0,43,0,-1,-1,0
0086.txt,36,15334154307364291870,97,1,97,97,1,46,8,-1,-1,0
0086.txt,37,15334154307364291870,97,0,-1,-1,0,15,0,-1,-1,0
0086.txt,38,15334154307364291870,97,0,-1,-1,0,6,0,-1,-1,0
0086.txt,39,15334154307364291870,97,0,-1,-1,0,7,0,-1,-1,0
0086.txt,40,15334154307364291870,97,1,98,97,1,50,8,-1,-1,0
0086.txt,41,15334154307364291870,97,0,-1,-1,0,30,0,-1,-1,0
0086.txt,42,15334154307364291870,97,0,-1,-1,0,36,0,-1,-1,0
0086.txt,43,15334154307364291870,97,1,98,97,0,59,8,-1,-1,0
0086.txt,44,15334154307364291870,97,1,98,97,1,30,8,-1,-1,0
0086.txt,45,15334154307364291870,97,0,-1,-1,0,17,0,-1,-1,0
0086.txt,46,15334154307364291870,97,0,-1,-1,0,8,0,-1,-1,0
0086.txt,47,15334154307364291870,97,0,-1,-1,0,3,0,-1,-1,0
0086.txt,48,15334154307364291870,97,0,-1,-1,0,31,0,-1,-1,0
0086.txt,49,15334154307364291870,97,1,100,99,0,53,8,-1,-1,0
0086.txt,50,15334154307364291870,97,1,99,99,0,73,8,-1,-1,0
0086.txt,51,15334154307364291870,97,0,-1,-1,0,54,0,-1,-1,0
0086.txt,52,15334154307364291870,97,0,-1,-1,0,52,0,-1,-1,0
0086.txt,53,15334154307364291870,97,0,-1,-1,0,4,0,-1,-1,0
0086.txt,54,15334154307364291870,97,0,-1,-1,0,88,0,-1,-1,0
0086.txt,55,15334154307364291870,97,1,99,99,0,59,8,-1,-1,0
0086.txt,56,15334154307364291870,97,1,99,99,0,57,8,-1,-1,0
0086.txt,57,15334154307364291870,97,1,98,97,1,25,8,-1,-1,0
0086.txt,58,15334154307364291870,97,1,98,97,1,48,8,-1,-1,0
0086.txt,59,15334154307364291870,97,0,-1,-1,0,27,0,-1,-1,0
0086.txt,60,15334154307364291870,97,1,98,97,0,56,9,-1,-1,0
0086.txt,61,15334154307364291870,97,0,-1,-1,0,12,0,-1,-1,0
0086.txt,62,15334154307364291870,97,0,-1,-1,0,38,0,-1,-1,0
0086.txt,63,15334154307364291870,97,0,-1,-1,0,43,0,-1,-1,0
0087.txt,0,9540443217015464517,114,1,115,114,1,107,11,-1,-1,0
0087.txt,1,9540443217015464517,114,1,114,114,1,17,11,-1,-1,0
0087.txt,2,9540443217015464517,114,1,114,114,1,17,9,-1,-1,0
0087.txt,3,9540443217015464517,114,0,-1,-1,0,59,0,-1,-1,0
0087.txt,4,9540443217015464517,114,0,-1,-1,0,41,0,-1,-1,0
0087.txt,5,9540443217015464517,114,0,-1,-1,0,31,0,-1,-1,0
0087.txt,6,9540443217015464517,114,1,114,114,1,194,9,-1,-1,0
0087.txt,7,9540443217015464517,114,1,116,114,1,54,9,-1,-1,0
0087.txt,8,9540443217015464517,114,1,116,114,1,29,10,-1,-1,0
0087.txt,9,9540443217015464517,114,1,116,114,0,80,9,-1,-1,0
0087.txt,10,9540443217015464517,114,1,114,114,1,195,9,-1,-1,0
0087.txt,11,9540443217015464517,114,1,116,114,1,55,10,-1,-1,0
0087.txt,12,9540443217015464517,114,1,115,114,1,30,9,-1,-1,0
0087.txt,13,9540443217015464517,114,1,114,114,1,12,9,-1,-1,0
0087.txt,14,9540443217015464517,114,1,114,114,1,14,9,-1,-1,0
0087.txt,15,9540443217015464517,114,1,116,114,1,71,10,-1,-1,0
0087.txt,16,9540443217015464517,114,1,115,114,0,38,10,-1,-1,0
0087.txt,17,9540443217015464517,114,1,114,114,1,10,9,-1,-1,0
0087.txt,18,9540443217015464517,114,1,114,114,1,45,9,-1,-1,0
0087.txt,19,9540443217015464517,114,1,116,114,1,57,10,-1,-1,0
0087.txt,20,9540443217015464517,114,0,-1,-1,0,73,0,-1,-1,0
0087.txt,21,9540443217015464517,114,0,-1,-1,0,86,0,-1,-1,0
0087.txt,22,9540443217015464517,114,1,114,114,1,48,9,-1,-1,0
0087.txt,23,9540443217015464517,114,1,114,114,1,171,9,-1,-1,0
0087.txt,24,9540443217015464517,114,0,-1,-1,0,15,0,-1,-1,0
0087.txt,25,9540443217015464517,114,1,117,115,0,79,9,-1,-1,0
0087.txt,26,9540443217015464517,114,1,115,114,1,47,9,-1,-1,0
0087.txt,27,9540443217015464517,114,1,114,114,1,9,10,-1,-1,0
0087.txt,28,9540443217015464517,114,0,-1,-1,0,6,0,-1,-1,0
0087.txt,29,9540443217015464517,114,0,-1,-1,0,171,0,-1,-1,0
0087.txt,30,9540443217015464517,114,0,-1,-1,0,24,0,-1,-1,0
0087.txt,31,9540443217015464517,114,0,-1,-1,0,0,0,-1,-1,0
0087.txt,32,9540443217015464517,114,1,116,114,1,42,10,-1,-1,0
0087.txt,33,9540443217015464517,114,1,116,114,1,66,10,-1,-1,0
0087.txt,34,9540443217015464517,114,0,-1,-1,0,46,0,-1,-1,0
0087.txt,35,9540443217015464517,114,1,114,114,1,142,9,-1,-1,0
0087.txt,36,9540443217015464517,114,1,114,114,0,72,9,-1,-1,0
0087.txt,37,9540443217015464517,114,1,115,114,1,37,10,-1,-1,0
0087.txt,38,9540443217015464517,114,1,114,114,1,6,9,-1,-1,0
0087.txt,39,9540443217015464517,114,1,115,114,1,52,10,-1,-1,0
0087.txt,40,9540443217015464517,114,0,-1,-1,0,17,0,-1,-1,0
0087.txt,41,9540443217015464517,114,1,116,114,0,59,9,-1,-1,0
0087.txt,42,9540443217015464517,114,1,116,116,0,47,9,-1,-1,0
0087.txt,43,9540443217015464517,114,1,114,114,1,13,9,-1,-1,0
0087.txt,44,9540443217015464517,114,1,116,114,1,60,10,-1,-1,0
0087.txt,45,9540443217015464517,114,1,116,114,1,34,10,-1,-1,0
0087.txt,46,9540443217015464517,114,1,114,114,1,64,9,-1,-1,0
0087.txt,47,9540443217015464517,114,1,114,114,0,59,9,-1,-1,0
0087.txt,48,9540443217015464517,114,1,114,114,1,55,9,-1,-1,0
0087.txt,49,9540443217015464517,114,1,116,116,0,47,9,-1,-1,0
0087.txt,50,9540443217015464517,114,1,116,114,1,54,10,-1,-1,0
0087.txt,51,9540443217015464517,114,1,117,115,0,52,10,-1,-1,0
0087.txt,52,9540443217015464517,114,1,116,114,0,68,9,-1,-1,0
0087.txt,53,9540443217015464517,114,1,116,114,1,53,9,-1,-1,0
0087.txt,54,9540443217015464517,114,1,117,114,1,49,10,-1,-1,0
0087.txt,55,9540443217015464517,114,1,114,114,1,114,9,-1,-1,0
0087.txt,56,9540443217015464517,114,0,-1,-1,0,7,0,-1,-1,0
0087.txt,57,9540443217015464517,114,1,114,114,1,12,8,-1,-1,0
0087.txt,58,9540443217015464517,114,0,-1,-1,0,55,0,-1,-1,0
0087.txt,59,9540443217015464517,114,0,-1,-1,0,19,0,-1,-1,0
0087.txt,60,9540443217015464517,114,1,116,114,1,38,11,-1,-1,0
0087.txt,61,9540443217015464517,114,0,-1,-1,0,51,0,-1,-1,0
0087.txt,62,9540443217015464517,114,1,114,114,0,175,9,-1,-1,0
0087.txt,63,9540443217015464517,114,1,114,114,1,9,9,-1,-1,0
0088.txt,0,2570807818632908352,155,0,-1,-1,0,38,0,-1,-1,0
0088.txt,1,2570807818632908352,155,1,158,158,0,86,14,-1,-1,0
0088.txt,2,2570807818632908352,155,0,-1,-1,0,50,0,-1,-1,0
0088.txt,3,2570807818632908352,155,1,156,155,1,96,14,-1,-1,0
0088.txt,4,2570807818632908352,155,0,-1,-1,0,21,0,-1,-1,0
0088.txt,5,2570807818632908352,155,1,158,155,1,27,13,-1,-1,0
0088.txt,6,2570807818632908352,155,1,155,155,1,90,12,-1,-1,0
0088.txt,7,2570807818632908352,155,0,-1,-1,0,31,0,-1,-1,0
0088.txt,8,2570807818632908352,155,1,155,155,0,112,12,-1,-1,0
0088.txt,9,2570807818632908352,155,0,-1,-1,0,0,1,-1,-1,0
0088.txt,10,2570807818632908352,155,1,157,155,1,110,12,-1,-1,0
0088.txt,11,2570807818632908352,155,1,156,155,0,143,12,-1,-1,0
0088.txt,12,2570807818632908352,155,0,-1,-1,0,11,0,-1,-1,0
0088.txt,13,2570807818632908352,155,1,158,156,0,102,12,-1,-1,0
0088.txt,14,2570807818632908352,155,0,-1,-1,0,9,0,-1,-1,0
0088.txt,15,2570807818632908352,155,0,-1,-1,0,53,0,-1,-1,0
0088.txt,16,2570807818632908352,155,1,157,155,0,98,13,-1,-1,0
0088.txt,17,2570807818632908352,155,1,156,155,0,172,12,-1,-1,0
0088.txt,18,2570807818632908352,155,1,157,155,0,102,16,-1,-1,0
0088.txt,19,2570807818632908352,155,1,155,155,1,25,12,-1,-1,0
0088.txt,20,2570807818632908352,155,1,155,155,1,68,12,-1,-1,0
0088.txt,21,2570807818632908352,155,0,-1,-1,0,35,0,-1,-1,0
0088.txt,22,2570807818632908352,155,1,157,155,0,78,13,-1,-1,0
0088.txt,23,2570807818632908352,155,1,155,155,0,75,12,-1,-1,0
0088.txt,24,2570807818632908352,155,0,-1,-1,0,21,0,-1,-1,0
0088.txt,25,2570807818632908352,155,1,156,155,0,149,15,-1,-1,0
0088.txt,26,2570807818632908352,155,0,-1,-1,0,49,0,-1,-1,0
0088.txt,27,2570807818632908352,155,1,155,155,0,170,14,-1,-1,0
0088.txt,28,2570807818632908352,155,1,156,155,0,123,14,-1,-1,0
0088.txt,29,2570807818632908352,155,1,156,155,1,27,13,-1,-1,0
0088.txt,30,2570807818632908352,155,1,155,155,0,89,13,-1,-1,0
0088.txt,31,2570807818632908352,155,1,157,155,1,33,13,-1,-1,0
0088.txt,32,2570807818632908352,155,1,155,155,0,83,12,-1,-1,0
0088.txt,33,2570807818632908352,155,0,-1,-1,0,78,0,-1,-1,0
0088.txt,34,2570807818632908352,155,1,155,155,0,64,12,-1,-1,0
0088.txt,35,2570807818632908352,155,0,-1,-1,0,112,0,-1,-1,0
0088.txt,36,2570807818632908352,155,1,158,155,0,116,13,-1,-1,0
0088.txt,37,2570807818632908352,155,1,156,155,0,124,11,-1,-1,0
0088.txt,38,2570807818632908352,155,1,156,155,1,22,12,-1,-1,0
0088.txt,39,2570807818632908352,155,1,156,155,1,18,12,-1,-1,0
0088.txt,40,2570807818632908352,155,1,155,155,1,40,12,-1,-1,0
0088.txt,41,2570807818632908352,155,1,157,157,0,66,13,-1,-1,0
0088.txt,42,2570807818632908352,155,1,158,155,1,27,13,-1,-1,0
0088.txt,43,2570807818632908352,155,0,-1,-1,0,7,0,-1,-1,0
0088.txt,44,2570807818632908352,155,1,157,155,0,112,12,-1,-1,0
0088.txt,45,2570807818632908352,155,0,-1,-1,0,25,0,-1,-1,0
0088.txt,46,2570807818632908352,155,0,-1,-1,0,38,0,-1,-1,0
0088.txt,47,2570807818632908352,155,0,-1,-1,0,45,0,-1,-1,0
0088.txt,48,2570807818632908352,155,1,157,155,1,74,12,-1,-1,0
0088.txt,49,2570807818632908352,155,1,155,155,0,46,11,-1,-1,0
0088.txt,50,2570807818632908352,155,1,155,155,1,24,12,-1,-1,0
0088.txt,51,2570807818632908352,155,0,-1,-1,0,18,0,-1,-1,0
0088.txt,52,2570807818632908352,155,0,-1,-1,0,72,0,-1,-1,0
0088.txt,53,2570807818632908352,155,0,-1,-1,0,11,0,-1,-1,0
0088.txt,54,2570807818632908352,155,1,156,155,1,28,11,-1,-1,0
0088.txt,55,2570807818632908352,155,0,-1,-1,0,53,0,-1,-1,0
0088.txt,56,2570807818632908352,155,0,-1,-1,0,30,0,-1,-1,0
0088.txt,57,2570807818632908352,155,1,156,155,1,33,11,-1,-1,0
0088.txt,58,2570807818632908352,155,1,156,156,0,161,12,-1,-1,0
0088.txt,59,2570807818632908352,155,0,-1,-1,0,46,0,-1,-1,0
0088.txt,60,2570807818632908352,155,0,-1,-1,0,45,0,-1,-1,0
0088.txt,61,2570807818632908352,155,0,-1,-1,0,21,0,-1,-1,0
0088.txt,62,2570807818632908352,155,1,155,155,0,78,12,-1,-1,0
0088.txt,63,2570807818632908352,155,1,155,155,1,30,12,-1,-1,0
0089.txt,0,6667360536859991668,385,0,-1,-1,0,15,0,-1,-1,0
0089.txt,1,6667360536859991668,385,0,-1,-1,0,177,0,-1,-1,0
0089.txt,2,6667360536859991668,385,0,-1,-1,0,16,0,-1,-1,0
0089.txt,3,6667360536859991668,385,0,-1,-1,0,8,0,-1,-1,0
0089.txt,4,6667360536859991668,385,0,-1,-1,0,173,1,-1,-1,0
0089.txt,5,6667360536859991668,385,0,-1,-1,0,433,0,-1,-1,0
0089.txt,6,6667360536859991668,385,0,-1,-1,0,44,0,-1,-1,0
0089.txt,7,6667360536859991668,385,1,387,385,0,457,38,-1,-1,0
0089.txt,8,6667360536859991668,385,1,386,385,0,206,36,-1,-1,0
0089.txt,9,6667360536859991668,385,0,-1,-1,0,71,0,-1,-1,0
0089.txt,10,6667360536859991668,385,0,-1,-1,0,226,0,-1,-1,0
0089.txt,11,6667360536859991668,385,1,386,385,0,623,34,-1,-1,0
0089.txt,12,6667360536859991668,385,1,385,385,0,43,32,-1,-1,0
0089.txt,13,6667360536859991668,385,0,-1,-1,0,74,0,-1,-1,0
0089.txt,14,6667360536859991668,385,0,-1,-1,0,113,0,-1,-1,0
0089.txt,15,6667360536859991668,385,0,-1,-1,0,124,0,-1,-1,0
0089.txt,16,6667360536859991668,385,0,-1,-1,0,17,0,-1,-1,0
0089.txt,17,6667360536859991668,385,0,-1,-1,0,17,0,-1,-1,0
0089.txt,18,6667360536859991668,385,0,-1,-1,0,352,0,-1,-1,0
0089.txt,19,6667360536859991668,385,0,-1,-1,0,18,0,-1,-1,0
0089.txt,20,6667360536859991668,385,0,-1,-1,0,137,0,-1,-1,0
0089.txt,21,6667360536859991668,385,1,386,386,0,76,34,-1,-1,0
0089.txt,22,6667360536859991668,385,0,-1,-1,0,108,0,-1,-1,0
0089.txt,23,6667360536859991668,385,1,385,385,0,365,32,-1,-1,0
0089.txt,24,6667360536859991668,385,0,-1,-1,0,549,0,-1,-1,0
0089.txt,25,6667360536859991668,385,1,386,385,1,213,40,-1,-1,0
0089.txt,26,6667360536859991668,385,0,-1,-1,0,20,0,-1,-1,0
0089.txt,27,6667360536859991668,385,0,-1,-1,0,111,0,-1,-1,0
0089.txt,28,6667360536859991668,385,0,-1,-1,0,20,0,-1,-1,0
0089.txt,29,6667360536859991668,385,0,-1,-1,0,66,0,-1,-1,0
0089.txt,30,6667360536859991668,385,0,-1,-1,0,20,0,-1,-1,0
0089.txt,31,6667360536859991668,385,1,385,385,0,103,34,-1,-1,0
0089.txt,32,6667360536859991668,385,1,387,386,0,391,33,-1,-1,0
0089.txt,33,6667360536859991668,385,1,386,385,0,54,31,-1,-1,0
0089.txt,34,6667360536859991668,385,1,385,385,1,74,40,-1,-1,0
0089.txt,35,6667360536859991668,385,1,386,386,0,113,30,-1,-1,0
0089.txt,36,6667360536859991668,385,1,386,386,0,38,29,-1,-1,0
0089.txt,37,6667360536859991668,385,0,-1,-1,0,250,0,-1,-1,0
0089.txt,38,6667360536859991668,385,0,-1,-1,0,13,0,-1,-1,0
0089.txt,39,6667360536859991668,385,0,-1,-1,0,61,0,-1,-1,0
0089.txt,40,6667360536859991668,385,0,-1,-1,0,19,0,-1,-1,0
0089.txt,41,6667360536859991668,385,0,-1,-1,0,10,0,-1,-1,0
0089.txt,42,6667360536859991668,385,0,-1,-1,0,25,0,-1,-1,0
0089.txt,43,6667360536859991668,385,1,388,385,0,263,29,-1,-1,0
0089.txt,44,6667360536859991668,385,1,388,385,0,355,31,-1,-1,0
0089.txt,45,6667360536859991668,385,1,388,388,0,15,29,-1,-1,0
0089.txt,46,6667360536859991668,385,0,-1,-1,0,72,0,-1,-1,0
0089.txt,47,6667360536859991668,385,0,-1,-1,0,86,0,-1,-1,0
0089.txt,48,6667360536859991668,385,0,-1,-1,0,58,0,-1,-1,0
0089.txt,49,6667360536859991668,385,0,-1,-1,0,199,0,-1,-1,0
0089.txt,50,6667360536859991668,385,0,-1,-1,0,32,0,-1,-1,0
0089.txt,51,6667360536859991668,385,1,387,385,1,132,32,-1,-1,0
0089.txt,52,6667360536859991668,385,0,-1,-1,0,8,0,-1,-1,0
0089.txt,53,6667360536859991668,385,0,-1,-1,0,55,0,-1,-1,0
0089.txt,54,6667360536859991668,385,0,-1,-1,0,375,0,-1,-1,0
0089.txt,55,6667360536859991668,385,0,-1,-1,0,16,0,-1,-1,0
0089.txt,56,6667360536859991668,385,1,385,385,1,14,31,-1,-1,0
0089.txt,57,6667360536859991668,385,1,388,386,0,254,31,-1,-1,0
0089.txt,58,6667360536859991668,385,0,-1,-1,0,237,0,-1,-1,0
0089.txt,59,6667360536859991668,385,0,-1,-1,0,108,0,-1,-1,0
0089.txt,60,6667360536859991668,385,1,385,385,1,52,37,-1,-1,0
0089.txt,61,6667360536859991668,385,0,-1,-1,0,28,0,-1,-1,0
0089.txt,62,6667360536859991668,385,1,388,384,0,175,33,-1,-1,0
0089.txt,63,6667360536859991668,385,0,-1,-1,0,76,0,-1,-1,0
0090.txt,0,16980579151044535186,153,1,155,153,1,48,18,-1,-1,0
0090.txt,1,16980579151044535186,153,0,-1,-1,0,26,1,-1,-1,0
0090.txt,2,16980579151044535186,153,0,-1,-1,0,24,0,-1,-1,0
0090.txt,3,16980579151044535186,153,0,-1,-1,0,77,0,-1,-1,0
0090.txt,4,16980579151044535186,153,0,-1,-1,0,19,0,-1,-1,0
0090.txt,5,16980579151044535186,153,1,155,154,0,77,16,-1,-1,0
0090.txt,6,16980579151044535186,153,1,153,153,1,17,13,-1,-1,0
0090.txt,7,16980579151044535186,153,0,-1,-1,0,7,0,-1,-1,0
0090.txt,8,16980579151044535186,153,1,153,153,0,28,13,-1,-1,0
0090.txt,9,16980579151044535186,153,1,155,153,1,55,14,-1,-1,0
0090.txt,10,16980579151044535186,153,0,-1,-1,0,0,0,-1,-1,0
0090.txt,11,16980579151044535186,153,0,-1,-1,0,137,0,-1,-1,0
0090.txt,12,16980579151044535186,153,0,-1,-1,0,23,0,-1,-1,0
0090.txt,13,16980579151044535186,153,1,155,153,1,68,13,-1,-1,0
0090.txt,14,16980579151044535186,153,1,154,153,1,40,12,-1,-1,0
0090.txt,15,16980579151044535186,153,1,154,154,0,118,13,-1,-1,0
0090.txt,16,16980579151044535186,153,0,-1,-1,0,49,0,-1,-1,0
0090.txt,17,16980579151044535186,153,0,-1,-1,0,67,0,-1,-1,0
0090.txt,18,16980579151044535186,153,0,-1,-1,0,31,0,-1,-1,0
0090.txt,19,16980579151044535186,153,0,-1,-1,0,63,0,-1,-1,0
0090.txt,20,16980579151044535186,153,0,-1,-1,0,27,0,-1,-1,0
0090.txt,21,16980579151044535186,153,0,-1,-1,0,30,0,-1,-1,0
0090.txt,22,16980579151044535186,153,1,153,153,1,21,12,-1,-1,0
0090.txt,23,16980579151044535186,153,1,156,156,0,101,13,-1,-1,0
0090.txt,24,16980579151044535186,153,1,156,155,0,74,13,-1,-1,0
0090.txt,25,16980579151044535186,153,0,-1,-1,0,62,0,-1,-1,0
0090.txt,26,16980579151044535186,153,0,-1,-1,0,4,0,-1,-1,0
0090.txt,27,16980579151044535186,153,0,-1,-1,0,63,0,-1,-1,0
0090.txt,28,16980579151044535186,153,0,-1,-1,0,33,0,-1,-1,0
0090.txt,29,16980579151044535186,153,0,-1,-1,0,0,0,-1,-1,0
0090.txt,30,16980579151044535186,153,0,-1,-1,0,20,0,-1,-1,0
0090.txt,31,16980579151044535186,153,1,153,153,0,66,13,-1,-1,0
0090.txt,32,16980579151044535186,153,0,-1,-1,0,16,0,-1,-1,0
0090.txt,33,16980579151044535186,153,0,-1,-1,0,6,0,-1,-1,0
0090.txt,34,16980579151044535186,153,1,156,155,0,57,12,-1,-1,0
0090.txt,35,16980579151044535186,153,1,153,153,0,43,12,-1,-1,0
0090.txt,36,16980579151044535186,153,0,-1,-1,0,4,0,-1,-1,0
0090.txt,37,16980579151044535186,153,1,153,153,1,15,12,-1,-1,0
0090.txt,38,16980579151044535186,153,1,154,153,0,93,12,-1,-1,0
0090.txt,39,16980579151044535186,153,0,-1,-1,0,24,0,-1,-1,0
0090.txt,40,16980579151044535186,153,0,-1,-1,0,1,0,-1,-1,0
0090.txt,41,16980579151044535186,153,1,156,153,0,60,13,-1,-1,0
0090.txt,42,16980579151044535186,153,0,-1,-1,0,60,0,-1,-1,0
0090.txt,43,16980579151044535186,153,1,155,153,1,57,12,-1,-1,0
0090.txt,44,16980579151044535186,153,0,-1,-1,0,15,0,-1,-1,0
0090.txt,45,16980579151044535186,153,0,-1,-1,0,0,0,-1,-1,0
0090.txt,46,16980579151044535186,153,0,-1,-1,0,56,0,-1,-1,0
0090.txt,47,16980579151044535186,153,0,-1,-1,0,4,0,-1,-1,0
0090.txt,48,16980579151044535186,153,0,-1,-1,0,12,0,-1,-1,0
0090.txt,49,16980579151044535186,153,1,156,153,1,23,13,-1,-1,0
0090.txt,50,16980579151044535186,153,0,-1,-1,0,14,0,-1,-1,0
0090.txt,51,16980579151044535186,153,0,-1,-1,0,47,0,-1,-1,0
0090.txt,52,16980579151044535186,153,1,156,153,0,127,13,-1,-1,0
0090.txt,53,16980579151044535186,153,0,-1,-1,0,14,0,-1,-1,0
0090.txt,54,16980579151044535186,153,1,156,153,1,19,12,-1,-1,0
0090.txt,55,16980579151044535186,153,1,155,153,1,84,14,-1,-1,0
0090.txt,56,16980579151044535186,153,1,155,153,1,68,12,-1,-1,0
0090.txt,57,16980579151044535186,153,0,-1,-1,0,10,0,-1,-1,0
0090.txt,58,16980579151044535186,153,1,155,153,0,77,13,-1,-1,0
0090.txt,59,16980579151044535186,153,0,-1,-1,0,10,0,-1,-1,0
0090.txt,60,16980579151044535186,153,0,-1,-1,0,37,0,-1,-1,0
0090.txt,61,16980579151044535186,153,0,-1,-1,0,20,0,-1,-1,0
0090.txt,62,16980579151044535186,153,0,-1,-1,0,14,0,-1,-1,0
0090.txt,63,16980579151044535186,153,1,155,155,0,90,12,-1,-1,0
0091.txt,0,6823538920313199336,98,1,98,98,1,69,9,-1,-1,0
0091.txt,1,6823538920313199336,98,1,100,100,0,84,9,-1,-1,0
0091.txt,2,6823538920313199336,98,1,101,100,0,59,11,-1,-1,0
0091.txt,3,6823538920313199336,98,0,-1,-1,0,8,0,-1,-1,0
0091.txt,4,6823538920313199336,98,1,100,100,0,43,8,-1,-1,0
0091.txt,5,6823538920313199336,98,1,99,98,1,45,8,-1,-1,0
0091.txt,6,6823538920313199336,98,1,98,98,0,102,8,-1,-1,0
0091.txt,7,6823538920313199336,98,0,-1,-1,0,9,0,-1,-1,0
0091.txt,8,6823538920313199336,98,1,98,98,0,27,8,-1,-1,0
0091.txt,9,6823538920313199336,98,0,-1,-1,0,3,0,-1,-1,0
0091.txt,10,6823538920313199336,98,0,-1,-1,0,31,0,-1,-1,0
0091.txt,11,6823538920313199336,98,0,-1,-1,0,13,0,-1,-1,0
0091.txt,12,6823538920313199336,98,0,-1,-1,0,4,0,-1,-1,0
0091.txt,13,6823538920313199336,98,0,-1,-1,0,6,0,-1,-1,0
0091.txt,14,6823538920313199336,98,1,101,99,0,44,9,-1,-1,0
0091.txt,15,6823538920313199336,98,0,-1,-1,0,37,0,-1,-1,0
0091.txt,16,6823538920313199336,98,0,-1,-1,0,7,0,-1,-1,0
0091.txt,17,6823538920313199336,98,0,-1,-1,0,4,0,-1,-1,0
0091.txt,18,6823538920313199336,98,1,98,98,1,70,8,-1,-1,0
0091.txt,19,6823538920313199336,98,1,98,98,1,8,7,-1,-1,0
0091.txt,20,6823538920313199336,98,1,98,98,1,18,8,-1,-1,0
0091.txt,21,6823538920313199336,98,1,101,99,0,51,11,-1,-1,0
0091.txt,22,6823538920313199336,98,1,100,98,0,63,8,-1,-1,0
0091.txt,23,6823538920313199336,98,0,-1,-1,0,14,0,-1,-1,0
0091.txt,24,6823538920313199336,98,0,-1,-1,0,24,0,-1,-1,0
0091.txt,25,6823538920313199336,98,1,99,99,0,10,7,-1,-1,0
0091.txt,26,6823538920313199336,98,1,98,98,1,56,8,-1,-1,0
0091.txt,27,6823538920313199336,98,0,-1,-1,0,7,0,-1,-1,0
0091.txt,28,6823538920313199336,98,1,101,101,0,47,10,-1,-1,0
0091.txt,29,6823538920313199336,98,1,99,98,1,15,8,-1,-1,0
0091.txt,30,6823538920313199336,98,1,100,98,1,41,8,-1,-1,0
0091.txt,31,6823538920313199336,98,1,99,98,1,15,8,-1,-1,0
0091.txt,32,6823538920313199336,98,0,-1,-1,0,6,0,-1,-1,0
0091.txt,33,6823538920313199336,98,0,-1,-1,0,53,0,-1,-1,0
0091.txt,34,6823538920313199336,98,0,-1,-1,0,36,0,-1,-1,0
0091.txt,35,6823538920313199336,98,0,-1,-1,0,6,0,-1,-1,0
0091.txt,36,6823538920313199336,98,0,-1,-1,0,44,0,-1,-1,0
0091.txt,37,6823538920313199336,98,1,100,98,0,65,8,-1,-1,0
0091.txt,38,6823538920313199336,98,1,98,98,1,65,7,-1,-1,0
0091.txt,39,6823538920313199336,98,0,-1,-1,0,3,0,-1,-1,0
0091.txt,40,6823538920313199336,98,1,98,98,0,89,9,-1,-1,0
0091.txt,41,6823538920313199336,98,0,-1,-1,0,2,0,-1,-1,0
0091.txt,42,6823538920313199336,98,0,-1,-1,0,44,0,-1,-1,0
0091.txt,43,6823538920313199336,98,1,98,98,1,46,7,-1,-1,0
0091.txt,44,6823538920313199336,98,0,-1,-1,0,19,0,-1,-1,0
0091.txt,45,6823538920313199336,98,0,-1,-1,0,4,0,-1,-1,0
0091.txt,46,6823538920313199336,98,0,-1,-1,0,8,0,-1,-1,0
0091.txt,47,6823538920313199336,98,0,-1,-1,0,5,0,-1,-1,0
0091.txt,48,6823538920313199336,98,0,-1,-1,0,4,0,-1,-1,0
0091.txt,49,6823538920313199336,98,1,100,98,1,45,8,-1,-1,0
0091.txt,50,6823538920313199336,98,1,98,98,0,70,8,-1,-1,0
0091.txt,51,6823538920313199336,98,0,-1,-1,0,6,0,-1,-1,0
0091.txt,52,6823538920313199336,98,1,99,98,0,50,7,-1,-1,0
0091.txt,53,6823538920313199336,98,1,100,98,1,56,9,-1,-1,0
0091.txt,54,6823538920313199336,98,0,-1,-1,0,5,0,-1,-1,0
0091.txt,55,6823538920313199336,98,0,-1,-1,0,10,0,-1,-1,0
0091.txt,56,6823538920313199336,98,1,100,100,0,47,8,-1,-1,0
0091.txt,57,6823538920313199336,98,0,-1,-1,0,19,0,-1,-1,0
0091.txt,58,6823538920313199336,98,0,-1,-1,0,33,0,-1,-1,0
0091.txt,59,6823538920313199336,98,0,-1,-1,0,27,0,-1,-1,0
0091.txt,60,6823538920313199336,98,1,101,99,0,41,11,-1,-1,0
0091.txt,61,6823538920313199336,98,0,-1,-1,0,27,0,-1,-1,0
0091.txt,62,6823538920313199336,98,0,-1,-1,0,29,0,-1,-1,0
0091.txt,63,6823538920313199336,98,1,101,100,0,50,8,-1,-1,0
0092.txt,0,18345099611744515728,563,1,563,563,1,76,62,-1,-1,0
0092.txt,1,18345099611744515728,563,1,566,564,0,579,65,-1,-1,0
0092.txt,2,18345099611744515728,563,0,-1,-1,0,190,0,-1,-1,0
0092.txt,3,18345099611744515728,563,0,-1,-1,0,153,0,-1,-1,0
0092.txt,4,18345099611744515728,563,1,563,563,1,401,56,-1,-1,0
0092.txt,5,18345099611744515728,563,1,563,563,1,32,49,-1,-1,0
0092.txt,6,18345099611744515728,563,0,-1,-1,0,22,0,-1,-1,0
0092.txt,7,18345099611744515728,563,1,562,562,0,334,49,-1,-1,0
0092.txt,8,18345099611744515728,563,0,-1,-1,0,252,0,-1,-1,0
0092.txt,9,18345099611744515728,563,0,-1,-1,0,18,0,-1,-1,0
0092.txt,10,18345099611744515728,563,1,563,563,1,131,47,-1,-1,0
0092.txt,11,18345099611744515728,563,0,-1,-1,0,100,0,-1,-1,0
0092.txt,12,18345099611744515728,563,0,-1,-1,0,423,0,-1,-1,0
0092.txt,13,18345099611744515728,563,1,563,563,1,49,55,-1,-1,0
0092.txt,14,18345099611744515728,563,0,-1,-1,0,322,0,-1,-1,0
0092.txt,15,18345099611744515728,563,1,563,563,0,239,47,-1,-1,0
0092.txt,16,18345099611744515728,563,0,-1,-1,0,107,0,-1,-1,0
0092.txt,17,18345099611744515728,563,1,563,563,0,183,50,-1,-1,0
0092.txt,18,18345099611744515728,563,0,-1,-1,0,286,0,-1,-1,0
0092.txt,19,18345099611744515728,563,0,-1,-1,0,487,0,-1,-1,0
0092.txt,20,18345099611744515728,563,1,565,563,1,267,49,-1,-1,0
0092.txt,21,18345099611744515728,563,0,-1,-1,0,12,0,-1,-1,0
0092.txt,22,18345099611744515728,563,0,-1,-1,0,19,0,-1,-1,0
0092.txt,23,18345099611744515728,563,1,564,563,0,110,48,-1,-1,0
0092.txt,24,18345099611744515728,563,1,564,563,1,70,47,-1,-1,0
0092.txt,25,18345099611744515728,563,1,563,563,1,168,47,-1,-1,0
0092.txt,26,18345099611744515728,563,1,563,563,1,158,48,-1,-1,0
0092.txt,27,18345099611744515728,563,1,563,563,1,36,46,-1,-1,0
0092.txt,28,18345099611744515728,563,1,563,563,1,66,46,-1,-1,0
0092.txt,29,18345099611744515728,563,1,565,564,0,90,47,-1,-1,0
0092.txt,30,18345099611744515728,563,1,566,563,0,212,59,-1,-1,0
0092.txt,31,18345099611744515728,563,0,-1,-1,0,19,0,-1,-1,0
0092.txt,32,18345099611744515728,563,0,-1,-1,0,239,0,-1,-1,0
0092.txt,33,18345099611744515728,563,0,-1,-1,0,136,0,-1,-1,0
0092.txt,34,18345099611744515728,563,1,566,564,0,252,47,-1,-1,0
0092.txt,35,18345099611744515728,563,0,-1,-1,0,97,0,-1,-1,0
0092.txt,36,18345099611744515728,563,1,563,563,0,224,46,-1,-1,0
0092.txt,37,18345099611744515728,563,0,-1,-1,0,71,0,-1,-1,0
0092.txt,38,18345099611744515728,563,0,-1,-1,0,17,0,-1,-1,0
0092.txt,39,18345099611744515728,563,1,562,562,0,156,46,-1,-1,0
0092.txt,40,18345099611744515728,563,0,-1,-1,0,16,0,-1,-1,0
0092.txt,41,18345099611744515728,563,0,-1,-1,0,367,0,-1,-1,0
0092.txt,42,18345099611744515728,563,0,-1,-1,0,1,0,-1,-1,0
0092.txt,43,18345099611744515728,563,1,563,563,1,260,47,-1,-1,0
0092.txt,44,18345099611744515728,563,0,-1,-1,0,74,0,-1,-1,0
0092.txt,45,18345099611744515728,563,1,563,563,0,300,46,-1,-1,0
0092.txt,46,18345099611744515728,563,1,563,563,1,104,50,-1,-1,0
0092.txt,47,18345099611744515728,563,1,563,563,1,289,46,-1,-1,0
0092.txt,48,18345099611744515728,563,1,562,562,0,24,47,-1,-1,0
0092.txt,49,18345099611744515728,563,0,-1,-1,0,18,0,-1,-1,0
0092.txt,50,18345099611744515728,563,0,-1,-1,0,82,0,-1,-1,0
0092.txt,51,18345099611744515728,563,0,-1,-1,0,379,0,-1,-1,0
0092.txt,52,18345099611744515728,563,0,-1,-1,0,250,0,-1,-1,0
0092.txt,53,18345099611744515728,563,1,564,563,1,131,46,-1,-1,0
0092.txt,54,18345099611744515728,563,0,-1,-1,0,315,0,-1,-1,0
0092.txt,55,18345099611744515728,563,1,565,564,0,277,48,-1,-1,0
0092.txt,56,18345099611744515728,563,0,-1,-1,0,208,0,-1,-1,0
0092.txt,57,18345099611744515728,563,0,-1,-1,0,90,0,-1,-1,0
0092.txt,58,18345099611744515728,563,0,-1,-1,0,33,0,-1,-1,0
0092.txt,59,18345099611744515728,563,1,566,563,1,264,50,-1,-1,0
0092.txt,60,18345099611744515728,563,0,-1,-1,0,209,0,-1,-1,0
0092.txt,61,18345099611744515728,563,1,566,566,0,493,48,-1,-1,0
0092.txt,62,18345099611744515728,563,1,565,564,0,117,47,-1,-1,0
0092.txt,63,18345099611744515728,563,1,566,562,0,195,48,-1,-1,0
0093.txt,0,10940107820590129286,84,0,-1,-1,0,83,0,-1,-1,0
0093.txt,1,10940107820590129286,84,0,-1,-1,0,74,0,-1,-1,0
0093.txt,2,10940107820590129286,84,1,87,87,0,20,9,-1,-1,0
0093.txt,3,10940107820590129286,84,1,86,84,0,66,9,-1,-1,0
0093.txt,4,10940107820590129286,84,1,86,84,1,42,7,-1,-1,0
0093.txt,5,10940107820590129286,84,0,-1,-1,0,104,0,-1,-1,0
0093.txt,6,10940107820590129286,84,0,-1,-1,0,70,0,-1,-1,0
0093.txt,7,10940107820590129286,84,1,84,84,0,78,7,-1,-1,0
0093.txt,8,10940107820590129286,84,0,-1,-1,0,49,0,-1,-1,0
0093.txt,9,10940107820590129286,84,0,-1,-1,0,26,0,-1,-1,0
0093.txt,10,10940107820590129286,84,0,-1,-1,0,41,0,-1,-1,0
0093.txt,11,10940107820590129286,84,0,-1,-1,0,34,0,-1,-1,0
0093.txt,12,10940107820590129286,84,1,86,86,0,10,7,-1,-1,0
0093.txt,13,10940107820590129286,84,0,-1,-1,0,36,0,-1,-1,0
0093.txt,14,10940107820590129286,84,1,84,84,1,31,7,-1,-1,0
0093.txt,15,10940107820590129286,84,1,85,84,0,61,8,-1,-1,0
0093.txt,16,10940107820590129286,84,0,-1,-1,0,84,0,-1,-1,0
0093.txt,17,10940107820590129286,84,0,-1,-1,0,54,0,-1,-1,0
0093.txt,18,10940107820590129286,84,0,-1,-1,0,59,0,-1,-1,0
0093.txt,19,10940107820590129286,84,0,-1,-1,0,67,0,-1,-1,0
0093.txt,20,10940107820590129286,84,1,85,84,1,55,9,-1,-1,0
0093.txt,21,10940107820590129286,84,1,87,86,0,42,8,-1,-1,0
0093.txt,22,10940107820590129286,84,1,85,85,0,26,7,-1,-1,0
0093.txt,23,10940107820590129286,84,1,86,86,0,27,8,-1,-1,0
0093.txt,24,10940107820590129286,84,1,84,84,0,45,7,-1,-1,0
0093.txt,25,10940107820590129286,84,0,-1,-1,0,31,0,-1,-1,0
0093.txt,26,10940107820590129286,84,0,-1,-1,0,1,0,-1,-1,0
0093.txt,27,10940107820590129286,84,0,-1,-1,0,51,0,-1,-1,0
0093.txt,28,10940107820590129286,84,0,-1,-1,0,11,0,-1,-1,0
0093.txt,29,10940107820590129286,84,0,-1,-1,0,62,0,-1,-1,0
0093.txt,30,10940107820590129286,84,1,86,84,0,34,8,-1,-1,0
0093.txt,31,10940107820590129286,84,0,-1,-1,0,10,0,-1,-1,0
0093.txt,32,10940107820590129286,84,0,-1,-1,0,61,0,-1,-1,0
0093.txt,33,10940107820590129286,84,1,86,84,0,53,7,-1,-1,0
0093.txt,34,10940107820590129286,84,0,-1,-1,0,32,0,-1,-1,0
0093.txt,35,10940107820590129286,84,1,84,84,1,29,6,-1,-1,0
0093.txt,36,10940107820590129286,84,0,-1,-1,0,7,0,-1,-1,0
0093.txt,37,10940107820590129286,84,1,84,84,1,63,6,-1,-1,0
0093.txt,38,10940107820590129286,84,0,-1,-1,0,44,0,-1,-1,0
0093.txt,39,10940107820590129286,84,1,87,85,0,38,8,-1,-1,0
0093.txt,40,10940107820590129286,84,0,-1,-1,0,22,0,-1,-1,0
0093.txt,41,10940107820590129286,84,0,-1,-1,0,26,0,-1,-1,0
0093.txt,42,10940107820590129286,84,1,84,84,1,21,7,-1,-1,0
0093.txt,43,10940107820590129286,84,0,-1,-1,0,37,0,-1,-1,0
0093.txt,44,10940107820590129286,84,1,87,84,1,50,8,-1,-1,0
0093.txt,45,10940107820590129286,84,0,-1,-1,0,25,0,-1,-1,0
0093.txt,46,10940107820590129286,84,0,-1,-1,0,49,0,-1,-1,0
0093.txt,47,10940107820590129286,84,1,87,84,1,37,8,-1,-1,0
0093.txt,48,10940107820590129286,84,0,-1,-1,0,59,0,-1,-1,0
0093.txt,49,10940107820590129286,84,1,87,84,1,30,8,-1,-1,0
0093.txt,50,10940107820590129286,84,0,-1,-1,0,35,0,-1,-1,0
0093.txt,51,10940107820590129286,84,1,85,84,1,63,7,-1,-1,0
0093.txt,52,10940107820590129286,84,0,-1,-1,0,70,0,-1,-1,0
0093.txt,53,10940107820590129286,84,0,-1,-1,0,36,0,-1,-1,0
0093.txt,54,10940107820590129286,84,0,-1,-1,0,89,0,-1,-1,0
0093.txt,55,10940107820590129286,84,0,-1,-1,0,101,0,-1,-1,0
0093.txt,56,10940107820590129286,84,1,85,84,0,15,9,-1,-1,0
0093.txt,57,10940107820590129286,84,0,-1,-1,0,8,0,-1,-1,0
0093.txt,58,10940107820590129286,84,0,-1,-1,0,66,0,-1,-1,0
0093.txt,59,10940107820590129286,84,0,-1,-1,0,45,0,-1,-1,0
0093.txt,60,10940107820590129286,84,1,85,84,0,71,9,-1,-1,0
0093.txt,61,10940107820590129286,84,1,85,84,1,47,8,-1,-1,0
0093.txt,62,10940107820590129286,84,1,87,86,0,91,8,-1,-1,0
0093.txt,63,10940107820590129286,84,1,84,84,1,20,7,-1,-1,0
0094.txt,0,10908186890829195777,122,1,122,122,1,16,13,-1,-1,0
0094.txt,1,10908186890829195777,122,1,122,122,1,79,11,-1,-1,0
0094.txt,2,10908186890829195777,122,0,-1,-1,0,53,0,-1,-1,0
0094.txt,3,10908186890829195777,122,1,124,123,0,104,22,-1,-1,0
0094.txt,4,10908186890829195777,122,1,122,122,0,56,10,-1,-1,0
0094.txt,5,10908186890829195777,122,0,-1,-1,0,18,0,-1,-1,0
0094.txt,6,10908186890829195777,122,1,123,122,0,29,11,-1,-1,0
0094.txt,7,10908186890829195777,122,0,-1,-1,0,20,0,-1,-1,0
0094.txt,8,10908186890829195777,122,1,122,122,1,6,9,-1,-1,0
0094.txt,9,10908186890829195777,122,0,-1,-1,0,56,0,-1,-1,0
0094.txt,10,10908186890829195777,122,1,122,122,0,29,10,-1,-1,0
0094.txt,11,10908186890829195777,122,1,123,122,0,55,10,-1,-1,0
0094.txt,12,10908186890829195777,122,1,122,122,1,31,9,-1,-1,0
0094.txt,13,10908186890829195777,122,1,122,122,0,17,10,-1,-1,0
0094.txt,14,10908186890829195777,122,1,124,123,0,62,11,-1,-1,0
0094.txt,15,10908186890829195777,122,0,-1,-1,0,12,0,-1,-1,0
0094.txt,16,10908186890829195777,122,1,122,122,0,20,10,-1,-1,0
0094.txt,17,10908186890829195777,122,0,-1,-1,0,10,0,-1,-1,0
0094.txt,18,10908186890829195777,122,1,122,122,1,14,10,-1,-1,0
0094.txt,19,10908186890829195777,122,0,-1,-1,0,12,0,-1,-1,0
0094.txt,20,10908186890829195777,122,1,123,123,0,56,10,-1,-1,0
0094.txt,21,10908186890829195777,122,1,122,122,0,27,10,-1,-1,0
0094.txt,22,10908186890829195777,122,0,-1,-1,0,24,0,-1,-1,0
0094.txt,23,10908186890829195777,122,1,124,123,0,68,10,-1,-1,0
0094.txt,24,10908186890829195777,122,0,-1,-1,0,20,0,-1,-1,0
0094.txt,25,10908186890829195777,122,1,123,122,1,65,10,-1,-1,0
0094.txt,26,10908186890829195777,122,1,122,122,1,67,9,-1,-1,0
0094.txt,27,10908186890829195777,122,0,-1,-1,0,16,0,-1,-1,0
0094.txt,28,10908186890829195777,122,1,122,122,0,24,9,-1,-1,0
0094.txt,29,10908186890829195777,122,1,122,122,1,13,9,-1,-1,0
0094.txt,30,10908186890829195777,122,0,-1,-1,0,33,1,-1,-1,0
0094.txt,31,10908186890829195777,122,1,123,122,1,55,10,-1,-1,0
0094.txt,32,10908186890829195777,122,0,-1,-1,0,6,0,-1,-1,0
0094.txt,33,10908186890829195777,122,1,123,122,1,33,9,-1,-1,0
0094.txt,34,10908186890829195777,122,1,123,122,1,55,10,-1,-1,0
0094.txt,35,10908186890829195777,122,1,122,122,1,8,10,-1,-1,0
0094.txt,36,10908186890829195777,122,0,-1,-1,0,19,0,-1,-1,0
0094.txt,37,10908186890829195777,122,0,-1,-1,0,22,0,-1,-1,0
0094.txt,38,10908186890829195777,122,1,123,123,0,44,10,-1,-1,0
0094.txt,39,10908186890829195777,122,0,-1,-1,0,6,0,-1,-1,0
0094.txt,40,10908186890829195777,122,0,-1,-1,0,57,0,-1,-1,0
0094.txt,41,10908186890829195777,122,1,122,122,1,26,9,-1,-1,0
0094.txt,42,10908186890829195777,122,1,122,122,1,21,9,-1,-1,0
0094.txt,43,10908186890829195777,122,0,-1,-1,0,16,0,-1,-1,0
0094.txt,44,10908186890829195777,122,1,122,122,1,25,10,-1,-1,0
0094.txt,45,10908186890829195777,122,1,123,123,0,27,10,-1,-1,0
0094.txt,46,10908186890829195777,122,1,122,122,0,5,10,-1,-1,0
0094.txt,47,10908186890829195777,122,0,-1,-1,0,89,0,-1,-1,0
0094.txt,48,10908186890829195777,122,0,-1,-1,0,49,0,-1,-1,0
0094.txt,49,10908186890829195777,122,0,-1,-1,0,10,0,-1,-1,0
0094.txt,50,10908186890829195777,122,0,-1,-1,0,38,0,-1,-1,0
0094.txt,51,10908186890829195777,122,1,123,122,1,38,10,-1,-1,0
0094.txt,52,10908186890829195777,122,1,123,122,0,62,10,-1,-1,0
0094.txt,53,10908186890829195777,122,0,-1,-1,0,10,0,-1,-1,0
0094.txt,54,10908186890829195777,122,0,-1,-1,0,7,0,-1,-1,0
0094.txt,55,10908186890829195777,122,0,-1,-1,0,4,0,-1,-1,0
0094.txt,56,10908186890829195777,122,1,123,122,1,49,10,-1,-1,0
0094.txt,57,10908186890829195777,122,0,-1,-1,0,33,0,-1,-1,0
0094.txt,58,10908186890829195777,122,1,122,122,1,50,9,-1,-1,0
0094.txt,59,10908186890829195777,122,0,-1,-1,0,24,0,-1,-1,0
0094.txt,60,10908186890829195777,122,1,121,121,0,24,10,-1,-1,0
0094.txt,61,10908186890829195777,122,1,123,123,0,20,10,-1,-1,0
0094.txt,62,10908186890829195777,122,1,122,122,1,102,9,-1,-1,0
0094.txt,63,10908186890829195777,122,1,122,122,1,7,9,-1,-1,0
0095.txt,0,5121679853034952650,255,1,257,255,0,183,35,-1,-1,0
0095.txt,1,5121679853034952650,255,0,-1,-1,0,56,0,-1,-1,0
0095.txt,2,5121679853034952650,255,0,-1,-1,0,160,0,-1,-1,0
0095.txt,3,5121679853034952650,255,1,255,255,1,28,21,-1,-1,0
0095.txt,4,5121679853034952650,255,0,-1,-1,0,116,0,-1,-1,0
0095.txt,5,5121679853034952650,255,1,255,255,1,61,19,-1,-1,0
0095.txt,6,5121679853034952650,255,1,255,255,0,217,18,-1,-1,0
0095.txt,7,5121679853034952650,255,1,257,256,0,111,19,-1,-1,0
0095.txt,8,5121679853034952650,255,0,-1,-1,0,17,0,-1,-1,0
0095.txt,9,5121679853034952650,255,0,-1,-1,0,36,0,-1,-1,0
0095.txt,10,5121679853034952650,255,0,-1,-1,0,172,0,-1,-1,0
0095.txt,11,5121679853034952650,255,0,-1,-1,0,103,0,-1,-1,0
0095.txt,12,5121679853034952650,255,1,255,255,1,79,19,-1,-1,0
0095.txt,13,5121679853034952650,255,1,255,255,0,141,18,-1,-1,0
0095.txt,14,5121679853034952650,255,1,257,257,0,82,19,-1,-1,0
0095.txt,15,5121679853034952650,255,0,-1,-1,0,19,0,-1,-1,0
0095.txt,16,5121679853034952650,255,0,-1,-1,0,12,0,-1,-1,0
0095.txt,17,5121679853034952650,255,1,258,258,0,120,19,-1,-1,0
0095.txt,18,5121679853034952650,255,0,-1,-1,0,32,0,-1,-1,0
0095.txt,19,5121679853034952650,255,0,-1,-1,0,10,0,-1,-1,0
0095.txt,20,5121679853034952650,255,0,-1,-1,0,64,0,-1,-1,0
0095.txt,21,5121679853034952650,255,0,-1,-1,0,214,0,-1,-1,0
0095.txt,22,5121679853034952650,255,1,258,256,0,141,19,-1,-1,0
0095.txt,23,5121679853034952650,255,1,255,255,0,132,21,-1,-1,0
0095.txt,24,5121679853034952650,255,1,255,255,0,80,19,-1,-1,0
0095.txt,25,5121679853034952650,255,0,-1,-1,0,24,0,-1,-1,0
0095.txt,26,5121679853034952650,255,1,255,255,0,291,18,-1,-1,0
0095.txt,27,5121679853034952650,255,1,257,255,0,118,20,-1,-1,0
0095.txt,28,5121679853034952650,255,0,-1,-1,0,156,0,-1,-1,0
0095.txt,29,5121679853034952650,255,0,-1,-1,0,1,0,-1,-1,0
0095.txt,30,5121679853034952650,255,1,255,254,0,176,19,-1,-1,0
0095.txt,31,5121679853034952650,255,1,257,255,1,55,19,-1,-1,0
0095.txt,32,5121679853034952650,255,1,255,255,1,247,19,-1,-1,0
0095.txt,33,5121679853034952650,255,0,-1,-1,0,7,0,-1,-1,0
0095.txt,34,5121679853034952650,255,1,255,255,0,103,18,-1,-1,0
0095.txt,35,5121679853034952650,255,0,-1,-1,0,31,0,-1,-1,0
0095.txt,36,5121679853034952650,255,0,-1,-1,0,99,0,-1,-1,0
0095.txt,37,5121679853034952650,255,1,256,255,0,122,19,-1,-1,0
0095.txt,38,5121679853034952650,255,1,258,255,1,248,20,-1,-1,0
0095.txt,39,5121679853034952650,255,1,255,255,0,85,19,-1,-1,0
0095.txt,40,5121679853034952650,255,1,257,256,0,196,19,-1,-1,0
0095.txt,41,5121679853034952650,255,0,-1,-1,0,161,0,-1,-1,0
0095.txt,42,5121679853034952650,255,0,-1,-1,0,96,0,-1,-1,0
0095.txt,43,5121679853034952650,255,0,-1,-1,0,91,0,-1,-1,0
0095.txt,44,5121679853034952650,255,0,-1,-1,0,12,0,-1,-1,0
0095.txt,45,5121679853034952650,255,0,-1,-1,0,100,0,-1,-1,0
0095.txt,46,5121679853034952650,255,0,-1,-1,0,11,0,-1,-1,0
0095.txt,47,5121679853034952650,255,0,-1,-1,0,13,0,-1,-1,0
0095.txt,48,5121679853034952650,255,1,258,258,0,44,20,-1,-1,0
0095.txt,49,5121679853034952650,255,0,-1,-1,0,117,0,-1,-1,0
0095.txt,50,5121679853034952650,255,0,-1,-1,0,96,0,-1,-1,0
0095.txt,51,5121679853034952650,255,0,-1,-1,0,33,0,-1,-1,0
0095.txt,52,5121679853034952650,255,1,258,255,1,55,19,-1,-1,0
0095.txt,53,5121679853034952650,255,1,255,255,0,108,19,-1,-1,0
0095.txt,54,5121679853034952650,255,0,-1,-1,0,11,0,-1,-1,0
0095.txt,55,5121679853034952650,255,0,-1,-1,0,55,0,-1,-1,0
0095.txt,56,5121679853034952650,255,0,-1,-1,0,130,0,-1,-1,0
0095.txt,57,5121679853034952650,255,1,256,256,0,60,18,-1,-1,0
0095.txt,58,5121679853034952650,255,1,255,255,1,66,18,-1,-1,0
0095.txt,59,5121679853034952650,255,0,-1,-1,0,30,0,-1,-1,0
0095.txt,60,5121679853034952650,255,1,255,255,0,99,21,-1,-1,0
0095.txt,61,5121679853034952650,255,1,256,256,0,30,18,-1,-1,0
0095.txt,62,5121679853034952650,255,0,-1,-1,0,64,0,-1,-1,0
0095.txt,63,5121679853034952650,255,1,255,255,0,66,18,-1,-1,0
0096.txt,0,9560355977833235144,85,1,85,85,0,70,8,-1,-1,0
0096.txt,1,9560355977833235144,85,1,86,86,0,31,7,-1,-1,0
0096.txt,2,9560355977833235144,85,1,86,86,0,32,7,-1,-1,0
0096.txt,3,9560355977833235144,85,1,86,85,1,35,7,-1,-1,0
0096.txt,4,9560355977833235144,85,1,85,85,1,72,7,-1,-1,0
0096.txt,5,9560355977833235144,85,0,-1,-1,0,36,0,-1,-1,0
0096.txt,6,9560355977833235144,85,1,85,85,0,89,6,-1,-1,0
0096.txt,7,9560355977833235144,85,0,-1,-1,0,32,0,-1,-1,0
0096.txt,8,9560355977833235144,85,0,-1,-1,0,7,0,-1,-1,0
0096.txt,9,9560355977833235144,85,1,85,85,1,12,6,-1,-1,0
0096.txt,10,9560355977833235144,85,1,85,85,0,10,6,-1,-1,0
0096.txt,11,9560355977833235144,85,1,85,85,0,53,7,-1,-1,0
0096.txt,12,9560355977833235144,85,0,-1,-1,0,7,0,-1,-1,0
0096.txt,13,9560355977833235144,85,0,-1,-1,0,31,0,-1,-1,0
0096.txt,14,9560355977833235144,85,1,85,85,1,74,6,-1,-1,0
0096.txt,15,9560355977833235144,85,1,85,85,0,10,6,-1,-1,0
0096.txt,16,9560355977833235144,85,1,85,85,0,71,7,-1,-1,0
0096.txt,17,9560355977833235144,85,1,85,85,1,14,6,-1,-1,0
0096.txt,18,9560355977833235144,85,1,85,85,1,22,7,-1,-1,0
0096.txt,19,9560355977833235144,85,0,-1,-1,0,8,0,-1,-1,0
0096.txt,20,9560355977833235144,85,1,87,87,0,87,7,-1,-1,0
0096.txt,21,9560355977833235144,85,0,-1,-1,0,38,0,-1,-1,0
0096.txt,22,9560355977833235144,85,0,-1,-1,0,7,0,-1,-1,0
0096.txt,23,9560355977833235144,85,0,-1,-1,0,32,0,-1,-1,0
0096.txt,24,9560355977833235144,85,1,85,85,1,114,7,-1,-1,0
0096.txt,25,9560355977833235144,85,1,86,85,1,31,7,-1,-1,0
0096.txt,26,9560355977833235144,85,1,87,86,0,78,7,-1,-1,0
0096.txt,27,9560355977833235144,85,0,-1,-1,0,68,0,-1,-1,0
0096.txt,28,9560355977833235144,85,0,-1,-1,0,78,0,-1,-1,0
0096.txt,29,9560355977833235144,85,1,85,85,1,13,6,-1,-1,0
0096.txt,30,9560355977833235144,85,1,85,85,0,23,7,-1,-1,0
0096.txt,31,9560355977833235144,85,1,85,85,1,62,7,-1,-1,0
0096.txt,32,9560355977833235144,85,1,88,85,0,71,7,-1,-1,0
0096.txt,33,9560355977833235144,85,1,85,85,1,6,7,-1,-1,0
0096.txt,34,9560355977833235144,85,0,-1,-1,0,37,0,-1,-1,0
0096.txt,35,9560355977833235144,85,0,-1,-1,0,2,0,-1,-1,0
0096.txt,36,9560355977833235144,85,1,87,85,0,57,7,-1,-1,0
0096.txt,37,9560355977833235144,85,0,-1,-1,0,27,0,-1,-1,0
0096.txt,38,9560355977833235144,85,1,87,85,1,35,8,-1,-1,0
0096.txt,39,9560355977833235144,85,0,-1,-1,0,11,0,-1,-1,0
0096.txt,40,9560355977833235144,85,1,88,87,0,19,8,-1,-1,0
0096.txt,41,9560355977833235144,85,0,-1,-1,0,65,0,-1,-1,0
0096.txt,42,9560355977833235144,85,1,85,85,1,13,6,-1,-1,0
0096.txt,43,9560355977833235144,85,0,-1,-1,0,5,0,-1,-1,0
0096.txt,44,9560355977833235144,85,1,85,85,1,10,7,-1,-1,0
0096.txt,45,9560355977833235144,85,1,86,86,0,77,7,-1,-1,0
0096.txt,46,9560355977833235144,85,1,85,85,0,49,7,-1,-1,0
0096.txt,47,9560355977833235144,85,1,85,85,0,9,6,-1,-1,0
0096.txt,48,9560355977833235144,85,1,87,85,1,42,8,-1,-1,0
0096.txt,49,9560355977833235144,85,0,-1,-1,0,19,0,-1,-1,0
0096.txt,50,9560355977833235144,85,1,86,85,0,73,7,-1,-1,0
0096.txt,51,9560355977833235144,85,1,85,85,1,5,6,-1,-1,0
0096.txt,52,9560355977833235144,85,0,-1,-1,0,4,0,-1,-1,0
0096.txt,53,9560355977833235144,85,0,-1,-1,0,31,0,-1,-1,0
0096.txt,54,9560355977833235144,85,0,-1,-1,0,17,0,-1,-1,0
0096.txt,55,9560355977833235144,85,1,88,85,0,41,7,-1,-1,0
0096.txt,56,9560355977833235144,85,0,-1,-1,0,22,0,-1,-1,0
0096.txt,57,9560355977833235144,85,1,88,88,0,39,7,-1,-1,0
0096.txt,58,9560355977833235144,85,1,85,85,1,6,6,-1,-1,0
0096.txt,59,9560355977833235144,85,1,85,85,1,61,7,-1,-1,0
0096.txt,60,9560355977833235144,85,1,85,85,0,14,7,-1,-1,0
0096.txt,61,9560355977833235144,85,1,86,85,0,65,7,-1,-1,0
0096.txt,62,9560355977833235144,85,1,85,85,1,11,7,-1,-1,0
0096.txt,63,9560355977833235144,85,0,-1,-1,0,18,0,-1,-1,0
0097.txt,0,14489970603347260810,552,1,552,552,0,538,62,-1,-1,0
0097.txt,1,14489970603347260810,552,1,552,552,0,405,56,-1,-1,0
0097.txt,2,14489970603347260810,552,0,-1,-1,0,16,0,-1,-1,0
0097.txt,3,14489970603347260810,552,0,-1,-1,0,595,0,-1,-1,0
0097.txt,4,14489970603347260810,552,0,-1,-1,0,114,0,-1,-1,0
0097.txt,5,14489970603347260810,552,0,-1,-1,0,238,0,-1,-1,0
0097.txt,6,14489970603347260810,552,0,-1,-1,0,13,0,-1,-1,0
0097.txt,7,14489970603347260810,552,1,554,552,1,324,55,-1,-1,0
0097.txt,8,14489970603347260810,552,1,552,552,1,160,52,-1,-1,0
0097.txt,9,14489970603347260810,552,1,553,552,1,77,49,-1,-1,0
0097.txt,10,14489970603347260810,552,0,-1,-1,0,111,0,-1,-1,0
0097.txt,11,14489970603347260810,552,1,553,552,1,289,48,-1,-1,0
0097.txt,12,14489970603347260810,552,0,-1,-1,0,189,0,-1,-1,0
0097.txt,13,14489970603347260810,552,0,-1,-1,0,176,0,-1,-1,0
0097.txt,14,14489970603347260810,552,0,-1,-1,0,16,0,-1,-1,0
0097.txt,15,14489970603347260810,552,0,-1,-1,0,210,0,-1,-1,0
0097.txt,16,14489970603347260810,552,1,553,552,0,242,63,-1,-1,0
0097.txt,17,14489970603347260810,552,0,-1,-1,0,353,0,-1,-1,0
0097.txt,18,14489970603347260810,552,0,-1,-1,0,202,0,-1,-1,0
0097.txt,19,14489970603347260810,552,0,-1,-1,0,523,0,-1,-1,0
0097.txt,20,14489970603347260810,552,0,-1,-1,0,18,0,-1,-1,0
0097.txt,21,14489970603347260810,552,0,-1,-1,0,4,0,-1,-1,0
0097.txt,22,14489970603347260810,552,0,-1,-1,0,322,0,-1,-1,0
0097.txt,23,14489970603347260810,552,0,-1,-1,0,493,0,-1,-1,0
0097.txt,24,14489970603347260810,552,0,-1,-1,0,108,0,-1,-1,0
0097.txt,25,14489970603347260810,552,0,-1,-1,0,10,0,-1,-1,0
0097.txt,26,14489970603347260810,552,0,-1,-1,0,23,0,-1,-1,0
0097.txt,27,14489970603347260810,552,0,-1,-1,0,146,0,-1,-1,0
0097.txt,28,14489970603347260810,552,1,552,552,1,113,63,-1,-1,0
0097.txt,29,14489970603347260810,552,0,-1,-1,0,19,0,-1,-1,0
0097.txt,30,14489970603347260810,552,1,554,552,0,230,57,-1,-1,0
0097.txt,31,14489970603347260810,552,0,-1,-1,0,24,0,-1,-1,0
0097.txt,32,14489970603347260810,552,0,-1,-1,0,14,0,-1,-1,0
0097.txt,33,14489970603347260810,552,0,-1,-1,0,75,0,-1,-1,0
0097.txt,34,14489970603347260810,552,0,-1,-1,0,9,0,-1,-1,0
0097.txt,35,14489970603347260810,552,1,552,552,0,87,52,-1,-1,0
0097.txt,36,14489970603347260810,552,0,-1,-1,0,17,0,-1,-1,0
0097.txt,37,14489970603347260810,552,0,-1,-1,0,60,0,-1,-1,0
0097.txt,38,14489970603347260810,552,1,553,553,0,54,48,-1,-1,0
0097.txt,39,14489970603347260810,552,1,552,552,0,370,47,-1,-1,0
0097.txt,40,14489970603347260810,552,0,-1,-1,0,322,0,-1,-1,0
0097.txt,41,14489970603347260810,552,0,-1,-1,0,205,0,-1,-1,0
0097.txt,42,14489970603347260810,552,1,554,552,0,279,48,-1,-1,0
0097.txt,43,14489970603347260810,552,1,553,553,0,268,49,-1,-1,0
0097.txt,44,14489970603347260810,552,0,-1,-1,0,155,0,-1,-1,0
0097.txt,45,14489970603347260810,552,0,-1,-1,0,304,0,-1,-1,0
0097.txt,46,14489970603347260810,552,1,553,552,1,114,52,-1,-1,0
0097.txt,47,14489970603347260810,552,0,-1,-1,0,19,0,-1,-1,0
0097.txt,48,14489970603347260810,552,0,-1,-1,0,14,0,-1,-1,0
0097.txt,49,14489970603347260810,552,0,-1,-1,0,68,0,-1,-1,0
0097.txt,50,14489970603347260810,552,0,-1,-1,0,24,0,-1,-1,0
0097.txt,51,14489970603347260810,552,0,-1,-1,0,212,0,-1,-1,0
0097.txt,52,14489970603347260810,552,0,-1,-1,0,203,0,-1,-1,0
0097.txt,53,14489970603347260810,552,1,552,552,1,58,50,-1,-1,0
0097.txt,54,14489970603347260810,552,1,552,552,0,222,47,-1,-1,0
0097.txt,55,14489970603347260810,552,0,-1,-1,0,14,0,-1,-1,0
0097.txt,56,14489970603347260810,552,1,553,552,0,120,49,-1,-1,0
0097.txt,57,14489970603347260810,552,0,-1,-1,0,270,0,-1,-1,0
0097.txt,58,14489970603347260810,552,0,-1,-1,0,464,0,-1,-1,0
0097.txt,59,14489970603347260810,552,1,554,552,1,329,46,-1,-1,0
0097.txt,60,14489970603347260810,552,0,-1,-1,0,343,0,-1,-1,0
0097.txt,61,14489970603347260810,552,0,-1,-1,0,18,0,-1,-1,0
0097.txt,62,14489970603347260810,552,1,552,552,1,217,46,-1,-1,0
0097.txt,63,14489970603347260810,552,0,-1,-1,0,14,0,-1,-1,0
0098.txt,0,4794916868765514653,130,1,132,132,0,57,16,-1,-1,0
0098.txt,1,4794916868765514653,130,1,130,130,0,37,13,-1,-1,0
0098.txt,2,4794916868765514653,130,1,130,130,1,48,12,-1,-1,0
0098.txt,3,4794916868765514653,130,1,131,130,1,139,13,-1,-1,0
0098.txt,4,4794916868765514653,130,1,131,130,1,153,13,-1,-1,0
0098.txt,5,4794916868765514653,130,0,-1,-1,0,22,0,-1,-1,0
0098.txt,6,4794916868765514653,130,0,-1,-1,0,20,0,-1,-1,0
0098.txt,7,4794916868765514653,130,1,130,130,1,39,11,-1,-1,0
0098.txt,8,4794916868765514653,130,1,132,130,0,28,13,-1,-1,0
0098.txt,9,4794916868765514653,130,1,133,132,0,25,13,-1,-1,0
0098.txt,10,4794916868765514653,130,1,131,130,0,134,11,-1,-1,0
0098.txt,11,4794916868765514653,130,1,131,130,1,66,12,-1,-1,0
0098.txt,12,4794916868765514653,130,1,130,130,1,51,11,-1,-1,0
0098.txt,13,4794916868765514653,130,0,-1,-1,0,52,0,-1,-1,0
0098.txt,14,4794916868765514653,130,1,131,130,0,11,12,-1,-1,0
0098.txt,15,4794916868765514653,130,1,133,130,0,95,14,-1,-1,0
0098.txt,16,4794916868765514653,130,1,130,130,0,59,12,-1,-1,0
0098.txt,17,4794916868765514653,130,1,131,130,1,156,12,-1,-1,0
0098.txt,18,4794916868765514653,130,1,133,132,0,91,13,-1,-1,0
0098.txt,19,4794916868765514653,130,1,132,131,0,141,13,-1,-1,0
0098.txt,20,4794916868765514653,130,1,130,130,1,38,11,-1,-1,0
0098.txt,21,4794916868765514653,130,1,130,130,1,32,13,-1,-1,0
0098.txt,22,4794916868765514653,130,1,130,130,0,36,12,-1,-1,0
0098.txt,23,4794916868765514653,130,1,132,130,0,79,13,-1,-1,0
0098.txt,24,4794916868765514653,130,0,-1,-1,0,26,0,-1,-1,0
0098.txt,25,4794916868765514653,130,0,-1,-1,0,126,0,-1,-1,0
0098.txt,26,4794916868765514653,130,1,131,130,1,62,12,-1,-1,0
0098.txt,27,4794916868765514653,130,1,133,130,0,66,14,-1,-1,0
0098.txt,28,4794916868765514653,130,1,131,130,1,104,12,-1,-1,0
0098.txt,29,4794916868765514653,130,0,-1,-1,0,19,0,-1,-1,0
0098.txt,30,4794916868765514653,130,1,130,130,0,31,12,-1,-1,0
0098.txt,31,4794916868765514653,130,1,132,131,0,119,12,-1,-1,0
0098.txt,32,4794916868765514653,130,0,-1,-1,0,17,0,-1,-1,0
0098.txt,33,4794916868765514653,130,1,131,130,1,140,12,-1,-1,0
0098.txt,34,4794916868765514653,130,1,132,130,1,71,12,-1,-1,0
0098.txt,35,4794916868765514653,130,1,132,132,0,92,12,-1,-1,0
0098.txt,36,4794916868765514653,130,0,-1,-1,0,12,0,-1,-1,0
0098.txt,37,4794916868765514653,130,0,-1,-1,0,24,0,-1,-1,0
0098.txt,38,4794916868765514653,130,0,-1,-1,0,10,0,-1,-1,0
0098.txt,39,4794916868765514653,130,0,-1,-1,0,61,0,-1,-1,0
0098.txt,40,4794916868765514653,130,1,130,130,1,26,11,-1,-1,0
0098.txt,41,4794916868765514653,130,1,130,130,1,8,12,-1,-1,0
0098.txt,42,4794916868765514653,130,0,-1,-1,0,6,0,-1,-1,0
0098.txt,43,4794916868765514653,130,0,-1,-1,0,55,0,-1,-1,0
0098.txt,44,4794916868765514653,130,0,-1,-1,0,41,0,-1,-1,0
0098.txt,45,4794916868765514653,130,1,133,131,0,77,13,-1,-1,0
0098.txt,46,4794916868765514653,130,0,-1,-1,0,63,0,-1,-1,0
0098.txt,47,4794916868765514653,130,1,133,133,0,51,13,-1,-1,0
0098.txt,48,4794916868765514653,130,0,-1,-1,0,11,0,-1,-1,0
0098.txt,49,4794916868765514653,130,1,130,130,1,10,12,-1,-1,0
0098.txt,50,4794916868765514653,130,0,-1,-1,0,46,0,-1,-1,0
0098.txt,51,4794916868765514653,130,1,132,130,0,121,13,-1,-1,0
0098.txt,52,4794916868765514653,130,0,-1,-1,0,0,0,-1,-1,0
0098.txt,53,4794916868765514653,130,1,132,130,1,116,13,-1,-1,0
0098.txt,54,4794916868765514653,130,0,-1,-1,0,17,0,-1,-1,0
0098.txt,55,4794916868765514653,130,0,-1,-1,0,31,0,-1,-1,0
0098.txt,56,4794916868765514653,130,1,131,131,0,52,12,-1,-1,0
0098.txt,57,4794916868765514653,130,1,130,130,1,33,12,-1,-1,0
0098.txt,58,4794916868765514653,130,0,-1,-1,0,41,0,-1,-1,0
0098.txt,59,4794916868765514653,130,1,130,130,1,15,11,-1,-1,0
0098.txt,60,4794916868765514653,130,1,132,130,1,13,12,-1,-1,0
0098.txt,61,4794916868765514653,130,1,130,130,1,66,12,-1,-1,0
0098.txt,62,4794916868765514653,130,0,-1,-1,0,8,0,-1,-1,0
0098.txt,63,4794916868765514653,130,0,-1,-1,0,49,0,-1,-1,0
0099.txt,0,13463736310508924333,198,0,-1,-1,0,13,0,-1,-1,0
0099.txt,1,13463736310508924333,198,0,-1,-1,0,14,0,-1,-1,0
0099.txt,2,13463736310508924333,198,0,-1,-1,0,118,0,-1,-1,0
0099.txt,3,13463736310508924333,198,0,-1,-1,0,13,0,-1,-1,0
0099.txt,4,13463736310508924333,198,0,-1,-1,0,12,0,-1,-1,0
0099.txt,5,13463736310508924333,198,0,-1,-1,0,31,0,-1,-1,0
0099.txt,6,13463736310508924333,198,1,199,198,0,113,20,-1,-1,0
0099.txt,7,13463736310508924333,198,0,-1,-1,0,1,0,-1,-1,0
0099.txt,8,13463736310508924333,198,0,-1,-1,0,74,0,-1,-1,0
0099.txt,9,13463736310508924333,198,0,-1,-1,0,63,0,-1,-1,0
0099.txt,10,13463736310508924333,198,0,-1,-1,0,165,0,-1,-1,0
0099.txt,11,13463736310508924333,198,1,199,199,0,91,19,-1,-1,0
0099.txt,12,13463736310508924333,198,1,199,198,0,158,18,-1,-1,0
0099.txt,13,13463736310508924333,198,1,198,198,0,18,16,-1,-1,0
0099.txt,14,13463736310508924333,198,0,-1,-1,0,96,0,-1,-1,0
0099.txt,15,13463736310508924333,198,1,200,200,0,25,21,-1,-1,0
0099.txt,16,13463736310508924333,198,0,-1,-1,0,66,0,-1,-1,0
0099.txt,17,13463736310508924333,198,1,200,198,1,128,19,-1,-1,0
0099.txt,18,13463736310508924333,198,0,-1,-1,0,22,0,-1,-1,0
0099.txt,19,13463736310508924333,198,0,-1,-1,0,25,0,-1,-1,0
0099.txt,20,13463736310508924333,198,1,198,198,1,27,17,-1,-1,0
0099.txt,21,13463736310508924333,198,1,200,200,0,130,17,-1,-1,0
0099.txt,22,13463736310508924333,198,1,199,198,0,168,18,-1,-1,0
0099.txt,23,13463736310508924333,198,0,-1,-1,0,61,0,-1,-1,0
0099.txt,24,13463736310508924333,198,0,-1,-1,0,14,0,-1,-1,0
0099.txt,25,13463736310508924333,198,1,198,198,1,242,17,-1,-1,0
0099.txt,26,13463736310508924333,198,0,-1,-1,0,14,0,-1,-1,0
0099.txt,27,13463736310508924333,198,0,-1,-1,0,17,0,-1,-1,0
0099.txt,28,13463736310508924333,198,1,198,198,1,20,16,-1,-1,0
0099.txt,29,13463736310508924333,198,1,199,198,1,82,17,-1,-1,0
0099.txt,30,13463736310508924333,198,1,198,198,1,189,17,-1,-1,0
0099.txt,31,13463736310508924333,198,0,-1,-1,0,20,0,-1,-1,0
0099.txt,32,13463736310508924333,198,0,-1,-1,0,19,0,-1,-1,0
0099.txt,33,13463736310508924333,198,0,-1,-1,0,58,0,-1,-1,0
0099.txt,34,13463736310508924333,198,0,-1,-1,0,125,0,-1,-1,0
0099.txt,35,13463736310508924333,198,1,198,198,1,28,16,-1,-1,0
0099.txt,36,13463736310508924333,198,0,-1,-1,0,38,0,-1,-1,0
0099.txt,37,13463736310508924333,198,1,198,198,0,127,16,-1,-1,0
0099.txt,38,13463736310508924333,198,1,198,198,0,136,16,-1,-1,0
0099.txt,39,13463736310508924333,198,0,-1,-1,0,14,0,-1,-1,0
0099.txt,40,13463736310508924333,198,0,-1,-1,0,14,0,-1,-1,0
0099.txt,41,13463736310508924333,198,1,199,198,0,83,16,-1,-1,0
0099.txt,42,13463736310508924333,198,0,-1,-1,0,17,0,-1,-1,0
0099.txt,43,13463736310508924333,198,0,-1,-1,0,8,0,-1,-1,0
0099.txt,44,13463736310508924333,198,1,198,198,0,29,16,-1,-1,0
0099.txt,45,13463736310508924333,198,1,201,198,1,57,18,-1,-1,0
0099.txt,46,13463736310508924333,198,0,-1,-1,0,71,0,-1,-1,0
0099.txt,47,13463736310508924333,198,1,198,198,1,139,16,-1,-1,0
0099.txt,48,13463736310508924333,198,0,-1,-1,0,26,0,-1,-1,0
0099.txt,49,13463736310508924333,198,0,-1,-1,0,1,0,-1,-1,0
0099.txt,50,13463736310508924333,198,0,-1,-1,0,212,0,-1,-1,0
0099.txt,51,13463736310508924333,198,0,-1,-1,0,9,0,-1,-1,0
0099.txt,52,13463736310508924333,198,0,-1,-1,0,12,0,-1,-1,0
0099.txt,53,13463736310508924333,198,0,-1,-1,0,72,0,-1,-1,0
0099.txt,54,13463736310508924333,198,0,-1,-1,0,23,0,-1,-1,0
0099.txt,55,13463736310508924333,198,1,201,198,1,23,17,-1,-1,0
0099.txt,56,13463736310508924333,198,1,198,198,1,13,16,-1,-1,0
0099.txt,57,13463736310508924333,198,0,-1,-1,0,48,0,-1,-1,0
0099.txt,58,13463736310508924333,198,0,-1,-1,0,71,1,-1,-1,0
0099.txt,59,13463736310508924333,198,1,199,198,1,115,16,-1,-1,0
0099.txt,60,13463736310508924333,198,0,-1,-1,0,7,0,-1,-1,0
0099.txt,61,13463736310508924333,198,0,-1,-1,0,61,0,-1,-1,0
0099.txt,62,13463736310508924333,198,0,-1,-1,0,20,0,-1,-1,0
0099.txt,63,13463736310508924333,198,0,-1,-1,0,40,0,-1,-1,0
