round,case,capacity,variant,position,candidates,completed,build_ns,reconstruct_ns,smooth_ns,total_ns,build_wall_ns,reconstruct_wall_ns,smooth_wall_ns,total_wall_ns,checksum
0,0000.txt,128,original,0,37,37,82000,1184000,133000,1399000,83000,1223000,137000,1443000,816204004610948454
0,0000.txt,128,full,1,37,37,78000,1183000,142000,1403000,80000,1196000,144000,1420000,816204004610948454
0,0000.txt,128,compact,2,37,37,57000,1184000,107000,1348000,58000,1186000,117000,1361000,816204004610948454
0,0001.txt,160,original,2,64,47,153000,6574000,383000,7110000,154000,6631000,394000,7179000,9659342416910865731
0,0001.txt,160,full,0,64,47,159000,6233000,372000,6764000,160000,6256000,387000,6803000,9659342416910865731
0,0001.txt,160,compact,1,64,47,151000,6264000,296000,6711000,151000,6285000,304000,6740000,9659342416910865731
0,0002.txt,160,original,1,64,62,228000,8560000,544000,9332000,227000,8732000,562000,9521000,13336614233393630273
0,0002.txt,160,full,2,64,62,236000,8591000,526000,9353000,237000,8974000,583000,9794000,13336614233393630273
0,0002.txt,160,compact,0,64,62,227000,8456000,411000,9094000,228000,8479000,420000,9127000,13336614233393630273
0,0003.txt,288,original,0,64,37,206000,8926000,402000,9534000,207000,8958000,410000,9575000,9846154642387442228
0,0003.txt,288,full,1,64,37,209000,9009000,395000,9613000,209000,9039000,405000,9653000,9846154642387442228
0,0003.txt,288,compact,2,64,37,203000,9165000,375000,9743000,203000,9198000,384000,9785000,9846154642387442228
0,0004.txt,224,original,2,64,39,766000,25853000,745000,27364000,766000,27242000,757000,28765000,5868743466089011035
0,0004.txt,224,full,0,64,39,829000,27096000,768000,28693000,830000,27391000,775000,28996000,5868743466089011035
0,0004.txt,224,compact,1,64,39,772000,29858000,707000,31337000,773000,33793000,816000,35382000,5868743466089011035
0,0005.txt,224,original,1,64,26,1453000,35977000,1458000,38888000,1453000,35991000,1468000,38912000,10086671006629847274
0,0005.txt,224,full,2,64,26,1476000,38433000,1498000,41407000,1476000,38740000,1507000,41723000,10086671006629847274
0,0005.txt,224,compact,0,64,26,1488000,36428000,1293000,39209000,1489000,36458000,1303000,39250000,10086671006629847274
0,0006.txt,128,original,0,64,46,276000,5341000,343000,5960000,276000,5359000,357000,5992000,507186591489129217
0,0006.txt,128,full,1,64,46,278000,5537000,350000,6165000,277000,5562000,360000,6199000,507186591489129217
0,0006.txt,128,compact,2,64,46,260000,5504000,236000,6000000,260000,5525000,244000,6029000,507186591489129217
0,0007.txt,128,original,2,64,52,282000,7633000,432000,8347000,283000,7672000,440000,8395000,2674825041975378044
0,0007.txt,128,full,0,64,52,263000,7917000,438000,8618000,264000,7950000,439000,8653000,2674825041975378044
0,0007.txt,128,compact,1,64,52,290000,8677000,323000,9290000,292000,8809000,339000,9440000,2674825041975378044
0,0008.txt,128,original,1,64,40,278000,8839000,387000,9504000,278000,8910000,398000,9586000,17920141965280989340
0,0008.txt,128,full,2,64,40,271000,9198000,390000,9859000,272000,9327000,402000,10001000,17920141965280989340
0,0008.txt,128,compact,0,64,40,307000,9146000,283000,9736000,313000,9296000,290000,9899000,17920141965280989340
0,0009.txt,192,original,0,64,58,135000,7607000,418000,8160000,136000,7725000,435000,8296000,14208774129454741819
0,0009.txt,192,full,1,64,58,145000,7937000,435000,8517000,145000,8211000,447000,8803000,14208774129454741819
0,0009.txt,192,compact,2,64,58,142000,7681000,328000,8151000,142000,7934000,342000,8418000,14208774129454741819
0,0010.txt,128,original,2,64,52,130000,3449000,273000,3852000,130000,3529000,296000,3955000,14723523622886612699
0,0010.txt,128,full,0,64,52,163000,3377000,270000,3810000,179000,3403000,283000,3865000,14723523622886612699
0,0010.txt,128,compact,1,64,52,117000,3587000,200000,3904000,117000,3641000,213000,3971000,14723523622886612699
0,0011.txt,192,original,1,64,46,449000,11403000,474000,12326000,449000,11567000,482000,12498000,10525654128450725294
0,0011.txt,192,full,2,64,46,441000,12144000,494000,13079000,441000,12215000,522000,13178000,10525654128450725294
0,0011.txt,192,compact,0,64,46,426000,12029000,389000,12844000,427000,12201000,431000,13059000,10525654128450725294
0,0012.txt,160,original,0,64,42,257000,9518000,364000,10139000,257000,9581000,375000,10213000,18228620964614505709
0,0012.txt,160,full,1,64,42,274000,9996000,378000,10648000,273000,10108000,391000,10772000,18228620964614505709
0,0012.txt,160,compact,2,64,42,294000,10746000,299000,11339000,317000,11296000,308000,11921000,18228620964614505709
0,0013.txt,224,original,2,64,51,359000,11217000,727000,12303000,359000,11445000,740000,12544000,11658144250769295395
0,0013.txt,224,full,0,64,51,329000,11854000,751000,12934000,329000,12008000,777000,13114000,11658144250769295395
0,0013.txt,224,compact,1,64,51,351000,11088000,596000,12035000,351000,11199000,600000,12150000,11658144250769295395
0,0014.txt,288,original,1,64,52,1639000,52980000,1439000,56058000,1642000,53047000,1453000,56142000,3633606904291868902
0,0014.txt,288,full,2,64,52,1558000,54816000,1437000,57811000,1558000,54861000,1450000,57869000,3633606904291868902
0,0014.txt,288,compact,0,64,52,1639000,55683000,1326000,58648000,1661000,55959000,1347000,58967000,3633606904291868902
0,0015.txt,288,original,0,64,42,2051000,50735000,1936000,54722000,2051000,50915000,1950000,54916000,12057676038240002655
0,0015.txt,288,full,1,64,42,2111000,51430000,1877000,55418000,2113000,51795000,1892000,55800000,12057676038240002655
0,0015.txt,288,compact,2,64,42,2174000,50533000,1698000,54405000,2200000,50549000,1713000,54462000,12057676038240002655
0,0016.txt,192,original,2,64,41,293000,9826000,378000,10497000,294000,9847000,392000,10533000,16263700429714567991
0,0016.txt,192,full,0,64,41,296000,9992000,367000,10655000,295000,10012000,383000,10690000,16263700429714567991
0,0016.txt,192,compact,1,64,41,282000,10136000,288000,10706000,282000,10160000,309000,10751000,16263700429714567991
0,0017.txt,192,original,1,64,53,855000,14106000,683000,15644000,855000,14126000,691000,15672000,4847870249899229512
0,0017.txt,192,full,2,64,53,876000,14493000,680000,16049000,876000,14512000,699000,16087000,4847870249899229512
0,0017.txt,192,compact,0,64,53,865000,14501000,524000,15890000,864000,14515000,534000,15913000,4847870249899229512
0,0018.txt,128,original,0,64,34,104000,4110000,179000,4393000,105000,4118000,181000,4404000,2591044257394328704
0,0018.txt,128,full,1,64,34,95000,4435000,190000,4720000,96000,4450000,192000,4738000,2591044257394328704
0,0018.txt,128,compact,2,64,34,97000,4125000,136000,4358000,98000,4141000,145000,4384000,2591044257394328704
0,0019.txt,384,original,2,64,38,3726000,69928000,1803000,75457000,3726000,69948000,1822000,75496000,18413403235399141350
0,0019.txt,384,full,0,64,38,3652000,72039000,1791000,77482000,3652000,72068000,1799000,77519000,18413403235399141350
0,0019.txt,384,compact,1,64,38,3632000,72268000,1803000,77703000,3632000,72295000,1813000,77740000,18413403235399141350
0,0020.txt,160,original,1,64,54,482000,12290000,512000,13284000,481000,12314000,522000,13317000,6655744353329306587
0,0020.txt,160,full,2,64,54,477000,12372000,518000,13367000,478000,12398000,527000,13403000,6655744353329306587
0,0020.txt,160,compact,0,64,54,482000,12458000,381000,13321000,484000,12491000,390000,13365000,6655744353329306587
0,0021.txt,160,original,0,64,54,107000,4660000,321000,5088000,108000,4683000,333000,5124000,10139017720273762941
0,0021.txt,160,full,1,64,54,102000,4834000,317000,5253000,103000,4847000,333000,5283000,10139017720273762941
0,0021.txt,160,compact,2,64,54,102000,4875000,262000,5239000,103000,4888000,271000,5262000,10139017720273762941
0,0022.txt,160,original,2,64,54,85000,5057000,316000,5458000,85000,5064000,326000,5475000,12367056253196356386
0,0022.txt,160,full,0,64,54,89000,5266000,319000,5674000,88000,5292000,328000,5708000,12367056253196356386
0,0022.txt,160,compact,1,64,54,82000,5315000,258000,5655000,81000,5331000,270000,5682000,12367056253196356386
0,0023.txt,160,original,1,64,32,128000,4127000,197000,4452000,129000,4152000,203000,4484000,13661901359584633416
0,0023.txt,160,full,2,64,32,129000,4297000,199000,4625000,131000,4313000,209000,4653000,13661901359584633416
0,0023.txt,160,compact,0,64,32,131000,4272000,153000,4556000,131000,4299000,157000,4587000,13661901359584633416
0,0024.txt,192,original,0,64,37,167000,6190000,393000,6750000,168000,6203000,402000,6773000,14100779623175012850
0,0024.txt,192,full,1,64,37,166000,6268000,391000,6825000,167000,6281000,404000,6852000,14100779623175012850
0,0024.txt,192,compact,2,64,37,157000,6383000,334000,6874000,159000,6405000,343000,6907000,14100779623175012850
0,0025.txt,192,original,2,64,57,93000,3150000,247000,3490000,94000,3166000,261000,3521000,16693701477626876418
0,0025.txt,192,full,0,64,57,94000,3349000,254000,3697000,96000,3364000,264000,3724000,16693701477626876418
0,0025.txt,192,compact,1,64,57,90000,3383000,203000,3676000,91000,3401000,211000,3703000,16693701477626876418
0,0026.txt,256,original,1,64,43,213000,7069000,422000,7704000,213000,7098000,429000,7740000,12399338981540513818
0,0026.txt,256,full,2,64,43,211000,7389000,428000,8028000,210000,7411000,438000,8059000,12399338981540513818
0,0026.txt,256,compact,0,64,43,216000,7507000,383000,8106000,216000,7521000,388000,8125000,12399338981540513818
0,0027.txt,128,original,0,64,31,295000,5995000,315000,6605000,295000,6017000,323000,6635000,7331911850896128959
0,0027.txt,128,full,1,64,31,297000,6180000,313000,6790000,297000,6202000,327000,6826000,7331911850896128959
0,0027.txt,128,compact,2,64,31,289000,6118000,228000,6635000,290000,6137000,231000,6658000,7331911850896128959
0,0028.txt,256,original,2,64,47,633000,18254000,991000,19878000,633000,18270000,1005000,19908000,16501633472421096672
0,0028.txt,256,full,0,64,47,617000,19465000,1021000,21103000,618000,19593000,1037000,21248000,16501633472421096672
0,0028.txt,256,compact,1,64,47,643000,19201000,902000,20746000,642000,19372000,912000,20926000,16501633472421096672
0,0029.txt,288,original,1,64,41,881000,24087000,737000,25705000,882000,24118000,754000,25754000,3006019691893062148
0,0029.txt,288,full,2,64,41,866000,26302000,795000,27963000,867000,27149000,828000,28844000,3006019691893062148
0,0029.txt,288,compact,0,64,41,882000,24745000,670000,26297000,883000,24774000,682000,26339000,3006019691893062148
0,0030.txt,256,original,0,64,44,1198000,20240000,1539000,22977000,1199000,20347000,1552000,23098000,3998580007914902329
0,0030.txt,256,full,1,64,44,1218000,21408000,1568000,24194000,1219000,21544000,1593000,24356000,3998580007914902329
0,0030.txt,256,compact,2,64,44,1413000,21372000,1444000,24229000,1522000,21435000,1472000,24429000,3998580007914902329
0,0031.txt,160,original,2,64,49,250000,11836000,472000,12558000,251000,11937000,490000,12678000,1277513514513811977
0,0031.txt,160,full,0,64,49,247000,12633000,511000,13391000,247000,12977000,515000,13739000,1277513514513811977
0,0031.txt,160,compact,1,64,49,238000,12515000,407000,13160000,239000,12806000,422000,13467000,1277513514513811977
0,0032.txt,224,original,1,64,48,327000,13557000,546000,14430000,327000,13736000,586000,14649000,12827533860645535518
0,0032.txt,224,full,2,64,48,321000,13918000,515000,14754000,321000,14064000,532000,14917000,12827533860645535518
0,0032.txt,224,compact,0,64,48,310000,14569000,444000,15323000,310000,16382000,479000,17171000,12827533860645535518
0,0033.txt,160,original,0,64,43,431000,11589000,473000,12493000,432000,11930000,490000,12852000,13693103595731326709
0,0033.txt,160,full,1,64,43,436000,11624000,470000,12530000,436000,11773000,486000,12695000,13693103595731326709
0,0033.txt,160,compact,2,64,43,415000,11880000,361000,12656000,415000,12144000,378000,12937000,13693103595731326709
0,0034.txt,288,original,2,64,41,1259000,27314000,1396000,29969000,1304000,27602000,1415000,30321000,11851417704820801821
0,0034.txt,288,full,0,64,41,1179000,27988000,1383000,30550000,1179000,28197000,1413000,30789000,11851417704820801821
0,0034.txt,288,compact,1,64,41,1194000,27412000,1271000,29877000,1195000,27577000,1292000,30064000,11851417704820801821
0,0035.txt,128,original,1,49,37,69000,2869000,214000,3152000,69000,3111000,228000,3408000,1966248127026479111
0,0035.txt,128,full,2,49,37,77000,2504000,206000,2787000,78000,2515000,215000,2808000,1966248127026479111
0,0035.txt,128,compact,0,49,37,80000,2554000,164000,2798000,80000,2568000,181000,2829000,1966248127026479111
0,0036.txt,192,original,0,64,50,727000,19013000,713000,20453000,727000,19521000,737000,20985000,3582229042672705885
0,0036.txt,192,full,1,64,50,760000,18554000,686000,20000000,760000,18777000,704000,20241000,3582229042672705885
0,0036.txt,192,compact,2,64,50,721000,18682000,532000,19935000,721000,18885000,546000,20152000,3582229042672705885
0,0037.txt,288,original,2,64,45,591000,16278000,838000,17707000,592000,16511000,853000,17956000,11367272562188583031
0,0037.txt,288,full,0,64,45,580000,16595000,843000,18018000,581000,16631000,856000,18068000,11367272562188583031
0,0037.txt,288,compact,1,64,45,576000,17011000,765000,18352000,576000,17153000,776000,18505000,11367272562188583031
0,0038.txt,192,original,1,64,55,253000,7856000,531000,8640000,253000,7876000,534000,8663000,5000358612861532629
0,0038.txt,192,full,2,64,55,246000,8073000,540000,8859000,245000,8089000,557000,8891000,5000358612861532629
0,0038.txt,192,compact,0,64,55,278000,8168000,427000,8873000,293000,8186000,444000,8923000,5000358612861532629
0,0039.txt,256,original,0,64,43,170000,7652000,364000,8186000,170000,7674000,377000,8221000,1713245602201241720
0,0039.txt,256,full,1,64,43,183000,7641000,360000,8184000,184000,7659000,370000,8213000,1713245602201241720
0,0039.txt,256,compact,2,64,43,166000,7722000,314000,8202000,166000,7741000,322000,8229000,1713245602201241720
0,0040.txt,224,original,2,64,43,158000,8451000,570000,9179000,159000,8475000,575000,9209000,872385857505348709
0,0040.txt,224,full,0,64,43,150000,8668000,567000,9385000,151000,8688000,580000,9419000,872385857505348709
0,0040.txt,224,compact,1,64,43,145000,9149000,548000,9842000,145000,9176000,575000,9896000,872385857505348709
0,0041.txt,160,original,1,64,56,216000,7525000,382000,8123000,216000,7763000,387000,8366000,10397856525299628427
0,0041.txt,160,full,2,64,56,652000,8705000,398000,9755000,1493000,10170000,458000,12121000,10397856525299628427
0,0041.txt,160,compact,0,64,56,225000,7303000,277000,7805000,226000,7318000,289000,7833000,10397856525299628427
0,0042.txt,352,original,0,64,36,1124000,30576000,928000,32628000,1124000,30609000,943000,32676000,12427270659438181611
0,0042.txt,352,full,1,64,36,1132000,31416000,896000,33444000,1133000,31436000,905000,33474000,12427270659438181611
0,0042.txt,352,compact,2,64,36,1115000,31447000,870000,33432000,1115000,31465000,884000,33464000,12427270659438181611
0,0043.txt,160,original,2,64,27,262000,7650000,387000,8299000,262000,7695000,394000,8351000,17317113132050913222
0,0043.txt,160,full,0,64,27,264000,8279000,386000,8929000,263000,8460000,401000,9124000,17317113132050913222
0,0043.txt,160,compact,1,64,27,276000,7757000,304000,8337000,288000,7787000,310000,8385000,17317113132050913222
0,0044.txt,192,original,1,64,35,434000,12664000,443000,13541000,435000,12686000,456000,13577000,14244673959848913933
0,0044.txt,192,full,2,64,35,433000,13008000,465000,13906000,432000,13027000,475000,13934000,14244673959848913933
0,0044.txt,192,compact,0,64,35,456000,13057000,351000,13864000,457000,13073000,367000,13897000,14244673959848913933
0,0045.txt,192,original,0,64,42,620000,9140000,527000,10287000,620000,9152000,537000,10309000,11015969575620966037
0,0045.txt,192,full,1,64,42,618000,9475000,539000,10632000,618000,9497000,549000,10664000,11015969575620966037
0,0045.txt,192,compact,2,64,42,613000,9472000,419000,10504000,614000,9487000,432000,10533000,11015969575620966037
0,0046.txt,128,original,2,64,43,390000,10337000,417000,11144000,390000,10348000,434000,11172000,2499980644579135674
0,0046.txt,128,full,0,64,43,397000,10605000,427000,11429000,397000,10620000,434000,11451000,2499980644579135674
0,0046.txt,128,compact,1,64,43,382000,10620000,309000,11311000,381000,10639000,312000,11332000,2499980644579135674
0,0047.txt,256,original,1,64,42,1100000,26278000,935000,28313000,1099000,26294000,948000,28341000,10022142641444623082
0,0047.txt,256,full,2,64,42,1129000,26895000,934000,28958000,1129000,26916000,948000,28993000,10022142641444623082
0,0047.txt,256,compact,0,64,42,1119000,26712000,812000,28643000,1120000,26740000,816000,28676000,10022142641444623082
0,0048.txt,192,original,0,64,47,907000,14759000,703000,16369000,908000,14785000,715000,16408000,3768764602654705949
0,0048.txt,192,full,1,64,47,911000,15100000,708000,16719000,911000,15124000,715000,16750000,3768764602654705949
0,0048.txt,192,compact,2,64,47,896000,15875000,573000,17344000,897000,16015000,610000,17522000,3768764602654705949
0,0049.txt,192,original,2,64,46,820000,13831000,589000,15240000,852000,13870000,600000,15322000,5345024174446336161
0,0049.txt,192,full,0,64,46,707000,14182000,586000,15475000,707000,14208000,604000,15519000,5345024174446336161
0,0049.txt,192,compact,1,64,46,710000,14281000,463000,15454000,711000,14338000,480000,15529000,5345024174446336161
0,0050.txt,128,original,1,64,37,243000,5940000,415000,6598000,244000,5957000,416000,6617000,12997574625261075627
0,0050.txt,128,full,2,64,37,251000,6076000,412000,6739000,252000,6093000,421000,6766000,12997574625261075627
0,0050.txt,128,compact,0,64,37,247000,6066000,317000,6630000,246000,6090000,322000,6658000,12997574625261075627
0,0051.txt,160,original,0,64,50,250000,7540000,426000,8216000,250000,7559000,442000,8251000,12279836665363317183
0,0051.txt,160,full,1,64,50,247000,8206000,459000,8912000,247000,8321000,470000,9038000,12279836665363317183
0,0051.txt,160,compact,2,64,50,250000,7845000,342000,8437000,251000,7868000,356000,8475000,12279836665363317183
0,0052.txt,224,original,2,64,49,473000,14754000,713000,15940000,472000,14955000,744000,16171000,9179596259479780699
0,0052.txt,224,full,0,64,49,464000,14137000,667000,15268000,464000,14160000,678000,15302000,9179596259479780699
0,0052.txt,224,compact,1,64,49,462000,14098000,559000,15119000,463000,14118000,573000,15154000,9179596259479780699
0,0053.txt,192,original,1,64,60,257000,8246000,571000,9074000,258000,8260000,600000,9118000,2465353185479614519
0,0053.txt,192,full,2,64,60,268000,8698000,583000,9549000,269000,8848000,615000,9732000,2465353185479614519
0,0053.txt,192,compact,0,64,60,257000,9194000,506000,9957000,259000,9675000,566000,10500000,2465353185479614519
0,0054.txt,256,original,0,64,50,763000,23351000,1134000,25248000,764000,23613000,1168000,25545000,1977551075025097523
0,0054.txt,256,full,1,64,50,773000,23791000,1158000,25722000,773000,24089000,1240000,26102000,1977551075025097523
0,0054.txt,256,compact,2,64,50,795000,24004000,1001000,25800000,796000,24292000,1008000,26096000,1977551075025097523
0,0055.txt,288,original,2,64,39,1455000,27345000,776000,29576000,1572000,27896000,787000,30255000,1917009490484356854
0,0055.txt,288,full,0,64,39,1317000,27902000,771000,29990000,1317000,28262000,787000,30366000,1917009490484356854
0,0055.txt,288,compact,1,64,39,1298000,27811000,679000,29788000,1311000,28312000,706000,30329000,1917009490484356854
0,0056.txt,224,original,1,64,39,480000,12837000,623000,13940000,479000,13077000,668000,14224000,6905413677133017825
0,0056.txt,224,full,2,64,39,494000,12527000,561000,13582000,493000,12706000,574000,13773000,6905413677133017825
0,0056.txt,224,compact,0,64,39,485000,13289000,497000,14271000,485000,14369000,520000,15374000,6905413677133017825
0,0057.txt,256,original,0,64,54,849000,19922000,1009000,21780000,848000,20188000,1026000,22062000,10523818247767909617
0,0057.txt,256,full,1,64,54,815000,19719000,979000,21513000,816000,19755000,995000,21566000,10523818247767909617
0,0057.txt,256,compact,2,64,54,819000,19875000,871000,21565000,820000,19954000,879000,21653000,10523818247767909617
0,0058.txt,256,original,2,64,47,646000,21062000,1014000,22722000,646000,21086000,1020000,22752000,8747116303198179067
0,0058.txt,256,full,0,64,47,632000,21027000,966000,22625000,631000,21043000,987000,22661000,8747116303198179067
0,0058.txt,256,compact,1,64,47,604000,21860000,911000,23375000,604000,21922000,936000,23462000,8747116303198179067
0,0059.txt,192,original,1,64,47,111000,4977000,250000,5338000,111000,4995000,254000,5360000,8776027305845615921
0,0059.txt,192,full,2,64,47,102000,5217000,247000,5566000,102000,5236000,265000,5603000,8776027305845615921
0,0059.txt,192,compact,0,64,47,110000,5210000,204000,5524000,111000,5242000,211000,5564000,8776027305845615921
0,0060.txt,224,original,0,64,40,230000,11185000,510000,11925000,229000,11209000,521000,11959000,9265774647566182347
0,0060.txt,224,full,1,64,40,240000,11419000,515000,12174000,241000,11446000,521000,12208000,9265774647566182347
0,0060.txt,224,compact,2,64,40,221000,11910000,471000,12602000,222000,12305000,476000,13003000,9265774647566182347
0,0061.txt,192,original,2,64,47,706000,19141000,1023000,20870000,706000,20013000,1087000,21806000,9109783169076520820
0,0061.txt,192,full,0,64,47,713000,19215000,994000,20922000,714000,19428000,1031000,21173000,9109783169076520820
0,0061.txt,192,compact,1,64,47,710000,19257000,794000,20761000,709000,19446000,820000,20975000,9109783169076520820
0,0062.txt,224,original,1,64,51,530000,18562000,725000,19817000,531000,19824000,777000,21132000,6235176586112113050
0,0062.txt,224,full,2,64,51,532000,19098000,773000,20403000,532000,19774000,812000,21118000,6235176586112113050
0,0062.txt,224,compact,0,64,51,855000,19024000,592000,20471000,1402000,19752000,608000,21762000,6235176586112113050
0,0063.txt,256,original,0,64,43,685000,18542000,977000,20204000,725000,19769000,986000,21480000,2811221567898568818
0,0063.txt,256,full,1,64,43,565000,18784000,922000,20271000,565000,19376000,1072000,21013000,2811221567898568818
0,0063.txt,256,compact,2,64,43,553000,17788000,815000,19156000,554000,17942000,822000,19318000,2811221567898568818
0,0064.txt,224,original,2,64,44,425000,7017000,623000,8065000,426000,7095000,651000,8172000,6923825489153610959
0,0064.txt,224,full,0,64,44,419000,7449000,676000,8544000,420000,7500000,708000,8628000,6923825489153610959
0,0064.txt,224,compact,1,64,44,411000,7712000,554000,8677000,413000,7815000,563000,8791000,6923825489153610959
0,0065.txt,192,original,1,64,43,279000,8557000,530000,9366000,460000,8799000,547000,9806000,17408032648247834609
0,0065.txt,192,full,2,64,43,221000,9266000,554000,10041000,221000,9544000,569000,10334000,17408032648247834609
0,0065.txt,192,compact,0,64,43,195000,8972000,462000,9629000,196000,9057000,467000,9720000,17408032648247834609
0,0066.txt,224,original,0,64,29,937000,24281000,1073000,26291000,938000,24899000,1127000,26964000,8875708553305440087
0,0066.txt,224,full,1,64,29,936000,23841000,1020000,25797000,935000,24225000,1053000,26213000,8875708553305440087
0,0066.txt,224,compact,2,64,29,1020000,24325000,881000,26226000,1050000,24702000,884000,26636000,8875708553305440087
0,0067.txt,192,original,2,64,37,345000,11625000,621000,12591000,346000,11942000,637000,12925000,1054547824349595996
0,0067.txt,192,full,0,64,37,333000,11671000,587000,12591000,334000,11725000,600000,12659000,1054547824349595996
0,0067.txt,192,compact,1,64,37,334000,11980000,511000,12825000,335000,12340000,530000,13205000,1054547824349595996
0,0068.txt,352,original,1,64,36,1907000,30119000,1073000,33099000,1907000,30598000,1085000,33590000,16704674484913076321
0,0068.txt,352,full,2,64,36,1904000,30756000,1050000,33710000,1905000,30849000,1057000,33811000,16704674484913076321
0,0068.txt,352,compact,0,64,36,1950000,31179000,1014000,34143000,1952000,31660000,1027000,34639000,16704674484913076321
0,0069.txt,128,original,0,64,55,254000,7949000,498000,8701000,255000,7970000,518000,8743000,10272637644074201381
0,0069.txt,128,full,1,64,55,246000,8177000,508000,8931000,246000,8195000,518000,8959000,10272637644074201381
0,0069.txt,128,compact,2,64,55,240000,8083000,368000,8691000,240000,8100000,382000,8722000,10272637644074201381
0,0070.txt,320,original,2,64,43,1316000,47987000,1592000,50895000,1317000,48405000,1615000,51337000,6636878282639228694
0,0070.txt,320,full,0,64,43,1215000,46196000,1468000,48879000,1216000,46221000,1474000,48911000,6636878282639228694
0,0070.txt,320,compact,1,64,43,1251000,46767000,1507000,49525000,1254000,46880000,1604000,49738000,6636878282639228694
0,0071.txt,288,original,1,64,34,1971000,33719000,1216000,36906000,2453000,36493000,1280000,40226000,5480489002906609640
0,0071.txt,288,full,2,64,34,1705000,32683000,1107000,35495000,1892000,33218000,1125000,36235000,5480489002906609640
0,0071.txt,288,compact,0,64,34,1341000,33467000,1066000,35874000,1408000,34546000,1134000,37088000,5480489002906609640
0,0072.txt,192,original,0,64,53,154000,7855000,404000,8413000,154000,7949000,414000,8517000,3456405102086958663
0,0072.txt,192,full,1,64,53,138000,7984000,420000,8542000,138000,8111000,441000,8690000,3456405102086958663
0,0072.txt,192,compact,2,64,53,147000,7760000,334000,8241000,148000,7850000,336000,8334000,3456405102086958663
0,0073.txt,160,original,2,64,45,811000,15519000,756000,17086000,811000,15648000,775000,17234000,7837691528528546932
0,0073.txt,160,full,0,64,45,766000,16904000,776000,18446000,765000,19226000,800000,20791000,7837691528528546932
0,0073.txt,160,compact,1,64,45,841000,15944000,573000,17358000,846000,16089000,585000,17520000,7837691528528546932
0,0074.txt,128,original,1,64,40,228000,4990000,266000,5484000,229000,5003000,275000,5507000,11002935191480867671
0,0074.txt,128,full,2,64,40,227000,5194000,281000,5702000,227000,5215000,291000,5733000,11002935191480867671
0,0074.txt,128,compact,0,64,40,220000,5210000,192000,5622000,220000,5307000,201000,5728000,11002935191480867671
0,0075.txt,288,original,0,64,30,1028000,28764000,913000,30705000,1028000,28951000,928000,30907000,2583345268107875064
0,0075.txt,288,full,1,64,30,1027000,29182000,954000,31163000,1028000,29319000,1025000,31372000,2583345268107875064
0,0075.txt,288,compact,2,64,30,1045000,29347000,839000,31231000,1045000,29501000,857000,31403000,2583345268107875064
0,0076.txt,192,original,2,64,52,764000,20776000,1004000,22544000,764000,21045000,1031000,22840000,14019256839176950374
0,0076.txt,192,full,0,64,52,796000,20227000,986000,22009000,800000,20250000,1004000,22054000,14019256839176950374
0,0076.txt,192,compact,1,64,52,747000,20088000,790000,21625000,747000,20135000,797000,21679000,14019256839176950374
0,0077.txt,128,original,1,64,55,169000,6871000,354000,7394000,169000,6988000,363000,7520000,17479160985738783937
0,0077.txt,128,full,2,64,55,179000,6942000,351000,7472000,179000,6966000,367000,7512000,17479160985738783937
0,0077.txt,128,compact,0,64,55,182000,6560000,236000,6978000,182000,6581000,250000,7013000,17479160985738783937
0,0078.txt,224,original,0,64,44,811000,15485000,923000,17219000,977000,15722000,955000,17654000,14185763832882636607
0,0078.txt,224,full,1,64,44,754000,15529000,908000,17191000,755000,15620000,920000,17295000,14185763832882636607
0,0078.txt,224,compact,2,64,44,719000,16045000,842000,17606000,720000,16197000,895000,17812000,14185763832882636607
0,0079.txt,160,original,2,64,48,89000,4526000,296000,4911000,89000,4602000,308000,4999000,18107065893375765734
0,0079.txt,160,full,0,64,48,93000,4317000,271000,4681000,94000,4340000,283000,4717000,18107065893375765734
0,0079.txt,160,compact,1,64,48,85000,4763000,251000,5099000,86000,4826000,256000,5168000,18107065893375765734
0,0080.txt,192,original,1,64,48,519000,14817000,669000,16005000,520000,15021000,739000,16280000,7914294815535909058
0,0080.txt,192,full,2,64,48,518000,16099000,661000,17278000,518000,16336000,692000,17546000,7914294815535909058
0,0080.txt,192,compact,0,64,48,550000,15601000,513000,16664000,551000,15760000,538000,16849000,7914294815535909058
0,0081.txt,256,original,0,64,48,1649000,45412000,1221000,48282000,1649000,45637000,1230000,48516000,12611955559657520540
0,0081.txt,256,full,1,64,48,1669000,47780000,1255000,50704000,1670000,48341000,1286000,51297000,12611955559657520540
0,0081.txt,256,compact,2,64,48,1639000,46601000,1047000,49287000,1639000,46715000,1056000,49410000,12611955559657520540
0,0082.txt,224,original,2,64,43,1082000,27219000,1417000,29718000,1083000,70838000,1569000,73490000,15976384220259857970
0,0082.txt,224,full,0,64,43,1097000,22401000,1088000,24586000,1098000,22426000,1101000,24625000,15976384220259857970
0,0082.txt,224,compact,1,64,43,1078000,22194000,886000,24158000,1079000,22203000,903000,24185000,15976384220259857970
0,0083.txt,160,original,1,64,45,432000,11204000,556000,12192000,433000,11405000,583000,12421000,2709579689513296368
0,0083.txt,160,full,2,64,45,427000,11090000,526000,12043000,427000,11274000,538000,12239000,2709579689513296368
0,0083.txt,160,compact,0,64,45,418000,11307000,413000,12138000,418000,11379000,438000,12235000,2709579689513296368
0,0084.txt,224,original,0,64,29,1205000,16801000,657000,18663000,1206000,16945000,665000,18816000,8219160516625378647
0,0084.txt,224,full,1,64,29,1181000,17357000,732000,19270000,1180000,17465000,791000,19436000,8219160516625378647
0,0084.txt,224,compact,2,64,29,1232000,17170000,553000,18955000,1233000,17430000,565000,19228000,8219160516625378647
0,0085.txt,256,original,2,64,52,426000,10116000,745000,11287000,436000,10216000,753000,11405000,9843680023606892368
0,0085.txt,256,full,0,64,52,425000,10717000,744000,11886000,426000,10901000,761000,12088000,9843680023606892368
0,0085.txt,256,compact,1,64,52,398000,11149000,687000,12234000,399000,11446000,739000,12584000,9843680023606892368
0,0086.txt,96,original,1,64,41,138000,4410000,323000,4871000,139000,4432000,332000,4903000,1746008403728494063
0,0086.txt,96,full,2,64,41,146000,4888000,348000,5382000,146000,4974000,363000,5483000,1746008403728494063
0,0086.txt,96,compact,0,64,41,141000,4789000,247000,5177000,142000,4874000,259000,5275000,1746008403728494063
0,0087.txt,224,original,0,64,56,273000,8445000,506000,9224000,275000,8500000,511000,9286000,6062298770127305429
0,0087.txt,224,full,1,64,56,270000,9257000,519000,10046000,270000,9386000,535000,10191000,6062298770127305429
0,0087.txt,224,compact,2,64,56,260000,8998000,434000,9692000,262000,9029000,446000,9737000,6062298770127305429
0,0088.txt,224,original,2,64,51,376000,9862000,567000,10805000,377000,10059000,585000,11021000,1932990849624522106
0,0088.txt,224,full,0,64,51,394000,10299000,564000,11257000,395000,10356000,572000,11323000,1932990849624522106
0,0088.txt,224,compact,1,64,51,390000,10192000,479000,11061000,390000,10229000,488000,11107000,1932990849624522106
0,0089.txt,320,original,1,64,37,1176000,38108000,1063000,40347000,1177000,38228000,1075000,40480000,6980722571508482437
0,0089.txt,320,full,2,64,37,1158000,38581000,1020000,40759000,1158000,38677000,1036000,40871000,6980722571508482437
0,0089.txt,320,compact,0,64,37,1284000,39192000,1026000,41502000,1301000,39420000,1054000,41775000,6980722571508482437
0,0090.txt,224,original,0,64,36,225000,8202000,480000,8907000,226000,8226000,491000,8943000,17418676575136399411
0,0090.txt,224,full,1,64,36,218000,8186000,483000,8887000,220000,8201000,493000,8914000,17418676575136399411
0,0090.txt,224,compact,2,64,36,214000,8258000,402000,8874000,215000,8282000,413000,8910000,17418676575136399411
0,0091.txt,128,original,2,64,49,243000,5446000,329000,6018000,243000,5470000,349000,6062000,6905654600788291276
0,0091.txt,128,full,0,64,49,242000,5674000,335000,6251000,243000,5700000,348000,6291000,6905654600788291276
0,0091.txt,128,compact,1,64,49,235000,5714000,235000,6184000,237000,5743000,245000,6225000,6905654600788291276
0,0092.txt,320,original,1,64,34,2250000,41663000,1651000,45564000,2250000,41693000,1664000,45607000,17892104883127441197
0,0092.txt,320,full,2,64,34,2232000,42523000,1620000,46375000,2233000,42551000,1627000,46411000,17892104883127441197
0,0092.txt,320,compact,0,64,34,2245000,42590000,1575000,46410000,2246000,42636000,1587000,46469000,17892104883127441197
0,0093.txt,128,original,0,63,60,119000,4949000,407000,5475000,118000,4970000,415000,5503000,9403735909905401337
0,0093.txt,128,full,1,63,60,109000,5079000,413000,5601000,110000,5093000,424000,5627000,9403735909905401337
0,0093.txt,128,compact,2,63,60,104000,5285000,331000,5720000,104000,5303000,349000,5756000,9403735909905401337
0,0094.txt,288,original,2,64,59,295000,9822000,636000,10753000,296000,10425000,659000,11380000,15807896437645640352
0,0094.txt,288,full,0,64,59,249000,9442000,587000,10278000,251000,10215000,622000,11088000,15807896437645640352
0,0094.txt,288,compact,1,64,59,292000,8701000,507000,9500000,309000,8919000,517000,9745000,15807896437645640352
0,0095.txt,192,original,1,64,40,1129000,24324000,862000,26315000,1979000,35288000,1101000,38368000,14558885443859604524
0,0095.txt,192,full,2,64,40,1450000,28891000,917000,31258000,3356000,51506000,1259000,56121000,14558885443859604524
0,0095.txt,192,compact,0,64,40,903000,24177000,686000,25766000,905000,28149000,786000,29840000,14558885443859604524
0,0096.txt,160,original,0,64,62,229000,7867000,409000,8505000,231000,8853000,442000,9526000,9102786252669791947
0,0096.txt,160,full,1,64,62,206000,9036000,459000,9701000,209000,12587000,546000,13342000,9102786252669791947
0,0096.txt,160,compact,2,64,62,196000,8345000,338000,8879000,197000,9069000,371000,9637000,9102786252669791947
0,0097.txt,288,original,2,64,36,1392000,43932000,1647000,46971000,1392000,44250000,1657000,47299000,2803104666536711401
0,0097.txt,288,full,0,64,36,2214000,51188000,1861000,55263000,2697000,54045000,1979000,58721000,2803104666536711401
0,0097.txt,288,compact,1,64,36,1504000,46362000,1612000,49478000,1546000,46806000,1635000,49987000,2803104666536711401
0,0098.txt,160,original,1,64,55,274000,7439000,586000,8299000,273000,7491000,600000,8364000,9847453008769540877
0,0098.txt,160,full,2,64,55,280000,7591000,591000,8462000,280000,7609000,601000,8490000,9847453008769540877
0,0098.txt,160,compact,0,64,55,308000,7616000,471000,8395000,311000,7638000,477000,8426000,9847453008769540877
0,0099.txt,256,original,0,64,38,513000,13033000,509000,14055000,513000,13134000,514000,14161000,446694983656461108
0,0099.txt,256,full,1,64,38,505000,13582000,522000,14609000,506000,13900000,542000,14948000,446694983656461108
0,0099.txt,256,compact,2,64,38,497000,13879000,494000,14870000,498000,14041000,525000,15064000,446694983656461108
1,0000.txt,128,original,2,37,37,74000,1293000,136000,1503000,74000,1332000,143000,1549000,816204004610948454
1,0000.txt,128,full,0,37,37,74000,1494000,146000,1714000,75000,1638000,179000,1892000,816204004610948454
1,0000.txt,128,compact,1,37,37,71000,1219000,108000,1398000,71000,1232000,111000,1414000,816204004610948454
1,0001.txt,160,original,1,64,47,165000,6125000,379000,6669000,165000,6135000,392000,6692000,9659342416910865731
1,0001.txt,160,full,2,64,47,171000,6882000,407000,7460000,172000,7081000,471000,7724000,9659342416910865731
1,0001.txt,160,compact,0,64,47,172000,7094000,387000,7653000,174000,7275000,440000,7889000,9659342416910865731
1,0002.txt,160,original,0,64,62,253000,8285000,524000,9062000,263000,8409000,530000,9202000,13336614233393630273
1,0002.txt,160,full,1,64,62,248000,9137000,550000,9935000,249000,9404000,558000,10211000,13336614233393630273
1,0002.txt,160,compact,2,64,62,241000,8229000,401000,8871000,242000,8261000,426000,8929000,13336614233393630273
1,0003.txt,288,original,2,64,37,221000,8841000,406000,9468000,221000,8870000,411000,9502000,9846154642387442228
1,0003.txt,288,full,0,64,37,201000,9219000,398000,9818000,201000,9312000,415000,9928000,9846154642387442228
1,0003.txt,288,compact,1,64,37,205000,9429000,367000,10001000,205000,9518000,372000,10095000,9846154642387442228
1,0004.txt,224,original,1,64,39,761000,25286000,751000,26798000,762000,25420000,773000,26955000,5868743466089011035
1,0004.txt,224,full,2,64,39,809000,25563000,734000,27106000,809000,25670000,747000,27226000,5868743466089011035
1,0004.txt,224,compact,0,64,39,777000,26519000,672000,27968000,776000,26771000,691000,28238000,5868743466089011035
1,0005.txt,224,original,0,64,26,1491000,36077000,1469000,39037000,1490000,36113000,1480000,39083000,10086671006629847274
1,0005.txt,224,full,1,64,26,1446000,37179000,1436000,40061000,1446000,37206000,1445000,40097000,10086671006629847274
1,0005.txt,224,compact,2,64,26,1509000,36962000,1351000,39822000,1510000,37058000,1355000,39923000,10086671006629847274
1,0006.txt,128,original,2,64,46,268000,5393000,347000,6008000,268000,5404000,351000,6023000,507186591489129217
1,0006.txt,128,full,0,64,46,273000,5493000,342000,6108000,275000,5517000,352000,6144000,507186591489129217
1,0006.txt,128,compact,1,64,46,257000,5824000,260000,6341000,258000,5841000,264000,6363000,507186591489129217
1,0007.txt,128,original,1,64,52,253000,7445000,417000,8115000,254000,7468000,434000,8156000,2674825041975378044
1,0007.txt,128,full,2,64,52,251000,7967000,439000,8657000,252000,7993000,447000,8692000,2674825041975378044
1,0007.txt,128,compact,0,64,52,256000,7708000,298000,8262000,256000,7729000,306000,8291000,2674825041975378044
1,0008.txt,128,original,0,64,40,264000,8226000,367000,8857000,265000,8247000,368000,8880000,17920141965280989340
1,0008.txt,128,full,1,64,40,260000,8498000,359000,9117000,260000,8514000,373000,9147000,17920141965280989340
1,0008.txt,128,compact,2,64,40,253000,8506000,271000,9030000,254000,8527000,282000,9063000,17920141965280989340
1,0009.txt,192,original,2,64,58,117000,6751000,375000,7243000,117000,6771000,380000,7268000,14208774129454741819
1,0009.txt,192,full,0,64,58,122000,6989000,380000,7491000,122000,7013000,386000,7521000,14208774129454741819
1,0009.txt,192,compact,1,64,58,118000,7020000,312000,7450000,117000,7038000,322000,7477000,14208774129454741819
1,0010.txt,128,original,1,64,52,110000,3194000,257000,3561000,110000,3208000,266000,3584000,14723523622886612699
1,0010.txt,128,full,2,64,52,110000,3325000,258000,3693000,111000,3343000,270000,3724000,14723523622886612699
1,0010.txt,128,compact,0,64,52,110000,3267000,192000,3569000,112000,3284000,201000,3597000,14723523622886612699
1,0011.txt,192,original,0,64,46,409000,11093000,458000,11960000,409000,11117000,472000,11998000,10525654128450725294
1,0011.txt,192,full,1,64,46,431000,11172000,459000,12062000,430000,11195000,476000,12101000,10525654128450725294
1,0011.txt,192,compact,2,64,46,407000,11489000,364000,12260000,407000,11520000,370000,12297000,10525654128450725294
1,0012.txt,160,original,2,64,42,250000,9155000,358000,9763000,250000,9166000,364000,9780000,18228620964614505709
1,0012.txt,160,full,0,64,42,249000,9370000,358000,9977000,250000,9397000,363000,10010000,18228620964614505709
1,0012.txt,160,compact,1,64,42,242000,9373000,269000,9884000,242000,9393000,279000,9914000,18228620964614505709
1,0013.txt,224,original,1,64,51,316000,10376000,684000,11376000,316000,10395000,693000,11404000,11658144250769295395
1,0013.txt,224,full,2,64,51,316000,10981000,681000,11978000,317000,11009000,700000,12026000,11658144250769295395
1,0013.txt,224,compact,0,64,51,327000,10786000,600000,11713000,328000,10822000,613000,11763000,11658144250769295395
1,0014.txt,288,original,0,64,52,1560000,52580000,1414000,55554000,1559000,52617000,1424000,55600000,3633606904291868902
1,0014.txt,288,full,1,64,52,1572000,54366000,1401000,57339000,1571000,54404000,1419000,57394000,3633606904291868902
1,0014.txt,288,compact,2,64,52,1561000,54578000,1305000,57444000,1562000,54608000,1321000,57491000,3633606904291868902
1,0015.txt,288,original,2,64,42,2031000,50111000,1866000,54008000,2032000,50150000,1874000,54056000,12057676038240002655
1,0015.txt,288,full,0,64,42,2126000,51318000,1854000,55298000,2126000,51355000,1860000,55341000,12057676038240002655
1,0015.txt,288,compact,1,64,42,2096000,50507000,1704000,54307000,2100000,50536000,1720000,54356000,12057676038240002655
1,0016.txt,192,original,1,64,41,285000,9799000,374000,10458000,286000,9812000,385000,10483000,16263700429714567991
1,0016.txt,192,full,2,64,41,289000,10944000,403000,11636000,290000,11104000,421000,11815000,16263700429714567991
1,0016.txt,192,compact,0,64,41,298000,10088000,295000,10681000,297000,10117000,309000,10723000,16263700429714567991
1,0017.txt,192,original,0,64,53,875000,14070000,676000,15621000,876000,14090000,695000,15661000,4847870249899229512
1,0017.txt,192,full,1,64,53,860000,14785000,696000,16341000,860000,14814000,707000,16381000,4847870249899229512
1,0017.txt,192,compact,2,64,53,866000,14517000,529000,15912000,866000,14542000,541000,15949000,4847870249899229512
1,0018.txt,128,original,2,64,34,102000,4044000,177000,4323000,103000,4065000,184000,4352000,2591044257394328704
1,0018.txt,128,full,0,64,34,100000,4172000,180000,4452000,99000,4191000,190000,4480000,2591044257394328704
1,0018.txt,128,compact,1,64,34,92000,4379000,143000,4614000,92000,4409000,153000,4654000,2591044257394328704
1,0019.txt,384,original,1,64,38,3753000,70645000,1803000,76201000,3754000,70686000,1816000,76256000,18413403235399141350
1,0019.txt,384,full,2,64,38,3645000,72264000,1792000,77701000,3646000,72303000,1800000,77749000,18413403235399141350
1,0019.txt,384,compact,0,64,38,3678000,72198000,1783000,77659000,3679000,72235000,1790000,77704000,18413403235399141350
1,0020.txt,160,original,0,64,54,488000,11966000,508000,12962000,488000,11978000,519000,12985000,6655744353329306587
1,0020.txt,160,full,1,64,54,473000,12623000,521000,13617000,474000,12656000,536000,13666000,6655744353329306587
1,0020.txt,160,compact,2,64,54,469000,12390000,380000,13239000,470000,12413000,389000,13272000,6655744353329306587
1,0021.txt,160,original,2,64,54,103000,4667000,329000,5099000,103000,4688000,333000,5124000,10139017720273762941
1,0021.txt,160,full,0,64,54,101000,4842000,316000,5259000,101000,4863000,324000,5288000,10139017720273762941
1,0021.txt,160,compact,1,64,54,96000,4839000,257000,5192000,96000,4862000,267000,5225000,10139017720273762941
1,0022.txt,160,original,1,64,54,89000,5091000,323000,5503000,90000,5110000,337000,5537000,12367056253196356386
1,0022.txt,160,full,2,64,54,93000,5475000,333000,5901000,92000,5496000,337000,5925000,12367056253196356386
1,0022.txt,160,compact,0,64,54,90000,5515000,261000,5866000,90000,5528000,279000,5897000,12367056253196356386
1,0023.txt,160,original,0,64,32,130000,4184000,199000,4513000,131000,4208000,200000,4539000,13661901359584633416
1,0023.txt,160,full,1,64,32,130000,4290000,202000,4622000,131000,4310000,208000,4649000,13661901359584633416
1,0023.txt,160,compact,2,64,32,128000,4354000,155000,4637000,128000,4378000,163000,4669000,13661901359584633416
1,0024.txt,192,original,2,64,37,167000,6095000,386000,6648000,168000,6111000,396000,6675000,14100779623175012850
1,0024.txt,192,full,0,64,37,165000,6427000,397000,6989000,165000,6457000,404000,7026000,14100779623175012850
1,0024.txt,192,compact,1,64,37,166000,6276000,323000,6765000,167000,6304000,331000,6802000,14100779623175012850
1,0025.txt,192,original,1,64,57,95000,3153000,255000,3503000,95000,3172000,261000,3528000,16693701477626876418
1,0025.txt,192,full,2,64,57,94000,3357000,247000,3698000,94000,3367000,260000,3721000,16693701477626876418
1,0025.txt,192,compact,0,64,57,96000,3356000,200000,3652000,95000,3382000,213000,3690000,16693701477626876418
1,0026.txt,256,original,0,64,43,207000,7125000,421000,7753000,207000,7150000,442000,7799000,12399338981540513818
1,0026.txt,256,full,1,64,43,211000,7404000,425000,8040000,211000,7433000,434000,8078000,12399338981540513818
1,0026.txt,256,compact,2,64,43,212000,7419000,383000,8014000,212000,7432000,392000,8036000,12399338981540513818
1,0027.txt,128,original,2,64,31,297000,5928000,311000,6536000,298000,5955000,318000,6571000,7331911850896128959
1,0027.txt,128,full,0,64,31,295000,6085000,313000,6693000,296000,6113000,319000,6728000,7331911850896128959
1,0027.txt,128,compact,1,64,31,290000,6389000,239000,6918000,290000,6413000,244000,6947000,7331911850896128959
1,0028.txt,256,original,1,64,47,636000,18117000,994000,19747000,635000,18140000,1005000,19780000,16501633472421096672
1,0028.txt,256,full,2,64,47,613000,18912000,1000000,20525000,613000,18948000,1011000,20572000,16501633472421096672
1,0028.txt,256,compact,0,64,47,623000,18615000,893000,20131000,623000,18640000,906000,20169000,16501633472421096672
1,0029.txt,288,original,0,64,41,866000,23658000,733000,25257000,867000,23679000,741000,25287000,3006019691893062148
1,0029.txt,288,full,1,64,41,892000,24523000,742000,26157000,896000,24546000,757000,26199000,3006019691893062148
1,0029.txt,288,compact,2,64,41,861000,24543000,655000,26059000,861000,24575000,666000,26102000,3006019691893062148
1,0030.txt,256,original,2,64,44,1209000,19661000,1487000,22357000,1210000,19681000,1505000,22396000,3998580007914902329
1,0030.txt,256,full,0,64,44,1171000,20661000,1484000,23316000,1171000,20688000,1494000,23353000,3998580007914902329
1,0030.txt,256,compact,1,64,44,1155000,20503000,1379000,23037000,1155000,20525000,1386000,23066000,3998580007914902329
1,0031.txt,160,original,1,64,49,221000,10999000,451000,11671000,220000,11014000,461000,11695000,1277513514513811977
1,0031.txt,160,full,2,64,49,218000,11285000,453000,11956000,218000,11298000,465000,11981000,1277513514513811977
1,0031.txt,160,compact,0,64,49,225000,11300000,356000,11881000,224000,11322000,366000,11912000,1277513514513811977
1,0032.txt,224,original,0,64,48,295000,12807000,490000,13592000,296000,12830000,505000,13631000,12827533860645535518
1,0032.txt,224,full,1,64,48,303000,12799000,498000,13600000,303000,12828000,509000,13640000,12827533860645535518
1,0032.txt,224,compact,2,64,48,298000,13155000,417000,13870000,298000,13181000,430000,13909000,12827533860645535518
1,0033.txt,160,original,2,64,43,392000,10449000,428000,11269000,392000,10465000,438000,11295000,13693103595731326709
1,0033.txt,160,full,0,64,43,394000,10804000,428000,11626000,395000,10822000,440000,11657000,13693103595731326709
1,0033.txt,160,compact,1,64,43,386000,10754000,318000,11458000,387000,10773000,332000,11492000,13693103595731326709
1,0034.txt,288,original,1,64,41,1206000,25800000,1299000,28305000,1207000,25816000,1311000,28334000,11851417704820801821
1,0034.txt,288,full,2,64,41,1174000,26765000,1314000,29253000,1174000,26792000,1325000,29291000,11851417704820801821
1,0034.txt,288,compact,0,64,41,1167000,26515000,1220000,28902000,1167000,26544000,1230000,28941000,11851417704820801821
1,0035.txt,128,original,0,49,37,68000,2381000,195000,2644000,70000,2394000,206000,2670000,1966248127026479111
1,0035.txt,128,full,1,49,37,63000,2438000,198000,2699000,64000,2454000,206000,2724000,1966248127026479111
1,0035.txt,128,compact,2,49,37,58000,2455000,163000,2676000,58000,2472000,171000,2701000,1966248127026479111
1,0036.txt,192,original,2,64,50,716000,17341000,656000,18713000,715000,17371000,669000,18755000,3582229042672705885
1,0036.txt,192,full,0,64,50,721000,17814000,652000,19187000,722000,17833000,652000,19207000,3582229042672705885
1,0036.txt,192,compact,1,64,50,707000,18183000,528000,19418000,707000,18211000,532000,19450000,3582229042672705885
1,0037.txt,288,original,1,64,45,578000,15477000,787000,16842000,578000,15494000,807000,16879000,11367272562188583031
1,0037.txt,288,full,2,64,45,572000,15914000,800000,17286000,572000,15946000,806000,17324000,11367272562188583031
1,0037.txt,288,compact,0,64,45,570000,16346000,743000,17659000,571000,16366000,757000,17694000,11367272562188583031
1,0038.txt,192,original,0,64,55,252000,7808000,524000,8584000,253000,7827000,532000,8612000,5000358612861532629
1,0038.txt,192,full,1,64,55,243000,8109000,528000,8880000,243000,8131000,550000,8924000,5000358612861532629
1,0038.txt,192,compact,2,64,55,252000,8105000,422000,8779000,252000,8121000,433000,8806000,5000358612861532629
1,0039.txt,256,original,2,64,43,168000,7563000,367000,8098000,169000,7590000,366000,8125000,1713245602201241720
1,0039.txt,256,full,0,64,43,169000,7660000,352000,8181000,170000,7678000,364000,8212000,1713245602201241720
1,0039.txt,256,compact,1,64,43,175000,7650000,309000,8134000,175000,7667000,317000,8159000,1713245602201241720
1,0040.txt,224,original,1,64,43,148000,8489000,567000,9204000,148000,8502000,581000,9231000,872385857505348709
1,0040.txt,224,full,2,64,43,147000,8553000,568000,9268000,147000,8577000,573000,9297000,872385857505348709
1,0040.txt,224,compact,0,64,43,151000,8685000,507000,9343000,152000,8712000,512000,9376000,872385857505348709
1,0041.txt,160,original,0,64,56,221000,7025000,361000,7607000,221000,7048000,374000,7643000,10397856525299628427
1,0041.txt,160,full,1,64,56,217000,7281000,358000,7856000,217000,7305000,374000,7896000,10397856525299628427
1,0041.txt,160,compact,2,64,56,213000,7372000,274000,7859000,212000,7392000,289000,7893000,10397856525299628427
1,0042.txt,352,original,2,64,36,1128000,29950000,892000,31970000,1129000,29975000,900000,32004000,12427270659438181611
1,0042.txt,352,full,0,64,36,1123000,31452000,897000,33472000,1123000,31489000,909000,33521000,12427270659438181611
1,0042.txt,352,compact,1,64,36,1117000,31361000,870000,33348000,1118000,31404000,873000,33395000,12427270659438181611
1,0043.txt,160,original,1,64,27,263000,7792000,386000,8441000,262000,7817000,387000,8466000,17317113132050913222
1,0043.txt,160,full,2,64,27,271000,7667000,374000,8312000,271000,7685000,381000,8337000,17317113132050913222
1,0043.txt,160,compact,0,64,27,265000,7698000,310000,8273000,265000,7724000,322000,8311000,17317113132050913222
1,0044.txt,192,original,0,64,35,448000,12644000,456000,13548000,449000,12667000,465000,13581000,14244673959848913933
1,0044.txt,192,full,1,64,35,442000,13063000,453000,13958000,442000,13088000,462000,13992000,14244673959848913933
1,0044.txt,192,compact,2,64,35,438000,13079000,360000,13877000,439000,13105000,366000,13910000,14244673959848913933
1,0045.txt,192,original,2,64,42,622000,9162000,546000,10330000,622000,9179000,548000,10349000,11015969575620966037
1,0045.txt,192,full,0,64,42,623000,9440000,535000,10598000,622000,9454000,546000,10622000,11015969575620966037
1,0045.txt,192,compact,1,64,42,616000,9463000,416000,10495000,616000,9480000,432000,10528000,11015969575620966037
1,0046.txt,128,original,1,64,43,391000,10292000,423000,11106000,391000,10317000,437000,11145000,2499980644579135674
1,0046.txt,128,full,2,64,43,387000,10570000,420000,11377000,387000,10589000,435000,11411000,2499980644579135674
1,0046.txt,128,compact,0,64,43,389000,10900000,307000,11596000,389000,10933000,320000,11642000,2499980644579135674
1,0047.txt,256,original,0,64,42,1112000,26353000,942000,28407000,1113000,26384000,955000,28452000,10022142641444623082
1,0047.txt,256,full,1,64,42,1104000,26777000,936000,28817000,1106000,26803000,946000,28855000,10022142641444623082
1,0047.txt,256,compact,2,64,42,1092000,27222000,842000,29156000,1092000,27247000,851000,29190000,10022142641444623082
1,0048.txt,192,original,2,64,47,914000,14664000,700000,16278000,915000,14695000,706000,16316000,3768764602654705949
1,0048.txt,192,full,0,64,47,932000,15133000,694000,16759000,932000,15154000,710000,16796000,3768764602654705949
1,0048.txt,192,compact,1,64,47,908000,15272000,544000,16724000,907000,15292000,556000,16755000,3768764602654705949
1,0049.txt,192,original,1,64,46,699000,13309000,578000,14586000,698000,13336000,589000,14623000,5345024174446336161
1,0049.txt,192,full,2,64,46,694000,14015000,589000,15298000,694000,14046000,587000,15327000,5345024174446336161
1,0049.txt,192,compact,0,64,46,695000,13839000,454000,14988000,695000,13865000,460000,15020000,5345024174446336161
1,0050.txt,128,original,0,64,37,242000,5889000,402000,6533000,243000,5902000,408000,6553000,12997574625261075627
1,0050.txt,128,full,1,64,37,237000,6054000,412000,6703000,238000,6077000,416000,6731000,12997574625261075627
1,0050.txt,128,compact,2,64,37,232000,6043000,314000,6589000,232000,6064000,324000,6620000,12997574625261075627
1,0051.txt,160,original,2,64,50,242000,7499000,435000,8176000,244000,7520000,447000,8211000,12279836665363317183
1,0051.txt,160,full,0,64,50,251000,7889000,428000,8568000,252000,7902000,446000,8600000,12279836665363317183
1,0051.txt,160,compact,1,64,50,243000,7719000,340000,8302000,243000,7738000,353000,8334000,12279836665363317183
1,0052.txt,224,original,1,64,49,445000,13359000,655000,14459000,446000,13378000,668000,14492000,9179596259479780699
1,0052.txt,224,full,2,64,49,445000,13996000,658000,15099000,445000,14032000,674000,15151000,9179596259479780699
1,0052.txt,224,compact,0,64,49,452000,13748000,547000,14747000,454000,13759000,562000,14775000,9179596259479780699
1,0053.txt,192,original,0,64,60,243000,7801000,540000,8584000,244000,7818000,550000,8612000,2465353185479614519
1,0053.txt,192,full,1,64,60,237000,8103000,548000,8888000,238000,8131000,560000,8929000,2465353185479614519
1,0053.txt,192,compact,2,64,60,233000,8118000,438000,8789000,233000,8129000,454000,8816000,2465353185479614519
1,0054.txt,256,original,2,64,50,708000,21895000,1090000,23693000,708000,21925000,1105000,23738000,1977551075025097523
1,0054.txt,256,full,0,64,50,727000,22034000,1047000,23808000,726000,22064000,1062000,23852000,1977551075025097523
1,0054.txt,256,compact,1,64,50,717000,21948000,927000,23592000,717000,21980000,935000,23632000,1977551075025097523
1,0055.txt,288,original,1,64,39,1321000,25128000,730000,27179000,1345000,25159000,744000,27248000,1917009490484356854
1,0055.txt,288,full,2,64,39,1224000,25870000,736000,27830000,1224000,25891000,744000,27859000,1917009490484356854
1,0055.txt,288,compact,0,64,39,1233000,25837000,653000,27723000,1233000,25861000,665000,27759000,1917009490484356854
1,0056.txt,224,original,0,64,39,473000,11790000,558000,12821000,474000,11811000,566000,12851000,6905413677133017825
1,0056.txt,224,full,1,64,39,466000,11867000,533000,12866000,467000,11882000,543000,12892000,6905413677133017825
1,0056.txt,224,compact,2,64,39,458000,11848000,446000,12752000,458000,11873000,447000,12778000,6905413677133017825
1,0057.txt,256,original,2,64,54,813000,18681000,959000,20453000,812000,18702000,976000,20490000,10523818247767909617
1,0057.txt,256,full,0,64,54,799000,19590000,956000,21345000,800000,19620000,973000,21393000,10523818247767909617
1,0057.txt,256,compact,1,64,54,809000,19669000,866000,21344000,809000,19705000,872000,21386000,10523818247767909617
1,0058.txt,256,original,1,64,47,604000,20794000,988000,22386000,604000,20821000,1001000,22426000,8747116303198179067
1,0058.txt,256,full,2,64,47,605000,21039000,965000,22609000,606000,21055000,978000,22639000,8747116303198179067
1,0058.txt,256,compact,0,64,47,607000,21090000,855000,22552000,607000,21119000,861000,22587000,8747116303198179067
1,0059.txt,192,original,0,64,47,107000,5165000,250000,5522000,107000,5186000,257000,5550000,8776027305845615921
1,0059.txt,192,full,1,64,47,104000,5133000,252000,5489000,105000,5156000,259000,5520000,8776027305845615921
1,0059.txt,192,compact,2,64,47,99000,5141000,196000,5436000,99000,5165000,200000,5464000,8776027305845615921
1,0060.txt,224,original,2,64,40,222000,11180000,503000,11905000,223000,11193000,513000,11929000,9265774647566182347
1,0060.txt,224,full,0,64,40,227000,11342000,511000,12080000,227000,11359000,521000,12107000,9265774647566182347
1,0060.txt,224,compact,1,64,40,218000,11447000,438000,12103000,219000,11475000,453000,12147000,9265774647566182347
1,0061.txt,192,original,1,64,47,688000,17557000,935000,19180000,689000,17577000,945000,19211000,9109783169076520820
1,0061.txt,192,full,2,64,47,685000,18194000,947000,19826000,686000,18225000,959000,19870000,9109783169076520820
1,0061.txt,192,compact,0,64,47,678000,18329000,751000,19758000,678000,18360000,765000,19803000,9109783169076520820
1,0062.txt,224,original,0,64,51,499000,16241000,640000,17380000,500000,16276000,652000,17428000,6235176586112113050
1,0062.txt,224,full,1,64,51,516000,16716000,656000,17888000,517000,16746000,664000,17927000,6235176586112113050
1,0062.txt,224,compact,2,64,51,487000,16768000,544000,17799000,488000,16791000,556000,17835000,6235176586112113050
1,0063.txt,256,original,2,64,43,528000,16394000,852000,17774000,527000,16413000,867000,17807000,2811221567898568818
1,0063.txt,256,full,0,64,43,547000,16785000,864000,18196000,547000,16820000,869000,18236000,2811221567898568818
1,0063.txt,256,compact,1,64,43,528000,16838000,752000,18118000,528000,16868000,766000,18162000,2811221567898568818
1,0064.txt,224,original,1,64,44,404000,6906000,618000,7928000,405000,6937000,623000,7965000,6923825489153610959
1,0064.txt,224,full,2,64,44,410000,6929000,616000,7955000,409000,6946000,625000,7980000,6923825489153610959
1,0064.txt,224,compact,0,64,44,406000,6946000,507000,7859000,407000,6963000,520000,7890000,6923825489153610959
1,0065.txt,192,original,0,64,43,189000,8090000,506000,8785000,189000,8114000,520000,8823000,17408032648247834609
1,0065.txt,192,full,1,64,43,182000,8369000,503000,9054000,182000,8392000,516000,9090000,17408032648247834609
1,0065.txt,192,compact,2,64,43,179000,8354000,430000,8963000,179000,8374000,439000,8992000,17408032648247834609
1,0066.txt,224,original,2,64,29,940000,22816000,955000,24711000,942000,22841000,962000,24745000,8875708553305440087
1,0066.txt,224,full,0,64,29,926000,22968000,943000,24837000,925000,22983000,953000,24861000,8875708553305440087
1,0066.txt,224,compact,1,64,29,946000,23101000,835000,24882000,947000,23125000,840000,24912000,8875708553305440087
1,0067.txt,192,original,1,64,37,329000,10958000,564000,11851000,330000,10986000,570000,11886000,1054547824349595996
1,0067.txt,192,full,2,64,37,324000,11265000,568000,12157000,324000,11288000,578000,12190000,1054547824349595996
1,0067.txt,192,compact,0,64,37,338000,11052000,478000,11868000,339000,11077000,475000,11891000,1054547824349595996
1,0068.txt,352,original,0,64,36,1924000,29343000,1065000,32332000,1925000,29401000,1073000,32399000,16704674484913076321
1,0068.txt,352,full,1,64,36,1863000,29609000,1023000,32495000,1863000,29633000,1032000,32528000,16704674484913076321
1,0068.txt,352,compact,2,64,36,1854000,29865000,992000,32711000,1854000,29897000,999000,32750000,16704674484913076321
1,0069.txt,128,original,2,64,55,245000,7875000,500000,8620000,245000,7902000,514000,8661000,10272637644074201381
1,0069.txt,128,full,0,64,55,251000,8080000,492000,8823000,252000,8103000,508000,8863000,10272637644074201381
1,0069.txt,128,compact,1,64,55,237000,8331000,368000,8936000,238000,8360000,379000,8977000,10272637644074201381
1,0070.txt,320,original,1,64,43,1444000,45447000,1494000,48385000,1508000,45558000,1510000,48576000,6636878282639228694
1,0070.txt,320,full,2,64,43,1224000,45877000,1461000,48562000,1224000,45914000,1472000,48610000,6636878282639228694
1,0070.txt,320,compact,0,64,43,1213000,46307000,1410000,48930000,1213000,46818000,1424000,49455000,6636878282639228694
1,0071.txt,288,original,0,64,34,1296000,29477000,1034000,31807000,1301000,29505000,1043000,31849000,5480489002906609640
1,0071.txt,288,full,1,64,34,1254000,30221000,1043000,32518000,1254000,30248000,1057000,32559000,5480489002906609640
1,0071.txt,288,compact,2,64,34,1239000,30234000,943000,32416000,1240000,30263000,950000,32453000,5480489002906609640
1,0072.txt,192,original,2,64,53,134000,7276000,399000,7809000,135000,7300000,409000,7844000,3456405102086958663
1,0072.txt,192,full,0,64,53,135000,7537000,394000,8066000,135000,7562000,412000,8109000,3456405102086958663
1,0072.txt,192,compact,1,64,53,130000,7530000,325000,7985000,131000,7548000,338000,8017000,3456405102086958663
1,0073.txt,160,original,1,64,45,807000,14883000,740000,16430000,807000,14904000,753000,16464000,7837691528528546932
1,0073.txt,160,full,2,64,45,790000,15585000,740000,17115000,791000,15616000,755000,17162000,7837691528528546932
1,0073.txt,160,compact,0,64,45,766000,15370000,563000,16699000,767000,15409000,579000,16755000,7837691528528546932
1,0074.txt,128,original,0,64,40,224000,5028000,270000,5522000,225000,5033000,279000,5537000,11002935191480867671
1,0074.txt,128,full,1,64,40,220000,5149000,270000,5639000,220000,5167000,288000,5675000,11002935191480867671
1,0074.txt,128,compact,2,64,40,208000,5021000,187000,5416000,207000,5044000,196000,5447000,11002935191480867671
1,0075.txt,288,original,2,64,30,1025000,28183000,908000,30116000,1025000,28214000,911000,30150000,2583345268107875064
1,0075.txt,288,full,0,64,30,1022000,28618000,878000,30518000,1022000,28648000,886000,30556000,2583345268107875064
1,0075.txt,288,compact,1,64,30,1006000,28619000,825000,30450000,1006000,28656000,830000,30492000,2583345268107875064
1,0076.txt,192,original,1,64,52,747000,19090000,959000,20796000,747000,19115000,966000,20828000,14019256839176950374
1,0076.txt,192,full,2,64,52,738000,19965000,967000,21670000,739000,19993000,977000,21709000,14019256839176950374
1,0076.txt,192,compact,0,64,52,753000,19687000,770000,21210000,753000,19700000,782000,21235000,14019256839176950374
1,0077.txt,128,original,0,64,55,170000,6387000,325000,6882000,171000,6402000,346000,6919000,17479160985738783937
1,0077.txt,128,full,1,64,55,165000,6505000,330000,7000000,166000,6529000,346000,7041000,17479160985738783937
1,0077.txt,128,compact,2,64,55,162000,6495000,235000,6892000,162000,6514000,248000,6924000,17479160985738783937
1,0078.txt,224,original,2,64,44,702000,14416000,835000,15953000,702000,14439000,852000,15993000,14185763832882636607
1,0078.txt,224,full,0,64,44,694000,14834000,855000,16383000,693000,14858000,864000,16415000,14185763832882636607
1,0078.txt,224,compact,1,64,44,687000,15149000,730000,16566000,688000,15174000,749000,16611000,14185763832882636607
1,0079.txt,160,original,1,64,48,80000,4104000,266000,4450000,81000,4126000,283000,4490000,18107065893375765734
1,0079.txt,160,full,2,64,48,84000,4269000,277000,4630000,85000,4298000,290000,4673000,18107065893375765734
1,0079.txt,160,compact,0,64,48,86000,4297000,224000,4607000,87000,4318000,239000,4644000,18107065893375765734
1,0080.txt,192,original,0,64,48,509000,14195000,598000,15302000,511000,14225000,610000,15346000,7914294815535909058
1,0080.txt,192,full,1,64,48,509000,14673000,615000,15797000,509000,14702000,632000,15843000,7914294815535909058
1,0080.txt,192,compact,2,64,48,512000,14649000,480000,15641000,513000,14676000,488000,15677000,7914294815535909058
1,0081.txt,256,original,2,64,48,1630000,44572000,1167000,47369000,1631000,44595000,1183000,47409000,12611955559657520540
1,0081.txt,256,full,0,64,48,1642000,47162000,1232000,50036000,1643000,47663000,1248000,50554000,12611955559657520540
1,0081.txt,256,compact,1,64,48,1688000,46058000,1029000,48775000,1689000,46180000,1042000,48911000,12611955559657520540
1,0082.txt,224,original,1,64,43,1120000,22796000,1119000,25035000,1121000,22886000,1132000,25139000,15976384220259857970
1,0082.txt,224,full,2,64,43,1151000,22743000,1122000,25016000,1152000,22775000,1140000,25067000,15976384220259857970
1,0082.txt,224,compact,0,64,43,1088000,22081000,889000,24058000,1089000,22111000,904000,24104000,15976384220259857970
1,0083.txt,160,original,0,64,45,409000,10578000,539000,11526000,410000,10620000,549000,11579000,2709579689513296368
1,0083.txt,160,full,1,64,45,417000,10818000,524000,11759000,418000,10860000,538000,11816000,2709579689513296368
1,0083.txt,160,compact,2,64,45,424000,11274000,434000,12132000,423000,11393000,478000,12294000,2709579689513296368
1,0084.txt,224,original,2,64,29,1175000,15956000,645000,17776000,1175000,15983000,653000,17811000,8219160516625378647
1,0084.txt,224,full,0,64,29,1184000,16096000,626000,17906000,1185000,16117000,633000,17935000,8219160516625378647
1,0084.txt,224,compact,1,64,29,1201000,16118000,522000,17841000,1201000,16144000,524000,17869000,8219160516625378647
1,0085.txt,256,original,1,64,52,405000,9870000,742000,11017000,405000,9914000,753000,11072000,9843680023606892368
1,0085.txt,256,full,2,64,52,420000,9844000,725000,10989000,419000,9859000,738000,11016000,9843680023606892368
1,0085.txt,256,compact,0,64,52,389000,10727000,659000,11775000,389000,11213000,669000,12271000,9843680023606892368
1,0086.txt,96,original,0,64,41,145000,4644000,346000,5135000,147000,4732000,360000,5239000,1746008403728494063
1,0086.txt,96,full,1,64,41,144000,4535000,318000,4997000,144000,4542000,327000,5013000,1746008403728494063
1,0086.txt,96,compact,2,64,41,137000,4509000,233000,4879000,137000,4530000,246000,4913000,1746008403728494063
1,0087.txt,224,original,2,64,56,265000,8012000,489000,8766000,265000,8034000,502000,8801000,6062298770127305429
1,0087.txt,224,full,0,64,56,264000,8612000,506000,9382000,263000,8634000,524000,9421000,6062298770127305429
1,0087.txt,224,compact,1,64,56,262000,8844000,436000,9542000,262000,8900000,453000,9615000,6062298770127305429
1,0088.txt,224,original,1,64,51,390000,9479000,550000,10419000,389000,9498000,559000,10446000,1932990849624522106
1,0088.txt,224,full,2,64,51,383000,9836000,563000,10782000,383000,9853000,575000,10811000,1932990849624522106
1,0088.txt,224,compact,0,64,51,390000,10109000,464000,10963000,391000,10154000,479000,11024000,1932990849624522106
1,0089.txt,320,original,0,64,37,1195000,37602000,1041000,39838000,1195000,37631000,1055000,39881000,6980722571508482437
1,0089.txt,320,full,1,64,37,1188000,38871000,1022000,41081000,1188000,38934000,1038000,41160000,6980722571508482437
1,0089.txt,320,compact,2,64,37,1187000,38331000,966000,40484000,1186000,38504000,980000,40670000,6980722571508482437
1,0090.txt,224,original,2,64,36,237000,9584000,649000,10470000,238000,9985000,701000,10924000,17418676575136399411
1,0090.txt,224,full,0,64,36,227000,9038000,515000,9780000,228000,20548000,531000,21307000,17418676575136399411
1,0090.txt,224,compact,1,64,36,345000,10971000,678000,11994000,393000,11588000,1036000,13017000,17418676575136399411
1,0091.txt,128,original,1,64,49,257000,5721000,350000,6328000,258000,5755000,359000,6372000,6905654600788291276
1,0091.txt,128,full,2,64,49,256000,6310000,361000,6927000,255000,6412000,384000,7051000,6905654600788291276
1,0091.txt,128,compact,0,64,49,265000,6073000,239000,6577000,265000,6134000,254000,6653000,6905654600788291276
1,0092.txt,320,original,0,64,34,2315000,42032000,1659000,46006000,2316000,42091000,1671000,46078000,17892104883127441197
1,0092.txt,320,full,1,64,34,2299000,43187000,1652000,47138000,2300000,43259000,1664000,47223000,17892104883127441197
1,0092.txt,320,compact,2,64,34,2318000,48997000,1887000,53202000,2318000,55915000,2354000,60587000,17892104883127441197
1,0093.txt,128,original,2,63,60,119000,5067000,422000,5608000,118000,5084000,432000,5634000,9403735909905401337
1,0093.txt,128,full,0,63,60,127000,5450000,424000,6001000,128000,5483000,440000,6051000,9403735909905401337
1,0093.txt,128,compact,1,63,60,115000,5998000,364000,6477000,116000,6257000,398000,6771000,9403735909905401337
1,0094.txt,288,original,1,64,59,256000,8258000,538000,9052000,257000,8316000,545000,9118000,15807896437645640352
1,0094.txt,288,full,2,64,59,261000,8848000,543000,9652000,261000,8970000,552000,9783000,15807896437645640352
1,0094.txt,288,compact,0,64,59,351000,9348000,535000,10234000,389000,9722000,592000,10703000,15807896437645640352
1,0095.txt,192,original,0,64,40,888000,19248000,682000,20818000,888000,19292000,698000,20878000,14558885443859604524
1,0095.txt,192,full,1,64,40,844000,19687000,687000,21218000,844000,19770000,690000,21304000,14558885443859604524
1,0095.txt,192,compact,2,64,40,842000,19554000,546000,20942000,841000,19583000,555000,20979000,14558885443859604524
1,0096.txt,160,original,2,64,62,188000,6406000,368000,6962000,189000,6419000,377000,6985000,9102786252669791947
1,0096.txt,160,full,0,64,62,191000,7061000,374000,7626000,191000,7093000,395000,7679000,9102786252669791947
1,0096.txt,160,compact,1,64,62,190000,6806000,275000,7271000,191000,6837000,292000,7320000,9102786252669791947
1,0097.txt,288,original,1,64,36,1334000,44324000,1696000,47354000,1335000,50384000,1710000,53429000,2803104666536711401
1,0097.txt,288,full,2,64,36,1522000,46276000,1730000,49528000,1555000,47226000,1782000,50563000,2803104666536711401
1,0097.txt,288,compact,0,64,36,1390000,44386000,1517000,47293000,1418000,44432000,1533000,47383000,2803104666536711401
1,0098.txt,160,original,0,64,55,300000,7739000,595000,8634000,307000,7868000,607000,8782000,9847453008769540877
1,0098.txt,160,full,1,64,55,292000,8005000,654000,8951000,295000,8183000,681000,9159000,9847453008769540877
1,0098.txt,160,compact,2,64,55,280000,7775000,481000,8536000,281000,7800000,494000,8575000,9847453008769540877
1,0099.txt,256,original,2,64,38,513000,12800000,514000,13827000,513000,12881000,520000,13914000,446694983656461108
1,0099.txt,256,full,0,64,38,499000,13489000,512000,14500000,499000,13683000,519000,14701000,446694983656461108
1,0099.txt,256,compact,1,64,38,509000,13506000,448000,14463000,509000,13630000,454000,14593000,446694983656461108
2,0000.txt,128,original,1,37,37,69000,1196000,137000,1402000,69000,1224000,160000,1453000,816204004610948454
2,0000.txt,128,full,2,37,37,75000,1228000,139000,1442000,76000,1243000,145000,1464000,816204004610948454
2,0000.txt,128,compact,0,37,37,81000,1354000,113000,1548000,81000,1413000,120000,1614000,816204004610948454
2,0001.txt,160,original,0,64,47,162000,6158000,374000,6694000,163000,6175000,390000,6728000,9659342416910865731
2,0001.txt,160,full,1,64,47,159000,6372000,376000,6907000,159000,6394000,379000,6932000,9659342416910865731
2,0001.txt,160,compact,2,64,47,164000,6514000,301000,6979000,164000,6537000,314000,7015000,9659342416910865731
2,0002.txt,160,original,2,64,62,234000,7980000,503000,8717000,235000,8005000,517000,8757000,13336614233393630273
2,0002.txt,160,full,0,64,62,231000,8123000,523000,8877000,232000,8135000,538000,8905000,13336614233393630273
2,0002.txt,160,compact,1,64,62,227000,8331000,409000,8967000,228000,8383000,417000,9028000,13336614233393630273
2,0003.txt,288,original,1,64,37,218000,8717000,386000,9321000,218000,8745000,399000,9362000,9846154642387442228
2,0003.txt,288,full,2,64,37,200000,8825000,378000,9403000,201000,8845000,389000,9435000,9846154642387442228
2,0003.txt,288,compact,0,64,37,221000,8818000,347000,9386000,221000,8835000,358000,9414000,9846154642387442228
2,0004.txt,224,original,0,64,39,763000,25526000,747000,27036000,762000,25619000,757000,27138000,5868743466089011035
2,0004.txt,224,full,1,64,39,795000,26568000,777000,28140000,794000,26737000,800000,28331000,5868743466089011035
2,0004.txt,224,compact,2,64,39,780000,26025000,620000,27425000,780000,26172000,628000,27580000,5868743466089011035
2,0005.txt,224,original,2,64,26,1645000,39931000,1578000,43154000,1960000,41519000,1630000,45109000,10086671006629847274
2,0005.txt,224,full,0,64,26,1587000,37814000,1539000,40940000,1599000,37867000,1568000,41034000,10086671006629847274
2,0005.txt,224,compact,1,64,26,1568000,40867000,1443000,43878000,1603000,42391000,1508000,45502000,10086671006629847274
2,0006.txt,128,original,1,64,46,280000,5989000,347000,6616000,280000,6127000,362000,6769000,507186591489129217
2,0006.txt,128,full,2,64,46,278000,5968000,360000,6606000,279000,6032000,375000,6686000,507186591489129217
2,0006.txt,128,compact,0,64,46,428000,6614000,277000,7319000,448000,6775000,281000,7504000,507186591489129217
2,0007.txt,128,original,0,64,52,273000,7577000,429000,8279000,274000,7603000,446000,8323000,2674825041975378044
2,0007.txt,128,full,1,64,52,274000,8142000,448000,8864000,273000,8171000,455000,8899000,2674825041975378044
2,0007.txt,128,compact,2,64,52,266000,7790000,304000,8360000,267000,7806000,313000,8386000,2674825041975378044
2,0008.txt,128,original,2,64,40,275000,8578000,383000,9236000,275000,8610000,383000,9268000,17920141965280989340
2,0008.txt,128,full,0,64,40,266000,8651000,366000,9283000,266000,8700000,379000,9345000,17920141965280989340
2,0008.txt,128,compact,1,64,40,264000,8697000,280000,9241000,264000,8717000,289000,9270000,17920141965280989340
2,0009.txt,192,original,1,64,58,127000,6861000,375000,7363000,127000,6880000,385000,7392000,14208774129454741819
2,0009.txt,192,full,2,64,58,127000,7113000,388000,7628000,127000,7134000,404000,7665000,14208774129454741819
2,0009.txt,192,compact,0,64,58,133000,7117000,313000,7563000,134000,7133000,324000,7591000,14208774129454741819
2,0010.txt,128,original,0,64,52,125000,3418000,269000,3812000,126000,3440000,285000,3851000,14723523622886612699
2,0010.txt,128,full,1,64,52,122000,3334000,267000,3723000,121000,3338000,281000,3740000,14723523622886612699
2,0010.txt,128,compact,2,64,52,112000,3351000,195000,3658000,112000,3368000,206000,3686000,14723523622886612699
2,0011.txt,192,original,2,64,46,428000,11064000,473000,11965000,428000,11082000,481000,11991000,10525654128450725294
2,0011.txt,192,full,0,64,46,423000,11390000,474000,12287000,423000,11401000,477000,12301000,10525654128450725294
2,0011.txt,192,compact,1,64,46,418000,11694000,372000,12484000,419000,11736000,381000,12536000,10525654128450725294
2,0012.txt,160,original,1,64,42,258000,9917000,370000,10545000,259000,9997000,383000,10639000,18228620964614505709
2,0012.txt,160,full,2,64,42,266000,9690000,369000,10325000,266000,9711000,379000,10356000,18228620964614505709
2,0012.txt,160,compact,0,64,42,264000,9749000,274000,10287000,265000,9782000,289000,10336000,18228620964614505709
2,0013.txt,224,original,0,64,51,333000,10868000,704000,11905000,333000,10923000,717000,11973000,11658144250769295395
2,0013.txt,224,full,1,64,51,341000,11187000,707000,12235000,342000,11224000,718000,12284000,11658144250769295395
2,0013.txt,224,compact,2,64,51,335000,11198000,598000,12131000,335000,11243000,615000,12193000,11658144250769295395
2,0014.txt,288,original,2,64,52,1551000,52692000,1409000,55652000,1551000,52719000,1421000,55691000,3633606904291868902
2,0014.txt,288,full,0,64,52,1611000,67903000,2072000,71586000,1611000,87078000,2715000,91404000,3633606904291868902
2,0014.txt,288,compact,1,64,52,1556000,54062000,1280000,56898000,1557000,54091000,1292000,56940000,3633606904291868902
2,0015.txt,288,original,1,64,42,2041000,49760000,1838000,53639000,2042000,49788000,1861000,53691000,12057676038240002655
2,0015.txt,288,full,2,64,42,2040000,51985000,1881000,55906000,2041000,52181000,1884000,56106000,12057676038240002655
2,0015.txt,288,compact,0,64,42,2048000,50702000,1721000,54471000,2047000,50734000,1731000,54512000,12057676038240002655
2,0016.txt,192,original,0,64,41,312000,11288000,422000,12022000,312000,11722000,474000,12508000,16263700429714567991
2,0016.txt,192,full,1,64,41,439000,12356000,447000,13242000,749000,16914000,597000,18260000,16263700429714567991
2,0016.txt,192,compact,2,64,41,309000,18193000,651000,19153000,310000,21503000,837000,22650000,16263700429714567991
2,0017.txt,192,original,2,64,53,888000,15170000,722000,16780000,889000,15298000,749000,16936000,4847870249899229512
2,0017.txt,192,full,0,64,53,905000,15285000,719000,16909000,906000,15472000,733000,17111000,4847870249899229512
2,0017.txt,192,compact,1,64,53,863000,17794000,700000,19357000,864000,18703000,741000,20308000,4847870249899229512
2,0018.txt,128,original,1,64,34,100000,4576000,185000,4861000,100000,4746000,202000,5048000,2591044257394328704
2,0018.txt,128,full,2,64,34,104000,4313000,186000,4603000,105000,4343000,198000,4646000,2591044257394328704
2,0018.txt,128,compact,0,64,34,106000,4259000,132000,4497000,105000,4272000,144000,4521000,2591044257394328704
2,0019.txt,384,original,0,64,38,3764000,72927000,1875000,78566000,3769000,73300000,1890000,78959000,18413403235399141350
2,0019.txt,384,full,1,64,38,3755000,72444000,1805000,78004000,3757000,72569000,1815000,78141000,18413403235399141350
2,0019.txt,384,compact,2,64,38,3640000,72128000,1782000,77550000,3639000,72155000,1793000,77587000,18413403235399141350
2,0020.txt,160,original,2,64,54,476000,12048000,514000,13038000,476000,12057000,525000,13058000,6655744353329306587
2,0020.txt,160,full,0,64,54,478000,12314000,505000,13297000,479000,12333000,515000,13327000,6655744353329306587
2,0020.txt,160,compact,1,64,54,466000,12417000,374000,13257000,466000,12431000,394000,13291000,6655744353329306587
2,0021.txt,160,original,1,64,54,104000,4712000,328000,5144000,105000,4730000,335000,5170000,10139017720273762941
2,0021.txt,160,full,2,64,54,99000,4955000,331000,5385000,99000,4975000,337000,5411000,10139017720273762941
2,0021.txt,160,compact,0,64,54,105000,4925000,275000,5305000,105000,4941000,274000,5320000,10139017720273762941
2,0022.txt,160,original,0,64,54,90000,5527000,340000,5957000,91000,5584000,352000,6027000,12367056253196356386
2,0022.txt,160,full,1,64,54,92000,5910000,340000,6342000,92000,6038000,359000,6489000,12367056253196356386
2,0022.txt,160,compact,2,64,54,102000,5312000,258000,5672000,102000,5335000,272000,5709000,12367056253196356386
2,0023.txt,160,original,2,64,32,145000,4175000,202000,4522000,145000,4188000,211000,4544000,13661901359584633416
2,0023.txt,160,full,0,64,32,135000,4407000,202000,4744000,136000,4433000,208000,4777000,13661901359584633416
2,0023.txt,160,compact,1,64,32,146000,5142000,200000,5488000,146000,5295000,218000,5659000,13661901359584633416
2,0024.txt,192,original,1,64,37,186000,6851000,444000,7481000,187000,6945000,453000,7585000,14100779623175012850
2,0024.txt,192,full,2,64,37,182000,6886000,419000,7487000,183000,6987000,424000,7594000,14100779623175012850
2,0024.txt,192,compact,0,64,37,169000,6782000,349000,7300000,170000,6846000,366000,7382000,14100779623175012850
2,0025.txt,192,original,0,64,57,104000,3474000,272000,3850000,104000,3610000,285000,3999000,16693701477626876418
2,0025.txt,192,full,1,64,57,106000,4197000,296000,4599000,106000,4450000,324000,4880000,16693701477626876418
2,0025.txt,192,compact,2,64,57,103000,3588000,213000,3904000,104000,3637000,222000,3963000,16693701477626876418
2,0026.txt,256,original,2,64,43,229000,7898000,462000,8589000,230000,8172000,494000,8896000,12399338981540513818
2,0026.txt,256,full,0,64,43,230000,8490000,476000,9196000,230000,8993000,494000,9717000,12399338981540513818
2,0026.txt,256,compact,1,64,43,232000,8224000,412000,8868000,233000,8348000,422000,9003000,12399338981540513818
2,0027.txt,128,original,1,64,31,341000,6882000,329000,7552000,358000,7117000,336000,7811000,7331911850896128959
2,0027.txt,128,full,2,64,31,326000,6607000,334000,7267000,326000,6642000,339000,7307000,7331911850896128959
2,0027.txt,128,compact,0,64,31,338000,6519000,250000,7107000,355000,6528000,250000,7133000,7331911850896128959
2,0028.txt,256,original,0,64,47,651000,20337000,1175000,22163000,651000,20724000,1272000,22647000,16501633472421096672
2,0028.txt,256,full,1,64,47,636000,20561000,1170000,22367000,636000,20895000,1218000,22749000,16501633472421096672
2,0028.txt,256,compact,2,64,47,680000,19849000,938000,21467000,680000,20077000,958000,21715000,16501633472421096672
2,0029.txt,288,original,2,64,41,970000,26117000,801000,27888000,1017000,26528000,853000,28398000,3006019691893062148
2,0029.txt,288,full,0,64,41,916000,26616000,786000,28318000,927000,26920000,795000,28642000,3006019691893062148
2,0029.txt,288,compact,1,64,41,934000,27715000,706000,29355000,936000,28834000,721000,30491000,3006019691893062148
2,0030.txt,256,original,1,64,44,1206000,21483000,1664000,24353000,1207000,21758000,1706000,24671000,3998580007914902329
2,0030.txt,256,full,2,64,44,1174000,22485000,1659000,25318000,1174000,22779000,1679000,25632000,3998580007914902329
2,0030.txt,256,compact,0,64,44,1175000,21542000,1465000,24182000,1176000,21808000,1500000,24484000,3998580007914902329
2,0031.txt,160,original,0,64,49,240000,11956000,481000,12677000,241000,12173000,494000,12908000,1277513514513811977
2,0031.txt,160,full,1,64,49,253000,12306000,496000,13055000,254000,12512000,566000,13332000,1277513514513811977
2,0031.txt,160,compact,2,64,49,247000,12628000,403000,13278000,247000,12840000,439000,13526000,1277513514513811977
2,0032.txt,224,original,2,64,48,333000,13411000,532000,14276000,333000,13691000,560000,14584000,12827533860645535518
2,0032.txt,224,full,0,64,48,314000,14300000,553000,15167000,314000,14500000,591000,15405000,12827533860645535518
2,0032.txt,224,compact,1,64,48,313000,13747000,425000,14485000,315000,13863000,441000,14619000,12827533860645535518
2,0033.txt,160,original,1,64,43,435000,11765000,490000,12690000,436000,12080000,533000,13049000,13693103595731326709
2,0033.txt,160,full,2,64,43,454000,11599000,453000,12506000,472000,11726000,462000,12660000,13693103595731326709
2,0033.txt,160,compact,0,64,43,432000,11626000,347000,12405000,433000,11762000,359000,12554000,13693103595731326709
2,0034.txt,288,original,0,64,41,1280000,27734000,1382000,30396000,1291000,27959000,1406000,30656000,11851417704820801821
2,0034.txt,288,full,1,64,41,1179000,28139000,1394000,30712000,1181000,28383000,1418000,30982000,11851417704820801821
2,0034.txt,288,compact,2,64,41,1177000,26851000,1238000,29266000,1178000,26931000,1248000,29357000,11851417704820801821
2,0035.txt,128,original,2,49,37,66000,2564000,212000,2842000,66000,2579000,222000,2867000,1966248127026479111
2,0035.txt,128,full,0,49,37,73000,2513000,209000,2795000,73000,2521000,220000,2814000,1966248127026479111
2,0035.txt,128,compact,1,49,37,62000,2453000,159000,2674000,62000,2458000,168000,2688000,1966248127026479111
2,0036.txt,192,original,1,64,50,713000,18563000,706000,19982000,713000,18624000,719000,20056000,3582229042672705885
2,0036.txt,192,full,2,64,50,889000,18289000,672000,19850000,954000,18314000,682000,19950000,3582229042672705885
2,0036.txt,192,compact,0,64,50,755000,17996000,519000,19270000,756000,18091000,525000,19372000,3582229042672705885
2,0037.txt,288,original,0,64,45,578000,16145000,829000,17552000,578000,16235000,835000,17648000,11367272562188583031
2,0037.txt,288,full,1,64,45,576000,16042000,793000,17411000,575000,16054000,809000,17438000,11367272562188583031
2,0037.txt,288,compact,2,64,45,574000,16244000,730000,17548000,574000,16271000,742000,17587000,11367272562188583031
2,0038.txt,192,original,2,64,55,247000,9965000,679000,10891000,248000,10993000,1582000,12823000,5000358612861532629
2,0038.txt,192,full,0,64,55,380000,8792000,555000,9727000,412000,8990000,585000,9987000,5000358612861532629
2,0038.txt,192,compact,1,64,55,259000,8066000,432000,8757000,259000,8080000,441000,8780000,5000358612861532629
2,0039.txt,256,original,1,64,43,205000,7481000,354000,8040000,204000,7500000,371000,8075000,1713245602201241720
2,0039.txt,256,full,2,64,43,179000,8093000,367000,8639000,181000,8135000,381000,8697000,1713245602201241720
2,0039.txt,256,compact,0,64,43,462000,10114000,429000,11005000,714000,15968000,714000,17396000,1713245602201241720
2,0040.txt,224,original,0,64,43,179000,9339000,645000,10163000,184000,9385000,661000,10230000,872385857505348709
2,0040.txt,224,full,1,64,43,157000,9062000,623000,9842000,158000,9108000,656000,9922000,872385857505348709
2,0040.txt,224,compact,2,64,43,154000,8788000,504000,9446000,154000,8813000,510000,9477000,872385857505348709
2,0041.txt,160,original,2,64,56,220000,7110000,364000,7694000,221000,7137000,379000,7737000,10397856525299628427
2,0041.txt,160,full,0,64,56,234000,7670000,380000,8284000,235000,7684000,389000,8308000,10397856525299628427
2,0041.txt,160,compact,1,64,56,218000,7358000,283000,7859000,218000,7390000,286000,7894000,10397856525299628427
2,0042.txt,352,original,1,64,36,1130000,30638000,927000,32695000,1129000,30718000,930000,32777000,12427270659438181611
2,0042.txt,352,full,2,64,36,1176000,32274000,937000,34387000,1176000,32340000,948000,34464000,12427270659438181611
2,0042.txt,352,compact,0,64,36,1192000,31826000,877000,33895000,1193000,31870000,883000,33946000,12427270659438181611
2,0043.txt,160,original,0,64,27,279000,8214000,401000,8894000,279000,8255000,412000,8946000,17317113132050913222
2,0043.txt,160,full,1,64,27,273000,8071000,399000,8743000,273000,8089000,400000,8762000,17317113132050913222
2,0043.txt,160,compact,2,64,27,266000,8476000,349000,9091000,266000,8543000,359000,9168000,17317113132050913222
2,0044.txt,192,original,2,64,35,477000,13030000,475000,13982000,491000,13052000,487000,14030000,14244673959848913933
2,0044.txt,192,full,0,64,35,461000,13394000,461000,14316000,461000,13421000,470000,14352000,14244673959848913933
2,0044.txt,192,compact,1,64,35,452000,13373000,361000,14186000,453000,13414000,375000,14242000,14244673959848913933
2,0045.txt,192,original,1,64,42,654000,9122000,525000,10301000,655000,9135000,533000,10323000,11015969575620966037
2,0045.txt,192,full,2,64,42,622000,9498000,548000,10668000,622000,9526000,556000,10704000,11015969575620966037
2,0045.txt,192,compact,0,64,42,650000,9516000,424000,10590000,651000,9538000,425000,10614000,11015969575620966037
2,0046.txt,128,original,0,64,43,395000,10286000,419000,11100000,395000,10298000,430000,11123000,2499980644579135674
2,0046.txt,128,full,1,64,43,384000,10575000,428000,11387000,383000,10597000,443000,11423000,2499980644579135674
2,0046.txt,128,compact,2,64,43,383000,10566000,307000,11256000,383000,10587000,315000,11285000,2499980644579135674
2,0047.txt,256,original,2,64,42,1097000,26064000,943000,28104000,1097000,26088000,954000,28139000,10022142641444623082
2,0047.txt,256,full,0,64,42,1092000,26745000,934000,28771000,1093000,26773000,946000,28812000,10022142641444623082
2,0047.txt,256,compact,1,64,42,1091000,26716000,819000,28626000,1091000,26727000,831000,28649000,10022142641444623082
2,0048.txt,192,original,1,64,47,912000,15575000,731000,17218000,913000,15889000,749000,17551000,3768764602654705949
2,0048.txt,192,full,2,64,47,943000,16603000,779000,18325000,943000,16911000,837000,18691000,3768764602654705949
2,0048.txt,192,compact,0,64,47,907000,15260000,544000,16711000,906000,15282000,563000,16751000,3768764602654705949
2,0049.txt,192,original,0,64,46,707000,14248000,610000,15565000,707000,14342000,617000,15666000,5345024174446336161
2,0049.txt,192,full,1,64,46,834000,14362000,605000,15801000,881000,14472000,616000,15969000,5345024174446336161
2,0049.txt,192,compact,2,64,46,820000,14775000,481000,16076000,873000,14863000,555000,16291000,5345024174446336161
2,0050.txt,128,original,2,64,37,256000,6322000,446000,7024000,256000,6406000,460000,7122000,12997574625261075627
2,0050.txt,128,full,0,64,37,268000,6160000,427000,6855000,268000,6185000,426000,6879000,12997574625261075627
2,0050.txt,128,compact,1,64,37,249000,6641000,354000,7244000,249000,6756000,363000,7368000,12997574625261075627
2,0051.txt,160,original,1,64,50,263000,7786000,443000,8492000,263000,7862000,454000,8579000,12279836665363317183
2,0051.txt,160,full,2,64,50,256000,8185000,483000,8924000,257000,8257000,525000,9039000,12279836665363317183
2,0051.txt,160,compact,0,64,50,252000,8260000,358000,8870000,252000,8330000,367000,8949000,12279836665363317183
2,0052.txt,224,original,0,64,49,486000,13818000,664000,14968000,487000,13828000,676000,14991000,9179596259479780699
2,0052.txt,224,full,1,64,49,528000,15158000,716000,16402000,556000,15382000,724000,16662000,9179596259479780699
2,0052.txt,224,compact,2,64,49,617000,14753000,567000,15937000,656000,14871000,581000,16108000,9179596259479780699
2,0053.txt,192,original,2,64,60,244000,8141000,557000,8942000,244000,8158000,566000,8968000,2465353185479614519
2,0053.txt,192,full,0,64,60,255000,8324000,554000,9133000,256000,8396000,564000,9216000,2465353185479614519
2,0053.txt,192,compact,1,64,60,240000,8121000,440000,8801000,239000,8138000,451000,8828000,2465353185479614519
2,0054.txt,256,original,1,64,50,724000,21529000,1058000,23311000,725000,21562000,1074000,23361000,1977551075025097523
2,0054.txt,256,full,2,64,50,729000,21971000,1050000,23750000,730000,21989000,1066000,23785000,1977551075025097523
2,0054.txt,256,compact,0,64,50,732000,22370000,946000,24048000,731000,22382000,952000,24065000,1977551075025097523
2,0055.txt,288,original,0,64,39,1270000,27816000,841000,29927000,1270000,32558000,893000,34721000,1917009490484356854
2,0055.txt,288,full,1,64,39,1278000,27286000,751000,29315000,1278000,27605000,761000,29644000,1917009490484356854
2,0055.txt,288,compact,2,64,39,1560000,28097000,694000,30351000,1632000,28621000,698000,30951000,1917009490484356854
2,0056.txt,224,original,2,64,39,481000,13429000,612000,14522000,482000,13747000,621000,14850000,6905413677133017825
2,0056.txt,224,full,0,64,39,491000,12850000,561000,13902000,492000,13106000,570000,14168000,6905413677133017825
2,0056.txt,224,compact,1,64,39,496000,13088000,547000,14131000,496000,13726000,3695000,17917000,6905413677133017825
2,0057.txt,256,original,1,64,54,830000,20782000,1102000,22714000,830000,21045000,1257000,23132000,10523818247767909617
2,0057.txt,256,full,2,64,54,870000,21430000,1065000,23365000,870000,22060000,1101000,24031000,10523818247767909617
2,0057.txt,256,compact,0,64,54,838000,20930000,919000,22687000,837000,21374000,963000,23174000,10523818247767909617
2,0058.txt,256,original,0,64,47,639000,22324000,1075000,24038000,638000,22737000,1110000,24485000,8747116303198179067
2,0058.txt,256,full,1,64,47,662000,23263000,1088000,25013000,672000,23927000,1123000,25722000,8747116303198179067
2,0058.txt,256,compact,2,64,47,631000,22661000,912000,24204000,632000,23555000,929000,25116000,8747116303198179067
2,0059.txt,192,original,2,64,47,115000,5413000,267000,5795000,115000,5470000,277000,5862000,8776027305845615921
2,0059.txt,192,full,0,64,47,116000,5905000,270000,6291000,117000,6047000,279000,6443000,8776027305845615921
2,0059.txt,192,compact,1,64,47,118000,5441000,204000,5763000,118000,5467000,219000,5804000,8776027305845615921
2,0060.txt,224,original,1,64,40,237000,11437000,514000,12188000,237000,11498000,523000,12258000,9265774647566182347
2,0060.txt,224,full,2,64,40,231000,12177000,541000,12949000,231000,12293000,556000,13080000,9265774647566182347
2,0060.txt,224,compact,0,64,40,247000,12643000,478000,13368000,248000,12959000,500000,13707000,9265774647566182347
2,0061.txt,192,original,0,64,47,711000,18218000,937000,19866000,712000,18311000,957000,19980000,9109783169076520820
2,0061.txt,192,full,1,64,47,697000,18446000,962000,20105000,698000,18517000,973000,20188000,9109783169076520820
2,0061.txt,192,compact,2,64,47,691000,18459000,760000,19910000,692000,18510000,766000,19968000,9109783169076520820
2,0062.txt,224,original,2,64,51,493000,16219000,656000,17368000,493000,16250000,671000,17414000,6235176586112113050
2,0062.txt,224,full,0,64,51,503000,17577000,670000,18750000,502000,17760000,678000,18940000,6235176586112113050
2,0062.txt,224,compact,1,64,51,497000,16684000,535000,17716000,498000,16703000,544000,17745000,6235176586112113050
2,0063.txt,256,original,1,64,43,591000,16504000,857000,17952000,605000,16524000,872000,18001000,2811221567898568818
2,0063.txt,256,full,2,64,43,541000,17282000,896000,18719000,542000,17351000,892000,18785000,2811221567898568818
2,0063.txt,256,compact,0,64,43,543000,18084000,802000,19429000,544000,18391000,814000,19749000,2811221567898568818
2,0064.txt,224,original,0,64,44,422000,6678000,594000,7694000,421000,6690000,616000,7727000,6923825489153610959
2,0064.txt,224,full,1,64,44,407000,7032000,612000,8051000,408000,7043000,631000,8082000,6923825489153610959
2,0064.txt,224,compact,2,64,44,411000,6981000,515000,7907000,412000,7006000,527000,7945000,6923825489153610959
2,0065.txt,192,original,2,64,43,248000,9387000,586000,10221000,1001000,9861000,617000,11479000,17408032648247834609
2,0065.txt,192,full,0,64,43,183000,9143000,542000,9868000,184000,9850000,557000,10591000,17408032648247834609
2,0065.txt,192,compact,1,64,43,189000,9242000,472000,9903000,188000,10493000,482000,11163000,17408032648247834609
2,0066.txt,224,original,1,64,29,932000,22597000,976000,24505000,933000,22617000,996000,24546000,8875708553305440087
2,0066.txt,224,full,2,64,29,978000,24146000,1006000,26130000,987000,24317000,1016000,26320000,8875708553305440087
2,0066.txt,224,compact,0,64,29,943000,24087000,866000,25896000,943000,24179000,871000,25993000,8875708553305440087
2,0067.txt,192,original,0,64,37,344000,11297000,572000,12213000,344000,11340000,584000,12268000,1054547824349595996
2,0067.txt,192,full,1,64,37,338000,12265000,610000,13213000,339000,12448000,612000,13399000,1054547824349595996
2,0067.txt,192,compact,2,64,37,361000,12307000,508000,13176000,362000,12913000,602000,13877000,1054547824349595996
2,0068.txt,352,original,2,64,36,2184000,31050000,1124000,34358000,2373000,31411000,1140000,34924000,16704674484913076321
2,0068.txt,352,full,0,64,36,2020000,32294000,1088000,35402000,2062000,33406000,1131000,36599000,16704674484913076321
2,0068.txt,352,compact,1,64,36,1985000,32353000,1066000,35404000,2000000,32865000,1075000,35940000,16704674484913076321
2,0069.txt,128,original,1,64,55,250000,8157000,512000,8919000,251000,8256000,516000,9023000,10272637644074201381
2,0069.txt,128,full,2,64,55,246000,8484000,519000,9249000,247000,8509000,534000,9290000,10272637644074201381
2,0069.txt,128,compact,0,64,55,265000,8474000,382000,9121000,266000,8498000,391000,9155000,10272637644074201381
2,0070.txt,320,original,0,64,43,1358000,45631000,1502000,48491000,1419000,45740000,1511000,48670000,6636878282639228694
2,0070.txt,320,full,1,64,43,1225000,45837000,1460000,48522000,1225000,45862000,1470000,48557000,6636878282639228694
2,0070.txt,320,compact,2,64,43,1215000,46022000,1448000,48685000,1216000,46080000,1456000,48752000,6636878282639228694
2,0071.txt,288,original,2,64,34,1239000,31728000,1107000,34074000,1239000,32313000,1124000,34676000,5480489002906609640
2,0071.txt,288,full,0,64,34,1301000,33139000,1140000,35580000,1301000,33857000,1199000,36357000,5480489002906609640
2,0071.txt,288,compact,1,64,34,1425000,32596000,999000,35020000,1493000,32902000,1012000,35407000,5480489002906609640
2,0072.txt,192,original,1,64,53,151000,7811000,446000,8408000,153000,7872000,518000,8543000,3456405102086958663
2,0072.txt,192,full,2,64,53,144000,8212000,431000,8787000,145000,8289000,440000,8874000,3456405102086958663
2,0072.txt,192,compact,0,64,53,138000,8196000,346000,8680000,139000,8303000,357000,8799000,3456405102086958663
2,0073.txt,160,original,0,64,45,818000,15777000,813000,17408000,818000,15930000,878000,17626000,7837691528528546932
2,0073.txt,160,full,1,64,45,871000,16930000,776000,18577000,886000,17751000,829000,19466000,7837691528528546932
2,0073.txt,160,compact,2,64,45,955000,17582000,641000,19178000,1048000,19319000,668000,21035000,7837691528528546932
2,0074.txt,128,original,2,64,40,233000,5946000,312000,6491000,234000,6327000,339000,6900000,11002935191480867671
2,0074.txt,128,full,0,64,40,238000,5688000,294000,6220000,238000,5766000,324000,6328000,11002935191480867671
2,0074.txt,128,compact,1,64,40,235000,5934000,226000,6395000,268000,6306000,234000,6808000,11002935191480867671
2,0075.txt,288,original,1,64,30,1085000,30438000,958000,32481000,1091000,30820000,965000,32876000,2583345268107875064
2,0075.txt,288,full,2,64,30,1070000,32089000,996000,34155000,1071000,33497000,1017000,35585000,2583345268107875064
2,0075.txt,288,compact,0,64,30,1087000,34080000,999000,36166000,1133000,56664000,1095000,58892000,2583345268107875064
2,0076.txt,192,original,0,64,52,857000,21273000,1044000,23174000,898000,21875000,1067000,23840000,14019256839176950374
2,0076.txt,192,full,1,64,52,868000,21385000,1006000,23259000,918000,21725000,1024000,23667000,14019256839176950374
2,0076.txt,192,compact,2,64,52,796000,21171000,830000,22797000,797000,21553000,854000,23204000,14019256839176950374
2,0077.txt,128,original,2,64,55,189000,7068000,361000,7618000,189000,7265000,392000,7846000,17479160985738783937
2,0077.txt,128,full,0,64,55,191000,7567000,399000,8157000,198000,8092000,475000,8765000,17479160985738783937
2,0077.txt,128,compact,1,64,55,184000,7702000,298000,8184000,184000,7836000,312000,8332000,17479160985738783937
2,0078.txt,224,original,1,64,44,767000,15338000,863000,16968000,768000,15461000,880000,17109000,14185763832882636607
2,0078.txt,224,full,2,64,44,706000,15647000,880000,17233000,706000,15777000,891000,17374000,14185763832882636607
2,0078.txt,224,compact,0,64,44,781000,16096000,794000,17671000,794000,16401000,824000,18019000,14185763832882636607
2,0079.txt,160,original,0,64,48,102000,4574000,285000,4961000,102000,4702000,309000,5113000,18107065893375765734
2,0079.txt,160,full,1,64,48,92000,4373000,282000,4747000,91000,4387000,292000,4770000,18107065893375765734
2,0079.txt,160,compact,2,64,48,84000,4277000,223000,4584000,84000,4301000,235000,4620000,18107065893375765734
2,0080.txt,192,original,2,64,48,519000,15431000,647000,16597000,520000,15728000,713000,16961000,7914294815535909058
2,0080.txt,192,full,0,64,48,550000,15145000,644000,16339000,565000,15351000,652000,16568000,7914294815535909058
2,0080.txt,192,compact,1,64,48,518000,15600000,541000,16659000,518000,15682000,599000,16799000,7914294815535909058
2,0081.txt,256,original,1,64,48,1699000,45311000,1223000,48233000,1700000,45352000,1284000,48336000,12611955559657520540
2,0081.txt,256,full,2,64,48,1842000,49205000,1292000,52339000,1971000,49928000,1360000,53259000,12611955559657520540
2,0081.txt,256,compact,0,64,48,1674000,48157000,1101000,50932000,1675000,49918000,1135000,52728000,12611955559657520540
2,0082.txt,224,original,0,64,43,1109000,23591000,1238000,25938000,1109000,23931000,1286000,26326000,15976384220259857970
2,0082.txt,224,full,1,64,43,1194000,24647000,1198000,27039000,1194000,25242000,1213000,27649000,15976384220259857970
2,0082.txt,224,compact,2,64,43,1221000,24677000,1015000,26913000,1242000,25524000,1059000,27825000,15976384220259857970
2,0083.txt,160,original,2,64,45,417000,10662000,534000,11613000,417000,10758000,550000,11725000,2709579689513296368
2,0083.txt,160,full,0,64,45,447000,10790000,533000,11770000,447000,10815000,542000,11804000,2709579689513296368
2,0083.txt,160,compact,1,64,45,405000,11516000,446000,12367000,406000,13074000,492000,13972000,2709579689513296368
2,0084.txt,224,original,1,64,29,1214000,16237000,644000,18095000,1214000,16295000,649000,18158000,8219160516625378647
2,0084.txt,224,full,2,64,29,1178000,16950000,658000,18786000,1177000,17055000,662000,18894000,8219160516625378647
2,0084.txt,224,compact,0,64,29,1232000,17191000,546000,18969000,1232000,17321000,552000,19105000,8219160516625378647
2,0085.txt,256,original,0,64,52,403000,9574000,715000,10692000,403000,9595000,727000,10725000,9843680023606892368
2,0085.txt,256,full,1,64,52,387000,9949000,726000,11062000,388000,9971000,741000,11100000,9843680023606892368
2,0085.txt,256,compact,2,64,52,380000,10955000,688000,12023000,380000,11040000,744000,12164000,9843680023606892368
2,0086.txt,96,original,2,64,41,140000,4490000,315000,4945000,141000,4540000,319000,5000000,1746008403728494063
2,0086.txt,96,full,0,64,41,154000,4502000,310000,4966000,185000,4573000,321000,5079000,1746008403728494063
2,0086.txt,96,compact,1,64,41,140000,4553000,240000,4933000,141000,4573000,247000,4961000,1746008403728494063
2,0087.txt,224,original,1,64,56,257000,7951000,489000,8697000,258000,7969000,496000,8723000,6062298770127305429
2,0087.txt,224,full,2,64,56,257000,8344000,493000,9094000,257000,8368000,508000,9133000,6062298770127305429
2,0087.txt,224,compact,0,64,56,255000,8432000,422000,9109000,257000,8465000,433000,9155000,6062298770127305429
2,0088.txt,224,original,0,64,51,371000,9361000,541000,10273000,371000,9381000,559000,10311000,1932990849624522106
2,0088.txt,224,full,1,64,51,370000,9955000,567000,10892000,371000,10005000,580000,10956000,1932990849624522106
2,0088.txt,224,compact,2,64,51,373000,9957000,464000,10794000,374000,9973000,477000,10824000,1932990849624522106
2,0089.txt,320,original,2,64,37,1161000,37523000,1043000,39727000,1161000,37592000,1055000,39808000,6980722571508482437
2,0089.txt,320,full,0,64,37,1153000,38923000,1037000,41113000,1154000,39226000,1046000,41426000,6980722571508482437
2,0089.txt,320,compact,1,64,37,1238000,38353000,972000,40563000,1330000,38745000,976000,41051000,6980722571508482437
2,0090.txt,224,original,1,64,36,218000,7900000,464000,8582000,217000,7924000,474000,8615000,17418676575136399411
2,0090.txt,224,full,2,64,36,211000,8429000,484000,9124000,212000,8454000,484000,9150000,17418676575136399411
2,0090.txt,224,compact,0,64,36,223000,8245000,419000,8887000,223000,8274000,422000,8919000,17418676575136399411
2,0091.txt,128,original,0,64,49,240000,5477000,332000,6049000,240000,5505000,342000,6087000,6905654600788291276
2,0091.txt,128,full,1,64,49,244000,6074000,342000,6660000,244000,6131000,362000,6737000,6905654600788291276
2,0091.txt,128,compact,2,64,49,246000,6235000,251000,6732000,247000,6340000,278000,6865000,6905654600788291276
2,0092.txt,320,original,2,64,34,2381000,44170000,1739000,48290000,2395000,44569000,1745000,48709000,17892104883127441197
2,0092.txt,320,full,0,64,34,2353000,45708000,1769000,49830000,2354000,46650000,1788000,50792000,17892104883127441197
2,0092.txt,320,compact,1,64,34,2246000,45894000,1681000,49821000,2247000,46864000,1708000,50819000,17892104883127441197
2,0093.txt,128,original,1,63,60,118000,5540000,475000,6133000,118000,5643000,496000,6257000,9403735909905401337
2,0093.txt,128,full,2,63,60,117000,5158000,416000,5691000,117000,5170000,435000,5722000,9403735909905401337
2,0093.txt,128,compact,0,63,60,119000,5359000,334000,5812000,120000,5375000,343000,5838000,9403735909905401337
2,0094.txt,288,original,0,64,59,261000,8070000,527000,8858000,262000,8154000,544000,8960000,15807896437645640352
2,0094.txt,288,full,1,64,59,258000,8547000,546000,9351000,259000,8605000,582000,9446000,15807896437645640352
2,0094.txt,288,compact,2,64,59,277000,8785000,502000,9564000,277000,9043000,509000,9829000,15807896437645640352
2,0095.txt,192,original,2,64,40,839000,19423000,696000,20958000,839000,19556000,700000,21095000,14558885443859604524
2,0095.txt,192,full,0,64,40,864000,19797000,713000,21374000,864000,19877000,719000,21460000,14558885443859604524
2,0095.txt,192,compact,1,64,40,865000,19885000,558000,21308000,866000,19907000,565000,21338000,14558885443859604524
2,0096.txt,160,original,1,64,62,191000,6296000,350000,6837000,191000,6312000,374000,6877000,9102786252669791947
2,0096.txt,160,full,2,64,62,190000,6661000,374000,7225000,191000,6686000,383000,7260000,9102786252669791947
2,0096.txt,160,compact,0,64,62,192000,6647000,279000,7118000,192000,6669000,283000,7144000,9102786252669791947
2,0097.txt,288,original,0,64,36,1374000,43143000,1636000,46153000,1375000,43182000,1643000,46200000,2803104666536711401
2,0097.txt,288,full,1,64,36,1335000,43518000,1612000,46465000,1336000,43539000,1625000,46500000,2803104666536711401
2,0097.txt,288,compact,2,64,36,1309000,44737000,1518000,47564000,1310000,44924000,1540000,47774000,2803104666536711401
2,0098.txt,160,original,2,64,55,286000,7841000,635000,8762000,287000,7897000,667000,8851000,9847453008769540877
2,0098.txt,160,full,0,64,55,284000,7742000,605000,8631000,284000,7770000,615000,8669000,9847453008769540877
2,0098.txt,160,compact,1,64,55,293000,8616000,561000,9470000,294000,8855000,600000,9749000,9847453008769540877
2,0099.txt,256,original,1,64,38,516000,13598000,526000,14640000,517000,14145000,542000,15204000,446694983656461108
2,0099.txt,256,full,2,64,38,523000,14272000,546000,15341000,522000,15776000,554000,16852000,446694983656461108
2,0099.txt,256,compact,0,64,38,520000,14032000,483000,15035000,521000,14549000,515000,15585000,446694983656461108
3,0000.txt,128,original,0,37,37,77000,1313000,140000,1530000,77000,1443000,147000,1667000,816204004610948454
3,0000.txt,128,full,1,37,37,72000,1239000,135000,1446000,73000,1253000,142000,1468000,816204004610948454
3,0000.txt,128,compact,2,37,37,68000,1404000,113000,1585000,69000,1603000,138000,1810000,816204004610948454
3,0001.txt,160,original,2,64,47,203000,6655000,384000,7242000,237000,6927000,404000,7568000,9659342416910865731
3,0001.txt,160,full,0,64,47,175000,6921000,404000,7500000,174000,7006000,446000,7626000,9659342416910865731
3,0001.txt,160,compact,1,64,47,174000,7020000,326000,7520000,174000,7259000,342000,7775000,9659342416910865731
3,0002.txt,160,original,1,64,62,236000,7946000,515000,8697000,236000,7976000,524000,8736000,13336614233393630273
3,0002.txt,160,full,2,64,62,234000,8102000,526000,8862000,234000,8133000,532000,8899000,13336614233393630273
3,0002.txt,160,compact,0,64,62,244000,8895000,423000,9562000,244000,9157000,443000,9844000,13336614233393630273
3,0003.txt,288,original,0,64,37,202000,8546000,382000,9130000,203000,8572000,389000,9164000,9846154642387442228
3,0003.txt,288,full,1,64,37,210000,9229000,401000,9840000,210000,9316000,417000,9943000,9846154642387442228
3,0003.txt,288,compact,2,64,37,207000,9103000,361000,9671000,207000,9135000,371000,9713000,9846154642387442228
3,0004.txt,224,original,2,64,39,787000,26108000,809000,27704000,787000,26420000,842000,28049000,5868743466089011035
3,0004.txt,224,full,0,64,39,772000,25278000,723000,26773000,771000,25310000,730000,26811000,5868743466089011035
3,0004.txt,224,compact,1,64,39,757000,25962000,625000,27344000,758000,26034000,643000,27435000,5868743466089011035
3,0005.txt,224,original,1,64,26,1474000,36468000,1478000,39420000,1475000,36566000,1488000,39529000,10086671006629847274
3,0005.txt,224,full,2,64,26,1463000,36562000,1435000,39460000,1464000,36587000,1439000,39490000,10086671006629847274
3,0005.txt,224,compact,0,64,26,1476000,37694000,1338000,40508000,1476000,37797000,1345000,40618000,10086671006629847274
3,0006.txt,128,original,0,64,46,279000,5600000,343000,6222000,278000,5621000,361000,6260000,507186591489129217
3,0006.txt,128,full,1,64,46,271000,5541000,348000,6160000,270000,5552000,366000,6188000,507186591489129217
3,0006.txt,128,compact,2,64,46,257000,5546000,244000,6047000,257000,5561000,248000,6066000,507186591489129217
3,0007.txt,128,original,2,64,52,258000,7918000,438000,8614000,259000,8012000,454000,8725000,2674825041975378044
3,0007.txt,128,full,0,64,52,262000,7717000,428000,8407000,262000,7740000,439000,8441000,2674825041975378044
3,0007.txt,128,compact,1,64,52,254000,7790000,301000,8345000,254000,7807000,305000,8366000,2674825041975378044
3,0008.txt,128,original,1,64,40,268000,8342000,377000,8987000,268000,8357000,388000,9013000,17920141965280989340
3,0008.txt,128,full,2,64,40,270000,8601000,374000,9245000,271000,8628000,376000,9275000,17920141965280989340
3,0008.txt,128,compact,0,64,40,264000,8745000,284000,9293000,265000,8772000,287000,9324000,17920141965280989340
3,0009.txt,192,original,0,64,58,122000,6780000,383000,7285000,122000,6810000,393000,7325000,14208774129454741819
3,0009.txt,192,full,1,64,58,118000,7066000,388000,7572000,119000,7089000,396000,7604000,14208774129454741819
3,0009.txt,192,compact,2,64,58,116000,7729000,326000,8171000,116000,7906000,336000,8358000,14208774129454741819
3,0010.txt,128,original,2,64,52,116000,3193000,271000,3580000,116000,3204000,271000,3591000,14723523622886612699
3,0010.txt,128,full,0,64,52,120000,3617000,273000,4010000,121000,3635000,282000,4038000,14723523622886612699
3,0010.txt,128,compact,1,64,52,119000,3341000,191000,3651000,119000,3363000,207000,3689000,14723523622886612699
3,0011.txt,192,original,1,64,46,417000,10936000,456000,11809000,417000,10956000,464000,11837000,10525654128450725294
3,0011.txt,192,full,2,64,46,429000,11181000,461000,12071000,434000,11203000,470000,12107000,10525654128450725294
3,0011.txt,192,compact,0,64,46,415000,11571000,365000,12351000,415000,11598000,370000,12383000,10525654128450725294
3,0012.txt,160,original,0,64,42,247000,9232000,355000,9834000,248000,9249000,359000,9856000,18228620964614505709
3,0012.txt,160,full,1,64,42,246000,9354000,356000,9956000,247000,9365000,388000,10000000,18228620964614505709
3,0012.txt,160,compact,2,64,42,251000,9386000,274000,9911000,251000,9414000,280000,9945000,18228620964614505709
3,0013.txt,224,original,2,64,51,327000,11168000,705000,12200000,328000,11346000,726000,12400000,11658144250769295395
3,0013.txt,224,full,0,64,51,322000,10790000,690000,11802000,322000,10810000,696000,11828000,11658144250769295395
3,0013.txt,224,compact,1,64,51,313000,10794000,588000,11695000,313000,10817000,598000,11728000,11658144250769295395
3,0014.txt,288,original,1,64,52,1562000,52605000,1426000,55593000,1562000,52627000,1442000,55631000,3633606904291868902
3,0014.txt,288,full,2,64,52,1559000,54829000,1427000,57815000,1558000,54886000,1438000,57882000,3633606904291868902
3,0014.txt,288,compact,0,64,52,1566000,55211000,1310000,58087000,1566000,55345000,1316000,58227000,3633606904291868902
3,0015.txt,288,original,0,64,42,2044000,49510000,1833000,53387000,2045000,49534000,1843000,53422000,12057676038240002655
3,0015.txt,288,full,1,64,42,2050000,50471000,1830000,54351000,2049000,50495000,1840000,54384000,12057676038240002655
3,0015.txt,288,compact,2,64,42,2039000,50443000,1687000,54169000,2039000,50472000,1696000,54207000,12057676038240002655
3,0016.txt,192,original,2,64,41,311000,10020000,381000,10712000,311000,10051000,390000,10752000,16263700429714567991
3,0016.txt,192,full,0,64,41,301000,10010000,374000,10685000,300000,10032000,383000,10715000,16263700429714567991
3,0016.txt,192,compact,1,64,41,284000,10241000,307000,10832000,283000,10267000,311000,10861000,16263700429714567991
3,0017.txt,192,original,1,64,53,889000,13975000,689000,15553000,890000,13990000,708000,15588000,4847870249899229512
3,0017.txt,192,full,2,64,53,857000,14477000,684000,16018000,857000,14506000,698000,16061000,4847870249899229512
3,0017.txt,192,compact,0,64,53,867000,14602000,530000,15999000,868000,14621000,542000,16031000,4847870249899229512
3,0018.txt,128,original,0,64,34,105000,4086000,177000,4368000,107000,4105000,188000,4400000,2591044257394328704
3,0018.txt,128,full,1,64,34,98000,4178000,178000,4454000,98000,4192000,184000,4474000,2591044257394328704
3,0018.txt,128,compact,2,64,34,91000,4204000,136000,4431000,92000,4214000,141000,4447000,2591044257394328704
3,0019.txt,384,original,2,64,38,3613000,70022000,1825000,75460000,3614000,70064000,1832000,75510000,18413403235399141350
3,0019.txt,384,full,0,64,38,3647000,72056000,1785000,77488000,3648000,72097000,1789000,77534000,18413403235399141350
3,0019.txt,384,compact,1,64,38,3625000,71692000,1776000,77093000,3625000,71723000,1781000,77129000,18413403235399141350
3,0020.txt,160,original,1,64,54,469000,12257000,527000,13253000,469000,12288000,538000,13295000,6655744353329306587
3,0020.txt,160,full,2,64,54,477000,12420000,519000,13416000,478000,12436000,526000,13440000,6655744353329306587
3,0020.txt,160,compact,0,64,54,481000,12405000,385000,13271000,482000,12419000,390000,13291000,6655744353329306587
3,0021.txt,160,original,0,64,54,105000,4698000,312000,5115000,105000,4720000,330000,5155000,10139017720273762941
3,0021.txt,160,full,1,64,54,102000,4874000,321000,5297000,102000,4893000,331000,5326000,10139017720273762941
3,0021.txt,160,compact,2,64,54,102000,4873000,261000,5236000,101000,4885000,266000,5252000,10139017720273762941
3,0022.txt,160,original,2,64,54,86000,5050000,320000,5456000,86000,5064000,332000,5482000,12367056253196356386
3,0022.txt,160,full,0,64,54,85000,5253000,325000,5663000,86000,5281000,326000,5693000,12367056253196356386
3,0022.txt,160,compact,1,64,54,83000,5314000,259000,5656000,82000,5328000,277000,5687000,12367056253196356386
3,0023.txt,160,original,1,64,32,129000,4155000,194000,4478000,130000,4173000,202000,4505000,13661901359584633416
3,0023.txt,160,full,2,64,32,133000,4313000,199000,4645000,133000,4336000,202000,4671000,13661901359584633416
3,0023.txt,160,compact,0,64,32,131000,4317000,154000,4602000,130000,4335000,161000,4626000,13661901359584633416
3,0024.txt,192,original,0,64,37,167000,6108000,384000,6659000,167000,6129000,392000,6688000,14100779623175012850
3,0024.txt,192,full,1,64,37,164000,6247000,380000,6791000,165000,6266000,397000,6828000,14100779623175012850
3,0024.txt,192,compact,2,64,37,159000,6284000,329000,6772000,159000,6308000,339000,6806000,14100779623175012850
3,0025.txt,192,original,2,64,57,100000,3170000,258000,3528000,101000,3184000,266000,3551000,16693701477626876418
3,0025.txt,192,full,0,64,57,96000,3354000,250000,3700000,95000,3384000,261000,3740000,16693701477626876418
3,0025.txt,192,compact,1,64,57,90000,3434000,197000,3721000,90000,3446000,214000,3750000,16693701477626876418
3,0026.txt,256,original,1,64,43,209000,7095000,429000,7733000,210000,7114000,435000,7759000,12399338981540513818
3,0026.txt,256,full,2,64,43,208000,7399000,428000,8035000,209000,7427000,435000,8071000,12399338981540513818
3,0026.txt,256,compact,0,64,43,209000,7468000,386000,8063000,209000,7499000,401000,8109000,12399338981540513818
3,0027.txt,128,original,0,64,31,292000,5982000,315000,6589000,292000,5998000,324000,6614000,7331911850896128959
3,0027.txt,128,full,1,64,31,297000,6048000,314000,6659000,298000,6067000,320000,6685000,7331911850896128959
3,0027.txt,128,compact,2,64,31,289000,6132000,224000,6645000,290000,6142000,233000,6665000,7331911850896128959
3,0028.txt,256,original,2,64,47,614000,18160000,993000,19767000,615000,18184000,1009000,19808000,16501633472421096672
3,0028.txt,256,full,0,64,47,614000,18683000,983000,20280000,614000,18715000,998000,20327000,16501633472421096672
3,0028.txt,256,compact,1,64,47,616000,18550000,877000,20043000,617000,18571000,893000,20081000,16501633472421096672
3,0029.txt,288,original,1,64,41,858000,23700000,736000,25294000,859000,23725000,744000,25328000,3006019691893062148
3,0029.txt,288,full,2,64,41,856000,24490000,740000,26086000,855000,24510000,746000,26111000,3006019691893062148
3,0029.txt,288,compact,0,64,41,869000,24398000,660000,25927000,869000,24424000,667000,25960000,3006019691893062148
3,0030.txt,256,original,0,64,44,1168000,20146000,1514000,22828000,1170000,20164000,1530000,22864000,3998580007914902329
3,0030.txt,256,full,1,64,44,1178000,20819000,1521000,23518000,1180000,20849000,1526000,23555000,3998580007914902329
3,0030.txt,256,compact,2,64,44,1160000,20369000,1344000,22873000,1161000,20390000,1359000,22910000,3998580007914902329
3,0031.txt,160,original,2,64,49,226000,10941000,458000,11625000,227000,10967000,468000,11662000,1277513514513811977
3,0031.txt,160,full,0,64,49,226000,11246000,445000,11917000,226000,11266000,458000,11950000,1277513514513811977
3,0031.txt,160,compact,1,64,49,221000,11267000,351000,11839000,221000,11291000,362000,11874000,1277513514513811977
3,0032.txt,224,original,1,64,48,297000,12468000,487000,13252000,297000,12496000,501000,13294000,12827533860645535518
3,0032.txt,224,full,2,64,48,312000,14007000,527000,14846000,312000,14294000,530000,15136000,12827533860645535518
3,0032.txt,224,compact,0,64,48,309000,12842000,405000,13556000,309000,12858000,419000,13586000,12827533860645535518
3,0033.txt,160,original,0,64,43,398000,10664000,430000,11492000,399000,10701000,447000,11547000,13693103595731326709
3,0033.txt,160,full,1,64,43,395000,11860000,488000,12743000,396000,12057000,510000,12963000,13693103595731326709
3,0033.txt,160,compact,2,64,43,425000,11428000,336000,12189000,425000,11530000,350000,12305000,13693103595731326709
3,0034.txt,288,original,2,64,41,1178000,26522000,1342000,29042000,1179000,26646000,1351000,29176000,11851417704820801821
3,0034.txt,288,full,0,64,41,1178000,27849000,1422000,30449000,1179000,28017000,1459000,30655000,11851417704820801821
3,0034.txt,288,compact,1,64,41,1169000,26889000,1238000,29296000,1170000,26914000,1250000,29334000,11851417704820801821
3,0035.txt,128,original,1,49,37,65000,2346000,194000,2605000,66000,2360000,204000,2630000,1966248127026479111
3,0035.txt,128,full,2,49,37,61000,2508000,199000,2768000,62000,2513000,212000,2787000,1966248127026479111
3,0035.txt,128,compact,0,49,37,71000,2463000,163000,2697000,72000,2482000,172000,2726000,1966248127026479111
3,0036.txt,192,original,0,64,50,719000,17213000,661000,18593000,717000,17237000,671000,18625000,3582229042672705885
3,0036.txt,192,full,1,64,50,731000,18045000,663000,19439000,732000,18077000,682000,19491000,3582229042672705885
3,0036.txt,192,compact,2,64,50,710000,18281000,519000,19510000,710000,18306000,541000,19557000,3582229042672705885
3,0037.txt,288,original,2,64,45,581000,15690000,812000,17083000,582000,15737000,827000,17146000,11367272562188583031
3,0037.txt,288,full,0,64,45,581000,15939000,790000,17310000,580000,15964000,806000,17350000,11367272562188583031
3,0037.txt,288,compact,1,64,45,563000,16587000,764000,17914000,564000,16745000,778000,18087000,11367272562188583031
3,0038.txt,192,original,1,64,55,252000,8037000,534000,8823000,253000,8063000,543000,8859000,5000358612861532629
3,0038.txt,192,full,2,64,55,255000,8278000,562000,9095000,255000,8300000,576000,9131000,5000358612861532629
3,0038.txt,192,compact,0,64,55,263000,8170000,430000,8863000,264000,8189000,444000,8897000,5000358612861532629
3,0039.txt,256,original,0,64,43,184000,7969000,395000,8548000,184000,8194000,440000,8818000,1713245602201241720
3,0039.txt,256,full,1,64,43,198000,7869000,366000,8433000,198000,7934000,376000,8508000,1713245602201241720
3,0039.txt,256,compact,2,64,43,223000,8046000,311000,8580000,296000,8147000,321000,8764000,1713245602201241720
3,0040.txt,224,original,2,64,43,168000,8786000,594000,9548000,168000,8915000,612000,9695000,872385857505348709
3,0040.txt,224,full,0,64,43,159000,8659000,561000,9379000,159000,8687000,577000,9423000,872385857505348709
3,0040.txt,224,compact,1,64,43,150000,9062000,529000,9741000,151000,9085000,537000,9773000,872385857505348709
3,0041.txt,160,original,1,64,56,230000,7021000,363000,7614000,230000,7048000,370000,7648000,10397856525299628427
3,0041.txt,160,full,2,64,56,219000,7395000,375000,7989000,219000,7414000,382000,8015000,10397856525299628427
3,0041.txt,160,compact,0,64,56,227000,7549000,281000,8057000,226000,7581000,298000,8105000,10397856525299628427
3,0042.txt,352,original,0,64,36,1128000,30641000,928000,32697000,1130000,30677000,936000,32743000,12427270659438181611
3,0042.txt,352,full,1,64,36,1136000,31407000,911000,33454000,1136000,31442000,913000,33491000,12427270659438181611
3,0042.txt,352,compact,2,64,36,1123000,31269000,867000,33259000,1124000,31290000,872000,33286000,12427270659438181611
3,0043.txt,160,original,2,64,27,263000,7651000,379000,8293000,263000,7672000,385000,8320000,17317113132050913222
3,0043.txt,160,full,0,64,27,265000,7710000,369000,8344000,266000,7722000,378000,8366000,17317113132050913222
3,0043.txt,160,compact,1,64,27,261000,7696000,306000,8263000,262000,7719000,312000,8293000,17317113132050913222
3,0044.txt,192,original,1,64,35,459000,13095000,473000,14027000,459000,13112000,475000,14046000,14244673959848913933
3,0044.txt,192,full,2,64,35,450000,13687000,470000,14607000,451000,13715000,478000,14644000,14244673959848913933
3,0044.txt,192,compact,0,64,35,474000,13465000,364000,14303000,475000,13489000,371000,14335000,14244673959848913933
3,0045.txt,192,original,0,64,42,634000,9122000,543000,10299000,635000,9136000,556000,10327000,11015969575620966037
3,0045.txt,192,full,1,64,42,627000,9437000,540000,10604000,627000,9456000,546000,10629000,11015969575620966037
3,0045.txt,192,compact,2,64,42,620000,9516000,424000,10560000,620000,9530000,430000,10580000,11015969575620966037
3,0046.txt,128,original,2,64,43,399000,10363000,424000,11186000,400000,10390000,439000,11229000,2499980644579135674
3,0046.txt,128,full,0,64,43,403000,10544000,425000,11372000,404000,10564000,430000,11398000,2499980644579135674
3,0046.txt,128,compact,1,64,43,381000,10622000,307000,11310000,381000,10644000,316000,11341000,2499980644579135674
3,0047.txt,256,original,1,64,42,1100000,26944000,967000,29011000,1101000,27011000,977000,29089000,10022142641444623082
3,0047.txt,256,full,2,64,42,1150000,28791000,1040000,30981000,1160000,29380000,1082000,31622000,10022142641444623082
3,0047.txt,256,compact,0,64,42,1137000,27060000,834000,29031000,1138000,27089000,844000,29071000,10022142641444623082
3,0048.txt,192,original,0,64,47,1031000,15851000,754000,17636000,1111000,16052000,774000,17937000,3768764602654705949
3,0048.txt,192,full,1,64,47,989000,16345000,759000,18093000,993000,16528000,765000,18286000,3768764602654705949
3,0048.txt,192,compact,2,64,47,949000,16205000,580000,17734000,950000,16609000,596000,18155000,3768764602654705949
3,0049.txt,192,original,2,64,46,1055000,13870000,590000,15515000,1286000,14023000,598000,15907000,5345024174446336161
3,0049.txt,192,full,0,64,46,904000,14565000,612000,16081000,941000,14725000,637000,16303000,5345024174446336161
3,0049.txt,192,compact,1,64,46,755000,14517000,479000,15751000,774000,14578000,488000,15840000,5345024174446336161
3,0050.txt,128,original,1,64,37,243000,5929000,417000,6589000,243000,5944000,416000,6603000,12997574625261075627
3,0050.txt,128,full,2,64,37,240000,6345000,439000,7024000,240000,6421000,471000,7132000,12997574625261075627
3,0050.txt,128,compact,0,64,37,252000,6007000,318000,6577000,252000,6031000,323000,6606000,12997574625261075627
3,0051.txt,160,original,0,64,50,252000,7490000,442000,8184000,252000,7513000,450000,8215000,12279836665363317183
3,0051.txt,160,full,1,64,50,254000,7763000,437000,8454000,253000,7781000,452000,8486000,12279836665363317183
3,0051.txt,160,compact,2,64,50,241000,7745000,343000,8329000,241000,7770000,354000,8365000,12279836665363317183
3,0052.txt,224,original,2,64,49,459000,13434000,653000,14546000,459000,13465000,659000,14583000,9179596259479780699
3,0052.txt,224,full,0,64,49,454000,13997000,669000,15120000,455000,14022000,675000,15152000,9179596259479780699
3,0052.txt,224,compact,1,64,49,455000,14040000,552000,15047000,455000,14071000,560000,15086000,9179596259479780699
3,0053.txt,192,original,1,64,60,241000,7878000,542000,8661000,241000,7893000,565000,8699000,2465353185479614519
3,0053.txt,192,full,2,64,60,239000,8150000,548000,8937000,239000,8168000,571000,8978000,2465353185479614519
3,0053.txt,192,compact,0,64,60,248000,8171000,442000,8861000,247000,8195000,455000,8897000,2465353185479614519
3,0054.txt,256,original,0,64,50,725000,21535000,1062000,23322000,724000,21560000,1071000,23355000,1977551075025097523
3,0054.txt,256,full,1,64,50,728000,23629000,1173000,25530000,727000,23779000,1268000,25774000,1977551075025097523
3,0054.txt,256,compact,2,64,50,740000,23756000,1005000,25501000,741000,24041000,1023000,25805000,1977551075025097523
3,0055.txt,288,original,2,64,39,1299000,25863000,723000,27885000,1300000,26020000,739000,28059000,1917009490484356854
3,0055.txt,288,full,0,64,39,1278000,28137000,784000,30199000,1279000,28822000,829000,30930000,1917009490484356854
3,0055.txt,288,compact,1,64,39,1380000,27803000,702000,29885000,1421000,28532000,761000,30714000,1917009490484356854
3,0056.txt,224,original,1,64,39,470000,11698000,538000,12706000,470000,11719000,554000,12743000,6905413677133017825
3,0056.txt,224,full,2,64,39,467000,12669000,568000,13704000,466000,12772000,586000,13824000,6905413677133017825
3,0056.txt,224,compact,0,64,39,472000,11997000,456000,12925000,472000,12014000,462000,12948000,6905413677133017825
3,0057.txt,256,original,0,64,54,835000,20694000,1022000,22551000,836000,21050000,1046000,22932000,10523818247767909617
3,0057.txt,256,full,1,64,54,818000,19647000,962000,21427000,818000,19672000,983000,21473000,10523818247767909617
3,0057.txt,256,compact,2,64,54,814000,20206000,873000,21893000,814000,20441000,887000,22142000,10523818247767909617
3,0058.txt,256,original,2,64,47,630000,21397000,1012000,23039000,631000,21576000,1021000,23228000,8747116303198179067
3,0058.txt,256,full,0,64,47,653000,23048000,1062000,24763000,653000,23422000,1072000,25147000,8747116303198179067
3,0058.txt,256,compact,1,64,47,622000,22463000,898000,23983000,622000,22718000,911000,24251000,8747116303198179067
3,0059.txt,192,original,1,64,47,106000,4930000,240000,5276000,105000,4941000,246000,5292000,8776027305845615921
3,0059.txt,192,full,2,64,47,101000,5229000,255000,5585000,102000,5248000,270000,5620000,8776027305845615921
3,0059.txt,192,compact,0,64,47,111000,5213000,191000,5515000,112000,5227000,205000,5544000,8776027305845615921
3,0060.txt,224,original,0,64,40,229000,11403000,510000,12142000,230000,11424000,526000,12180000,9265774647566182347
3,0060.txt,224,full,1,64,40,228000,11479000,508000,12215000,229000,11492000,516000,12237000,9265774647566182347
3,0060.txt,224,compact,2,64,40,218000,11743000,464000,12425000,219000,11763000,478000,12460000,9265774647566182347
3,0061.txt,192,original,2,64,47,694000,18795000,977000,20466000,695000,18970000,996000,20661000,9109783169076520820
3,0061.txt,192,full,0,64,47,698000,18057000,941000,19696000,699000,18082000,949000,19730000,9109783169076520820
3,0061.txt,192,compact,1,64,47,688000,18566000,759000,20013000,689000,18589000,775000,20053000,9109783169076520820
3,0062.txt,224,original,1,64,51,531000,16385000,652000,17568000,531000,16416000,667000,17614000,6235176586112113050
3,0062.txt,224,full,2,64,51,560000,17019000,670000,18249000,559000,17049000,685000,18293000,6235176586112113050
3,0062.txt,224,compact,0,64,51,502000,17102000,546000,18150000,502000,17137000,553000,18192000,6235176586112113050
3,0063.txt,256,original,0,64,43,541000,16622000,866000,18029000,541000,16652000,875000,18068000,2811221567898568818
3,0063.txt,256,full,1,64,43,569000,17690000,887000,19146000,570000,17865000,889000,19324000,2811221567898568818
3,0063.txt,256,compact,2,64,43,539000,20013000,870000,21422000,540000,21879000,941000,23360000,2811221567898568818
3,0064.txt,224,original,2,64,44,424000,6824000,629000,7877000,424000,6843000,638000,7905000,6923825489153610959
3,0064.txt,224,full,0,64,44,422000,7121000,617000,8160000,423000,7165000,632000,8220000,6923825489153610959
3,0064.txt,224,compact,1,64,44,407000,7339000,518000,8264000,407000,7471000,527000,8405000,6923825489153610959
3,0065.txt,192,original,1,64,43,207000,8305000,515000,9027000,216000,8330000,527000,9073000,17408032648247834609
3,0065.txt,192,full,2,64,43,191000,8845000,531000,9567000,191000,8880000,551000,9622000,17408032648247834609
3,0065.txt,192,compact,0,64,43,190000,8505000,450000,9145000,190000,8550000,471000,9211000,17408032648247834609
3,0066.txt,224,original,0,64,29,999000,23150000,986000,25135000,1000000,23183000,992000,25175000,8875708553305440087
3,0066.txt,224,full,1,64,29,943000,23464000,976000,25383000,944000,23518000,982000,25444000,8875708553305440087
3,0066.txt,224,compact,2,64,29,928000,23377000,847000,25152000,927000,23506000,851000,25284000,8875708553305440087
3,0067.txt,192,original,2,64,37,327000,10688000,549000,11564000,327000,10703000,564000,11594000,1054547824349595996
3,0067.txt,192,full,0,64,37,335000,11406000,578000,12319000,334000,11457000,590000,12381000,1054547824349595996
3,0067.txt,192,compact,1,64,37,327000,10988000,471000,11786000,327000,11004000,474000,11805000,1054547824349595996
3,0068.txt,352,original,1,64,36,1898000,28580000,1034000,31512000,1899000,28613000,1037000,31549000,16704674484913076321
3,0068.txt,352,full,2,64,36,1926000,29544000,1038000,32508000,1934000,29579000,1045000,32558000,16704674484913076321
3,0068.txt,352,compact,0,64,36,1864000,29631000,1000000,32495000,1864000,29648000,1010000,32522000,16704674484913076321
3,0069.txt,128,original,0,64,55,255000,7948000,500000,8703000,256000,7971000,518000,8745000,10272637644074201381
3,0069.txt,128,full,1,64,55,252000,8080000,506000,8838000,252000,8109000,514000,8875000,10272637644074201381
3,0069.txt,128,compact,2,64,55,243000,8093000,367000,8703000,243000,8117000,379000,8739000,10272637644074201381
3,0070.txt,320,original,2,64,43,1244000,45560000,1517000,48321000,1245000,45668000,1533000,48446000,6636878282639228694
3,0070.txt,320,full,0,64,43,1224000,45590000,1437000,48251000,1224000,45622000,1451000,48297000,6636878282639228694
3,0070.txt,320,compact,1,64,43,1217000,45538000,1403000,48158000,1217000,45566000,1420000,48203000,6636878282639228694
3,0071.txt,288,original,1,64,34,1255000,30592000,1084000,32931000,1256000,30656000,1105000,33017000,5480489002906609640
3,0071.txt,288,full,2,64,34,1250000,31603000,1086000,33939000,1250000,31855000,1095000,34200000,5480489002906609640
3,0071.txt,288,compact,0,64,34,1297000,30837000,966000,33100000,1353000,30875000,975000,33203000,5480489002906609640
3,0072.txt,192,original,0,64,53,143000,7711000,411000,8265000,143000,7806000,424000,8373000,3456405102086958663
3,0072.txt,192,full,1,64,53,140000,7530000,394000,8064000,141000,7555000,404000,8100000,3456405102086958663
3,0072.txt,192,compact,2,64,53,136000,7658000,334000,8128000,136000,7699000,338000,8173000,3456405102086958663
3,0073.txt,160,original,2,64,45,812000,15288000,734000,16834000,812000,15356000,748000,16916000,7837691528528546932
3,0073.txt,160,full,0,64,45,787000,15077000,709000,16573000,788000,15099000,728000,16615000,7837691528528546932
3,0073.txt,160,compact,1,64,45,778000,15224000,552000,16554000,777000,15262000,559000,16598000,7837691528528546932
3,0074.txt,128,original,1,64,40,222000,4965000,267000,5454000,221000,4986000,275000,5482000,11002935191480867671
3,0074.txt,128,full,2,64,40,217000,5123000,282000,5622000,217000,5142000,291000,5650000,11002935191480867671
3,0074.txt,128,compact,0,64,40,226000,5476000,206000,5908000,227000,5903000,288000,6418000,11002935191480867671
3,0075.txt,288,original,0,64,30,1031000,28945000,926000,30902000,1031000,29188000,932000,31151000,2583345268107875064
3,0075.txt,288,full,1,64,30,1031000,29269000,935000,31235000,1032000,29513000,942000,31487000,2583345268107875064
3,0075.txt,288,compact,2,64,30,1098000,29014000,838000,30950000,1115000,29230000,847000,31192000,2583345268107875064
3,0076.txt,192,original,2,64,52,754000,19538000,960000,21252000,755000,19567000,973000,21295000,14019256839176950374
3,0076.txt,192,full,0,64,52,767000,20067000,970000,21804000,767000,20095000,989000,21851000,14019256839176950374
3,0076.txt,192,compact,1,64,52,748000,20147000,775000,21670000,749000,20168000,793000,21710000,14019256839176950374
3,0077.txt,128,original,1,64,55,168000,6440000,342000,6950000,168000,6458000,348000,6974000,17479160985738783937
3,0077.txt,128,full,2,64,55,172000,6613000,333000,7118000,172000,6638000,342000,7152000,17479160985738783937
3,0077.txt,128,compact,0,64,55,174000,6526000,235000,6935000,175000,6545000,245000,6965000,17479160985738783937
3,0078.txt,224,original,0,64,44,708000,14828000,867000,16403000,707000,14847000,883000,16437000,14185763832882636607
3,0078.txt,224,full,1,64,44,709000,14995000,877000,16581000,710000,15011000,883000,16604000,14185763832882636607
3,0078.txt,224,compact,2,64,44,703000,15181000,730000,16614000,704000,15196000,746000,16646000,14185763832882636607
3,0079.txt,160,original,2,64,48,90000,4160000,284000,4534000,90000,4184000,286000,4560000,18107065893375765734
3,0079.txt,160,full,0,64,48,87000,4273000,269000,4629000,87000,4290000,282000,4659000,18107065893375765734
3,0079.txt,160,compact,1,64,48,77000,4358000,233000,4668000,77000,4375000,242000,4694000,18107065893375765734
3,0080.txt,192,original,1,64,48,525000,14715000,640000,15880000,524000,14761000,644000,15929000,7914294815535909058
3,0080.txt,192,full,2,64,48,520000,14575000,617000,15712000,521000,14588000,637000,15746000,7914294815535909058
3,0080.txt,192,compact,0,64,48,510000,15147000,498000,16155000,510000,15214000,505000,16229000,7914294815535909058
3,0081.txt,256,original,0,64,48,1637000,44483000,1186000,47306000,1637000,44504000,1185000,47326000,12611955559657520540
3,0081.txt,256,full,1,64,48,1631000,45625000,1196000,48452000,1632000,45650000,1208000,48490000,12611955559657520540
3,0081.txt,256,compact,2,64,48,1620000,45537000,1000000,48157000,1621000,45561000,1021000,48203000,12611955559657520540
3,0082.txt,224,original,2,64,43,1090000,21841000,1071000,24002000,1091000,21861000,1083000,24035000,15976384220259857970
3,0082.txt,224,full,0,64,43,1093000,22335000,1077000,24505000,1093000,22362000,1091000,24546000,15976384220259857970
3,0082.txt,224,compact,1,64,43,1083000,22322000,903000,24308000,1082000,22341000,910000,24333000,15976384220259857970
3,0083.txt,160,original,1,64,45,401000,10213000,526000,11140000,401000,10240000,527000,11168000,2709579689513296368
3,0083.txt,160,full,2,64,45,409000,10443000,519000,11371000,409000,10470000,522000,11401000,2709579689513296368
3,0083.txt,160,compact,0,64,45,404000,10486000,388000,11278000,405000,10510000,396000,11311000,2709579689513296368
3,0084.txt,224,original,0,64,29,1174000,16021000,643000,17838000,1175000,16056000,646000,17877000,8219160516625378647
3,0084.txt,224,full,1,64,29,1181000,16112000,631000,17924000,1181000,16131000,640000,17952000,8219160516625378647
3,0084.txt,224,compact,2,64,29,1175000,16122000,532000,17829000,1176000,16144000,535000,17855000,8219160516625378647
3,0085.txt,256,original,2,64,52,389000,9476000,726000,10591000,389000,9497000,738000,10624000,9843680023606892368
3,0085.txt,256,full,0,64,52,406000,9843000,723000,10972000,406000,9872000,736000,11014000,9843680023606892368
3,0085.txt,256,compact,1,64,52,381000,9963000,627000,10971000,381000,9981000,636000,10998000,9843680023606892368
3,0086.txt,96,original,1,64,41,133000,4189000,298000,4620000,134000,4213000,312000,4659000,1746008403728494063
3,0086.txt,96,full,2,64,41,130000,4480000,308000,4918000,130000,4504000,315000,4949000,1746008403728494063
3,0086.txt,96,compact,0,64,41,139000,4375000,229000,4743000,139000,4412000,237000,4788000,1746008403728494063
3,0087.txt,224,original,0,64,56,306000,8072000,487000,8865000,347000,8097000,500000,8944000,6062298770127305429
3,0087.txt,224,full,1,64,56,254000,8349000,497000,9100000,254000,8364000,514000,9132000,6062298770127305429
3,0087.txt,224,compact,2,64,56,252000,8259000,403000,8914000,253000,8274000,424000,8951000,6062298770127305429
3,0088.txt,224,original,2,64,51,366000,11291000,654000,12311000,366000,12969000,703000,14038000,1932990849624522106
3,0088.txt,224,full,0,64,51,373000,9598000,554000,10525000,373000,9610000,567000,10550000,1932990849624522106
3,0088.txt,224,compact,1,64,51,363000,9699000,459000,10521000,363000,9728000,472000,10563000,1932990849624522106
3,0089.txt,320,original,1,64,37,1330000,42933000,1220000,45483000,1330000,44223000,1343000,46896000,6980722571508482437
3,0089.txt,320,full,2,64,37,1344000,46583000,1231000,49158000,1352000,50723000,1288000,53363000,6980722571508482437
3,0089.txt,320,compact,0,64,37,1312000,43267000,1096000,45675000,1339000,44534000,1139000,47012000,6980722571508482437
3,0090.txt,224,original,0,64,36,248000,8407000,490000,9145000,248000,8508000,513000,9269000,17418676575136399411
3,0090.txt,224,full,1,64,36,397000,9972000,557000,10926000,454000,11269000,635000,12358000,17418676575136399411
3,0090.txt,224,compact,2,64,36,229000,10133000,518000,10880000,230000,10934000,568000,11732000,17418676575136399411
3,0091.txt,128,original,2,64,49,287000,5984000,346000,6617000,289000,6096000,359000,6744000,6905654600788291276
3,0091.txt,128,full,0,64,49,302000,6139000,357000,6798000,317000,6283000,367000,6967000,6905654600788291276
3,0091.txt,128,compact,1,64,49,259000,7498000,309000,8066000,260000,8523000,325000,9108000,6905654600788291276
3,0092.txt,320,original,1,64,34,2270000,41993000,1675000,45938000,2270000,42093000,1688000,46051000,17892104883127441197
3,0092.txt,320,full,2,64,34,2347000,43732000,1652000,47731000,2420000,44132000,1652000,48204000,17892104883127441197
3,0092.txt,320,compact,0,64,34,2782000,45079000,1727000,49588000,3098000,46036000,1758000,50892000,17892104883127441197
3,0093.txt,128,original,0,63,60,120000,6203000,497000,6820000,121000,6805000,560000,7486000,9403735909905401337
3,0093.txt,128,full,1,63,60,130000,6174000,453000,6757000,131000,6599000,487000,7217000,9403735909905401337
3,0093.txt,128,compact,2,63,60,114000,6613000,435000,7162000,114000,7405000,487000,8006000,9403735909905401337
3,0094.txt,288,original,2,64,59,312000,9087000,584000,9983000,372000,9757000,625000,10754000,15807896437645640352
3,0094.txt,288,full,0,64,59,314000,9343000,576000,10233000,350000,9806000,634000,10790000,15807896437645640352
3,0094.txt,288,compact,1,64,59,251000,9124000,486000,9861000,252000,9455000,513000,10220000,15807896437645640352
3,0095.txt,192,original,1,64,40,930000,21251000,749000,22930000,964000,21660000,771000,23395000,14558885443859604524
3,0095.txt,192,full,2,64,40,876000,20417000,723000,22016000,877000,20786000,766000,22429000,14558885443859604524
3,0095.txt,192,compact,0,64,40,868000,20968000,603000,22439000,869000,21512000,620000,23001000,14558885443859604524
3,0096.txt,160,original,0,64,62,201000,6717000,379000,7297000,201000,6887000,390000,7478000,9102786252669791947
3,0096.txt,160,full,1,64,62,193000,7123000,382000,7698000,194000,7469000,401000,8064000,9102786252669791947
3,0096.txt,160,compact,2,64,62,195000,7119000,284000,7598000,196000,7286000,298000,7780000,9102786252669791947
3,0097.txt,288,original,2,64,36,1561000,45743000,1757000,49061000,1615000,46620000,1775000,50010000,2803104666536711401
3,0097.txt,288,full,0,64,36,1495000,46336000,1721000,49552000,1560000,46768000,1729000,50057000,2803104666536711401
3,0097.txt,288,compact,1,64,36,1455000,46320000,1592000,49367000,1465000,46789000,1602000,49856000,2803104666536711401
3,0098.txt,160,original,1,64,55,288000,8148000,651000,9087000,288000,8607000,688000,9583000,9847453008769540877
3,0098.txt,160,full,2,64,55,291000,8091000,624000,9006000,291000,8168000,629000,9088000,9847453008769540877
3,0098.txt,160,compact,0,64,55,281000,7751000,480000,8512000,281000,7813000,491000,8585000,9847453008769540877
3,0099.txt,256,original,0,64,38,526000,13740000,546000,14812000,525000,13874000,558000,14957000,446694983656461108
3,0099.txt,256,full,1,64,38,516000,14616000,553000,15685000,516000,15425000,575000,16516000,446694983656461108
3,0099.txt,256,compact,2,64,38,512000,13886000,499000,14897000,513000,14621000,538000,15672000,446694983656461108
4,0000.txt,128,original,2,37,37,70000,1406000,204000,1680000,71000,1572000,231000,1874000,816204004610948454
4,0000.txt,128,full,0,37,37,87000,1550000,157000,1794000,105000,1689000,168000,1962000,816204004610948454
4,0000.txt,128,compact,1,37,37,68000,1406000,122000,1596000,69000,1465000,125000,1659000,816204004610948454
4,0001.txt,160,original,1,64,47,177000,7086000,434000,7697000,178000,7340000,475000,7993000,9659342416910865731
4,0001.txt,160,full,2,64,47,165000,6595000,411000,7171000,166000,6689000,445000,7300000,9659342416910865731
4,0001.txt,160,compact,0,64,47,170000,7343000,321000,7834000,169000,8255000,385000,8809000,9659342416910865731
4,0002.txt,160,original,0,64,62,245000,8694000,555000,9494000,245000,9510000,561000,10316000,13336614233393630273
4,0002.txt,160,full,1,64,62,233000,8535000,531000,9299000,234000,8593000,542000,9369000,13336614233393630273
4,0002.txt,160,compact,2,64,62,247000,8391000,400000,9038000,250000,8657000,420000,9327000,13336614233393630273
4,0003.txt,288,original,2,64,37,225000,8863000,399000,9487000,225000,9025000,412000,9662000,9846154642387442228
4,0003.txt,288,full,0,64,37,203000,9330000,396000,9929000,204000,9504000,407000,10115000,9846154642387442228
4,0003.txt,288,compact,1,64,37,222000,9420000,365000,10007000,226000,9580000,377000,10183000,9846154642387442228
4,0004.txt,224,original,1,64,39,858000,25223000,747000,26828000,885000,25703000,760000,27348000,5868743466089011035
4,0004.txt,224,full,2,64,39,881000,27004000,757000,28642000,927000,27270000,769000,28966000,5868743466089011035
4,0004.txt,224,compact,0,64,39,848000,26293000,638000,27779000,847000,26592000,649000,28088000,5868743466089011035
4,0005.txt,224,original,0,64,26,1562000,38884000,1630000,42076000,1576000,39573000,1711000,42860000,10086671006629847274
4,0005.txt,224,full,1,64,26,1497000,37969000,1476000,40942000,1498000,38136000,1484000,41118000,10086671006629847274
4,0005.txt,224,compact,2,64,26,1510000,37850000,1313000,40673000,1511000,37997000,1319000,40827000,10086671006629847274
4,0006.txt,128,original,2,64,46,267000,5358000,351000,5976000,267000,5371000,359000,5997000,507186591489129217
4,0006.txt,128,full,0,64,46,273000,5539000,345000,6157000,274000,5552000,363000,6189000,507186591489129217
4,0006.txt,128,compact,1,64,46,261000,5507000,239000,6007000,260000,5522000,247000,6029000,507186591489129217
4,0007.txt,128,original,1,64,52,256000,7483000,425000,8164000,256000,7508000,440000,8204000,2674825041975378044
4,0007.txt,128,full,2,64,52,250000,7699000,419000,8368000,251000,7721000,436000,8408000,2674825041975378044
4,0007.txt,128,compact,0,64,52,249000,7762000,306000,8317000,250000,7777000,311000,8338000,2674825041975378044
4,0008.txt,128,original,0,64,40,260000,8313000,359000,8932000,260000,8335000,369000,8964000,17920141965280989340
4,0008.txt,128,full,1,64,40,259000,8762000,372000,9393000,258000,8773000,384000,9415000,17920141965280989340
4,0008.txt,128,compact,2,64,40,258000,8447000,271000,8976000,256000,8469000,283000,9008000,17920141965280989340
4,0009.txt,192,original,2,64,58,122000,6912000,392000,7426000,123000,6941000,400000,7464000,14208774129454741819
4,0009.txt,192,full,0,64,58,120000,7040000,383000,7543000,120000,7065000,386000,7571000,14208774129454741819
4,0009.txt,192,compact,1,64,58,117000,7057000,312000,7486000,117000,7070000,330000,7517000,14208774129454741819
4,0010.txt,128,original,1,64,52,125000,3303000,273000,3701000,125000,3321000,290000,3736000,14723523622886612699
4,0010.txt,128,full,2,64,52,111000,3336000,260000,3707000,112000,3357000,269000,3738000,14723523622886612699
4,0010.txt,128,compact,0,64,52,116000,3450000,198000,3764000,116000,3463000,207000,3786000,14723523622886612699
4,0011.txt,192,original,0,64,46,408000,11136000,469000,12013000,409000,11177000,473000,12059000,10525654128450725294
4,0011.txt,192,full,1,64,46,413000,11460000,466000,12339000,413000,11494000,471000,12378000,10525654128450725294
4,0011.txt,192,compact,2,64,46,416000,11262000,358000,12036000,417000,11278000,370000,12065000,10525654128450725294
4,0012.txt,160,original,2,64,42,339000,9439000,373000,10151000,370000,9481000,381000,10232000,18228620964614505709
4,0012.txt,160,full,0,64,42,246000,9573000,356000,10175000,246000,9589000,366000,10201000,18228620964614505709
4,0012.txt,160,compact,1,64,42,256000,10283000,289000,10828000,257000,10416000,299000,10972000,18228620964614505709
4,0013.txt,224,original,1,64,51,339000,10963000,730000,12032000,340000,11236000,753000,12329000,11658144250769295395
4,0013.txt,224,full,2,64,51,330000,11698000,741000,12769000,331000,11820000,760000,12911000,11658144250769295395
4,0013.txt,224,compact,0,64,51,381000,11386000,623000,12390000,405000,11586000,636000,12627000,11658144250769295395
4,0014.txt,288,original,0,64,52,1613000,55924000,1486000,59023000,1615000,56500000,1502000,59617000,3633606904291868902
4,0014.txt,288,full,1,64,52,1645000,57352000,1489000,60486000,1660000,57908000,1504000,61072000,3633606904291868902
4,0014.txt,288,compact,2,64,52,1584000,55995000,1316000,58895000,1586000,56308000,1327000,59221000,3633606904291868902
4,0015.txt,288,original,2,64,42,2395000,54348000,2031000,58774000,2483000,55444000,2066000,59993000,12057676038240002655
4,0015.txt,288,full,0,64,42,2094000,51025000,1850000,54969000,2095000,51063000,1865000,55023000,12057676038240002655
4,0015.txt,288,compact,1,64,42,2927000,52586000,1779000,57292000,3272000,52975000,1803000,58050000,12057676038240002655
4,0016.txt,192,original,1,64,41,314000,10797000,408000,11519000,314000,10998000,417000,11729000,16263700429714567991
4,0016.txt,192,full,2,64,41,325000,10911000,398000,11634000,330000,11011000,409000,11750000,16263700429714567991
4,0016.txt,192,compact,0,64,41,315000,11551000,338000,12204000,316000,11929000,346000,12591000,16263700429714567991
4,0017.txt,192,original,0,64,53,885000,14993000,711000,16589000,886000,15151000,723000,16760000,4847870249899229512
4,0017.txt,192,full,1,64,53,865000,15786000,749000,17400000,866000,16075000,802000,17743000,4847870249899229512
4,0017.txt,192,compact,2,64,53,878000,14906000,532000,16316000,878000,15018000,547000,16443000,4847870249899229512
4,0018.txt,128,original,2,64,34,102000,4097000,181000,4380000,101000,4120000,190000,4411000,2591044257394328704
4,0018.txt,128,full,0,64,34,101000,4465000,229000,4795000,101000,4493000,269000,4863000,2591044257394328704
4,0018.txt,128,compact,1,64,34,99000,4378000,143000,4620000,99000,4401000,151000,4651000,2591044257394328704
4,0019.txt,384,original,1,64,38,4150000,72816000,1864000,78830000,4512000,73287000,1877000,79676000,18413403235399141350
4,0019.txt,384,full,2,64,38,3794000,73563000,1855000,79212000,3818000,73922000,1857000,79597000,18413403235399141350
4,0019.txt,384,compact,0,64,38,3897000,75500000,1920000,81317000,4084000,76003000,1977000,82064000,18413403235399141350
4,0020.txt,160,original,0,64,54,500000,12908000,541000,13949000,500000,13050000,554000,14104000,6655744353329306587
4,0020.txt,160,full,1,64,54,478000,13052000,525000,14055000,478000,13181000,548000,14207000,6655744353329306587
4,0020.txt,160,compact,2,64,54,483000,12419000,379000,13281000,483000,12429000,393000,13305000,6655744353329306587
4,0021.txt,160,original,2,64,54,124000,5152000,355000,5631000,124000,5231000,372000,5727000,10139017720273762941
4,0021.txt,160,full,0,64,54,102000,4897000,328000,5327000,102000,4921000,326000,5349000,10139017720273762941
4,0021.txt,160,compact,1,64,54,102000,5381000,279000,5762000,102000,5434000,303000,5839000,10139017720273762941
4,0022.txt,160,original,1,64,54,101000,5214000,326000,5641000,127000,5228000,339000,5694000,12367056253196356386
4,0022.txt,160,full,2,64,54,97000,5327000,323000,5747000,97000,5355000,337000,5789000,12367056253196356386
4,0022.txt,160,compact,0,64,54,94000,5340000,254000,5688000,94000,5364000,274000,5732000,12367056253196356386
4,0023.txt,160,original,0,64,32,133000,4172000,193000,4498000,133000,4186000,201000,4520000,13661901359584633416
4,0023.txt,160,full,1,64,32,138000,4496000,206000,4840000,138000,4514000,213000,4865000,13661901359584633416
4,0023.txt,160,compact,2,64,32,133000,4269000,153000,4555000,134000,4288000,162000,4584000,13661901359584633416
4,0024.txt,192,original,2,64,37,173000,6147000,387000,6707000,173000,6162000,396000,6731000,14100779623175012850
4,0024.txt,192,full,0,64,37,166000,6298000,386000,6850000,167000,6308000,398000,6873000,14100779623175012850
4,0024.txt,192,compact,1,64,37,176000,6987000,368000,7531000,177000,7034000,388000,7599000,14100779623175012850
4,0025.txt,192,original,1,64,57,103000,3159000,242000,3504000,103000,3179000,262000,3544000,16693701477626876418
4,0025.txt,192,full,2,64,57,98000,3345000,254000,3697000,99000,3363000,268000,3730000,16693701477626876418
4,0025.txt,192,compact,0,64,57,98000,3646000,214000,3958000,98000,3671000,231000,4000000,16693701477626876418
4,0026.txt,256,original,0,64,43,211000,7351000,442000,8004000,211000,7378000,453000,8042000,12399338981540513818
4,0026.txt,256,full,1,64,43,224000,7360000,425000,8009000,224000,7382000,440000,8046000,12399338981540513818
4,0026.txt,256,compact,2,64,43,214000,8373000,442000,9029000,214000,8566000,448000,9228000,12399338981540513818
4,0027.txt,128,original,2,64,31,312000,6831000,405000,7548000,312000,7244000,475000,8031000,7331911850896128959
4,0027.txt,128,full,0,64,31,311000,6058000,319000,6688000,311000,6081000,318000,6710000,7331911850896128959
4,0027.txt,128,compact,1,64,31,289000,6262000,242000,6793000,290000,6281000,252000,6823000,7331911850896128959
4,0028.txt,256,original,1,64,47,664000,18631000,1025000,20320000,664000,18688000,1039000,20391000,16501633472421096672
4,0028.txt,256,full,2,64,47,651000,19358000,1031000,21040000,657000,19404000,1043000,21104000,16501633472421096672
4,0028.txt,256,compact,0,64,47,1083000,19520000,927000,21530000,1274000,19692000,933000,21899000,16501633472421096672
4,0029.txt,288,original,0,64,41,888000,24212000,742000,25842000,888000,24251000,749000,25888000,3006019691893062148
4,0029.txt,288,full,1,64,41,887000,24642000,747000,26276000,888000,24675000,754000,26317000,3006019691893062148
4,0029.txt,288,compact,2,64,41,870000,24873000,677000,26420000,901000,25045000,685000,26631000,3006019691893062148
4,0030.txt,256,original,2,64,44,1179000,19907000,1507000,22593000,1179000,19932000,1522000,22633000,3998580007914902329
4,0030.txt,256,full,0,64,44,1232000,20433000,1503000,23168000,1248000,20456000,1515000,23219000,3998580007914902329
4,0030.txt,256,compact,1,64,44,1174000,20823000,1386000,23383000,1175000,20843000,1394000,23412000,3998580007914902329
4,0031.txt,160,original,1,64,49,223000,11279000,451000,11953000,224000,11307000,464000,11995000,1277513514513811977
4,0031.txt,160,full,2,64,49,229000,11342000,454000,12025000,230000,11360000,460000,12050000,1277513514513811977
4,0031.txt,160,compact,0,64,49,232000,11384000,361000,11977000,232000,11408000,372000,12012000,1277513514513811977
4,0032.txt,224,original,0,64,48,311000,12468000,486000,13265000,311000,12492000,501000,13304000,12827533860645535518
4,0032.txt,224,full,1,64,48,299000,13152000,496000,13947000,300000,13178000,505000,13983000,12827533860645535518
4,0032.txt,224,compact,2,64,48,303000,12887000,410000,13600000,304000,12907000,421000,13632000,12827533860645535518
4,0033.txt,160,original,2,64,43,389000,10404000,435000,11228000,390000,10429000,442000,11261000,13693103595731326709
4,0033.txt,160,full,0,64,43,393000,10804000,433000,11630000,394000,10824000,438000,11656000,13693103595731326709
4,0033.txt,160,compact,1,64,43,385000,10885000,326000,11596000,385000,10906000,342000,11633000,13693103595731326709
4,0034.txt,288,original,1,64,41,1341000,27237000,1391000,29969000,1457000,27519000,1405000,30381000,11851417704820801821
4,0034.txt,288,full,2,64,41,1182000,26864000,1323000,29369000,1183000,26901000,1339000,29423000,11851417704820801821
4,0034.txt,288,compact,0,64,41,1180000,27387000,1276000,29843000,1181000,27467000,1288000,29936000,11851417704820801821
4,0035.txt,128,original,0,49,37,77000,2393000,203000,2673000,78000,2414000,209000,2701000,1966248127026479111
4,0035.txt,128,full,1,49,37,69000,2487000,202000,2758000,69000,2506000,215000,2790000,1966248127026479111
4,0035.txt,128,compact,2,49,37,59000,2492000,164000,2715000,60000,2506000,171000,2737000,1966248127026479111
4,0036.txt,192,original,2,64,50,750000,17480000,683000,18913000,750000,17503000,684000,18937000,3582229042672705885
4,0036.txt,192,full,0,64,50,725000,18668000,675000,20068000,725000,18756000,686000,20167000,3582229042672705885
4,0036.txt,192,compact,1,64,50,742000,18800000,532000,20074000,743000,19107000,583000,20433000,3582229042672705885
4,0037.txt,288,original,1,64,45,599000,15873000,824000,17296000,601000,15899000,835000,17335000,11367272562188583031
4,0037.txt,288,full,2,64,45,579000,16476000,826000,17881000,580000,16499000,845000,17924000,11367272562188583031
4,0037.txt,288,compact,0,64,45,585000,16730000,768000,18083000,585000,16784000,769000,18138000,11367272562188583031
4,0038.txt,192,original,0,64,55,255000,7925000,536000,8716000,256000,7943000,555000,8754000,5000358612861532629
4,0038.txt,192,full,1,64,55,254000,8165000,530000,8949000,255000,8186000,553000,8994000,5000358612861532629
4,0038.txt,192,compact,2,64,55,267000,8337000,449000,9053000,271000,8363000,448000,9082000,5000358612861532629
4,0039.txt,256,original,2,64,43,181000,7323000,359000,7863000,181000,7346000,363000,7890000,1713245602201241720
4,0039.txt,256,full,0,64,43,182000,8335000,386000,8903000,183000,8857000,430000,9470000,1713245602201241720
4,0039.txt,256,compact,1,64,43,176000,8154000,325000,8655000,177000,8232000,334000,8743000,1713245602201241720
4,0040.txt,224,original,1,64,43,158000,8737000,586000,9481000,157000,8760000,591000,9508000,872385857505348709
4,0040.txt,224,full,2,64,43,161000,8581000,564000,9306000,161000,8603000,576000,9340000,872385857505348709
4,0040.txt,224,compact,0,64,43,158000,8909000,514000,9581000,158000,8939000,523000,9620000,872385857505348709
4,0041.txt,160,original,0,64,56,224000,7117000,358000,7699000,225000,7138000,371000,7734000,10397856525299628427
4,0041.txt,160,full,1,64,56,225000,7293000,358000,7876000,225000,7317000,375000,7917000,10397856525299628427
4,0041.txt,160,compact,2,64,56,214000,7446000,287000,7947000,213000,7468000,291000,7972000,10397856525299628427
4,0042.txt,352,original,2,64,36,1130000,30682000,920000,32732000,1129000,30717000,931000,32777000,12427270659438181611
4,0042.txt,352,full,0,64,36,1155000,32322000,934000,34411000,1155000,32511000,947000,34613000,12427270659438181611
4,0042.txt,352,compact,1,64,36,1157000,31963000,885000,34005000,1157000,31999000,892000,34048000,12427270659438181611
4,0043.txt,160,original,1,64,27,274000,7753000,383000,8410000,274000,7764000,383000,8421000,17317113132050913222
4,0043.txt,160,full,2,64,27,271000,7794000,380000,8445000,271000,7821000,384000,8476000,17317113132050913222
4,0043.txt,160,compact,0,64,27,281000,7790000,310000,8381000,282000,7810000,312000,8404000,17317113132050913222
4,0044.txt,192,original,0,64,35,473000,12680000,453000,13606000,481000,12692000,458000,13631000,14244673959848913933
4,0044.txt,192,full,1,64,35,447000,13771000,469000,14687000,448000,14014000,477000,14939000,14244673959848913933
4,0044.txt,192,compact,2,64,35,444000,13139000,358000,13941000,444000,13155000,369000,13968000,14244673959848913933
4,0045.txt,192,original,2,64,42,638000,9233000,535000,10406000,638000,9253000,549000,10440000,11015969575620966037
4,0045.txt,192,full,0,64,42,624000,9768000,548000,10940000,625000,9782000,556000,10963000,11015969575620966037
4,0045.txt,192,compact,1,64,42,624000,9450000,415000,10489000,624000,9468000,422000,10514000,11015969575620966037
4,0046.txt,128,original,1,64,43,391000,10337000,429000,11157000,391000,10358000,439000,11188000,2499980644579135674
4,0046.txt,128,full,2,64,43,414000,10585000,429000,11428000,428000,10607000,439000,11474000,2499980644579135674
4,0046.txt,128,compact,0,64,43,402000,10925000,314000,11641000,403000,10939000,323000,11665000,2499980644579135674
4,0047.txt,256,original,0,64,42,1100000,26559000,955000,28614000,1101000,26581000,963000,28645000,10022142641444623082
4,0047.txt,256,full,1,64,42,1113000,27349000,954000,29416000,1113000,27380000,965000,29458000,10022142641444623082
4,0047.txt,256,compact,2,64,42,1094000,27221000,853000,29168000,1095000,27239000,859000,29193000,10022142641444623082
4,0048.txt,192,original,2,64,47,932000,14748000,692000,16372000,932000,14775000,716000,16423000,3768764602654705949
4,0048.txt,192,full,0,64,47,944000,15466000,726000,17136000,945000,15489000,731000,17165000,3768764602654705949
4,0048.txt,192,compact,1,64,47,931000,15170000,538000,16639000,932000,15189000,552000,16673000,3768764602654705949
4,0049.txt,192,original,1,64,46,722000,13367000,574000,14663000,723000,13379000,589000,14691000,5345024174446336161
4,0049.txt,192,full,2,64,46,721000,13866000,579000,15166000,722000,13881000,585000,15188000,5345024174446336161
4,0049.txt,192,compact,0,64,46,694000,13968000,461000,15123000,694000,13987000,472000,15153000,5345024174446336161
4,0050.txt,128,original,0,64,37,244000,6051000,417000,6712000,243000,6077000,426000,6746000,12997574625261075627
4,0050.txt,128,full,1,64,37,245000,6074000,414000,6733000,245000,6090000,422000,6757000,12997574625261075627
4,0050.txt,128,compact,2,64,37,235000,6072000,315000,6622000,235000,6092000,324000,6651000,12997574625261075627
4,0051.txt,160,original,2,64,50,248000,7514000,433000,8195000,248000,7538000,449000,8235000,12279836665363317183
4,0051.txt,160,full,0,64,50,267000,7672000,443000,8382000,267000,7704000,445000,8416000,12279836665363317183
4,0051.txt,160,compact,1,64,50,242000,7802000,333000,8377000,243000,7822000,347000,8412000,12279836665363317183
4,0052.txt,224,original,1,64,49,457000,13453000,655000,14565000,459000,13478000,669000,14606000,9179596259479780699
4,0052.txt,224,full,2,64,49,463000,14108000,669000,15240000,463000,14139000,682000,15284000,9179596259479780699
4,0052.txt,224,compact,0,64,49,452000,13760000,553000,14765000,453000,13782000,567000,14802000,9179596259479780699
4,0053.txt,192,original,0,64,60,252000,8029000,553000,8834000,253000,8052000,558000,8863000,2465353185479614519
4,0053.txt,192,full,1,64,60,246000,8121000,554000,8921000,245000,8136000,563000,8944000,2465353185479614519
4,0053.txt,192,compact,2,64,60,239000,8143000,435000,8817000,238000,8154000,451000,8843000,2465353185479614519
4,0054.txt,256,original,2,64,50,749000,21533000,1074000,23356000,749000,21558000,1081000,23388000,1977551075025097523
4,0054.txt,256,full,0,64,50,728000,22380000,1063000,24171000,728000,22407000,1073000,24208000,1977551075025097523
4,0054.txt,256,compact,1,64,50,730000,22525000,954000,24209000,730000,22556000,968000,24254000,1977551075025097523
4,0055.txt,288,original,1,64,39,1217000,25022000,728000,26967000,1217000,25048000,735000,27000000,1917009490484356854
4,0055.txt,288,full,2,64,39,1256000,25992000,719000,27967000,1258000,26014000,738000,28010000,1917009490484356854
4,0055.txt,288,compact,0,64,39,1248000,26115000,654000,28017000,1248000,26135000,664000,28047000,1917009490484356854
4,0056.txt,224,original,0,64,39,479000,11505000,532000,12516000,478000,11529000,546000,12553000,6905413677133017825
4,0056.txt,224,full,1,64,39,461000,11877000,539000,12877000,461000,11892000,552000,12905000,6905413677133017825
4,0056.txt,224,compact,2,64,39,457000,11805000,442000,12704000,457000,11823000,453000,12733000,6905413677133017825
4,0057.txt,256,original,2,64,54,806000,19062000,974000,20842000,807000,19083000,1002000,20892000,10523818247767909617
4,0057.txt,256,full,0,64,54,803000,19316000,953000,21072000,804000,19334000,962000,21100000,10523818247767909617
4,0057.txt,256,compact,1,64,54,811000,19371000,832000,21014000,811000,19400000,842000,21053000,10523818247767909617
4,0058.txt,256,original,1,64,47,702000,23227000,1148000,25077000,735000,24387000,1321000,26443000,8747116303198179067
4,0058.txt,256,full,2,64,47,657000,25205000,1194000,27056000,657000,27277000,1423000,29357000,8747116303198179067
4,0058.txt,256,compact,0,64,47,610000,24489000,1051000,26150000,611000,26848000,1221000,28680000,8747116303198179067
4,0059.txt,192,original,0,64,47,139000,5036000,247000,5422000,140000,5061000,261000,5462000,8776027305845615921
4,0059.txt,192,full,1,64,47,112000,7596000,358000,8066000,112000,9693000,466000,10271000,8776027305845615921
4,0059.txt,192,compact,2,64,47,220000,7040000,323000,7583000,282000,8398000,399000,9079000,8776027305845615921
4,0060.txt,224,original,2,64,40,261000,16369000,815000,17445000,262000,20151000,952000,21365000,9265774647566182347
4,0060.txt,224,full,0,64,40,327000,15154000,651000,16132000,371000,18043000,743000,19157000,9265774647566182347
4,0060.txt,224,compact,1,64,40,418000,18349000,762000,19529000,711000,23322000,1013000,25046000,9265774647566182347
4,0061.txt,192,original,1,64,47,761000,19964000,1101000,21826000,761000,20440000,1175000,22376000,9109783169076520820
4,0061.txt,192,full,2,64,47,1040000,20082000,1057000,22179000,1123000,20841000,1192000,23156000,9109783169076520820
4,0061.txt,192,compact,0,64,47,771000,20475000,843000,22089000,786000,21404000,896000,23086000,9109783169076520820
4,0062.txt,224,original,0,64,51,515000,18320000,735000,19570000,516000,19620000,747000,20883000,6235176586112113050
4,0062.txt,224,full,1,64,51,543000,18580000,712000,19835000,544000,19285000,764000,20593000,6235176586112113050
4,0062.txt,224,compact,2,64,51,628000,18683000,612000,19923000,755000,19296000,655000,20706000,6235176586112113050
4,0063.txt,256,original,2,64,43,583000,18140000,939000,19662000,587000,18745000,957000,20289000,2811221567898568818
4,0063.txt,256,full,0,64,43,546000,18436000,962000,19944000,546000,19262000,979000,20787000,2811221567898568818
4,0063.txt,256,compact,1,64,43,569000,18789000,839000,20197000,569000,19556000,879000,21004000,2811221567898568818
4,0064.txt,224,original,1,64,44,452000,7642000,690000,8784000,453000,8120000,747000,9320000,6923825489153610959
4,0064.txt,224,full,2,64,44,415000,7397000,663000,8475000,414000,7459000,695000,8568000,6923825489153610959
4,0064.txt,224,compact,0,64,44,433000,7336000,531000,8300000,433000,7394000,547000,8374000,6923825489153610959
4,0065.txt,192,original,0,64,43,210000,9254000,569000,10033000,210000,9619000,598000,10427000,17408032648247834609
4,0065.txt,192,full,1,64,43,205000,9076000,552000,9833000,207000,9127000,560000,9894000,17408032648247834609
4,0065.txt,192,compact,2,64,43,303000,9225000,509000,10037000,377000,9632000,583000,10592000,17408032648247834609
4,0066.txt,224,original,2,64,29,985000,24222000,1031000,26238000,984000,24526000,1036000,26546000,8875708553305440087
4,0066.txt,224,full,0,64,29,1011000,25073000,1051000,27135000,1021000,26467000,1058000,28546000,8875708553305440087
4,0066.txt,224,compact,1,64,29,972000,25586000,929000,27487000,973000,26443000,960000,28376000,8875708553305440087
4,0067.txt,192,original,1,64,37,351000,11673000,577000,12601000,351000,11916000,605000,12872000,1054547824349595996
4,0067.txt,192,full,2,64,37,341000,12844000,598000,13783000,342000,13340000,606000,14288000,1054547824349595996
4,0067.txt,192,compact,0,64,37,339000,12460000,528000,13327000,340000,12686000,535000,13561000,1054547824349595996
4,0068.txt,352,original,0,64,36,1962000,31057000,1113000,34132000,1962000,31352000,1128000,34442000,16704674484913076321
4,0068.txt,352,full,1,64,36,2021000,31989000,1087000,35097000,2053000,32341000,1098000,35492000,16704674484913076321
4,0068.txt,352,compact,2,64,36,1882000,32026000,1073000,34981000,1882000,32499000,1087000,35468000,16704674484913076321
4,0069.txt,128,original,2,64,55,249000,8836000,534000,9619000,250000,9190000,547000,9987000,10272637644074201381
4,0069.txt,128,full,0,64,55,254000,8631000,519000,9404000,255000,8726000,572000,9553000,10272637644074201381
4,0069.txt,128,compact,1,64,55,250000,8300000,371000,8921000,250000,8329000,391000,8970000,10272637644074201381
4,0070.txt,320,original,1,64,43,1222000,46337000,1507000,49066000,1222000,46652000,1524000,49398000,6636878282639228694
4,0070.txt,320,full,2,64,43,1268000,49829000,1597000,52694000,1271000,51059000,1692000,54022000,6636878282639228694
4,0070.txt,320,compact,0,64,43,1292000,47532000,1428000,50252000,1293000,47916000,1437000,50646000,6636878282639228694
4,0071.txt,288,original,0,64,34,1364000,31748000,1093000,34205000,1422000,32387000,1125000,34934000,5480489002906609640
4,0071.txt,288,full,1,64,34,1237000,31798000,1068000,34103000,1237000,32101000,1080000,34418000,5480489002906609640
4,0071.txt,288,compact,2,64,34,1245000,31370000,966000,33581000,1246000,31703000,976000,33925000,5480489002906609640
4,0072.txt,192,original,2,64,53,139000,7345000,392000,7876000,140000,7369000,400000,7909000,3456405102086958663
4,0072.txt,192,full,0,64,53,143000,7746000,403000,8292000,142000,7796000,415000,8353000,3456405102086958663
4,0072.txt,192,compact,1,64,53,140000,7566000,317000,8023000,141000,7581000,334000,8056000,3456405102086958663
4,0073.txt,160,original,1,64,45,769000,14631000,711000,16111000,770000,14649000,729000,16148000,7837691528528546932
4,0073.txt,160,full,2,64,45,763000,16022000,741000,17526000,763000,16243000,753000,17759000,7837691528528546932
4,0073.txt,160,compact,0,64,45,787000,15222000,561000,16570000,787000,15250000,565000,16602000,7837691528528546932
4,0074.txt,128,original,0,64,40,219000,4915000,268000,5402000,221000,4936000,274000,5431000,11002935191480867671
4,0074.txt,128,full,1,64,40,213000,5352000,274000,5839000,214000,5382000,289000,5885000,11002935191480867671
4,0074.txt,128,compact,2,64,40,211000,5081000,220000,5512000,213000,5104000,252000,5569000,11002935191480867671
4,0075.txt,288,original,2,64,30,1018000,33160000,1108000,35286000,1018000,35468000,1161000,37647000,2583345268107875064
4,0075.txt,288,full,0,64,30,1032000,29087000,896000,31015000,1033000,29134000,902000,31069000,2583345268107875064
4,0075.txt,288,compact,1,64,30,1014000,28690000,832000,30536000,1014000,28718000,832000,30564000,2583345268107875064
4,0076.txt,192,original,1,64,52,811000,23233000,1082000,25126000,813000,24847000,1181000,26841000,14019256839176950374
4,0076.txt,192,full,2,64,52,816000,23882000,1103000,25801000,838000,26134000,1159000,28131000,14019256839176950374
4,0076.txt,192,compact,0,64,52,908000,24969000,954000,26831000,909000,26088000,995000,27992000,14019256839176950374
4,0077.txt,128,original,0,64,55,207000,8756000,422000,9385000,209000,9769000,438000,10416000,17479160985738783937
4,0077.txt,128,full,1,64,55,181000,8588000,445000,9214000,182000,9720000,519000,10421000,17479160985738783937
4,0077.txt,128,compact,2,64,55,273000,8977000,328000,9578000,382000,14334000,368000,15084000,17479160985738783937
4,0078.txt,224,original,2,64,44,768000,18862000,1031000,20661000,771000,21942000,1176000,23889000,14185763832882636607
4,0078.txt,224,full,0,64,44,1128000,19913000,1147000,22188000,1735000,25667000,1375000,28777000,14185763832882636607
4,0078.txt,224,compact,1,64,44,808000,19812000,1025000,21645000,899000,24370000,1252000,26521000,14185763832882636607
4,0079.txt,160,original,1,64,48,102000,4398000,286000,4786000,103000,4527000,296000,4926000,18107065893375765734
4,0079.txt,160,full,2,64,48,92000,4945000,293000,5330000,93000,5470000,296000,5859000,18107065893375765734
4,0079.txt,160,compact,0,64,48,102000,4707000,238000,5047000,101000,4766000,252000,5119000,18107065893375765734
4,0080.txt,192,original,0,64,48,516000,15809000,641000,16966000,517000,16549000,657000,17723000,7914294815535909058
4,0080.txt,192,full,1,64,48,541000,16071000,682000,17294000,542000,16339000,708000,17589000,7914294815535909058
4,0080.txt,192,compact,2,64,48,572000,16309000,519000,17400000,596000,16673000,541000,17810000,7914294815535909058
4,0081.txt,256,original,2,64,48,1887000,46321000,1217000,49425000,1983000,46728000,1231000,49942000,12611955559657520540
4,0081.txt,256,full,0,64,48,1725000,48671000,1241000,51637000,1752000,49331000,1258000,52341000,12611955559657520540
4,0081.txt,256,compact,1,64,48,1679000,48598000,1090000,51367000,1679000,49305000,1103000,52087000,12611955559657520540
4,0082.txt,224,original,1,64,43,1098000,22308000,1109000,24515000,1098000,22390000,1135000,24623000,15976384220259857970
4,0082.txt,224,full,2,64,43,1109000,23476000,1131000,25716000,1108000,23635000,1139000,25882000,15976384220259857970
4,0082.txt,224,compact,0,64,43,1163000,22673000,941000,24777000,1166000,22747000,959000,24872000,15976384220259857970
4,0083.txt,160,original,0,64,45,436000,10700000,575000,11711000,437000,10873000,604000,11914000,2709579689513296368
4,0083.txt,160,full,1,64,45,423000,11287000,544000,12254000,423000,11437000,558000,12418000,2709579689513296368
4,0083.txt,160,compact,2,64,45,433000,11031000,415000,11879000,433000,11090000,433000,11956000,2709579689513296368
4,0084.txt,224,original,2,64,29,1185000,16898000,698000,18781000,1184000,17234000,717000,19135000,8219160516625378647
4,0084.txt,224,full,0,64,29,1203000,18192000,737000,20132000,1204000,18598000,803000,20605000,8219160516625378647
4,0084.txt,224,compact,1,64,29,1314000,17417000,559000,19290000,1347000,17743000,583000,19673000,8219160516625378647
4,0085.txt,256,original,1,64,52,394000,10012000,739000,11145000,394000,10136000,746000,11276000,9843680023606892368
4,0085.txt,256,full,2,64,52,428000,10756000,753000,11937000,429000,10905000,766000,12100000,9843680023606892368
4,0085.txt,256,compact,0,64,52,416000,10967000,667000,12050000,417000,11114000,674000,12205000,9843680023606892368
4,0086.txt,96,original,0,64,41,144000,4681000,320000,5145000,144000,4745000,328000,5217000,1746008403728494063
4,0086.txt,96,full,1,64,41,140000,4341000,302000,4783000,140000,4358000,311000,4809000,1746008403728494063
4,0086.txt,96,compact,2,64,41,129000,4437000,237000,4803000,129000,4477000,239000,4845000,1746008403728494063
4,0087.txt,224,original,2,64,56,280000,8260000,495000,9035000,281000,8365000,509000,9155000,6062298770127305429
4,0087.txt,224,full,0,64,56,254000,9155000,518000,9927000,254000,9400000,540000,10194000,6062298770127305429
4,0087.txt,224,compact,1,64,56,256000,8588000,424000,9268000,256000,8616000,436000,9308000,6062298770127305429
4,0088.txt,224,original,1,64,51,414000,10006000,603000,11023000,414000,10096000,628000,11138000,1932990849624522106
4,0088.txt,224,full,2,64,51,502000,10507000,586000,11595000,539000,10570000,597000,11706000,1932990849624522106
4,0088.txt,224,compact,0,64,51,401000,10272000,466000,11139000,400000,10515000,481000,11396000,1932990849624522106
4,0089.txt,320,original,0,64,37,1192000,45802000,1287000,48281000,1193000,62569000,1370000,65132000,6980722571508482437
4,0089.txt,320,full,1,64,37,1255000,42646000,1184000,45085000,1319000,44361000,1243000,46923000,6980722571508482437
4,0089.txt,320,compact,2,64,37,1391000,41750000,1043000,44184000,1444000,42824000,1083000,45351000,6980722571508482437
4,0090.txt,224,original,2,64,36,238000,9032000,520000,9790000,238000,9574000,531000,10343000,17418676575136399411
4,0090.txt,224,full,0,64,36,236000,8552000,496000,9284000,237000,8622000,514000,9373000,17418676575136399411
4,0090.txt,224,compact,1,64,36,239000,8993000,453000,9685000,239000,9226000,469000,9934000,17418676575136399411
4,0091.txt,128,original,1,64,49,242000,5541000,329000,6112000,242000,5565000,346000,6153000,6905654600788291276
4,0091.txt,128,full,2,64,49,252000,6172000,366000,6790000,252000,6235000,385000,6872000,6905654600788291276
4,0091.txt,128,compact,0,64,49,258000,5825000,247000,6330000,258000,5843000,253000,6354000,6905654600788291276
4,0092.txt,320,original,0,64,34,2365000,43256000,1733000,47354000,2366000,43614000,1742000,47722000,17892104883127441197
4,0092.txt,320,full,1,64,34,2265000,43417000,1659000,47341000,2264000,43877000,1666000,47807000,17892104883127441197
4,0092.txt,320,compact,2,64,34,2252000,45897000,1766000,49915000,2254000,47528000,1841000,51623000,17892104883127441197
4,0093.txt,128,original,2,63,60,116000,4998000,406000,5520000,117000,5004000,423000,5544000,9403735909905401337
4,0093.txt,128,full,0,63,60,121000,5586000,437000,6144000,123000,5623000,453000,6199000,9403735909905401337
4,0093.txt,128,compact,1,63,60,123000,5356000,324000,5803000,123000,5468000,340000,5931000,9403735909905401337
4,0094.txt,288,original,1,64,59,270000,8463000,545000,9278000,270000,8615000,565000,9450000,15807896437645640352
4,0094.txt,288,full,2,64,59,273000,8133000,518000,8924000,272000,8151000,536000,8959000,15807896437645640352
4,0094.txt,288,compact,0,64,59,265000,8508000,488000,9261000,267000,8578000,500000,9345000,15807896437645640352
4,0095.txt,192,original,0,64,40,849000,18935000,680000,20464000,849000,18961000,687000,20497000,14558885443859604524
4,0095.txt,192,full,1,64,40,874000,20198000,720000,21792000,875000,20264000,727000,21866000,14558885443859604524
4,0095.txt,192,compact,2,64,40,845000,20723000,580000,22148000,846000,21070000,591000,22507000,14558885443859604524
4,0096.txt,160,original,2,64,62,212000,6742000,389000,7343000,219000,6765000,397000,7381000,9102786252669791947
4,0096.txt,160,full,0,64,62,198000,7338000,428000,7964000,199000,7804000,449000,8452000,9102786252669791947
4,0096.txt,160,compact,1,64,62,208000,7447000,295000,7950000,209000,7733000,309000,8251000,9102786252669791947
4,0097.txt,288,original,1,64,36,1370000,42890000,1648000,45908000,1371000,42933000,1657000,45961000,2803104666536711401
4,0097.txt,288,full,2,64,36,1397000,44704000,1683000,47784000,1404000,45132000,1697000,48233000,2803104666536711401
4,0097.txt,288,compact,0,64,36,1342000,45397000,1593000,48332000,1343000,45665000,1613000,48621000,2803104666536711401
4,0098.txt,160,original,0,64,55,287000,7931000,629000,8847000,288000,7978000,639000,8905000,9847453008769540877
4,0098.txt,160,full,1,64,55,281000,7693000,598000,8572000,282000,7710000,610000,8602000,9847453008769540877
4,0098.txt,160,compact,2,64,55,272000,7700000,480000,8452000,272000,7728000,491000,8491000,9847453008769540877
4,0099.txt,256,original,2,64,38,517000,12561000,514000,13592000,516000,12601000,519000,13636000,446694983656461108
4,0099.txt,256,full,0,64,38,503000,13256000,522000,14281000,503000,13278000,527000,14308000,446694983656461108
4,0099.txt,256,compact,1,64,38,488000,13011000,440000,13939000,488000,13020000,448000,13956000,446694983656461108
5,0000.txt,128,original,1,37,37,69000,1131000,127000,1327000,68000,1135000,134000,1337000,816204004610948454
5,0000.txt,128,full,2,37,37,68000,1168000,136000,1372000,68000,1172000,142000,1382000,816204004610948454
5,0000.txt,128,compact,0,37,37,78000,1433000,113000,1624000,79000,1533000,119000,1731000,816204004610948454
5,0001.txt,160,original,0,64,47,163000,6119000,376000,6658000,164000,6134000,388000,6686000,9659342416910865731
5,0001.txt,160,full,1,64,47,159000,6816000,416000,7391000,159000,6849000,450000,7458000,9659342416910865731
5,0001.txt,160,compact,2,64,47,165000,6327000,294000,6786000,167000,6348000,307000,6822000,9659342416910865731
5,0002.txt,160,original,2,64,62,232000,7911000,505000,8648000,232000,7927000,518000,8677000,13336614233393630273
5,0002.txt,160,full,0,64,62,227000,8194000,518000,8939000,228000,8221000,531000,8980000,13336614233393630273
5,0002.txt,160,compact,1,64,62,223000,8116000,385000,8724000,224000,8144000,412000,8780000,13336614233393630273
5,0003.txt,288,original,1,64,37,200000,8444000,381000,9025000,201000,8477000,390000,9068000,9846154642387442228
5,0003.txt,288,full,2,64,37,198000,8854000,392000,9444000,198000,8884000,403000,9485000,9846154642387442228
5,0003.txt,288,compact,0,64,37,201000,8836000,353000,9390000,201000,8853000,358000,9412000,9846154642387442228
5,0004.txt,224,original,0,64,39,764000,24543000,724000,26031000,764000,24566000,732000,26062000,5868743466089011035
5,0004.txt,224,full,1,64,39,757000,25051000,718000,26526000,758000,25089000,723000,26570000,5868743466089011035
5,0004.txt,224,compact,2,64,39,749000,24982000,607000,26338000,751000,25002000,612000,26365000,5868743466089011035
5,0005.txt,224,original,2,64,26,1446000,35950000,1442000,38838000,1446000,35981000,1450000,38877000,10086671006629847274
5,0005.txt,224,full,0,64,26,1498000,36779000,1453000,39730000,1499000,36811000,1456000,39766000,10086671006629847274
5,0005.txt,224,compact,1,64,26,1442000,36569000,1279000,39290000,1441000,36593000,1281000,39315000,10086671006629847274
5,0006.txt,128,original,1,64,46,263000,5358000,343000,5964000,263000,5373000,357000,5993000,507186591489129217
5,0006.txt,128,full,2,64,46,260000,5880000,358000,6498000,260000,5905000,360000,6525000,507186591489129217
5,0006.txt,128,compact,0,64,46,273000,5515000,244000,6032000,273000,5539000,253000,6065000,507186591489129217
5,0007.txt,128,original,0,64,52,261000,7468000,426000,8155000,261000,7487000,434000,8182000,2674825041975378044
5,0007.txt,128,full,1,64,52,254000,7772000,443000,8469000,255000,7796000,456000,8507000,2674825041975378044
5,0007.txt,128,compact,2,64,52,251000,7710000,302000,8263000,251000,7725000,309000,8285000,2674825041975378044
5,0008.txt,128,original,2,64,40,263000,8304000,376000,8943000,263000,8324000,381000,8968000,17920141965280989340
5,0008.txt,128,full,0,64,40,255000,8575000,364000,9194000,256000,8588000,382000,9226000,17920141965280989340
5,0008.txt,128,compact,1,64,40,254000,8495000,271000,9020000,255000,8523000,283000,9061000,17920141965280989340
5,0009.txt,192,original,1,64,58,120000,6803000,374000,7297000,121000,6827000,382000,7330000,14208774129454741819
5,0009.txt,192,full,2,64,58,118000,7015000,377000,7510000,119000,7034000,387000,7540000,14208774129454741819
5,0009.txt,192,compact,0,64,58,120000,7054000,310000,7484000,120000,7081000,325000,7526000,14208774129454741819
5,0010.txt,128,original,0,64,52,119000,3224000,262000,3605000,120000,3250000,273000,3643000,14723523622886612699
5,0010.txt,128,full,1,64,52,115000,3326000,258000,3699000,115000,3356000,273000,3744000,14723523622886612699
5,0010.txt,128,compact,2,64,52,108000,3296000,189000,3593000,109000,3306000,203000,3618000,14723523622886612699
5,0011.txt,192,original,2,64,46,419000,11080000,460000,11959000,420000,11161000,469000,12050000,10525654128450725294
5,0011.txt,192,full,0,64,46,424000,11740000,486000,12650000,424000,11772000,492000,12688000,10525654128450725294
5,0011.txt,192,compact,1,64,46,415000,12088000,381000,12884000,415000,12722000,397000,13534000,10525654128450725294
5,0012.txt,160,original,1,64,42,252000,9266000,360000,9878000,253000,9275000,369000,9897000,18228620964614505709
5,0012.txt,160,full,2,64,42,249000,9722000,361000,10332000,250000,9779000,369000,10398000,18228620964614505709
5,0012.txt,160,compact,0,64,42,267000,9806000,276000,10349000,267000,9913000,286000,10466000,18228620964614505709
5,0013.txt,224,original,0,64,51,333000,10471000,691000,11495000,333000,10485000,698000,11516000,11658144250769295395
5,0013.txt,224,full,1,64,51,332000,10747000,675000,11754000,332000,10772000,686000,11790000,11658144250769295395
5,0013.txt,224,compact,2,64,51,319000,10796000,573000,11688000,319000,10814000,597000,11730000,11658144250769295395
5,0014.txt,288,original,2,64,52,1593000,52444000,1431000,55468000,1593000,52474000,1442000,55509000,3633606904291868902
5,0014.txt,288,full,0,64,52,1609000,55184000,1442000,58235000,1610000,55239000,1462000,58311000,3633606904291868902
5,0014.txt,288,compact,1,64,52,1614000,53887000,1287000,56788000,1614000,53905000,1307000,56826000,3633606904291868902
5,0015.txt,288,original,1,64,42,2042000,49405000,1819000,53266000,2044000,49427000,1823000,53294000,12057676038240002655
5,0015.txt,288,full,2,64,42,2123000,50293000,1823000,54239000,2124000,50314000,1837000,54275000,12057676038240002655
5,0015.txt,288,compact,0,64,42,2040000,51214000,1710000,54964000,2041000,51255000,1720000,55016000,12057676038240002655
5,0016.txt,192,original,0,64,41,296000,9747000,372000,10415000,296000,9765000,374000,10435000,16263700429714567991
5,0016.txt,192,full,1,64,41,288000,9986000,377000,10651000,289000,9997000,386000,10672000,16263700429714567991
5,0016.txt,192,compact,2,64,41,282000,10387000,307000,10976000,281000,10405000,315000,11001000,16263700429714567991
5,0017.txt,192,original,2,64,53,858000,14181000,684000,15723000,859000,14205000,698000,15762000,4847870249899229512
5,0017.txt,192,full,0,64,53,875000,14489000,695000,16059000,876000,14512000,703000,16091000,4847870249899229512
5,0017.txt,192,compact,1,64,53,859000,15068000,541000,16468000,859000,15143000,551000,16553000,4847870249899229512
5,0018.txt,128,original,1,64,34,96000,4066000,174000,4336000,95000,4087000,180000,4362000,2591044257394328704
5,0018.txt,128,full,2,64,34,95000,4248000,182000,4525000,95000,4267000,189000,4551000,2591044257394328704
5,0018.txt,128,compact,0,64,34,101000,4128000,133000,4362000,101000,4148000,145000,4394000,2591044257394328704
5,0019.txt,384,original,0,64,38,3693000,70505000,1837000,76035000,3693000,70540000,1844000,76077000,18413403235399141350
5,0019.txt,384,full,1,64,38,3699000,73687000,1826000,79212000,3703000,74503000,1837000,80043000,18413403235399141350
5,0019.txt,384,compact,2,64,38,3668000,72371000,1777000,77816000,3669000,72408000,1782000,77859000,18413403235399141350
5,0020.txt,160,original,2,64,54,490000,12506000,526000,13522000,491000,12610000,533000,13634000,6655744353329306587
5,0020.txt,160,full,0,64,54,484000,13009000,532000,14025000,485000,13068000,573000,14126000,6655744353329306587
5,0020.txt,160,compact,1,64,54,478000,12789000,403000,13670000,479000,12851000,408000,13738000,6655744353329306587
5,0021.txt,160,original,1,64,54,108000,4725000,324000,5157000,109000,4746000,338000,5193000,10139017720273762941
5,0021.txt,160,full,2,64,54,101000,4865000,317000,5283000,102000,4880000,330000,5312000,10139017720273762941
5,0021.txt,160,compact,0,64,54,110000,4955000,275000,5340000,112000,4988000,277000,5377000,10139017720273762941
5,0022.txt,160,original,0,64,54,85000,5102000,312000,5499000,87000,5124000,326000,5537000,12367056253196356386
5,0022.txt,160,full,1,64,54,87000,5280000,321000,5688000,87000,5296000,336000,5719000,12367056253196356386
5,0022.txt,160,compact,2,64,54,83000,5293000,263000,5639000,83000,5327000,274000,5684000,12367056253196356386
5,0023.txt,160,original,2,64,32,132000,4170000,192000,4494000,131000,4184000,201000,4516000,13661901359584633416
5,0023.txt,160,full,0,64,32,136000,4323000,197000,4656000,137000,4347000,207000,4691000,13661901359584633416
5,0023.txt,160,compact,1,64,32,129000,4251000,151000,4531000,130000,4271000,154000,4555000,13661901359584633416
5,0024.txt,192,original,1,64,37,182000,6200000,390000,6772000,184000,6222000,400000,6806000,14100779623175012850
5,0024.txt,192,full,2,64,37,169000,6304000,387000,6860000,169000,6326000,396000,6891000,14100779623175012850
5,0024.txt,192,compact,0,64,37,165000,6479000,336000,6980000,166000,6501000,349000,7016000,14100779623175012850
5,0025.txt,192,original,0,64,57,98000,3150000,244000,3492000,98000,3162000,263000,3523000,16693701477626876418
5,0025.txt,192,full,1,64,57,97000,3335000,246000,3678000,96000,3354000,259000,3709000,16693701477626876418
5,0025.txt,192,compact,2,64,57,90000,3374000,203000,3667000,91000,3390000,215000,3696000,16693701477626876418
5,0026.txt,256,original,2,64,43,205000,7039000,423000,7667000,206000,7058000,430000,7694000,12399338981540513818
5,0026.txt,256,full,0,64,43,207000,7372000,433000,8012000,207000,7387000,436000,8030000,12399338981540513818
5,0026.txt,256,compact,1,64,43,205000,7461000,386000,8052000,206000,7479000,394000,8079000,12399338981540513818
5,0027.txt,128,original,1,64,31,288000,5978000,318000,6584000,288000,5998000,317000,6603000,7331911850896128959
5,0027.txt,128,full,2,64,31,293000,6066000,313000,6672000,294000,6091000,320000,6705000,7331911850896128959
5,0027.txt,128,compact,0,64,31,292000,6052000,231000,6575000,292000,6074000,242000,6608000,7331911850896128959
5,0028.txt,256,original,0,64,47,622000,18208000,997000,19827000,623000,18225000,1010000,19858000,16501633472421096672
5,0028.txt,256,full,1,64,47,622000,18721000,998000,20341000,621000,18744000,1012000,20377000,16501633472421096672
5,0028.txt,256,compact,2,64,47,617000,18671000,887000,20175000,618000,18695000,897000,20210000,16501633472421096672
5,0029.txt,288,original,2,64,41,860000,23776000,733000,25369000,861000,23797000,752000,25410000,3006019691893062148
5,0029.txt,288,full,0,64,41,867000,24680000,748000,26295000,868000,24705000,759000,26332000,3006019691893062148
5,0029.txt,288,compact,1,64,41,855000,24538000,656000,26049000,855000,24566000,669000,26090000,3006019691893062148
5,0030.txt,256,original,1,64,44,1153000,19742000,1497000,22392000,1153000,19771000,1501000,22425000,3998580007914902329
5,0030.txt,256,full,2,64,44,1150000,20350000,1472000,22972000,1152000,20361000,1487000,23000000,3998580007914902329
5,0030.txt,256,compact,0,64,44,1168000,20411000,1380000,22959000,1169000,20441000,1385000,22995000,3998580007914902329
5,0031.txt,160,original,0,64,49,226000,10959000,438000,11623000,226000,10985000,455000,11666000,1277513514513811977
5,0031.txt,160,full,1,64,49,225000,11188000,442000,11855000,226000,11214000,459000,11899000,1277513514513811977
5,0031.txt,160,compact,2,64,49,218000,11294000,356000,11868000,218000,11318000,369000,11905000,1277513514513811977
5,0032.txt,224,original,2,64,48,310000,12639000,498000,13447000,311000,12669000,515000,13495000,12827533860645535518
5,0032.txt,224,full,0,64,48,306000,13186000,502000,13994000,305000,13214000,517000,14036000,12827533860645535518
5,0032.txt,224,compact,1,64,48,307000,14569000,488000,15364000,307000,14962000,522000,15791000,12827533860645535518
5,0033.txt,160,original,1,64,43,410000,10637000,441000,11488000,409000,10670000,446000,11525000,13693103595731326709
5,0033.txt,160,full,2,64,43,396000,10943000,438000,11777000,397000,10964000,451000,11812000,13693103595731326709
5,0033.txt,160,compact,0,64,43,404000,10764000,324000,11492000,405000,10784000,328000,11517000,13693103595731326709
5,0034.txt,288,original,0,64,41,1168000,27089000,1349000,29606000,1167000,27385000,1364000,29916000,11851417704820801821
5,0034.txt,288,full,1,64,41,1195000,28739000,1490000,31424000,1195000,29936000,1555000,32686000,11851417704820801821
5,0034.txt,288,compact,2,64,41,1202000,27426000,1258000,29886000,1203000,27570000,1286000,30059000,11851417704820801821
5,0035.txt,128,original,2,49,37,76000,2834000,234000,3144000,76000,3047000,253000,3376000,1966248127026479111
5,0035.txt,128,full,0,49,37,79000,2587000,206000,2872000,79000,2617000,213000,2909000,1966248127026479111
5,0035.txt,128,compact,1,49,37,68000,2783000,179000,3030000,67000,2802000,191000,3060000,1966248127026479111
5,0036.txt,192,original,1,64,50,725000,17430000,668000,18823000,725000,17446000,681000,18852000,3582229042672705885
5,0036.txt,192,full,2,64,50,755000,18012000,666000,19433000,766000,18042000,680000,19488000,3582229042672705885
5,0036.txt,192,compact,0,64,50,730000,18546000,521000,19797000,730000,18634000,540000,19904000,3582229042672705885
5,0037.txt,288,original,0,64,45,579000,17194000,850000,18623000,579000,19275000,873000,20727000,11367272562188583031
5,0037.txt,288,full,1,64,45,856000,16843000,854000,18553000,899000,17017000,864000,18780000,11367272562188583031
5,0037.txt,288,compact,2,64,45,594000,16091000,735000,17420000,595000,16113000,743000,17451000,11367272562188583031
5,0038.txt,192,original,2,64,55,251000,8217000,552000,9020000,252000,8278000,573000,9103000,5000358612861532629
5,0038.txt,192,full,0,64,55,249000,8344000,552000,9145000,249000,8372000,567000,9188000,5000358612861532629
5,0038.txt,192,compact,1,64,55,253000,8126000,422000,8801000,253000,8149000,435000,8837000,5000358612861532629
5,0039.txt,256,original,1,64,43,189000,7479000,363000,8031000,190000,7514000,375000,8079000,1713245602201241720
5,0039.txt,256,full,2,64,43,190000,8384000,378000,8952000,191000,8428000,394000,9013000,1713245602201241720
5,0039.txt,256,compact,0,64,43,233000,8569000,325000,9127000,289000,8685000,342000,9316000,1713245602201241720
5,0040.txt,224,original,0,64,43,164000,8568000,559000,9291000,163000,8593000,575000,9331000,872385857505348709
5,0040.txt,224,full,1,64,43,153000,8915000,592000,9660000,153000,8940000,605000,9698000,872385857505348709
5,0040.txt,224,compact,2,64,43,155000,8686000,513000,9354000,155000,8707000,520000,9382000,872385857505348709
5,0041.txt,160,original,2,64,56,224000,7169000,364000,7757000,223000,7185000,378000,7786000,10397856525299628427
5,0041.txt,160,full,0,64,56,230000,7538000,369000,8137000,231000,7572000,383000,8186000,10397856525299628427
5,0041.txt,160,compact,1,64,56,227000,7351000,276000,7854000,227000,7381000,290000,7898000,10397856525299628427
5,0042.txt,352,original,1,64,36,1160000,31115000,919000,33194000,1161000,31145000,934000,33240000,12427270659438181611
5,0042.txt,352,full,2,64,36,1131000,31671000,912000,33714000,1132000,31711000,918000,33761000,12427270659438181611
5,0042.txt,352,compact,0,64,36,1206000,32587000,894000,34687000,1292000,32911000,910000,35113000,12427270659438181611
5,0043.txt,160,original,0,64,27,276000,7603000,371000,8250000,277000,7615000,375000,8267000,17317113132050913222
5,0043.txt,160,full,1,64,27,264000,7743000,371000,8378000,265000,7763000,383000,8411000,17317113132050913222
5,0043.txt,160,compact,2,64,27,254000,7790000,307000,8351000,254000,7811000,309000,8374000,17317113132050913222
5,0044.txt,192,original,2,64,35,453000,12694000,446000,13593000,454000,12719000,456000,13629000,14244673959848913933
5,0044.txt,192,full,0,64,35,445000,13092000,452000,13989000,444000,13107000,464000,14015000,14244673959848913933
5,0044.txt,192,compact,1,64,35,450000,13073000,359000,13882000,450000,13093000,372000,13915000,14244673959848913933
5,0045.txt,192,original,1,64,42,621000,9204000,541000,10366000,622000,9219000,557000,10398000,11015969575620966037
5,0045.txt,192,full,2,64,42,622000,9442000,534000,10598000,623000,9465000,543000,10631000,11015969575620966037
5,0045.txt,192,compact,0,64,42,636000,9484000,424000,10544000,636000,9504000,425000,10565000,11015969575620966037
5,0046.txt,128,original,0,64,43,390000,10382000,420000,11192000,390000,10412000,425000,11227000,2499980644579135674
5,0046.txt,128,full,1,64,43,387000,10640000,432000,11459000,386000,10656000,440000,11482000,2499980644579135674
5,0046.txt,128,compact,2,64,43,396000,10585000,293000,11274000,397000,10601000,308000,11306000,2499980644579135674
5,0047.txt,256,original,2,64,42,1124000,26235000,940000,28299000,1125000,26254000,955000,28334000,10022142641444623082
5,0047.txt,256,full,0,64,42,1100000,27133000,935000,29168000,1101000,27150000,955000,29206000,10022142641444623082
5,0047.txt,256,compact,1,64,42,1105000,27199000,844000,29148000,1106000,27222000,854000,29182000,10022142641444623082
5,0048.txt,192,original,1,64,47,913000,14692000,694000,16299000,915000,14707000,699000,16321000,3768764602654705949
5,0048.txt,192,full,2,64,47,909000,15168000,709000,16786000,910000,15191000,729000,16830000,3768764602654705949
5,0048.txt,192,compact,0,64,47,912000,15267000,543000,16722000,912000,15292000,556000,16760000,3768764602654705949
5,0049.txt,192,original,0,64,46,693000,13448000,572000,14713000,692000,13473000,581000,14746000,5345024174446336161
5,0049.txt,192,full,1,64,46,707000,13907000,587000,15201000,708000,13923000,601000,15232000,5345024174446336161
5,0049.txt,192,compact,2,64,46,695000,13885000,451000,15031000,696000,13901000,462000,15059000,5345024174446336161
5,0050.txt,128,original,2,64,37,239000,5987000,416000,6642000,239000,6001000,424000,6664000,12997574625261075627
5,0050.txt,128,full,0,64,37,248000,6091000,420000,6759000,248000,6112000,426000,6786000,12997574625261075627
5,0050.txt,128,compact,1,64,37,235000,6065000,326000,6626000,235000,6091000,331000,6657000,12997574625261075627
5,0051.txt,160,original,1,64,50,252000,7648000,438000,8338000,253000,7660000,455000,8368000,12279836665363317183
5,0051.txt,160,full,2,64,50,249000,7762000,443000,8454000,248000,7785000,448000,8481000,12279836665363317183
5,0051.txt,160,compact,0,64,50,248000,7748000,321000,8317000,248000,7771000,340000,8359000,12279836665363317183
5,0052.txt,224,original,0,64,49,455000,13473000,658000,14586000,456000,13490000,665000,14611000,9179596259479780699
5,0052.txt,224,full,1,64,49,454000,14482000,691000,15627000,455000,15374000,711000,16540000,9179596259479780699
5,0052.txt,224,compact,2,64,49,468000,14301000,565000,15334000,469000,14419000,564000,15452000,9179596259479780699
5,0053.txt,192,original,2,64,60,248000,7908000,541000,8697000,248000,7930000,559000,8737000,2465353185479614519
5,0053.txt,192,full,0,64,60,261000,8226000,568000,9055000,261000,8256000,579000,9096000,2465353185479614519
5,0053.txt,192,compact,1,64,60,240000,8563000,444000,9247000,239000,8682000,462000,9383000,2465353185479614519
5,0054.txt,256,original,1,64,50,725000,21672000,1078000,23475000,726000,21693000,1095000,23514000,1977551075025097523
5,0054.txt,256,full,2,64,50,727000,22105000,1071000,23903000,728000,22131000,1082000,23941000,1977551075025097523
5,0054.txt,256,compact,0,64,50,729000,22121000,937000,23787000,730000,22153000,947000,23830000,1977551075025097523
5,0055.txt,288,original,0,64,39,1230000,25214000,718000,27162000,1231000,25230000,732000,27193000,1917009490484356854
5,0055.txt,288,full,1,64,39,1221000,25938000,733000,27892000,1221000,25961000,741000,27923000,1917009490484356854
5,0055.txt,288,compact,2,64,39,1223000,25809000,646000,27678000,1222000,25831000,660000,27713000,1917009490484356854
5,0056.txt,224,original,2,64,39,470000,11484000,528000,12482000,471000,11499000,540000,12510000,6905413677133017825
5,0056.txt,224,full,0,64,39,468000,11818000,534000,12820000,469000,11835000,543000,12847000,6905413677133017825
5,0056.txt,224,compact,1,64,39,458000,11836000,449000,12743000,459000,11860000,457000,12776000,6905413677133017825
5,0057.txt,256,original,1,64,54,798000,18834000,952000,20584000,799000,18868000,964000,20631000,10523818247767909617
5,0057.txt,256,full,2,64,54,809000,19561000,950000,21320000,809000,19592000,973000,21374000,10523818247767909617
5,0057.txt,256,compact,0,64,54,808000,19316000,839000,20963000,809000,19334000,856000,20999000,10523818247767909617
5,0058.txt,256,original,0,64,47,635000,20569000,985000,22189000,635000,20587000,996000,22218000,8747116303198179067
5,0058.txt,256,full,1,64,47,611000,21386000,1010000,23007000,612000,21475000,1022000,23109000,8747116303198179067
5,0058.txt,256,compact,2,64,47,623000,21510000,873000,23006000,624000,21548000,881000,23053000,8747116303198179067
5,0059.txt,192,original,2,64,47,105000,4938000,239000,5282000,105000,4960000,253000,5318000,8776027305845615921
5,0059.txt,192,full,0,64,47,109000,5118000,243000,5470000,110000,5135000,252000,5497000,8776027305845615921
5,0059.txt,192,compact,1,64,47,98000,5164000,198000,5460000,98000,5192000,207000,5497000,8776027305845615921
5,0060.txt,224,original,1,64,40,249000,11161000,506000,11916000,249000,11181000,517000,11947000,9265774647566182347
5,0060.txt,224,full,2,64,40,229000,11431000,508000,12168000,230000,11455000,521000,12206000,9265774647566182347
5,0060.txt,224,compact,0,64,40,234000,11724000,453000,12411000,235000,11736000,457000,12428000,9265774647566182347
5,0061.txt,192,original,0,64,47,715000,18281000,979000,19975000,714000,18312000,982000,20008000,9109783169076520820
5,0061.txt,192,full,1,64,47,693000,18329000,954000,19976000,695000,18357000,970000,20022000,9109783169076520820
5,0061.txt,192,compact,2,64,47,714000,18137000,741000,19592000,714000,18161000,759000,19634000,9109783169076520820
5,0062.txt,224,original,2,64,51,491000,16275000,659000,17425000,491000,16294000,666000,17451000,6235176586112113050
5,0062.txt,224,full,0,64,51,492000,16700000,646000,17838000,491000,16729000,659000,17879000,6235176586112113050
5,0062.txt,224,compact,1,64,51,480000,16850000,541000,17871000,480000,16874000,547000,17901000,6235176586112113050
5,0063.txt,256,original,1,64,43,531000,16461000,850000,17842000,531000,16486000,861000,17878000,2811221567898568818
5,0063.txt,256,full,2,64,43,534000,16864000,856000,18254000,533000,16885000,859000,18277000,2811221567898568818
5,0063.txt,256,compact,0,64,43,551000,16847000,739000,18137000,552000,16872000,749000,18173000,2811221567898568818
5,0064.txt,224,original,0,64,44,411000,6705000,603000,7719000,411000,6723000,608000,7742000,6923825489153610959
5,0064.txt,224,full,1,64,44,409000,6946000,605000,7960000,409000,6965000,619000,7993000,6923825489153610959
5,0064.txt,224,compact,2,64,44,401000,7046000,515000,7962000,401000,7067000,525000,7993000,6923825489153610959
5,0065.txt,192,original,2,64,43,184000,8081000,503000,8768000,184000,8098000,507000,8789000,17408032648247834609
5,0065.txt,192,full,0,64,43,184000,8334000,498000,9016000,185000,8358000,509000,9052000,17408032648247834609
5,0065.txt,192,compact,1,64,43,179000,8341000,427000,8947000,180000,8368000,432000,8980000,17408032648247834609
5,0066.txt,224,original,1,64,29,921000,22379000,946000,24246000,922000,22388000,959000,24269000,8875708553305440087
5,0066.txt,224,full,2,64,29,935000,24082000,973000,25990000,936000,24497000,980000,26413000,8875708553305440087
5,0066.txt,224,compact,0,64,29,924000,22888000,832000,24644000,925000,22915000,841000,24681000,8875708553305440087
5,0067.txt,192,original,0,64,37,338000,10854000,568000,11760000,339000,10879000,572000,11790000,1054547824349595996
5,0067.txt,192,full,1,64,37,329000,11501000,557000,12387000,331000,11568000,569000,12468000,1054547824349595996
5,0067.txt,192,compact,2,64,37,345000,11101000,470000,11916000,345000,11129000,475000,11949000,1054547824349595996
5,0068.txt,352,original,2,64,36,1874000,28674000,1031000,31579000,1874000,28698000,1036000,31608000,16704674484913076321
5,0068.txt,352,full,0,64,36,1885000,29627000,1034000,32546000,1885000,29647000,1047000,32579000,16704674484913076321
5,0068.txt,352,compact,1,64,36,1860000,29631000,996000,32487000,1861000,29650000,1005000,32516000,16704674484913076321
5,0069.txt,128,original,1,64,55,245000,8659000,542000,9446000,246000,8700000,558000,9504000,10272637644074201381
5,0069.txt,128,full,2,64,55,262000,8796000,526000,9584000,263000,8880000,547000,9690000,10272637644074201381
5,0069.txt,128,compact,0,64,55,245000,8156000,369000,8770000,246000,8184000,381000,8811000,10272637644074201381
5,0070.txt,320,original,0,64,43,1296000,44854000,1484000,47634000,1296000,44888000,1493000,47677000,6636878282639228694
5,0070.txt,320,full,1,64,43,1227000,45581000,1427000,48235000,1227000,45621000,1435000,48283000,6636878282639228694
5,0070.txt,320,compact,2,64,43,1218000,46366000,1437000,49021000,1218000,46388000,1452000,49058000,6636878282639228694
5,0071.txt,288,original,2,64,34,1242000,30704000,1074000,33020000,1243000,30943000,1113000,33299000,5480489002906609640
5,0071.txt,288,full,0,64,34,1273000,30525000,1047000,32845000,1273000,30550000,1054000,32877000,5480489002906609640
5,0071.txt,288,compact,1,64,34,1225000,31896000,993000,34114000,1226000,32155000,1002000,34383000,5480489002906609640
5,0072.txt,192,original,1,64,53,141000,8317000,462000,8920000,142000,8474000,491000,9107000,3456405102086958663
5,0072.txt,192,full,2,64,53,138000,8083000,415000,8636000,138000,8164000,425000,8727000,3456405102086958663
5,0072.txt,192,compact,0,64,53,145000,8002000,346000,8493000,145000,8037000,352000,8534000,3456405102086958663
5,0073.txt,160,original,0,64,45,772000,14934000,717000,16423000,773000,14962000,732000,16467000,7837691528528546932
5,0073.txt,160,full,1,64,45,771000,17320000,810000,18901000,772000,17994000,836000,19602000,7837691528528546932
5,0073.txt,160,compact,2,64,45,800000,15007000,551000,16358000,801000,15037000,561000,16399000,7837691528528546932
5,0074.txt,128,original,2,64,40,221000,4908000,266000,5395000,220000,4928000,278000,5426000,11002935191480867671
5,0074.txt,128,full,0,64,40,215000,5089000,272000,5576000,214000,5114000,275000,5603000,11002935191480867671
5,0074.txt,128,compact,1,64,40,205000,5194000,189000,5588000,204000,5223000,200000,5627000,11002935191480867671
5,0075.txt,288,original,1,64,30,1019000,30254000,1034000,32307000,1020000,31697000,1080000,33797000,2583345268107875064
5,0075.txt,288,full,2,64,30,1017000,29188000,910000,31115000,1018000,29563000,918000,31499000,2583345268107875064
5,0075.txt,288,compact,0,64,30,1030000,29801000,861000,31692000,1031000,30010000,865000,31906000,2583345268107875064
5,0076.txt,192,original,0,64,52,765000,19269000,952000,20986000,765000,19307000,965000,21037000,14019256839176950374
5,0076.txt,192,full,1,64,52,750000,20527000,989000,22266000,751000,20666000,1001000,22418000,14019256839176950374
5,0076.txt,192,compact,2,64,52,780000,20161000,785000,21726000,781000,20193000,797000,21771000,14019256839176950374
5,0077.txt,128,original,2,64,55,172000,6330000,329000,6831000,173000,6358000,339000,6870000,17479160985738783937
5,0077.txt,128,full,0,64,55,182000,6514000,334000,7030000,183000,6531000,350000,7064000,17479160985738783937
5,0077.txt,128,compact,1,64,55,175000,6736000,240000,7151000,174000,6769000,257000,7200000,17479160985738783937
5,0078.txt,224,original,1,64,44,727000,14740000,855000,16322000,728000,14768000,865000,16361000,14185763832882636607
5,0078.txt,224,full,2,64,44,742000,15194000,852000,16788000,743000,15226000,856000,16825000,14185763832882636607
5,0078.txt,224,compact,0,64,44,695000,15981000,758000,17434000,694000,16026000,785000,17505000,14185763832882636607
5,0079.txt,160,original,0,64,48,94000,4309000,278000,4681000,95000,4338000,287000,4720000,18107065893375765734
5,0079.txt,160,full,1,64,48,87000,4253000,270000,4610000,87000,4269000,286000,4642000,18107065893375765734
5,0079.txt,160,compact,2,64,48,77000,4290000,223000,4590000,78000,4310000,235000,4623000,18107065893375765734
5,0080.txt,192,original,2,64,48,517000,14257000,611000,15385000,517000,14275000,629000,15421000,7914294815535909058
5,0080.txt,192,full,0,64,48,508000,14724000,619000,15851000,509000,14758000,632000,15899000,7914294815535909058
5,0080.txt,192,compact,1,64,48,508000,14854000,479000,15841000,510000,14890000,495000,15895000,7914294815535909058
5,0081.txt,256,original,1,64,48,1718000,44765000,1187000,47670000,1737000,44805000,1198000,47740000,12611955559657520540
5,0081.txt,256,full,2,64,48,1645000,45850000,1181000,48676000,1646000,45873000,1194000,48713000,12611955559657520540
5,0081.txt,256,compact,0,64,48,1631000,45787000,1031000,48449000,1631000,45836000,1040000,48507000,12611955559657520540
5,0082.txt,224,original,0,64,43,1110000,21948000,1070000,24128000,1110000,21963000,1077000,24150000,15976384220259857970
5,0082.txt,224,full,1,64,43,1092000,22287000,1069000,24448000,1093000,22308000,1086000,24487000,15976384220259857970
5,0082.txt,224,compact,2,64,43,1080000,23979000,997000,26056000,1081000,24689000,1035000,26805000,15976384220259857970
5,0083.txt,160,original,2,64,45,431000,10173000,516000,11120000,432000,10186000,529000,11147000,2709579689513296368
5,0083.txt,160,full,0,64,45,425000,11344000,545000,12314000,425000,11502000,567000,12494000,2709579689513296368
5,0083.txt,160,compact,1,64,45,422000,10619000,399000,11440000,423000,10661000,400000,11484000,2709579689513296368
5,0084.txt,224,original,1,64,29,1188000,15796000,631000,17615000,1187000,15811000,645000,17643000,8219160516625378647
5,0084.txt,224,full,2,64,29,1175000,16128000,630000,17933000,1176000,16146000,639000,17961000,8219160516625378647
5,0084.txt,224,compact,0,64,29,1180000,16148000,529000,17857000,1180000,16176000,533000,17889000,8219160516625378647
5,0085.txt,256,original,0,64,52,387000,9998000,761000,11146000,387000,10276000,786000,11449000,9843680023606892368
5,0085.txt,256,full,1,64,52,393000,10520000,768000,11681000,394000,10611000,807000,11812000,9843680023606892368
5,0085.txt,256,compact,2,64,52,397000,10369000,641000,11407000,396000,10464000,649000,11509000,9843680023606892368
5,0086.txt,96,original,2,64,41,134000,4528000,317000,4979000,135000,4628000,321000,5084000,1746008403728494063
5,0086.txt,96,full,0,64,41,139000,4402000,312000,4853000,138000,4425000,315000,4878000,1746008403728494063
5,0086.txt,96,compact,1,64,41,133000,4325000,219000,4677000,134000,4338000,237000,4709000,1746008403728494063
5,0087.txt,224,original,1,64,56,257000,8466000,489000,9212000,258000,8626000,508000,9392000,6062298770127305429
5,0087.txt,224,full,2,64,56,274000,9361000,511000,10146000,276000,9581000,532000,10389000,6062298770127305429
5,0087.txt,224,compact,0,64,56,257000,8527000,404000,9188000,257000,8555000,424000,9236000,6062298770127305429
5,0088.txt,224,original,0,64,51,383000,9901000,558000,10842000,383000,10008000,564000,10955000,1932990849624522106
5,0088.txt,224,full,1,64,51,387000,10398000,577000,11362000,388000,10702000,589000,11679000,1932990849624522106
5,0088.txt,224,compact,2,64,51,403000,10425000,477000,11305000,402000,10531000,488000,11421000,1932990849624522106
5,0089.txt,320,original,2,64,37,1223000,40379000,1160000,42762000,1223000,41088000,1225000,43536000,6980722571508482437
5,0089.txt,320,full,0,64,37,1199000,41447000,1097000,43743000,1199000,42118000,1103000,44420000,6980722571508482437
5,0089.txt,320,compact,1,64,37,1376000,39915000,1020000,42311000,1527000,40348000,1023000,42898000,6980722571508482437
5,0090.txt,224,original,1,64,36,239000,8764000,526000,9529000,241000,9099000,558000,9898000,17418676575136399411
5,0090.txt,224,full,2,64,36,232000,8669000,483000,9384000,233000,8769000,488000,9490000,17418676575136399411
5,0090.txt,224,compact,0,64,36,235000,8632000,444000,9311000,235000,8688000,452000,9375000,17418676575136399411
5,0091.txt,128,original,0,64,49,277000,5561000,337000,6175000,289000,5600000,357000,6246000,6905654600788291276
5,0091.txt,128,full,1,64,49,265000,6130000,356000,6751000,266000,6174000,366000,6806000,6905654600788291276
5,0091.txt,128,compact,2,64,49,276000,6549000,298000,7123000,276000,6720000,338000,7334000,6905654600788291276
5,0092.txt,320,original,2,64,34,2420000,43986000,1760000,48166000,2451000,44576000,1795000,48822000,17892104883127441197
5,0092.txt,320,full,0,64,34,2352000,45474000,1761000,49587000,2353000,46349000,1780000,50482000,17892104883127441197
5,0092.txt,320,compact,1,64,34,2382000,45626000,1728000,49736000,2401000,46686000,1769000,50856000,17892104883127441197
5,0093.txt,128,original,1,63,60,116000,5394000,433000,5943000,115000,5544000,442000,6101000,9403735909905401337
5,0093.txt,128,full,2,63,60,118000,5401000,433000,5952000,119000,5431000,443000,5993000,9403735909905401337
5,0093.txt,128,compact,0,63,60,127000,5438000,331000,5896000,129000,5473000,347000,5949000,9403735909905401337
5,0094.txt,288,original,0,64,59,252000,7817000,511000,8580000,252000,7887000,527000,8666000,15807896437645640352
5,0094.txt,288,full,1,64,59,255000,8484000,555000,9294000,255000,8545000,569000,9369000,15807896437645640352
5,0094.txt,288,compact,2,64,59,266000,8858000,479000,9603000,267000,8930000,501000,9698000,15807896437645640352
5,0095.txt,192,original,2,64,40,891000,20995000,756000,22642000,890000,21320000,776000,22986000,14558885443859604524
5,0095.txt,192,full,0,64,40,922000,20613000,724000,22259000,944000,20792000,727000,22463000,14558885443859604524
5,0095.txt,192,compact,1,64,40,901000,21770000,638000,23309000,901000,22480000,667000,24048000,14558885443859604524
5,0096.txt,160,original,1,64,62,213000,6649000,373000,7235000,215000,6711000,386000,7312000,9102786252669791947
5,0096.txt,160,full,2,64,62,208000,7039000,378000,7625000,208000,7167000,393000,7768000,9102786252669791947
5,0096.txt,160,compact,0,64,62,219000,7780000,299000,8298000,229000,8089000,327000,8645000,9102786252669791947
5,0097.txt,288,original,0,64,36,1357000,45963000,1726000,49046000,1357000,46649000,1741000,49747000,2803104666536711401
5,0097.txt,288,full,1,64,36,1388000,47541000,1823000,50752000,1389000,48704000,1944000,52037000,2803104666536711401
5,0097.txt,288,compact,2,64,36,1364000,45802000,1669000,48835000,1365000,46182000,1718000,49265000,2803104666536711401
5,0098.txt,160,original,2,64,55,291000,8040000,622000,8953000,292000,8206000,647000,9145000,9847453008769540877
5,0098.txt,160,full,0,64,55,275000,7834000,597000,8706000,276000,7884000,612000,8772000,9847453008769540877
5,0098.txt,160,compact,1,64,55,271000,8240000,491000,9002000,272000,8430000,508000,9210000,9847453008769540877
5,0099.txt,256,original,1,64,38,737000,13324000,532000,14593000,846000,13519000,541000,14906000,446694983656461108
5,0099.txt,256,full,2,64,38,508000,14036000,534000,15078000,507000,14212000,544000,15263000,446694983656461108
5,0099.txt,256,compact,0,64,38,521000,13786000,497000,14804000,522000,13941000,511000,14974000,446694983656461108
